#-----------------------------------------------------------
# Vivado v2025.2 (64-bit)
# SW Build 6299465 on Fri Nov 14 19:35:11 GMT 2025
# IP Build 6300035 on Fri Nov 14 10:48:45 MST 2025
# SharedData Build 6298862 on Thu Nov 13 04:50:51 MST 2025
# Start of session at: Thu Sep 17 02:41:01 2026
# Process ID         : 33736
# Current directory  : E:/competition/2_fpga/3_yolo_zynq/proj/ooc_gate
# Command line       : vivado.exe -mode batch -source ooc_v23.tcl -nojournal -log ooc_v23.log
# Log file           : E:/competition/2_fpga/3_yolo_zynq/proj/ooc_gate/ooc_v23.log
# Journal file       : 
# Running On         : HC-202510241838
# Platform           : Windows Server 2016 or Windows 10
# Operating System   : 26200
# Processor Detail   : AMD Ryzen 5 9600X 6-Core Processor             
# CPU Frequency      : 3893 MHz
# CPU Physical cores : 6
# CPU Logical cores  : 12
# Host memory        : 33410 MB
# Swap memory        : 21474 MB
# Total Virtual      : 54884 MB
# Available Virtual  : 28237 MB
#-----------------------------------------------------------
source ooc_v23.tcl
# set RTL E:/competition/2_fpga/3_yolo_zynq/rtl
# set IPD E:/competition/2_fpga/3_yolo_zynq/ip
# set OUT E:/competition/2_fpga/3_yolo_zynq/proj/ooc_gate
# set filelist [list \
#     $RTL/yolo_engine_top.v \
#     $RTL/yolo_gemm_array.v \
#     $RTL/yolo_csr.v \
#     $RTL/yolo_ctrl.v \
#     $RTL/yolo_dma.v \
#     $RTL/yolo_dma_wr.v \
#     $RTL/yolo_wbuf.v \
#     $RTL/yolo_xbuf.v \
#     $RTL/yolo_addrgen.v \
#     $RTL/yolo_pe_pack.v \
#     $RTL/yolo_acc.v \
#     $RTL/yolo_requant.v \
#     $RTL/yolo_silu_lut.v \
# ]
# create_project -in_memory -part xc7z020clg484-1
# read_verilog $filelist
# read_ip $IPD/yolo_xbuf_bmg/yolo_xbuf_bmg.xci
INFO: [IP_Flow 19-234] Refreshing IP repositories
INFO: [IP_Flow 19-1704] No user IP repositories specified
INFO: [IP_Flow 19-2313] Loaded Vivado IP repository 'F:/vivado2025/2025.2/Vivado/data/ip'.
WARNING: [Vivado 12-13650] The IP file 'E:/competition/2_fpga/3_yolo_zynq/ip/yolo_xbuf_bmg/yolo_xbuf_bmg.xci' has been moved from its original location, as a result the outputs for this IP will now be generated in 'e:/competition/2_fpga/3_yolo_zynq/ip/yolo_xbuf_bmg'. Alternatively a copy of the IP can be imported into the project using one of the 'import_ip' or 'import_files' commands.
# generate_target all [get_ips yolo_xbuf_bmg]
# synth_ip [get_ips yolo_xbuf_bmg] -force
INFO: [IP_Flow 19-1686] Generating 'Instantiation Template' target for IP 'yolo_xbuf_bmg'...
INFO: [IP_Flow 19-1686] Generating 'Synthesis' target for IP 'yolo_xbuf_bmg'...
INFO: [IP_Flow 19-1686] Generating 'Simulation' target for IP 'yolo_xbuf_bmg'...
INFO: [IP_Flow 19-1686] Generating 'Miscellaneous' target for IP 'yolo_xbuf_bmg'...
INFO: [IP_Flow 19-1686] Generating 'Change Log' target for IP 'yolo_xbuf_bmg'...
INFO: [IP_Flow 19-234] Refreshing IP repositories
INFO: [IP_Flow 19-1704] No user IP repositories specified
INFO: [IP_Flow 19-2313] Loaded Vivado IP repository 'F:/vivado2025/2025.2/Vivado/data/ip'.
WARNING: [Vivado 12-13650] The IP file 'E:/competition/2_fpga/3_yolo_zynq/ip/yolo_xbuf_bmg/yolo_xbuf_bmg.xci' has been moved from its original location, as a result the outputs for this IP will now be generated in 'e:/competition/2_fpga/3_yolo_zynq/ip/yolo_xbuf_bmg'. Alternatively a copy of the IP can be imported into the project using one of the 'import_ip' or 'import_files' commands.
Command: synth_design -top yolo_xbuf_bmg -part xc7z020clg484-1 -mode out_of_context
Starting synth_design
Attempting to get a license for feature 'Synthesis' and/or device 'xc7z020'
INFO: [Common 17-349] Got license for feature 'Synthesis' and/or device 'xc7z020'
INFO: [Device 21-403] Loading part xc7z020clg484-1
INFO: [Synth 8-7079] Multithreading enabled for synth_design using a maximum of 2 processes.
INFO: [Synth 8-7078] Launching helper process for spawning children vivado processes
INFO: [Synth 8-7075] Helper process launched with PID 1744
---------------------------------------------------------------------------------
Starting RTL Elaboration : Time (s): cpu = 00:00:04 ; elapsed = 00:00:05 . Memory (MB): peak = 1346.441 ; gain = 540.000
---------------------------------------------------------------------------------
INFO: [Synth 8-638] synthesizing module 'yolo_xbuf_bmg' [e:/competition/2_fpga/3_yolo_zynq/ip/yolo_xbuf_bmg/synth/yolo_xbuf_bmg.vhd:72]
	Parameter C_FAMILY bound to: zynq - type: string 
	Parameter C_XDEVICEFAMILY bound to: zynq - type: string 
	Parameter C_ELABORATION_DIR bound to: ./ - type: string 
	Parameter C_INTERFACE_TYPE bound to: 0 - type: integer 
	Parameter C_AXI_TYPE bound to: 1 - type: integer 
	Parameter C_AXI_SLAVE_TYPE bound to: 0 - type: integer 
	Parameter C_USE_BRAM_BLOCK bound to: 0 - type: integer 
	Parameter C_ENABLE_32BIT_ADDRESS bound to: 0 - type: integer 
	Parameter C_CTRL_ECC_ALGO bound to: NONE - type: string 
	Parameter C_HAS_AXI_ID bound to: 0 - type: integer 
	Parameter C_AXI_ID_WIDTH bound to: 4 - type: integer 
	Parameter C_MEM_TYPE bound to: 1 - type: integer 
	Parameter C_BYTE_SIZE bound to: 8 - type: integer 
	Parameter C_ALGORITHM bound to: 1 - type: integer 
	Parameter C_PRIM_TYPE bound to: 1 - type: integer 
	Parameter C_LOAD_INIT_FILE bound to: 0 - type: integer 
	Parameter C_INIT_FILE_NAME bound to: no_coe_file_loaded - type: string 
	Parameter C_INIT_FILE bound to: yolo_xbuf_bmg.mem - type: string 
	Parameter C_USE_DEFAULT_DATA bound to: 0 - type: integer 
	Parameter C_DEFAULT_DATA bound to: 0 - type: string 
	Parameter C_HAS_RSTA bound to: 0 - type: integer 
	Parameter C_RST_PRIORITY_A bound to: CE - type: string 
	Parameter C_RSTRAM_A bound to: 0 - type: integer 
	Parameter C_INITA_VAL bound to: 0 - type: string 
	Parameter C_HAS_ENA bound to: 0 - type: integer 
	Parameter C_HAS_REGCEA bound to: 0 - type: integer 
	Parameter C_USE_BYTE_WEA bound to: 1 - type: integer 
	Parameter C_WEA_WIDTH bound to: 16 - type: integer 
	Parameter C_WRITE_MODE_A bound to: READ_FIRST - type: string 
	Parameter C_WRITE_WIDTH_A bound to: 128 - type: integer 
	Parameter C_READ_WIDTH_A bound to: 128 - type: integer 
	Parameter C_WRITE_DEPTH_A bound to: 2304 - type: integer 
	Parameter C_READ_DEPTH_A bound to: 2304 - type: integer 
	Parameter C_ADDRA_WIDTH bound to: 12 - type: integer 
	Parameter C_HAS_RSTB bound to: 0 - type: integer 
	Parameter C_RST_PRIORITY_B bound to: CE - type: string 
	Parameter C_RSTRAM_B bound to: 0 - type: integer 
	Parameter C_INITB_VAL bound to: 0 - type: string 
	Parameter C_HAS_ENB bound to: 1 - type: integer 
	Parameter C_HAS_REGCEB bound to: 0 - type: integer 
	Parameter C_USE_BYTE_WEB bound to: 1 - type: integer 
	Parameter C_WEB_WIDTH bound to: 16 - type: integer 
	Parameter C_WRITE_MODE_B bound to: WRITE_FIRST - type: string 
	Parameter C_WRITE_WIDTH_B bound to: 128 - type: integer 
	Parameter C_READ_WIDTH_B bound to: 128 - type: integer 
	Parameter C_WRITE_DEPTH_B bound to: 2304 - type: integer 
	Parameter C_READ_DEPTH_B bound to: 2304 - type: integer 
	Parameter C_ADDRB_WIDTH bound to: 12 - type: integer 
	Parameter C_HAS_MEM_OUTPUT_REGS_A bound to: 0 - type: integer 
	Parameter C_HAS_MEM_OUTPUT_REGS_B bound to: 1 - type: integer 
	Parameter C_HAS_MUX_OUTPUT_REGS_A bound to: 0 - type: integer 
	Parameter C_HAS_MUX_OUTPUT_REGS_B bound to: 0 - type: integer 
	Parameter C_MUX_PIPELINE_STAGES bound to: 0 - type: integer 
	Parameter C_HAS_SOFTECC_INPUT_REGS_A bound to: 0 - type: integer 
	Parameter C_HAS_SOFTECC_OUTPUT_REGS_B bound to: 0 - type: integer 
	Parameter C_USE_SOFTECC bound to: 0 - type: integer 
	Parameter C_USE_ECC bound to: 0 - type: integer 
	Parameter C_EN_ECC_PIPE bound to: 0 - type: integer 
	Parameter C_READ_LATENCY_A bound to: 1 - type: integer 
	Parameter C_READ_LATENCY_B bound to: 1 - type: integer 
	Parameter C_HAS_INJECTERR bound to: 0 - type: integer 
	Parameter C_SIM_COLLISION_CHECK bound to: ALL - type: string 
	Parameter C_COMMON_CLK bound to: 0 - type: integer 
	Parameter C_DISABLE_WARN_BHV_COLL bound to: 0 - type: integer 
	Parameter C_EN_SLEEP_PIN bound to: 0 - type: integer 
	Parameter C_USE_URAM bound to: 0 - type: integer 
	Parameter C_EN_RDADDRA_CHG bound to: 0 - type: integer 
	Parameter C_EN_RDADDRB_CHG bound to: 0 - type: integer 
	Parameter C_EN_DEEPSLEEP_PIN bound to: 0 - type: integer 
	Parameter C_EN_SHUTDOWN_PIN bound to: 0 - type: integer 
	Parameter C_EN_SAFETY_CKT bound to: 0 - type: integer 
	Parameter C_DISABLE_WARN_BHV_RANGE bound to: 0 - type: integer 
	Parameter C_COUNT_36K_BRAM bound to: 10 - type: string 
	Parameter C_COUNT_18K_BRAM bound to: 0 - type: string 
	Parameter C_EST_POWER_SUMMARY bound to: Estimated Power for IP     :     39.34036 mW - type: string 
INFO: [Synth 8-3491] module 'blk_mem_gen_v8_4_12' declared at 'e:/competition/2_fpga/3_yolo_zynq/ip/yolo_xbuf_bmg/hdl/blk_mem_gen_v8_4_vhsyn_rfs.vhd:195209' bound to instance 'U0' of component 'blk_mem_gen_v8_4_12' [e:/competition/2_fpga/3_yolo_zynq/ip/yolo_xbuf_bmg/synth/yolo_xbuf_bmg.vhd:244]
INFO: [Synth 8-256] done synthesizing module 'yolo_xbuf_bmg' (0#1) [e:/competition/2_fpga/3_yolo_zynq/ip/yolo_xbuf_bmg/synth/yolo_xbuf_bmg.vhd:72]
INFO: [Synth 8-7129] Port CLKB in module blk_mem_output_block is either unconnected or has no load
INFO: [Synth 8-7129] Port DOUTA_I[127] in module blk_mem_output_block is either unconnected or has no load
INFO: [Synth 8-7129] Port DOUTA_I[126] in module blk_mem_output_block is either unconnected or has no load
INFO: [Synth 8-7129] Port DOUTA_I[125] in module blk_mem_output_block is either unconnected or has no load
INFO: [Synth 8-7129] Port DOUTA_I[124] in module blk_mem_output_block is either unconnected or has no load
INFO: [Synth 8-7129] Port DOUTA_I[123] in module blk_mem_output_block is either unconnected or has no load
INFO: [Synth 8-7129] Port DOUTA_I[122] in module blk_mem_output_block is either unconnected or has no load
INFO: [Synth 8-7129] Port DOUTA_I[121] in module blk_mem_output_block is either unconnected or has no load
INFO: [Synth 8-7129] Port DOUTA_I[120] in module blk_mem_output_block is either unconnected or has no load
INFO: [Synth 8-7129] Port DOUTA_I[119] in module blk_mem_output_block is either unconnected or has no load
INFO: [Synth 8-7129] Port DOUTA_I[118] in module blk_mem_output_block is either unconnected or has no load
INFO: [Synth 8-7129] Port DOUTA_I[117] in module blk_mem_output_block is either unconnected or has no load
INFO: [Synth 8-7129] Port DOUTA_I[116] in module blk_mem_output_block is either unconnected or has no load
INFO: [Synth 8-7129] Port DOUTA_I[115] in module blk_mem_output_block is either unconnected or has no load
INFO: [Synth 8-7129] Port DOUTA_I[114] in module blk_mem_output_block is either unconnected or has no load
INFO: [Synth 8-7129] Port DOUTA_I[113] in module blk_mem_output_block is either unconnected or has no load
INFO: [Synth 8-7129] Port DOUTA_I[112] in module blk_mem_output_block is either unconnected or has no load
INFO: [Synth 8-7129] Port DOUTA_I[111] in module blk_mem_output_block is either unconnected or has no load
INFO: [Synth 8-7129] Port DOUTA_I[110] in module blk_mem_output_block is either unconnected or has no load
INFO: [Synth 8-7129] Port DOUTA_I[109] in module blk_mem_output_block is either unconnected or has no load
INFO: [Synth 8-7129] Port DOUTA_I[108] in module blk_mem_output_block is either unconnected or has no load
INFO: [Synth 8-7129] Port DOUTA_I[107] in module blk_mem_output_block is either unconnected or has no load
INFO: [Synth 8-7129] Port DOUTA_I[106] in module blk_mem_output_block is either unconnected or has no load
INFO: [Synth 8-7129] Port DOUTA_I[105] in module blk_mem_output_block is either unconnected or has no load
INFO: [Synth 8-7129] Port DOUTA_I[104] in module blk_mem_output_block is either unconnected or has no load
INFO: [Synth 8-7129] Port DOUTA_I[103] in module blk_mem_output_block is either unconnected or has no load
INFO: [Synth 8-7129] Port DOUTA_I[102] in module blk_mem_output_block is either unconnected or has no load
INFO: [Synth 8-7129] Port DOUTA_I[101] in module blk_mem_output_block is either unconnected or has no load
INFO: [Synth 8-7129] Port DOUTA_I[100] in module blk_mem_output_block is either unconnected or has no load
INFO: [Synth 8-7129] Port DOUTA_I[99] in module blk_mem_output_block is either unconnected or has no load
INFO: [Synth 8-7129] Port DOUTA_I[98] in module blk_mem_output_block is either unconnected or has no load
INFO: [Synth 8-7129] Port DOUTA_I[97] in module blk_mem_output_block is either unconnected or has no load
INFO: [Synth 8-7129] Port DOUTA_I[96] in module blk_mem_output_block is either unconnected or has no load
INFO: [Synth 8-7129] Port DOUTA_I[95] in module blk_mem_output_block is either unconnected or has no load
INFO: [Synth 8-7129] Port DOUTA_I[94] in module blk_mem_output_block is either unconnected or has no load
INFO: [Synth 8-7129] Port DOUTA_I[93] in module blk_mem_output_block is either unconnected or has no load
INFO: [Synth 8-7129] Port DOUTA_I[92] in module blk_mem_output_block is either unconnected or has no load
INFO: [Synth 8-7129] Port DOUTA_I[91] in module blk_mem_output_block is either unconnected or has no load
INFO: [Synth 8-7129] Port DOUTA_I[90] in module blk_mem_output_block is either unconnected or has no load
INFO: [Synth 8-7129] Port DOUTA_I[89] in module blk_mem_output_block is either unconnected or has no load
INFO: [Synth 8-7129] Port DOUTA_I[88] in module blk_mem_output_block is either unconnected or has no load
INFO: [Synth 8-7129] Port DOUTA_I[87] in module blk_mem_output_block is either unconnected or has no load
INFO: [Synth 8-7129] Port DOUTA_I[86] in module blk_mem_output_block is either unconnected or has no load
INFO: [Synth 8-7129] Port DOUTA_I[85] in module blk_mem_output_block is either unconnected or has no load
INFO: [Synth 8-7129] Port DOUTA_I[84] in module blk_mem_output_block is either unconnected or has no load
INFO: [Synth 8-7129] Port DOUTA_I[83] in module blk_mem_output_block is either unconnected or has no load
INFO: [Synth 8-7129] Port DOUTA_I[82] in module blk_mem_output_block is either unconnected or has no load
INFO: [Synth 8-7129] Port DOUTA_I[81] in module blk_mem_output_block is either unconnected or has no load
INFO: [Synth 8-7129] Port DOUTA_I[80] in module blk_mem_output_block is either unconnected or has no load
INFO: [Synth 8-7129] Port DOUTA_I[79] in module blk_mem_output_block is either unconnected or has no load
INFO: [Synth 8-7129] Port DOUTA_I[78] in module blk_mem_output_block is either unconnected or has no load
INFO: [Synth 8-7129] Port DOUTA_I[77] in module blk_mem_output_block is either unconnected or has no load
INFO: [Synth 8-7129] Port DOUTA_I[76] in module blk_mem_output_block is either unconnected or has no load
INFO: [Synth 8-7129] Port DOUTA_I[75] in module blk_mem_output_block is either unconnected or has no load
INFO: [Synth 8-7129] Port DOUTA_I[74] in module blk_mem_output_block is either unconnected or has no load
INFO: [Synth 8-7129] Port DOUTA_I[73] in module blk_mem_output_block is either unconnected or has no load
INFO: [Synth 8-7129] Port DOUTA_I[72] in module blk_mem_output_block is either unconnected or has no load
INFO: [Synth 8-7129] Port DOUTA_I[71] in module blk_mem_output_block is either unconnected or has no load
INFO: [Synth 8-7129] Port DOUTA_I[70] in module blk_mem_output_block is either unconnected or has no load
INFO: [Synth 8-7129] Port DOUTA_I[69] in module blk_mem_output_block is either unconnected or has no load
INFO: [Synth 8-7129] Port DOUTA_I[68] in module blk_mem_output_block is either unconnected or has no load
INFO: [Synth 8-7129] Port DOUTA_I[67] in module blk_mem_output_block is either unconnected or has no load
INFO: [Synth 8-7129] Port DOUTA_I[66] in module blk_mem_output_block is either unconnected or has no load
INFO: [Synth 8-7129] Port DOUTA_I[65] in module blk_mem_output_block is either unconnected or has no load
INFO: [Synth 8-7129] Port DOUTA_I[64] in module blk_mem_output_block is either unconnected or has no load
INFO: [Synth 8-7129] Port DOUTA_I[63] in module blk_mem_output_block is either unconnected or has no load
INFO: [Synth 8-7129] Port DOUTA_I[62] in module blk_mem_output_block is either unconnected or has no load
INFO: [Synth 8-7129] Port DOUTA_I[61] in module blk_mem_output_block is either unconnected or has no load
INFO: [Synth 8-7129] Port DOUTA_I[60] in module blk_mem_output_block is either unconnected or has no load
INFO: [Synth 8-7129] Port DOUTA_I[59] in module blk_mem_output_block is either unconnected or has no load
INFO: [Synth 8-7129] Port DOUTA_I[58] in module blk_mem_output_block is either unconnected or has no load
INFO: [Synth 8-7129] Port DOUTA_I[57] in module blk_mem_output_block is either unconnected or has no load
INFO: [Synth 8-7129] Port DOUTA_I[56] in module blk_mem_output_block is either unconnected or has no load
INFO: [Synth 8-7129] Port DOUTA_I[55] in module blk_mem_output_block is either unconnected or has no load
INFO: [Synth 8-7129] Port DOUTA_I[54] in module blk_mem_output_block is either unconnected or has no load
INFO: [Synth 8-7129] Port DOUTA_I[53] in module blk_mem_output_block is either unconnected or has no load
INFO: [Synth 8-7129] Port DOUTA_I[52] in module blk_mem_output_block is either unconnected or has no load
INFO: [Synth 8-7129] Port DOUTA_I[51] in module blk_mem_output_block is either unconnected or has no load
INFO: [Synth 8-7129] Port DOUTA_I[50] in module blk_mem_output_block is either unconnected or has no load
INFO: [Synth 8-7129] Port DOUTA_I[49] in module blk_mem_output_block is either unconnected or has no load
INFO: [Synth 8-7129] Port DOUTA_I[48] in module blk_mem_output_block is either unconnected or has no load
INFO: [Synth 8-7129] Port DOUTA_I[47] in module blk_mem_output_block is either unconnected or has no load
INFO: [Synth 8-7129] Port DOUTA_I[46] in module blk_mem_output_block is either unconnected or has no load
INFO: [Synth 8-7129] Port DOUTA_I[45] in module blk_mem_output_block is either unconnected or has no load
INFO: [Synth 8-7129] Port DOUTA_I[44] in module blk_mem_output_block is either unconnected or has no load
INFO: [Synth 8-7129] Port DOUTA_I[43] in module blk_mem_output_block is either unconnected or has no load
INFO: [Synth 8-7129] Port DOUTA_I[42] in module blk_mem_output_block is either unconnected or has no load
INFO: [Synth 8-7129] Port DOUTA_I[41] in module blk_mem_output_block is either unconnected or has no load
INFO: [Synth 8-7129] Port DOUTA_I[40] in module blk_mem_output_block is either unconnected or has no load
INFO: [Synth 8-7129] Port DOUTA_I[39] in module blk_mem_output_block is either unconnected or has no load
INFO: [Synth 8-7129] Port DOUTA_I[38] in module blk_mem_output_block is either unconnected or has no load
INFO: [Synth 8-7129] Port DOUTA_I[37] in module blk_mem_output_block is either unconnected or has no load
INFO: [Synth 8-7129] Port DOUTA_I[36] in module blk_mem_output_block is either unconnected or has no load
INFO: [Synth 8-7129] Port DOUTA_I[35] in module blk_mem_output_block is either unconnected or has no load
INFO: [Synth 8-7129] Port DOUTA_I[34] in module blk_mem_output_block is either unconnected or has no load
INFO: [Synth 8-7129] Port DOUTA_I[33] in module blk_mem_output_block is either unconnected or has no load
INFO: [Synth 8-7129] Port DOUTA_I[32] in module blk_mem_output_block is either unconnected or has no load
INFO: [Synth 8-7129] Port DOUTA_I[31] in module blk_mem_output_block is either unconnected or has no load
INFO: [Synth 8-7129] Port DOUTA_I[30] in module blk_mem_output_block is either unconnected or has no load
INFO: [Synth 8-7129] Port DOUTA_I[29] in module blk_mem_output_block is either unconnected or has no load
INFO: [Common 17-14] Message 'Synth 8-7129' appears 100 times and further instances of the messages will be disabled. Use the Tcl command set_msg_config to change the current settings.
---------------------------------------------------------------------------------
Finished RTL Elaboration : Time (s): cpu = 00:00:10 ; elapsed = 00:00:11 . Memory (MB): peak = 1737.172 ; gain = 930.730
---------------------------------------------------------------------------------
---------------------------------------------------------------------------------
Start Handling Custom Attributes
---------------------------------------------------------------------------------
---------------------------------------------------------------------------------
Finished Handling Custom Attributes : Time (s): cpu = 00:00:10 ; elapsed = 00:00:11 . Memory (MB): peak = 1737.172 ; gain = 930.730
---------------------------------------------------------------------------------
---------------------------------------------------------------------------------
Finished RTL Optimization Phase 1 : Time (s): cpu = 00:00:10 ; elapsed = 00:00:11 . Memory (MB): peak = 1737.172 ; gain = 930.730
---------------------------------------------------------------------------------
Netlist sorting complete. Time (s): cpu = 00:00:00 ; elapsed = 00:00:00.027 . Memory (MB): peak = 1737.172 ; gain = 0.000
INFO: [Netlist 29-17] Analyzing 10 Unisim elements for replacement
INFO: [Netlist 29-28] Unisim Transformation completed in 0 CPU seconds
INFO: [Project 1-570] Preparing netlist for logic optimization

Processing XDC Constraints
Initializing timing engine
Parsing XDC File [e:/competition/2_fpga/3_yolo_zynq/ip/yolo_xbuf_bmg/yolo_xbuf_bmg_ooc.xdc] for cell 'U0'
Finished Parsing XDC File [e:/competition/2_fpga/3_yolo_zynq/ip/yolo_xbuf_bmg/yolo_xbuf_bmg_ooc.xdc] for cell 'U0'
Completed Processing XDC Constraints

Netlist sorting complete. Time (s): cpu = 00:00:00 ; elapsed = 00:00:00 . Memory (MB): peak = 1737.172 ; gain = 0.000
INFO: [Project 1-111] Unisim Transformation Summary:
No Unisim elements were transformed.

Constraint Validation Runtime : Time (s): cpu = 00:00:01 ; elapsed = 00:00:00.030 . Memory (MB): peak = 1737.172 ; gain = 0.000
---------------------------------------------------------------------------------
Finished Constraint Validation : Time (s): cpu = 00:00:15 ; elapsed = 00:00:16 . Memory (MB): peak = 1737.172 ; gain = 930.730
---------------------------------------------------------------------------------
---------------------------------------------------------------------------------
Start Loading Part and Timing Information
---------------------------------------------------------------------------------
Loading part: xc7z020clg484-1
---------------------------------------------------------------------------------
Finished Loading Part and Timing Information : Time (s): cpu = 00:00:15 ; elapsed = 00:00:16 . Memory (MB): peak = 1737.172 ; gain = 930.730
---------------------------------------------------------------------------------
---------------------------------------------------------------------------------
Start Applying 'set_property' XDC Constraints
---------------------------------------------------------------------------------
---------------------------------------------------------------------------------
Finished applying 'set_property' XDC Constraints : Time (s): cpu = 00:00:15 ; elapsed = 00:00:16 . Memory (MB): peak = 1737.172 ; gain = 930.730
---------------------------------------------------------------------------------
---------------------------------------------------------------------------------
Finished RTL Optimization Phase 2 : Time (s): cpu = 00:00:16 ; elapsed = 00:00:17 . Memory (MB): peak = 1737.172 ; gain = 930.730
---------------------------------------------------------------------------------
---------------------------------------------------------------------------------
Start RTL Component Statistics 
---------------------------------------------------------------------------------
---------------------------------------------------------------------------------
Finished RTL Component Statistics 
---------------------------------------------------------------------------------
---------------------------------------------------------------------------------
Start Part Resource Summary
---------------------------------------------------------------------------------
Part Resources:
DSPs: 220 (col length:60)
BRAMs: 280 (col length: RAMB18 60 RAMB36 30)
---------------------------------------------------------------------------------
Finished Part Resource Summary
---------------------------------------------------------------------------------
---------------------------------------------------------------------------------
Start Cross Boundary and Area Optimization
---------------------------------------------------------------------------------
---------------------------------------------------------------------------------
Finished Cross Boundary and Area Optimization : Time (s): cpu = 00:00:17 ; elapsed = 00:00:18 . Memory (MB): peak = 1737.172 ; gain = 930.730
---------------------------------------------------------------------------------
---------------------------------------------------------------------------------
Start Applying XDC Timing Constraints
---------------------------------------------------------------------------------
---------------------------------------------------------------------------------
Finished Applying XDC Timing Constraints : Time (s): cpu = 00:00:20 ; elapsed = 00:00:21 . Memory (MB): peak = 1737.172 ; gain = 930.730
---------------------------------------------------------------------------------
---------------------------------------------------------------------------------
Start Timing Optimization
---------------------------------------------------------------------------------
---------------------------------------------------------------------------------
Finished Timing Optimization : Time (s): cpu = 00:00:20 ; elapsed = 00:00:21 . Memory (MB): peak = 1737.172 ; gain = 930.730
---------------------------------------------------------------------------------
---------------------------------------------------------------------------------
Start Technology Mapping
---------------------------------------------------------------------------------
---------------------------------------------------------------------------------
Finished Technology Mapping : Time (s): cpu = 00:00:20 ; elapsed = 00:00:21 . Memory (MB): peak = 1737.172 ; gain = 930.730
---------------------------------------------------------------------------------
---------------------------------------------------------------------------------
Start IO Insertion
---------------------------------------------------------------------------------
---------------------------------------------------------------------------------
Start Flattening Before IO Insertion
---------------------------------------------------------------------------------
---------------------------------------------------------------------------------
Finished Flattening Before IO Insertion
---------------------------------------------------------------------------------
---------------------------------------------------------------------------------
Start Final Netlist Cleanup
---------------------------------------------------------------------------------
---------------------------------------------------------------------------------
Finished Final Netlist Cleanup
---------------------------------------------------------------------------------
---------------------------------------------------------------------------------
Finished IO Insertion : Time (s): cpu = 00:00:23 ; elapsed = 00:00:24 . Memory (MB): peak = 1968.801 ; gain = 1162.359
---------------------------------------------------------------------------------
---------------------------------------------------------------------------------
Start Renaming Generated Instances
---------------------------------------------------------------------------------
---------------------------------------------------------------------------------
Finished Renaming Generated Instances : Time (s): cpu = 00:00:23 ; elapsed = 00:00:24 . Memory (MB): peak = 1968.801 ; gain = 1162.359
---------------------------------------------------------------------------------
---------------------------------------------------------------------------------
Start Rebuilding User Hierarchy
---------------------------------------------------------------------------------
---------------------------------------------------------------------------------
Finished Rebuilding User Hierarchy : Time (s): cpu = 00:00:23 ; elapsed = 00:00:24 . Memory (MB): peak = 1968.801 ; gain = 1162.359
---------------------------------------------------------------------------------
---------------------------------------------------------------------------------
Start Renaming Generated Ports
---------------------------------------------------------------------------------
---------------------------------------------------------------------------------
Finished Renaming Generated Ports : Time (s): cpu = 00:00:23 ; elapsed = 00:00:24 . Memory (MB): peak = 1968.801 ; gain = 1162.359
---------------------------------------------------------------------------------
---------------------------------------------------------------------------------
Start Handling Custom Attributes
---------------------------------------------------------------------------------
---------------------------------------------------------------------------------
Finished Handling Custom Attributes : Time (s): cpu = 00:00:23 ; elapsed = 00:00:24 . Memory (MB): peak = 1968.801 ; gain = 1162.359
---------------------------------------------------------------------------------
---------------------------------------------------------------------------------
Start Renaming Generated Nets
---------------------------------------------------------------------------------
---------------------------------------------------------------------------------
Finished Renaming Generated Nets : Time (s): cpu = 00:00:23 ; elapsed = 00:00:24 . Memory (MB): peak = 1968.801 ; gain = 1162.359
---------------------------------------------------------------------------------
---------------------------------------------------------------------------------
Start Writing Synthesis Report
---------------------------------------------------------------------------------

Report BlackBoxes: 
+-+--------------+----------+
| |BlackBox name |Instances |
+-+--------------+----------+
+-+--------------+----------+

Report Cell Usage: 
+------+---------+------+
|      |Cell     |Count |
+------+---------+------+
|1     |LUT2     |     1|
|2     |LUT4     |     5|
|3     |LUT5     |   132|
|4     |RAMB36E1 |    10|
|6     |FDRE     |     6|
+------+---------+------+
---------------------------------------------------------------------------------
Finished Writing Synthesis Report : Time (s): cpu = 00:00:23 ; elapsed = 00:00:24 . Memory (MB): peak = 1968.801 ; gain = 1162.359
---------------------------------------------------------------------------------
Synthesis finished with 0 errors, 0 critical warnings and 0 warnings.
Synthesis Optimization Runtime : Time (s): cpu = 00:00:11 ; elapsed = 00:00:22 . Memory (MB): peak = 1968.801 ; gain = 1162.359
Synthesis Optimization Complete : Time (s): cpu = 00:00:23 ; elapsed = 00:00:24 . Memory (MB): peak = 1968.801 ; gain = 1162.359
INFO: [Project 1-571] Translating synthesized netlist
Netlist sorting complete. Time (s): cpu = 00:00:00 ; elapsed = 00:00:00.014 . Memory (MB): peak = 1968.801 ; gain = 0.000
INFO: [Netlist 29-17] Analyzing 10 Unisim elements for replacement
INFO: [Netlist 29-28] Unisim Transformation completed in 0 CPU seconds
INFO: [Project 1-570] Preparing netlist for logic optimization
Parsing XDC File [e:/competition/2_fpga/3_yolo_zynq/ip/yolo_xbuf_bmg/yolo_xbuf_bmg_ooc.xdc] for cell 'U0'
INFO: [Vivado 12-4761] HD.CLK_SRC property is set on port clka. The net connecting to the port drives either clock PIN or hierarchical black box. Use the create_clock constraint to create a clock on this port prior to setting HD.CLK_SRC.  [e:/competition/2_fpga/3_yolo_zynq/ip/yolo_xbuf_bmg/yolo_xbuf_bmg_ooc.xdc:54]
INFO: [Vivado 12-4761] HD.CLK_SRC property is set on port clkb. The net connecting to the port drives either clock PIN or hierarchical black box. Use the create_clock constraint to create a clock on this port prior to setting HD.CLK_SRC.  [e:/competition/2_fpga/3_yolo_zynq/ip/yolo_xbuf_bmg/yolo_xbuf_bmg_ooc.xdc:57]
Finished Parsing XDC File [e:/competition/2_fpga/3_yolo_zynq/ip/yolo_xbuf_bmg/yolo_xbuf_bmg_ooc.xdc] for cell 'U0'
INFO: [Opt 31-138] Pushed 0 inverter(s) to 0 load pin(s).
Netlist sorting complete. Time (s): cpu = 00:00:00 ; elapsed = 00:00:00 . Memory (MB): peak = 1981.582 ; gain = 0.000
INFO: [Project 1-111] Unisim Transformation Summary:
No Unisim elements were transformed.

Synth Design complete | Checksum: 21d2ddd7
INFO: [Common 17-83] Releasing license: Synthesis
125 Infos, 1 Warnings, 0 Critical Warnings and 0 Errors encountered.
synth_design completed successfully
synth_design: Time (s): cpu = 00:00:25 ; elapsed = 00:00:27 . Memory (MB): peak = 1981.582 ; gain = 1411.184
INFO: [Coretcl 2-1174] Renamed 26 cell refs.
INFO: [Timing 38-480] Writing timing data to binary archive.
INFO: [Common 17-1381] The checkpoint 'e:/competition/2_fpga/3_yolo_zynq/ip/yolo_xbuf_bmg/yolo_xbuf_bmg.dcp' has been generated.
INFO: [Vivado 12-3441] generate_netlist_ip - operation complete
synth_ip: Time (s): cpu = 00:00:26 ; elapsed = 00:00:28 . Memory (MB): peak = 1981.582 ; gain = 1419.445
# synth_design -top yolo_engine_top -part xc7z020clg484-1 -mode out_of_context
Command: synth_design -top yolo_engine_top -part xc7z020clg484-1 -mode out_of_context
Starting synth_design
Attempting to get a license for feature 'Synthesis' and/or device 'xc7z020'
INFO: [Common 17-349] Got license for feature 'Synthesis' and/or device 'xc7z020'
INFO: [Synth 8-7079] Multithreading enabled for synth_design using a maximum of 2 processes.
---------------------------------------------------------------------------------
Starting RTL Elaboration : Time (s): cpu = 00:00:03 ; elapsed = 00:00:03 . Memory (MB): peak = 1981.582 ; gain = 0.000
---------------------------------------------------------------------------------
INFO: [Synth 8-6157] synthesizing module 'yolo_engine_top' [E:/competition/2_fpga/3_yolo_zynq/rtl/yolo_engine_top.v:32]
INFO: [Synth 8-6157] synthesizing module 'yolo_csr' [E:/competition/2_fpga/3_yolo_zynq/rtl/yolo_csr.v:75]
	Parameter C_BASEADDR bound to: 1136721920 - type: integer 
	Parameter OC_AW bound to: 11 - type: integer 
	Parameter N_AW bound to: 16 - type: integer 
	Parameter K_AW bound to: 12 - type: integer 
INFO: [Synth 8-6155] done synthesizing module 'yolo_csr' (0#1) [E:/competition/2_fpga/3_yolo_zynq/rtl/yolo_csr.v:75]
INFO: [Synth 8-6157] synthesizing module 'yolo_gemm_array' [E:/competition/2_fpga/3_yolo_zynq/rtl/yolo_gemm_array.v:171]
	Parameter OC_EDGE bound to: 16 - type: integer 
	Parameter N_EDGE bound to: 16 - type: integer 
	Parameter K_MAX bound to: 2304 - type: integer 
	Parameter AW bound to: 12 - type: integer 
	Parameter ROW_AW bound to: 4 - type: integer 
	Parameter COL_AW bound to: 4 - type: integer 
	Parameter ADDR_W bound to: 32 - type: integer 
	Parameter LEN_W bound to: 24 - type: integer 
	Parameter OC_AW bound to: 11 - type: integer 
	Parameter N_AW bound to: 16 - type: integer 
	Parameter K_AW bound to: 12 - type: integer 
	Parameter TILE_AW bound to: 12 - type: integer 
	Parameter MAX_BURST bound to: 16 - type: integer 
INFO: [Synth 8-6157] synthesizing module 'yolo_pe_pack' [E:/competition/2_fpga/3_yolo_zynq/rtl/yolo_pe_pack.v:96]
INFO: [Synth 8-6157] synthesizing module 'DSP48E1' [F:/vivado2025/2025.2/Vivado/scripts/rt/data/unisim_comp.v:48135]
	Parameter ACASCREG bound to: 1 - type: integer 
	Parameter ADREG bound to: 0 - type: integer 
	Parameter ALUMODEREG bound to: 0 - type: integer 
	Parameter AREG bound to: 1 - type: integer 
	Parameter A_INPUT bound to: DIRECT - type: string 
	Parameter BCASCREG bound to: 1 - type: integer 
	Parameter BREG bound to: 1 - type: integer 
	Parameter B_INPUT bound to: DIRECT - type: string 
	Parameter CARRYINREG bound to: 0 - type: integer 
	Parameter CARRYINSELREG bound to: 0 - type: integer 
	Parameter CREG bound to: 1 - type: integer 
	Parameter DREG bound to: 1 - type: integer 
	Parameter INMODEREG bound to: 0 - type: integer 
	Parameter MREG bound to: 1 - type: integer 
	Parameter OPMODEREG bound to: 0 - type: integer 
	Parameter PREG bound to: 1 - type: integer 
	Parameter USE_DPORT bound to: FALSE - type: string 
	Parameter USE_MULT bound to: MULTIPLY - type: string 
	Parameter USE_PATTERN_DETECT bound to: NO_PATDET - type: string 
	Parameter USE_SIMD bound to: ONE48 - type: string 
INFO: [Synth 8-6155] done synthesizing module 'DSP48E1' (0#1) [F:/vivado2025/2025.2/Vivado/scripts/rt/data/unisim_comp.v:48135]
INFO: [Synth 8-6155] done synthesizing module 'yolo_pe_pack' (0#1) [E:/competition/2_fpga/3_yolo_zynq/rtl/yolo_pe_pack.v:96]
INFO: [Synth 8-6157] synthesizing module 'yolo_acc' [E:/competition/2_fpga/3_yolo_zynq/rtl/yolo_acc.v:30]
	Parameter N_LANES bound to: 8 - type: integer 
	Parameter DATA_W bound to: 32 - type: integer 
INFO: [Synth 8-6155] done synthesizing module 'yolo_acc' (0#1) [E:/competition/2_fpga/3_yolo_zynq/rtl/yolo_acc.v:30]
INFO: [Synth 8-6157] synthesizing module 'yolo_ctrl' [E:/competition/2_fpga/3_yolo_zynq/rtl/yolo_ctrl.v:92]
	Parameter OC_EDGE bound to: 16 - type: integer 
	Parameter N_EDGE bound to: 16 - type: integer 
	Parameter OC_AW bound to: 11 - type: integer 
	Parameter N_AW bound to: 16 - type: integer 
	Parameter K_AW bound to: 12 - type: integer 
	Parameter TILE_AW bound to: 12 - type: integer 
INFO: [Synth 8-6155] done synthesizing module 'yolo_ctrl' (0#1) [E:/competition/2_fpga/3_yolo_zynq/rtl/yolo_ctrl.v:92]
INFO: [Synth 8-6157] synthesizing module 'yolo_dma' [E:/competition/2_fpga/3_yolo_zynq/rtl/yolo_dma.v:68]
	Parameter ADDR_W bound to: 32 - type: integer 
	Parameter LEN_W bound to: 24 - type: integer 
	Parameter MAX_BURST bound to: 16 - type: integer 
INFO: [Synth 8-6155] done synthesizing module 'yolo_dma' (0#1) [E:/competition/2_fpga/3_yolo_zynq/rtl/yolo_dma.v:68]
INFO: [Synth 8-6157] synthesizing module 'yolo_addrgen' [E:/competition/2_fpga/3_yolo_zynq/rtl/yolo_addrgen.v:98]
	Parameter AW bound to: 32 - type: integer 
INFO: [Synth 8-6155] done synthesizing module 'yolo_addrgen' (0#1) [E:/competition/2_fpga/3_yolo_zynq/rtl/yolo_addrgen.v:98]
INFO: [Synth 8-6157] synthesizing module 'yolo_wbuf' [E:/competition/2_fpga/3_yolo_zynq/rtl/yolo_wbuf.v:33]
	Parameter N_ROWS bound to: 16 - type: integer 
	Parameter K_MAX bound to: 2304 - type: integer 
	Parameter AW bound to: 12 - type: integer 
	Parameter ROW_AW bound to: 4 - type: integer 
INFO: [Synth 8-6155] done synthesizing module 'yolo_wbuf' (0#1) [E:/competition/2_fpga/3_yolo_zynq/rtl/yolo_wbuf.v:33]
INFO: [Synth 8-6157] synthesizing module 'yolo_xbuf' [E:/competition/2_fpga/3_yolo_zynq/rtl/yolo_xbuf.v:102]
	Parameter N_COLS bound to: 16 - type: integer 
	Parameter K_MAX bound to: 2304 - type: integer 
	Parameter AW bound to: 12 - type: integer 
	Parameter COL_AW bound to: 4 - type: integer 
INFO: [Synth 8-6157] synthesizing module 'yolo_xbuf_bmg' [E:/competition/2_fpga/3_yolo_zynq/proj/ooc_gate/.Xil/Vivado-33736-HC-202510241838/realtime/yolo_xbuf_bmg_stub.v:6]
INFO: [Synth 8-6155] done synthesizing module 'yolo_xbuf_bmg' (0#1) [E:/competition/2_fpga/3_yolo_zynq/proj/ooc_gate/.Xil/Vivado-33736-HC-202510241838/realtime/yolo_xbuf_bmg_stub.v:6]
INFO: [Synth 8-6155] done synthesizing module 'yolo_xbuf' (0#1) [E:/competition/2_fpga/3_yolo_zynq/rtl/yolo_xbuf.v:102]
INFO: [Synth 8-6157] synthesizing module 'yolo_requant' [E:/competition/2_fpga/3_yolo_zynq/rtl/yolo_requant.v:94]
	Parameter ACC_W bound to: 32 - type: integer 
INFO: [Synth 8-6155] done synthesizing module 'yolo_requant' (0#1) [E:/competition/2_fpga/3_yolo_zynq/rtl/yolo_requant.v:94]
INFO: [Synth 8-6157] synthesizing module 'yolo_silu_lut' [E:/competition/2_fpga/3_yolo_zynq/rtl/yolo_silu_lut.v:30]
	Parameter DW bound to: 8 - type: integer 
	Parameter AW bound to: 8 - type: integer 
INFO: [Synth 8-6155] done synthesizing module 'yolo_silu_lut' (0#1) [E:/competition/2_fpga/3_yolo_zynq/rtl/yolo_silu_lut.v:30]
INFO: [Synth 8-6157] synthesizing module 'yolo_dma_wr' [E:/competition/2_fpga/3_yolo_zynq/rtl/yolo_dma_wr.v:107]
	Parameter ADDR_W bound to: 32 - type: integer 
	Parameter LEN_W bound to: 24 - type: integer 
	Parameter MAX_BURST bound to: 16 - type: integer 
INFO: [Synth 8-6155] done synthesizing module 'yolo_dma_wr' (0#1) [E:/competition/2_fpga/3_yolo_zynq/rtl/yolo_dma_wr.v:107]
INFO: [Synth 8-226] default block is never used [E:/competition/2_fpga/3_yolo_zynq/rtl/yolo_gemm_array.v:1287]
INFO: [Synth 8-6155] done synthesizing module 'yolo_gemm_array' (0#1) [E:/competition/2_fpga/3_yolo_zynq/rtl/yolo_gemm_array.v:171]
INFO: [Synth 8-6155] done synthesizing module 'yolo_engine_top' (0#1) [E:/competition/2_fpga/3_yolo_zynq/rtl/yolo_engine_top.v:32]
WARNING: [Synth 8-6014] Unused sequential element oc_total_r_reg was removed.  [E:/competition/2_fpga/3_yolo_zynq/rtl/yolo_ctrl.v:213]
WARNING: [Synth 8-6014] Unused sequential element n_total_r_reg was removed.  [E:/competition/2_fpga/3_yolo_zynq/rtl/yolo_ctrl.v:214]
WARNING: [Synth 8-6014] Unused sequential element oy_r_reg was removed.  [E:/competition/2_fpga/3_yolo_zynq/rtl/yolo_addrgen.v:256]
WARNING: [Synth 8-6014] Unused sequential element ic_r_reg was removed.  [E:/competition/2_fpga/3_yolo_zynq/rtl/yolo_addrgen.v:259]
WARNING: [Synth 8-6014] Unused sequential element cfg_oc_total_r_reg was removed.  [E:/competition/2_fpga/3_yolo_zynq/rtl/yolo_gemm_array.v:383]
WARNING: [Synth 8-6014] Unused sequential element row_start_d1_r_reg was removed.  [E:/competition/2_fpga/3_yolo_zynq/rtl/yolo_gemm_array.v:1065]
WARNING: [Synth 8-6014] Unused sequential element row_start_d2_r_reg was removed.  [E:/competition/2_fpga/3_yolo_zynq/rtl/yolo_gemm_array.v:1155]
WARNING: [Synth 8-6014] Unused sequential element row_start_d3_r_reg was removed.  [E:/competition/2_fpga/3_yolo_zynq/rtl/yolo_gemm_array.v:1156]
WARNING: [Synth 8-6014] Unused sequential element row_start_d4_r_reg was removed.  [E:/competition/2_fpga/3_yolo_zynq/rtl/yolo_gemm_array.v:1157]
WARNING: [Synth 8-6014] Unused sequential element row_start_d5_r_reg was removed.  [E:/competition/2_fpga/3_yolo_zynq/rtl/yolo_gemm_array.v:1158]
WARNING: [Synth 8-6014] Unused sequential element row_start_d6_r_reg was removed.  [E:/competition/2_fpga/3_yolo_zynq/rtl/yolo_gemm_array.v:1159]
WARNING: [Synth 8-6014] Unused sequential element row_start_d7_r_reg was removed.  [E:/competition/2_fpga/3_yolo_zynq/rtl/yolo_gemm_array.v:1160]
WARNING: [Synth 8-7137] Register seg_buf_r_reg in module yolo_gemm_array has both Set and reset with same priority. This may cause simulation mismatches. Consider rewriting code  [E:/competition/2_fpga/3_yolo_zynq/rtl/yolo_gemm_array.v:1245]
WARNING: [Synth 8-6014] Unused sequential element cfg_wbase_r_reg was removed.  [E:/competition/2_fpga/3_yolo_zynq/rtl/yolo_gemm_array.v:392]
WARNING: [Synth 8-6014] Unused sequential element kbyte_cnt_r_reg was removed.  [E:/competition/2_fpga/3_yolo_zynq/rtl/yolo_gemm_array.v:673]
WARNING: [Synth 8-7129] Port bresp_i[1] in module yolo_dma_wr is either unconnected or has no load
WARNING: [Synth 8-7129] Port bresp_i[0] in module yolo_dma_wr is either unconnected or has no load
WARNING: [Synth 8-7129] Port ic_i[15] in module yolo_addrgen is either unconnected or has no load
WARNING: [Synth 8-7129] Port ic_i[14] in module yolo_addrgen is either unconnected or has no load
WARNING: [Synth 8-7129] Port ic_i[13] in module yolo_addrgen is either unconnected or has no load
WARNING: [Synth 8-7129] Port ic_i[12] in module yolo_addrgen is either unconnected or has no load
WARNING: [Synth 8-7129] Port ic_i[11] in module yolo_addrgen is either unconnected or has no load
WARNING: [Synth 8-7129] Port ic_i[10] in module yolo_addrgen is either unconnected or has no load
WARNING: [Synth 8-7129] Port ic_i[9] in module yolo_addrgen is either unconnected or has no load
WARNING: [Synth 8-7129] Port ic_i[8] in module yolo_addrgen is either unconnected or has no load
WARNING: [Synth 8-7129] Port ic_i[7] in module yolo_addrgen is either unconnected or has no load
WARNING: [Synth 8-7129] Port ic_i[6] in module yolo_addrgen is either unconnected or has no load
WARNING: [Synth 8-7129] Port ic_i[5] in module yolo_addrgen is either unconnected or has no load
WARNING: [Synth 8-7129] Port ic_i[4] in module yolo_addrgen is either unconnected or has no load
WARNING: [Synth 8-7129] Port ic_i[3] in module yolo_addrgen is either unconnected or has no load
WARNING: [Synth 8-7129] Port ic_i[2] in module yolo_addrgen is either unconnected or has no load
WARNING: [Synth 8-7129] Port ic_i[1] in module yolo_addrgen is either unconnected or has no load
WARNING: [Synth 8-7129] Port ic_i[0] in module yolo_addrgen is either unconnected or has no load
WARNING: [Synth 8-7129] Port rlast_i in module yolo_dma is either unconnected or has no load
WARNING: [Synth 8-7129] Port dsc_wbase_i[31] in module yolo_gemm_array is either unconnected or has no load
WARNING: [Synth 8-7129] Port dsc_wbase_i[30] in module yolo_gemm_array is either unconnected or has no load
WARNING: [Synth 8-7129] Port dsc_wbase_i[29] in module yolo_gemm_array is either unconnected or has no load
WARNING: [Synth 8-7129] Port dsc_wbase_i[28] in module yolo_gemm_array is either unconnected or has no load
WARNING: [Synth 8-7129] Port dsc_wbase_i[27] in module yolo_gemm_array is either unconnected or has no load
WARNING: [Synth 8-7129] Port dsc_wbase_i[26] in module yolo_gemm_array is either unconnected or has no load
WARNING: [Synth 8-7129] Port dsc_wbase_i[25] in module yolo_gemm_array is either unconnected or has no load
WARNING: [Synth 8-7129] Port dsc_wbase_i[24] in module yolo_gemm_array is either unconnected or has no load
WARNING: [Synth 8-7129] Port dsc_wbase_i[23] in module yolo_gemm_array is either unconnected or has no load
WARNING: [Synth 8-7129] Port dsc_wbase_i[22] in module yolo_gemm_array is either unconnected or has no load
WARNING: [Synth 8-7129] Port dsc_wbase_i[21] in module yolo_gemm_array is either unconnected or has no load
WARNING: [Synth 8-7129] Port dsc_wbase_i[20] in module yolo_gemm_array is either unconnected or has no load
WARNING: [Synth 8-7129] Port dsc_wbase_i[19] in module yolo_gemm_array is either unconnected or has no load
WARNING: [Synth 8-7129] Port dsc_wbase_i[18] in module yolo_gemm_array is either unconnected or has no load
WARNING: [Synth 8-7129] Port dsc_wbase_i[17] in module yolo_gemm_array is either unconnected or has no load
WARNING: [Synth 8-7129] Port dsc_wbase_i[16] in module yolo_gemm_array is either unconnected or has no load
WARNING: [Synth 8-7129] Port dsc_wbase_i[15] in module yolo_gemm_array is either unconnected or has no load
WARNING: [Synth 8-7129] Port dsc_wbase_i[14] in module yolo_gemm_array is either unconnected or has no load
WARNING: [Synth 8-7129] Port dsc_wbase_i[13] in module yolo_gemm_array is either unconnected or has no load
WARNING: [Synth 8-7129] Port dsc_wbase_i[12] in module yolo_gemm_array is either unconnected or has no load
WARNING: [Synth 8-7129] Port dsc_wbase_i[11] in module yolo_gemm_array is either unconnected or has no load
WARNING: [Synth 8-7129] Port dsc_wbase_i[10] in module yolo_gemm_array is either unconnected or has no load
WARNING: [Synth 8-7129] Port dsc_wbase_i[9] in module yolo_gemm_array is either unconnected or has no load
WARNING: [Synth 8-7129] Port dsc_wbase_i[8] in module yolo_gemm_array is either unconnected or has no load
WARNING: [Synth 8-7129] Port dsc_wbase_i[7] in module yolo_gemm_array is either unconnected or has no load
WARNING: [Synth 8-7129] Port dsc_wbase_i[6] in module yolo_gemm_array is either unconnected or has no load
WARNING: [Synth 8-7129] Port dsc_wbase_i[5] in module yolo_gemm_array is either unconnected or has no load
WARNING: [Synth 8-7129] Port dsc_wbase_i[4] in module yolo_gemm_array is either unconnected or has no load
WARNING: [Synth 8-7129] Port dsc_wbase_i[3] in module yolo_gemm_array is either unconnected or has no load
WARNING: [Synth 8-7129] Port dsc_wbase_i[2] in module yolo_gemm_array is either unconnected or has no load
WARNING: [Synth 8-7129] Port dsc_wbase_i[1] in module yolo_gemm_array is either unconnected or has no load
WARNING: [Synth 8-7129] Port dsc_wbase_i[0] in module yolo_gemm_array is either unconnected or has no load
WARNING: [Synth 8-7129] Port s_axi_awaddr[31] in module yolo_csr is either unconnected or has no load
WARNING: [Synth 8-7129] Port s_axi_awaddr[30] in module yolo_csr is either unconnected or has no load
WARNING: [Synth 8-7129] Port s_axi_awaddr[29] in module yolo_csr is either unconnected or has no load
WARNING: [Synth 8-7129] Port s_axi_awaddr[28] in module yolo_csr is either unconnected or has no load
WARNING: [Synth 8-7129] Port s_axi_awaddr[27] in module yolo_csr is either unconnected or has no load
WARNING: [Synth 8-7129] Port s_axi_awaddr[26] in module yolo_csr is either unconnected or has no load
WARNING: [Synth 8-7129] Port s_axi_awaddr[25] in module yolo_csr is either unconnected or has no load
WARNING: [Synth 8-7129] Port s_axi_awaddr[24] in module yolo_csr is either unconnected or has no load
WARNING: [Synth 8-7129] Port s_axi_awaddr[23] in module yolo_csr is either unconnected or has no load
WARNING: [Synth 8-7129] Port s_axi_awaddr[22] in module yolo_csr is either unconnected or has no load
WARNING: [Synth 8-7129] Port s_axi_awaddr[21] in module yolo_csr is either unconnected or has no load
WARNING: [Synth 8-7129] Port s_axi_awaddr[20] in module yolo_csr is either unconnected or has no load
WARNING: [Synth 8-7129] Port s_axi_awaddr[19] in module yolo_csr is either unconnected or has no load
WARNING: [Synth 8-7129] Port s_axi_awaddr[18] in module yolo_csr is either unconnected or has no load
WARNING: [Synth 8-7129] Port s_axi_awaddr[17] in module yolo_csr is either unconnected or has no load
WARNING: [Synth 8-7129] Port s_axi_awaddr[16] in module yolo_csr is either unconnected or has no load
WARNING: [Synth 8-7129] Port s_axi_awaddr[1] in module yolo_csr is either unconnected or has no load
WARNING: [Synth 8-7129] Port s_axi_awaddr[0] in module yolo_csr is either unconnected or has no load
WARNING: [Synth 8-7129] Port s_axi_awprot[2] in module yolo_csr is either unconnected or has no load
WARNING: [Synth 8-7129] Port s_axi_awprot[1] in module yolo_csr is either unconnected or has no load
WARNING: [Synth 8-7129] Port s_axi_awprot[0] in module yolo_csr is either unconnected or has no load
WARNING: [Synth 8-7129] Port s_axi_araddr[31] in module yolo_csr is either unconnected or has no load
WARNING: [Synth 8-7129] Port s_axi_araddr[30] in module yolo_csr is either unconnected or has no load
WARNING: [Synth 8-7129] Port s_axi_araddr[29] in module yolo_csr is either unconnected or has no load
WARNING: [Synth 8-7129] Port s_axi_araddr[28] in module yolo_csr is either unconnected or has no load
WARNING: [Synth 8-7129] Port s_axi_araddr[27] in module yolo_csr is either unconnected or has no load
WARNING: [Synth 8-7129] Port s_axi_araddr[26] in module yolo_csr is either unconnected or has no load
WARNING: [Synth 8-7129] Port s_axi_araddr[25] in module yolo_csr is either unconnected or has no load
WARNING: [Synth 8-7129] Port s_axi_araddr[24] in module yolo_csr is either unconnected or has no load
WARNING: [Synth 8-7129] Port s_axi_araddr[23] in module yolo_csr is either unconnected or has no load
WARNING: [Synth 8-7129] Port s_axi_araddr[22] in module yolo_csr is either unconnected or has no load
WARNING: [Synth 8-7129] Port s_axi_araddr[21] in module yolo_csr is either unconnected or has no load
WARNING: [Synth 8-7129] Port s_axi_araddr[20] in module yolo_csr is either unconnected or has no load
WARNING: [Synth 8-7129] Port s_axi_araddr[19] in module yolo_csr is either unconnected or has no load
WARNING: [Synth 8-7129] Port s_axi_araddr[18] in module yolo_csr is either unconnected or has no load
WARNING: [Synth 8-7129] Port s_axi_araddr[17] in module yolo_csr is either unconnected or has no load
WARNING: [Synth 8-7129] Port s_axi_araddr[16] in module yolo_csr is either unconnected or has no load
WARNING: [Synth 8-7129] Port s_axi_araddr[1] in module yolo_csr is either unconnected or has no load
WARNING: [Synth 8-7129] Port s_axi_araddr[0] in module yolo_csr is either unconnected or has no load
WARNING: [Synth 8-7129] Port s_axi_arprot[2] in module yolo_csr is either unconnected or has no load
WARNING: [Synth 8-7129] Port s_axi_arprot[1] in module yolo_csr is either unconnected or has no load
WARNING: [Synth 8-7129] Port s_axi_arprot[0] in module yolo_csr is either unconnected or has no load
---------------------------------------------------------------------------------
Finished RTL Elaboration : Time (s): cpu = 00:00:05 ; elapsed = 00:00:06 . Memory (MB): peak = 1981.582 ; gain = 0.000
---------------------------------------------------------------------------------
---------------------------------------------------------------------------------
Start Handling Custom Attributes
---------------------------------------------------------------------------------
---------------------------------------------------------------------------------
Finished Handling Custom Attributes : Time (s): cpu = 00:00:05 ; elapsed = 00:00:06 . Memory (MB): peak = 1981.582 ; gain = 0.000
---------------------------------------------------------------------------------
---------------------------------------------------------------------------------
Finished RTL Optimization Phase 1 : Time (s): cpu = 00:00:05 ; elapsed = 00:00:06 . Memory (MB): peak = 1981.582 ; gain = 0.000
---------------------------------------------------------------------------------
Netlist sorting complete. Time (s): cpu = 00:00:00 ; elapsed = 00:00:00.261 . Memory (MB): peak = 1981.582 ; gain = 0.000
INFO: [Netlist 29-17] Analyzing 128 Unisim elements for replacement
INFO: [Netlist 29-28] Unisim Transformation completed in 0 CPU seconds
INFO: [Project 1-570] Preparing netlist for logic optimization

Processing XDC Constraints
Initializing timing engine
Parsing XDC File [e:/competition/2_fpga/3_yolo_zynq/ip/yolo_xbuf_bmg/yolo_xbuf_bmg/yolo_xbuf_bmg_in_context.xdc] for cell 'u_array/u_xbuf/u_bank0'
Finished Parsing XDC File [e:/competition/2_fpga/3_yolo_zynq/ip/yolo_xbuf_bmg/yolo_xbuf_bmg/yolo_xbuf_bmg_in_context.xdc] for cell 'u_array/u_xbuf/u_bank0'
Parsing XDC File [e:/competition/2_fpga/3_yolo_zynq/ip/yolo_xbuf_bmg/yolo_xbuf_bmg/yolo_xbuf_bmg_in_context.xdc] for cell 'u_array/u_xbuf/u_bank1'
Finished Parsing XDC File [e:/competition/2_fpga/3_yolo_zynq/ip/yolo_xbuf_bmg/yolo_xbuf_bmg/yolo_xbuf_bmg_in_context.xdc] for cell 'u_array/u_xbuf/u_bank1'
Completed Processing XDC Constraints

Netlist sorting complete. Time (s): cpu = 00:00:00 ; elapsed = 00:00:00.008 . Memory (MB): peak = 1981.582 ; gain = 0.000
INFO: [Project 1-111] Unisim Transformation Summary:
No Unisim elements were transformed.

Constraint Validation Runtime : Time (s): cpu = 00:00:00 ; elapsed = 00:00:00.147 . Memory (MB): peak = 1981.582 ; gain = 0.000
---------------------------------------------------------------------------------
Finished Constraint Validation : Time (s): cpu = 00:00:13 ; elapsed = 00:00:13 . Memory (MB): peak = 1981.582 ; gain = 0.000
---------------------------------------------------------------------------------
---------------------------------------------------------------------------------
Start Loading Part and Timing Information
---------------------------------------------------------------------------------
Loading part: xc7z020clg484-1
---------------------------------------------------------------------------------
Finished Loading Part and Timing Information : Time (s): cpu = 00:00:13 ; elapsed = 00:00:13 . Memory (MB): peak = 1981.582 ; gain = 0.000
---------------------------------------------------------------------------------
---------------------------------------------------------------------------------
Start Applying 'set_property' XDC Constraints
---------------------------------------------------------------------------------
---------------------------------------------------------------------------------
Finished applying 'set_property' XDC Constraints : Time (s): cpu = 00:00:13 ; elapsed = 00:00:13 . Memory (MB): peak = 1981.582 ; gain = 0.000
---------------------------------------------------------------------------------
INFO: [Synth 8-802] inferred FSM for state register 'state_r_reg' in module 'yolo_ctrl'
INFO: [Synth 8-802] inferred FSM for state register 'state_reg' in module 'yolo_addrgen'
INFO: [Synth 8-802] inferred FSM for state register 'ldr_state_r_reg' in module 'yolo_gemm_array'
INFO: [Synth 8-802] inferred FSM for state register 'seg_state_r_reg' in module 'yolo_gemm_array'
---------------------------------------------------------------------------------------------------
                   State |                     New Encoding |                Previous Encoding 
---------------------------------------------------------------------------------------------------
                  S_IDLE |                           000001 |                              000
                  S_TILE |                           001000 |                              001
                     S_K |                           100000 |                              010
                 S_DRAIN |                           010000 |                              101
                    S_RQ |                           000100 |                              011
                 S_LDONE |                           000010 |                              100
---------------------------------------------------------------------------------------------------
INFO: [Synth 8-3354] encoded FSM with state register 'state_r_reg' using encoding 'one-hot' in module 'yolo_ctrl'
---------------------------------------------------------------------------------------------------
                   State |                     New Encoding |                Previous Encoding 
---------------------------------------------------------------------------------------------------
                  S_IDLE |                              000 |                              000
                   S_DIV |                              001 |                              001
                 S_PREP1 |                              010 |                              010
                 S_PREP2 |                              011 |                              011
                 S_PREP3 |                              100 |                              100
                   S_RUN |                              101 |                              101
---------------------------------------------------------------------------------------------------
INFO: [Synth 8-3354] encoded FSM with state register 'state_reg' using encoding 'sequential' in module 'yolo_addrgen'
---------------------------------------------------------------------------------------------------
                   State |                     New Encoding |                Previous Encoding 
---------------------------------------------------------------------------------------------------
                SEG_IDLE |                               00 |                               00
                SEG_FILL |                               01 |                               01
                 SEG_CMD |                               10 |                               10
                  SEG_DR |                               11 |                               11
---------------------------------------------------------------------------------------------------
INFO: [Synth 8-3354] encoded FSM with state register 'seg_state_r_reg' using encoding 'sequential' in module 'yolo_gemm_array'
---------------------------------------------------------------------------------------------------
                   State |                     New Encoding |                Previous Encoding 
---------------------------------------------------------------------------------------------------
                 S_LDESC |                               00 |                               00
                  S_LCHK |                               10 |                               01
                  S_LRUN |                               01 |                               10
---------------------------------------------------------------------------------------------------
INFO: [Synth 8-3354] encoded FSM with state register 'ldr_state_r_reg' using encoding 'sequential' in module 'yolo_gemm_array'
---------------------------------------------------------------------------------
Finished RTL Optimization Phase 2 : Time (s): cpu = 00:00:14 ; elapsed = 00:00:15 . Memory (MB): peak = 1981.582 ; gain = 0.000
---------------------------------------------------------------------------------
---------------------------------------------------------------------------------
Start RTL Component Statistics 
---------------------------------------------------------------------------------
---------------------------------------------------------------------------------
Finished RTL Component Statistics 
---------------------------------------------------------------------------------
---------------------------------------------------------------------------------
Start Part Resource Summary
---------------------------------------------------------------------------------
Part Resources:
DSPs: 220 (col length:60)
BRAMs: 280 (col length: RAMB18 60 RAMB36 30)
---------------------------------------------------------------------------------
Finished Part Resource Summary
---------------------------------------------------------------------------------
---------------------------------------------------------------------------------
Start Cross Boundary and Area Optimization
---------------------------------------------------------------------------------
INFO: [Synth 8-3886] merging instance 'wpipe_addr_q_reg[0]' (FDC) to 'wpipe_addr_q_reg[11]'
INFO: [Synth 8-3886] merging instance 'wpipe_addr_q_reg[1]' (FDC) to 'wpipe_addr_q_reg[11]'
INFO: [Synth 8-3886] merging instance 'wpipe_addr_q_reg[2]' (FDC) to 'wpipe_addr_q_reg[11]'
INFO: [Synth 8-3886] merging instance 'wpipe_addr_q_reg[3]' (FDC) to 'wpipe_addr_q_reg[11]'
INFO: [Synth 8-3886] merging instance 'wpipe_addr_q_reg[4]' (FDC) to 'wpipe_addr_q_reg[11]'
INFO: [Synth 8-3886] merging instance 'wpipe_addr_q_reg[5]' (FDC) to 'wpipe_addr_q_reg[11]'
INFO: [Synth 8-3886] merging instance 'wpipe_addr_q_reg[11]' (FDC) to 'wpipe_addr_q_reg[10]'
INFO: [Synth 8-3886] merging instance 'wpipe_addr_q_reg[10]' (FDC) to 'wpipe_addr_q_reg[9]'
INFO: [Synth 8-3886] merging instance 'wpipe_addr_q_reg[9]' (FDC) to 'wpipe_addr_q_reg[8]'
INFO: [Synth 8-3886] merging instance 'wpipe_addr_q_reg[8]' (FDC) to 'wpipe_addr_q_reg[7]'
INFO: [Synth 8-3886] merging instance 'wpipe_addr_q_reg[7]' (FDC) to 'wpipe_addr_q_reg[6]'
INFO: [Synth 8-3333] propagating constant 0 across sequential element (\wpipe_addr_q_reg[6] )
INFO: [Synth 8-3886] merging instance 'g_pe_row[1].g_pe_pair[0].u_pe/w_d1_r_reg[0]' (FDC) to 'g_pe_row[1].g_pe_pair[2].u_pe/w_d1_r_reg[0]'
INFO: [Synth 8-3886] merging instance 'g_pe_row[1].g_pe_pair[2].u_pe/w_d1_r_reg[0]' (FDC) to 'g_pe_row[1].g_pe_pair[3].u_pe/w_d1_r_reg[0]'
INFO: [Synth 8-3886] merging instance 'g_pe_row[1].g_pe_pair[3].u_pe/w_d1_r_reg[0]' (FDC) to 'g_pe_row[1].g_pe_pair[1].u_pe/w_d1_r_reg[0]'
INFO: [Synth 8-3886] merging instance 'g_pe_row[1].g_pe_pair[0].u_pe/w_d2_r_reg[0]' (FDC) to 'g_pe_row[1].g_pe_pair[3].u_pe/w_d2_r_reg[0]'
INFO: [Synth 8-3886] merging instance 'g_pe_row[1].g_pe_pair[2].u_pe/w_d2_r_reg[0]' (FDC) to 'g_pe_row[1].g_pe_pair[3].u_pe/w_d2_r_reg[0]'
INFO: [Synth 8-3886] merging instance 'g_pe_row[1].g_pe_pair[3].u_pe/w_d2_r_reg[0]' (FDC) to 'g_pe_row[1].g_pe_pair[1].u_pe/w_d2_r_reg[0]'
INFO: [Synth 8-3886] merging instance 'g_pe_row[1].g_pe_pair[0].u_pe/w_d3_r_reg[0]' (FDC) to 'g_pe_row[1].g_pe_pair[3].u_pe/w_d3_r_reg[0]'
INFO: [Synth 8-3886] merging instance 'g_pe_row[1].g_pe_pair[2].u_pe/w_d3_r_reg[0]' (FDC) to 'g_pe_row[1].g_pe_pair[3].u_pe/w_d3_r_reg[0]'
INFO: [Synth 8-3886] merging instance 'g_pe_row[1].g_pe_pair[3].u_pe/w_d3_r_reg[0]' (FDC) to 'g_pe_row[1].g_pe_pair[1].u_pe/w_d3_r_reg[0]'
INFO: [Synth 8-3886] merging instance 'g_pe_row[1].g_pe_pair[0].u_pe/w_d1_r_reg[1]' (FDC) to 'g_pe_row[1].g_pe_pair[2].u_pe/w_d1_r_reg[1]'
INFO: [Synth 8-3886] merging instance 'g_pe_row[1].g_pe_pair[2].u_pe/w_d1_r_reg[1]' (FDC) to 'g_pe_row[1].g_pe_pair[3].u_pe/w_d1_r_reg[1]'
INFO: [Synth 8-3886] merging instance 'g_pe_row[1].g_pe_pair[3].u_pe/w_d1_r_reg[1]' (FDC) to 'g_pe_row[1].g_pe_pair[1].u_pe/w_d1_r_reg[1]'
INFO: [Synth 8-3886] merging instance 'g_pe_row[1].g_pe_pair[0].u_pe/w_d2_r_reg[1]' (FDC) to 'g_pe_row[1].g_pe_pair[3].u_pe/w_d2_r_reg[1]'
INFO: [Synth 8-3886] merging instance 'g_pe_row[1].g_pe_pair[2].u_pe/w_d2_r_reg[1]' (FDC) to 'g_pe_row[1].g_pe_pair[3].u_pe/w_d2_r_reg[1]'
INFO: [Synth 8-3886] merging instance 'g_pe_row[1].g_pe_pair[3].u_pe/w_d2_r_reg[1]' (FDC) to 'g_pe_row[1].g_pe_pair[1].u_pe/w_d2_r_reg[1]'
INFO: [Synth 8-3886] merging instance 'g_pe_row[1].g_pe_pair[0].u_pe/w_d3_r_reg[1]' (FDC) to 'g_pe_row[1].g_pe_pair[3].u_pe/w_d3_r_reg[1]'
INFO: [Synth 8-3886] merging instance 'g_pe_row[1].g_pe_pair[2].u_pe/w_d3_r_reg[1]' (FDC) to 'g_pe_row[1].g_pe_pair[3].u_pe/w_d3_r_reg[1]'
INFO: [Synth 8-3886] merging instance 'g_pe_row[1].g_pe_pair[3].u_pe/w_d3_r_reg[1]' (FDC) to 'g_pe_row[1].g_pe_pair[1].u_pe/w_d3_r_reg[1]'
INFO: [Synth 8-3886] merging instance 'g_pe_row[1].g_pe_pair[0].u_pe/w_d1_r_reg[2]' (FDC) to 'g_pe_row[1].g_pe_pair[2].u_pe/w_d1_r_reg[2]'
INFO: [Synth 8-3886] merging instance 'g_pe_row[1].g_pe_pair[2].u_pe/w_d1_r_reg[2]' (FDC) to 'g_pe_row[1].g_pe_pair[3].u_pe/w_d1_r_reg[2]'
INFO: [Synth 8-3886] merging instance 'g_pe_row[1].g_pe_pair[3].u_pe/w_d1_r_reg[2]' (FDC) to 'g_pe_row[1].g_pe_pair[1].u_pe/w_d1_r_reg[2]'
INFO: [Synth 8-3886] merging instance 'g_pe_row[1].g_pe_pair[0].u_pe/w_d2_r_reg[2]' (FDC) to 'g_pe_row[1].g_pe_pair[3].u_pe/w_d2_r_reg[2]'
INFO: [Synth 8-3886] merging instance 'g_pe_row[1].g_pe_pair[2].u_pe/w_d2_r_reg[2]' (FDC) to 'g_pe_row[1].g_pe_pair[3].u_pe/w_d2_r_reg[2]'
INFO: [Synth 8-3886] merging instance 'g_pe_row[1].g_pe_pair[3].u_pe/w_d2_r_reg[2]' (FDC) to 'g_pe_row[1].g_pe_pair[1].u_pe/w_d2_r_reg[2]'
INFO: [Synth 8-3886] merging instance 'g_pe_row[1].g_pe_pair[0].u_pe/w_d3_r_reg[2]' (FDC) to 'g_pe_row[1].g_pe_pair[3].u_pe/w_d3_r_reg[2]'
INFO: [Synth 8-3886] merging instance 'g_pe_row[1].g_pe_pair[2].u_pe/w_d3_r_reg[2]' (FDC) to 'g_pe_row[1].g_pe_pair[3].u_pe/w_d3_r_reg[2]'
INFO: [Synth 8-3886] merging instance 'g_pe_row[1].g_pe_pair[3].u_pe/w_d3_r_reg[2]' (FDC) to 'g_pe_row[1].g_pe_pair[1].u_pe/w_d3_r_reg[2]'
INFO: [Synth 8-3886] merging instance 'g_pe_row[1].g_pe_pair[0].u_pe/w_d1_r_reg[3]' (FDC) to 'g_pe_row[1].g_pe_pair[2].u_pe/w_d1_r_reg[3]'
INFO: [Synth 8-3886] merging instance 'g_pe_row[1].g_pe_pair[2].u_pe/w_d1_r_reg[3]' (FDC) to 'g_pe_row[1].g_pe_pair[3].u_pe/w_d1_r_reg[3]'
INFO: [Synth 8-3886] merging instance 'g_pe_row[1].g_pe_pair[3].u_pe/w_d1_r_reg[3]' (FDC) to 'g_pe_row[1].g_pe_pair[1].u_pe/w_d1_r_reg[3]'
INFO: [Synth 8-3886] merging instance 'g_pe_row[1].g_pe_pair[0].u_pe/w_d2_r_reg[3]' (FDC) to 'g_pe_row[1].g_pe_pair[3].u_pe/w_d2_r_reg[3]'
INFO: [Synth 8-3886] merging instance 'g_pe_row[1].g_pe_pair[2].u_pe/w_d2_r_reg[3]' (FDC) to 'g_pe_row[1].g_pe_pair[3].u_pe/w_d2_r_reg[3]'
INFO: [Synth 8-3886] merging instance 'g_pe_row[1].g_pe_pair[3].u_pe/w_d2_r_reg[3]' (FDC) to 'g_pe_row[1].g_pe_pair[1].u_pe/w_d2_r_reg[3]'
INFO: [Synth 8-3886] merging instance 'g_pe_row[1].g_pe_pair[0].u_pe/w_d3_r_reg[3]' (FDC) to 'g_pe_row[1].g_pe_pair[3].u_pe/w_d3_r_reg[3]'
INFO: [Synth 8-3886] merging instance 'g_pe_row[1].g_pe_pair[2].u_pe/w_d3_r_reg[3]' (FDC) to 'g_pe_row[1].g_pe_pair[3].u_pe/w_d3_r_reg[3]'
INFO: [Synth 8-3886] merging instance 'g_pe_row[1].g_pe_pair[3].u_pe/w_d3_r_reg[3]' (FDC) to 'g_pe_row[1].g_pe_pair[1].u_pe/w_d3_r_reg[3]'
INFO: [Synth 8-3886] merging instance 'g_pe_row[1].g_pe_pair[0].u_pe/w_d1_r_reg[4]' (FDC) to 'g_pe_row[1].g_pe_pair[2].u_pe/w_d1_r_reg[4]'
INFO: [Synth 8-3886] merging instance 'g_pe_row[1].g_pe_pair[2].u_pe/w_d1_r_reg[4]' (FDC) to 'g_pe_row[1].g_pe_pair[3].u_pe/w_d1_r_reg[4]'
INFO: [Synth 8-3886] merging instance 'g_pe_row[1].g_pe_pair[3].u_pe/w_d1_r_reg[4]' (FDC) to 'g_pe_row[1].g_pe_pair[1].u_pe/w_d1_r_reg[4]'
INFO: [Synth 8-3886] merging instance 'g_pe_row[1].g_pe_pair[0].u_pe/w_d2_r_reg[4]' (FDC) to 'g_pe_row[1].g_pe_pair[3].u_pe/w_d2_r_reg[4]'
INFO: [Synth 8-3886] merging instance 'g_pe_row[1].g_pe_pair[2].u_pe/w_d2_r_reg[4]' (FDC) to 'g_pe_row[1].g_pe_pair[3].u_pe/w_d2_r_reg[4]'
INFO: [Synth 8-3886] merging instance 'g_pe_row[1].g_pe_pair[3].u_pe/w_d2_r_reg[4]' (FDC) to 'g_pe_row[1].g_pe_pair[1].u_pe/w_d2_r_reg[4]'
INFO: [Synth 8-3886] merging instance 'g_pe_row[1].g_pe_pair[0].u_pe/w_d3_r_reg[4]' (FDC) to 'g_pe_row[1].g_pe_pair[3].u_pe/w_d3_r_reg[4]'
INFO: [Synth 8-3886] merging instance 'g_pe_row[1].g_pe_pair[2].u_pe/w_d3_r_reg[4]' (FDC) to 'g_pe_row[1].g_pe_pair[3].u_pe/w_d3_r_reg[4]'
INFO: [Synth 8-3886] merging instance 'g_pe_row[1].g_pe_pair[3].u_pe/w_d3_r_reg[4]' (FDC) to 'g_pe_row[1].g_pe_pair[1].u_pe/w_d3_r_reg[4]'
INFO: [Synth 8-3886] merging instance 'g_pe_row[1].g_pe_pair[0].u_pe/w_d1_r_reg[5]' (FDC) to 'g_pe_row[1].g_pe_pair[2].u_pe/w_d1_r_reg[5]'
INFO: [Synth 8-3886] merging instance 'g_pe_row[1].g_pe_pair[2].u_pe/w_d1_r_reg[5]' (FDC) to 'g_pe_row[1].g_pe_pair[3].u_pe/w_d1_r_reg[5]'
INFO: [Synth 8-3886] merging instance 'g_pe_row[1].g_pe_pair[3].u_pe/w_d1_r_reg[5]' (FDC) to 'g_pe_row[1].g_pe_pair[1].u_pe/w_d1_r_reg[5]'
INFO: [Synth 8-3886] merging instance 'g_pe_row[1].g_pe_pair[0].u_pe/w_d2_r_reg[5]' (FDC) to 'g_pe_row[1].g_pe_pair[3].u_pe/w_d2_r_reg[5]'
INFO: [Synth 8-3886] merging instance 'g_pe_row[1].g_pe_pair[2].u_pe/w_d2_r_reg[5]' (FDC) to 'g_pe_row[1].g_pe_pair[3].u_pe/w_d2_r_reg[5]'
INFO: [Synth 8-3886] merging instance 'g_pe_row[1].g_pe_pair[3].u_pe/w_d2_r_reg[5]' (FDC) to 'g_pe_row[1].g_pe_pair[1].u_pe/w_d2_r_reg[5]'
INFO: [Synth 8-3886] merging instance 'g_pe_row[1].g_pe_pair[0].u_pe/w_d3_r_reg[5]' (FDC) to 'g_pe_row[1].g_pe_pair[3].u_pe/w_d3_r_reg[5]'
INFO: [Synth 8-3886] merging instance 'g_pe_row[1].g_pe_pair[2].u_pe/w_d3_r_reg[5]' (FDC) to 'g_pe_row[1].g_pe_pair[3].u_pe/w_d3_r_reg[5]'
INFO: [Synth 8-3886] merging instance 'g_pe_row[1].g_pe_pair[3].u_pe/w_d3_r_reg[5]' (FDC) to 'g_pe_row[1].g_pe_pair[1].u_pe/w_d3_r_reg[5]'
INFO: [Synth 8-3886] merging instance 'g_pe_row[1].g_pe_pair[0].u_pe/w_d1_r_reg[6]' (FDC) to 'g_pe_row[1].g_pe_pair[2].u_pe/w_d1_r_reg[6]'
INFO: [Synth 8-3886] merging instance 'g_pe_row[1].g_pe_pair[2].u_pe/w_d1_r_reg[6]' (FDC) to 'g_pe_row[1].g_pe_pair[3].u_pe/w_d1_r_reg[6]'
INFO: [Synth 8-3886] merging instance 'g_pe_row[1].g_pe_pair[3].u_pe/w_d1_r_reg[6]' (FDC) to 'g_pe_row[1].g_pe_pair[1].u_pe/w_d1_r_reg[6]'
INFO: [Synth 8-3886] merging instance 'g_pe_row[1].g_pe_pair[0].u_pe/w_d2_r_reg[6]' (FDC) to 'g_pe_row[1].g_pe_pair[3].u_pe/w_d2_r_reg[6]'
INFO: [Synth 8-3886] merging instance 'g_pe_row[1].g_pe_pair[2].u_pe/w_d2_r_reg[6]' (FDC) to 'g_pe_row[1].g_pe_pair[3].u_pe/w_d2_r_reg[6]'
INFO: [Synth 8-3886] merging instance 'g_pe_row[1].g_pe_pair[3].u_pe/w_d2_r_reg[6]' (FDC) to 'g_pe_row[1].g_pe_pair[1].u_pe/w_d2_r_reg[6]'
INFO: [Synth 8-3886] merging instance 'g_pe_row[1].g_pe_pair[0].u_pe/w_d3_r_reg[6]' (FDC) to 'g_pe_row[1].g_pe_pair[3].u_pe/w_d3_r_reg[6]'
INFO: [Synth 8-3886] merging instance 'g_pe_row[1].g_pe_pair[2].u_pe/w_d3_r_reg[6]' (FDC) to 'g_pe_row[1].g_pe_pair[3].u_pe/w_d3_r_reg[6]'
INFO: [Synth 8-3886] merging instance 'g_pe_row[1].g_pe_pair[3].u_pe/w_d3_r_reg[6]' (FDC) to 'g_pe_row[1].g_pe_pair[1].u_pe/w_d3_r_reg[6]'
INFO: [Synth 8-3886] merging instance 'g_pe_row[1].g_pe_pair[0].u_pe/w_d1_r_reg[7]' (FDC) to 'g_pe_row[1].g_pe_pair[2].u_pe/w_d1_r_reg[7]'
INFO: [Synth 8-3886] merging instance 'g_pe_row[1].g_pe_pair[2].u_pe/w_d1_r_reg[7]' (FDC) to 'g_pe_row[1].g_pe_pair[3].u_pe/w_d1_r_reg[7]'
INFO: [Synth 8-3886] merging instance 'g_pe_row[1].g_pe_pair[3].u_pe/w_d1_r_reg[7]' (FDC) to 'g_pe_row[1].g_pe_pair[1].u_pe/w_d1_r_reg[7]'
INFO: [Synth 8-3886] merging instance 'g_pe_row[1].g_pe_pair[0].u_pe/w_d2_r_reg[7]' (FDC) to 'g_pe_row[1].g_pe_pair[3].u_pe/w_d2_r_reg[7]'
INFO: [Synth 8-3886] merging instance 'g_pe_row[1].g_pe_pair[2].u_pe/w_d2_r_reg[7]' (FDC) to 'g_pe_row[1].g_pe_pair[3].u_pe/w_d2_r_reg[7]'
INFO: [Synth 8-3886] merging instance 'g_pe_row[1].g_pe_pair[3].u_pe/w_d2_r_reg[7]' (FDC) to 'g_pe_row[1].g_pe_pair[1].u_pe/w_d2_r_reg[7]'
INFO: [Synth 8-3886] merging instance 'g_pe_row[1].g_pe_pair[0].u_pe/w_d3_r_reg[7]' (FDC) to 'g_pe_row[1].g_pe_pair[3].u_pe/w_d3_r_reg[7]'
INFO: [Synth 8-3886] merging instance 'g_pe_row[1].g_pe_pair[2].u_pe/w_d3_r_reg[7]' (FDC) to 'g_pe_row[1].g_pe_pair[3].u_pe/w_d3_r_reg[7]'
INFO: [Synth 8-3886] merging instance 'g_pe_row[1].g_pe_pair[3].u_pe/w_d3_r_reg[7]' (FDC) to 'g_pe_row[1].g_pe_pair[1].u_pe/w_d3_r_reg[7]'
INFO: [Synth 8-3886] merging instance 'g_pe_row[7].g_pe_pair[0].u_pe/w_d1_r_reg[0]' (FDC) to 'g_pe_row[7].g_pe_pair[2].u_pe/w_d1_r_reg[0]'
INFO: [Synth 8-3886] merging instance 'g_pe_row[7].g_pe_pair[2].u_pe/w_d1_r_reg[0]' (FDC) to 'g_pe_row[7].g_pe_pair[3].u_pe/w_d1_r_reg[0]'
INFO: [Synth 8-3886] merging instance 'g_pe_row[7].g_pe_pair[3].u_pe/w_d1_r_reg[0]' (FDC) to 'g_pe_row[7].g_pe_pair[1].u_pe/w_d1_r_reg[0]'
INFO: [Synth 8-3886] merging instance 'g_pe_row[7].g_pe_pair[0].u_pe/w_d2_r_reg[0]' (FDC) to 'g_pe_row[7].g_pe_pair[3].u_pe/w_d2_r_reg[0]'
INFO: [Synth 8-3886] merging instance 'g_pe_row[7].g_pe_pair[2].u_pe/w_d2_r_reg[0]' (FDC) to 'g_pe_row[7].g_pe_pair[3].u_pe/w_d2_r_reg[0]'
INFO: [Synth 8-3886] merging instance 'g_pe_row[7].g_pe_pair[3].u_pe/w_d2_r_reg[0]' (FDC) to 'g_pe_row[7].g_pe_pair[1].u_pe/w_d2_r_reg[0]'
INFO: [Synth 8-3886] merging instance 'g_pe_row[7].g_pe_pair[0].u_pe/w_d3_r_reg[0]' (FDC) to 'g_pe_row[7].g_pe_pair[3].u_pe/w_d3_r_reg[0]'
INFO: [Synth 8-3886] merging instance 'g_pe_row[7].g_pe_pair[2].u_pe/w_d3_r_reg[0]' (FDC) to 'g_pe_row[7].g_pe_pair[3].u_pe/w_d3_r_reg[0]'
INFO: [Synth 8-3886] merging instance 'g_pe_row[7].g_pe_pair[3].u_pe/w_d3_r_reg[0]' (FDC) to 'g_pe_row[7].g_pe_pair[1].u_pe/w_d3_r_reg[0]'
INFO: [Synth 8-3886] merging instance 'g_pe_row[7].g_pe_pair[0].u_pe/w_d1_r_reg[1]' (FDC) to 'g_pe_row[7].g_pe_pair[2].u_pe/w_d1_r_reg[1]'
INFO: [Synth 8-3886] merging instance 'g_pe_row[7].g_pe_pair[2].u_pe/w_d1_r_reg[1]' (FDC) to 'g_pe_row[7].g_pe_pair[3].u_pe/w_d1_r_reg[1]'
INFO: [Synth 8-3886] merging instance 'g_pe_row[7].g_pe_pair[3].u_pe/w_d1_r_reg[1]' (FDC) to 'g_pe_row[7].g_pe_pair[1].u_pe/w_d1_r_reg[1]'
INFO: [Synth 8-3886] merging instance 'g_pe_row[7].g_pe_pair[0].u_pe/w_d2_r_reg[1]' (FDC) to 'g_pe_row[7].g_pe_pair[3].u_pe/w_d2_r_reg[1]'
INFO: [Synth 8-3886] merging instance 'g_pe_row[7].g_pe_pair[2].u_pe/w_d2_r_reg[1]' (FDC) to 'g_pe_row[7].g_pe_pair[3].u_pe/w_d2_r_reg[1]'
INFO: [Synth 8-3886] merging instance 'g_pe_row[7].g_pe_pair[3].u_pe/w_d2_r_reg[1]' (FDC) to 'g_pe_row[7].g_pe_pair[1].u_pe/w_d2_r_reg[1]'
INFO: [Synth 8-3886] merging instance 'g_pe_row[7].g_pe_pair[0].u_pe/w_d3_r_reg[1]' (FDC) to 'g_pe_row[7].g_pe_pair[3].u_pe/w_d3_r_reg[1]'
INFO: [Synth 8-3886] merging instance 'g_pe_row[7].g_pe_pair[2].u_pe/w_d3_r_reg[1]' (FDC) to 'g_pe_row[7].g_pe_pair[3].u_pe/w_d3_r_reg[1]'
INFO: [Common 17-14] Message 'Synth 8-3886' appears 100 times and further instances of the messages will be disabled. Use the Tcl command set_msg_config to change the current settings.
INFO: [Common 17-14] Message 'Synth 8-3886' appears 100 times and further instances of the messages will be disabled. Use the Tcl command set_msg_config to change the current settings.
INFO: [Synth 8-7067] Removed DRAM instance i_30/i_0/u_wbuf/g_row[15].mem0_reg_64_127_6_7 from module extram__99 due to constant propagation
INFO: [Synth 8-7067] Removed DRAM instance i_30/i_0/u_wbuf/g_row[15].mem0_reg_128_191_6_7 from module extram__99 due to constant propagation
INFO: [Synth 8-7067] Removed DRAM instance i_30/i_0/u_wbuf/g_row[15].mem0_reg_192_255_6_7 from module extram__99 due to constant propagation
INFO: [Synth 8-7067] Removed DRAM instance i_30/i_0/u_wbuf/g_row[15].mem0_reg_256_319_6_7 from module extram__99 due to constant propagation
INFO: [Synth 8-7067] Removed DRAM instance i_30/i_0/u_wbuf/g_row[15].mem0_reg_320_383_6_7 from module extram__99 due to constant propagation
INFO: [Synth 8-7067] Removed DRAM instance i_30/i_0/u_wbuf/g_row[15].mem0_reg_384_447_6_7 from module extram__99 due to constant propagation
INFO: [Synth 8-7067] Removed DRAM instance i_30/i_0/u_wbuf/g_row[15].mem0_reg_448_511_6_7 from module extram__99 due to constant propagation
INFO: [Synth 8-7067] Removed DRAM instance i_30/i_0/u_wbuf/g_row[15].mem0_reg_512_575_6_7 from module extram__99 due to constant propagation
INFO: [Synth 8-7067] Removed DRAM instance i_30/i_0/u_wbuf/g_row[15].mem0_reg_576_639_6_7 from module extram__99 due to constant propagation
INFO: [Synth 8-7067] Removed DRAM instance i_30/i_0/u_wbuf/g_row[15].mem0_reg_640_703_6_7 from module extram__99 due to constant propagation
INFO: [Synth 8-7067] Removed DRAM instance i_30/i_0/u_wbuf/g_row[15].mem0_reg_704_767_6_7 from module extram__99 due to constant propagation
INFO: [Synth 8-7067] Removed DRAM instance i_30/i_0/u_wbuf/g_row[15].mem0_reg_768_831_6_7 from module extram__99 due to constant propagation
INFO: [Synth 8-7067] Removed DRAM instance i_30/i_0/u_wbuf/g_row[15].mem0_reg_832_895_6_7 from module extram__99 due to constant propagation
INFO: [Synth 8-7067] Removed DRAM instance i_30/i_0/u_wbuf/g_row[15].mem0_reg_896_959_6_7 from module extram__99 due to constant propagation
INFO: [Synth 8-7067] Removed DRAM instance i_30/i_0/u_wbuf/g_row[15].mem0_reg_960_1023_6_7 from module extram__99 due to constant propagation
INFO: [Synth 8-7067] Removed DRAM instance i_30/i_0/u_wbuf/g_row[15].mem0_reg_1024_1087_6_7 from module extram__99 due to constant propagation
INFO: [Synth 8-7067] Removed DRAM instance i_30/i_0/u_wbuf/g_row[15].mem0_reg_1088_1151_6_7 from module extram__99 due to constant propagation
INFO: [Synth 8-7067] Removed DRAM instance i_30/i_0/u_wbuf/g_row[15].mem0_reg_1152_1215_6_7 from module extram__99 due to constant propagation
INFO: [Synth 8-7067] Removed DRAM instance i_30/i_0/u_wbuf/g_row[15].mem0_reg_1216_1279_6_7 from module extram__99 due to constant propagation
INFO: [Synth 8-7067] Removed DRAM instance i_30/i_0/u_wbuf/g_row[15].mem0_reg_1280_1343_6_7 from module extram__99 due to constant propagation
INFO: [Synth 8-7067] Removed DRAM instance i_30/i_0/u_wbuf/g_row[15].mem0_reg_1344_1407_6_7 from module extram__99 due to constant propagation
INFO: [Synth 8-7067] Removed DRAM instance i_30/i_0/u_wbuf/g_row[15].mem0_reg_1408_1471_6_7 from module extram__99 due to constant propagation
INFO: [Synth 8-7067] Removed DRAM instance i_30/i_0/u_wbuf/g_row[15].mem0_reg_1472_1535_6_7 from module extram__99 due to constant propagation
INFO: [Synth 8-7067] Removed DRAM instance i_30/i_0/u_wbuf/g_row[15].mem0_reg_1536_1599_6_7 from module extram__99 due to constant propagation
INFO: [Synth 8-7067] Removed DRAM instance i_30/i_0/u_wbuf/g_row[15].mem0_reg_1600_1663_6_7 from module extram__99 due to constant propagation
INFO: [Synth 8-7067] Removed DRAM instance i_30/i_0/u_wbuf/g_row[15].mem0_reg_1664_1727_6_7 from module extram__99 due to constant propagation
INFO: [Synth 8-7067] Removed DRAM instance i_30/i_0/u_wbuf/g_row[15].mem0_reg_1728_1791_6_7 from module extram__99 due to constant propagation
INFO: [Synth 8-7067] Removed DRAM instance i_30/i_0/u_wbuf/g_row[15].mem0_reg_1792_1855_6_7 from module extram__99 due to constant propagation
INFO: [Synth 8-7067] Removed DRAM instance i_30/i_0/u_wbuf/g_row[15].mem0_reg_1856_1919_6_7 from module extram__99 due to constant propagation
INFO: [Synth 8-7067] Removed DRAM instance i_30/i_0/u_wbuf/g_row[15].mem0_reg_1920_1983_6_7 from module extram__99 due to constant propagation
INFO: [Synth 8-7067] Removed DRAM instance i_30/i_0/u_wbuf/g_row[15].mem0_reg_1984_2047_6_7 from module extram__99 due to constant propagation
INFO: [Synth 8-7067] Removed DRAM instance i_30/i_0/u_wbuf/g_row[15].mem0_reg_2048_2111_6_7 from module extram__99 due to constant propagation
INFO: [Synth 8-7067] Removed DRAM instance i_30/i_0/u_wbuf/g_row[15].mem0_reg_2112_2175_6_7 from module extram__99 due to constant propagation
INFO: [Synth 8-7067] Removed DRAM instance i_30/i_0/u_wbuf/g_row[15].mem0_reg_2176_2239_6_7 from module extram__99 due to constant propagation
INFO: [Synth 8-7067] Removed DRAM instance i_30/i_0/u_wbuf/g_row[15].mem0_reg_2240_2303_6_7 from module extram__99 due to constant propagation
INFO: [Synth 8-7067] Removed DRAM instance i_31/i_1/u_wbuf/g_row[15].mem1_reg_64_127_6_7 from module extram__101 due to constant propagation
INFO: [Synth 8-7067] Removed DRAM instance i_31/i_1/u_wbuf/g_row[15].mem1_reg_128_191_6_7 from module extram__101 due to constant propagation
INFO: [Synth 8-7067] Removed DRAM instance i_31/i_1/u_wbuf/g_row[15].mem1_reg_192_255_6_7 from module extram__101 due to constant propagation
INFO: [Synth 8-7067] Removed DRAM instance i_31/i_1/u_wbuf/g_row[15].mem1_reg_256_319_6_7 from module extram__101 due to constant propagation
INFO: [Synth 8-7067] Removed DRAM instance i_31/i_1/u_wbuf/g_row[15].mem1_reg_320_383_6_7 from module extram__101 due to constant propagation
INFO: [Synth 8-7067] Removed DRAM instance i_31/i_1/u_wbuf/g_row[15].mem1_reg_384_447_6_7 from module extram__101 due to constant propagation
INFO: [Synth 8-7067] Removed DRAM instance i_31/i_1/u_wbuf/g_row[15].mem1_reg_448_511_6_7 from module extram__101 due to constant propagation
INFO: [Synth 8-7067] Removed DRAM instance i_31/i_1/u_wbuf/g_row[15].mem1_reg_512_575_6_7 from module extram__101 due to constant propagation
INFO: [Synth 8-7067] Removed DRAM instance i_31/i_1/u_wbuf/g_row[15].mem1_reg_576_639_6_7 from module extram__101 due to constant propagation
INFO: [Synth 8-7067] Removed DRAM instance i_31/i_1/u_wbuf/g_row[15].mem1_reg_640_703_6_7 from module extram__101 due to constant propagation
INFO: [Synth 8-7067] Removed DRAM instance i_31/i_1/u_wbuf/g_row[15].mem1_reg_704_767_6_7 from module extram__101 due to constant propagation
INFO: [Synth 8-7067] Removed DRAM instance i_31/i_1/u_wbuf/g_row[15].mem1_reg_768_831_6_7 from module extram__101 due to constant propagation
INFO: [Synth 8-7067] Removed DRAM instance i_31/i_1/u_wbuf/g_row[15].mem1_reg_832_895_6_7 from module extram__101 due to constant propagation
INFO: [Synth 8-7067] Removed DRAM instance i_31/i_1/u_wbuf/g_row[15].mem1_reg_896_959_6_7 from module extram__101 due to constant propagation
INFO: [Synth 8-7067] Removed DRAM instance i_31/i_1/u_wbuf/g_row[15].mem1_reg_960_1023_6_7 from module extram__101 due to constant propagation
INFO: [Synth 8-7067] Removed DRAM instance i_31/i_1/u_wbuf/g_row[15].mem1_reg_1024_1087_6_7 from module extram__101 due to constant propagation
INFO: [Synth 8-7067] Removed DRAM instance i_31/i_1/u_wbuf/g_row[15].mem1_reg_1088_1151_6_7 from module extram__101 due to constant propagation
INFO: [Synth 8-7067] Removed DRAM instance i_31/i_1/u_wbuf/g_row[15].mem1_reg_1152_1215_6_7 from module extram__101 due to constant propagation
INFO: [Synth 8-7067] Removed DRAM instance i_31/i_1/u_wbuf/g_row[15].mem1_reg_1216_1279_6_7 from module extram__101 due to constant propagation
INFO: [Synth 8-7067] Removed DRAM instance i_31/i_1/u_wbuf/g_row[15].mem1_reg_1280_1343_6_7 from module extram__101 due to constant propagation
INFO: [Synth 8-7067] Removed DRAM instance i_31/i_1/u_wbuf/g_row[15].mem1_reg_1344_1407_6_7 from module extram__101 due to constant propagation
INFO: [Synth 8-7067] Removed DRAM instance i_31/i_1/u_wbuf/g_row[15].mem1_reg_1408_1471_6_7 from module extram__101 due to constant propagation
INFO: [Synth 8-7067] Removed DRAM instance i_31/i_1/u_wbuf/g_row[15].mem1_reg_1472_1535_6_7 from module extram__101 due to constant propagation
INFO: [Synth 8-7067] Removed DRAM instance i_31/i_1/u_wbuf/g_row[15].mem1_reg_1536_1599_6_7 from module extram__101 due to constant propagation
INFO: [Synth 8-7067] Removed DRAM instance i_31/i_1/u_wbuf/g_row[15].mem1_reg_1600_1663_6_7 from module extram__101 due to constant propagation
INFO: [Synth 8-7067] Removed DRAM instance i_31/i_1/u_wbuf/g_row[15].mem1_reg_1664_1727_6_7 from module extram__101 due to constant propagation
INFO: [Synth 8-7067] Removed DRAM instance i_31/i_1/u_wbuf/g_row[15].mem1_reg_1728_1791_6_7 from module extram__101 due to constant propagation
INFO: [Synth 8-7067] Removed DRAM instance i_31/i_1/u_wbuf/g_row[15].mem1_reg_1792_1855_6_7 from module extram__101 due to constant propagation
INFO: [Synth 8-7067] Removed DRAM instance i_31/i_1/u_wbuf/g_row[15].mem1_reg_1856_1919_6_7 from module extram__101 due to constant propagation
INFO: [Synth 8-7067] Removed DRAM instance i_31/i_1/u_wbuf/g_row[15].mem1_reg_1920_1983_6_7 from module extram__101 due to constant propagation
INFO: [Synth 8-7067] Removed DRAM instance i_31/i_1/u_wbuf/g_row[15].mem1_reg_1984_2047_6_7 from module extram__101 due to constant propagation
INFO: [Synth 8-7067] Removed DRAM instance i_31/i_1/u_wbuf/g_row[15].mem1_reg_2048_2111_6_7 from module extram__101 due to constant propagation
INFO: [Synth 8-7067] Removed DRAM instance i_31/i_1/u_wbuf/g_row[15].mem1_reg_2112_2175_6_7 from module extram__101 due to constant propagation
INFO: [Synth 8-7067] Removed DRAM instance i_31/i_1/u_wbuf/g_row[15].mem1_reg_2176_2239_6_7 from module extram__101 due to constant propagation
INFO: [Synth 8-7067] Removed DRAM instance i_31/i_1/u_wbuf/g_row[15].mem1_reg_2240_2303_6_7 from module extram__101 due to constant propagation
INFO: [Synth 8-7067] Removed DRAM instance i_30/i_0/u_wbuf/g_row[15].mem0_reg_64_127_3_5 from module extram__99 due to constant propagation
INFO: [Synth 8-7067] Removed DRAM instance i_30/i_0/u_wbuf/g_row[15].mem0_reg_128_191_3_5 from module extram__99 due to constant propagation
INFO: [Synth 8-7067] Removed DRAM instance i_30/i_0/u_wbuf/g_row[15].mem0_reg_192_255_3_5 from module extram__99 due to constant propagation
INFO: [Synth 8-7067] Removed DRAM instance i_30/i_0/u_wbuf/g_row[15].mem0_reg_256_319_3_5 from module extram__99 due to constant propagation
INFO: [Synth 8-7067] Removed DRAM instance i_30/i_0/u_wbuf/g_row[15].mem0_reg_320_383_3_5 from module extram__99 due to constant propagation
INFO: [Synth 8-7067] Removed DRAM instance i_30/i_0/u_wbuf/g_row[15].mem0_reg_384_447_3_5 from module extram__99 due to constant propagation
INFO: [Synth 8-7067] Removed DRAM instance i_30/i_0/u_wbuf/g_row[15].mem0_reg_448_511_3_5 from module extram__99 due to constant propagation
INFO: [Synth 8-7067] Removed DRAM instance i_30/i_0/u_wbuf/g_row[15].mem0_reg_512_575_3_5 from module extram__99 due to constant propagation
INFO: [Synth 8-7067] Removed DRAM instance i_30/i_0/u_wbuf/g_row[15].mem0_reg_576_639_3_5 from module extram__99 due to constant propagation
INFO: [Synth 8-7067] Removed DRAM instance i_30/i_0/u_wbuf/g_row[15].mem0_reg_640_703_3_5 from module extram__99 due to constant propagation
INFO: [Synth 8-7067] Removed DRAM instance i_30/i_0/u_wbuf/g_row[15].mem0_reg_704_767_3_5 from module extram__99 due to constant propagation
INFO: [Synth 8-7067] Removed DRAM instance i_30/i_0/u_wbuf/g_row[15].mem0_reg_768_831_3_5 from module extram__99 due to constant propagation
INFO: [Synth 8-7067] Removed DRAM instance i_30/i_0/u_wbuf/g_row[15].mem0_reg_832_895_3_5 from module extram__99 due to constant propagation
INFO: [Synth 8-7067] Removed DRAM instance i_30/i_0/u_wbuf/g_row[15].mem0_reg_896_959_3_5 from module extram__99 due to constant propagation
INFO: [Synth 8-7067] Removed DRAM instance i_30/i_0/u_wbuf/g_row[15].mem0_reg_960_1023_3_5 from module extram__99 due to constant propagation
INFO: [Synth 8-7067] Removed DRAM instance i_30/i_0/u_wbuf/g_row[15].mem0_reg_1024_1087_3_5 from module extram__99 due to constant propagation
INFO: [Synth 8-7067] Removed DRAM instance i_30/i_0/u_wbuf/g_row[15].mem0_reg_1088_1151_3_5 from module extram__99 due to constant propagation
INFO: [Synth 8-7067] Removed DRAM instance i_30/i_0/u_wbuf/g_row[15].mem0_reg_1152_1215_3_5 from module extram__99 due to constant propagation
INFO: [Synth 8-7067] Removed DRAM instance i_30/i_0/u_wbuf/g_row[15].mem0_reg_1216_1279_3_5 from module extram__99 due to constant propagation
INFO: [Synth 8-7067] Removed DRAM instance i_30/i_0/u_wbuf/g_row[15].mem0_reg_1280_1343_3_5 from module extram__99 due to constant propagation
INFO: [Synth 8-7067] Removed DRAM instance i_30/i_0/u_wbuf/g_row[15].mem0_reg_1344_1407_3_5 from module extram__99 due to constant propagation
INFO: [Synth 8-7067] Removed DRAM instance i_30/i_0/u_wbuf/g_row[15].mem0_reg_1408_1471_3_5 from module extram__99 due to constant propagation
INFO: [Synth 8-7067] Removed DRAM instance i_30/i_0/u_wbuf/g_row[15].mem0_reg_1472_1535_3_5 from module extram__99 due to constant propagation
INFO: [Synth 8-7067] Removed DRAM instance i_30/i_0/u_wbuf/g_row[15].mem0_reg_1536_1599_3_5 from module extram__99 due to constant propagation
INFO: [Synth 8-7067] Removed DRAM instance i_30/i_0/u_wbuf/g_row[15].mem0_reg_1600_1663_3_5 from module extram__99 due to constant propagation
INFO: [Synth 8-7067] Removed DRAM instance i_30/i_0/u_wbuf/g_row[15].mem0_reg_1664_1727_3_5 from module extram__99 due to constant propagation
INFO: [Synth 8-7067] Removed DRAM instance i_30/i_0/u_wbuf/g_row[15].mem0_reg_1728_1791_3_5 from module extram__99 due to constant propagation
INFO: [Synth 8-7067] Removed DRAM instance i_30/i_0/u_wbuf/g_row[15].mem0_reg_1792_1855_3_5 from module extram__99 due to constant propagation
INFO: [Synth 8-7067] Removed DRAM instance i_30/i_0/u_wbuf/g_row[15].mem0_reg_1856_1919_3_5 from module extram__99 due to constant propagation
INFO: [Synth 8-7067] Removed DRAM instance i_30/i_0/u_wbuf/g_row[15].mem0_reg_1920_1983_3_5 from module extram__99 due to constant propagation
INFO: [Common 17-14] Message 'Synth 8-7067' appears 100 times and further instances of the messages will be disabled. Use the Tcl command set_msg_config to change the current settings.
INFO: [Common 17-14] Message 'Synth 8-7067' appears 100 times and further instances of the messages will be disabled. Use the Tcl command set_msg_config to change the current settings.
INFO: [Synth 8-12192] Not enough pipeline registers after wide multiplier. Pipeline registers present is 1. Recommended levels of pipeline registers is 4. [E:/competition/2_fpga/3_yolo_zynq/rtl/yolo_requant.v:160]
DSP Report: Generating DSP prod_c_w, operation Mode is: A*B.
DSP Report: operator prod_c_w is absorbed into DSP prod_c_w.
DSP Report: operator prod_c_w is absorbed into DSP prod_c_w.
DSP Report: Generating DSP prod_c_w, operation Mode is: (PCIN>>17)+A*B.
DSP Report: operator prod_c_w is absorbed into DSP prod_c_w.
DSP Report: operator prod_c_w is absorbed into DSP prod_c_w.
DSP Report: Generating DSP prod_c_w, operation Mode is: A*B.
DSP Report: operator prod_c_w is absorbed into DSP prod_c_w.
DSP Report: operator prod_c_w is absorbed into DSP prod_c_w.
DSP Report: Generating DSP prod_c_w, operation Mode is: (PCIN>>17)+A*B.
DSP Report: operator prod_c_w is absorbed into DSP prod_c_w.
DSP Report: operator prod_c_w is absorbed into DSP prod_c_w.
WARNING: [Synth 8-3332] Sequential element (prod_r_reg[47]) is unused and will be removed from module yolo_requant.
WARNING: [Synth 8-3332] Sequential element (prod_r_reg[46]) is unused and will be removed from module yolo_requant.
WARNING: [Synth 8-3332] Sequential element (prod_r_reg[45]) is unused and will be removed from module yolo_requant.
WARNING: [Synth 8-3332] Sequential element (prod_r_reg[44]) is unused and will be removed from module yolo_requant.
WARNING: [Synth 8-3332] Sequential element (prod_r_reg[43]) is unused and will be removed from module yolo_requant.
WARNING: [Synth 8-3332] Sequential element (prod_r_reg[42]) is unused and will be removed from module yolo_requant.
WARNING: [Synth 8-3332] Sequential element (prod_r_reg[41]) is unused and will be removed from module yolo_requant.
WARNING: [Synth 8-3332] Sequential element (prod_r_reg[40]) is unused and will be removed from module yolo_requant.
WARNING: [Synth 8-3332] Sequential element (prod_r_reg[39]) is unused and will be removed from module yolo_requant.
WARNING: [Synth 8-3332] Sequential element (prod_r_reg[38]) is unused and will be removed from module yolo_requant.
WARNING: [Synth 8-3332] Sequential element (prod_r_reg[37]) is unused and will be removed from module yolo_requant.
WARNING: [Synth 8-3332] Sequential element (prod_r_reg[36]) is unused and will be removed from module yolo_requant.
WARNING: [Synth 8-3332] Sequential element (prod_r_reg[35]) is unused and will be removed from module yolo_requant.
WARNING: [Synth 8-3332] Sequential element (prod_r_reg[34]) is unused and will be removed from module yolo_requant.
WARNING: [Synth 8-3332] Sequential element (prod_r_reg[33]) is unused and will be removed from module yolo_requant.
WARNING: [Synth 8-3332] Sequential element (prod_r_reg[32]) is unused and will be removed from module yolo_requant.
WARNING: [Synth 8-3332] Sequential element (prod_r_reg[31]) is unused and will be removed from module yolo_requant.
WARNING: [Synth 8-3332] Sequential element (prod_r_reg[30]) is unused and will be removed from module yolo_requant.
WARNING: [Synth 8-3332] Sequential element (prod_r_reg[29]) is unused and will be removed from module yolo_requant.
WARNING: [Synth 8-3332] Sequential element (prod_r_reg[28]) is unused and will be removed from module yolo_requant.
WARNING: [Synth 8-3332] Sequential element (prod_r_reg[27]) is unused and will be removed from module yolo_requant.
WARNING: [Synth 8-3332] Sequential element (prod_r_reg[26]) is unused and will be removed from module yolo_requant.
WARNING: [Synth 8-3332] Sequential element (prod_r_reg[25]) is unused and will be removed from module yolo_requant.
WARNING: [Synth 8-3332] Sequential element (prod_r_reg[24]) is unused and will be removed from module yolo_requant.
WARNING: [Synth 8-3332] Sequential element (prod_r_reg[23]) is unused and will be removed from module yolo_requant.
WARNING: [Synth 8-3332] Sequential element (prod_r_reg[22]) is unused and will be removed from module yolo_requant.
WARNING: [Synth 8-3332] Sequential element (prod_r_reg[21]) is unused and will be removed from module yolo_requant.
WARNING: [Synth 8-3332] Sequential element (prod_r_reg[20]) is unused and will be removed from module yolo_requant.
WARNING: [Synth 8-3332] Sequential element (prod_r_reg[19]) is unused and will be removed from module yolo_requant.
WARNING: [Synth 8-3332] Sequential element (prod_r_reg[18]) is unused and will be removed from module yolo_requant.
WARNING: [Synth 8-3332] Sequential element (prod_r_reg[17]) is unused and will be removed from module yolo_requant.
WARNING: [Synth 8-3332] Sequential element (prod_r_reg[47]__0) is unused and will be removed from module yolo_requant.
WARNING: [Synth 8-3332] Sequential element (prod_r_reg[46]__0) is unused and will be removed from module yolo_requant.
WARNING: [Synth 8-3332] Sequential element (prod_r_reg[45]__0) is unused and will be removed from module yolo_requant.
WARNING: [Synth 8-3332] Sequential element (prod_r_reg[44]__0) is unused and will be removed from module yolo_requant.
WARNING: [Synth 8-3332] Sequential element (prod_r_reg[43]__0) is unused and will be removed from module yolo_requant.
WARNING: [Synth 8-3332] Sequential element (prod_r_reg[42]__0) is unused and will be removed from module yolo_requant.
WARNING: [Synth 8-3332] Sequential element (prod_r_reg[41]__0) is unused and will be removed from module yolo_requant.
WARNING: [Synth 8-3332] Sequential element (prod_r_reg[40]__0) is unused and will be removed from module yolo_requant.
WARNING: [Synth 8-3332] Sequential element (prod_r_reg[39]__0) is unused and will be removed from module yolo_requant.
WARNING: [Synth 8-3332] Sequential element (prod_r_reg[38]__0) is unused and will be removed from module yolo_requant.
WARNING: [Synth 8-3332] Sequential element (prod_r_reg[37]__0) is unused and will be removed from module yolo_requant.
WARNING: [Synth 8-3332] Sequential element (prod_r_reg[36]__0) is unused and will be removed from module yolo_requant.
WARNING: [Synth 8-3332] Sequential element (prod_r_reg[35]__0) is unused and will be removed from module yolo_requant.
WARNING: [Synth 8-3332] Sequential element (prod_r_reg[34]__0) is unused and will be removed from module yolo_requant.
WARNING: [Synth 8-3332] Sequential element (prod_r_reg[33]__0) is unused and will be removed from module yolo_requant.
WARNING: [Synth 8-3332] Sequential element (prod_r_reg[32]__0) is unused and will be removed from module yolo_requant.
WARNING: [Synth 8-3332] Sequential element (prod_r_reg[31]__0) is unused and will be removed from module yolo_requant.
WARNING: [Synth 8-3332] Sequential element (prod_r_reg[30]__0) is unused and will be removed from module yolo_requant.
WARNING: [Synth 8-3332] Sequential element (prod_r_reg[47]__1) is unused and will be removed from module yolo_requant.
WARNING: [Synth 8-3332] Sequential element (prod_r_reg[46]__1) is unused and will be removed from module yolo_requant.
WARNING: [Synth 8-3332] Sequential element (prod_r_reg[45]__1) is unused and will be removed from module yolo_requant.
WARNING: [Synth 8-3332] Sequential element (prod_r_reg[44]__1) is unused and will be removed from module yolo_requant.
WARNING: [Synth 8-3332] Sequential element (prod_r_reg[43]__1) is unused and will be removed from module yolo_requant.
WARNING: [Synth 8-3332] Sequential element (prod_r_reg[42]__1) is unused and will be removed from module yolo_requant.
WARNING: [Synth 8-3332] Sequential element (prod_r_reg[41]__1) is unused and will be removed from module yolo_requant.
WARNING: [Synth 8-3332] Sequential element (prod_r_reg[40]__1) is unused and will be removed from module yolo_requant.
WARNING: [Synth 8-3332] Sequential element (prod_r_reg[39]__1) is unused and will be removed from module yolo_requant.
WARNING: [Synth 8-3332] Sequential element (prod_r_reg[38]__1) is unused and will be removed from module yolo_requant.
WARNING: [Synth 8-3332] Sequential element (prod_r_reg[37]__1) is unused and will be removed from module yolo_requant.
WARNING: [Synth 8-3332] Sequential element (prod_r_reg[36]__1) is unused and will be removed from module yolo_requant.
WARNING: [Synth 8-3332] Sequential element (prod_r_reg[35]__1) is unused and will be removed from module yolo_requant.
WARNING: [Synth 8-3332] Sequential element (prod_r_reg[34]__1) is unused and will be removed from module yolo_requant.
WARNING: [Synth 8-3332] Sequential element (prod_r_reg[33]__1) is unused and will be removed from module yolo_requant.
WARNING: [Synth 8-3332] Sequential element (prod_r_reg[32]__1) is unused and will be removed from module yolo_requant.
WARNING: [Synth 8-3332] Sequential element (prod_r_reg[31]__1) is unused and will be removed from module yolo_requant.
WARNING: [Synth 8-3332] Sequential element (prod_r_reg[30]__1) is unused and will be removed from module yolo_requant.
WARNING: [Synth 8-3332] Sequential element (prod_r_reg[29]__1) is unused and will be removed from module yolo_requant.
WARNING: [Synth 8-3332] Sequential element (prod_r_reg[28]__1) is unused and will be removed from module yolo_requant.
WARNING: [Synth 8-3332] Sequential element (prod_r_reg[27]__1) is unused and will be removed from module yolo_requant.
WARNING: [Synth 8-3332] Sequential element (prod_r_reg[26]__1) is unused and will be removed from module yolo_requant.
WARNING: [Synth 8-3332] Sequential element (prod_r_reg[25]__1) is unused and will be removed from module yolo_requant.
WARNING: [Synth 8-3332] Sequential element (prod_r_reg[24]__1) is unused and will be removed from module yolo_requant.
WARNING: [Synth 8-3332] Sequential element (prod_r_reg[23]__1) is unused and will be removed from module yolo_requant.
WARNING: [Synth 8-3332] Sequential element (prod_r_reg[22]__1) is unused and will be removed from module yolo_requant.
WARNING: [Synth 8-3332] Sequential element (prod_r_reg[21]__1) is unused and will be removed from module yolo_requant.
WARNING: [Synth 8-3332] Sequential element (prod_r_reg[20]__1) is unused and will be removed from module yolo_requant.
WARNING: [Synth 8-3332] Sequential element (prod_r_reg[19]__1) is unused and will be removed from module yolo_requant.
WARNING: [Synth 8-3332] Sequential element (prod_r_reg[18]__1) is unused and will be removed from module yolo_requant.
WARNING: [Synth 8-3332] Sequential element (prod_r_reg[17]__1) is unused and will be removed from module yolo_requant.
WARNING: [Synth 8-3332] Sequential element (prod_r_reg[47]__2) is unused and will be removed from module yolo_requant.
DSP Report: Generating DSP oy_sh_r0, operation Mode is: A*B.
DSP Report: operator oy_sh_r0 is absorbed into DSP oy_sh_r0.
DSP Report: Generating DSP p_1_out, operation Mode is: (C or 0)+A*B.
DSP Report: operator row_off_r0 is absorbed into DSP p_1_out.
DSP Report: operator row_off_r0 is absorbed into DSP p_1_out.
DSP Report: Generating DSP ox_sw_r0, operation Mode is: A*B.
DSP Report: operator ox_sw_r0 is absorbed into DSP ox_sw_r0.
DSP Report: Generating DSP kh1_iw_r0, operation Mode is: (D+(A:0x3fffffff))*B.
DSP Report: operator kh1_iw_r0 is absorbed into DSP kh1_iw_r0.
DSP Report: operator kh1_iw_r1 is absorbed into DSP kh1_iw_r0.
DSP Report: Generating DSP sh_iw_r0, operation Mode is: A*B.
DSP Report: operator sh_iw_r0 is absorbed into DSP sh_iw_r0.
DSP Report: Generating DSP plane_sz_c0, operation Mode is: A*B.
DSP Report: operator plane_sz_c0 is absorbed into DSP plane_sz_c0.
DSP Report: Generating DSP rq_limit_r0, operation Mode is: (C:0xffffffffffff)+A*B.
DSP Report: operator rq_limit_r0 is absorbed into DSP rq_limit_r0.
DSP Report: operator rq_limit_r1 is absorbed into DSP rq_limit_r0.
DSP Report: Generating DSP row_addr_d2_r2, operation Mode is: A*B.
DSP Report: operator row_addr_d2_r2 is absorbed into DSP row_addr_d2_r2.
DSP Report: Generating DSP row_addr_d2_r0, operation Mode is: PCIN+(A:0x0):B+C.
DSP Report: operator row_addr_d2_r0 is absorbed into DSP row_addr_d2_r0.
WARNING: [Synth 8-7129] Port rlast_i in module yolo_dma is either unconnected or has no load
WARNING: [Synth 8-7129] Port ic_i[15] in module yolo_addrgen is either unconnected or has no load
WARNING: [Synth 8-7129] Port ic_i[14] in module yolo_addrgen is either unconnected or has no load
WARNING: [Synth 8-7129] Port ic_i[13] in module yolo_addrgen is either unconnected or has no load
WARNING: [Synth 8-7129] Port ic_i[12] in module yolo_addrgen is either unconnected or has no load
WARNING: [Synth 8-7129] Port ic_i[11] in module yolo_addrgen is either unconnected or has no load
WARNING: [Synth 8-7129] Port ic_i[10] in module yolo_addrgen is either unconnected or has no load
INFO: [Common 17-14] Message 'Synth 8-7129' appears 100 times and further instances of the messages will be disabled. Use the Tcl command set_msg_config to change the current settings.
INFO: [Synth 8-3333] propagating constant 0 across sequential element (\n_base_d1_r_reg[3] )
INFO: [Synth 8-3333] propagating constant 0 across sequential element (u_addrgen/\k_len_c_reg[13] )
INFO: [Synth 8-3333] propagating constant 0 across sequential element (\cfg_oc_tiles_r_reg[8] )
INFO: [Synth 8-3333] propagating constant 0 across sequential element (u_dma/\tail_r_reg[2] )
INFO: [Synth 8-3333] propagating constant 0 across sequential element (u_ctrl/\oc_tiles_r_reg[8] )
INFO: [Synth 8-3333] propagating constant 0 across sequential element (u_dma/\state_r_reg[2] )
INFO: [Synth 8-3333] propagating constant 0 across sequential element (u_dma/\want2_r_reg[31] )
INFO: [Synth 8-3333] propagating constant 0 across sequential element (u_addrgen/\pad_val_o_reg[6] )
INFO: [Synth 8-3333] propagating constant 0 across sequential element (u_dma_wr/\lo_r_reg[3] )
INFO: [Synth 8-3333] propagating constant 0 across sequential element (u_dma_wr/\want2_r_reg[31] )
INFO: [Synth 8-3333] propagating constant 0 across sequential element (u_dma/\want2_r_reg[23] )
INFO: [Common 17-14] Message 'Synth 8-3886' appears 100 times and further instances of the messages will be disabled. Use the Tcl command set_msg_config to change the current settings.
INFO: [Synth 8-3333] propagating constant 0 across sequential element (u_dma_wr/\want2_r_reg[23] )
INFO: [Synth 8-3333] propagating constant 0 across sequential element (u_ctrl/\oc_tail_last_r_reg[5] )
INFO: [Synth 8-3333] propagating constant 0 across sequential element (u_ctrl/\oc_tail_next_r_reg[5] )
INFO: [Synth 8-3333] propagating constant 0 across sequential element (u_ctrl/\oc_tail_r_reg[5] )
---------------------------------------------------------------------------------
Finished Cross Boundary and Area Optimization : Time (s): cpu = 00:00:27 ; elapsed = 00:00:40 . Memory (MB): peak = 1981.582 ; gain = 0.000
---------------------------------------------------------------------------------
 Sort Area is yolo_gemm_array__GB5 p_1_out_2 : 0 0 : 3261 3261 : Used 1 time 100
 Sort Area is yolo_gemm_array__GB4 prod_c_w_0 : 0 0 : 2701 4864 : Used 1 time 0
 Sort Area is yolo_gemm_array__GB4 prod_c_w_0 : 0 1 : 2163 4864 : Used 1 time 0
 Sort Area is yolo_gemm_array__GB4 prod_c_w_3 : 0 0 : 2304 4252 : Used 1 time 0
 Sort Area is yolo_gemm_array__GB4 prod_c_w_3 : 0 1 : 1948 4252 : Used 1 time 0
 Sort Area is yolo_gemm_array__GB5 kh1_iw_r0_8 : 0 0 : 2760 2760 : Used 1 time 0
 Sort Area is yolo_gemm_array__GB5 row_addr_d2_r2_c : 0 0 : 1946 2152 : Used 1 time 0
 Sort Area is yolo_gemm_array__GB5 row_addr_d2_r2_c : 0 1 : 206 2152 : Used 1 time 0
 Sort Area is yolo_gemm_array__GB5 plane_sz_c0_5 : 0 0 : 1946 1946 : Used 1 time 0
 Sort Area is yolo_gemm_array__GB5 rq_limit_r0_a : 0 0 : 1084 1084 : Used 1 time 0
 Sort Area is yolo_gemm_array__GB5 ox_sw_r0_4 : 0 0 : 878 878 : Used 1 time 0
 Sort Area is yolo_gemm_array__GB5 oy_sh_r0_0 : 0 0 : 878 878 : Used 1 time 0
 Sort Area is yolo_gemm_array__GB5 sh_iw_r0_7 : 0 0 : 878 878 : Used 1 time 0
---------------------------------------------------------------------------------
Start Applying XDC Timing Constraints
---------------------------------------------------------------------------------
---------------------------------------------------------------------------------
Finished Applying XDC Timing Constraints : Time (s): cpu = 00:00:34 ; elapsed = 00:00:46 . Memory (MB): peak = 1981.582 ; gain = 0.000
---------------------------------------------------------------------------------
---------------------------------------------------------------------------------
Start Timing Optimization
---------------------------------------------------------------------------------
---------------------------------------------------------------------------------
Finished Timing Optimization : Time (s): cpu = 00:00:34 ; elapsed = 00:00:47 . Memory (MB): peak = 1981.582 ; gain = 0.000
---------------------------------------------------------------------------------
---------------------------------------------------------------------------------
Start Technology Mapping
---------------------------------------------------------------------------------
INFO: [Synth 8-5844] Detected registers with asynchronous reset at DSP/BRAM block boundary. Consider using synchronous reset for optimal packing [E:/competition/2_fpga/3_yolo_zynq/rtl/yolo_requant.v:154]
INFO: [Synth 8-5844] Detected registers with asynchronous reset at DSP/BRAM block boundary. Consider using synchronous reset for optimal packing [E:/competition/2_fpga/3_yolo_zynq/rtl/yolo_requant.v:154]
INFO: [Synth 8-5844] Detected registers with asynchronous reset at DSP/BRAM block boundary. Consider using synchronous reset for optimal packing [E:/competition/2_fpga/3_yolo_zynq/rtl/yolo_requant.v:160]
INFO: [Synth 8-5844] Detected registers with asynchronous reset at DSP/BRAM block boundary. Consider using synchronous reset for optimal packing [E:/competition/2_fpga/3_yolo_zynq/rtl/yolo_requant.v:160]
INFO: [Synth 8-5844] Detected registers with asynchronous reset at DSP/BRAM block boundary. Consider using synchronous reset for optimal packing [E:/competition/2_fpga/3_yolo_zynq/rtl/yolo_requant.v:160]
INFO: [Synth 8-5844] Detected registers with asynchronous reset at DSP/BRAM block boundary. Consider using synchronous reset for optimal packing [E:/competition/2_fpga/3_yolo_zynq/rtl/yolo_requant.v:160]
INFO: [Synth 8-5844] Detected registers with asynchronous reset at DSP/BRAM block boundary. Consider using synchronous reset for optimal packing [E:/competition/2_fpga/3_yolo_zynq/rtl/yolo_requant.v:160]
INFO: [Synth 8-5844] Detected registers with asynchronous reset at DSP/BRAM block boundary. Consider using synchronous reset for optimal packing [E:/competition/2_fpga/3_yolo_zynq/rtl/yolo_requant.v:160]
INFO: [Synth 8-5844] Detected registers with asynchronous reset at DSP/BRAM block boundary. Consider using synchronous reset for optimal packing [E:/competition/2_fpga/3_yolo_zynq/rtl/yolo_requant.v:160]
INFO: [Synth 8-5844] Detected registers with asynchronous reset at DSP/BRAM block boundary. Consider using synchronous reset for optimal packing [E:/competition/2_fpga/3_yolo_zynq/rtl/yolo_requant.v:160]
INFO: [Synth 8-5844] Detected registers with asynchronous reset at DSP/BRAM block boundary. Consider using synchronous reset for optimal packing [E:/competition/2_fpga/3_yolo_zynq/rtl/yolo_addrgen.v:185]
INFO: [Synth 8-5844] Detected registers with asynchronous reset at DSP/BRAM block boundary. Consider using synchronous reset for optimal packing [E:/competition/2_fpga/3_yolo_zynq/rtl/yolo_addrgen.v:281]
INFO: [Synth 8-5844] Detected registers with asynchronous reset at DSP/BRAM block boundary. Consider using synchronous reset for optimal packing [E:/competition/2_fpga/3_yolo_zynq/rtl/yolo_addrgen.v:283]
INFO: [Synth 8-5844] Detected registers with asynchronous reset at DSP/BRAM block boundary. Consider using synchronous reset for optimal packing [E:/competition/2_fpga/3_yolo_zynq/rtl/yolo_ctrl.v:207]
INFO: [Synth 8-5844] Detected registers with asynchronous reset at DSP/BRAM block boundary. Consider using synchronous reset for optimal packing [E:/competition/2_fpga/3_yolo_zynq/rtl/yolo_gemm_array.v:1167]
INFO: [Synth 8-5844] Detected registers with asynchronous reset at DSP/BRAM block boundary. Consider using synchronous reset for optimal packing [E:/competition/2_fpga/3_yolo_zynq/rtl/yolo_addrgen.v:277]
INFO: [Synth 8-5844] Detected registers with asynchronous reset at DSP/BRAM block boundary. Consider using synchronous reset for optimal packing [E:/competition/2_fpga/3_yolo_zynq/rtl/yolo_addrgen.v:265]
INFO: [Synth 8-5844] Detected registers with asynchronous reset at DSP/BRAM block boundary. Consider using synchronous reset for optimal packing [E:/competition/2_fpga/3_yolo_zynq/rtl/yolo_addrgen.v:287]
INFO: [Synth 8-5844] Detected registers with asynchronous reset at DSP/BRAM block boundary. Consider using synchronous reset for optimal packing [E:/competition/2_fpga/3_yolo_zynq/rtl/yolo_addrgen.v:184]
INFO: [Synth 8-5844] Detected registers with asynchronous reset at DSP/BRAM block boundary. Consider using synchronous reset for optimal packing [E:/competition/2_fpga/3_yolo_zynq/rtl/yolo_addrgen.v:184]
INFO: [Synth 8-5844] Detected registers with asynchronous reset at DSP/BRAM block boundary. Consider using synchronous reset for optimal packing [E:/competition/2_fpga/3_yolo_zynq/rtl/yolo_addrgen.v:165]
INFO: [Synth 8-5844] Detected registers with asynchronous reset at DSP/BRAM block boundary. Consider using synchronous reset for optimal packing [E:/competition/2_fpga/3_yolo_zynq/rtl/yolo_addrgen.v:266]
INFO: [Synth 8-5844] Detected registers with asynchronous reset at DSP/BRAM block boundary. Consider using synchronous reset for optimal packing [E:/competition/2_fpga/3_yolo_zynq/rtl/yolo_addrgen.v:184]
INFO: [Synth 8-5844] Detected registers with asynchronous reset at DSP/BRAM block boundary. Consider using synchronous reset for optimal packing [E:/competition/2_fpga/3_yolo_zynq/rtl/yolo_addrgen.v:220]
INFO: [Synth 8-5844] Detected registers with asynchronous reset at DSP/BRAM block boundary. Consider using synchronous reset for optimal packing [E:/competition/2_fpga/3_yolo_zynq/rtl/yolo_addrgen.v:184]
INFO: [Synth 8-5844] Detected registers with asynchronous reset at DSP/BRAM block boundary. Consider using synchronous reset for optimal packing [E:/competition/2_fpga/3_yolo_zynq/rtl/yolo_addrgen.v:265]
INFO: [Synth 8-5844] Detected registers with asynchronous reset at DSP/BRAM block boundary. Consider using synchronous reset for optimal packing [E:/competition/2_fpga/3_yolo_zynq/rtl/yolo_addrgen.v:192]
INFO: [Synth 8-5844] Detected registers with asynchronous reset at DSP/BRAM block boundary. Consider using synchronous reset for optimal packing [E:/competition/2_fpga/3_yolo_zynq/rtl/yolo_addrgen.v:184]
INFO: [Synth 8-5844] Detected registers with asynchronous reset at DSP/BRAM block boundary. Consider using synchronous reset for optimal packing [E:/competition/2_fpga/3_yolo_zynq/rtl/yolo_ctrl.v:221]
INFO: [Synth 8-5844] Detected registers with asynchronous reset at DSP/BRAM block boundary. Consider using synchronous reset for optimal packing [E:/competition/2_fpga/3_yolo_zynq/rtl/yolo_ctrl.v:222]
INFO: [Synth 8-5844] Detected registers with asynchronous reset at DSP/BRAM block boundary. Consider using synchronous reset for optimal packing [E:/competition/2_fpga/3_yolo_zynq/rtl/yolo_gemm_array.v:372]
INFO: [Synth 8-5844] Detected registers with asynchronous reset at DSP/BRAM block boundary. Consider using synchronous reset for optimal packing [E:/competition/2_fpga/3_yolo_zynq/rtl/yolo_gemm_array.v:382]
INFO: [Synth 8-5844] Detected registers with asynchronous reset at DSP/BRAM block boundary. Consider using synchronous reset for optimal packing [E:/competition/2_fpga/3_yolo_zynq/rtl/yolo_gemm_array.v:1068]
INFO: [Synth 8-5844] Detected registers with asynchronous reset at DSP/BRAM block boundary. Consider using synchronous reset for optimal packing [E:/competition/2_fpga/3_yolo_zynq/rtl/yolo_gemm_array.v:394]
---------------------------------------------------------------------------------
Finished Technology Mapping : Time (s): cpu = 00:00:37 ; elapsed = 00:00:54 . Memory (MB): peak = 1981.582 ; gain = 0.000
---------------------------------------------------------------------------------
---------------------------------------------------------------------------------
Start IO Insertion
---------------------------------------------------------------------------------
---------------------------------------------------------------------------------
Start Flattening Before IO Insertion
---------------------------------------------------------------------------------
---------------------------------------------------------------------------------
Finished Flattening Before IO Insertion
---------------------------------------------------------------------------------
---------------------------------------------------------------------------------
Start Final Netlist Cleanup
---------------------------------------------------------------------------------
---------------------------------------------------------------------------------
Finished Final Netlist Cleanup
---------------------------------------------------------------------------------
---------------------------------------------------------------------------------
Finished IO Insertion : Time (s): cpu = 00:00:41 ; elapsed = 00:00:59 . Memory (MB): peak = 2149.102 ; gain = 167.520
---------------------------------------------------------------------------------
---------------------------------------------------------------------------------
Start Renaming Generated Instances
---------------------------------------------------------------------------------
---------------------------------------------------------------------------------
Finished Renaming Generated Instances : Time (s): cpu = 00:00:42 ; elapsed = 00:00:59 . Memory (MB): peak = 2149.102 ; gain = 167.520
---------------------------------------------------------------------------------
---------------------------------------------------------------------------------
Start Rebuilding User Hierarchy
---------------------------------------------------------------------------------
---------------------------------------------------------------------------------
Finished Rebuilding User Hierarchy : Time (s): cpu = 00:00:43 ; elapsed = 00:01:01 . Memory (MB): peak = 2157.039 ; gain = 175.457
---------------------------------------------------------------------------------
---------------------------------------------------------------------------------
Start Renaming Generated Ports
---------------------------------------------------------------------------------
---------------------------------------------------------------------------------
Finished Renaming Generated Ports : Time (s): cpu = 00:00:43 ; elapsed = 00:01:01 . Memory (MB): peak = 2157.039 ; gain = 175.457
---------------------------------------------------------------------------------
---------------------------------------------------------------------------------
Start Handling Custom Attributes
---------------------------------------------------------------------------------
---------------------------------------------------------------------------------
Finished Handling Custom Attributes : Time (s): cpu = 00:00:43 ; elapsed = 00:01:01 . Memory (MB): peak = 2157.039 ; gain = 175.457
---------------------------------------------------------------------------------
---------------------------------------------------------------------------------
Start Renaming Generated Nets
---------------------------------------------------------------------------------
---------------------------------------------------------------------------------
Finished Renaming Generated Nets : Time (s): cpu = 00:00:43 ; elapsed = 00:01:01 . Memory (MB): peak = 2157.039 ; gain = 175.457
---------------------------------------------------------------------------------
---------------------------------------------------------------------------------
Start Writing Synthesis Report
---------------------------------------------------------------------------------

DSP Final Report (the ' indicates corresponding REG is set)
+---------------------+-----------------+--------+--------+--------+--------+--------+------+------+------+------+-------+------+------+
|Module Name          | DSP Mapping     | A Size | B Size | C Size | D Size | P Size | AREG | BREG | CREG | DREG | ADREG | MREG | PREG | 
+---------------------+-----------------+--------+--------+--------+--------+--------+------+------+------+------+-------+------+------+
|yolo_gemm_array      | A*B             | 16     | 16     | -      | -      | 32     | 0    | 0    | -    | -    | -     | 0    | 0    | 
|yolo_gemm_array__GB5 | (PCIN+A:B+C)'   | 0      | 16     | -      | -      | 32     | 0    | 0    | -    | -    | -     | 0    | 1    | 
|yolo_pe_pack         | ((A'*B')')'     | 25     | 18     | -      | -      | 34     | 1    | 1    | -    | -    | -     | 1    | 1    | 
|yolo_pe_pack_31      | ((A'*B')')'     | 25     | 18     | -      | -      | 34     | 1    | 1    | -    | -    | -     | 1    | 1    | 
|yolo_pe_pack_32      | ((A'*B')')'     | 25     | 18     | -      | -      | 34     | 1    | 1    | -    | -    | -     | 1    | 1    | 
|yolo_pe_pack_33      | ((A'*B')')'     | 25     | 18     | -      | -      | 34     | 1    | 1    | -    | -    | -     | 1    | 1    | 
|yolo_pe_pack_34      | ((A'*B')')'     | 25     | 18     | -      | -      | 34     | 1    | 1    | -    | -    | -     | 1    | 1    | 
|yolo_pe_pack_35      | ((A'*B')')'     | 25     | 18     | -      | -      | 34     | 1    | 1    | -    | -    | -     | 1    | 1    | 
|yolo_pe_pack_36      | ((A'*B')')'     | 25     | 18     | -      | -      | 34     | 1    | 1    | -    | -    | -     | 1    | 1    | 
|yolo_pe_pack_37      | ((A'*B')')'     | 25     | 18     | -      | -      | 34     | 1    | 1    | -    | -    | -     | 1    | 1    | 
|yolo_pe_pack_38      | ((A'*B')')'     | 25     | 18     | -      | -      | 34     | 1    | 1    | -    | -    | -     | 1    | 1    | 
|yolo_pe_pack_39      | ((A'*B')')'     | 25     | 18     | -      | -      | 34     | 1    | 1    | -    | -    | -     | 1    | 1    | 
|yolo_pe_pack_40      | ((A'*B')')'     | 25     | 18     | -      | -      | 34     | 1    | 1    | -    | -    | -     | 1    | 1    | 
|yolo_pe_pack_41      | ((A'*B')')'     | 25     | 18     | -      | -      | 34     | 1    | 1    | -    | -    | -     | 1    | 1    | 
|yolo_pe_pack_42      | ((A'*B')')'     | 25     | 18     | -      | -      | 34     | 1    | 1    | -    | -    | -     | 1    | 1    | 
|yolo_pe_pack_43      | ((A'*B')')'     | 25     | 18     | -      | -      | 34     | 1    | 1    | -    | -    | -     | 1    | 1    | 
|yolo_pe_pack_44      | ((A'*B')')'     | 25     | 18     | -      | -      | 34     | 1    | 1    | -    | -    | -     | 1    | 1    | 
|yolo_pe_pack_45      | ((A'*B')')'     | 25     | 18     | -      | -      | 34     | 1    | 1    | -    | -    | -     | 1    | 1    | 
|yolo_pe_pack_46      | ((A'*B')')'     | 25     | 18     | -      | -      | 34     | 1    | 1    | -    | -    | -     | 1    | 1    | 
|yolo_pe_pack_47      | ((A'*B')')'     | 25     | 18     | -      | -      | 34     | 1    | 1    | -    | -    | -     | 1    | 1    | 
|yolo_pe_pack_48      | ((A'*B')')'     | 25     | 18     | -      | -      | 34     | 1    | 1    | -    | -    | -     | 1    | 1    | 
|yolo_pe_pack_49      | ((A'*B')')'     | 25     | 18     | -      | -      | 34     | 1    | 1    | -    | -    | -     | 1    | 1    | 
|yolo_pe_pack_50      | ((A'*B')')'     | 25     | 18     | -      | -      | 34     | 1    | 1    | -    | -    | -     | 1    | 1    | 
|yolo_pe_pack_51      | ((A'*B')')'     | 25     | 18     | -      | -      | 34     | 1    | 1    | -    | -    | -     | 1    | 1    | 
|yolo_pe_pack_52      | ((A'*B')')'     | 25     | 18     | -      | -      | 34     | 1    | 1    | -    | -    | -     | 1    | 1    | 
|yolo_pe_pack_53      | ((A'*B')')'     | 25     | 18     | -      | -      | 34     | 1    | 1    | -    | -    | -     | 1    | 1    | 
|yolo_pe_pack_54      | ((A'*B')')'     | 25     | 18     | -      | -      | 34     | 1    | 1    | -    | -    | -     | 1    | 1    | 
|yolo_pe_pack_55      | ((A'*B')')'     | 25     | 18     | -      | -      | 34     | 1    | 1    | -    | -    | -     | 1    | 1    | 
|yolo_pe_pack_56      | ((A'*B')')'     | 25     | 18     | -      | -      | 34     | 1    | 1    | -    | -    | -     | 1    | 1    | 
|yolo_pe_pack_57      | ((A'*B')')'     | 25     | 18     | -      | -      | 34     | 1    | 1    | -    | -    | -     | 1    | 1    | 
|yolo_pe_pack_58      | ((A'*B')')'     | 25     | 18     | -      | -      | 34     | 1    | 1    | -    | -    | -     | 1    | 1    | 
|yolo_pe_pack_59      | ((A'*B')')'     | 25     | 18     | -      | -      | 34     | 1    | 1    | -    | -    | -     | 1    | 1    | 
|yolo_pe_pack_60      | ((A'*B')')'     | 25     | 18     | -      | -      | 34     | 1    | 1    | -    | -    | -     | 1    | 1    | 
|yolo_pe_pack_61      | ((A'*B')')'     | 25     | 18     | -      | -      | 34     | 1    | 1    | -    | -    | -     | 1    | 1    | 
|yolo_pe_pack_62      | ((A'*B')')'     | 25     | 18     | -      | -      | 34     | 1    | 1    | -    | -    | -     | 1    | 1    | 
|yolo_pe_pack_63      | ((A'*B')')'     | 25     | 18     | -      | -      | 34     | 1    | 1    | -    | -    | -     | 1    | 1    | 
|yolo_pe_pack_64      | ((A'*B')')'     | 25     | 18     | -      | -      | 34     | 1    | 1    | -    | -    | -     | 1    | 1    | 
|yolo_pe_pack_65      | ((A'*B')')'     | 25     | 18     | -      | -      | 34     | 1    | 1    | -    | -    | -     | 1    | 1    | 
|yolo_pe_pack_66      | ((A'*B')')'     | 25     | 18     | -      | -      | 34     | 1    | 1    | -    | -    | -     | 1    | 1    | 
|yolo_pe_pack_67      | ((A'*B')')'     | 25     | 18     | -      | -      | 34     | 1    | 1    | -    | -    | -     | 1    | 1    | 
|yolo_pe_pack_68      | ((A'*B')')'     | 25     | 18     | -      | -      | 34     | 1    | 1    | -    | -    | -     | 1    | 1    | 
|yolo_pe_pack_69      | ((A'*B')')'     | 25     | 18     | -      | -      | 34     | 1    | 1    | -    | -    | -     | 1    | 1    | 
|yolo_pe_pack_70      | ((A'*B')')'     | 25     | 18     | -      | -      | 34     | 1    | 1    | -    | -    | -     | 1    | 1    | 
|yolo_pe_pack_71      | ((A'*B')')'     | 25     | 18     | -      | -      | 34     | 1    | 1    | -    | -    | -     | 1    | 1    | 
|yolo_pe_pack_72      | ((A'*B')')'     | 25     | 18     | -      | -      | 34     | 1    | 1    | -    | -    | -     | 1    | 1    | 
|yolo_pe_pack_73      | ((A'*B')')'     | 25     | 18     | -      | -      | 34     | 1    | 1    | -    | -    | -     | 1    | 1    | 
|yolo_pe_pack_74      | ((A'*B')')'     | 25     | 18     | -      | -      | 34     | 1    | 1    | -    | -    | -     | 1    | 1    | 
|yolo_pe_pack_75      | ((A'*B')')'     | 25     | 18     | -      | -      | 34     | 1    | 1    | -    | -    | -     | 1    | 1    | 
|yolo_pe_pack_76      | ((A'*B')')'     | 25     | 18     | -      | -      | 34     | 1    | 1    | -    | -    | -     | 1    | 1    | 
|yolo_pe_pack_77      | ((A'*B')')'     | 25     | 18     | -      | -      | 34     | 1    | 1    | -    | -    | -     | 1    | 1    | 
|yolo_pe_pack_78      | ((A'*B')')'     | 25     | 18     | -      | -      | 34     | 1    | 1    | -    | -    | -     | 1    | 1    | 
|yolo_pe_pack_79      | ((A'*B')')'     | 25     | 18     | -      | -      | 34     | 1    | 1    | -    | -    | -     | 1    | 1    | 
|yolo_pe_pack_80      | ((A'*B')')'     | 25     | 18     | -      | -      | 34     | 1    | 1    | -    | -    | -     | 1    | 1    | 
|yolo_pe_pack_81      | ((A'*B')')'     | 25     | 18     | -      | -      | 34     | 1    | 1    | -    | -    | -     | 1    | 1    | 
|yolo_pe_pack_82      | ((A'*B')')'     | 25     | 18     | -      | -      | 34     | 1    | 1    | -    | -    | -     | 1    | 1    | 
|yolo_pe_pack_83      | ((A'*B')')'     | 25     | 18     | -      | -      | 34     | 1    | 1    | -    | -    | -     | 1    | 1    | 
|yolo_pe_pack_84      | ((A'*B')')'     | 25     | 18     | -      | -      | 34     | 1    | 1    | -    | -    | -     | 1    | 1    | 
|yolo_pe_pack_85      | ((A'*B')')'     | 25     | 18     | -      | -      | 34     | 1    | 1    | -    | -    | -     | 1    | 1    | 
|yolo_pe_pack_86      | ((A'*B')')'     | 25     | 18     | -      | -      | 34     | 1    | 1    | -    | -    | -     | 1    | 1    | 
|yolo_pe_pack_87      | ((A'*B')')'     | 25     | 18     | -      | -      | 34     | 1    | 1    | -    | -    | -     | 1    | 1    | 
|yolo_pe_pack_88      | ((A'*B')')'     | 25     | 18     | -      | -      | 34     | 1    | 1    | -    | -    | -     | 1    | 1    | 
|yolo_pe_pack_89      | ((A'*B')')'     | 25     | 18     | -      | -      | 34     | 1    | 1    | -    | -    | -     | 1    | 1    | 
|yolo_pe_pack_90      | ((A'*B')')'     | 25     | 18     | -      | -      | 34     | 1    | 1    | -    | -    | -     | 1    | 1    | 
|yolo_pe_pack_91      | ((A'*B')')'     | 25     | 18     | -      | -      | 34     | 1    | 1    | -    | -    | -     | 1    | 1    | 
|yolo_pe_pack_92      | ((A'*B')')'     | 25     | 18     | -      | -      | 34     | 1    | 1    | -    | -    | -     | 1    | 1    | 
|yolo_pe_pack_93      | ((A'*B')')'     | 25     | 18     | -      | -      | 34     | 1    | 1    | -    | -    | -     | 1    | 1    | 
|yolo_pe_pack_94      | ((A'*B')')'     | 25     | 18     | -      | -      | 34     | 1    | 1    | -    | -    | -     | 1    | 1    | 
|yolo_pe_pack_95      | ((A'*B')')'     | 25     | 18     | -      | -      | 34     | 1    | 1    | -    | -    | -     | 1    | 1    | 
|yolo_pe_pack_96      | ((A'*B')')'     | 25     | 18     | -      | -      | 34     | 1    | 1    | -    | -    | -     | 1    | 1    | 
|yolo_pe_pack_97      | ((A'*B')')'     | 25     | 18     | -      | -      | 34     | 1    | 1    | -    | -    | -     | 1    | 1    | 
|yolo_pe_pack_98      | ((A'*B')')'     | 25     | 18     | -      | -      | 34     | 1    | 1    | -    | -    | -     | 1    | 1    | 
|yolo_pe_pack_99      | ((A'*B')')'     | 25     | 18     | -      | -      | 34     | 1    | 1    | -    | -    | -     | 1    | 1    | 
|yolo_pe_pack_100     | ((A'*B')')'     | 25     | 18     | -      | -      | 34     | 1    | 1    | -    | -    | -     | 1    | 1    | 
|yolo_pe_pack_101     | ((A'*B')')'     | 25     | 18     | -      | -      | 34     | 1    | 1    | -    | -    | -     | 1    | 1    | 
|yolo_pe_pack_102     | ((A'*B')')'     | 25     | 18     | -      | -      | 34     | 1    | 1    | -    | -    | -     | 1    | 1    | 
|yolo_pe_pack_103     | ((A'*B')')'     | 25     | 18     | -      | -      | 34     | 1    | 1    | -    | -    | -     | 1    | 1    | 
|yolo_pe_pack_104     | ((A'*B')')'     | 25     | 18     | -      | -      | 34     | 1    | 1    | -    | -    | -     | 1    | 1    | 
|yolo_pe_pack_105     | ((A'*B')')'     | 25     | 18     | -      | -      | 34     | 1    | 1    | -    | -    | -     | 1    | 1    | 
|yolo_pe_pack_106     | ((A'*B')')'     | 25     | 18     | -      | -      | 34     | 1    | 1    | -    | -    | -     | 1    | 1    | 
|yolo_pe_pack_107     | ((A'*B')')'     | 25     | 18     | -      | -      | 34     | 1    | 1    | -    | -    | -     | 1    | 1    | 
|yolo_pe_pack_108     | ((A'*B')')'     | 25     | 18     | -      | -      | 34     | 1    | 1    | -    | -    | -     | 1    | 1    | 
|yolo_pe_pack_109     | ((A'*B')')'     | 25     | 18     | -      | -      | 34     | 1    | 1    | -    | -    | -     | 1    | 1    | 
|yolo_pe_pack_110     | ((A'*B')')'     | 25     | 18     | -      | -      | 34     | 1    | 1    | -    | -    | -     | 1    | 1    | 
|yolo_pe_pack_111     | ((A'*B')')'     | 25     | 18     | -      | -      | 34     | 1    | 1    | -    | -    | -     | 1    | 1    | 
|yolo_pe_pack_112     | ((A'*B')')'     | 25     | 18     | -      | -      | 34     | 1    | 1    | -    | -    | -     | 1    | 1    | 
|yolo_pe_pack_113     | ((A'*B')')'     | 25     | 18     | -      | -      | 34     | 1    | 1    | -    | -    | -     | 1    | 1    | 
|yolo_pe_pack_114     | ((A'*B')')'     | 25     | 18     | -      | -      | 34     | 1    | 1    | -    | -    | -     | 1    | 1    | 
|yolo_pe_pack_115     | ((A'*B')')'     | 25     | 18     | -      | -      | 34     | 1    | 1    | -    | -    | -     | 1    | 1    | 
|yolo_pe_pack_116     | ((A'*B')')'     | 25     | 18     | -      | -      | 34     | 1    | 1    | -    | -    | -     | 1    | 1    | 
|yolo_pe_pack_117     | ((A'*B')')'     | 25     | 18     | -      | -      | 34     | 1    | 1    | -    | -    | -     | 1    | 1    | 
|yolo_pe_pack_118     | ((A'*B')')'     | 25     | 18     | -      | -      | 34     | 1    | 1    | -    | -    | -     | 1    | 1    | 
|yolo_pe_pack_119     | ((A'*B')')'     | 25     | 18     | -      | -      | 34     | 1    | 1    | -    | -    | -     | 1    | 1    | 
|yolo_pe_pack_120     | ((A'*B')')'     | 25     | 18     | -      | -      | 34     | 1    | 1    | -    | -    | -     | 1    | 1    | 
|yolo_pe_pack_121     | ((A'*B')')'     | 25     | 18     | -      | -      | 34     | 1    | 1    | -    | -    | -     | 1    | 1    | 
|yolo_pe_pack_122     | ((A'*B')')'     | 25     | 18     | -      | -      | 34     | 1    | 1    | -    | -    | -     | 1    | 1    | 
|yolo_pe_pack_123     | ((A'*B')')'     | 25     | 18     | -      | -      | 34     | 1    | 1    | -    | -    | -     | 1    | 1    | 
|yolo_pe_pack_124     | ((A'*B')')'     | 25     | 18     | -      | -      | 34     | 1    | 1    | -    | -    | -     | 1    | 1    | 
|yolo_pe_pack_125     | ((A'*B')')'     | 25     | 18     | -      | -      | 34     | 1    | 1    | -    | -    | -     | 1    | 1    | 
|yolo_pe_pack_126     | ((A'*B')')'     | 25     | 18     | -      | -      | 34     | 1    | 1    | -    | -    | -     | 1    | 1    | 
|yolo_pe_pack_127     | ((A'*B')')'     | 25     | 18     | -      | -      | 34     | 1    | 1    | -    | -    | -     | 1    | 1    | 
|yolo_pe_pack_128     | ((A'*B')')'     | 25     | 18     | -      | -      | 34     | 1    | 1    | -    | -    | -     | 1    | 1    | 
|yolo_pe_pack_129     | ((A'*B')')'     | 25     | 18     | -      | -      | 34     | 1    | 1    | -    | -    | -     | 1    | 1    | 
|yolo_pe_pack_130     | ((A'*B')')'     | 25     | 18     | -      | -      | 34     | 1    | 1    | -    | -    | -     | 1    | 1    | 
|yolo_pe_pack_131     | ((A'*B')')'     | 25     | 18     | -      | -      | 34     | 1    | 1    | -    | -    | -     | 1    | 1    | 
|yolo_pe_pack_132     | ((A'*B')')'     | 25     | 18     | -      | -      | 34     | 1    | 1    | -    | -    | -     | 1    | 1    | 
|yolo_pe_pack_133     | ((A'*B')')'     | 25     | 18     | -      | -      | 34     | 1    | 1    | -    | -    | -     | 1    | 1    | 
|yolo_pe_pack_134     | ((A'*B')')'     | 25     | 18     | -      | -      | 34     | 1    | 1    | -    | -    | -     | 1    | 1    | 
|yolo_pe_pack_135     | ((A'*B')')'     | 25     | 18     | -      | -      | 34     | 1    | 1    | -    | -    | -     | 1    | 1    | 
|yolo_pe_pack_136     | ((A'*B')')'     | 25     | 18     | -      | -      | 34     | 1    | 1    | -    | -    | -     | 1    | 1    | 
|yolo_pe_pack_137     | ((A'*B')')'     | 25     | 18     | -      | -      | 34     | 1    | 1    | -    | -    | -     | 1    | 1    | 
|yolo_pe_pack_138     | ((A'*B')')'     | 25     | 18     | -      | -      | 34     | 1    | 1    | -    | -    | -     | 1    | 1    | 
|yolo_pe_pack_139     | ((A'*B')')'     | 25     | 18     | -      | -      | 34     | 1    | 1    | -    | -    | -     | 1    | 1    | 
|yolo_pe_pack_140     | ((A'*B')')'     | 25     | 18     | -      | -      | 34     | 1    | 1    | -    | -    | -     | 1    | 1    | 
|yolo_pe_pack_141     | ((A'*B')')'     | 25     | 18     | -      | -      | 34     | 1    | 1    | -    | -    | -     | 1    | 1    | 
|yolo_pe_pack_142     | ((A'*B')')'     | 25     | 18     | -      | -      | 34     | 1    | 1    | -    | -    | -     | 1    | 1    | 
|yolo_pe_pack_143     | ((A'*B')')'     | 25     | 18     | -      | -      | 34     | 1    | 1    | -    | -    | -     | 1    | 1    | 
|yolo_pe_pack_144     | ((A'*B')')'     | 25     | 18     | -      | -      | 34     | 1    | 1    | -    | -    | -     | 1    | 1    | 
|yolo_pe_pack_145     | ((A'*B')')'     | 25     | 18     | -      | -      | 34     | 1    | 1    | -    | -    | -     | 1    | 1    | 
|yolo_pe_pack_146     | ((A'*B')')'     | 25     | 18     | -      | -      | 34     | 1    | 1    | -    | -    | -     | 1    | 1    | 
|yolo_pe_pack_147     | ((A'*B')')'     | 25     | 18     | -      | -      | 34     | 1    | 1    | -    | -    | -     | 1    | 1    | 
|yolo_pe_pack_148     | ((A'*B')')'     | 25     | 18     | -      | -      | 34     | 1    | 1    | -    | -    | -     | 1    | 1    | 
|yolo_pe_pack_149     | ((A'*B')')'     | 25     | 18     | -      | -      | 34     | 1    | 1    | -    | -    | -     | 1    | 1    | 
|yolo_pe_pack_150     | ((A'*B')')'     | 25     | 18     | -      | -      | 34     | 1    | 1    | -    | -    | -     | 1    | 1    | 
|yolo_pe_pack_151     | ((A'*B')')'     | 25     | 18     | -      | -      | 34     | 1    | 1    | -    | -    | -     | 1    | 1    | 
|yolo_pe_pack_152     | ((A'*B')')'     | 25     | 18     | -      | -      | 34     | 1    | 1    | -    | -    | -     | 1    | 1    | 
|yolo_pe_pack_153     | ((A'*B')')'     | 25     | 18     | -      | -      | 34     | 1    | 1    | -    | -    | -     | 1    | 1    | 
|yolo_pe_pack_154     | ((A'*B')')'     | 25     | 18     | -      | -      | 34     | 1    | 1    | -    | -    | -     | 1    | 1    | 
|yolo_pe_pack_155     | ((A'*B')')'     | 25     | 18     | -      | -      | 34     | 1    | 1    | -    | -    | -     | 1    | 1    | 
|yolo_pe_pack_156     | ((A'*B')')'     | 25     | 18     | -      | -      | 34     | 1    | 1    | -    | -    | -     | 1    | 1    | 
|yolo_pe_pack_157     | ((A'*B')')'     | 25     | 18     | -      | -      | 34     | 1    | 1    | -    | -    | -     | 1    | 1    | 
|yolo_addrgen         | A*B             | 16     | 8      | -      | -      | 24     | 0    | 0    | -    | -    | -     | 0    | 0    | 
|yolo_addrgen         | Dynamic         | -      | -      | -      | -      | 42     | -    | -    | -    | -    | -     | 0    | 0    | 
|yolo_addrgen         | A*B             | 16     | 8      | -      | -      | 24     | 0    | 0    | -    | -    | -     | 0    | 0    | 
|yolo_addrgen         | (D+A*B)'        | 30     | 16     | -      | 8      | 40     | 0    | 0    | -    | 0    | 0     | 0    | 1    | 
|yolo_addrgen         | (A*B)'          | 16     | 8      | -      | -      | 24     | 0    | 0    | -    | -    | -     | 0    | 1    | 
|yolo_addrgen         | (A*B)'          | 16     | 16     | -      | -      | 32     | 0    | 0    | -    | -    | -     | 0    | 1    | 
|yolo_ctrl            | (C+A*B)'        | 12     | 12     | 48     | -      | 12     | 0    | 0    | 0    | -    | -     | 0    | 1    | 
|yolo_requant         | A*B             | 17     | 18     | -      | -      | 48     | 0    | 0    | -    | -    | -     | 0    | 0    | 
|yolo_requant         | (PCIN>>17+A*B)' | 30     | 18     | -      | -      | 48     | 0    | 0    | -    | -    | -     | 0    | 1    | 
|yolo_requant         | A*B             | 17     | 17     | -      | -      | 48     | 0    | 0    | -    | -    | -     | 0    | 0    | 
|yolo_requant         | (PCIN>>17+A*B)' | 0      | 18     | -      | -      | 48     | 0    | 0    | -    | -    | -     | 0    | 1    | 
+---------------------+-----------------+--------+--------+--------+--------+--------+------+------+------+------+-------+------+------+


Report BlackBoxes: 
+------+--------------+----------+
|      |BlackBox name |Instances |
+------+--------------+----------+
|1     |yolo_xbuf_bmg |         2|
+------+--------------+----------+

Report Cell Usage: 
+------+--------------+------+
|      |Cell          |Count |
+------+--------------+------+
|1     |yolo_xbuf_bmg |     2|
|3     |CARRY4        |  3379|
|4     |DSP48E1       |   141|
|12    |LUT1          |   204|
|13    |LUT2          | 18395|
|14    |LUT3          |   595|
|15    |LUT4          |  1561|
|16    |LUT5          |  1470|
|17    |LUT6          |  3977|
|18    |MUXF7         |  1514|
|19    |MUXF8         |   750|
|20    |RAM32M        |    22|
|21    |RAM32X1D      |    12|
|22    |RAM64M        |    96|
|23    |SRL16E        |    45|
|24    |FDCE          | 15182|
|25    |FDPE          |     3|
|26    |FDRE          |   173|
+------+--------------+------+
---------------------------------------------------------------------------------
Finished Writing Synthesis Report : Time (s): cpu = 00:00:44 ; elapsed = 00:01:01 . Memory (MB): peak = 2157.039 ; gain = 175.457
---------------------------------------------------------------------------------
Synthesis finished with 0 errors, 0 critical warnings and 100 warnings.
Synthesis Optimization Runtime : Time (s): cpu = 00:00:35 ; elapsed = 00:00:58 . Memory (MB): peak = 2157.039 ; gain = 175.457
Synthesis Optimization Complete : Time (s): cpu = 00:00:44 ; elapsed = 00:01:02 . Memory (MB): peak = 2157.039 ; gain = 175.457
INFO: [Project 1-571] Translating synthesized netlist
INFO: [Project 1-454] Reading design checkpoint 'e:/competition/2_fpga/3_yolo_zynq/ip/yolo_xbuf_bmg/yolo_xbuf_bmg.dcp' for cell 'u_array/u_xbuf/u_bank0'
Netlist sorting complete. Time (s): cpu = 00:00:01 ; elapsed = 00:00:00.351 . Memory (MB): peak = 2200.828 ; gain = 0.000
INFO: [Netlist 29-17] Analyzing 5934 Unisim elements for replacement
INFO: [Netlist 29-28] Unisim Transformation completed in 0 CPU seconds
INFO: [Project 1-479] Netlist was created with Vivado 2025.2
INFO: [Project 1-570] Preparing netlist for logic optimization
INFO: [Project 1-538] Using original IP XDC constraints instead of the XDC constraints in dcp 'e:/competition/2_fpga/3_yolo_zynq/ip/yolo_xbuf_bmg/yolo_xbuf_bmg.dcp'
INFO: [Project 1-538] Using original IP XDC constraints instead of the XDC constraints in dcp 'e:/competition/2_fpga/3_yolo_zynq/ip/yolo_xbuf_bmg/yolo_xbuf_bmg.dcp'
INFO: [Opt 31-138] Pushed 0 inverter(s) to 0 load pin(s).
Netlist sorting complete. Time (s): cpu = 00:00:00 ; elapsed = 00:00:00.011 . Memory (MB): peak = 2209.074 ; gain = 0.000
INFO: [Project 1-111] Unisim Transformation Summary:
  A total of 130 instances were transformed.
  RAM32M => RAM32M (RAMD32(x6), RAMS32(x2)): 22 instances
  RAM32X1D => RAM32X1D (RAMD32(x2)): 12 instances
  RAM64M => RAM64M (RAMD64E(x4)): 96 instances

Synth Design complete | Checksum: 9296a2e0
INFO: [Common 17-83] Releasing license: Synthesis
313 Infos, 196 Warnings, 0 Critical Warnings and 0 Errors encountered.
synth_design completed successfully
synth_design: Time (s): cpu = 00:00:50 ; elapsed = 00:01:09 . Memory (MB): peak = 2209.074 ; gain = 227.492
# create_clock -period 6.667 -name clk_i [get_ports clk_i]
# opt_design
Command: opt_design
Attempting to get a license for feature 'Implementation' and/or device 'xc7z020'
INFO: [Common 17-349] Got license for feature 'Implementation' and/or device 'xc7z020'
Running DRC as a precondition to command opt_design

Starting DRC Task
INFO: [DRC 23-27] Running DRC with 2 threads
WARNING: [DRC 23-814] Not all possible (connectivity based) DRCs may have been run because this design is seen as Out of Context.
INFO: [Project 1-461] DRC finished with 0 Errors
INFO: [Project 1-462] Please refer to the DRC report (report_drc) for more information.

Time (s): cpu = 00:00:00 ; elapsed = 00:00:00.366 . Memory (MB): peak = 2209.074 ; gain = 0.000

Starting Cache Timing Information Task
INFO: [Timing 38-35] Done setting XDC timing constraints.
Ending Cache Timing Information Task | Checksum: 1b87c78b8

Time (s): cpu = 00:00:05 ; elapsed = 00:00:05 . Memory (MB): peak = 2209.074 ; gain = 0.000

Starting Logic Optimization Task

Phase 1 Initialization

Phase 1.1 Core Generation And Design Setup
Phase 1.1 Core Generation And Design Setup | Checksum: 1b87c78b8

Time (s): cpu = 00:00:00 ; elapsed = 00:00:00.018 . Memory (MB): peak = 2279.539 ; gain = 0.000

Phase 1.2 Setup Constraints And Sort Netlist
Phase 1.2 Setup Constraints And Sort Netlist | Checksum: 1b87c78b8

Time (s): cpu = 00:00:00 ; elapsed = 00:00:00.036 . Memory (MB): peak = 2279.539 ; gain = 0.000
Phase 1 Initialization | Checksum: 1b87c78b8

Time (s): cpu = 00:00:00 ; elapsed = 00:00:00.038 . Memory (MB): peak = 2279.539 ; gain = 0.000

Phase 2 Timer Update And Timing Data Collection

Phase 2.1 Detect if minReqCache needed
Phase 2.1 Detect if minReqCache needed | Checksum: 1b87c78b8

Time (s): cpu = 00:00:00 ; elapsed = 00:00:00.125 . Memory (MB): peak = 2279.691 ; gain = 0.152

Phase 2.2 Timer Update
Phase 2.2 Timer Update | Checksum: 1b87c78b8

Time (s): cpu = 00:00:01 ; elapsed = 00:00:00.165 . Memory (MB): peak = 2279.691 ; gain = 0.152
Phase 2 Timer Update And Timing Data Collection | Checksum: 1b87c78b8

Time (s): cpu = 00:00:01 ; elapsed = 00:00:00.170 . Memory (MB): peak = 2279.691 ; gain = 0.152

Phase 3 Retarget
INFO: [Opt 31-1851] Number of loadless carry chains removed were: 0
INFO: [Opt 31-1834] Total Chains To Be Transformed Were: 0 AND Number of Transformed insts Created are: 0
INFO: [Opt 31-138] Pushed 0 inverter(s) to 0 load pin(s).
INFO: [Opt 31-49] Retargeted 0 cell(s).
Phase 3 Retarget | Checksum: f97ac34a

Time (s): cpu = 00:00:01 ; elapsed = 00:00:00.669 . Memory (MB): peak = 2279.691 ; gain = 0.152
Retarget | Checksum: f97ac34a
INFO: [Opt 31-389] Phase Retarget created 158 cells and removed 158 cells

Phase 4 Constant propagation
INFO: [Opt 31-138] Pushed 0 inverter(s) to 0 load pin(s).
Phase 4 Constant propagation | Checksum: 113d97466

Time (s): cpu = 00:00:01 ; elapsed = 00:00:00.980 . Memory (MB): peak = 2279.691 ; gain = 0.152
Constant propagation | Checksum: 113d97466
INFO: [Opt 31-389] Phase Constant propagation created 0 cells and removed 0 cells

Phase 5 Sweep
INFO: [Constraints 18-11670] Building netlist checker database with flags, 0x8
Done building netlist checker database: Time (s): cpu = 00:00:00 ; elapsed = 00:00:00.011 . Memory (MB): peak = 2279.691 ; gain = 0.000
INFO: [Constraints 18-11670] Building netlist checker database with flags, 0x8
Done building netlist checker database: Time (s): cpu = 00:00:00 ; elapsed = 00:00:00.010 . Memory (MB): peak = 2279.691 ; gain = 0.000
Phase 5 Sweep | Checksum: 994d1f65

Time (s): cpu = 00:00:02 ; elapsed = 00:00:02 . Memory (MB): peak = 2279.691 ; gain = 0.152
Sweep | Checksum: 994d1f65
INFO: [Opt 31-389] Phase Sweep created 0 cells and removed 0 cells

Phase 6 BUFG optimization
Phase 6 BUFG optimization | Checksum: 994d1f65

Time (s): cpu = 00:00:02 ; elapsed = 00:00:02 . Memory (MB): peak = 2279.691 ; gain = 0.152
BUFG optimization | Checksum: 994d1f65
INFO: [Opt 31-662] Phase BUFG optimization created 0 cells of which 0 are BUFGs and removed 0 cells.

Phase 7 Shift Register Optimization
INFO: [Opt 31-1064] SRL Remap converted 0 SRLs to 0 registers and converted 0 registers of register chains to 0 SRLs
Phase 7 Shift Register Optimization | Checksum: 994d1f65

Time (s): cpu = 00:00:02 ; elapsed = 00:00:02 . Memory (MB): peak = 2279.691 ; gain = 0.152
Shift Register Optimization | Checksum: 994d1f65
INFO: [Opt 31-389] Phase Shift Register Optimization created 0 cells and removed 0 cells

Phase 8 Post Processing Netlist
Phase 8 Post Processing Netlist | Checksum: 994d1f65

Time (s): cpu = 00:00:02 ; elapsed = 00:00:02 . Memory (MB): peak = 2279.691 ; gain = 0.152
Post Processing Netlist | Checksum: 994d1f65
INFO: [Opt 31-389] Phase Post Processing Netlist created 0 cells and removed 0 cells

Phase 9 Finalization

Phase 9.1 Finalizing Design Cores and Updating Shapes
Phase 9.1 Finalizing Design Cores and Updating Shapes | Checksum: 12c293beb

Time (s): cpu = 00:00:03 ; elapsed = 00:00:03 . Memory (MB): peak = 2279.691 ; gain = 0.152

Phase 9.2 Verifying Netlist Connectivity

Starting Connectivity Check Task

Time (s): cpu = 00:00:00 ; elapsed = 00:00:00.054 . Memory (MB): peak = 2279.691 ; gain = 0.000
Phase 9.2 Verifying Netlist Connectivity | Checksum: 12c293beb

Time (s): cpu = 00:00:03 ; elapsed = 00:00:03 . Memory (MB): peak = 2279.691 ; gain = 0.152
Phase 9 Finalization | Checksum: 12c293beb

Time (s): cpu = 00:00:03 ; elapsed = 00:00:03 . Memory (MB): peak = 2279.691 ; gain = 0.152
Opt_design Change Summary
=========================


-------------------------------------------------------------------------------------------------------------------------
|  Phase                        |  #Cells created  |  #Cells Removed  |  #Constrained objects preventing optimizations  |
-------------------------------------------------------------------------------------------------------------------------
|  Retarget                     |             158  |             158  |                                              0  |
|  Constant propagation         |               0  |               0  |                                              0  |
|  Sweep                        |               0  |               0  |                                              0  |
|  BUFG optimization            |               0  |               0  |                                              0  |
|  Shift Register Optimization  |               0  |               0  |                                              0  |
|  Post Processing Netlist      |               0  |               0  |                                              0  |
-------------------------------------------------------------------------------------------------------------------------


Ending Logic Optimization Task | Checksum: 12c293beb

Time (s): cpu = 00:00:03 ; elapsed = 00:00:03 . Memory (MB): peak = 2279.691 ; gain = 0.152

Starting Power Optimization Task
INFO: [Pwropt 34-132] Skipping clock gating for clocks with a period < 2.00 ns.
INFO: [Pwropt 34-9] Applying IDT optimizations ...
INFO: [Pwropt 34-10] Applying ODC optimizations ...
INFO: [Timing 38-35] Done setting XDC timing constraints.
Running Vector-less Activity Propagation...

Finished Running Vector-less Activity Propagation


Starting PowerOpt Patch Enables Task
INFO: [Pwropt 34-162] WRITE_MODE attribute of 0 BRAM(s) out of a total of 20 has been updated to save power. Run report_power_opt to get a complete listing of the BRAMs updated.
INFO: [Pwropt 34-201] Structural ODC has moved 0 WE to EN ports
Number of BRAM Ports augmented: 36 newly gated: 0 Total Ports: 40
Ending PowerOpt Patch Enables Task | Checksum: 1b9cb52d5

Time (s): cpu = 00:00:00 ; elapsed = 00:00:00.171 . Memory (MB): peak = 2387.652 ; gain = 0.000
Ending Power Optimization Task | Checksum: 1b9cb52d5

Time (s): cpu = 00:00:09 ; elapsed = 00:00:05 . Memory (MB): peak = 2387.652 ; gain = 107.961

Starting Final Cleanup Task
Ending Final Cleanup Task | Checksum: 1b9cb52d5

Time (s): cpu = 00:00:00 ; elapsed = 00:00:00.002 . Memory (MB): peak = 2387.652 ; gain = 0.000
Netlist sorting complete. Time (s): cpu = 00:00:00 ; elapsed = 00:00:00.016 . Memory (MB): peak = 2387.652 ; gain = 0.000
INFO: [Common 17-83] Releasing license: Implementation
26 Infos, 1 Warnings, 0 Critical Warnings and 0 Errors encountered.
opt_design completed successfully
opt_design: Time (s): cpu = 00:00:19 ; elapsed = 00:00:15 . Memory (MB): peak = 2387.652 ; gain = 178.578
# place_design -directive Explore
Command: place_design -directive Explore
Attempting to get a license for feature 'Implementation' and/or device 'xc7z020'
INFO: [Common 17-349] Got license for feature 'Implementation' and/or device 'xc7z020'
INFO: [Common 17-83] Releasing license: Implementation
INFO: [DRC 23-27] Running DRC with 2 threads
WARNING: [DRC 23-814] Not all possible (connectivity based) DRCs may have been run because this design is seen as Out of Context.
INFO: [Vivado_Tcl 4-198] DRC finished with 0 Errors
INFO: [Vivado_Tcl 4-199] Please refer to the DRC report (report_drc) for more information.
INFO: [Timing 38-35] Done setting XDC timing constraints.
INFO: [Vivado_Tcl 4-2302] The placer was invoked with the 'Explore' directive.
Running DRC as a precondition to command place_design
INFO: [DRC 23-27] Running DRC with 2 threads
WARNING: [DRC 23-814] Not all possible (connectivity based) DRCs may have been run because this design is seen as Out of Context.
INFO: [Vivado_Tcl 4-198] DRC finished with 0 Errors, 21 Warnings
INFO: [Vivado_Tcl 4-199] Please refer to the DRC report (report_drc) for more information.
INFO: [Place 30-611] Multithreading enabled for place_design using a maximum of 2 CPUs

Starting Placer Task

Phase 1 Placer Initialization

Phase 1.1 Placer Initialization Netlist Sorting
Netlist sorting complete. Time (s): cpu = 00:00:00 ; elapsed = 00:00:00.014 . Memory (MB): peak = 2387.652 ; gain = 0.000
Phase 1.1 Placer Initialization Netlist Sorting | Checksum: f9379a69

Time (s): cpu = 00:00:00 ; elapsed = 00:00:00.016 . Memory (MB): peak = 2387.652 ; gain = 0.000
Netlist sorting complete. Time (s): cpu = 00:00:00 ; elapsed = 00:00:00.012 . Memory (MB): peak = 2387.652 ; gain = 0.000

Phase 1.2 IO Placement/ Clock Placement/ Build Placer Device
Phase 1.2 IO Placement/ Clock Placement/ Build Placer Device | Checksum: 66f731bf

Time (s): cpu = 00:00:02 ; elapsed = 00:00:01 . Memory (MB): peak = 2387.652 ; gain = 0.000

Phase 1.3 Build Placer Netlist Model
Phase 1.3 Build Placer Netlist Model | Checksum: 12ab7ba22

Time (s): cpu = 00:00:11 ; elapsed = 00:00:07 . Memory (MB): peak = 2387.652 ; gain = 0.000

Phase 1.4 Constrain Clocks/Macros
Phase 1.4 Constrain Clocks/Macros | Checksum: 12ab7ba22

Time (s): cpu = 00:00:11 ; elapsed = 00:00:07 . Memory (MB): peak = 2387.652 ; gain = 0.000
Phase 1 Placer Initialization | Checksum: 12ab7ba22

Time (s): cpu = 00:00:11 ; elapsed = 00:00:07 . Memory (MB): peak = 2387.652 ; gain = 0.000

Phase 2 Global Placement

Phase 2.1 Floorplanning
Phase 2.1 Floorplanning | Checksum: 98521b3c

Time (s): cpu = 00:00:17 ; elapsed = 00:00:11 . Memory (MB): peak = 2387.652 ; gain = 0.000

Phase 2.2 Update Timing before SLR Path Opt
Phase 2.2 Update Timing before SLR Path Opt | Checksum: 14c2b167e

Time (s): cpu = 00:00:23 ; elapsed = 00:00:14 . Memory (MB): peak = 2387.652 ; gain = 0.000

Phase 2.3 Post-Processing in Floorplanning
Phase 2.3 Post-Processing in Floorplanning | Checksum: 12c0ba8fd

Time (s): cpu = 00:00:23 ; elapsed = 00:00:14 . Memory (MB): peak = 2387.652 ; gain = 0.000

Phase 2.4 Global Place Phase1
Phase 2.4 Global Place Phase1 | Checksum: 1885dc49a

Time (s): cpu = 00:00:52 ; elapsed = 00:00:31 . Memory (MB): peak = 2387.652 ; gain = 0.000

Phase 2.5 Global Place Phase2

Phase 2.5.1 UpdateTiming Before Physical Synthesis
Phase 2.5.1 UpdateTiming Before Physical Synthesis | Checksum: 1a37c990d

Time (s): cpu = 00:00:56 ; elapsed = 00:00:33 . Memory (MB): peak = 2387.652 ; gain = 0.000

Phase 2.5.2 Physical Synthesis In Placer
INFO: [Physopt 32-1035] Found 37 LUTNM shape to break, 398 LUT instances to create LUTNM shape
INFO: [Physopt 32-1044] Break lutnm for timing: one critical 5, two critical 32, total 37, new lutff created 1
INFO: [Physopt 32-1138] End 1 Pass. Optimized 96 nets or LUTs. Breaked 37 LUTs, combined 59 existing LUTs and moved 0 existing LUT
INFO: [Physopt 32-65] No nets found for high-fanout optimization.
INFO: [Physopt 32-232] Optimized 0 net. Created 0 new instance.
INFO: [Physopt 32-775] End 1 Pass. Optimized 0 net or cell. Created 0 new cell, deleted 0 existing cell and moved 0 existing cell
INFO: [Physopt 32-46] Identified 34 candidate nets for critical-cell optimization.
INFO: [Physopt 32-601] Processed net u_array/u_requant/m_r1[10]. Net driver u_array/u_requant/m_r1_reg[10] was replaced.
INFO: [Physopt 32-601] Processed net u_array/u_requant/m_r1[6]. Net driver u_array/u_requant/m_r1_reg[6] was replaced.
INFO: [Physopt 32-601] Processed net u_array/u_requant/m_r1[15]. Net driver u_array/u_requant/m_r1_reg[15] was replaced.
INFO: [Physopt 32-601] Processed net u_array/u_requant/m_r1[12]. Net driver u_array/u_requant/m_r1_reg[12] was replaced.
INFO: [Physopt 32-601] Processed net u_array/u_requant/m_r1[16]. Net driver u_array/u_requant/m_r1_reg[16] was replaced.
INFO: [Physopt 32-601] Processed net u_array/u_requant/m_r1[9]. Net driver u_array/u_requant/m_r1_reg[9] was replaced.
INFO: [Physopt 32-601] Processed net u_array/u_requant/m_r1[0]. Net driver u_array/u_requant/m_r1_reg[0] was replaced.
INFO: [Physopt 32-601] Processed net u_array/u_requant/m_r1[2]. Net driver u_array/u_requant/m_r1_reg[2] was replaced.
INFO: [Physopt 32-601] Processed net u_array/u_requant/m_r1[4]. Net driver u_array/u_requant/m_r1_reg[4] was replaced.
INFO: [Physopt 32-601] Processed net u_array/u_requant/m_r1[1]. Net driver u_array/u_requant/m_r1_reg[1] was replaced.
INFO: [Physopt 32-601] Processed net u_array/u_requant/m_r1[5]. Net driver u_array/u_requant/m_r1_reg[5] was replaced.
INFO: [Physopt 32-571] Net u_array/u_requant/m_r1[13] was not replicated.
INFO: [Physopt 32-571] Net u_array/u_requant/m_r1[14] was not replicated.
INFO: [Physopt 32-571] Net u_array/u_requant/m_r1[8] was not replicated.
INFO: [Physopt 32-571] Net u_array/u_requant/m_r1[11] was not replicated.
INFO: [Physopt 32-571] Net u_array/u_requant/m_r1[7] was not replicated.
INFO: [Physopt 32-571] Net u_array/u_requant/m_r1[3] was not replicated.
INFO: [Physopt 32-232] Optimized 11 nets. Created 0 new instance.
INFO: [Physopt 32-775] End 1 Pass. Optimized 11 nets or cells. Created 0 new cell, deleted 0 existing cell and moved 0 existing cell
Netlist sorting complete. Time (s): cpu = 00:00:00 ; elapsed = 00:00:00.015 . Memory (MB): peak = 2387.652 ; gain = 0.000
INFO: [Physopt 32-457] Pass 1. Identified 50 candidate cells for DSP register optimization.
INFO: [Physopt 32-666] Processed cell u_array/u_requant/prod_c_w__2. No change.
INFO: [Physopt 32-666] Processed cell u_array/g_pe_row[14].g_pe_pair[4].u_pe/u_dsp48. No change.
INFO: [Physopt 32-665] Processed cell u_array/g_pe_row[14].g_pe_pair[1].u_pe/u_dsp48. 34 registers were pushed out.
INFO: [Physopt 32-666] Processed cell u_array/u_requant/prod_c_w__0. No change.
INFO: [Physopt 32-665] Processed cell u_array/g_pe_row[14].g_pe_pair[2].u_pe/u_dsp48. 34 registers were pushed out.
INFO: [Physopt 32-665] Processed cell u_array/g_pe_row[13].g_pe_pair[5].u_pe/u_dsp48. 34 registers were pushed out.
INFO: [Physopt 32-665] Processed cell u_array/g_pe_row[14].g_pe_pair[3].u_pe/u_dsp48. 34 registers were pushed out.
INFO: [Physopt 32-665] Processed cell u_array/g_pe_row[14].g_pe_pair[5].u_pe/u_dsp48. 34 registers were pushed out.
INFO: [Physopt 32-665] Processed cell u_array/g_pe_row[6].g_pe_pair[2].u_pe/u_dsp48. 34 registers were pushed out.
INFO: [Physopt 32-665] Processed cell u_array/g_pe_row[13].g_pe_pair[4].u_pe/u_dsp48. 34 registers were pushed out.
INFO: [Physopt 32-665] Processed cell u_array/g_pe_row[3].g_pe_pair[5].u_pe/u_dsp48. 34 registers were pushed out.
INFO: [Physopt 32-665] Processed cell u_array/g_pe_row[1].g_pe_pair[4].u_pe/u_dsp48. 34 registers were pushed out.
INFO: [Physopt 32-665] Processed cell u_array/g_pe_row[8].g_pe_pair[3].u_pe/u_dsp48. 16 registers were pushed out.
INFO: [Physopt 32-665] Processed cell u_array/g_pe_row[1].g_pe_pair[3].u_pe/u_dsp48. 34 registers were pushed out.
INFO: [Physopt 32-665] Processed cell u_array/g_pe_row[6].g_pe_pair[7].u_pe/u_dsp48. 34 registers were pushed out.
INFO: [Physopt 32-665] Processed cell u_array/g_pe_row[4].g_pe_pair[0].u_pe/u_dsp48. 34 registers were pushed out.
INFO: [Physopt 32-665] Processed cell u_array/g_pe_row[9].g_pe_pair[2].u_pe/u_dsp48. 34 registers were pushed out.
INFO: [Physopt 32-665] Processed cell u_array/g_pe_row[6].g_pe_pair[3].u_pe/u_dsp48. 34 registers were pushed out.
INFO: [Physopt 32-665] Processed cell u_array/g_pe_row[13].g_pe_pair[1].u_pe/u_dsp48. 34 registers were pushed out.
INFO: [Physopt 32-665] Processed cell u_array/g_pe_row[6].g_pe_pair[0].u_pe/u_dsp48. 34 registers were pushed out.
INFO: [Physopt 32-666] Processed cell u_array/u_ctrl/rq_limit_r0. No change.
INFO: [Physopt 32-665] Processed cell u_array/g_pe_row[1].g_pe_pair[5].u_pe/u_dsp48. 34 registers were pushed out.
INFO: [Physopt 32-665] Processed cell u_array/g_pe_row[1].g_pe_pair[1].u_pe/u_dsp48. 16 registers were pushed out.
INFO: [Physopt 32-665] Processed cell u_array/g_pe_row[1].g_pe_pair[7].u_pe/u_dsp48. 34 registers were pushed out.
INFO: [Physopt 32-665] Processed cell u_array/g_pe_row[8].g_pe_pair[0].u_pe/u_dsp48. 34 registers were pushed out.
INFO: [Physopt 32-665] Processed cell u_array/g_pe_row[13].g_pe_pair[0].u_pe/u_dsp48. 34 registers were pushed out.
INFO: [Physopt 32-665] Processed cell u_array/g_pe_row[4].g_pe_pair[4].u_pe/u_dsp48. 34 registers were pushed out.
INFO: [Physopt 32-665] Processed cell u_array/g_pe_row[1].g_pe_pair[2].u_pe/u_dsp48. 34 registers were pushed out.
INFO: [Physopt 32-665] Processed cell u_array/g_pe_row[12].g_pe_pair[3].u_pe/u_dsp48. 34 registers were pushed out.
INFO: [Physopt 32-665] Processed cell u_array/g_pe_row[8].g_pe_pair[5].u_pe/u_dsp48. 34 registers were pushed out.
INFO: [Physopt 32-665] Processed cell u_array/g_pe_row[14].g_pe_pair[7].u_pe/u_dsp48. 34 registers were pushed out.
INFO: [Physopt 32-665] Processed cell u_array/g_pe_row[12].g_pe_pair[5].u_pe/u_dsp48. 34 registers were pushed out.
INFO: [Physopt 32-665] Processed cell u_array/g_pe_row[8].g_pe_pair[3].u_pe/u_dsp48. 34 registers were pushed out.
INFO: [Physopt 32-665] Processed cell u_array/g_pe_row[4].g_pe_pair[3].u_pe/u_dsp48. 16 registers were pushed out.
INFO: [Physopt 32-665] Processed cell u_array/g_pe_row[0].g_pe_pair[5].u_pe/u_dsp48. 34 registers were pushed out.
INFO: [Physopt 32-665] Processed cell u_array/g_pe_row[12].g_pe_pair[3].u_pe/u_dsp48. 16 registers were pushed out.
INFO: [Physopt 32-665] Processed cell u_array/g_pe_row[11].g_pe_pair[6].u_pe/u_dsp48. 34 registers were pushed out.
INFO: [Physopt 32-665] Processed cell u_array/g_pe_row[0].g_pe_pair[3].u_pe/u_dsp48. 16 registers were pushed out.
INFO: [Physopt 32-665] Processed cell u_array/g_pe_row[0].g_pe_pair[2].u_pe/u_dsp48. 34 registers were pushed out.
INFO: [Physopt 32-665] Processed cell u_array/g_pe_row[8].g_pe_pair[4].u_pe/u_dsp48. 34 registers were pushed out.
INFO: [Physopt 32-665] Processed cell u_array/g_pe_row[6].g_pe_pair[5].u_pe/u_dsp48. 34 registers were pushed out.
INFO: [Physopt 32-665] Processed cell u_array/g_pe_row[6].g_pe_pair[6].u_pe/u_dsp48. 34 registers were pushed out.
INFO: [Physopt 32-665] Processed cell u_array/g_pe_row[1].g_pe_pair[0].u_pe/u_dsp48. 34 registers were pushed out.
INFO: [Physopt 32-665] Processed cell u_array/g_pe_row[0].g_pe_pair[6].u_pe/u_dsp48. 34 registers were pushed out.
INFO: [Physopt 32-665] Processed cell u_array/g_pe_row[15].g_pe_pair[1].u_pe/u_dsp48. 16 registers were pushed out.
INFO: [Physopt 32-665] Processed cell u_array/g_pe_row[3].g_pe_pair[0].u_pe/u_dsp48. 34 registers were pushed out.
INFO: [Physopt 32-665] Processed cell u_array/g_pe_row[12].g_pe_pair[7].u_pe/u_dsp48. 16 registers were pushed out.
INFO: [Physopt 32-665] Processed cell u_array/g_pe_row[4].g_pe_pair[5].u_pe/u_dsp48. 34 registers were pushed out.
INFO: [Physopt 32-665] Processed cell u_array/g_pe_row[3].g_pe_pair[6].u_pe/u_dsp48. 34 registers were pushed out.
INFO: [Physopt 32-665] Processed cell u_array/g_pe_row[4].g_pe_pair[3].u_pe/u_dsp48. 34 registers were pushed out.
INFO: [Physopt 32-457] Pass 2. Identified 40 candidate cells for DSP register optimization.
INFO: [Physopt 32-666] Processed cell u_array/u_requant/prod_c_w__2. No change.
INFO: [Physopt 32-666] Processed cell u_array/g_pe_row[14].g_pe_pair[4].u_pe/u_dsp48. No change.
INFO: [Physopt 32-666] Processed cell u_array/u_requant/prod_c_w__0. No change.
INFO: [Physopt 32-666] Processed cell u_array/u_ctrl/rq_limit_r0. No change.
INFO: [Physopt 32-665] Processed cell u_array/g_pe_row[3].g_pe_pair[1].u_pe/u_dsp48. 16 registers were pushed out.
INFO: [Physopt 32-665] Processed cell u_array/g_pe_row[1].g_pe_pair[0].u_pe/u_dsp48. 16 registers were pushed out.
INFO: [Physopt 32-665] Processed cell u_array/g_pe_row[3].g_pe_pair[7].u_pe/u_dsp48. 16 registers were pushed out.
INFO: [Physopt 32-665] Processed cell u_array/g_pe_row[10].g_pe_pair[1].u_pe/u_dsp48. 16 registers were pushed out.
INFO: [Physopt 32-665] Processed cell u_array/g_pe_row[1].g_pe_pair[4].u_pe/u_dsp48. 16 registers were pushed out.
INFO: [Physopt 32-665] Processed cell u_array/g_pe_row[6].g_pe_pair[1].u_pe/u_dsp48. 34 registers were pushed out.
INFO: [Physopt 32-665] Processed cell u_array/g_pe_row[14].g_pe_pair[0].u_pe/u_dsp48. 34 registers were pushed out.
INFO: [Physopt 32-665] Processed cell u_array/g_pe_row[4].g_pe_pair[2].u_pe/u_dsp48. 34 registers were pushed out.
INFO: [Physopt 32-665] Processed cell u_array/g_pe_row[4].g_pe_pair[7].u_pe/u_dsp48. 16 registers were pushed out.
INFO: [Physopt 32-665] Processed cell u_array/g_pe_row[4].g_pe_pair[1].u_pe/u_dsp48. 34 registers were pushed out.
INFO: [Physopt 32-665] Processed cell u_array/g_pe_row[5].g_pe_pair[6].u_pe/u_dsp48. 34 registers were pushed out.
INFO: [Physopt 32-665] Processed cell u_array/g_pe_row[3].g_pe_pair[4].u_pe/u_dsp48. 34 registers were pushed out.
INFO: [Physopt 32-665] Processed cell u_array/g_pe_row[14].g_pe_pair[3].u_pe/u_dsp48. 16 registers were pushed out.
INFO: [Physopt 32-665] Processed cell u_array/g_pe_row[15].g_pe_pair[2].u_pe/u_dsp48. 16 registers were pushed out.
INFO: [Physopt 32-665] Processed cell u_array/g_pe_row[1].g_pe_pair[5].u_pe/u_dsp48. 16 registers were pushed out.
INFO: [Physopt 32-665] Processed cell u_array/g_pe_row[14].g_pe_pair[6].u_pe/u_dsp48. 34 registers were pushed out.
INFO: [Physopt 32-665] Processed cell u_array/g_pe_row[9].g_pe_pair[7].u_pe/u_dsp48. 16 registers were pushed out.
INFO: [Physopt 32-665] Processed cell u_array/g_pe_row[15].g_pe_pair[5].u_pe/u_dsp48. 34 registers were pushed out.
INFO: [Physopt 32-665] Processed cell u_array/g_pe_row[9].g_pe_pair[1].u_pe/u_dsp48. 16 registers were pushed out.
INFO: [Physopt 32-665] Processed cell u_array/g_pe_row[0].g_pe_pair[4].u_pe/u_dsp48. 34 registers were pushed out.
INFO: [Physopt 32-665] Processed cell u_array/g_pe_row[15].g_pe_pair[4].u_pe/u_dsp48. 34 registers were pushed out.
INFO: [Physopt 32-665] Processed cell u_array/g_pe_row[7].g_pe_pair[6].u_pe/u_dsp48. 34 registers were pushed out.
INFO: [Physopt 32-665] Processed cell u_array/g_pe_row[11].g_pe_pair[5].u_pe/u_dsp48. 34 registers were pushed out.
INFO: [Physopt 32-665] Processed cell u_array/g_pe_row[3].g_pe_pair[2].u_pe/u_dsp48. 34 registers were pushed out.
INFO: [Physopt 32-665] Processed cell u_array/g_pe_row[5].g_pe_pair[7].u_pe/u_dsp48. 34 registers were pushed out.
INFO: [Physopt 32-665] Processed cell u_array/g_pe_row[3].g_pe_pair[1].u_pe/u_dsp48. 34 registers were pushed out.
INFO: [Physopt 32-665] Processed cell u_array/g_pe_row[12].g_pe_pair[1].u_pe/u_dsp48. 16 registers were pushed out.
INFO: [Physopt 32-665] Processed cell u_array/g_pe_row[13].g_pe_pair[7].u_pe/u_dsp48. 34 registers were pushed out.
INFO: [Physopt 32-665] Processed cell u_array/g_pe_row[8].g_pe_pair[7].u_pe/u_dsp48. 16 registers were pushed out.
INFO: [Physopt 32-665] Processed cell u_array/g_pe_row[15].g_pe_pair[5].u_pe/u_dsp48. 16 registers were pushed out.
INFO: [Physopt 32-665] Processed cell u_array/g_pe_row[9].g_pe_pair[1].u_pe/u_dsp48. 34 registers were pushed out.
INFO: [Physopt 32-665] Processed cell u_array/g_pe_row[13].g_pe_pair[6].u_pe/u_dsp48. 34 registers were pushed out.
INFO: [Physopt 32-665] Processed cell u_array/g_pe_row[15].g_pe_pair[3].u_pe/u_dsp48. 16 registers were pushed out.
INFO: [Physopt 32-665] Processed cell u_array/g_pe_row[3].g_pe_pair[7].u_pe/u_dsp48. 34 registers were pushed out.
INFO: [Physopt 32-665] Processed cell u_array/g_pe_row[1].g_pe_pair[7].u_pe/u_dsp48. 16 registers were pushed out.
INFO: [Physopt 32-665] Processed cell u_array/g_pe_row[5].g_pe_pair[3].u_pe/u_dsp48. 34 registers were pushed out.
INFO: [Physopt 32-775] End 2 Pass. Optimized 82 nets or cells. Created 2374 new cells, deleted 0 existing cell and moved 0 existing cell
Netlist sorting complete. Time (s): cpu = 00:00:00 ; elapsed = 00:00:00.201 . Memory (MB): peak = 2387.652 ; gain = 0.000
INFO: [Physopt 32-1123] No candidate cells found for Shift Register to Pipeline optimization
INFO: [Physopt 32-775] End 2 Pass. Optimized 0 net or cell. Created 0 new cell, deleted 0 existing cell and moved 0 existing cell
INFO: [Physopt 32-1401] No candidate cells found for Shift Register optimization.
INFO: [Physopt 32-677] No candidate cells for Shift Register optimization found in the design
INFO: [Physopt 32-775] End 1 Pass. Optimized 0 net or cell. Created 0 new cell, deleted 0 existing cell and moved 0 existing cell
INFO: [Physopt 32-527] Pass 1: Identified 2 candidate cells for BRAM register optimization
INFO: [Physopt 32-665] Processed cell u_array/u_xbuf/u_bank0/U0/inst_blk_mem_gen/gnbram.gnativebmg.native_blk_mem_gen/valid.cstr/ramloop[0].ram.r/prim_noinit.ram/DEVICE_7SERIES.NO_BMM_INFO.SDP.SIMPLE_PRIM36.ram. 16 registers were pushed out.
INFO: [Physopt 32-665] Processed cell u_array/u_xbuf/u_bank1/U0/inst_blk_mem_gen/gnbram.gnativebmg.native_blk_mem_gen/valid.cstr/ramloop[1].ram.r/prim_noinit.ram/DEVICE_7SERIES.NO_BMM_INFO.SDP.WIDE_PRIM36_NO_ECC.ram. 64 registers were pushed out.
INFO: [Physopt 32-775] End 1 Pass. Optimized 2 nets or cells. Created 80 new cells, deleted 0 existing cell and moved 0 existing cell
Netlist sorting complete. Time (s): cpu = 00:00:00 ; elapsed = 00:00:00.039 . Memory (MB): peak = 2387.652 ; gain = 0.000
INFO: [Physopt 32-846] No candidate cells for URAM register optimization found in the design
INFO: [Physopt 32-775] End 1 Pass. Optimized 0 net or cell. Created 0 new cell, deleted 0 existing cell and moved 0 existing cell
INFO: [Physopt 32-846] No candidate cells for URAM register optimization found in the design
INFO: [Physopt 32-775] End 1 Pass. Optimized 0 net or cell. Created 0 new cell, deleted 0 existing cell and moved 0 existing cell
INFO: [Physopt 32-949] No candidate nets found for dynamic/static region interface net replication
INFO: [Physopt 32-775] End 1 Pass. Optimized 0 net or cell. Created 0 new cell, deleted 0 existing cell and moved 0 existing cell
Netlist sorting complete. Time (s): cpu = 00:00:00 ; elapsed = 00:00:00.014 . Memory (MB): peak = 2387.652 ; gain = 0.000

Summary of Physical Synthesis Optimizations
============================================


-----------------------------------------------------------------------------------------------------------------------------------------------------------
|  Optimization                                     |  Added Cells  |  Removed Cells  |  Optimized Cells/Nets  |  Dont Touch  |  Iterations  |  Elapsed   |
-----------------------------------------------------------------------------------------------------------------------------------------------------------
|  LUT Combining                                    |           37  |             59  |                    96  |           0  |           1  |  00:00:00  |
|  Retime                                           |            0  |              0  |                     0  |           0  |           1  |  00:00:00  |
|  Very High Fanout                                 |            0  |              0  |                     0  |           0  |           1  |  00:00:00  |
|  Critical Cell                                    |            0  |              0  |                    11  |           0  |           1  |  00:00:00  |
|  DSP Register                                     |         2374  |              0  |                    82  |           0  |           1  |  00:00:05  |
|  Shift Register to Pipeline                       |            0  |              0  |                     0  |           0  |           1  |  00:00:00  |
|  Shift Register                                   |            0  |              0  |                     0  |           0  |           1  |  00:00:00  |
|  BRAM Register                                    |           80  |              0  |                     2  |           0  |           1  |  00:00:00  |
|  URAM Register                                    |            0  |              0  |                     0  |           0  |           1  |  00:00:00  |
|  Dynamic/Static Region Interface Net Replication  |            0  |              0  |                     0  |           0  |           1  |  00:00:00  |
|  Total                                            |         2491  |             59  |                   191  |           0  |          10  |  00:00:06  |
-----------------------------------------------------------------------------------------------------------------------------------------------------------


Phase 2.5.2 Physical Synthesis In Placer | Checksum: 1c67941e6

Time (s): cpu = 00:01:05 ; elapsed = 00:00:42 . Memory (MB): peak = 2387.652 ; gain = 0.000
Phase 2.5 Global Place Phase2 | Checksum: 1fb28cf34

Time (s): cpu = 00:01:07 ; elapsed = 00:00:43 . Memory (MB): peak = 2387.652 ; gain = 0.000
Phase 2 Global Placement | Checksum: 1fb28cf34

Time (s): cpu = 00:01:07 ; elapsed = 00:00:43 . Memory (MB): peak = 2387.652 ; gain = 0.000

Phase 3 Detail Placement

Phase 3.1 Commit Multi Column Macros
Phase 3.1 Commit Multi Column Macros | Checksum: 20a1d8566

Time (s): cpu = 00:01:10 ; elapsed = 00:00:45 . Memory (MB): peak = 2387.652 ; gain = 0.000

Phase 3.2 Commit Most Macros & LUTRAMs
Phase 3.2 Commit Most Macros & LUTRAMs | Checksum: 167b08fa6

Time (s): cpu = 00:01:17 ; elapsed = 00:00:49 . Memory (MB): peak = 2387.652 ; gain = 0.000

Phase 3.3 Area Swap Optimization
Phase 3.3 Area Swap Optimization | Checksum: 25aa177a1

Time (s): cpu = 00:01:17 ; elapsed = 00:00:50 . Memory (MB): peak = 2387.652 ; gain = 0.000

Phase 3.4 Pipeline Register Optimization
Phase 3.4 Pipeline Register Optimization | Checksum: 18e18f62b

Time (s): cpu = 00:01:17 ; elapsed = 00:00:50 . Memory (MB): peak = 2387.652 ; gain = 0.000

Phase 3.5 Fast Optimization
Phase 3.5 Fast Optimization | Checksum: 25fcecd8e

Time (s): cpu = 00:01:25 ; elapsed = 00:00:54 . Memory (MB): peak = 2387.652 ; gain = 0.000

Phase 3.6 Small Shape Detail Placement
Phase 3.6 Small Shape Detail Placement | Checksum: 1f59c215e

Time (s): cpu = 00:01:32 ; elapsed = 00:01:01 . Memory (MB): peak = 2387.652 ; gain = 0.000

Phase 3.7 Re-assign LUT pins
Phase 3.7 Re-assign LUT pins | Checksum: 16e535b4c

Time (s): cpu = 00:01:34 ; elapsed = 00:01:03 . Memory (MB): peak = 2387.652 ; gain = 0.000

Phase 3.8 Pipeline Register Optimization
Phase 3.8 Pipeline Register Optimization | Checksum: 19b8c59dd

Time (s): cpu = 00:01:34 ; elapsed = 00:01:03 . Memory (MB): peak = 2387.652 ; gain = 0.000
Phase 3 Detail Placement | Checksum: 19b8c59dd

Time (s): cpu = 00:01:34 ; elapsed = 00:01:03 . Memory (MB): peak = 2387.652 ; gain = 0.000

Phase 4 Post Placement Optimization and Clean-Up

Phase 4.1 Post Commit Optimization
INFO: [Timing 38-35] Done setting XDC timing constraints.

Phase 4.1.1 Post Placement Optimization
Post Placement Optimization Initialization | Checksum: 1cf3f2ca6

Phase 4.1.1.1 BUFG Insertion

Starting Physical Synthesis Task

Phase 1 Physical Synthesis Initialization
INFO: [Physopt 32-721] Multithreading enabled for phys_opt_design using a maximum of 2 CPUs
INFO: [Physopt 32-619] Estimated Timing Summary | WNS=-1.936 | TNS=-134.758 |
Phase 1 Physical Synthesis Initialization | Checksum: 22c20d1cf

Time (s): cpu = 00:00:01 ; elapsed = 00:00:00.365 . Memory (MB): peak = 2387.652 ; gain = 0.000
INFO: [Place 46-33] Processed net u_array/u_lut/rst_n_0, BUFG insertion was skipped due to placement/routing conflicts.
INFO: [Place 46-56] BUFG insertion identified 1 candidate nets. Inserted BUFG: 0, Replicated BUFG Driver: 0, Skipped due to Placement/Routing Conflicts: 1, Skipped due to Timing Degradation: 0, Skipped due to netlist editing failed: 0.
Ending Physical Synthesis Task | Checksum: 1b3e654c6

Time (s): cpu = 00:00:02 ; elapsed = 00:00:01 . Memory (MB): peak = 2387.652 ; gain = 0.000
Phase 4.1.1.1 BUFG Insertion | Checksum: 1cf3f2ca6

Time (s): cpu = 00:01:44 ; elapsed = 00:01:10 . Memory (MB): peak = 2387.652 ; gain = 0.000

Phase 4.1.1.2 Post Placement Timing Optimization
INFO: [Place 30-746] Post Placement Timing Summary WNS=-0.613. For the most accurate timing information please run report_timing.
Phase 4.1.1.2 Post Placement Timing Optimization | Checksum: b4501147

Time (s): cpu = 00:02:28 ; elapsed = 00:01:58 . Memory (MB): peak = 2387.652 ; gain = 0.000

Time (s): cpu = 00:02:28 ; elapsed = 00:01:58 . Memory (MB): peak = 2387.652 ; gain = 0.000
Phase 4.1 Post Commit Optimization | Checksum: b4501147

Time (s): cpu = 00:02:28 ; elapsed = 00:01:58 . Memory (MB): peak = 2387.652 ; gain = 0.000

Phase 4.2 Post Placement Cleanup
Phase 4.2 Post Placement Cleanup | Checksum: b4501147

Time (s): cpu = 00:02:29 ; elapsed = 00:01:58 . Memory (MB): peak = 2387.652 ; gain = 0.000

Phase 4.3 Placer Reporting

Phase 4.3.1 Print Estimated Congestion
INFO: [Place 30-612] Post-Placement Estimated Congestion 
 ____________________________________________________
|           | Global Congestion | Short Congestion  |
| Direction | Region Size       | Region Size       |
|___________|___________________|___________________|
|      North|                2x2|                4x4|
|___________|___________________|___________________|
|      South|                1x1|                4x4|
|___________|___________________|___________________|
|       East|                4x4|                4x4|
|___________|___________________|___________________|
|       West|                1x1|                4x4|
|___________|___________________|___________________|

Phase 4.3.1 Print Estimated Congestion | Checksum: b4501147

Time (s): cpu = 00:02:29 ; elapsed = 00:01:58 . Memory (MB): peak = 2387.652 ; gain = 0.000
Phase 4.3 Placer Reporting | Checksum: b4501147

Time (s): cpu = 00:02:29 ; elapsed = 00:01:58 . Memory (MB): peak = 2387.652 ; gain = 0.000

Phase 4.4 Final Placement Cleanup
Netlist sorting complete. Time (s): cpu = 00:00:00 ; elapsed = 00:00:00.019 . Memory (MB): peak = 2387.652 ; gain = 0.000

Time (s): cpu = 00:02:29 ; elapsed = 00:01:58 . Memory (MB): peak = 2387.652 ; gain = 0.000
Phase 4 Post Placement Optimization and Clean-Up | Checksum: eb8af9db

Time (s): cpu = 00:02:29 ; elapsed = 00:01:58 . Memory (MB): peak = 2387.652 ; gain = 0.000
Ending Placer Task | Checksum: bda2d2c1

Time (s): cpu = 00:02:29 ; elapsed = 00:01:58 . Memory (MB): peak = 2387.652 ; gain = 0.000
152 Infos, 2 Warnings, 0 Critical Warnings and 0 Errors encountered.
place_design completed successfully
place_design: Time (s): cpu = 00:02:32 ; elapsed = 00:02:01 . Memory (MB): peak = 2387.652 ; gain = 0.000
# phys_opt_design -directive AggressiveExplore
Command: phys_opt_design -directive AggressiveExplore
Attempting to get a license for feature 'Implementation' and/or device 'xc7z020'
INFO: [Common 17-349] Got license for feature 'Implementation' and/or device 'xc7z020'
INFO: [Vivado_Tcl 4-137] Directive used for phys_opt_design is: AggressiveExplore

Starting Initial Update Timing Task
WARNING: [Timing 38-242] The property HD.CLK_SRC of clock port "clk_i" is not set. In out-of-context mode, this prevents timing estimation for clock delay/skew
Resolution: Set the HD.CLK_SRC property of the out-of-context port to the location of the clock buffer instance in the top-level design

Time (s): cpu = 00:00:06 ; elapsed = 00:00:03 . Memory (MB): peak = 2387.652 ; gain = 0.000
INFO: [Vivado_Tcl 4-1435] PhysOpt_Tcl_Interface Runtime Before Starting Physical Synthesis Task | CPU: 7.00s |  WALL: 3.60s
Netlist sorting complete. Time (s): cpu = 00:00:00 ; elapsed = 00:00:00.015 . Memory (MB): peak = 2387.652 ; gain = 0.000

Starting Physical Synthesis Task

Phase 1 Physical Synthesis Initialization
INFO: [Physopt 32-721] Multithreading enabled for phys_opt_design using a maximum of 2 CPUs
INFO: [Physopt 32-619] Estimated Timing Summary | WNS=-0.613 | TNS=-75.924 |
Phase 1 Physical Synthesis Initialization | Checksum: 143e1e4d4

Time (s): cpu = 00:00:03 ; elapsed = 00:00:03 . Memory (MB): peak = 2387.652 ; gain = 0.000

Phase 2 SLR Crossing Optimization
Phase 2 SLR Crossing Optimization | Checksum: 143e1e4d4

Time (s): cpu = 00:00:03 ; elapsed = 00:00:03 . Memory (MB): peak = 2387.652 ; gain = 0.000
INFO: [Physopt 32-619] Estimated Timing Summary | WNS=-0.613 | TNS=-75.924 |

Phase 3 Fanout Optimization
INFO: [Physopt 32-76] Pass 1. Identified 11 candidate nets for fanout optimization.
INFO: [Physopt 32-81] Processed net q_r_reg[63]_i_18_n_0. Replicated 2 times.
INFO: [Physopt 32-572] Net u_array/u_requant/y_pre_o_reg[0]_rep__5_0 was not replicated.
Resolution: phys_opt_design can be forced to replicate a net driver using the option -force_replication_on_nets <list of net objects>.
INFO: [Physopt 32-81] Processed net u_array/u_addrgen/row_off_r[31]_i_1_n_0. Replicated 2 times.
INFO: [Physopt 32-572] Net u_array/u_requant/y_pre_o_reg[1]_rep__5_0 was not replicated.
Resolution: phys_opt_design can be forced to replicate a net driver using the option -force_replication_on_nets <list of net objects>.
INFO: [Physopt 32-81] Processed net u_array/u_addrgen/row_off_r[31]_i_5_n_0. Replicated 2 times.
INFO: [Physopt 32-572] Net u_array/u_addrgen/we_i0 was not replicated.
Resolution: phys_opt_design can be forced to replicate a net driver using the option -force_replication_on_nets <list of net objects>.
INFO: [Physopt 32-81] Processed net u_array/u_addrgen/row_off_r[31]_i_3_n_0. Replicated 2 times.
INFO: [Physopt 32-81] Processed net u_array/u_requant/Q[3]. Replicated 7 times.
INFO: [Physopt 32-81] Processed net u_array/u_requant/Q[0]. Replicated 2 times.
INFO: [Physopt 32-81] Processed net u_array/u_requant/Q[2]. Replicated 3 times.
INFO: [Physopt 32-81] Processed net u_array/g_pe_row[4].g_pe_pair[1].u_pe/w_d3_r_reg[7]_0[6]. Replicated 1 times.
INFO: [Physopt 32-232] Optimized 8 nets. Created 21 new instances.
INFO: [Physopt 32-775] End 1 Pass. Optimized 8 nets or cells. Created 21 new cells, deleted 0 existing cell and moved 0 existing cell
INFO: [Physopt 32-619] Estimated Timing Summary | WNS=-0.613 | TNS=-73.044 |
Netlist sorting complete. Time (s): cpu = 00:00:00 ; elapsed = 00:00:00.059 . Memory (MB): peak = 2387.652 ; gain = 0.000
Phase 3 Fanout Optimization | Checksum: ba759281

Time (s): cpu = 00:00:11 ; elapsed = 00:00:08 . Memory (MB): peak = 2387.652 ; gain = 0.000

Phase 4 Single Cell Placement Optimization
INFO: [Physopt 32-660] Identified 250 candidate nets for placement-based optimization.
INFO: [Physopt 32-662] Processed net u_array/u_requant/q_r[37]_i_4_n_0.  Did not re-place instance u_array/u_requant/q_r[37]_i_4
INFO: [Physopt 32-662] Processed net u_array/u_requant/q_r[23]_i_2_n_0.  Did not re-place instance u_array/u_requant/q_r[23]_i_2
INFO: [Physopt 32-662] Processed net u_array/u_requant/q_r[25]_i_3_n_0.  Did not re-place instance u_array/u_requant/q_r[25]_i_3
INFO: [Physopt 32-662] Processed net u_array/u_requant/q_r[23]_i_1_n_0.  Did not re-place instance u_array/u_requant/q_r[23]_i_1
INFO: [Physopt 32-662] Processed net u_array/u_requant/sticky_r_i_135_n_0.  Did not re-place instance u_array/u_requant/sticky_r_i_135
INFO: [Physopt 32-662] Processed net u_array/u_requant/p_0_in[16].  Did not re-place instance u_array/u_requant/q_r_reg[23]
INFO: [Physopt 32-662] Processed net u_array/u_requant/q_r[28]_i_4_n_0.  Did not re-place instance u_array/u_requant/q_r[28]_i_4
INFO: [Physopt 32-662] Processed net u_array/u_requant/q_r[14]_i_2_n_0.  Did not re-place instance u_array/u_requant/q_r[14]_i_2
INFO: [Physopt 32-662] Processed net u_array/u_requant/q_r[16]_i_3_n_0.  Did not re-place instance u_array/u_requant/q_r[16]_i_3
INFO: [Physopt 32-662] Processed net u_array/u_requant/q_r[14]_i_1_n_0.  Did not re-place instance u_array/u_requant/q_r[14]_i_1
INFO: [Physopt 32-662] Processed net u_array/u_requant/p_0_in[7].  Did not re-place instance u_array/u_requant/q_r_reg[14]
INFO: [Physopt 32-662] Processed net u_array/u_requant/q_r[13]_i_1_n_0.  Did not re-place instance u_array/u_requant/q_r[13]_i_1
INFO: [Physopt 32-662] Processed net u_array/u_requant/p_0_in[6].  Did not re-place instance u_array/u_requant/q_r_reg[13]
INFO: [Physopt 32-662] Processed net u_array/u_requant/sticky_r_i_132_n_0.  Did not re-place instance u_array/u_requant/sticky_r_i_132
INFO: [Physopt 32-662] Processed net u_array/u_requant/q_r[29]_i_4_n_0.  Did not re-place instance u_array/u_requant/q_r[29]_i_4
INFO: [Physopt 32-662] Processed net u_array/u_requant/q_r[17]_i_2_n_0.  Did not re-place instance u_array/u_requant/q_r[17]_i_2
INFO: [Physopt 32-662] Processed net u_array/u_requant/q_r[17]_i_3_n_0.  Did not re-place instance u_array/u_requant/q_r[17]_i_3
INFO: [Physopt 32-662] Processed net u_array/u_requant/q_r[16]_i_1_n_0.  Did not re-place instance u_array/u_requant/q_r[16]_i_1
INFO: [Physopt 32-662] Processed net u_array/u_requant/p_0_in[9].  Did not re-place instance u_array/u_requant/q_r_reg[16]
INFO: [Physopt 32-662] Processed net u_array/u_requant/q_r[31]_i_4_n_0.  Did not re-place instance u_array/u_requant/q_r[31]_i_4
INFO: [Physopt 32-662] Processed net u_array/u_requant/q_r[21]_i_2_n_0.  Did not re-place instance u_array/u_requant/q_r[21]_i_2
INFO: [Physopt 32-662] Processed net u_array/u_requant/q_r[23]_i_3_n_0.  Did not re-place instance u_array/u_requant/q_r[23]_i_3
INFO: [Physopt 32-662] Processed net u_array/u_requant/q_r[21]_i_1_n_0.  Did not re-place instance u_array/u_requant/q_r[21]_i_1
INFO: [Physopt 32-662] Processed net u_array/u_requant/p_0_in[14].  Did not re-place instance u_array/u_requant/q_r_reg[21]
INFO: [Physopt 32-662] Processed net u_array/u_requant/q_r[30]_i_4_n_0.  Did not re-place instance u_array/u_requant/q_r[30]_i_4
INFO: [Physopt 32-662] Processed net u_array/u_requant/q_r[16]_i_2_n_0.  Did not re-place instance u_array/u_requant/q_r[16]_i_2
INFO: [Physopt 32-662] Processed net u_array/u_requant/q_r[18]_i_3_n_0.  Did not re-place instance u_array/u_requant/q_r[18]_i_3
INFO: [Physopt 32-662] Processed net u_array/u_requant/q_r[22]_i_2_n_0.  Did not re-place instance u_array/u_requant/q_r[22]_i_2
INFO: [Physopt 32-662] Processed net u_array/u_requant/q_r[24]_i_3_n_0.  Did not re-place instance u_array/u_requant/q_r[24]_i_3
INFO: [Physopt 32-662] Processed net u_array/u_requant/q_r[22]_i_1_n_0.  Did not re-place instance u_array/u_requant/q_r[22]_i_1
INFO: [Physopt 32-662] Processed net u_array/u_requant/p_0_in[15].  Did not re-place instance u_array/u_requant/q_r_reg[22]
INFO: [Physopt 32-662] Processed net u_array/u_requant/q_r[38]_i_4_n_0.  Did not re-place instance u_array/u_requant/q_r[38]_i_4
INFO: [Physopt 32-662] Processed net u_array/u_requant/q_r[24]_i_2_n_0.  Did not re-place instance u_array/u_requant/q_r[24]_i_2
INFO: [Physopt 32-662] Processed net u_array/u_requant/q_r[26]_i_3_n_0.  Did not re-place instance u_array/u_requant/q_r[26]_i_3
INFO: [Physopt 32-662] Processed net u_array/u_requant/q_r[19]_i_3_n_0.  Did not re-place instance u_array/u_requant/q_r[19]_i_3
INFO: [Physopt 32-662] Processed net u_array/u_requant/q_r[33]_i_2_n_0.  Did not re-place instance u_array/u_requant/q_r[33]_i_2
INFO: [Physopt 32-662] Processed net u_array/u_requant/q_r[35]_i_3_n_0.  Did not re-place instance u_array/u_requant/q_r[35]_i_3
INFO: [Physopt 32-662] Processed net u_array/u_requant/q_r[39]_i_4_n_0.  Did not re-place instance u_array/u_requant/q_r[39]_i_4
INFO: [Physopt 32-662] Processed net u_array/u_requant/p_0_in[25].  Did not re-place instance u_array/u_requant/q_r_reg[32]
INFO: [Physopt 32-662] Processed net u_array/u_requant/q_r[32]_i_1_n_0.  Did not re-place instance u_array/u_requant/q_r[32]_i_1
INFO: [Physopt 32-662] Processed net u_array/u_requant/q_r[27]_i_2_n_0.  Did not re-place instance u_array/u_requant/q_r[27]_i_2
INFO: [Physopt 32-662] Processed net u_array/u_requant/q_r[29]_i_3_n_0.  Did not re-place instance u_array/u_requant/q_r[29]_i_3
INFO: [Physopt 32-662] Processed net u_array/u_requant/q_r[27]_i_1_n_0.  Did not re-place instance u_array/u_requant/q_r[27]_i_1
INFO: [Physopt 32-662] Processed net u_array/u_requant/p_0_in[20].  Did not re-place instance u_array/u_requant/q_r_reg[27]
INFO: [Physopt 32-662] Processed net u_array/u_requant/p_0_in[10].  Did not re-place instance u_array/u_requant/q_r_reg[17]
INFO: [Physopt 32-662] Processed net u_array/u_requant/q_r[17]_i_1_n_0.  Did not re-place instance u_array/u_requant/q_r[17]_i_1
INFO: [Physopt 32-662] Processed net u_array/u_requant/q_r[31]_i_2_n_0.  Did not re-place instance u_array/u_requant/q_r[31]_i_2
INFO: [Physopt 32-662] Processed net u_array/u_requant/q_r[33]_i_3_n_0.  Did not re-place instance u_array/u_requant/q_r[33]_i_3
INFO: [Physopt 32-662] Processed net u_array/u_requant/p_0_in[24].  Did not re-place instance u_array/u_requant/q_r_reg[31]
INFO: [Physopt 32-662] Processed net u_array/u_requant/q_r[31]_i_1_n_0.  Did not re-place instance u_array/u_requant/q_r[31]_i_1
INFO: [Physopt 32-662] Processed net u_array/u_requant/q_r[33]_i_4_n_0.  Did not re-place instance u_array/u_requant/q_r[33]_i_4
INFO: [Physopt 32-662] Processed net u_array/u_requant/sticky_r_i_128_n_0.  Did not re-place instance u_array/u_requant/sticky_r_i_128
INFO: [Physopt 32-662] Processed net u_array/u_requant/q_r[15]_i_2_n_0.  Did not re-place instance u_array/u_requant/q_r[15]_i_2
INFO: [Physopt 32-662] Processed net u_array/u_requant/q_r[26]_i_1_n_0.  Did not re-place instance u_array/u_requant/q_r[26]_i_1
INFO: [Physopt 32-662] Processed net u_array/u_requant/p_0_in[19].  Did not re-place instance u_array/u_requant/q_r_reg[26]
INFO: [Physopt 32-662] Processed net u_array/u_requant/q_r[32]_i_2_n_0.  Did not re-place instance u_array/u_requant/q_r[32]_i_2
INFO: [Physopt 32-662] Processed net u_array/u_requant/q_r[34]_i_3_n_0.  Did not re-place instance u_array/u_requant/q_r[34]_i_3
INFO: [Physopt 32-662] Processed net u_array/u_requant/q_r[17]_i_4_n_0.  Did not re-place instance u_array/u_requant/q_r[17]_i_4
INFO: [Physopt 32-662] Processed net u_array/u_requant/p_0_in[27].  Did not re-place instance u_array/u_requant/q_r_reg[34]
INFO: [Physopt 32-662] Processed net u_array/u_requant/q_r[35]_i_2_n_0.  Did not re-place instance u_array/u_requant/q_r[35]_i_2
INFO: [Physopt 32-662] Processed net u_array/u_requant/q_r[37]_i_3_n_0.  Did not re-place instance u_array/u_requant/q_r[37]_i_3
INFO: [Physopt 32-662] Processed net u_array/u_requant/q_r[3]_i_2_n_0.  Did not re-place instance u_array/u_requant/q_r[3]_i_2
INFO: [Physopt 32-663] Processed net u_array/u_requant/q_r[41]_i_4_n_0.  Re-placed instance u_array/u_requant/q_r[41]_i_4
INFO: [Physopt 32-662] Processed net u_array/u_requant/q_r[5]_i_3_n_0.  Did not re-place instance u_array/u_requant/q_r[5]_i_3
INFO: [Physopt 32-662] Processed net u_array/u_requant/q_r[2]_i_1_n_0.  Did not re-place instance u_array/u_requant/q_r[2]_i_1
INFO: [Physopt 32-662] Processed net u_array/u_requant/q_r[34]_i_1_n_0.  Did not re-place instance u_array/u_requant/q_r[34]_i_1
INFO: [Physopt 32-662] Processed net u_array/u_requant/q_r_reg_n_0_[2].  Did not re-place instance u_array/u_requant/q_r_reg[2]
INFO: [Physopt 32-662] Processed net u_array/u_requant/q_r[32]_i_4_n_0.  Did not re-place instance u_array/u_requant/q_r[32]_i_4
INFO: [Physopt 32-662] Processed net u_array/u_requant/q_r[18]_i_2_n_0.  Did not re-place instance u_array/u_requant/q_r[18]_i_2
INFO: [Physopt 32-662] Processed net u_array/u_requant/q_r[20]_i_3_n_0.  Did not re-place instance u_array/u_requant/q_r[20]_i_3
INFO: [Physopt 32-662] Processed net u_array/u_requant/p_0_in[23].  Did not re-place instance u_array/u_requant/q_r_reg[30]
INFO: [Physopt 32-662] Processed net u_array/u_requant/q_r[30]_i_1_n_0.  Did not re-place instance u_array/u_requant/q_r[30]_i_1
INFO: [Physopt 32-662] Processed net u_array/u_requant/q_r[48]_i_3_n_0.  Did not re-place instance u_array/u_requant/q_r[48]_i_3
INFO: [Physopt 32-662] Processed net u_array/u_requant/q_r[42]_i_2_n_0.  Did not re-place instance u_array/u_requant/q_r[42]_i_2
INFO: [Physopt 32-663] Processed net u_array/u_requant/q_r[44]_i_3_n_0.  Re-placed instance u_array/u_requant/q_r[44]_i_3
INFO: [Physopt 32-662] Processed net u_array/u_requant/q_r[41]_i_1_n_0.  Did not re-place instance u_array/u_requant/q_r[41]_i_1
INFO: [Physopt 32-662] Processed net u_array/u_requant/p_0_in[34].  Did not re-place instance u_array/u_requant/q_r_reg[41]
INFO: [Physopt 32-662] Processed net u_array/u_requant/q_r[24]_i_4_n_0.  Did not re-place instance u_array/u_requant/q_r[24]_i_4
INFO: [Physopt 32-662] Processed net u_array/u_requant/q_r[35]_i_4_n_0.  Did not re-place instance u_array/u_requant/q_r[35]_i_4
INFO: [Physopt 32-662] Processed net u_array/u_requant/p_0_in[2].  Did not re-place instance u_array/u_requant/q_r_reg[9]
INFO: [Physopt 32-663] Processed net u_array/u_requant/q_r[10]_i_2_n_0.  Re-placed instance u_array/u_requant/q_r[10]_i_2
INFO: [Physopt 32-662] Processed net u_array/u_requant/q_r[12]_i_3_n_0.  Did not re-place instance u_array/u_requant/q_r[12]_i_3
INFO: [Physopt 32-662] Processed net u_array/u_requant/q_r[9]_i_1_n_0.  Did not re-place instance u_array/u_requant/q_r[9]_i_1
INFO: [Physopt 32-662] Processed net u_array/u_requant/q_r[36]_i_4_n_0.  Did not re-place instance u_array/u_requant/q_r[36]_i_4
INFO: [Physopt 32-663] Processed net u_array/u_addrgen/A_0[1].  Re-placed instance u_array/u_addrgen/ih0_r_reg[2]
INFO: [Physopt 32-663] Processed net u_array/u_addrgen/A_0[5].  Re-placed instance u_array/u_addrgen/ih0_r_reg[6]
INFO: [Physopt 32-663] Processed net u_array/u_addrgen/A_0[9].  Re-placed instance u_array/u_addrgen/ih0_r_reg[10]
INFO: [Physopt 32-662] Processed net u_array/u_addrgen/row_off_r[9].  Did not re-place instance u_array/u_addrgen/row_off_r[9]_i_1
INFO: [Physopt 32-663] Processed net u_array/u_addrgen/row_off_r[9]_i_2_n_0.  Re-placed instance u_array/u_addrgen/row_off_r[9]_i_2
INFO: [Physopt 32-662] Processed net u_array/u_addrgen/row_off_r_reg_n_0_[9].  Did not re-place instance u_array/u_addrgen/row_off_r_reg[9]
INFO: [Physopt 32-662] Processed net u_array/u_requant/q_r[21]_i_4_n_0.  Did not re-place instance u_array/u_requant/q_r[21]_i_4
INFO: [Physopt 32-663] Processed net u_array/u_addrgen/A_0[10].  Re-placed instance u_array/u_addrgen/ih0_r_reg[11]
INFO: [Physopt 32-663] Processed net u_array/u_addrgen/A_0[14].  Re-placed instance u_array/u_addrgen/ih0_r_reg[15]
INFO: [Physopt 32-663] Processed net u_array/u_addrgen/A_0[18].  Re-placed instance u_array/u_addrgen/ih0_r_reg[19]
INFO: [Physopt 32-663] Processed net u_array/u_addrgen/A_0[2].  Re-placed instance u_array/u_addrgen/ih0_r_reg[3]
INFO: [Physopt 32-663] Processed net u_array/u_addrgen/A_0[6].  Re-placed instance u_array/u_addrgen/ih0_r_reg[7]
INFO: [Physopt 32-663] Processed net u_array/u_addrgen/A_0[15].  Re-placed instance u_array/u_addrgen/ih0_r_reg[16]
INFO: [Physopt 32-663] Processed net u_array/u_addrgen/A_0[19].  Re-placed instance u_array/u_addrgen/ih0_r_reg[20]
INFO: [Physopt 32-662] Processed net u_array/u_requant/sticky_r_i_106_n_0.  Did not re-place instance u_array/u_requant/sticky_r_i_106
INFO: [Physopt 32-663] Processed net u_array/u_requant/q_r[4]_i_2_n_0.  Re-placed instance u_array/u_requant/q_r[4]_i_2
INFO: [Physopt 32-662] Processed net u_array/u_requant/q_r[6]_i_3_n_0.  Did not re-place instance u_array/u_requant/q_r[6]_i_3
INFO: [Physopt 32-662] Processed net u_array/u_addrgen/row_off_r[23].  Did not re-place instance u_array/u_addrgen/row_off_r[23]_i_1
INFO: [Physopt 32-663] Processed net u_array/u_addrgen/row_off_r[23]_i_4_n_0.  Re-placed instance u_array/u_addrgen/row_off_r[23]_i_4
INFO: [Physopt 32-662] Processed net u_array/u_requant/q_r[3]_i_1_n_0.  Did not re-place instance u_array/u_requant/q_r[3]_i_1
INFO: [Physopt 32-662] Processed net u_array/u_addrgen/row_off_r_reg_n_0_[23].  Did not re-place instance u_array/u_addrgen/row_off_r_reg[23]
INFO: [Physopt 32-662] Processed net u_array/u_requant/q_r_reg_n_0_[3].  Did not re-place instance u_array/u_requant/q_r_reg[3]
INFO: [Physopt 32-662] Processed net u_array/u_requant/q_r[18]_i_4_n_0.  Did not re-place instance u_array/u_requant/q_r[18]_i_4
INFO: [Physopt 32-662] Processed net u_array/u_requant/p_0_in[12].  Did not re-place instance u_array/u_requant/q_r_reg[19]
INFO: [Physopt 32-662] Processed net u_array/u_requant/q_r[19]_i_2_n_0.  Did not re-place instance u_array/u_requant/q_r[19]_i_2
INFO: [Physopt 32-662] Processed net u_array/u_requant/q_r[21]_i_3_n_0.  Did not re-place instance u_array/u_requant/q_r[21]_i_3
INFO: [Physopt 32-662] Processed net u_array/u_requant/q_r[19]_i_1_n_0.  Did not re-place instance u_array/u_requant/q_r[19]_i_1
INFO: [Physopt 32-662] Processed net u_array/u_addrgen/row_off_r[28].  Did not re-place instance u_array/u_addrgen/row_off_r[28]_i_1
INFO: [Physopt 32-663] Processed net u_array/u_addrgen/row_off_r[28]_i_2_n_0.  Re-placed instance u_array/u_addrgen/row_off_r[28]_i_2
INFO: [Physopt 32-662] Processed net u_array/u_requant/sticky_r_i_124_n_0.  Did not re-place instance u_array/u_requant/sticky_r_i_124
INFO: [Physopt 32-662] Processed net u_array/u_addrgen/row_off_r_reg_n_0_[28].  Did not re-place instance u_array/u_addrgen/row_off_r_reg[28]
INFO: [Physopt 32-663] Processed net u_array/u_addrgen/row_off_r[26].  Re-placed instance u_array/u_addrgen/row_off_r[26]_i_1
INFO: [Physopt 32-663] Processed net u_array/u_addrgen/row_off_r[26]_i_2_n_0.  Re-placed instance u_array/u_addrgen/row_off_r[26]_i_2
INFO: [Physopt 32-663] Processed net u_array/u_addrgen/row_off_r_reg_n_0_[26].  Re-placed instance u_array/u_addrgen/row_off_r_reg[26]
INFO: [Physopt 32-663] Processed net u_array/u_addrgen/FSM_sequential_state[2]_i_2_n_0.  Re-placed instance u_array/u_addrgen/FSM_sequential_state[2]_i_2
INFO: [Physopt 32-663] Processed net u_array/u_addrgen/FSM_sequential_state[2]_i_3_n_0.  Re-placed instance u_array/u_addrgen/FSM_sequential_state[2]_i_3
INFO: [Physopt 32-662] Processed net u_array/u_addrgen/state[2].  Did not re-place instance u_array/u_addrgen/FSM_sequential_state_reg[2]
INFO: [Physopt 32-663] Processed net u_array/u_addrgen/k_len_c[1].  Re-placed instance u_array/u_addrgen/k_len_c_reg[1]
INFO: [Physopt 32-662] Processed net u_array/u_addrgen/FSM_sequential_state[2]_i_1_n_0.  Did not re-place instance u_array/u_addrgen/FSM_sequential_state[2]_i_1
INFO: [Physopt 32-663] Processed net u_array/u_addrgen/FSM_sequential_state[2]_i_4_n_0.  Re-placed instance u_array/u_addrgen/FSM_sequential_state[2]_i_4
INFO: [Physopt 32-662] Processed net u_array/u_addrgen/n_loc[15]_i_18_n_0.  Did not re-place instance u_array/u_addrgen/n_loc[15]_i_18
INFO: [Physopt 32-662] Processed net u_array/u_addrgen/n_loc[15]_i_47_n_0.  Did not re-place instance u_array/u_addrgen/n_loc[15]_i_47
INFO: [Physopt 32-662] Processed net u_array/u_addrgen/row_off_r[25].  Did not re-place instance u_array/u_addrgen/row_off_r[25]_i_1
INFO: [Physopt 32-663] Processed net u_array/u_addrgen/row_off_r[25]_i_2_n_0.  Re-placed instance u_array/u_addrgen/row_off_r[25]_i_2
INFO: [Physopt 32-662] Processed net u_array/u_addrgen/row_off_r_reg_n_0_[25].  Did not re-place instance u_array/u_addrgen/row_off_r_reg[25]
INFO: [Physopt 32-662] Processed net u_array/u_requant/p_0_in[26].  Did not re-place instance u_array/u_requant/q_r_reg[33]
INFO: [Physopt 32-662] Processed net u_array/u_requant/q_r[34]_i_2_n_0.  Did not re-place instance u_array/u_requant/q_r[34]_i_2
INFO: [Physopt 32-662] Processed net u_array/u_requant/q_r[36]_i_3_n_0.  Did not re-place instance u_array/u_requant/q_r[36]_i_3
INFO: [Physopt 32-662] Processed net u_array/u_requant/q_r[40]_i_4_n_0.  Did not re-place instance u_array/u_requant/q_r[40]_i_4
INFO: [Physopt 32-662] Processed net u_array/u_requant/q_r[33]_i_1_n_0.  Did not re-place instance u_array/u_requant/q_r[33]_i_1
INFO: [Physopt 32-662] Processed net u_array/u_requant/q_r[22]_i_4_n_0.  Did not re-place instance u_array/u_requant/q_r[22]_i_4
INFO: [Physopt 32-662] Processed net u_array/u_requant/q_r[10]_i_3_n_0.  Did not re-place instance u_array/u_requant/q_r[10]_i_3
INFO: [Physopt 32-662] Processed net u_array/u_requant/q_r[8]_i_2_n_0.  Did not re-place instance u_array/u_requant/q_r[8]_i_2
INFO: [Physopt 32-662] Processed net u_array/u_requant/q_r[7]_i_1_n_0.  Did not re-place instance u_array/u_requant/q_r[7]_i_1
INFO: [Physopt 32-662] Processed net u_array/u_requant/p_0_in[0].  Did not re-place instance u_array/u_requant/q_r_reg[7]
INFO: [Physopt 32-662] Processed net u_array/u_requant/q_r[23]_i_4_n_0.  Did not re-place instance u_array/u_requant/q_r[23]_i_4
INFO: [Physopt 32-662] Processed net u_array/u_requant/q_r[26]_i_2_n_0.  Did not re-place instance u_array/u_requant/q_r[26]_i_2
INFO: [Physopt 32-662] Processed net u_array/u_requant/p_0_in[17].  Did not re-place instance u_array/u_requant/q_r_reg[24]
INFO: [Physopt 32-662] Processed net u_array/u_requant/q_r[24]_i_1_n_0.  Did not re-place instance u_array/u_requant/q_r[24]_i_1
INFO: [Physopt 32-662] Processed net u_array/u_requant/sticky_r_i_108_n_0.  Did not re-place instance u_array/u_requant/sticky_r_i_108
INFO: [Physopt 32-662] Processed net u_array/u_requant/q_r[27]_i_3_n_0.  Did not re-place instance u_array/u_requant/q_r[27]_i_3
INFO: [Physopt 32-662] Processed net u_array/u_requant/q_r[27]_i_4_n_0.  Did not re-place instance u_array/u_requant/q_r[27]_i_4
INFO: [Physopt 32-662] Processed net u_array/u_requant/q_r[13]_i_2_n_0.  Did not re-place instance u_array/u_requant/q_r[13]_i_2
INFO: [Physopt 32-662] Processed net u_array/u_requant/q_r[15]_i_3_n_0.  Did not re-place instance u_array/u_requant/q_r[15]_i_3
INFO: [Physopt 32-662] Processed net u_array/u_requant/q_r[41]_i_5_n_0.  Did not re-place instance u_array/u_requant/q_r[41]_i_5
INFO: [Physopt 32-662] Processed net u_array/u_requant/q_r[34]_i_4_n_0.  Did not re-place instance u_array/u_requant/q_r[34]_i_4
INFO: [Physopt 32-662] Processed net u_array/u_requant/q_r[22]_i_3_n_0.  Did not re-place instance u_array/u_requant/q_r[22]_i_3
INFO: [Physopt 32-662] Processed net u_array/u_requant/q_r[25]_i_2_n_0.  Did not re-place instance u_array/u_requant/q_r[25]_i_2
INFO: [Physopt 32-662] Processed net u_array/u_requant/p_0_in[18].  Did not re-place instance u_array/u_requant/q_r_reg[25]
INFO: [Physopt 32-662] Processed net u_array/u_requant/q_r[25]_i_1_n_0.  Did not re-place instance u_array/u_requant/q_r[25]_i_1
INFO: [Physopt 32-662] Processed net u_array/u_requant/q_r[19]_i_4_n_0.  Did not re-place instance u_array/u_requant/q_r[19]_i_4
INFO: [Physopt 32-662] Processed net u_array/u_requant/q_r[5]_i_2_n_0.  Did not re-place instance u_array/u_requant/q_r[5]_i_2
INFO: [Physopt 32-662] Processed net u_array/u_requant/q_r[7]_i_3_n_0.  Did not re-place instance u_array/u_requant/q_r[7]_i_3
INFO: [Physopt 32-662] Processed net u_array/u_requant/q_r[4]_i_1_n_0.  Did not re-place instance u_array/u_requant/q_r[4]_i_1
INFO: [Physopt 32-662] Processed net u_array/u_requant/q_r_reg_n_0_[4].  Did not re-place instance u_array/u_requant/q_r_reg[4]
INFO: [Physopt 32-662] Processed net u_array/u_requant/q_r[37]_i_2_n_0.  Did not re-place instance u_array/u_requant/q_r[37]_i_2
INFO: [Physopt 32-662] Processed net u_array/u_requant/q_r[39]_i_3_n_0.  Did not re-place instance u_array/u_requant/q_r[39]_i_3
INFO: [Physopt 32-662] Processed net u_array/u_requant/q_r[43]_i_4_n_0.  Did not re-place instance u_array/u_requant/q_r[43]_i_4
INFO: [Physopt 32-662] Processed net u_array/u_requant/p_0_in[29].  Did not re-place instance u_array/u_requant/q_r_reg[36]
INFO: [Physopt 32-662] Processed net u_array/u_requant/q_r[36]_i_1_n_0.  Did not re-place instance u_array/u_requant/q_r[36]_i_1
INFO: [Physopt 32-662] Processed net u_array/u_requant/q_r[28]_i_2_n_0.  Did not re-place instance u_array/u_requant/q_r[28]_i_2
INFO: [Physopt 32-662] Processed net u_array/u_requant/q_r[30]_i_3_n_0.  Did not re-place instance u_array/u_requant/q_r[30]_i_3
INFO: [Physopt 32-662] Processed net u_array/u_requant/p_0_in[11].  Did not re-place instance u_array/u_requant/q_r_reg[18]
INFO: [Physopt 32-662] Processed net u_array/u_requant/q_r[44]_i_4_n_0.  Did not re-place instance u_array/u_requant/q_r[44]_i_4
INFO: [Physopt 32-662] Processed net u_array/u_requant/q_r[18]_i_1_n_0.  Did not re-place instance u_array/u_requant/q_r[18]_i_1
INFO: [Physopt 32-662] Processed net u_array/u_addrgen/row_off_r[4].  Did not re-place instance u_array/u_addrgen/row_off_r[4]_i_1
INFO: [Physopt 32-663] Processed net u_array/u_addrgen/row_off_r[4]_i_2_n_0.  Re-placed instance u_array/u_addrgen/row_off_r[4]_i_2
INFO: [Physopt 32-662] Processed net u_array/u_addrgen/row_off_r_reg_n_0_[4].  Did not re-place instance u_array/u_addrgen/row_off_r_reg[4]
INFO: [Physopt 32-662] Processed net u_array/u_requant/q_r[39]_i_2_n_0.  Did not re-place instance u_array/u_requant/q_r[39]_i_2
INFO: [Physopt 32-662] Processed net u_array/u_requant/q_r[41]_i_3_n_0.  Did not re-place instance u_array/u_requant/q_r[41]_i_3
INFO: [Physopt 32-662] Processed net u_array/u_requant/p_0_in[31].  Did not re-place instance u_array/u_requant/q_r_reg[38]
INFO: [Physopt 32-662] Processed net u_array/u_requant/q_r[38]_i_1_n_0.  Did not re-place instance u_array/u_requant/q_r[38]_i_1
INFO: [Physopt 32-662] Processed net u_array/u_requant/p_0_in[1].  Did not re-place instance u_array/u_requant/q_r_reg[8]
INFO: [Physopt 32-662] Processed net u_array/u_requant/q_r[11]_i_3_n_0.  Did not re-place instance u_array/u_requant/q_r[11]_i_3
INFO: [Physopt 32-662] Processed net u_array/u_requant/q_r[9]_i_2_n_0.  Did not re-place instance u_array/u_requant/q_r[9]_i_2
INFO: [Physopt 32-662] Processed net u_array/u_requant/q_r[8]_i_1_n_0.  Did not re-place instance u_array/u_requant/q_r[8]_i_1
INFO: [Physopt 32-663] Processed net u_array/u_requant/y_pre_o[6]_i_3_n_0.  Re-placed instance u_array/u_requant/y_pre_o[6]_i_3
INFO: [Physopt 32-662] Processed net u_array/u_requant/y_pre_o[7]_i_4_n_0.  Did not re-place instance u_array/u_requant/y_pre_o[7]_i_4
INFO: [Physopt 32-663] Processed net u_array/u_requant/y_pre_o0[3].  Re-placed instance u_array/u_requant/y_pre_o[3]_i_1
INFO: [Physopt 32-663] Processed net u_array/u_requant/Q[3]_repN.  Re-placed instance u_array/u_requant/y_pre_o_reg[3]_replica
INFO: [Physopt 32-663] Processed net u_array/u_requant/y_pre_o[7]_i_19_n_0.  Re-placed instance u_array/u_requant/y_pre_o[7]_i_19
INFO: [Physopt 32-663] Processed net u_array/u_requant/y_pre_o[7]_i_30_n_0.  Re-placed instance u_array/u_requant/y_pre_o[7]_i_30
INFO: [Physopt 32-663] Processed net u_array/u_requant/y_pre_o[7]_i_8_n_0.  Re-placed instance u_array/u_requant/y_pre_o[7]_i_8
INFO: [Physopt 32-662] Processed net u_array/u_requant/q_r[16]_i_4_n_0.  Did not re-place instance u_array/u_requant/q_r[16]_i_4
INFO: [Physopt 32-662] Processed net u_array/u_requant/y_pre_o[7]_i_12_n_0.  Did not re-place instance u_array/u_requant/y_pre_o[7]_i_12
INFO: [Physopt 32-663] Processed net u_array/u_requant/y_pre_o[7]_i_28_n_0.  Re-placed instance u_array/u_requant/y_pre_o[7]_i_28
INFO: [Physopt 32-662] Processed net u_array/u_requant/y_pre_o[7]_i_6_n_0.  Did not re-place instance u_array/u_requant/y_pre_o[7]_i_6
INFO: [Physopt 32-663] Processed net u_array/u_requant/q_r[7]_i_2_n_0.  Re-placed instance u_array/u_requant/q_r[7]_i_2
INFO: [Physopt 32-662] Processed net u_array/u_requant/q_r[9]_i_3_n_0.  Did not re-place instance u_array/u_requant/q_r[9]_i_3
INFO: [Physopt 32-662] Processed net u_array/u_requant/q_r[6]_i_1_n_0.  Did not re-place instance u_array/u_requant/q_r[6]_i_1
INFO: [Physopt 32-662] Processed net u_array/u_requant/q_r_reg_n_0_[6].  Did not re-place instance u_array/u_requant/q_r_reg[6]
INFO: [Physopt 32-662] Processed net u_array/u_requant/p_0_in[28].  Did not re-place instance u_array/u_requant/q_r_reg[35]
INFO: [Physopt 32-662] Processed net u_array/u_requant/q_r[35]_i_1_n_0.  Did not re-place instance u_array/u_requant/q_r[35]_i_1
INFO: [Physopt 32-663] Processed net u_array/u_requant/Q[2]_repN.  Re-placed instance u_array/u_requant/y_pre_o_reg[2]_replica
INFO: [Physopt 32-663] Processed net u_array/u_requant/y_pre_o0[2].  Re-placed instance u_array/u_requant/y_pre_o[2]_i_1
INFO: [Physopt 32-662] Processed net u_array/u_requant/sticky_r_i_104_n_0.  Did not re-place instance u_array/u_requant/sticky_r_i_104
INFO: [Physopt 32-662] Processed net u_array/u_requant/q_r[15]_i_1_n_0.  Did not re-place instance u_array/u_requant/q_r[15]_i_1
INFO: [Physopt 32-662] Processed net u_array/u_requant/p_0_in[8].  Did not re-place instance u_array/u_requant/q_r_reg[15]
INFO: [Physopt 32-662] Processed net u_array/u_requant/q_r[12]_i_1_n_0.  Did not re-place instance u_array/u_requant/q_r[12]_i_1
INFO: [Physopt 32-662] Processed net u_array/u_requant/p_0_in[5].  Did not re-place instance u_array/u_requant/q_r_reg[12]
INFO: [Physopt 32-663] Processed net u_array/u_requant/Q[0]_repN.  Re-placed instance u_array/u_requant/y_pre_o_reg[0]_replica
INFO: [Physopt 32-663] Processed net u_array/u_requant/y_pre_o0[0].  Re-placed instance u_array/u_requant/y_pre_o[0]_i_1
INFO: [Physopt 32-662] Processed net u_array/u_requant/q_r[28]_i_3_n_0.  Did not re-place instance u_array/u_requant/q_r[28]_i_3
INFO: [Physopt 32-663] Processed net u_array/u_addrgen/k_len_c[2].  Re-placed instance u_array/u_addrgen/k_len_c_reg[2]
INFO: [Physopt 32-662] Processed net u_array/u_requant/q_r[29]_i_2_n_0.  Did not re-place instance u_array/u_requant/q_r[29]_i_2
INFO: [Physopt 32-662] Processed net u_array/u_requant/q_r[31]_i_3_n_0.  Did not re-place instance u_array/u_requant/q_r[31]_i_3
INFO: [Physopt 32-662] Processed net u_array/u_requant/p_0_in[22].  Did not re-place instance u_array/u_requant/q_r_reg[29]
INFO: [Physopt 32-663] Processed net u_array/u_addrgen/n_loc[15]_i_46_n_0.  Re-placed instance u_array/u_addrgen/n_loc[15]_i_46
INFO: [Physopt 32-662] Processed net u_array/u_requant/q_r[29]_i_1_n_0.  Did not re-place instance u_array/u_requant/q_r[29]_i_1
INFO: [Physopt 32-662] Processed net u_array/u_requant/p_0_in[13].  Did not re-place instance u_array/u_requant/q_r_reg[20]
INFO: [Physopt 32-662] Processed net u_array/u_requant/q_r[20]_i_1_n_0.  Did not re-place instance u_array/u_requant/q_r[20]_i_1
INFO: [Physopt 32-662] Processed net u_array/u_requant/sticky_r_i_98_n_0.  Did not re-place instance u_array/u_requant/sticky_r_i_98
INFO: [Physopt 32-662] Processed net u_array/u_requant/q_r[43]_i_2_n_0.  Did not re-place instance u_array/u_requant/q_r[43]_i_2
INFO: [Physopt 32-662] Processed net u_array/u_requant/q_r[45]_i_3_n_0.  Did not re-place instance u_array/u_requant/q_r[45]_i_3
INFO: [Physopt 32-662] Processed net u_array/u_requant/q_r[45]_i_4_n_0.  Did not re-place instance u_array/u_requant/q_r[45]_i_4
INFO: [Physopt 32-662] Processed net u_array/u_requant/q_r[43]_i_1_n_0.  Did not re-place instance u_array/u_requant/q_r[43]_i_1
INFO: [Physopt 32-662] Processed net u_array/u_requant/p_0_in[36].  Did not re-place instance u_array/u_requant/q_r_reg[43]
INFO: [Physopt 32-662] Processed net u_array/u_requant/q_r[25]_i_4_n_0.  Did not re-place instance u_array/u_requant/q_r[25]_i_4
INFO: [Physopt 32-662] Processed net u_array/u_requant/q_r[13]_i_3_n_0.  Did not re-place instance u_array/u_requant/q_r[13]_i_3
INFO: [Physopt 32-662] Processed net u_array/u_requant/sticky_r_i_58_n_0.  Did not re-place instance u_array/u_requant/sticky_r_i_58
INFO: [Physopt 32-662] Processed net u_array/u_requant/y_pre_o_reg[0]_rep__2_0.  Did not re-place instance u_array/u_requant/y_pre_o_reg[0]_rep__2
INFO: [Physopt 32-662] Processed net u_array/u_requant/y_pre_o[0]_rep__2_i_1_n_0.  Did not re-place instance u_array/u_requant/y_pre_o[0]_rep__2_i_1
INFO: [Physopt 32-662] Processed net u_array/u_requant/y_pre_o_reg[1]_rep__0_0.  Did not re-place instance u_array/u_requant/y_pre_o_reg[1]_rep__0
INFO: [Physopt 32-662] Processed net u_array/u_requant/y_pre_o[1]_rep__0_i_1_n_0.  Did not re-place instance u_array/u_requant/y_pre_o[1]_rep__0_i_1
INFO: [Physopt 32-663] Processed net u_array/u_addrgen/k_len_c[4].  Re-placed instance u_array/u_addrgen/k_len_c_reg[4]
INFO: [Physopt 32-662] Processed net u_array/u_addrgen/n_loc[15]_i_44_n_0.  Did not re-place instance u_array/u_addrgen/n_loc[15]_i_44
INFO: [Physopt 32-662] Processed net u_array/u_requant/y_pre_o_reg[1]_rep__2_0.  Did not re-place instance u_array/u_requant/y_pre_o_reg[1]_rep__2
INFO: [Physopt 32-662] Processed net u_array/u_requant/y_pre_o[1]_rep__2_i_1_n_0.  Did not re-place instance u_array/u_requant/y_pre_o[1]_rep__2_i_1
INFO: [Physopt 32-663] Processed net u_array/u_ctrl/tile_change_w.  Re-placed instance u_array/u_ctrl/pfc_cnt_r[5]_i_4
INFO: [Physopt 32-663] Processed net u_array/u_ctrl/rq_cnt_r_reg_n_0_[1].  Re-placed instance u_array/u_ctrl/rq_cnt_r_reg[1]
INFO: [Physopt 32-663] Processed net u_array/u_ctrl/k_cnt_r[11]_i_14_n_0.  Re-placed instance u_array/u_ctrl/k_cnt_r[11]_i_14
INFO: [Physopt 32-662] Processed net u_array/u_ctrl/k_cnt_r[11]_i_9_n_0.  Did not re-place instance u_array/u_ctrl/k_cnt_r[11]_i_9
INFO: [Physopt 32-663] Processed net u_array/u_ctrl/p_0_in[1].  Re-placed instance u_array/u_ctrl/pfc_cnt_r[1]_i_1
INFO: [Physopt 32-662] Processed net u_array/pfc_cnt_r_reg[1].  Did not re-place instance u_array/pfc_cnt_r_reg[1]
INFO: [Physopt 32-662] Processed net u_array/u_requant/q_r[46]_i_5_n_0.  Did not re-place instance u_array/u_requant/q_r[46]_i_5
INFO: [Physopt 32-663] Processed net u_array/u_requant/m_r1[14].  Re-placed instance u_array/u_requant/m_r1_reg[14]
INFO: [Physopt 32-662] Processed net u_array/u_requant/q_r[30]_i_2_n_0.  Did not re-place instance u_array/u_requant/q_r[30]_i_2
INFO: [Physopt 32-662] Processed net u_array/u_requant/q_r[32]_i_3_n_0.  Did not re-place instance u_array/u_requant/q_r[32]_i_3
INFO: [Physopt 32-662] Processed net u_array/u_requant/q_r[28]_i_1_n_0.  Did not re-place instance u_array/u_requant/q_r[28]_i_1
INFO: [Physopt 32-662] Processed net u_array/u_requant/p_0_in[21].  Did not re-place instance u_array/u_requant/q_r_reg[28]
INFO: [Physopt 32-662] Processed net u_array/u_requant/q_r[36]_i_2_n_0.  Did not re-place instance u_array/u_requant/q_r[36]_i_2
INFO: [Physopt 32-662] Processed net u_array/u_requant/q_r[38]_i_3_n_0.  Did not re-place instance u_array/u_requant/q_r[38]_i_3
INFO: [Physopt 32-662] Processed net u_array/u_requant/q_r[42]_i_4_n_0.  Did not re-place instance u_array/u_requant/q_r[42]_i_4
INFO: [Physopt 32-662] Processed net u_array/u_requant/q_r[40]_i_2_n_0.  Did not re-place instance u_array/u_requant/q_r[40]_i_2
INFO: [Physopt 32-662] Processed net u_array/u_requant/q_r[42]_i_3_n_0.  Did not re-place instance u_array/u_requant/q_r[42]_i_3
INFO: [Physopt 32-662] Processed net u_array/u_requant/q_r[46]_i_4_n_0.  Did not re-place instance u_array/u_requant/q_r[46]_i_4
INFO: [Physopt 32-661] Optimized 46 nets.  Re-placed 46 instances.
INFO: [Physopt 32-775] End 1 Pass. Optimized 46 nets or cells. Created 0 new cell, deleted 0 existing cell and moved 46 existing cells
INFO: [Physopt 32-619] Estimated Timing Summary | WNS=-0.613 | TNS=-56.164 |
Netlist sorting complete. Time (s): cpu = 00:00:00 ; elapsed = 00:00:00.017 . Memory (MB): peak = 2387.652 ; gain = 0.000
Phase 4 Single Cell Placement Optimization | Checksum: 1599e3817

Time (s): cpu = 00:00:22 ; elapsed = 00:00:15 . Memory (MB): peak = 2387.652 ; gain = 0.000

Phase 5 Multi Cell Placement Optimization
INFO: [Physopt 32-660] Identified 100 candidate nets for placement-based optimization.
INFO: [Physopt 32-662] Processed net u_array/u_requant/q_r[37]_i_4_n_0.  Did not re-place instance u_array/u_requant/q_r[37]_i_4/O
INFO: [Physopt 32-662] Processed net u_array/u_requant/q_r[23]_i_2_n_0.  Did not re-place instance u_array/u_requant/q_r[23]_i_2/O
INFO: [Physopt 32-662] Processed net u_array/u_requant/q_r[25]_i_3_n_0.  Did not re-place instance u_array/u_requant/q_r[25]_i_3/O
INFO: [Physopt 32-662] Processed net u_array/u_requant/q_r[23]_i_1_n_0.  Did not re-place instance u_array/u_requant/q_r[23]_i_1/O
INFO: [Physopt 32-662] Processed net u_array/u_requant/q_r[28]_i_4_n_0.  Did not re-place instance u_array/u_requant/q_r[28]_i_4/O
INFO: [Physopt 32-662] Processed net u_array/u_requant/q_r[14]_i_2_n_0.  Did not re-place instance u_array/u_requant/q_r[14]_i_2/O
INFO: [Physopt 32-662] Processed net u_array/u_requant/q_r[16]_i_3_n_0.  Did not re-place instance u_array/u_requant/q_r[16]_i_3/O
INFO: [Physopt 32-662] Processed net u_array/u_requant/q_r[14]_i_1_n_0.  Did not re-place instance u_array/u_requant/q_r[14]_i_1/O
INFO: [Physopt 32-662] Processed net u_array/u_requant/q_r[13]_i_1_n_0.  Did not re-place instance u_array/u_requant/q_r[13]_i_1/O
INFO: [Physopt 32-662] Processed net u_array/u_requant/q_r[29]_i_4_n_0.  Did not re-place instance u_array/u_requant/q_r[29]_i_4/O
INFO: [Physopt 32-662] Processed net u_array/u_requant/q_r[17]_i_2_n_0.  Did not re-place instance u_array/u_requant/q_r[17]_i_2/O
INFO: [Physopt 32-662] Processed net u_array/u_requant/q_r[17]_i_3_n_0.  Did not re-place instance u_array/u_requant/q_r[17]_i_3/O
INFO: [Physopt 32-662] Processed net u_array/u_requant/q_r[16]_i_1_n_0.  Did not re-place instance u_array/u_requant/q_r[16]_i_1/O
INFO: [Physopt 32-662] Processed net u_array/u_requant/q_r[31]_i_4_n_0.  Did not re-place instance u_array/u_requant/q_r[31]_i_4/O
INFO: [Physopt 32-662] Processed net u_array/u_requant/q_r[21]_i_2_n_0.  Did not re-place instance u_array/u_requant/q_r[21]_i_2/O
INFO: [Physopt 32-662] Processed net u_array/u_requant/q_r[23]_i_3_n_0.  Did not re-place instance u_array/u_requant/q_r[23]_i_3/O
INFO: [Physopt 32-662] Processed net u_array/u_requant/q_r[21]_i_1_n_0.  Did not re-place instance u_array/u_requant/q_r[21]_i_1/O
INFO: [Physopt 32-662] Processed net u_array/u_requant/q_r[30]_i_4_n_0.  Did not re-place instance u_array/u_requant/q_r[30]_i_4/O
INFO: [Physopt 32-662] Processed net u_array/u_requant/q_r[16]_i_2_n_0.  Did not re-place instance u_array/u_requant/q_r[16]_i_2/O
INFO: [Physopt 32-662] Processed net u_array/u_requant/q_r[18]_i_3_n_0.  Did not re-place instance u_array/u_requant/q_r[18]_i_3/O
INFO: [Physopt 32-662] Processed net u_array/u_requant/q_r[22]_i_2_n_0.  Did not re-place instance u_array/u_requant/q_r[22]_i_2/O
INFO: [Physopt 32-662] Processed net u_array/u_requant/q_r[24]_i_3_n_0.  Did not re-place instance u_array/u_requant/q_r[24]_i_3/O
INFO: [Physopt 32-662] Processed net u_array/u_requant/q_r[22]_i_1_n_0.  Did not re-place instance u_array/u_requant/q_r[22]_i_1/O
INFO: [Physopt 32-662] Processed net u_array/u_requant/q_r[38]_i_4_n_0.  Did not re-place instance u_array/u_requant/q_r[38]_i_4/O
INFO: [Physopt 32-662] Processed net u_array/u_requant/q_r[24]_i_2_n_0.  Did not re-place instance u_array/u_requant/q_r[24]_i_2/O
INFO: [Physopt 32-662] Processed net u_array/u_requant/q_r[26]_i_3_n_0.  Did not re-place instance u_array/u_requant/q_r[26]_i_3/O
INFO: [Physopt 32-662] Processed net u_array/u_requant/q_r[19]_i_3_n_0.  Did not re-place instance u_array/u_requant/q_r[19]_i_3/O
INFO: [Physopt 32-662] Processed net u_array/u_requant/q_r[33]_i_2_n_0.  Did not re-place instance u_array/u_requant/q_r[33]_i_2/O
INFO: [Physopt 32-662] Processed net u_array/u_requant/q_r[35]_i_3_n_0.  Did not re-place instance u_array/u_requant/q_r[35]_i_3/O
INFO: [Physopt 32-662] Processed net u_array/u_requant/q_r[39]_i_4_n_0.  Did not re-place instance u_array/u_requant/q_r[39]_i_4/O
INFO: [Physopt 32-662] Processed net u_array/u_requant/q_r[32]_i_1_n_0.  Did not re-place instance u_array/u_requant/q_r[32]_i_1/O
INFO: [Physopt 32-662] Processed net u_array/u_requant/q_r[27]_i_2_n_0.  Did not re-place instance u_array/u_requant/q_r[27]_i_2/O
INFO: [Physopt 32-662] Processed net u_array/u_requant/q_r[29]_i_3_n_0.  Did not re-place instance u_array/u_requant/q_r[29]_i_3/O
INFO: [Physopt 32-662] Processed net u_array/u_requant/q_r[27]_i_1_n_0.  Did not re-place instance u_array/u_requant/q_r[27]_i_1/O
INFO: [Physopt 32-662] Processed net u_array/u_requant/q_r[17]_i_1_n_0.  Did not re-place instance u_array/u_requant/q_r[17]_i_1/O
INFO: [Physopt 32-662] Processed net u_array/u_requant/q_r[31]_i_2_n_0.  Did not re-place instance u_array/u_requant/q_r[31]_i_2/O
INFO: [Physopt 32-662] Processed net u_array/u_requant/q_r[33]_i_3_n_0.  Did not re-place instance u_array/u_requant/q_r[33]_i_3/O
INFO: [Physopt 32-662] Processed net u_array/u_requant/q_r[31]_i_1_n_0.  Did not re-place instance u_array/u_requant/q_r[31]_i_1/O
INFO: [Physopt 32-662] Processed net u_array/u_requant/q_r[33]_i_4_n_0.  Did not re-place instance u_array/u_requant/q_r[33]_i_4/O
INFO: [Physopt 32-662] Processed net u_array/u_requant/q_r[15]_i_2_n_0.  Did not re-place instance u_array/u_requant/q_r[15]_i_2/O
INFO: [Physopt 32-662] Processed net u_array/u_requant/q_r[26]_i_1_n_0.  Did not re-place instance u_array/u_requant/q_r[26]_i_1/O
INFO: [Physopt 32-662] Processed net u_array/u_requant/q_r[32]_i_2_n_0.  Did not re-place instance u_array/u_requant/q_r[32]_i_2/O
INFO: [Physopt 32-662] Processed net u_array/u_requant/q_r[34]_i_3_n_0.  Did not re-place instance u_array/u_requant/q_r[34]_i_3/O
INFO: [Physopt 32-662] Processed net u_array/u_requant/q_r[17]_i_4_n_0.  Did not re-place instance u_array/u_requant/q_r[17]_i_4/O
INFO: [Physopt 32-662] Processed net u_array/u_requant/q_r[3]_i_2_n_0.  Did not re-place instance u_array/u_requant/q_r[3]_i_2/O
INFO: [Physopt 32-662] Processed net u_array/u_requant/q_r[5]_i_3_n_0.  Did not re-place instance u_array/u_requant/q_r[5]_i_3/O
INFO: [Physopt 32-662] Processed net u_array/u_requant/q_r[2]_i_1_n_0.  Did not re-place instance u_array/u_requant/q_r[2]_i_1/O
INFO: [Physopt 32-662] Processed net u_array/u_requant/q_r[32]_i_4_n_0.  Did not re-place instance u_array/u_requant/q_r[32]_i_4/O
INFO: [Physopt 32-662] Processed net u_array/u_requant/q_r[18]_i_2_n_0.  Did not re-place instance u_array/u_requant/q_r[18]_i_2/O
INFO: [Physopt 32-662] Processed net u_array/u_requant/q_r[20]_i_3_n_0.  Did not re-place instance u_array/u_requant/q_r[20]_i_3/O
INFO: [Physopt 32-662] Processed net u_array/u_requant/q_r[30]_i_1_n_0.  Did not re-place instance u_array/u_requant/q_r[30]_i_1/O
INFO: [Physopt 32-662] Processed net u_array/u_requant/q_r[35]_i_4_n_0.  Did not re-place instance u_array/u_requant/q_r[35]_i_4/O
INFO: [Physopt 32-662] Processed net u_array/u_requant/q_r[36]_i_4_n_0.  Did not re-place instance u_array/u_requant/q_r[36]_i_4/O
INFO: [Physopt 32-662] Processed net u_array/u_requant/q_r[21]_i_4_n_0.  Did not re-place instance u_array/u_requant/q_r[21]_i_4/O
INFO: [Physopt 32-662] Processed net u_array/u_requant/q_r[19]_i_2_n_0.  Did not re-place instance u_array/u_requant/q_r[19]_i_2/O
INFO: [Physopt 32-662] Processed net u_array/u_requant/q_r[21]_i_3_n_0.  Did not re-place instance u_array/u_requant/q_r[21]_i_3/O
INFO: [Physopt 32-662] Processed net u_array/u_requant/q_r[19]_i_1_n_0.  Did not re-place instance u_array/u_requant/q_r[19]_i_1/O
INFO: [Physopt 32-662] Processed net u_array/u_requant/q_r[34]_i_2_n_0.  Did not re-place instance u_array/u_requant/q_r[34]_i_2/O
INFO: [Physopt 32-662] Processed net u_array/u_requant/q_r[36]_i_3_n_0.  Did not re-place instance u_array/u_requant/q_r[36]_i_3/O
INFO: [Physopt 32-662] Processed net u_array/u_requant/q_r[40]_i_4_n_0.  Did not re-place instance u_array/u_requant/q_r[40]_i_4/O
INFO: [Physopt 32-662] Processed net u_array/u_requant/q_r[33]_i_1_n_0.  Did not re-place instance u_array/u_requant/q_r[33]_i_1/O
INFO: [Physopt 32-662] Processed net u_array/u_requant/q_r[22]_i_4_n_0.  Did not re-place instance u_array/u_requant/q_r[22]_i_4/O
INFO: [Physopt 32-662] Processed net u_array/u_requant/q_r[10]_i_3_n_0.  Did not re-place instance u_array/u_requant/q_r[10]_i_3/O
INFO: [Physopt 32-662] Processed net u_array/u_requant/q_r[8]_i_2_n_0.  Did not re-place instance u_array/u_requant/q_r[8]_i_2/O
INFO: [Physopt 32-662] Processed net u_array/u_requant/q_r[7]_i_1_n_0.  Did not re-place instance u_array/u_requant/q_r[7]_i_1/O
INFO: [Physopt 32-662] Processed net u_array/u_requant/q_r[23]_i_4_n_0.  Did not re-place instance u_array/u_requant/q_r[23]_i_4/O
INFO: [Physopt 32-662] Processed net u_array/u_requant/q_r[26]_i_2_n_0.  Did not re-place instance u_array/u_requant/q_r[26]_i_2/O
INFO: [Physopt 32-662] Processed net u_array/u_requant/q_r[24]_i_1_n_0.  Did not re-place instance u_array/u_requant/q_r[24]_i_1/O
INFO: [Physopt 32-662] Processed net u_array/u_requant/q_r[27]_i_3_n_0.  Did not re-place instance u_array/u_requant/q_r[27]_i_3/O
INFO: [Physopt 32-662] Processed net u_array/u_requant/q_r[27]_i_4_n_0.  Did not re-place instance u_array/u_requant/q_r[27]_i_4/O
INFO: [Physopt 32-662] Processed net u_array/u_requant/q_r[13]_i_2_n_0.  Did not re-place instance u_array/u_requant/q_r[13]_i_2/O
INFO: [Physopt 32-662] Processed net u_array/u_requant/q_r[15]_i_3_n_0.  Did not re-place instance u_array/u_requant/q_r[15]_i_3/O
INFO: [Physopt 32-662] Processed net u_array/u_requant/q_r[41]_i_5_n_0.  Did not re-place instance u_array/u_requant/q_r[41]_i_5/O
INFO: [Physopt 32-662] Processed net u_array/u_requant/q_r[34]_i_4_n_0.  Did not re-place instance u_array/u_requant/q_r[34]_i_4/O
INFO: [Physopt 32-662] Processed net u_array/u_requant/q_r[22]_i_3_n_0.  Did not re-place instance u_array/u_requant/q_r[22]_i_3/O
INFO: [Physopt 32-662] Processed net u_array/u_requant/q_r[42]_i_2_n_0.  Did not re-place instance u_array/u_requant/q_r[42]_i_2/O
INFO: [Physopt 32-662] Processed net u_array/u_requant/q_r[44]_i_3_n_0.  Did not re-place instance u_array/u_requant/q_r[44]_i_3/O
INFO: [Physopt 32-662] Processed net u_array/u_requant/q_r[44]_i_4_n_0.  Did not re-place instance u_array/u_requant/q_r[44]_i_4/O
INFO: [Physopt 32-661] Optimized 0 net.  Re-placed 0 instance.
INFO: [Physopt 32-775] End 1 Pass. Optimized 0 net or cell. Created 0 new cell, deleted 0 existing cell and moved 0 existing cell
Netlist sorting complete. Time (s): cpu = 00:00:00 ; elapsed = 00:00:00.017 . Memory (MB): peak = 2387.652 ; gain = 0.000
Phase 5 Multi Cell Placement Optimization | Checksum: 117ba1c83

Time (s): cpu = 00:00:39 ; elapsed = 00:00:26 . Memory (MB): peak = 2387.652 ; gain = 0.000

Phase 6 Rewire
INFO: [Physopt 32-246] Starting Signal Push optimization...
INFO: [Physopt 32-77] Pass 1. Identified 1 candidate net for rewire optimization.
INFO: [Physopt 32-242] Processed net u_array/u_wbuf/g_row[8].mem0_reg_0_63_0_2_i_2_n_0. Rewired (signal push) u_array/u_wbuf/par_b1_reg_0_15_24_29_1[0] to 8 loads. Replicated 0 times.
INFO: [Physopt 32-232] Optimized 1 net. Created 0 new instance.
INFO: [Physopt 32-775] End 1 Pass. Optimized 1 net or cell. Created 0 new cell, deleted 0 existing cell and moved 0 existing cell
Netlist sorting complete. Time (s): cpu = 00:00:00 ; elapsed = 00:00:00.020 . Memory (MB): peak = 2387.652 ; gain = 0.000
INFO: [Physopt 32-619] Estimated Timing Summary | WNS=-0.613 | TNS=-53.960 |
Netlist sorting complete. Time (s): cpu = 00:00:00 ; elapsed = 00:00:00.014 . Memory (MB): peak = 2387.652 ; gain = 0.000
Phase 6 Rewire | Checksum: 186c5ea1e

Time (s): cpu = 00:00:40 ; elapsed = 00:00:26 . Memory (MB): peak = 2387.652 ; gain = 0.000

Phase 7 Critical Cell Optimization
INFO: [Physopt 32-46] Identified 30 candidate nets for critical-cell optimization.
INFO: [Physopt 32-81] Processed net u_array/u_requant/q_r[37]_i_4_n_0. Replicated 1 times.
INFO: [Physopt 32-572] Net u_array/u_requant/q_r[23]_i_2_n_0 was not replicated.
Resolution: phys_opt_design can be forced to replicate a net driver using the option -force_replication_on_nets <list of net objects>.
INFO: [Physopt 32-572] Net u_array/u_requant/q_r[25]_i_3_n_0 was not replicated.
Resolution: phys_opt_design can be forced to replicate a net driver using the option -force_replication_on_nets <list of net objects>.
INFO: [Physopt 32-572] Net u_array/u_requant/q_r[28]_i_4_n_0 was not replicated.
Resolution: phys_opt_design can be forced to replicate a net driver using the option -force_replication_on_nets <list of net objects>.
INFO: [Physopt 32-572] Net u_array/u_requant/q_r[14]_i_2_n_0 was not replicated.
Resolution: phys_opt_design can be forced to replicate a net driver using the option -force_replication_on_nets <list of net objects>.
INFO: [Physopt 32-572] Net u_array/u_requant/q_r[16]_i_3_n_0 was not replicated.
Resolution: phys_opt_design can be forced to replicate a net driver using the option -force_replication_on_nets <list of net objects>.
INFO: [Physopt 32-572] Net u_array/u_requant/q_r[29]_i_4_n_0 was not replicated.
Resolution: phys_opt_design can be forced to replicate a net driver using the option -force_replication_on_nets <list of net objects>.
INFO: [Physopt 32-572] Net u_array/u_requant/q_r[17]_i_2_n_0 was not replicated.
Resolution: phys_opt_design can be forced to replicate a net driver using the option -force_replication_on_nets <list of net objects>.
INFO: [Physopt 32-572] Net u_array/u_requant/q_r[17]_i_3_n_0 was not replicated.
Resolution: phys_opt_design can be forced to replicate a net driver using the option -force_replication_on_nets <list of net objects>.
INFO: [Physopt 32-81] Processed net u_array/u_requant/q_r[31]_i_4_n_0. Replicated 2 times.
INFO: [Physopt 32-572] Net u_array/u_requant/q_r[21]_i_2_n_0 was not replicated.
Resolution: phys_opt_design can be forced to replicate a net driver using the option -force_replication_on_nets <list of net objects>.
INFO: [Physopt 32-572] Net u_array/u_requant/q_r[23]_i_3_n_0 was not replicated.
Resolution: phys_opt_design can be forced to replicate a net driver using the option -force_replication_on_nets <list of net objects>.
INFO: [Physopt 32-572] Net u_array/u_requant/q_r[30]_i_4_n_0 was not replicated.
Resolution: phys_opt_design can be forced to replicate a net driver using the option -force_replication_on_nets <list of net objects>.
INFO: [Physopt 32-572] Net u_array/u_requant/q_r[16]_i_2_n_0 was not replicated.
Resolution: phys_opt_design can be forced to replicate a net driver using the option -force_replication_on_nets <list of net objects>.
INFO: [Physopt 32-572] Net u_array/u_requant/q_r[18]_i_3_n_0 was not replicated.
Resolution: phys_opt_design can be forced to replicate a net driver using the option -force_replication_on_nets <list of net objects>.
INFO: [Physopt 32-572] Net u_array/u_requant/q_r[22]_i_2_n_0 was not replicated.
Resolution: phys_opt_design can be forced to replicate a net driver using the option -force_replication_on_nets <list of net objects>.
INFO: [Physopt 32-572] Net u_array/u_requant/q_r[24]_i_3_n_0 was not replicated.
Resolution: phys_opt_design can be forced to replicate a net driver using the option -force_replication_on_nets <list of net objects>.
INFO: [Physopt 32-81] Processed net u_array/u_requant/q_r[38]_i_4_n_0. Replicated 1 times.
INFO: [Physopt 32-572] Net u_array/u_requant/q_r[24]_i_2_n_0 was not replicated.
Resolution: phys_opt_design can be forced to replicate a net driver using the option -force_replication_on_nets <list of net objects>.
INFO: [Physopt 32-572] Net u_array/u_requant/q_r[26]_i_3_n_0 was not replicated.
Resolution: phys_opt_design can be forced to replicate a net driver using the option -force_replication_on_nets <list of net objects>.
INFO: [Physopt 32-572] Net u_array/u_requant/q_r[19]_i_3_n_0 was not replicated.
Resolution: phys_opt_design can be forced to replicate a net driver using the option -force_replication_on_nets <list of net objects>.
INFO: [Physopt 32-572] Net u_array/u_requant/q_r[33]_i_2_n_0 was not replicated.
Resolution: phys_opt_design can be forced to replicate a net driver using the option -force_replication_on_nets <list of net objects>.
INFO: [Physopt 32-572] Net u_array/u_requant/q_r[35]_i_3_n_0 was not replicated.
Resolution: phys_opt_design can be forced to replicate a net driver using the option -force_replication_on_nets <list of net objects>.
INFO: [Physopt 32-572] Net u_array/u_requant/q_r[39]_i_4_n_0 was not replicated.
Resolution: phys_opt_design can be forced to replicate a net driver using the option -force_replication_on_nets <list of net objects>.
INFO: [Physopt 32-572] Net u_array/u_requant/q_r[27]_i_2_n_0 was not replicated.
Resolution: phys_opt_design can be forced to replicate a net driver using the option -force_replication_on_nets <list of net objects>.
INFO: [Physopt 32-572] Net u_array/u_requant/q_r[29]_i_3_n_0 was not replicated.
Resolution: phys_opt_design can be forced to replicate a net driver using the option -force_replication_on_nets <list of net objects>.
INFO: [Physopt 32-572] Net u_array/u_requant/q_r[31]_i_2_n_0 was not replicated.
Resolution: phys_opt_design can be forced to replicate a net driver using the option -force_replication_on_nets <list of net objects>.
INFO: [Physopt 32-572] Net u_array/u_requant/q_r[33]_i_3_n_0 was not replicated.
Resolution: phys_opt_design can be forced to replicate a net driver using the option -force_replication_on_nets <list of net objects>.
INFO: [Physopt 32-81] Processed net u_array/u_requant/q_r[33]_i_4_n_0. Replicated 1 times.
INFO: [Physopt 32-572] Net u_array/u_requant/q_r[15]_i_2_n_0 was not replicated.
Resolution: phys_opt_design can be forced to replicate a net driver using the option -force_replication_on_nets <list of net objects>.
INFO: [Physopt 32-232] Optimized 4 nets. Created 5 new instances.
INFO: [Physopt 32-775] End 1 Pass. Optimized 4 nets or cells. Created 5 new cells, deleted 0 existing cell and moved 0 existing cell
INFO: [Physopt 32-619] Estimated Timing Summary | WNS=-0.603 | TNS=-54.068 |
Netlist sorting complete. Time (s): cpu = 00:00:00 ; elapsed = 00:00:00.021 . Memory (MB): peak = 2387.652 ; gain = 0.000
Phase 7 Critical Cell Optimization | Checksum: 10f15a2e

Time (s): cpu = 00:00:50 ; elapsed = 00:00:32 . Memory (MB): peak = 2387.652 ; gain = 0.000

Phase 8 Fanout Optimization
INFO: [Physopt 32-76] Pass 1. Identified 3 candidate nets for fanout optimization.
INFO: [Physopt 32-81] Processed net q_r_reg[63]_i_18_n_0_repN. Replicated 1 times.
INFO: [Physopt 32-81] Processed net u_array/u_requant/y_pre_o_reg[1]_rep__5_0. Replicated 2 times.
INFO: [Physopt 32-81] Processed net u_array/u_requant/y_pre_o_reg[0]_rep__5_0. Replicated 1 times.
INFO: [Physopt 32-232] Optimized 3 nets. Created 4 new instances.
INFO: [Physopt 32-775] End 1 Pass. Optimized 3 nets or cells. Created 4 new cells, deleted 0 existing cell and moved 0 existing cell
INFO: [Physopt 32-619] Estimated Timing Summary | WNS=-0.603 | TNS=-54.982 |
Netlist sorting complete. Time (s): cpu = 00:00:00 ; elapsed = 00:00:00.051 . Memory (MB): peak = 2387.652 ; gain = 0.000
Phase 8 Fanout Optimization | Checksum: 961586db

Time (s): cpu = 00:00:52 ; elapsed = 00:00:34 . Memory (MB): peak = 2387.652 ; gain = 0.000

Phase 9 Single Cell Placement Optimization
INFO: [Physopt 32-660] Identified 250 candidate nets for placement-based optimization.
INFO: [Physopt 32-662] Processed net u_array/u_requant/p_0_in[16].  Did not re-place instance u_array/u_requant/q_r_reg[23]
INFO: [Physopt 32-662] Processed net u_array/u_requant/q_r[23]_i_2_n_0.  Did not re-place instance u_array/u_requant/q_r[23]_i_2
INFO: [Physopt 32-662] Processed net u_array/u_requant/q_r[25]_i_3_n_0.  Did not re-place instance u_array/u_requant/q_r[25]_i_3
INFO: [Physopt 32-662] Processed net u_array/u_requant/q_r[37]_i_4_n_0.  Did not re-place instance u_array/u_requant/q_r[37]_i_4
INFO: [Physopt 32-662] Processed net u_array/u_requant/q_r[23]_i_1_n_0.  Did not re-place instance u_array/u_requant/q_r[23]_i_1
INFO: [Physopt 32-662] Processed net u_array/u_requant/sticky_r_i_135_n_0.  Did not re-place instance u_array/u_requant/sticky_r_i_135
INFO: [Physopt 32-662] Processed net u_array/u_requant/q_r[28]_i_4_n_0.  Did not re-place instance u_array/u_requant/q_r[28]_i_4
INFO: [Physopt 32-662] Processed net u_array/u_requant/q_r[14]_i_2_n_0.  Did not re-place instance u_array/u_requant/q_r[14]_i_2
INFO: [Physopt 32-662] Processed net u_array/u_requant/q_r[16]_i_3_n_0.  Did not re-place instance u_array/u_requant/q_r[16]_i_3
INFO: [Physopt 32-662] Processed net u_array/u_requant/q_r[14]_i_1_n_0.  Did not re-place instance u_array/u_requant/q_r[14]_i_1
INFO: [Physopt 32-662] Processed net u_array/u_requant/p_0_in[7].  Did not re-place instance u_array/u_requant/q_r_reg[14]
INFO: [Physopt 32-662] Processed net u_array/u_requant/q_r[13]_i_1_n_0.  Did not re-place instance u_array/u_requant/q_r[13]_i_1
INFO: [Physopt 32-662] Processed net u_array/u_requant/p_0_in[6].  Did not re-place instance u_array/u_requant/q_r_reg[13]
INFO: [Physopt 32-662] Processed net u_array/u_requant/q_r[29]_i_4_n_0.  Did not re-place instance u_array/u_requant/q_r[29]_i_4
INFO: [Physopt 32-662] Processed net u_array/u_requant/q_r[17]_i_2_n_0.  Did not re-place instance u_array/u_requant/q_r[17]_i_2
INFO: [Physopt 32-662] Processed net u_array/u_requant/q_r[17]_i_3_n_0.  Did not re-place instance u_array/u_requant/q_r[17]_i_3
INFO: [Physopt 32-662] Processed net u_array/u_requant/q_r[16]_i_1_n_0.  Did not re-place instance u_array/u_requant/q_r[16]_i_1
INFO: [Physopt 32-662] Processed net u_array/u_requant/p_0_in[9].  Did not re-place instance u_array/u_requant/q_r_reg[16]
INFO: [Physopt 32-662] Processed net u_array/u_requant/q_r[30]_i_4_n_0.  Did not re-place instance u_array/u_requant/q_r[30]_i_4
INFO: [Physopt 32-662] Processed net u_array/u_requant/q_r[16]_i_2_n_0.  Did not re-place instance u_array/u_requant/q_r[16]_i_2
INFO: [Physopt 32-662] Processed net u_array/u_requant/q_r[18]_i_3_n_0.  Did not re-place instance u_array/u_requant/q_r[18]_i_3
INFO: [Physopt 32-662] Processed net u_array/u_requant/q_r[22]_i_2_n_0.  Did not re-place instance u_array/u_requant/q_r[22]_i_2
INFO: [Physopt 32-662] Processed net u_array/u_requant/q_r[24]_i_3_n_0.  Did not re-place instance u_array/u_requant/q_r[24]_i_3
INFO: [Physopt 32-662] Processed net u_array/u_requant/q_r[22]_i_1_n_0.  Did not re-place instance u_array/u_requant/q_r[22]_i_1
INFO: [Physopt 32-662] Processed net u_array/u_requant/p_0_in[15].  Did not re-place instance u_array/u_requant/q_r_reg[22]
INFO: [Physopt 32-662] Processed net u_array/u_requant/sticky_r_i_132_n_0.  Did not re-place instance u_array/u_requant/sticky_r_i_132
INFO: [Physopt 32-662] Processed net u_array/u_requant/q_r[27]_i_2_n_0.  Did not re-place instance u_array/u_requant/q_r[27]_i_2
INFO: [Physopt 32-662] Processed net u_array/u_requant/q_r[27]_i_3_n_0.  Did not re-place instance u_array/u_requant/q_r[27]_i_3
INFO: [Physopt 32-662] Processed net u_array/u_requant/q_r[31]_i_4_n_0_repN.  Did not re-place instance u_array/u_requant/q_r[31]_i_4_replica
INFO: [Physopt 32-662] Processed net u_array/u_requant/p_0_in[20].  Did not re-place instance u_array/u_requant/q_r_reg[27]
INFO: [Physopt 32-662] Processed net u_array/u_requant/q_r[27]_i_1_n_0.  Did not re-place instance u_array/u_requant/q_r[27]_i_1
INFO: [Physopt 32-662] Processed net u_array/u_requant/q_r[38]_i_4_n_0.  Did not re-place instance u_array/u_requant/q_r[38]_i_4
INFO: [Physopt 32-662] Processed net u_array/u_requant/p_0_in[14].  Did not re-place instance u_array/u_requant/q_r_reg[21]
INFO: [Physopt 32-662] Processed net u_array/u_requant/p_0_in[18].  Did not re-place instance u_array/u_requant/q_r_reg[25]
INFO: [Physopt 32-662] Processed net u_array/u_requant/q_r[21]_i_2_n_0.  Did not re-place instance u_array/u_requant/q_r[21]_i_2
INFO: [Physopt 32-662] Processed net u_array/u_requant/q_r[23]_i_3_n_0.  Did not re-place instance u_array/u_requant/q_r[23]_i_3
INFO: [Physopt 32-662] Processed net u_array/u_requant/q_r[24]_i_2_n_0.  Did not re-place instance u_array/u_requant/q_r[24]_i_2
INFO: [Physopt 32-662] Processed net u_array/u_requant/q_r[25]_i_2_n_0.  Did not re-place instance u_array/u_requant/q_r[25]_i_2
INFO: [Physopt 32-662] Processed net u_array/u_requant/q_r[26]_i_3_n_0.  Did not re-place instance u_array/u_requant/q_r[26]_i_3
INFO: [Physopt 32-662] Processed net u_array/u_requant/q_r[21]_i_1_n_0.  Did not re-place instance u_array/u_requant/q_r[21]_i_1
INFO: [Physopt 32-662] Processed net u_array/u_requant/q_r[25]_i_1_n_0.  Did not re-place instance u_array/u_requant/q_r[25]_i_1
INFO: [Physopt 32-662] Processed net u_array/u_requant/q_r[33]_i_2_n_0.  Did not re-place instance u_array/u_requant/q_r[33]_i_2
INFO: [Physopt 32-662] Processed net u_array/u_requant/q_r[35]_i_3_n_0.  Did not re-place instance u_array/u_requant/q_r[35]_i_3
INFO: [Physopt 32-662] Processed net u_array/u_requant/q_r[39]_i_4_n_0.  Did not re-place instance u_array/u_requant/q_r[39]_i_4
INFO: [Physopt 32-662] Processed net u_array/u_requant/p_0_in[25].  Did not re-place instance u_array/u_requant/q_r_reg[32]
INFO: [Physopt 32-662] Processed net u_array/u_requant/q_r[32]_i_1_n_0.  Did not re-place instance u_array/u_requant/q_r[32]_i_1
INFO: [Physopt 32-662] Processed net u_array/u_requant/p_0_in[17].  Did not re-place instance u_array/u_requant/q_r_reg[24]
INFO: [Physopt 32-662] Processed net u_array/u_requant/q_r[24]_i_1_n_0.  Did not re-place instance u_array/u_requant/q_r[24]_i_1
INFO: [Physopt 32-662] Processed net u_array/u_requant/p_0_in[10].  Did not re-place instance u_array/u_requant/q_r_reg[17]
INFO: [Physopt 32-662] Processed net u_array/u_requant/q_r[17]_i_1_n_0.  Did not re-place instance u_array/u_requant/q_r[17]_i_1
INFO: [Physopt 32-662] Processed net u_array/u_requant/p_0_in[19].  Did not re-place instance u_array/u_requant/q_r_reg[26]
INFO: [Physopt 32-662] Processed net u_array/u_requant/q_r[26]_i_1_n_0.  Did not re-place instance u_array/u_requant/q_r[26]_i_1
INFO: [Physopt 32-662] Processed net u_array/u_requant/q_r[19]_i_3_n_0.  Did not re-place instance u_array/u_requant/q_r[19]_i_3
INFO: [Physopt 32-662] Processed net u_array/u_requant/q_r[31]_i_4_n_0.  Did not re-place instance u_array/u_requant/q_r[31]_i_4
INFO: [Physopt 32-662] Processed net u_array/u_requant/q_r[29]_i_3_n_0.  Did not re-place instance u_array/u_requant/q_r[29]_i_3
INFO: [Physopt 32-662] Processed net u_array/u_requant/q_r[33]_i_4_n_0.  Did not re-place instance u_array/u_requant/q_r[33]_i_4
INFO: [Physopt 32-662] Processed net u_array/u_requant/sticky_r_i_128_n_0.  Did not re-place instance u_array/u_requant/sticky_r_i_128
INFO: [Physopt 32-662] Processed net u_array/u_requant/q_r[15]_i_2_n_0.  Did not re-place instance u_array/u_requant/q_r[15]_i_2
INFO: [Physopt 32-662] Processed net u_array/u_requant/q_r[17]_i_4_n_0.  Did not re-place instance u_array/u_requant/q_r[17]_i_4
INFO: [Physopt 32-662] Processed net u_array/u_requant/q_r[3]_i_2_n_0.  Did not re-place instance u_array/u_requant/q_r[3]_i_2
INFO: [Physopt 32-662] Processed net u_array/u_requant/q_r[5]_i_3_n_0.  Did not re-place instance u_array/u_requant/q_r[5]_i_3
INFO: [Physopt 32-662] Processed net u_array/u_requant/q_r[2]_i_1_n_0.  Did not re-place instance u_array/u_requant/q_r[2]_i_1
INFO: [Physopt 32-662] Processed net u_array/u_requant/q_r_reg_n_0_[2].  Did not re-place instance u_array/u_requant/q_r_reg[2]
INFO: [Physopt 32-662] Processed net u_array/u_requant/q_r[32]_i_4_n_0.  Did not re-place instance u_array/u_requant/q_r[32]_i_4
INFO: [Physopt 32-662] Processed net u_array/u_requant/q_r[18]_i_2_n_0.  Did not re-place instance u_array/u_requant/q_r[18]_i_2
INFO: [Physopt 32-662] Processed net u_array/u_requant/q_r[20]_i_3_n_0.  Did not re-place instance u_array/u_requant/q_r[20]_i_3
INFO: [Physopt 32-662] Processed net u_array/u_requant/q_r[31]_i_2_n_0.  Did not re-place instance u_array/u_requant/q_r[31]_i_2
INFO: [Physopt 32-662] Processed net u_array/u_requant/q_r[33]_i_3_n_0.  Did not re-place instance u_array/u_requant/q_r[33]_i_3
INFO: [Physopt 32-662] Processed net u_array/u_requant/q_r[37]_i_4_n_0_repN.  Did not re-place instance u_array/u_requant/q_r[37]_i_4_replica
INFO: [Physopt 32-662] Processed net u_array/u_requant/p_0_in[24].  Did not re-place instance u_array/u_requant/q_r_reg[31]
INFO: [Physopt 32-662] Processed net u_array/u_requant/q_r[31]_i_1_n_0.  Did not re-place instance u_array/u_requant/q_r[31]_i_1
INFO: [Physopt 32-662] Processed net u_array/u_requant/q_r[35]_i_4_n_0.  Did not re-place instance u_array/u_requant/q_r[35]_i_4
INFO: [Physopt 32-662] Processed net u_array/u_requant/q_r[36]_i_4_n_0.  Did not re-place instance u_array/u_requant/q_r[36]_i_4
INFO: [Physopt 32-662] Processed net u_array/u_requant/q_r[21]_i_4_n_0.  Did not re-place instance u_array/u_requant/q_r[21]_i_4
INFO: [Physopt 32-662] Processed net u_array/u_requant/q_r[32]_i_2_n_0.  Did not re-place instance u_array/u_requant/q_r[32]_i_2
INFO: [Physopt 32-662] Processed net u_array/u_requant/q_r[34]_i_3_n_0.  Did not re-place instance u_array/u_requant/q_r[34]_i_3
INFO: [Physopt 32-663] Processed net u_array/u_requant/q_r[38]_i_4_n_0_repN.  Re-placed instance u_array/u_requant/q_r[38]_i_4_replica
INFO: [Physopt 32-662] Processed net u_array/u_requant/p_0_in[12].  Did not re-place instance u_array/u_requant/q_r_reg[19]
INFO: [Physopt 32-662] Processed net u_array/u_requant/q_r[19]_i_2_n_0.  Did not re-place instance u_array/u_requant/q_r[19]_i_2
INFO: [Physopt 32-662] Processed net u_array/u_requant/q_r[21]_i_3_n_0.  Did not re-place instance u_array/u_requant/q_r[21]_i_3
INFO: [Physopt 32-662] Processed net u_array/u_requant/q_r[19]_i_1_n_0.  Did not re-place instance u_array/u_requant/q_r[19]_i_1
INFO: [Physopt 32-662] Processed net u_array/u_requant/p_0_in[26].  Did not re-place instance u_array/u_requant/q_r_reg[33]
INFO: [Physopt 32-662] Processed net u_array/u_requant/q_r[34]_i_2_n_0.  Did not re-place instance u_array/u_requant/q_r[34]_i_2
INFO: [Physopt 32-662] Processed net u_array/u_requant/q_r[36]_i_3_n_0.  Did not re-place instance u_array/u_requant/q_r[36]_i_3
INFO: [Physopt 32-662] Processed net u_array/u_requant/q_r[40]_i_4_n_0.  Did not re-place instance u_array/u_requant/q_r[40]_i_4
INFO: [Physopt 32-662] Processed net u_array/u_requant/q_r[33]_i_1_n_0.  Did not re-place instance u_array/u_requant/q_r[33]_i_1
INFO: [Physopt 32-662] Processed net u_array/u_requant/q_r[22]_i_4_n_0.  Did not re-place instance u_array/u_requant/q_r[22]_i_4
INFO: [Physopt 32-662] Processed net u_array/u_requant/p_0_in[0].  Did not re-place instance u_array/u_requant/q_r_reg[7]
INFO: [Physopt 32-662] Processed net u_array/u_requant/q_r[10]_i_3_n_0.  Did not re-place instance u_array/u_requant/q_r[10]_i_3
INFO: [Physopt 32-662] Processed net u_array/u_requant/q_r[8]_i_2_n_0.  Did not re-place instance u_array/u_requant/q_r[8]_i_2
INFO: [Physopt 32-662] Processed net u_array/u_requant/q_r[7]_i_1_n_0.  Did not re-place instance u_array/u_requant/q_r[7]_i_1
INFO: [Physopt 32-662] Processed net u_array/u_requant/q_r[23]_i_4_n_0.  Did not re-place instance u_array/u_requant/q_r[23]_i_4
INFO: [Physopt 32-662] Processed net u_array/u_requant/sticky_r_i_124_n_0.  Did not re-place instance u_array/u_requant/sticky_r_i_124
INFO: [Physopt 32-662] Processed net u_array/u_requant/q_r[27]_i_4_n_0.  Did not re-place instance u_array/u_requant/q_r[27]_i_4
INFO: [Physopt 32-662] Processed net u_array/u_requant/q_r[13]_i_2_n_0.  Did not re-place instance u_array/u_requant/q_r[13]_i_2
INFO: [Physopt 32-662] Processed net u_array/u_requant/q_r[15]_i_3_n_0.  Did not re-place instance u_array/u_requant/q_r[15]_i_3
INFO: [Physopt 32-662] Processed net u_array/u_requant/q_r[41]_i_5_n_0.  Did not re-place instance u_array/u_requant/q_r[41]_i_5
INFO: [Physopt 32-662] Processed net u_array/u_requant/q_r[34]_i_4_n_0.  Did not re-place instance u_array/u_requant/q_r[34]_i_4
INFO: [Physopt 32-662] Processed net u_array/u_requant/p_0_in[23].  Did not re-place instance u_array/u_requant/q_r_reg[30]
INFO: [Physopt 32-662] Processed net u_array/u_requant/p_0_in[34].  Did not re-place instance u_array/u_requant/q_r_reg[41]
INFO: [Physopt 32-662] Processed net u_array/u_requant/q_r[22]_i_3_n_0.  Did not re-place instance u_array/u_requant/q_r[22]_i_3
INFO: [Physopt 32-662] Processed net u_array/u_requant/q_r[26]_i_2_n_0.  Did not re-place instance u_array/u_requant/q_r[26]_i_2
INFO: [Physopt 32-662] Processed net u_array/u_requant/q_r[42]_i_2_n_0.  Did not re-place instance u_array/u_requant/q_r[42]_i_2
INFO: [Physopt 32-662] Processed net u_array/u_requant/q_r[44]_i_3_n_0.  Did not re-place instance u_array/u_requant/q_r[44]_i_3
INFO: [Physopt 32-662] Processed net u_array/u_requant/q_r[44]_i_4_n_0.  Did not re-place instance u_array/u_requant/q_r[44]_i_4
INFO: [Physopt 32-662] Processed net u_array/u_requant/q_r[30]_i_1_n_0.  Did not re-place instance u_array/u_requant/q_r[30]_i_1
INFO: [Physopt 32-662] Processed net u_array/u_requant/q_r[41]_i_1_n_0.  Did not re-place instance u_array/u_requant/q_r[41]_i_1
INFO: [Physopt 32-662] Processed net u_array/u_requant/q_r[19]_i_4_n_0.  Did not re-place instance u_array/u_requant/q_r[19]_i_4
INFO: [Physopt 32-662] Processed net u_array/u_requant/q_r[5]_i_2_n_0.  Did not re-place instance u_array/u_requant/q_r[5]_i_2
INFO: [Physopt 32-662] Processed net u_array/u_requant/q_r[7]_i_3_n_0.  Did not re-place instance u_array/u_requant/q_r[7]_i_3
INFO: [Physopt 32-662] Processed net u_array/u_requant/q_r[4]_i_1_n_0.  Did not re-place instance u_array/u_requant/q_r[4]_i_1
INFO: [Physopt 32-662] Processed net u_array/u_requant/q_r_reg_n_0_[4].  Did not re-place instance u_array/u_requant/q_r_reg[4]
INFO: [Physopt 32-662] Processed net u_array/u_requant/p_0_in[29].  Did not re-place instance u_array/u_requant/q_r_reg[36]
INFO: [Physopt 32-662] Processed net u_array/u_requant/q_r[37]_i_2_n_0.  Did not re-place instance u_array/u_requant/q_r[37]_i_2
INFO: [Physopt 32-662] Processed net u_array/u_requant/q_r[39]_i_3_n_0.  Did not re-place instance u_array/u_requant/q_r[39]_i_3
INFO: [Physopt 32-662] Processed net u_array/u_requant/q_r[43]_i_4_n_0.  Did not re-place instance u_array/u_requant/q_r[43]_i_4
INFO: [Physopt 32-662] Processed net u_array/u_requant/q_r[36]_i_1_n_0.  Did not re-place instance u_array/u_requant/q_r[36]_i_1
INFO: [Physopt 32-662] Processed net u_array/u_requant/q_r[28]_i_2_n_0.  Did not re-place instance u_array/u_requant/q_r[28]_i_2
INFO: [Physopt 32-662] Processed net u_array/u_requant/q_r[30]_i_3_n_0.  Did not re-place instance u_array/u_requant/q_r[30]_i_3
INFO: [Physopt 32-662] Processed net u_array/u_requant/p_0_in[1].  Did not re-place instance u_array/u_requant/q_r_reg[8]
INFO: [Physopt 32-662] Processed net u_array/u_requant/q_r[11]_i_3_n_0.  Did not re-place instance u_array/u_requant/q_r[11]_i_3
INFO: [Physopt 32-662] Processed net u_array/u_requant/q_r[9]_i_2_n_0.  Did not re-place instance u_array/u_requant/q_r[9]_i_2
INFO: [Physopt 32-662] Processed net u_array/u_requant/q_r[8]_i_1_n_0.  Did not re-place instance u_array/u_requant/q_r[8]_i_1
INFO: [Physopt 32-662] Processed net u_array/u_requant/p_0_in[11].  Did not re-place instance u_array/u_requant/q_r_reg[18]
INFO: [Physopt 32-662] Processed net u_array/u_requant/p_0_in[27].  Did not re-place instance u_array/u_requant/q_r_reg[34]
INFO: [Physopt 32-662] Processed net u_array/u_requant/q_r[35]_i_2_n_0.  Did not re-place instance u_array/u_requant/q_r[35]_i_2
INFO: [Physopt 32-662] Processed net u_array/u_requant/q_r[37]_i_3_n_0.  Did not re-place instance u_array/u_requant/q_r[37]_i_3
INFO: [Physopt 32-662] Processed net u_array/u_requant/q_r[39]_i_2_n_0.  Did not re-place instance u_array/u_requant/q_r[39]_i_2
INFO: [Physopt 32-662] Processed net u_array/u_requant/q_r[41]_i_3_n_0.  Did not re-place instance u_array/u_requant/q_r[41]_i_3
INFO: [Physopt 32-662] Processed net u_array/u_requant/q_r[41]_i_4_n_0.  Did not re-place instance u_array/u_requant/q_r[41]_i_4
INFO: [Physopt 32-662] Processed net u_array/u_requant/q_r[18]_i_1_n_0.  Did not re-place instance u_array/u_requant/q_r[18]_i_1
INFO: [Physopt 32-662] Processed net u_array/u_requant/q_r[34]_i_1_n_0.  Did not re-place instance u_array/u_requant/q_r[34]_i_1
INFO: [Physopt 32-662] Processed net u_array/u_requant/q_r[38]_i_1_n_0.  Did not re-place instance u_array/u_requant/q_r[38]_i_1
INFO: [Physopt 32-662] Processed net u_array/u_requant/p_0_in[31].  Did not re-place instance u_array/u_requant/q_r_reg[38]
INFO: [Physopt 32-662] Processed net u_array/u_requant/q_r[15]_i_1_n_0.  Did not re-place instance u_array/u_requant/q_r[15]_i_1
INFO: [Physopt 32-662] Processed net u_array/u_requant/p_0_in[8].  Did not re-place instance u_array/u_requant/q_r_reg[15]
INFO: [Physopt 32-662] Processed net u_array/u_requant/q_r[12]_i_1_n_0.  Did not re-place instance u_array/u_requant/q_r[12]_i_1
INFO: [Physopt 32-662] Processed net u_array/u_requant/p_0_in[5].  Did not re-place instance u_array/u_requant/q_r_reg[12]
INFO: [Physopt 32-662] Processed net u_array/u_requant/q_r[24]_i_4_n_0.  Did not re-place instance u_array/u_requant/q_r[24]_i_4
INFO: [Physopt 32-662] Processed net u_array/u_requant/p_0_in[3].  Did not re-place instance u_array/u_requant/q_r_reg[10]
INFO: [Physopt 32-662] Processed net u_array/u_requant/q_r[10]_i_2_n_0.  Did not re-place instance u_array/u_requant/q_r[10]_i_2
INFO: [Physopt 32-662] Processed net u_array/u_requant/q_r[12]_i_3_n_0.  Did not re-place instance u_array/u_requant/q_r[12]_i_3
INFO: [Physopt 32-662] Processed net u_array/u_requant/q_r[10]_i_1_n_0.  Did not re-place instance u_array/u_requant/q_r[10]_i_1
INFO: [Physopt 32-662] Processed net u_array/u_requant/q_r[28]_i_3_n_0.  Did not re-place instance u_array/u_requant/q_r[28]_i_3
INFO: [Physopt 32-662] Processed net u_array/u_requant/p_0_in[22].  Did not re-place instance u_array/u_requant/q_r_reg[29]
INFO: [Physopt 32-662] Processed net u_array/u_requant/q_r[29]_i_2_n_0.  Did not re-place instance u_array/u_requant/q_r[29]_i_2
INFO: [Physopt 32-662] Processed net u_array/u_requant/q_r[31]_i_3_n_0.  Did not re-place instance u_array/u_requant/q_r[31]_i_3
INFO: [Physopt 32-662] Processed net u_array/u_requant/q_r[29]_i_1_n_0.  Did not re-place instance u_array/u_requant/q_r[29]_i_1
INFO: [Physopt 32-662] Processed net u_array/u_addrgen/FSM_sequential_state[2]_i_2_n_0.  Did not re-place instance u_array/u_addrgen/FSM_sequential_state[2]_i_2
INFO: [Physopt 32-663] Processed net u_array/u_addrgen/n_len_c[1].  Re-placed instance u_array/u_addrgen/n_len_c_reg[1]
INFO: [Physopt 32-662] Processed net u_array/u_addrgen/FSM_sequential_state[2]_i_1_n_0.  Did not re-place instance u_array/u_addrgen/FSM_sequential_state[2]_i_1
INFO: [Physopt 32-662] Processed net u_array/u_addrgen/n_loc[15]_i_13_n_0.  Did not re-place instance u_array/u_addrgen/n_loc[15]_i_13
INFO: [Physopt 32-662] Processed net u_array/u_addrgen/n_loc[15]_i_39_n_0.  Did not re-place instance u_array/u_addrgen/n_loc[15]_i_39
INFO: [Physopt 32-662] Processed net u_array/u_addrgen/state[2].  Did not re-place instance u_array/u_addrgen/FSM_sequential_state_reg[2]
INFO: [Physopt 32-662] Processed net u_array/u_requant/sticky_r_i_98_n_0.  Did not re-place instance u_array/u_requant/sticky_r_i_98
INFO: [Physopt 32-662] Processed net u_array/u_requant/q_r[43]_i_2_n_0.  Did not re-place instance u_array/u_requant/q_r[43]_i_2
INFO: [Physopt 32-662] Processed net u_array/u_requant/q_r[45]_i_3_n_0.  Did not re-place instance u_array/u_requant/q_r[45]_i_3
INFO: [Physopt 32-662] Processed net u_array/u_requant/q_r[45]_i_4_n_0.  Did not re-place instance u_array/u_requant/q_r[45]_i_4
INFO: [Physopt 32-662] Processed net u_array/u_requant/q_r[43]_i_1_n_0.  Did not re-place instance u_array/u_requant/q_r[43]_i_1
INFO: [Physopt 32-662] Processed net u_array/u_requant/p_0_in[36].  Did not re-place instance u_array/u_requant/q_r_reg[43]
INFO: [Physopt 32-662] Processed net u_array/u_requant/q_r[25]_i_4_n_0.  Did not re-place instance u_array/u_requant/q_r[25]_i_4
INFO: [Physopt 32-662] Processed net u_array/u_requant/q_r[13]_i_3_n_0.  Did not re-place instance u_array/u_requant/q_r[13]_i_3
INFO: [Physopt 32-663] Processed net u_array/u_requant/y_pre_o[6]_i_3_n_0.  Re-placed instance u_array/u_requant/y_pre_o[6]_i_3
INFO: [Physopt 32-663] Processed net u_array/u_requant/y_pre_o_reg[1]_rep__5_0_repN_1.  Re-placed instance u_array/u_requant/y_pre_o_reg[1]_rep__5_replica_1
INFO: [Physopt 32-662] Processed net u_array/u_requant/y_pre_o[7]_i_4_n_0.  Did not re-place instance u_array/u_requant/y_pre_o[7]_i_4
INFO: [Physopt 32-662] Processed net u_array/u_requant/y_pre_o[1]_rep__5_i_1_n_0.  Did not re-place instance u_array/u_requant/y_pre_o[1]_rep__5_i_1
INFO: [Physopt 32-662] Processed net u_array/u_requant/y_pre_o[7]_i_20_n_0.  Did not re-place instance u_array/u_requant/y_pre_o[7]_i_20
INFO: [Physopt 32-663] Processed net u_array/u_requant/y_pre_o[7]_i_31_n_0.  Re-placed instance u_array/u_requant/y_pre_o[7]_i_31
INFO: [Physopt 32-662] Processed net u_array/u_requant/y_pre_o[7]_i_9_n_0.  Did not re-place instance u_array/u_requant/y_pre_o[7]_i_9
INFO: [Physopt 32-663] Processed net u_array/u_requant/y_pre_o_reg[1]_rep__5_0_repN.  Re-placed instance u_array/u_requant/y_pre_o_reg[1]_rep__5_replica
INFO: [Physopt 32-662] Processed net u_array/u_requant/sticky_r_i_58_n_0.  Did not re-place instance u_array/u_requant/sticky_r_i_58
INFO: [Physopt 32-662] Processed net u_array/u_requant/p_0_in[2].  Did not re-place instance u_array/u_requant/q_r_reg[9]
INFO: [Physopt 32-662] Processed net u_array/u_requant/q_r[9]_i_1_n_0.  Did not re-place instance u_array/u_requant/q_r[9]_i_1
INFO: [Physopt 32-662] Processed net u_array/u_requant/q_r[46]_i_5_n_0.  Did not re-place instance u_array/u_requant/q_r[46]_i_5
INFO: [Physopt 32-662] Processed net u_array/u_requant/q_r[30]_i_2_n_0.  Did not re-place instance u_array/u_requant/q_r[30]_i_2
INFO: [Physopt 32-662] Processed net u_array/u_requant/q_r[32]_i_3_n_0.  Did not re-place instance u_array/u_requant/q_r[32]_i_3
INFO: [Physopt 32-662] Processed net u_array/u_requant/sticky_r_i_106_n_0.  Did not re-place instance u_array/u_requant/sticky_r_i_106
INFO: [Physopt 32-662] Processed net u_array/u_requant/q_r[4]_i_2_n_0.  Did not re-place instance u_array/u_requant/q_r[4]_i_2
INFO: [Physopt 32-662] Processed net u_array/u_requant/q_r[6]_i_3_n_0.  Did not re-place instance u_array/u_requant/q_r[6]_i_3
INFO: [Physopt 32-662] Processed net u_array/u_requant/p_0_in[13].  Did not re-place instance u_array/u_requant/q_r_reg[20]
INFO: [Physopt 32-662] Processed net u_array/u_requant/q_r[20]_i_1_n_0.  Did not re-place instance u_array/u_requant/q_r[20]_i_1
INFO: [Physopt 32-662] Processed net u_array/u_requant/q_r[18]_i_4_n_0.  Did not re-place instance u_array/u_requant/q_r[18]_i_4
INFO: [Physopt 32-662] Processed net u_array/u_requant/sticky_r_i_104_n_0.  Did not re-place instance u_array/u_requant/sticky_r_i_104
INFO: [Physopt 32-663] Processed net u_array/u_requant/q_r[44]_i_2_n_0.  Re-placed instance u_array/u_requant/q_r[44]_i_2
INFO: [Physopt 32-662] Processed net u_array/u_requant/p_0_in[21].  Did not re-place instance u_array/u_requant/q_r_reg[28]
INFO: [Physopt 32-662] Processed net u_array/u_requant/q_r[28]_i_1_n_0.  Did not re-place instance u_array/u_requant/q_r[28]_i_1
INFO: [Physopt 32-662] Processed net u_array/u_requant/p_0_in[28].  Did not re-place instance u_array/u_requant/q_r_reg[35]
INFO: [Physopt 32-662] Processed net u_array/u_requant/q_r[36]_i_2_n_0.  Did not re-place instance u_array/u_requant/q_r[36]_i_2
INFO: [Physopt 32-662] Processed net u_array/u_requant/q_r[38]_i_3_n_0.  Did not re-place instance u_array/u_requant/q_r[38]_i_3
INFO: [Physopt 32-662] Processed net u_array/u_requant/q_r[42]_i_4_n_0.  Did not re-place instance u_array/u_requant/q_r[42]_i_4
INFO: [Physopt 32-662] Processed net u_array/u_requant/q_r[35]_i_1_n_0.  Did not re-place instance u_array/u_requant/q_r[35]_i_1
INFO: [Physopt 32-662] Processed net u_array/u_requant/q_r[48]_i_3_n_0.  Did not re-place instance u_array/u_requant/q_r[48]_i_3
INFO: [Physopt 32-662] Processed net u_array/u_requant/p_0_in[33].  Did not re-place instance u_array/u_requant/q_r_reg[40]
INFO: [Physopt 32-662] Processed net u_array/u_requant/q_r[40]_i_2_n_0.  Did not re-place instance u_array/u_requant/q_r[40]_i_2
INFO: [Physopt 32-662] Processed net u_array/u_requant/q_r[42]_i_3_n_0.  Did not re-place instance u_array/u_requant/q_r[42]_i_3
INFO: [Physopt 32-662] Processed net u_array/u_requant/q_r[46]_i_4_n_0.  Did not re-place instance u_array/u_requant/q_r[46]_i_4
INFO: [Physopt 32-662] Processed net u_array/u_requant/q_r[40]_i_1_n_0.  Did not re-place instance u_array/u_requant/q_r[40]_i_1
INFO: [Physopt 32-662] Processed net u_array/u_requant/q_r[3]_i_1_n_0.  Did not re-place instance u_array/u_requant/q_r[3]_i_1
INFO: [Physopt 32-662] Processed net u_array/u_requant/q_r_reg_n_0_[3].  Did not re-place instance u_array/u_requant/q_r_reg[3]
INFO: [Physopt 32-662] Processed net u_array/u_requant/q_r[20]_i_2_n_0.  Did not re-place instance u_array/u_requant/q_r[20]_i_2
INFO: [Physopt 32-662] Processed net u_array/u_requant/q_r[16]_i_4_n_0.  Did not re-place instance u_array/u_requant/q_r[16]_i_4
INFO: [Physopt 32-662] Processed net u_array/u_requant/q_r[47]_i_3_n_0.  Did not re-place instance u_array/u_requant/q_r[47]_i_3
INFO: [Physopt 32-662] Processed net u_array/u_requant/q_r[41]_i_2_n_0.  Did not re-place instance u_array/u_requant/q_r[41]_i_2
INFO: [Physopt 32-662] Processed net u_array/u_requant/q_r[43]_i_3_n_0.  Did not re-place instance u_array/u_requant/q_r[43]_i_3
INFO: [Physopt 32-662] Processed net u_array/u_requant/y_pre_o_reg[0]_rep__5_0_repN.  Did not re-place instance u_array/u_requant/y_pre_o_reg[0]_rep__5_replica
INFO: [Physopt 32-662] Processed net u_array/u_requant/y_pre_o[0]_rep__5_i_1_n_0.  Did not re-place instance u_array/u_requant/y_pre_o[0]_rep__5_i_1
INFO: [Physopt 32-662] Processed net u_array/u_requant/sticky_r_i_108_n_0.  Did not re-place instance u_array/u_requant/sticky_r_i_108
INFO: [Physopt 32-662] Processed net u_array/u_requant/q_r[7]_i_2_n_0.  Did not re-place instance u_array/u_requant/q_r[7]_i_2
INFO: [Physopt 32-662] Processed net u_array/u_requant/q_r[9]_i_3_n_0.  Did not re-place instance u_array/u_requant/q_r[9]_i_3
INFO: [Physopt 32-662] Processed net u_array/u_requant/p_0_in[32].  Did not re-place instance u_array/u_requant/q_r_reg[39]
INFO: [Physopt 32-662] Processed net u_array/u_requant/q_r[39]_i_1_n_0.  Did not re-place instance u_array/u_requant/q_r[39]_i_1
INFO: [Physopt 32-662] Processed net u_array/u_requant/q_r[44]_i_5_n_0.  Did not re-place instance u_array/u_requant/q_r[44]_i_5
INFO: [Physopt 32-662] Processed net u_array/u_requant/q_r[38]_i_2_n_0.  Did not re-place instance u_array/u_requant/q_r[38]_i_2
INFO: [Physopt 32-662] Processed net u_array/u_requant/q_r[40]_i_3_n_0.  Did not re-place instance u_array/u_requant/q_r[40]_i_3
INFO: [Physopt 32-662] Processed net u_array/u_requant/p_0_in[30].  Did not re-place instance u_array/u_requant/q_r_reg[37]
INFO: [Physopt 32-662] Processed net u_array/u_requant/q_r[37]_i_1_n_0.  Did not re-place instance u_array/u_requant/q_r[37]_i_1
INFO: [Physopt 32-662] Processed net u_array/u_requant/sticky_r_i_133_n_0.  Did not re-place instance u_array/u_requant/sticky_r_i_133
INFO: [Physopt 32-662] Processed net u_array/u_requant/sticky_r_i_134_n_0.  Did not re-place instance u_array/u_requant/sticky_r_i_134
INFO: [Physopt 32-662] Processed net u_array/u_requant/sticky_r_i_129_n_0.  Did not re-place instance u_array/u_requant/sticky_r_i_129
INFO: [Physopt 32-662] Processed net u_array/u_requant/q_r[43]_i_5_n_0.  Did not re-place instance u_array/u_requant/q_r[43]_i_5
INFO: [Physopt 32-662] Processed net u_array/u_requant/sticky_r_i_54_n_0.  Did not re-place instance u_array/u_requant/sticky_r_i_54
INFO: [Physopt 32-663] Processed net u_array/u_addrgen/n_len_c[2].  Re-placed instance u_array/u_addrgen/n_len_c_reg[2]
INFO: [Physopt 32-662] Processed net u_array/u_addrgen/n_loc[15]_i_38_n_0.  Did not re-place instance u_array/u_addrgen/n_loc[15]_i_38
INFO: [Physopt 32-662] Processed net u_array/u_requant/q_r[39]_i_5_n_0.  Did not re-place instance u_array/u_requant/q_r[39]_i_5
INFO: [Physopt 32-662] Processed net u_array/u_requant/sticky_r_i_130_n_0.  Did not re-place instance u_array/u_requant/sticky_r_i_130
INFO: [Physopt 32-662] Processed net u_array/u_addrgen/k_len_c[1].  Did not re-place instance u_array/u_addrgen/k_len_c_reg[1]
INFO: [Physopt 32-662] Processed net u_array/u_addrgen/n_loc[15]_i_18_n_0.  Did not re-place instance u_array/u_addrgen/n_loc[15]_i_18
INFO: [Physopt 32-662] Processed net u_array/u_addrgen/n_loc[15]_i_47_n_0.  Did not re-place instance u_array/u_addrgen/n_loc[15]_i_47
INFO: [Physopt 32-662] Processed net u_array/u_requant/q_r[12]_i_2_n_0.  Did not re-place instance u_array/u_requant/q_r[12]_i_2
INFO: [Physopt 32-662] Processed net u_array/u_requant/q_r[14]_i_3_n_0.  Did not re-place instance u_array/u_requant/q_r[14]_i_3
INFO: [Physopt 32-662] Processed net u_array/u_requant/q_r[11]_i_1_n_0.  Did not re-place instance u_array/u_requant/q_r[11]_i_1
INFO: [Physopt 32-662] Processed net u_array/u_requant/p_0_in[4].  Did not re-place instance u_array/u_requant/q_r_reg[11]
INFO: [Physopt 32-662] Processed net u_array/u_requant/q_r[5]_i_1_n_0.  Did not re-place instance u_array/u_requant/q_r[5]_i_1
INFO: [Physopt 32-663] Processed net u_array/u_requant/sticky_r_i_125_n_0.  Re-placed instance u_array/u_requant/sticky_r_i_125
INFO: [Physopt 32-662] Processed net u_array/u_requant/q_r_reg_n_0_[5].  Did not re-place instance u_array/u_requant/q_r_reg[5]
INFO: [Physopt 32-662] Processed net u_array/u_requant/sticky_r_i_131_n_0.  Did not re-place instance u_array/u_requant/sticky_r_i_131
INFO: [Physopt 32-662] Processed net u_array/u_requant/y_pre_o[7]_i_12_n_0.  Did not re-place instance u_array/u_requant/y_pre_o[7]_i_12
INFO: [Physopt 32-662] Processed net u_array/u_requant/y_pre_o[7]_i_28_n_0.  Did not re-place instance u_array/u_requant/y_pre_o[7]_i_28
INFO: [Physopt 32-662] Processed net u_array/u_requant/y_pre_o[7]_i_6_n_0.  Did not re-place instance u_array/u_requant/y_pre_o[7]_i_6
INFO: [Physopt 32-662] Processed net u_array/u_requant/q_r[26]_i_4_n_0.  Did not re-place instance u_array/u_requant/q_r[26]_i_4
INFO: [Physopt 32-662] Processed net u_array/u_requant/sticky_r_i_100_n_0.  Did not re-place instance u_array/u_requant/sticky_r_i_100
INFO: [Physopt 32-663] Processed net u_array/g_pe_row[15].g_pe_pair[2].u_pe/w_d3_r_reg[7]_0[4].  Re-placed instance u_array/g_pe_row[15].g_pe_pair[2].u_pe/w_d3_r_reg[4]
INFO: [Physopt 32-662] Processed net u_array/g_acc[31].u_acc_g/acc_r[211]_i_6__18_n_0.  Did not re-place instance u_array/g_acc[31].u_acc_g/acc_r[211]_i_6__18
INFO: [Physopt 32-662] Processed net u_array/g_acc[31].u_acc_g/p_1_in[223].  Did not re-place instance u_array/g_acc[31].u_acc_g/acc_r[223]_i_1__18
INFO: [Physopt 32-662] Processed net u_array/g_pe_row[15].g_pe_pair[2].u_pe/w_d3_r_reg[7]_3[1].  Did not re-place instance u_array/g_pe_row[15].g_pe_pair[2].u_pe/acc_r[207]_i_14__1
INFO: [Physopt 32-662] Processed net u_array/g_acc[31].u_acc_g/acc_q_w[8159].  Did not re-place instance u_array/g_acc[31].u_acc_g/acc_r_reg[223]
INFO: [Physopt 32-663] Processed net u_array/u_wbuf/g_row[8].mem0_reg_0_63_0_2_i_2_n_0.  Re-placed instance u_array/u_wbuf/g_row[8].mem0_reg_0_63_0_2_i_2_rewire
INFO: [Physopt 32-663] Processed net u_array/wpipe_sel_q[1].  Re-placed instance u_array/wpipe_sel_q_reg[1]
INFO: [Physopt 32-662] Processed net u_array/u_requant/q_r[40]_i_5_n_0.  Did not re-place instance u_array/u_requant/q_r[40]_i_5
INFO: [Physopt 32-663] Processed net u_array/u_wbuf/p_0_in0_out__8.  Re-placed instance u_array/u_wbuf/g_row[9].mem1_reg_0_63_0_2_i_1_rewire
INFO: [Physopt 32-661] Optimized 13 nets.  Re-placed 13 instances.
INFO: [Physopt 32-775] End 1 Pass. Optimized 13 nets or cells. Created 0 new cell, deleted 0 existing cell and moved 13 existing cells
INFO: [Physopt 32-619] Estimated Timing Summary | WNS=-0.603 | TNS=-50.083 |
Netlist sorting complete. Time (s): cpu = 00:00:00 ; elapsed = 00:00:00.017 . Memory (MB): peak = 2387.652 ; gain = 0.000
Phase 9 Single Cell Placement Optimization | Checksum: b2c92e15

Time (s): cpu = 00:01:04 ; elapsed = 00:00:41 . Memory (MB): peak = 2387.652 ; gain = 0.000

Phase 10 Multi Cell Placement Optimization
INFO: [Physopt 32-660] Identified 100 candidate nets for placement-based optimization.
INFO: [Physopt 32-662] Processed net u_array/u_requant/q_r[23]_i_2_n_0.  Did not re-place instance u_array/u_requant/q_r[23]_i_2/O
INFO: [Physopt 32-662] Processed net u_array/u_requant/q_r[25]_i_3_n_0.  Did not re-place instance u_array/u_requant/q_r[25]_i_3/O
INFO: [Physopt 32-662] Processed net u_array/u_requant/q_r[37]_i_4_n_0.  Did not re-place instance u_array/u_requant/q_r[37]_i_4/O
INFO: [Physopt 32-662] Processed net u_array/u_requant/q_r[23]_i_1_n_0.  Did not re-place instance u_array/u_requant/q_r[23]_i_1/O
INFO: [Physopt 32-662] Processed net u_array/u_requant/q_r[28]_i_4_n_0.  Did not re-place instance u_array/u_requant/q_r[28]_i_4/O
INFO: [Physopt 32-662] Processed net u_array/u_requant/q_r[14]_i_2_n_0.  Did not re-place instance u_array/u_requant/q_r[14]_i_2/O
INFO: [Physopt 32-662] Processed net u_array/u_requant/q_r[16]_i_3_n_0.  Did not re-place instance u_array/u_requant/q_r[16]_i_3/O
INFO: [Physopt 32-662] Processed net u_array/u_requant/q_r[14]_i_1_n_0.  Did not re-place instance u_array/u_requant/q_r[14]_i_1/O
INFO: [Physopt 32-662] Processed net u_array/u_requant/q_r[13]_i_1_n_0.  Did not re-place instance u_array/u_requant/q_r[13]_i_1/O
INFO: [Physopt 32-662] Processed net u_array/u_requant/q_r[29]_i_4_n_0.  Did not re-place instance u_array/u_requant/q_r[29]_i_4/O
INFO: [Physopt 32-662] Processed net u_array/u_requant/q_r[17]_i_2_n_0.  Did not re-place instance u_array/u_requant/q_r[17]_i_2/O
INFO: [Physopt 32-662] Processed net u_array/u_requant/q_r[17]_i_3_n_0.  Did not re-place instance u_array/u_requant/q_r[17]_i_3/O
INFO: [Physopt 32-662] Processed net u_array/u_requant/q_r[16]_i_1_n_0.  Did not re-place instance u_array/u_requant/q_r[16]_i_1/O
INFO: [Physopt 32-662] Processed net u_array/u_requant/q_r[30]_i_4_n_0.  Did not re-place instance u_array/u_requant/q_r[30]_i_4/O
INFO: [Physopt 32-662] Processed net u_array/u_requant/q_r[16]_i_2_n_0.  Did not re-place instance u_array/u_requant/q_r[16]_i_2/O
INFO: [Physopt 32-662] Processed net u_array/u_requant/q_r[18]_i_3_n_0.  Did not re-place instance u_array/u_requant/q_r[18]_i_3/O
INFO: [Physopt 32-662] Processed net u_array/u_requant/q_r[22]_i_2_n_0.  Did not re-place instance u_array/u_requant/q_r[22]_i_2/O
INFO: [Physopt 32-662] Processed net u_array/u_requant/q_r[24]_i_3_n_0.  Did not re-place instance u_array/u_requant/q_r[24]_i_3/O
INFO: [Physopt 32-662] Processed net u_array/u_requant/q_r[22]_i_1_n_0.  Did not re-place instance u_array/u_requant/q_r[22]_i_1/O
INFO: [Physopt 32-662] Processed net u_array/u_requant/q_r[27]_i_2_n_0.  Did not re-place instance u_array/u_requant/q_r[27]_i_2/O
INFO: [Physopt 32-662] Processed net u_array/u_requant/q_r[27]_i_3_n_0.  Did not re-place instance u_array/u_requant/q_r[27]_i_3/O
INFO: [Physopt 32-662] Processed net u_array/u_requant/q_r[31]_i_4_n_0_repN.  Did not re-place instance u_array/u_requant/q_r[31]_i_4_replica/O
INFO: [Physopt 32-662] Processed net u_array/u_requant/q_r[27]_i_1_n_0.  Did not re-place instance u_array/u_requant/q_r[27]_i_1/O
INFO: [Physopt 32-662] Processed net u_array/u_requant/q_r[38]_i_4_n_0.  Did not re-place instance u_array/u_requant/q_r[38]_i_4/O
INFO: [Physopt 32-662] Processed net u_array/u_requant/q_r[21]_i_2_n_0.  Did not re-place instance u_array/u_requant/q_r[21]_i_2/O
INFO: [Physopt 32-662] Processed net u_array/u_requant/q_r[23]_i_3_n_0.  Did not re-place instance u_array/u_requant/q_r[23]_i_3/O
INFO: [Physopt 32-662] Processed net u_array/u_requant/q_r[24]_i_2_n_0.  Did not re-place instance u_array/u_requant/q_r[24]_i_2/O
INFO: [Physopt 32-662] Processed net u_array/u_requant/q_r[25]_i_2_n_0.  Did not re-place instance u_array/u_requant/q_r[25]_i_2/O
INFO: [Physopt 32-662] Processed net u_array/u_requant/q_r[26]_i_3_n_0.  Did not re-place instance u_array/u_requant/q_r[26]_i_3/O
INFO: [Physopt 32-662] Processed net u_array/u_requant/q_r[21]_i_1_n_0.  Did not re-place instance u_array/u_requant/q_r[21]_i_1/O
INFO: [Physopt 32-662] Processed net u_array/u_requant/q_r[25]_i_1_n_0.  Did not re-place instance u_array/u_requant/q_r[25]_i_1/O
INFO: [Physopt 32-662] Processed net u_array/u_requant/q_r[33]_i_2_n_0.  Did not re-place instance u_array/u_requant/q_r[33]_i_2/O
INFO: [Physopt 32-662] Processed net u_array/u_requant/q_r[35]_i_3_n_0.  Did not re-place instance u_array/u_requant/q_r[35]_i_3/O
INFO: [Physopt 32-662] Processed net u_array/u_requant/q_r[39]_i_4_n_0.  Did not re-place instance u_array/u_requant/q_r[39]_i_4/O
INFO: [Physopt 32-662] Processed net u_array/u_requant/q_r[32]_i_1_n_0.  Did not re-place instance u_array/u_requant/q_r[32]_i_1/O
INFO: [Physopt 32-662] Processed net u_array/u_requant/q_r[24]_i_1_n_0.  Did not re-place instance u_array/u_requant/q_r[24]_i_1/O
INFO: [Physopt 32-662] Processed net u_array/u_requant/q_r[17]_i_1_n_0.  Did not re-place instance u_array/u_requant/q_r[17]_i_1/O
INFO: [Physopt 32-662] Processed net u_array/u_requant/q_r[26]_i_1_n_0.  Did not re-place instance u_array/u_requant/q_r[26]_i_1/O
INFO: [Physopt 32-662] Processed net u_array/u_requant/q_r[19]_i_3_n_0.  Did not re-place instance u_array/u_requant/q_r[19]_i_3/O
INFO: [Physopt 32-662] Processed net u_array/u_requant/q_r[31]_i_4_n_0.  Did not re-place instance u_array/u_requant/q_r[31]_i_4/O
INFO: [Physopt 32-662] Processed net u_array/u_requant/q_r[29]_i_3_n_0.  Did not re-place instance u_array/u_requant/q_r[29]_i_3/O
INFO: [Physopt 32-662] Processed net u_array/u_requant/q_r[33]_i_4_n_0.  Did not re-place instance u_array/u_requant/q_r[33]_i_4/O
INFO: [Physopt 32-662] Processed net u_array/u_requant/q_r[15]_i_2_n_0.  Did not re-place instance u_array/u_requant/q_r[15]_i_2/O
INFO: [Physopt 32-662] Processed net u_array/u_requant/q_r[17]_i_4_n_0.  Did not re-place instance u_array/u_requant/q_r[17]_i_4/O
INFO: [Physopt 32-662] Processed net u_array/u_requant/q_r[3]_i_2_n_0.  Did not re-place instance u_array/u_requant/q_r[3]_i_2/O
INFO: [Physopt 32-662] Processed net u_array/u_requant/q_r[5]_i_3_n_0.  Did not re-place instance u_array/u_requant/q_r[5]_i_3/O
INFO: [Physopt 32-662] Processed net u_array/u_requant/q_r[2]_i_1_n_0.  Did not re-place instance u_array/u_requant/q_r[2]_i_1/O
INFO: [Physopt 32-662] Processed net u_array/u_requant/q_r[32]_i_4_n_0.  Did not re-place instance u_array/u_requant/q_r[32]_i_4/O
INFO: [Physopt 32-662] Processed net u_array/u_requant/q_r[18]_i_2_n_0.  Did not re-place instance u_array/u_requant/q_r[18]_i_2/O
INFO: [Physopt 32-662] Processed net u_array/u_requant/q_r[20]_i_3_n_0.  Did not re-place instance u_array/u_requant/q_r[20]_i_3/O
INFO: [Physopt 32-662] Processed net u_array/u_requant/q_r[31]_i_2_n_0.  Did not re-place instance u_array/u_requant/q_r[31]_i_2/O
INFO: [Physopt 32-662] Processed net u_array/u_requant/q_r[33]_i_3_n_0.  Did not re-place instance u_array/u_requant/q_r[33]_i_3/O
INFO: [Physopt 32-662] Processed net u_array/u_requant/q_r[37]_i_4_n_0_repN.  Did not re-place instance u_array/u_requant/q_r[37]_i_4_replica/O
INFO: [Physopt 32-662] Processed net u_array/u_requant/q_r[31]_i_1_n_0.  Did not re-place instance u_array/u_requant/q_r[31]_i_1/O
INFO: [Physopt 32-662] Processed net u_array/u_requant/q_r[35]_i_4_n_0.  Did not re-place instance u_array/u_requant/q_r[35]_i_4/O
INFO: [Physopt 32-662] Processed net u_array/u_requant/q_r[36]_i_4_n_0.  Did not re-place instance u_array/u_requant/q_r[36]_i_4/O
INFO: [Physopt 32-662] Processed net u_array/u_requant/q_r[21]_i_4_n_0.  Did not re-place instance u_array/u_requant/q_r[21]_i_4/O
INFO: [Physopt 32-662] Processed net u_array/u_requant/q_r[19]_i_2_n_0.  Did not re-place instance u_array/u_requant/q_r[19]_i_2/O
INFO: [Physopt 32-662] Processed net u_array/u_requant/q_r[21]_i_3_n_0.  Did not re-place instance u_array/u_requant/q_r[21]_i_3/O
INFO: [Physopt 32-662] Processed net u_array/u_requant/q_r[19]_i_1_n_0.  Did not re-place instance u_array/u_requant/q_r[19]_i_1/O
INFO: [Physopt 32-662] Processed net u_array/u_requant/q_r[34]_i_2_n_0.  Did not re-place instance u_array/u_requant/q_r[34]_i_2/O
INFO: [Physopt 32-662] Processed net u_array/u_requant/q_r[36]_i_3_n_0.  Did not re-place instance u_array/u_requant/q_r[36]_i_3/O
INFO: [Physopt 32-662] Processed net u_array/u_requant/q_r[40]_i_4_n_0.  Did not re-place instance u_array/u_requant/q_r[40]_i_4/O
INFO: [Physopt 32-662] Processed net u_array/u_requant/q_r[33]_i_1_n_0.  Did not re-place instance u_array/u_requant/q_r[33]_i_1/O
INFO: [Physopt 32-662] Processed net u_array/u_requant/q_r[22]_i_4_n_0.  Did not re-place instance u_array/u_requant/q_r[22]_i_4/O
INFO: [Physopt 32-662] Processed net u_array/u_requant/q_r[10]_i_3_n_0.  Did not re-place instance u_array/u_requant/q_r[10]_i_3/O
INFO: [Physopt 32-662] Processed net u_array/u_requant/q_r[8]_i_2_n_0.  Did not re-place instance u_array/u_requant/q_r[8]_i_2/O
INFO: [Physopt 32-662] Processed net u_array/u_requant/q_r[7]_i_1_n_0.  Did not re-place instance u_array/u_requant/q_r[7]_i_1/O
INFO: [Physopt 32-662] Processed net u_array/u_requant/q_r[23]_i_4_n_0.  Did not re-place instance u_array/u_requant/q_r[23]_i_4/O
INFO: [Physopt 32-662] Processed net u_array/u_requant/q_r[32]_i_2_n_0.  Did not re-place instance u_array/u_requant/q_r[32]_i_2/O
INFO: [Physopt 32-662] Processed net u_array/u_requant/q_r[34]_i_3_n_0.  Did not re-place instance u_array/u_requant/q_r[34]_i_3/O
INFO: [Physopt 32-662] Processed net u_array/u_requant/q_r[38]_i_4_n_0_repN.  Did not re-place instance u_array/u_requant/q_r[38]_i_4_replica/O
INFO: [Physopt 32-662] Processed net u_array/u_requant/q_r[27]_i_4_n_0.  Did not re-place instance u_array/u_requant/q_r[27]_i_4/O
INFO: [Physopt 32-662] Processed net u_array/u_requant/q_r[13]_i_2_n_0.  Did not re-place instance u_array/u_requant/q_r[13]_i_2/O
INFO: [Physopt 32-662] Processed net u_array/u_requant/q_r[15]_i_3_n_0.  Did not re-place instance u_array/u_requant/q_r[15]_i_3/O
INFO: [Physopt 32-662] Processed net u_array/u_requant/q_r[41]_i_5_n_0.  Did not re-place instance u_array/u_requant/q_r[41]_i_5/O
INFO: [Physopt 32-662] Processed net u_array/u_requant/q_r[34]_i_4_n_0.  Did not re-place instance u_array/u_requant/q_r[34]_i_4/O
INFO: [Physopt 32-662] Processed net u_array/u_requant/q_r[22]_i_3_n_0.  Did not re-place instance u_array/u_requant/q_r[22]_i_3/O
INFO: [Physopt 32-661] Optimized 0 net.  Re-placed 0 instance.
INFO: [Physopt 32-775] End 1 Pass. Optimized 0 net or cell. Created 0 new cell, deleted 0 existing cell and moved 0 existing cell
Netlist sorting complete. Time (s): cpu = 00:00:00 ; elapsed = 00:00:00.017 . Memory (MB): peak = 2387.652 ; gain = 0.000
Phase 10 Multi Cell Placement Optimization | Checksum: ad14caf4

Time (s): cpu = 00:01:19 ; elapsed = 00:00:50 . Memory (MB): peak = 2387.652 ; gain = 0.000

Phase 11 Rewire
INFO: [Physopt 32-246] Starting Signal Push optimization...
INFO: [Physopt 32-241] No nets found for rewiring () optimization.
INFO: [Physopt 32-232] Optimized 0 net. Created 0 new instance.
INFO: [Physopt 32-775] End 1 Pass. Optimized 0 net or cell. Created 0 new cell, deleted 0 existing cell and moved 0 existing cell
Netlist sorting complete. Time (s): cpu = 00:00:00 ; elapsed = 00:00:00.016 . Memory (MB): peak = 2387.652 ; gain = 0.000
Phase 11 Rewire | Checksum: ad14caf4

Time (s): cpu = 00:01:19 ; elapsed = 00:00:50 . Memory (MB): peak = 2387.652 ; gain = 0.000

Phase 12 Critical Cell Optimization
INFO: [Physopt 32-46] Identified 30 candidate nets for critical-cell optimization.
INFO: [Physopt 32-572] Net u_array/u_requant/q_r[23]_i_2_n_0 was not replicated.
Resolution: phys_opt_design can be forced to replicate a net driver using the option -force_replication_on_nets <list of net objects>.
INFO: [Physopt 32-572] Net u_array/u_requant/q_r[25]_i_3_n_0 was not replicated.
Resolution: phys_opt_design can be forced to replicate a net driver using the option -force_replication_on_nets <list of net objects>.
INFO: [Physopt 32-572] Net u_array/u_requant/q_r[37]_i_4_n_0 was not replicated.
Resolution: phys_opt_design can be forced to replicate a net driver using the option -force_replication_on_nets <list of net objects>.
INFO: [Physopt 32-572] Net u_array/u_requant/q_r[28]_i_4_n_0 was not replicated.
Resolution: phys_opt_design can be forced to replicate a net driver using the option -force_replication_on_nets <list of net objects>.
INFO: [Physopt 32-572] Net u_array/u_requant/q_r[29]_i_4_n_0 was not replicated.
Resolution: phys_opt_design can be forced to replicate a net driver using the option -force_replication_on_nets <list of net objects>.
INFO: [Physopt 32-572] Net u_array/u_requant/q_r[17]_i_2_n_0 was not replicated.
Resolution: phys_opt_design can be forced to replicate a net driver using the option -force_replication_on_nets <list of net objects>.
INFO: [Physopt 32-572] Net u_array/u_requant/q_r[30]_i_4_n_0 was not replicated.
Resolution: phys_opt_design can be forced to replicate a net driver using the option -force_replication_on_nets <list of net objects>.
INFO: [Physopt 32-572] Net u_array/u_requant/q_r[27]_i_2_n_0 was not replicated.
Resolution: phys_opt_design can be forced to replicate a net driver using the option -force_replication_on_nets <list of net objects>.
INFO: [Physopt 32-572] Net u_array/u_requant/q_r[27]_i_3_n_0 was not replicated.
Resolution: phys_opt_design can be forced to replicate a net driver using the option -force_replication_on_nets <list of net objects>.
INFO: [Physopt 32-572] Net u_array/u_requant/q_r[31]_i_4_n_0_repN was not replicated.
Resolution: phys_opt_design can be forced to replicate a net driver using the option -force_replication_on_nets <list of net objects>.
INFO: [Physopt 32-572] Net u_array/u_requant/q_r[38]_i_4_n_0 was not replicated.
Resolution: phys_opt_design can be forced to replicate a net driver using the option -force_replication_on_nets <list of net objects>.
INFO: [Physopt 32-572] Net u_array/u_requant/q_r[21]_i_2_n_0 was not replicated.
Resolution: phys_opt_design can be forced to replicate a net driver using the option -force_replication_on_nets <list of net objects>.
INFO: [Physopt 32-572] Net u_array/u_requant/q_r[25]_i_2_n_0 was not replicated.
Resolution: phys_opt_design can be forced to replicate a net driver using the option -force_replication_on_nets <list of net objects>.
INFO: [Physopt 32-572] Net u_array/u_requant/q_r[29]_i_3_n_0 was not replicated.
Resolution: phys_opt_design can be forced to replicate a net driver using the option -force_replication_on_nets <list of net objects>.
INFO: [Physopt 32-572] Net u_array/u_requant/q_r[17]_i_4_n_0 was not replicated.
Resolution: phys_opt_design can be forced to replicate a net driver using the option -force_replication_on_nets <list of net objects>.
INFO: [Physopt 32-572] Net u_array/u_requant/q_r[3]_i_2_n_0 was not replicated.
Resolution: phys_opt_design can be forced to replicate a net driver using the option -force_replication_on_nets <list of net objects>.
INFO: [Physopt 32-572] Net u_array/u_requant/q_r[5]_i_3_n_0 was not replicated.
Resolution: phys_opt_design can be forced to replicate a net driver using the option -force_replication_on_nets <list of net objects>.
INFO: [Physopt 32-572] Net u_array/u_requant/q_r[32]_i_4_n_0 was not replicated.
Resolution: phys_opt_design can be forced to replicate a net driver using the option -force_replication_on_nets <list of net objects>.
INFO: [Physopt 32-572] Net u_array/u_requant/q_r[18]_i_2_n_0 was not replicated.
Resolution: phys_opt_design can be forced to replicate a net driver using the option -force_replication_on_nets <list of net objects>.
INFO: [Physopt 32-572] Net u_array/u_requant/q_r[20]_i_3_n_0 was not replicated.
Resolution: phys_opt_design can be forced to replicate a net driver using the option -force_replication_on_nets <list of net objects>.
INFO: [Physopt 32-81] Processed net u_array/u_requant/q_r[33]_i_3_n_0. Replicated 1 times.
INFO: [Physopt 32-572] Net u_array/u_requant/q_r[37]_i_4_n_0_repN was not replicated.
Resolution: phys_opt_design can be forced to replicate a net driver using the option -force_replication_on_nets <list of net objects>.
INFO: [Physopt 32-572] Net u_array/u_requant/q_r[35]_i_4_n_0 was not replicated.
Resolution: phys_opt_design can be forced to replicate a net driver using the option -force_replication_on_nets <list of net objects>.
INFO: [Physopt 32-572] Net u_array/u_requant/q_r[36]_i_4_n_0 was not replicated.
Resolution: phys_opt_design can be forced to replicate a net driver using the option -force_replication_on_nets <list of net objects>.
INFO: [Physopt 32-572] Net u_array/u_requant/q_r[21]_i_4_n_0 was not replicated.
Resolution: phys_opt_design can be forced to replicate a net driver using the option -force_replication_on_nets <list of net objects>.
INFO: [Physopt 32-572] Net u_array/u_requant/q_r[19]_i_2_n_0 was not replicated.
Resolution: phys_opt_design can be forced to replicate a net driver using the option -force_replication_on_nets <list of net objects>.
INFO: [Physopt 32-572] Net u_array/u_requant/q_r[21]_i_3_n_0 was not replicated.
Resolution: phys_opt_design can be forced to replicate a net driver using the option -force_replication_on_nets <list of net objects>.
INFO: [Physopt 32-81] Processed net u_array/u_requant/q_r[34]_i_2_n_0. Replicated 1 times.
INFO: [Physopt 32-572] Net u_array/u_requant/q_r[36]_i_3_n_0 was not replicated.
Resolution: phys_opt_design can be forced to replicate a net driver using the option -force_replication_on_nets <list of net objects>.
INFO: [Physopt 32-572] Net u_array/u_requant/q_r[40]_i_4_n_0 was not replicated.
Resolution: phys_opt_design can be forced to replicate a net driver using the option -force_replication_on_nets <list of net objects>.
INFO: [Physopt 32-232] Optimized 2 nets. Created 2 new instances.
INFO: [Physopt 32-775] End 1 Pass. Optimized 2 nets or cells. Created 2 new cells, deleted 0 existing cell and moved 0 existing cell
INFO: [Physopt 32-619] Estimated Timing Summary | WNS=-0.603 | TNS=-50.444 |
Netlist sorting complete. Time (s): cpu = 00:00:00 ; elapsed = 00:00:00.021 . Memory (MB): peak = 2387.652 ; gain = 0.000
Phase 12 Critical Cell Optimization | Checksum: 13f57c044

Time (s): cpu = 00:01:29 ; elapsed = 00:00:56 . Memory (MB): peak = 2387.652 ; gain = 0.000

Phase 13 SLR Crossing Optimization
Phase 13 SLR Crossing Optimization | Checksum: 13f57c044

Time (s): cpu = 00:01:29 ; elapsed = 00:00:56 . Memory (MB): peak = 2387.652 ; gain = 0.000

Phase 14 Fanout Optimization
INFO: [Physopt 32-76] Pass 1. Identified 1 candidate net for fanout optimization.
INFO: [Physopt 32-572] Net q_r_reg[63]_i_18_n_0_repN_2 was not replicated.
Resolution: phys_opt_design can be forced to replicate a net driver using the option -force_replication_on_nets <list of net objects>.
INFO: [Physopt 32-232] Optimized 0 net. Created 0 new instance.
INFO: [Physopt 32-775] End 1 Pass. Optimized 0 net or cell. Created 0 new cell, deleted 0 existing cell and moved 0 existing cell
Netlist sorting complete. Time (s): cpu = 00:00:00 ; elapsed = 00:00:00.016 . Memory (MB): peak = 2387.652 ; gain = 0.000
Phase 14 Fanout Optimization | Checksum: 1def20870

Time (s): cpu = 00:01:30 ; elapsed = 00:00:57 . Memory (MB): peak = 2387.652 ; gain = 0.000

Phase 15 Single Cell Placement Optimization
INFO: [Physopt 32-660] Identified 250 candidate nets for placement-based optimization.
INFO: [Physopt 32-662] Processed net u_array/u_requant/q_r[23]_i_2_n_0.  Did not re-place instance u_array/u_requant/q_r[23]_i_2
INFO: [Physopt 32-662] Processed net u_array/u_requant/q_r[25]_i_3_n_0.  Did not re-place instance u_array/u_requant/q_r[25]_i_3
INFO: [Physopt 32-662] Processed net u_array/u_requant/q_r[37]_i_4_n_0.  Did not re-place instance u_array/u_requant/q_r[37]_i_4
INFO: [Physopt 32-662] Processed net u_array/u_requant/q_r[23]_i_1_n_0.  Did not re-place instance u_array/u_requant/q_r[23]_i_1
INFO: [Physopt 32-662] Processed net u_array/u_requant/sticky_r_i_135_n_0.  Did not re-place instance u_array/u_requant/sticky_r_i_135
INFO: [Physopt 32-662] Processed net u_array/u_requant/p_0_in[16].  Did not re-place instance u_array/u_requant/q_r_reg[23]
INFO: [Physopt 32-662] Processed net u_array/u_requant/q_r[28]_i_4_n_0.  Did not re-place instance u_array/u_requant/q_r[28]_i_4
INFO: [Physopt 32-662] Processed net u_array/u_requant/q_r[14]_i_2_n_0.  Did not re-place instance u_array/u_requant/q_r[14]_i_2
INFO: [Physopt 32-662] Processed net u_array/u_requant/q_r[16]_i_3_n_0.  Did not re-place instance u_array/u_requant/q_r[16]_i_3
INFO: [Physopt 32-662] Processed net u_array/u_requant/q_r[14]_i_1_n_0.  Did not re-place instance u_array/u_requant/q_r[14]_i_1
INFO: [Physopt 32-662] Processed net u_array/u_requant/p_0_in[7].  Did not re-place instance u_array/u_requant/q_r_reg[14]
INFO: [Physopt 32-662] Processed net u_array/u_requant/q_r[13]_i_1_n_0.  Did not re-place instance u_array/u_requant/q_r[13]_i_1
INFO: [Physopt 32-662] Processed net u_array/u_requant/p_0_in[6].  Did not re-place instance u_array/u_requant/q_r_reg[13]
INFO: [Physopt 32-662] Processed net u_array/u_requant/q_r[36]_i_3_n_0.  Did not re-place instance u_array/u_requant/q_r[36]_i_3
INFO: [Physopt 32-663] Processed net u_array/u_requant/q_r[36]_i_2_n_0.  Re-placed instance u_array/u_requant/q_r[36]_i_2
INFO: [Physopt 32-662] Processed net u_array/u_requant/q_r[40]_i_4_n_0.  Did not re-place instance u_array/u_requant/q_r[40]_i_4
INFO: [Physopt 32-662] Processed net u_array/u_requant/p_0_in[28].  Did not re-place instance u_array/u_requant/q_r_reg[35]
INFO: [Physopt 32-662] Processed net u_array/u_requant/q_r[35]_i_1_n_0.  Did not re-place instance u_array/u_requant/q_r[35]_i_1
INFO: [Physopt 32-662] Processed net u_array/u_requant/q_r[29]_i_4_n_0.  Did not re-place instance u_array/u_requant/q_r[29]_i_4
INFO: [Physopt 32-662] Processed net u_array/u_requant/q_r[17]_i_2_n_0.  Did not re-place instance u_array/u_requant/q_r[17]_i_2
INFO: [Physopt 32-662] Processed net u_array/u_requant/q_r[17]_i_3_n_0.  Did not re-place instance u_array/u_requant/q_r[17]_i_3
INFO: [Physopt 32-662] Processed net u_array/u_requant/q_r[16]_i_1_n_0.  Did not re-place instance u_array/u_requant/q_r[16]_i_1
INFO: [Physopt 32-662] Processed net u_array/u_requant/p_0_in[9].  Did not re-place instance u_array/u_requant/q_r_reg[16]
INFO: [Physopt 32-662] Processed net u_array/u_requant/q_r[30]_i_4_n_0.  Did not re-place instance u_array/u_requant/q_r[30]_i_4
INFO: [Physopt 32-662] Processed net u_array/u_requant/q_r[16]_i_2_n_0.  Did not re-place instance u_array/u_requant/q_r[16]_i_2
INFO: [Physopt 32-662] Processed net u_array/u_requant/q_r[18]_i_3_n_0.  Did not re-place instance u_array/u_requant/q_r[18]_i_3
INFO: [Physopt 32-662] Processed net u_array/u_requant/p_0_in[26].  Did not re-place instance u_array/u_requant/q_r_reg[33]
INFO: [Physopt 32-662] Processed net u_array/u_requant/q_r[33]_i_1_n_0.  Did not re-place instance u_array/u_requant/q_r[33]_i_1
INFO: [Physopt 32-663] Processed net u_array/u_requant/q_r[34]_i_2_n_0_repN.  Re-placed instance u_array/u_requant/q_r[34]_i_2_replica
INFO: [Physopt 32-662] Processed net u_array/u_requant/q_r[22]_i_2_n_0.  Did not re-place instance u_array/u_requant/q_r[22]_i_2
INFO: [Physopt 32-662] Processed net u_array/u_requant/q_r[24]_i_3_n_0.  Did not re-place instance u_array/u_requant/q_r[24]_i_3
INFO: [Physopt 32-662] Processed net u_array/u_requant/q_r[22]_i_1_n_0.  Did not re-place instance u_array/u_requant/q_r[22]_i_1
INFO: [Physopt 32-662] Processed net u_array/u_requant/p_0_in[15].  Did not re-place instance u_array/u_requant/q_r_reg[22]
INFO: [Physopt 32-662] Processed net u_array/u_requant/sticky_r_i_132_n_0.  Did not re-place instance u_array/u_requant/sticky_r_i_132
INFO: [Physopt 32-662] Processed net u_array/u_requant/q_r[27]_i_2_n_0.  Did not re-place instance u_array/u_requant/q_r[27]_i_2
INFO: [Physopt 32-662] Processed net u_array/u_requant/q_r[27]_i_3_n_0.  Did not re-place instance u_array/u_requant/q_r[27]_i_3
INFO: [Physopt 32-662] Processed net u_array/u_requant/q_r[31]_i_4_n_0_repN.  Did not re-place instance u_array/u_requant/q_r[31]_i_4_replica
INFO: [Physopt 32-662] Processed net u_array/u_requant/q_r[27]_i_1_n_0.  Did not re-place instance u_array/u_requant/q_r[27]_i_1
INFO: [Physopt 32-662] Processed net u_array/u_requant/p_0_in[20].  Did not re-place instance u_array/u_requant/q_r_reg[27]
INFO: [Physopt 32-662] Processed net u_array/u_requant/q_r[38]_i_4_n_0.  Did not re-place instance u_array/u_requant/q_r[38]_i_4
INFO: [Physopt 32-662] Processed net u_array/u_requant/q_r[21]_i_2_n_0.  Did not re-place instance u_array/u_requant/q_r[21]_i_2
INFO: [Physopt 32-662] Processed net u_array/u_requant/q_r[23]_i_3_n_0.  Did not re-place instance u_array/u_requant/q_r[23]_i_3
INFO: [Physopt 32-662] Processed net u_array/u_requant/q_r[24]_i_2_n_0.  Did not re-place instance u_array/u_requant/q_r[24]_i_2
INFO: [Physopt 32-662] Processed net u_array/u_requant/q_r[25]_i_2_n_0.  Did not re-place instance u_array/u_requant/q_r[25]_i_2
INFO: [Physopt 32-662] Processed net u_array/u_requant/q_r[26]_i_3_n_0.  Did not re-place instance u_array/u_requant/q_r[26]_i_3
INFO: [Physopt 32-662] Processed net u_array/u_requant/p_0_in[18].  Did not re-place instance u_array/u_requant/q_r_reg[25]
INFO: [Physopt 32-662] Processed net u_array/u_requant/q_r[21]_i_1_n_0.  Did not re-place instance u_array/u_requant/q_r[21]_i_1
INFO: [Physopt 32-662] Processed net u_array/u_requant/q_r[25]_i_1_n_0.  Did not re-place instance u_array/u_requant/q_r[25]_i_1
INFO: [Physopt 32-662] Processed net u_array/u_requant/p_0_in[14].  Did not re-place instance u_array/u_requant/q_r_reg[21]
INFO: [Physopt 32-662] Processed net u_array/u_requant/q_r[37]_i_4_n_0_repN.  Did not re-place instance u_array/u_requant/q_r[37]_i_4_replica
INFO: [Physopt 32-662] Processed net u_array/u_requant/q_r[33]_i_2_n_0.  Did not re-place instance u_array/u_requant/q_r[33]_i_2
INFO: [Physopt 32-662] Processed net u_array/u_requant/q_r[32]_i_1_n_0.  Did not re-place instance u_array/u_requant/q_r[32]_i_1
INFO: [Physopt 32-663] Processed net u_array/u_requant/q_r[33]_i_3_n_0_repN.  Re-placed instance u_array/u_requant/q_r[33]_i_3_replica
INFO: [Physopt 32-662] Processed net u_array/u_requant/p_0_in[25].  Did not re-place instance u_array/u_requant/q_r_reg[32]
INFO: [Physopt 32-662] Processed net u_array/u_requant/q_r[35]_i_3_n_0.  Did not re-place instance u_array/u_requant/q_r[35]_i_3
INFO: [Physopt 32-662] Processed net u_array/u_requant/q_r[39]_i_4_n_0.  Did not re-place instance u_array/u_requant/q_r[39]_i_4
INFO: [Physopt 32-662] Processed net u_array/u_requant/p_0_in[17].  Did not re-place instance u_array/u_requant/q_r_reg[24]
INFO: [Physopt 32-662] Processed net u_array/u_requant/q_r[24]_i_1_n_0.  Did not re-place instance u_array/u_requant/q_r[24]_i_1
INFO: [Physopt 32-662] Processed net u_array/u_requant/p_0_in[10].  Did not re-place instance u_array/u_requant/q_r_reg[17]
INFO: [Physopt 32-662] Processed net u_array/u_requant/q_r[17]_i_1_n_0.  Did not re-place instance u_array/u_requant/q_r[17]_i_1
INFO: [Physopt 32-662] Processed net u_array/u_requant/q_r[26]_i_1_n_0.  Did not re-place instance u_array/u_requant/q_r[26]_i_1
INFO: [Physopt 32-662] Processed net u_array/u_requant/p_0_in[19].  Did not re-place instance u_array/u_requant/q_r_reg[26]
INFO: [Physopt 32-662] Processed net u_array/u_requant/q_r[19]_i_3_n_0.  Did not re-place instance u_array/u_requant/q_r[19]_i_3
INFO: [Physopt 32-662] Processed net u_array/u_requant/q_r[31]_i_4_n_0.  Did not re-place instance u_array/u_requant/q_r[31]_i_4
INFO: [Physopt 32-662] Processed net u_array/u_requant/q_r[29]_i_3_n_0.  Did not re-place instance u_array/u_requant/q_r[29]_i_3
INFO: [Physopt 32-662] Processed net u_array/u_requant/q_r[33]_i_4_n_0.  Did not re-place instance u_array/u_requant/q_r[33]_i_4
INFO: [Physopt 32-662] Processed net u_array/u_requant/sticky_r_i_128_n_0.  Did not re-place instance u_array/u_requant/sticky_r_i_128
INFO: [Physopt 32-662] Processed net u_array/u_requant/q_r[15]_i_2_n_0.  Did not re-place instance u_array/u_requant/q_r[15]_i_2
INFO: [Physopt 32-662] Processed net u_array/u_requant/q_r[17]_i_4_n_0.  Did not re-place instance u_array/u_requant/q_r[17]_i_4
INFO: [Physopt 32-662] Processed net u_array/u_requant/q_r[3]_i_2_n_0.  Did not re-place instance u_array/u_requant/q_r[3]_i_2
INFO: [Physopt 32-662] Processed net u_array/u_requant/q_r[5]_i_3_n_0.  Did not re-place instance u_array/u_requant/q_r[5]_i_3
INFO: [Physopt 32-662] Processed net u_array/u_requant/q_r[2]_i_1_n_0.  Did not re-place instance u_array/u_requant/q_r[2]_i_1
INFO: [Physopt 32-662] Processed net u_array/u_requant/q_r_reg_n_0_[2].  Did not re-place instance u_array/u_requant/q_r_reg[2]
INFO: [Physopt 32-662] Processed net u_array/u_requant/q_r[32]_i_4_n_0.  Did not re-place instance u_array/u_requant/q_r[32]_i_4
INFO: [Physopt 32-662] Processed net u_array/u_requant/q_r[18]_i_2_n_0.  Did not re-place instance u_array/u_requant/q_r[18]_i_2
INFO: [Physopt 32-662] Processed net u_array/u_requant/q_r[20]_i_3_n_0.  Did not re-place instance u_array/u_requant/q_r[20]_i_3
INFO: [Physopt 32-662] Processed net u_array/u_requant/q_r[31]_i_2_n_0.  Did not re-place instance u_array/u_requant/q_r[31]_i_2
INFO: [Physopt 32-662] Processed net u_array/u_requant/q_r[31]_i_1_n_0.  Did not re-place instance u_array/u_requant/q_r[31]_i_1
INFO: [Physopt 32-662] Processed net u_array/u_requant/q_r[33]_i_3_n_0.  Did not re-place instance u_array/u_requant/q_r[33]_i_3
INFO: [Physopt 32-662] Processed net u_array/u_requant/p_0_in[24].  Did not re-place instance u_array/u_requant/q_r_reg[31]
INFO: [Physopt 32-662] Processed net u_array/u_requant/q_r[35]_i_4_n_0.  Did not re-place instance u_array/u_requant/q_r[35]_i_4
INFO: [Physopt 32-662] Processed net u_array/u_requant/q_r[36]_i_4_n_0.  Did not re-place instance u_array/u_requant/q_r[36]_i_4
INFO: [Physopt 32-662] Processed net u_array/u_requant/q_r[36]_i_1_n_0.  Did not re-place instance u_array/u_requant/q_r[36]_i_1
INFO: [Physopt 32-662] Processed net u_array/u_requant/p_0_in[29].  Did not re-place instance u_array/u_requant/q_r_reg[36]
INFO: [Physopt 32-662] Processed net u_array/u_requant/q_r[21]_i_4_n_0.  Did not re-place instance u_array/u_requant/q_r[21]_i_4
INFO: [Physopt 32-662] Processed net u_array/u_requant/q_r[34]_i_3_n_0.  Did not re-place instance u_array/u_requant/q_r[34]_i_3
INFO: [Physopt 32-662] Processed net u_array/u_requant/q_r[32]_i_2_n_0.  Did not re-place instance u_array/u_requant/q_r[32]_i_2
INFO: [Physopt 32-662] Processed net u_array/u_requant/q_r[38]_i_4_n_0_repN.  Did not re-place instance u_array/u_requant/q_r[38]_i_4_replica
INFO: [Physopt 32-662] Processed net u_array/u_requant/p_0_in[12].  Did not re-place instance u_array/u_requant/q_r_reg[19]
INFO: [Physopt 32-662] Processed net u_array/u_requant/q_r[19]_i_2_n_0.  Did not re-place instance u_array/u_requant/q_r[19]_i_2
INFO: [Physopt 32-662] Processed net u_array/u_requant/q_r[21]_i_3_n_0.  Did not re-place instance u_array/u_requant/q_r[21]_i_3
INFO: [Physopt 32-662] Processed net u_array/u_requant/q_r[19]_i_1_n_0.  Did not re-place instance u_array/u_requant/q_r[19]_i_1
INFO: [Physopt 32-662] Processed net u_array/u_requant/q_r[22]_i_4_n_0.  Did not re-place instance u_array/u_requant/q_r[22]_i_4
INFO: [Physopt 32-662] Processed net u_array/u_requant/q_r[10]_i_3_n_0.  Did not re-place instance u_array/u_requant/q_r[10]_i_3
INFO: [Physopt 32-662] Processed net u_array/u_requant/q_r[8]_i_2_n_0.  Did not re-place instance u_array/u_requant/q_r[8]_i_2
INFO: [Physopt 32-662] Processed net u_array/u_requant/q_r[7]_i_1_n_0.  Did not re-place instance u_array/u_requant/q_r[7]_i_1
INFO: [Physopt 32-662] Processed net u_array/u_requant/p_0_in[0].  Did not re-place instance u_array/u_requant/q_r_reg[7]
INFO: [Physopt 32-662] Processed net u_array/u_requant/q_r[23]_i_4_n_0.  Did not re-place instance u_array/u_requant/q_r[23]_i_4
INFO: [Physopt 32-662] Processed net u_array/u_requant/q_r[41]_i_5_n_0.  Did not re-place instance u_array/u_requant/q_r[41]_i_5
INFO: [Physopt 32-662] Processed net u_array/u_requant/sticky_r_i_124_n_0.  Did not re-place instance u_array/u_requant/sticky_r_i_124
INFO: [Physopt 32-662] Processed net u_array/u_requant/q_r[27]_i_4_n_0.  Did not re-place instance u_array/u_requant/q_r[27]_i_4
INFO: [Physopt 32-662] Processed net u_array/u_requant/q_r[13]_i_2_n_0.  Did not re-place instance u_array/u_requant/q_r[13]_i_2
INFO: [Physopt 32-662] Processed net u_array/u_requant/q_r[15]_i_3_n_0.  Did not re-place instance u_array/u_requant/q_r[15]_i_3
INFO: [Physopt 32-662] Processed net u_array/u_requant/q_r[34]_i_4_n_0.  Did not re-place instance u_array/u_requant/q_r[34]_i_4
INFO: [Physopt 32-662] Processed net u_array/u_requant/p_0_in[34].  Did not re-place instance u_array/u_requant/q_r_reg[41]
INFO: [Physopt 32-662] Processed net u_array/u_requant/q_r[22]_i_3_n_0.  Did not re-place instance u_array/u_requant/q_r[22]_i_3
INFO: [Physopt 32-662] Processed net u_array/u_requant/q_r[26]_i_2_n_0.  Did not re-place instance u_array/u_requant/q_r[26]_i_2
INFO: [Physopt 32-662] Processed net u_array/u_requant/q_r[42]_i_2_n_0.  Did not re-place instance u_array/u_requant/q_r[42]_i_2
INFO: [Physopt 32-662] Processed net u_array/u_requant/q_r[44]_i_3_n_0.  Did not re-place instance u_array/u_requant/q_r[44]_i_3
INFO: [Physopt 32-662] Processed net u_array/u_requant/q_r[44]_i_4_n_0.  Did not re-place instance u_array/u_requant/q_r[44]_i_4
INFO: [Physopt 32-662] Processed net u_array/u_requant/q_r[41]_i_1_n_0.  Did not re-place instance u_array/u_requant/q_r[41]_i_1
INFO: [Physopt 32-662] Processed net u_array/u_requant/p_0_in[23].  Did not re-place instance u_array/u_requant/q_r_reg[30]
INFO: [Physopt 32-662] Processed net u_array/u_requant/q_r[30]_i_1_n_0.  Did not re-place instance u_array/u_requant/q_r[30]_i_1
INFO: [Physopt 32-662] Processed net u_array/u_requant/q_r[19]_i_4_n_0.  Did not re-place instance u_array/u_requant/q_r[19]_i_4
INFO: [Physopt 32-662] Processed net u_array/u_requant/q_r[5]_i_2_n_0.  Did not re-place instance u_array/u_requant/q_r[5]_i_2
INFO: [Physopt 32-662] Processed net u_array/u_requant/q_r[7]_i_3_n_0.  Did not re-place instance u_array/u_requant/q_r[7]_i_3
INFO: [Physopt 32-662] Processed net u_array/u_requant/q_r[4]_i_1_n_0.  Did not re-place instance u_array/u_requant/q_r[4]_i_1
INFO: [Physopt 32-662] Processed net u_array/u_requant/q_r_reg_n_0_[4].  Did not re-place instance u_array/u_requant/q_r_reg[4]
INFO: [Physopt 32-662] Processed net u_array/u_requant/q_r[37]_i_2_n_0.  Did not re-place instance u_array/u_requant/q_r[37]_i_2
INFO: [Physopt 32-662] Processed net u_array/u_requant/q_r[39]_i_3_n_0.  Did not re-place instance u_array/u_requant/q_r[39]_i_3
INFO: [Physopt 32-662] Processed net u_array/u_requant/q_r[43]_i_4_n_0.  Did not re-place instance u_array/u_requant/q_r[43]_i_4
INFO: [Physopt 32-662] Processed net u_array/u_requant/p_0_in[27].  Did not re-place instance u_array/u_requant/q_r_reg[34]
INFO: [Physopt 32-662] Processed net u_array/u_requant/q_r[34]_i_1_n_0.  Did not re-place instance u_array/u_requant/q_r[34]_i_1
INFO: [Physopt 32-663] Processed net u_array/u_requant/q_r[34]_i_2_n_0.  Re-placed instance u_array/u_requant/q_r[34]_i_2
INFO: [Physopt 32-662] Processed net u_array/u_requant/q_r[28]_i_2_n_0.  Did not re-place instance u_array/u_requant/q_r[28]_i_2
INFO: [Physopt 32-662] Processed net u_array/u_requant/q_r[30]_i_3_n_0.  Did not re-place instance u_array/u_requant/q_r[30]_i_3
INFO: [Physopt 32-662] Processed net u_array/u_requant/q_r[40]_i_5_n_0.  Did not re-place instance u_array/u_requant/q_r[40]_i_5
INFO: [Physopt 32-662] Processed net u_array/u_requant/q_r[44]_i_5_n_0.  Did not re-place instance u_array/u_requant/q_r[44]_i_5
INFO: [Physopt 32-662] Processed net u_array/u_requant/q_r[35]_i_2_n_0.  Did not re-place instance u_array/u_requant/q_r[35]_i_2
INFO: [Physopt 32-662] Processed net u_array/u_requant/q_r[37]_i_3_n_0.  Did not re-place instance u_array/u_requant/q_r[37]_i_3
INFO: [Physopt 32-662] Processed net u_array/u_requant/q_r[11]_i_3_n_0.  Did not re-place instance u_array/u_requant/q_r[11]_i_3
INFO: [Physopt 32-662] Processed net u_array/u_requant/q_r[9]_i_2_n_0.  Did not re-place instance u_array/u_requant/q_r[9]_i_2
INFO: [Physopt 32-662] Processed net u_array/u_requant/q_r[8]_i_1_n_0.  Did not re-place instance u_array/u_requant/q_r[8]_i_1
INFO: [Physopt 32-662] Processed net u_array/u_requant/p_0_in[1].  Did not re-place instance u_array/u_requant/q_r_reg[8]
INFO: [Physopt 32-662] Processed net u_array/u_requant/p_0_in[11].  Did not re-place instance u_array/u_requant/q_r_reg[18]
INFO: [Physopt 32-662] Processed net u_array/u_requant/q_r[39]_i_2_n_0.  Did not re-place instance u_array/u_requant/q_r[39]_i_2
INFO: [Physopt 32-662] Processed net u_array/u_requant/q_r[41]_i_3_n_0.  Did not re-place instance u_array/u_requant/q_r[41]_i_3
INFO: [Physopt 32-662] Processed net u_array/u_requant/q_r[41]_i_4_n_0.  Did not re-place instance u_array/u_requant/q_r[41]_i_4
INFO: [Physopt 32-662] Processed net u_array/u_requant/q_r[18]_i_1_n_0.  Did not re-place instance u_array/u_requant/q_r[18]_i_1
INFO: [Physopt 32-662] Processed net u_array/u_requant/q_r[38]_i_1_n_0.  Did not re-place instance u_array/u_requant/q_r[38]_i_1
INFO: [Physopt 32-662] Processed net u_array/u_requant/p_0_in[31].  Did not re-place instance u_array/u_requant/q_r_reg[38]
INFO: [Physopt 32-662] Processed net u_array/u_requant/q_r[15]_i_1_n_0.  Did not re-place instance u_array/u_requant/q_r[15]_i_1
INFO: [Physopt 32-662] Processed net u_array/u_requant/p_0_in[8].  Did not re-place instance u_array/u_requant/q_r_reg[15]
INFO: [Physopt 32-662] Processed net u_array/u_requant/q_r[12]_i_1_n_0.  Did not re-place instance u_array/u_requant/q_r[12]_i_1
INFO: [Physopt 32-662] Processed net u_array/u_requant/p_0_in[5].  Did not re-place instance u_array/u_requant/q_r_reg[12]
INFO: [Physopt 32-662] Processed net u_array/u_requant/q_r[24]_i_4_n_0.  Did not re-place instance u_array/u_requant/q_r[24]_i_4
INFO: [Physopt 32-662] Processed net u_array/u_requant/p_0_in[3].  Did not re-place instance u_array/u_requant/q_r_reg[10]
INFO: [Physopt 32-662] Processed net u_array/u_requant/q_r[10]_i_2_n_0.  Did not re-place instance u_array/u_requant/q_r[10]_i_2
INFO: [Physopt 32-662] Processed net u_array/u_requant/q_r[12]_i_3_n_0.  Did not re-place instance u_array/u_requant/q_r[12]_i_3
INFO: [Physopt 32-662] Processed net u_array/u_requant/q_r[10]_i_1_n_0.  Did not re-place instance u_array/u_requant/q_r[10]_i_1
INFO: [Physopt 32-662] Processed net u_array/u_requant/q_r[28]_i_3_n_0.  Did not re-place instance u_array/u_requant/q_r[28]_i_3
INFO: [Physopt 32-662] Processed net u_array/u_requant/q_r[29]_i_2_n_0.  Did not re-place instance u_array/u_requant/q_r[29]_i_2
INFO: [Physopt 32-662] Processed net u_array/u_requant/q_r[31]_i_3_n_0.  Did not re-place instance u_array/u_requant/q_r[31]_i_3
INFO: [Physopt 32-662] Processed net u_array/u_requant/p_0_in[22].  Did not re-place instance u_array/u_requant/q_r_reg[29]
INFO: [Physopt 32-662] Processed net u_array/u_requant/q_r[29]_i_1_n_0.  Did not re-place instance u_array/u_requant/q_r[29]_i_1
INFO: [Physopt 32-662] Processed net u_array/u_requant/sticky_r_i_98_n_0.  Did not re-place instance u_array/u_requant/sticky_r_i_98
INFO: [Physopt 32-662] Processed net u_array/u_requant/q_r[43]_i_2_n_0.  Did not re-place instance u_array/u_requant/q_r[43]_i_2
INFO: [Physopt 32-662] Processed net u_array/u_requant/q_r[45]_i_3_n_0.  Did not re-place instance u_array/u_requant/q_r[45]_i_3
INFO: [Physopt 32-662] Processed net u_array/u_requant/q_r[45]_i_4_n_0.  Did not re-place instance u_array/u_requant/q_r[45]_i_4
INFO: [Physopt 32-662] Processed net u_array/u_requant/q_r[43]_i_1_n_0.  Did not re-place instance u_array/u_requant/q_r[43]_i_1
INFO: [Physopt 32-662] Processed net u_array/u_requant/p_0_in[36].  Did not re-place instance u_array/u_requant/q_r_reg[43]
INFO: [Physopt 32-662] Processed net u_array/u_requant/q_r[25]_i_4_n_0.  Did not re-place instance u_array/u_requant/q_r[25]_i_4
INFO: [Physopt 32-662] Processed net u_array/u_requant/q_r[13]_i_3_n_0.  Did not re-place instance u_array/u_requant/q_r[13]_i_3
INFO: [Physopt 32-662] Processed net u_array/u_requant/q_r[46]_i_5_n_0.  Did not re-place instance u_array/u_requant/q_r[46]_i_5
INFO: [Physopt 32-662] Processed net u_array/u_requant/sticky_r_i_58_n_0.  Did not re-place instance u_array/u_requant/sticky_r_i_58
INFO: [Physopt 32-662] Processed net u_array/u_requant/p_0_in[2].  Did not re-place instance u_array/u_requant/q_r_reg[9]
INFO: [Physopt 32-662] Processed net u_array/u_requant/q_r[9]_i_1_n_0.  Did not re-place instance u_array/u_requant/q_r[9]_i_1
INFO: [Physopt 32-662] Processed net u_array/u_requant/q_r[30]_i_2_n_0.  Did not re-place instance u_array/u_requant/q_r[30]_i_2
INFO: [Physopt 32-662] Processed net u_array/u_requant/q_r[32]_i_3_n_0.  Did not re-place instance u_array/u_requant/q_r[32]_i_3
INFO: [Physopt 32-662] Processed net u_array/u_requant/sticky_r_i_106_n_0.  Did not re-place instance u_array/u_requant/sticky_r_i_106
INFO: [Physopt 32-662] Processed net u_array/u_requant/q_r[4]_i_2_n_0.  Did not re-place instance u_array/u_requant/q_r[4]_i_2
INFO: [Physopt 32-662] Processed net u_array/u_requant/q_r[6]_i_3_n_0.  Did not re-place instance u_array/u_requant/q_r[6]_i_3
INFO: [Physopt 32-662] Processed net u_array/u_requant/p_0_in[13].  Did not re-place instance u_array/u_requant/q_r_reg[20]
INFO: [Physopt 32-662] Processed net u_array/u_requant/q_r[20]_i_1_n_0.  Did not re-place instance u_array/u_requant/q_r[20]_i_1
INFO: [Physopt 32-662] Processed net u_array/u_requant/q_r[18]_i_4_n_0.  Did not re-place instance u_array/u_requant/q_r[18]_i_4
INFO: [Physopt 32-662] Processed net u_array/u_requant/sticky_r_i_104_n_0.  Did not re-place instance u_array/u_requant/sticky_r_i_104
INFO: [Physopt 32-662] Processed net u_array/u_requant/q_r[28]_i_1_n_0.  Did not re-place instance u_array/u_requant/q_r[28]_i_1
INFO: [Physopt 32-662] Processed net u_array/u_requant/p_0_in[21].  Did not re-place instance u_array/u_requant/q_r_reg[28]
INFO: [Physopt 32-662] Processed net u_array/u_requant/q_r[38]_i_3_n_0.  Did not re-place instance u_array/u_requant/q_r[38]_i_3
INFO: [Physopt 32-662] Processed net u_array/u_requant/q_r[42]_i_4_n_0.  Did not re-place instance u_array/u_requant/q_r[42]_i_4
INFO: [Physopt 32-662] Processed net u_array/u_requant/q_r[48]_i_3_n_0.  Did not re-place instance u_array/u_requant/q_r[48]_i_3
INFO: [Physopt 32-662] Processed net u_array/u_requant/q_r[40]_i_2_n_0.  Did not re-place instance u_array/u_requant/q_r[40]_i_2
INFO: [Physopt 32-662] Processed net u_array/u_requant/q_r[42]_i_3_n_0.  Did not re-place instance u_array/u_requant/q_r[42]_i_3
INFO: [Physopt 32-662] Processed net u_array/u_requant/q_r[46]_i_4_n_0.  Did not re-place instance u_array/u_requant/q_r[46]_i_4
INFO: [Physopt 32-662] Processed net u_array/u_requant/q_r[40]_i_1_n_0.  Did not re-place instance u_array/u_requant/q_r[40]_i_1
INFO: [Physopt 32-662] Processed net u_array/u_requant/p_0_in[33].  Did not re-place instance u_array/u_requant/q_r_reg[40]
INFO: [Physopt 32-662] Processed net u_array/u_requant/q_r[3]_i_1_n_0.  Did not re-place instance u_array/u_requant/q_r[3]_i_1
INFO: [Physopt 32-662] Processed net u_array/u_requant/q_r_reg_n_0_[3].  Did not re-place instance u_array/u_requant/q_r_reg[3]
INFO: [Physopt 32-662] Processed net u_array/u_requant/q_r[20]_i_2_n_0.  Did not re-place instance u_array/u_requant/q_r[20]_i_2
INFO: [Physopt 32-662] Processed net u_array/u_requant/q_r[16]_i_4_n_0.  Did not re-place instance u_array/u_requant/q_r[16]_i_4
INFO: [Physopt 32-662] Processed net u_array/u_requant/q_r[47]_i_3_n_0.  Did not re-place instance u_array/u_requant/q_r[47]_i_3
INFO: [Physopt 32-662] Processed net u_array/u_requant/q_r[41]_i_2_n_0.  Did not re-place instance u_array/u_requant/q_r[41]_i_2
INFO: [Physopt 32-662] Processed net u_array/u_requant/q_r[43]_i_3_n_0.  Did not re-place instance u_array/u_requant/q_r[43]_i_3
INFO: [Physopt 32-662] Processed net u_array/u_requant/sticky_r_i_108_n_0.  Did not re-place instance u_array/u_requant/sticky_r_i_108
INFO: [Physopt 32-662] Processed net u_array/u_requant/q_r[7]_i_2_n_0.  Did not re-place instance u_array/u_requant/q_r[7]_i_2
INFO: [Physopt 32-662] Processed net u_array/u_requant/q_r[9]_i_3_n_0.  Did not re-place instance u_array/u_requant/q_r[9]_i_3
INFO: [Physopt 32-662] Processed net u_array/u_requant/p_0_in[32].  Did not re-place instance u_array/u_requant/q_r_reg[39]
INFO: [Physopt 32-662] Processed net u_array/u_requant/q_r[39]_i_1_n_0.  Did not re-place instance u_array/u_requant/q_r[39]_i_1
INFO: [Physopt 32-662] Processed net u_array/u_requant/q_r[44]_i_2_n_0.  Did not re-place instance u_array/u_requant/q_r[44]_i_2
INFO: [Physopt 32-662] Processed net u_array/u_requant/q_r[38]_i_2_n_0.  Did not re-place instance u_array/u_requant/q_r[38]_i_2
INFO: [Physopt 32-662] Processed net u_array/u_requant/q_r[40]_i_3_n_0.  Did not re-place instance u_array/u_requant/q_r[40]_i_3
INFO: [Physopt 32-662] Processed net u_array/u_requant/q_r[37]_i_1_n_0.  Did not re-place instance u_array/u_requant/q_r[37]_i_1
INFO: [Physopt 32-662] Processed net u_array/u_requant/p_0_in[30].  Did not re-place instance u_array/u_requant/q_r_reg[37]
INFO: [Physopt 32-662] Processed net u_array/u_requant/sticky_r_i_133_n_0.  Did not re-place instance u_array/u_requant/sticky_r_i_133
INFO: [Physopt 32-662] Processed net u_array/u_requant/sticky_r_i_134_n_0.  Did not re-place instance u_array/u_requant/sticky_r_i_134
INFO: [Physopt 32-662] Processed net u_array/u_requant/sticky_r_i_129_n_0.  Did not re-place instance u_array/u_requant/sticky_r_i_129
INFO: [Physopt 32-662] Processed net u_array/u_requant/q_r[43]_i_5_n_0.  Did not re-place instance u_array/u_requant/q_r[43]_i_5
INFO: [Physopt 32-662] Processed net u_array/u_requant/sticky_r_i_54_n_0.  Did not re-place instance u_array/u_requant/sticky_r_i_54
INFO: [Physopt 32-662] Processed net u_array/u_requant/q_r[39]_i_5_n_0.  Did not re-place instance u_array/u_requant/q_r[39]_i_5
INFO: [Physopt 32-662] Processed net u_array/u_requant/sticky_r_i_130_n_0.  Did not re-place instance u_array/u_requant/sticky_r_i_130
INFO: [Physopt 32-662] Processed net u_array/u_addrgen/k_len_c[1].  Did not re-place instance u_array/u_addrgen/k_len_c_reg[1]
INFO: [Physopt 32-662] Processed net u_array/u_addrgen/FSM_sequential_state[2]_i_2_n_0.  Did not re-place instance u_array/u_addrgen/FSM_sequential_state[2]_i_2
INFO: [Physopt 32-662] Processed net u_array/u_addrgen/FSM_sequential_state[2]_i_1_n_0.  Did not re-place instance u_array/u_addrgen/FSM_sequential_state[2]_i_1
INFO: [Physopt 32-662] Processed net u_array/u_addrgen/n_loc[15]_i_18_n_0.  Did not re-place instance u_array/u_addrgen/n_loc[15]_i_18
INFO: [Physopt 32-662] Processed net u_array/u_addrgen/n_loc[15]_i_47_n_0.  Did not re-place instance u_array/u_addrgen/n_loc[15]_i_47
INFO: [Physopt 32-662] Processed net u_array/u_addrgen/state[2].  Did not re-place instance u_array/u_addrgen/FSM_sequential_state_reg[2]
INFO: [Physopt 32-662] Processed net u_array/u_requant/q_r[12]_i_2_n_0.  Did not re-place instance u_array/u_requant/q_r[12]_i_2
INFO: [Physopt 32-662] Processed net u_array/u_requant/q_r[14]_i_3_n_0.  Did not re-place instance u_array/u_requant/q_r[14]_i_3
INFO: [Physopt 32-662] Processed net u_array/u_requant/q_r[11]_i_1_n_0.  Did not re-place instance u_array/u_requant/q_r[11]_i_1
INFO: [Physopt 32-662] Processed net u_array/u_requant/p_0_in[4].  Did not re-place instance u_array/u_requant/q_r_reg[11]
INFO: [Physopt 32-662] Processed net u_array/u_requant/q_r[5]_i_1_n_0.  Did not re-place instance u_array/u_requant/q_r[5]_i_1
INFO: [Physopt 32-662] Processed net u_array/u_requant/q_r_reg_n_0_[5].  Did not re-place instance u_array/u_requant/q_r_reg[5]
INFO: [Physopt 32-662] Processed net u_array/u_requant/sticky_r_i_131_n_0.  Did not re-place instance u_array/u_requant/sticky_r_i_131
INFO: [Physopt 32-662] Processed net u_array/u_requant/q_r[44]_i_1_n_0.  Did not re-place instance u_array/u_requant/q_r[44]_i_1
INFO: [Physopt 32-662] Processed net u_array/u_requant/p_0_in[37].  Did not re-place instance u_array/u_requant/q_r_reg[44]
INFO: [Physopt 32-662] Processed net u_array/u_requant/q_r[26]_i_4_n_0.  Did not re-place instance u_array/u_requant/q_r[26]_i_4
INFO: [Physopt 32-662] Processed net u_array/u_requant/sticky_r_i_100_n_0.  Did not re-place instance u_array/u_requant/sticky_r_i_100
INFO: [Physopt 32-662] Processed net u_array/u_requant/q_r[11]_i_2_n_0.  Did not re-place instance u_array/u_requant/q_r[11]_i_2
INFO: [Physopt 32-662] Processed net u_array/u_requant/p_0_in[35].  Did not re-place instance u_array/u_requant/q_r_reg[42]
INFO: [Physopt 32-662] Processed net u_array/u_requant/q_r[42]_i_1_n_0.  Did not re-place instance u_array/u_requant/q_r[42]_i_1
INFO: [Physopt 32-662] Processed net u_array/u_requant/sticky_r_i_112_n_0.  Did not re-place instance u_array/u_requant/sticky_r_i_112
INFO: [Physopt 32-663] Processed net u_array/u_requant/q_r[6]_i_2_n_0.  Re-placed instance u_array/u_requant/q_r[6]_i_2
INFO: [Physopt 32-662] Processed net u_array/u_requant/q_r[8]_i_3_n_0.  Did not re-place instance u_array/u_requant/q_r[8]_i_3
INFO: [Physopt 32-662] Processed net u_array/u_requant/q_r[6]_i_1_n_0.  Did not re-place instance u_array/u_requant/q_r[6]_i_1
INFO: [Physopt 32-662] Processed net u_array/u_requant/q_r_reg_n_0_[6].  Did not re-place instance u_array/u_requant/q_r_reg[6]
INFO: [Physopt 32-663] Processed net u_array/u_addrgen/n_len_c[4].  Re-placed instance u_array/u_addrgen/n_len_c_reg[4]
INFO: [Physopt 32-662] Processed net u_array/u_addrgen/n_loc[15]_i_13_n_0.  Did not re-place instance u_array/u_addrgen/n_loc[15]_i_13
INFO: [Physopt 32-662] Processed net u_array/u_addrgen/n_loc[15]_i_36_n_0.  Did not re-place instance u_array/u_addrgen/n_loc[15]_i_36
INFO: [Physopt 32-662] Processed net u_array/u_requant/q_r[45]_i_5_n_0.  Did not re-place instance u_array/u_requant/q_r[45]_i_5
INFO: [Physopt 32-663] Processed net u_array/g_pe_row[13].g_pe_pair[1].u_pe/w_d3_r_reg[7]_0[0].  Re-placed instance u_array/g_pe_row[13].g_pe_pair[1].u_pe/w_d3_r_reg[0]
INFO: [Physopt 32-662] Processed net u_array/g_acc[27].u_acc_g/acc_r[19]_i_5__21_n_0.  Did not re-place instance u_array/g_acc[27].u_acc_g/acc_r[19]_i_5__21
INFO: [Physopt 32-662] Processed net u_array/g_acc[27].u_acc_g/p_1_in[27].  Did not re-place instance u_array/g_acc[27].u_acc_g/acc_r[27]_i_1__21
INFO: [Physopt 32-662] Processed net u_array/g_pe_row[13].g_pe_pair[1].u_pe/w_d3_r_reg[2]_2[0].  Did not re-place instance u_array/g_pe_row[13].g_pe_pair[1].u_pe/acc_r[11]_i_13__15
INFO: [Physopt 32-662] Processed net u_array/g_acc[27].u_acc_g/acc_q_w[6939].  Did not re-place instance u_array/g_acc[27].u_acc_g/acc_r_reg[27]
INFO: [Physopt 32-663] Processed net u_array/g_pe_row[15].g_pe_pair[2].u_pe/w_d3_r_reg[7]_0[3].  Re-placed instance u_array/g_pe_row[15].g_pe_pair[2].u_pe/w_d3_r_reg[3]
INFO: [Physopt 32-662] Processed net u_array/g_acc[31].u_acc_g/acc_r[211]_i_6__18_n_0.  Did not re-place instance u_array/g_acc[31].u_acc_g/acc_r[211]_i_6__18
INFO: [Physopt 32-662] Processed net u_array/g_acc[31].u_acc_g/p_1_in[223].  Did not re-place instance u_array/g_acc[31].u_acc_g/acc_r[223]_i_1__18
INFO: [Physopt 32-662] Processed net u_array/g_pe_row[15].g_pe_pair[2].u_pe/w_d3_r_reg[7]_3[0].  Did not re-place instance u_array/g_pe_row[15].g_pe_pair[2].u_pe/acc_r[207]_i_15__1
INFO: [Physopt 32-662] Processed net u_array/g_acc[31].u_acc_g/acc_q_w[8159].  Did not re-place instance u_array/g_acc[31].u_acc_g/acc_r_reg[223]
INFO: [Physopt 32-663] Processed net u_array/g_pe_row[1].g_pe_pair[1].u_pe/w_d3_r_reg[7]_0[4].  Re-placed instance u_array/g_pe_row[1].g_pe_pair[1].u_pe/w_d3_r_reg[4]
INFO: [Physopt 32-661] Optimized 9 nets.  Re-placed 9 instances.
INFO: [Physopt 32-775] End 1 Pass. Optimized 9 nets or cells. Created 0 new cell, deleted 0 existing cell and moved 9 existing cells
INFO: [Physopt 32-619] Estimated Timing Summary | WNS=-0.603 | TNS=-49.756 |
Netlist sorting complete. Time (s): cpu = 00:00:00 ; elapsed = 00:00:00.019 . Memory (MB): peak = 2387.652 ; gain = 0.000
Phase 15 Single Cell Placement Optimization | Checksum: 14c6faea5

Time (s): cpu = 00:01:41 ; elapsed = 00:01:03 . Memory (MB): peak = 2387.652 ; gain = 0.000

Phase 16 Multi Cell Placement Optimization
INFO: [Physopt 32-660] Identified 100 candidate nets for placement-based optimization.
INFO: [Physopt 32-662] Processed net u_array/u_requant/q_r[23]_i_2_n_0.  Did not re-place instance u_array/u_requant/q_r[23]_i_2/O
INFO: [Physopt 32-662] Processed net u_array/u_requant/q_r[25]_i_3_n_0.  Did not re-place instance u_array/u_requant/q_r[25]_i_3/O
INFO: [Physopt 32-662] Processed net u_array/u_requant/q_r[37]_i_4_n_0.  Did not re-place instance u_array/u_requant/q_r[37]_i_4/O
INFO: [Physopt 32-662] Processed net u_array/u_requant/q_r[23]_i_1_n_0.  Did not re-place instance u_array/u_requant/q_r[23]_i_1/O
INFO: [Physopt 32-662] Processed net u_array/u_requant/q_r[28]_i_4_n_0.  Did not re-place instance u_array/u_requant/q_r[28]_i_4/O
INFO: [Physopt 32-662] Processed net u_array/u_requant/q_r[14]_i_2_n_0.  Did not re-place instance u_array/u_requant/q_r[14]_i_2/O
INFO: [Physopt 32-662] Processed net u_array/u_requant/q_r[16]_i_3_n_0.  Did not re-place instance u_array/u_requant/q_r[16]_i_3/O
INFO: [Physopt 32-662] Processed net u_array/u_requant/q_r[14]_i_1_n_0.  Did not re-place instance u_array/u_requant/q_r[14]_i_1/O
INFO: [Physopt 32-662] Processed net u_array/u_requant/q_r[13]_i_1_n_0.  Did not re-place instance u_array/u_requant/q_r[13]_i_1/O
INFO: [Physopt 32-662] Processed net u_array/u_requant/q_r[29]_i_4_n_0.  Did not re-place instance u_array/u_requant/q_r[29]_i_4/O
INFO: [Physopt 32-662] Processed net u_array/u_requant/q_r[17]_i_2_n_0.  Did not re-place instance u_array/u_requant/q_r[17]_i_2/O
INFO: [Physopt 32-662] Processed net u_array/u_requant/q_r[17]_i_3_n_0.  Did not re-place instance u_array/u_requant/q_r[17]_i_3/O
INFO: [Physopt 32-662] Processed net u_array/u_requant/q_r[16]_i_1_n_0.  Did not re-place instance u_array/u_requant/q_r[16]_i_1/O
INFO: [Physopt 32-662] Processed net u_array/u_requant/q_r[30]_i_4_n_0.  Did not re-place instance u_array/u_requant/q_r[30]_i_4/O
INFO: [Physopt 32-662] Processed net u_array/u_requant/q_r[16]_i_2_n_0.  Did not re-place instance u_array/u_requant/q_r[16]_i_2/O
INFO: [Physopt 32-662] Processed net u_array/u_requant/q_r[18]_i_3_n_0.  Did not re-place instance u_array/u_requant/q_r[18]_i_3/O
INFO: [Physopt 32-662] Processed net u_array/u_requant/q_r[22]_i_2_n_0.  Did not re-place instance u_array/u_requant/q_r[22]_i_2/O
INFO: [Physopt 32-662] Processed net u_array/u_requant/q_r[24]_i_3_n_0.  Did not re-place instance u_array/u_requant/q_r[24]_i_3/O
INFO: [Physopt 32-662] Processed net u_array/u_requant/q_r[22]_i_1_n_0.  Did not re-place instance u_array/u_requant/q_r[22]_i_1/O
INFO: [Physopt 32-663] Processed net u_array/u_requant/q_r[36]_i_3_n_0.  Re-placed instance u_array/u_requant/q_r[36]_i_3/O
INFO: [Physopt 32-662] Processed net u_array/u_requant/q_r[40]_i_4_n_0.  Did not re-place instance u_array/u_requant/q_r[40]_i_4/O
INFO: [Physopt 32-662] Processed net u_array/u_requant/q_r[33]_i_1_n_0.  Did not re-place instance u_array/u_requant/q_r[33]_i_1/O
INFO: [Physopt 32-662] Processed net u_array/u_requant/q_r[34]_i_2_n_0_repN.  Did not re-place instance u_array/u_requant/q_r[34]_i_2_replica/O
INFO: [Physopt 32-662] Processed net u_array/u_requant/q_r[27]_i_2_n_0.  Did not re-place instance u_array/u_requant/q_r[27]_i_2/O
INFO: [Physopt 32-662] Processed net u_array/u_requant/q_r[27]_i_3_n_0.  Did not re-place instance u_array/u_requant/q_r[27]_i_3/O
INFO: [Physopt 32-662] Processed net u_array/u_requant/q_r[31]_i_4_n_0_repN.  Did not re-place instance u_array/u_requant/q_r[31]_i_4_replica/O
INFO: [Physopt 32-662] Processed net u_array/u_requant/q_r[27]_i_1_n_0.  Did not re-place instance u_array/u_requant/q_r[27]_i_1/O
INFO: [Physopt 32-662] Processed net u_array/u_requant/q_r[38]_i_4_n_0.  Did not re-place instance u_array/u_requant/q_r[38]_i_4/O
INFO: [Physopt 32-662] Processed net u_array/u_requant/q_r[21]_i_2_n_0.  Did not re-place instance u_array/u_requant/q_r[21]_i_2/O
INFO: [Physopt 32-662] Processed net u_array/u_requant/q_r[23]_i_3_n_0.  Did not re-place instance u_array/u_requant/q_r[23]_i_3/O
INFO: [Physopt 32-662] Processed net u_array/u_requant/q_r[24]_i_2_n_0.  Did not re-place instance u_array/u_requant/q_r[24]_i_2/O
INFO: [Physopt 32-662] Processed net u_array/u_requant/q_r[25]_i_2_n_0.  Did not re-place instance u_array/u_requant/q_r[25]_i_2/O
INFO: [Physopt 32-662] Processed net u_array/u_requant/q_r[26]_i_3_n_0.  Did not re-place instance u_array/u_requant/q_r[26]_i_3/O
INFO: [Physopt 32-662] Processed net u_array/u_requant/q_r[21]_i_1_n_0.  Did not re-place instance u_array/u_requant/q_r[21]_i_1/O
INFO: [Physopt 32-662] Processed net u_array/u_requant/q_r[25]_i_1_n_0.  Did not re-place instance u_array/u_requant/q_r[25]_i_1/O
INFO: [Physopt 32-662] Processed net u_array/u_requant/q_r[33]_i_2_n_0.  Did not re-place instance u_array/u_requant/q_r[33]_i_2/O
INFO: [Physopt 32-662] Processed net u_array/u_requant/q_r[35]_i_3_n_0.  Did not re-place instance u_array/u_requant/q_r[35]_i_3/O
INFO: [Physopt 32-662] Processed net u_array/u_requant/q_r[39]_i_4_n_0.  Did not re-place instance u_array/u_requant/q_r[39]_i_4/O
INFO: [Physopt 32-662] Processed net u_array/u_requant/q_r[32]_i_1_n_0.  Did not re-place instance u_array/u_requant/q_r[32]_i_1/O
INFO: [Physopt 32-662] Processed net u_array/u_requant/q_r[24]_i_1_n_0.  Did not re-place instance u_array/u_requant/q_r[24]_i_1/O
INFO: [Physopt 32-662] Processed net u_array/u_requant/q_r[17]_i_1_n_0.  Did not re-place instance u_array/u_requant/q_r[17]_i_1/O
INFO: [Physopt 32-662] Processed net u_array/u_requant/q_r[26]_i_1_n_0.  Did not re-place instance u_array/u_requant/q_r[26]_i_1/O
INFO: [Physopt 32-662] Processed net u_array/u_requant/q_r[19]_i_3_n_0.  Did not re-place instance u_array/u_requant/q_r[19]_i_3/O
INFO: [Physopt 32-662] Processed net u_array/u_requant/q_r[31]_i_4_n_0.  Did not re-place instance u_array/u_requant/q_r[31]_i_4/O
INFO: [Physopt 32-662] Processed net u_array/u_requant/q_r[29]_i_3_n_0.  Did not re-place instance u_array/u_requant/q_r[29]_i_3/O
INFO: [Physopt 32-662] Processed net u_array/u_requant/q_r[33]_i_4_n_0.  Did not re-place instance u_array/u_requant/q_r[33]_i_4/O
INFO: [Physopt 32-662] Processed net u_array/u_requant/q_r[15]_i_2_n_0.  Did not re-place instance u_array/u_requant/q_r[15]_i_2/O
INFO: [Physopt 32-662] Processed net u_array/u_requant/q_r[36]_i_2_n_0.  Did not re-place instance u_array/u_requant/q_r[36]_i_2/O
INFO: [Physopt 32-662] Processed net u_array/u_requant/q_r[36]_i_1_n_0.  Did not re-place instance u_array/u_requant/q_r[36]_i_1/O
INFO: [Physopt 32-662] Processed net u_array/u_requant/q_r[17]_i_4_n_0.  Did not re-place instance u_array/u_requant/q_r[17]_i_4/O
INFO: [Physopt 32-662] Processed net u_array/u_requant/q_r[3]_i_2_n_0.  Did not re-place instance u_array/u_requant/q_r[3]_i_2/O
INFO: [Physopt 32-662] Processed net u_array/u_requant/q_r[5]_i_3_n_0.  Did not re-place instance u_array/u_requant/q_r[5]_i_3/O
INFO: [Physopt 32-662] Processed net u_array/u_requant/q_r[2]_i_1_n_0.  Did not re-place instance u_array/u_requant/q_r[2]_i_1/O
INFO: [Physopt 32-662] Processed net u_array/u_requant/q_r[32]_i_4_n_0.  Did not re-place instance u_array/u_requant/q_r[32]_i_4/O
INFO: [Physopt 32-662] Processed net u_array/u_requant/q_r[18]_i_2_n_0.  Did not re-place instance u_array/u_requant/q_r[18]_i_2/O
INFO: [Physopt 32-662] Processed net u_array/u_requant/q_r[20]_i_3_n_0.  Did not re-place instance u_array/u_requant/q_r[20]_i_3/O
INFO: [Physopt 32-662] Processed net u_array/u_requant/q_r[37]_i_4_n_0_repN.  Did not re-place instance u_array/u_requant/q_r[37]_i_4_replica/O
INFO: [Physopt 32-662] Processed net u_array/u_requant/q_r[31]_i_2_n_0.  Did not re-place instance u_array/u_requant/q_r[31]_i_2/O
INFO: [Physopt 32-662] Processed net u_array/u_requant/q_r[31]_i_1_n_0.  Did not re-place instance u_array/u_requant/q_r[31]_i_1/O
INFO: [Physopt 32-662] Processed net u_array/u_requant/q_r[33]_i_3_n_0.  Did not re-place instance u_array/u_requant/q_r[33]_i_3/O
INFO: [Physopt 32-662] Processed net u_array/u_requant/q_r[35]_i_4_n_0.  Did not re-place instance u_array/u_requant/q_r[35]_i_4/O
INFO: [Physopt 32-662] Processed net u_array/u_requant/q_r[36]_i_4_n_0.  Did not re-place instance u_array/u_requant/q_r[36]_i_4/O
INFO: [Physopt 32-662] Processed net u_array/u_requant/q_r[21]_i_4_n_0.  Did not re-place instance u_array/u_requant/q_r[21]_i_4/O
INFO: [Physopt 32-662] Processed net u_array/u_requant/q_r[34]_i_3_n_0.  Did not re-place instance u_array/u_requant/q_r[34]_i_3/O
INFO: [Physopt 32-662] Processed net u_array/u_requant/q_r[32]_i_2_n_0.  Did not re-place instance u_array/u_requant/q_r[32]_i_2/O
INFO: [Physopt 32-662] Processed net u_array/u_requant/q_r[38]_i_4_n_0_repN.  Did not re-place instance u_array/u_requant/q_r[38]_i_4_replica/O
INFO: [Physopt 32-662] Processed net u_array/u_requant/q_r[19]_i_2_n_0.  Did not re-place instance u_array/u_requant/q_r[19]_i_2/O
INFO: [Physopt 32-662] Processed net u_array/u_requant/q_r[21]_i_3_n_0.  Did not re-place instance u_array/u_requant/q_r[21]_i_3/O
INFO: [Physopt 32-662] Processed net u_array/u_requant/q_r[19]_i_1_n_0.  Did not re-place instance u_array/u_requant/q_r[19]_i_1/O
INFO: [Physopt 32-662] Processed net u_array/u_requant/q_r[35]_i_1_n_0.  Did not re-place instance u_array/u_requant/q_r[35]_i_1/O
INFO: [Physopt 32-662] Processed net u_array/u_requant/q_r[22]_i_4_n_0.  Did not re-place instance u_array/u_requant/q_r[22]_i_4/O
INFO: [Physopt 32-662] Processed net u_array/u_requant/q_r[10]_i_3_n_0.  Did not re-place instance u_array/u_requant/q_r[10]_i_3/O
INFO: [Physopt 32-662] Processed net u_array/u_requant/q_r[8]_i_2_n_0.  Did not re-place instance u_array/u_requant/q_r[8]_i_2/O
INFO: [Physopt 32-662] Processed net u_array/u_requant/q_r[7]_i_1_n_0.  Did not re-place instance u_array/u_requant/q_r[7]_i_1/O
INFO: [Physopt 32-662] Processed net u_array/u_requant/q_r[23]_i_4_n_0.  Did not re-place instance u_array/u_requant/q_r[23]_i_4/O
INFO: [Physopt 32-662] Processed net u_array/u_requant/q_r[41]_i_5_n_0.  Did not re-place instance u_array/u_requant/q_r[41]_i_5/O
INFO: [Physopt 32-662] Processed net u_array/u_requant/q_r[27]_i_4_n_0.  Did not re-place instance u_array/u_requant/q_r[27]_i_4/O
INFO: [Physopt 32-661] Optimized 1 net.  Re-placed 3 instances.
INFO: [Physopt 32-775] End 1 Pass. Optimized 1 net or cell. Created 0 new cell, deleted 0 existing cell and moved 3 existing cells
INFO: [Physopt 32-619] Estimated Timing Summary | WNS=-0.603 | TNS=-49.895 |
Netlist sorting complete. Time (s): cpu = 00:00:00 ; elapsed = 00:00:00.017 . Memory (MB): peak = 2387.652 ; gain = 0.000
Phase 16 Multi Cell Placement Optimization | Checksum: 10e278421

Time (s): cpu = 00:01:56 ; elapsed = 00:01:12 . Memory (MB): peak = 2387.652 ; gain = 0.000

Phase 17 Rewire
INFO: [Physopt 32-246] Starting Signal Push optimization...
INFO: [Physopt 32-241] No nets found for rewiring () optimization.
INFO: [Physopt 32-232] Optimized 0 net. Created 0 new instance.
INFO: [Physopt 32-775] End 1 Pass. Optimized 0 net or cell. Created 0 new cell, deleted 0 existing cell and moved 0 existing cell
Netlist sorting complete. Time (s): cpu = 00:00:01 ; elapsed = 00:00:00.019 . Memory (MB): peak = 2387.652 ; gain = 0.000
Phase 17 Rewire | Checksum: 10e278421

Time (s): cpu = 00:01:57 ; elapsed = 00:01:13 . Memory (MB): peak = 2387.652 ; gain = 0.000

Phase 18 Critical Cell Optimization
INFO: [Physopt 32-46] Identified 30 candidate nets for critical-cell optimization.
INFO: [Physopt 32-572] Net u_array/u_requant/q_r[25]_i_3_n_0 was not replicated.
Resolution: phys_opt_design can be forced to replicate a net driver using the option -force_replication_on_nets <list of net objects>.
INFO: [Physopt 32-572] Net u_array/u_requant/q_r[16]_i_3_n_0 was not replicated.
Resolution: phys_opt_design can be forced to replicate a net driver using the option -force_replication_on_nets <list of net objects>.
INFO: [Physopt 32-572] Net u_array/u_requant/q_r[17]_i_2_n_0 was not replicated.
Resolution: phys_opt_design can be forced to replicate a net driver using the option -force_replication_on_nets <list of net objects>.
INFO: [Physopt 32-572] Net u_array/u_requant/q_r[18]_i_3_n_0 was not replicated.
Resolution: phys_opt_design can be forced to replicate a net driver using the option -force_replication_on_nets <list of net objects>.
INFO: [Physopt 32-572] Net u_array/u_requant/q_r[24]_i_3_n_0 was not replicated.
Resolution: phys_opt_design can be forced to replicate a net driver using the option -force_replication_on_nets <list of net objects>.
INFO: [Physopt 32-572] Net u_array/u_requant/q_r[36]_i_3_n_0 was not replicated.
Resolution: phys_opt_design can be forced to replicate a net driver using the option -force_replication_on_nets <list of net objects>.
INFO: [Physopt 32-572] Net u_array/u_requant/q_r[40]_i_4_n_0 was not replicated.
Resolution: phys_opt_design can be forced to replicate a net driver using the option -force_replication_on_nets <list of net objects>.
INFO: [Physopt 32-572] Net u_array/u_requant/q_r[27]_i_2_n_0 was not replicated.
Resolution: phys_opt_design can be forced to replicate a net driver using the option -force_replication_on_nets <list of net objects>.
INFO: [Physopt 32-572] Net u_array/u_requant/q_r[27]_i_3_n_0 was not replicated.
Resolution: phys_opt_design can be forced to replicate a net driver using the option -force_replication_on_nets <list of net objects>.
INFO: [Physopt 32-572] Net u_array/u_requant/q_r[21]_i_2_n_0 was not replicated.
Resolution: phys_opt_design can be forced to replicate a net driver using the option -force_replication_on_nets <list of net objects>.
INFO: [Physopt 32-572] Net u_array/u_requant/q_r[24]_i_2_n_0 was not replicated.
Resolution: phys_opt_design can be forced to replicate a net driver using the option -force_replication_on_nets <list of net objects>.
INFO: [Physopt 32-572] Net u_array/u_requant/q_r[25]_i_2_n_0 was not replicated.
Resolution: phys_opt_design can be forced to replicate a net driver using the option -force_replication_on_nets <list of net objects>.
INFO: [Physopt 32-572] Net u_array/u_requant/q_r[26]_i_3_n_0 was not replicated.
Resolution: phys_opt_design can be forced to replicate a net driver using the option -force_replication_on_nets <list of net objects>.
INFO: [Physopt 32-572] Net u_array/u_requant/q_r[33]_i_2_n_0 was not replicated.
Resolution: phys_opt_design can be forced to replicate a net driver using the option -force_replication_on_nets <list of net objects>.
INFO: [Physopt 32-572] Net u_array/u_requant/q_r[29]_i_3_n_0 was not replicated.
Resolution: phys_opt_design can be forced to replicate a net driver using the option -force_replication_on_nets <list of net objects>.
INFO: [Physopt 32-572] Net u_array/u_requant/q_r[36]_i_2_n_0 was not replicated.
Resolution: phys_opt_design can be forced to replicate a net driver using the option -force_replication_on_nets <list of net objects>.
INFO: [Physopt 32-572] Net u_array/u_requant/q_r[15]_i_2_n_0 was not replicated.
Resolution: phys_opt_design can be forced to replicate a net driver using the option -force_replication_on_nets <list of net objects>.
INFO: [Physopt 32-572] Net u_array/u_requant/q_r[18]_i_2_n_0 was not replicated.
Resolution: phys_opt_design can be forced to replicate a net driver using the option -force_replication_on_nets <list of net objects>.
INFO: [Physopt 32-572] Net u_array/u_requant/q_r[20]_i_3_n_0 was not replicated.
Resolution: phys_opt_design can be forced to replicate a net driver using the option -force_replication_on_nets <list of net objects>.
INFO: [Physopt 32-572] Net u_array/u_requant/q_r[37]_i_4_n_0_repN was not replicated.
Resolution: phys_opt_design can be forced to replicate a net driver using the option -force_replication_on_nets <list of net objects>.
INFO: [Physopt 32-572] Net u_array/u_requant/q_r[31]_i_2_n_0 was not replicated.
Resolution: phys_opt_design can be forced to replicate a net driver using the option -force_replication_on_nets <list of net objects>.
INFO: [Physopt 32-572] Net u_array/u_requant/q_r[34]_i_3_n_0 was not replicated.
Resolution: phys_opt_design can be forced to replicate a net driver using the option -force_replication_on_nets <list of net objects>.
INFO: [Physopt 32-572] Net u_array/u_requant/q_r[32]_i_2_n_0 was not replicated.
Resolution: phys_opt_design can be forced to replicate a net driver using the option -force_replication_on_nets <list of net objects>.
INFO: [Physopt 32-572] Net u_array/u_requant/q_r[22]_i_4_n_0 was not replicated.
Resolution: phys_opt_design can be forced to replicate a net driver using the option -force_replication_on_nets <list of net objects>.
INFO: [Physopt 32-572] Net u_array/u_requant/q_r[10]_i_3_n_0 was not replicated.
Resolution: phys_opt_design can be forced to replicate a net driver using the option -force_replication_on_nets <list of net objects>.
INFO: [Physopt 32-572] Net u_array/u_requant/q_r[8]_i_2_n_0 was not replicated.
Resolution: phys_opt_design can be forced to replicate a net driver using the option -force_replication_on_nets <list of net objects>.
INFO: [Physopt 32-572] Net u_array/u_requant/q_r[23]_i_4_n_0 was not replicated.
Resolution: phys_opt_design can be forced to replicate a net driver using the option -force_replication_on_nets <list of net objects>.
INFO: [Physopt 32-572] Net u_array/u_requant/q_r[41]_i_5_n_0 was not replicated.
Resolution: phys_opt_design can be forced to replicate a net driver using the option -force_replication_on_nets <list of net objects>.
INFO: [Physopt 32-572] Net u_array/u_requant/q_r[27]_i_4_n_0 was not replicated.
Resolution: phys_opt_design can be forced to replicate a net driver using the option -force_replication_on_nets <list of net objects>.
INFO: [Physopt 32-572] Net u_array/u_requant/q_r[13]_i_2_n_0 was not replicated.
Resolution: phys_opt_design can be forced to replicate a net driver using the option -force_replication_on_nets <list of net objects>.
INFO: [Physopt 32-232] Optimized 0 net. Created 0 new instance.
INFO: [Physopt 32-775] End 1 Pass. Optimized 0 net or cell. Created 0 new cell, deleted 0 existing cell and moved 0 existing cell
Netlist sorting complete. Time (s): cpu = 00:00:00 ; elapsed = 00:00:00.018 . Memory (MB): peak = 2387.652 ; gain = 0.000
Phase 18 Critical Cell Optimization | Checksum: 11680919f

Time (s): cpu = 00:02:06 ; elapsed = 00:01:18 . Memory (MB): peak = 2387.652 ; gain = 0.000

Phase 19 DSP Register Optimization
INFO: [Physopt 32-457] Pass 1. Identified 41 candidate cells for DSP register optimization.
INFO: [Physopt 32-666] Processed cell u_array/u_requant/prod_c_w__2. No change.
INFO: [Physopt 32-666] Processed cell u_array/g_pe_row[14].g_pe_pair[4].u_pe/u_dsp48. No change.
INFO: [Physopt 32-665] Processed cell u_array/g_pe_row[1].g_pe_pair[6].u_pe/u_dsp48. 34 registers were pushed out.
INFO: [Physopt 32-665] Processed cell u_array/g_pe_row[13].g_pe_pair[3].u_pe/u_dsp48. 34 registers were pushed out.
INFO: [Physopt 32-665] Processed cell u_array/g_pe_row[15].g_pe_pair[0].u_pe/u_dsp48. 34 registers were pushed out.
INFO: [Physopt 32-666] Processed cell u_array/u_requant/prod_c_w__0. No change.
INFO: [Physopt 32-665] Processed cell u_array/g_pe_row[15].g_pe_pair[7].u_pe/u_dsp48. 34 registers were pushed out.
INFO: [Physopt 32-665] Processed cell u_array/g_pe_row[12].g_pe_pair[2].u_pe/u_dsp48. 16 registers were pushed out.
INFO: [Physopt 32-665] Processed cell u_array/g_pe_row[1].g_pe_pair[2].u_pe/u_dsp48. 16 registers were pushed out.
INFO: [Physopt 32-665] Processed cell u_array/g_pe_row[11].g_pe_pair[4].u_pe/u_dsp48. 34 registers were pushed out.
INFO: [Physopt 32-666] Processed cell u_array/g_pe_row[0].g_pe_pair[0].u_pe/u_dsp48. No change.
INFO: [Physopt 32-665] Processed cell u_array/g_pe_row[8].g_pe_pair[6].u_pe/u_dsp48. 34 registers were pushed out.
INFO: [Physopt 32-665] Processed cell u_array/g_pe_row[7].g_pe_pair[5].u_pe/u_dsp48. 34 registers were pushed out.
INFO: [Physopt 32-665] Processed cell u_array/g_pe_row[11].g_pe_pair[0].u_pe/u_dsp48. 34 registers were pushed out.
INFO: [Physopt 32-665] Processed cell u_array/g_pe_row[12].g_pe_pair[0].u_pe/u_dsp48. 34 registers were pushed out.
INFO: [Physopt 32-666] Processed cell u_array/g_pe_row[8].g_pe_pair[7].u_pe/u_dsp48. No change.
INFO: [Physopt 32-666] Processed cell u_array/g_pe_row[1].g_pe_pair[1].u_pe/u_dsp48. No change.
INFO: [Physopt 32-665] Processed cell u_array/g_pe_row[2].g_pe_pair[5].u_pe/u_dsp48. 34 registers were pushed out.
INFO: [Physopt 32-665] Processed cell u_array/g_pe_row[11].g_pe_pair[3].u_pe/u_dsp48. 34 registers were pushed out.
INFO: [Physopt 32-665] Processed cell u_array/g_pe_row[13].g_pe_pair[2].u_pe/u_dsp48. 34 registers were pushed out.
INFO: [Physopt 32-665] Processed cell u_array/g_pe_row[15].g_pe_pair[4].u_pe/u_dsp48. 16 registers were pushed out.
INFO: [Physopt 32-666] Processed cell u_array/g_pe_row[2].g_pe_pair[6].u_pe/u_dsp48. No change.
INFO: [Physopt 32-666] Processed cell u_array/g_pe_row[4].g_pe_pair[6].u_pe/u_dsp48. No change.
INFO: [Physopt 32-665] Processed cell u_array/g_pe_row[12].g_pe_pair[6].u_pe/u_dsp48. 16 registers were pushed out.
INFO: [Physopt 32-666] Processed cell u_array/g_pe_row[12].g_pe_pair[2].u_pe/u_dsp48. No change.
INFO: [Physopt 32-665] Processed cell u_array/g_pe_row[12].g_pe_pair[5].u_pe/u_dsp48. 16 registers were pushed out.
INFO: [Physopt 32-665] Processed cell u_array/g_pe_row[0].g_pe_pair[1].u_pe/u_dsp48. 34 registers were pushed out.
INFO: [Physopt 32-665] Processed cell u_array/g_pe_row[10].g_pe_pair[4].u_pe/u_dsp48. 16 registers were pushed out.
INFO: [Physopt 32-666] Processed cell u_array/g_pe_row[9].g_pe_pair[3].u_pe/u_dsp48. No change.
INFO: [Physopt 32-665] Processed cell u_array/g_pe_row[5].g_pe_pair[4].u_pe/u_dsp48. 34 registers were pushed out.
INFO: [Physopt 32-665] Processed cell u_array/g_pe_row[0].g_pe_pair[7].u_pe/u_dsp48. 34 registers were pushed out.
INFO: [Physopt 32-665] Processed cell u_array/g_pe_row[8].g_pe_pair[6].u_pe/u_dsp48. 16 registers were pushed out.
INFO: [Physopt 32-666] Processed cell u_array/g_pe_row[11].g_pe_pair[2].u_pe/u_dsp48. No change.
INFO: [Physopt 32-666] Processed cell u_array/g_pe_row[9].g_pe_pair[0].u_pe/u_dsp48. No change.
INFO: [Physopt 32-665] Processed cell u_array/g_pe_row[9].g_pe_pair[4].u_pe/u_dsp48. 16 registers were pushed out.
INFO: [Physopt 32-665] Processed cell u_array/g_pe_row[2].g_pe_pair[3].u_pe/u_dsp48. 34 registers were pushed out.
INFO: [Physopt 32-666] Processed cell u_array/g_pe_row[12].g_pe_pair[7].u_pe/u_dsp48. No change.
INFO: [Physopt 32-665] Processed cell u_array/g_pe_row[5].g_pe_pair[1].u_pe/u_dsp48. 34 registers were pushed out.
INFO: [Physopt 32-665] Processed cell u_array/g_pe_row[4].g_pe_pair[4].u_pe/u_dsp48. 16 registers were pushed out.
INFO: [Physopt 32-666] Processed cell u_array/u_ctrl/rq_limit_r0. No change.
INFO: [Physopt 32-666] Processed cell u_array/g_pe_row[8].g_pe_pair[2].u_pe/u_dsp48. No change.
INFO: [Physopt 32-775] End 1 Pass. Optimized 26 nets or cells. Created 722 new cells, deleted 0 existing cell and moved 0 existing cell
INFO: [Physopt 32-619] Estimated Timing Summary | WNS=-0.603 | TNS=-49.804 |
Netlist sorting complete. Time (s): cpu = 00:00:00 ; elapsed = 00:00:00.139 . Memory (MB): peak = 2387.652 ; gain = 0.000
Phase 19 DSP Register Optimization | Checksum: 108ebd341

Time (s): cpu = 00:03:33 ; elapsed = 00:02:18 . Memory (MB): peak = 2387.652 ; gain = 0.000

Phase 20 BRAM Register Optimization
INFO: [Physopt 32-527] Pass 1: Identified 8 candidate cells for BRAM register optimization
INFO: [Physopt 32-665] Processed cell u_array/u_xbuf/u_bank1/U0/inst_blk_mem_gen/gnbram.gnativebmg.native_blk_mem_gen/valid.cstr/ramloop[2].ram.r/prim_noinit.ram/DEVICE_7SERIES.NO_BMM_INFO.SDP.SIMPLE_PRIM36.ram. 16 registers were pushed out.
INFO: [Physopt 32-665] Processed cell u_array/u_xbuf/u_bank1/U0/inst_blk_mem_gen/gnbram.gnativebmg.native_blk_mem_gen/valid.cstr/ramloop[3].ram.r/prim_noinit.ram/DEVICE_7SERIES.NO_BMM_INFO.SDP.SIMPLE_PRIM36.ram. 16 registers were pushed out.
INFO: [Physopt 32-665] Processed cell u_array/u_xbuf/u_bank0/U0/inst_blk_mem_gen/gnbram.gnativebmg.native_blk_mem_gen/valid.cstr/ramloop[6].ram.r/prim_noinit.ram/DEVICE_7SERIES.NO_BMM_INFO.SDP.WIDE_PRIM36_NO_ECC.ram. 64 registers were pushed out.
INFO: [Physopt 32-665] Processed cell u_array/u_xbuf/u_bank0/U0/inst_blk_mem_gen/gnbram.gnativebmg.native_blk_mem_gen/valid.cstr/ramloop[3].ram.r/prim_noinit.ram/DEVICE_7SERIES.NO_BMM_INFO.SDP.SIMPLE_PRIM36.ram. 16 registers were pushed out.
INFO: [Physopt 32-665] Processed cell u_array/u_xbuf/u_bank1/U0/inst_blk_mem_gen/gnbram.gnativebmg.native_blk_mem_gen/valid.cstr/ramloop[4].ram.r/prim_noinit.ram/DEVICE_7SERIES.NO_BMM_INFO.SDP.SIMPLE_PRIM36.ram. 16 registers were pushed out.
INFO: [Physopt 32-665] Processed cell u_array/u_xbuf/u_bank0/U0/inst_blk_mem_gen/gnbram.gnativebmg.native_blk_mem_gen/valid.cstr/ramloop[2].ram.r/prim_noinit.ram/DEVICE_7SERIES.NO_BMM_INFO.SDP.SIMPLE_PRIM36.ram. 16 registers were pushed out.
INFO: [Physopt 32-665] Processed cell u_array/u_xbuf/u_bank0/U0/inst_blk_mem_gen/gnbram.gnativebmg.native_blk_mem_gen/valid.cstr/ramloop[1].ram.r/prim_noinit.ram/DEVICE_7SERIES.NO_BMM_INFO.SDP.WIDE_PRIM36_NO_ECC.ram. 64 registers were pushed out.
INFO: [Physopt 32-665] Processed cell u_array/u_xbuf/u_bank1/U0/inst_blk_mem_gen/gnbram.gnativebmg.native_blk_mem_gen/valid.cstr/ramloop[0].ram.r/prim_noinit.ram/DEVICE_7SERIES.NO_BMM_INFO.SDP.SIMPLE_PRIM36.ram. 16 registers were pushed out.
INFO: [Physopt 32-775] End 1 Pass. Optimized 8 nets or cells. Created 224 new cells, deleted 0 existing cell and moved 0 existing cell
INFO: [Physopt 32-619] Estimated Timing Summary | WNS=-0.603 | TNS=-49.742 |
Netlist sorting complete. Time (s): cpu = 00:00:00 ; elapsed = 00:00:00.039 . Memory (MB): peak = 2387.652 ; gain = 0.000
Phase 20 BRAM Register Optimization | Checksum: b80eda2a

Time (s): cpu = 00:03:44 ; elapsed = 00:02:25 . Memory (MB): peak = 2387.652 ; gain = 0.000

Phase 21 URAM Register Optimization
INFO: [Physopt 32-846] No candidate cells for URAM register optimization found in the design
INFO: [Physopt 32-775] End 1 Pass. Optimized 0 net or cell. Created 0 new cell, deleted 0 existing cell and moved 0 existing cell
INFO: [Physopt 32-846] No candidate cells for URAM register optimization found in the design
INFO: [Physopt 32-775] End 1 Pass. Optimized 0 net or cell. Created 0 new cell, deleted 0 existing cell and moved 0 existing cell
Phase 21 URAM Register Optimization | Checksum: b80eda2a

Time (s): cpu = 00:03:44 ; elapsed = 00:02:25 . Memory (MB): peak = 2387.652 ; gain = 0.000

Phase 22 Shift Register Optimization
INFO: [Physopt 32-1401] No candidate cells found for Shift Register optimization.
INFO: [Physopt 32-677] No candidate cells for Shift Register optimization found in the design
INFO: [Physopt 32-775] End 1 Pass. Optimized 0 net or cell. Created 0 new cell, deleted 0 existing cell and moved 0 existing cell
Phase 22 Shift Register Optimization | Checksum: b80eda2a

Time (s): cpu = 00:03:44 ; elapsed = 00:02:25 . Memory (MB): peak = 2387.652 ; gain = 0.000

Phase 23 DSP Register Optimization
INFO: [Physopt 32-456] No candidate cells for DSP register optimization found in the design.
INFO: [Physopt 32-775] End 1 Pass. Optimized 0 net or cell. Created 0 new cell, deleted 0 existing cell and moved 0 existing cell
Phase 23 DSP Register Optimization | Checksum: b80eda2a

Time (s): cpu = 00:03:44 ; elapsed = 00:02:25 . Memory (MB): peak = 2387.652 ; gain = 0.000

Phase 24 BRAM Register Optimization
INFO: [Physopt 32-526] No candidate cells for BRAM register optimization found in the design
INFO: [Physopt 32-775] End 1 Pass. Optimized 0 net or cell. Created 0 new cell, deleted 0 existing cell and moved 0 existing cell
Phase 24 BRAM Register Optimization | Checksum: b80eda2a

Time (s): cpu = 00:03:44 ; elapsed = 00:02:25 . Memory (MB): peak = 2387.652 ; gain = 0.000

Phase 25 URAM Register Optimization
INFO: [Physopt 32-846] No candidate cells for URAM register optimization found in the design
INFO: [Physopt 32-775] End 1 Pass. Optimized 0 net or cell. Created 0 new cell, deleted 0 existing cell and moved 0 existing cell
INFO: [Physopt 32-846] No candidate cells for URAM register optimization found in the design
INFO: [Physopt 32-775] End 1 Pass. Optimized 0 net or cell. Created 0 new cell, deleted 0 existing cell and moved 0 existing cell
Phase 25 URAM Register Optimization | Checksum: b80eda2a

Time (s): cpu = 00:03:44 ; elapsed = 00:02:25 . Memory (MB): peak = 2387.652 ; gain = 0.000

Phase 26 Shift Register Optimization
INFO: [Physopt 32-1401] No candidate cells found for Shift Register optimization.
INFO: [Physopt 32-677] No candidate cells for Shift Register optimization found in the design
INFO: [Physopt 32-775] End 1 Pass. Optimized 0 net or cell. Created 0 new cell, deleted 0 existing cell and moved 0 existing cell
Phase 26 Shift Register Optimization | Checksum: b80eda2a

Time (s): cpu = 00:03:44 ; elapsed = 00:02:25 . Memory (MB): peak = 2387.652 ; gain = 0.000

Phase 27 Critical Pin Optimization
INFO: [Physopt 32-606] Identified 100 candidate nets for critical-pin optimization.
INFO: [Physopt 32-608] Optimized 53 nets.  Swapped 963 pins.
INFO: [Physopt 32-775] End 1 Pass. Optimized 53 nets or cells. Created 0 new cell, deleted 0 existing cell and moved 963 existing cells
INFO: [Physopt 32-619] Estimated Timing Summary | WNS=-0.324 | TNS=-37.223 |
Netlist sorting complete. Time (s): cpu = 00:00:00 ; elapsed = 00:00:00.017 . Memory (MB): peak = 2387.652 ; gain = 0.000
Phase 27 Critical Pin Optimization | Checksum: b80eda2a

Time (s): cpu = 00:03:45 ; elapsed = 00:02:25 . Memory (MB): peak = 2387.652 ; gain = 0.000

Phase 28 Very High Fanout Optimization
INFO: [Physopt 32-1408] Pass 1. Identified 1 candidate net for high-fanout optimization.
INFO: [Physopt 32-232] Optimized 0 net. Created 0 new instance.
INFO: [Physopt 32-775] End 1 Pass. Optimized 0 net or cell. Created 0 new cell, deleted 0 existing cell and moved 0 existing cell
Phase 28 Very High Fanout Optimization | Checksum: b80eda2a

Time (s): cpu = 00:03:45 ; elapsed = 00:02:25 . Memory (MB): peak = 2387.652 ; gain = 0.000

Phase 29 Single Cell Placement Optimization
INFO: [Physopt 32-660] Identified 250 candidate nets for placement-based optimization.
INFO: [Physopt 32-662] Processed net u_array/u_requant/q_r[19]_i_4_n_0.  Did not re-place instance u_array/u_requant/q_r[19]_i_4
INFO: [Physopt 32-662] Processed net u_array/u_requant/q_r[17]_i_2_n_0.  Did not re-place instance u_array/u_requant/q_r[17]_i_2
INFO: [Physopt 32-662] Processed net u_array/u_requant/q_r[19]_i_3_n_0.  Did not re-place instance u_array/u_requant/q_r[19]_i_3
INFO: [Physopt 32-662] Processed net u_array/u_requant/q_r[16]_i_1_n_0.  Did not re-place instance u_array/u_requant/q_r[16]_i_1
INFO: [Physopt 32-662] Processed net u_array/u_requant/sticky_r_i_135_n_0.  Did not re-place instance u_array/u_requant/sticky_r_i_135
INFO: [Physopt 32-662] Processed net u_array/u_requant/p_0_in[9].  Did not re-place instance u_array/u_requant/q_r_reg[16]
INFO: [Physopt 32-662] Processed net u_array/u_requant/q_r[17]_i_4_n_0.  Did not re-place instance u_array/u_requant/q_r[17]_i_4
INFO: [Physopt 32-662] Processed net u_array/u_requant/q_r[17]_i_3_n_0.  Did not re-place instance u_array/u_requant/q_r[17]_i_3
INFO: [Physopt 32-662] Processed net u_array/u_addrgen/k_len_c[1].  Did not re-place instance u_array/u_addrgen/k_len_c_reg[1]
INFO: [Physopt 32-662] Processed net u_array/u_addrgen/FSM_sequential_state[2]_i_2_n_0.  Did not re-place instance u_array/u_addrgen/FSM_sequential_state[2]_i_2
INFO: [Physopt 32-662] Processed net u_array/u_addrgen/FSM_sequential_state[2]_i_1_n_0.  Did not re-place instance u_array/u_addrgen/FSM_sequential_state[2]_i_1
INFO: [Physopt 32-662] Processed net u_array/u_addrgen/n_loc[15]_i_18_n_0.  Did not re-place instance u_array/u_addrgen/n_loc[15]_i_18
INFO: [Physopt 32-662] Processed net u_array/u_addrgen/n_loc[15]_i_47_n_0.  Did not re-place instance u_array/u_addrgen/n_loc[15]_i_47
INFO: [Physopt 32-662] Processed net u_array/u_addrgen/state[2].  Did not re-place instance u_array/u_addrgen/FSM_sequential_state_reg[2]
INFO: [Physopt 32-662] Processed net u_array/u_requant/q_r[18]_i_4_n_0.  Did not re-place instance u_array/u_requant/q_r[18]_i_4
INFO: [Physopt 32-662] Processed net u_array/u_requant/q_r[14]_i_2_n_0.  Did not re-place instance u_array/u_requant/q_r[14]_i_2
INFO: [Physopt 32-662] Processed net u_array/u_requant/q_r[14]_i_3_n_0.  Did not re-place instance u_array/u_requant/q_r[14]_i_3
INFO: [Physopt 32-662] Processed net u_array/u_requant/q_r[14]_i_1_n_0.  Did not re-place instance u_array/u_requant/q_r[14]_i_1
INFO: [Physopt 32-662] Processed net u_array/u_requant/p_0_in[7].  Did not re-place instance u_array/u_requant/q_r_reg[14]
INFO: [Physopt 32-662] Processed net u_array/u_requant/q_r[21]_i_4_n_0.  Did not re-place instance u_array/u_requant/q_r[21]_i_4
INFO: [Physopt 32-662] Processed net u_array/u_requant/q_r[26]_i_4_n_0.  Did not re-place instance u_array/u_requant/q_r[26]_i_4
INFO: [Physopt 32-662] Processed net u_array/u_requant/p_0_in[10].  Did not re-place instance u_array/u_requant/q_r_reg[17]
INFO: [Physopt 32-662] Processed net u_array/u_requant/q_r[17]_i_1_n_0.  Did not re-place instance u_array/u_requant/q_r[17]_i_1
INFO: [Physopt 32-662] Processed net u_array/u_requant/sticky_r_i_58_n_0.  Did not re-place instance u_array/u_requant/sticky_r_i_58
INFO: [Physopt 32-662] Processed net u_array/u_requant/q_r[27]_i_2_n_0.  Did not re-place instance u_array/u_requant/q_r[27]_i_2
INFO: [Physopt 32-662] Processed net u_array/u_requant/q_r[29]_i_3_n_0.  Did not re-place instance u_array/u_requant/q_r[29]_i_3
INFO: [Physopt 32-662] Processed net u_array/u_requant/q_r[37]_i_4_n_0.  Did not re-place instance u_array/u_requant/q_r[37]_i_4
INFO: [Physopt 32-662] Processed net u_array/u_requant/q_r[27]_i_1_n_0.  Did not re-place instance u_array/u_requant/q_r[27]_i_1
INFO: [Physopt 32-662] Processed net u_array/u_requant/p_0_in[20].  Did not re-place instance u_array/u_requant/q_r_reg[27]
INFO: [Physopt 32-663] Processed net u_array/ldr_state_r__0[0].  Re-placed instance u_array/FSM_sequential_ldr_state_r_reg[0]
INFO: [Physopt 32-663] Processed net u_array/ldr_state_r__0[1].  Re-placed instance u_array/FSM_sequential_ldr_state_r_reg[1]
INFO: [Physopt 32-663] Processed net u_array/loaded_all_q.  Re-placed instance u_array/FSM_sequential_ldr_state_r[1]_i_2
INFO: [Physopt 32-662] Processed net u_array/u_ctrl/loaded_all_q_reg_1.  Did not re-place instance u_array/u_ctrl/FSM_sequential_ldr_state_r[0]_i_1
INFO: [Physopt 32-663] Processed net u_array/g_pe_row[8].g_pe_pair[1].u_pe/w_d3_r_reg[7]_0[0].  Re-placed instance u_array/g_pe_row[8].g_pe_pair[1].u_pe/w_d3_r_reg[0]
INFO: [Physopt 32-662] Processed net u_array/g_acc[17].u_acc_g/acc_r[211]_i_6__24_n_0.  Did not re-place instance u_array/g_acc[17].u_acc_g/acc_r[211]_i_6__24
INFO: [Physopt 32-662] Processed net u_array/g_acc[17].u_acc_g/p_1_in[217].  Did not re-place instance u_array/g_acc[17].u_acc_g/acc_r[217]_i_1__24
INFO: [Physopt 32-662] Processed net u_array/g_pe_row[8].g_pe_pair[1].u_pe/w_d3_r_reg[2]_3[0].  Did not re-place instance u_array/g_pe_row[8].g_pe_pair[1].u_pe/acc_r[203]_i_13__17
INFO: [Physopt 32-662] Processed net u_array/g_acc[17].u_acc_g/acc_q_w[4569].  Did not re-place instance u_array/g_acc[17].u_acc_g/acc_r_reg[217]
INFO: [Physopt 32-662] Processed net u_array/u_requant/p_0_in[12].  Did not re-place instance u_array/u_requant/q_r_reg[19]
INFO: [Physopt 32-662] Processed net u_array/u_requant/q_r[19]_i_2_n_0.  Did not re-place instance u_array/u_requant/q_r[19]_i_2
INFO: [Physopt 32-662] Processed net u_array/u_requant/q_r[19]_i_1_n_0.  Did not re-place instance u_array/u_requant/q_r[19]_i_1
INFO: [Physopt 32-662] Processed net u_array/u_requant/q_r[41]_i_5_n_0.  Did not re-place instance u_array/u_requant/q_r[41]_i_5
INFO: [Physopt 32-663] Processed net u_array/u_addrgen/n_len_c[3].  Re-placed instance u_array/u_addrgen/n_len_c_reg[3]
INFO: [Physopt 32-662] Processed net u_array/u_requant/q_r[35]_i_2_n_0.  Did not re-place instance u_array/u_requant/q_r[35]_i_2
INFO: [Physopt 32-662] Processed net u_array/u_requant/q_r[37]_i_3_n_0.  Did not re-place instance u_array/u_requant/q_r[37]_i_3
INFO: [Physopt 32-662] Processed net u_array/u_requant/p_0_in[27].  Did not re-place instance u_array/u_requant/q_r_reg[34]
INFO: [Physopt 32-662] Processed net u_array/u_addrgen/n_loc[15]_i_13_n_0.  Did not re-place instance u_array/u_addrgen/n_loc[15]_i_13
INFO: [Physopt 32-662] Processed net u_array/u_addrgen/n_loc[15]_i_37_n_0.  Did not re-place instance u_array/u_addrgen/n_loc[15]_i_37
INFO: [Physopt 32-662] Processed net u_array/u_requant/q_r[34]_i_1_n_0.  Did not re-place instance u_array/u_requant/q_r[34]_i_1
INFO: [Physopt 32-662] Processed net u_array/u_requant/q_r[23]_i_4_n_0.  Did not re-place instance u_array/u_requant/q_r[23]_i_4
INFO: [Physopt 32-662] Processed net u_array/u_requant/q_r[11]_i_3_n_0.  Did not re-place instance u_array/u_requant/q_r[11]_i_3
INFO: [Physopt 32-662] Processed net u_array/u_requant/q_r[9]_i_2_n_0.  Did not re-place instance u_array/u_requant/q_r[9]_i_2
INFO: [Physopt 32-662] Processed net u_array/u_requant/q_r[8]_i_1_n_0.  Did not re-place instance u_array/u_requant/q_r[8]_i_1
INFO: [Physopt 32-662] Processed net u_array/u_requant/p_0_in[1].  Did not re-place instance u_array/u_requant/q_r_reg[8]
INFO: [Physopt 32-662] Processed net u_array/u_requant/q_r[27]_i_4_n_0.  Did not re-place instance u_array/u_requant/q_r[27]_i_4
INFO: [Physopt 32-662] Processed net u_array/u_requant/q_r[39]_i_2_n_0.  Did not re-place instance u_array/u_requant/q_r[39]_i_2
INFO: [Physopt 32-662] Processed net u_array/u_requant/q_r[41]_i_3_n_0.  Did not re-place instance u_array/u_requant/q_r[41]_i_3
INFO: [Physopt 32-662] Processed net u_array/u_requant/q_r[41]_i_4_n_0.  Did not re-place instance u_array/u_requant/q_r[41]_i_4
INFO: [Physopt 32-662] Processed net u_array/u_requant/q_r[38]_i_1_n_0.  Did not re-place instance u_array/u_requant/q_r[38]_i_1
INFO: [Physopt 32-662] Processed net u_array/u_requant/p_0_in[31].  Did not re-place instance u_array/u_requant/q_r_reg[38]
INFO: [Physopt 32-663] Processed net u_array/u_requant/m_r1[2].  Re-placed instance u_array/u_requant/m_r1_reg[2]
INFO: [Physopt 32-663] Processed net u_array/g_pe_row[15].g_pe_pair[2].u_pe/w_d3_r_reg[7]_0[0].  Re-placed instance u_array/g_pe_row[15].g_pe_pair[2].u_pe/w_d3_r_reg[0]
INFO: [Physopt 32-662] Processed net u_array/g_acc[31].u_acc_g/acc_r[211]_i_6__18_n_0.  Did not re-place instance u_array/g_acc[31].u_acc_g/acc_r[211]_i_6__18
INFO: [Physopt 32-662] Processed net u_array/g_acc[31].u_acc_g/p_1_in[223].  Did not re-place instance u_array/g_acc[31].u_acc_g/acc_r[223]_i_1__18
INFO: [Physopt 32-662] Processed net u_array/g_pe_row[15].g_pe_pair[2].u_pe/w_d3_r_reg[2]_1[0].  Did not re-place instance u_array/g_pe_row[15].g_pe_pair[2].u_pe/acc_r[203]_i_13__1
INFO: [Physopt 32-662] Processed net u_array/g_acc[31].u_acc_g/acc_q_w[8159].  Did not re-place instance u_array/g_acc[31].u_acc_g/acc_r_reg[223]
INFO: [Physopt 32-662] Processed net u_array/u_requant/q_r[25]_i_4_n_0.  Did not re-place instance u_array/u_requant/q_r[25]_i_4
INFO: [Physopt 32-662] Processed net u_array/u_requant/q_r[23]_i_2_n_0.  Did not re-place instance u_array/u_requant/q_r[23]_i_2
INFO: [Physopt 32-662] Processed net u_array/u_requant/q_r[25]_i_3_n_0.  Did not re-place instance u_array/u_requant/q_r[25]_i_3
INFO: [Physopt 32-662] Processed net u_array/u_requant/q_r[23]_i_1_n_0.  Did not re-place instance u_array/u_requant/q_r[23]_i_1
INFO: [Physopt 32-662] Processed net u_array/u_requant/p_0_in[16].  Did not re-place instance u_array/u_requant/q_r_reg[23]
INFO: [Physopt 32-662] Processed net u_array/g_acc[17].u_acc_g/p_1_in[223].  Did not re-place instance u_array/g_acc[17].u_acc_g/acc_r[223]_i_1__24
INFO: [Physopt 32-662] Processed net u_array/u_requant/sticky_r_i_132_n_0.  Did not re-place instance u_array/u_requant/sticky_r_i_132
INFO: [Physopt 32-662] Processed net u_array/g_acc[17].u_acc_g/acc_q_w[4575].  Did not re-place instance u_array/g_acc[17].u_acc_g/acc_r_reg[223]
INFO: [Physopt 32-663] Processed net u_array/g_pe_row[1].g_pe_pair[1].u_pe/w_d3_r_reg[7]_0[0].  Re-placed instance u_array/g_pe_row[1].g_pe_pair[1].u_pe/w_d3_r_reg[0]
INFO: [Physopt 32-662] Processed net u_array/g_acc[3].u_acc_g/acc_r[19]_i_5__26_n_0.  Did not re-place instance u_array/g_acc[3].u_acc_g/acc_r[19]_i_5__26
INFO: [Physopt 32-662] Processed net u_array/g_acc[3].u_acc_g/p_1_in[27].  Did not re-place instance u_array/g_acc[3].u_acc_g/acc_r[27]_i_1__26
INFO: [Physopt 32-662] Processed net u_array/g_pe_row[1].g_pe_pair[1].u_pe/w_d3_r_reg[2]_0[0].  Did not re-place instance u_array/g_pe_row[1].g_pe_pair[1].u_pe/acc_r[11]_i_13__13
INFO: [Physopt 32-662] Processed net u_array/g_acc[3].u_acc_g/acc_q_w[795].  Did not re-place instance u_array/g_acc[3].u_acc_g/acc_r_reg[27]
INFO: [Physopt 32-663] Processed net u_array/u_requant/m_r1[7].  Re-placed instance u_array/u_requant/m_r1_reg[7]
INFO: [Physopt 32-663] Processed net u_array/u_requant/m_r1[0].  Re-placed instance u_array/u_requant/m_r1_reg[0]
INFO: [Physopt 32-662] Processed net u_array/u_requant/q_r[37]_i_2_n_0.  Did not re-place instance u_array/u_requant/q_r[37]_i_2
INFO: [Physopt 32-662] Processed net u_array/u_requant/q_r[39]_i_3_n_0.  Did not re-place instance u_array/u_requant/q_r[39]_i_3
INFO: [Physopt 32-662] Processed net u_array/u_requant/q_r[43]_i_4_n_0.  Did not re-place instance u_array/u_requant/q_r[43]_i_4
INFO: [Physopt 32-662] Processed net u_array/u_requant/q_r[26]_i_1_n_0.  Did not re-place instance u_array/u_requant/q_r[26]_i_1
INFO: [Physopt 32-662] Processed net u_array/u_requant/q_r[36]_i_1_n_0.  Did not re-place instance u_array/u_requant/q_r[36]_i_1
INFO: [Physopt 32-662] Processed net u_array/u_requant/p_0_in[19].  Did not re-place instance u_array/u_requant/q_r_reg[26]
INFO: [Physopt 32-662] Processed net u_array/u_requant/p_0_in[29].  Did not re-place instance u_array/u_requant/q_r_reg[36]
INFO: [Physopt 32-662] Processed net u_array/u_requant/q_r[24]_i_4_n_0.  Did not re-place instance u_array/u_requant/q_r[24]_i_4
INFO: [Physopt 32-662] Processed net u_array/u_requant/p_0_in[3].  Did not re-place instance u_array/u_requant/q_r_reg[10]
INFO: [Physopt 32-662] Processed net u_array/u_requant/q_r[10]_i_2_n_0.  Did not re-place instance u_array/u_requant/q_r[10]_i_2
INFO: [Physopt 32-662] Processed net u_array/u_requant/q_r[12]_i_3_n_0.  Did not re-place instance u_array/u_requant/q_r[12]_i_3
INFO: [Physopt 32-662] Processed net u_array/u_requant/q_r[10]_i_1_n_0.  Did not re-place instance u_array/u_requant/q_r[10]_i_1
INFO: [Physopt 32-662] Processed net u_array/u_addrgen/we_i0.  Did not re-place instance u_array/u_addrgen/u_bank0_i_26
INFO: [Physopt 32-662] Processed net u_array/u_xbuf/u_bank0/U0/inst_blk_mem_gen/gnbram.gnativebmg.native_blk_mem_gen/valid.cstr/ramloop[9].ram.r/prim_noinit.ram/ramloop[0].ram.ram_ena.  Did not re-place instance u_array/u_xbuf/u_bank0/U0/inst_blk_mem_gen/gnbram.gnativebmg.native_blk_mem_gen/valid.cstr/ramloop[9].ram.r/prim_noinit.ram/DEVICE_7SERIES.NO_BMM_INFO.SDP.SIMPLE_PRIM36.ram_i_1
INFO: [Physopt 32-662] Processed net u_array/u_addrgen/n_o_reg[2]_0[9].  Did not re-place instance u_array/u_addrgen/u_bank0_i_7
INFO: [Physopt 32-662] Processed net u_array/u_addrgen/xgen_vld_w.  Did not re-place instance u_array/u_addrgen/vld_o_reg
INFO: [Physopt 32-663] Processed net u_array/u_xbuf/u_bank0/U0/inst_blk_mem_gen/gnbram.gnativebmg.native_blk_mem_gen/valid.cstr/ramloop[2].ram.r/prim_noinit.ram/DEVICE_7SERIES.NO_BMM_INFO.SDP.SIMPLE_PRIM36.ram_ENARDEN_cooolgate_en_sig_22.  Re-placed instance u_array/u_xbuf/u_bank0/U0/inst_blk_mem_gen/gnbram.gnativebmg.native_blk_mem_gen/valid.cstr/ramloop[2].ram.r/prim_noinit.ram/DEVICE_7SERIES.NO_BMM_INFO.SDP.SIMPLE_PRIM36.ram_ENARDEN_cooolgate_en_gate_23
INFO: [Physopt 32-663] Processed net u_array/u_xbuf/u_bank0/U0/inst_blk_mem_gen/gnbram.gnativebmg.native_blk_mem_gen/valid.cstr/ramloop[9].ram.r/prim_noinit.ram/DEVICE_7SERIES.NO_BMM_INFO.SDP.SIMPLE_PRIM36.ram_i_3_n_0.  Re-placed instance u_array/u_xbuf/u_bank0/U0/inst_blk_mem_gen/gnbram.gnativebmg.native_blk_mem_gen/valid.cstr/ramloop[9].ram.r/prim_noinit.ram/DEVICE_7SERIES.NO_BMM_INFO.SDP.SIMPLE_PRIM36.ram_i_3
INFO: [Physopt 32-662] Processed net u_array/u_requant/p_0_in[11].  Did not re-place instance u_array/u_requant/q_r_reg[18]
INFO: [Physopt 32-662] Processed net u_array/u_requant/q_r[18]_i_1_n_0.  Did not re-place instance u_array/u_requant/q_r[18]_i_1
INFO: [Physopt 32-662] Processed net u_array/u_requant/sticky_r_i_133_n_0.  Did not re-place instance u_array/u_requant/sticky_r_i_133
INFO: [Physopt 32-662] Processed net u_array/u_requant/q_r[43]_i_2_n_0.  Did not re-place instance u_array/u_requant/q_r[43]_i_2
INFO: [Physopt 32-662] Processed net u_array/u_requant/q_r[45]_i_3_n_0.  Did not re-place instance u_array/u_requant/q_r[45]_i_3
INFO: [Physopt 32-662] Processed net u_array/u_requant/q_r[45]_i_4_n_0.  Did not re-place instance u_array/u_requant/q_r[45]_i_4
INFO: [Physopt 32-662] Processed net u_array/u_requant/q_r[43]_i_1_n_0.  Did not re-place instance u_array/u_requant/q_r[43]_i_1
INFO: [Physopt 32-662] Processed net u_array/u_requant/p_0_in[36].  Did not re-place instance u_array/u_requant/q_r_reg[43]
INFO: [Physopt 32-662] Processed net u_array/u_requant/q_r[13]_i_2_n_0.  Did not re-place instance u_array/u_requant/q_r[13]_i_2
INFO: [Physopt 32-662] Processed net u_array/u_requant/q_r[13]_i_3_n_0.  Did not re-place instance u_array/u_requant/q_r[13]_i_3
INFO: [Physopt 32-662] Processed net u_array/u_requant/q_r[13]_i_1_n_0.  Did not re-place instance u_array/u_requant/q_r[13]_i_1
INFO: [Physopt 32-662] Processed net u_array/u_requant/sticky_r_i_134_n_0.  Did not re-place instance u_array/u_requant/sticky_r_i_134
INFO: [Physopt 32-662] Processed net u_array/u_requant/p_0_in[6].  Did not re-place instance u_array/u_requant/q_r_reg[13]
INFO: [Physopt 32-662] Processed net u_array/u_requant/sticky_r_i_129_n_0.  Did not re-place instance u_array/u_requant/sticky_r_i_129
INFO: [Physopt 32-662] Processed net u_array/u_addrgen/n_len_c[2].  Did not re-place instance u_array/u_addrgen/n_len_c_reg[2]
INFO: [Physopt 32-662] Processed net u_array/u_addrgen/n_loc[15]_i_38_n_0.  Did not re-place instance u_array/u_addrgen/n_loc[15]_i_38
INFO: [Physopt 32-662] Processed net u_array/u_requant/q_r[21]_i_3_n_0.  Did not re-place instance u_array/u_requant/q_r[21]_i_3
INFO: [Physopt 32-662] Processed net u_array/u_requant/sticky_r_i_128_n_0.  Did not re-place instance u_array/u_requant/sticky_r_i_128
INFO: [Physopt 32-662] Processed net u_array/u_requant/sticky_r_i_54_n_0.  Did not re-place instance u_array/u_requant/sticky_r_i_54
INFO: [Physopt 32-662] Processed net u_array/g_acc[3].u_acc_g/acc_r[19]_i_6__26_n_0.  Did not re-place instance u_array/g_acc[3].u_acc_g/acc_r[19]_i_6__26
INFO: [Physopt 32-662] Processed net u_array/u_requant/sticky_r_i_130_n_0.  Did not re-place instance u_array/u_requant/sticky_r_i_130
INFO: [Physopt 32-662] Processed net u_array/u_requant/p_0_in[2].  Did not re-place instance u_array/u_requant/q_r_reg[9]
INFO: [Physopt 32-662] Processed net u_array/u_requant/q_r[21]_i_2_n_0.  Did not re-place instance u_array/u_requant/q_r[21]_i_2
INFO: [Physopt 32-662] Processed net u_array/u_requant/q_r[23]_i_3_n_0.  Did not re-place instance u_array/u_requant/q_r[23]_i_3
INFO: [Physopt 32-662] Processed net u_array/u_requant/q_r[21]_i_1_n_0.  Did not re-place instance u_array/u_requant/q_r[21]_i_1
INFO: [Physopt 32-662] Processed net u_array/u_requant/q_r[9]_i_1_n_0.  Did not re-place instance u_array/u_requant/q_r[9]_i_1
INFO: [Physopt 32-662] Processed net u_array/u_requant/p_0_in[14].  Did not re-place instance u_array/u_requant/q_r_reg[21]
INFO: [Physopt 32-662] Processed net u_array/u_xbuf/u_bank1/U0/inst_blk_mem_gen/gnbram.gnativebmg.native_blk_mem_gen/valid.cstr/ramloop[9].ram.r/prim_noinit.ram/ramloop[0].ram.ram_ena.  Did not re-place instance u_array/u_xbuf/u_bank1/U0/inst_blk_mem_gen/gnbram.gnativebmg.native_blk_mem_gen/valid.cstr/ramloop[9].ram.r/prim_noinit.ram/DEVICE_7SERIES.NO_BMM_INFO.SDP.SIMPLE_PRIM36.ram_i_1
INFO: [Physopt 32-663] Processed net u_array/u_addrgen/wea[12].  Re-placed instance u_array/u_addrgen/u_bank1_i_4
INFO: [Physopt 32-663] Processed net u_array/u_xbuf/u_bank1/U0/inst_blk_mem_gen/gnbram.gnativebmg.native_blk_mem_gen/valid.cstr/ramloop[6].ram.r/prim_noinit.ram/wea_13_sn_1.  Re-placed instance u_array/u_xbuf/u_bank1/U0/inst_blk_mem_gen/gnbram.gnativebmg.native_blk_mem_gen/valid.cstr/ramloop[6].ram.r/prim_noinit.ram/DEVICE_7SERIES.NO_BMM_INFO.SDP.SIMPLE_PRIM36.ram_i_4
INFO: [Physopt 32-662] Processed net u_array/g_pe_row[8].g_pe_pair[7].u_pe/acc_r[203]_i_10__17_n_0.  Did not re-place instance u_array/g_pe_row[8].g_pe_pair[7].u_pe/acc_r[203]_i_10__17
INFO: [Physopt 32-663] Processed net u_array/u_xbuf/u_bank1/U0/inst_blk_mem_gen/gnbram.gnativebmg.native_blk_mem_gen/valid.cstr/ramloop[4].ram.r/prim_noinit.ram/DEVICE_7SERIES.NO_BMM_INFO.SDP.SIMPLE_PRIM36.ram_ENARDEN_cooolgate_en_sig_32.  Re-placed instance u_array/u_xbuf/u_bank1/U0/inst_blk_mem_gen/gnbram.gnativebmg.native_blk_mem_gen/valid.cstr/ramloop[4].ram.r/prim_noinit.ram/DEVICE_7SERIES.NO_BMM_INFO.SDP.SIMPLE_PRIM36.ram_ENARDEN_cooolgate_en_gate_43
INFO: [Physopt 32-662] Processed net u_array/g_acc[17].u_acc_g/acc_r[207]_i_6__24_n_0.  Did not re-place instance u_array/g_acc[17].u_acc_g/acc_r[207]_i_6__24
INFO: [Physopt 32-663] Processed net u_array/u_requant/m_r1[9].  Re-placed instance u_array/u_requant/m_r1_reg[9]
INFO: [Physopt 32-662] Processed net u_array/u_requant/sticky_r_i_106_n_0.  Did not re-place instance u_array/u_requant/sticky_r_i_106
INFO: [Physopt 32-662] Processed net u_array/u_requant/q_r[16]_i_3_n_0.  Did not re-place instance u_array/u_requant/q_r[16]_i_3
INFO: [Physopt 32-662] Processed net u_array/u_requant/q_r[4]_i_2_n_0.  Did not re-place instance u_array/u_requant/q_r[4]_i_2
INFO: [Physopt 32-662] Processed net u_array/u_requant/q_r[6]_i_3_n_0.  Did not re-place instance u_array/u_requant/q_r[6]_i_3
INFO: [Physopt 32-662] Processed net u_array/u_requant/q_r[4]_i_1_n_0.  Did not re-place instance u_array/u_requant/q_r[4]_i_1
INFO: [Physopt 32-662] Processed net u_array/u_requant/q_r_reg_n_0_[4].  Did not re-place instance u_array/u_requant/q_r_reg[4]
INFO: [Physopt 32-663] Processed net u_array/g_pe_row[15].g_pe_pair[7].u_pe/acc_r[203]_i_10__1_n_0.  Re-placed instance u_array/g_pe_row[15].g_pe_pair[7].u_pe/acc_r[203]_i_10__1
INFO: [Physopt 32-663] Processed net u_array/g_pe_row[15].g_pe_pair[2].u_pe/w_d3_r_reg[7]_0[2].  Re-placed instance u_array/g_pe_row[15].g_pe_pair[2].u_pe/w_d3_r_reg[2]
INFO: [Physopt 32-662] Processed net u_array/g_pe_row[15].g_pe_pair[2].u_pe/w_d3_r_reg[2]_1[2].  Did not re-place instance u_array/g_pe_row[15].g_pe_pair[2].u_pe/acc_r[203]_i_11__1
INFO: [Physopt 32-662] Processed net u_array/u_requant/q_r[27]_i_3_n_0.  Did not re-place instance u_array/u_requant/q_r[27]_i_3
INFO: [Physopt 32-663] Processed net u_array/u_addrgen/n_o_reg[2]_0[13].  Re-placed instance u_array/u_addrgen/u_bank0_i_3
INFO: [Physopt 32-662] Processed net u_array/u_xbuf/u_bank0/U0/inst_blk_mem_gen/gnbram.gnativebmg.native_blk_mem_gen/valid.cstr/ramloop[6].ram.r/prim_noinit.ram/wea_13_sn_1.  Did not re-place instance u_array/u_xbuf/u_bank0/U0/inst_blk_mem_gen/gnbram.gnativebmg.native_blk_mem_gen/valid.cstr/ramloop[6].ram.r/prim_noinit.ram/DEVICE_7SERIES.NO_BMM_INFO.SDP.SIMPLE_PRIM36.ram_i_4
INFO: [Physopt 32-662] Processed net u_array/u_requant/sticky_r_i_131_n_0.  Did not re-place instance u_array/u_requant/sticky_r_i_131
INFO: [Physopt 32-663] Processed net u_array/u_addrgen/A_0[13].  Re-placed instance u_array/u_addrgen/ih0_r_reg[14]
INFO: [Physopt 32-663] Processed net u_array/u_addrgen/A_0[17].  Re-placed instance u_array/u_addrgen/ih0_r_reg[18]
INFO: [Physopt 32-662] Processed net u_array/u_addrgen/row_off_r[16].  Did not re-place instance u_array/u_addrgen/row_off_r[16]_i_1
INFO: [Physopt 32-663] Processed net u_array/u_addrgen/row_off_r[16]_i_2_n_0.  Re-placed instance u_array/u_addrgen/row_off_r[16]_i_2
INFO: [Physopt 32-662] Processed net u_array/u_addrgen/row_off_r_reg_n_0_[16].  Did not re-place instance u_array/u_addrgen/row_off_r_reg[16]
INFO: [Physopt 32-662] Processed net u_array/u_addrgen/row_off_r[21].  Did not re-place instance u_array/u_addrgen/row_off_r[21]_i_1
INFO: [Physopt 32-663] Processed net u_array/u_addrgen/row_off_r[21]_i_2_n_0.  Re-placed instance u_array/u_addrgen/row_off_r[21]_i_2
INFO: [Physopt 32-662] Processed net u_array/u_addrgen/row_off_r_reg_n_0_[21].  Did not re-place instance u_array/u_addrgen/row_off_r_reg[21]
INFO: [Physopt 32-662] Processed net u_array/u_requant/q_r[25]_i_2_n_0.  Did not re-place instance u_array/u_requant/q_r[25]_i_2
INFO: [Physopt 32-662] Processed net u_array/u_requant/p_0_in[18].  Did not re-place instance u_array/u_requant/q_r_reg[25]
INFO: [Physopt 32-663] Processed net u_array/u_addrgen/A_0[21].  Re-placed instance u_array/u_addrgen/ih0_r_reg[22]
INFO: [Physopt 32-662] Processed net u_array/u_requant/q_r[25]_i_1_n_0.  Did not re-place instance u_array/u_requant/q_r[25]_i_1
INFO: [Physopt 32-662] Processed net u_array/u_requant/p_0_in[28].  Did not re-place instance u_array/u_requant/q_r_reg[35]
INFO: [Physopt 32-662] Processed net u_array/g_pe_row[1].g_pe_pair[4].u_pe/acc_r[11]_i_10__13_n_0.  Did not re-place instance u_array/g_pe_row[1].g_pe_pair[4].u_pe/acc_r[11]_i_10__13
INFO: [Physopt 32-662] Processed net u_array/u_requant/q_r[35]_i_1_n_0.  Did not re-place instance u_array/u_requant/q_r[35]_i_1
INFO: [Physopt 32-663] Processed net u_array/u_addrgen/A_0[11].  Re-placed instance u_array/u_addrgen/ih0_r_reg[12]
INFO: [Physopt 32-662] Processed net u_array/u_addrgen/A_0[3].  Did not re-place instance u_array/u_addrgen/ih0_r_reg[4]
INFO: [Physopt 32-663] Processed net u_array/u_addrgen/A_0[7].  Re-placed instance u_array/u_addrgen/ih0_r_reg[8]
INFO: [Physopt 32-662] Processed net u_array/u_addrgen/row_off_r[5].  Did not re-place instance u_array/u_addrgen/row_off_r[5]_i_1
INFO: [Physopt 32-663] Processed net u_array/u_addrgen/row_off_r[5]_i_2_n_0.  Re-placed instance u_array/u_addrgen/row_off_r[5]_i_2
INFO: [Physopt 32-662] Processed net u_array/u_addrgen/row_off_r_reg_n_0_[5].  Did not re-place instance u_array/u_addrgen/row_off_r_reg[5]
INFO: [Physopt 32-662] Processed net u_array/u_requant/q_r[40]_i_2_n_0.  Did not re-place instance u_array/u_requant/q_r[40]_i_2
INFO: [Physopt 32-662] Processed net u_array/u_requant/q_r[42]_i_3_n_0.  Did not re-place instance u_array/u_requant/q_r[42]_i_3
INFO: [Physopt 32-662] Processed net u_array/u_requant/q_r[46]_i_4_n_0.  Did not re-place instance u_array/u_requant/q_r[46]_i_4
INFO: [Physopt 32-662] Processed net u_array/u_requant/q_r[40]_i_1_n_0.  Did not re-place instance u_array/u_requant/q_r[40]_i_1
INFO: [Physopt 32-662] Processed net u_array/u_requant/p_0_in[33].  Did not re-place instance u_array/u_requant/q_r_reg[40]
INFO: [Physopt 32-662] Processed net u_array/u_requant/q_r[16]_i_4_n_0.  Did not re-place instance u_array/u_requant/q_r[16]_i_4
INFO: [Physopt 32-662] Processed net u_array/u_requant/q_r[29]_i_4_n_0.  Did not re-place instance u_array/u_requant/q_r[29]_i_4
INFO: [Physopt 32-662] Processed net u_array/u_requant/q_r[47]_i_3_n_0.  Did not re-place instance u_array/u_requant/q_r[47]_i_3
INFO: [Physopt 32-662] Processed net u_array/u_requant/p_0_in[34].  Did not re-place instance u_array/u_requant/q_r_reg[41]
INFO: [Physopt 32-662] Processed net u_array/u_requant/q_r[41]_i_2_n_0.  Did not re-place instance u_array/u_requant/q_r[41]_i_2
INFO: [Physopt 32-662] Processed net u_array/u_requant/q_r[43]_i_3_n_0.  Did not re-place instance u_array/u_requant/q_r[43]_i_3
INFO: [Physopt 32-662] Processed net u_array/u_requant/q_r[12]_i_1_n_0.  Did not re-place instance u_array/u_requant/q_r[12]_i_1
INFO: [Physopt 32-662] Processed net u_array/u_requant/q_r[41]_i_1_n_0.  Did not re-place instance u_array/u_requant/q_r[41]_i_1
INFO: [Physopt 32-662] Processed net u_array/u_requant/p_0_in[5].  Did not re-place instance u_array/u_requant/q_r_reg[12]
INFO: [Physopt 32-662] Processed net u_array/u_requant/sticky_r_i_108_n_0.  Did not re-place instance u_array/u_requant/sticky_r_i_108
INFO: [Physopt 32-662] Processed net u_array/u_requant/q_r[7]_i_2_n_0.  Did not re-place instance u_array/u_requant/q_r[7]_i_2
INFO: [Physopt 32-662] Processed net u_array/u_requant/q_r[9]_i_3_n_0.  Did not re-place instance u_array/u_requant/q_r[9]_i_3
INFO: [Physopt 32-662] Processed net u_array/u_requant/q_r[7]_i_1_n_0.  Did not re-place instance u_array/u_requant/q_r[7]_i_1
INFO: [Physopt 32-662] Processed net u_array/u_requant/p_0_in[0].  Did not re-place instance u_array/u_requant/q_r_reg[7]
INFO: [Physopt 32-663] Processed net u_array/g_pe_row[15].g_pe_pair[2].u_pe/w_d3_r_reg[7]_0[1].  Re-placed instance u_array/g_pe_row[15].g_pe_pair[2].u_pe/w_d3_r_reg[1]
INFO: [Physopt 32-663] Processed net u_array/u_requant/m_r1[3].  Re-placed instance u_array/u_requant/m_r1_reg[3]
INFO: [Physopt 32-662] Processed net u_array/u_requant/p_0_in[32].  Did not re-place instance u_array/u_requant/q_r_reg[39]
INFO: [Physopt 32-663] Processed net u_array/u_addrgen/A_0[22].  Re-placed instance u_array/u_addrgen/ih0_r_reg[23]
INFO: [Physopt 32-662] Processed net u_array/u_addrgen/row_off_r[18].  Did not re-place instance u_array/u_addrgen/row_off_r[18]_i_1
INFO: [Physopt 32-663] Processed net u_array/u_addrgen/row_off_r[18]_i_2_n_0.  Re-placed instance u_array/u_addrgen/row_off_r[18]_i_2
INFO: [Common 17-14] Message 'Physopt 32-663' appears 100 times and further instances of the messages will be disabled. Use the Tcl command set_msg_config to change the current settings.
INFO: [Physopt 32-662] Processed net u_array/u_requant/q_r[39]_i_1_n_0.  Did not re-place instance u_array/u_requant/q_r[39]_i_1
INFO: [Physopt 32-662] Processed net u_array/u_addrgen/row_off_r_reg_n_0_[18].  Did not re-place instance u_array/u_addrgen/row_off_r_reg[18]
INFO: [Physopt 32-662] Processed net u_array/u_addrgen/A_0[20].  Did not re-place instance u_array/u_addrgen/ih0_r_reg[21]
INFO: [Physopt 32-662] Processed net u_array/g_pe_row[15].g_pe_pair[7].u_pe/acc_r[203]_i_8__1_n_0.  Did not re-place instance u_array/g_pe_row[15].g_pe_pair[7].u_pe/acc_r[203]_i_8__1
INFO: [Physopt 32-662] Processed net u_array/u_requant/q_r[44]_i_5_n_0.  Did not re-place instance u_array/u_requant/q_r[44]_i_5
INFO: [Physopt 32-662] Processed net u_array/u_requant/q_r[38]_i_2_n_0.  Did not re-place instance u_array/u_requant/q_r[38]_i_2
INFO: [Physopt 32-662] Processed net u_array/u_requant/q_r[40]_i_3_n_0.  Did not re-place instance u_array/u_requant/q_r[40]_i_3
INFO: [Physopt 32-662] Processed net u_array/u_addrgen/row_off_r[29].  Did not re-place instance u_array/u_addrgen/row_off_r[29]_i_1
INFO: [Physopt 32-662] Processed net u_array/u_requant/q_r[37]_i_1_n_0.  Did not re-place instance u_array/u_requant/q_r[37]_i_1
INFO: [Physopt 32-662] Processed net u_array/u_addrgen/row_off_r_reg_n_0_[29].  Did not re-place instance u_array/u_addrgen/row_off_r_reg[29]
INFO: [Physopt 32-662] Processed net u_array/u_requant/p_0_in[30].  Did not re-place instance u_array/u_requant/q_r_reg[37]
INFO: [Physopt 32-662] Processed net u_array/u_requant/p_0_in[17].  Did not re-place instance u_array/u_requant/q_r_reg[24]
INFO: [Physopt 32-662] Processed net u_array/u_requant/q_r[24]_i_1_n_0.  Did not re-place instance u_array/u_requant/q_r[24]_i_1
INFO: [Physopt 32-662] Processed net u_array/u_requant/sticky_r_i_104_n_0.  Did not re-place instance u_array/u_requant/sticky_r_i_104
INFO: [Physopt 32-662] Processed net u_array/u_addrgen/A_0[24].  Did not re-place instance u_array/u_addrgen/ih0_r_reg[25]
INFO: [Physopt 32-662] Processed net u_array/u_requant/q_r[42]_i_2_n_0.  Did not re-place instance u_array/u_requant/q_r[42]_i_2
INFO: [Physopt 32-662] Processed net u_array/u_addrgen/row_off_r_reg_n_0_[2].  Did not re-place instance u_array/u_addrgen/row_off_r_reg[2]
INFO: [Physopt 32-662] Processed net u_array/u_addrgen/n_loc[15]_i_17_n_0.  Did not re-place instance u_array/u_addrgen/n_loc[15]_i_17
INFO: [Physopt 32-662] Processed net u_array/u_addrgen/row_off_r[31].  Did not re-place instance u_array/u_addrgen/row_off_r[31]_i_2
INFO: [Physopt 32-662] Processed net u_array/u_addrgen/row_off_r_reg_n_0_[31].  Did not re-place instance u_array/u_addrgen/row_off_r_reg[31]
INFO: [Physopt 32-662] Processed net u_array/g_acc[0].u_acc_g/acc_r[147]_i_5__7_n_0.  Did not re-place instance u_array/g_acc[0].u_acc_g/acc_r[147]_i_5__7
INFO: [Physopt 32-662] Processed net u_array/g_acc[0].u_acc_g/p_1_in[159].  Did not re-place instance u_array/g_acc[0].u_acc_g/acc_r[159]_i_1__7
INFO: [Physopt 32-662] Processed net u_array/g_pe_row[0].g_pe_pair[2].u_pe/acc_r[139]_i_13__7_n_0.  Did not re-place instance u_array/g_pe_row[0].g_pe_pair[2].u_pe/acc_r[139]_i_13__7
INFO: [Physopt 32-662] Processed net u_array/g_acc[0].u_acc_g/acc_q_w[159].  Did not re-place instance u_array/g_acc[0].u_acc_g/acc_r_reg[159]
INFO: [Physopt 32-662] Processed net u_array/g_acc[31].u_acc_g/acc_r[211]_i_5__18_n_0.  Did not re-place instance u_array/g_acc[31].u_acc_g/acc_r[211]_i_5__18
INFO: [Physopt 32-662] Processed net u_array/g_acc[3].u_acc_g/acc_r[15]_i_6__26_n_0.  Did not re-place instance u_array/g_acc[3].u_acc_g/acc_r[15]_i_6__26
INFO: [Physopt 32-662] Processed net u_array/g_pe_row[1].g_pe_pair[1].u_pe/w_d3_r_reg[7]_2[0].  Did not re-place instance u_array/g_pe_row[1].g_pe_pair[1].u_pe/acc_r[15]_i_15__13
INFO: [Physopt 32-662] Processed net u_array/g_acc[31].u_acc_g/acc_r[215]_i_5__18_n_0.  Did not re-place instance u_array/g_acc[31].u_acc_g/acc_r[215]_i_5__18
INFO: [Physopt 32-662] Processed net u_array/u_addrgen/n_loc[15]_i_45_n_0.  Did not re-place instance u_array/u_addrgen/n_loc[15]_i_45
INFO: [Physopt 32-662] Processed net u_array/u_requant/q_r[24]_i_2_n_0.  Did not re-place instance u_array/u_requant/q_r[24]_i_2
INFO: [Physopt 32-662] Processed net u_array/u_requant/q_r[26]_i_3_n_0.  Did not re-place instance u_array/u_requant/q_r[26]_i_3
INFO: [Physopt 32-662] Processed net u_array/u_requant/q_r[39]_i_5_n_0.  Did not re-place instance u_array/u_requant/q_r[39]_i_5
INFO: [Physopt 32-662] Processed net u_array/u_requant/q_r[37]_i_4_n_0_repN.  Did not re-place instance u_array/u_requant/q_r[37]_i_4_replica
INFO: [Physopt 32-662] Processed net u_array/u_requant/q_r[31]_i_2_n_0.  Did not re-place instance u_array/u_requant/q_r[31]_i_2
INFO: [Physopt 32-662] Processed net u_array/u_addrgen/row_off_r[8].  Did not re-place instance u_array/u_addrgen/row_off_r[8]_i_1
INFO: [Physopt 32-662] Processed net u_array/u_requant/q_r[31]_i_1_n_0.  Did not re-place instance u_array/u_requant/q_r[31]_i_1
INFO: [Physopt 32-662] Processed net u_array/u_requant/q_r[33]_i_3_n_0.  Did not re-place instance u_array/u_requant/q_r[33]_i_3
INFO: [Physopt 32-662] Processed net u_array/u_addrgen/row_off_r_reg_n_0_[8].  Did not re-place instance u_array/u_addrgen/row_off_r_reg[8]
INFO: [Physopt 32-662] Processed net u_array/u_requant/p_0_in[24].  Did not re-place instance u_array/u_requant/q_r_reg[31]
INFO: [Physopt 32-662] Processed net u_array/g_acc[17].u_acc_g/p_1_in[211].  Did not re-place instance u_array/g_acc[17].u_acc_g/acc_r[211]_i_1__24
INFO: [Physopt 32-662] Processed net u_array/u_requant/sticky_r_i_120_n_0.  Did not re-place instance u_array/u_requant/sticky_r_i_120
INFO: [Physopt 32-662] Processed net u_array/g_acc[17].u_acc_g/acc_q_w[4563].  Did not re-place instance u_array/g_acc[17].u_acc_g/acc_r_reg[211]
INFO: [Physopt 32-661] Optimized 47 nets.  Re-placed 47 instances.
INFO: [Physopt 32-775] End 1 Pass. Optimized 47 nets or cells. Created 0 new cell, deleted 0 existing cell and moved 47 existing cells
INFO: [Physopt 32-619] Estimated Timing Summary | WNS=-0.324 | TNS=-27.754 |
Netlist sorting complete. Time (s): cpu = 00:00:00 ; elapsed = 00:00:00.017 . Memory (MB): peak = 2387.652 ; gain = 0.000
Phase 29 Single Cell Placement Optimization | Checksum: 1268af1bd

Time (s): cpu = 00:03:56 ; elapsed = 00:02:32 . Memory (MB): peak = 2387.652 ; gain = 0.000

Phase 30 Multi Cell Placement Optimization
INFO: [Physopt 32-660] Identified 100 candidate nets for placement-based optimization.
INFO: [Physopt 32-662] Processed net u_array/u_requant/q_r[19]_i_4_n_0.  Did not re-place instance u_array/u_requant/q_r[19]_i_4/O
INFO: [Physopt 32-662] Processed net u_array/u_requant/q_r[17]_i_2_n_0.  Did not re-place instance u_array/u_requant/q_r[17]_i_2/O
INFO: [Physopt 32-662] Processed net u_array/u_requant/q_r[19]_i_3_n_0.  Did not re-place instance u_array/u_requant/q_r[19]_i_3/O
INFO: [Physopt 32-662] Processed net u_array/u_requant/q_r[16]_i_1_n_0.  Did not re-place instance u_array/u_requant/q_r[16]_i_1/O
INFO: [Physopt 32-662] Processed net u_array/u_requant/q_r[17]_i_4_n_0.  Did not re-place instance u_array/u_requant/q_r[17]_i_4/O
INFO: [Physopt 32-662] Processed net u_array/u_requant/q_r[17]_i_3_n_0.  Did not re-place instance u_array/u_requant/q_r[17]_i_3/O
INFO: [Physopt 32-662] Processed net u_array/u_addrgen/k_len_c[1].  Did not re-place instance u_array/u_addrgen/k_len_c_reg[1]/Q
INFO: [Physopt 32-662] Processed net u_array/u_addrgen/FSM_sequential_state[2]_i_2_n_0.  Did not re-place instance u_array/u_addrgen/FSM_sequential_state[2]_i_2/O
INFO: [Physopt 32-662] Processed net u_array/u_addrgen/FSM_sequential_state[2]_i_1_n_0.  Did not re-place instance u_array/u_addrgen/FSM_sequential_state[2]_i_1/O
INFO: [Physopt 32-662] Processed net u_array/u_requant/q_r[18]_i_4_n_0.  Did not re-place instance u_array/u_requant/q_r[18]_i_4/O
INFO: [Physopt 32-662] Processed net u_array/u_requant/q_r[14]_i_2_n_0.  Did not re-place instance u_array/u_requant/q_r[14]_i_2/O
INFO: [Physopt 32-662] Processed net u_array/u_requant/q_r[14]_i_3_n_0.  Did not re-place instance u_array/u_requant/q_r[14]_i_3/O
INFO: [Physopt 32-662] Processed net u_array/u_requant/q_r[21]_i_4_n_0.  Did not re-place instance u_array/u_requant/q_r[21]_i_4/O
INFO: [Physopt 32-662] Processed net u_array/u_requant/q_r[26]_i_4_n_0.  Did not re-place instance u_array/u_requant/q_r[26]_i_4/O
INFO: [Physopt 32-662] Processed net u_array/u_requant/q_r[17]_i_1_n_0.  Did not re-place instance u_array/u_requant/q_r[17]_i_1/O
INFO: [Physopt 32-662] Processed net u_array/u_requant/q_r[27]_i_2_n_0.  Did not re-place instance u_array/u_requant/q_r[27]_i_2/O
INFO: [Physopt 32-662] Processed net u_array/u_requant/q_r[29]_i_3_n_0.  Did not re-place instance u_array/u_requant/q_r[29]_i_3/O
INFO: [Physopt 32-662] Processed net u_array/u_requant/q_r[37]_i_4_n_0.  Did not re-place instance u_array/u_requant/q_r[37]_i_4/O
INFO: [Physopt 32-662] Processed net u_array/u_requant/q_r[27]_i_1_n_0.  Did not re-place instance u_array/u_requant/q_r[27]_i_1/O
INFO: [Physopt 32-662] Processed net u_array/u_requant/q_r[19]_i_2_n_0.  Did not re-place instance u_array/u_requant/q_r[19]_i_2/O
INFO: [Physopt 32-662] Processed net u_array/u_requant/q_r[19]_i_1_n_0.  Did not re-place instance u_array/u_requant/q_r[19]_i_1/O
INFO: [Physopt 32-662] Processed net u_array/u_requant/q_r[41]_i_5_n_0.  Did not re-place instance u_array/u_requant/q_r[41]_i_5/O
INFO: [Physopt 32-662] Processed net u_array/u_requant/q_r[35]_i_2_n_0.  Did not re-place instance u_array/u_requant/q_r[35]_i_2/O
INFO: [Physopt 32-662] Processed net u_array/u_requant/q_r[37]_i_3_n_0.  Did not re-place instance u_array/u_requant/q_r[37]_i_3/O
INFO: [Physopt 32-662] Processed net u_array/u_requant/q_r[34]_i_1_n_0.  Did not re-place instance u_array/u_requant/q_r[34]_i_1/O
INFO: [Physopt 32-662] Processed net u_array/u_requant/q_r[23]_i_4_n_0.  Did not re-place instance u_array/u_requant/q_r[23]_i_4/O
INFO: [Physopt 32-662] Processed net u_array/u_requant/q_r[11]_i_3_n_0.  Did not re-place instance u_array/u_requant/q_r[11]_i_3/O
INFO: [Physopt 32-662] Processed net u_array/u_requant/q_r[9]_i_2_n_0.  Did not re-place instance u_array/u_requant/q_r[9]_i_2/O
INFO: [Physopt 32-662] Processed net u_array/u_requant/q_r[8]_i_1_n_0.  Did not re-place instance u_array/u_requant/q_r[8]_i_1/O
INFO: [Physopt 32-662] Processed net u_array/u_requant/q_r[27]_i_4_n_0.  Did not re-place instance u_array/u_requant/q_r[27]_i_4/O
INFO: [Physopt 32-662] Processed net u_array/u_requant/q_r[39]_i_2_n_0.  Did not re-place instance u_array/u_requant/q_r[39]_i_2/O
INFO: [Physopt 32-662] Processed net u_array/u_requant/q_r[41]_i_3_n_0.  Did not re-place instance u_array/u_requant/q_r[41]_i_3/O
INFO: [Physopt 32-662] Processed net u_array/u_requant/q_r[41]_i_4_n_0.  Did not re-place instance u_array/u_requant/q_r[41]_i_4/O
INFO: [Physopt 32-662] Processed net u_array/u_requant/q_r[38]_i_1_n_0.  Did not re-place instance u_array/u_requant/q_r[38]_i_1/O
INFO: [Physopt 32-662] Processed net u_array/u_requant/q_r[25]_i_4_n_0.  Did not re-place instance u_array/u_requant/q_r[25]_i_4/O
INFO: [Physopt 32-662] Processed net u_array/u_requant/q_r[23]_i_2_n_0.  Did not re-place instance u_array/u_requant/q_r[23]_i_2/O
INFO: [Physopt 32-662] Processed net u_array/u_requant/q_r[25]_i_3_n_0.  Did not re-place instance u_array/u_requant/q_r[25]_i_3/O
INFO: [Physopt 32-662] Processed net u_array/u_requant/q_r[23]_i_1_n_0.  Did not re-place instance u_array/u_requant/q_r[23]_i_1/O
INFO: [Physopt 32-662] Processed net u_array/u_requant/q_r[37]_i_2_n_0.  Did not re-place instance u_array/u_requant/q_r[37]_i_2/O
INFO: [Physopt 32-662] Processed net u_array/u_requant/q_r[39]_i_3_n_0.  Did not re-place instance u_array/u_requant/q_r[39]_i_3/O
INFO: [Physopt 32-662] Processed net u_array/u_requant/q_r[43]_i_4_n_0.  Did not re-place instance u_array/u_requant/q_r[43]_i_4/O
INFO: [Physopt 32-662] Processed net u_array/u_requant/q_r[26]_i_1_n_0.  Did not re-place instance u_array/u_requant/q_r[26]_i_1/O
INFO: [Physopt 32-662] Processed net u_array/u_requant/q_r[36]_i_1_n_0.  Did not re-place instance u_array/u_requant/q_r[36]_i_1/O
INFO: [Physopt 32-662] Processed net u_array/u_requant/q_r[24]_i_4_n_0.  Did not re-place instance u_array/u_requant/q_r[24]_i_4/O
INFO: [Physopt 32-662] Processed net u_array/u_requant/q_r[10]_i_2_n_0.  Did not re-place instance u_array/u_requant/q_r[10]_i_2/O
INFO: [Physopt 32-662] Processed net u_array/u_requant/q_r[12]_i_3_n_0.  Did not re-place instance u_array/u_requant/q_r[12]_i_3/O
INFO: [Physopt 32-662] Processed net u_array/u_requant/q_r[10]_i_1_n_0.  Did not re-place instance u_array/u_requant/q_r[10]_i_1/O
INFO: [Physopt 32-662] Processed net u_array/u_requant/q_r[18]_i_1_n_0.  Did not re-place instance u_array/u_requant/q_r[18]_i_1/O
INFO: [Physopt 32-662] Processed net u_array/u_requant/q_r[43]_i_2_n_0.  Did not re-place instance u_array/u_requant/q_r[43]_i_2/O
INFO: [Physopt 32-662] Processed net u_array/u_requant/q_r[45]_i_3_n_0.  Did not re-place instance u_array/u_requant/q_r[45]_i_3/O
INFO: [Physopt 32-662] Processed net u_array/u_requant/q_r[45]_i_4_n_0.  Did not re-place instance u_array/u_requant/q_r[45]_i_4/O
INFO: [Physopt 32-662] Processed net u_array/u_requant/q_r[43]_i_1_n_0.  Did not re-place instance u_array/u_requant/q_r[43]_i_1/O
INFO: [Physopt 32-662] Processed net u_array/u_requant/q_r[13]_i_2_n_0.  Did not re-place instance u_array/u_requant/q_r[13]_i_2/O
INFO: [Physopt 32-662] Processed net u_array/u_requant/q_r[13]_i_3_n_0.  Did not re-place instance u_array/u_requant/q_r[13]_i_3/O
INFO: [Physopt 32-662] Processed net u_array/u_requant/q_r[13]_i_1_n_0.  Did not re-place instance u_array/u_requant/q_r[13]_i_1/O
INFO: [Physopt 32-662] Processed net u_array/u_addrgen/n_len_c[2].  Did not re-place instance u_array/u_addrgen/n_len_c_reg[2]/Q
INFO: [Physopt 32-662] Processed net u_array/u_requant/q_r[21]_i_3_n_0.  Did not re-place instance u_array/u_requant/q_r[21]_i_3/O
INFO: [Physopt 32-662] Processed net u_array/u_requant/q_r[21]_i_2_n_0.  Did not re-place instance u_array/u_requant/q_r[21]_i_2/O
INFO: [Physopt 32-662] Processed net u_array/u_requant/q_r[23]_i_3_n_0.  Did not re-place instance u_array/u_requant/q_r[23]_i_3/O
INFO: [Physopt 32-662] Processed net u_array/u_requant/q_r[21]_i_1_n_0.  Did not re-place instance u_array/u_requant/q_r[21]_i_1/O
INFO: [Physopt 32-662] Processed net u_array/u_requant/q_r[9]_i_1_n_0.  Did not re-place instance u_array/u_requant/q_r[9]_i_1/O
INFO: [Physopt 32-662] Processed net u_array/u_requant/sticky_r_i_106_n_0.  Did not re-place instance u_array/u_requant/sticky_r_i_106/O
INFO: [Physopt 32-662] Processed net u_array/u_requant/q_r[16]_i_3_n_0.  Did not re-place instance u_array/u_requant/q_r[16]_i_3/O
INFO: [Physopt 32-662] Processed net u_array/u_requant/q_r[4]_i_2_n_0.  Did not re-place instance u_array/u_requant/q_r[4]_i_2/O
INFO: [Physopt 32-662] Processed net u_array/u_requant/q_r[6]_i_3_n_0.  Did not re-place instance u_array/u_requant/q_r[6]_i_3/O
INFO: [Physopt 32-662] Processed net u_array/u_requant/q_r[27]_i_3_n_0.  Did not re-place instance u_array/u_requant/q_r[27]_i_3/O
INFO: [Physopt 32-661] Optimized 2 nets.  Re-placed 4 instances.
INFO: [Physopt 32-775] End 1 Pass. Optimized 2 nets or cells. Created 0 new cell, deleted 0 existing cell and moved 4 existing cells
INFO: [Physopt 32-619] Estimated Timing Summary | WNS=-0.324 | TNS=-27.698 |
Netlist sorting complete. Time (s): cpu = 00:00:00 ; elapsed = 00:00:00.016 . Memory (MB): peak = 2387.652 ; gain = 0.000
Phase 30 Multi Cell Placement Optimization | Checksum: 91739610

Time (s): cpu = 00:04:06 ; elapsed = 00:02:39 . Memory (MB): peak = 2387.652 ; gain = 0.000

Phase 31 SLR Crossing Optimization
Phase 31 SLR Crossing Optimization | Checksum: 91739610

Time (s): cpu = 00:04:06 ; elapsed = 00:02:39 . Memory (MB): peak = 2387.652 ; gain = 0.000

Phase 32 Critical Path Optimization
INFO: [Physopt 32-619] Estimated Timing Summary | WNS=-0.324 | TNS=-27.698 |
INFO: [Physopt 32-702] Processed net u_array/u_requant/p_0_in[9]. Optimizations did not improve timing on the net.
INFO: [Physopt 32-702] Processed net u_array/u_requant/prod_c_w__2_n_105. Optimizations did not improve timing on the net.
INFO: [Physopt 32-710] Processed net u_array/u_requant/q_r[16]_i_1_n_0. Critical path length was reduced through logic transformation on cell u_array/u_requant/q_r[16]_i_1_comp.
INFO: [Physopt 32-735] Processed net u_array/u_requant/q_r[17]_i_2_n_0. Optimization improves timing on the net.
INFO: [Physopt 32-619] Estimated Timing Summary | WNS=-0.311 | TNS=-27.524 |
INFO: [Physopt 32-702] Processed net u_array/u_addrgen/state[2]. Optimizations did not improve timing on the net.
INFO: [Physopt 32-702] Processed net u_array/u_addrgen/k_len_c[1]. Optimizations did not improve timing on the net.
INFO: [Physopt 32-735] Processed net u_array/u_addrgen/FSM_sequential_state[2]_i_2_n_0. Optimization improves timing on the net.
INFO: [Physopt 32-619] Estimated Timing Summary | WNS=-0.269 | TNS=-27.412 |
INFO: [Physopt 32-702] Processed net u_array/u_requant/p_0_in[10]. Optimizations did not improve timing on the net.
INFO: [Physopt 32-735] Processed net u_array/u_requant/q_r[17]_i_2_n_0. Optimization improves timing on the net.
INFO: [Physopt 32-619] Estimated Timing Summary | WNS=-0.257 | TNS=-27.305 |
INFO: [Physopt 32-702] Processed net u_array/u_requant/p_0_in[7]. Optimizations did not improve timing on the net.
INFO: [Physopt 32-710] Processed net u_array/u_requant/q_r[14]_i_1_n_0. Critical path length was reduced through logic transformation on cell u_array/u_requant/q_r[14]_i_1_comp.
INFO: [Physopt 32-735] Processed net u_array/u_requant/q_r[15]_i_2_n_0. Optimization improves timing on the net.
INFO: [Physopt 32-619] Estimated Timing Summary | WNS=-0.256 | TNS=-27.169 |
INFO: [Physopt 32-702] Processed net u_array/u_requant/p_0_in[20]. Optimizations did not improve timing on the net.
INFO: [Physopt 32-710] Processed net u_array/u_requant/q_r[27]_i_1_n_0. Critical path length was reduced through logic transformation on cell u_array/u_requant/q_r[27]_i_1_comp.
INFO: [Physopt 32-735] Processed net u_array/u_requant/q_r[27]_i_2_n_0. Optimization improves timing on the net.
INFO: [Physopt 32-619] Estimated Timing Summary | WNS=-0.255 | TNS=-27.109 |
INFO: [Physopt 32-702] Processed net u_array/u_requant/p_0_in[12]. Optimizations did not improve timing on the net.
INFO: [Physopt 32-710] Processed net u_array/u_requant/q_r[19]_i_1_n_0. Critical path length was reduced through logic transformation on cell u_array/u_requant/q_r[19]_i_1_comp.
INFO: [Physopt 32-735] Processed net u_array/u_requant/q_r[19]_i_2_n_0. Optimization improves timing on the net.
INFO: [Physopt 32-619] Estimated Timing Summary | WNS=-0.247 | TNS=-26.849 |
INFO: [Physopt 32-702] Processed net u_array/u_requant/p_0_in[27]. Optimizations did not improve timing on the net.
INFO: [Physopt 32-710] Processed net u_array/u_requant/q_r[34]_i_1_n_0. Critical path length was reduced through logic transformation on cell u_array/u_requant/q_r[34]_i_1_comp.
INFO: [Physopt 32-735] Processed net u_array/u_requant/q_r[35]_i_2_n_0. Optimization improves timing on the net.
INFO: [Physopt 32-619] Estimated Timing Summary | WNS=-0.244 | TNS=-26.598 |
INFO: [Physopt 32-702] Processed net u_array/u_requant/p_0_in[1]. Optimizations did not improve timing on the net.
INFO: [Physopt 32-710] Processed net u_array/u_requant/q_r[8]_i_1_n_0. Critical path length was reduced through logic transformation on cell u_array/u_requant/q_r[8]_i_1_comp.
INFO: [Physopt 32-735] Processed net u_array/u_requant/q_r[9]_i_2_n_0. Optimization improves timing on the net.
INFO: [Physopt 32-619] Estimated Timing Summary | WNS=-0.243 | TNS=-26.368 |
INFO: [Physopt 32-702] Processed net u_array/u_requant/p_0_in[31]. Optimizations did not improve timing on the net.
INFO: [Physopt 32-702] Processed net u_array/u_requant/q_r[39]_i_2_n_0. Optimizations did not improve timing on the net.
INFO: [Physopt 32-608] Optimized 1 net.  Swapped 24 pins.
INFO: [Physopt 32-735] Processed net u_array/u_requant/q_r[41]_i_3_n_0. Optimization improves timing on the net.
INFO: [Physopt 32-619] Estimated Timing Summary | WNS=-0.240 | TNS=-26.305 |
INFO: [Physopt 32-702] Processed net u_array/u_requant/p_0_in[16]. Optimizations did not improve timing on the net.
INFO: [Physopt 32-710] Processed net u_array/u_requant/q_r[23]_i_1_n_0. Critical path length was reduced through logic transformation on cell u_array/u_requant/q_r[23]_i_1_comp.
INFO: [Physopt 32-735] Processed net u_array/u_requant/q_r[23]_i_2_n_0. Optimization improves timing on the net.
INFO: [Physopt 32-619] Estimated Timing Summary | WNS=-0.226 | TNS=-26.222 |
INFO: [Physopt 32-702] Processed net u_array/u_requant/p_0_in[29]. Optimizations did not improve timing on the net.
INFO: [Physopt 32-710] Processed net u_array/u_requant/q_r[36]_i_1_n_0. Critical path length was reduced through logic transformation on cell u_array/u_requant/q_r[36]_i_1_comp.
INFO: [Physopt 32-735] Processed net u_array/u_requant/q_r[37]_i_2_n_0. Optimization improves timing on the net.
INFO: [Physopt 32-619] Estimated Timing Summary | WNS=-0.223 | TNS=-26.116 |
INFO: [Physopt 32-702] Processed net u_array/u_requant/p_0_in[3]. Optimizations did not improve timing on the net.
INFO: [Physopt 32-735] Processed net u_array/u_requant/q_r[10]_i_2_n_0. Optimization improves timing on the net.
INFO: [Physopt 32-619] Estimated Timing Summary | WNS=-0.222 | TNS=-26.052 |
INFO: [Physopt 32-702] Processed net u_array/u_requant/p_0_in[19]. Optimizations did not improve timing on the net.
INFO: [Physopt 32-710] Processed net u_array/u_requant/q_r[26]_i_1_n_0. Critical path length was reduced through logic transformation on cell u_array/u_requant/q_r[26]_i_1_comp.
INFO: [Physopt 32-735] Processed net u_array/u_requant/q_r[27]_i_2_n_0. Optimization improves timing on the net.
INFO: [Physopt 32-619] Estimated Timing Summary | WNS=-0.221 | TNS=-25.956 |
INFO: [Physopt 32-702] Processed net u_array/u_requant/p_0_in[11]. Optimizations did not improve timing on the net.
INFO: [Physopt 32-710] Processed net u_array/u_requant/q_r[18]_i_1_n_0. Critical path length was reduced through logic transformation on cell u_array/u_requant/q_r[18]_i_1_comp.
INFO: [Physopt 32-735] Processed net u_array/u_requant/q_r[19]_i_2_n_0. Optimization improves timing on the net.
INFO: [Physopt 32-619] Estimated Timing Summary | WNS=-0.212 | TNS=-25.747 |
INFO: [Physopt 32-702] Processed net u_array/u_requant/p_0_in[36]. Optimizations did not improve timing on the net.
INFO: [Physopt 32-710] Processed net u_array/u_requant/q_r[43]_i_1_n_0. Critical path length was reduced through logic transformation on cell u_array/u_requant/q_r[43]_i_1_comp.
INFO: [Physopt 32-735] Processed net u_array/u_requant/q_r[43]_i_2_n_0. Optimization improves timing on the net.
INFO: [Physopt 32-619] Estimated Timing Summary | WNS=-0.211 | TNS=-25.630 |
INFO: [Physopt 32-702] Processed net u_array/u_requant/p_0_in[6]. Optimizations did not improve timing on the net.
INFO: [Physopt 32-710] Processed net u_array/u_requant/q_r[13]_i_1_n_0. Critical path length was reduced through logic transformation on cell u_array/u_requant/q_r[13]_i_1_comp.
INFO: [Physopt 32-735] Processed net u_array/u_requant/q_r[13]_i_2_n_0. Optimization improves timing on the net.
INFO: [Physopt 32-619] Estimated Timing Summary | WNS=-0.206 | TNS=-25.485 |
INFO: [Physopt 32-702] Processed net u_array/u_requant/p_0_in[14]. Optimizations did not improve timing on the net.
INFO: [Physopt 32-710] Processed net u_array/u_requant/q_r[21]_i_1_n_0. Critical path length was reduced through logic transformation on cell u_array/u_requant/q_r[21]_i_1_comp.
INFO: [Physopt 32-735] Processed net u_array/u_requant/q_r[21]_i_2_n_0. Optimization improves timing on the net.
INFO: [Physopt 32-619] Estimated Timing Summary | WNS=-0.199 | TNS=-25.274 |
INFO: [Physopt 32-702] Processed net u_array/u_addrgen/n_len_c[2]. Optimizations did not improve timing on the net.
INFO: [Physopt 32-608] Optimized 1 net.  Swapped 14 pins.
INFO: [Physopt 32-735] Processed net u_array/u_addrgen/FSM_sequential_state[2]_i_2_n_0. Optimization improves timing on the net.
INFO: [Physopt 32-619] Estimated Timing Summary | WNS=-0.190 | TNS=-25.075 |
INFO: [Physopt 32-702] Processed net u_array/u_requant/p_0_in[18]. Optimizations did not improve timing on the net.
INFO: [Physopt 32-702] Processed net u_array/u_requant/q_r[25]_i_2_n_0. Optimizations did not improve timing on the net.
INFO: [Physopt 32-710] Processed net u_array/u_requant/q_r[25]_i_2_n_0. Critical path length was reduced through logic transformation on cell u_array/u_requant/q_r[25]_i_2_comp.
INFO: [Physopt 32-735] Processed net u_array/u_requant/q_r[27]_i_3_n_0. Optimization improves timing on the net.
INFO: [Physopt 32-619] Estimated Timing Summary | WNS=-0.187 | TNS=-24.810 |
INFO: [Physopt 32-702] Processed net u_array/u_requant/q_r_reg_n_0_[4]. Optimizations did not improve timing on the net.
INFO: [Physopt 32-710] Processed net u_array/u_requant/q_r[4]_i_1_n_0. Critical path length was reduced through logic transformation on cell u_array/u_requant/q_r[4]_i_1_comp.
INFO: [Physopt 32-735] Processed net u_array/u_requant/q_r[4]_i_2_n_0. Optimization improves timing on the net.
INFO: [Physopt 32-619] Estimated Timing Summary | WNS=-0.183 | TNS=-24.678 |
INFO: [Physopt 32-702] Processed net u_array/u_requant/p_0_in[28]. Optimizations did not improve timing on the net.
INFO: [Physopt 32-710] Processed net u_array/u_requant/q_r[35]_i_1_n_0. Critical path length was reduced through logic transformation on cell u_array/u_requant/q_r[35]_i_1_comp.
INFO: [Physopt 32-735] Processed net u_array/u_requant/q_r[35]_i_2_n_0. Optimization improves timing on the net.
INFO: [Physopt 32-619] Estimated Timing Summary | WNS=-0.182 | TNS=-24.575 |
INFO: [Physopt 32-710] Processed net u_array/u_requant/q_r[10]_i_1_n_0. Critical path length was reduced through logic transformation on cell u_array/u_requant/q_r[10]_i_1_comp.
INFO: [Physopt 32-735] Processed net u_array/u_requant/q_r[10]_i_2_n_0. Optimization improves timing on the net.
INFO: [Physopt 32-619] Estimated Timing Summary | WNS=-0.181 | TNS=-24.482 |
INFO: [Physopt 32-702] Processed net u_array/u_requant/p_0_in[34]. Optimizations did not improve timing on the net.
INFO: [Physopt 32-608] Optimized 1 net.  Swapped 20 pins.
INFO: [Physopt 32-735] Processed net u_array/u_requant/q_r[41]_i_2_n_0. Optimization improves timing on the net.
INFO: [Physopt 32-619] Estimated Timing Summary | WNS=-0.180 | TNS=-24.459 |
INFO: [Physopt 32-608] Optimized 1 net.  Swapped 24 pins.
INFO: [Physopt 32-735] Processed net u_array/u_requant/q_r[41]_i_3_n_0. Optimization improves timing on the net.
INFO: [Physopt 32-619] Estimated Timing Summary | WNS=-0.177 | TNS=-24.430 |
INFO: [Physopt 32-702] Processed net u_array/u_requant/p_0_in[33]. Optimizations did not improve timing on the net.
INFO: [Physopt 32-710] Processed net u_array/u_requant/q_r[40]_i_1_n_0. Critical path length was reduced through logic transformation on cell u_array/u_requant/q_r[40]_i_1_comp.
INFO: [Physopt 32-735] Processed net u_array/u_requant/q_r[40]_i_2_n_0. Optimization improves timing on the net.
INFO: [Physopt 32-619] Estimated Timing Summary | WNS=-0.176 | TNS=-24.263 |
INFO: [Physopt 32-702] Processed net u_array/u_requant/p_0_in[0]. Optimizations did not improve timing on the net.
INFO: [Physopt 32-710] Processed net u_array/u_requant/q_r[7]_i_1_n_0. Critical path length was reduced through logic transformation on cell u_array/u_requant/q_r[7]_i_1_comp.
INFO: [Physopt 32-735] Processed net u_array/u_requant/q_r[7]_i_2_n_0. Optimization improves timing on the net.
INFO: [Physopt 32-619] Estimated Timing Summary | WNS=-0.172 | TNS=-24.108 |
INFO: [Physopt 32-702] Processed net u_array/u_requant/p_0_in[30]. Optimizations did not improve timing on the net.
INFO: [Physopt 32-710] Processed net u_array/u_requant/q_r[37]_i_1_n_0. Critical path length was reduced through logic transformation on cell u_array/u_requant/q_r[37]_i_1_comp.
INFO: [Physopt 32-735] Processed net u_array/u_requant/q_r[38]_i_2_n_0. Optimization improves timing on the net.
INFO: [Physopt 32-619] Estimated Timing Summary | WNS=-0.172 | TNS=-24.055 |
INFO: [Physopt 32-702] Processed net u_array/u_requant/p_0_in[2]. Optimizations did not improve timing on the net.
INFO: [Physopt 32-710] Processed net u_array/u_requant/q_r[9]_i_1_n_0. Critical path length was reduced through logic transformation on cell u_array/u_requant/q_r[9]_i_1_comp.
INFO: [Physopt 32-735] Processed net u_array/u_requant/q_r[10]_i_2_n_0. Optimization improves timing on the net.
INFO: [Physopt 32-619] Estimated Timing Summary | WNS=-0.170 | TNS=-24.009 |
INFO: [Physopt 32-702] Processed net u_array/u_requant/p_0_in[5]. Optimizations did not improve timing on the net.
INFO: [Physopt 32-702] Processed net u_array/u_requant/prod_c_w__2_n_105. Optimizations did not improve timing on the net.
INFO: [Physopt 32-702] Processed net u_array/u_requant/q_r[13]_i_2_n_0. Optimizations did not improve timing on the net.
INFO: [Physopt 32-608] Optimized 1 net.  Swapped 21 pins.
INFO: [Physopt 32-735] Processed net u_array/u_requant/q_r[13]_i_3_n_0. Optimization improves timing on the net.
INFO: [Physopt 32-619] Estimated Timing Summary | WNS=-0.169 | TNS=-23.881 |
INFO: [Physopt 32-702] Processed net u_array/u_requant/p_0_in[20]. Optimizations did not improve timing on the net.
INFO: [Physopt 32-702] Processed net u_array/u_requant/q_r[27]_i_3_n_0. Optimizations did not improve timing on the net.
INFO: [Physopt 32-702] Processed net u_array/u_requant/q_r[27]_i_4_n_0. Optimizations did not improve timing on the net.
INFO: [Physopt 32-702] Processed net u_array/u_requant/prod_r[63]. Optimizations did not improve timing on the net.
INFO: [Physopt 32-702] Processed net u_array/u_requant/sticky_r_i_135_n_0. Optimizations did not improve timing on the net.
INFO: [Physopt 32-608] Optimized 1 net.  Swapped 24 pins.
INFO: [Physopt 32-735] Processed net u_array/u_requant/q_r[27]_i_1_n_0. Optimization improves timing on the net.
INFO: [Physopt 32-619] Estimated Timing Summary | WNS=-0.168 | TNS=-23.716 |
INFO: [Physopt 32-702] Processed net u_array/u_requant/p_0_in[10]. Optimizations did not improve timing on the net.
INFO: [Physopt 32-702] Processed net u_array/u_requant/q_r[17]_i_2_n_0. Optimizations did not improve timing on the net.
INFO: [Physopt 32-702] Processed net u_array/u_requant/q_r[17]_i_3_n_0. Optimizations did not improve timing on the net.
INFO: [Physopt 32-702] Processed net u_array/u_requant/q_r[17]_i_4_n_0. Optimizations did not improve timing on the net.
INFO: [Physopt 32-702] Processed net u_array/u_requant/q_r[17]_i_1_n_0. Optimizations did not improve timing on the net.
INFO: [Physopt 32-619] Estimated Timing Summary | WNS=-0.168 | TNS=-23.716 |
Netlist sorting complete. Time (s): cpu = 00:00:00 ; elapsed = 00:00:00.024 . Memory (MB): peak = 2387.652 ; gain = 0.000
Phase 32 Critical Path Optimization | Checksum: 892a0ca0

Time (s): cpu = 00:04:22 ; elapsed = 00:02:48 . Memory (MB): peak = 2387.652 ; gain = 0.000

Phase 33 Critical Path Optimization
INFO: [Physopt 32-619] Estimated Timing Summary | WNS=-0.168 | TNS=-23.716 |
INFO: [Physopt 32-702] Processed net u_array/u_requant/p_0_in[10]. Optimizations did not improve timing on the net.
INFO: [Physopt 32-702] Processed net u_array/u_requant/prod_c_w__2_n_105. Optimizations did not improve timing on the net.
INFO: [Physopt 32-702] Processed net u_array/u_requant/q_r[17]_i_2_n_0. Optimizations did not improve timing on the net.
INFO: [Physopt 32-710] Processed net u_array/u_requant/q_r[17]_i_2_n_0. Critical path length was reduced through logic transformation on cell u_array/u_requant/q_r[17]_i_2_comp_2.
INFO: [Physopt 32-735] Processed net u_array/u_requant/q_r[17]_i_3_n_0. Optimization improves timing on the net.
INFO: [Physopt 32-619] Estimated Timing Summary | WNS=-0.165 | TNS=-23.659 |
INFO: [Physopt 32-702] Processed net u_array/u_requant/p_0_in[34]. Optimizations did not improve timing on the net.
INFO: [Physopt 32-702] Processed net u_array/u_requant/q_r[42]_i_2_n_0. Optimizations did not improve timing on the net.
INFO: [Physopt 32-608] Optimized 1 net.  Swapped 17 pins.
INFO: [Physopt 32-735] Processed net u_array/u_requant/q_r[42]_i_3_n_0. Optimization improves timing on the net.
INFO: [Physopt 32-619] Estimated Timing Summary | WNS=-0.151 | TNS=-23.391 |
INFO: [Physopt 32-702] Processed net u_array/u_requant/p_0_in[31]. Optimizations did not improve timing on the net.
INFO: [Physopt 32-710] Processed net u_array/u_requant/q_r[38]_i_1_n_0. Critical path length was reduced through logic transformation on cell u_array/u_requant/q_r[38]_i_1_comp.
INFO: [Physopt 32-735] Processed net u_array/u_requant/q_r[39]_i_2_n_0. Optimization improves timing on the net.
INFO: [Physopt 32-619] Estimated Timing Summary | WNS=-0.150 | TNS=-23.312 |
INFO: [Physopt 32-702] Processed net u_array/u_requant/p_0_in[16]. Optimizations did not improve timing on the net.
INFO: [Physopt 32-702] Processed net u_array/u_requant/q_r[23]_i_3_n_0. Optimizations did not improve timing on the net.
INFO: [Physopt 32-702] Processed net u_array/u_requant/q_r[27]_i_4_n_0. Optimizations did not improve timing on the net.
INFO: [Physopt 32-702] Processed net u_array/u_requant/prod_r[63]. Optimizations did not improve timing on the net.
INFO: [Physopt 32-702] Processed net u_array/u_requant/q_r_reg[63]_i_2_n_0. Optimizations did not improve timing on the net.
INFO: [Physopt 32-702] Processed net u_array/u_requant/sticky_r_reg_i_10_n_0. Optimizations did not improve timing on the net.
INFO: [Physopt 32-702] Processed net u_array/u_requant/sticky_r_reg_i_9_n_0. Optimizations did not improve timing on the net.
INFO: [Physopt 32-702] Processed net u_array/u_requant/sticky_r_reg_i_17_n_0. Optimizations did not improve timing on the net.
INFO: [Physopt 32-702] Processed net u_array/u_requant/sticky_r_reg_i_14_n_0. Optimizations did not improve timing on the net.
INFO: [Physopt 32-702] Processed net u_array/u_requant/sticky_r_reg_i_20_n_0. Optimizations did not improve timing on the net.
INFO: [Physopt 32-702] Processed net u_array/u_requant/sticky_r_reg_i_78_n_0. Optimizations did not improve timing on the net.
INFO: [Physopt 32-702] Processed net u_array/u_requant/sticky_r_reg_i_49_n_0. Optimizations did not improve timing on the net.
INFO: [Physopt 32-702] Processed net u_array/u_requant/sticky_r_reg_i_13_n_0. Optimizations did not improve timing on the net.
INFO: [Physopt 32-702] Processed net u_array/u_requant/sticky_r_reg_i_50_n_0. Optimizations did not improve timing on the net.
INFO: [Physopt 32-702] Processed net u_array/u_requant/sticky_r_reg_i_51_n_0. Optimizations did not improve timing on the net.
INFO: [Physopt 32-702] Processed net u_array/u_requant/sticky_r_i_135_n_0. Optimizations did not improve timing on the net.
INFO: [Physopt 32-702] Processed net u_array/u_requant/q_r[23]_i_1_n_0. Optimizations did not improve timing on the net.
INFO: [Physopt 32-702] Processed net u_array/u_requant/p_0_in[16]. Optimizations did not improve timing on the net.
INFO: [Physopt 32-702] Processed net u_array/u_requant/prod_c_w__2_n_105. Optimizations did not improve timing on the net.
INFO: [Physopt 32-702] Processed net u_array/u_requant/q_r[23]_i_3_n_0. Optimizations did not improve timing on the net.
INFO: [Physopt 32-702] Processed net u_array/u_requant/q_r[27]_i_4_n_0. Optimizations did not improve timing on the net.
INFO: [Physopt 32-702] Processed net u_array/u_requant/prod_r[63]. Optimizations did not improve timing on the net.
INFO: [Physopt 32-702] Processed net u_array/u_requant/sticky_r_i_135_n_0. Optimizations did not improve timing on the net.
INFO: [Physopt 32-702] Processed net u_array/u_requant/q_r[23]_i_1_n_0. Optimizations did not improve timing on the net.
INFO: [Physopt 32-619] Estimated Timing Summary | WNS=-0.150 | TNS=-23.312 |
Netlist sorting complete. Time (s): cpu = 00:00:00 ; elapsed = 00:00:00.023 . Memory (MB): peak = 2387.652 ; gain = 0.000
Phase 33 Critical Path Optimization | Checksum: 892a0ca0

Time (s): cpu = 00:04:27 ; elapsed = 00:02:51 . Memory (MB): peak = 2387.652 ; gain = 0.000

Phase 34 BRAM Enable Optimization
Phase 34 BRAM Enable Optimization | Checksum: 892a0ca0

Time (s): cpu = 00:04:27 ; elapsed = 00:02:51 . Memory (MB): peak = 2387.652 ; gain = 0.000
INFO: [Physopt 32-960] Skip hold-fix as initial WHS does not violate hold threshold 250 ps
Netlist sorting complete. Time (s): cpu = 00:00:00 ; elapsed = 00:00:00.013 . Memory (MB): peak = 2387.652 ; gain = 0.000
INFO: [Physopt 32-603] Post Physical Optimization Timing Summary | WNS=-0.150 | TNS=-23.312 |

Summary of Physical Synthesis Optimizations
============================================


----------------------------------------------------------------------------------------------------------------------------------------------------------------------
|  Optimization            |  WNS Gain (ns)  |  TNS Gain (ns)  |  Added Cells  |  Removed Cells  |  Optimized Cells/Nets  |  Dont Touch  |  Iterations  |  Elapsed   |
----------------------------------------------------------------------------------------------------------------------------------------------------------------------
|  Fanout                  |          0.000  |          1.052  |           25  |              0  |                    11  |           0  |           3  |  00:00:08  |
|  Single Cell Placement   |          0.000  |         31.936  |            0  |              0  |                   115  |           0  |           4  |  00:00:27  |
|  Multi Cell Placement    |          0.000  |         -0.083  |            0  |              0  |                     3  |           0  |           4  |  00:00:35  |
|  Rewire                  |          0.000  |          6.612  |            0  |              0  |                     1  |           0  |           3  |  00:00:01  |
|  Critical Cell           |          0.010  |         -0.830  |            7  |              0  |                     6  |           0  |           3  |  00:00:18  |
|  SLR Crossing            |          0.000  |          0.000  |            0  |              0  |                     0  |           0  |           3  |  00:00:00  |
|  DSP Register            |          0.000  |          0.182  |          722  |              0  |                    26  |           0  |           2  |  00:00:60  |
|  BRAM Register           |          0.000  |          0.124  |          224  |              0  |                     8  |           0  |           2  |  00:00:07  |
|  URAM Register           |          0.000  |          0.000  |            0  |              0  |                     0  |           0  |           2  |  00:00:00  |
|  Shift Register          |          0.000  |          0.000  |            0  |              0  |                     0  |           0  |           2  |  00:00:00  |
|  Critical Pin            |          0.279  |         12.519  |            0  |              0  |                    53  |           0  |           1  |  00:00:00  |
|  Very High Fanout        |          0.000  |          0.000  |            0  |              0  |                     0  |           0  |           1  |  00:00:00  |
|  BRAM Enable             |          0.000  |          0.000  |            0  |              0  |                     0  |           0  |           1  |  00:00:00  |
|  Critical Path           |          0.174  |          4.386  |            0  |              0  |                    33  |           0  |           2  |  00:00:12  |
|  Total                   |          0.463  |         55.898  |          978  |              0  |                   256  |           0  |          33  |  00:02:47  |
----------------------------------------------------------------------------------------------------------------------------------------------------------------------


Netlist sorting complete. Time (s): cpu = 00:00:00 ; elapsed = 00:00:00.013 . Memory (MB): peak = 2387.652 ; gain = 0.000
Ending Physical Synthesis Task | Checksum: 22e5caf2b

Time (s): cpu = 00:04:27 ; elapsed = 00:02:51 . Memory (MB): peak = 2387.652 ; gain = 0.000
INFO: [Common 17-83] Releasing license: Implementation
1717 Infos, 1 Warnings, 0 Critical Warnings and 0 Errors encountered.
phys_opt_design completed successfully
phys_opt_design: Time (s): cpu = 00:04:33 ; elapsed = 00:02:55 . Memory (MB): peak = 2387.652 ; gain = 0.000
# route_design -directive AggressiveExplore
Command: route_design -directive AggressiveExplore
Attempting to get a license for feature 'Implementation' and/or device 'xc7z020'
INFO: [Common 17-349] Got license for feature 'Implementation' and/or device 'xc7z020'
INFO: [DRC 23-27] Running DRC with 2 threads
WARNING: [DRC 23-814] Not all possible (connectivity based) DRCs may have been run because this design is seen as Out of Context.
INFO: [Vivado_Tcl 4-198] DRC finished with 0 Errors
INFO: [Vivado_Tcl 4-199] Please refer to the DRC report (report_drc) for more information.


Starting Routing Task
INFO: [Route 35-270] Using Router directive 'AggressiveExplore'.
INFO: [Route 35-254] Multithreading enabled for route_design using a maximum of 2 CPUs

Phase 1 Build RT Design
Checksum: PlaceDB: efc00374 ConstDB: 0 ShapeSum: 7624bc53 RouteDB: 15f972f0
WARNING: [Route 35-197] Clock port "clk_i" does not have an associated HD.CLK_SRC. Without this constraint, timing analysis may not be accurate and upstream checks cannot be done to ensure correct clock placement.
WARNING: [Route 35-198] Port "s_axi_wdata[12]" does not have an associated HD.PARTPIN_LOCS, which will prevent the partial routing of the signal "s_axi_wdata[12]". Without this partial route, timing analysis to/from this port will not be accurate, and no routing information for this port can be exported.
WARNING: [Route 35-198] Port "s_axi_wdata[11]" does not have an associated HD.PARTPIN_LOCS, which will prevent the partial routing of the signal "s_axi_wdata[11]". Without this partial route, timing analysis to/from this port will not be accurate, and no routing information for this port can be exported.
WARNING: [Route 35-198] Port "s_axi_wdata[10]" does not have an associated HD.PARTPIN_LOCS, which will prevent the partial routing of the signal "s_axi_wdata[10]". Without this partial route, timing analysis to/from this port will not be accurate, and no routing information for this port can be exported.
WARNING: [Route 35-198] Port "s_axi_wdata[15]" does not have an associated HD.PARTPIN_LOCS, which will prevent the partial routing of the signal "s_axi_wdata[15]". Without this partial route, timing analysis to/from this port will not be accurate, and no routing information for this port can be exported.
WARNING: [Route 35-198] Port "s_axi_wdata[14]" does not have an associated HD.PARTPIN_LOCS, which will prevent the partial routing of the signal "s_axi_wdata[14]". Without this partial route, timing analysis to/from this port will not be accurate, and no routing information for this port can be exported.
WARNING: [Route 35-198] Port "s_axi_wdata[13]" does not have an associated HD.PARTPIN_LOCS, which will prevent the partial routing of the signal "s_axi_wdata[13]". Without this partial route, timing analysis to/from this port will not be accurate, and no routing information for this port can be exported.
WARNING: [Route 35-198] Port "s_axi_wdata[8]" does not have an associated HD.PARTPIN_LOCS, which will prevent the partial routing of the signal "s_axi_wdata[8]". Without this partial route, timing analysis to/from this port will not be accurate, and no routing information for this port can be exported.
WARNING: [Route 35-198] Port "s_axi_araddr[4]" does not have an associated HD.PARTPIN_LOCS, which will prevent the partial routing of the signal "s_axi_araddr[4]". Without this partial route, timing analysis to/from this port will not be accurate, and no routing information for this port can be exported.
WARNING: [Route 35-198] Port "s_axi_araddr[5]" does not have an associated HD.PARTPIN_LOCS, which will prevent the partial routing of the signal "s_axi_araddr[5]". Without this partial route, timing analysis to/from this port will not be accurate, and no routing information for this port can be exported.
WARNING: [Route 35-198] Port "s_axi_araddr[2]" does not have an associated HD.PARTPIN_LOCS, which will prevent the partial routing of the signal "s_axi_araddr[2]". Without this partial route, timing analysis to/from this port will not be accurate, and no routing information for this port can be exported.
WARNING: [Route 35-198] Port "s_axi_araddr[3]" does not have an associated HD.PARTPIN_LOCS, which will prevent the partial routing of the signal "s_axi_araddr[3]". Without this partial route, timing analysis to/from this port will not be accurate, and no routing information for this port can be exported.
WARNING: [Route 35-198] Port "s_axi_wdata[23]" does not have an associated HD.PARTPIN_LOCS, which will prevent the partial routing of the signal "s_axi_wdata[23]". Without this partial route, timing analysis to/from this port will not be accurate, and no routing information for this port can be exported.
WARNING: [Route 35-198] Port "s_axi_wdata[22]" does not have an associated HD.PARTPIN_LOCS, which will prevent the partial routing of the signal "s_axi_wdata[22]". Without this partial route, timing analysis to/from this port will not be accurate, and no routing information for this port can be exported.
WARNING: [Route 35-198] Port "s_axi_wdata[21]" does not have an associated HD.PARTPIN_LOCS, which will prevent the partial routing of the signal "s_axi_wdata[21]". Without this partial route, timing analysis to/from this port will not be accurate, and no routing information for this port can be exported.
WARNING: [Route 35-198] Port "s_axi_wdata[20]" does not have an associated HD.PARTPIN_LOCS, which will prevent the partial routing of the signal "s_axi_wdata[20]". Without this partial route, timing analysis to/from this port will not be accurate, and no routing information for this port can be exported.
WARNING: [Route 35-198] Port "s_axi_wdata[19]" does not have an associated HD.PARTPIN_LOCS, which will prevent the partial routing of the signal "s_axi_wdata[19]". Without this partial route, timing analysis to/from this port will not be accurate, and no routing information for this port can be exported.
WARNING: [Route 35-198] Port "s_axi_wdata[18]" does not have an associated HD.PARTPIN_LOCS, which will prevent the partial routing of the signal "s_axi_wdata[18]". Without this partial route, timing analysis to/from this port will not be accurate, and no routing information for this port can be exported.
WARNING: [Route 35-198] Port "s_axi_wdata[17]" does not have an associated HD.PARTPIN_LOCS, which will prevent the partial routing of the signal "s_axi_wdata[17]". Without this partial route, timing analysis to/from this port will not be accurate, and no routing information for this port can be exported.
WARNING: [Route 35-198] Port "s_axi_wdata[16]" does not have an associated HD.PARTPIN_LOCS, which will prevent the partial routing of the signal "s_axi_wdata[16]". Without this partial route, timing analysis to/from this port will not be accurate, and no routing information for this port can be exported.
WARNING: [Route 35-198] Port "s_axi_wdata[9]" does not have an associated HD.PARTPIN_LOCS, which will prevent the partial routing of the signal "s_axi_wdata[9]". Without this partial route, timing analysis to/from this port will not be accurate, and no routing information for this port can be exported.
WARNING: [Route 35-198] Port "s_axi_wdata[6]" does not have an associated HD.PARTPIN_LOCS, which will prevent the partial routing of the signal "s_axi_wdata[6]". Without this partial route, timing analysis to/from this port will not be accurate, and no routing information for this port can be exported.
WARNING: [Route 35-198] Port "s_axi_wdata[5]" does not have an associated HD.PARTPIN_LOCS, which will prevent the partial routing of the signal "s_axi_wdata[5]". Without this partial route, timing analysis to/from this port will not be accurate, and no routing information for this port can be exported.
WARNING: [Route 35-198] Port "s_axi_wdata[3]" does not have an associated HD.PARTPIN_LOCS, which will prevent the partial routing of the signal "s_axi_wdata[3]". Without this partial route, timing analysis to/from this port will not be accurate, and no routing information for this port can be exported.
WARNING: [Route 35-198] Port "s_axi_wdata[2]" does not have an associated HD.PARTPIN_LOCS, which will prevent the partial routing of the signal "s_axi_wdata[2]". Without this partial route, timing analysis to/from this port will not be accurate, and no routing information for this port can be exported.
WARNING: [Route 35-198] Port "s_axi_wdata[1]" does not have an associated HD.PARTPIN_LOCS, which will prevent the partial routing of the signal "s_axi_wdata[1]". Without this partial route, timing analysis to/from this port will not be accurate, and no routing information for this port can be exported.
WARNING: [Route 35-198] Port "s_axi_wdata[0]" does not have an associated HD.PARTPIN_LOCS, which will prevent the partial routing of the signal "s_axi_wdata[0]". Without this partial route, timing analysis to/from this port will not be accurate, and no routing information for this port can be exported.
WARNING: [Route 35-198] Port "s_axi_wdata[7]" does not have an associated HD.PARTPIN_LOCS, which will prevent the partial routing of the signal "s_axi_wdata[7]". Without this partial route, timing analysis to/from this port will not be accurate, and no routing information for this port can be exported.
WARNING: [Route 35-198] Port "s_axi_wdata[4]" does not have an associated HD.PARTPIN_LOCS, which will prevent the partial routing of the signal "s_axi_wdata[4]". Without this partial route, timing analysis to/from this port will not be accurate, and no routing information for this port can be exported.
WARNING: [Route 35-198] Port "s_axi_awaddr[6]" does not have an associated HD.PARTPIN_LOCS, which will prevent the partial routing of the signal "s_axi_awaddr[6]". Without this partial route, timing analysis to/from this port will not be accurate, and no routing information for this port can be exported.
WARNING: [Route 35-198] Port "s_axi_awaddr[4]" does not have an associated HD.PARTPIN_LOCS, which will prevent the partial routing of the signal "s_axi_awaddr[4]". Without this partial route, timing analysis to/from this port will not be accurate, and no routing information for this port can be exported.
WARNING: [Route 35-198] Port "s_axi_awaddr[5]" does not have an associated HD.PARTPIN_LOCS, which will prevent the partial routing of the signal "s_axi_awaddr[5]". Without this partial route, timing analysis to/from this port will not be accurate, and no routing information for this port can be exported.
WARNING: [Route 35-198] Port "s_axi_wstrb[0]" does not have an associated HD.PARTPIN_LOCS, which will prevent the partial routing of the signal "s_axi_wstrb[0]". Without this partial route, timing analysis to/from this port will not be accurate, and no routing information for this port can be exported.
WARNING: [Route 35-198] Port "s_axi_wstrb[2]" does not have an associated HD.PARTPIN_LOCS, which will prevent the partial routing of the signal "s_axi_wstrb[2]". Without this partial route, timing analysis to/from this port will not be accurate, and no routing information for this port can be exported.
WARNING: [Route 35-198] Port "s_axi_wstrb[3]" does not have an associated HD.PARTPIN_LOCS, which will prevent the partial routing of the signal "s_axi_wstrb[3]". Without this partial route, timing analysis to/from this port will not be accurate, and no routing information for this port can be exported.
WARNING: [Route 35-198] Port "s_axi_wdata[27]" does not have an associated HD.PARTPIN_LOCS, which will prevent the partial routing of the signal "s_axi_wdata[27]". Without this partial route, timing analysis to/from this port will not be accurate, and no routing information for this port can be exported.
WARNING: [Route 35-198] Port "s_axi_wdata[26]" does not have an associated HD.PARTPIN_LOCS, which will prevent the partial routing of the signal "s_axi_wdata[26]". Without this partial route, timing analysis to/from this port will not be accurate, and no routing information for this port can be exported.
WARNING: [Route 35-198] Port "s_axi_wdata[25]" does not have an associated HD.PARTPIN_LOCS, which will prevent the partial routing of the signal "s_axi_wdata[25]". Without this partial route, timing analysis to/from this port will not be accurate, and no routing information for this port can be exported.
WARNING: [Route 35-198] Port "s_axi_wdata[24]" does not have an associated HD.PARTPIN_LOCS, which will prevent the partial routing of the signal "s_axi_wdata[24]". Without this partial route, timing analysis to/from this port will not be accurate, and no routing information for this port can be exported.
WARNING: [Route 35-198] Port "s_axi_wdata[31]" does not have an associated HD.PARTPIN_LOCS, which will prevent the partial routing of the signal "s_axi_wdata[31]". Without this partial route, timing analysis to/from this port will not be accurate, and no routing information for this port can be exported.
WARNING: [Route 35-198] Port "s_axi_wdata[30]" does not have an associated HD.PARTPIN_LOCS, which will prevent the partial routing of the signal "s_axi_wdata[30]". Without this partial route, timing analysis to/from this port will not be accurate, and no routing information for this port can be exported.
WARNING: [Route 35-198] Port "s_axi_wdata[29]" does not have an associated HD.PARTPIN_LOCS, which will prevent the partial routing of the signal "s_axi_wdata[29]". Without this partial route, timing analysis to/from this port will not be accurate, and no routing information for this port can be exported.
WARNING: [Route 35-198] Port "s_axi_wdata[28]" does not have an associated HD.PARTPIN_LOCS, which will prevent the partial routing of the signal "s_axi_wdata[28]". Without this partial route, timing analysis to/from this port will not be accurate, and no routing information for this port can be exported.
WARNING: [Route 35-198] Port "s_axi_awaddr[2]" does not have an associated HD.PARTPIN_LOCS, which will prevent the partial routing of the signal "s_axi_awaddr[2]". Without this partial route, timing analysis to/from this port will not be accurate, and no routing information for this port can be exported.
WARNING: [Route 35-198] Port "s_axi_arvalid" does not have an associated HD.PARTPIN_LOCS, which will prevent the partial routing of the signal "s_axi_arvalid". Without this partial route, timing analysis to/from this port will not be accurate, and no routing information for this port can be exported.
WARNING: [Route 35-198] Port "s_axi_rready" does not have an associated HD.PARTPIN_LOCS, which will prevent the partial routing of the signal "s_axi_rready". Without this partial route, timing analysis to/from this port will not be accurate, and no routing information for this port can be exported.
WARNING: [Route 35-198] Port "s_axi_wstrb[1]" does not have an associated HD.PARTPIN_LOCS, which will prevent the partial routing of the signal "s_axi_wstrb[1]". Without this partial route, timing analysis to/from this port will not be accurate, and no routing information for this port can be exported.
WARNING: [Route 35-198] Port "s_axi_awaddr[3]" does not have an associated HD.PARTPIN_LOCS, which will prevent the partial routing of the signal "s_axi_awaddr[3]". Without this partial route, timing analysis to/from this port will not be accurate, and no routing information for this port can be exported.
WARNING: [Route 35-198] Port "s_axi_araddr[6]" does not have an associated HD.PARTPIN_LOCS, which will prevent the partial routing of the signal "s_axi_araddr[6]". Without this partial route, timing analysis to/from this port will not be accurate, and no routing information for this port can be exported.
WARNING: [Route 35-198] Port "s_axi_araddr[15]" does not have an associated HD.PARTPIN_LOCS, which will prevent the partial routing of the signal "s_axi_araddr[15]". Without this partial route, timing analysis to/from this port will not be accurate, and no routing information for this port can be exported.
WARNING: [Route 35-198] Port "s_axi_araddr[11]" does not have an associated HD.PARTPIN_LOCS, which will prevent the partial routing of the signal "s_axi_araddr[11]". Without this partial route, timing analysis to/from this port will not be accurate, and no routing information for this port can be exported.
WARNING: [Route 35-198] Port "s_axi_araddr[7]" does not have an associated HD.PARTPIN_LOCS, which will prevent the partial routing of the signal "s_axi_araddr[7]". Without this partial route, timing analysis to/from this port will not be accurate, and no routing information for this port can be exported.
WARNING: [Route 35-198] Port "s_axi_araddr[14]" does not have an associated HD.PARTPIN_LOCS, which will prevent the partial routing of the signal "s_axi_araddr[14]". Without this partial route, timing analysis to/from this port will not be accurate, and no routing information for this port can be exported.
WARNING: [Route 35-198] Port "s_axi_araddr[12]" does not have an associated HD.PARTPIN_LOCS, which will prevent the partial routing of the signal "s_axi_araddr[12]". Without this partial route, timing analysis to/from this port will not be accurate, and no routing information for this port can be exported.
WARNING: [Route 35-198] Port "s_axi_araddr[8]" does not have an associated HD.PARTPIN_LOCS, which will prevent the partial routing of the signal "s_axi_araddr[8]". Without this partial route, timing analysis to/from this port will not be accurate, and no routing information for this port can be exported.
WARNING: [Route 35-198] Port "s_axi_araddr[13]" does not have an associated HD.PARTPIN_LOCS, which will prevent the partial routing of the signal "s_axi_araddr[13]". Without this partial route, timing analysis to/from this port will not be accurate, and no routing information for this port can be exported.
WARNING: [Route 35-198] Port "s_axi_araddr[9]" does not have an associated HD.PARTPIN_LOCS, which will prevent the partial routing of the signal "s_axi_araddr[9]". Without this partial route, timing analysis to/from this port will not be accurate, and no routing information for this port can be exported.
WARNING: [Route 35-198] Port "s_axi_araddr[10]" does not have an associated HD.PARTPIN_LOCS, which will prevent the partial routing of the signal "s_axi_araddr[10]". Without this partial route, timing analysis to/from this port will not be accurate, and no routing information for this port can be exported.
WARNING: [Route 35-198] Port "m_axi_arready" does not have an associated HD.PARTPIN_LOCS, which will prevent the partial routing of the signal "m_axi_arready". Without this partial route, timing analysis to/from this port will not be accurate, and no routing information for this port can be exported.
WARNING: [Route 35-198] Port "m_axi_rvalid" does not have an associated HD.PARTPIN_LOCS, which will prevent the partial routing of the signal "m_axi_rvalid". Without this partial route, timing analysis to/from this port will not be accurate, and no routing information for this port can be exported.
WARNING: [Route 35-198] Port "m_axi_rdata[34]" does not have an associated HD.PARTPIN_LOCS, which will prevent the partial routing of the signal "m_axi_rdata[34]". Without this partial route, timing analysis to/from this port will not be accurate, and no routing information for this port can be exported.
WARNING: [Route 35-198] Port "m_axi_rdata[35]" does not have an associated HD.PARTPIN_LOCS, which will prevent the partial routing of the signal "m_axi_rdata[35]". Without this partial route, timing analysis to/from this port will not be accurate, and no routing information for this port can be exported.
WARNING: [Route 35-198] Port "m_axi_rdata[42]" does not have an associated HD.PARTPIN_LOCS, which will prevent the partial routing of the signal "m_axi_rdata[42]". Without this partial route, timing analysis to/from this port will not be accurate, and no routing information for this port can be exported.
WARNING: [Route 35-198] Port "m_axi_rdata[43]" does not have an associated HD.PARTPIN_LOCS, which will prevent the partial routing of the signal "m_axi_rdata[43]". Without this partial route, timing analysis to/from this port will not be accurate, and no routing information for this port can be exported.
WARNING: [Route 35-198] Port "m_axi_rdata[50]" does not have an associated HD.PARTPIN_LOCS, which will prevent the partial routing of the signal "m_axi_rdata[50]". Without this partial route, timing analysis to/from this port will not be accurate, and no routing information for this port can be exported.
WARNING: [Route 35-198] Port "m_axi_rdata[51]" does not have an associated HD.PARTPIN_LOCS, which will prevent the partial routing of the signal "m_axi_rdata[51]". Without this partial route, timing analysis to/from this port will not be accurate, and no routing information for this port can be exported.
WARNING: [Route 35-198] Port "m_axi_rdata[58]" does not have an associated HD.PARTPIN_LOCS, which will prevent the partial routing of the signal "m_axi_rdata[58]". Without this partial route, timing analysis to/from this port will not be accurate, and no routing information for this port can be exported.
WARNING: [Route 35-198] Port "m_axi_rdata[59]" does not have an associated HD.PARTPIN_LOCS, which will prevent the partial routing of the signal "m_axi_rdata[59]". Without this partial route, timing analysis to/from this port will not be accurate, and no routing information for this port can be exported.
WARNING: [Route 35-198] Port "m_axi_rdata[38]" does not have an associated HD.PARTPIN_LOCS, which will prevent the partial routing of the signal "m_axi_rdata[38]". Without this partial route, timing analysis to/from this port will not be accurate, and no routing information for this port can be exported.
WARNING: [Route 35-198] Port "m_axi_rdata[39]" does not have an associated HD.PARTPIN_LOCS, which will prevent the partial routing of the signal "m_axi_rdata[39]". Without this partial route, timing analysis to/from this port will not be accurate, and no routing information for this port can be exported.
WARNING: [Route 35-198] Port "m_axi_rdata[46]" does not have an associated HD.PARTPIN_LOCS, which will prevent the partial routing of the signal "m_axi_rdata[46]". Without this partial route, timing analysis to/from this port will not be accurate, and no routing information for this port can be exported.
WARNING: [Route 35-198] Port "m_axi_rdata[47]" does not have an associated HD.PARTPIN_LOCS, which will prevent the partial routing of the signal "m_axi_rdata[47]". Without this partial route, timing analysis to/from this port will not be accurate, and no routing information for this port can be exported.
WARNING: [Route 35-198] Port "m_axi_rdata[54]" does not have an associated HD.PARTPIN_LOCS, which will prevent the partial routing of the signal "m_axi_rdata[54]". Without this partial route, timing analysis to/from this port will not be accurate, and no routing information for this port can be exported.
WARNING: [Route 35-198] Port "m_axi_rdata[55]" does not have an associated HD.PARTPIN_LOCS, which will prevent the partial routing of the signal "m_axi_rdata[55]". Without this partial route, timing analysis to/from this port will not be accurate, and no routing information for this port can be exported.
WARNING: [Route 35-198] Port "m_axi_rdata[62]" does not have an associated HD.PARTPIN_LOCS, which will prevent the partial routing of the signal "m_axi_rdata[62]". Without this partial route, timing analysis to/from this port will not be accurate, and no routing information for this port can be exported.
WARNING: [Route 35-198] Port "m_axi_rdata[63]" does not have an associated HD.PARTPIN_LOCS, which will prevent the partial routing of the signal "m_axi_rdata[63]". Without this partial route, timing analysis to/from this port will not be accurate, and no routing information for this port can be exported.
WARNING: [Route 35-198] Port "m_axi_rdata[6]" does not have an associated HD.PARTPIN_LOCS, which will prevent the partial routing of the signal "m_axi_rdata[6]". Without this partial route, timing analysis to/from this port will not be accurate, and no routing information for this port can be exported.
WARNING: [Route 35-198] Port "m_axi_rdata[7]" does not have an associated HD.PARTPIN_LOCS, which will prevent the partial routing of the signal "m_axi_rdata[7]". Without this partial route, timing analysis to/from this port will not be accurate, and no routing information for this port can be exported.
WARNING: [Route 35-198] Port "m_axi_rdata[14]" does not have an associated HD.PARTPIN_LOCS, which will prevent the partial routing of the signal "m_axi_rdata[14]". Without this partial route, timing analysis to/from this port will not be accurate, and no routing information for this port can be exported.
WARNING: [Route 35-198] Port "m_axi_rdata[15]" does not have an associated HD.PARTPIN_LOCS, which will prevent the partial routing of the signal "m_axi_rdata[15]". Without this partial route, timing analysis to/from this port will not be accurate, and no routing information for this port can be exported.
WARNING: [Route 35-198] Port "m_axi_rdata[22]" does not have an associated HD.PARTPIN_LOCS, which will prevent the partial routing of the signal "m_axi_rdata[22]". Without this partial route, timing analysis to/from this port will not be accurate, and no routing information for this port can be exported.
WARNING: [Route 35-198] Port "m_axi_rdata[23]" does not have an associated HD.PARTPIN_LOCS, which will prevent the partial routing of the signal "m_axi_rdata[23]". Without this partial route, timing analysis to/from this port will not be accurate, and no routing information for this port can be exported.
WARNING: [Route 35-198] Port "m_axi_rdata[30]" does not have an associated HD.PARTPIN_LOCS, which will prevent the partial routing of the signal "m_axi_rdata[30]". Without this partial route, timing analysis to/from this port will not be accurate, and no routing information for this port can be exported.
WARNING: [Route 35-198] Port "m_axi_rdata[31]" does not have an associated HD.PARTPIN_LOCS, which will prevent the partial routing of the signal "m_axi_rdata[31]". Without this partial route, timing analysis to/from this port will not be accurate, and no routing information for this port can be exported.
WARNING: [Route 35-198] Port "m_axi_rdata[0]" does not have an associated HD.PARTPIN_LOCS, which will prevent the partial routing of the signal "m_axi_rdata[0]". Without this partial route, timing analysis to/from this port will not be accurate, and no routing information for this port can be exported.
WARNING: [Route 35-198] Port "m_axi_rdata[1]" does not have an associated HD.PARTPIN_LOCS, which will prevent the partial routing of the signal "m_axi_rdata[1]". Without this partial route, timing analysis to/from this port will not be accurate, and no routing information for this port can be exported.
WARNING: [Route 35-198] Port "m_axi_rdata[8]" does not have an associated HD.PARTPIN_LOCS, which will prevent the partial routing of the signal "m_axi_rdata[8]". Without this partial route, timing analysis to/from this port will not be accurate, and no routing information for this port can be exported.
WARNING: [Route 35-198] Port "m_axi_rdata[9]" does not have an associated HD.PARTPIN_LOCS, which will prevent the partial routing of the signal "m_axi_rdata[9]". Without this partial route, timing analysis to/from this port will not be accurate, and no routing information for this port can be exported.
WARNING: [Route 35-198] Port "m_axi_rdata[48]" does not have an associated HD.PARTPIN_LOCS, which will prevent the partial routing of the signal "m_axi_rdata[48]". Without this partial route, timing analysis to/from this port will not be accurate, and no routing information for this port can be exported.
WARNING: [Route 35-198] Port "m_axi_rdata[49]" does not have an associated HD.PARTPIN_LOCS, which will prevent the partial routing of the signal "m_axi_rdata[49]". Without this partial route, timing analysis to/from this port will not be accurate, and no routing information for this port can be exported.
WARNING: [Route 35-198] Port "m_axi_rdata[56]" does not have an associated HD.PARTPIN_LOCS, which will prevent the partial routing of the signal "m_axi_rdata[56]". Without this partial route, timing analysis to/from this port will not be accurate, and no routing information for this port can be exported.
WARNING: [Route 35-198] Port "m_axi_rdata[57]" does not have an associated HD.PARTPIN_LOCS, which will prevent the partial routing of the signal "m_axi_rdata[57]". Without this partial route, timing analysis to/from this port will not be accurate, and no routing information for this port can be exported.
WARNING: [Route 35-198] Port "m_axi_rdata[16]" does not have an associated HD.PARTPIN_LOCS, which will prevent the partial routing of the signal "m_axi_rdata[16]". Without this partial route, timing analysis to/from this port will not be accurate, and no routing information for this port can be exported.
WARNING: [Route 35-198] Port "m_axi_rdata[17]" does not have an associated HD.PARTPIN_LOCS, which will prevent the partial routing of the signal "m_axi_rdata[17]". Without this partial route, timing analysis to/from this port will not be accurate, and no routing information for this port can be exported.
WARNING: [Route 35-198] Port "m_axi_rdata[24]" does not have an associated HD.PARTPIN_LOCS, which will prevent the partial routing of the signal "m_axi_rdata[24]". Without this partial route, timing analysis to/from this port will not be accurate, and no routing information for this port can be exported.
WARNING: [Route 35-198] Port "m_axi_rdata[25]" does not have an associated HD.PARTPIN_LOCS, which will prevent the partial routing of the signal "m_axi_rdata[25]". Without this partial route, timing analysis to/from this port will not be accurate, and no routing information for this port can be exported.
WARNING: [Route 35-198] Port "m_axi_rdata[32]" does not have an associated HD.PARTPIN_LOCS, which will prevent the partial routing of the signal "m_axi_rdata[32]". Without this partial route, timing analysis to/from this port will not be accurate, and no routing information for this port can be exported.
WARNING: [Route 35-198] Port "m_axi_rdata[33]" does not have an associated HD.PARTPIN_LOCS, which will prevent the partial routing of the signal "m_axi_rdata[33]". Without this partial route, timing analysis to/from this port will not be accurate, and no routing information for this port can be exported.
WARNING: [Route 35-198] Port "m_axi_rdata[40]" does not have an associated HD.PARTPIN_LOCS, which will prevent the partial routing of the signal "m_axi_rdata[40]". Without this partial route, timing analysis to/from this port will not be accurate, and no routing information for this port can be exported.
WARNING: [Route 35-198] Port "m_axi_rdata[41]" does not have an associated HD.PARTPIN_LOCS, which will prevent the partial routing of the signal "m_axi_rdata[41]". Without this partial route, timing analysis to/from this port will not be accurate, and no routing information for this port can be exported.
WARNING: [Route 35-198] Port "m_axi_rdata[2]" does not have an associated HD.PARTPIN_LOCS, which will prevent the partial routing of the signal "m_axi_rdata[2]". Without this partial route, timing analysis to/from this port will not be accurate, and no routing information for this port can be exported.
INFO: [Common 17-14] Message 'Route 35-198' appears 100 times and further instances of the messages will be disabled. Use the Tcl command set_msg_config to change the current settings.
WARNING: [Constraints 18-8777] Unable to split tiles. All required files are not available.
Post Restoration Checksum: NetGraph: 15b98d62 | NumContArr: d630d31c | Constraints: c2a8fa9d | Timing: c2a8fa9d
Phase 1 Build RT Design | Checksum: 2713c55b8

Time (s): cpu = 00:00:22 ; elapsed = 00:00:16 . Memory (MB): peak = 2387.652 ; gain = 0.000

Phase 2 Router Initialization

Phase 2.1 Fix Topology Constraints
Phase 2.1 Fix Topology Constraints | Checksum: 2713c55b8

Time (s): cpu = 00:00:22 ; elapsed = 00:00:17 . Memory (MB): peak = 2387.652 ; gain = 0.000

Phase 2.2 Pre Route Cleanup
Phase 2.2 Pre Route Cleanup | Checksum: 2713c55b8

Time (s): cpu = 00:00:22 ; elapsed = 00:00:17 . Memory (MB): peak = 2387.652 ; gain = 0.000
 Number of Nodes with overlaps = 0

Phase 2.3 Update Timing
Phase 2.3 Update Timing | Checksum: 2abd69e67

Time (s): cpu = 00:00:29 ; elapsed = 00:00:21 . Memory (MB): peak = 2387.652 ; gain = 0.000
INFO: [Route 35-416] Intermediate Timing Summary | WNS=-0.139 | TNS=-13.390| WHS=0.093  | THS=0.000  |


Phase 2.4 Soft Constraint Pins - Fast Budgeting
Phase 2.4 Soft Constraint Pins - Fast Budgeting | Checksum: 294ac2047

Time (s): cpu = 00:00:33 ; elapsed = 00:00:23 . Memory (MB): peak = 2534.023 ; gain = 146.371

Router Utilization Summary
  Global Vertical Routing Utilization    = 0 %
  Global Horizontal Routing Utilization  = 0 %
  Routable Net Status*
  *Does not include unroutable nets such as driverless and loadless.
  Run report_route_status for detailed report.
  Number of Failed Nets               = 42838
    (Failed Nets is the sum of unrouted and partially routed nets)
  Number of Unrouted Nets             = 42838
  Number of Partially Routed Nets     = 0
  Number of Node Overlaps             = 0

Phase 2 Router Initialization | Checksum: 294ac2047

Time (s): cpu = 00:00:33 ; elapsed = 00:00:23 . Memory (MB): peak = 2534.023 ; gain = 146.371

Phase 3 Global Routing
Phase 3 Global Routing | Checksum: 294ac2047

Time (s): cpu = 00:00:33 ; elapsed = 00:00:23 . Memory (MB): peak = 2534.023 ; gain = 146.371

Phase 4 Initial Routing

Phase 4.1 Initial Net Routing Pass
Phase 4.1 Initial Net Routing Pass | Checksum: 218b79f88

Time (s): cpu = 00:00:38 ; elapsed = 00:00:26 . Memory (MB): peak = 2534.023 ; gain = 146.371
Phase 4 Initial Routing | Checksum: 218b79f88

Time (s): cpu = 00:00:38 ; elapsed = 00:00:26 . Memory (MB): peak = 2534.023 ; gain = 146.371

Phase 5 Rip-up And Reroute

Phase 5.1 Global Iteration 0
 Number of Nodes with overlaps = 5552
 Number of Nodes with overlaps = 1541
 Number of Nodes with overlaps = 583
 Number of Nodes with overlaps = 257
 Number of Nodes with overlaps = 73
 Number of Nodes with overlaps = 39
 Number of Nodes with overlaps = 14
 Number of Nodes with overlaps = 6
 Number of Nodes with overlaps = 3
 Number of Nodes with overlaps = 1
 Number of Nodes with overlaps = 0
INFO: [Route 35-416] Intermediate Timing Summary | WNS=-0.601 | TNS=-41.695| WHS=N/A    | THS=N/A    |

Phase 5.1 Global Iteration 0 | Checksum: 1b7c3ead5

Time (s): cpu = 00:01:19 ; elapsed = 00:00:57 . Memory (MB): peak = 2534.023 ; gain = 146.371

Phase 5.2 Global Iteration 1
 Number of Nodes with overlaps = 403
 Number of Nodes with overlaps = 165
 Number of Nodes with overlaps = 53
 Number of Nodes with overlaps = 23
 Number of Nodes with overlaps = 13
 Number of Nodes with overlaps = 3
 Number of Nodes with overlaps = 3
 Number of Nodes with overlaps = 1
 Number of Nodes with overlaps = 2
 Number of Nodes with overlaps = 1
 Number of Nodes with overlaps = 1
 Number of Nodes with overlaps = 1
 Number of Nodes with overlaps = 2
 Number of Nodes with overlaps = 0
INFO: [Route 35-416] Intermediate Timing Summary | WNS=-0.565 | TNS=-33.122| WHS=N/A    | THS=N/A    |

Phase 5.2 Global Iteration 1 | Checksum: 1eda27253

Time (s): cpu = 00:01:30 ; elapsed = 00:01:05 . Memory (MB): peak = 2534.023 ; gain = 146.371

Phase 5.3 Global Iteration 2
 Number of Nodes with overlaps = 352
 Number of Nodes with overlaps = 170
 Number of Nodes with overlaps = 79
 Number of Nodes with overlaps = 65
 Number of Nodes with overlaps = 23
 Number of Nodes with overlaps = 8
 Number of Nodes with overlaps = 1
 Number of Nodes with overlaps = 2
 Number of Nodes with overlaps = 2
 Number of Nodes with overlaps = 0
INFO: [Route 35-416] Intermediate Timing Summary | WNS=-0.514 | TNS=-30.802| WHS=N/A    | THS=N/A    |

Phase 5.3 Global Iteration 2 | Checksum: 26c8177d5

Time (s): cpu = 00:01:40 ; elapsed = 00:01:13 . Memory (MB): peak = 2534.023 ; gain = 146.371

Phase 5.4 Global Iteration 3
 Number of Nodes with overlaps = 324
 Number of Nodes with overlaps = 126
 Number of Nodes with overlaps = 56
 Number of Nodes with overlaps = 44
 Number of Nodes with overlaps = 14
 Number of Nodes with overlaps = 18
 Number of Nodes with overlaps = 5
 Number of Nodes with overlaps = 4
 Number of Nodes with overlaps = 5
 Number of Nodes with overlaps = 4
 Number of Nodes with overlaps = 4
 Number of Nodes with overlaps = 2
 Number of Nodes with overlaps = 0
INFO: [Route 35-416] Intermediate Timing Summary | WNS=-0.511 | TNS=-33.856| WHS=N/A    | THS=N/A    |

Phase 5.4 Global Iteration 3 | Checksum: 24ed2e9eb

Time (s): cpu = 00:01:53 ; elapsed = 00:01:23 . Memory (MB): peak = 2534.023 ; gain = 146.371

Phase 5.5 Global Iteration 4
 Number of Nodes with overlaps = 139
 Number of Nodes with overlaps = 37
 Number of Nodes with overlaps = 33
 Number of Nodes with overlaps = 30
 Number of Nodes with overlaps = 8
 Number of Nodes with overlaps = 2
 Number of Nodes with overlaps = 3
 Number of Nodes with overlaps = 1
 Number of Nodes with overlaps = 2
 Number of Nodes with overlaps = 0
INFO: [Route 35-416] Intermediate Timing Summary | WNS=-0.459 | TNS=-29.793| WHS=N/A    | THS=N/A    |

Phase 5.5 Global Iteration 4 | Checksum: 2b82931df

Time (s): cpu = 00:02:00 ; elapsed = 00:01:29 . Memory (MB): peak = 2534.023 ; gain = 146.371

Phase 5.6 Global Iteration 5
 Number of Nodes with overlaps = 183
 Number of Nodes with overlaps = 37
 Number of Nodes with overlaps = 23
 Number of Nodes with overlaps = 10
 Number of Nodes with overlaps = 16
 Number of Nodes with overlaps = 5
 Number of Nodes with overlaps = 5
 Number of Nodes with overlaps = 1
 Number of Nodes with overlaps = 2
 Number of Nodes with overlaps = 0
INFO: [Route 35-416] Intermediate Timing Summary | WNS=-0.467 | TNS=-32.336| WHS=N/A    | THS=N/A    |

Phase 5.6 Global Iteration 5 | Checksum: 310714bee

Time (s): cpu = 00:02:07 ; elapsed = 00:01:35 . Memory (MB): peak = 2534.023 ; gain = 146.371
Phase 5 Rip-up And Reroute | Checksum: 310714bee

Time (s): cpu = 00:02:07 ; elapsed = 00:01:35 . Memory (MB): peak = 2534.023 ; gain = 146.371

Phase 6 Delay and Skew Optimization

Phase 6.1 Delay CleanUp

Phase 6.1.1 Update Timing
Phase 6.1.1 Update Timing | Checksum: 310714bee

Time (s): cpu = 00:02:08 ; elapsed = 00:01:35 . Memory (MB): peak = 2534.023 ; gain = 146.371
INFO: [Route 35-416] Intermediate Timing Summary | WNS=-0.459 | TNS=-29.793| WHS=N/A    | THS=N/A    |

 Number of Nodes with overlaps = 0
Phase 6.1 Delay CleanUp | Checksum: 234a87b80

Time (s): cpu = 00:02:08 ; elapsed = 00:01:35 . Memory (MB): peak = 2534.023 ; gain = 146.371

Phase 6.2 Clock Skew Optimization
Phase 6.2 Clock Skew Optimization | Checksum: 234a87b80

Time (s): cpu = 00:02:08 ; elapsed = 00:01:35 . Memory (MB): peak = 2534.023 ; gain = 146.371
Phase 6 Delay and Skew Optimization | Checksum: 234a87b80

Time (s): cpu = 00:02:08 ; elapsed = 00:01:35 . Memory (MB): peak = 2534.023 ; gain = 146.371

Phase 7 Post Hold Fix

Phase 7.1 Hold Fix Iter
INFO: [Route 35-416] Intermediate Timing Summary | WNS=-0.459 | TNS=-28.597| WHS=0.075  | THS=0.000  |

Phase 7.1 Hold Fix Iter | Checksum: 2502336b1

Time (s): cpu = 00:02:09 ; elapsed = 00:01:36 . Memory (MB): peak = 2534.023 ; gain = 146.371
Phase 7 Post Hold Fix | Checksum: 2502336b1

Time (s): cpu = 00:02:09 ; elapsed = 00:01:36 . Memory (MB): peak = 2534.023 ; gain = 146.371

Phase 8 Timing Verification

Phase 8.1 Update Timing
Phase 8.1 Update Timing | Checksum: 2502336b1

Time (s): cpu = 00:02:12 ; elapsed = 00:01:38 . Memory (MB): peak = 2534.023 ; gain = 146.371
INFO: [Route 35-416] Intermediate Timing Summary | WNS=-0.459 | TNS=-28.597| WHS=0.075  | THS=0.000  |

Phase 8 Timing Verification | Checksum: 2502336b1

Time (s): cpu = 00:02:13 ; elapsed = 00:01:38 . Memory (MB): peak = 2534.023 ; gain = 146.371

Phase 9 Route finalize

Router Utilization Summary
  Global Vertical Routing Utilization    = 16.405 %
  Global Horizontal Routing Utilization  = 19.5712 %
  Routable Net Status*
  *Does not include unroutable nets such as driverless and loadless.
  Run report_route_status for detailed report.
  Number of Failed Nets               = 0
    (Failed Nets is the sum of unrouted and partially routed nets)
  Number of Unrouted Nets             = 0
  Number of Partially Routed Nets     = 0
  Number of Node Overlaps             = 0


--GLOBAL Congestion:
Utilization threshold used for congestion level computation: 0.85
Congestion Report
North Dir 1x1 Area, Max Cong = 84.6847%, No Congested Regions.
South Dir 1x1 Area, Max Cong = 90.991%, Congestion bounded by tiles (Lower Left Tile -> Upper Right Tile):
   INT_R_X27Y70 -> INT_R_X27Y70
   INT_L_X30Y68 -> INT_L_X30Y68
   INT_L_X28Y59 -> INT_L_X28Y59
   INT_R_X21Y45 -> INT_R_X21Y45
   INT_R_X39Y45 -> INT_R_X39Y45
East Dir 4x4 Area, Max Cong = 91.7279%, Congestion bounded by tiles (Lower Left Tile -> Upper Right Tile):
   INT_L_X16Y46 -> INT_R_X19Y49
   INT_L_X16Y42 -> INT_R_X19Y45
West Dir 1x1 Area, Max Cong = 88.2353%, Congestion bounded by tiles (Lower Left Tile -> Upper Right Tile):
   INT_L_X28Y49 -> INT_L_X28Y49
   INT_L_X28Y48 -> INT_L_X28Y48
   INT_L_X26Y42 -> INT_L_X26Y42
   INT_L_X26Y39 -> INT_L_X26Y39
   INT_L_X28Y37 -> INT_L_X28Y37

------------------------------
Reporting congestion hotspots
------------------------------
Direction: North
----------------
Congested clusters found at Level 0
Effective congestion level: 0 Aspect Ratio: 1 Sparse Ratio: 0
Direction: South
----------------
Congested clusters found at Level 0
Effective congestion level: 1 Aspect Ratio: 1 Sparse Ratio: 0.75
Direction: East
----------------
Congested clusters found at Level 2
Effective congestion level: 3 Aspect Ratio: 0.5 Sparse Ratio: 0.5
Direction: West
----------------
Congested clusters found at Level 0
Effective congestion level: 1 Aspect Ratio: 0.333333 Sparse Ratio: 0.75

Phase 9 Route finalize | Checksum: 2502336b1

Time (s): cpu = 00:02:13 ; elapsed = 00:01:38 . Memory (MB): peak = 2534.023 ; gain = 146.371

Phase 10 Verifying routed nets

 Verification completed successfully
Phase 10 Verifying routed nets | Checksum: 2502336b1

Time (s): cpu = 00:02:13 ; elapsed = 00:01:38 . Memory (MB): peak = 2534.023 ; gain = 146.371

Phase 11 Depositing Routes
Phase 11 Depositing Routes | Checksum: 245df6d81

Time (s): cpu = 00:02:16 ; elapsed = 00:01:41 . Memory (MB): peak = 2534.023 ; gain = 146.371

Phase 12 Incr Placement Change
Netlist sorting complete. Time (s): cpu = 00:00:00 ; elapsed = 00:00:00.016 . Memory (MB): peak = 2534.023 ; gain = 0.000
INFO: [Place 30-746] Post Placement Timing Summary WNS=-0.364. For the most accurate timing information please run report_timing.
Ending IncrPlace Task | Checksum: 18fa460ab

Time (s): cpu = 00:00:30 ; elapsed = 00:00:23 . Memory (MB): peak = 2534.023 ; gain = 0.000
Phase 12 Incr Placement Change | Checksum: 18fa460ab

Time (s): cpu = 00:02:46 ; elapsed = 00:02:04 . Memory (MB): peak = 2534.023 ; gain = 146.371

Phase 13 Build RT Design
Checksum: PlaceDB: 7e9c95f5 ConstDB: 0 ShapeSum: c42ffa5f RouteDB: 4cd7d057
WARNING: [Route 35-197] Clock port "clk_i" does not have an associated HD.CLK_SRC. Without this constraint, timing analysis may not be accurate and upstream checks cannot be done to ensure correct clock placement.
Post Restoration Checksum: NetGraph: 3f9e1a66 | NumContArr: ff9c4614 | Constraints: c2a8fa9d | Timing: c2a8fa9d
Phase 13 Build RT Design | Checksum: 2c48c55b4

Time (s): cpu = 00:02:54 ; elapsed = 00:02:09 . Memory (MB): peak = 2534.023 ; gain = 146.371

Phase 14 Router Initialization

Phase 14.1 Fix Topology Constraints
Phase 14.1 Fix Topology Constraints | Checksum: 2c48c55b4

Time (s): cpu = 00:02:54 ; elapsed = 00:02:09 . Memory (MB): peak = 2534.023 ; gain = 146.371

Phase 14.2 Pre Route Cleanup
Phase 14.2 Pre Route Cleanup | Checksum: 281e2dd44

Time (s): cpu = 00:02:55 ; elapsed = 00:02:09 . Memory (MB): peak = 2534.023 ; gain = 146.371
 Number of Nodes with overlaps = 0

Phase 14.3 Update Timing
Phase 14.3 Update Timing | Checksum: 12e2eebad

Time (s): cpu = 00:03:04 ; elapsed = 00:02:14 . Memory (MB): peak = 2534.023 ; gain = 146.371
INFO: [Route 35-416] Intermediate Timing Summary | WNS=-0.368 | TNS=-29.381| WHS=0.093  | THS=0.000  |


Phase 14.4 Soft Constraint Pins - Fast Budgeting
Phase 14.4 Soft Constraint Pins - Fast Budgeting | Checksum: 1c4482b04

Time (s): cpu = 00:03:08 ; elapsed = 00:02:16 . Memory (MB): peak = 2676.098 ; gain = 288.445

Router Utilization Summary
  Global Vertical Routing Utilization    = 16.3982 %
  Global Horizontal Routing Utilization  = 19.5625 %
  Routable Net Status*
  *Does not include unroutable nets such as driverless and loadless.
  Run report_route_status for detailed report.
  Number of Failed Nets               = 87
    (Failed Nets is the sum of unrouted and partially routed nets)
  Number of Unrouted Nets             = 29
  Number of Partially Routed Nets     = 58
  Number of Node Overlaps             = 0

Phase 14 Router Initialization | Checksum: 1c4482b04

Time (s): cpu = 00:03:08 ; elapsed = 00:02:17 . Memory (MB): peak = 2676.098 ; gain = 288.445

Phase 15 Global Routing
Phase 15 Global Routing | Checksum: 1c4482b04

Time (s): cpu = 00:03:08 ; elapsed = 00:02:17 . Memory (MB): peak = 2676.098 ; gain = 288.445

Phase 16 Initial Routing

Phase 16.1 Initial Net Routing Pass
Phase 16.1 Initial Net Routing Pass | Checksum: 288823c88

Time (s): cpu = 00:03:08 ; elapsed = 00:02:17 . Memory (MB): peak = 2676.098 ; gain = 288.445
Phase 16 Initial Routing | Checksum: 288823c88

Time (s): cpu = 00:03:09 ; elapsed = 00:02:17 . Memory (MB): peak = 2676.098 ; gain = 288.445

Phase 17 Rip-up And Reroute

Phase 17.1 Global Iteration 0
 Number of Nodes with overlaps = 306
 Number of Nodes with overlaps = 190
 Number of Nodes with overlaps = 150
 Number of Nodes with overlaps = 67
 Number of Nodes with overlaps = 26
 Number of Nodes with overlaps = 11
 Number of Nodes with overlaps = 7
 Number of Nodes with overlaps = 9
 Number of Nodes with overlaps = 3
 Number of Nodes with overlaps = 0
INFO: [Route 35-416] Intermediate Timing Summary | WNS=-0.581 | TNS=-31.692| WHS=N/A    | THS=N/A    |

Phase 17.1 Global Iteration 0 | Checksum: 2ac66fcc2

Time (s): cpu = 00:03:20 ; elapsed = 00:02:25 . Memory (MB): peak = 2676.098 ; gain = 288.445

Phase 17.2 Global Iteration 1
 Number of Nodes with overlaps = 194
 Number of Nodes with overlaps = 100
 Number of Nodes with overlaps = 33
 Number of Nodes with overlaps = 20
 Number of Nodes with overlaps = 15
 Number of Nodes with overlaps = 8
 Number of Nodes with overlaps = 1
 Number of Nodes with overlaps = 2
 Number of Nodes with overlaps = 8
 Number of Nodes with overlaps = 1
 Number of Nodes with overlaps = 1
 Number of Nodes with overlaps = 0
INFO: [Route 35-416] Intermediate Timing Summary | WNS=-0.615 | TNS=-29.533| WHS=N/A    | THS=N/A    |

Phase 17.2 Global Iteration 1 | Checksum: 2e0bd35de

Time (s): cpu = 00:03:27 ; elapsed = 00:02:31 . Memory (MB): peak = 2676.098 ; gain = 288.445
Phase 17 Rip-up And Reroute | Checksum: 2e0bd35de

Time (s): cpu = 00:03:27 ; elapsed = 00:02:31 . Memory (MB): peak = 2676.098 ; gain = 288.445

Phase 18 Delay and Skew Optimization

Phase 18.1 Delay CleanUp

Phase 18.1.1 Update Timing
Phase 18.1.1 Update Timing | Checksum: 2e0bd35de

Time (s): cpu = 00:03:28 ; elapsed = 00:02:32 . Memory (MB): peak = 2676.098 ; gain = 288.445
INFO: [Route 35-416] Intermediate Timing Summary | WNS=-0.581 | TNS=-31.692| WHS=N/A    | THS=N/A    |

 Number of Nodes with overlaps = 0
Phase 18.1 Delay CleanUp | Checksum: 19d3e5f2d

Time (s): cpu = 00:03:29 ; elapsed = 00:02:32 . Memory (MB): peak = 2676.098 ; gain = 288.445

Phase 18.2 Clock Skew Optimization
Phase 18.2 Clock Skew Optimization | Checksum: 19d3e5f2d

Time (s): cpu = 00:03:29 ; elapsed = 00:02:32 . Memory (MB): peak = 2676.098 ; gain = 288.445
Phase 18 Delay and Skew Optimization | Checksum: 19d3e5f2d

Time (s): cpu = 00:03:29 ; elapsed = 00:02:32 . Memory (MB): peak = 2676.098 ; gain = 288.445

Phase 19 Post Hold Fix

Phase 19.1 Hold Fix Iter
INFO: [Route 35-416] Intermediate Timing Summary | WNS=-0.460 | TNS=-32.455| WHS=0.075  | THS=0.000  |

Phase 19.1 Hold Fix Iter | Checksum: 218a8c405

Time (s): cpu = 00:03:30 ; elapsed = 00:02:33 . Memory (MB): peak = 2676.098 ; gain = 288.445
Phase 19 Post Hold Fix | Checksum: 218a8c405

Time (s): cpu = 00:03:30 ; elapsed = 00:02:33 . Memory (MB): peak = 2676.098 ; gain = 288.445

Phase 20 Timing Verification

Phase 20.1 Update Timing
Phase 20.1 Update Timing | Checksum: 218a8c405

Time (s): cpu = 00:03:33 ; elapsed = 00:02:34 . Memory (MB): peak = 2676.098 ; gain = 288.445
INFO: [Route 35-416] Intermediate Timing Summary | WNS=-0.460 | TNS=-32.455| WHS=0.075  | THS=0.000  |

Phase 20 Timing Verification | Checksum: 218a8c405

Time (s): cpu = 00:03:33 ; elapsed = 00:02:35 . Memory (MB): peak = 2676.098 ; gain = 288.445

Phase 21 Reset Design
INFO: [Route 35-307] 42999 nets already restored were skipped.
Post Restoration Checksum: NetGraph: bb3f50ee | NumContArr: a3ff8f97 | Constraints: c2a8fa9d | Timing: bb48676d

Phase 21.1 Create Timer
Phase 21.1 Create Timer | Checksum: 2dd30428f

Time (s): cpu = 00:03:33 ; elapsed = 00:02:35 . Memory (MB): peak = 2676.098 ; gain = 288.445
Phase 21 Reset Design | Checksum: 2dd30428f

Time (s): cpu = 00:03:38 ; elapsed = 00:02:37 . Memory (MB): peak = 2676.098 ; gain = 288.445
INFO: [Route 72-16] Aggressive Explore Summary
+======+========+=====+=======+=====+========+==============+===================+
| Pass |  WNS   | TNS |  WHS  | THS | Status | Elapsed Time | Solution Selected |
+======+========+=====+=======+=====+========+==============+===================+
|  1   | -0.459 |  -  | 0.075 |  -  |  Pass  |   00:01:24   |         x         |
|  2   | -0.460 |  -  | 0.075 |  -  |  Fail  |   00:00:25   |                   |
+------+--------+-----+-------+-----+--------+--------------+-------------------+


Phase 22 Post Process Routing
Phase 22 Post Process Routing | Checksum: 2dd30428f

Time (s): cpu = 00:03:38 ; elapsed = 00:02:38 . Memory (MB): peak = 2676.098 ; gain = 288.445

Phase 23 Post Router Timing
WARNING: [Timing 38-242] The property HD.CLK_SRC of clock port "clk_i" is not set. In out-of-context mode, this prevents timing estimation for clock delay/skew
Resolution: Set the HD.CLK_SRC property of the out-of-context port to the location of the clock buffer instance in the top-level design
INFO: [Route 35-20] Post Routing Timing Summary | WNS=-0.457 | TNS=-28.489| WHS=0.076  | THS=0.000  |

Phase 23 Post Router Timing | Checksum: 30cf6b55e

Time (s): cpu = 00:03:47 ; elapsed = 00:02:42 . Memory (MB): peak = 2676.098 ; gain = 288.445
CRITICAL WARNING: [Route 35-39] The design did not meet timing requirements. Please run report_timing_summary for detailed reports.
Resolution: Verify that the timing was met or had small violations at all previous steps (synthesis, placement, power_opt, and phys_opt). Run report_timing_summary and analyze individual timing paths.
INFO: [Route 35-253] TNS is the sum of the worst slack violation on every endpoint in the design. Review the paths with the biggest WNS violations in the timing reports and modify your constraints or your design to improve both WNS and TNS.
Total Elapsed time in route_design: 162.36 secs

Phase 24 Post-Route Event Processing
Phase 24 Post-Route Event Processing | Checksum: 17405506c

Time (s): cpu = 00:03:47 ; elapsed = 00:02:42 . Memory (MB): peak = 2676.098 ; gain = 288.445
INFO: [Route 35-16] Router Completed Successfully
Ending Routing Task | Checksum: 17405506c

Time (s): cpu = 00:03:47 ; elapsed = 00:02:43 . Memory (MB): peak = 2676.098 ; gain = 288.445

Routing Is Done.
INFO: [Common 17-83] Releasing license: Implementation
30 Infos, 105 Warnings, 1 Critical Warnings and 0 Errors encountered.
route_design completed successfully
route_design: Time (s): cpu = 00:03:48 ; elapsed = 00:02:43 . Memory (MB): peak = 2676.098 ; gain = 288.445
# report_utilization    -file $OUT/ooc_v23_utilization.rpt
# report_timing_summary -file $OUT/ooc_v23_timing.rpt
INFO: [Timing 38-91] UpdateTimingParams: Speed grade: -1, Delay Type: min_max.
INFO: [Timing 38-191] Multithreading enabled for timing update using a maximum of 2 CPUs
WARNING: [Timing 38-242] The property HD.CLK_SRC of clock port "clk_i" is not set. In out-of-context mode, this prevents timing estimation for clock delay/skew
Resolution: Set the HD.CLK_SRC property of the out-of-context port to the location of the clock buffer instance in the top-level design
report_timing_summary: Time (s): cpu = 00:00:09 ; elapsed = 00:00:06 . Memory (MB): peak = 2676.098 ; gain = 0.000
# report_drc            -file $OUT/ooc_v23_drc.rpt
Command: report_drc -file E:/competition/2_fpga/3_yolo_zynq/proj/ooc_gate/ooc_v23_drc.rpt
INFO: [IP_Flow 19-1839] IP Catalog is up to date.
INFO: [DRC 23-27] Running DRC with 2 threads
WARNING: [DRC 23-814] Not all possible (connectivity based) DRCs may have been run because this design is seen as Out of Context.
INFO: [Vivado_Tcl 2-168] The results of DRC are in file E:/competition/2_fpga/3_yolo_zynq/proj/ooc_gate/ooc_v23_drc.rpt.
report_drc completed successfully
# report_route_status   -file $OUT/ooc_v23_route_status.rpt
# write_checkpoint      -force $OUT/ooc_v23_routed.dcp
INFO: [Timing 38-480] Writing timing data to binary archive.
Wrote PlaceDB: Time (s): cpu = 00:00:00 ; elapsed = 00:00:00 . Memory (MB): peak = 2676.098 ; gain = 0.000
Wrote PulsedLatchDB: Time (s): cpu = 00:00:00 ; elapsed = 00:00:00.001 . Memory (MB): peak = 2676.098 ; gain = 0.000
Writing XDEF routing.
Writing XDEF routing logical nets.
Write ShapeDB Complete: Time (s): cpu = 00:00:00 ; elapsed = 00:00:00.063 . Memory (MB): peak = 2676.098 ; gain = 0.000
Writing XDEF routing special nets.
Wrote RouteStorage: Time (s): cpu = 00:00:01 ; elapsed = 00:00:00.247 . Memory (MB): peak = 2676.098 ; gain = 0.000
Wrote PlaceStorage: Time (s): cpu = 00:00:02 ; elapsed = 00:00:00.897 . Memory (MB): peak = 2676.098 ; gain = 0.000
Wrote Netlist Cache: Time (s): cpu = 00:00:00 ; elapsed = 00:00:00.042 . Memory (MB): peak = 2676.098 ; gain = 0.000
Wrote Device Cache: Time (s): cpu = 00:00:00 ; elapsed = 00:00:00.007 . Memory (MB): peak = 2676.098 ; gain = 0.000
Write Physdb Complete: Time (s): cpu = 00:00:03 ; elapsed = 00:00:01 . Memory (MB): peak = 2676.098 ; gain = 0.000
INFO: [Common 17-1381] The checkpoint 'E:/competition/2_fpga/3_yolo_zynq/proj/ooc_gate/ooc_v23_routed.dcp' has been generated.
# set ndsp   [llength [get_cells -hier -filter {REF_NAME =~ DSP48E1}]]
# set nbram36 [llength [get_cells -hier -filter {REF_NAME =~ RAMB36E1}]]
WARNING: [Vivado 12-180] No cells matched 'get_cells -hier -filter {REF_NAME =~ RAMB18E1}'.
# set nbram18 [llength [get_cells -hier -filter {REF_NAME =~ RAMB18E1}]]
# puts "OOC_V23_RES dsp48e1=$ndsp ramb36=$nbram36 ramb18=$nbram18"
OOC_V23_RES dsp48e1=141 ramb36=20 ramb18=0
# report_timing -max_paths 10 -path_type summary \
#     -file $OUT/ooc_v23_top10.rpt
INFO: [Timing 38-91] UpdateTimingParams: Speed grade: -1, Delay Type: max.
INFO: [Timing 38-191] Multithreading enabled for timing update using a maximum of 2 CPUs
INFO: [Timing 38-78] ReportTimingParams: -max_paths 10 -nworst 1 -delay_type max -sort_by slack.
# set wns [get_property SLACK [get_timing_paths -delay_type max -max_paths 1]]
# set whs [get_property SLACK [get_timing_paths -delay_type min -max_paths 1]]
# set fmax [expr {1000.0 / (6.667 - $wns)}]
# if {$wns >= 0} {
#     puts "GEMM16_OOC_TIMING_PASS wns_ns=$wns whs_ns=$whs fmax_mhz=$fmax target_mhz=150.0"
# } else {
#     puts "GEMM16_OOC_TIMING_FAIL wns_ns=$wns whs_ns=$whs fmax_mhz=$fmax target_mhz=150.0"
# }
GEMM16_OOC_TIMING_FAIL wns_ns=-0.457 whs_ns=0.076 fmax_mhz=140.37057832678272 target_mhz=150.0
INFO: [Common 17-206] Exiting Vivado at Thu Sep 17 02:50:49 2026...
