#-----------------------------------------------------------
# Vivado v2025.2 (64-bit)
# SW Build 6299465 on Fri Nov 14 19:35:11 GMT 2025
# IP Build 6300035 on Fri Nov 14 10:48:45 MST 2025
# SharedData Build 6298862 on Thu Nov 13 04:50:51 MST 2025
# Start of session at: Wed Sep 16 23:19:55 2026
# Process ID         : 43092
# Current directory  : E:/competition/2_fpga/3_yolo_zynq/proj/ooc_gate
# Command line       : vivado.exe -mode batch -source ooc_v16.tcl -nojournal -log ooc_v16_vivado.log
# Log file           : E:/competition/2_fpga/3_yolo_zynq/proj/ooc_gate/ooc_v16_vivado.log
# Journal file       : 
# Running On         : HC-202510241838
# Platform           : Windows Server 2016 or Windows 10
# Operating System   : 26200
# Processor Detail   : AMD Ryzen 5 9600X 6-Core Processor             
# CPU Frequency      : 3893 MHz
# CPU Physical cores : 6
# CPU Logical cores  : 12
# Host memory        : 33410 MB
# Swap memory        : 21474 MB
# Total Virtual      : 54884 MB
# Available Virtual  : 18967 MB
#-----------------------------------------------------------
source ooc_v16.tcl
# set RTL E:/competition/2_fpga/3_yolo_zynq/rtl
# set IPD E:/competition/2_fpga/3_yolo_zynq/ip
# set OUT E:/competition/2_fpga/3_yolo_zynq/proj/ooc_gate
# set filelist [list \
#     $RTL/yolo_engine_top.v \
#     $RTL/yolo_gemm_array.v \
#     $RTL/yolo_csr.v \
#     $RTL/yolo_ctrl.v \
#     $RTL/yolo_dma.v \
#     $RTL/yolo_dma_wr.v \
#     $RTL/yolo_wbuf.v \
#     $RTL/yolo_xbuf.v \
#     $RTL/yolo_addrgen.v \
#     $RTL/yolo_pe_pack.v \
#     $RTL/yolo_acc.v \
#     $RTL/yolo_requant.v \
#     $RTL/yolo_silu_lut.v \
# ]
# read_verilog $filelist
# read_ip $IPD/yolo_xbuf_bmg/yolo_xbuf_bmg.xci
INFO: [IP_Flow 19-234] Refreshing IP repositories
INFO: [IP_Flow 19-1704] No user IP repositories specified
INFO: [IP_Flow 19-2313] Loaded Vivado IP repository 'F:/vivado2025/2025.2/Vivado/data/ip'.
WARNING: [Vivado 12-13650] The IP file 'E:/competition/2_fpga/3_yolo_zynq/ip/yolo_xbuf_bmg/yolo_xbuf_bmg.xci' has been moved from its original location, as a result the outputs for this IP will now be generated in 'e:/competition/2_fpga/3_yolo_zynq/ip/yolo_xbuf_bmg'. Alternatively a copy of the IP can be imported into the project using one of the 'import_ip' or 'import_files' commands.
# synth_design -top yolo_engine_top -part xc7z020clg484-1 -mode out_of_context
Command: synth_design -top yolo_engine_top -part xc7z020clg484-1 -mode out_of_context
Starting synth_design
WARNING: [IP_Flow 19-2162] IP 'yolo_xbuf_bmg' is locked:
* Current project part 'xc7vx485tffg1157-1' and the part 'xc7z020clg484-1' used to customize the IP 'yolo_xbuf_bmg' do not match.
Attempting to get a license for feature 'Synthesis' and/or device 'xc7z020'
INFO: [Common 17-349] Got license for feature 'Synthesis' and/or device 'xc7z020'
INFO: [Device 21-403] Loading part xc7z020clg484-1
INFO: [Synth 8-7079] Multithreading enabled for synth_design using a maximum of 2 processes.
INFO: [Synth 8-7078] Launching helper process for spawning children vivado processes
INFO: [Synth 8-7075] Helper process launched with PID 42776
---------------------------------------------------------------------------------
Starting RTL Elaboration : Time (s): cpu = 00:00:03 ; elapsed = 00:00:03 . Memory (MB): peak = 1349.547 ; gain = 541.059
---------------------------------------------------------------------------------
INFO: [Synth 8-6157] synthesizing module 'yolo_engine_top' [E:/competition/2_fpga/3_yolo_zynq/rtl/yolo_engine_top.v:32]
INFO: [Synth 8-6157] synthesizing module 'yolo_csr' [E:/competition/2_fpga/3_yolo_zynq/rtl/yolo_csr.v:69]
	Parameter C_BASEADDR bound to: 1136721920 - type: integer 
	Parameter OC_AW bound to: 11 - type: integer 
	Parameter N_AW bound to: 16 - type: integer 
	Parameter K_AW bound to: 12 - type: integer 
INFO: [Synth 8-6155] done synthesizing module 'yolo_csr' (0#1) [E:/competition/2_fpga/3_yolo_zynq/rtl/yolo_csr.v:69]
INFO: [Synth 8-6157] synthesizing module 'yolo_gemm_array' [E:/competition/2_fpga/3_yolo_zynq/rtl/yolo_gemm_array.v:151]
	Parameter OC_EDGE bound to: 16 - type: integer 
	Parameter N_EDGE bound to: 16 - type: integer 
	Parameter K_MAX bound to: 2304 - type: integer 
	Parameter AW bound to: 12 - type: integer 
	Parameter ROW_AW bound to: 4 - type: integer 
	Parameter COL_AW bound to: 4 - type: integer 
	Parameter ADDR_W bound to: 32 - type: integer 
	Parameter LEN_W bound to: 24 - type: integer 
	Parameter OC_AW bound to: 11 - type: integer 
	Parameter N_AW bound to: 16 - type: integer 
	Parameter K_AW bound to: 12 - type: integer 
	Parameter TILE_AW bound to: 12 - type: integer 
	Parameter MAX_BURST bound to: 16 - type: integer 
INFO: [Synth 8-6157] synthesizing module 'yolo_pe_pack' [E:/competition/2_fpga/3_yolo_zynq/rtl/yolo_pe_pack.v:96]
INFO: [Synth 8-6157] synthesizing module 'DSP48E1' [F:/vivado2025/2025.2/Vivado/scripts/rt/data/unisim_comp.v:48135]
	Parameter ACASCREG bound to: 1 - type: integer 
	Parameter ADREG bound to: 0 - type: integer 
	Parameter ALUMODEREG bound to: 0 - type: integer 
	Parameter AREG bound to: 1 - type: integer 
	Parameter A_INPUT bound to: DIRECT - type: string 
	Parameter BCASCREG bound to: 1 - type: integer 
	Parameter BREG bound to: 1 - type: integer 
	Parameter B_INPUT bound to: DIRECT - type: string 
	Parameter CARRYINREG bound to: 0 - type: integer 
	Parameter CARRYINSELREG bound to: 0 - type: integer 
	Parameter CREG bound to: 1 - type: integer 
	Parameter DREG bound to: 1 - type: integer 
	Parameter INMODEREG bound to: 0 - type: integer 
	Parameter MREG bound to: 1 - type: integer 
	Parameter OPMODEREG bound to: 0 - type: integer 
	Parameter PREG bound to: 1 - type: integer 
	Parameter USE_DPORT bound to: FALSE - type: string 
	Parameter USE_MULT bound to: MULTIPLY - type: string 
	Parameter USE_PATTERN_DETECT bound to: NO_PATDET - type: string 
	Parameter USE_SIMD bound to: ONE48 - type: string 
INFO: [Synth 8-6155] done synthesizing module 'DSP48E1' (0#1) [F:/vivado2025/2025.2/Vivado/scripts/rt/data/unisim_comp.v:48135]
INFO: [Synth 8-6155] done synthesizing module 'yolo_pe_pack' (0#1) [E:/competition/2_fpga/3_yolo_zynq/rtl/yolo_pe_pack.v:96]
INFO: [Synth 8-6157] synthesizing module 'yolo_acc' [E:/competition/2_fpga/3_yolo_zynq/rtl/yolo_acc.v:30]
	Parameter N_LANES bound to: 8 - type: integer 
	Parameter DATA_W bound to: 32 - type: integer 
INFO: [Synth 8-6155] done synthesizing module 'yolo_acc' (0#1) [E:/competition/2_fpga/3_yolo_zynq/rtl/yolo_acc.v:30]
INFO: [Synth 8-6157] synthesizing module 'yolo_ctrl' [E:/competition/2_fpga/3_yolo_zynq/rtl/yolo_ctrl.v:77]
	Parameter OC_EDGE bound to: 16 - type: integer 
	Parameter N_EDGE bound to: 16 - type: integer 
	Parameter OC_AW bound to: 11 - type: integer 
	Parameter N_AW bound to: 16 - type: integer 
	Parameter K_AW bound to: 12 - type: integer 
	Parameter TILE_AW bound to: 12 - type: integer 
INFO: [Synth 8-6155] done synthesizing module 'yolo_ctrl' (0#1) [E:/competition/2_fpga/3_yolo_zynq/rtl/yolo_ctrl.v:77]
INFO: [Synth 8-6157] synthesizing module 'yolo_dma' [E:/competition/2_fpga/3_yolo_zynq/rtl/yolo_dma.v:37]
	Parameter ADDR_W bound to: 32 - type: integer 
	Parameter LEN_W bound to: 24 - type: integer 
	Parameter MAX_BURST bound to: 16 - type: integer 
INFO: [Synth 8-6155] done synthesizing module 'yolo_dma' (0#1) [E:/competition/2_fpga/3_yolo_zynq/rtl/yolo_dma.v:37]
INFO: [Synth 8-6157] synthesizing module 'yolo_addrgen' [E:/competition/2_fpga/3_yolo_zynq/rtl/yolo_addrgen.v:89]
	Parameter AW bound to: 32 - type: integer 
INFO: [Synth 8-6155] done synthesizing module 'yolo_addrgen' (0#1) [E:/competition/2_fpga/3_yolo_zynq/rtl/yolo_addrgen.v:89]
INFO: [Synth 8-6157] synthesizing module 'yolo_wbuf' [E:/competition/2_fpga/3_yolo_zynq/rtl/yolo_wbuf.v:33]
	Parameter N_ROWS bound to: 16 - type: integer 
	Parameter K_MAX bound to: 2304 - type: integer 
	Parameter AW bound to: 12 - type: integer 
	Parameter ROW_AW bound to: 4 - type: integer 
INFO: [Synth 8-6155] done synthesizing module 'yolo_wbuf' (0#1) [E:/competition/2_fpga/3_yolo_zynq/rtl/yolo_wbuf.v:33]
INFO: [Synth 8-6157] synthesizing module 'yolo_xbuf' [E:/competition/2_fpga/3_yolo_zynq/rtl/yolo_xbuf.v:85]
	Parameter N_COLS bound to: 16 - type: integer 
	Parameter K_MAX bound to: 2304 - type: integer 
	Parameter AW bound to: 12 - type: integer 
	Parameter COL_AW bound to: 4 - type: integer 
INFO: [Synth 8-6157] synthesizing module 'yolo_xbuf_bmg' [E:/competition/2_fpga/3_yolo_zynq/proj/ooc_gate/.Xil/Vivado-43092-HC-202510241838/realtime/yolo_xbuf_bmg_stub.v:6]
INFO: [Synth 8-6155] done synthesizing module 'yolo_xbuf_bmg' (0#1) [E:/competition/2_fpga/3_yolo_zynq/proj/ooc_gate/.Xil/Vivado-43092-HC-202510241838/realtime/yolo_xbuf_bmg_stub.v:6]
INFO: [Synth 8-6155] done synthesizing module 'yolo_xbuf' (0#1) [E:/competition/2_fpga/3_yolo_zynq/rtl/yolo_xbuf.v:85]
INFO: [Synth 8-6157] synthesizing module 'yolo_requant' [E:/competition/2_fpga/3_yolo_zynq/rtl/yolo_requant.v:57]
	Parameter ACC_W bound to: 32 - type: integer 
INFO: [Synth 8-6155] done synthesizing module 'yolo_requant' (0#1) [E:/competition/2_fpga/3_yolo_zynq/rtl/yolo_requant.v:57]
INFO: [Synth 8-6157] synthesizing module 'yolo_silu_lut' [E:/competition/2_fpga/3_yolo_zynq/rtl/yolo_silu_lut.v:30]
	Parameter DW bound to: 8 - type: integer 
	Parameter AW bound to: 8 - type: integer 
INFO: [Synth 8-6155] done synthesizing module 'yolo_silu_lut' (0#1) [E:/competition/2_fpga/3_yolo_zynq/rtl/yolo_silu_lut.v:30]
INFO: [Synth 8-6157] synthesizing module 'yolo_dma_wr' [E:/competition/2_fpga/3_yolo_zynq/rtl/yolo_dma_wr.v:74]
	Parameter ADDR_W bound to: 32 - type: integer 
	Parameter LEN_W bound to: 24 - type: integer 
	Parameter MAX_BURST bound to: 16 - type: integer 
INFO: [Synth 8-6155] done synthesizing module 'yolo_dma_wr' (0#1) [E:/competition/2_fpga/3_yolo_zynq/rtl/yolo_dma_wr.v:74]
INFO: [Synth 8-226] default block is never used [E:/competition/2_fpga/3_yolo_zynq/rtl/yolo_gemm_array.v:1199]
INFO: [Synth 8-6155] done synthesizing module 'yolo_gemm_array' (0#1) [E:/competition/2_fpga/3_yolo_zynq/rtl/yolo_gemm_array.v:151]
INFO: [Synth 8-6155] done synthesizing module 'yolo_engine_top' (0#1) [E:/competition/2_fpga/3_yolo_zynq/rtl/yolo_engine_top.v:32]
WARNING: [Synth 8-6014] Unused sequential element oc_total_r_reg was removed.  [E:/competition/2_fpga/3_yolo_zynq/rtl/yolo_ctrl.v:181]
WARNING: [Synth 8-6014] Unused sequential element n_total_r_reg was removed.  [E:/competition/2_fpga/3_yolo_zynq/rtl/yolo_ctrl.v:182]
WARNING: [Synth 8-6014] Unused sequential element oy_r_reg was removed.  [E:/competition/2_fpga/3_yolo_zynq/rtl/yolo_addrgen.v:244]
WARNING: [Synth 8-6014] Unused sequential element ic_r_reg was removed.  [E:/competition/2_fpga/3_yolo_zynq/rtl/yolo_addrgen.v:247]
WARNING: [Synth 8-6014] Unused sequential element sh_iw_r_reg was removed.  [E:/competition/2_fpga/3_yolo_zynq/rtl/yolo_addrgen.v:269]
WARNING: [Synth 8-6014] Unused sequential element cfg_oc_total_r_reg was removed.  [E:/competition/2_fpga/3_yolo_zynq/rtl/yolo_gemm_array.v:363]
WARNING: [Synth 8-6014] Unused sequential element row_start_d1_r_reg was removed.  [E:/competition/2_fpga/3_yolo_zynq/rtl/yolo_gemm_array.v:977]
WARNING: [Synth 8-6014] Unused sequential element row_start_d2_r_reg was removed.  [E:/competition/2_fpga/3_yolo_zynq/rtl/yolo_gemm_array.v:1067]
WARNING: [Synth 8-6014] Unused sequential element row_start_d3_r_reg was removed.  [E:/competition/2_fpga/3_yolo_zynq/rtl/yolo_gemm_array.v:1068]
WARNING: [Synth 8-6014] Unused sequential element row_start_d4_r_reg was removed.  [E:/competition/2_fpga/3_yolo_zynq/rtl/yolo_gemm_array.v:1069]
WARNING: [Synth 8-6014] Unused sequential element row_start_d5_r_reg was removed.  [E:/competition/2_fpga/3_yolo_zynq/rtl/yolo_gemm_array.v:1070]
WARNING: [Synth 8-6014] Unused sequential element row_start_d6_r_reg was removed.  [E:/competition/2_fpga/3_yolo_zynq/rtl/yolo_gemm_array.v:1071]
WARNING: [Synth 8-6014] Unused sequential element row_start_d7_r_reg was removed.  [E:/competition/2_fpga/3_yolo_zynq/rtl/yolo_gemm_array.v:1072]
WARNING: [Synth 8-7137] Register seg_buf_r_reg in module yolo_gemm_array has both Set and reset with same priority. This may cause simulation mismatches. Consider rewriting code  [E:/competition/2_fpga/3_yolo_zynq/rtl/yolo_gemm_array.v:1157]
WARNING: [Synth 8-6014] Unused sequential element cfg_wbase_r_reg was removed.  [E:/competition/2_fpga/3_yolo_zynq/rtl/yolo_gemm_array.v:372]
WARNING: [Synth 8-6014] Unused sequential element kbyte_cnt_r_reg was removed.  [E:/competition/2_fpga/3_yolo_zynq/rtl/yolo_gemm_array.v:605]
WARNING: [Synth 8-7129] Port bresp_i[1] in module yolo_dma_wr is either unconnected or has no load
WARNING: [Synth 8-7129] Port bresp_i[0] in module yolo_dma_wr is either unconnected or has no load
WARNING: [Synth 8-7129] Port ic_i[15] in module yolo_addrgen is either unconnected or has no load
WARNING: [Synth 8-7129] Port ic_i[14] in module yolo_addrgen is either unconnected or has no load
WARNING: [Synth 8-7129] Port ic_i[13] in module yolo_addrgen is either unconnected or has no load
WARNING: [Synth 8-7129] Port ic_i[12] in module yolo_addrgen is either unconnected or has no load
WARNING: [Synth 8-7129] Port ic_i[11] in module yolo_addrgen is either unconnected or has no load
WARNING: [Synth 8-7129] Port ic_i[10] in module yolo_addrgen is either unconnected or has no load
WARNING: [Synth 8-7129] Port ic_i[9] in module yolo_addrgen is either unconnected or has no load
WARNING: [Synth 8-7129] Port ic_i[8] in module yolo_addrgen is either unconnected or has no load
WARNING: [Synth 8-7129] Port ic_i[7] in module yolo_addrgen is either unconnected or has no load
WARNING: [Synth 8-7129] Port ic_i[6] in module yolo_addrgen is either unconnected or has no load
WARNING: [Synth 8-7129] Port ic_i[5] in module yolo_addrgen is either unconnected or has no load
WARNING: [Synth 8-7129] Port ic_i[4] in module yolo_addrgen is either unconnected or has no load
WARNING: [Synth 8-7129] Port ic_i[3] in module yolo_addrgen is either unconnected or has no load
WARNING: [Synth 8-7129] Port ic_i[2] in module yolo_addrgen is either unconnected or has no load
WARNING: [Synth 8-7129] Port ic_i[1] in module yolo_addrgen is either unconnected or has no load
WARNING: [Synth 8-7129] Port ic_i[0] in module yolo_addrgen is either unconnected or has no load
WARNING: [Synth 8-7129] Port rlast_i in module yolo_dma is either unconnected or has no load
WARNING: [Synth 8-7129] Port dsc_wbase_i[31] in module yolo_gemm_array is either unconnected or has no load
WARNING: [Synth 8-7129] Port dsc_wbase_i[30] in module yolo_gemm_array is either unconnected or has no load
WARNING: [Synth 8-7129] Port dsc_wbase_i[29] in module yolo_gemm_array is either unconnected or has no load
WARNING: [Synth 8-7129] Port dsc_wbase_i[28] in module yolo_gemm_array is either unconnected or has no load
WARNING: [Synth 8-7129] Port dsc_wbase_i[27] in module yolo_gemm_array is either unconnected or has no load
WARNING: [Synth 8-7129] Port dsc_wbase_i[26] in module yolo_gemm_array is either unconnected or has no load
WARNING: [Synth 8-7129] Port dsc_wbase_i[25] in module yolo_gemm_array is either unconnected or has no load
WARNING: [Synth 8-7129] Port dsc_wbase_i[24] in module yolo_gemm_array is either unconnected or has no load
WARNING: [Synth 8-7129] Port dsc_wbase_i[23] in module yolo_gemm_array is either unconnected or has no load
WARNING: [Synth 8-7129] Port dsc_wbase_i[22] in module yolo_gemm_array is either unconnected or has no load
WARNING: [Synth 8-7129] Port dsc_wbase_i[21] in module yolo_gemm_array is either unconnected or has no load
WARNING: [Synth 8-7129] Port dsc_wbase_i[20] in module yolo_gemm_array is either unconnected or has no load
WARNING: [Synth 8-7129] Port dsc_wbase_i[19] in module yolo_gemm_array is either unconnected or has no load
WARNING: [Synth 8-7129] Port dsc_wbase_i[18] in module yolo_gemm_array is either unconnected or has no load
WARNING: [Synth 8-7129] Port dsc_wbase_i[17] in module yolo_gemm_array is either unconnected or has no load
WARNING: [Synth 8-7129] Port dsc_wbase_i[16] in module yolo_gemm_array is either unconnected or has no load
WARNING: [Synth 8-7129] Port dsc_wbase_i[15] in module yolo_gemm_array is either unconnected or has no load
WARNING: [Synth 8-7129] Port dsc_wbase_i[14] in module yolo_gemm_array is either unconnected or has no load
WARNING: [Synth 8-7129] Port dsc_wbase_i[13] in module yolo_gemm_array is either unconnected or has no load
WARNING: [Synth 8-7129] Port dsc_wbase_i[12] in module yolo_gemm_array is either unconnected or has no load
WARNING: [Synth 8-7129] Port dsc_wbase_i[11] in module yolo_gemm_array is either unconnected or has no load
WARNING: [Synth 8-7129] Port dsc_wbase_i[10] in module yolo_gemm_array is either unconnected or has no load
WARNING: [Synth 8-7129] Port dsc_wbase_i[9] in module yolo_gemm_array is either unconnected or has no load
WARNING: [Synth 8-7129] Port dsc_wbase_i[8] in module yolo_gemm_array is either unconnected or has no load
WARNING: [Synth 8-7129] Port dsc_wbase_i[7] in module yolo_gemm_array is either unconnected or has no load
WARNING: [Synth 8-7129] Port dsc_wbase_i[6] in module yolo_gemm_array is either unconnected or has no load
WARNING: [Synth 8-7129] Port dsc_wbase_i[5] in module yolo_gemm_array is either unconnected or has no load
WARNING: [Synth 8-7129] Port dsc_wbase_i[4] in module yolo_gemm_array is either unconnected or has no load
WARNING: [Synth 8-7129] Port dsc_wbase_i[3] in module yolo_gemm_array is either unconnected or has no load
WARNING: [Synth 8-7129] Port dsc_wbase_i[2] in module yolo_gemm_array is either unconnected or has no load
WARNING: [Synth 8-7129] Port dsc_wbase_i[1] in module yolo_gemm_array is either unconnected or has no load
WARNING: [Synth 8-7129] Port dsc_wbase_i[0] in module yolo_gemm_array is either unconnected or has no load
WARNING: [Synth 8-7129] Port s_axi_awaddr[31] in module yolo_csr is either unconnected or has no load
WARNING: [Synth 8-7129] Port s_axi_awaddr[30] in module yolo_csr is either unconnected or has no load
WARNING: [Synth 8-7129] Port s_axi_awaddr[29] in module yolo_csr is either unconnected or has no load
WARNING: [Synth 8-7129] Port s_axi_awaddr[28] in module yolo_csr is either unconnected or has no load
WARNING: [Synth 8-7129] Port s_axi_awaddr[27] in module yolo_csr is either unconnected or has no load
WARNING: [Synth 8-7129] Port s_axi_awaddr[26] in module yolo_csr is either unconnected or has no load
WARNING: [Synth 8-7129] Port s_axi_awaddr[25] in module yolo_csr is either unconnected or has no load
WARNING: [Synth 8-7129] Port s_axi_awaddr[24] in module yolo_csr is either unconnected or has no load
WARNING: [Synth 8-7129] Port s_axi_awaddr[23] in module yolo_csr is either unconnected or has no load
WARNING: [Synth 8-7129] Port s_axi_awaddr[22] in module yolo_csr is either unconnected or has no load
WARNING: [Synth 8-7129] Port s_axi_awaddr[21] in module yolo_csr is either unconnected or has no load
WARNING: [Synth 8-7129] Port s_axi_awaddr[20] in module yolo_csr is either unconnected or has no load
WARNING: [Synth 8-7129] Port s_axi_awaddr[19] in module yolo_csr is either unconnected or has no load
WARNING: [Synth 8-7129] Port s_axi_awaddr[18] in module yolo_csr is either unconnected or has no load
WARNING: [Synth 8-7129] Port s_axi_awaddr[17] in module yolo_csr is either unconnected or has no load
WARNING: [Synth 8-7129] Port s_axi_awaddr[16] in module yolo_csr is either unconnected or has no load
WARNING: [Synth 8-7129] Port s_axi_awaddr[1] in module yolo_csr is either unconnected or has no load
WARNING: [Synth 8-7129] Port s_axi_awaddr[0] in module yolo_csr is either unconnected or has no load
WARNING: [Synth 8-7129] Port s_axi_awprot[2] in module yolo_csr is either unconnected or has no load
WARNING: [Synth 8-7129] Port s_axi_awprot[1] in module yolo_csr is either unconnected or has no load
WARNING: [Synth 8-7129] Port s_axi_awprot[0] in module yolo_csr is either unconnected or has no load
WARNING: [Synth 8-7129] Port s_axi_araddr[31] in module yolo_csr is either unconnected or has no load
WARNING: [Synth 8-7129] Port s_axi_araddr[30] in module yolo_csr is either unconnected or has no load
WARNING: [Synth 8-7129] Port s_axi_araddr[29] in module yolo_csr is either unconnected or has no load
WARNING: [Synth 8-7129] Port s_axi_araddr[28] in module yolo_csr is either unconnected or has no load
WARNING: [Synth 8-7129] Port s_axi_araddr[27] in module yolo_csr is either unconnected or has no load
WARNING: [Synth 8-7129] Port s_axi_araddr[26] in module yolo_csr is either unconnected or has no load
WARNING: [Synth 8-7129] Port s_axi_araddr[25] in module yolo_csr is either unconnected or has no load
WARNING: [Synth 8-7129] Port s_axi_araddr[24] in module yolo_csr is either unconnected or has no load
WARNING: [Synth 8-7129] Port s_axi_araddr[23] in module yolo_csr is either unconnected or has no load
WARNING: [Synth 8-7129] Port s_axi_araddr[22] in module yolo_csr is either unconnected or has no load
WARNING: [Synth 8-7129] Port s_axi_araddr[21] in module yolo_csr is either unconnected or has no load
WARNING: [Synth 8-7129] Port s_axi_araddr[20] in module yolo_csr is either unconnected or has no load
WARNING: [Synth 8-7129] Port s_axi_araddr[19] in module yolo_csr is either unconnected or has no load
WARNING: [Synth 8-7129] Port s_axi_araddr[18] in module yolo_csr is either unconnected or has no load
WARNING: [Synth 8-7129] Port s_axi_araddr[17] in module yolo_csr is either unconnected or has no load
WARNING: [Synth 8-7129] Port s_axi_araddr[16] in module yolo_csr is either unconnected or has no load
WARNING: [Synth 8-7129] Port s_axi_araddr[1] in module yolo_csr is either unconnected or has no load
WARNING: [Synth 8-7129] Port s_axi_araddr[0] in module yolo_csr is either unconnected or has no load
WARNING: [Synth 8-7129] Port s_axi_arprot[2] in module yolo_csr is either unconnected or has no load
WARNING: [Synth 8-7129] Port s_axi_arprot[1] in module yolo_csr is either unconnected or has no load
WARNING: [Synth 8-7129] Port s_axi_arprot[0] in module yolo_csr is either unconnected or has no load
---------------------------------------------------------------------------------
Finished RTL Elaboration : Time (s): cpu = 00:00:05 ; elapsed = 00:00:05 . Memory (MB): peak = 1555.859 ; gain = 747.371
---------------------------------------------------------------------------------
---------------------------------------------------------------------------------
Start Handling Custom Attributes
---------------------------------------------------------------------------------
---------------------------------------------------------------------------------
Finished Handling Custom Attributes : Time (s): cpu = 00:00:05 ; elapsed = 00:00:05 . Memory (MB): peak = 1555.859 ; gain = 747.371
---------------------------------------------------------------------------------
---------------------------------------------------------------------------------
Finished RTL Optimization Phase 1 : Time (s): cpu = 00:00:05 ; elapsed = 00:00:05 . Memory (MB): peak = 1555.859 ; gain = 747.371
---------------------------------------------------------------------------------
Netlist sorting complete. Time (s): cpu = 00:00:00 ; elapsed = 00:00:00.250 . Memory (MB): peak = 1555.859 ; gain = 0.000
INFO: [Netlist 29-17] Analyzing 128 Unisim elements for replacement
INFO: [Netlist 29-28] Unisim Transformation completed in 0 CPU seconds
INFO: [Project 1-570] Preparing netlist for logic optimization

Processing XDC Constraints
Initializing timing engine
Parsing XDC File [e:/competition/2_fpga/3_yolo_zynq/ip/yolo_xbuf_bmg/yolo_xbuf_bmg/yolo_xbuf_bmg_in_context.xdc] for cell 'u_array/u_xbuf/u_bank0'
Finished Parsing XDC File [e:/competition/2_fpga/3_yolo_zynq/ip/yolo_xbuf_bmg/yolo_xbuf_bmg/yolo_xbuf_bmg_in_context.xdc] for cell 'u_array/u_xbuf/u_bank0'
Parsing XDC File [e:/competition/2_fpga/3_yolo_zynq/ip/yolo_xbuf_bmg/yolo_xbuf_bmg/yolo_xbuf_bmg_in_context.xdc] for cell 'u_array/u_xbuf/u_bank1'
Finished Parsing XDC File [e:/competition/2_fpga/3_yolo_zynq/ip/yolo_xbuf_bmg/yolo_xbuf_bmg/yolo_xbuf_bmg_in_context.xdc] for cell 'u_array/u_xbuf/u_bank1'
Completed Processing XDC Constraints

Netlist sorting complete. Time (s): cpu = 00:00:00 ; elapsed = 00:00:00.007 . Memory (MB): peak = 1645.961 ; gain = 0.000
INFO: [Project 1-111] Unisim Transformation Summary:
No Unisim elements were transformed.

Constraint Validation Runtime : Time (s): cpu = 00:00:00 ; elapsed = 00:00:00.148 . Memory (MB): peak = 1645.961 ; gain = 0.000
---------------------------------------------------------------------------------
Finished Constraint Validation : Time (s): cpu = 00:00:13 ; elapsed = 00:00:13 . Memory (MB): peak = 1645.961 ; gain = 837.473
---------------------------------------------------------------------------------
---------------------------------------------------------------------------------
Start Loading Part and Timing Information
---------------------------------------------------------------------------------
Loading part: xc7z020clg484-1
---------------------------------------------------------------------------------
Finished Loading Part and Timing Information : Time (s): cpu = 00:00:13 ; elapsed = 00:00:13 . Memory (MB): peak = 1645.961 ; gain = 837.473
---------------------------------------------------------------------------------
---------------------------------------------------------------------------------
Start Applying 'set_property' XDC Constraints
---------------------------------------------------------------------------------
---------------------------------------------------------------------------------
Finished applying 'set_property' XDC Constraints : Time (s): cpu = 00:00:13 ; elapsed = 00:00:13 . Memory (MB): peak = 1645.961 ; gain = 837.473
---------------------------------------------------------------------------------
INFO: [Synth 8-802] inferred FSM for state register 'state_r_reg' in module 'yolo_ctrl'
INFO: [Synth 8-802] inferred FSM for state register 'state_reg' in module 'yolo_addrgen'
INFO: [Synth 8-802] inferred FSM for state register 'ldr_state_r_reg' in module 'yolo_gemm_array'
INFO: [Synth 8-802] inferred FSM for state register 'seg_state_r_reg' in module 'yolo_gemm_array'
---------------------------------------------------------------------------------------------------
                   State |                     New Encoding |                Previous Encoding 
---------------------------------------------------------------------------------------------------
                  S_IDLE |                           000001 |                              000
                  S_TILE |                           001000 |                              001
                     S_K |                           100000 |                              010
                 S_DRAIN |                           010000 |                              101
                    S_RQ |                           000100 |                              011
                 S_LDONE |                           000010 |                              100
---------------------------------------------------------------------------------------------------
INFO: [Synth 8-3354] encoded FSM with state register 'state_r_reg' using encoding 'one-hot' in module 'yolo_ctrl'
---------------------------------------------------------------------------------------------------
                   State |                     New Encoding |                Previous Encoding 
---------------------------------------------------------------------------------------------------
                  S_IDLE |                              000 |                              000
                   S_DIV |                              001 |                              001
                 S_PREP1 |                              010 |                              010
                 S_PREP2 |                              011 |                              011
                   S_RUN |                              100 |                              100
---------------------------------------------------------------------------------------------------
INFO: [Synth 8-3354] encoded FSM with state register 'state_reg' using encoding 'sequential' in module 'yolo_addrgen'
---------------------------------------------------------------------------------------------------
                   State |                     New Encoding |                Previous Encoding 
---------------------------------------------------------------------------------------------------
                SEG_IDLE |                               00 |                               00
                SEG_FILL |                               01 |                               01
                 SEG_CMD |                               10 |                               10
                  SEG_DR |                               11 |                               11
---------------------------------------------------------------------------------------------------
INFO: [Synth 8-3354] encoded FSM with state register 'seg_state_r_reg' using encoding 'sequential' in module 'yolo_gemm_array'
---------------------------------------------------------------------------------------------------
                   State |                     New Encoding |                Previous Encoding 
---------------------------------------------------------------------------------------------------
                 S_LDESC |                               00 |                               00
                  S_LCHK |                               10 |                               01
                  S_LRUN |                               01 |                               10
---------------------------------------------------------------------------------------------------
INFO: [Synth 8-3354] encoded FSM with state register 'ldr_state_r_reg' using encoding 'sequential' in module 'yolo_gemm_array'
---------------------------------------------------------------------------------
Finished RTL Optimization Phase 2 : Time (s): cpu = 00:00:14 ; elapsed = 00:00:15 . Memory (MB): peak = 1645.961 ; gain = 837.473
---------------------------------------------------------------------------------
---------------------------------------------------------------------------------
Start RTL Component Statistics 
---------------------------------------------------------------------------------
Detailed RTL Component Info : 
+---Adders : 
	   2 Input   64 Bit       Adders := 1     
	   2 Input   42 Bit       Adders := 2     
	   3 Input   42 Bit       Adders := 1     
	   2 Input   33 Bit       Adders := 1     
	   2 Input   32 Bit       Adders := 259   
	   3 Input   32 Bit       Adders := 1     
	   3 Input   26 Bit       Adders := 2     
	   4 Input   26 Bit       Adders := 2     
	   2 Input   25 Bit       Adders := 1     
	   2 Input   24 Bit       Adders := 3     
	   3 Input   17 Bit       Adders := 130   
	   2 Input   17 Bit       Adders := 130   
	   2 Input   16 Bit       Adders := 6     
	   2 Input   13 Bit       Adders := 2     
	   2 Input   12 Bit       Adders := 14    
	   3 Input   12 Bit       Adders := 2     
	   2 Input    9 Bit       Adders := 1     
	   2 Input    8 Bit       Adders := 10    
	   2 Input    6 Bit       Adders := 4     
	   2 Input    5 Bit       Adders := 3     
	   2 Input    4 Bit       Adders := 6     
	   2 Input    2 Bit       Adders := 1     
+---XORs : 
	   2 Input      1 Bit         XORs := 1     
+---Registers : 
	              512 Bit    Registers := 2     
	              256 Bit    Registers := 32    
	              128 Bit    Registers := 2     
	               64 Bit    Registers := 4     
	               42 Bit    Registers := 2     
	               33 Bit    Registers := 1     
	               32 Bit    Registers := 34    
	               24 Bit    Registers := 6     
	               17 Bit    Registers := 1     
	               16 Bit    Registers := 19    
	               12 Bit    Registers := 25    
	                8 Bit    Registers := 678   
	                6 Bit    Registers := 3     
	                5 Bit    Registers := 3     
	                4 Bit    Registers := 11    
	                3 Bit    Registers := 2     
	                2 Bit    Registers := 4     
	                1 Bit    Registers := 113   
+---Multipliers : 
	              32x33  Multipliers := 1     
+---RAMs : 
	              18K Bit	(2304 X 8 bit)          RAMs := 32    
	              512 Bit	(16 X 32 bit)          RAMs := 4     
	              128 Bit	(16 X 8 bit)          RAMs := 2     
+---Muxes : 
	   2 Input  512 Bit        Muxes := 3     
	   3 Input  512 Bit        Muxes := 1     
	   2 Input  256 Bit        Muxes := 32    
	   4 Input  128 Bit        Muxes := 2     
	   2 Input  128 Bit        Muxes := 5     
	   3 Input  128 Bit        Muxes := 1     
	   2 Input   64 Bit        Muxes := 2     
	   2 Input   42 Bit        Muxes := 3     
	   5 Input   42 Bit        Muxes := 1     
	   2 Input   32 Bit        Muxes := 33    
	  16 Input   32 Bit        Muxes := 12    
	   4 Input   32 Bit        Muxes := 1     
	   5 Input   32 Bit        Muxes := 1     
	   2 Input   24 Bit        Muxes := 6     
	   5 Input   24 Bit        Muxes := 2     
	   2 Input   20 Bit        Muxes := 2     
	   2 Input   17 Bit        Muxes := 1     
	   5 Input   17 Bit        Muxes := 1     
	   2 Input   16 Bit        Muxes := 4     
	   5 Input   16 Bit        Muxes := 5     
	   3 Input   12 Bit        Muxes := 2     
	   2 Input   12 Bit        Muxes := 4     
	   6 Input   12 Bit        Muxes := 6     
	   2 Input    8 Bit        Muxes := 44    
	   5 Input    8 Bit        Muxes := 2     
	   2 Input    7 Bit        Muxes := 1     
	   2 Input    6 Bit        Muxes := 4     
	   6 Input    6 Bit        Muxes := 1     
	   4 Input    5 Bit        Muxes := 2     
	   5 Input    5 Bit        Muxes := 1     
	   2 Input    4 Bit        Muxes := 12    
	   3 Input    4 Bit        Muxes := 1     
	   6 Input    3 Bit        Muxes := 1     
	   2 Input    3 Bit        Muxes := 1     
	   5 Input    3 Bit        Muxes := 1     
	   2 Input    2 Bit        Muxes := 14    
	  16 Input    2 Bit        Muxes := 1     
	   4 Input    2 Bit        Muxes := 1     
	   3 Input    2 Bit        Muxes := 3     
	   6 Input    2 Bit        Muxes := 1     
	   2 Input    1 Bit        Muxes := 100   
	  16 Input    1 Bit        Muxes := 4     
	   4 Input    1 Bit        Muxes := 7     
	   3 Input    1 Bit        Muxes := 17    
	   5 Input    1 Bit        Muxes := 14    
	   6 Input    1 Bit        Muxes := 8     
---------------------------------------------------------------------------------
Finished RTL Component Statistics 
---------------------------------------------------------------------------------
---------------------------------------------------------------------------------
Start Part Resource Summary
---------------------------------------------------------------------------------
Part Resources:
DSPs: 220 (col length:60)
BRAMs: 280 (col length: RAMB18 60 RAMB36 30)
---------------------------------------------------------------------------------
Finished Part Resource Summary
---------------------------------------------------------------------------------
---------------------------------------------------------------------------------
Start Cross Boundary and Area Optimization
---------------------------------------------------------------------------------
INFO: [Synth 8-3886] merging instance 'g_pe_row[0].g_pe_pair[0].u_pe/w_d1_r_reg[0]' (FDC) to 'g_pe_row[0].g_pe_pair[1].u_pe/w_d1_r_reg[0]'
INFO: [Synth 8-3886] merging instance 'g_pe_row[0].g_pe_pair[0].u_pe/w_d2_r_reg[0]' (FDC) to 'g_pe_row[0].g_pe_pair[1].u_pe/w_d2_r_reg[0]'
INFO: [Synth 8-3886] merging instance 'g_pe_row[0].g_pe_pair[0].u_pe/w_d3_r_reg[0]' (FDC) to 'g_pe_row[0].g_pe_pair[1].u_pe/w_d3_r_reg[0]'
INFO: [Synth 8-3886] merging instance 'g_pe_row[0].g_pe_pair[0].u_pe/w_d1_r_reg[1]' (FDC) to 'g_pe_row[0].g_pe_pair[1].u_pe/w_d1_r_reg[1]'
INFO: [Synth 8-3886] merging instance 'g_pe_row[0].g_pe_pair[0].u_pe/w_d2_r_reg[1]' (FDC) to 'g_pe_row[0].g_pe_pair[1].u_pe/w_d2_r_reg[1]'
INFO: [Synth 8-3886] merging instance 'g_pe_row[0].g_pe_pair[0].u_pe/w_d3_r_reg[1]' (FDC) to 'g_pe_row[0].g_pe_pair[1].u_pe/w_d3_r_reg[1]'
INFO: [Synth 8-3886] merging instance 'g_pe_row[0].g_pe_pair[0].u_pe/w_d1_r_reg[2]' (FDC) to 'g_pe_row[0].g_pe_pair[1].u_pe/w_d1_r_reg[2]'
INFO: [Synth 8-3886] merging instance 'g_pe_row[0].g_pe_pair[0].u_pe/w_d2_r_reg[2]' (FDC) to 'g_pe_row[0].g_pe_pair[1].u_pe/w_d2_r_reg[2]'
INFO: [Synth 8-3886] merging instance 'g_pe_row[0].g_pe_pair[0].u_pe/w_d3_r_reg[2]' (FDC) to 'g_pe_row[0].g_pe_pair[1].u_pe/w_d3_r_reg[2]'
INFO: [Synth 8-3886] merging instance 'g_pe_row[0].g_pe_pair[0].u_pe/w_d1_r_reg[3]' (FDC) to 'g_pe_row[0].g_pe_pair[1].u_pe/w_d1_r_reg[3]'
INFO: [Synth 8-3886] merging instance 'g_pe_row[0].g_pe_pair[0].u_pe/w_d2_r_reg[3]' (FDC) to 'g_pe_row[0].g_pe_pair[1].u_pe/w_d2_r_reg[3]'
INFO: [Synth 8-3886] merging instance 'g_pe_row[0].g_pe_pair[0].u_pe/w_d3_r_reg[3]' (FDC) to 'g_pe_row[0].g_pe_pair[1].u_pe/w_d3_r_reg[3]'
INFO: [Synth 8-3886] merging instance 'g_pe_row[0].g_pe_pair[0].u_pe/w_d1_r_reg[4]' (FDC) to 'g_pe_row[0].g_pe_pair[1].u_pe/w_d1_r_reg[4]'
INFO: [Synth 8-3886] merging instance 'g_pe_row[0].g_pe_pair[0].u_pe/w_d2_r_reg[4]' (FDC) to 'g_pe_row[0].g_pe_pair[1].u_pe/w_d2_r_reg[4]'
INFO: [Synth 8-3886] merging instance 'g_pe_row[0].g_pe_pair[0].u_pe/w_d3_r_reg[4]' (FDC) to 'g_pe_row[0].g_pe_pair[1].u_pe/w_d3_r_reg[4]'
INFO: [Synth 8-3886] merging instance 'g_pe_row[0].g_pe_pair[0].u_pe/w_d1_r_reg[5]' (FDC) to 'g_pe_row[0].g_pe_pair[1].u_pe/w_d1_r_reg[5]'
INFO: [Synth 8-3886] merging instance 'g_pe_row[0].g_pe_pair[0].u_pe/w_d2_r_reg[5]' (FDC) to 'g_pe_row[0].g_pe_pair[1].u_pe/w_d2_r_reg[5]'
INFO: [Synth 8-3886] merging instance 'g_pe_row[0].g_pe_pair[0].u_pe/w_d3_r_reg[5]' (FDC) to 'g_pe_row[0].g_pe_pair[1].u_pe/w_d3_r_reg[5]'
INFO: [Synth 8-3886] merging instance 'g_pe_row[0].g_pe_pair[0].u_pe/w_d1_r_reg[6]' (FDC) to 'g_pe_row[0].g_pe_pair[1].u_pe/w_d1_r_reg[6]'
INFO: [Synth 8-3886] merging instance 'g_pe_row[0].g_pe_pair[0].u_pe/w_d2_r_reg[6]' (FDC) to 'g_pe_row[0].g_pe_pair[1].u_pe/w_d2_r_reg[6]'
INFO: [Synth 8-3886] merging instance 'g_pe_row[0].g_pe_pair[0].u_pe/w_d3_r_reg[6]' (FDC) to 'g_pe_row[0].g_pe_pair[1].u_pe/w_d3_r_reg[6]'
INFO: [Synth 8-3886] merging instance 'g_pe_row[0].g_pe_pair[0].u_pe/w_d1_r_reg[7]' (FDC) to 'g_pe_row[0].g_pe_pair[1].u_pe/w_d1_r_reg[7]'
INFO: [Synth 8-3886] merging instance 'g_pe_row[0].g_pe_pair[0].u_pe/w_d2_r_reg[7]' (FDC) to 'g_pe_row[0].g_pe_pair[1].u_pe/w_d2_r_reg[7]'
INFO: [Synth 8-3886] merging instance 'g_pe_row[0].g_pe_pair[0].u_pe/w_d3_r_reg[7]' (FDC) to 'g_pe_row[0].g_pe_pair[1].u_pe/w_d3_r_reg[7]'
INFO: [Synth 8-3886] merging instance 'g_pe_row[2].g_pe_pair[0].u_pe/w_d1_r_reg[0]' (FDC) to 'g_pe_row[2].g_pe_pair[1].u_pe/w_d1_r_reg[0]'
INFO: [Synth 8-3886] merging instance 'g_pe_row[2].g_pe_pair[0].u_pe/w_d2_r_reg[0]' (FDC) to 'g_pe_row[2].g_pe_pair[1].u_pe/w_d2_r_reg[0]'
INFO: [Synth 8-3886] merging instance 'g_pe_row[2].g_pe_pair[0].u_pe/w_d3_r_reg[0]' (FDC) to 'g_pe_row[2].g_pe_pair[1].u_pe/w_d3_r_reg[0]'
INFO: [Synth 8-3886] merging instance 'g_pe_row[2].g_pe_pair[0].u_pe/w_d1_r_reg[1]' (FDC) to 'g_pe_row[2].g_pe_pair[1].u_pe/w_d1_r_reg[1]'
INFO: [Synth 8-3886] merging instance 'g_pe_row[2].g_pe_pair[0].u_pe/w_d2_r_reg[1]' (FDC) to 'g_pe_row[2].g_pe_pair[1].u_pe/w_d2_r_reg[1]'
INFO: [Synth 8-3886] merging instance 'g_pe_row[2].g_pe_pair[0].u_pe/w_d3_r_reg[1]' (FDC) to 'g_pe_row[2].g_pe_pair[1].u_pe/w_d3_r_reg[1]'
INFO: [Synth 8-3886] merging instance 'g_pe_row[2].g_pe_pair[0].u_pe/w_d1_r_reg[2]' (FDC) to 'g_pe_row[2].g_pe_pair[1].u_pe/w_d1_r_reg[2]'
INFO: [Synth 8-3886] merging instance 'g_pe_row[2].g_pe_pair[0].u_pe/w_d2_r_reg[2]' (FDC) to 'g_pe_row[2].g_pe_pair[1].u_pe/w_d2_r_reg[2]'
INFO: [Synth 8-3886] merging instance 'g_pe_row[2].g_pe_pair[0].u_pe/w_d3_r_reg[2]' (FDC) to 'g_pe_row[2].g_pe_pair[1].u_pe/w_d3_r_reg[2]'
INFO: [Synth 8-3886] merging instance 'g_pe_row[2].g_pe_pair[0].u_pe/w_d1_r_reg[3]' (FDC) to 'g_pe_row[2].g_pe_pair[1].u_pe/w_d1_r_reg[3]'
INFO: [Synth 8-3886] merging instance 'g_pe_row[2].g_pe_pair[0].u_pe/w_d2_r_reg[3]' (FDC) to 'g_pe_row[2].g_pe_pair[1].u_pe/w_d2_r_reg[3]'
INFO: [Synth 8-3886] merging instance 'g_pe_row[2].g_pe_pair[0].u_pe/w_d3_r_reg[3]' (FDC) to 'g_pe_row[2].g_pe_pair[1].u_pe/w_d3_r_reg[3]'
INFO: [Synth 8-3886] merging instance 'g_pe_row[2].g_pe_pair[0].u_pe/w_d1_r_reg[4]' (FDC) to 'g_pe_row[2].g_pe_pair[1].u_pe/w_d1_r_reg[4]'
INFO: [Synth 8-3886] merging instance 'g_pe_row[2].g_pe_pair[0].u_pe/w_d2_r_reg[4]' (FDC) to 'g_pe_row[2].g_pe_pair[1].u_pe/w_d2_r_reg[4]'
INFO: [Synth 8-3886] merging instance 'g_pe_row[2].g_pe_pair[0].u_pe/w_d3_r_reg[4]' (FDC) to 'g_pe_row[2].g_pe_pair[1].u_pe/w_d3_r_reg[4]'
INFO: [Synth 8-3886] merging instance 'g_pe_row[2].g_pe_pair[0].u_pe/w_d1_r_reg[5]' (FDC) to 'g_pe_row[2].g_pe_pair[1].u_pe/w_d1_r_reg[5]'
INFO: [Synth 8-3886] merging instance 'g_pe_row[2].g_pe_pair[0].u_pe/w_d2_r_reg[5]' (FDC) to 'g_pe_row[2].g_pe_pair[1].u_pe/w_d2_r_reg[5]'
INFO: [Synth 8-3886] merging instance 'g_pe_row[2].g_pe_pair[0].u_pe/w_d3_r_reg[5]' (FDC) to 'g_pe_row[2].g_pe_pair[1].u_pe/w_d3_r_reg[5]'
INFO: [Synth 8-3886] merging instance 'g_pe_row[2].g_pe_pair[0].u_pe/w_d1_r_reg[6]' (FDC) to 'g_pe_row[2].g_pe_pair[1].u_pe/w_d1_r_reg[6]'
INFO: [Synth 8-3886] merging instance 'g_pe_row[2].g_pe_pair[0].u_pe/w_d2_r_reg[6]' (FDC) to 'g_pe_row[2].g_pe_pair[1].u_pe/w_d2_r_reg[6]'
INFO: [Synth 8-3886] merging instance 'g_pe_row[2].g_pe_pair[0].u_pe/w_d3_r_reg[6]' (FDC) to 'g_pe_row[2].g_pe_pair[1].u_pe/w_d3_r_reg[6]'
INFO: [Synth 8-3886] merging instance 'g_pe_row[2].g_pe_pair[0].u_pe/w_d1_r_reg[7]' (FDC) to 'g_pe_row[2].g_pe_pair[1].u_pe/w_d1_r_reg[7]'
INFO: [Synth 8-3886] merging instance 'g_pe_row[2].g_pe_pair[0].u_pe/w_d2_r_reg[7]' (FDC) to 'g_pe_row[2].g_pe_pair[1].u_pe/w_d2_r_reg[7]'
INFO: [Synth 8-3886] merging instance 'g_pe_row[2].g_pe_pair[0].u_pe/w_d3_r_reg[7]' (FDC) to 'g_pe_row[2].g_pe_pair[1].u_pe/w_d3_r_reg[7]'
INFO: [Synth 8-3886] merging instance 'g_pe_row[3].g_pe_pair[0].u_pe/w_d1_r_reg[0]' (FDC) to 'g_pe_row[3].g_pe_pair[1].u_pe/w_d1_r_reg[0]'
INFO: [Synth 8-3886] merging instance 'g_pe_row[3].g_pe_pair[0].u_pe/w_d2_r_reg[0]' (FDC) to 'g_pe_row[3].g_pe_pair[1].u_pe/w_d2_r_reg[0]'
INFO: [Synth 8-3886] merging instance 'g_pe_row[3].g_pe_pair[0].u_pe/w_d3_r_reg[0]' (FDC) to 'g_pe_row[3].g_pe_pair[1].u_pe/w_d3_r_reg[0]'
INFO: [Synth 8-3886] merging instance 'g_pe_row[3].g_pe_pair[0].u_pe/w_d1_r_reg[1]' (FDC) to 'g_pe_row[3].g_pe_pair[1].u_pe/w_d1_r_reg[1]'
INFO: [Synth 8-3886] merging instance 'g_pe_row[3].g_pe_pair[0].u_pe/w_d2_r_reg[1]' (FDC) to 'g_pe_row[3].g_pe_pair[1].u_pe/w_d2_r_reg[1]'
INFO: [Synth 8-3886] merging instance 'g_pe_row[3].g_pe_pair[0].u_pe/w_d3_r_reg[1]' (FDC) to 'g_pe_row[3].g_pe_pair[1].u_pe/w_d3_r_reg[1]'
INFO: [Synth 8-3886] merging instance 'g_pe_row[3].g_pe_pair[0].u_pe/w_d1_r_reg[2]' (FDC) to 'g_pe_row[3].g_pe_pair[1].u_pe/w_d1_r_reg[2]'
INFO: [Synth 8-3886] merging instance 'g_pe_row[3].g_pe_pair[0].u_pe/w_d2_r_reg[2]' (FDC) to 'g_pe_row[3].g_pe_pair[1].u_pe/w_d2_r_reg[2]'
INFO: [Synth 8-3886] merging instance 'g_pe_row[3].g_pe_pair[0].u_pe/w_d3_r_reg[2]' (FDC) to 'g_pe_row[3].g_pe_pair[1].u_pe/w_d3_r_reg[2]'
INFO: [Synth 8-3886] merging instance 'g_pe_row[3].g_pe_pair[0].u_pe/w_d1_r_reg[3]' (FDC) to 'g_pe_row[3].g_pe_pair[1].u_pe/w_d1_r_reg[3]'
INFO: [Synth 8-3886] merging instance 'g_pe_row[3].g_pe_pair[0].u_pe/w_d2_r_reg[3]' (FDC) to 'g_pe_row[3].g_pe_pair[1].u_pe/w_d2_r_reg[3]'
INFO: [Synth 8-3886] merging instance 'g_pe_row[3].g_pe_pair[0].u_pe/w_d3_r_reg[3]' (FDC) to 'g_pe_row[3].g_pe_pair[1].u_pe/w_d3_r_reg[3]'
INFO: [Synth 8-3886] merging instance 'g_pe_row[3].g_pe_pair[0].u_pe/w_d1_r_reg[4]' (FDC) to 'g_pe_row[3].g_pe_pair[1].u_pe/w_d1_r_reg[4]'
INFO: [Synth 8-3886] merging instance 'g_pe_row[3].g_pe_pair[0].u_pe/w_d2_r_reg[4]' (FDC) to 'g_pe_row[3].g_pe_pair[1].u_pe/w_d2_r_reg[4]'
INFO: [Synth 8-3886] merging instance 'g_pe_row[3].g_pe_pair[0].u_pe/w_d3_r_reg[4]' (FDC) to 'g_pe_row[3].g_pe_pair[1].u_pe/w_d3_r_reg[4]'
INFO: [Synth 8-3886] merging instance 'g_pe_row[3].g_pe_pair[0].u_pe/w_d1_r_reg[5]' (FDC) to 'g_pe_row[3].g_pe_pair[1].u_pe/w_d1_r_reg[5]'
INFO: [Synth 8-3886] merging instance 'g_pe_row[3].g_pe_pair[0].u_pe/w_d2_r_reg[5]' (FDC) to 'g_pe_row[3].g_pe_pair[1].u_pe/w_d2_r_reg[5]'
INFO: [Synth 8-3886] merging instance 'g_pe_row[3].g_pe_pair[0].u_pe/w_d3_r_reg[5]' (FDC) to 'g_pe_row[3].g_pe_pair[1].u_pe/w_d3_r_reg[5]'
INFO: [Synth 8-3886] merging instance 'g_pe_row[3].g_pe_pair[0].u_pe/w_d1_r_reg[6]' (FDC) to 'g_pe_row[3].g_pe_pair[1].u_pe/w_d1_r_reg[6]'
INFO: [Synth 8-3886] merging instance 'g_pe_row[3].g_pe_pair[0].u_pe/w_d2_r_reg[6]' (FDC) to 'g_pe_row[3].g_pe_pair[1].u_pe/w_d2_r_reg[6]'
INFO: [Synth 8-3886] merging instance 'g_pe_row[3].g_pe_pair[0].u_pe/w_d3_r_reg[6]' (FDC) to 'g_pe_row[3].g_pe_pair[1].u_pe/w_d3_r_reg[6]'
INFO: [Synth 8-3886] merging instance 'g_pe_row[3].g_pe_pair[0].u_pe/w_d1_r_reg[7]' (FDC) to 'g_pe_row[3].g_pe_pair[1].u_pe/w_d1_r_reg[7]'
INFO: [Synth 8-3886] merging instance 'g_pe_row[3].g_pe_pair[0].u_pe/w_d2_r_reg[7]' (FDC) to 'g_pe_row[3].g_pe_pair[1].u_pe/w_d2_r_reg[7]'
INFO: [Synth 8-3886] merging instance 'g_pe_row[3].g_pe_pair[0].u_pe/w_d3_r_reg[7]' (FDC) to 'g_pe_row[3].g_pe_pair[1].u_pe/w_d3_r_reg[7]'
INFO: [Synth 8-3886] merging instance 'g_pe_row[3].g_pe_pair[1].u_pe/w_d1_r_reg[0]' (FDC) to 'g_pe_row[3].g_pe_pair[3].u_pe/w_d1_r_reg[0]'
INFO: [Synth 8-3886] merging instance 'g_pe_row[3].g_pe_pair[1].u_pe/w_d2_r_reg[0]' (FDC) to 'g_pe_row[3].g_pe_pair[3].u_pe/w_d2_r_reg[0]'
INFO: [Synth 8-3886] merging instance 'g_pe_row[3].g_pe_pair[1].u_pe/w_d3_r_reg[0]' (FDC) to 'g_pe_row[3].g_pe_pair[3].u_pe/w_d3_r_reg[0]'
INFO: [Synth 8-3886] merging instance 'g_pe_row[3].g_pe_pair[1].u_pe/w_d1_r_reg[1]' (FDC) to 'g_pe_row[3].g_pe_pair[3].u_pe/w_d1_r_reg[1]'
INFO: [Synth 8-3886] merging instance 'g_pe_row[3].g_pe_pair[1].u_pe/w_d2_r_reg[1]' (FDC) to 'g_pe_row[3].g_pe_pair[3].u_pe/w_d2_r_reg[1]'
INFO: [Synth 8-3886] merging instance 'g_pe_row[3].g_pe_pair[1].u_pe/w_d3_r_reg[1]' (FDC) to 'g_pe_row[3].g_pe_pair[3].u_pe/w_d3_r_reg[1]'
INFO: [Synth 8-3886] merging instance 'g_pe_row[3].g_pe_pair[1].u_pe/w_d1_r_reg[2]' (FDC) to 'g_pe_row[3].g_pe_pair[3].u_pe/w_d1_r_reg[2]'
INFO: [Synth 8-3886] merging instance 'g_pe_row[3].g_pe_pair[1].u_pe/w_d2_r_reg[2]' (FDC) to 'g_pe_row[3].g_pe_pair[3].u_pe/w_d2_r_reg[2]'
INFO: [Synth 8-3886] merging instance 'g_pe_row[3].g_pe_pair[1].u_pe/w_d3_r_reg[2]' (FDC) to 'g_pe_row[3].g_pe_pair[3].u_pe/w_d3_r_reg[2]'
INFO: [Synth 8-3886] merging instance 'g_pe_row[3].g_pe_pair[1].u_pe/w_d1_r_reg[3]' (FDC) to 'g_pe_row[3].g_pe_pair[3].u_pe/w_d1_r_reg[3]'
INFO: [Synth 8-3886] merging instance 'g_pe_row[3].g_pe_pair[1].u_pe/w_d2_r_reg[3]' (FDC) to 'g_pe_row[3].g_pe_pair[3].u_pe/w_d2_r_reg[3]'
INFO: [Synth 8-3886] merging instance 'g_pe_row[3].g_pe_pair[1].u_pe/w_d3_r_reg[3]' (FDC) to 'g_pe_row[3].g_pe_pair[3].u_pe/w_d3_r_reg[3]'
INFO: [Synth 8-3886] merging instance 'g_pe_row[3].g_pe_pair[1].u_pe/w_d1_r_reg[4]' (FDC) to 'g_pe_row[3].g_pe_pair[3].u_pe/w_d1_r_reg[4]'
INFO: [Synth 8-3886] merging instance 'g_pe_row[3].g_pe_pair[1].u_pe/w_d2_r_reg[4]' (FDC) to 'g_pe_row[3].g_pe_pair[3].u_pe/w_d2_r_reg[4]'
INFO: [Synth 8-3886] merging instance 'g_pe_row[3].g_pe_pair[1].u_pe/w_d3_r_reg[4]' (FDC) to 'g_pe_row[3].g_pe_pair[3].u_pe/w_d3_r_reg[4]'
INFO: [Synth 8-3886] merging instance 'g_pe_row[3].g_pe_pair[1].u_pe/w_d1_r_reg[5]' (FDC) to 'g_pe_row[3].g_pe_pair[3].u_pe/w_d1_r_reg[5]'
INFO: [Synth 8-3886] merging instance 'g_pe_row[3].g_pe_pair[1].u_pe/w_d2_r_reg[5]' (FDC) to 'g_pe_row[3].g_pe_pair[3].u_pe/w_d2_r_reg[5]'
INFO: [Synth 8-3886] merging instance 'g_pe_row[3].g_pe_pair[1].u_pe/w_d3_r_reg[5]' (FDC) to 'g_pe_row[3].g_pe_pair[3].u_pe/w_d3_r_reg[5]'
INFO: [Synth 8-3886] merging instance 'g_pe_row[3].g_pe_pair[1].u_pe/w_d1_r_reg[6]' (FDC) to 'g_pe_row[3].g_pe_pair[3].u_pe/w_d1_r_reg[6]'
INFO: [Synth 8-3886] merging instance 'g_pe_row[3].g_pe_pair[1].u_pe/w_d2_r_reg[6]' (FDC) to 'g_pe_row[3].g_pe_pair[3].u_pe/w_d2_r_reg[6]'
INFO: [Synth 8-3886] merging instance 'g_pe_row[3].g_pe_pair[1].u_pe/w_d3_r_reg[6]' (FDC) to 'g_pe_row[3].g_pe_pair[3].u_pe/w_d3_r_reg[6]'
INFO: [Synth 8-3886] merging instance 'g_pe_row[3].g_pe_pair[1].u_pe/w_d1_r_reg[7]' (FDC) to 'g_pe_row[3].g_pe_pair[3].u_pe/w_d1_r_reg[7]'
INFO: [Synth 8-3886] merging instance 'g_pe_row[3].g_pe_pair[1].u_pe/w_d2_r_reg[7]' (FDC) to 'g_pe_row[3].g_pe_pair[3].u_pe/w_d2_r_reg[7]'
INFO: [Synth 8-3886] merging instance 'g_pe_row[3].g_pe_pair[1].u_pe/w_d3_r_reg[7]' (FDC) to 'g_pe_row[3].g_pe_pair[3].u_pe/w_d3_r_reg[7]'
INFO: [Synth 8-3886] merging instance 'g_pe_row[3].g_pe_pair[2].u_pe/w_d1_r_reg[0]' (FDC) to 'g_pe_row[3].g_pe_pair[3].u_pe/w_d1_r_reg[0]'
INFO: [Synth 8-3886] merging instance 'g_pe_row[3].g_pe_pair[2].u_pe/w_d2_r_reg[0]' (FDC) to 'g_pe_row[3].g_pe_pair[3].u_pe/w_d2_r_reg[0]'
INFO: [Synth 8-3886] merging instance 'g_pe_row[3].g_pe_pair[2].u_pe/w_d3_r_reg[0]' (FDC) to 'g_pe_row[3].g_pe_pair[3].u_pe/w_d3_r_reg[0]'
INFO: [Synth 8-3886] merging instance 'g_pe_row[3].g_pe_pair[2].u_pe/w_d1_r_reg[1]' (FDC) to 'g_pe_row[3].g_pe_pair[3].u_pe/w_d1_r_reg[1]'
INFO: [Common 17-14] Message 'Synth 8-3886' appears 100 times and further instances of the messages will be disabled. Use the Tcl command set_msg_config to change the current settings.
INFO: [Common 17-14] Message 'Synth 8-3886' appears 100 times and further instances of the messages will be disabled. Use the Tcl command set_msg_config to change the current settings.
INFO: [Synth 8-7067] Removed DRAM instance u_wbuf/i_30/i_0/g_row[15].mem0_reg_64_127_6_7 from module extram__99 due to constant propagation
INFO: [Synth 8-7067] Removed DRAM instance u_wbuf/i_30/i_0/g_row[15].mem0_reg_128_191_6_7 from module extram__99 due to constant propagation
INFO: [Synth 8-7067] Removed DRAM instance u_wbuf/i_30/i_0/g_row[15].mem0_reg_192_255_6_7 from module extram__99 due to constant propagation
INFO: [Synth 8-7067] Removed DRAM instance u_wbuf/i_30/i_0/g_row[15].mem0_reg_256_319_6_7 from module extram__99 due to constant propagation
INFO: [Synth 8-7067] Removed DRAM instance u_wbuf/i_30/i_0/g_row[15].mem0_reg_320_383_6_7 from module extram__99 due to constant propagation
INFO: [Synth 8-7067] Removed DRAM instance u_wbuf/i_30/i_0/g_row[15].mem0_reg_384_447_6_7 from module extram__99 due to constant propagation
INFO: [Synth 8-7067] Removed DRAM instance u_wbuf/i_30/i_0/g_row[15].mem0_reg_448_511_6_7 from module extram__99 due to constant propagation
INFO: [Synth 8-7067] Removed DRAM instance u_wbuf/i_30/i_0/g_row[15].mem0_reg_512_575_6_7 from module extram__99 due to constant propagation
INFO: [Synth 8-7067] Removed DRAM instance u_wbuf/i_30/i_0/g_row[15].mem0_reg_576_639_6_7 from module extram__99 due to constant propagation
INFO: [Synth 8-7067] Removed DRAM instance u_wbuf/i_30/i_0/g_row[15].mem0_reg_640_703_6_7 from module extram__99 due to constant propagation
INFO: [Synth 8-7067] Removed DRAM instance u_wbuf/i_30/i_0/g_row[15].mem0_reg_704_767_6_7 from module extram__99 due to constant propagation
INFO: [Synth 8-7067] Removed DRAM instance u_wbuf/i_30/i_0/g_row[15].mem0_reg_768_831_6_7 from module extram__99 due to constant propagation
INFO: [Synth 8-7067] Removed DRAM instance u_wbuf/i_30/i_0/g_row[15].mem0_reg_832_895_6_7 from module extram__99 due to constant propagation
INFO: [Synth 8-7067] Removed DRAM instance u_wbuf/i_30/i_0/g_row[15].mem0_reg_896_959_6_7 from module extram__99 due to constant propagation
INFO: [Synth 8-7067] Removed DRAM instance u_wbuf/i_30/i_0/g_row[15].mem0_reg_960_1023_6_7 from module extram__99 due to constant propagation
INFO: [Synth 8-7067] Removed DRAM instance u_wbuf/i_30/i_0/g_row[15].mem0_reg_1024_1087_6_7 from module extram__99 due to constant propagation
INFO: [Synth 8-7067] Removed DRAM instance u_wbuf/i_30/i_0/g_row[15].mem0_reg_1088_1151_6_7 from module extram__99 due to constant propagation
INFO: [Synth 8-7067] Removed DRAM instance u_wbuf/i_30/i_0/g_row[15].mem0_reg_1152_1215_6_7 from module extram__99 due to constant propagation
INFO: [Synth 8-7067] Removed DRAM instance u_wbuf/i_30/i_0/g_row[15].mem0_reg_1216_1279_6_7 from module extram__99 due to constant propagation
INFO: [Synth 8-7067] Removed DRAM instance u_wbuf/i_30/i_0/g_row[15].mem0_reg_1280_1343_6_7 from module extram__99 due to constant propagation
INFO: [Synth 8-7067] Removed DRAM instance u_wbuf/i_30/i_0/g_row[15].mem0_reg_1344_1407_6_7 from module extram__99 due to constant propagation
INFO: [Synth 8-7067] Removed DRAM instance u_wbuf/i_30/i_0/g_row[15].mem0_reg_1408_1471_6_7 from module extram__99 due to constant propagation
INFO: [Synth 8-7067] Removed DRAM instance u_wbuf/i_30/i_0/g_row[15].mem0_reg_1472_1535_6_7 from module extram__99 due to constant propagation
INFO: [Synth 8-7067] Removed DRAM instance u_wbuf/i_30/i_0/g_row[15].mem0_reg_1536_1599_6_7 from module extram__99 due to constant propagation
INFO: [Synth 8-7067] Removed DRAM instance u_wbuf/i_30/i_0/g_row[15].mem0_reg_1600_1663_6_7 from module extram__99 due to constant propagation
INFO: [Synth 8-7067] Removed DRAM instance u_wbuf/i_30/i_0/g_row[15].mem0_reg_1664_1727_6_7 from module extram__99 due to constant propagation
INFO: [Synth 8-7067] Removed DRAM instance u_wbuf/i_30/i_0/g_row[15].mem0_reg_1728_1791_6_7 from module extram__99 due to constant propagation
INFO: [Synth 8-7067] Removed DRAM instance u_wbuf/i_30/i_0/g_row[15].mem0_reg_1792_1855_6_7 from module extram__99 due to constant propagation
INFO: [Synth 8-7067] Removed DRAM instance u_wbuf/i_30/i_0/g_row[15].mem0_reg_1856_1919_6_7 from module extram__99 due to constant propagation
INFO: [Synth 8-7067] Removed DRAM instance u_wbuf/i_30/i_0/g_row[15].mem0_reg_1920_1983_6_7 from module extram__99 due to constant propagation
INFO: [Synth 8-7067] Removed DRAM instance u_wbuf/i_30/i_0/g_row[15].mem0_reg_1984_2047_6_7 from module extram__99 due to constant propagation
INFO: [Synth 8-7067] Removed DRAM instance u_wbuf/i_30/i_0/g_row[15].mem0_reg_2048_2111_6_7 from module extram__99 due to constant propagation
INFO: [Synth 8-7067] Removed DRAM instance u_wbuf/i_30/i_0/g_row[15].mem0_reg_2112_2175_6_7 from module extram__99 due to constant propagation
INFO: [Synth 8-7067] Removed DRAM instance u_wbuf/i_30/i_0/g_row[15].mem0_reg_2176_2239_6_7 from module extram__99 due to constant propagation
INFO: [Synth 8-7067] Removed DRAM instance u_wbuf/i_30/i_0/g_row[15].mem0_reg_2240_2303_6_7 from module extram__99 due to constant propagation
INFO: [Synth 8-7067] Removed DRAM instance u_wbuf/i_31/i_1/g_row[15].mem1_reg_64_127_6_7 from module extram__101 due to constant propagation
INFO: [Synth 8-7067] Removed DRAM instance u_wbuf/i_31/i_1/g_row[15].mem1_reg_128_191_6_7 from module extram__101 due to constant propagation
INFO: [Synth 8-7067] Removed DRAM instance u_wbuf/i_31/i_1/g_row[15].mem1_reg_192_255_6_7 from module extram__101 due to constant propagation
INFO: [Synth 8-7067] Removed DRAM instance u_wbuf/i_31/i_1/g_row[15].mem1_reg_256_319_6_7 from module extram__101 due to constant propagation
INFO: [Synth 8-7067] Removed DRAM instance u_wbuf/i_31/i_1/g_row[15].mem1_reg_320_383_6_7 from module extram__101 due to constant propagation
INFO: [Synth 8-7067] Removed DRAM instance u_wbuf/i_31/i_1/g_row[15].mem1_reg_384_447_6_7 from module extram__101 due to constant propagation
INFO: [Synth 8-7067] Removed DRAM instance u_wbuf/i_31/i_1/g_row[15].mem1_reg_448_511_6_7 from module extram__101 due to constant propagation
INFO: [Synth 8-7067] Removed DRAM instance u_wbuf/i_31/i_1/g_row[15].mem1_reg_512_575_6_7 from module extram__101 due to constant propagation
INFO: [Synth 8-7067] Removed DRAM instance u_wbuf/i_31/i_1/g_row[15].mem1_reg_576_639_6_7 from module extram__101 due to constant propagation
INFO: [Synth 8-7067] Removed DRAM instance u_wbuf/i_31/i_1/g_row[15].mem1_reg_640_703_6_7 from module extram__101 due to constant propagation
INFO: [Synth 8-7067] Removed DRAM instance u_wbuf/i_31/i_1/g_row[15].mem1_reg_704_767_6_7 from module extram__101 due to constant propagation
INFO: [Synth 8-7067] Removed DRAM instance u_wbuf/i_31/i_1/g_row[15].mem1_reg_768_831_6_7 from module extram__101 due to constant propagation
INFO: [Synth 8-7067] Removed DRAM instance u_wbuf/i_31/i_1/g_row[15].mem1_reg_832_895_6_7 from module extram__101 due to constant propagation
INFO: [Synth 8-7067] Removed DRAM instance u_wbuf/i_31/i_1/g_row[15].mem1_reg_896_959_6_7 from module extram__101 due to constant propagation
INFO: [Synth 8-7067] Removed DRAM instance u_wbuf/i_31/i_1/g_row[15].mem1_reg_960_1023_6_7 from module extram__101 due to constant propagation
INFO: [Synth 8-7067] Removed DRAM instance u_wbuf/i_31/i_1/g_row[15].mem1_reg_1024_1087_6_7 from module extram__101 due to constant propagation
INFO: [Synth 8-7067] Removed DRAM instance u_wbuf/i_31/i_1/g_row[15].mem1_reg_1088_1151_6_7 from module extram__101 due to constant propagation
INFO: [Synth 8-7067] Removed DRAM instance u_wbuf/i_31/i_1/g_row[15].mem1_reg_1152_1215_6_7 from module extram__101 due to constant propagation
INFO: [Synth 8-7067] Removed DRAM instance u_wbuf/i_31/i_1/g_row[15].mem1_reg_1216_1279_6_7 from module extram__101 due to constant propagation
INFO: [Synth 8-7067] Removed DRAM instance u_wbuf/i_31/i_1/g_row[15].mem1_reg_1280_1343_6_7 from module extram__101 due to constant propagation
INFO: [Synth 8-7067] Removed DRAM instance u_wbuf/i_31/i_1/g_row[15].mem1_reg_1344_1407_6_7 from module extram__101 due to constant propagation
INFO: [Synth 8-7067] Removed DRAM instance u_wbuf/i_31/i_1/g_row[15].mem1_reg_1408_1471_6_7 from module extram__101 due to constant propagation
INFO: [Synth 8-7067] Removed DRAM instance u_wbuf/i_31/i_1/g_row[15].mem1_reg_1472_1535_6_7 from module extram__101 due to constant propagation
INFO: [Synth 8-7067] Removed DRAM instance u_wbuf/i_31/i_1/g_row[15].mem1_reg_1536_1599_6_7 from module extram__101 due to constant propagation
INFO: [Synth 8-7067] Removed DRAM instance u_wbuf/i_31/i_1/g_row[15].mem1_reg_1600_1663_6_7 from module extram__101 due to constant propagation
INFO: [Synth 8-7067] Removed DRAM instance u_wbuf/i_31/i_1/g_row[15].mem1_reg_1664_1727_6_7 from module extram__101 due to constant propagation
INFO: [Synth 8-7067] Removed DRAM instance u_wbuf/i_31/i_1/g_row[15].mem1_reg_1728_1791_6_7 from module extram__101 due to constant propagation
INFO: [Synth 8-7067] Removed DRAM instance u_wbuf/i_31/i_1/g_row[15].mem1_reg_1792_1855_6_7 from module extram__101 due to constant propagation
INFO: [Synth 8-7067] Removed DRAM instance u_wbuf/i_31/i_1/g_row[15].mem1_reg_1856_1919_6_7 from module extram__101 due to constant propagation
INFO: [Synth 8-7067] Removed DRAM instance u_wbuf/i_31/i_1/g_row[15].mem1_reg_1920_1983_6_7 from module extram__101 due to constant propagation
INFO: [Synth 8-7067] Removed DRAM instance u_wbuf/i_31/i_1/g_row[15].mem1_reg_1984_2047_6_7 from module extram__101 due to constant propagation
INFO: [Synth 8-7067] Removed DRAM instance u_wbuf/i_31/i_1/g_row[15].mem1_reg_2048_2111_6_7 from module extram__101 due to constant propagation
INFO: [Synth 8-7067] Removed DRAM instance u_wbuf/i_31/i_1/g_row[15].mem1_reg_2112_2175_6_7 from module extram__101 due to constant propagation
INFO: [Synth 8-7067] Removed DRAM instance u_wbuf/i_31/i_1/g_row[15].mem1_reg_2176_2239_6_7 from module extram__101 due to constant propagation
INFO: [Synth 8-7067] Removed DRAM instance u_wbuf/i_31/i_1/g_row[15].mem1_reg_2240_2303_6_7 from module extram__101 due to constant propagation
INFO: [Synth 8-7067] Removed DRAM instance u_wbuf/i_30/i_0/g_row[15].mem0_reg_64_127_3_5 from module extram__99 due to constant propagation
INFO: [Synth 8-7067] Removed DRAM instance u_wbuf/i_30/i_0/g_row[15].mem0_reg_128_191_3_5 from module extram__99 due to constant propagation
INFO: [Synth 8-7067] Removed DRAM instance u_wbuf/i_30/i_0/g_row[15].mem0_reg_192_255_3_5 from module extram__99 due to constant propagation
INFO: [Synth 8-7067] Removed DRAM instance u_wbuf/i_30/i_0/g_row[15].mem0_reg_256_319_3_5 from module extram__99 due to constant propagation
INFO: [Synth 8-7067] Removed DRAM instance u_wbuf/i_30/i_0/g_row[15].mem0_reg_320_383_3_5 from module extram__99 due to constant propagation
INFO: [Synth 8-7067] Removed DRAM instance u_wbuf/i_30/i_0/g_row[15].mem0_reg_384_447_3_5 from module extram__99 due to constant propagation
INFO: [Synth 8-7067] Removed DRAM instance u_wbuf/i_30/i_0/g_row[15].mem0_reg_448_511_3_5 from module extram__99 due to constant propagation
INFO: [Synth 8-7067] Removed DRAM instance u_wbuf/i_30/i_0/g_row[15].mem0_reg_512_575_3_5 from module extram__99 due to constant propagation
INFO: [Synth 8-7067] Removed DRAM instance u_wbuf/i_30/i_0/g_row[15].mem0_reg_576_639_3_5 from module extram__99 due to constant propagation
INFO: [Synth 8-7067] Removed DRAM instance u_wbuf/i_30/i_0/g_row[15].mem0_reg_640_703_3_5 from module extram__99 due to constant propagation
INFO: [Synth 8-7067] Removed DRAM instance u_wbuf/i_30/i_0/g_row[15].mem0_reg_704_767_3_5 from module extram__99 due to constant propagation
INFO: [Synth 8-7067] Removed DRAM instance u_wbuf/i_30/i_0/g_row[15].mem0_reg_768_831_3_5 from module extram__99 due to constant propagation
INFO: [Synth 8-7067] Removed DRAM instance u_wbuf/i_30/i_0/g_row[15].mem0_reg_832_895_3_5 from module extram__99 due to constant propagation
INFO: [Synth 8-7067] Removed DRAM instance u_wbuf/i_30/i_0/g_row[15].mem0_reg_896_959_3_5 from module extram__99 due to constant propagation
INFO: [Synth 8-7067] Removed DRAM instance u_wbuf/i_30/i_0/g_row[15].mem0_reg_960_1023_3_5 from module extram__99 due to constant propagation
INFO: [Synth 8-7067] Removed DRAM instance u_wbuf/i_30/i_0/g_row[15].mem0_reg_1024_1087_3_5 from module extram__99 due to constant propagation
INFO: [Synth 8-7067] Removed DRAM instance u_wbuf/i_30/i_0/g_row[15].mem0_reg_1088_1151_3_5 from module extram__99 due to constant propagation
INFO: [Synth 8-7067] Removed DRAM instance u_wbuf/i_30/i_0/g_row[15].mem0_reg_1152_1215_3_5 from module extram__99 due to constant propagation
INFO: [Synth 8-7067] Removed DRAM instance u_wbuf/i_30/i_0/g_row[15].mem0_reg_1216_1279_3_5 from module extram__99 due to constant propagation
INFO: [Synth 8-7067] Removed DRAM instance u_wbuf/i_30/i_0/g_row[15].mem0_reg_1280_1343_3_5 from module extram__99 due to constant propagation
INFO: [Synth 8-7067] Removed DRAM instance u_wbuf/i_30/i_0/g_row[15].mem0_reg_1344_1407_3_5 from module extram__99 due to constant propagation
INFO: [Synth 8-7067] Removed DRAM instance u_wbuf/i_30/i_0/g_row[15].mem0_reg_1408_1471_3_5 from module extram__99 due to constant propagation
INFO: [Synth 8-7067] Removed DRAM instance u_wbuf/i_30/i_0/g_row[15].mem0_reg_1472_1535_3_5 from module extram__99 due to constant propagation
INFO: [Synth 8-7067] Removed DRAM instance u_wbuf/i_30/i_0/g_row[15].mem0_reg_1536_1599_3_5 from module extram__99 due to constant propagation
INFO: [Synth 8-7067] Removed DRAM instance u_wbuf/i_30/i_0/g_row[15].mem0_reg_1600_1663_3_5 from module extram__99 due to constant propagation
INFO: [Synth 8-7067] Removed DRAM instance u_wbuf/i_30/i_0/g_row[15].mem0_reg_1664_1727_3_5 from module extram__99 due to constant propagation
INFO: [Synth 8-7067] Removed DRAM instance u_wbuf/i_30/i_0/g_row[15].mem0_reg_1728_1791_3_5 from module extram__99 due to constant propagation
INFO: [Synth 8-7067] Removed DRAM instance u_wbuf/i_30/i_0/g_row[15].mem0_reg_1792_1855_3_5 from module extram__99 due to constant propagation
INFO: [Synth 8-7067] Removed DRAM instance u_wbuf/i_30/i_0/g_row[15].mem0_reg_1856_1919_3_5 from module extram__99 due to constant propagation
INFO: [Synth 8-7067] Removed DRAM instance u_wbuf/i_30/i_0/g_row[15].mem0_reg_1920_1983_3_5 from module extram__99 due to constant propagation
INFO: [Common 17-14] Message 'Synth 8-7067' appears 100 times and further instances of the messages will be disabled. Use the Tcl command set_msg_config to change the current settings.
INFO: [Common 17-14] Message 'Synth 8-7067' appears 100 times and further instances of the messages will be disabled. Use the Tcl command set_msg_config to change the current settings.
INFO: [Synth 8-12192] Not enough pipeline registers after wide multiplier. Pipeline registers present is 1. Recommended levels of pipeline registers is 4. [E:/competition/2_fpga/3_yolo_zynq/rtl/yolo_requant.v:163]
DSP Report: Generating DSP prod_r0, operation Mode is: A*B.
DSP Report: operator prod_r0 is absorbed into DSP prod_r0.
DSP Report: operator prod_r0 is absorbed into DSP prod_r0.
DSP Report: Generating DSP prod_r0, operation Mode is: (PCIN>>17)+A*B.
DSP Report: operator prod_r0 is absorbed into DSP prod_r0.
DSP Report: operator prod_r0 is absorbed into DSP prod_r0.
DSP Report: Generating DSP prod_r0, operation Mode is: A*B.
DSP Report: operator prod_r0 is absorbed into DSP prod_r0.
DSP Report: operator prod_r0 is absorbed into DSP prod_r0.
DSP Report: Generating DSP prod_r0, operation Mode is: (PCIN>>17)+A*B.
DSP Report: operator prod_r0 is absorbed into DSP prod_r0.
DSP Report: operator prod_r0 is absorbed into DSP prod_r0.
WARNING: [Synth 8-3332] Sequential element (prod_r_reg[47]) is unused and will be removed from module yolo_requant.
WARNING: [Synth 8-3332] Sequential element (prod_r_reg[46]) is unused and will be removed from module yolo_requant.
WARNING: [Synth 8-3332] Sequential element (prod_r_reg[45]) is unused and will be removed from module yolo_requant.
WARNING: [Synth 8-3332] Sequential element (prod_r_reg[44]) is unused and will be removed from module yolo_requant.
WARNING: [Synth 8-3332] Sequential element (prod_r_reg[43]) is unused and will be removed from module yolo_requant.
WARNING: [Synth 8-3332] Sequential element (prod_r_reg[42]) is unused and will be removed from module yolo_requant.
WARNING: [Synth 8-3332] Sequential element (prod_r_reg[41]) is unused and will be removed from module yolo_requant.
WARNING: [Synth 8-3332] Sequential element (prod_r_reg[40]) is unused and will be removed from module yolo_requant.
WARNING: [Synth 8-3332] Sequential element (prod_r_reg[39]) is unused and will be removed from module yolo_requant.
WARNING: [Synth 8-3332] Sequential element (prod_r_reg[38]) is unused and will be removed from module yolo_requant.
WARNING: [Synth 8-3332] Sequential element (prod_r_reg[37]) is unused and will be removed from module yolo_requant.
WARNING: [Synth 8-3332] Sequential element (prod_r_reg[36]) is unused and will be removed from module yolo_requant.
WARNING: [Synth 8-3332] Sequential element (prod_r_reg[35]) is unused and will be removed from module yolo_requant.
WARNING: [Synth 8-3332] Sequential element (prod_r_reg[34]) is unused and will be removed from module yolo_requant.
WARNING: [Synth 8-3332] Sequential element (prod_r_reg[33]) is unused and will be removed from module yolo_requant.
WARNING: [Synth 8-3332] Sequential element (prod_r_reg[32]) is unused and will be removed from module yolo_requant.
WARNING: [Synth 8-3332] Sequential element (prod_r_reg[31]) is unused and will be removed from module yolo_requant.
WARNING: [Synth 8-3332] Sequential element (prod_r_reg[30]) is unused and will be removed from module yolo_requant.
WARNING: [Synth 8-3332] Sequential element (prod_r_reg[29]) is unused and will be removed from module yolo_requant.
WARNING: [Synth 8-3332] Sequential element (prod_r_reg[28]) is unused and will be removed from module yolo_requant.
WARNING: [Synth 8-3332] Sequential element (prod_r_reg[27]) is unused and will be removed from module yolo_requant.
WARNING: [Synth 8-3332] Sequential element (prod_r_reg[26]) is unused and will be removed from module yolo_requant.
WARNING: [Synth 8-3332] Sequential element (prod_r_reg[25]) is unused and will be removed from module yolo_requant.
WARNING: [Synth 8-3332] Sequential element (prod_r_reg[24]) is unused and will be removed from module yolo_requant.
WARNING: [Synth 8-3332] Sequential element (prod_r_reg[23]) is unused and will be removed from module yolo_requant.
WARNING: [Synth 8-3332] Sequential element (prod_r_reg[22]) is unused and will be removed from module yolo_requant.
WARNING: [Synth 8-3332] Sequential element (prod_r_reg[21]) is unused and will be removed from module yolo_requant.
WARNING: [Synth 8-3332] Sequential element (prod_r_reg[20]) is unused and will be removed from module yolo_requant.
WARNING: [Synth 8-3332] Sequential element (prod_r_reg[19]) is unused and will be removed from module yolo_requant.
WARNING: [Synth 8-3332] Sequential element (prod_r_reg[18]) is unused and will be removed from module yolo_requant.
WARNING: [Synth 8-3332] Sequential element (prod_r_reg[17]) is unused and will be removed from module yolo_requant.
WARNING: [Synth 8-3332] Sequential element (prod_r_reg[47]__0) is unused and will be removed from module yolo_requant.
WARNING: [Synth 8-3332] Sequential element (prod_r_reg[46]__0) is unused and will be removed from module yolo_requant.
WARNING: [Synth 8-3332] Sequential element (prod_r_reg[45]__0) is unused and will be removed from module yolo_requant.
WARNING: [Synth 8-3332] Sequential element (prod_r_reg[44]__0) is unused and will be removed from module yolo_requant.
WARNING: [Synth 8-3332] Sequential element (prod_r_reg[43]__0) is unused and will be removed from module yolo_requant.
WARNING: [Synth 8-3332] Sequential element (prod_r_reg[42]__0) is unused and will be removed from module yolo_requant.
WARNING: [Synth 8-3332] Sequential element (prod_r_reg[41]__0) is unused and will be removed from module yolo_requant.
WARNING: [Synth 8-3332] Sequential element (prod_r_reg[40]__0) is unused and will be removed from module yolo_requant.
WARNING: [Synth 8-3332] Sequential element (prod_r_reg[39]__0) is unused and will be removed from module yolo_requant.
WARNING: [Synth 8-3332] Sequential element (prod_r_reg[38]__0) is unused and will be removed from module yolo_requant.
WARNING: [Synth 8-3332] Sequential element (prod_r_reg[37]__0) is unused and will be removed from module yolo_requant.
WARNING: [Synth 8-3332] Sequential element (prod_r_reg[36]__0) is unused and will be removed from module yolo_requant.
WARNING: [Synth 8-3332] Sequential element (prod_r_reg[35]__0) is unused and will be removed from module yolo_requant.
WARNING: [Synth 8-3332] Sequential element (prod_r_reg[34]__0) is unused and will be removed from module yolo_requant.
WARNING: [Synth 8-3332] Sequential element (prod_r_reg[33]__0) is unused and will be removed from module yolo_requant.
WARNING: [Synth 8-3332] Sequential element (prod_r_reg[32]__0) is unused and will be removed from module yolo_requant.
WARNING: [Synth 8-3332] Sequential element (prod_r_reg[31]__0) is unused and will be removed from module yolo_requant.
WARNING: [Synth 8-3332] Sequential element (prod_r_reg[30]__0) is unused and will be removed from module yolo_requant.
WARNING: [Synth 8-3332] Sequential element (prod_r_reg[47]__1) is unused and will be removed from module yolo_requant.
WARNING: [Synth 8-3332] Sequential element (prod_r_reg[46]__1) is unused and will be removed from module yolo_requant.
WARNING: [Synth 8-3332] Sequential element (prod_r_reg[45]__1) is unused and will be removed from module yolo_requant.
WARNING: [Synth 8-3332] Sequential element (prod_r_reg[44]__1) is unused and will be removed from module yolo_requant.
WARNING: [Synth 8-3332] Sequential element (prod_r_reg[43]__1) is unused and will be removed from module yolo_requant.
WARNING: [Synth 8-3332] Sequential element (prod_r_reg[42]__1) is unused and will be removed from module yolo_requant.
WARNING: [Synth 8-3332] Sequential element (prod_r_reg[41]__1) is unused and will be removed from module yolo_requant.
WARNING: [Synth 8-3332] Sequential element (prod_r_reg[40]__1) is unused and will be removed from module yolo_requant.
WARNING: [Synth 8-3332] Sequential element (prod_r_reg[39]__1) is unused and will be removed from module yolo_requant.
WARNING: [Synth 8-3332] Sequential element (prod_r_reg[38]__1) is unused and will be removed from module yolo_requant.
WARNING: [Synth 8-3332] Sequential element (prod_r_reg[37]__1) is unused and will be removed from module yolo_requant.
WARNING: [Synth 8-3332] Sequential element (prod_r_reg[36]__1) is unused and will be removed from module yolo_requant.
WARNING: [Synth 8-3332] Sequential element (prod_r_reg[35]__1) is unused and will be removed from module yolo_requant.
WARNING: [Synth 8-3332] Sequential element (prod_r_reg[34]__1) is unused and will be removed from module yolo_requant.
WARNING: [Synth 8-3332] Sequential element (prod_r_reg[33]__1) is unused and will be removed from module yolo_requant.
WARNING: [Synth 8-3332] Sequential element (prod_r_reg[32]__1) is unused and will be removed from module yolo_requant.
WARNING: [Synth 8-3332] Sequential element (prod_r_reg[31]__1) is unused and will be removed from module yolo_requant.
WARNING: [Synth 8-3332] Sequential element (prod_r_reg[30]__1) is unused and will be removed from module yolo_requant.
WARNING: [Synth 8-3332] Sequential element (prod_r_reg[29]__1) is unused and will be removed from module yolo_requant.
WARNING: [Synth 8-3332] Sequential element (prod_r_reg[28]__1) is unused and will be removed from module yolo_requant.
WARNING: [Synth 8-3332] Sequential element (prod_r_reg[27]__1) is unused and will be removed from module yolo_requant.
WARNING: [Synth 8-3332] Sequential element (prod_r_reg[26]__1) is unused and will be removed from module yolo_requant.
WARNING: [Synth 8-3332] Sequential element (prod_r_reg[25]__1) is unused and will be removed from module yolo_requant.
WARNING: [Synth 8-3332] Sequential element (prod_r_reg[24]__1) is unused and will be removed from module yolo_requant.
WARNING: [Synth 8-3332] Sequential element (prod_r_reg[23]__1) is unused and will be removed from module yolo_requant.
WARNING: [Synth 8-3332] Sequential element (prod_r_reg[22]__1) is unused and will be removed from module yolo_requant.
WARNING: [Synth 8-3332] Sequential element (prod_r_reg[21]__1) is unused and will be removed from module yolo_requant.
WARNING: [Synth 8-3332] Sequential element (prod_r_reg[20]__1) is unused and will be removed from module yolo_requant.
WARNING: [Synth 8-3332] Sequential element (prod_r_reg[19]__1) is unused and will be removed from module yolo_requant.
WARNING: [Synth 8-3332] Sequential element (prod_r_reg[18]__1) is unused and will be removed from module yolo_requant.
WARNING: [Synth 8-3332] Sequential element (prod_r_reg[17]__1) is unused and will be removed from module yolo_requant.
WARNING: [Synth 8-3332] Sequential element (prod_r_reg[47]__2) is unused and will be removed from module yolo_requant.
DSP Report: Generating DSP oy_sh_r0, operation Mode is: A*B.
DSP Report: operator oy_sh_r0 is absorbed into DSP oy_sh_r0.
DSP Report: Generating DSP p_1_out, operation Mode is: (C or 0)+A*B.
DSP Report: operator row_off_r0 is absorbed into DSP p_1_out.
DSP Report: operator row_off_r0 is absorbed into DSP p_1_out.
DSP Report: Generating DSP ox_sw_r0, operation Mode is: A*B.
DSP Report: operator ox_sw_r0 is absorbed into DSP ox_sw_r0.
DSP Report: Generating DSP kh1_iw_r0, operation Mode is: (D+(A:0x3fffffff))*B.
DSP Report: operator kh1_iw_r0 is absorbed into DSP kh1_iw_r0.
DSP Report: operator kh1_iw_r1 is absorbed into DSP kh1_iw_r0.
DSP Report: Generating DSP m_iw_r1, operation Mode is: A*B.
DSP Report: operator m_iw_r1 is absorbed into DSP m_iw_r1.
DSP Report: Generating DSP m_iw_r1, operation Mode is: A*B.
DSP Report: operator m_iw_r1 is absorbed into DSP m_iw_r1.
DSP Report: Generating DSP plane_sz_c0, operation Mode is: A*B.
DSP Report: operator plane_sz_c0 is absorbed into DSP plane_sz_c0.
DSP Report: Generating DSP rq_limit_r0, operation Mode is: (C:0xffffffffffff)+A*B.
DSP Report: operator rq_limit_r0 is absorbed into DSP rq_limit_r0.
DSP Report: operator rq_limit_r1 is absorbed into DSP rq_limit_r0.
DSP Report: Generating DSP row_addr_d2_r2, operation Mode is: A*B.
DSP Report: operator row_addr_d2_r2 is absorbed into DSP row_addr_d2_r2.
DSP Report: Generating DSP row_addr_d2_r0, operation Mode is: PCIN+(A:0x0):B+C.
DSP Report: operator row_addr_d2_r0 is absorbed into DSP row_addr_d2_r0.
WARNING: [Synth 8-7129] Port rlast_i in module yolo_dma is either unconnected or has no load
WARNING: [Synth 8-7129] Port ic_i[15] in module yolo_addrgen is either unconnected or has no load
WARNING: [Synth 8-7129] Port ic_i[14] in module yolo_addrgen is either unconnected or has no load
WARNING: [Synth 8-7129] Port ic_i[13] in module yolo_addrgen is either unconnected or has no load
WARNING: [Synth 8-7129] Port ic_i[12] in module yolo_addrgen is either unconnected or has no load
WARNING: [Synth 8-7129] Port ic_i[11] in module yolo_addrgen is either unconnected or has no load
WARNING: [Synth 8-7129] Port ic_i[10] in module yolo_addrgen is either unconnected or has no load
INFO: [Common 17-14] Message 'Synth 8-7129' appears 100 times and further instances of the messages will be disabled. Use the Tcl command set_msg_config to change the current settings.
INFO: [Synth 8-3333] propagating constant 0 across sequential element (\n_base_d1_r_reg[3] )
INFO: [Synth 8-3333] propagating constant 0 across sequential element (u_addrgen/\k_len_c_reg[13] )
INFO: [Synth 8-3333] propagating constant 0 across sequential element (\cfg_oc_tiles_r_reg[8] )
INFO: [Synth 8-3333] propagating constant 0 across sequential element (u_addrgen/\pad_val_o_reg[6] )
INFO: [Synth 8-3333] propagating constant 0 across sequential element (u_dma/\tail_r_reg[2] )
INFO: [Synth 8-3333] propagating constant 0 across sequential element (u_ctrl/\oc_tiles_r_reg[8] )
INFO: [Synth 8-3333] propagating constant 0 across sequential element (u_dma_wr/\lo_r_reg[3] )
INFO: [Synth 8-3333] propagating constant 0 across sequential element (u_dma/\state_r_reg[2] )
---------------------------------------------------------------------------------
Finished Cross Boundary and Area Optimization : Time (s): cpu = 00:00:24 ; elapsed = 00:00:37 . Memory (MB): peak = 1645.961 ; gain = 837.473
---------------------------------------------------------------------------------
 Sort Area is yolo_gemm_array__GB5 p_1_out_2 : 0 0 : 3261 3261 : Used 1 time 100
 Sort Area is yolo_gemm_array__GB4 prod_r0_0 : 0 0 : 2701 4864 : Used 1 time 0
 Sort Area is yolo_gemm_array__GB4 prod_r0_0 : 0 1 : 2163 4864 : Used 1 time 0
 Sort Area is yolo_gemm_array__GB4 prod_r0_3 : 0 0 : 2304 4252 : Used 1 time 0
 Sort Area is yolo_gemm_array__GB4 prod_r0_3 : 0 1 : 1948 4252 : Used 1 time 0
 Sort Area is yolo_gemm_array__GB5 kh1_iw_r0_9 : 0 0 : 2760 2760 : Used 1 time 0
 Sort Area is yolo_gemm_array__GB5 row_addr_d2_r2_d : 0 0 : 1946 2152 : Used 1 time 0
 Sort Area is yolo_gemm_array__GB5 row_addr_d2_r2_d : 0 1 : 206 2152 : Used 1 time 0
 Sort Area is yolo_gemm_array__GB5 m_iw_r1_8 : 0 0 : 1946 1946 : Used 1 time 0
 Sort Area is yolo_gemm_array__GB5 plane_sz_c0_5 : 0 0 : 1946 1946 : Used 1 time 0
 Sort Area is yolo_gemm_array__GB5 rq_limit_r0_b : 0 0 : 1084 1084 : Used 1 time 0
 Sort Area is yolo_gemm_array__GB5 m_iw_r1_7 : 0 0 : 878 878 : Used 1 time 0
 Sort Area is yolo_gemm_array__GB5 ox_sw_r0_4 : 0 0 : 878 878 : Used 1 time 0
 Sort Area is yolo_gemm_array__GB5 oy_sh_r0_0 : 0 0 : 878 878 : Used 1 time 0
---------------------------------------------------------------------------------
Start ROM, RAM, DSP, Shift Register and Retiming Reporting
---------------------------------------------------------------------------------

Distributed RAM: Preliminary Mapping Report (see note below)
+------------+--------------------+-----------+----------------------+---------------+
|Module Name | RTL Object         | Inference | Size (Depth x Width) | Primitives    | 
+------------+--------------------+-----------+----------------------+---------------+
|u_wbuf      | g_row[0].mem0_reg  | Implied   | 4 K x 8              | RAM64M x 108  | 
|u_wbuf      | g_row[0].mem1_reg  | Implied   | 4 K x 8              | RAM64M x 108  | 
|u_wbuf      | g_row[1].mem0_reg  | Implied   | 4 K x 8              | RAM64M x 108  | 
|u_wbuf      | g_row[1].mem1_reg  | Implied   | 4 K x 8              | RAM64M x 108  | 
|u_wbuf      | g_row[2].mem0_reg  | Implied   | 4 K x 8              | RAM64M x 108  | 
|u_wbuf      | g_row[2].mem1_reg  | Implied   | 4 K x 8              | RAM64M x 108  | 
|u_wbuf      | g_row[3].mem0_reg  | Implied   | 4 K x 8              | RAM64M x 108  | 
|u_wbuf      | g_row[3].mem1_reg  | Implied   | 4 K x 8              | RAM64M x 108  | 
|u_wbuf      | g_row[4].mem0_reg  | Implied   | 4 K x 8              | RAM64M x 108  | 
|u_wbuf      | g_row[4].mem1_reg  | Implied   | 4 K x 8              | RAM64M x 108  | 
|u_wbuf      | g_row[5].mem0_reg  | Implied   | 4 K x 8              | RAM64M x 108  | 
|u_wbuf      | g_row[5].mem1_reg  | Implied   | 4 K x 8              | RAM64M x 108  | 
|u_wbuf      | g_row[6].mem0_reg  | Implied   | 4 K x 8              | RAM64M x 108  | 
|u_wbuf      | g_row[6].mem1_reg  | Implied   | 4 K x 8              | RAM64M x 108  | 
|u_wbuf      | g_row[7].mem0_reg  | Implied   | 4 K x 8              | RAM64M x 108  | 
|u_wbuf      | g_row[7].mem1_reg  | Implied   | 4 K x 8              | RAM64M x 108  | 
|u_wbuf      | g_row[8].mem0_reg  | Implied   | 4 K x 8              | RAM64M x 108  | 
|u_wbuf      | g_row[8].mem1_reg  | Implied   | 4 K x 8              | RAM64M x 108  | 
|u_wbuf      | g_row[9].mem0_reg  | Implied   | 4 K x 8              | RAM64M x 108  | 
|u_wbuf      | g_row[9].mem1_reg  | Implied   | 4 K x 8              | RAM64M x 108  | 
|u_wbuf      | g_row[10].mem0_reg | Implied   | 4 K x 8              | RAM64M x 108  | 
|u_wbuf      | g_row[10].mem1_reg | Implied   | 4 K x 8              | RAM64M x 108  | 
|u_wbuf      | g_row[11].mem0_reg | Implied   | 4 K x 8              | RAM64M x 108  | 
|u_wbuf      | g_row[11].mem1_reg | Implied   | 4 K x 8              | RAM64M x 108  | 
|u_wbuf      | g_row[12].mem0_reg | Implied   | 4 K x 8              | RAM64M x 108  | 
|u_wbuf      | g_row[12].mem1_reg | Implied   | 4 K x 8              | RAM64M x 108  | 
|u_wbuf      | g_row[13].mem0_reg | Implied   | 4 K x 8              | RAM64M x 108  | 
|u_wbuf      | g_row[13].mem1_reg | Implied   | 4 K x 8              | RAM64M x 108  | 
|u_wbuf      | g_row[14].mem0_reg | Implied   | 4 K x 8              | RAM64M x 108  | 
|u_wbuf      | g_row[14].mem1_reg | Implied   | 4 K x 8              | RAM64M x 108  | 
|u_wbuf      | g_row[15].mem0_reg | Implied   | 4 K x 8              | RAM64M x 108  | 
|u_wbuf      | g_row[15].mem1_reg | Implied   | 4 K x 8              | RAM64M x 108  | 
|u_wbuf      | par_b1_reg         | Implied   | 16 x 32              | RAM32M x 6    | 
|u_wbuf      | par_m0_reg         | Implied   | 16 x 32              | RAM32M x 6    | 
|u_wbuf      | par_m1_reg         | Implied   | 16 x 32              | RAM32M x 6    | 
|u_wbuf      | par_s0_reg         | Implied   | 16 x 8               | RAM32M x 2    | 
|u_wbuf      | par_s1_reg         | Implied   | 16 x 8               | RAM32M x 2    | 
|u_wbuf      | par_b0_reg         | Implied   | 16 x 32              | RAM32M x 6    | 
+------------+--------------------+-----------+----------------------+---------------+

Note: The table above is a preliminary report that shows the Distributed RAMs at the current stage of the synthesis flow. Some Distributed RAMs may be reimplemented as non Distributed RAM primitives later in the synthesis flow. Multiple instantiated RAMs are reported only once.

DSP: Preliminary Mapping Report (see note below. The ' indicates corresponding REG is set)
+---------------------+------------------------+--------+--------+--------+--------+--------+------+------+------+------+-------+------+------+
|Module Name          | DSP Mapping            | A Size | B Size | C Size | D Size | P Size | AREG | BREG | CREG | DREG | ADREG | MREG | PREG | 
+---------------------+------------------------+--------+--------+--------+--------+--------+------+------+------+------+-------+------+------+
|yolo_requant         | A*B                    | 18     | 16     | -      | -      | 48     | 0    | 0    | -    | -    | -     | 0    | 0    | 
|yolo_requant         | (PCIN>>17)+A*B         | 16     | 15     | -      | -      | 48     | 0    | 0    | -    | -    | -     | 0    | 0    | 
|yolo_requant         | A*B                    | 18     | 18     | -      | -      | 48     | 0    | 0    | -    | -    | -     | 0    | 0    | 
|yolo_requant         | (PCIN>>17)+A*B         | 18     | 15     | -      | -      | 48     | 0    | 0    | -    | -    | -     | 0    | 0    | 
|yolo_addrgen         | A*B                    | 16     | 8      | -      | -      | 24     | 0    | 0    | -    | -    | -     | 0    | 0    | 
|yolo_addrgen         | (C or 0)+A*B           | 25     | 17     | 16     | -      | 42     | 0    | 0    | 0    | -    | -     | 0    | 0    | 
|yolo_addrgen         | A*B                    | 16     | 8      | -      | -      | 24     | 0    | 0    | -    | -    | -     | 0    | 0    | 
|yolo_addrgen         | (D+(A:0x3fffffff))*B   | 24     | 16     | -      | 8      | 40     | 0    | 0    | -    | 0    | 0     | 0    | 0    | 
|yolo_addrgen         | A*B                    | 16     | 16     | -      | -      | 32     | 0    | 0    | -    | -    | -     | 0    | 0    | 
|yolo_addrgen         | A*B                    | 16     | 8      | -      | -      | 24     | 0    | 0    | -    | -    | -     | 0    | 0    | 
|yolo_addrgen         | A*B                    | 16     | 16     | -      | -      | 32     | 0    | 0    | -    | -    | -     | 0    | 0    | 
|yolo_ctrl            | (C:0xffffffffffff)+A*B | 12     | 12     | 12     | -      | 12     | 0    | 0    | 0    | -    | -     | 0    | 0    | 
|yolo_gemm_array      | A*B                    | 16     | 16     | -      | -      | 32     | 0    | 0    | -    | -    | -     | 0    | 0    | 
|yolo_gemm_array__GB5 | PCIN+(A:0x0):B+C       | 30     | 16     | 32     | -      | -1     | 0    | 0    | 0    | -    | -     | 0    | 0    | 
+---------------------+------------------------+--------+--------+--------+--------+--------+------+------+------+------+-------+------+------+

Note: The table above is a preliminary report that shows the DSPs inferred at the current stage of the synthesis flow. Some DSP may be reimplemented as non DSP primitives later in the synthesis flow. Multiple instantiated DSPs are reported only once.
---------------------------------------------------------------------------------
Finished ROM, RAM, DSP, Shift Register and Retiming Reporting
---------------------------------------------------------------------------------
---------------------------------------------------------------------------------
Start Applying XDC Timing Constraints
---------------------------------------------------------------------------------
---------------------------------------------------------------------------------
Finished Applying XDC Timing Constraints : Time (s): cpu = 00:00:30 ; elapsed = 00:00:42 . Memory (MB): peak = 1848.930 ; gain = 1040.441
---------------------------------------------------------------------------------
---------------------------------------------------------------------------------
Start Timing Optimization
---------------------------------------------------------------------------------
---------------------------------------------------------------------------------
Finished Timing Optimization : Time (s): cpu = 00:00:30 ; elapsed = 00:00:43 . Memory (MB): peak = 1868.879 ; gain = 1060.391
---------------------------------------------------------------------------------
---------------------------------------------------------------------------------
Start ROM, RAM, DSP, Shift Register and Retiming Reporting
---------------------------------------------------------------------------------

Distributed RAM: Final Mapping Report
+------------+--------------------+-----------+----------------------+---------------+
|Module Name | RTL Object         | Inference | Size (Depth x Width) | Primitives    | 
+------------+--------------------+-----------+----------------------+---------------+
|u_wbuf      | g_row[0].mem0_reg  | Implied   | 4 K x 8              | RAM64M x 108  | 
|u_wbuf      | g_row[0].mem1_reg  | Implied   | 4 K x 8              | RAM64M x 108  | 
|u_wbuf      | g_row[1].mem0_reg  | Implied   | 4 K x 8              | RAM64M x 108  | 
|u_wbuf      | g_row[1].mem1_reg  | Implied   | 4 K x 8              | RAM64M x 108  | 
|u_wbuf      | g_row[2].mem0_reg  | Implied   | 4 K x 8              | RAM64M x 108  | 
|u_wbuf      | g_row[2].mem1_reg  | Implied   | 4 K x 8              | RAM64M x 108  | 
|u_wbuf      | g_row[3].mem0_reg  | Implied   | 4 K x 8              | RAM64M x 108  | 
|u_wbuf      | g_row[3].mem1_reg  | Implied   | 4 K x 8              | RAM64M x 108  | 
|u_wbuf      | g_row[4].mem0_reg  | Implied   | 4 K x 8              | RAM64M x 108  | 
|u_wbuf      | g_row[4].mem1_reg  | Implied   | 4 K x 8              | RAM64M x 108  | 
|u_wbuf      | g_row[5].mem0_reg  | Implied   | 4 K x 8              | RAM64M x 108  | 
|u_wbuf      | g_row[5].mem1_reg  | Implied   | 4 K x 8              | RAM64M x 108  | 
|u_wbuf      | g_row[6].mem0_reg  | Implied   | 4 K x 8              | RAM64M x 108  | 
|u_wbuf      | g_row[6].mem1_reg  | Implied   | 4 K x 8              | RAM64M x 108  | 
|u_wbuf      | g_row[7].mem0_reg  | Implied   | 4 K x 8              | RAM64M x 108  | 
|u_wbuf      | g_row[7].mem1_reg  | Implied   | 4 K x 8              | RAM64M x 108  | 
|u_wbuf      | g_row[8].mem0_reg  | Implied   | 4 K x 8              | RAM64M x 108  | 
|u_wbuf      | g_row[8].mem1_reg  | Implied   | 4 K x 8              | RAM64M x 108  | 
|u_wbuf      | g_row[9].mem0_reg  | Implied   | 4 K x 8              | RAM64M x 108  | 
|u_wbuf      | g_row[9].mem1_reg  | Implied   | 4 K x 8              | RAM64M x 108  | 
|u_wbuf      | g_row[10].mem0_reg | Implied   | 4 K x 8              | RAM64M x 108  | 
|u_wbuf      | g_row[10].mem1_reg | Implied   | 4 K x 8              | RAM64M x 108  | 
|u_wbuf      | g_row[11].mem0_reg | Implied   | 4 K x 8              | RAM64M x 108  | 
|u_wbuf      | g_row[11].mem1_reg | Implied   | 4 K x 8              | RAM64M x 108  | 
|u_wbuf      | g_row[12].mem0_reg | Implied   | 4 K x 8              | RAM64M x 108  | 
|u_wbuf      | g_row[12].mem1_reg | Implied   | 4 K x 8              | RAM64M x 108  | 
|u_wbuf      | g_row[13].mem0_reg | Implied   | 4 K x 8              | RAM64M x 108  | 
|u_wbuf      | g_row[13].mem1_reg | Implied   | 4 K x 8              | RAM64M x 108  | 
|u_wbuf      | g_row[14].mem0_reg | Implied   | 4 K x 8              | RAM64M x 108  | 
|u_wbuf      | g_row[14].mem1_reg | Implied   | 4 K x 8              | RAM64M x 108  | 
|u_wbuf      | g_row[15].mem0_reg | Implied   | 4 K x 8              | RAM64M x 108  | 
|u_wbuf      | g_row[15].mem1_reg | Implied   | 4 K x 8              | RAM64M x 108  | 
|u_wbuf      | par_b1_reg         | Implied   | 16 x 32              | RAM32M x 6    | 
|u_wbuf      | par_m0_reg         | Implied   | 16 x 32              | RAM32M x 6    | 
|u_wbuf      | par_m1_reg         | Implied   | 16 x 32              | RAM32M x 6    | 
|u_wbuf      | par_s0_reg         | Implied   | 16 x 8               | RAM32M x 2    | 
|u_wbuf      | par_s1_reg         | Implied   | 16 x 8               | RAM32M x 2    | 
|u_wbuf      | par_b0_reg         | Implied   | 16 x 32              | RAM32M x 6    | 
+------------+--------------------+-----------+----------------------+---------------+

---------------------------------------------------------------------------------
Finished ROM, RAM, DSP, Shift Register and Retiming Reporting
---------------------------------------------------------------------------------
---------------------------------------------------------------------------------
Start Technology Mapping
---------------------------------------------------------------------------------
INFO: [Synth 8-5844] Detected registers with asynchronous reset at DSP/BRAM block boundary. Consider using synchronous reset for optimal packing [E:/competition/2_fpga/3_yolo_zynq/rtl/yolo_requant.v:105]
INFO: [Synth 8-5844] Detected registers with asynchronous reset at DSP/BRAM block boundary. Consider using synchronous reset for optimal packing [E:/competition/2_fpga/3_yolo_zynq/rtl/yolo_requant.v:105]
INFO: [Synth 8-5844] Detected registers with asynchronous reset at DSP/BRAM block boundary. Consider using synchronous reset for optimal packing [E:/competition/2_fpga/3_yolo_zynq/rtl/yolo_requant.v:132]
INFO: [Synth 8-5844] Detected registers with asynchronous reset at DSP/BRAM block boundary. Consider using synchronous reset for optimal packing [E:/competition/2_fpga/3_yolo_zynq/rtl/yolo_requant.v:131]
INFO: [Synth 8-5844] Detected registers with asynchronous reset at DSP/BRAM block boundary. Consider using synchronous reset for optimal packing [E:/competition/2_fpga/3_yolo_zynq/rtl/yolo_requant.v:131]
INFO: [Synth 8-5844] Detected registers with asynchronous reset at DSP/BRAM block boundary. Consider using synchronous reset for optimal packing [E:/competition/2_fpga/3_yolo_zynq/rtl/yolo_requant.v:132]
INFO: [Synth 8-5844] Detected registers with asynchronous reset at DSP/BRAM block boundary. Consider using synchronous reset for optimal packing [E:/competition/2_fpga/3_yolo_zynq/rtl/yolo_requant.v:131]
INFO: [Synth 8-5844] Detected registers with asynchronous reset at DSP/BRAM block boundary. Consider using synchronous reset for optimal packing [E:/competition/2_fpga/3_yolo_zynq/rtl/yolo_requant.v:132]
INFO: [Synth 8-5844] Detected registers with asynchronous reset at DSP/BRAM block boundary. Consider using synchronous reset for optimal packing [E:/competition/2_fpga/3_yolo_zynq/rtl/yolo_requant.v:131]
INFO: [Synth 8-5844] Detected registers with asynchronous reset at DSP/BRAM block boundary. Consider using synchronous reset for optimal packing [E:/competition/2_fpga/3_yolo_zynq/rtl/yolo_requant.v:132]
INFO: [Synth 8-5844] Detected registers with asynchronous reset at DSP/BRAM block boundary. Consider using synchronous reset for optimal packing [E:/competition/2_fpga/3_yolo_zynq/rtl/yolo_addrgen.v:173]
INFO: [Synth 8-5844] Detected registers with asynchronous reset at DSP/BRAM block boundary. Consider using synchronous reset for optimal packing [E:/competition/2_fpga/3_yolo_zynq/rtl/yolo_addrgen.v:271]
INFO: [Synth 8-5844] Detected registers with asynchronous reset at DSP/BRAM block boundary. Consider using synchronous reset for optimal packing [E:/competition/2_fpga/3_yolo_zynq/rtl/yolo_ctrl.v:175]
INFO: [Synth 8-5844] Detected registers with asynchronous reset at DSP/BRAM block boundary. Consider using synchronous reset for optimal packing [E:/competition/2_fpga/3_yolo_zynq/rtl/yolo_gemm_array.v:1079]
INFO: [Common 17-14] Message 'Synth 8-3886' appears 100 times and further instances of the messages will be disabled. Use the Tcl command set_msg_config to change the current settings.
INFO: [Synth 8-5844] Detected registers with asynchronous reset at DSP/BRAM block boundary. Consider using synchronous reset for optimal packing [E:/competition/2_fpga/3_yolo_zynq/rtl/yolo_addrgen.v:265]
INFO: [Synth 8-5844] Detected registers with asynchronous reset at DSP/BRAM block boundary. Consider using synchronous reset for optimal packing [E:/competition/2_fpga/3_yolo_zynq/rtl/yolo_addrgen.v:253]
INFO: [Synth 8-5844] Detected registers with asynchronous reset at DSP/BRAM block boundary. Consider using synchronous reset for optimal packing [E:/competition/2_fpga/3_yolo_zynq/rtl/yolo_addrgen.v:172]
INFO: [Synth 8-5844] Detected registers with asynchronous reset at DSP/BRAM block boundary. Consider using synchronous reset for optimal packing [E:/competition/2_fpga/3_yolo_zynq/rtl/yolo_addrgen.v:172]
INFO: [Synth 8-5844] Detected registers with asynchronous reset at DSP/BRAM block boundary. Consider using synchronous reset for optimal packing [E:/competition/2_fpga/3_yolo_zynq/rtl/yolo_addrgen.v:155]
INFO: [Synth 8-5844] Detected registers with asynchronous reset at DSP/BRAM block boundary. Consider using synchronous reset for optimal packing [E:/competition/2_fpga/3_yolo_zynq/rtl/yolo_addrgen.v:254]
INFO: [Synth 8-5844] Detected registers with asynchronous reset at DSP/BRAM block boundary. Consider using synchronous reset for optimal packing [E:/competition/2_fpga/3_yolo_zynq/rtl/yolo_addrgen.v:172]
INFO: [Synth 8-5844] Detected registers with asynchronous reset at DSP/BRAM block boundary. Consider using synchronous reset for optimal packing [E:/competition/2_fpga/3_yolo_zynq/rtl/yolo_addrgen.v:208]
INFO: [Synth 8-5844] Detected registers with asynchronous reset at DSP/BRAM block boundary. Consider using synchronous reset for optimal packing [E:/competition/2_fpga/3_yolo_zynq/rtl/yolo_addrgen.v:172]
INFO: [Synth 8-5844] Detected registers with asynchronous reset at DSP/BRAM block boundary. Consider using synchronous reset for optimal packing [E:/competition/2_fpga/3_yolo_zynq/rtl/yolo_addrgen.v:172]
INFO: [Synth 8-5844] Detected registers with asynchronous reset at DSP/BRAM block boundary. Consider using synchronous reset for optimal packing [E:/competition/2_fpga/3_yolo_zynq/rtl/yolo_addrgen.v:253]
INFO: [Synth 8-5844] Detected registers with asynchronous reset at DSP/BRAM block boundary. Consider using synchronous reset for optimal packing [E:/competition/2_fpga/3_yolo_zynq/rtl/yolo_addrgen.v:180]
INFO: [Synth 8-5844] Detected registers with asynchronous reset at DSP/BRAM block boundary. Consider using synchronous reset for optimal packing [E:/competition/2_fpga/3_yolo_zynq/rtl/yolo_addrgen.v:172]
INFO: [Synth 8-5844] Detected registers with asynchronous reset at DSP/BRAM block boundary. Consider using synchronous reset for optimal packing [E:/competition/2_fpga/3_yolo_zynq/rtl/yolo_ctrl.v:189]
INFO: [Synth 8-5844] Detected registers with asynchronous reset at DSP/BRAM block boundary. Consider using synchronous reset for optimal packing [E:/competition/2_fpga/3_yolo_zynq/rtl/yolo_ctrl.v:190]
INFO: [Synth 8-5844] Detected registers with asynchronous reset at DSP/BRAM block boundary. Consider using synchronous reset for optimal packing [E:/competition/2_fpga/3_yolo_zynq/rtl/yolo_gemm_array.v:352]
INFO: [Synth 8-5844] Detected registers with asynchronous reset at DSP/BRAM block boundary. Consider using synchronous reset for optimal packing [E:/competition/2_fpga/3_yolo_zynq/rtl/yolo_gemm_array.v:362]
INFO: [Synth 8-5844] Detected registers with asynchronous reset at DSP/BRAM block boundary. Consider using synchronous reset for optimal packing [E:/competition/2_fpga/3_yolo_zynq/rtl/yolo_gemm_array.v:980]
INFO: [Synth 8-5844] Detected registers with asynchronous reset at DSP/BRAM block boundary. Consider using synchronous reset for optimal packing [E:/competition/2_fpga/3_yolo_zynq/rtl/yolo_gemm_array.v:374]
---------------------------------------------------------------------------------
Finished Technology Mapping : Time (s): cpu = 00:00:33 ; elapsed = 00:00:50 . Memory (MB): peak = 1887.816 ; gain = 1079.328
---------------------------------------------------------------------------------
---------------------------------------------------------------------------------
Start IO Insertion
---------------------------------------------------------------------------------
---------------------------------------------------------------------------------
Start Flattening Before IO Insertion
---------------------------------------------------------------------------------
---------------------------------------------------------------------------------
Finished Flattening Before IO Insertion
---------------------------------------------------------------------------------
---------------------------------------------------------------------------------
Start Final Netlist Cleanup
---------------------------------------------------------------------------------
---------------------------------------------------------------------------------
Finished Final Netlist Cleanup
---------------------------------------------------------------------------------
---------------------------------------------------------------------------------
Finished IO Insertion : Time (s): cpu = 00:00:37 ; elapsed = 00:00:55 . Memory (MB): peak = 2125.914 ; gain = 1317.426
---------------------------------------------------------------------------------
---------------------------------------------------------------------------------
Start Renaming Generated Instances
---------------------------------------------------------------------------------
---------------------------------------------------------------------------------
Finished Renaming Generated Instances : Time (s): cpu = 00:00:37 ; elapsed = 00:00:55 . Memory (MB): peak = 2125.914 ; gain = 1317.426
---------------------------------------------------------------------------------
---------------------------------------------------------------------------------
Start Rebuilding User Hierarchy
---------------------------------------------------------------------------------
---------------------------------------------------------------------------------
Finished Rebuilding User Hierarchy : Time (s): cpu = 00:00:39 ; elapsed = 00:00:56 . Memory (MB): peak = 2134.344 ; gain = 1325.855
---------------------------------------------------------------------------------
---------------------------------------------------------------------------------
Start Renaming Generated Ports
---------------------------------------------------------------------------------
---------------------------------------------------------------------------------
Finished Renaming Generated Ports : Time (s): cpu = 00:00:39 ; elapsed = 00:00:56 . Memory (MB): peak = 2134.344 ; gain = 1325.855
---------------------------------------------------------------------------------
---------------------------------------------------------------------------------
Start Handling Custom Attributes
---------------------------------------------------------------------------------
---------------------------------------------------------------------------------
Finished Handling Custom Attributes : Time (s): cpu = 00:00:39 ; elapsed = 00:00:56 . Memory (MB): peak = 2134.344 ; gain = 1325.855
---------------------------------------------------------------------------------
---------------------------------------------------------------------------------
Start Renaming Generated Nets
---------------------------------------------------------------------------------
---------------------------------------------------------------------------------
Finished Renaming Generated Nets : Time (s): cpu = 00:00:39 ; elapsed = 00:00:57 . Memory (MB): peak = 2134.344 ; gain = 1325.855
---------------------------------------------------------------------------------
---------------------------------------------------------------------------------
Start ROM, RAM, DSP, Shift Register and Retiming Reporting
---------------------------------------------------------------------------------

Static Shift Register Report:
+----------------+-------------------------------+--------+-------+--------------+--------------------+-------------------+--------+---------+
|Module Name     | RTL Name                      | Length | Width | Reset Signal | Pull out first Reg | Pull out last Reg | SRL16E | SRLC32E | 
+----------------+-------------------------------+--------+-------+--------------+--------------------+-------------------+--------+---------+
|yolo_engine_top | u_array/row_addr_d7_r_reg[31] | 5      | 32    | YES          | NO                 | YES               | 32     | 0       | 
|yolo_engine_top | u_array/row_len_d7_r_reg[11]  | 6      | 12    | YES          | NO                 | YES               | 12     | 0       | 
+----------------+-------------------------------+--------+-------+--------------+--------------------+-------------------+--------+---------+

---------------------------------------------------------------------------------
Finished ROM, RAM, DSP, Shift Register and Retiming Reporting
---------------------------------------------------------------------------------
---------------------------------------------------------------------------------
Start Writing Synthesis Report
---------------------------------------------------------------------------------

DSP Final Report (the ' indicates corresponding REG is set)
+---------------------+-----------------+--------+--------+--------+--------+--------+------+------+------+------+-------+------+------+
|Module Name          | DSP Mapping     | A Size | B Size | C Size | D Size | P Size | AREG | BREG | CREG | DREG | ADREG | MREG | PREG | 
+---------------------+-----------------+--------+--------+--------+--------+--------+------+------+------+------+-------+------+------+
|yolo_gemm_array      | A*B             | 16     | 16     | -      | -      | 32     | 0    | 0    | -    | -    | -     | 0    | 0    | 
|yolo_gemm_array__GB5 | (PCIN+A:B+C)'   | 0      | 16     | -      | -      | 32     | 0    | 0    | -    | -    | -     | 0    | 1    | 
|yolo_pe_pack         | ((A'*B')')'     | 25     | 18     | -      | -      | 34     | 1    | 1    | -    | -    | -     | 1    | 1    | 
|yolo_pe_pack_31      | ((A'*B')')'     | 25     | 18     | -      | -      | 34     | 1    | 1    | -    | -    | -     | 1    | 1    | 
|yolo_pe_pack_32      | ((A'*B')')'     | 25     | 18     | -      | -      | 34     | 1    | 1    | -    | -    | -     | 1    | 1    | 
|yolo_pe_pack_33      | ((A'*B')')'     | 25     | 18     | -      | -      | 34     | 1    | 1    | -    | -    | -     | 1    | 1    | 
|yolo_pe_pack_34      | ((A'*B')')'     | 25     | 18     | -      | -      | 34     | 1    | 1    | -    | -    | -     | 1    | 1    | 
|yolo_pe_pack_35      | ((A'*B')')'     | 25     | 18     | -      | -      | 34     | 1    | 1    | -    | -    | -     | 1    | 1    | 
|yolo_pe_pack_36      | ((A'*B')')'     | 25     | 18     | -      | -      | 34     | 1    | 1    | -    | -    | -     | 1    | 1    | 
|yolo_pe_pack_37      | ((A'*B')')'     | 25     | 18     | -      | -      | 34     | 1    | 1    | -    | -    | -     | 1    | 1    | 
|yolo_pe_pack_38      | ((A'*B')')'     | 25     | 18     | -      | -      | 34     | 1    | 1    | -    | -    | -     | 1    | 1    | 
|yolo_pe_pack_39      | ((A'*B')')'     | 25     | 18     | -      | -      | 34     | 1    | 1    | -    | -    | -     | 1    | 1    | 
|yolo_pe_pack_40      | ((A'*B')')'     | 25     | 18     | -      | -      | 34     | 1    | 1    | -    | -    | -     | 1    | 1    | 
|yolo_pe_pack_41      | ((A'*B')')'     | 25     | 18     | -      | -      | 34     | 1    | 1    | -    | -    | -     | 1    | 1    | 
|yolo_pe_pack_42      | ((A'*B')')'     | 25     | 18     | -      | -      | 34     | 1    | 1    | -    | -    | -     | 1    | 1    | 
|yolo_pe_pack_43      | ((A'*B')')'     | 25     | 18     | -      | -      | 34     | 1    | 1    | -    | -    | -     | 1    | 1    | 
|yolo_pe_pack_44      | ((A'*B')')'     | 25     | 18     | -      | -      | 34     | 1    | 1    | -    | -    | -     | 1    | 1    | 
|yolo_pe_pack_45      | ((A'*B')')'     | 25     | 18     | -      | -      | 34     | 1    | 1    | -    | -    | -     | 1    | 1    | 
|yolo_pe_pack_46      | ((A'*B')')'     | 25     | 18     | -      | -      | 34     | 1    | 1    | -    | -    | -     | 1    | 1    | 
|yolo_pe_pack_47      | ((A'*B')')'     | 25     | 18     | -      | -      | 34     | 1    | 1    | -    | -    | -     | 1    | 1    | 
|yolo_pe_pack_48      | ((A'*B')')'     | 25     | 18     | -      | -      | 34     | 1    | 1    | -    | -    | -     | 1    | 1    | 
|yolo_pe_pack_49      | ((A'*B')')'     | 25     | 18     | -      | -      | 34     | 1    | 1    | -    | -    | -     | 1    | 1    | 
|yolo_pe_pack_50      | ((A'*B')')'     | 25     | 18     | -      | -      | 34     | 1    | 1    | -    | -    | -     | 1    | 1    | 
|yolo_pe_pack_51      | ((A'*B')')'     | 25     | 18     | -      | -      | 34     | 1    | 1    | -    | -    | -     | 1    | 1    | 
|yolo_pe_pack_52      | ((A'*B')')'     | 25     | 18     | -      | -      | 34     | 1    | 1    | -    | -    | -     | 1    | 1    | 
|yolo_pe_pack_53      | ((A'*B')')'     | 25     | 18     | -      | -      | 34     | 1    | 1    | -    | -    | -     | 1    | 1    | 
|yolo_pe_pack_54      | ((A'*B')')'     | 25     | 18     | -      | -      | 34     | 1    | 1    | -    | -    | -     | 1    | 1    | 
|yolo_pe_pack_55      | ((A'*B')')'     | 25     | 18     | -      | -      | 34     | 1    | 1    | -    | -    | -     | 1    | 1    | 
|yolo_pe_pack_56      | ((A'*B')')'     | 25     | 18     | -      | -      | 34     | 1    | 1    | -    | -    | -     | 1    | 1    | 
|yolo_pe_pack_57      | ((A'*B')')'     | 25     | 18     | -      | -      | 34     | 1    | 1    | -    | -    | -     | 1    | 1    | 
|yolo_pe_pack_58      | ((A'*B')')'     | 25     | 18     | -      | -      | 34     | 1    | 1    | -    | -    | -     | 1    | 1    | 
|yolo_pe_pack_59      | ((A'*B')')'     | 25     | 18     | -      | -      | 34     | 1    | 1    | -    | -    | -     | 1    | 1    | 
|yolo_pe_pack_60      | ((A'*B')')'     | 25     | 18     | -      | -      | 34     | 1    | 1    | -    | -    | -     | 1    | 1    | 
|yolo_pe_pack_61      | ((A'*B')')'     | 25     | 18     | -      | -      | 34     | 1    | 1    | -    | -    | -     | 1    | 1    | 
|yolo_pe_pack_62      | ((A'*B')')'     | 25     | 18     | -      | -      | 34     | 1    | 1    | -    | -    | -     | 1    | 1    | 
|yolo_pe_pack_63      | ((A'*B')')'     | 25     | 18     | -      | -      | 34     | 1    | 1    | -    | -    | -     | 1    | 1    | 
|yolo_pe_pack_64      | ((A'*B')')'     | 25     | 18     | -      | -      | 34     | 1    | 1    | -    | -    | -     | 1    | 1    | 
|yolo_pe_pack_65      | ((A'*B')')'     | 25     | 18     | -      | -      | 34     | 1    | 1    | -    | -    | -     | 1    | 1    | 
|yolo_pe_pack_66      | ((A'*B')')'     | 25     | 18     | -      | -      | 34     | 1    | 1    | -    | -    | -     | 1    | 1    | 
|yolo_pe_pack_67      | ((A'*B')')'     | 25     | 18     | -      | -      | 34     | 1    | 1    | -    | -    | -     | 1    | 1    | 
|yolo_pe_pack_68      | ((A'*B')')'     | 25     | 18     | -      | -      | 34     | 1    | 1    | -    | -    | -     | 1    | 1    | 
|yolo_pe_pack_69      | ((A'*B')')'     | 25     | 18     | -      | -      | 34     | 1    | 1    | -    | -    | -     | 1    | 1    | 
|yolo_pe_pack_70      | ((A'*B')')'     | 25     | 18     | -      | -      | 34     | 1    | 1    | -    | -    | -     | 1    | 1    | 
|yolo_pe_pack_71      | ((A'*B')')'     | 25     | 18     | -      | -      | 34     | 1    | 1    | -    | -    | -     | 1    | 1    | 
|yolo_pe_pack_72      | ((A'*B')')'     | 25     | 18     | -      | -      | 34     | 1    | 1    | -    | -    | -     | 1    | 1    | 
|yolo_pe_pack_73      | ((A'*B')')'     | 25     | 18     | -      | -      | 34     | 1    | 1    | -    | -    | -     | 1    | 1    | 
|yolo_pe_pack_74      | ((A'*B')')'     | 25     | 18     | -      | -      | 34     | 1    | 1    | -    | -    | -     | 1    | 1    | 
|yolo_pe_pack_75      | ((A'*B')')'     | 25     | 18     | -      | -      | 34     | 1    | 1    | -    | -    | -     | 1    | 1    | 
|yolo_pe_pack_76      | ((A'*B')')'     | 25     | 18     | -      | -      | 34     | 1    | 1    | -    | -    | -     | 1    | 1    | 
|yolo_pe_pack_77      | ((A'*B')')'     | 25     | 18     | -      | -      | 34     | 1    | 1    | -    | -    | -     | 1    | 1    | 
|yolo_pe_pack_78      | ((A'*B')')'     | 25     | 18     | -      | -      | 34     | 1    | 1    | -    | -    | -     | 1    | 1    | 
|yolo_pe_pack_79      | ((A'*B')')'     | 25     | 18     | -      | -      | 34     | 1    | 1    | -    | -    | -     | 1    | 1    | 
|yolo_pe_pack_80      | ((A'*B')')'     | 25     | 18     | -      | -      | 34     | 1    | 1    | -    | -    | -     | 1    | 1    | 
|yolo_pe_pack_81      | ((A'*B')')'     | 25     | 18     | -      | -      | 34     | 1    | 1    | -    | -    | -     | 1    | 1    | 
|yolo_pe_pack_82      | ((A'*B')')'     | 25     | 18     | -      | -      | 34     | 1    | 1    | -    | -    | -     | 1    | 1    | 
|yolo_pe_pack_83      | ((A'*B')')'     | 25     | 18     | -      | -      | 34     | 1    | 1    | -    | -    | -     | 1    | 1    | 
|yolo_pe_pack_84      | ((A'*B')')'     | 25     | 18     | -      | -      | 34     | 1    | 1    | -    | -    | -     | 1    | 1    | 
|yolo_pe_pack_85      | ((A'*B')')'     | 25     | 18     | -      | -      | 34     | 1    | 1    | -    | -    | -     | 1    | 1    | 
|yolo_pe_pack_86      | ((A'*B')')'     | 25     | 18     | -      | -      | 34     | 1    | 1    | -    | -    | -     | 1    | 1    | 
|yolo_pe_pack_87      | ((A'*B')')'     | 25     | 18     | -      | -      | 34     | 1    | 1    | -    | -    | -     | 1    | 1    | 
|yolo_pe_pack_88      | ((A'*B')')'     | 25     | 18     | -      | -      | 34     | 1    | 1    | -    | -    | -     | 1    | 1    | 
|yolo_pe_pack_89      | ((A'*B')')'     | 25     | 18     | -      | -      | 34     | 1    | 1    | -    | -    | -     | 1    | 1    | 
|yolo_pe_pack_90      | ((A'*B')')'     | 25     | 18     | -      | -      | 34     | 1    | 1    | -    | -    | -     | 1    | 1    | 
|yolo_pe_pack_91      | ((A'*B')')'     | 25     | 18     | -      | -      | 34     | 1    | 1    | -    | -    | -     | 1    | 1    | 
|yolo_pe_pack_92      | ((A'*B')')'     | 25     | 18     | -      | -      | 34     | 1    | 1    | -    | -    | -     | 1    | 1    | 
|yolo_pe_pack_93      | ((A'*B')')'     | 25     | 18     | -      | -      | 34     | 1    | 1    | -    | -    | -     | 1    | 1    | 
|yolo_pe_pack_94      | ((A'*B')')'     | 25     | 18     | -      | -      | 34     | 1    | 1    | -    | -    | -     | 1    | 1    | 
|yolo_pe_pack_95      | ((A'*B')')'     | 25     | 18     | -      | -      | 34     | 1    | 1    | -    | -    | -     | 1    | 1    | 
|yolo_pe_pack_96      | ((A'*B')')'     | 25     | 18     | -      | -      | 34     | 1    | 1    | -    | -    | -     | 1    | 1    | 
|yolo_pe_pack_97      | ((A'*B')')'     | 25     | 18     | -      | -      | 34     | 1    | 1    | -    | -    | -     | 1    | 1    | 
|yolo_pe_pack_98      | ((A'*B')')'     | 25     | 18     | -      | -      | 34     | 1    | 1    | -    | -    | -     | 1    | 1    | 
|yolo_pe_pack_99      | ((A'*B')')'     | 25     | 18     | -      | -      | 34     | 1    | 1    | -    | -    | -     | 1    | 1    | 
|yolo_pe_pack_100     | ((A'*B')')'     | 25     | 18     | -      | -      | 34     | 1    | 1    | -    | -    | -     | 1    | 1    | 
|yolo_pe_pack_101     | ((A'*B')')'     | 25     | 18     | -      | -      | 34     | 1    | 1    | -    | -    | -     | 1    | 1    | 
|yolo_pe_pack_102     | ((A'*B')')'     | 25     | 18     | -      | -      | 34     | 1    | 1    | -    | -    | -     | 1    | 1    | 
|yolo_pe_pack_103     | ((A'*B')')'     | 25     | 18     | -      | -      | 34     | 1    | 1    | -    | -    | -     | 1    | 1    | 
|yolo_pe_pack_104     | ((A'*B')')'     | 25     | 18     | -      | -      | 34     | 1    | 1    | -    | -    | -     | 1    | 1    | 
|yolo_pe_pack_105     | ((A'*B')')'     | 25     | 18     | -      | -      | 34     | 1    | 1    | -    | -    | -     | 1    | 1    | 
|yolo_pe_pack_106     | ((A'*B')')'     | 25     | 18     | -      | -      | 34     | 1    | 1    | -    | -    | -     | 1    | 1    | 
|yolo_pe_pack_107     | ((A'*B')')'     | 25     | 18     | -      | -      | 34     | 1    | 1    | -    | -    | -     | 1    | 1    | 
|yolo_pe_pack_108     | ((A'*B')')'     | 25     | 18     | -      | -      | 34     | 1    | 1    | -    | -    | -     | 1    | 1    | 
|yolo_pe_pack_109     | ((A'*B')')'     | 25     | 18     | -      | -      | 34     | 1    | 1    | -    | -    | -     | 1    | 1    | 
|yolo_pe_pack_110     | ((A'*B')')'     | 25     | 18     | -      | -      | 34     | 1    | 1    | -    | -    | -     | 1    | 1    | 
|yolo_pe_pack_111     | ((A'*B')')'     | 25     | 18     | -      | -      | 34     | 1    | 1    | -    | -    | -     | 1    | 1    | 
|yolo_pe_pack_112     | ((A'*B')')'     | 25     | 18     | -      | -      | 34     | 1    | 1    | -    | -    | -     | 1    | 1    | 
|yolo_pe_pack_113     | ((A'*B')')'     | 25     | 18     | -      | -      | 34     | 1    | 1    | -    | -    | -     | 1    | 1    | 
|yolo_pe_pack_114     | ((A'*B')')'     | 25     | 18     | -      | -      | 34     | 1    | 1    | -    | -    | -     | 1    | 1    | 
|yolo_pe_pack_115     | ((A'*B')')'     | 25     | 18     | -      | -      | 34     | 1    | 1    | -    | -    | -     | 1    | 1    | 
|yolo_pe_pack_116     | ((A'*B')')'     | 25     | 18     | -      | -      | 34     | 1    | 1    | -    | -    | -     | 1    | 1    | 
|yolo_pe_pack_117     | ((A'*B')')'     | 25     | 18     | -      | -      | 34     | 1    | 1    | -    | -    | -     | 1    | 1    | 
|yolo_pe_pack_118     | ((A'*B')')'     | 25     | 18     | -      | -      | 34     | 1    | 1    | -    | -    | -     | 1    | 1    | 
|yolo_pe_pack_119     | ((A'*B')')'     | 25     | 18     | -      | -      | 34     | 1    | 1    | -    | -    | -     | 1    | 1    | 
|yolo_pe_pack_120     | ((A'*B')')'     | 25     | 18     | -      | -      | 34     | 1    | 1    | -    | -    | -     | 1    | 1    | 
|yolo_pe_pack_121     | ((A'*B')')'     | 25     | 18     | -      | -      | 34     | 1    | 1    | -    | -    | -     | 1    | 1    | 
|yolo_pe_pack_122     | ((A'*B')')'     | 25     | 18     | -      | -      | 34     | 1    | 1    | -    | -    | -     | 1    | 1    | 
|yolo_pe_pack_123     | ((A'*B')')'     | 25     | 18     | -      | -      | 34     | 1    | 1    | -    | -    | -     | 1    | 1    | 
|yolo_pe_pack_124     | ((A'*B')')'     | 25     | 18     | -      | -      | 34     | 1    | 1    | -    | -    | -     | 1    | 1    | 
|yolo_pe_pack_125     | ((A'*B')')'     | 25     | 18     | -      | -      | 34     | 1    | 1    | -    | -    | -     | 1    | 1    | 
|yolo_pe_pack_126     | ((A'*B')')'     | 25     | 18     | -      | -      | 34     | 1    | 1    | -    | -    | -     | 1    | 1    | 
|yolo_pe_pack_127     | ((A'*B')')'     | 25     | 18     | -      | -      | 34     | 1    | 1    | -    | -    | -     | 1    | 1    | 
|yolo_pe_pack_128     | ((A'*B')')'     | 25     | 18     | -      | -      | 34     | 1    | 1    | -    | -    | -     | 1    | 1    | 
|yolo_pe_pack_129     | ((A'*B')')'     | 25     | 18     | -      | -      | 34     | 1    | 1    | -    | -    | -     | 1    | 1    | 
|yolo_pe_pack_130     | ((A'*B')')'     | 25     | 18     | -      | -      | 34     | 1    | 1    | -    | -    | -     | 1    | 1    | 
|yolo_pe_pack_131     | ((A'*B')')'     | 25     | 18     | -      | -      | 34     | 1    | 1    | -    | -    | -     | 1    | 1    | 
|yolo_pe_pack_132     | ((A'*B')')'     | 25     | 18     | -      | -      | 34     | 1    | 1    | -    | -    | -     | 1    | 1    | 
|yolo_pe_pack_133     | ((A'*B')')'     | 25     | 18     | -      | -      | 34     | 1    | 1    | -    | -    | -     | 1    | 1    | 
|yolo_pe_pack_134     | ((A'*B')')'     | 25     | 18     | -      | -      | 34     | 1    | 1    | -    | -    | -     | 1    | 1    | 
|yolo_pe_pack_135     | ((A'*B')')'     | 25     | 18     | -      | -      | 34     | 1    | 1    | -    | -    | -     | 1    | 1    | 
|yolo_pe_pack_136     | ((A'*B')')'     | 25     | 18     | -      | -      | 34     | 1    | 1    | -    | -    | -     | 1    | 1    | 
|yolo_pe_pack_137     | ((A'*B')')'     | 25     | 18     | -      | -      | 34     | 1    | 1    | -    | -    | -     | 1    | 1    | 
|yolo_pe_pack_138     | ((A'*B')')'     | 25     | 18     | -      | -      | 34     | 1    | 1    | -    | -    | -     | 1    | 1    | 
|yolo_pe_pack_139     | ((A'*B')')'     | 25     | 18     | -      | -      | 34     | 1    | 1    | -    | -    | -     | 1    | 1    | 
|yolo_pe_pack_140     | ((A'*B')')'     | 25     | 18     | -      | -      | 34     | 1    | 1    | -    | -    | -     | 1    | 1    | 
|yolo_pe_pack_141     | ((A'*B')')'     | 25     | 18     | -      | -      | 34     | 1    | 1    | -    | -    | -     | 1    | 1    | 
|yolo_pe_pack_142     | ((A'*B')')'     | 25     | 18     | -      | -      | 34     | 1    | 1    | -    | -    | -     | 1    | 1    | 
|yolo_pe_pack_143     | ((A'*B')')'     | 25     | 18     | -      | -      | 34     | 1    | 1    | -    | -    | -     | 1    | 1    | 
|yolo_pe_pack_144     | ((A'*B')')'     | 25     | 18     | -      | -      | 34     | 1    | 1    | -    | -    | -     | 1    | 1    | 
|yolo_pe_pack_145     | ((A'*B')')'     | 25     | 18     | -      | -      | 34     | 1    | 1    | -    | -    | -     | 1    | 1    | 
|yolo_pe_pack_146     | ((A'*B')')'     | 25     | 18     | -      | -      | 34     | 1    | 1    | -    | -    | -     | 1    | 1    | 
|yolo_pe_pack_147     | ((A'*B')')'     | 25     | 18     | -      | -      | 34     | 1    | 1    | -    | -    | -     | 1    | 1    | 
|yolo_pe_pack_148     | ((A'*B')')'     | 25     | 18     | -      | -      | 34     | 1    | 1    | -    | -    | -     | 1    | 1    | 
|yolo_pe_pack_149     | ((A'*B')')'     | 25     | 18     | -      | -      | 34     | 1    | 1    | -    | -    | -     | 1    | 1    | 
|yolo_pe_pack_150     | ((A'*B')')'     | 25     | 18     | -      | -      | 34     | 1    | 1    | -    | -    | -     | 1    | 1    | 
|yolo_pe_pack_151     | ((A'*B')')'     | 25     | 18     | -      | -      | 34     | 1    | 1    | -    | -    | -     | 1    | 1    | 
|yolo_pe_pack_152     | ((A'*B')')'     | 25     | 18     | -      | -      | 34     | 1    | 1    | -    | -    | -     | 1    | 1    | 
|yolo_pe_pack_153     | ((A'*B')')'     | 25     | 18     | -      | -      | 34     | 1    | 1    | -    | -    | -     | 1    | 1    | 
|yolo_pe_pack_154     | ((A'*B')')'     | 25     | 18     | -      | -      | 34     | 1    | 1    | -    | -    | -     | 1    | 1    | 
|yolo_pe_pack_155     | ((A'*B')')'     | 25     | 18     | -      | -      | 34     | 1    | 1    | -    | -    | -     | 1    | 1    | 
|yolo_pe_pack_156     | ((A'*B')')'     | 25     | 18     | -      | -      | 34     | 1    | 1    | -    | -    | -     | 1    | 1    | 
|yolo_pe_pack_157     | ((A'*B')')'     | 25     | 18     | -      | -      | 34     | 1    | 1    | -    | -    | -     | 1    | 1    | 
|yolo_addrgen         | A*B             | 16     | 8      | -      | -      | 24     | 0    | 0    | -    | -    | -     | 0    | 0    | 
|yolo_addrgen         | Dynamic         | -      | -      | -      | -      | 42     | -    | -    | -    | -    | -     | 0    | 0    | 
|yolo_addrgen         | A*B             | 16     | 8      | -      | -      | 24     | 0    | 0    | -    | -    | -     | 0    | 0    | 
|yolo_addrgen         | (D+A*B)'        | 30     | 16     | -      | 8      | 40     | 0    | 0    | -    | 0    | 0     | 0    | 1    | 
|yolo_addrgen         | A*B             | 16     | 16     | -      | -      | 32     | 0    | 0    | -    | -    | -     | 0    | 0    | 
|yolo_addrgen         | A*B             | 16     | 8      | -      | -      | 24     | 0    | 0    | -    | -    | -     | 0    | 0    | 
|yolo_addrgen         | (A*B)'          | 16     | 16     | -      | -      | 32     | 0    | 0    | -    | -    | -     | 0    | 1    | 
|yolo_ctrl            | (C+A*B)'        | 12     | 12     | 48     | -      | 12     | 0    | 0    | 0    | -    | -     | 0    | 1    | 
|yolo_requant         | A*B             | 17     | 18     | -      | -      | 48     | 0    | 0    | -    | -    | -     | 0    | 0    | 
|yolo_requant         | (PCIN>>17+A*B)' | 30     | 18     | -      | -      | 48     | 0    | 0    | -    | -    | -     | 0    | 1    | 
|yolo_requant         | A*B             | 17     | 17     | -      | -      | 48     | 0    | 0    | -    | -    | -     | 0    | 0    | 
|yolo_requant         | (PCIN>>17+A*B)' | 0      | 18     | -      | -      | 48     | 0    | 0    | -    | -    | -     | 0    | 1    | 
+---------------------+-----------------+--------+--------+--------+--------+--------+------+------+------+------+-------+------+------+


Report BlackBoxes: 
+------+--------------+----------+
|      |BlackBox name |Instances |
+------+--------------+----------+
|1     |yolo_xbuf_bmg |         2|
+------+--------------+----------+

Report Cell Usage: 
+------+--------------+------+
|      |Cell          |Count |
+------+--------------+------+
|1     |yolo_xbuf_bmg |     2|
|3     |CARRY4        |  3397|
|4     |DSP48E1       |   142|
|12    |LUT1          |   187|
|13    |LUT2          | 18482|
|14    |LUT3          |   515|
|15    |LUT4          |  1541|
|16    |LUT5          |  1577|
|17    |LUT6          |  4025|
|18    |MUXF7         |  1531|
|19    |MUXF8         |   750|
|20    |RAM32M        |    22|
|21    |RAM32X1D      |    12|
|22    |RAM64M        |    96|
|23    |SRL16E        |    44|
|24    |FDCE          | 14800|
|25    |FDPE          |     1|
|26    |FDRE          |   172|
+------+--------------+------+
---------------------------------------------------------------------------------
Finished Writing Synthesis Report : Time (s): cpu = 00:00:39 ; elapsed = 00:00:57 . Memory (MB): peak = 2134.344 ; gain = 1325.855
---------------------------------------------------------------------------------
Synthesis finished with 0 errors, 0 critical warnings and 100 warnings.
Synthesis Optimization Runtime : Time (s): cpu = 00:00:30 ; elapsed = 00:00:53 . Memory (MB): peak = 2134.344 ; gain = 1235.754
Synthesis Optimization Complete : Time (s): cpu = 00:00:39 ; elapsed = 00:00:57 . Memory (MB): peak = 2134.344 ; gain = 1325.855
INFO: [Project 1-571] Translating synthesized netlist
INFO: [Project 1-454] Reading design checkpoint 'e:/competition/2_fpga/3_yolo_zynq/ip/yolo_xbuf_bmg/yolo_xbuf_bmg.dcp' for cell 'u_array/u_xbuf/u_bank0'
Netlist sorting complete. Time (s): cpu = 00:00:00 ; elapsed = 00:00:00.330 . Memory (MB): peak = 2169.320 ; gain = 0.000
INFO: [Netlist 29-17] Analyzing 5970 Unisim elements for replacement
INFO: [Netlist 29-28] Unisim Transformation completed in 1 CPU seconds
INFO: [Project 1-479] Netlist was created with Vivado 2025.2
INFO: [Project 1-570] Preparing netlist for logic optimization
INFO: [Project 1-538] Using original IP XDC constraints instead of the XDC constraints in dcp 'e:/competition/2_fpga/3_yolo_zynq/ip/yolo_xbuf_bmg/yolo_xbuf_bmg.dcp'
INFO: [Project 1-538] Using original IP XDC constraints instead of the XDC constraints in dcp 'e:/competition/2_fpga/3_yolo_zynq/ip/yolo_xbuf_bmg/yolo_xbuf_bmg.dcp'
INFO: [Opt 31-138] Pushed 0 inverter(s) to 0 load pin(s).
Netlist sorting complete. Time (s): cpu = 00:00:00 ; elapsed = 00:00:00.010 . Memory (MB): peak = 2179.223 ; gain = 0.000
INFO: [Project 1-111] Unisim Transformation Summary:
  A total of 130 instances were transformed.
  RAM32M => RAM32M (RAMD32(x6), RAMS32(x2)): 22 instances
  RAM32X1D => RAM32X1D (RAMD32(x2)): 12 instances
  RAM64M => RAM64M (RAMD64E(x4)): 96 instances

Synth Design complete | Checksum: fc0d98fa
INFO: [Common 17-83] Releasing license: Synthesis
307 Infos, 198 Warnings, 0 Critical Warnings and 0 Errors encountered.
synth_design completed successfully
synth_design: Time (s): cpu = 00:00:46 ; elapsed = 00:01:06 . Memory (MB): peak = 2179.223 ; gain = 1604.902
# create_clock -period 6.667 -name clk_i [get_ports clk_i]
# opt_design
Command: opt_design
Attempting to get a license for feature 'Implementation' and/or device 'xc7z020'
INFO: [Common 17-349] Got license for feature 'Implementation' and/or device 'xc7z020'
Running DRC as a precondition to command opt_design

Starting DRC Task
INFO: [DRC 23-27] Running DRC with 2 threads
WARNING: [DRC 23-814] Not all possible (connectivity based) DRCs may have been run because this design is seen as Out of Context.
INFO: [Project 1-461] DRC finished with 0 Errors
INFO: [Project 1-462] Please refer to the DRC report (report_drc) for more information.

Time (s): cpu = 00:00:00 ; elapsed = 00:00:00.357 . Memory (MB): peak = 2179.223 ; gain = 0.000

Starting Cache Timing Information Task
INFO: [Timing 38-35] Done setting XDC timing constraints.
Ending Cache Timing Information Task | Checksum: 236083ab3

Time (s): cpu = 00:00:05 ; elapsed = 00:00:05 . Memory (MB): peak = 2179.223 ; gain = 0.000

Starting Logic Optimization Task

Phase 1 Initialization

Phase 1.1 Core Generation And Design Setup
Phase 1.1 Core Generation And Design Setup | Checksum: 236083ab3

Time (s): cpu = 00:00:00 ; elapsed = 00:00:00.018 . Memory (MB): peak = 2259.172 ; gain = 0.000

Phase 1.2 Setup Constraints And Sort Netlist
Phase 1.2 Setup Constraints And Sort Netlist | Checksum: 236083ab3

Time (s): cpu = 00:00:00 ; elapsed = 00:00:00.035 . Memory (MB): peak = 2259.172 ; gain = 0.000
Phase 1 Initialization | Checksum: 236083ab3

Time (s): cpu = 00:00:00 ; elapsed = 00:00:00.037 . Memory (MB): peak = 2259.172 ; gain = 0.000

Phase 2 Timer Update And Timing Data Collection

Phase 2.1 Detect if minReqCache needed
Phase 2.1 Detect if minReqCache needed | Checksum: 236083ab3

Time (s): cpu = 00:00:00 ; elapsed = 00:00:00.121 . Memory (MB): peak = 2259.328 ; gain = 0.156

Phase 2.2 Timer Update
Phase 2.2 Timer Update | Checksum: 236083ab3

Time (s): cpu = 00:00:00 ; elapsed = 00:00:00.159 . Memory (MB): peak = 2259.328 ; gain = 0.156
Phase 2 Timer Update And Timing Data Collection | Checksum: 236083ab3

Time (s): cpu = 00:00:00 ; elapsed = 00:00:00.164 . Memory (MB): peak = 2259.328 ; gain = 0.156

Phase 3 Retarget
INFO: [Opt 31-1851] Number of loadless carry chains removed were: 0
INFO: [Opt 31-1834] Total Chains To Be Transformed Were: 0 AND Number of Transformed insts Created are: 0
INFO: [Opt 31-1566] Pulled 1 inverters resulting in an inversion of 66 pins
INFO: [Opt 31-138] Pushed 0 inverter(s) to 0 load pin(s).
INFO: [Opt 31-49] Retargeted 0 cell(s).
Phase 3 Retarget | Checksum: 121a101ee

Time (s): cpu = 00:00:01 ; elapsed = 00:00:00.691 . Memory (MB): peak = 2259.328 ; gain = 0.156
Retarget | Checksum: 121a101ee
INFO: [Opt 31-389] Phase Retarget created 302 cells and removed 303 cells

Phase 4 Constant propagation
INFO: [Opt 31-138] Pushed 0 inverter(s) to 0 load pin(s).
Phase 4 Constant propagation | Checksum: 1cc700073

Time (s): cpu = 00:00:01 ; elapsed = 00:00:00.992 . Memory (MB): peak = 2259.328 ; gain = 0.156
Constant propagation | Checksum: 1cc700073
INFO: [Opt 31-389] Phase Constant propagation created 0 cells and removed 0 cells

Phase 5 Sweep
INFO: [Constraints 18-11670] Building netlist checker database with flags, 0x8
Done building netlist checker database: Time (s): cpu = 00:00:00 ; elapsed = 00:00:00.011 . Memory (MB): peak = 2259.328 ; gain = 0.000
INFO: [Constraints 18-11670] Building netlist checker database with flags, 0x8
Done building netlist checker database: Time (s): cpu = 00:00:00 ; elapsed = 00:00:00.009 . Memory (MB): peak = 2259.328 ; gain = 0.000
Phase 5 Sweep | Checksum: 1ab29db6b

Time (s): cpu = 00:00:02 ; elapsed = 00:00:02 . Memory (MB): peak = 2259.328 ; gain = 0.156
Sweep | Checksum: 1ab29db6b
INFO: [Opt 31-389] Phase Sweep created 0 cells and removed 0 cells

Phase 6 BUFG optimization
Phase 6 BUFG optimization | Checksum: 1ab29db6b

Time (s): cpu = 00:00:02 ; elapsed = 00:00:02 . Memory (MB): peak = 2259.328 ; gain = 0.156
BUFG optimization | Checksum: 1ab29db6b
INFO: [Opt 31-662] Phase BUFG optimization created 0 cells of which 0 are BUFGs and removed 0 cells.

Phase 7 Shift Register Optimization
INFO: [Opt 31-1064] SRL Remap converted 0 SRLs to 0 registers and converted 0 registers of register chains to 0 SRLs
Phase 7 Shift Register Optimization | Checksum: 1ab29db6b

Time (s): cpu = 00:00:02 ; elapsed = 00:00:02 . Memory (MB): peak = 2259.328 ; gain = 0.156
Shift Register Optimization | Checksum: 1ab29db6b
INFO: [Opt 31-389] Phase Shift Register Optimization created 0 cells and removed 0 cells

Phase 8 Post Processing Netlist
Phase 8 Post Processing Netlist | Checksum: 1ab29db6b

Time (s): cpu = 00:00:02 ; elapsed = 00:00:02 . Memory (MB): peak = 2259.328 ; gain = 0.156
Post Processing Netlist | Checksum: 1ab29db6b
INFO: [Opt 31-389] Phase Post Processing Netlist created 0 cells and removed 0 cells

Phase 9 Finalization

Phase 9.1 Finalizing Design Cores and Updating Shapes
Phase 9.1 Finalizing Design Cores and Updating Shapes | Checksum: 1e6186998

Time (s): cpu = 00:00:02 ; elapsed = 00:00:02 . Memory (MB): peak = 2259.328 ; gain = 0.156

Phase 9.2 Verifying Netlist Connectivity

Starting Connectivity Check Task

Time (s): cpu = 00:00:01 ; elapsed = 00:00:00.053 . Memory (MB): peak = 2259.328 ; gain = 0.000
Phase 9.2 Verifying Netlist Connectivity | Checksum: 1e6186998

Time (s): cpu = 00:00:03 ; elapsed = 00:00:03 . Memory (MB): peak = 2259.328 ; gain = 0.156
Phase 9 Finalization | Checksum: 1e6186998

Time (s): cpu = 00:00:03 ; elapsed = 00:00:03 . Memory (MB): peak = 2259.328 ; gain = 0.156
Opt_design Change Summary
=========================


-------------------------------------------------------------------------------------------------------------------------
|  Phase                        |  #Cells created  |  #Cells Removed  |  #Constrained objects preventing optimizations  |
-------------------------------------------------------------------------------------------------------------------------
|  Retarget                     |             302  |             303  |                                              0  |
|  Constant propagation         |               0  |               0  |                                              0  |
|  Sweep                        |               0  |               0  |                                              0  |
|  BUFG optimization            |               0  |               0  |                                              0  |
|  Shift Register Optimization  |               0  |               0  |                                              0  |
|  Post Processing Netlist      |               0  |               0  |                                              0  |
-------------------------------------------------------------------------------------------------------------------------


Ending Logic Optimization Task | Checksum: 1e6186998

Time (s): cpu = 00:00:03 ; elapsed = 00:00:03 . Memory (MB): peak = 2259.328 ; gain = 0.156

Starting Power Optimization Task
INFO: [Pwropt 34-132] Skipping clock gating for clocks with a period < 2.00 ns.
INFO: [Pwropt 34-9] Applying IDT optimizations ...
INFO: [Pwropt 34-10] Applying ODC optimizations ...
INFO: [Timing 38-35] Done setting XDC timing constraints.
Running Vector-less Activity Propagation...

Finished Running Vector-less Activity Propagation


Starting PowerOpt Patch Enables Task
INFO: [Pwropt 34-162] WRITE_MODE attribute of 0 BRAM(s) out of a total of 20 has been updated to save power. Run report_power_opt to get a complete listing of the BRAMs updated.
INFO: [Pwropt 34-201] Structural ODC has moved 0 WE to EN ports
Number of BRAM Ports augmented: 16 newly gated: 0 Total Ports: 40
Ending PowerOpt Patch Enables Task | Checksum: 1b77813e0

Time (s): cpu = 00:00:00 ; elapsed = 00:00:00.149 . Memory (MB): peak = 2280.957 ; gain = 0.000
Ending Power Optimization Task | Checksum: 1b77813e0

Time (s): cpu = 00:00:07 ; elapsed = 00:00:05 . Memory (MB): peak = 2280.957 ; gain = 21.629

Starting Final Cleanup Task
Ending Final Cleanup Task | Checksum: 1b77813e0

Time (s): cpu = 00:00:00 ; elapsed = 00:00:00.002 . Memory (MB): peak = 2280.957 ; gain = 0.000
Netlist sorting complete. Time (s): cpu = 00:00:00 ; elapsed = 00:00:00.014 . Memory (MB): peak = 2280.957 ; gain = 0.000
INFO: [Common 17-83] Releasing license: Implementation
27 Infos, 1 Warnings, 0 Critical Warnings and 0 Errors encountered.
opt_design completed successfully
opt_design: Time (s): cpu = 00:00:17 ; elapsed = 00:00:15 . Memory (MB): peak = 2280.957 ; gain = 101.734
# place_design
Command: place_design
Attempting to get a license for feature 'Implementation' and/or device 'xc7z020'
INFO: [Common 17-349] Got license for feature 'Implementation' and/or device 'xc7z020'
INFO: [Common 17-83] Releasing license: Implementation
INFO: [DRC 23-27] Running DRC with 2 threads
WARNING: [DRC 23-814] Not all possible (connectivity based) DRCs may have been run because this design is seen as Out of Context.
INFO: [Vivado_Tcl 4-198] DRC finished with 0 Errors
INFO: [Vivado_Tcl 4-199] Please refer to the DRC report (report_drc) for more information.
INFO: [Timing 38-35] Done setting XDC timing constraints.
Running DRC as a precondition to command place_design
INFO: [DRC 23-27] Running DRC with 2 threads
WARNING: [DRC 23-814] Not all possible (connectivity based) DRCs may have been run because this design is seen as Out of Context.
INFO: [Vivado_Tcl 4-198] DRC finished with 0 Errors, 21 Warnings
INFO: [Vivado_Tcl 4-199] Please refer to the DRC report (report_drc) for more information.
INFO: [Place 30-611] Multithreading enabled for place_design using a maximum of 2 CPUs

Starting Placer Task

Phase 1 Placer Initialization

Phase 1.1 Placer Initialization Netlist Sorting
Netlist sorting complete. Time (s): cpu = 00:00:00 ; elapsed = 00:00:00.012 . Memory (MB): peak = 2280.957 ; gain = 0.000
Phase 1.1 Placer Initialization Netlist Sorting | Checksum: 106f23526

Time (s): cpu = 00:00:00 ; elapsed = 00:00:00.015 . Memory (MB): peak = 2280.957 ; gain = 0.000
Netlist sorting complete. Time (s): cpu = 00:00:00 ; elapsed = 00:00:00.010 . Memory (MB): peak = 2280.957 ; gain = 0.000

Phase 1.2 IO Placement/ Clock Placement/ Build Placer Device
Phase 1.2 IO Placement/ Clock Placement/ Build Placer Device | Checksum: 1160079ed

Time (s): cpu = 00:00:01 ; elapsed = 00:00:01 . Memory (MB): peak = 2280.957 ; gain = 0.000

Phase 1.3 Build Placer Netlist Model
Phase 1.3 Build Placer Netlist Model | Checksum: 15ce8ad36

Time (s): cpu = 00:00:10 ; elapsed = 00:00:07 . Memory (MB): peak = 2280.957 ; gain = 0.000

Phase 1.4 Constrain Clocks/Macros
Phase 1.4 Constrain Clocks/Macros | Checksum: 15ce8ad36

Time (s): cpu = 00:00:10 ; elapsed = 00:00:07 . Memory (MB): peak = 2280.957 ; gain = 0.000
Phase 1 Placer Initialization | Checksum: 15ce8ad36

Time (s): cpu = 00:00:10 ; elapsed = 00:00:07 . Memory (MB): peak = 2280.957 ; gain = 0.000

Phase 2 Global Placement

Phase 2.1 Floorplanning
Phase 2.1 Floorplanning | Checksum: 18271bcaa

Time (s): cpu = 00:00:16 ; elapsed = 00:00:10 . Memory (MB): peak = 2280.957 ; gain = 0.000

Phase 2.2 Update Timing before SLR Path Opt
Phase 2.2 Update Timing before SLR Path Opt | Checksum: 1e8910ccf

Time (s): cpu = 00:00:22 ; elapsed = 00:00:13 . Memory (MB): peak = 2280.957 ; gain = 0.000

Phase 2.3 Post-Processing in Floorplanning
Phase 2.3 Post-Processing in Floorplanning | Checksum: 1e8910ccf

Time (s): cpu = 00:00:22 ; elapsed = 00:00:13 . Memory (MB): peak = 2280.957 ; gain = 0.000

Phase 2.4 Global Place Phase1
Phase 2.4 Global Place Phase1 | Checksum: 195a97177

Time (s): cpu = 00:00:52 ; elapsed = 00:00:31 . Memory (MB): peak = 2280.957 ; gain = 0.000

Phase 2.5 Global Place Phase2

Phase 2.5.1 UpdateTiming Before Physical Synthesis
Phase 2.5.1 UpdateTiming Before Physical Synthesis | Checksum: 1bca3bc33

Time (s): cpu = 00:00:56 ; elapsed = 00:00:33 . Memory (MB): peak = 2280.957 ; gain = 0.000

Phase 2.5.2 Physical Synthesis In Placer
INFO: [Physopt 32-1035] Found 132 LUTNM shape to break, 314 LUT instances to create LUTNM shape
INFO: [Physopt 32-1044] Break lutnm for timing: one critical 62, two critical 70, total 132, new lutff created 5
INFO: [Physopt 32-1138] End 1 Pass. Optimized 192 nets or LUTs. Breaked 132 LUTs, combined 60 existing LUTs and moved 0 existing LUT
INFO: [Physopt 32-65] No nets found for high-fanout optimization.
INFO: [Physopt 32-232] Optimized 0 net. Created 0 new instance.
INFO: [Physopt 32-775] End 1 Pass. Optimized 0 net or cell. Created 0 new cell, deleted 0 existing cell and moved 0 existing cell
INFO: [Physopt 32-76] Pass 1. Identified 1 candidate net for fanout optimization.
INFO: [Physopt 32-81] Processed net u_array/u_ctrl/k_cnt_r_reg[11]_0[2]. Replicated 9 times.
INFO: [Physopt 32-232] Optimized 1 net. Created 9 new instances.
INFO: [Physopt 32-775] End 1 Pass. Optimized 1 net or cell. Created 9 new cells, deleted 0 existing cell and moved 0 existing cell
Netlist sorting complete. Time (s): cpu = 00:00:01 ; elapsed = 00:00:00.076 . Memory (MB): peak = 2280.957 ; gain = 0.000
INFO: [Physopt 32-46] Identified 41 candidate nets for critical-cell optimization.
INFO: [Physopt 32-81] Processed net u_array/u_requant/m_r1[13]. Replicated 1 times.
INFO: [Physopt 32-81] Processed net u_array/u_requant/m_r1[12]. Replicated 1 times.
INFO: [Physopt 32-81] Processed net u_array/u_requant/m_r1[5]. Replicated 1 times.
INFO: [Physopt 32-81] Processed net u_array/u_requant/m_r1[0]. Replicated 1 times.
INFO: [Physopt 32-81] Processed net u_array/u_requant/m_r1[14]. Replicated 1 times.
INFO: [Physopt 32-81] Processed net u_array/u_addrgen/iw_c_reg_n_0_[5]. Replicated 1 times.
INFO: [Physopt 32-81] Processed net u_array/u_requant/m_r1[1]. Replicated 1 times.
INFO: [Physopt 32-81] Processed net u_array/u_requant/m_r1[6]. Replicated 1 times.
INFO: [Physopt 32-81] Processed net u_array/u_requant/m_r1[15]. Replicated 1 times.
INFO: [Physopt 32-81] Processed net u_array/u_addrgen/iw_c_reg_n_0_[11]. Replicated 1 times.
INFO: [Physopt 32-81] Processed net u_array/u_requant/m_r1[7]. Replicated 1 times.
INFO: [Physopt 32-81] Processed net u_array/u_addrgen/iw_c_reg_n_0_[1]. Replicated 1 times.
INFO: [Physopt 32-81] Processed net u_array/u_requant/m_r1[4]. Replicated 1 times.
INFO: [Physopt 32-81] Processed net u_array/u_requant/m_r1[11]. Replicated 1 times.
INFO: [Physopt 32-81] Processed net u_array/u_requant/m_r1[2]. Replicated 1 times.
INFO: [Physopt 32-81] Processed net u_array/u_requant/m_r1[3]. Replicated 1 times.
INFO: [Physopt 32-81] Processed net u_array/u_requant/m_r1[9]. Replicated 1 times.
INFO: [Physopt 32-81] Processed net u_array/u_addrgen/iw_c_reg_n_0_[4]. Replicated 1 times.
INFO: [Physopt 32-81] Processed net u_array/u_requant/m_r1[10]. Replicated 1 times.
INFO: [Physopt 32-81] Processed net u_array/u_requant/m_r1[16]. Replicated 1 times.
INFO: [Physopt 32-81] Processed net u_array/u_addrgen/iw_c_reg_n_0_[13]. Replicated 1 times.
INFO: [Physopt 32-81] Processed net u_array/u_addrgen/iw_c_reg_n_0_[12]. Replicated 1 times.
INFO: [Physopt 32-81] Processed net u_array/u_addrgen/iw_c_reg_n_0_[10]. Replicated 1 times.
INFO: [Physopt 32-81] Processed net u_array/u_addrgen/iw_c_reg_n_0_[8]. Replicated 1 times.
INFO: [Physopt 32-81] Processed net u_array/u_addrgen/iw_c_reg_n_0_[7]. Replicated 1 times.
INFO: [Physopt 32-81] Processed net u_array/u_requant/m_r1[8]. Replicated 1 times.
INFO: [Physopt 32-81] Processed net u_array/u_addrgen/iw_c_reg_n_0_[3]. Replicated 1 times.
INFO: [Physopt 32-81] Processed net u_array/u_addrgen/iw_c_reg_n_0_[2]. Replicated 1 times.
INFO: [Physopt 32-81] Processed net u_array/u_addrgen/iw_c_reg_n_0_[9]. Replicated 1 times.
INFO: [Physopt 32-81] Processed net u_array/u_addrgen/iw_c_reg_n_0_[14]. Replicated 1 times.
INFO: [Physopt 32-81] Processed net u_array/u_addrgen/sh_c[0]. Replicated 1 times.
INFO: [Physopt 32-81] Processed net u_array/u_addrgen/sh_c[6]. Replicated 1 times.
INFO: [Physopt 32-81] Processed net u_array/u_addrgen/iw_c_reg_n_0_[15]. Replicated 1 times.
INFO: [Physopt 32-81] Processed net u_array/u_addrgen/iw_lim_w[0]. Replicated 1 times.
INFO: [Physopt 32-81] Processed net u_array/u_addrgen/iw_c_reg_n_0_[6]. Replicated 1 times.
INFO: [Physopt 32-232] Optimized 35 nets. Created 35 new instances.
INFO: [Physopt 32-775] End 1 Pass. Optimized 35 nets or cells. Created 35 new cells, deleted 0 existing cell and moved 0 existing cell
Netlist sorting complete. Time (s): cpu = 00:00:00 ; elapsed = 00:00:00.025 . Memory (MB): peak = 2280.957 ; gain = 0.000
INFO: [Physopt 32-457] Pass 1. Identified 50 candidate cells for DSP register optimization.
INFO: [Physopt 32-666] Processed cell u_array/u_requant/prod_r0__2. No change.
INFO: [Physopt 32-666] Processed cell u_array/u_requant/prod_r0__0. No change.
INFO: [Physopt 32-665] Processed cell u_array/g_pe_row[2].g_pe_pair[6].u_pe/u_dsp48. 16 registers were pushed out.
INFO: [Physopt 32-665] Processed cell u_array/g_pe_row[0].g_pe_pair[6].u_pe/u_dsp48. 16 registers were pushed out.
INFO: [Physopt 32-665] Processed cell u_array/g_pe_row[7].g_pe_pair[7].u_pe/u_dsp48. 16 registers were pushed out.
INFO: [Physopt 32-665] Processed cell u_array/g_pe_row[2].g_pe_pair[7].u_pe/u_dsp48. 16 registers were pushed out.
INFO: [Physopt 32-665] Processed cell u_array/g_pe_row[4].g_pe_pair[7].u_pe/u_dsp48. 16 registers were pushed out.
INFO: [Physopt 32-665] Processed cell u_array/g_pe_row[3].g_pe_pair[6].u_pe/u_dsp48. 16 registers were pushed out.
INFO: [Physopt 32-665] Processed cell u_array/g_pe_row[15].g_pe_pair[6].u_pe/u_dsp48. 16 registers were pushed out.
INFO: [Physopt 32-665] Processed cell u_array/g_pe_row[15].g_pe_pair[3].u_pe/u_dsp48. 16 registers were pushed out.
INFO: [Physopt 32-665] Processed cell u_array/g_pe_row[12].g_pe_pair[6].u_pe/u_dsp48. 16 registers were pushed out.
INFO: [Physopt 32-665] Processed cell u_array/g_pe_row[4].g_pe_pair[6].u_pe/u_dsp48. 16 registers were pushed out.
INFO: [Physopt 32-665] Processed cell u_array/g_pe_row[10].g_pe_pair[6].u_pe/u_dsp48. 16 registers were pushed out.
INFO: [Physopt 32-665] Processed cell u_array/g_pe_row[13].g_pe_pair[6].u_pe/u_dsp48. 16 registers were pushed out.
INFO: [Physopt 32-665] Processed cell u_array/g_pe_row[7].g_pe_pair[3].u_pe/u_dsp48. 16 registers were pushed out.
INFO: [Physopt 32-665] Processed cell u_array/g_pe_row[9].g_pe_pair[1].u_pe/u_dsp48. 16 registers were pushed out.
INFO: [Physopt 32-665] Processed cell u_array/g_pe_row[3].g_pe_pair[3].u_pe/u_dsp48. 16 registers were pushed out.
INFO: [Physopt 32-665] Processed cell u_array/g_pe_row[6].g_pe_pair[5].u_pe/u_dsp48. 16 registers were pushed out.
INFO: [Physopt 32-665] Processed cell u_array/g_pe_row[4].g_pe_pair[1].u_pe/u_dsp48. 16 registers were pushed out.
INFO: [Physopt 32-665] Processed cell u_array/g_pe_row[0].g_pe_pair[3].u_pe/u_dsp48. 16 registers were pushed out.
INFO: [Physopt 32-665] Processed cell u_array/g_pe_row[15].g_pe_pair[7].u_pe/u_dsp48. 16 registers were pushed out.
INFO: [Physopt 32-665] Processed cell u_array/g_pe_row[4].g_pe_pair[5].u_pe/u_dsp48. 16 registers were pushed out.
INFO: [Physopt 32-665] Processed cell u_array/g_pe_row[9].g_pe_pair[6].u_pe/u_dsp48. 16 registers were pushed out.
INFO: [Physopt 32-665] Processed cell u_array/g_pe_row[5].g_pe_pair[6].u_pe/u_dsp48. 16 registers were pushed out.
INFO: [Physopt 32-665] Processed cell u_array/g_pe_row[12].g_pe_pair[1].u_pe/u_dsp48. 16 registers were pushed out.
INFO: [Physopt 32-665] Processed cell u_array/g_pe_row[5].g_pe_pair[7].u_pe/u_dsp48. 16 registers were pushed out.
INFO: [Physopt 32-665] Processed cell u_array/g_pe_row[6].g_pe_pair[0].u_pe/u_dsp48. 16 registers were pushed out.
INFO: [Physopt 32-665] Processed cell u_array/g_pe_row[4].g_pe_pair[3].u_pe/u_dsp48. 16 registers were pushed out.
INFO: [Physopt 32-665] Processed cell u_array/g_pe_row[8].g_pe_pair[3].u_pe/u_dsp48. 16 registers were pushed out.
INFO: [Physopt 32-665] Processed cell u_array/g_pe_row[6].g_pe_pair[3].u_pe/u_dsp48. 16 registers were pushed out.
INFO: [Physopt 32-665] Processed cell u_array/g_pe_row[2].g_pe_pair[3].u_pe/u_dsp48. 16 registers were pushed out.
INFO: [Physopt 32-665] Processed cell u_array/g_pe_row[8].g_pe_pair[6].u_pe/u_dsp48. 16 registers were pushed out.
INFO: [Physopt 32-665] Processed cell u_array/g_pe_row[6].g_pe_pair[7].u_pe/u_dsp48. 16 registers were pushed out.
INFO: [Physopt 32-665] Processed cell u_array/g_pe_row[6].g_pe_pair[6].u_pe/u_dsp48. 16 registers were pushed out.
INFO: [Physopt 32-665] Processed cell u_array/g_pe_row[1].g_pe_pair[3].u_pe/u_dsp48. 16 registers were pushed out.
INFO: [Physopt 32-665] Processed cell u_array/g_pe_row[9].g_pe_pair[0].u_pe/u_dsp48. 16 registers were pushed out.
INFO: [Physopt 32-665] Processed cell u_array/g_pe_row[1].g_pe_pair[4].u_pe/u_dsp48. 16 registers were pushed out.
INFO: [Physopt 32-665] Processed cell u_array/g_pe_row[2].g_pe_pair[1].u_pe/u_dsp48. 16 registers were pushed out.
INFO: [Physopt 32-665] Processed cell u_array/g_pe_row[4].g_pe_pair[4].u_pe/u_dsp48. 16 registers were pushed out.
INFO: [Physopt 32-665] Processed cell u_array/g_pe_row[5].g_pe_pair[3].u_pe/u_dsp48. 16 registers were pushed out.
INFO: [Physopt 32-665] Processed cell u_array/g_pe_row[3].g_pe_pair[5].u_pe/u_dsp48. 16 registers were pushed out.
INFO: [Physopt 32-665] Processed cell u_array/g_pe_row[6].g_pe_pair[1].u_pe/u_dsp48. 16 registers were pushed out.
INFO: [Physopt 32-665] Processed cell u_array/g_pe_row[10].g_pe_pair[7].u_pe/u_dsp48. 16 registers were pushed out.
INFO: [Physopt 32-665] Processed cell u_array/g_pe_row[8].g_pe_pair[1].u_pe/u_dsp48. 16 registers were pushed out.
INFO: [Physopt 32-665] Processed cell u_array/g_pe_row[7].g_pe_pair[0].u_pe/u_dsp48. 16 registers were pushed out.
INFO: [Physopt 32-665] Processed cell u_array/g_pe_row[1].g_pe_pair[6].u_pe/u_dsp48. 16 registers were pushed out.
INFO: [Physopt 32-665] Processed cell u_array/g_pe_row[8].g_pe_pair[7].u_pe/u_dsp48. 16 registers were pushed out.
INFO: [Physopt 32-665] Processed cell u_array/g_pe_row[12].g_pe_pair[2].u_pe/u_dsp48. 16 registers were pushed out.
INFO: [Physopt 32-665] Processed cell u_array/g_pe_row[13].g_pe_pair[4].u_pe/u_dsp48. 16 registers were pushed out.
INFO: [Physopt 32-665] Processed cell u_array/g_pe_row[4].g_pe_pair[0].u_pe/u_dsp48. 16 registers were pushed out.
INFO: [Physopt 32-457] Pass 2. Identified 50 candidate cells for DSP register optimization.
INFO: [Physopt 32-666] Processed cell u_array/u_requant/prod_r0__2. No change.
INFO: [Physopt 32-666] Processed cell u_array/u_requant/prod_r0__0. No change.
INFO: [Physopt 32-665] Processed cell u_array/g_pe_row[15].g_pe_pair[4].u_pe/u_dsp48. 16 registers were pushed out.
INFO: [Physopt 32-665] Processed cell u_array/g_pe_row[5].g_pe_pair[1].u_pe/u_dsp48. 16 registers were pushed out.
INFO: [Physopt 32-665] Processed cell u_array/g_pe_row[0].g_pe_pair[2].u_pe/u_dsp48. 16 registers were pushed out.
INFO: [Physopt 32-665] Processed cell u_array/g_pe_row[13].g_pe_pair[0].u_pe/u_dsp48. 16 registers were pushed out.
INFO: [Physopt 32-665] Processed cell u_array/g_pe_row[9].g_pe_pair[7].u_pe/u_dsp48. 16 registers were pushed out.
INFO: [Physopt 32-665] Processed cell u_array/g_pe_row[7].g_pe_pair[5].u_pe/u_dsp48. 16 registers were pushed out.
INFO: [Physopt 32-665] Processed cell u_array/g_pe_row[2].g_pe_pair[4].u_pe/u_dsp48. 16 registers were pushed out.
INFO: [Physopt 32-665] Processed cell u_array/g_pe_row[9].g_pe_pair[2].u_pe/u_dsp48. 16 registers were pushed out.
INFO: [Physopt 32-665] Processed cell u_array/g_pe_row[9].g_pe_pair[5].u_pe/u_dsp48. 16 registers were pushed out.
INFO: [Physopt 32-665] Processed cell u_array/g_pe_row[8].g_pe_pair[5].u_pe/u_dsp48. 16 registers were pushed out.
INFO: [Physopt 32-665] Processed cell u_array/g_pe_row[8].g_pe_pair[5].u_pe/u_dsp48. 34 registers were pushed out.
INFO: [Physopt 32-665] Processed cell u_array/g_pe_row[3].g_pe_pair[7].u_pe/u_dsp48. 16 registers were pushed out.
INFO: [Physopt 32-665] Processed cell u_array/g_pe_row[13].g_pe_pair[1].u_pe/u_dsp48. 16 registers were pushed out.
INFO: [Physopt 32-665] Processed cell u_array/g_pe_row[10].g_pe_pair[5].u_pe/u_dsp48. 16 registers were pushed out.
INFO: [Physopt 32-665] Processed cell u_array/g_pe_row[11].g_pe_pair[6].u_pe/u_dsp48. 16 registers were pushed out.
INFO: [Physopt 32-665] Processed cell u_array/g_pe_row[0].g_pe_pair[7].u_pe/u_dsp48. 16 registers were pushed out.
INFO: [Physopt 32-665] Processed cell u_array/g_pe_row[4].g_pe_pair[2].u_pe/u_dsp48. 34 registers were pushed out.
INFO: [Physopt 32-665] Processed cell u_array/g_pe_row[15].g_pe_pair[2].u_pe/u_dsp48. 16 registers were pushed out.
INFO: [Physopt 32-665] Processed cell u_array/g_pe_row[7].g_pe_pair[4].u_pe/u_dsp48. 34 registers were pushed out.
INFO: [Physopt 32-665] Processed cell u_array/g_pe_row[7].g_pe_pair[2].u_pe/u_dsp48. 16 registers were pushed out.
INFO: [Physopt 32-665] Processed cell u_array/u_ctrl/rq_limit_r0. 12 registers were pushed out.
INFO: [Physopt 32-665] Processed cell u_array/g_pe_row[11].g_pe_pair[3].u_pe/u_dsp48. 16 registers were pushed out.
INFO: [Physopt 32-665] Processed cell u_array/g_pe_row[0].g_pe_pair[4].u_pe/u_dsp48. 16 registers were pushed out.
INFO: [Physopt 32-665] Processed cell u_array/g_pe_row[15].g_pe_pair[0].u_pe/u_dsp48. 16 registers were pushed out.
INFO: [Physopt 32-665] Processed cell u_array/g_pe_row[11].g_pe_pair[0].u_pe/u_dsp48. 16 registers were pushed out.
INFO: [Physopt 32-665] Processed cell u_array/g_pe_row[0].g_pe_pair[5].u_pe/u_dsp48. 16 registers were pushed out.
INFO: [Physopt 32-665] Processed cell u_array/g_pe_row[15].g_pe_pair[1].u_pe/u_dsp48. 16 registers were pushed out.
INFO: [Physopt 32-665] Processed cell u_array/g_pe_row[2].g_pe_pair[0].u_pe/u_dsp48. 16 registers were pushed out.
INFO: [Physopt 32-665] Processed cell u_array/g_pe_row[2].g_pe_pair[5].u_pe/u_dsp48. 34 registers were pushed out.
INFO: [Physopt 32-665] Processed cell u_array/g_pe_row[3].g_pe_pair[2].u_pe/u_dsp48. 16 registers were pushed out.
INFO: [Physopt 32-665] Processed cell u_array/g_pe_row[10].g_pe_pair[4].u_pe/u_dsp48. 16 registers were pushed out.
INFO: [Physopt 32-665] Processed cell u_array/g_pe_row[14].g_pe_pair[6].u_pe/u_dsp48. 16 registers were pushed out.
INFO: [Physopt 32-665] Processed cell u_array/g_pe_row[1].g_pe_pair[5].u_pe/u_dsp48. 16 registers were pushed out.
INFO: [Physopt 32-665] Processed cell u_array/g_pe_row[7].g_pe_pair[5].u_pe/u_dsp48. 34 registers were pushed out.
INFO: [Physopt 32-665] Processed cell u_array/g_pe_row[11].g_pe_pair[7].u_pe/u_dsp48. 16 registers were pushed out.
INFO: [Physopt 32-665] Processed cell u_array/g_pe_row[8].g_pe_pair[0].u_pe/u_dsp48. 16 registers were pushed out.
INFO: [Physopt 32-665] Processed cell u_array/g_pe_row[10].g_pe_pair[3].u_pe/u_dsp48. 16 registers were pushed out.
INFO: [Physopt 32-665] Processed cell u_array/g_pe_row[4].g_pe_pair[4].u_pe/u_dsp48. 34 registers were pushed out.
INFO: [Physopt 32-665] Processed cell u_array/g_pe_row[6].g_pe_pair[2].u_pe/u_dsp48. 16 registers were pushed out.
INFO: [Physopt 32-665] Processed cell u_array/g_pe_row[3].g_pe_pair[4].u_pe/u_dsp48. 16 registers were pushed out.
INFO: [Physopt 32-665] Processed cell u_array/g_pe_row[13].g_pe_pair[3].u_pe/u_dsp48. 16 registers were pushed out.
INFO: [Physopt 32-665] Processed cell u_array/g_pe_row[7].g_pe_pair[4].u_pe/u_dsp48. 16 registers were pushed out.
INFO: [Physopt 32-665] Processed cell u_array/g_pe_row[9].g_pe_pair[3].u_pe/u_dsp48. 16 registers were pushed out.
INFO: [Physopt 32-665] Processed cell u_array/g_pe_row[12].g_pe_pair[7].u_pe/u_dsp48. 16 registers were pushed out.
INFO: [Physopt 32-665] Processed cell u_array/g_pe_row[14].g_pe_pair[0].u_pe/u_dsp48. 16 registers were pushed out.
INFO: [Physopt 32-665] Processed cell u_array/g_pe_row[2].g_pe_pair[2].u_pe/u_dsp48. 16 registers were pushed out.
INFO: [Physopt 32-665] Processed cell u_array/g_pe_row[13].g_pe_pair[7].u_pe/u_dsp48. 16 registers were pushed out.
INFO: [Physopt 32-665] Processed cell u_array/g_pe_row[1].g_pe_pair[7].u_pe/u_dsp48. 16 registers were pushed out.
INFO: [Physopt 32-775] End 2 Pass. Optimized 96 nets or cells. Created 1640 new cells, deleted 0 existing cell and moved 0 existing cell
Netlist sorting complete. Time (s): cpu = 00:00:00 ; elapsed = 00:00:00.122 . Memory (MB): peak = 2280.957 ; gain = 0.000
INFO: [Physopt 32-1123] No candidate cells found for Shift Register to Pipeline optimization
INFO: [Physopt 32-775] End 2 Pass. Optimized 0 net or cell. Created 0 new cell, deleted 0 existing cell and moved 0 existing cell
INFO: [Physopt 32-1401] No candidate cells found for Shift Register optimization.
INFO: [Physopt 32-677] No candidate cells for Shift Register optimization found in the design
INFO: [Physopt 32-775] End 1 Pass. Optimized 0 net or cell. Created 0 new cell, deleted 0 existing cell and moved 0 existing cell
INFO: [Physopt 32-526] No candidate cells for BRAM register optimization found in the design
INFO: [Physopt 32-775] End 1 Pass. Optimized 0 net or cell. Created 0 new cell, deleted 0 existing cell and moved 0 existing cell
INFO: [Physopt 32-846] No candidate cells for URAM register optimization found in the design
INFO: [Physopt 32-775] End 1 Pass. Optimized 0 net or cell. Created 0 new cell, deleted 0 existing cell and moved 0 existing cell
INFO: [Physopt 32-846] No candidate cells for URAM register optimization found in the design
INFO: [Physopt 32-775] End 1 Pass. Optimized 0 net or cell. Created 0 new cell, deleted 0 existing cell and moved 0 existing cell
INFO: [Physopt 32-949] No candidate nets found for dynamic/static region interface net replication
INFO: [Physopt 32-775] End 1 Pass. Optimized 0 net or cell. Created 0 new cell, deleted 0 existing cell and moved 0 existing cell
Netlist sorting complete. Time (s): cpu = 00:00:00 ; elapsed = 00:00:00.013 . Memory (MB): peak = 2280.957 ; gain = 0.000

Summary of Physical Synthesis Optimizations
============================================


-----------------------------------------------------------------------------------------------------------------------------------------------------------
|  Optimization                                     |  Added Cells  |  Removed Cells  |  Optimized Cells/Nets  |  Dont Touch  |  Iterations  |  Elapsed   |
-----------------------------------------------------------------------------------------------------------------------------------------------------------
|  LUT Combining                                    |          132  |             60  |                   192  |           0  |           1  |  00:00:00  |
|  Retime                                           |            0  |              0  |                     0  |           0  |           1  |  00:00:00  |
|  Very High Fanout                                 |            0  |              0  |                     0  |           0  |           1  |  00:00:00  |
|  Fanout                                           |            9  |              0  |                     1  |           0  |           1  |  00:00:00  |
|  Critical Cell                                    |           35  |              0  |                    35  |           0  |           1  |  00:00:00  |
|  DSP Register                                     |         1640  |              0  |                    96  |           0  |           1  |  00:00:06  |
|  Shift Register to Pipeline                       |            0  |              0  |                     0  |           0  |           1  |  00:00:00  |
|  Shift Register                                   |            0  |              0  |                     0  |           0  |           1  |  00:00:00  |
|  BRAM Register                                    |            0  |              0  |                     0  |           0  |           1  |  00:00:00  |
|  URAM Register                                    |            0  |              0  |                     0  |           0  |           1  |  00:00:00  |
|  Dynamic/Static Region Interface Net Replication  |            0  |              0  |                     0  |           0  |           1  |  00:00:00  |
|  Total                                            |         1816  |             60  |                   324  |           0  |          11  |  00:00:07  |
-----------------------------------------------------------------------------------------------------------------------------------------------------------


Phase 2.5.2 Physical Synthesis In Placer | Checksum: 1f51ec888

Time (s): cpu = 00:01:06 ; elapsed = 00:00:43 . Memory (MB): peak = 2280.957 ; gain = 0.000
Phase 2.5 Global Place Phase2 | Checksum: 1cb453a7c

Time (s): cpu = 00:01:07 ; elapsed = 00:00:44 . Memory (MB): peak = 2280.957 ; gain = 0.000
Phase 2 Global Placement | Checksum: 1cb453a7c

Time (s): cpu = 00:01:07 ; elapsed = 00:00:44 . Memory (MB): peak = 2280.957 ; gain = 0.000

Phase 3 Detail Placement

Phase 3.1 Commit Multi Column Macros
Phase 3.1 Commit Multi Column Macros | Checksum: 118faebe2

Time (s): cpu = 00:01:11 ; elapsed = 00:00:45 . Memory (MB): peak = 2280.957 ; gain = 0.000

Phase 3.2 Commit Most Macros & LUTRAMs
Phase 3.2 Commit Most Macros & LUTRAMs | Checksum: 10f1a8238

Time (s): cpu = 00:01:17 ; elapsed = 00:00:50 . Memory (MB): peak = 2280.957 ; gain = 0.000

Phase 3.3 Area Swap Optimization
Phase 3.3 Area Swap Optimization | Checksum: 1a0f37bb4

Time (s): cpu = 00:01:17 ; elapsed = 00:00:50 . Memory (MB): peak = 2280.957 ; gain = 0.000

Phase 3.4 Pipeline Register Optimization
Phase 3.4 Pipeline Register Optimization | Checksum: 157ea69f2

Time (s): cpu = 00:01:17 ; elapsed = 00:00:50 . Memory (MB): peak = 2280.957 ; gain = 0.000

Phase 3.5 Fast Optimization
Phase 3.5 Fast Optimization | Checksum: fbb1f2d8

Time (s): cpu = 00:01:25 ; elapsed = 00:00:55 . Memory (MB): peak = 2280.957 ; gain = 0.000

Phase 3.6 Small Shape Detail Placement
Phase 3.6 Small Shape Detail Placement | Checksum: 13a64d4c4

Time (s): cpu = 00:01:33 ; elapsed = 00:01:03 . Memory (MB): peak = 2280.957 ; gain = 0.000

Phase 3.7 Re-assign LUT pins
Phase 3.7 Re-assign LUT pins | Checksum: 128071321

Time (s): cpu = 00:01:35 ; elapsed = 00:01:05 . Memory (MB): peak = 2280.957 ; gain = 0.000

Phase 3.8 Pipeline Register Optimization
Phase 3.8 Pipeline Register Optimization | Checksum: 1b71fc4a2

Time (s): cpu = 00:01:36 ; elapsed = 00:01:05 . Memory (MB): peak = 2280.957 ; gain = 0.000

Phase 3.9 Fast Optimization
Phase 3.9 Fast Optimization | Checksum: 14ab0e3d2

Time (s): cpu = 00:01:47 ; elapsed = 00:01:14 . Memory (MB): peak = 2280.957 ; gain = 0.000
Phase 3 Detail Placement | Checksum: 14ab0e3d2

Time (s): cpu = 00:01:48 ; elapsed = 00:01:14 . Memory (MB): peak = 2280.957 ; gain = 0.000

Phase 4 Post Placement Optimization and Clean-Up

Phase 4.1 Post Commit Optimization
INFO: [Timing 38-35] Done setting XDC timing constraints.

Phase 4.1.1 Post Placement Optimization
Post Placement Optimization Initialization | Checksum: 13c6b8509

Phase 4.1.1.1 BUFG Insertion

Starting Physical Synthesis Task

Phase 1 Physical Synthesis Initialization
INFO: [Physopt 32-721] Multithreading enabled for phys_opt_design using a maximum of 2 CPUs
INFO: [Physopt 32-619] Estimated Timing Summary | WNS=-2.276 | TNS=-1153.204 |
Phase 1 Physical Synthesis Initialization | Checksum: 15f821bb1

Time (s): cpu = 00:00:01 ; elapsed = 00:00:00.350 . Memory (MB): peak = 2280.957 ; gain = 0.000
INFO: [Place 46-33] Processed net u_array/u_lut/rst_n_0, BUFG insertion was skipped due to placement/routing conflicts.
INFO: [Place 46-56] BUFG insertion identified 1 candidate nets. Inserted BUFG: 0, Replicated BUFG Driver: 0, Skipped due to Placement/Routing Conflicts: 1, Skipped due to Timing Degradation: 0, Skipped due to netlist editing failed: 0.
Ending Physical Synthesis Task | Checksum: be2eff2d

Time (s): cpu = 00:00:02 ; elapsed = 00:00:01 . Memory (MB): peak = 2280.957 ; gain = 0.000
Phase 4.1.1.1 BUFG Insertion | Checksum: 13c6b8509

Time (s): cpu = 00:01:57 ; elapsed = 00:01:20 . Memory (MB): peak = 2280.957 ; gain = 0.000

Phase 4.1.1.2 Post Placement Timing Optimization
INFO: [Place 30-746] Post Placement Timing Summary WNS=-1.618. For the most accurate timing information please run report_timing.
Phase 4.1.1.2 Post Placement Timing Optimization | Checksum: 19d9689d4

Time (s): cpu = 00:02:20 ; elapsed = 00:01:41 . Memory (MB): peak = 2280.957 ; gain = 0.000

Time (s): cpu = 00:02:20 ; elapsed = 00:01:41 . Memory (MB): peak = 2280.957 ; gain = 0.000
Phase 4.1 Post Commit Optimization | Checksum: 19d9689d4

Time (s): cpu = 00:02:20 ; elapsed = 00:01:42 . Memory (MB): peak = 2280.957 ; gain = 0.000

Phase 4.2 Post Placement Cleanup
Phase 4.2 Post Placement Cleanup | Checksum: 19d9689d4

Time (s): cpu = 00:02:21 ; elapsed = 00:01:42 . Memory (MB): peak = 2280.957 ; gain = 0.000

Phase 4.3 Placer Reporting

Phase 4.3.1 Print Estimated Congestion
INFO: [Place 30-612] Post-Placement Estimated Congestion 
 ____________________________________________________
|           | Global Congestion | Short Congestion  |
| Direction | Region Size       | Region Size       |
|___________|___________________|___________________|
|      North|                1x1|                4x4|
|___________|___________________|___________________|
|      South|                1x1|                4x4|
|___________|___________________|___________________|
|       East|                4x4|                4x4|
|___________|___________________|___________________|
|       West|                1x1|                2x2|
|___________|___________________|___________________|

Phase 4.3.1 Print Estimated Congestion | Checksum: 19d9689d4

Time (s): cpu = 00:02:21 ; elapsed = 00:01:42 . Memory (MB): peak = 2280.957 ; gain = 0.000
Phase 4.3 Placer Reporting | Checksum: 19d9689d4

Time (s): cpu = 00:02:21 ; elapsed = 00:01:42 . Memory (MB): peak = 2280.957 ; gain = 0.000

Phase 4.4 Final Placement Cleanup
Netlist sorting complete. Time (s): cpu = 00:00:00 ; elapsed = 00:00:00.017 . Memory (MB): peak = 2280.957 ; gain = 0.000

Time (s): cpu = 00:02:21 ; elapsed = 00:01:42 . Memory (MB): peak = 2280.957 ; gain = 0.000
Phase 4 Post Placement Optimization and Clean-Up | Checksum: 23f7e4931

Time (s): cpu = 00:02:21 ; elapsed = 00:01:42 . Memory (MB): peak = 2280.957 ; gain = 0.000
Ending Placer Task | Checksum: 157fd4075

Time (s): cpu = 00:02:21 ; elapsed = 00:01:42 . Memory (MB): peak = 2280.957 ; gain = 0.000
181 Infos, 2 Warnings, 0 Critical Warnings and 0 Errors encountered.
place_design completed successfully
place_design: Time (s): cpu = 00:02:25 ; elapsed = 00:01:44 . Memory (MB): peak = 2280.957 ; gain = 0.000
# phys_opt_design
Command: phys_opt_design
Attempting to get a license for feature 'Implementation' and/or device 'xc7z020'
INFO: [Common 17-349] Got license for feature 'Implementation' and/or device 'xc7z020'

Starting Initial Update Timing Task
WARNING: [Timing 38-242] The property HD.CLK_SRC of clock port "clk_i" is not set. In out-of-context mode, this prevents timing estimation for clock delay/skew
Resolution: Set the HD.CLK_SRC property of the out-of-context port to the location of the clock buffer instance in the top-level design

Time (s): cpu = 00:00:06 ; elapsed = 00:00:03 . Memory (MB): peak = 2280.957 ; gain = 0.000
INFO: [Vivado_Tcl 4-1435] PhysOpt_Tcl_Interface Runtime Before Starting Physical Synthesis Task | CPU: 7.00s |  WALL: 3.39s
Netlist sorting complete. Time (s): cpu = 00:00:00 ; elapsed = 00:00:00.014 . Memory (MB): peak = 2280.957 ; gain = 0.000

Starting Physical Synthesis Task

Phase 1 Physical Synthesis Initialization
INFO: [Physopt 32-721] Multithreading enabled for phys_opt_design using a maximum of 2 CPUs
INFO: [Physopt 32-619] Estimated Timing Summary | WNS=-1.618 | TNS=-1135.024 |
Phase 1 Physical Synthesis Initialization | Checksum: 19885c905

Time (s): cpu = 00:00:03 ; elapsed = 00:00:02 . Memory (MB): peak = 2280.957 ; gain = 0.000
INFO: [Physopt 32-619] Estimated Timing Summary | WNS=-1.618 | TNS=-1135.024 |

Phase 2 DSP Register Optimization
INFO: [Physopt 32-457] Pass 1. Identified 1 candidate cell for DSP register optimization.
INFO: [Physopt 32-666] Processed cell u_array/u_requant/prod_r0__2. No change.
INFO: [Physopt 32-775] End 2 Pass. Optimized 0 net or cell. Created 0 new cell, deleted 0 existing cell and moved 0 existing cell
Netlist sorting complete. Time (s): cpu = 00:00:00 ; elapsed = 00:00:00.018 . Memory (MB): peak = 2280.957 ; gain = 0.000
Phase 2 DSP Register Optimization | Checksum: 19885c905

Time (s): cpu = 00:00:07 ; elapsed = 00:00:05 . Memory (MB): peak = 2280.957 ; gain = 0.000

Phase 3 Critical Path Optimization
INFO: [Physopt 32-619] Estimated Timing Summary | WNS=-1.618 | TNS=-1135.024 |
INFO: [Physopt 32-702] Processed net u_array/u_addrgen/m_iw_r_reg_n_0_[28]. Optimizations did not improve timing on the net.
INFO: [Physopt 32-81] Processed net u_array/u_addrgen/kh_c[4]. Replicated 2 times.
INFO: [Physopt 32-735] Processed net u_array/u_addrgen/kh_c[4]. Optimization improves timing on the net.
INFO: [Physopt 32-619] Estimated Timing Summary | WNS=-1.610 | TNS=-1134.796 |
INFO: [Physopt 32-702] Processed net u_array/u_addrgen/kh_c[4]_repN. Optimizations did not improve timing on the net.
INFO: [Physopt 32-702] Processed net u_array/u_addrgen/m_iw_r_reg[15]_i_1_n_0. Optimizations did not improve timing on the net.
INFO: [Physopt 32-702] Processed net u_array/u_addrgen/m_iw_r_reg[11]_i_1_n_0. Optimizations did not improve timing on the net.
INFO: [Physopt 32-702] Processed net u_array/u_addrgen/m_iw_r_reg[7]_i_1_n_0. Optimizations did not improve timing on the net.
INFO: [Physopt 32-702] Processed net u_array/u_addrgen/m_iw_r_reg[3]_i_1_n_0. Optimizations did not improve timing on the net.
INFO: [Physopt 32-702] Processed net u_array/u_addrgen/m_iw_r[3]_i_5_n_0. Optimizations did not improve timing on the net.
INFO: [Physopt 32-702] Processed net u_array/u_addrgen/m_iw_r0[16]. Optimizations did not improve timing on the net.
INFO: [Physopt 32-702] Processed net u_array/u_addrgen/m_iw_r2[15]. Optimizations did not improve timing on the net.
INFO: [Physopt 32-134] Processed net u_array/u_addrgen/m_iw_r1_i_10_n_0. Rewiring did not optimize the net.
INFO: [Physopt 32-702] Processed net u_array/u_addrgen/m_iw_r1_i_10_n_0. Optimizations did not improve timing on the net.
INFO: [Physopt 32-702] Processed net u_array/u_addrgen/m_iw_r1_n_105. Optimizations did not improve timing on the net.
INFO: [Physopt 32-702] Processed net u_array/u_addrgen/m_iw_r_reg_n_0_[28]. Optimizations did not improve timing on the net.
INFO: [Physopt 32-702] Processed net u_array/u_addrgen/kh_c[4]_repN. Optimizations did not improve timing on the net.
INFO: [Physopt 32-702] Processed net u_array/u_addrgen/m_iw_r[3]_i_5_n_0. Optimizations did not improve timing on the net.
INFO: [Physopt 32-702] Processed net u_array/u_addrgen/m_iw_r0[16]. Optimizations did not improve timing on the net.
INFO: [Physopt 32-702] Processed net u_array/u_addrgen/m_iw_r2[15]. Optimizations did not improve timing on the net.
INFO: [Physopt 32-702] Processed net u_array/u_addrgen/m_iw_r1_i_10_n_0. Optimizations did not improve timing on the net.
INFO: [Physopt 32-702] Processed net u_array/u_addrgen/m_iw_r1_n_105. Optimizations did not improve timing on the net.
INFO: [Physopt 32-619] Estimated Timing Summary | WNS=-1.610 | TNS=-1134.796 |
Netlist sorting complete. Time (s): cpu = 00:00:00 ; elapsed = 00:00:00.026 . Memory (MB): peak = 2280.957 ; gain = 0.000
Phase 3 Critical Path Optimization | Checksum: 19885c905

Time (s): cpu = 00:00:09 ; elapsed = 00:00:07 . Memory (MB): peak = 2280.957 ; gain = 0.000

Phase 4 Critical Path Optimization
INFO: [Physopt 32-619] Estimated Timing Summary | WNS=-1.610 | TNS=-1134.796 |
INFO: [Physopt 32-702] Processed net u_array/u_addrgen/m_iw_r_reg_n_0_[28]. Optimizations did not improve timing on the net.
INFO: [Physopt 32-702] Processed net u_array/u_addrgen/kh_c[4]_repN. Optimizations did not improve timing on the net.
INFO: [Physopt 32-702] Processed net u_array/u_addrgen/m_iw_r_reg[15]_i_1_n_0. Optimizations did not improve timing on the net.
INFO: [Physopt 32-702] Processed net u_array/u_addrgen/m_iw_r_reg[11]_i_1_n_0. Optimizations did not improve timing on the net.
INFO: [Physopt 32-702] Processed net u_array/u_addrgen/m_iw_r_reg[7]_i_1_n_0. Optimizations did not improve timing on the net.
INFO: [Physopt 32-702] Processed net u_array/u_addrgen/m_iw_r_reg[3]_i_1_n_0. Optimizations did not improve timing on the net.
INFO: [Physopt 32-702] Processed net u_array/u_addrgen/m_iw_r[3]_i_5_n_0. Optimizations did not improve timing on the net.
INFO: [Physopt 32-702] Processed net u_array/u_addrgen/m_iw_r0[16]. Optimizations did not improve timing on the net.
INFO: [Physopt 32-702] Processed net u_array/u_addrgen/m_iw_r2[15]. Optimizations did not improve timing on the net.
INFO: [Physopt 32-134] Processed net u_array/u_addrgen/m_iw_r1_i_10_n_0. Rewiring did not optimize the net.
INFO: [Physopt 32-702] Processed net u_array/u_addrgen/m_iw_r1_i_10_n_0. Optimizations did not improve timing on the net.
INFO: [Physopt 32-702] Processed net u_array/u_addrgen/m_iw_r1_n_105. Optimizations did not improve timing on the net.
INFO: [Physopt 32-702] Processed net u_array/u_addrgen/m_iw_r_reg_n_0_[28]. Optimizations did not improve timing on the net.
INFO: [Physopt 32-702] Processed net u_array/u_addrgen/kh_c[4]_repN. Optimizations did not improve timing on the net.
INFO: [Physopt 32-702] Processed net u_array/u_addrgen/m_iw_r[3]_i_5_n_0. Optimizations did not improve timing on the net.
INFO: [Physopt 32-702] Processed net u_array/u_addrgen/m_iw_r0[16]. Optimizations did not improve timing on the net.
INFO: [Physopt 32-702] Processed net u_array/u_addrgen/m_iw_r2[15]. Optimizations did not improve timing on the net.
INFO: [Physopt 32-702] Processed net u_array/u_addrgen/m_iw_r1_i_10_n_0. Optimizations did not improve timing on the net.
INFO: [Physopt 32-702] Processed net u_array/u_addrgen/m_iw_r1_n_105. Optimizations did not improve timing on the net.
INFO: [Physopt 32-619] Estimated Timing Summary | WNS=-1.610 | TNS=-1134.796 |
Netlist sorting complete. Time (s): cpu = 00:00:00 ; elapsed = 00:00:00.020 . Memory (MB): peak = 2280.957 ; gain = 0.000
Phase 4 Critical Path Optimization | Checksum: 19885c905

Time (s): cpu = 00:00:11 ; elapsed = 00:00:07 . Memory (MB): peak = 2280.957 ; gain = 0.000
Netlist sorting complete. Time (s): cpu = 00:00:00 ; elapsed = 00:00:00.015 . Memory (MB): peak = 2280.957 ; gain = 0.000
INFO: [Physopt 32-603] Post Physical Optimization Timing Summary | WNS=-1.610 | TNS=-1134.796 |

Summary of Physical Synthesis Optimizations
============================================


-------------------------------------------------------------------------------------------------------------------------------------------------------------
|  Optimization   |  WNS Gain (ns)  |  TNS Gain (ns)  |  Added Cells  |  Removed Cells  |  Optimized Cells/Nets  |  Dont Touch  |  Iterations  |  Elapsed   |
-------------------------------------------------------------------------------------------------------------------------------------------------------------
|  DSP Register   |          0.000  |          0.000  |            0  |              0  |                     0  |           0  |           1  |  00:00:02  |
|  Critical Path  |          0.008  |          0.228  |            2  |              0  |                     1  |           0  |           2  |  00:00:03  |
|  Total          |          0.008  |          0.228  |            2  |              0  |                     1  |           0  |           3  |  00:00:05  |
-------------------------------------------------------------------------------------------------------------------------------------------------------------


Netlist sorting complete. Time (s): cpu = 00:00:00 ; elapsed = 00:00:00.016 . Memory (MB): peak = 2280.957 ; gain = 0.000
Ending Physical Synthesis Task | Checksum: 1c8497f40

Time (s): cpu = 00:00:11 ; elapsed = 00:00:08 . Memory (MB): peak = 2280.957 ; gain = 0.000
INFO: [Common 17-83] Releasing license: Implementation
55 Infos, 1 Warnings, 0 Critical Warnings and 0 Errors encountered.
phys_opt_design completed successfully
phys_opt_design: Time (s): cpu = 00:00:17 ; elapsed = 00:00:11 . Memory (MB): peak = 2280.957 ; gain = 0.000
# route_design
Command: route_design
Attempting to get a license for feature 'Implementation' and/or device 'xc7z020'
INFO: [Common 17-349] Got license for feature 'Implementation' and/or device 'xc7z020'
INFO: [DRC 23-27] Running DRC with 2 threads
WARNING: [DRC 23-814] Not all possible (connectivity based) DRCs may have been run because this design is seen as Out of Context.
INFO: [Vivado_Tcl 4-198] DRC finished with 0 Errors
INFO: [Vivado_Tcl 4-199] Please refer to the DRC report (report_drc) for more information.


Starting Routing Task
INFO: [Route 35-254] Multithreading enabled for route_design using a maximum of 2 CPUs

Phase 1 Build RT Design
Checksum: PlaceDB: 1f8bbf8 ConstDB: 0 ShapeSum: cc5bdab3 RouteDB: 15f972f0
WARNING: [Route 35-197] Clock port "clk_i" does not have an associated HD.CLK_SRC. Without this constraint, timing analysis may not be accurate and upstream checks cannot be done to ensure correct clock placement.
WARNING: [Route 35-198] Port "rst_n" does not have an associated HD.PARTPIN_LOCS, which will prevent the partial routing of the signal "rst_n". Without this partial route, timing analysis to/from this port will not be accurate, and no routing information for this port can be exported.
WARNING: [Route 35-198] Port "s_axi_araddr[4]" does not have an associated HD.PARTPIN_LOCS, which will prevent the partial routing of the signal "s_axi_araddr[4]". Without this partial route, timing analysis to/from this port will not be accurate, and no routing information for this port can be exported.
WARNING: [Route 35-198] Port "s_axi_araddr[2]" does not have an associated HD.PARTPIN_LOCS, which will prevent the partial routing of the signal "s_axi_araddr[2]". Without this partial route, timing analysis to/from this port will not be accurate, and no routing information for this port can be exported.
WARNING: [Route 35-198] Port "s_axi_wdata[28]" does not have an associated HD.PARTPIN_LOCS, which will prevent the partial routing of the signal "s_axi_wdata[28]". Without this partial route, timing analysis to/from this port will not be accurate, and no routing information for this port can be exported.
WARNING: [Route 35-198] Port "s_axi_wdata[27]" does not have an associated HD.PARTPIN_LOCS, which will prevent the partial routing of the signal "s_axi_wdata[27]". Without this partial route, timing analysis to/from this port will not be accurate, and no routing information for this port can be exported.
WARNING: [Route 35-198] Port "s_axi_wdata[30]" does not have an associated HD.PARTPIN_LOCS, which will prevent the partial routing of the signal "s_axi_wdata[30]". Without this partial route, timing analysis to/from this port will not be accurate, and no routing information for this port can be exported.
WARNING: [Route 35-198] Port "s_axi_wdata[29]" does not have an associated HD.PARTPIN_LOCS, which will prevent the partial routing of the signal "s_axi_wdata[29]". Without this partial route, timing analysis to/from this port will not be accurate, and no routing information for this port can be exported.
WARNING: [Route 35-198] Port "s_axi_wdata[25]" does not have an associated HD.PARTPIN_LOCS, which will prevent the partial routing of the signal "s_axi_wdata[25]". Without this partial route, timing analysis to/from this port will not be accurate, and no routing information for this port can be exported.
WARNING: [Route 35-198] Port "s_axi_wdata[24]" does not have an associated HD.PARTPIN_LOCS, which will prevent the partial routing of the signal "s_axi_wdata[24]". Without this partial route, timing analysis to/from this port will not be accurate, and no routing information for this port can be exported.
WARNING: [Route 35-198] Port "s_axi_wdata[31]" does not have an associated HD.PARTPIN_LOCS, which will prevent the partial routing of the signal "s_axi_wdata[31]". Without this partial route, timing analysis to/from this port will not be accurate, and no routing information for this port can be exported.
WARNING: [Route 35-198] Port "s_axi_wdata[26]" does not have an associated HD.PARTPIN_LOCS, which will prevent the partial routing of the signal "s_axi_wdata[26]". Without this partial route, timing analysis to/from this port will not be accurate, and no routing information for this port can be exported.
WARNING: [Route 35-198] Port "s_axi_wdata[17]" does not have an associated HD.PARTPIN_LOCS, which will prevent the partial routing of the signal "s_axi_wdata[17]". Without this partial route, timing analysis to/from this port will not be accurate, and no routing information for this port can be exported.
WARNING: [Route 35-198] Port "s_axi_wdata[18]" does not have an associated HD.PARTPIN_LOCS, which will prevent the partial routing of the signal "s_axi_wdata[18]". Without this partial route, timing analysis to/from this port will not be accurate, and no routing information for this port can be exported.
WARNING: [Route 35-198] Port "s_axi_wdata[23]" does not have an associated HD.PARTPIN_LOCS, which will prevent the partial routing of the signal "s_axi_wdata[23]". Without this partial route, timing analysis to/from this port will not be accurate, and no routing information for this port can be exported.
WARNING: [Route 35-198] Port "s_axi_wdata[22]" does not have an associated HD.PARTPIN_LOCS, which will prevent the partial routing of the signal "s_axi_wdata[22]". Without this partial route, timing analysis to/from this port will not be accurate, and no routing information for this port can be exported.
WARNING: [Route 35-198] Port "s_axi_wdata[21]" does not have an associated HD.PARTPIN_LOCS, which will prevent the partial routing of the signal "s_axi_wdata[21]". Without this partial route, timing analysis to/from this port will not be accurate, and no routing information for this port can be exported.
WARNING: [Route 35-198] Port "s_axi_wdata[20]" does not have an associated HD.PARTPIN_LOCS, which will prevent the partial routing of the signal "s_axi_wdata[20]". Without this partial route, timing analysis to/from this port will not be accurate, and no routing information for this port can be exported.
WARNING: [Route 35-198] Port "s_axi_araddr[3]" does not have an associated HD.PARTPIN_LOCS, which will prevent the partial routing of the signal "s_axi_araddr[3]". Without this partial route, timing analysis to/from this port will not be accurate, and no routing information for this port can be exported.
WARNING: [Route 35-198] Port "s_axi_araddr[5]" does not have an associated HD.PARTPIN_LOCS, which will prevent the partial routing of the signal "s_axi_araddr[5]". Without this partial route, timing analysis to/from this port will not be accurate, and no routing information for this port can be exported.
WARNING: [Route 35-198] Port "s_axi_wdata[19]" does not have an associated HD.PARTPIN_LOCS, which will prevent the partial routing of the signal "s_axi_wdata[19]". Without this partial route, timing analysis to/from this port will not be accurate, and no routing information for this port can be exported.
WARNING: [Route 35-198] Port "s_axi_wdata[16]" does not have an associated HD.PARTPIN_LOCS, which will prevent the partial routing of the signal "s_axi_wdata[16]". Without this partial route, timing analysis to/from this port will not be accurate, and no routing information for this port can be exported.
WARNING: [Route 35-198] Port "s_axi_wdata[2]" does not have an associated HD.PARTPIN_LOCS, which will prevent the partial routing of the signal "s_axi_wdata[2]". Without this partial route, timing analysis to/from this port will not be accurate, and no routing information for this port can be exported.
WARNING: [Route 35-198] Port "s_axi_wdata[7]" does not have an associated HD.PARTPIN_LOCS, which will prevent the partial routing of the signal "s_axi_wdata[7]". Without this partial route, timing analysis to/from this port will not be accurate, and no routing information for this port can be exported.
WARNING: [Route 35-198] Port "s_axi_wdata[6]" does not have an associated HD.PARTPIN_LOCS, which will prevent the partial routing of the signal "s_axi_wdata[6]". Without this partial route, timing analysis to/from this port will not be accurate, and no routing information for this port can be exported.
WARNING: [Route 35-198] Port "s_axi_awaddr[6]" does not have an associated HD.PARTPIN_LOCS, which will prevent the partial routing of the signal "s_axi_awaddr[6]". Without this partial route, timing analysis to/from this port will not be accurate, and no routing information for this port can be exported.
WARNING: [Route 35-198] Port "s_axi_awaddr[4]" does not have an associated HD.PARTPIN_LOCS, which will prevent the partial routing of the signal "s_axi_awaddr[4]". Without this partial route, timing analysis to/from this port will not be accurate, and no routing information for this port can be exported.
WARNING: [Route 35-198] Port "s_axi_wstrb[2]" does not have an associated HD.PARTPIN_LOCS, which will prevent the partial routing of the signal "s_axi_wstrb[2]". Without this partial route, timing analysis to/from this port will not be accurate, and no routing information for this port can be exported.
WARNING: [Route 35-198] Port "s_axi_awaddr[5]" does not have an associated HD.PARTPIN_LOCS, which will prevent the partial routing of the signal "s_axi_awaddr[5]". Without this partial route, timing analysis to/from this port will not be accurate, and no routing information for this port can be exported.
WARNING: [Route 35-198] Port "s_axi_wstrb[3]" does not have an associated HD.PARTPIN_LOCS, which will prevent the partial routing of the signal "s_axi_wstrb[3]". Without this partial route, timing analysis to/from this port will not be accurate, and no routing information for this port can be exported.
WARNING: [Route 35-198] Port "s_axi_awaddr[2]" does not have an associated HD.PARTPIN_LOCS, which will prevent the partial routing of the signal "s_axi_awaddr[2]". Without this partial route, timing analysis to/from this port will not be accurate, and no routing information for this port can be exported.
WARNING: [Route 35-198] Port "s_axi_wstrb[0]" does not have an associated HD.PARTPIN_LOCS, which will prevent the partial routing of the signal "s_axi_wstrb[0]". Without this partial route, timing analysis to/from this port will not be accurate, and no routing information for this port can be exported.
WARNING: [Route 35-198] Port "s_axi_wstrb[1]" does not have an associated HD.PARTPIN_LOCS, which will prevent the partial routing of the signal "s_axi_wstrb[1]". Without this partial route, timing analysis to/from this port will not be accurate, and no routing information for this port can be exported.
WARNING: [Route 35-198] Port "s_axi_wdata[5]" does not have an associated HD.PARTPIN_LOCS, which will prevent the partial routing of the signal "s_axi_wdata[5]". Without this partial route, timing analysis to/from this port will not be accurate, and no routing information for this port can be exported.
WARNING: [Route 35-198] Port "s_axi_wdata[4]" does not have an associated HD.PARTPIN_LOCS, which will prevent the partial routing of the signal "s_axi_wdata[4]". Without this partial route, timing analysis to/from this port will not be accurate, and no routing information for this port can be exported.
WARNING: [Route 35-198] Port "s_axi_wdata[3]" does not have an associated HD.PARTPIN_LOCS, which will prevent the partial routing of the signal "s_axi_wdata[3]". Without this partial route, timing analysis to/from this port will not be accurate, and no routing information for this port can be exported.
WARNING: [Route 35-198] Port "s_axi_wdata[1]" does not have an associated HD.PARTPIN_LOCS, which will prevent the partial routing of the signal "s_axi_wdata[1]". Without this partial route, timing analysis to/from this port will not be accurate, and no routing information for this port can be exported.
WARNING: [Route 35-198] Port "s_axi_wdata[0]" does not have an associated HD.PARTPIN_LOCS, which will prevent the partial routing of the signal "s_axi_wdata[0]". Without this partial route, timing analysis to/from this port will not be accurate, and no routing information for this port can be exported.
WARNING: [Route 35-198] Port "m_axi_arready" does not have an associated HD.PARTPIN_LOCS, which will prevent the partial routing of the signal "m_axi_arready". Without this partial route, timing analysis to/from this port will not be accurate, and no routing information for this port can be exported.
WARNING: [Route 35-198] Port "s_axi_wdata[15]" does not have an associated HD.PARTPIN_LOCS, which will prevent the partial routing of the signal "s_axi_wdata[15]". Without this partial route, timing analysis to/from this port will not be accurate, and no routing information for this port can be exported.
WARNING: [Route 35-198] Port "s_axi_wdata[14]" does not have an associated HD.PARTPIN_LOCS, which will prevent the partial routing of the signal "s_axi_wdata[14]". Without this partial route, timing analysis to/from this port will not be accurate, and no routing information for this port can be exported.
WARNING: [Route 35-198] Port "s_axi_wdata[11]" does not have an associated HD.PARTPIN_LOCS, which will prevent the partial routing of the signal "s_axi_wdata[11]". Without this partial route, timing analysis to/from this port will not be accurate, and no routing information for this port can be exported.
WARNING: [Route 35-198] Port "s_axi_wdata[10]" does not have an associated HD.PARTPIN_LOCS, which will prevent the partial routing of the signal "s_axi_wdata[10]". Without this partial route, timing analysis to/from this port will not be accurate, and no routing information for this port can be exported.
WARNING: [Route 35-198] Port "s_axi_wdata[8]" does not have an associated HD.PARTPIN_LOCS, which will prevent the partial routing of the signal "s_axi_wdata[8]". Without this partial route, timing analysis to/from this port will not be accurate, and no routing information for this port can be exported.
WARNING: [Route 35-198] Port "s_axi_awaddr[3]" does not have an associated HD.PARTPIN_LOCS, which will prevent the partial routing of the signal "s_axi_awaddr[3]". Without this partial route, timing analysis to/from this port will not be accurate, and no routing information for this port can be exported.
WARNING: [Route 35-198] Port "s_axi_wdata[13]" does not have an associated HD.PARTPIN_LOCS, which will prevent the partial routing of the signal "s_axi_wdata[13]". Without this partial route, timing analysis to/from this port will not be accurate, and no routing information for this port can be exported.
WARNING: [Route 35-198] Port "s_axi_wdata[12]" does not have an associated HD.PARTPIN_LOCS, which will prevent the partial routing of the signal "s_axi_wdata[12]". Without this partial route, timing analysis to/from this port will not be accurate, and no routing information for this port can be exported.
WARNING: [Route 35-198] Port "s_axi_wdata[9]" does not have an associated HD.PARTPIN_LOCS, which will prevent the partial routing of the signal "s_axi_wdata[9]". Without this partial route, timing analysis to/from this port will not be accurate, and no routing information for this port can be exported.
WARNING: [Route 35-198] Port "s_axi_arvalid" does not have an associated HD.PARTPIN_LOCS, which will prevent the partial routing of the signal "s_axi_arvalid". Without this partial route, timing analysis to/from this port will not be accurate, and no routing information for this port can be exported.
WARNING: [Route 35-198] Port "s_axi_rready" does not have an associated HD.PARTPIN_LOCS, which will prevent the partial routing of the signal "s_axi_rready". Without this partial route, timing analysis to/from this port will not be accurate, and no routing information for this port can be exported.
WARNING: [Route 35-198] Port "m_axi_awready" does not have an associated HD.PARTPIN_LOCS, which will prevent the partial routing of the signal "m_axi_awready". Without this partial route, timing analysis to/from this port will not be accurate, and no routing information for this port can be exported.
WARNING: [Route 35-198] Port "m_axi_rdata[32]" does not have an associated HD.PARTPIN_LOCS, which will prevent the partial routing of the signal "m_axi_rdata[32]". Without this partial route, timing analysis to/from this port will not be accurate, and no routing information for this port can be exported.
WARNING: [Route 35-198] Port "m_axi_rdata[33]" does not have an associated HD.PARTPIN_LOCS, which will prevent the partial routing of the signal "m_axi_rdata[33]". Without this partial route, timing analysis to/from this port will not be accurate, and no routing information for this port can be exported.
WARNING: [Route 35-198] Port "m_axi_rdata[40]" does not have an associated HD.PARTPIN_LOCS, which will prevent the partial routing of the signal "m_axi_rdata[40]". Without this partial route, timing analysis to/from this port will not be accurate, and no routing information for this port can be exported.
WARNING: [Route 35-198] Port "m_axi_rdata[41]" does not have an associated HD.PARTPIN_LOCS, which will prevent the partial routing of the signal "m_axi_rdata[41]". Without this partial route, timing analysis to/from this port will not be accurate, and no routing information for this port can be exported.
WARNING: [Route 35-198] Port "m_axi_rdata[48]" does not have an associated HD.PARTPIN_LOCS, which will prevent the partial routing of the signal "m_axi_rdata[48]". Without this partial route, timing analysis to/from this port will not be accurate, and no routing information for this port can be exported.
WARNING: [Route 35-198] Port "m_axi_rdata[49]" does not have an associated HD.PARTPIN_LOCS, which will prevent the partial routing of the signal "m_axi_rdata[49]". Without this partial route, timing analysis to/from this port will not be accurate, and no routing information for this port can be exported.
WARNING: [Route 35-198] Port "m_axi_rdata[56]" does not have an associated HD.PARTPIN_LOCS, which will prevent the partial routing of the signal "m_axi_rdata[56]". Without this partial route, timing analysis to/from this port will not be accurate, and no routing information for this port can be exported.
WARNING: [Route 35-198] Port "m_axi_rdata[57]" does not have an associated HD.PARTPIN_LOCS, which will prevent the partial routing of the signal "m_axi_rdata[57]". Without this partial route, timing analysis to/from this port will not be accurate, and no routing information for this port can be exported.
WARNING: [Route 35-198] Port "m_axi_rdata[16]" does not have an associated HD.PARTPIN_LOCS, which will prevent the partial routing of the signal "m_axi_rdata[16]". Without this partial route, timing analysis to/from this port will not be accurate, and no routing information for this port can be exported.
WARNING: [Route 35-198] Port "m_axi_rdata[17]" does not have an associated HD.PARTPIN_LOCS, which will prevent the partial routing of the signal "m_axi_rdata[17]". Without this partial route, timing analysis to/from this port will not be accurate, and no routing information for this port can be exported.
WARNING: [Route 35-198] Port "m_axi_rdata[24]" does not have an associated HD.PARTPIN_LOCS, which will prevent the partial routing of the signal "m_axi_rdata[24]". Without this partial route, timing analysis to/from this port will not be accurate, and no routing information for this port can be exported.
WARNING: [Route 35-198] Port "m_axi_rdata[25]" does not have an associated HD.PARTPIN_LOCS, which will prevent the partial routing of the signal "m_axi_rdata[25]". Without this partial route, timing analysis to/from this port will not be accurate, and no routing information for this port can be exported.
WARNING: [Route 35-198] Port "m_axi_rdata[4]" does not have an associated HD.PARTPIN_LOCS, which will prevent the partial routing of the signal "m_axi_rdata[4]". Without this partial route, timing analysis to/from this port will not be accurate, and no routing information for this port can be exported.
WARNING: [Route 35-198] Port "m_axi_rdata[5]" does not have an associated HD.PARTPIN_LOCS, which will prevent the partial routing of the signal "m_axi_rdata[5]". Without this partial route, timing analysis to/from this port will not be accurate, and no routing information for this port can be exported.
WARNING: [Route 35-198] Port "m_axi_rdata[6]" does not have an associated HD.PARTPIN_LOCS, which will prevent the partial routing of the signal "m_axi_rdata[6]". Without this partial route, timing analysis to/from this port will not be accurate, and no routing information for this port can be exported.
WARNING: [Route 35-198] Port "m_axi_rdata[7]" does not have an associated HD.PARTPIN_LOCS, which will prevent the partial routing of the signal "m_axi_rdata[7]". Without this partial route, timing analysis to/from this port will not be accurate, and no routing information for this port can be exported.
WARNING: [Route 35-198] Port "m_axi_rdata[12]" does not have an associated HD.PARTPIN_LOCS, which will prevent the partial routing of the signal "m_axi_rdata[12]". Without this partial route, timing analysis to/from this port will not be accurate, and no routing information for this port can be exported.
WARNING: [Route 35-198] Port "m_axi_rdata[13]" does not have an associated HD.PARTPIN_LOCS, which will prevent the partial routing of the signal "m_axi_rdata[13]". Without this partial route, timing analysis to/from this port will not be accurate, and no routing information for this port can be exported.
WARNING: [Route 35-198] Port "m_axi_rdata[20]" does not have an associated HD.PARTPIN_LOCS, which will prevent the partial routing of the signal "m_axi_rdata[20]". Without this partial route, timing analysis to/from this port will not be accurate, and no routing information for this port can be exported.
WARNING: [Route 35-198] Port "m_axi_rdata[21]" does not have an associated HD.PARTPIN_LOCS, which will prevent the partial routing of the signal "m_axi_rdata[21]". Without this partial route, timing analysis to/from this port will not be accurate, and no routing information for this port can be exported.
WARNING: [Route 35-198] Port "m_axi_rdata[36]" does not have an associated HD.PARTPIN_LOCS, which will prevent the partial routing of the signal "m_axi_rdata[36]". Without this partial route, timing analysis to/from this port will not be accurate, and no routing information for this port can be exported.
WARNING: [Route 35-198] Port "m_axi_rdata[37]" does not have an associated HD.PARTPIN_LOCS, which will prevent the partial routing of the signal "m_axi_rdata[37]". Without this partial route, timing analysis to/from this port will not be accurate, and no routing information for this port can be exported.
WARNING: [Route 35-198] Port "m_axi_rdata[44]" does not have an associated HD.PARTPIN_LOCS, which will prevent the partial routing of the signal "m_axi_rdata[44]". Without this partial route, timing analysis to/from this port will not be accurate, and no routing information for this port can be exported.
WARNING: [Route 35-198] Port "m_axi_rdata[45]" does not have an associated HD.PARTPIN_LOCS, which will prevent the partial routing of the signal "m_axi_rdata[45]". Without this partial route, timing analysis to/from this port will not be accurate, and no routing information for this port can be exported.
WARNING: [Route 35-198] Port "m_axi_rdata[52]" does not have an associated HD.PARTPIN_LOCS, which will prevent the partial routing of the signal "m_axi_rdata[52]". Without this partial route, timing analysis to/from this port will not be accurate, and no routing information for this port can be exported.
WARNING: [Route 35-198] Port "m_axi_rdata[53]" does not have an associated HD.PARTPIN_LOCS, which will prevent the partial routing of the signal "m_axi_rdata[53]". Without this partial route, timing analysis to/from this port will not be accurate, and no routing information for this port can be exported.
WARNING: [Route 35-198] Port "m_axi_rdata[60]" does not have an associated HD.PARTPIN_LOCS, which will prevent the partial routing of the signal "m_axi_rdata[60]". Without this partial route, timing analysis to/from this port will not be accurate, and no routing information for this port can be exported.
WARNING: [Route 35-198] Port "m_axi_rdata[61]" does not have an associated HD.PARTPIN_LOCS, which will prevent the partial routing of the signal "m_axi_rdata[61]". Without this partial route, timing analysis to/from this port will not be accurate, and no routing information for this port can be exported.
WARNING: [Route 35-198] Port "m_axi_rdata[28]" does not have an associated HD.PARTPIN_LOCS, which will prevent the partial routing of the signal "m_axi_rdata[28]". Without this partial route, timing analysis to/from this port will not be accurate, and no routing information for this port can be exported.
WARNING: [Route 35-198] Port "m_axi_rdata[29]" does not have an associated HD.PARTPIN_LOCS, which will prevent the partial routing of the signal "m_axi_rdata[29]". Without this partial route, timing analysis to/from this port will not be accurate, and no routing information for this port can be exported.
WARNING: [Route 35-198] Port "m_axi_rdata[26]" does not have an associated HD.PARTPIN_LOCS, which will prevent the partial routing of the signal "m_axi_rdata[26]". Without this partial route, timing analysis to/from this port will not be accurate, and no routing information for this port can be exported.
WARNING: [Route 35-198] Port "m_axi_rdata[27]" does not have an associated HD.PARTPIN_LOCS, which will prevent the partial routing of the signal "m_axi_rdata[27]". Without this partial route, timing analysis to/from this port will not be accurate, and no routing information for this port can be exported.
WARNING: [Route 35-198] Port "m_axi_rdata[34]" does not have an associated HD.PARTPIN_LOCS, which will prevent the partial routing of the signal "m_axi_rdata[34]". Without this partial route, timing analysis to/from this port will not be accurate, and no routing information for this port can be exported.
WARNING: [Route 35-198] Port "m_axi_rdata[35]" does not have an associated HD.PARTPIN_LOCS, which will prevent the partial routing of the signal "m_axi_rdata[35]". Without this partial route, timing analysis to/from this port will not be accurate, and no routing information for this port can be exported.
WARNING: [Route 35-198] Port "m_axi_rdata[2]" does not have an associated HD.PARTPIN_LOCS, which will prevent the partial routing of the signal "m_axi_rdata[2]". Without this partial route, timing analysis to/from this port will not be accurate, and no routing information for this port can be exported.
WARNING: [Route 35-198] Port "m_axi_rdata[3]" does not have an associated HD.PARTPIN_LOCS, which will prevent the partial routing of the signal "m_axi_rdata[3]". Without this partial route, timing analysis to/from this port will not be accurate, and no routing information for this port can be exported.
WARNING: [Route 35-198] Port "m_axi_rdata[10]" does not have an associated HD.PARTPIN_LOCS, which will prevent the partial routing of the signal "m_axi_rdata[10]". Without this partial route, timing analysis to/from this port will not be accurate, and no routing information for this port can be exported.
WARNING: [Route 35-198] Port "m_axi_rdata[11]" does not have an associated HD.PARTPIN_LOCS, which will prevent the partial routing of the signal "m_axi_rdata[11]". Without this partial route, timing analysis to/from this port will not be accurate, and no routing information for this port can be exported.
WARNING: [Route 35-198] Port "m_axi_rdata[18]" does not have an associated HD.PARTPIN_LOCS, which will prevent the partial routing of the signal "m_axi_rdata[18]". Without this partial route, timing analysis to/from this port will not be accurate, and no routing information for this port can be exported.
WARNING: [Route 35-198] Port "m_axi_rdata[19]" does not have an associated HD.PARTPIN_LOCS, which will prevent the partial routing of the signal "m_axi_rdata[19]". Without this partial route, timing analysis to/from this port will not be accurate, and no routing information for this port can be exported.
WARNING: [Route 35-198] Port "m_axi_rdata[30]" does not have an associated HD.PARTPIN_LOCS, which will prevent the partial routing of the signal "m_axi_rdata[30]". Without this partial route, timing analysis to/from this port will not be accurate, and no routing information for this port can be exported.
WARNING: [Route 35-198] Port "m_axi_rdata[31]" does not have an associated HD.PARTPIN_LOCS, which will prevent the partial routing of the signal "m_axi_rdata[31]". Without this partial route, timing analysis to/from this port will not be accurate, and no routing information for this port can be exported.
WARNING: [Route 35-198] Port "m_axi_rdata[42]" does not have an associated HD.PARTPIN_LOCS, which will prevent the partial routing of the signal "m_axi_rdata[42]". Without this partial route, timing analysis to/from this port will not be accurate, and no routing information for this port can be exported.
WARNING: [Route 35-198] Port "m_axi_rdata[43]" does not have an associated HD.PARTPIN_LOCS, which will prevent the partial routing of the signal "m_axi_rdata[43]". Without this partial route, timing analysis to/from this port will not be accurate, and no routing information for this port can be exported.
WARNING: [Route 35-198] Port "m_axi_rdata[50]" does not have an associated HD.PARTPIN_LOCS, which will prevent the partial routing of the signal "m_axi_rdata[50]". Without this partial route, timing analysis to/from this port will not be accurate, and no routing information for this port can be exported.
WARNING: [Route 35-198] Port "m_axi_rdata[51]" does not have an associated HD.PARTPIN_LOCS, which will prevent the partial routing of the signal "m_axi_rdata[51]". Without this partial route, timing analysis to/from this port will not be accurate, and no routing information for this port can be exported.
WARNING: [Route 35-198] Port "m_axi_rdata[58]" does not have an associated HD.PARTPIN_LOCS, which will prevent the partial routing of the signal "m_axi_rdata[58]". Without this partial route, timing analysis to/from this port will not be accurate, and no routing information for this port can be exported.
WARNING: [Route 35-198] Port "m_axi_rdata[59]" does not have an associated HD.PARTPIN_LOCS, which will prevent the partial routing of the signal "m_axi_rdata[59]". Without this partial route, timing analysis to/from this port will not be accurate, and no routing information for this port can be exported.
WARNING: [Route 35-198] Port "m_axi_rdata[0]" does not have an associated HD.PARTPIN_LOCS, which will prevent the partial routing of the signal "m_axi_rdata[0]". Without this partial route, timing analysis to/from this port will not be accurate, and no routing information for this port can be exported.
WARNING: [Route 35-198] Port "m_axi_rdata[1]" does not have an associated HD.PARTPIN_LOCS, which will prevent the partial routing of the signal "m_axi_rdata[1]". Without this partial route, timing analysis to/from this port will not be accurate, and no routing information for this port can be exported.
INFO: [Common 17-14] Message 'Route 35-198' appears 100 times and further instances of the messages will be disabled. Use the Tcl command set_msg_config to change the current settings.
WARNING: [Constraints 18-8777] Unable to split tiles. All required files are not available.
Post Restoration Checksum: NetGraph: fd31202d | NumContArr: ce8864fa | Constraints: c2a8fa9d | Timing: c2a8fa9d
Phase 1 Build RT Design | Checksum: 3510b7a61

Time (s): cpu = 00:00:21 ; elapsed = 00:00:16 . Memory (MB): peak = 2280.957 ; gain = 0.000

Phase 2 Router Initialization

Phase 2.1 Fix Topology Constraints
Phase 2.1 Fix Topology Constraints | Checksum: 3510b7a61

Time (s): cpu = 00:00:21 ; elapsed = 00:00:16 . Memory (MB): peak = 2280.957 ; gain = 0.000

Phase 2.2 Pre Route Cleanup
Phase 2.2 Pre Route Cleanup | Checksum: 3510b7a61

Time (s): cpu = 00:00:21 ; elapsed = 00:00:16 . Memory (MB): peak = 2280.957 ; gain = 0.000
 Number of Nodes with overlaps = 0

Phase 2.3 Update Timing
Phase 2.3 Update Timing | Checksum: 1e2fbce2f

Time (s): cpu = 00:00:28 ; elapsed = 00:00:20 . Memory (MB): peak = 2291.352 ; gain = 10.395
INFO: [Route 35-416] Intermediate Timing Summary | WNS=-1.537 | TNS=-888.158| WHS=0.090  | THS=0.000  |


Phase 2.4 Soft Constraint Pins - Fast Budgeting
Phase 2.4 Soft Constraint Pins - Fast Budgeting | Checksum: 1c01b27fb

Time (s): cpu = 00:00:31 ; elapsed = 00:00:22 . Memory (MB): peak = 2508.137 ; gain = 227.180

Router Utilization Summary
  Global Vertical Routing Utilization    = 0 %
  Global Horizontal Routing Utilization  = 0 %
  Routable Net Status*
  *Does not include unroutable nets such as driverless and loadless.
  Run report_route_status for detailed report.
  Number of Failed Nets               = 40763
    (Failed Nets is the sum of unrouted and partially routed nets)
  Number of Unrouted Nets             = 40763
  Number of Partially Routed Nets     = 0
  Number of Node Overlaps             = 0

Phase 2 Router Initialization | Checksum: 1c01b27fb

Time (s): cpu = 00:00:32 ; elapsed = 00:00:22 . Memory (MB): peak = 2508.137 ; gain = 227.180

Phase 3 Global Routing
Phase 3 Global Routing | Checksum: 1c01b27fb

Time (s): cpu = 00:00:32 ; elapsed = 00:00:22 . Memory (MB): peak = 2508.137 ; gain = 227.180

Phase 4 Initial Routing

Phase 4.1 Initial Net Routing Pass
Phase 4.1 Initial Net Routing Pass | Checksum: 251a2c9cb

Time (s): cpu = 00:00:39 ; elapsed = 00:00:26 . Memory (MB): peak = 2508.137 ; gain = 227.180
Phase 4 Initial Routing | Checksum: 251a2c9cb

Time (s): cpu = 00:00:39 ; elapsed = 00:00:26 . Memory (MB): peak = 2508.137 ; gain = 227.180

Phase 5 Rip-up And Reroute

Phase 5.1 Global Iteration 0
 Number of Nodes with overlaps = 4320
 Number of Nodes with overlaps = 842
 Number of Nodes with overlaps = 159
 Number of Nodes with overlaps = 62
 Number of Nodes with overlaps = 22
 Number of Nodes with overlaps = 7
 Number of Nodes with overlaps = 2
 Number of Nodes with overlaps = 1
 Number of Nodes with overlaps = 0
INFO: [Route 35-416] Intermediate Timing Summary | WNS=-1.967 | TNS=-1894.063| WHS=N/A    | THS=N/A    |

Phase 5.1 Global Iteration 0 | Checksum: 2ce2c12ed

Time (s): cpu = 00:01:18 ; elapsed = 00:00:56 . Memory (MB): peak = 2508.137 ; gain = 227.180

Phase 5.2 Global Iteration 1
 Number of Nodes with overlaps = 337
 Number of Nodes with overlaps = 168
 Number of Nodes with overlaps = 56
 Number of Nodes with overlaps = 14
 Number of Nodes with overlaps = 10
 Number of Nodes with overlaps = 5
 Number of Nodes with overlaps = 2
 Number of Nodes with overlaps = 3
 Number of Nodes with overlaps = 3
 Number of Nodes with overlaps = 2
 Number of Nodes with overlaps = 1
 Number of Nodes with overlaps = 0
INFO: [Route 35-416] Intermediate Timing Summary | WNS=-1.938 | TNS=-1749.640| WHS=N/A    | THS=N/A    |

Phase 5.2 Global Iteration 1 | Checksum: 2acc5acb2

Time (s): cpu = 00:01:26 ; elapsed = 00:01:03 . Memory (MB): peak = 2508.137 ; gain = 227.180

Phase 5.3 Global Iteration 2
 Number of Nodes with overlaps = 225
 Number of Nodes with overlaps = 115
 Number of Nodes with overlaps = 38
 Number of Nodes with overlaps = 15
 Number of Nodes with overlaps = 8
 Number of Nodes with overlaps = 4
 Number of Nodes with overlaps = 2
 Number of Nodes with overlaps = 0
INFO: [Route 35-416] Intermediate Timing Summary | WNS=-1.734 | TNS=-1702.238| WHS=N/A    | THS=N/A    |

Phase 5.3 Global Iteration 2 | Checksum: 24262e018

Time (s): cpu = 00:01:32 ; elapsed = 00:01:08 . Memory (MB): peak = 2508.137 ; gain = 227.180
Phase 5 Rip-up And Reroute | Checksum: 24262e018

Time (s): cpu = 00:01:32 ; elapsed = 00:01:08 . Memory (MB): peak = 2508.137 ; gain = 227.180

Phase 6 Delay and Skew Optimization

Phase 6.1 Delay CleanUp

Phase 6.1.1 Update Timing
Phase 6.1.1 Update Timing | Checksum: 24262e018

Time (s): cpu = 00:01:33 ; elapsed = 00:01:08 . Memory (MB): peak = 2508.137 ; gain = 227.180
INFO: [Route 35-416] Intermediate Timing Summary | WNS=-1.734 | TNS=-1702.238| WHS=N/A    | THS=N/A    |

 Number of Nodes with overlaps = 0
Phase 6.1 Delay CleanUp | Checksum: 3023a95f8

Time (s): cpu = 00:01:35 ; elapsed = 00:01:09 . Memory (MB): peak = 2508.137 ; gain = 227.180

Phase 6.2 Clock Skew Optimization
Phase 6.2 Clock Skew Optimization | Checksum: 3023a95f8

Time (s): cpu = 00:01:35 ; elapsed = 00:01:09 . Memory (MB): peak = 2508.137 ; gain = 227.180
Phase 6 Delay and Skew Optimization | Checksum: 3023a95f8

Time (s): cpu = 00:01:35 ; elapsed = 00:01:09 . Memory (MB): peak = 2508.137 ; gain = 227.180

Phase 7 Post Hold Fix

Phase 7.1 Hold Fix Iter
INFO: [Route 35-416] Intermediate Timing Summary | WNS=-1.734 | TNS=-1667.601| WHS=0.116  | THS=0.000  |

Phase 7.1 Hold Fix Iter | Checksum: 2fae90ef2

Time (s): cpu = 00:01:36 ; elapsed = 00:01:10 . Memory (MB): peak = 2508.137 ; gain = 227.180
Phase 7 Post Hold Fix | Checksum: 2fae90ef2

Time (s): cpu = 00:01:36 ; elapsed = 00:01:10 . Memory (MB): peak = 2508.137 ; gain = 227.180

Phase 8 Route finalize

Router Utilization Summary
  Global Vertical Routing Utilization    = 16.1909 %
  Global Horizontal Routing Utilization  = 20.8907 %
  Routable Net Status*
  *Does not include unroutable nets such as driverless and loadless.
  Run report_route_status for detailed report.
  Number of Failed Nets               = 0
    (Failed Nets is the sum of unrouted and partially routed nets)
  Number of Unrouted Nets             = 0
  Number of Partially Routed Nets     = 0
  Number of Node Overlaps             = 0


--GLOBAL Congestion:
Utilization threshold used for congestion level computation: 0.85
Congestion Report
North Dir 1x1 Area, Max Cong = 88.2883%, Congestion bounded by tiles (Lower Left Tile -> Upper Right Tile):
   INT_R_X19Y52 -> INT_R_X19Y52
   INT_R_X19Y51 -> INT_R_X19Y51
   INT_R_X41Y41 -> INT_R_X41Y41
South Dir 2x2 Area, Max Cong = 88.7387%, Congestion bounded by tiles (Lower Left Tile -> Upper Right Tile):
   INT_L_X18Y46 -> INT_R_X19Y47
   INT_L_X18Y42 -> INT_R_X19Y43
East Dir 4x4 Area, Max Cong = 85.6618%, Congestion bounded by tiles (Lower Left Tile -> Upper Right Tile):
   INT_L_X12Y46 -> INT_R_X15Y49
   INT_L_X16Y42 -> INT_R_X19Y45
West Dir 2x2 Area, Max Cong = 85.2941%, Congestion bounded by tiles (Lower Left Tile -> Upper Right Tile):
   INT_L_X18Y46 -> INT_R_X19Y47

------------------------------
Reporting congestion hotspots
------------------------------
Direction: North
----------------
Congested clusters found at Level 0
Effective congestion level: 1 Aspect Ratio: 0.5 Sparse Ratio: 0.5
Direction: South
----------------
Congested clusters found at Level 1
Effective congestion level: 2 Aspect Ratio: 0.25 Sparse Ratio: 1
Direction: East
----------------
Congested clusters found at Level 2
Effective congestion level: 3 Aspect Ratio: 1 Sparse Ratio: 1
Direction: West
----------------
Congested clusters found at Level 0
Effective congestion level: 2 Aspect Ratio: 1 Sparse Ratio: 0.9375

Phase 8 Route finalize | Checksum: 2fae90ef2

Time (s): cpu = 00:01:36 ; elapsed = 00:01:10 . Memory (MB): peak = 2508.137 ; gain = 227.180

Phase 9 Verifying routed nets

 Verification completed successfully
Phase 9 Verifying routed nets | Checksum: 2fae90ef2

Time (s): cpu = 00:01:36 ; elapsed = 00:01:10 . Memory (MB): peak = 2508.137 ; gain = 227.180

Phase 10 Depositing Routes
Phase 10 Depositing Routes | Checksum: 313b282a9

Time (s): cpu = 00:01:39 ; elapsed = 00:01:13 . Memory (MB): peak = 2508.137 ; gain = 227.180

Phase 11 Post Process Routing
Phase 11 Post Process Routing | Checksum: 313b282a9

Time (s): cpu = 00:01:39 ; elapsed = 00:01:13 . Memory (MB): peak = 2508.137 ; gain = 227.180

Phase 12 Post Router Timing
INFO: [Route 35-57] Estimated Timing Summary | WNS=-1.734 | TNS=-1667.601| WHS=0.116  | THS=0.000  |

WARNING: [Route 35-328] Router estimated timing not met.
Resolution: For a complete and accurate timing signoff, report_timing_summary must be run after route_design. Alternatively, route_design can be run with the -timing_summary option to enable a complete timing signoff at the end of route_design.
Phase 12 Post Router Timing | Checksum: 313b282a9

Time (s): cpu = 00:01:39 ; elapsed = 00:01:13 . Memory (MB): peak = 2508.137 ; gain = 227.180
Total Elapsed time in route_design: 73.023 secs

Phase 13 Post-Route Event Processing
Phase 13 Post-Route Event Processing | Checksum: 1667f09dc

Time (s): cpu = 00:01:39 ; elapsed = 00:01:13 . Memory (MB): peak = 2508.137 ; gain = 227.180
INFO: [Route 35-16] Router Completed Successfully
Ending Routing Task | Checksum: 1667f09dc

Time (s): cpu = 00:01:40 ; elapsed = 00:01:13 . Memory (MB): peak = 2508.137 ; gain = 227.180

Routing Is Done.
INFO: [Common 17-83] Releasing license: Implementation
15 Infos, 104 Warnings, 0 Critical Warnings and 0 Errors encountered.
route_design completed successfully
route_design: Time (s): cpu = 00:01:41 ; elapsed = 00:01:14 . Memory (MB): peak = 2508.137 ; gain = 227.180
# report_utilization    -file $OUT/ooc_v16_utilization.rpt
# report_timing_summary -file $OUT/ooc_v16_timing.rpt
INFO: [Timing 38-91] UpdateTimingParams: Speed grade: -1, Delay Type: min_max.
INFO: [Timing 38-191] Multithreading enabled for timing update using a maximum of 2 CPUs
WARNING: [Timing 38-242] The property HD.CLK_SRC of clock port "clk_i" is not set. In out-of-context mode, this prevents timing estimation for clock delay/skew
Resolution: Set the HD.CLK_SRC property of the out-of-context port to the location of the clock buffer instance in the top-level design
report_timing_summary: Time (s): cpu = 00:00:09 ; elapsed = 00:00:05 . Memory (MB): peak = 2508.137 ; gain = 0.000
# report_drc            -file $OUT/ooc_v16_drc.rpt
Command: report_drc -file E:/competition/2_fpga/3_yolo_zynq/proj/ooc_gate/ooc_v16_drc.rpt
INFO: [IP_Flow 19-1839] IP Catalog is up to date.
INFO: [DRC 23-27] Running DRC with 2 threads
WARNING: [DRC 23-814] Not all possible (connectivity based) DRCs may have been run because this design is seen as Out of Context.
INFO: [Vivado_Tcl 2-168] The results of DRC are in file E:/competition/2_fpga/3_yolo_zynq/proj/ooc_gate/ooc_v16_drc.rpt.
report_drc completed successfully
# report_route_status   -file $OUT/ooc_v16_route_status.rpt
# write_checkpoint      -force $OUT/ooc_v16_routed.dcp
INFO: [Timing 38-480] Writing timing data to binary archive.
Wrote PlaceDB: Time (s): cpu = 00:00:00 ; elapsed = 00:00:00 . Memory (MB): peak = 2508.137 ; gain = 0.000
Wrote PulsedLatchDB: Time (s): cpu = 00:00:00 ; elapsed = 00:00:00 . Memory (MB): peak = 2508.137 ; gain = 0.000
Writing XDEF routing.
Writing XDEF routing logical nets.
Write ShapeDB Complete: Time (s): cpu = 00:00:00 ; elapsed = 00:00:00.052 . Memory (MB): peak = 2508.137 ; gain = 0.000
Writing XDEF routing special nets.
Wrote RouteStorage: Time (s): cpu = 00:00:01 ; elapsed = 00:00:00.240 . Memory (MB): peak = 2508.137 ; gain = 0.000
Wrote PlaceStorage: Time (s): cpu = 00:00:01 ; elapsed = 00:00:00.893 . Memory (MB): peak = 2508.137 ; gain = 0.000
Wrote Netlist Cache: Time (s): cpu = 00:00:01 ; elapsed = 00:00:00.042 . Memory (MB): peak = 2508.137 ; gain = 0.000
Wrote Device Cache: Time (s): cpu = 00:00:00 ; elapsed = 00:00:00.007 . Memory (MB): peak = 2508.137 ; gain = 0.000
Write Physdb Complete: Time (s): cpu = 00:00:03 ; elapsed = 00:00:01 . Memory (MB): peak = 2508.137 ; gain = 0.000
INFO: [Common 17-1381] The checkpoint 'E:/competition/2_fpga/3_yolo_zynq/proj/ooc_gate/ooc_v16_routed.dcp' has been generated.
# set ndsp   [llength [get_cells -hier -filter {REF_NAME =~ DSP48E1}]]
# set nbram36 [llength [get_cells -hier -filter {REF_NAME =~ RAMB36E1}]]
WARNING: [Vivado 12-180] No cells matched 'get_cells -hier -filter {REF_NAME =~ RAMB18E1}'.
# set nbram18 [llength [get_cells -hier -filter {REF_NAME =~ RAMB18E1}]]
# puts "OOC_V16_RES dsp48e1=$ndsp ramb36=$nbram36 ramb18=$nbram18"
OOC_V16_RES dsp48e1=142 ramb36=20 ramb18=0
# report_timing -max_paths 10 -path_type summary \
#     -file $OUT/ooc_v16_top10.rpt
INFO: [Timing 38-91] UpdateTimingParams: Speed grade: -1, Delay Type: max.
INFO: [Timing 38-191] Multithreading enabled for timing update using a maximum of 2 CPUs
INFO: [Timing 38-78] ReportTimingParams: -max_paths 10 -nworst 1 -delay_type max -sort_by slack.
# set wns [get_property SLACK [get_timing_paths -delay_type max -max_paths 1]]
# set whs [get_property SLACK [get_timing_paths -delay_type min -max_paths 1]]
# set fmax [expr {1000.0 / (6.667 - $wns)}]
# if {$wns >= 0} {
#     puts "GEMM16_OOC_TIMING_PASS wns_ns=$wns whs_ns=$whs fmax_mhz=$fmax target_mhz=150.0"
# } else {
#     puts "GEMM16_OOC_TIMING_FAIL wns_ns=$wns whs_ns=$whs fmax_mhz=$fmax target_mhz=150.0"
# }
GEMM16_OOC_TIMING_FAIL wns_ns=-1.732 whs_ns=0.117 fmax_mhz=119.06179307060366 target_mhz=150.0
INFO: [Common 17-206] Exiting Vivado at Wed Sep 16 23:24:41 2026...
