
****** Vivado v2025.2 (64-bit)
  **** SW Build 6299465 on Fri Nov 14 19:35:11 GMT 2025
  **** IP Build 6300035 on Fri Nov 14 10:48:45 MST 2025
  **** SharedData Build 6298862 on Thu Nov 13 04:50:51 MST 2025
  **** Start of session at: Wed Sep 16 14:40:32 2026
    ** Copyright 1986-2022 Xilinx, Inc. All Rights Reserved.
    ** Copyright 2022-2025 Advanced Micro Devices, Inc. All Rights Reserved.

source ooc_run02.tcl -notrace
INFO: [IP_Flow 19-234] Refreshing IP repositories
INFO: [IP_Flow 19-1704] No user IP repositories specified
INFO: [IP_Flow 19-2313] Loaded Vivado IP repository 'F:/vivado2025/2025.2/Vivado/data/ip'.
WARNING: [Vivado 12-13650] The IP file 'E:/competition/2_fpga/3_yolo_zynq/ip/yolo_xbuf_bmg/yolo_xbuf_bmg.xci' has been moved from its original location, as a result the outputs for this IP will now be generated in 'e:/competition/2_fpga/3_yolo_zynq/ip/yolo_xbuf_bmg'. Alternatively a copy of the IP can be imported into the project using one of the 'import_ip' or 'import_files' commands.
Command: synth_design -top yolo_engine_top -part xc7z020clg484-1 -mode out_of_context
Starting synth_design
WARNING: [IP_Flow 19-2162] IP 'yolo_xbuf_bmg' is locked:
* Current project part 'xc7vx485tffg1157-1' and the part 'xc7z020clg484-1' used to customize the IP 'yolo_xbuf_bmg' do not match.
Attempting to get a license for feature 'Synthesis' and/or device 'xc7z020'
INFO: [Common 17-349] Got license for feature 'Synthesis' and/or device 'xc7z020'
INFO: [Device 21-403] Loading part xc7z020clg484-1
INFO: [Synth 8-7079] Multithreading enabled for synth_design using a maximum of 2 processes.
INFO: [Synth 8-7078] Launching helper process for spawning children vivado processes
INFO: [Synth 8-7075] Helper process launched with PID 40292
---------------------------------------------------------------------------------
Starting RTL Elaboration : Time (s): cpu = 00:00:04 ; elapsed = 00:00:04 . Memory (MB): peak = 1349.215 ; gain = 541.535
---------------------------------------------------------------------------------
INFO: [Synth 8-6157] synthesizing module 'yolo_engine_top' [E:/competition/2_fpga/3_yolo_zynq/rtl/yolo_engine_top.v:32]
INFO: [Synth 8-6157] synthesizing module 'yolo_csr' [E:/competition/2_fpga/3_yolo_zynq/rtl/yolo_csr.v:69]
	Parameter C_BASEADDR bound to: 1136721920 - type: integer 
	Parameter OC_AW bound to: 11 - type: integer 
	Parameter N_AW bound to: 16 - type: integer 
	Parameter K_AW bound to: 12 - type: integer 
INFO: [Synth 8-6155] done synthesizing module 'yolo_csr' (0#1) [E:/competition/2_fpga/3_yolo_zynq/rtl/yolo_csr.v:69]
INFO: [Synth 8-6157] synthesizing module 'yolo_gemm_array' [E:/competition/2_fpga/3_yolo_zynq/rtl/yolo_gemm_array.v:114]
	Parameter OC_EDGE bound to: 16 - type: integer 
	Parameter N_EDGE bound to: 16 - type: integer 
	Parameter K_MAX bound to: 2304 - type: integer 
	Parameter AW bound to: 12 - type: integer 
	Parameter ROW_AW bound to: 4 - type: integer 
	Parameter COL_AW bound to: 4 - type: integer 
	Parameter ADDR_W bound to: 32 - type: integer 
	Parameter LEN_W bound to: 24 - type: integer 
	Parameter OC_AW bound to: 11 - type: integer 
	Parameter N_AW bound to: 16 - type: integer 
	Parameter K_AW bound to: 12 - type: integer 
	Parameter TILE_AW bound to: 12 - type: integer 
	Parameter MAX_BURST bound to: 16 - type: integer 
INFO: [Synth 8-6157] synthesizing module 'yolo_pe_pack' [E:/competition/2_fpga/3_yolo_zynq/rtl/yolo_pe_pack.v:78]
INFO: [Synth 8-6157] synthesizing module 'DSP48E1' [F:/vivado2025/2025.2/Vivado/scripts/rt/data/unisim_comp.v:48135]
	Parameter ACASCREG bound to: 0 - type: integer 
	Parameter ADREG bound to: 0 - type: integer 
	Parameter AREG bound to: 0 - type: integer 
	Parameter A_INPUT bound to: DIRECT - type: string 
	Parameter BCASCREG bound to: 0 - type: integer 
	Parameter BREG bound to: 0 - type: integer 
	Parameter B_INPUT bound to: DIRECT - type: string 
	Parameter CREG bound to: 0 - type: integer 
	Parameter DREG bound to: 0 - type: integer 
	Parameter MREG bound to: 0 - type: integer 
	Parameter PREG bound to: 0 - type: integer 
	Parameter USE_DPORT bound to: FALSE - type: string 
	Parameter USE_MULT bound to: MULTIPLY - type: string 
	Parameter USE_PATTERN_DETECT bound to: NO_PATDET - type: string 
	Parameter USE_SIMD bound to: ONE48 - type: string 
INFO: [Synth 8-6155] done synthesizing module 'DSP48E1' (0#1) [F:/vivado2025/2025.2/Vivado/scripts/rt/data/unisim_comp.v:48135]
INFO: [Synth 8-6155] done synthesizing module 'yolo_pe_pack' (0#1) [E:/competition/2_fpga/3_yolo_zynq/rtl/yolo_pe_pack.v:78]
INFO: [Synth 8-6157] synthesizing module 'yolo_ctrl' [E:/competition/2_fpga/3_yolo_zynq/rtl/yolo_ctrl.v:52]
	Parameter OC_EDGE bound to: 16 - type: integer 
	Parameter N_EDGE bound to: 16 - type: integer 
	Parameter OC_AW bound to: 11 - type: integer 
	Parameter N_AW bound to: 16 - type: integer 
	Parameter K_AW bound to: 12 - type: integer 
	Parameter TILE_AW bound to: 12 - type: integer 
INFO: [Synth 8-6155] done synthesizing module 'yolo_ctrl' (0#1) [E:/competition/2_fpga/3_yolo_zynq/rtl/yolo_ctrl.v:52]
INFO: [Synth 8-6157] synthesizing module 'yolo_dma' [E:/competition/2_fpga/3_yolo_zynq/rtl/yolo_dma.v:37]
	Parameter ADDR_W bound to: 32 - type: integer 
	Parameter LEN_W bound to: 24 - type: integer 
	Parameter MAX_BURST bound to: 16 - type: integer 
INFO: [Synth 8-6155] done synthesizing module 'yolo_dma' (0#1) [E:/competition/2_fpga/3_yolo_zynq/rtl/yolo_dma.v:37]
INFO: [Synth 8-6157] synthesizing module 'yolo_addrgen' [E:/competition/2_fpga/3_yolo_zynq/rtl/yolo_addrgen.v:31]
	Parameter AW bound to: 32 - type: integer 
INFO: [Synth 8-6155] done synthesizing module 'yolo_addrgen' (0#1) [E:/competition/2_fpga/3_yolo_zynq/rtl/yolo_addrgen.v:31]
INFO: [Synth 8-6157] synthesizing module 'yolo_wbuf' [E:/competition/2_fpga/3_yolo_zynq/rtl/yolo_wbuf.v:33]
	Parameter N_ROWS bound to: 16 - type: integer 
	Parameter K_MAX bound to: 2304 - type: integer 
	Parameter AW bound to: 12 - type: integer 
	Parameter ROW_AW bound to: 4 - type: integer 
INFO: [Synth 8-6155] done synthesizing module 'yolo_wbuf' (0#1) [E:/competition/2_fpga/3_yolo_zynq/rtl/yolo_wbuf.v:33]
INFO: [Synth 8-6157] synthesizing module 'yolo_xbuf' [E:/competition/2_fpga/3_yolo_zynq/rtl/yolo_xbuf.v:74]
	Parameter N_COLS bound to: 16 - type: integer 
	Parameter K_MAX bound to: 2304 - type: integer 
	Parameter AW bound to: 12 - type: integer 
	Parameter COL_AW bound to: 4 - type: integer 
INFO: [Synth 8-6157] synthesizing module 'yolo_xbuf_bmg' [E:/competition/2_fpga/3_yolo_zynq/proj/ooc_gate/.Xil/Vivado-44352-HC-202510241838/realtime/yolo_xbuf_bmg_stub.v:6]
INFO: [Synth 8-6155] done synthesizing module 'yolo_xbuf_bmg' (0#1) [E:/competition/2_fpga/3_yolo_zynq/proj/ooc_gate/.Xil/Vivado-44352-HC-202510241838/realtime/yolo_xbuf_bmg_stub.v:6]
INFO: [Synth 8-6155] done synthesizing module 'yolo_xbuf' (0#1) [E:/competition/2_fpga/3_yolo_zynq/rtl/yolo_xbuf.v:74]
INFO: [Synth 8-6157] synthesizing module 'yolo_acc' [E:/competition/2_fpga/3_yolo_zynq/rtl/yolo_acc.v:30]
	Parameter N_LANES bound to: 256 - type: integer 
	Parameter DATA_W bound to: 32 - type: integer 
INFO: [Synth 8-6155] done synthesizing module 'yolo_acc' (0#1) [E:/competition/2_fpga/3_yolo_zynq/rtl/yolo_acc.v:30]
INFO: [Synth 8-6157] synthesizing module 'yolo_requant' [E:/competition/2_fpga/3_yolo_zynq/rtl/yolo_requant.v:32]
	Parameter ACC_W bound to: 32 - type: integer 
INFO: [Synth 8-6155] done synthesizing module 'yolo_requant' (0#1) [E:/competition/2_fpga/3_yolo_zynq/rtl/yolo_requant.v:32]
INFO: [Synth 8-6157] synthesizing module 'yolo_silu_lut' [E:/competition/2_fpga/3_yolo_zynq/rtl/yolo_silu_lut.v:30]
	Parameter DW bound to: 8 - type: integer 
	Parameter AW bound to: 8 - type: integer 
INFO: [Synth 8-6155] done synthesizing module 'yolo_silu_lut' (0#1) [E:/competition/2_fpga/3_yolo_zynq/rtl/yolo_silu_lut.v:30]
INFO: [Synth 8-6157] synthesizing module 'yolo_dma_wr' [E:/competition/2_fpga/3_yolo_zynq/rtl/yolo_dma_wr.v:74]
	Parameter ADDR_W bound to: 32 - type: integer 
	Parameter LEN_W bound to: 24 - type: integer 
	Parameter MAX_BURST bound to: 16 - type: integer 
INFO: [Synth 8-6155] done synthesizing module 'yolo_dma_wr' (0#1) [E:/competition/2_fpga/3_yolo_zynq/rtl/yolo_dma_wr.v:74]
INFO: [Synth 8-226] default block is never used [E:/competition/2_fpga/3_yolo_zynq/rtl/yolo_gemm_array.v:1030]
INFO: [Synth 8-6155] done synthesizing module 'yolo_gemm_array' (0#1) [E:/competition/2_fpga/3_yolo_zynq/rtl/yolo_gemm_array.v:114]
INFO: [Synth 8-6155] done synthesizing module 'yolo_engine_top' (0#1) [E:/competition/2_fpga/3_yolo_zynq/rtl/yolo_engine_top.v:32]
WARNING: [Synth 8-6014] Unused sequential element kw_kh_c_reg was removed.  [E:/competition/2_fpga/3_yolo_zynq/rtl/yolo_addrgen.v:131]
WARNING: [Synth 8-6014] Unused sequential element cfg_oc_total_r_reg was removed.  [E:/competition/2_fpga/3_yolo_zynq/rtl/yolo_gemm_array.v:323]
WARNING: [Synth 8-6014] Unused sequential element row_start_d1_r_reg was removed.  [E:/competition/2_fpga/3_yolo_zynq/rtl/yolo_gemm_array.v:859]
WARNING: [Synth 8-6014] Unused sequential element row_start_d2_r_reg was removed.  [E:/competition/2_fpga/3_yolo_zynq/rtl/yolo_gemm_array.v:935]
WARNING: [Synth 8-6014] Unused sequential element row_start_d3_r_reg was removed.  [E:/competition/2_fpga/3_yolo_zynq/rtl/yolo_gemm_array.v:936]
WARNING: [Synth 8-7137] Register seg_buf_r_reg in module yolo_gemm_array has both Set and reset with same priority. This may cause simulation mismatches. Consider rewriting code  [E:/competition/2_fpga/3_yolo_zynq/rtl/yolo_gemm_array.v:988]
WARNING: [Synth 8-6014] Unused sequential element cfg_wbase_r_reg was removed.  [E:/competition/2_fpga/3_yolo_zynq/rtl/yolo_gemm_array.v:332]
WARNING: [Synth 8-6014] Unused sequential element kbyte_cnt_r_reg was removed.  [E:/competition/2_fpga/3_yolo_zynq/rtl/yolo_gemm_array.v:565]
WARNING: [Synth 8-7129] Port bresp_i[1] in module yolo_dma_wr is either unconnected or has no load
WARNING: [Synth 8-7129] Port bresp_i[0] in module yolo_dma_wr is either unconnected or has no load
WARNING: [Synth 8-7129] Port ic_i[15] in module yolo_addrgen is either unconnected or has no load
WARNING: [Synth 8-7129] Port ic_i[14] in module yolo_addrgen is either unconnected or has no load
WARNING: [Synth 8-7129] Port ic_i[13] in module yolo_addrgen is either unconnected or has no load
WARNING: [Synth 8-7129] Port ic_i[12] in module yolo_addrgen is either unconnected or has no load
WARNING: [Synth 8-7129] Port ic_i[11] in module yolo_addrgen is either unconnected or has no load
WARNING: [Synth 8-7129] Port ic_i[10] in module yolo_addrgen is either unconnected or has no load
WARNING: [Synth 8-7129] Port ic_i[9] in module yolo_addrgen is either unconnected or has no load
WARNING: [Synth 8-7129] Port ic_i[8] in module yolo_addrgen is either unconnected or has no load
WARNING: [Synth 8-7129] Port ic_i[7] in module yolo_addrgen is either unconnected or has no load
WARNING: [Synth 8-7129] Port ic_i[6] in module yolo_addrgen is either unconnected or has no load
WARNING: [Synth 8-7129] Port ic_i[5] in module yolo_addrgen is either unconnected or has no load
WARNING: [Synth 8-7129] Port ic_i[4] in module yolo_addrgen is either unconnected or has no load
WARNING: [Synth 8-7129] Port ic_i[3] in module yolo_addrgen is either unconnected or has no load
WARNING: [Synth 8-7129] Port ic_i[2] in module yolo_addrgen is either unconnected or has no load
WARNING: [Synth 8-7129] Port ic_i[1] in module yolo_addrgen is either unconnected or has no load
WARNING: [Synth 8-7129] Port ic_i[0] in module yolo_addrgen is either unconnected or has no load
WARNING: [Synth 8-7129] Port rlast_i in module yolo_dma is either unconnected or has no load
WARNING: [Synth 8-7129] Port dsc_wbase_i[31] in module yolo_gemm_array is either unconnected or has no load
WARNING: [Synth 8-7129] Port dsc_wbase_i[30] in module yolo_gemm_array is either unconnected or has no load
WARNING: [Synth 8-7129] Port dsc_wbase_i[29] in module yolo_gemm_array is either unconnected or has no load
WARNING: [Synth 8-7129] Port dsc_wbase_i[28] in module yolo_gemm_array is either unconnected or has no load
WARNING: [Synth 8-7129] Port dsc_wbase_i[27] in module yolo_gemm_array is either unconnected or has no load
WARNING: [Synth 8-7129] Port dsc_wbase_i[26] in module yolo_gemm_array is either unconnected or has no load
WARNING: [Synth 8-7129] Port dsc_wbase_i[25] in module yolo_gemm_array is either unconnected or has no load
WARNING: [Synth 8-7129] Port dsc_wbase_i[24] in module yolo_gemm_array is either unconnected or has no load
WARNING: [Synth 8-7129] Port dsc_wbase_i[23] in module yolo_gemm_array is either unconnected or has no load
WARNING: [Synth 8-7129] Port dsc_wbase_i[22] in module yolo_gemm_array is either unconnected or has no load
WARNING: [Synth 8-7129] Port dsc_wbase_i[21] in module yolo_gemm_array is either unconnected or has no load
WARNING: [Synth 8-7129] Port dsc_wbase_i[20] in module yolo_gemm_array is either unconnected or has no load
WARNING: [Synth 8-7129] Port dsc_wbase_i[19] in module yolo_gemm_array is either unconnected or has no load
WARNING: [Synth 8-7129] Port dsc_wbase_i[18] in module yolo_gemm_array is either unconnected or has no load
WARNING: [Synth 8-7129] Port dsc_wbase_i[17] in module yolo_gemm_array is either unconnected or has no load
WARNING: [Synth 8-7129] Port dsc_wbase_i[16] in module yolo_gemm_array is either unconnected or has no load
WARNING: [Synth 8-7129] Port dsc_wbase_i[15] in module yolo_gemm_array is either unconnected or has no load
WARNING: [Synth 8-7129] Port dsc_wbase_i[14] in module yolo_gemm_array is either unconnected or has no load
WARNING: [Synth 8-7129] Port dsc_wbase_i[13] in module yolo_gemm_array is either unconnected or has no load
WARNING: [Synth 8-7129] Port dsc_wbase_i[12] in module yolo_gemm_array is either unconnected or has no load
WARNING: [Synth 8-7129] Port dsc_wbase_i[11] in module yolo_gemm_array is either unconnected or has no load
WARNING: [Synth 8-7129] Port dsc_wbase_i[10] in module yolo_gemm_array is either unconnected or has no load
WARNING: [Synth 8-7129] Port dsc_wbase_i[9] in module yolo_gemm_array is either unconnected or has no load
WARNING: [Synth 8-7129] Port dsc_wbase_i[8] in module yolo_gemm_array is either unconnected or has no load
WARNING: [Synth 8-7129] Port dsc_wbase_i[7] in module yolo_gemm_array is either unconnected or has no load
WARNING: [Synth 8-7129] Port dsc_wbase_i[6] in module yolo_gemm_array is either unconnected or has no load
WARNING: [Synth 8-7129] Port dsc_wbase_i[5] in module yolo_gemm_array is either unconnected or has no load
WARNING: [Synth 8-7129] Port dsc_wbase_i[4] in module yolo_gemm_array is either unconnected or has no load
WARNING: [Synth 8-7129] Port dsc_wbase_i[3] in module yolo_gemm_array is either unconnected or has no load
WARNING: [Synth 8-7129] Port dsc_wbase_i[2] in module yolo_gemm_array is either unconnected or has no load
WARNING: [Synth 8-7129] Port dsc_wbase_i[1] in module yolo_gemm_array is either unconnected or has no load
WARNING: [Synth 8-7129] Port dsc_wbase_i[0] in module yolo_gemm_array is either unconnected or has no load
WARNING: [Synth 8-7129] Port s_axi_awaddr[31] in module yolo_csr is either unconnected or has no load
WARNING: [Synth 8-7129] Port s_axi_awaddr[30] in module yolo_csr is either unconnected or has no load
WARNING: [Synth 8-7129] Port s_axi_awaddr[29] in module yolo_csr is either unconnected or has no load
WARNING: [Synth 8-7129] Port s_axi_awaddr[28] in module yolo_csr is either unconnected or has no load
WARNING: [Synth 8-7129] Port s_axi_awaddr[27] in module yolo_csr is either unconnected or has no load
WARNING: [Synth 8-7129] Port s_axi_awaddr[26] in module yolo_csr is either unconnected or has no load
WARNING: [Synth 8-7129] Port s_axi_awaddr[25] in module yolo_csr is either unconnected or has no load
WARNING: [Synth 8-7129] Port s_axi_awaddr[24] in module yolo_csr is either unconnected or has no load
WARNING: [Synth 8-7129] Port s_axi_awaddr[23] in module yolo_csr is either unconnected or has no load
WARNING: [Synth 8-7129] Port s_axi_awaddr[22] in module yolo_csr is either unconnected or has no load
WARNING: [Synth 8-7129] Port s_axi_awaddr[21] in module yolo_csr is either unconnected or has no load
WARNING: [Synth 8-7129] Port s_axi_awaddr[20] in module yolo_csr is either unconnected or has no load
WARNING: [Synth 8-7129] Port s_axi_awaddr[19] in module yolo_csr is either unconnected or has no load
WARNING: [Synth 8-7129] Port s_axi_awaddr[18] in module yolo_csr is either unconnected or has no load
WARNING: [Synth 8-7129] Port s_axi_awaddr[17] in module yolo_csr is either unconnected or has no load
WARNING: [Synth 8-7129] Port s_axi_awaddr[16] in module yolo_csr is either unconnected or has no load
WARNING: [Synth 8-7129] Port s_axi_awaddr[1] in module yolo_csr is either unconnected or has no load
WARNING: [Synth 8-7129] Port s_axi_awaddr[0] in module yolo_csr is either unconnected or has no load
WARNING: [Synth 8-7129] Port s_axi_awprot[2] in module yolo_csr is either unconnected or has no load
WARNING: [Synth 8-7129] Port s_axi_awprot[1] in module yolo_csr is either unconnected or has no load
WARNING: [Synth 8-7129] Port s_axi_awprot[0] in module yolo_csr is either unconnected or has no load
WARNING: [Synth 8-7129] Port s_axi_araddr[31] in module yolo_csr is either unconnected or has no load
WARNING: [Synth 8-7129] Port s_axi_araddr[30] in module yolo_csr is either unconnected or has no load
WARNING: [Synth 8-7129] Port s_axi_araddr[29] in module yolo_csr is either unconnected or has no load
WARNING: [Synth 8-7129] Port s_axi_araddr[28] in module yolo_csr is either unconnected or has no load
WARNING: [Synth 8-7129] Port s_axi_araddr[27] in module yolo_csr is either unconnected or has no load
WARNING: [Synth 8-7129] Port s_axi_araddr[26] in module yolo_csr is either unconnected or has no load
WARNING: [Synth 8-7129] Port s_axi_araddr[25] in module yolo_csr is either unconnected or has no load
WARNING: [Synth 8-7129] Port s_axi_araddr[24] in module yolo_csr is either unconnected or has no load
WARNING: [Synth 8-7129] Port s_axi_araddr[23] in module yolo_csr is either unconnected or has no load
WARNING: [Synth 8-7129] Port s_axi_araddr[22] in module yolo_csr is either unconnected or has no load
WARNING: [Synth 8-7129] Port s_axi_araddr[21] in module yolo_csr is either unconnected or has no load
WARNING: [Synth 8-7129] Port s_axi_araddr[20] in module yolo_csr is either unconnected or has no load
WARNING: [Synth 8-7129] Port s_axi_araddr[19] in module yolo_csr is either unconnected or has no load
WARNING: [Synth 8-7129] Port s_axi_araddr[18] in module yolo_csr is either unconnected or has no load
WARNING: [Synth 8-7129] Port s_axi_araddr[17] in module yolo_csr is either unconnected or has no load
WARNING: [Synth 8-7129] Port s_axi_araddr[16] in module yolo_csr is either unconnected or has no load
WARNING: [Synth 8-7129] Port s_axi_araddr[1] in module yolo_csr is either unconnected or has no load
WARNING: [Synth 8-7129] Port s_axi_araddr[0] in module yolo_csr is either unconnected or has no load
WARNING: [Synth 8-7129] Port s_axi_arprot[2] in module yolo_csr is either unconnected or has no load
WARNING: [Synth 8-7129] Port s_axi_arprot[1] in module yolo_csr is either unconnected or has no load
WARNING: [Synth 8-7129] Port s_axi_arprot[0] in module yolo_csr is either unconnected or has no load
---------------------------------------------------------------------------------
Finished RTL Elaboration : Time (s): cpu = 00:00:07 ; elapsed = 00:00:07 . Memory (MB): peak = 1562.262 ; gain = 754.582
---------------------------------------------------------------------------------
---------------------------------------------------------------------------------
Start Handling Custom Attributes
---------------------------------------------------------------------------------
---------------------------------------------------------------------------------
Finished Handling Custom Attributes : Time (s): cpu = 00:00:07 ; elapsed = 00:00:08 . Memory (MB): peak = 1562.262 ; gain = 754.582
---------------------------------------------------------------------------------
---------------------------------------------------------------------------------
Finished RTL Optimization Phase 1 : Time (s): cpu = 00:00:07 ; elapsed = 00:00:08 . Memory (MB): peak = 1562.262 ; gain = 754.582
---------------------------------------------------------------------------------
Netlist sorting complete. Time (s): cpu = 00:00:00 ; elapsed = 00:00:00.308 . Memory (MB): peak = 1562.262 ; gain = 0.000
INFO: [Netlist 29-17] Analyzing 128 Unisim elements for replacement
INFO: [Netlist 29-28] Unisim Transformation completed in 0 CPU seconds
INFO: [Project 1-570] Preparing netlist for logic optimization

Processing XDC Constraints
Initializing timing engine
Parsing XDC File [e:/competition/2_fpga/3_yolo_zynq/ip/yolo_xbuf_bmg/yolo_xbuf_bmg/yolo_xbuf_bmg_in_context.xdc] for cell 'u_array/u_xbuf/u_bank0'
Finished Parsing XDC File [e:/competition/2_fpga/3_yolo_zynq/ip/yolo_xbuf_bmg/yolo_xbuf_bmg/yolo_xbuf_bmg_in_context.xdc] for cell 'u_array/u_xbuf/u_bank0'
Parsing XDC File [e:/competition/2_fpga/3_yolo_zynq/ip/yolo_xbuf_bmg/yolo_xbuf_bmg/yolo_xbuf_bmg_in_context.xdc] for cell 'u_array/u_xbuf/u_bank1'
Finished Parsing XDC File [e:/competition/2_fpga/3_yolo_zynq/ip/yolo_xbuf_bmg/yolo_xbuf_bmg/yolo_xbuf_bmg_in_context.xdc] for cell 'u_array/u_xbuf/u_bank1'
Completed Processing XDC Constraints

Netlist sorting complete. Time (s): cpu = 00:00:00 ; elapsed = 00:00:00.009 . Memory (MB): peak = 1651.340 ; gain = 0.000
INFO: [Project 1-111] Unisim Transformation Summary:
No Unisim elements were transformed.

Constraint Validation Runtime : Time (s): cpu = 00:00:00 ; elapsed = 00:00:00.166 . Memory (MB): peak = 1651.340 ; gain = 0.000
---------------------------------------------------------------------------------
Finished Constraint Validation : Time (s): cpu = 00:00:17 ; elapsed = 00:00:18 . Memory (MB): peak = 1651.340 ; gain = 843.660
---------------------------------------------------------------------------------
---------------------------------------------------------------------------------
Start Loading Part and Timing Information
---------------------------------------------------------------------------------
Loading part: xc7z020clg484-1
---------------------------------------------------------------------------------
Finished Loading Part and Timing Information : Time (s): cpu = 00:00:17 ; elapsed = 00:00:18 . Memory (MB): peak = 1651.340 ; gain = 843.660
---------------------------------------------------------------------------------
---------------------------------------------------------------------------------
Start Applying 'set_property' XDC Constraints
---------------------------------------------------------------------------------
---------------------------------------------------------------------------------
Finished applying 'set_property' XDC Constraints : Time (s): cpu = 00:00:17 ; elapsed = 00:00:18 . Memory (MB): peak = 1651.340 ; gain = 843.660
---------------------------------------------------------------------------------
INFO: [Synth 8-802] inferred FSM for state register 'state_r_reg' in module 'yolo_ctrl'
INFO: [Synth 8-802] inferred FSM for state register 'ldr_state_r_reg' in module 'yolo_gemm_array'
INFO: [Synth 8-802] inferred FSM for state register 'seg_state_r_reg' in module 'yolo_gemm_array'
---------------------------------------------------------------------------------------------------
                   State |                     New Encoding |                Previous Encoding 
---------------------------------------------------------------------------------------------------
                  S_IDLE |                            00001 |                              000
                  S_TILE |                            01000 |                              001
                     S_K |                            10000 |                              010
                    S_RQ |                            00100 |                              011
                 S_LDONE |                            00010 |                              100
---------------------------------------------------------------------------------------------------
INFO: [Synth 8-3354] encoded FSM with state register 'state_r_reg' using encoding 'one-hot' in module 'yolo_ctrl'
---------------------------------------------------------------------------------------------------
                   State |                     New Encoding |                Previous Encoding 
---------------------------------------------------------------------------------------------------
                SEG_IDLE |                               00 |                               00
                SEG_FILL |                               01 |                               01
                 SEG_CMD |                               10 |                               10
                  SEG_DR |                               11 |                               11
---------------------------------------------------------------------------------------------------
INFO: [Synth 8-3354] encoded FSM with state register 'seg_state_r_reg' using encoding 'sequential' in module 'yolo_gemm_array'
---------------------------------------------------------------------------------------------------
                   State |                     New Encoding |                Previous Encoding 
---------------------------------------------------------------------------------------------------
                 S_LDESC |                               00 |                               00
                  S_LCHK |                               10 |                               01
                  S_LRUN |                               01 |                               10
---------------------------------------------------------------------------------------------------
INFO: [Synth 8-3354] encoded FSM with state register 'ldr_state_r_reg' using encoding 'sequential' in module 'yolo_gemm_array'
---------------------------------------------------------------------------------
Finished RTL Optimization Phase 2 : Time (s): cpu = 00:00:19 ; elapsed = 00:00:21 . Memory (MB): peak = 1651.340 ; gain = 843.660
---------------------------------------------------------------------------------
---------------------------------------------------------------------------------
Start RTL Component Statistics 
---------------------------------------------------------------------------------
Detailed RTL Component Info : 
+---Adders : 
	   2 Input   64 Bit       Adders := 3     
	   2 Input   33 Bit       Adders := 1     
	   2 Input   32 Bit       Adders := 258   
	   3 Input   26 Bit       Adders := 1     
	   2 Input   25 Bit       Adders := 1     
	   2 Input   24 Bit       Adders := 1     
	   3 Input   17 Bit       Adders := 128   
	   2 Input   17 Bit       Adders := 130   
	   2 Input   16 Bit       Adders := 6     
	   2 Input   13 Bit       Adders := 2     
	   2 Input   12 Bit       Adders := 13    
	   3 Input   12 Bit       Adders := 4     
	   2 Input    8 Bit       Adders := 11    
	   2 Input    6 Bit       Adders := 4     
	   2 Input    5 Bit       Adders := 2     
	   2 Input    4 Bit       Adders := 3     
	   2 Input    3 Bit       Adders := 2     
+---XORs : 
	   2 Input      1 Bit         XORs := 1     
+---Registers : 
	              512 Bit    Registers := 2     
	              128 Bit    Registers := 2     
	               64 Bit    Registers := 2     
	               32 Bit    Registers := 24    
	               24 Bit    Registers := 3     
	               16 Bit    Registers := 14    
	               12 Bit    Registers := 18    
	               11 Bit    Registers := 1     
	                8 Bit    Registers := 290   
	                6 Bit    Registers := 3     
	                5 Bit    Registers := 2     
	                4 Bit    Registers := 8     
	                3 Bit    Registers := 3     
	                2 Bit    Registers := 3     
	                1 Bit    Registers := 35    
+---Multipliers : 
	              16x32  Multipliers := 1     
+---RAMs : 
	              18K Bit	(2304 X 8 bit)          RAMs := 32    
	              512 Bit	(16 X 32 bit)          RAMs := 4     
	              128 Bit	(16 X 8 bit)          RAMs := 2     
+---Muxes : 
	   2 Input 8192 Bit        Muxes := 1     
	   2 Input  512 Bit        Muxes := 3     
	   3 Input  512 Bit        Muxes := 1     
	   2 Input  128 Bit        Muxes := 5     
	   4 Input  128 Bit        Muxes := 2     
	   3 Input  128 Bit        Muxes := 1     
	   2 Input   64 Bit        Muxes := 2     
	   2 Input   32 Bit        Muxes := 32    
	  16 Input   32 Bit        Muxes := 12    
	   4 Input   32 Bit        Muxes := 1     
	   2 Input   24 Bit        Muxes := 5     
	   2 Input   20 Bit        Muxes := 2     
	   2 Input   16 Bit        Muxes := 8     
	   2 Input   12 Bit        Muxes := 6     
	   3 Input   12 Bit        Muxes := 2     
	   5 Input   12 Bit        Muxes := 6     
	   2 Input    8 Bit        Muxes := 46    
	   2 Input    7 Bit        Muxes := 1     
	   2 Input    6 Bit        Muxes := 3     
	   4 Input    5 Bit        Muxes := 2     
	   5 Input    5 Bit        Muxes := 1     
	   2 Input    5 Bit        Muxes := 1     
	   2 Input    4 Bit        Muxes := 7     
	   3 Input    4 Bit        Muxes := 1     
	   2 Input    3 Bit        Muxes := 2     
	   6 Input    3 Bit        Muxes := 1     
	   2 Input    2 Bit        Muxes := 14    
	  16 Input    2 Bit        Muxes := 1     
	   4 Input    2 Bit        Muxes := 1     
	   3 Input    2 Bit        Muxes := 3     
	   2 Input    1 Bit        Muxes := 67    
	  16 Input    1 Bit        Muxes := 4     
	   4 Input    1 Bit        Muxes := 7     
	   3 Input    1 Bit        Muxes := 17    
	   5 Input    1 Bit        Muxes := 8     
---------------------------------------------------------------------------------
Finished RTL Component Statistics 
---------------------------------------------------------------------------------
---------------------------------------------------------------------------------
Start Part Resource Summary
---------------------------------------------------------------------------------
Part Resources:
DSPs: 220 (col length:60)
BRAMs: 280 (col length: RAMB18 60 RAMB36 30)
---------------------------------------------------------------------------------
Finished Part Resource Summary
---------------------------------------------------------------------------------
---------------------------------------------------------------------------------
Start Cross Boundary and Area Optimization
---------------------------------------------------------------------------------
DSP Report: Generating DSP prod, operation Mode is: A*B.
DSP Report: operator prod is absorbed into DSP prod.
DSP Report: operator prod is absorbed into DSP prod.
DSP Report: Generating DSP prod, operation Mode is: (PCIN>>17)+A*B.
DSP Report: operator prod is absorbed into DSP prod.
DSP Report: operator prod is absorbed into DSP prod.
DSP Report: Generating DSP prod, operation Mode is: A*B.
DSP Report: operator prod is absorbed into DSP prod.
DSP Report: operator prod is absorbed into DSP prod.
DSP Report: Generating DSP prod, operation Mode is: (PCIN>>17)+A*B.
DSP Report: operator prod is absorbed into DSP prod.
DSP Report: operator prod is absorbed into DSP prod.
DSP Report: Generating DSP in_b2, operation Mode is: C+A*B.
DSP Report: operator in_b2 is absorbed into DSP in_b2.
DSP Report: operator in_b4 is absorbed into DSP in_b2.
DSP Report: Generating DSP in_b3, operation Mode is: C+A*B.
DSP Report: operator in_b3 is absorbed into DSP in_b3.
DSP Report: operator in_b5 is absorbed into DSP in_b3.
DSP Report: Generating DSP x_addr_w1, operation Mode is: A*B.
DSP Report: operator x_addr_w1 is absorbed into DSP x_addr_w1.
DSP Report: Generating DSP plane_sz, operation Mode is: A*B.
DSP Report: operator plane_sz is absorbed into DSP plane_sz.
DSP Report: Generating DSP x_addr_w1, operation Mode is: A*B.
DSP Report: operator x_addr_w1 is absorbed into DSP x_addr_w1.
DSP Report: operator x_addr_w1 is absorbed into DSP x_addr_w1.
DSP Report: Generating DSP x_addr_w1, operation Mode is: (PCIN>>17)+A*B.
DSP Report: operator x_addr_w1 is absorbed into DSP x_addr_w1.
DSP Report: operator x_addr_w1 is absorbed into DSP x_addr_w1.
DSP Report: Generating DSP x_addr_w, operation Mode is: (PCIN or 0)+(A:B or 0)+(C or 0).
DSP Report: operator x_addr_w is absorbed into DSP x_addr_w.
DSP Report: Generating DSP rq_last_w0, operation Mode is: (C:0xffffffffffff)+A*B.
DSP Report: operator rq_last_w0 is absorbed into DSP rq_last_w0.
DSP Report: operator rq_last_w1 is absorbed into DSP rq_last_w0.
DSP Report: Generating DSP ctrl_rq_last_w1, operation Mode is: (C:0xffffffffffff)+A*B.
DSP Report: operator ctrl_rq_last_w1 is absorbed into DSP ctrl_rq_last_w1.
DSP Report: operator ctrl_rq_last_w2 is absorbed into DSP ctrl_rq_last_w1.
DSP Report: Generating DSP row_addr_d0_w, operation Mode is: C+A*B.
DSP Report: operator row_addr_d0_w is absorbed into DSP row_addr_d0_w.
DSP Report: operator row_addr_d0_w1 is absorbed into DSP row_addr_d0_w.
---------------------------------------------------------------------------------
Finished Cross Boundary and Area Optimization : Time (s): cpu = 00:00:53 ; elapsed = 00:00:57 . Memory (MB): peak = 1848.066 ; gain = 1040.387
---------------------------------------------------------------------------------
 Sort Area is yolo_gemm_array__GCB0 prod_0 : 0 0 : 2701 4861 : Used 1 time 0
 Sort Area is yolo_gemm_array__GCB0 prod_0 : 0 1 : 2160 4861 : Used 1 time 0
 Sort Area is yolo_gemm_array__GCB3 x_addr_w1_b : 0 0 : 2588 4841 : Used 1 time 0
 Sort Area is yolo_gemm_array__GCB3 x_addr_w1_b : 0 1 : 2253 4841 : Used 1 time 0
 Sort Area is yolo_gemm_array__GCB0 prod_3 : 0 0 : 2304 4196 : Used 1 time 0
 Sort Area is yolo_gemm_array__GCB0 prod_3 : 0 1 : 1892 4196 : Used 1 time 0
 Sort Area is yolo_gemm_array__GCB3 x_addr_w1_e : 0 0 : 2304 2548 : Used 1 time 0
 Sort Area is yolo_gemm_array__GCB3 x_addr_w1_e : 0 1 : 244 2548 : Used 1 time 0
 Sort Area is yolo_gemm_array__GCB3 row_addr_d0_w_13 : 0 0 : 2041 2041 : Used 1 time 0
 Sort Area is yolo_gemm_array__GCB3 plane_sz_9 : 0 0 : 1946 1946 : Used 1 time 0
 Sort Area is yolo_gemm_array__GCB3 ctrl_rq_last_w1_12 : 0 0 : 1084 1084 : Used 1 time 0
 Sort Area is yolo_gemm_array__GCB3 rq_last_w0_10 : 0 0 : 1084 1084 : Used 1 time 0
 Sort Area is yolo_gemm_array__GCB3 in_b2_6 : 0 0 : 931 931 : Used 1 time 0
 Sort Area is yolo_gemm_array__GCB3 in_b3_8 : 0 0 : 931 931 : Used 1 time 0
---------------------------------------------------------------------------------
Start ROM, RAM, DSP, Shift Register and Retiming Reporting
---------------------------------------------------------------------------------

Distributed RAM: Preliminary Mapping Report (see note below)
+----------------+-------------------+-----------+----------------------+-------------+
|Module Name     | RTL Object        | Inference | Size (Depth x Width) | Primitives  | 
+----------------+-------------------+-----------+----------------------+-------------+
|yolo_engine_top | u_wbuf/par_b1_reg | Implied   | 16 x 32              | RAM32M x 6  | 
|yolo_engine_top | u_wbuf/par_m0_reg | Implied   | 16 x 32              | RAM32M x 6  | 
|yolo_engine_top | u_wbuf/par_m1_reg | Implied   | 16 x 32              | RAM32M x 6  | 
|yolo_engine_top | u_wbuf/par_s0_reg | Implied   | 16 x 8               | RAM32M x 2  | 
|yolo_engine_top | u_wbuf/par_s1_reg | Implied   | 16 x 8               | RAM32M x 2  | 
|yolo_engine_top | u_wbuf/par_b0_reg | Implied   | 16 x 32              | RAM32M x 6  | 
+----------------+-------------------+-----------+----------------------+-------------+

Note: The table above is a preliminary report that shows the Distributed RAMs at the current stage of the synthesis flow. Some Distributed RAMs may be reimplemented as non Distributed RAM primitives later in the synthesis flow. Multiple instantiated RAMs are reported only once.

DSP: Preliminary Mapping Report (see note below. The ' indicates corresponding REG is set)
+----------------+---------------------------------+--------+--------+--------+--------+--------+------+------+------+------+-------+------+------+
|Module Name     | DSP Mapping                     | A Size | B Size | C Size | D Size | P Size | AREG | BREG | CREG | DREG | ADREG | MREG | PREG | 
+----------------+---------------------------------+--------+--------+--------+--------+--------+------+------+------+------+-------+------+------+
|yolo_requant    | A*B                             | 18     | 16     | -      | -      | 48     | 0    | 0    | -    | -    | -     | 0    | 0    | 
|yolo_requant    | (PCIN>>17)+A*B                  | 16     | 15     | -      | -      | 30     | 0    | 0    | -    | -    | -     | 0    | 0    | 
|yolo_requant    | A*B                             | 18     | 18     | -      | -      | 48     | 0    | 0    | -    | -    | -     | 0    | 0    | 
|yolo_requant    | (PCIN>>17)+A*B                  | 18     | 15     | -      | -      | 47     | 0    | 0    | -    | -    | -     | 0    | 0    | 
|yolo_addrgen    | C+A*B                           | 16     | 8      | 8      | -      | 18     | 0    | 0    | 0    | -    | -     | 0    | 0    | 
|yolo_addrgen    | C+A*B                           | 16     | 8      | 8      | -      | 18     | 0    | 0    | 0    | -    | -     | 0    | 0    | 
|yolo_addrgen    | A*B                             | 18     | 16     | -      | -      | 34     | 0    | 0    | -    | -    | -     | 0    | 0    | 
|yolo_addrgen    | A*B                             | 16     | 16     | -      | -      | 32     | 0    | 0    | -    | -    | -     | 0    | 0    | 
|yolo_addrgen    | A*B                             | 18     | 17     | -      | -      | 48     | 0    | 0    | -    | -    | -     | 0    | 0    | 
|yolo_addrgen    | (PCIN>>17)+A*B                  | 17     | 16     | -      | -      | 48     | 0    | 0    | -    | -    | -     | 0    | 0    | 
|yolo_addrgen    | (PCIN or 0)+(A:B or 0)+(C or 0) | 14     | 18     | 18     | -      | -1     | 0    | 0    | 0    | -    | -     | 0    | 0    | 
|yolo_ctrl       | (C:0xffffffffffff)+A*B          | 12     | 12     | 12     | -      | 12     | 0    | 0    | 0    | -    | -     | 0    | 0    | 
|yolo_gemm_array | (C:0xffffffffffff)+A*B          | 12     | 12     | 12     | -      | 12     | 0    | 0    | 0    | -    | -     | 0    | 0    | 
|yolo_gemm_array | C+A*B                           | 16     | 16     | 17     | -      | 32     | 0    | 0    | 0    | -    | -     | 0    | 0    | 
+----------------+---------------------------------+--------+--------+--------+--------+--------+------+------+------+------+-------+------+------+

Note: The table above is a preliminary report that shows the DSPs inferred at the current stage of the synthesis flow. Some DSP may be reimplemented as non DSP primitives later in the synthesis flow. Multiple instantiated DSPs are reported only once.
---------------------------------------------------------------------------------
Finished ROM, RAM, DSP, Shift Register and Retiming Reporting
---------------------------------------------------------------------------------
---------------------------------------------------------------------------------
Start Applying XDC Timing Constraints
---------------------------------------------------------------------------------
---------------------------------------------------------------------------------
Finished Applying XDC Timing Constraints : Time (s): cpu = 00:01:00 ; elapsed = 00:01:04 . Memory (MB): peak = 1863.691 ; gain = 1056.012
---------------------------------------------------------------------------------
---------------------------------------------------------------------------------
Start Timing Optimization
---------------------------------------------------------------------------------
---------------------------------------------------------------------------------
Finished Timing Optimization : Time (s): cpu = 00:01:01 ; elapsed = 00:01:05 . Memory (MB): peak = 1894.535 ; gain = 1086.855
---------------------------------------------------------------------------------
---------------------------------------------------------------------------------
Start ROM, RAM, DSP, Shift Register and Retiming Reporting
---------------------------------------------------------------------------------

Distributed RAM: Final Mapping Report
+----------------+-------------------+-----------+----------------------+-------------+
|Module Name     | RTL Object        | Inference | Size (Depth x Width) | Primitives  | 
+----------------+-------------------+-----------+----------------------+-------------+
|yolo_engine_top | u_wbuf/par_b1_reg | Implied   | 16 x 32              | RAM32M x 6  | 
|yolo_engine_top | u_wbuf/par_m0_reg | Implied   | 16 x 32              | RAM32M x 6  | 
|yolo_engine_top | u_wbuf/par_m1_reg | Implied   | 16 x 32              | RAM32M x 6  | 
|yolo_engine_top | u_wbuf/par_s0_reg | Implied   | 16 x 8               | RAM32M x 2  | 
|yolo_engine_top | u_wbuf/par_s1_reg | Implied   | 16 x 8               | RAM32M x 2  | 
|yolo_engine_top | u_wbuf/par_b0_reg | Implied   | 16 x 32              | RAM32M x 6  | 
+----------------+-------------------+-----------+----------------------+-------------+

---------------------------------------------------------------------------------
Finished ROM, RAM, DSP, Shift Register and Retiming Reporting
---------------------------------------------------------------------------------
---------------------------------------------------------------------------------
Start Technology Mapping
---------------------------------------------------------------------------------
---------------------------------------------------------------------------------
Finished Technology Mapping : Time (s): cpu = 00:01:05 ; elapsed = 00:01:09 . Memory (MB): peak = 1924.574 ; gain = 1116.895
---------------------------------------------------------------------------------
---------------------------------------------------------------------------------
Start IO Insertion
---------------------------------------------------------------------------------
---------------------------------------------------------------------------------
Start Flattening Before IO Insertion
---------------------------------------------------------------------------------
---------------------------------------------------------------------------------
Finished Flattening Before IO Insertion
---------------------------------------------------------------------------------
---------------------------------------------------------------------------------
Start Final Netlist Cleanup
---------------------------------------------------------------------------------
---------------------------------------------------------------------------------
Finished Final Netlist Cleanup
---------------------------------------------------------------------------------
---------------------------------------------------------------------------------
Finished IO Insertion : Time (s): cpu = 00:01:09 ; elapsed = 00:01:14 . Memory (MB): peak = 2118.238 ; gain = 1310.559
---------------------------------------------------------------------------------
---------------------------------------------------------------------------------
Start Renaming Generated Instances
---------------------------------------------------------------------------------
---------------------------------------------------------------------------------
Finished Renaming Generated Instances : Time (s): cpu = 00:01:09 ; elapsed = 00:01:14 . Memory (MB): peak = 2118.238 ; gain = 1310.559
---------------------------------------------------------------------------------
---------------------------------------------------------------------------------
Start Rebuilding User Hierarchy
---------------------------------------------------------------------------------
---------------------------------------------------------------------------------
Finished Rebuilding User Hierarchy : Time (s): cpu = 00:01:12 ; elapsed = 00:01:16 . Memory (MB): peak = 2121.809 ; gain = 1314.129
---------------------------------------------------------------------------------
---------------------------------------------------------------------------------
Start Renaming Generated Ports
---------------------------------------------------------------------------------
---------------------------------------------------------------------------------
Finished Renaming Generated Ports : Time (s): cpu = 00:01:12 ; elapsed = 00:01:16 . Memory (MB): peak = 2121.809 ; gain = 1314.129
---------------------------------------------------------------------------------
---------------------------------------------------------------------------------
Start Handling Custom Attributes
---------------------------------------------------------------------------------
---------------------------------------------------------------------------------
Finished Handling Custom Attributes : Time (s): cpu = 00:01:12 ; elapsed = 00:01:16 . Memory (MB): peak = 2121.809 ; gain = 1314.129
---------------------------------------------------------------------------------
---------------------------------------------------------------------------------
Start Renaming Generated Nets
---------------------------------------------------------------------------------
---------------------------------------------------------------------------------
Finished Renaming Generated Nets : Time (s): cpu = 00:01:12 ; elapsed = 00:01:17 . Memory (MB): peak = 2121.809 ; gain = 1314.129
---------------------------------------------------------------------------------
---------------------------------------------------------------------------------
Start Writing Synthesis Report
---------------------------------------------------------------------------------

DSP Final Report (the ' indicates corresponding REG is set)
+-----------------+--------------+--------+--------+--------+--------+--------+------+------+------+------+-------+------+------+
|Module Name      | DSP Mapping  | A Size | B Size | C Size | D Size | P Size | AREG | BREG | CREG | DREG | ADREG | MREG | PREG | 
+-----------------+--------------+--------+--------+--------+--------+--------+------+------+------+------+-------+------+------+
|yolo_gemm_array  | C+A*B        | 12     | 12     | 48     | -      | 12     | 0    | 0    | 0    | -    | -     | 0    | 0    | 
|yolo_gemm_array  | C+A*B        | 16     | 16     | 16     | -      | 32     | 0    | 0    | 0    | -    | -     | 0    | 0    | 
|yolo_pe_pack     | A*B          | 25     | 0      | -      | -      | 34     | 0    | 0    | -    | -    | -     | 0    | 0    | 
|yolo_pe_pack_0   | A*B          | 25     | 0      | -      | -      | 34     | 0    | 0    | -    | -    | -     | 0    | 0    | 
|yolo_pe_pack_1   | A*B          | 25     | 0      | -      | -      | 34     | 0    | 0    | -    | -    | -     | 0    | 0    | 
|yolo_pe_pack_2   | A*B          | 25     | 0      | -      | -      | 34     | 0    | 0    | -    | -    | -     | 0    | 0    | 
|yolo_pe_pack_3   | A*B          | 25     | 0      | -      | -      | 34     | 0    | 0    | -    | -    | -     | 0    | 0    | 
|yolo_pe_pack_4   | A*B          | 25     | 0      | -      | -      | 34     | 0    | 0    | -    | -    | -     | 0    | 0    | 
|yolo_pe_pack_5   | A*B          | 25     | 0      | -      | -      | 34     | 0    | 0    | -    | -    | -     | 0    | 0    | 
|yolo_pe_pack_6   | A*B          | 25     | 0      | -      | -      | 34     | 0    | 0    | -    | -    | -     | 0    | 0    | 
|yolo_pe_pack_7   | A*B          | 25     | 0      | -      | -      | 34     | 0    | 0    | -    | -    | -     | 0    | 0    | 
|yolo_pe_pack_8   | A*B          | 25     | 0      | -      | -      | 34     | 0    | 0    | -    | -    | -     | 0    | 0    | 
|yolo_pe_pack_9   | A*B          | 25     | 0      | -      | -      | 34     | 0    | 0    | -    | -    | -     | 0    | 0    | 
|yolo_pe_pack_10  | A*B          | 25     | 0      | -      | -      | 34     | 0    | 0    | -    | -    | -     | 0    | 0    | 
|yolo_pe_pack_11  | A*B          | 25     | 0      | -      | -      | 34     | 0    | 0    | -    | -    | -     | 0    | 0    | 
|yolo_pe_pack_12  | A*B          | 25     | 0      | -      | -      | 34     | 0    | 0    | -    | -    | -     | 0    | 0    | 
|yolo_pe_pack_13  | A*B          | 25     | 0      | -      | -      | 34     | 0    | 0    | -    | -    | -     | 0    | 0    | 
|yolo_pe_pack_14  | A*B          | 25     | 0      | -      | -      | 34     | 0    | 0    | -    | -    | -     | 0    | 0    | 
|yolo_pe_pack_15  | A*B          | 25     | 0      | -      | -      | 34     | 0    | 0    | -    | -    | -     | 0    | 0    | 
|yolo_pe_pack_16  | A*B          | 25     | 0      | -      | -      | 34     | 0    | 0    | -    | -    | -     | 0    | 0    | 
|yolo_pe_pack_17  | A*B          | 25     | 0      | -      | -      | 34     | 0    | 0    | -    | -    | -     | 0    | 0    | 
|yolo_pe_pack_18  | A*B          | 25     | 0      | -      | -      | 34     | 0    | 0    | -    | -    | -     | 0    | 0    | 
|yolo_pe_pack_19  | A*B          | 25     | 0      | -      | -      | 34     | 0    | 0    | -    | -    | -     | 0    | 0    | 
|yolo_pe_pack_20  | A*B          | 25     | 0      | -      | -      | 34     | 0    | 0    | -    | -    | -     | 0    | 0    | 
|yolo_pe_pack_21  | A*B          | 25     | 0      | -      | -      | 34     | 0    | 0    | -    | -    | -     | 0    | 0    | 
|yolo_pe_pack_22  | A*B          | 25     | 0      | -      | -      | 34     | 0    | 0    | -    | -    | -     | 0    | 0    | 
|yolo_pe_pack_23  | A*B          | 25     | 0      | -      | -      | 34     | 0    | 0    | -    | -    | -     | 0    | 0    | 
|yolo_pe_pack_24  | A*B          | 25     | 0      | -      | -      | 34     | 0    | 0    | -    | -    | -     | 0    | 0    | 
|yolo_pe_pack_25  | A*B          | 25     | 0      | -      | -      | 34     | 0    | 0    | -    | -    | -     | 0    | 0    | 
|yolo_pe_pack_26  | A*B          | 25     | 0      | -      | -      | 34     | 0    | 0    | -    | -    | -     | 0    | 0    | 
|yolo_pe_pack_27  | A*B          | 25     | 0      | -      | -      | 34     | 0    | 0    | -    | -    | -     | 0    | 0    | 
|yolo_pe_pack_28  | A*B          | 25     | 0      | -      | -      | 34     | 0    | 0    | -    | -    | -     | 0    | 0    | 
|yolo_pe_pack_29  | A*B          | 25     | 0      | -      | -      | 34     | 0    | 0    | -    | -    | -     | 0    | 0    | 
|yolo_pe_pack_30  | A*B          | 25     | 0      | -      | -      | 34     | 0    | 0    | -    | -    | -     | 0    | 0    | 
|yolo_pe_pack_31  | A*B          | 25     | 0      | -      | -      | 34     | 0    | 0    | -    | -    | -     | 0    | 0    | 
|yolo_pe_pack_32  | A*B          | 25     | 0      | -      | -      | 34     | 0    | 0    | -    | -    | -     | 0    | 0    | 
|yolo_pe_pack_33  | A*B          | 25     | 0      | -      | -      | 34     | 0    | 0    | -    | -    | -     | 0    | 0    | 
|yolo_pe_pack_34  | A*B          | 25     | 0      | -      | -      | 34     | 0    | 0    | -    | -    | -     | 0    | 0    | 
|yolo_pe_pack_35  | A*B          | 25     | 0      | -      | -      | 34     | 0    | 0    | -    | -    | -     | 0    | 0    | 
|yolo_pe_pack_36  | A*B          | 25     | 0      | -      | -      | 34     | 0    | 0    | -    | -    | -     | 0    | 0    | 
|yolo_pe_pack_37  | A*B          | 25     | 0      | -      | -      | 34     | 0    | 0    | -    | -    | -     | 0    | 0    | 
|yolo_pe_pack_38  | A*B          | 25     | 0      | -      | -      | 34     | 0    | 0    | -    | -    | -     | 0    | 0    | 
|yolo_pe_pack_39  | A*B          | 25     | 0      | -      | -      | 34     | 0    | 0    | -    | -    | -     | 0    | 0    | 
|yolo_pe_pack_40  | A*B          | 25     | 0      | -      | -      | 34     | 0    | 0    | -    | -    | -     | 0    | 0    | 
|yolo_pe_pack_41  | A*B          | 25     | 0      | -      | -      | 34     | 0    | 0    | -    | -    | -     | 0    | 0    | 
|yolo_pe_pack_42  | A*B          | 25     | 0      | -      | -      | 34     | 0    | 0    | -    | -    | -     | 0    | 0    | 
|yolo_pe_pack_43  | A*B          | 25     | 0      | -      | -      | 34     | 0    | 0    | -    | -    | -     | 0    | 0    | 
|yolo_pe_pack_44  | A*B          | 25     | 0      | -      | -      | 34     | 0    | 0    | -    | -    | -     | 0    | 0    | 
|yolo_pe_pack_45  | A*B          | 25     | 0      | -      | -      | 34     | 0    | 0    | -    | -    | -     | 0    | 0    | 
|yolo_pe_pack_46  | A*B          | 25     | 0      | -      | -      | 34     | 0    | 0    | -    | -    | -     | 0    | 0    | 
|yolo_pe_pack_47  | A*B          | 25     | 0      | -      | -      | 34     | 0    | 0    | -    | -    | -     | 0    | 0    | 
|yolo_pe_pack_48  | A*B          | 25     | 0      | -      | -      | 34     | 0    | 0    | -    | -    | -     | 0    | 0    | 
|yolo_pe_pack_49  | A*B          | 25     | 0      | -      | -      | 34     | 0    | 0    | -    | -    | -     | 0    | 0    | 
|yolo_pe_pack_50  | A*B          | 25     | 0      | -      | -      | 34     | 0    | 0    | -    | -    | -     | 0    | 0    | 
|yolo_pe_pack_51  | A*B          | 25     | 0      | -      | -      | 34     | 0    | 0    | -    | -    | -     | 0    | 0    | 
|yolo_pe_pack_52  | A*B          | 25     | 0      | -      | -      | 34     | 0    | 0    | -    | -    | -     | 0    | 0    | 
|yolo_pe_pack_53  | A*B          | 25     | 0      | -      | -      | 34     | 0    | 0    | -    | -    | -     | 0    | 0    | 
|yolo_pe_pack_54  | A*B          | 25     | 0      | -      | -      | 34     | 0    | 0    | -    | -    | -     | 0    | 0    | 
|yolo_pe_pack_55  | A*B          | 25     | 0      | -      | -      | 34     | 0    | 0    | -    | -    | -     | 0    | 0    | 
|yolo_pe_pack_56  | A*B          | 25     | 0      | -      | -      | 34     | 0    | 0    | -    | -    | -     | 0    | 0    | 
|yolo_pe_pack_57  | A*B          | 25     | 0      | -      | -      | 34     | 0    | 0    | -    | -    | -     | 0    | 0    | 
|yolo_pe_pack_58  | A*B          | 25     | 0      | -      | -      | 34     | 0    | 0    | -    | -    | -     | 0    | 0    | 
|yolo_pe_pack_59  | A*B          | 25     | 0      | -      | -      | 34     | 0    | 0    | -    | -    | -     | 0    | 0    | 
|yolo_pe_pack_60  | A*B          | 25     | 0      | -      | -      | 34     | 0    | 0    | -    | -    | -     | 0    | 0    | 
|yolo_pe_pack_61  | A*B          | 25     | 0      | -      | -      | 34     | 0    | 0    | -    | -    | -     | 0    | 0    | 
|yolo_pe_pack_62  | A*B          | 25     | 0      | -      | -      | 34     | 0    | 0    | -    | -    | -     | 0    | 0    | 
|yolo_pe_pack_63  | A*B          | 25     | 0      | -      | -      | 34     | 0    | 0    | -    | -    | -     | 0    | 0    | 
|yolo_pe_pack_64  | A*B          | 25     | 0      | -      | -      | 34     | 0    | 0    | -    | -    | -     | 0    | 0    | 
|yolo_pe_pack_65  | A*B          | 25     | 0      | -      | -      | 34     | 0    | 0    | -    | -    | -     | 0    | 0    | 
|yolo_pe_pack_66  | A*B          | 25     | 0      | -      | -      | 34     | 0    | 0    | -    | -    | -     | 0    | 0    | 
|yolo_pe_pack_67  | A*B          | 25     | 0      | -      | -      | 34     | 0    | 0    | -    | -    | -     | 0    | 0    | 
|yolo_pe_pack_68  | A*B          | 25     | 0      | -      | -      | 34     | 0    | 0    | -    | -    | -     | 0    | 0    | 
|yolo_pe_pack_69  | A*B          | 25     | 0      | -      | -      | 34     | 0    | 0    | -    | -    | -     | 0    | 0    | 
|yolo_pe_pack_70  | A*B          | 25     | 0      | -      | -      | 34     | 0    | 0    | -    | -    | -     | 0    | 0    | 
|yolo_pe_pack_71  | A*B          | 25     | 0      | -      | -      | 34     | 0    | 0    | -    | -    | -     | 0    | 0    | 
|yolo_pe_pack_72  | A*B          | 25     | 0      | -      | -      | 34     | 0    | 0    | -    | -    | -     | 0    | 0    | 
|yolo_pe_pack_73  | A*B          | 25     | 0      | -      | -      | 34     | 0    | 0    | -    | -    | -     | 0    | 0    | 
|yolo_pe_pack_74  | A*B          | 25     | 0      | -      | -      | 34     | 0    | 0    | -    | -    | -     | 0    | 0    | 
|yolo_pe_pack_75  | A*B          | 25     | 0      | -      | -      | 34     | 0    | 0    | -    | -    | -     | 0    | 0    | 
|yolo_pe_pack_76  | A*B          | 25     | 0      | -      | -      | 34     | 0    | 0    | -    | -    | -     | 0    | 0    | 
|yolo_pe_pack_77  | A*B          | 25     | 0      | -      | -      | 34     | 0    | 0    | -    | -    | -     | 0    | 0    | 
|yolo_pe_pack_78  | A*B          | 25     | 0      | -      | -      | 34     | 0    | 0    | -    | -    | -     | 0    | 0    | 
|yolo_pe_pack_79  | A*B          | 25     | 0      | -      | -      | 34     | 0    | 0    | -    | -    | -     | 0    | 0    | 
|yolo_pe_pack_80  | A*B          | 25     | 0      | -      | -      | 34     | 0    | 0    | -    | -    | -     | 0    | 0    | 
|yolo_pe_pack_81  | A*B          | 25     | 0      | -      | -      | 34     | 0    | 0    | -    | -    | -     | 0    | 0    | 
|yolo_pe_pack_82  | A*B          | 25     | 0      | -      | -      | 34     | 0    | 0    | -    | -    | -     | 0    | 0    | 
|yolo_pe_pack_83  | A*B          | 25     | 0      | -      | -      | 34     | 0    | 0    | -    | -    | -     | 0    | 0    | 
|yolo_pe_pack_84  | A*B          | 25     | 0      | -      | -      | 34     | 0    | 0    | -    | -    | -     | 0    | 0    | 
|yolo_pe_pack_85  | A*B          | 25     | 0      | -      | -      | 34     | 0    | 0    | -    | -    | -     | 0    | 0    | 
|yolo_pe_pack_86  | A*B          | 25     | 0      | -      | -      | 34     | 0    | 0    | -    | -    | -     | 0    | 0    | 
|yolo_pe_pack_87  | A*B          | 25     | 0      | -      | -      | 34     | 0    | 0    | -    | -    | -     | 0    | 0    | 
|yolo_pe_pack_88  | A*B          | 25     | 0      | -      | -      | 34     | 0    | 0    | -    | -    | -     | 0    | 0    | 
|yolo_pe_pack_89  | A*B          | 25     | 0      | -      | -      | 34     | 0    | 0    | -    | -    | -     | 0    | 0    | 
|yolo_pe_pack_90  | A*B          | 25     | 0      | -      | -      | 34     | 0    | 0    | -    | -    | -     | 0    | 0    | 
|yolo_pe_pack_91  | A*B          | 25     | 0      | -      | -      | 34     | 0    | 0    | -    | -    | -     | 0    | 0    | 
|yolo_pe_pack_92  | A*B          | 25     | 0      | -      | -      | 34     | 0    | 0    | -    | -    | -     | 0    | 0    | 
|yolo_pe_pack_93  | A*B          | 25     | 0      | -      | -      | 34     | 0    | 0    | -    | -    | -     | 0    | 0    | 
|yolo_pe_pack_94  | A*B          | 25     | 0      | -      | -      | 34     | 0    | 0    | -    | -    | -     | 0    | 0    | 
|yolo_pe_pack_95  | A*B          | 25     | 0      | -      | -      | 34     | 0    | 0    | -    | -    | -     | 0    | 0    | 
|yolo_pe_pack_96  | A*B          | 25     | 0      | -      | -      | 34     | 0    | 0    | -    | -    | -     | 0    | 0    | 
|yolo_pe_pack_97  | A*B          | 25     | 0      | -      | -      | 34     | 0    | 0    | -    | -    | -     | 0    | 0    | 
|yolo_pe_pack_98  | A*B          | 25     | 0      | -      | -      | 34     | 0    | 0    | -    | -    | -     | 0    | 0    | 
|yolo_pe_pack_99  | A*B          | 25     | 0      | -      | -      | 34     | 0    | 0    | -    | -    | -     | 0    | 0    | 
|yolo_pe_pack_100 | A*B          | 25     | 0      | -      | -      | 34     | 0    | 0    | -    | -    | -     | 0    | 0    | 
|yolo_pe_pack_101 | A*B          | 25     | 0      | -      | -      | 34     | 0    | 0    | -    | -    | -     | 0    | 0    | 
|yolo_pe_pack_102 | A*B          | 25     | 0      | -      | -      | 34     | 0    | 0    | -    | -    | -     | 0    | 0    | 
|yolo_pe_pack_103 | A*B          | 25     | 0      | -      | -      | 34     | 0    | 0    | -    | -    | -     | 0    | 0    | 
|yolo_pe_pack_104 | A*B          | 25     | 0      | -      | -      | 34     | 0    | 0    | -    | -    | -     | 0    | 0    | 
|yolo_pe_pack_105 | A*B          | 25     | 0      | -      | -      | 34     | 0    | 0    | -    | -    | -     | 0    | 0    | 
|yolo_pe_pack_106 | A*B          | 25     | 0      | -      | -      | 34     | 0    | 0    | -    | -    | -     | 0    | 0    | 
|yolo_pe_pack_107 | A*B          | 25     | 0      | -      | -      | 34     | 0    | 0    | -    | -    | -     | 0    | 0    | 
|yolo_pe_pack_108 | A*B          | 25     | 0      | -      | -      | 34     | 0    | 0    | -    | -    | -     | 0    | 0    | 
|yolo_pe_pack_109 | A*B          | 25     | 0      | -      | -      | 34     | 0    | 0    | -    | -    | -     | 0    | 0    | 
|yolo_pe_pack_110 | A*B          | 25     | 0      | -      | -      | 34     | 0    | 0    | -    | -    | -     | 0    | 0    | 
|yolo_pe_pack_111 | A*B          | 25     | 0      | -      | -      | 34     | 0    | 0    | -    | -    | -     | 0    | 0    | 
|yolo_pe_pack_112 | A*B          | 25     | 0      | -      | -      | 34     | 0    | 0    | -    | -    | -     | 0    | 0    | 
|yolo_pe_pack_113 | A*B          | 25     | 0      | -      | -      | 34     | 0    | 0    | -    | -    | -     | 0    | 0    | 
|yolo_pe_pack_114 | A*B          | 25     | 0      | -      | -      | 34     | 0    | 0    | -    | -    | -     | 0    | 0    | 
|yolo_pe_pack_115 | A*B          | 25     | 0      | -      | -      | 34     | 0    | 0    | -    | -    | -     | 0    | 0    | 
|yolo_pe_pack_116 | A*B          | 25     | 0      | -      | -      | 34     | 0    | 0    | -    | -    | -     | 0    | 0    | 
|yolo_pe_pack_117 | A*B          | 25     | 0      | -      | -      | 34     | 0    | 0    | -    | -    | -     | 0    | 0    | 
|yolo_pe_pack_118 | A*B          | 25     | 0      | -      | -      | 34     | 0    | 0    | -    | -    | -     | 0    | 0    | 
|yolo_pe_pack_119 | A*B          | 25     | 0      | -      | -      | 34     | 0    | 0    | -    | -    | -     | 0    | 0    | 
|yolo_pe_pack_120 | A*B          | 25     | 0      | -      | -      | 34     | 0    | 0    | -    | -    | -     | 0    | 0    | 
|yolo_pe_pack_121 | A*B          | 25     | 0      | -      | -      | 34     | 0    | 0    | -    | -    | -     | 0    | 0    | 
|yolo_pe_pack_122 | A*B          | 25     | 0      | -      | -      | 34     | 0    | 0    | -    | -    | -     | 0    | 0    | 
|yolo_pe_pack_123 | A*B          | 25     | 0      | -      | -      | 34     | 0    | 0    | -    | -    | -     | 0    | 0    | 
|yolo_pe_pack_124 | A*B          | 25     | 0      | -      | -      | 34     | 0    | 0    | -    | -    | -     | 0    | 0    | 
|yolo_pe_pack_125 | A*B          | 25     | 0      | -      | -      | 34     | 0    | 0    | -    | -    | -     | 0    | 0    | 
|yolo_pe_pack_126 | A*B          | 25     | 0      | -      | -      | 34     | 0    | 0    | -    | -    | -     | 0    | 0    | 
|yolo_addrgen     | C+A*B        | 16     | 8      | 8      | -      | 18     | 0    | 0    | 0    | -    | -     | 0    | 0    | 
|yolo_addrgen     | C+A*B        | 16     | 8      | 8      | -      | 18     | 0    | 0    | 0    | -    | -     | 0    | 0    | 
|yolo_addrgen     | A*B          | 18     | 16     | -      | -      | 34     | 0    | 0    | -    | -    | -     | 0    | 0    | 
|yolo_addrgen     | A*B          | 16     | 16     | -      | -      | 32     | 0    | 0    | -    | -    | -     | 0    | 0    | 
|yolo_addrgen     | A*B          | 17     | 16     | -      | -      | 48     | 0    | 0    | -    | -    | -     | 0    | 0    | 
|yolo_addrgen     | PCIN>>17+A*B | 16     | 15     | -      | -      | 48     | 0    | 0    | -    | -    | -     | 0    | 0    | 
|yolo_addrgen     | Dynamic      | -      | -      | -      | -      | 32     | -    | -    | -    | -    | -     | 0    | 0    | 
|yolo_ctrl        | C+A*B        | 12     | 12     | 48     | -      | 12     | 0    | 0    | 0    | -    | -     | 0    | 0    | 
|yolo_requant     | A*B          | 17     | 18     | -      | -      | 48     | 0    | 0    | -    | -    | -     | 0    | 0    | 
|yolo_requant     | PCIN>>17+A*B | 30     | 18     | -      | -      | 30     | 0    | 0    | -    | -    | -     | 0    | 0    | 
|yolo_requant     | A*B          | 17     | 17     | -      | -      | 48     | 0    | 0    | -    | -    | -     | 0    | 0    | 
|yolo_requant     | PCIN>>17+A*B | 0      | 18     | -      | -      | 47     | 0    | 0    | -    | -    | -     | 0    | 0    | 
+-----------------+--------------+--------+--------+--------+--------+--------+------+------+------+------+-------+------+------+


Report BlackBoxes: 
+------+--------------+----------+
|      |BlackBox name |Instances |
+------+--------------+----------+
|1     |yolo_xbuf_bmg |         2|
+------+--------------+----------+

Report Cell Usage: 
+------+--------------+------+
|      |Cell          |Count |
+------+--------------+------+
|1     |yolo_xbuf_bmg |     2|
|3     |CARRY4        |  3547|
|4     |DSP48E1       |   142|
|8     |LUT1          |   373|
|9     |LUT2          | 18134|
|10    |LUT3          |   814|
|11    |LUT4          |  1307|
|12    |LUT5          |   710|
|13    |LUT6          |  3912|
|14    |MUXF7         |  1436|
|15    |MUXF8         |   691|
|16    |RAM32M        |    22|
|17    |RAM32X1D      |    12|
|18    |FDCE          | 13286|
|19    |FDPE          |     1|
|20    |FDRE          |   128|
+------+--------------+------+
---------------------------------------------------------------------------------
Finished Writing Synthesis Report : Time (s): cpu = 00:01:12 ; elapsed = 00:01:17 . Memory (MB): peak = 2121.809 ; gain = 1314.129
---------------------------------------------------------------------------------
Synthesis finished with 0 errors, 0 critical warnings and 0 warnings.
Synthesis Optimization Runtime : Time (s): cpu = 00:01:00 ; elapsed = 00:01:11 . Memory (MB): peak = 2121.809 ; gain = 1225.051
Synthesis Optimization Complete : Time (s): cpu = 00:01:12 ; elapsed = 00:01:17 . Memory (MB): peak = 2121.809 ; gain = 1314.129
INFO: [Project 1-571] Translating synthesized netlist
INFO: [Project 1-454] Reading design checkpoint 'e:/competition/2_fpga/3_yolo_zynq/ip/yolo_xbuf_bmg/yolo_xbuf_bmg.dcp' for cell 'u_array/u_xbuf/u_bank0'
Netlist sorting complete. Time (s): cpu = 00:00:01 ; elapsed = 00:00:00.429 . Memory (MB): peak = 2153.656 ; gain = 0.000
INFO: [Netlist 29-17] Analyzing 5870 Unisim elements for replacement
INFO: [Netlist 29-28] Unisim Transformation completed in 0 CPU seconds
INFO: [Project 1-479] Netlist was created with Vivado 2025.2
INFO: [Project 1-570] Preparing netlist for logic optimization
INFO: [Project 1-538] Using original IP XDC constraints instead of the XDC constraints in dcp 'e:/competition/2_fpga/3_yolo_zynq/ip/yolo_xbuf_bmg/yolo_xbuf_bmg.dcp'
INFO: [Project 1-538] Using original IP XDC constraints instead of the XDC constraints in dcp 'e:/competition/2_fpga/3_yolo_zynq/ip/yolo_xbuf_bmg/yolo_xbuf_bmg.dcp'
INFO: [Opt 31-138] Pushed 0 inverter(s) to 0 load pin(s).
Netlist sorting complete. Time (s): cpu = 00:00:00 ; elapsed = 00:00:00.012 . Memory (MB): peak = 2163.828 ; gain = 0.000
INFO: [Project 1-111] Unisim Transformation Summary:
  A total of 34 instances were transformed.
  RAM32M => RAM32M (RAMD32(x6), RAMS32(x2)): 22 instances
  RAM32X1D => RAM32X1D (RAMD32(x2)): 12 instances

Synth Design complete | Checksum: e76649b8
INFO: [Common 17-83] Releasing license: Synthesis
60 Infos, 103 Warnings, 0 Critical Warnings and 0 Errors encountered.
synth_design completed successfully
synth_design: Time (s): cpu = 00:01:22 ; elapsed = 00:01:27 . Memory (MB): peak = 2163.828 ; gain = 1589.055
Command: opt_design
Attempting to get a license for feature 'Implementation' and/or device 'xc7z020'
INFO: [Common 17-349] Got license for feature 'Implementation' and/or device 'xc7z020'
Running DRC as a precondition to command opt_design

Starting DRC Task
INFO: [DRC 23-27] Running DRC with 2 threads
WARNING: [DRC 23-814] Not all possible (connectivity based) DRCs may have been run because this design is seen as Out of Context.
INFO: [Project 1-461] DRC finished with 0 Errors
INFO: [Project 1-462] Please refer to the DRC report (report_drc) for more information.

Time (s): cpu = 00:00:01 ; elapsed = 00:00:00.478 . Memory (MB): peak = 2163.828 ; gain = 0.000

Starting Cache Timing Information Task
INFO: [Timing 38-35] Done setting XDC timing constraints.
Ending Cache Timing Information Task | Checksum: 1da3e0695

Time (s): cpu = 00:00:07 ; elapsed = 00:00:06 . Memory (MB): peak = 2163.828 ; gain = 0.000

Starting Logic Optimization Task

Phase 1 Initialization

Phase 1.1 Core Generation And Design Setup
Phase 1.1 Core Generation And Design Setup | Checksum: 1da3e0695

Time (s): cpu = 00:00:01 ; elapsed = 00:00:00.031 . Memory (MB): peak = 2254.090 ; gain = 0.000

Phase 1.2 Setup Constraints And Sort Netlist
Phase 1.2 Setup Constraints And Sort Netlist | Checksum: 1da3e0695

Time (s): cpu = 00:00:01 ; elapsed = 00:00:00.059 . Memory (MB): peak = 2254.090 ; gain = 0.000
Phase 1 Initialization | Checksum: 1da3e0695

Time (s): cpu = 00:00:01 ; elapsed = 00:00:00.062 . Memory (MB): peak = 2254.090 ; gain = 0.000

Phase 2 Timer Update And Timing Data Collection

Phase 2.1 Detect if minReqCache needed
Phase 2.1 Detect if minReqCache needed | Checksum: 1da3e0695

Time (s): cpu = 00:00:01 ; elapsed = 00:00:00.179 . Memory (MB): peak = 2254.125 ; gain = 0.035

Phase 2.2 Timer Update
Phase 2.2 Timer Update | Checksum: 1da3e0695

Time (s): cpu = 00:00:01 ; elapsed = 00:00:00.228 . Memory (MB): peak = 2254.125 ; gain = 0.035
Phase 2 Timer Update And Timing Data Collection | Checksum: 1da3e0695

Time (s): cpu = 00:00:01 ; elapsed = 00:00:00.235 . Memory (MB): peak = 2254.125 ; gain = 0.035

Phase 3 Retarget
INFO: [Opt 31-1851] Number of loadless carry chains removed were: 0
INFO: [Opt 31-1834] Total Chains To Be Transformed Were: 0 AND Number of Transformed insts Created are: 0
INFO: [Opt 31-1566] Pulled 4 inverters resulting in an inversion of 16 pins
INFO: [Opt 31-138] Pushed 0 inverter(s) to 0 load pin(s).
INFO: [Opt 31-49] Retargeted 0 cell(s).
Phase 3 Retarget | Checksum: 1e135b556

Time (s): cpu = 00:00:01 ; elapsed = 00:00:01 . Memory (MB): peak = 2254.125 ; gain = 0.035
Retarget | Checksum: 1e135b556
INFO: [Opt 31-389] Phase Retarget created 0 cells and removed 5 cells

Phase 4 Constant propagation
INFO: [Opt 31-138] Pushed 0 inverter(s) to 0 load pin(s).
Phase 4 Constant propagation | Checksum: 1b2d1e9cb

Time (s): cpu = 00:00:02 ; elapsed = 00:00:01 . Memory (MB): peak = 2254.125 ; gain = 0.035
Constant propagation | Checksum: 1b2d1e9cb
INFO: [Opt 31-389] Phase Constant propagation created 0 cells and removed 0 cells

Phase 5 Sweep
INFO: [Constraints 18-11670] Building netlist checker database with flags, 0x8
Done building netlist checker database: Time (s): cpu = 00:00:00 ; elapsed = 00:00:00.013 . Memory (MB): peak = 2254.125 ; gain = 0.000
INFO: [Constraints 18-11670] Building netlist checker database with flags, 0x8
Done building netlist checker database: Time (s): cpu = 00:00:00 ; elapsed = 00:00:00.012 . Memory (MB): peak = 2254.125 ; gain = 0.000
Phase 5 Sweep | Checksum: 15002b369

Time (s): cpu = 00:00:03 ; elapsed = 00:00:02 . Memory (MB): peak = 2254.125 ; gain = 0.035
Sweep | Checksum: 15002b369
INFO: [Opt 31-389] Phase Sweep created 0 cells and removed 0 cells

Phase 6 BUFG optimization
Phase 6 BUFG optimization | Checksum: 15002b369

Time (s): cpu = 00:00:03 ; elapsed = 00:00:02 . Memory (MB): peak = 2254.125 ; gain = 0.035
BUFG optimization | Checksum: 15002b369
INFO: [Opt 31-662] Phase BUFG optimization created 0 cells of which 0 are BUFGs and removed 0 cells.

Phase 7 Shift Register Optimization
INFO: [Opt 31-1064] SRL Remap converted 0 SRLs to 0 registers and converted 0 registers of register chains to 0 SRLs
Phase 7 Shift Register Optimization | Checksum: 15002b369

Time (s): cpu = 00:00:03 ; elapsed = 00:00:02 . Memory (MB): peak = 2254.125 ; gain = 0.035
Shift Register Optimization | Checksum: 15002b369
INFO: [Opt 31-389] Phase Shift Register Optimization created 0 cells and removed 0 cells

Phase 8 Post Processing Netlist
Phase 8 Post Processing Netlist | Checksum: 15002b369

Time (s): cpu = 00:00:03 ; elapsed = 00:00:03 . Memory (MB): peak = 2254.125 ; gain = 0.035
Post Processing Netlist | Checksum: 15002b369
INFO: [Opt 31-389] Phase Post Processing Netlist created 0 cells and removed 0 cells

Phase 9 Finalization

Phase 9.1 Finalizing Design Cores and Updating Shapes
Phase 9.1 Finalizing Design Cores and Updating Shapes | Checksum: 165abee9d

Time (s): cpu = 00:00:04 ; elapsed = 00:00:04 . Memory (MB): peak = 2254.125 ; gain = 0.035

Phase 9.2 Verifying Netlist Connectivity

Starting Connectivity Check Task

Time (s): cpu = 00:00:00 ; elapsed = 00:00:00.086 . Memory (MB): peak = 2254.125 ; gain = 0.000
Phase 9.2 Verifying Netlist Connectivity | Checksum: 165abee9d

Time (s): cpu = 00:00:04 ; elapsed = 00:00:04 . Memory (MB): peak = 2254.125 ; gain = 0.035
Phase 9 Finalization | Checksum: 165abee9d

Time (s): cpu = 00:00:04 ; elapsed = 00:00:04 . Memory (MB): peak = 2254.125 ; gain = 0.035
Opt_design Change Summary
=========================


-------------------------------------------------------------------------------------------------------------------------
|  Phase                        |  #Cells created  |  #Cells Removed  |  #Constrained objects preventing optimizations  |
-------------------------------------------------------------------------------------------------------------------------
|  Retarget                     |               0  |               5  |                                              0  |
|  Constant propagation         |               0  |               0  |                                              0  |
|  Sweep                        |               0  |               0  |                                              0  |
|  BUFG optimization            |               0  |               0  |                                              0  |
|  Shift Register Optimization  |               0  |               0  |                                              0  |
|  Post Processing Netlist      |               0  |               0  |                                              0  |
-------------------------------------------------------------------------------------------------------------------------


Ending Logic Optimization Task | Checksum: 165abee9d

Time (s): cpu = 00:00:04 ; elapsed = 00:00:04 . Memory (MB): peak = 2254.125 ; gain = 0.035

Starting Power Optimization Task
INFO: [Pwropt 34-132] Skipping clock gating for clocks with a period < 2.00 ns.
INFO: [Pwropt 34-9] Applying IDT optimizations ...
INFO: [Pwropt 34-10] Applying ODC optimizations ...
INFO: [Timing 38-35] Done setting XDC timing constraints.
Running Vector-less Activity Propagation...

Finished Running Vector-less Activity Propagation


Starting PowerOpt Patch Enables Task
INFO: [Pwropt 34-162] WRITE_MODE attribute of 0 BRAM(s) out of a total of 20 has been updated to save power. Run report_power_opt to get a complete listing of the BRAMs updated.
INFO: [Pwropt 34-201] Structural ODC has moved 0 WE to EN ports
Number of BRAM Ports augmented: 16 newly gated: 0 Total Ports: 40
Ending PowerOpt Patch Enables Task | Checksum: 1004c0855

Time (s): cpu = 00:00:00 ; elapsed = 00:00:00.225 . Memory (MB): peak = 2309.074 ; gain = 0.000
Ending Power Optimization Task | Checksum: 1004c0855

Time (s): cpu = 00:00:13 ; elapsed = 00:00:08 . Memory (MB): peak = 2309.074 ; gain = 54.949

Starting Final Cleanup Task
Ending Final Cleanup Task | Checksum: 1004c0855

Time (s): cpu = 00:00:00 ; elapsed = 00:00:00.003 . Memory (MB): peak = 2309.074 ; gain = 0.000
Netlist sorting complete. Time (s): cpu = 00:00:00 ; elapsed = 00:00:00.021 . Memory (MB): peak = 2309.074 ; gain = 0.000
INFO: [Common 17-83] Releasing license: Implementation
87 Infos, 104 Warnings, 0 Critical Warnings and 0 Errors encountered.
opt_design completed successfully
opt_design: Time (s): cpu = 00:00:27 ; elapsed = 00:00:22 . Memory (MB): peak = 2309.074 ; gain = 145.246
Command: place_design
Attempting to get a license for feature 'Implementation' and/or device 'xc7z020'
INFO: [Common 17-349] Got license for feature 'Implementation' and/or device 'xc7z020'
INFO: [Common 17-83] Releasing license: Implementation
INFO: [DRC 23-27] Running DRC with 2 threads
WARNING: [DRC 23-814] Not all possible (connectivity based) DRCs may have been run because this design is seen as Out of Context.
INFO: [Vivado_Tcl 4-198] DRC finished with 0 Errors
INFO: [Vivado_Tcl 4-199] Please refer to the DRC report (report_drc) for more information.
INFO: [Timing 38-35] Done setting XDC timing constraints.
Running DRC as a precondition to command place_design
INFO: [DRC 23-27] Running DRC with 2 threads
WARNING: [DRC 23-814] Not all possible (connectivity based) DRCs may have been run because this design is seen as Out of Context.
INFO: [Vivado_Tcl 4-198] DRC finished with 0 Errors, 21 Warnings
INFO: [Vivado_Tcl 4-199] Please refer to the DRC report (report_drc) for more information.
INFO: [Place 30-611] Multithreading enabled for place_design using a maximum of 2 CPUs

Starting Placer Task

Phase 1 Placer Initialization

Phase 1.1 Placer Initialization Netlist Sorting
Netlist sorting complete. Time (s): cpu = 00:00:00 ; elapsed = 00:00:00.014 . Memory (MB): peak = 2309.074 ; gain = 0.000
Phase 1.1 Placer Initialization Netlist Sorting | Checksum: fad200e1

Time (s): cpu = 00:00:00 ; elapsed = 00:00:00.024 . Memory (MB): peak = 2309.074 ; gain = 0.000
Netlist sorting complete. Time (s): cpu = 00:00:00 ; elapsed = 00:00:00.014 . Memory (MB): peak = 2309.074 ; gain = 0.000

Phase 1.2 IO Placement/ Clock Placement/ Build Placer Device
Phase 1.2 IO Placement/ Clock Placement/ Build Placer Device | Checksum: d9d34637

Time (s): cpu = 00:00:03 ; elapsed = 00:00:02 . Memory (MB): peak = 2309.074 ; gain = 0.000

Phase 1.3 Build Placer Netlist Model
Phase 1.3 Build Placer Netlist Model | Checksum: 147c250a5

Time (s): cpu = 00:00:14 ; elapsed = 00:00:10 . Memory (MB): peak = 2309.074 ; gain = 0.000

Phase 1.4 Constrain Clocks/Macros
Phase 1.4 Constrain Clocks/Macros | Checksum: 147c250a5

Time (s): cpu = 00:00:14 ; elapsed = 00:00:10 . Memory (MB): peak = 2309.074 ; gain = 0.000
Phase 1 Placer Initialization | Checksum: 147c250a5

Time (s): cpu = 00:00:14 ; elapsed = 00:00:10 . Memory (MB): peak = 2309.074 ; gain = 0.000

Phase 2 Global Placement

Phase 2.1 Floorplanning
Phase 2.1 Floorplanning | Checksum: 16d828ed7

Time (s): cpu = 00:00:25 ; elapsed = 00:00:16 . Memory (MB): peak = 2309.074 ; gain = 0.000

Phase 2.2 Update Timing before SLR Path Opt
Phase 2.2 Update Timing before SLR Path Opt | Checksum: 1454aa32c

Time (s): cpu = 00:00:34 ; elapsed = 00:00:21 . Memory (MB): peak = 2309.074 ; gain = 0.000

Phase 2.3 Post-Processing in Floorplanning
Phase 2.3 Post-Processing in Floorplanning | Checksum: 1d819e958

Time (s): cpu = 00:00:34 ; elapsed = 00:00:21 . Memory (MB): peak = 2309.074 ; gain = 0.000

Phase 2.4 Global Place Phase1
Phase 2.4 Global Place Phase1 | Checksum: 13b953c75

Time (s): cpu = 00:01:34 ; elapsed = 00:00:57 . Memory (MB): peak = 2309.074 ; gain = 0.000

Phase 2.5 Global Place Phase2

Phase 2.5.1 UpdateTiming Before Physical Synthesis
Phase 2.5.1 UpdateTiming Before Physical Synthesis | Checksum: cde95df6

Time (s): cpu = 00:01:40 ; elapsed = 00:01:00 . Memory (MB): peak = 2309.074 ; gain = 0.000

Phase 2.5.2 Physical Synthesis In Placer
INFO: [Physopt 32-1035] Found 196 LUTNM shape to break, 113 LUT instances to create LUTNM shape
INFO: [Physopt 32-1044] Break lutnm for timing: one critical 6, two critical 190, total 196, new lutff created 2
INFO: [Physopt 32-1138] End 1 Pass. Optimized 242 nets or LUTs. Breaked 196 LUTs, combined 46 existing LUTs and moved 0 existing LUT
INFO: [Physopt 32-1408] Pass 1. Identified 1 candidate net for high-fanout optimization.
INFO: [Physopt 32-81] Processed net u_array/u_ctrl/FSM_onehot_state_r_reg[4]_0[1]. Replicated 48 times.
INFO: [Physopt 32-232] Optimized 1 net. Created 48 new instances.
INFO: [Physopt 32-775] End 1 Pass. Optimized 1 net or cell. Created 48 new cells, deleted 0 existing cell and moved 0 existing cell
Netlist sorting complete. Time (s): cpu = 00:00:00 ; elapsed = 00:00:00.145 . Memory (MB): peak = 2309.074 ; gain = 0.000
INFO: [Physopt 32-46] Identified 19 candidate nets for critical-cell optimization.
INFO: [Physopt 32-232] Optimized 0 net. Created 0 new instance.
INFO: [Physopt 32-775] End 1 Pass. Optimized 0 net or cell. Created 0 new cell, deleted 0 existing cell and moved 0 existing cell
INFO: [Physopt 32-456] No candidate cells for DSP register optimization found in the design.
INFO: [Physopt 32-775] End 2 Pass. Optimized 0 net or cell. Created 0 new cell, deleted 0 existing cell and moved 0 existing cell
INFO: [Physopt 32-1123] No candidate cells found for Shift Register to Pipeline optimization
INFO: [Physopt 32-775] End 2 Pass. Optimized 0 net or cell. Created 0 new cell, deleted 0 existing cell and moved 0 existing cell
INFO: [Physopt 32-1401] No candidate cells found for Shift Register optimization.
INFO: [Physopt 32-677] No candidate cells for Shift Register optimization found in the design
INFO: [Physopt 32-775] End 1 Pass. Optimized 0 net or cell. Created 0 new cell, deleted 0 existing cell and moved 0 existing cell
INFO: [Physopt 32-526] No candidate cells for BRAM register optimization found in the design
INFO: [Physopt 32-775] End 1 Pass. Optimized 0 net or cell. Created 0 new cell, deleted 0 existing cell and moved 0 existing cell
INFO: [Physopt 32-846] No candidate cells for URAM register optimization found in the design
INFO: [Physopt 32-775] End 1 Pass. Optimized 0 net or cell. Created 0 new cell, deleted 0 existing cell and moved 0 existing cell
INFO: [Physopt 32-846] No candidate cells for URAM register optimization found in the design
INFO: [Physopt 32-775] End 1 Pass. Optimized 0 net or cell. Created 0 new cell, deleted 0 existing cell and moved 0 existing cell
INFO: [Physopt 32-949] No candidate nets found for dynamic/static region interface net replication
INFO: [Physopt 32-775] End 1 Pass. Optimized 0 net or cell. Created 0 new cell, deleted 0 existing cell and moved 0 existing cell
Netlist sorting complete. Time (s): cpu = 00:00:00 ; elapsed = 00:00:00.018 . Memory (MB): peak = 2309.074 ; gain = 0.000
INFO: [Physopt 32-64] No nets found for fanout-optimization.
INFO: [Physopt 32-232] Optimized 0 net. Created 0 new instance.
INFO: [Physopt 32-775] End 1 Pass. Optimized 0 net or cell. Created 0 new cell, deleted 0 existing cell and moved 0 existing cell
Netlist sorting complete. Time (s): cpu = 00:00:00 ; elapsed = 00:00:00.019 . Memory (MB): peak = 2309.074 ; gain = 0.000

Summary of Physical Synthesis Optimizations
============================================


-----------------------------------------------------------------------------------------------------------------------------------------------------------
|  Optimization                                     |  Added Cells  |  Removed Cells  |  Optimized Cells/Nets  |  Dont Touch  |  Iterations  |  Elapsed   |
-----------------------------------------------------------------------------------------------------------------------------------------------------------
|  LUT Combining                                    |          196  |             46  |                   242  |           0  |           1  |  00:00:00  |
|  Retime                                           |            0  |              0  |                     0  |           0  |           1  |  00:00:00  |
|  Very High Fanout                                 |           48  |              0  |                     1  |           0  |           1  |  00:00:01  |
|  Critical Cell                                    |            0  |              0  |                     0  |           0  |           1  |  00:00:00  |
|  DSP Register                                     |            0  |              0  |                     0  |           0  |           1  |  00:00:00  |
|  Shift Register to Pipeline                       |            0  |              0  |                     0  |           0  |           1  |  00:00:00  |
|  Shift Register                                   |            0  |              0  |                     0  |           0  |           1  |  00:00:00  |
|  BRAM Register                                    |            0  |              0  |                     0  |           0  |           1  |  00:00:00  |
|  URAM Register                                    |            0  |              0  |                     0  |           0  |           1  |  00:00:00  |
|  Dynamic/Static Region Interface Net Replication  |            0  |              0  |                     0  |           0  |           1  |  00:00:00  |
|  Fanout                                           |            0  |              0  |                     0  |           0  |           1  |  00:00:00  |
|  Total                                            |          244  |             46  |                   243  |           0  |          11  |  00:00:02  |
-----------------------------------------------------------------------------------------------------------------------------------------------------------


Phase 2.5.2 Physical Synthesis In Placer | Checksum: 157f642bc

Time (s): cpu = 00:01:46 ; elapsed = 00:01:05 . Memory (MB): peak = 2309.074 ; gain = 0.000
Phase 2.5 Global Place Phase2 | Checksum: 186d6c7dd

Time (s): cpu = 00:01:48 ; elapsed = 00:01:06 . Memory (MB): peak = 2309.074 ; gain = 0.000
Phase 2 Global Placement | Checksum: 186d6c7dd

Time (s): cpu = 00:01:48 ; elapsed = 00:01:06 . Memory (MB): peak = 2309.074 ; gain = 0.000

Phase 3 Detail Placement

Phase 3.1 Commit Multi Column Macros
Phase 3.1 Commit Multi Column Macros | Checksum: 1da2ea211

Time (s): cpu = 00:01:52 ; elapsed = 00:01:09 . Memory (MB): peak = 2309.074 ; gain = 0.000

Phase 3.2 Commit Most Macros & LUTRAMs
Phase 3.2 Commit Most Macros & LUTRAMs | Checksum: 17c5e1b81

Time (s): cpu = 00:02:01 ; elapsed = 00:01:15 . Memory (MB): peak = 2309.074 ; gain = 0.000

Phase 3.3 Area Swap Optimization
Phase 3.3 Area Swap Optimization | Checksum: 15999b694

Time (s): cpu = 00:02:01 ; elapsed = 00:01:15 . Memory (MB): peak = 2309.074 ; gain = 0.000

Phase 3.4 Pipeline Register Optimization
Phase 3.4 Pipeline Register Optimization | Checksum: 18db5a432

Time (s): cpu = 00:02:01 ; elapsed = 00:01:15 . Memory (MB): peak = 2309.074 ; gain = 0.000

Phase 3.5 Fast Optimization
Phase 3.5 Fast Optimization | Checksum: 1067829d2

Time (s): cpu = 00:02:11 ; elapsed = 00:01:22 . Memory (MB): peak = 2309.074 ; gain = 0.000

Phase 3.6 Small Shape Detail Placement
Phase 3.6 Small Shape Detail Placement | Checksum: 11a97299c

Time (s): cpu = 00:02:19 ; elapsed = 00:01:30 . Memory (MB): peak = 2309.074 ; gain = 0.000

Phase 3.7 Re-assign LUT pins
Phase 3.7 Re-assign LUT pins | Checksum: 13214cbe8

Time (s): cpu = 00:02:21 ; elapsed = 00:01:32 . Memory (MB): peak = 2309.074 ; gain = 0.000

Phase 3.8 Pipeline Register Optimization
Phase 3.8 Pipeline Register Optimization | Checksum: 193dbfdbe

Time (s): cpu = 00:02:21 ; elapsed = 00:01:33 . Memory (MB): peak = 2309.074 ; gain = 0.000

Phase 3.9 Fast Optimization
Phase 3.9 Fast Optimization | Checksum: 1955130f5

Time (s): cpu = 00:02:35 ; elapsed = 00:01:43 . Memory (MB): peak = 2309.074 ; gain = 0.000
Phase 3 Detail Placement | Checksum: 1955130f5

Time (s): cpu = 00:02:36 ; elapsed = 00:01:43 . Memory (MB): peak = 2309.074 ; gain = 0.000

Phase 4 Post Placement Optimization and Clean-Up

Phase 4.1 Post Commit Optimization
INFO: [Timing 38-35] Done setting XDC timing constraints.

Phase 4.1.1 Post Placement Optimization
Post Placement Optimization Initialization | Checksum: 1779f9489

Phase 4.1.1.1 BUFG Insertion

Starting Physical Synthesis Task

Phase 1 Physical Synthesis Initialization
INFO: [Physopt 32-721] Multithreading enabled for phys_opt_design using a maximum of 2 CPUs
INFO: [Physopt 32-619] Estimated Timing Summary | WNS=-31.513 | TNS=-86921.820 |
Phase 1 Physical Synthesis Initialization | Checksum: 1dc885c1f

Time (s): cpu = 00:00:01 ; elapsed = 00:00:00.521 . Memory (MB): peak = 2309.074 ; gain = 0.000
INFO: [Place 46-33] Processed net u_array/u_acc/rst_n_0, BUFG insertion was skipped due to placement/routing conflicts.
INFO: [Place 46-33] Processed net u_array/u_ctrl/FSM_onehot_state_r_reg[3]_0[0], BUFG insertion was skipped due to placement/routing conflicts.
INFO: [Place 46-56] BUFG insertion identified 2 candidate nets. Inserted BUFG: 0, Replicated BUFG Driver: 0, Skipped due to Placement/Routing Conflicts: 2, Skipped due to Timing Degradation: 0, Skipped due to netlist editing failed: 0.
Ending Physical Synthesis Task | Checksum: 237224f46

Time (s): cpu = 00:00:02 ; elapsed = 00:00:02 . Memory (MB): peak = 2309.074 ; gain = 0.000
Phase 4.1.1.1 BUFG Insertion | Checksum: 1779f9489

Time (s): cpu = 00:02:47 ; elapsed = 00:01:51 . Memory (MB): peak = 2309.074 ; gain = 0.000

Phase 4.1.1.2 Post Placement Timing Optimization
INFO: [Place 30-746] Post Placement Timing Summary WNS=-30.914. For the most accurate timing information please run report_timing.
Phase 4.1.1.2 Post Placement Timing Optimization | Checksum: 1f2440eb6

Time (s): cpu = 00:03:10 ; elapsed = 00:02:10 . Memory (MB): peak = 2309.074 ; gain = 0.000

Time (s): cpu = 00:03:10 ; elapsed = 00:02:10 . Memory (MB): peak = 2309.074 ; gain = 0.000
Phase 4.1 Post Commit Optimization | Checksum: 1f2440eb6

Time (s): cpu = 00:03:10 ; elapsed = 00:02:10 . Memory (MB): peak = 2309.074 ; gain = 0.000

Phase 4.2 Post Placement Cleanup
Phase 4.2 Post Placement Cleanup | Checksum: 1f2440eb6

Time (s): cpu = 00:03:10 ; elapsed = 00:02:11 . Memory (MB): peak = 2309.074 ; gain = 0.000

Phase 4.3 Placer Reporting

Phase 4.3.1 Print Estimated Congestion
INFO: [Place 30-612] Post-Placement Estimated Congestion 
 ____________________________________________________
|           | Global Congestion | Short Congestion  |
| Direction | Region Size       | Region Size       |
|___________|___________________|___________________|
|      North|                1x1|                2x2|
|___________|___________________|___________________|
|      South|                1x1|                2x2|
|___________|___________________|___________________|
|       East|                1x1|                2x2|
|___________|___________________|___________________|
|       West|                1x1|                4x4|
|___________|___________________|___________________|

Phase 4.3.1 Print Estimated Congestion | Checksum: 1f2440eb6

Time (s): cpu = 00:03:10 ; elapsed = 00:02:11 . Memory (MB): peak = 2309.074 ; gain = 0.000
Phase 4.3 Placer Reporting | Checksum: 1f2440eb6

Time (s): cpu = 00:03:10 ; elapsed = 00:02:11 . Memory (MB): peak = 2309.074 ; gain = 0.000

Phase 4.4 Final Placement Cleanup
Netlist sorting complete. Time (s): cpu = 00:00:00 ; elapsed = 00:00:00.072 . Memory (MB): peak = 2309.074 ; gain = 0.000

Time (s): cpu = 00:03:10 ; elapsed = 00:02:11 . Memory (MB): peak = 2309.074 ; gain = 0.000
Phase 4 Post Placement Optimization and Clean-Up | Checksum: 213820562

Time (s): cpu = 00:03:10 ; elapsed = 00:02:11 . Memory (MB): peak = 2309.074 ; gain = 0.000
Ending Placer Task | Checksum: 1dee0676f

Time (s): cpu = 00:03:11 ; elapsed = 00:02:11 . Memory (MB): peak = 2309.074 ; gain = 0.000
133 Infos, 106 Warnings, 0 Critical Warnings and 0 Errors encountered.
place_design completed successfully
place_design: Time (s): cpu = 00:03:15 ; elapsed = 00:02:14 . Memory (MB): peak = 2309.074 ; gain = 0.000
Command: phys_opt_design
Attempting to get a license for feature 'Implementation' and/or device 'xc7z020'
INFO: [Common 17-349] Got license for feature 'Implementation' and/or device 'xc7z020'

Starting Initial Update Timing Task
WARNING: [Timing 38-242] The property HD.CLK_SRC of clock port "clk_i" is not set. In out-of-context mode, this prevents timing estimation for clock delay/skew
Resolution: Set the HD.CLK_SRC property of the out-of-context port to the location of the clock buffer instance in the top-level design

Time (s): cpu = 00:00:06 ; elapsed = 00:00:04 . Memory (MB): peak = 2309.074 ; gain = 0.000
INFO: [Vivado_Tcl 4-1435] PhysOpt_Tcl_Interface Runtime Before Starting Physical Synthesis Task | CPU: 6.00s |  WALL: 4.26s
Netlist sorting complete. Time (s): cpu = 00:00:00 ; elapsed = 00:00:00.014 . Memory (MB): peak = 2309.074 ; gain = 0.000

Starting Physical Synthesis Task

Phase 1 Physical Synthesis Initialization
INFO: [Physopt 32-721] Multithreading enabled for phys_opt_design using a maximum of 2 CPUs
INFO: [Physopt 32-619] Estimated Timing Summary | WNS=-31.181 | TNS=-87071.123 |
Phase 1 Physical Synthesis Initialization | Checksum: 1fedd7ad8

Time (s): cpu = 00:00:04 ; elapsed = 00:00:03 . Memory (MB): peak = 2309.074 ; gain = 0.000
INFO: [Physopt 32-619] Estimated Timing Summary | WNS=-31.181 | TNS=-87071.123 |

Phase 2 DSP Register Optimization
INFO: [Physopt 32-456] No candidate cells for DSP register optimization found in the design.
INFO: [Physopt 32-775] End 2 Pass. Optimized 0 net or cell. Created 0 new cell, deleted 0 existing cell and moved 0 existing cell
Phase 2 DSP Register Optimization | Checksum: 1fedd7ad8

Time (s): cpu = 00:00:04 ; elapsed = 00:00:03 . Memory (MB): peak = 2309.074 ; gain = 0.000

Phase 3 Critical Path Optimization
INFO: [Physopt 32-619] Estimated Timing Summary | WNS=-31.181 | TNS=-87071.123 |
INFO: [Physopt 32-702] Processed net u_array/u_addrgen/ox_r_reg_n_0_[10]. Optimizations did not improve timing on the net.
INFO: [Physopt 32-81] Processed net u_array/cfg_ow_r[0]. Replicated 3 times.
INFO: [Physopt 32-735] Processed net u_array/cfg_ow_r[0]. Optimization improves timing on the net.
INFO: [Physopt 32-619] Estimated Timing Summary | WNS=-31.163 | TNS=-87069.027 |
INFO: [Physopt 32-81] Processed net u_array/cfg_ow_r[0]_repN. Replicated 2 times.
INFO: [Physopt 32-735] Processed net u_array/cfg_ow_r[0]_repN. Optimization improves timing on the net.
INFO: [Physopt 32-619] Estimated Timing Summary | WNS=-31.140 | TNS=-87068.664 |
INFO: [Physopt 32-663] Processed net u_array/cfg_ow_r[0]_repN_3.  Re-placed instance u_array/cfg_ow_r_reg[0]_replica_3
INFO: [Physopt 32-735] Processed net u_array/cfg_ow_r[0]_repN_3. Optimization improves timing on the net.
INFO: [Physopt 32-619] Estimated Timing Summary | WNS=-31.133 | TNS=-87068.547 |
INFO: [Physopt 32-702] Processed net u_array/cfg_ow_r[0]_repN_3. Optimizations did not improve timing on the net.
INFO: [Physopt 32-710] Processed net u_array/u_addrgen/ox_r[10]_i_1_n_0. Critical path length was reduced through logic transformation on cell u_array/u_addrgen/ox_r[10]_i_1_comp.
INFO: [Physopt 32-735] Processed net u_array/u_addrgen/ox_r[10]_i_4_n_0. Optimization improves timing on the net.
INFO: [Physopt 32-619] Estimated Timing Summary | WNS=-31.054 | TNS=-87068.212 |
INFO: [Physopt 32-702] Processed net u_array/u_addrgen/ox_r_reg_n_0_[7]. Optimizations did not improve timing on the net.
INFO: [Physopt 32-710] Processed net u_array/u_addrgen/ox_r[7]_i_1_n_0. Critical path length was reduced through logic transformation on cell u_array/u_addrgen/ox_r[7]_i_1_comp.
INFO: [Physopt 32-735] Processed net u_array/u_addrgen/ox_r[7]_i_3_n_0. Optimization improves timing on the net.
INFO: [Physopt 32-619] Estimated Timing Summary | WNS=-31.052 | TNS=-87067.921 |
INFO: [Physopt 32-702] Processed net u_array/u_addrgen/ox_r_reg_n_0_[9]. Optimizations did not improve timing on the net.
INFO: [Physopt 32-710] Processed net u_array/u_addrgen/ox_r[9]_i_1_n_0. Critical path length was reduced through logic transformation on cell u_array/u_addrgen/ox_r[9]_i_1_comp.
INFO: [Physopt 32-735] Processed net u_array/u_addrgen/ox_r[9]_i_3_n_0. Optimization improves timing on the net.
INFO: [Physopt 32-619] Estimated Timing Summary | WNS=-31.046 | TNS=-87067.659 |
INFO: [Physopt 32-702] Processed net u_array/u_addrgen/ox_r_reg_n_0_[11]. Optimizations did not improve timing on the net.
INFO: [Physopt 32-702] Processed net u_array/u_addrgen/ox_r[11]_i_5_n_0. Optimizations did not improve timing on the net.
INFO: [Physopt 32-663] Processed net u_array/u_addrgen/ox_r[8]_i_3_n_0.  Re-placed instance u_array/u_addrgen/ox_r[8]_i_3
INFO: [Physopt 32-735] Processed net u_array/u_addrgen/ox_r[8]_i_3_n_0. Optimization improves timing on the net.
INFO: [Physopt 32-619] Estimated Timing Summary | WNS=-31.042 | TNS=-87067.536 |
INFO: [Physopt 32-702] Processed net u_array/u_addrgen/ox_r_reg_n_0_[6]. Optimizations did not improve timing on the net.
INFO: [Physopt 32-710] Processed net u_array/u_addrgen/ox_r[6]_i_1_n_0. Critical path length was reduced through logic transformation on cell u_array/u_addrgen/ox_r[6]_i_1_comp.
INFO: [Physopt 32-735] Processed net u_array/u_addrgen/ox_r[6]_i_3_n_0. Optimization improves timing on the net.
INFO: [Physopt 32-619] Estimated Timing Summary | WNS=-31.034 | TNS=-87067.390 |
INFO: [Physopt 32-702] Processed net u_array/u_addrgen/ox_r_reg_n_0_[15]. Optimizations did not improve timing on the net.
INFO: [Physopt 32-702] Processed net u_array/u_addrgen/ox_r[15]_i_6_n_0. Optimizations did not improve timing on the net.
INFO: [Physopt 32-710] Processed net u_array/u_addrgen/ox_r[15]_i_6_n_0. Critical path length was reduced through logic transformation on cell u_array/u_addrgen/ox_r[15]_i_6_comp.
INFO: [Physopt 32-735] Processed net u_array/u_addrgen/ox_r[13]_i_3_n_0. Optimization improves timing on the net.
INFO: [Physopt 32-619] Estimated Timing Summary | WNS=-30.955 | TNS=-87067.318 |
INFO: [Physopt 32-702] Processed net u_array/u_addrgen/ox_r[13]_i_3_n_0_repN_1. Optimizations did not improve timing on the net.
INFO: [Physopt 32-710] Processed net u_array/u_addrgen/ox_r[13]_i_3_n_0_repN_1. Critical path length was reduced through logic transformation on cell u_array/u_addrgen/ox_r[13]_i_3_comp_2.
INFO: [Physopt 32-735] Processed net u_array/u_addrgen/ox_r[13]_i_7_n_0. Optimization improves timing on the net.
INFO: [Physopt 32-619] Estimated Timing Summary | WNS=-30.926 | TNS=-87067.187 |
INFO: [Physopt 32-710] Processed net u_array/u_addrgen/ox_r[11]_i_5_n_0. Critical path length was reduced through logic transformation on cell u_array/u_addrgen/ox_r[11]_i_5_comp.
INFO: [Physopt 32-735] Processed net u_array/u_addrgen/ox_r[8]_i_3_n_0. Optimization improves timing on the net.
INFO: [Physopt 32-619] Estimated Timing Summary | WNS=-30.917 | TNS=-87066.626 |
INFO: [Physopt 32-663] Processed net u_array/u_addrgen/ox_r[8]_i_3_n_0.  Re-placed instance u_array/u_addrgen/ox_r[8]_i_3
INFO: [Physopt 32-735] Processed net u_array/u_addrgen/ox_r[8]_i_3_n_0. Optimization improves timing on the net.
INFO: [Physopt 32-619] Estimated Timing Summary | WNS=-30.905 | TNS=-87066.415 |
INFO: [Physopt 32-710] Processed net u_array/u_addrgen/ox_r[6]_i_1_n_0. Critical path length was reduced through logic transformation on cell u_array/u_addrgen/ox_r[6]_i_1_comp_1.
INFO: [Physopt 32-735] Processed net u_array/u_addrgen/ox_r[7]_i_5_n_0. Optimization improves timing on the net.
INFO: [Physopt 32-619] Estimated Timing Summary | WNS=-30.899 | TNS=-87065.557 |
INFO: [Physopt 32-702] Processed net u_array/u_addrgen/ox_r_reg_n_0_[14]. Optimizations did not improve timing on the net.
INFO: [Physopt 32-702] Processed net u_array/u_addrgen/ox_r[14]_i_3_n_0. Optimizations did not improve timing on the net.
INFO: [Physopt 32-710] Processed net u_array/u_addrgen/ox_r[14]_i_3_n_0. Critical path length was reduced through logic transformation on cell u_array/u_addrgen/ox_r[14]_i_3_comp.
INFO: [Physopt 32-735] Processed net u_array/u_addrgen/ox_r[13]_i_3_n_0. Optimization improves timing on the net.
INFO: [Physopt 32-619] Estimated Timing Summary | WNS=-30.838 | TNS=-87065.477 |
INFO: [Physopt 32-710] Processed net u_array/u_addrgen/ox_r[13]_i_3_n_0_repN_1. Critical path length was reduced through logic transformation on cell u_array/u_addrgen/ox_r[13]_i_3_comp_5.
INFO: [Physopt 32-735] Processed net u_array/u_addrgen/ox_r[13]_i_6_n_0. Optimization improves timing on the net.
INFO: [Physopt 32-619] Estimated Timing Summary | WNS=-30.816 | TNS=-87065.404 |
INFO: [Physopt 32-663] Processed net u_array/u_addrgen/ox_r[13]_i_3_n_0_repN_2.  Re-placed instance u_array/u_addrgen/ox_r[13]_i_3_comp_3
INFO: [Physopt 32-735] Processed net u_array/u_addrgen/ox_r[13]_i_3_n_0_repN_2. Optimization improves timing on the net.
INFO: [Physopt 32-619] Estimated Timing Summary | WNS=-30.812 | TNS=-87065.397 |
INFO: [Physopt 32-710] Processed net u_array/u_addrgen/ox_r[14]_i_3_n_0. Critical path length was reduced through logic transformation on cell u_array/u_addrgen/ox_r[14]_i_3_comp_1.
INFO: [Physopt 32-735] Processed net u_array/u_addrgen/ox_r[13]_i_3_n_0_repN_2. Optimization improves timing on the net.
INFO: [Physopt 32-619] Estimated Timing Summary | WNS=-30.785 | TNS=-87065.375 |
INFO: [Physopt 32-81] Processed net u_array/u_addrgen/ox_r[13]_i_5_n_0. Replicated 1 times.
INFO: [Physopt 32-735] Processed net u_array/u_addrgen/ox_r[13]_i_5_n_0. Optimization improves timing on the net.
INFO: [Physopt 32-619] Estimated Timing Summary | WNS=-30.759 | TNS=-87065.397 |
INFO: [Physopt 32-710] Processed net u_array/u_addrgen/ox_r[7]_i_1_n_0. Critical path length was reduced through logic transformation on cell u_array/u_addrgen/ox_r[7]_i_1_comp_1.
INFO: [Physopt 32-735] Processed net u_array/u_addrgen/ox_r[7]_i_5_n_0. Optimization improves timing on the net.
INFO: [Physopt 32-619] Estimated Timing Summary | WNS=-30.758 | TNS=-87064.873 |
INFO: [Physopt 32-702] Processed net u_array/u_addrgen/ox_r[13]_i_3_n_0_repN. Optimizations did not improve timing on the net.
INFO: [Physopt 32-608] Optimized 1 net.  Swapped 18 pins.
INFO: [Physopt 32-735] Processed net u_array/u_addrgen/ox_r[13]_i_7_n_0. Optimization improves timing on the net.
INFO: [Physopt 32-619] Estimated Timing Summary | WNS=-30.755 | TNS=-87064.844 |
INFO: [Physopt 32-608] Optimized 1 net.  Swapped 21 pins.
INFO: [Physopt 32-735] Processed net u_array/u_addrgen/ox_r[13]_i_5_n_0_repN. Optimization improves timing on the net.
INFO: [Physopt 32-619] Estimated Timing Summary | WNS=-30.732 | TNS=-87064.742 |
INFO: [Physopt 32-608] Optimized 1 net.  Swapped 18 pins.
INFO: [Physopt 32-735] Processed net u_array/u_addrgen/ox_r[13]_i_7_n_0. Optimization improves timing on the net.
INFO: [Physopt 32-619] Estimated Timing Summary | WNS=-30.716 | TNS=-87064.727 |
INFO: [Physopt 32-702] Processed net u_array/u_addrgen/ox_r[13]_i_8_n_0. Optimizations did not improve timing on the net.
INFO: [Physopt 32-702] Processed net u_array/u_addrgen/ox_r_reg[10]_i_3_n_5. Optimizations did not improve timing on the net.
INFO: [Physopt 32-702] Processed net u_array/u_addrgen/ox_r_reg[6]_i_2_n_0. Optimizations did not improve timing on the net.
INFO: [Physopt 32-702] Processed net u_array/u_addrgen/ox_r_reg[2]_i_2_n_0. Optimizations did not improve timing on the net.
INFO: [Physopt 32-702] Processed net u_array/u_addrgen/ox_r[2]_i_7_n_0. Optimizations did not improve timing on the net.
INFO: [Physopt 32-702] Processed net u_array/u_addrgen/ox_r_reg[15]_i_11_n_2. Optimizations did not improve timing on the net.
INFO: [Physopt 32-702] Processed net u_array/u_addrgen/ox_r_reg[15]_i_12_n_0. Optimizations did not improve timing on the net.
INFO: [Physopt 32-702] Processed net u_array/u_addrgen/ox_r_reg[14]_i_4_n_0. Optimizations did not improve timing on the net.
INFO: [Physopt 32-702] Processed net u_array/u_addrgen/ox_r_reg[10]_i_5_n_0. Optimizations did not improve timing on the net.
INFO: [Physopt 32-702] Processed net u_array/u_addrgen/ox_r_reg[6]_i_4_n_0. Optimizations did not improve timing on the net.
INFO: [Physopt 32-702] Processed net u_array/u_addrgen/ox_r[6]_i_12_n_0. Optimizations did not improve timing on the net.
INFO: [Physopt 32-702] Processed net u_array/u_addrgen/ox_r_reg[15]_i_21_n_2. Optimizations did not improve timing on the net.
INFO: [Physopt 32-702] Processed net u_array/u_addrgen/ox_r_reg[15]_i_22_n_0. Optimizations did not improve timing on the net.
INFO: [Physopt 32-702] Processed net u_array/u_addrgen/ox_r_reg[15]_i_25_n_0. Optimizations did not improve timing on the net.
INFO: [Physopt 32-702] Processed net u_array/u_addrgen/ox_r_reg[14]_i_9_n_0. Optimizations did not improve timing on the net.
INFO: [Physopt 32-702] Processed net u_array/u_addrgen/ox_r_reg[10]_i_10_n_0. Optimizations did not improve timing on the net.
INFO: [Physopt 32-702] Processed net u_array/u_addrgen/ox_r[10]_i_18_n_0. Optimizations did not improve timing on the net.
INFO: [Physopt 32-702] Processed net u_array/u_addrgen/ox_r_reg[15]_i_39_n_2. Optimizations did not improve timing on the net.
INFO: [Physopt 32-702] Processed net u_array/u_addrgen/ox_r_reg[15]_i_40_n_0. Optimizations did not improve timing on the net.
INFO: [Physopt 32-702] Processed net u_array/u_addrgen/ox_r_reg[15]_i_43_n_0. Optimizations did not improve timing on the net.
INFO: [Physopt 32-702] Processed net u_array/u_addrgen/ox_r_reg[15]_i_48_n_0. Optimizations did not improve timing on the net.
INFO: [Physopt 32-702] Processed net u_array/u_addrgen/ox_r_reg[14]_i_14_n_0. Optimizations did not improve timing on the net.
INFO: [Physopt 32-702] Processed net u_array/u_addrgen/ox_r[14]_i_22_n_0. Optimizations did not improve timing on the net.
INFO: [Physopt 32-702] Processed net u_array/u_addrgen/ox_r_reg[15]_i_61_n_2. Optimizations did not improve timing on the net.
INFO: [Physopt 32-702] Processed net u_array/u_addrgen/ox_r_reg[15]_i_62_n_0. Optimizations did not improve timing on the net.
INFO: [Physopt 32-702] Processed net u_array/u_addrgen/ox_r_reg[15]_i_65_n_0. Optimizations did not improve timing on the net.
INFO: [Physopt 32-702] Processed net u_array/u_addrgen/ox_r_reg[15]_i_70_n_0. Optimizations did not improve timing on the net.
INFO: [Physopt 32-702] Processed net u_array/u_addrgen/ox_r_reg[15]_i_75_n_0. Optimizations did not improve timing on the net.
INFO: [Physopt 32-702] Processed net u_array/u_addrgen/ox_r[15]_i_101_n_0. Optimizations did not improve timing on the net.
INFO: [Physopt 32-702] Processed net u_array/u_addrgen/ox_r_reg[15]_i_80_n_2. Optimizations did not improve timing on the net.
INFO: [Physopt 32-702] Processed net u_array/u_addrgen/ox_r_reg[15]_i_81_n_0. Optimizations did not improve timing on the net.
INFO: [Physopt 32-702] Processed net u_array/u_addrgen/ox_r_reg[15]_i_84_n_0. Optimizations did not improve timing on the net.
INFO: [Physopt 32-702] Processed net u_array/u_addrgen/ox_r_reg[15]_i_89_n_0. Optimizations did not improve timing on the net.
INFO: [Physopt 32-702] Processed net u_array/u_addrgen/ox_r_reg[15]_i_94_n_0. Optimizations did not improve timing on the net.
INFO: [Physopt 32-702] Processed net u_array/u_addrgen/ox_r[15]_i_123_n_0. Optimizations did not improve timing on the net.
INFO: [Physopt 32-702] Processed net u_array/u_addrgen/ox_r_reg[15]_i_102_n_2. Optimizations did not improve timing on the net.
INFO: [Physopt 32-702] Processed net u_array/u_addrgen/ox_r_reg[15]_i_103_n_0. Optimizations did not improve timing on the net.
INFO: [Physopt 32-702] Processed net u_array/u_addrgen/ox_r_reg[15]_i_106_n_0. Optimizations did not improve timing on the net.
INFO: [Physopt 32-702] Processed net u_array/u_addrgen/ox_r_reg[15]_i_111_n_0. Optimizations did not improve timing on the net.
INFO: [Physopt 32-702] Processed net u_array/u_addrgen/ox_r_reg[15]_i_116_n_0. Optimizations did not improve timing on the net.
INFO: [Physopt 32-702] Processed net u_array/u_addrgen/ox_r[15]_i_145_n_0. Optimizations did not improve timing on the net.
INFO: [Physopt 32-702] Processed net u_array/u_addrgen/ox_r_reg[15]_i_124_n_2. Optimizations did not improve timing on the net.
INFO: [Physopt 32-702] Processed net u_array/u_addrgen/ox_r_reg[15]_i_125_n_0. Optimizations did not improve timing on the net.
INFO: [Physopt 32-702] Processed net u_array/u_addrgen/ox_r_reg[15]_i_128_n_0. Optimizations did not improve timing on the net.
INFO: [Physopt 32-702] Processed net u_array/u_addrgen/ox_r_reg[15]_i_133_n_0. Optimizations did not improve timing on the net.
INFO: [Physopt 32-702] Processed net u_array/u_addrgen/ox_r_reg[15]_i_138_n_0. Optimizations did not improve timing on the net.
INFO: [Physopt 32-702] Processed net u_array/u_addrgen/ox_r_reg[15]_i_146_n_2. Optimizations did not improve timing on the net.
INFO: [Physopt 32-702] Processed net u_array/u_addrgen/ox_r_reg[15]_i_147_n_0. Optimizations did not improve timing on the net.
INFO: [Physopt 32-702] Processed net u_array/u_addrgen/ox_r_reg[15]_i_150_n_0. Optimizations did not improve timing on the net.
INFO: [Physopt 32-702] Processed net u_array/u_addrgen/ox_r_reg[15]_i_155_n_0. Optimizations did not improve timing on the net.
INFO: [Physopt 32-702] Processed net u_array/u_addrgen/ox_r_reg[15]_i_160_n_0. Optimizations did not improve timing on the net.
INFO: [Physopt 32-702] Processed net u_array/u_addrgen/ox_r[15]_i_189_n_0. Optimizations did not improve timing on the net.
INFO: [Physopt 32-702] Processed net u_array/u_addrgen/ox_r_reg[15]_i_168_n_2. Optimizations did not improve timing on the net.
INFO: [Physopt 32-702] Processed net u_array/u_addrgen/ox_r_reg[15]_i_169_n_0. Optimizations did not improve timing on the net.
INFO: [Physopt 32-702] Processed net u_array/u_addrgen/ox_r_reg[15]_i_172_n_0. Optimizations did not improve timing on the net.
INFO: [Physopt 32-702] Processed net u_array/u_addrgen/ox_r_reg[15]_i_177_n_0. Optimizations did not improve timing on the net.
INFO: [Physopt 32-702] Processed net u_array/u_addrgen/ox_r_reg[15]_i_182_n_0. Optimizations did not improve timing on the net.
INFO: [Physopt 32-702] Processed net u_array/u_addrgen/ox_r[15]_i_211_n_0. Optimizations did not improve timing on the net.
INFO: [Physopt 32-702] Processed net u_array/u_addrgen/ox_r_reg[15]_i_190_n_2. Optimizations did not improve timing on the net.
INFO: [Physopt 32-702] Processed net u_array/u_addrgen/ox_r_reg[15]_i_191_n_0. Optimizations did not improve timing on the net.
INFO: [Physopt 32-702] Processed net u_array/u_addrgen/ox_r_reg[15]_i_194_n_0. Optimizations did not improve timing on the net.
INFO: [Physopt 32-702] Processed net u_array/u_addrgen/ox_r_reg[15]_i_199_n_0. Optimizations did not improve timing on the net.
INFO: [Physopt 32-702] Processed net u_array/u_addrgen/ox_r_reg[15]_i_204_n_0. Optimizations did not improve timing on the net.
INFO: [Physopt 32-702] Processed net u_array/u_addrgen/ox_r[15]_i_233_n_0. Optimizations did not improve timing on the net.
INFO: [Physopt 32-702] Processed net u_array/u_addrgen/ox_r_reg[15]_i_212_n_2. Optimizations did not improve timing on the net.
INFO: [Physopt 32-702] Processed net u_array/u_addrgen/ox_r_reg[15]_i_213_n_0. Optimizations did not improve timing on the net.
INFO: [Physopt 32-702] Processed net u_array/u_addrgen/ox_r_reg[15]_i_216_n_0. Optimizations did not improve timing on the net.
INFO: [Physopt 32-702] Processed net u_array/u_addrgen/ox_r_reg[15]_i_221_n_0. Optimizations did not improve timing on the net.
INFO: [Physopt 32-702] Processed net u_array/u_addrgen/ox_r_reg[15]_i_226_n_0. Optimizations did not improve timing on the net.
INFO: [Physopt 32-702] Processed net u_array/u_addrgen/ox_r[15]_i_255_n_0. Optimizations did not improve timing on the net.
INFO: [Physopt 32-702] Processed net u_array/u_addrgen/ox_r_reg[15]_i_234_n_2. Optimizations did not improve timing on the net.
INFO: [Physopt 32-702] Processed net u_array/u_addrgen/ox_r_reg[15]_i_235_n_0. Optimizations did not improve timing on the net.
INFO: [Physopt 32-702] Processed net u_array/u_addrgen/ox_r_reg[15]_i_238_n_0. Optimizations did not improve timing on the net.
INFO: [Physopt 32-702] Processed net u_array/u_addrgen/ox_r_reg[15]_i_243_n_0. Optimizations did not improve timing on the net.
INFO: [Physopt 32-702] Processed net u_array/u_addrgen/ox_r_reg[15]_i_248_n_0. Optimizations did not improve timing on the net.
INFO: [Physopt 32-702] Processed net u_array/u_addrgen/ox_r[15]_i_277_n_0. Optimizations did not improve timing on the net.
INFO: [Physopt 32-702] Processed net u_array/u_addrgen/ox_r_reg[15]_i_256_n_2. Optimizations did not improve timing on the net.
INFO: [Physopt 32-702] Processed net u_array/u_addrgen/ox_r_reg[15]_i_257_n_0. Optimizations did not improve timing on the net.
INFO: [Physopt 32-702] Processed net u_array/u_addrgen/ox_r_reg[15]_i_260_n_0. Optimizations did not improve timing on the net.
INFO: [Physopt 32-702] Processed net u_array/u_addrgen/ox_r_reg[15]_i_265_n_0. Optimizations did not improve timing on the net.
INFO: [Physopt 32-702] Processed net u_array/u_addrgen/ox_r_reg[15]_i_270_n_0. Optimizations did not improve timing on the net.
INFO: [Physopt 32-608] Optimized 1 net.  Swapped 13 pins.
INFO: [Physopt 32-735] Processed net u_array/u_addrgen/ox_r[15]_i_299_n_0. Optimization improves timing on the net.
INFO: [Physopt 32-619] Estimated Timing Summary | WNS=-30.658 | TNS=-87063.796 |
INFO: [Physopt 32-608] Optimized 1 net.  Swapped 16 pins.
INFO: [Physopt 32-735] Processed net u_array/u_addrgen/ox_r[15]_i_296_n_0. Optimization improves timing on the net.
INFO: [Physopt 32-619] Estimated Timing Summary | WNS=-30.643 | TNS=-87063.556 |
INFO: [Physopt 32-608] Optimized 1 net.  Swapped 13 pins.
INFO: [Physopt 32-735] Processed net u_array/u_addrgen/ox_r[15]_i_297_n_0. Optimization improves timing on the net.
INFO: [Physopt 32-619] Estimated Timing Summary | WNS=-30.610 | TNS=-87063.032 |
INFO: [Physopt 32-702] Processed net u_array/u_addrgen/ox_r[15]_i_299_n_0. Optimizations did not improve timing on the net.
INFO: [Physopt 32-702] Processed net u_array/u_addrgen/ox_r_reg[15]_i_278_n_2. Optimizations did not improve timing on the net.
INFO: [Physopt 32-702] Processed net u_array/u_addrgen/ox_r_reg[15]_i_279_n_0. Optimizations did not improve timing on the net.
INFO: [Physopt 32-702] Processed net u_array/u_addrgen/ox_r_reg[15]_i_282_n_0. Optimizations did not improve timing on the net.
INFO: [Physopt 32-702] Processed net u_array/u_addrgen/ox_r_reg[15]_i_287_n_0. Optimizations did not improve timing on the net.
INFO: [Physopt 32-702] Processed net u_array/u_addrgen/ox_r_reg[15]_i_292_n_0. Optimizations did not improve timing on the net.
INFO: [Physopt 32-702] Processed net u_array/u_addrgen/ox_r[15]_i_321_n_0. Optimizations did not improve timing on the net.
INFO: [Physopt 32-702] Processed net u_array/u_addrgen/ox_r_reg[15]_i_300_n_3. Optimizations did not improve timing on the net.
INFO: [Physopt 32-702] Processed net u_array/u_addrgen/ox_r_reg[15]_i_301_n_0. Optimizations did not improve timing on the net.
INFO: [Physopt 32-702] Processed net u_array/u_addrgen/ox_r_reg[15]_i_304_n_0. Optimizations did not improve timing on the net.
INFO: [Physopt 32-702] Processed net u_array/u_addrgen/ox_r_reg[15]_i_309_n_0. Optimizations did not improve timing on the net.
INFO: [Physopt 32-702] Processed net u_array/u_addrgen/oy_r_reg[8]_i_88_n_0. Optimizations did not improve timing on the net.
INFO: [Physopt 32-702] Processed net u_array/u_addrgen/oy_r[8]_i_105_n_0. Optimizations did not improve timing on the net.
INFO: [Physopt 32-702] Processed net u_array/u_addrgen/ox_r[15]_i_2_n_0. Optimizations did not improve timing on the net.
INFO: [Physopt 32-702] Processed net u_array/u_addrgen/ox_r_reg_n_0_[15]. Optimizations did not improve timing on the net.
INFO: [Physopt 32-702] Processed net u_array/cfg_ow_r[0]_repN_3. Optimizations did not improve timing on the net.
INFO: [Physopt 32-702] Processed net u_array/u_addrgen/ox_r[15]_i_6_n_0. Optimizations did not improve timing on the net.
INFO: [Physopt 32-663] Processed net u_array/u_addrgen/ox_r[13]_i_3_n_0_repN_1.  Re-placed instance u_array/u_addrgen/ox_r[13]_i_3_comp_5
INFO: [Physopt 32-735] Processed net u_array/u_addrgen/ox_r[13]_i_3_n_0_repN_1. Optimization improves timing on the net.
INFO: [Physopt 32-619] Estimated Timing Summary | WNS=-30.593 | TNS=-87063.010 |
INFO: [Physopt 32-702] Processed net u_array/u_addrgen/ox_r[13]_i_3_n_0_repN. Optimizations did not improve timing on the net.
INFO: [Physopt 32-663] Processed net u_array/u_addrgen/ox_r[13]_i_4_n_0.  Re-placed instance u_array/u_addrgen/ox_r[13]_i_4
INFO: [Physopt 32-735] Processed net u_array/u_addrgen/ox_r[13]_i_4_n_0. Optimization improves timing on the net.
INFO: [Physopt 32-619] Estimated Timing Summary | WNS=-30.587 | TNS=-87063.010 |
INFO: [Physopt 32-702] Processed net u_array/u_addrgen/ox_r[13]_i_7_n_0. Optimizations did not improve timing on the net.
INFO: [Physopt 32-702] Processed net u_array/u_addrgen/ox_r[13]_i_8_n_0. Optimizations did not improve timing on the net.
INFO: [Physopt 32-702] Processed net u_array/u_addrgen/ox_r_reg[10]_i_3_n_5. Optimizations did not improve timing on the net.
INFO: [Physopt 32-702] Processed net u_array/u_addrgen/ox_r[2]_i_7_n_0. Optimizations did not improve timing on the net.
INFO: [Physopt 32-702] Processed net u_array/u_addrgen/ox_r_reg[15]_i_11_n_2. Optimizations did not improve timing on the net.
INFO: [Physopt 32-702] Processed net u_array/u_addrgen/ox_r[6]_i_12_n_0. Optimizations did not improve timing on the net.
INFO: [Physopt 32-702] Processed net u_array/u_addrgen/ox_r_reg[15]_i_21_n_2. Optimizations did not improve timing on the net.
INFO: [Physopt 32-702] Processed net u_array/u_addrgen/ox_r[10]_i_18_n_0. Optimizations did not improve timing on the net.
INFO: [Physopt 32-702] Processed net u_array/u_addrgen/ox_r_reg[15]_i_39_n_2. Optimizations did not improve timing on the net.
INFO: [Physopt 32-702] Processed net u_array/u_addrgen/ox_r[14]_i_22_n_0. Optimizations did not improve timing on the net.
INFO: [Physopt 32-702] Processed net u_array/u_addrgen/ox_r_reg[15]_i_61_n_2. Optimizations did not improve timing on the net.
INFO: [Physopt 32-702] Processed net u_array/u_addrgen/ox_r[15]_i_101_n_0. Optimizations did not improve timing on the net.
INFO: [Physopt 32-702] Processed net u_array/u_addrgen/ox_r_reg[15]_i_80_n_2. Optimizations did not improve timing on the net.
INFO: [Physopt 32-702] Processed net u_array/u_addrgen/ox_r[15]_i_123_n_0. Optimizations did not improve timing on the net.
INFO: [Physopt 32-702] Processed net u_array/u_addrgen/ox_r_reg[15]_i_102_n_2. Optimizations did not improve timing on the net.
INFO: [Physopt 32-702] Processed net u_array/u_addrgen/ox_r[15]_i_145_n_0. Optimizations did not improve timing on the net.
INFO: [Physopt 32-702] Processed net u_array/u_addrgen/ox_r_reg[15]_i_124_n_2. Optimizations did not improve timing on the net.
INFO: [Physopt 32-702] Processed net u_array/u_addrgen/ox_r_reg[15]_i_146_n_2. Optimizations did not improve timing on the net.
INFO: [Physopt 32-702] Processed net u_array/u_addrgen/ox_r[15]_i_189_n_0. Optimizations did not improve timing on the net.
INFO: [Physopt 32-702] Processed net u_array/u_addrgen/ox_r_reg[15]_i_168_n_2. Optimizations did not improve timing on the net.
INFO: [Physopt 32-702] Processed net u_array/u_addrgen/ox_r[15]_i_211_n_0. Optimizations did not improve timing on the net.
INFO: [Physopt 32-702] Processed net u_array/u_addrgen/ox_r_reg[15]_i_190_n_2. Optimizations did not improve timing on the net.
INFO: [Physopt 32-702] Processed net u_array/u_addrgen/ox_r[15]_i_233_n_0. Optimizations did not improve timing on the net.
INFO: [Physopt 32-702] Processed net u_array/u_addrgen/ox_r_reg[15]_i_212_n_2. Optimizations did not improve timing on the net.
INFO: [Physopt 32-702] Processed net u_array/u_addrgen/ox_r[15]_i_255_n_0. Optimizations did not improve timing on the net.
INFO: [Physopt 32-702] Processed net u_array/u_addrgen/ox_r_reg[15]_i_234_n_2. Optimizations did not improve timing on the net.
INFO: [Physopt 32-702] Processed net u_array/u_addrgen/ox_r[15]_i_277_n_0. Optimizations did not improve timing on the net.
INFO: [Physopt 32-702] Processed net u_array/u_addrgen/ox_r_reg[15]_i_256_n_2. Optimizations did not improve timing on the net.
INFO: [Physopt 32-702] Processed net u_array/u_addrgen/ox_r[15]_i_299_n_0. Optimizations did not improve timing on the net.
INFO: [Physopt 32-702] Processed net u_array/u_addrgen/ox_r_reg[15]_i_278_n_2. Optimizations did not improve timing on the net.
INFO: [Physopt 32-702] Processed net u_array/u_addrgen/ox_r[15]_i_321_n_0. Optimizations did not improve timing on the net.
INFO: [Physopt 32-702] Processed net u_array/u_addrgen/ox_r_reg[15]_i_300_n_3. Optimizations did not improve timing on the net.
INFO: [Physopt 32-702] Processed net u_array/u_addrgen/oy_r[8]_i_105_n_0. Optimizations did not improve timing on the net.
INFO: [Physopt 32-702] Processed net u_array/u_addrgen/ox_r[15]_i_2_n_0. Optimizations did not improve timing on the net.
INFO: [Physopt 32-619] Estimated Timing Summary | WNS=-30.587 | TNS=-87063.010 |
Netlist sorting complete. Time (s): cpu = 00:00:00 ; elapsed = 00:00:00.050 . Memory (MB): peak = 2309.074 ; gain = 0.000
Phase 3 Critical Path Optimization | Checksum: 97b02d75

Time (s): cpu = 00:00:16 ; elapsed = 00:00:11 . Memory (MB): peak = 2309.074 ; gain = 0.000

Phase 4 Critical Path Optimization
INFO: [Physopt 32-619] Estimated Timing Summary | WNS=-30.587 | TNS=-87063.010 |
INFO: [Physopt 32-702] Processed net u_array/u_addrgen/ox_r_reg_n_0_[15]. Optimizations did not improve timing on the net.
INFO: [Physopt 32-702] Processed net u_array/cfg_ow_r[0]_repN_3. Optimizations did not improve timing on the net.
INFO: [Physopt 32-710] Processed net u_array/u_addrgen/ox_r[15]_i_2_n_0. Critical path length was reduced through logic transformation on cell u_array/u_addrgen/ox_r[15]_i_2_comp.
INFO: [Physopt 32-735] Processed net u_array/u_addrgen/ox_r[15]_i_6_n_0. Optimization improves timing on the net.
INFO: [Physopt 32-619] Estimated Timing Summary | WNS=-30.566 | TNS=-87062.996 |
INFO: [Physopt 32-663] Processed net u_array/u_addrgen/ox_r[15]_i_6_n_0.  Re-placed instance u_array/u_addrgen/ox_r[15]_i_6_comp_1
INFO: [Physopt 32-735] Processed net u_array/u_addrgen/ox_r[15]_i_6_n_0. Optimization improves timing on the net.
INFO: [Physopt 32-619] Estimated Timing Summary | WNS=-30.564 | TNS=-87062.988 |
INFO: [Physopt 32-710] Processed net u_array/u_addrgen/ox_r[15]_i_2_n_0. Critical path length was reduced through logic transformation on cell u_array/u_addrgen/ox_r[15]_i_2_comp_1.
INFO: [Physopt 32-735] Processed net u_array/u_addrgen/ox_r[15]_i_6_n_0. Optimization improves timing on the net.
INFO: [Physopt 32-619] Estimated Timing Summary | WNS=-30.548 | TNS=-87062.821 |
INFO: [Physopt 32-702] Processed net u_array/u_addrgen/ox_r_reg_n_0_[14]. Optimizations did not improve timing on the net.
INFO: [Physopt 32-710] Processed net u_array/u_addrgen/ox_r[14]_i_1_n_0. Critical path length was reduced through logic transformation on cell u_array/u_addrgen/ox_r[14]_i_1_comp.
INFO: [Physopt 32-735] Processed net u_array/u_addrgen/ox_r[14]_i_3_n_0. Optimization improves timing on the net.
INFO: [Physopt 32-619] Estimated Timing Summary | WNS=-30.543 | TNS=-87062.705 |
INFO: [Physopt 32-702] Processed net u_array/u_addrgen/ox_r_reg_n_0_[10]. Optimizations did not improve timing on the net.
INFO: [Physopt 32-710] Processed net u_array/u_addrgen/ox_r[10]_i_1_n_0. Critical path length was reduced through logic transformation on cell u_array/u_addrgen/ox_r[10]_i_1_comp_1.
INFO: [Physopt 32-735] Processed net u_array/u_addrgen/ox_r[8]_i_3_n_0. Optimization improves timing on the net.
INFO: [Physopt 32-619] Estimated Timing Summary | WNS=-30.536 | TNS=-87062.297 |
INFO: [Physopt 32-702] Processed net u_array/u_addrgen/ox_r_reg_n_0_[12]. Optimizations did not improve timing on the net.
INFO: [Physopt 32-608] Optimized 1 net.  Swapped 22 pins.
INFO: [Physopt 32-735] Processed net u_array/u_addrgen/ox_r[12]_i_3_n_0. Optimization improves timing on the net.
INFO: [Physopt 32-619] Estimated Timing Summary | WNS=-30.536 | TNS=-87062.173 |
INFO: [Physopt 32-702] Processed net u_array/u_addrgen/ox_r_reg_n_0_[9]. Optimizations did not improve timing on the net.
INFO: [Physopt 32-710] Processed net u_array/u_addrgen/ox_r[9]_i_1_n_0. Critical path length was reduced through logic transformation on cell u_array/u_addrgen/ox_r[9]_i_1_comp_1.
INFO: [Physopt 32-735] Processed net u_array/u_addrgen/ox_r[8]_i_3_n_0. Optimization improves timing on the net.
INFO: [Physopt 32-619] Estimated Timing Summary | WNS=-30.508 | TNS=-87061.955 |
INFO: [Physopt 32-702] Processed net u_array/u_addrgen/ox_r_reg_n_0_[13]. Optimizations did not improve timing on the net.
INFO: [Physopt 32-663] Processed net u_array/u_addrgen/ox_r[13]_i_3_n_0.  Re-placed instance u_array/u_addrgen/ox_r[13]_i_3
INFO: [Physopt 32-735] Processed net u_array/u_addrgen/ox_r[13]_i_3_n_0. Optimization improves timing on the net.
INFO: [Physopt 32-619] Estimated Timing Summary | WNS=-30.465 | TNS=-87061.882 |
INFO: [Physopt 32-702] Processed net u_array/u_addrgen/ox_r_reg_n_0_[8]. Optimizations did not improve timing on the net.
INFO: [Physopt 32-710] Processed net u_array/u_addrgen/ox_r[8]_i_1_n_0. Critical path length was reduced through logic transformation on cell u_array/u_addrgen/ox_r[8]_i_1_comp.
INFO: [Physopt 32-735] Processed net u_array/u_addrgen/ox_r[8]_i_3_n_0. Optimization improves timing on the net.
INFO: [Physopt 32-619] Estimated Timing Summary | WNS=-30.447 | TNS=-87061.599 |
INFO: [Physopt 32-608] Optimized 1 net.  Swapped 22 pins.
INFO: [Physopt 32-735] Processed net u_array/u_addrgen/ox_r[13]_i_6_n_0. Optimization improves timing on the net.
INFO: [Physopt 32-619] Estimated Timing Summary | WNS=-30.439 | TNS=-87061.548 |
INFO: [Physopt 32-710] Processed net u_array/u_addrgen/ox_r[13]_i_1_n_0. Critical path length was reduced through logic transformation on cell u_array/u_addrgen/ox_r[13]_i_1_comp.
INFO: [Physopt 32-735] Processed net u_array/u_addrgen/ox_r[13]_i_3_n_0. Optimization improves timing on the net.
INFO: [Physopt 32-619] Estimated Timing Summary | WNS=-30.421 | TNS=-87061.489 |
INFO: [Physopt 32-608] Optimized 1 net.  Swapped 22 pins.
INFO: [Physopt 32-735] Processed net u_array/u_addrgen/ox_r[13]_i_6_n_0. Optimization improves timing on the net.
INFO: [Physopt 32-619] Estimated Timing Summary | WNS=-30.399 | TNS=-87061.424 |
INFO: [Physopt 32-702] Processed net u_array/u_addrgen/ox_r[13]_i_6_n_0. Optimizations did not improve timing on the net.
INFO: [Physopt 32-702] Processed net u_array/u_addrgen/ox_r[12]_i_5_n_0. Optimizations did not improve timing on the net.
INFO: [Physopt 32-702] Processed net u_array/u_addrgen/ox_r_reg[6]_i_2_n_5. Optimizations did not improve timing on the net.
INFO: [Physopt 32-702] Processed net u_array/u_addrgen/ox_r_reg[2]_i_2_n_0. Optimizations did not improve timing on the net.
INFO: [Physopt 32-702] Processed net u_array/u_addrgen/ox_r[2]_i_7_n_0. Optimizations did not improve timing on the net.
INFO: [Physopt 32-702] Processed net u_array/u_addrgen/ox_r_reg[15]_i_11_n_2. Optimizations did not improve timing on the net.
INFO: [Physopt 32-702] Processed net u_array/u_addrgen/ox_r_reg[15]_i_12_n_0. Optimizations did not improve timing on the net.
INFO: [Physopt 32-702] Processed net u_array/u_addrgen/ox_r_reg[14]_i_4_n_0. Optimizations did not improve timing on the net.
INFO: [Physopt 32-702] Processed net u_array/u_addrgen/ox_r_reg[10]_i_5_n_0. Optimizations did not improve timing on the net.
INFO: [Physopt 32-702] Processed net u_array/u_addrgen/ox_r_reg[6]_i_4_n_0. Optimizations did not improve timing on the net.
INFO: [Physopt 32-702] Processed net u_array/u_addrgen/ox_r[6]_i_12_n_0. Optimizations did not improve timing on the net.
INFO: [Physopt 32-702] Processed net u_array/u_addrgen/ox_r_reg[15]_i_21_n_2. Optimizations did not improve timing on the net.
INFO: [Physopt 32-702] Processed net u_array/u_addrgen/ox_r_reg[15]_i_22_n_0. Optimizations did not improve timing on the net.
INFO: [Physopt 32-702] Processed net u_array/u_addrgen/ox_r_reg[15]_i_25_n_0. Optimizations did not improve timing on the net.
INFO: [Physopt 32-702] Processed net u_array/u_addrgen/ox_r_reg[14]_i_9_n_0. Optimizations did not improve timing on the net.
INFO: [Physopt 32-702] Processed net u_array/u_addrgen/ox_r_reg[10]_i_10_n_0. Optimizations did not improve timing on the net.
INFO: [Physopt 32-702] Processed net u_array/u_addrgen/ox_r[10]_i_18_n_0. Optimizations did not improve timing on the net.
INFO: [Physopt 32-702] Processed net u_array/u_addrgen/ox_r_reg[15]_i_39_n_2. Optimizations did not improve timing on the net.
INFO: [Physopt 32-702] Processed net u_array/u_addrgen/ox_r_reg[15]_i_40_n_0. Optimizations did not improve timing on the net.
INFO: [Physopt 32-702] Processed net u_array/u_addrgen/ox_r_reg[15]_i_43_n_0. Optimizations did not improve timing on the net.
INFO: [Physopt 32-702] Processed net u_array/u_addrgen/ox_r_reg[15]_i_48_n_0. Optimizations did not improve timing on the net.
INFO: [Physopt 32-702] Processed net u_array/u_addrgen/ox_r_reg[14]_i_14_n_0. Optimizations did not improve timing on the net.
INFO: [Physopt 32-702] Processed net u_array/u_addrgen/ox_r[14]_i_22_n_0. Optimizations did not improve timing on the net.
INFO: [Physopt 32-702] Processed net u_array/u_addrgen/ox_r_reg[15]_i_61_n_2. Optimizations did not improve timing on the net.
INFO: [Physopt 32-702] Processed net u_array/u_addrgen/ox_r_reg[15]_i_62_n_0. Optimizations did not improve timing on the net.
INFO: [Physopt 32-702] Processed net u_array/u_addrgen/ox_r_reg[15]_i_65_n_0. Optimizations did not improve timing on the net.
INFO: [Physopt 32-702] Processed net u_array/u_addrgen/ox_r_reg[15]_i_70_n_0. Optimizations did not improve timing on the net.
INFO: [Physopt 32-702] Processed net u_array/u_addrgen/ox_r_reg[15]_i_75_n_0. Optimizations did not improve timing on the net.
INFO: [Physopt 32-702] Processed net u_array/u_addrgen/ox_r[15]_i_101_n_0. Optimizations did not improve timing on the net.
INFO: [Physopt 32-702] Processed net u_array/u_addrgen/ox_r_reg[15]_i_80_n_2. Optimizations did not improve timing on the net.
INFO: [Physopt 32-702] Processed net u_array/u_addrgen/ox_r_reg[15]_i_81_n_0. Optimizations did not improve timing on the net.
INFO: [Physopt 32-702] Processed net u_array/u_addrgen/ox_r_reg[15]_i_84_n_0. Optimizations did not improve timing on the net.
INFO: [Physopt 32-702] Processed net u_array/u_addrgen/ox_r_reg[15]_i_89_n_0. Optimizations did not improve timing on the net.
INFO: [Physopt 32-702] Processed net u_array/u_addrgen/ox_r_reg[15]_i_94_n_0. Optimizations did not improve timing on the net.
INFO: [Physopt 32-702] Processed net u_array/u_addrgen/ox_r[15]_i_123_n_0. Optimizations did not improve timing on the net.
INFO: [Physopt 32-702] Processed net u_array/u_addrgen/ox_r_reg[15]_i_102_n_2. Optimizations did not improve timing on the net.
INFO: [Physopt 32-702] Processed net u_array/u_addrgen/ox_r_reg[15]_i_103_n_0. Optimizations did not improve timing on the net.
INFO: [Physopt 32-702] Processed net u_array/u_addrgen/ox_r_reg[15]_i_106_n_0. Optimizations did not improve timing on the net.
INFO: [Physopt 32-702] Processed net u_array/u_addrgen/ox_r_reg[15]_i_111_n_0. Optimizations did not improve timing on the net.
INFO: [Physopt 32-702] Processed net u_array/u_addrgen/ox_r_reg[15]_i_116_n_0. Optimizations did not improve timing on the net.
INFO: [Physopt 32-702] Processed net u_array/u_addrgen/ox_r[15]_i_145_n_0. Optimizations did not improve timing on the net.
INFO: [Physopt 32-702] Processed net u_array/u_addrgen/ox_r_reg[15]_i_124_n_2. Optimizations did not improve timing on the net.
INFO: [Physopt 32-702] Processed net u_array/u_addrgen/ox_r_reg[15]_i_125_n_0. Optimizations did not improve timing on the net.
INFO: [Physopt 32-702] Processed net u_array/u_addrgen/ox_r_reg[15]_i_128_n_0. Optimizations did not improve timing on the net.
INFO: [Physopt 32-702] Processed net u_array/u_addrgen/ox_r_reg[15]_i_133_n_0. Optimizations did not improve timing on the net.
INFO: [Physopt 32-702] Processed net u_array/u_addrgen/ox_r_reg[15]_i_138_n_0. Optimizations did not improve timing on the net.
INFO: [Physopt 32-702] Processed net u_array/u_addrgen/ox_r_reg[15]_i_146_n_2. Optimizations did not improve timing on the net.
INFO: [Physopt 32-702] Processed net u_array/u_addrgen/ox_r_reg[15]_i_147_n_0. Optimizations did not improve timing on the net.
INFO: [Physopt 32-702] Processed net u_array/u_addrgen/ox_r_reg[15]_i_150_n_0. Optimizations did not improve timing on the net.
INFO: [Physopt 32-702] Processed net u_array/u_addrgen/ox_r_reg[15]_i_155_n_0. Optimizations did not improve timing on the net.
INFO: [Physopt 32-702] Processed net u_array/u_addrgen/ox_r_reg[15]_i_160_n_0. Optimizations did not improve timing on the net.
INFO: [Physopt 32-702] Processed net u_array/u_addrgen/ox_r[15]_i_189_n_0. Optimizations did not improve timing on the net.
INFO: [Physopt 32-702] Processed net u_array/u_addrgen/ox_r_reg[15]_i_168_n_2. Optimizations did not improve timing on the net.
INFO: [Physopt 32-702] Processed net u_array/u_addrgen/ox_r_reg[15]_i_169_n_0. Optimizations did not improve timing on the net.
INFO: [Physopt 32-702] Processed net u_array/u_addrgen/ox_r_reg[15]_i_172_n_0. Optimizations did not improve timing on the net.
INFO: [Physopt 32-702] Processed net u_array/u_addrgen/ox_r_reg[15]_i_177_n_0. Optimizations did not improve timing on the net.
INFO: [Physopt 32-702] Processed net u_array/u_addrgen/ox_r_reg[15]_i_182_n_0. Optimizations did not improve timing on the net.
INFO: [Physopt 32-702] Processed net u_array/u_addrgen/ox_r[15]_i_211_n_0. Optimizations did not improve timing on the net.
INFO: [Physopt 32-702] Processed net u_array/u_addrgen/ox_r_reg[15]_i_190_n_2. Optimizations did not improve timing on the net.
INFO: [Physopt 32-702] Processed net u_array/u_addrgen/ox_r_reg[15]_i_191_n_0. Optimizations did not improve timing on the net.
INFO: [Physopt 32-702] Processed net u_array/u_addrgen/ox_r_reg[15]_i_194_n_0. Optimizations did not improve timing on the net.
INFO: [Physopt 32-702] Processed net u_array/u_addrgen/ox_r_reg[15]_i_199_n_0. Optimizations did not improve timing on the net.
INFO: [Physopt 32-702] Processed net u_array/u_addrgen/ox_r_reg[15]_i_204_n_0. Optimizations did not improve timing on the net.
INFO: [Physopt 32-702] Processed net u_array/u_addrgen/ox_r[15]_i_233_n_0. Optimizations did not improve timing on the net.
INFO: [Physopt 32-702] Processed net u_array/u_addrgen/ox_r_reg[15]_i_212_n_2. Optimizations did not improve timing on the net.
INFO: [Physopt 32-702] Processed net u_array/u_addrgen/ox_r_reg[15]_i_213_n_0. Optimizations did not improve timing on the net.
INFO: [Physopt 32-702] Processed net u_array/u_addrgen/ox_r_reg[15]_i_216_n_0. Optimizations did not improve timing on the net.
INFO: [Physopt 32-702] Processed net u_array/u_addrgen/ox_r_reg[15]_i_221_n_0. Optimizations did not improve timing on the net.
INFO: [Physopt 32-702] Processed net u_array/u_addrgen/ox_r_reg[15]_i_226_n_0. Optimizations did not improve timing on the net.
INFO: [Physopt 32-702] Processed net u_array/u_addrgen/ox_r[15]_i_255_n_0. Optimizations did not improve timing on the net.
INFO: [Physopt 32-702] Processed net u_array/u_addrgen/ox_r_reg[15]_i_234_n_2. Optimizations did not improve timing on the net.
INFO: [Physopt 32-702] Processed net u_array/u_addrgen/ox_r_reg[15]_i_235_n_0. Optimizations did not improve timing on the net.
INFO: [Physopt 32-702] Processed net u_array/u_addrgen/ox_r_reg[15]_i_238_n_0. Optimizations did not improve timing on the net.
INFO: [Physopt 32-702] Processed net u_array/u_addrgen/ox_r_reg[15]_i_243_n_0. Optimizations did not improve timing on the net.
INFO: [Physopt 32-702] Processed net u_array/u_addrgen/ox_r_reg[15]_i_248_n_0. Optimizations did not improve timing on the net.
INFO: [Physopt 32-702] Processed net u_array/u_addrgen/ox_r[15]_i_277_n_0. Optimizations did not improve timing on the net.
INFO: [Physopt 32-702] Processed net u_array/u_addrgen/ox_r_reg[15]_i_256_n_2. Optimizations did not improve timing on the net.
INFO: [Physopt 32-702] Processed net u_array/u_addrgen/ox_r_reg[15]_i_257_n_0. Optimizations did not improve timing on the net.
INFO: [Physopt 32-702] Processed net u_array/u_addrgen/ox_r_reg[15]_i_260_n_0. Optimizations did not improve timing on the net.
INFO: [Physopt 32-702] Processed net u_array/u_addrgen/ox_r_reg[15]_i_265_n_0. Optimizations did not improve timing on the net.
INFO: [Physopt 32-702] Processed net u_array/u_addrgen/ox_r_reg[15]_i_270_n_0. Optimizations did not improve timing on the net.
INFO: [Physopt 32-702] Processed net u_array/u_addrgen/ox_r[15]_i_299_n_0. Optimizations did not improve timing on the net.
INFO: [Physopt 32-702] Processed net u_array/u_addrgen/ox_r_reg[15]_i_278_n_2. Optimizations did not improve timing on the net.
INFO: [Physopt 32-702] Processed net u_array/u_addrgen/ox_r_reg[15]_i_279_n_0. Optimizations did not improve timing on the net.
INFO: [Physopt 32-702] Processed net u_array/u_addrgen/ox_r_reg[15]_i_282_n_0. Optimizations did not improve timing on the net.
INFO: [Physopt 32-702] Processed net u_array/u_addrgen/ox_r_reg[15]_i_287_n_0. Optimizations did not improve timing on the net.
INFO: [Physopt 32-702] Processed net u_array/u_addrgen/ox_r_reg[15]_i_292_n_0. Optimizations did not improve timing on the net.
INFO: [Physopt 32-702] Processed net u_array/u_addrgen/ox_r[15]_i_321_n_0. Optimizations did not improve timing on the net.
INFO: [Physopt 32-702] Processed net u_array/u_addrgen/ox_r_reg[15]_i_300_n_3. Optimizations did not improve timing on the net.
INFO: [Physopt 32-702] Processed net u_array/u_addrgen/ox_r_reg[15]_i_301_n_0. Optimizations did not improve timing on the net.
INFO: [Physopt 32-702] Processed net u_array/u_addrgen/ox_r_reg[15]_i_304_n_0. Optimizations did not improve timing on the net.
INFO: [Physopt 32-702] Processed net u_array/u_addrgen/ox_r_reg[15]_i_309_n_0. Optimizations did not improve timing on the net.
INFO: [Physopt 32-702] Processed net u_array/u_addrgen/oy_r_reg[8]_i_88_n_0. Optimizations did not improve timing on the net.
INFO: [Physopt 32-702] Processed net u_array/u_addrgen/oy_r[8]_i_105_n_0. Optimizations did not improve timing on the net.
INFO: [Physopt 32-608] Optimized 1 net.  Swapped 22 pins.
INFO: [Physopt 32-735] Processed net u_array/u_addrgen/ox_r[14]_i_1_n_0. Optimization improves timing on the net.
INFO: [Physopt 32-619] Estimated Timing Summary | WNS=-30.392 | TNS=-87061.235 |
INFO: [Physopt 32-663] Processed net u_array/u_addrgen/ox_r[13]_i_3_n_0_repN_1.  Re-placed instance u_array/u_addrgen/ox_r[13]_i_3_comp_5
INFO: [Physopt 32-735] Processed net u_array/u_addrgen/ox_r[13]_i_3_n_0_repN_1. Optimization improves timing on the net.
INFO: [Physopt 32-619] Estimated Timing Summary | WNS=-30.376 | TNS=-87061.220 |
INFO: [Physopt 32-663] Processed net u_array/u_addrgen/ox_r[13]_i_3_n_0_repN.  Re-placed instance u_array/u_addrgen/ox_r[13]_i_3_comp
INFO: [Physopt 32-735] Processed net u_array/u_addrgen/ox_r[13]_i_3_n_0_repN. Optimization improves timing on the net.
INFO: [Physopt 32-619] Estimated Timing Summary | WNS=-30.373 | TNS=-87061.206 |
INFO: [Physopt 32-702] Processed net u_array/u_addrgen/ox_r[12]_i_3_n_0. Optimizations did not improve timing on the net.
INFO: [Physopt 32-702] Processed net u_array/u_addrgen/ox_r[12]_i_1_n_0. Optimizations did not improve timing on the net.
INFO: [Physopt 32-702] Processed net u_array/u_addrgen/ox_r_reg_n_0_[12]. Optimizations did not improve timing on the net.
INFO: [Physopt 32-702] Processed net u_array/cfg_ow_r[0]_repN_3. Optimizations did not improve timing on the net.
INFO: [Physopt 32-702] Processed net u_array/u_addrgen/ox_r[12]_i_3_n_0. Optimizations did not improve timing on the net.
INFO: [Physopt 32-702] Processed net u_array/u_addrgen/ox_r[13]_i_6_n_0. Optimizations did not improve timing on the net.
INFO: [Physopt 32-702] Processed net u_array/u_addrgen/ox_r[12]_i_5_n_0. Optimizations did not improve timing on the net.
INFO: [Physopt 32-702] Processed net u_array/u_addrgen/ox_r_reg[6]_i_2_n_5. Optimizations did not improve timing on the net.
INFO: [Physopt 32-702] Processed net u_array/u_addrgen/ox_r[2]_i_7_n_0. Optimizations did not improve timing on the net.
INFO: [Physopt 32-702] Processed net u_array/u_addrgen/ox_r_reg[15]_i_11_n_2. Optimizations did not improve timing on the net.
INFO: [Physopt 32-702] Processed net u_array/u_addrgen/ox_r[6]_i_12_n_0. Optimizations did not improve timing on the net.
INFO: [Physopt 32-702] Processed net u_array/u_addrgen/ox_r_reg[15]_i_21_n_2. Optimizations did not improve timing on the net.
INFO: [Physopt 32-702] Processed net u_array/u_addrgen/ox_r[10]_i_18_n_0. Optimizations did not improve timing on the net.
INFO: [Physopt 32-702] Processed net u_array/u_addrgen/ox_r_reg[15]_i_39_n_2. Optimizations did not improve timing on the net.
INFO: [Physopt 32-702] Processed net u_array/u_addrgen/ox_r[14]_i_22_n_0. Optimizations did not improve timing on the net.
INFO: [Physopt 32-702] Processed net u_array/u_addrgen/ox_r_reg[15]_i_61_n_2. Optimizations did not improve timing on the net.
INFO: [Physopt 32-702] Processed net u_array/u_addrgen/ox_r[15]_i_101_n_0. Optimizations did not improve timing on the net.
INFO: [Physopt 32-702] Processed net u_array/u_addrgen/ox_r_reg[15]_i_80_n_2. Optimizations did not improve timing on the net.
INFO: [Physopt 32-702] Processed net u_array/u_addrgen/ox_r[15]_i_123_n_0. Optimizations did not improve timing on the net.
INFO: [Physopt 32-702] Processed net u_array/u_addrgen/ox_r_reg[15]_i_102_n_2. Optimizations did not improve timing on the net.
INFO: [Physopt 32-702] Processed net u_array/u_addrgen/ox_r[15]_i_145_n_0. Optimizations did not improve timing on the net.
INFO: [Physopt 32-702] Processed net u_array/u_addrgen/ox_r_reg[15]_i_124_n_2. Optimizations did not improve timing on the net.
INFO: [Physopt 32-702] Processed net u_array/u_addrgen/ox_r_reg[15]_i_146_n_2. Optimizations did not improve timing on the net.
INFO: [Physopt 32-702] Processed net u_array/u_addrgen/ox_r[15]_i_189_n_0. Optimizations did not improve timing on the net.
INFO: [Physopt 32-702] Processed net u_array/u_addrgen/ox_r_reg[15]_i_168_n_2. Optimizations did not improve timing on the net.
INFO: [Physopt 32-702] Processed net u_array/u_addrgen/ox_r[15]_i_211_n_0. Optimizations did not improve timing on the net.
INFO: [Physopt 32-702] Processed net u_array/u_addrgen/ox_r_reg[15]_i_190_n_2. Optimizations did not improve timing on the net.
INFO: [Physopt 32-702] Processed net u_array/u_addrgen/ox_r[15]_i_233_n_0. Optimizations did not improve timing on the net.
INFO: [Physopt 32-702] Processed net u_array/u_addrgen/ox_r_reg[15]_i_212_n_2. Optimizations did not improve timing on the net.
INFO: [Physopt 32-702] Processed net u_array/u_addrgen/ox_r[15]_i_255_n_0. Optimizations did not improve timing on the net.
INFO: [Physopt 32-702] Processed net u_array/u_addrgen/ox_r_reg[15]_i_234_n_2. Optimizations did not improve timing on the net.
INFO: [Physopt 32-702] Processed net u_array/u_addrgen/ox_r[15]_i_277_n_0. Optimizations did not improve timing on the net.
INFO: [Physopt 32-702] Processed net u_array/u_addrgen/ox_r_reg[15]_i_256_n_2. Optimizations did not improve timing on the net.
INFO: [Physopt 32-702] Processed net u_array/u_addrgen/ox_r[15]_i_299_n_0. Optimizations did not improve timing on the net.
INFO: [Physopt 32-702] Processed net u_array/u_addrgen/ox_r_reg[15]_i_278_n_2. Optimizations did not improve timing on the net.
INFO: [Physopt 32-702] Processed net u_array/u_addrgen/ox_r[15]_i_321_n_0. Optimizations did not improve timing on the net.
INFO: [Physopt 32-702] Processed net u_array/u_addrgen/ox_r_reg[15]_i_300_n_3. Optimizations did not improve timing on the net.
INFO: [Physopt 32-702] Processed net u_array/u_addrgen/oy_r[8]_i_105_n_0. Optimizations did not improve timing on the net.
INFO: [Physopt 32-702] Processed net u_array/u_addrgen/ox_r[12]_i_1_n_0. Optimizations did not improve timing on the net.
INFO: [Physopt 32-619] Estimated Timing Summary | WNS=-30.373 | TNS=-87061.206 |
Netlist sorting complete. Time (s): cpu = 00:00:00 ; elapsed = 00:00:00.024 . Memory (MB): peak = 2309.074 ; gain = 0.000
Phase 4 Critical Path Optimization | Checksum: 97b02d75

Time (s): cpu = 00:00:24 ; elapsed = 00:00:16 . Memory (MB): peak = 2309.074 ; gain = 0.000
Netlist sorting complete. Time (s): cpu = 00:00:00 ; elapsed = 00:00:00.016 . Memory (MB): peak = 2309.074 ; gain = 0.000
INFO: [Physopt 32-603] Post Physical Optimization Timing Summary | WNS=-30.373 | TNS=-87061.206 |

Summary of Physical Synthesis Optimizations
============================================


-------------------------------------------------------------------------------------------------------------------------------------------------------------
|  Optimization   |  WNS Gain (ns)  |  TNS Gain (ns)  |  Added Cells  |  Removed Cells  |  Optimized Cells/Nets  |  Dont Touch  |  Iterations  |  Elapsed   |
-------------------------------------------------------------------------------------------------------------------------------------------------------------
|  DSP Register   |          0.000  |          0.000  |            0  |              0  |                     0  |           0  |           1  |  00:00:00  |
|  Critical Path  |          0.808  |          9.917  |            6  |              0  |                    42  |           0  |           2  |  00:00:13  |
|  Total          |          0.808  |          9.917  |            6  |              0  |                    42  |           0  |           3  |  00:00:13  |
-------------------------------------------------------------------------------------------------------------------------------------------------------------


Netlist sorting complete. Time (s): cpu = 00:00:00 ; elapsed = 00:00:00.018 . Memory (MB): peak = 2309.074 ; gain = 0.000
Ending Physical Synthesis Task | Checksum: e961a65c

Time (s): cpu = 00:00:24 ; elapsed = 00:00:16 . Memory (MB): peak = 2309.074 ; gain = 0.000
INFO: [Common 17-83] Releasing license: Implementation
559 Infos, 107 Warnings, 0 Critical Warnings and 0 Errors encountered.
phys_opt_design completed successfully
phys_opt_design: Time (s): cpu = 00:00:30 ; elapsed = 00:00:20 . Memory (MB): peak = 2309.074 ; gain = 0.000
Command: route_design
Attempting to get a license for feature 'Implementation' and/or device 'xc7z020'
INFO: [Common 17-349] Got license for feature 'Implementation' and/or device 'xc7z020'
INFO: [DRC 23-27] Running DRC with 2 threads
WARNING: [DRC 23-814] Not all possible (connectivity based) DRCs may have been run because this design is seen as Out of Context.
INFO: [Vivado_Tcl 4-198] DRC finished with 0 Errors
INFO: [Vivado_Tcl 4-199] Please refer to the DRC report (report_drc) for more information.


Starting Routing Task
INFO: [Route 35-254] Multithreading enabled for route_design using a maximum of 2 CPUs

Phase 1 Build RT Design
Checksum: PlaceDB: 7ae1a222 ConstDB: 0 ShapeSum: 46cef5d1 RouteDB: 15f972f0
WARNING: [Route 35-197] Clock port "clk_i" does not have an associated HD.CLK_SRC. Without this constraint, timing analysis may not be accurate and upstream checks cannot be done to ensure correct clock placement.
WARNING: [Route 35-198] Port "s_axi_wdata[7]" does not have an associated HD.PARTPIN_LOCS, which will prevent the partial routing of the signal "s_axi_wdata[7]". Without this partial route, timing analysis to/from this port will not be accurate, and no routing information for this port can be exported.
WARNING: [Route 35-198] Port "s_axi_awaddr[6]" does not have an associated HD.PARTPIN_LOCS, which will prevent the partial routing of the signal "s_axi_awaddr[6]". Without this partial route, timing analysis to/from this port will not be accurate, and no routing information for this port can be exported.
WARNING: [Route 35-198] Port "s_axi_awaddr[4]" does not have an associated HD.PARTPIN_LOCS, which will prevent the partial routing of the signal "s_axi_awaddr[4]". Without this partial route, timing analysis to/from this port will not be accurate, and no routing information for this port can be exported.
WARNING: [Route 35-198] Port "s_axi_wstrb[3]" does not have an associated HD.PARTPIN_LOCS, which will prevent the partial routing of the signal "s_axi_wstrb[3]". Without this partial route, timing analysis to/from this port will not be accurate, and no routing information for this port can be exported.
WARNING: [Route 35-198] Port "s_axi_awaddr[5]" does not have an associated HD.PARTPIN_LOCS, which will prevent the partial routing of the signal "s_axi_awaddr[5]". Without this partial route, timing analysis to/from this port will not be accurate, and no routing information for this port can be exported.
WARNING: [Route 35-198] Port "s_axi_wstrb[0]" does not have an associated HD.PARTPIN_LOCS, which will prevent the partial routing of the signal "s_axi_wstrb[0]". Without this partial route, timing analysis to/from this port will not be accurate, and no routing information for this port can be exported.
WARNING: [Route 35-198] Port "s_axi_wdata[6]" does not have an associated HD.PARTPIN_LOCS, which will prevent the partial routing of the signal "s_axi_wdata[6]". Without this partial route, timing analysis to/from this port will not be accurate, and no routing information for this port can be exported.
WARNING: [Route 35-198] Port "s_axi_wdata[4]" does not have an associated HD.PARTPIN_LOCS, which will prevent the partial routing of the signal "s_axi_wdata[4]". Without this partial route, timing analysis to/from this port will not be accurate, and no routing information for this port can be exported.
WARNING: [Route 35-198] Port "s_axi_wdata[2]" does not have an associated HD.PARTPIN_LOCS, which will prevent the partial routing of the signal "s_axi_wdata[2]". Without this partial route, timing analysis to/from this port will not be accurate, and no routing information for this port can be exported.
WARNING: [Route 35-198] Port "s_axi_wdata[31]" does not have an associated HD.PARTPIN_LOCS, which will prevent the partial routing of the signal "s_axi_wdata[31]". Without this partial route, timing analysis to/from this port will not be accurate, and no routing information for this port can be exported.
WARNING: [Route 35-198] Port "s_axi_wdata[29]" does not have an associated HD.PARTPIN_LOCS, which will prevent the partial routing of the signal "s_axi_wdata[29]". Without this partial route, timing analysis to/from this port will not be accurate, and no routing information for this port can be exported.
WARNING: [Route 35-198] Port "s_axi_wdata[24]" does not have an associated HD.PARTPIN_LOCS, which will prevent the partial routing of the signal "s_axi_wdata[24]". Without this partial route, timing analysis to/from this port will not be accurate, and no routing information for this port can be exported.
WARNING: [Route 35-198] Port "s_axi_wdata[0]" does not have an associated HD.PARTPIN_LOCS, which will prevent the partial routing of the signal "s_axi_wdata[0]". Without this partial route, timing analysis to/from this port will not be accurate, and no routing information for this port can be exported.
WARNING: [Route 35-198] Port "s_axi_wdata[28]" does not have an associated HD.PARTPIN_LOCS, which will prevent the partial routing of the signal "s_axi_wdata[28]". Without this partial route, timing analysis to/from this port will not be accurate, and no routing information for this port can be exported.
WARNING: [Route 35-198] Port "s_axi_wdata[26]" does not have an associated HD.PARTPIN_LOCS, which will prevent the partial routing of the signal "s_axi_wdata[26]". Without this partial route, timing analysis to/from this port will not be accurate, and no routing information for this port can be exported.
WARNING: [Route 35-198] Port "s_axi_wdata[27]" does not have an associated HD.PARTPIN_LOCS, which will prevent the partial routing of the signal "s_axi_wdata[27]". Without this partial route, timing analysis to/from this port will not be accurate, and no routing information for this port can be exported.
WARNING: [Route 35-198] Port "s_axi_wdata[25]" does not have an associated HD.PARTPIN_LOCS, which will prevent the partial routing of the signal "s_axi_wdata[25]". Without this partial route, timing analysis to/from this port will not be accurate, and no routing information for this port can be exported.
WARNING: [Route 35-198] Port "s_axi_wdata[30]" does not have an associated HD.PARTPIN_LOCS, which will prevent the partial routing of the signal "s_axi_wdata[30]". Without this partial route, timing analysis to/from this port will not be accurate, and no routing information for this port can be exported.
WARNING: [Route 35-198] Port "s_axi_wdata[15]" does not have an associated HD.PARTPIN_LOCS, which will prevent the partial routing of the signal "s_axi_wdata[15]". Without this partial route, timing analysis to/from this port will not be accurate, and no routing information for this port can be exported.
WARNING: [Route 35-198] Port "s_axi_wdata[8]" does not have an associated HD.PARTPIN_LOCS, which will prevent the partial routing of the signal "s_axi_wdata[8]". Without this partial route, timing analysis to/from this port will not be accurate, and no routing information for this port can be exported.
WARNING: [Route 35-198] Port "s_axi_araddr[4]" does not have an associated HD.PARTPIN_LOCS, which will prevent the partial routing of the signal "s_axi_araddr[4]". Without this partial route, timing analysis to/from this port will not be accurate, and no routing information for this port can be exported.
WARNING: [Route 35-198] Port "s_axi_araddr[2]" does not have an associated HD.PARTPIN_LOCS, which will prevent the partial routing of the signal "s_axi_araddr[2]". Without this partial route, timing analysis to/from this port will not be accurate, and no routing information for this port can be exported.
WARNING: [Route 35-198] Port "s_axi_wdata[3]" does not have an associated HD.PARTPIN_LOCS, which will prevent the partial routing of the signal "s_axi_wdata[3]". Without this partial route, timing analysis to/from this port will not be accurate, and no routing information for this port can be exported.
WARNING: [Route 35-198] Port "s_axi_wdata[1]" does not have an associated HD.PARTPIN_LOCS, which will prevent the partial routing of the signal "s_axi_wdata[1]". Without this partial route, timing analysis to/from this port will not be accurate, and no routing information for this port can be exported.
WARNING: [Route 35-198] Port "s_axi_araddr[3]" does not have an associated HD.PARTPIN_LOCS, which will prevent the partial routing of the signal "s_axi_araddr[3]". Without this partial route, timing analysis to/from this port will not be accurate, and no routing information for this port can be exported.
WARNING: [Route 35-198] Port "s_axi_araddr[5]" does not have an associated HD.PARTPIN_LOCS, which will prevent the partial routing of the signal "s_axi_araddr[5]". Without this partial route, timing analysis to/from this port will not be accurate, and no routing information for this port can be exported.
WARNING: [Route 35-198] Port "s_axi_wdata[22]" does not have an associated HD.PARTPIN_LOCS, which will prevent the partial routing of the signal "s_axi_wdata[22]". Without this partial route, timing analysis to/from this port will not be accurate, and no routing information for this port can be exported.
WARNING: [Route 35-198] Port "s_axi_wdata[19]" does not have an associated HD.PARTPIN_LOCS, which will prevent the partial routing of the signal "s_axi_wdata[19]". Without this partial route, timing analysis to/from this port will not be accurate, and no routing information for this port can be exported.
WARNING: [Route 35-198] Port "s_axi_wdata[18]" does not have an associated HD.PARTPIN_LOCS, which will prevent the partial routing of the signal "s_axi_wdata[18]". Without this partial route, timing analysis to/from this port will not be accurate, and no routing information for this port can be exported.
WARNING: [Route 35-198] Port "s_axi_wdata[23]" does not have an associated HD.PARTPIN_LOCS, which will prevent the partial routing of the signal "s_axi_wdata[23]". Without this partial route, timing analysis to/from this port will not be accurate, and no routing information for this port can be exported.
WARNING: [Route 35-198] Port "s_axi_wdata[16]" does not have an associated HD.PARTPIN_LOCS, which will prevent the partial routing of the signal "s_axi_wdata[16]". Without this partial route, timing analysis to/from this port will not be accurate, and no routing information for this port can be exported.
WARNING: [Route 35-198] Port "s_axi_wdata[5]" does not have an associated HD.PARTPIN_LOCS, which will prevent the partial routing of the signal "s_axi_wdata[5]". Without this partial route, timing analysis to/from this port will not be accurate, and no routing information for this port can be exported.
WARNING: [Route 35-198] Port "s_axi_wdata[21]" does not have an associated HD.PARTPIN_LOCS, which will prevent the partial routing of the signal "s_axi_wdata[21]". Without this partial route, timing analysis to/from this port will not be accurate, and no routing information for this port can be exported.
WARNING: [Route 35-198] Port "s_axi_wdata[20]" does not have an associated HD.PARTPIN_LOCS, which will prevent the partial routing of the signal "s_axi_wdata[20]". Without this partial route, timing analysis to/from this port will not be accurate, and no routing information for this port can be exported.
WARNING: [Route 35-198] Port "s_axi_wdata[17]" does not have an associated HD.PARTPIN_LOCS, which will prevent the partial routing of the signal "s_axi_wdata[17]". Without this partial route, timing analysis to/from this port will not be accurate, and no routing information for this port can be exported.
WARNING: [Route 35-198] Port "s_axi_wstrb[2]" does not have an associated HD.PARTPIN_LOCS, which will prevent the partial routing of the signal "s_axi_wstrb[2]". Without this partial route, timing analysis to/from this port will not be accurate, and no routing information for this port can be exported.
WARNING: [Route 35-198] Port "s_axi_wstrb[1]" does not have an associated HD.PARTPIN_LOCS, which will prevent the partial routing of the signal "s_axi_wstrb[1]". Without this partial route, timing analysis to/from this port will not be accurate, and no routing information for this port can be exported.
WARNING: [Route 35-198] Port "s_axi_awaddr[2]" does not have an associated HD.PARTPIN_LOCS, which will prevent the partial routing of the signal "s_axi_awaddr[2]". Without this partial route, timing analysis to/from this port will not be accurate, and no routing information for this port can be exported.
WARNING: [Route 35-198] Port "s_axi_awaddr[3]" does not have an associated HD.PARTPIN_LOCS, which will prevent the partial routing of the signal "s_axi_awaddr[3]". Without this partial route, timing analysis to/from this port will not be accurate, and no routing information for this port can be exported.
WARNING: [Route 35-198] Port "s_axi_wdata[10]" does not have an associated HD.PARTPIN_LOCS, which will prevent the partial routing of the signal "s_axi_wdata[10]". Without this partial route, timing analysis to/from this port will not be accurate, and no routing information for this port can be exported.
WARNING: [Route 35-198] Port "m_axi_arready" does not have an associated HD.PARTPIN_LOCS, which will prevent the partial routing of the signal "m_axi_arready". Without this partial route, timing analysis to/from this port will not be accurate, and no routing information for this port can be exported.
WARNING: [Route 35-198] Port "s_axi_wdata[14]" does not have an associated HD.PARTPIN_LOCS, which will prevent the partial routing of the signal "s_axi_wdata[14]". Without this partial route, timing analysis to/from this port will not be accurate, and no routing information for this port can be exported.
WARNING: [Route 35-198] Port "s_axi_wdata[13]" does not have an associated HD.PARTPIN_LOCS, which will prevent the partial routing of the signal "s_axi_wdata[13]". Without this partial route, timing analysis to/from this port will not be accurate, and no routing information for this port can be exported.
WARNING: [Route 35-198] Port "s_axi_wdata[12]" does not have an associated HD.PARTPIN_LOCS, which will prevent the partial routing of the signal "s_axi_wdata[12]". Without this partial route, timing analysis to/from this port will not be accurate, and no routing information for this port can be exported.
WARNING: [Route 35-198] Port "s_axi_wdata[11]" does not have an associated HD.PARTPIN_LOCS, which will prevent the partial routing of the signal "s_axi_wdata[11]". Without this partial route, timing analysis to/from this port will not be accurate, and no routing information for this port can be exported.
WARNING: [Route 35-198] Port "rst_n" does not have an associated HD.PARTPIN_LOCS, which will prevent the partial routing of the signal "rst_n". Without this partial route, timing analysis to/from this port will not be accurate, and no routing information for this port can be exported.
WARNING: [Route 35-198] Port "s_axi_araddr[6]" does not have an associated HD.PARTPIN_LOCS, which will prevent the partial routing of the signal "s_axi_araddr[6]". Without this partial route, timing analysis to/from this port will not be accurate, and no routing information for this port can be exported.
WARNING: [Route 35-198] Port "s_axi_wdata[9]" does not have an associated HD.PARTPIN_LOCS, which will prevent the partial routing of the signal "s_axi_wdata[9]". Without this partial route, timing analysis to/from this port will not be accurate, and no routing information for this port can be exported.
WARNING: [Route 35-198] Port "s_axi_arvalid" does not have an associated HD.PARTPIN_LOCS, which will prevent the partial routing of the signal "s_axi_arvalid". Without this partial route, timing analysis to/from this port will not be accurate, and no routing information for this port can be exported.
WARNING: [Route 35-198] Port "s_axi_rready" does not have an associated HD.PARTPIN_LOCS, which will prevent the partial routing of the signal "s_axi_rready". Without this partial route, timing analysis to/from this port will not be accurate, and no routing information for this port can be exported.
WARNING: [Route 35-198] Port "s_axi_araddr[15]" does not have an associated HD.PARTPIN_LOCS, which will prevent the partial routing of the signal "s_axi_araddr[15]". Without this partial route, timing analysis to/from this port will not be accurate, and no routing information for this port can be exported.
WARNING: [Route 35-198] Port "s_axi_araddr[11]" does not have an associated HD.PARTPIN_LOCS, which will prevent the partial routing of the signal "s_axi_araddr[11]". Without this partial route, timing analysis to/from this port will not be accurate, and no routing information for this port can be exported.
WARNING: [Route 35-198] Port "s_axi_araddr[7]" does not have an associated HD.PARTPIN_LOCS, which will prevent the partial routing of the signal "s_axi_araddr[7]". Without this partial route, timing analysis to/from this port will not be accurate, and no routing information for this port can be exported.
WARNING: [Route 35-198] Port "s_axi_araddr[14]" does not have an associated HD.PARTPIN_LOCS, which will prevent the partial routing of the signal "s_axi_araddr[14]". Without this partial route, timing analysis to/from this port will not be accurate, and no routing information for this port can be exported.
WARNING: [Route 35-198] Port "s_axi_araddr[12]" does not have an associated HD.PARTPIN_LOCS, which will prevent the partial routing of the signal "s_axi_araddr[12]". Without this partial route, timing analysis to/from this port will not be accurate, and no routing information for this port can be exported.
WARNING: [Route 35-198] Port "s_axi_araddr[8]" does not have an associated HD.PARTPIN_LOCS, which will prevent the partial routing of the signal "s_axi_araddr[8]". Without this partial route, timing analysis to/from this port will not be accurate, and no routing information for this port can be exported.
WARNING: [Route 35-198] Port "s_axi_araddr[13]" does not have an associated HD.PARTPIN_LOCS, which will prevent the partial routing of the signal "s_axi_araddr[13]". Without this partial route, timing analysis to/from this port will not be accurate, and no routing information for this port can be exported.
WARNING: [Route 35-198] Port "s_axi_araddr[9]" does not have an associated HD.PARTPIN_LOCS, which will prevent the partial routing of the signal "s_axi_araddr[9]". Without this partial route, timing analysis to/from this port will not be accurate, and no routing information for this port can be exported.
WARNING: [Route 35-198] Port "s_axi_araddr[10]" does not have an associated HD.PARTPIN_LOCS, which will prevent the partial routing of the signal "s_axi_araddr[10]". Without this partial route, timing analysis to/from this port will not be accurate, and no routing information for this port can be exported.
WARNING: [Route 35-198] Port "m_axi_awready" does not have an associated HD.PARTPIN_LOCS, which will prevent the partial routing of the signal "m_axi_awready". Without this partial route, timing analysis to/from this port will not be accurate, and no routing information for this port can be exported.
WARNING: [Route 35-198] Port "m_axi_rvalid" does not have an associated HD.PARTPIN_LOCS, which will prevent the partial routing of the signal "m_axi_rvalid". Without this partial route, timing analysis to/from this port will not be accurate, and no routing information for this port can be exported.
WARNING: [Route 35-198] Port "m_axi_bvalid" does not have an associated HD.PARTPIN_LOCS, which will prevent the partial routing of the signal "m_axi_bvalid". Without this partial route, timing analysis to/from this port will not be accurate, and no routing information for this port can be exported.
WARNING: [Route 35-198] Port "m_axi_wready" does not have an associated HD.PARTPIN_LOCS, which will prevent the partial routing of the signal "m_axi_wready". Without this partial route, timing analysis to/from this port will not be accurate, and no routing information for this port can be exported.
WARNING: [Route 35-198] Port "m_axi_rdata[38]" does not have an associated HD.PARTPIN_LOCS, which will prevent the partial routing of the signal "m_axi_rdata[38]". Without this partial route, timing analysis to/from this port will not be accurate, and no routing information for this port can be exported.
WARNING: [Route 35-198] Port "m_axi_rdata[39]" does not have an associated HD.PARTPIN_LOCS, which will prevent the partial routing of the signal "m_axi_rdata[39]". Without this partial route, timing analysis to/from this port will not be accurate, and no routing information for this port can be exported.
WARNING: [Route 35-198] Port "m_axi_rdata[46]" does not have an associated HD.PARTPIN_LOCS, which will prevent the partial routing of the signal "m_axi_rdata[46]". Without this partial route, timing analysis to/from this port will not be accurate, and no routing information for this port can be exported.
WARNING: [Route 35-198] Port "m_axi_rdata[47]" does not have an associated HD.PARTPIN_LOCS, which will prevent the partial routing of the signal "m_axi_rdata[47]". Without this partial route, timing analysis to/from this port will not be accurate, and no routing information for this port can be exported.
WARNING: [Route 35-198] Port "m_axi_rdata[54]" does not have an associated HD.PARTPIN_LOCS, which will prevent the partial routing of the signal "m_axi_rdata[54]". Without this partial route, timing analysis to/from this port will not be accurate, and no routing information for this port can be exported.
WARNING: [Route 35-198] Port "m_axi_rdata[55]" does not have an associated HD.PARTPIN_LOCS, which will prevent the partial routing of the signal "m_axi_rdata[55]". Without this partial route, timing analysis to/from this port will not be accurate, and no routing information for this port can be exported.
WARNING: [Route 35-198] Port "m_axi_rdata[62]" does not have an associated HD.PARTPIN_LOCS, which will prevent the partial routing of the signal "m_axi_rdata[62]". Without this partial route, timing analysis to/from this port will not be accurate, and no routing information for this port can be exported.
WARNING: [Route 35-198] Port "m_axi_rdata[63]" does not have an associated HD.PARTPIN_LOCS, which will prevent the partial routing of the signal "m_axi_rdata[63]". Without this partial route, timing analysis to/from this port will not be accurate, and no routing information for this port can be exported.
WARNING: [Route 35-198] Port "m_axi_rdata[30]" does not have an associated HD.PARTPIN_LOCS, which will prevent the partial routing of the signal "m_axi_rdata[30]". Without this partial route, timing analysis to/from this port will not be accurate, and no routing information for this port can be exported.
WARNING: [Route 35-198] Port "m_axi_rdata[31]" does not have an associated HD.PARTPIN_LOCS, which will prevent the partial routing of the signal "m_axi_rdata[31]". Without this partial route, timing analysis to/from this port will not be accurate, and no routing information for this port can be exported.
WARNING: [Route 35-198] Port "m_axi_rdata[42]" does not have an associated HD.PARTPIN_LOCS, which will prevent the partial routing of the signal "m_axi_rdata[42]". Without this partial route, timing analysis to/from this port will not be accurate, and no routing information for this port can be exported.
WARNING: [Route 35-198] Port "m_axi_rdata[43]" does not have an associated HD.PARTPIN_LOCS, which will prevent the partial routing of the signal "m_axi_rdata[43]". Without this partial route, timing analysis to/from this port will not be accurate, and no routing information for this port can be exported.
WARNING: [Route 35-198] Port "m_axi_rdata[50]" does not have an associated HD.PARTPIN_LOCS, which will prevent the partial routing of the signal "m_axi_rdata[50]". Without this partial route, timing analysis to/from this port will not be accurate, and no routing information for this port can be exported.
WARNING: [Route 35-198] Port "m_axi_rdata[51]" does not have an associated HD.PARTPIN_LOCS, which will prevent the partial routing of the signal "m_axi_rdata[51]". Without this partial route, timing analysis to/from this port will not be accurate, and no routing information for this port can be exported.
WARNING: [Route 35-198] Port "m_axi_rdata[58]" does not have an associated HD.PARTPIN_LOCS, which will prevent the partial routing of the signal "m_axi_rdata[58]". Without this partial route, timing analysis to/from this port will not be accurate, and no routing information for this port can be exported.
WARNING: [Route 35-198] Port "m_axi_rdata[59]" does not have an associated HD.PARTPIN_LOCS, which will prevent the partial routing of the signal "m_axi_rdata[59]". Without this partial route, timing analysis to/from this port will not be accurate, and no routing information for this port can be exported.
WARNING: [Route 35-198] Port "m_axi_rdata[44]" does not have an associated HD.PARTPIN_LOCS, which will prevent the partial routing of the signal "m_axi_rdata[44]". Without this partial route, timing analysis to/from this port will not be accurate, and no routing information for this port can be exported.
WARNING: [Route 35-198] Port "m_axi_rdata[45]" does not have an associated HD.PARTPIN_LOCS, which will prevent the partial routing of the signal "m_axi_rdata[45]". Without this partial route, timing analysis to/from this port will not be accurate, and no routing information for this port can be exported.
WARNING: [Route 35-198] Port "m_axi_rdata[52]" does not have an associated HD.PARTPIN_LOCS, which will prevent the partial routing of the signal "m_axi_rdata[52]". Without this partial route, timing analysis to/from this port will not be accurate, and no routing information for this port can be exported.
WARNING: [Route 35-198] Port "m_axi_rdata[53]" does not have an associated HD.PARTPIN_LOCS, which will prevent the partial routing of the signal "m_axi_rdata[53]". Without this partial route, timing analysis to/from this port will not be accurate, and no routing information for this port can be exported.
WARNING: [Route 35-198] Port "m_axi_rdata[60]" does not have an associated HD.PARTPIN_LOCS, which will prevent the partial routing of the signal "m_axi_rdata[60]". Without this partial route, timing analysis to/from this port will not be accurate, and no routing information for this port can be exported.
WARNING: [Route 35-198] Port "m_axi_rdata[61]" does not have an associated HD.PARTPIN_LOCS, which will prevent the partial routing of the signal "m_axi_rdata[61]". Without this partial route, timing analysis to/from this port will not be accurate, and no routing information for this port can be exported.
WARNING: [Route 35-198] Port "m_axi_rdata[24]" does not have an associated HD.PARTPIN_LOCS, which will prevent the partial routing of the signal "m_axi_rdata[24]". Without this partial route, timing analysis to/from this port will not be accurate, and no routing information for this port can be exported.
WARNING: [Route 35-198] Port "m_axi_rdata[25]" does not have an associated HD.PARTPIN_LOCS, which will prevent the partial routing of the signal "m_axi_rdata[25]". Without this partial route, timing analysis to/from this port will not be accurate, and no routing information for this port can be exported.
WARNING: [Route 35-198] Port "m_axi_rdata[32]" does not have an associated HD.PARTPIN_LOCS, which will prevent the partial routing of the signal "m_axi_rdata[32]". Without this partial route, timing analysis to/from this port will not be accurate, and no routing information for this port can be exported.
WARNING: [Route 35-198] Port "m_axi_rdata[33]" does not have an associated HD.PARTPIN_LOCS, which will prevent the partial routing of the signal "m_axi_rdata[33]". Without this partial route, timing analysis to/from this port will not be accurate, and no routing information for this port can be exported.
WARNING: [Route 35-198] Port "m_axi_rdata[40]" does not have an associated HD.PARTPIN_LOCS, which will prevent the partial routing of the signal "m_axi_rdata[40]". Without this partial route, timing analysis to/from this port will not be accurate, and no routing information for this port can be exported.
WARNING: [Route 35-198] Port "m_axi_rdata[41]" does not have an associated HD.PARTPIN_LOCS, which will prevent the partial routing of the signal "m_axi_rdata[41]". Without this partial route, timing analysis to/from this port will not be accurate, and no routing information for this port can be exported.
WARNING: [Route 35-198] Port "m_axi_rdata[6]" does not have an associated HD.PARTPIN_LOCS, which will prevent the partial routing of the signal "m_axi_rdata[6]". Without this partial route, timing analysis to/from this port will not be accurate, and no routing information for this port can be exported.
WARNING: [Route 35-198] Port "m_axi_rdata[7]" does not have an associated HD.PARTPIN_LOCS, which will prevent the partial routing of the signal "m_axi_rdata[7]". Without this partial route, timing analysis to/from this port will not be accurate, and no routing information for this port can be exported.
WARNING: [Route 35-198] Port "m_axi_rdata[14]" does not have an associated HD.PARTPIN_LOCS, which will prevent the partial routing of the signal "m_axi_rdata[14]". Without this partial route, timing analysis to/from this port will not be accurate, and no routing information for this port can be exported.
WARNING: [Route 35-198] Port "m_axi_rdata[15]" does not have an associated HD.PARTPIN_LOCS, which will prevent the partial routing of the signal "m_axi_rdata[15]". Without this partial route, timing analysis to/from this port will not be accurate, and no routing information for this port can be exported.
WARNING: [Route 35-198] Port "m_axi_rdata[48]" does not have an associated HD.PARTPIN_LOCS, which will prevent the partial routing of the signal "m_axi_rdata[48]". Without this partial route, timing analysis to/from this port will not be accurate, and no routing information for this port can be exported.
WARNING: [Route 35-198] Port "m_axi_rdata[49]" does not have an associated HD.PARTPIN_LOCS, which will prevent the partial routing of the signal "m_axi_rdata[49]". Without this partial route, timing analysis to/from this port will not be accurate, and no routing information for this port can be exported.
WARNING: [Route 35-198] Port "m_axi_rdata[56]" does not have an associated HD.PARTPIN_LOCS, which will prevent the partial routing of the signal "m_axi_rdata[56]". Without this partial route, timing analysis to/from this port will not be accurate, and no routing information for this port can be exported.
WARNING: [Route 35-198] Port "m_axi_rdata[57]" does not have an associated HD.PARTPIN_LOCS, which will prevent the partial routing of the signal "m_axi_rdata[57]". Without this partial route, timing analysis to/from this port will not be accurate, and no routing information for this port can be exported.
WARNING: [Route 35-198] Port "m_axi_rdata[22]" does not have an associated HD.PARTPIN_LOCS, which will prevent the partial routing of the signal "m_axi_rdata[22]". Without this partial route, timing analysis to/from this port will not be accurate, and no routing information for this port can be exported.
INFO: [Common 17-14] Message 'Route 35-198' appears 100 times and further instances of the messages will be disabled. Use the Tcl command set_msg_config to change the current settings.
WARNING: [Constraints 18-8777] Unable to split tiles. All required files are not available.
Post Restoration Checksum: NetGraph: b43a8340 | NumContArr: e5122a8d | Constraints: c2a8fa9d | Timing: c2a8fa9d
Phase 1 Build RT Design | Checksum: 31e9ea307

Time (s): cpu = 00:00:30 ; elapsed = 00:00:23 . Memory (MB): peak = 2309.074 ; gain = 0.000

Phase 2 Router Initialization

Phase 2.1 Fix Topology Constraints
Phase 2.1 Fix Topology Constraints | Checksum: 31e9ea307

Time (s): cpu = 00:00:30 ; elapsed = 00:00:23 . Memory (MB): peak = 2309.074 ; gain = 0.000

Phase 2.2 Pre Route Cleanup
Phase 2.2 Pre Route Cleanup | Checksum: 31e9ea307

Time (s): cpu = 00:00:30 ; elapsed = 00:00:23 . Memory (MB): peak = 2309.074 ; gain = 0.000
 Number of Nodes with overlaps = 0

Phase 2.3 Update Timing
Phase 2.3 Update Timing | Checksum: 2224a9943

Time (s): cpu = 00:00:40 ; elapsed = 00:00:29 . Memory (MB): peak = 2309.074 ; gain = 0.000
INFO: [Route 35-416] Intermediate Timing Summary | WNS=-29.366| TNS=-85764.235| WHS=0.114  | THS=0.000  |


Phase 2.4 Soft Constraint Pins - Fast Budgeting
Phase 2.4 Soft Constraint Pins - Fast Budgeting | Checksum: 2b3b5b338

Time (s): cpu = 00:00:44 ; elapsed = 00:00:31 . Memory (MB): peak = 2489.113 ; gain = 180.039

Router Utilization Summary
  Global Vertical Routing Utilization    = 0 %
  Global Horizontal Routing Utilization  = 0 %
  Routable Net Status*
  *Does not include unroutable nets such as driverless and loadless.
  Run report_route_status for detailed report.
  Number of Failed Nets               = 37913
    (Failed Nets is the sum of unrouted and partially routed nets)
  Number of Unrouted Nets             = 37913
  Number of Partially Routed Nets     = 0
  Number of Node Overlaps             = 0

Phase 2 Router Initialization | Checksum: 2b3b5b338

Time (s): cpu = 00:00:44 ; elapsed = 00:00:32 . Memory (MB): peak = 2489.113 ; gain = 180.039

Phase 3 Global Routing
Phase 3 Global Routing | Checksum: 2b3b5b338

Time (s): cpu = 00:00:44 ; elapsed = 00:00:32 . Memory (MB): peak = 2489.113 ; gain = 180.039

Phase 4 Initial Routing

Phase 4.1 Initial Net Routing Pass
Phase 4.1 Initial Net Routing Pass | Checksum: 298667553

Time (s): cpu = 00:00:51 ; elapsed = 00:00:35 . Memory (MB): peak = 2489.113 ; gain = 180.039
Phase 4 Initial Routing | Checksum: 298667553

Time (s): cpu = 00:00:51 ; elapsed = 00:00:36 . Memory (MB): peak = 2489.113 ; gain = 180.039

Phase 5 Rip-up And Reroute

Phase 5.1 Global Iteration 0
 Number of Nodes with overlaps = 2564
 Number of Nodes with overlaps = 385
 Number of Nodes with overlaps = 78
 Number of Nodes with overlaps = 22
 Number of Nodes with overlaps = 5
 Number of Nodes with overlaps = 4
 Number of Nodes with overlaps = 0
INFO: [Route 35-416] Intermediate Timing Summary | WNS=-31.351| TNS=-199865.764| WHS=N/A    | THS=N/A    |

Phase 5.1 Global Iteration 0 | Checksum: 2f31f19d1

Time (s): cpu = 00:01:13 ; elapsed = 00:00:53 . Memory (MB): peak = 2489.113 ; gain = 180.039

Phase 5.2 Global Iteration 1
 Number of Nodes with overlaps = 407
 Number of Nodes with overlaps = 31
 Number of Nodes with overlaps = 5
 Number of Nodes with overlaps = 0
INFO: [Route 35-416] Intermediate Timing Summary | WNS=-31.663| TNS=-200005.891| WHS=N/A    | THS=N/A    |

Phase 5.2 Global Iteration 1 | Checksum: 206776d1a

Time (s): cpu = 00:01:16 ; elapsed = 00:00:55 . Memory (MB): peak = 2489.113 ; gain = 180.039
Phase 5 Rip-up And Reroute | Checksum: 206776d1a

Time (s): cpu = 00:01:16 ; elapsed = 00:00:55 . Memory (MB): peak = 2489.113 ; gain = 180.039

Phase 6 Delay and Skew Optimization

Phase 6.1 Delay CleanUp

Phase 6.1.1 Update Timing
Phase 6.1.1 Update Timing | Checksum: 206776d1a

Time (s): cpu = 00:01:17 ; elapsed = 00:00:56 . Memory (MB): peak = 2489.113 ; gain = 180.039
INFO: [Route 35-416] Intermediate Timing Summary | WNS=-31.351| TNS=-199865.764| WHS=N/A    | THS=N/A    |

 Number of Nodes with overlaps = 0
Phase 6.1 Delay CleanUp | Checksum: 1e0a07800

Time (s): cpu = 00:01:19 ; elapsed = 00:00:57 . Memory (MB): peak = 2489.113 ; gain = 180.039

Phase 6.2 Clock Skew Optimization
Phase 6.2 Clock Skew Optimization | Checksum: 1e0a07800

Time (s): cpu = 00:01:19 ; elapsed = 00:00:57 . Memory (MB): peak = 2489.113 ; gain = 180.039
Phase 6 Delay and Skew Optimization | Checksum: 1e0a07800

Time (s): cpu = 00:01:19 ; elapsed = 00:00:57 . Memory (MB): peak = 2489.113 ; gain = 180.039

Phase 7 Post Hold Fix

Phase 7.1 Hold Fix Iter
INFO: [Route 35-416] Intermediate Timing Summary | WNS=-31.152| TNS=-197945.106| WHS=0.128  | THS=0.000  |

Phase 7.1 Hold Fix Iter | Checksum: 250dc65cd

Time (s): cpu = 00:01:20 ; elapsed = 00:00:57 . Memory (MB): peak = 2489.113 ; gain = 180.039
Phase 7 Post Hold Fix | Checksum: 250dc65cd

Time (s): cpu = 00:01:20 ; elapsed = 00:00:57 . Memory (MB): peak = 2489.113 ; gain = 180.039

Phase 8 Route finalize

Router Utilization Summary
  Global Vertical Routing Utilization    = 11.0236 %
  Global Horizontal Routing Utilization  = 13.7619 %
  Routable Net Status*
  *Does not include unroutable nets such as driverless and loadless.
  Run report_route_status for detailed report.
  Number of Failed Nets               = 0
    (Failed Nets is the sum of unrouted and partially routed nets)
  Number of Unrouted Nets             = 0
  Number of Partially Routed Nets     = 0
  Number of Node Overlaps             = 0


--GLOBAL Congestion:
Utilization threshold used for congestion level computation: 0.85
Congestion Report
North Dir 1x1 Area, Max Cong = 67.5676%, No Congested Regions.
South Dir 1x1 Area, Max Cong = 79.2793%, No Congested Regions.
East Dir 1x1 Area, Max Cong = 88.2353%, Congestion bounded by tiles (Lower Left Tile -> Upper Right Tile):
   INT_R_X15Y48 -> INT_R_X15Y48
   INT_R_X17Y48 -> INT_R_X17Y48
   INT_R_X17Y47 -> INT_R_X17Y47
   INT_R_X15Y46 -> INT_R_X15Y46
   INT_R_X15Y45 -> INT_R_X15Y45
West Dir 1x1 Area, Max Cong = 80.8824%, No Congested Regions.

------------------------------
Reporting congestion hotspots
------------------------------
Direction: North
----------------
Congested clusters found at Level 0
Effective congestion level: 0 Aspect Ratio: 1 Sparse Ratio: 0
Direction: South
----------------
Congested clusters found at Level 0
Effective congestion level: 0 Aspect Ratio: 1 Sparse Ratio: 0
Direction: East
----------------
Congested clusters found at Level 0
Effective congestion level: 1 Aspect Ratio: 0.5 Sparse Ratio: 1.25
Direction: West
----------------
Congested clusters found at Level 0
Effective congestion level: 0 Aspect Ratio: 1 Sparse Ratio: 0

Phase 8 Route finalize | Checksum: 250dc65cd

Time (s): cpu = 00:01:20 ; elapsed = 00:00:58 . Memory (MB): peak = 2489.113 ; gain = 180.039

Phase 9 Verifying routed nets

 Verification completed successfully
Phase 9 Verifying routed nets | Checksum: 250dc65cd

Time (s): cpu = 00:01:20 ; elapsed = 00:00:58 . Memory (MB): peak = 2489.113 ; gain = 180.039

Phase 10 Depositing Routes
Phase 10 Depositing Routes | Checksum: 23850dd6e

Time (s): cpu = 00:01:24 ; elapsed = 00:01:01 . Memory (MB): peak = 2489.113 ; gain = 180.039

Phase 11 Post Process Routing
Phase 11 Post Process Routing | Checksum: 23850dd6e

Time (s): cpu = 00:01:24 ; elapsed = 00:01:01 . Memory (MB): peak = 2489.113 ; gain = 180.039

Phase 12 Post Router Timing
INFO: [Route 35-57] Estimated Timing Summary | WNS=-31.152| TNS=-197945.106| WHS=0.128  | THS=0.000  |

WARNING: [Route 35-328] Router estimated timing not met.
Resolution: For a complete and accurate timing signoff, report_timing_summary must be run after route_design. Alternatively, route_design can be run with the -timing_summary option to enable a complete timing signoff at the end of route_design.
Phase 12 Post Router Timing | Checksum: 23850dd6e

Time (s): cpu = 00:01:24 ; elapsed = 00:01:01 . Memory (MB): peak = 2489.113 ; gain = 180.039
Total Elapsed time in route_design: 61.253 secs

Phase 13 Post-Route Event Processing
Phase 13 Post-Route Event Processing | Checksum: 12060cc20

Time (s): cpu = 00:01:25 ; elapsed = 00:01:01 . Memory (MB): peak = 2489.113 ; gain = 180.039
INFO: [Route 35-16] Router Completed Successfully
Ending Routing Task | Checksum: 12060cc20

Time (s): cpu = 00:01:25 ; elapsed = 00:01:01 . Memory (MB): peak = 2489.113 ; gain = 180.039

Routing Is Done.
INFO: [Common 17-83] Releasing license: Implementation
573 Infos, 211 Warnings, 0 Critical Warnings and 0 Errors encountered.
route_design completed successfully
route_design: Time (s): cpu = 00:01:25 ; elapsed = 00:01:02 . Memory (MB): peak = 2489.113 ; gain = 180.039
INFO: [Timing 38-91] UpdateTimingParams: Speed grade: -1, Delay Type: min_max.
INFO: [Timing 38-191] Multithreading enabled for timing update using a maximum of 2 CPUs
WARNING: [Timing 38-242] The property HD.CLK_SRC of clock port "clk_i" is not set. In out-of-context mode, this prevents timing estimation for clock delay/skew
Resolution: Set the HD.CLK_SRC property of the out-of-context port to the location of the clock buffer instance in the top-level design
report_timing_summary: Time (s): cpu = 00:00:13 ; elapsed = 00:00:08 . Memory (MB): peak = 2489.113 ; gain = 0.000
Command: report_drc -file E:/competition/2_fpga/3_yolo_zynq/proj/ooc_gate/ooc_run02_drc.rpt
INFO: [IP_Flow 19-1839] IP Catalog is up to date.
INFO: [DRC 23-27] Running DRC with 2 threads
WARNING: [DRC 23-814] Not all possible (connectivity based) DRCs may have been run because this design is seen as Out of Context.
INFO: [Vivado_Tcl 2-168] The results of DRC are in file E:/competition/2_fpga/3_yolo_zynq/proj/ooc_gate/ooc_run02_drc.rpt.
report_drc completed successfully
INFO: [Timing 38-480] Writing timing data to binary archive.
Wrote PlaceDB: Time (s): cpu = 00:00:00 ; elapsed = 00:00:00 . Memory (MB): peak = 2489.113 ; gain = 0.000
Wrote PulsedLatchDB: Time (s): cpu = 00:00:00 ; elapsed = 00:00:00 . Memory (MB): peak = 2489.113 ; gain = 0.000
Writing XDEF routing.
Writing XDEF routing logical nets.
Write ShapeDB Complete: Time (s): cpu = 00:00:00 ; elapsed = 00:00:00.069 . Memory (MB): peak = 2489.113 ; gain = 0.000
Writing XDEF routing special nets.
Wrote RouteStorage: Time (s): cpu = 00:00:02 ; elapsed = 00:00:00.321 . Memory (MB): peak = 2489.113 ; gain = 0.000
Wrote PlaceStorage: Time (s): cpu = 00:00:02 ; elapsed = 00:00:01 . Memory (MB): peak = 2489.113 ; gain = 0.000
Wrote Netlist Cache: Time (s): cpu = 00:00:00 ; elapsed = 00:00:00.054 . Memory (MB): peak = 2489.113 ; gain = 0.000
Wrote Device Cache: Time (s): cpu = 00:00:00 ; elapsed = 00:00:00.009 . Memory (MB): peak = 2489.113 ; gain = 0.000
Write Physdb Complete: Time (s): cpu = 00:00:04 ; elapsed = 00:00:02 . Memory (MB): peak = 2489.113 ; gain = 0.000
INFO: [Common 17-1381] The checkpoint 'E:/competition/2_fpga/3_yolo_zynq/proj/ooc_gate/ooc_run02_routed.dcp' has been generated.
WARNING: [Vivado 12-180] No cells matched 'get_cells -hier -filter {REF_NAME =~ RAMB18E1}'.
OOC_RUN02_RES dsp48e1=142 ramb36=20 ramb18=0
GEMM16_OOC_TIMING_FAIL wns_ns=-31.140 whs_ns=0.132 fmax_mhz=26.450128283122172 target_mhz=150.0
INFO: [Common 17-206] Exiting Vivado at Wed Sep 16 14:46:19 2026...
