#-----------------------------------------------------------
# Vivado v2025.2 (64-bit)
# SW Build 6299465 on Fri Nov 14 19:35:11 GMT 2025
# IP Build 6300035 on Fri Nov 14 10:48:45 MST 2025
# SharedData Build 6298862 on Thu Nov 13 04:50:51 MST 2025
# Start of session at: Thu Sep 17 01:37:37 2026
# Process ID         : 50920
# Current directory  : E:/competition/2_fpga/3_yolo_zynq/proj/ooc_gate
# Command line       : vivado.exe -mode batch -source ooc_v19.tcl -nojournal -log ooc_v19_vivado.log
# Log file           : E:/competition/2_fpga/3_yolo_zynq/proj/ooc_gate/ooc_v19_vivado.log
# Journal file       : 
# Running On         : HC-202510241838
# Platform           : Windows Server 2016 or Windows 10
# Operating System   : 26200
# Processor Detail   : AMD Ryzen 5 9600X 6-Core Processor             
# CPU Frequency      : 3893 MHz
# CPU Physical cores : 6
# CPU Logical cores  : 12
# Host memory        : 33410 MB
# Swap memory        : 21474 MB
# Total Virtual      : 54884 MB
# Available Virtual  : 28604 MB
#-----------------------------------------------------------
source ooc_v19.tcl
# set RTL E:/competition/2_fpga/3_yolo_zynq/rtl
# set IPD E:/competition/2_fpga/3_yolo_zynq/ip
# set OUT E:/competition/2_fpga/3_yolo_zynq/proj/ooc_gate
# set filelist [list \
#     $RTL/yolo_engine_top.v \
#     $RTL/yolo_gemm_array.v \
#     $RTL/yolo_csr.v \
#     $RTL/yolo_ctrl.v \
#     $RTL/yolo_dma.v \
#     $RTL/yolo_dma_wr.v \
#     $RTL/yolo_wbuf.v \
#     $RTL/yolo_xbuf.v \
#     $RTL/yolo_addrgen.v \
#     $RTL/yolo_pe_pack.v \
#     $RTL/yolo_acc.v \
#     $RTL/yolo_requant.v \
#     $RTL/yolo_silu_lut.v \
# ]
# create_project -in_memory -part xc7z020clg484-1
# read_verilog $filelist
# read_ip $IPD/yolo_xbuf_bmg/yolo_xbuf_bmg.xci
INFO: [IP_Flow 19-234] Refreshing IP repositories
INFO: [IP_Flow 19-1704] No user IP repositories specified
INFO: [IP_Flow 19-2313] Loaded Vivado IP repository 'F:/vivado2025/2025.2/Vivado/data/ip'.
WARNING: [Vivado 12-13650] The IP file 'E:/competition/2_fpga/3_yolo_zynq/ip/yolo_xbuf_bmg/yolo_xbuf_bmg.xci' has been moved from its original location, as a result the outputs for this IP will now be generated in 'e:/competition/2_fpga/3_yolo_zynq/ip/yolo_xbuf_bmg'. Alternatively a copy of the IP can be imported into the project using one of the 'import_ip' or 'import_files' commands.
# generate_target all [get_ips yolo_xbuf_bmg]
# synth_ip [get_ips yolo_xbuf_bmg] -force
INFO: [IP_Flow 19-1686] Generating 'Instantiation Template' target for IP 'yolo_xbuf_bmg'...
INFO: [IP_Flow 19-1686] Generating 'Synthesis' target for IP 'yolo_xbuf_bmg'...
INFO: [IP_Flow 19-1686] Generating 'Simulation' target for IP 'yolo_xbuf_bmg'...
INFO: [IP_Flow 19-1686] Generating 'Miscellaneous' target for IP 'yolo_xbuf_bmg'...
INFO: [IP_Flow 19-1686] Generating 'Change Log' target for IP 'yolo_xbuf_bmg'...
INFO: [IP_Flow 19-234] Refreshing IP repositories
INFO: [IP_Flow 19-1704] No user IP repositories specified
INFO: [IP_Flow 19-2313] Loaded Vivado IP repository 'F:/vivado2025/2025.2/Vivado/data/ip'.
WARNING: [Vivado 12-13650] The IP file 'E:/competition/2_fpga/3_yolo_zynq/ip/yolo_xbuf_bmg/yolo_xbuf_bmg.xci' has been moved from its original location, as a result the outputs for this IP will now be generated in 'e:/competition/2_fpga/3_yolo_zynq/ip/yolo_xbuf_bmg'. Alternatively a copy of the IP can be imported into the project using one of the 'import_ip' or 'import_files' commands.
Command: synth_design -top yolo_xbuf_bmg -part xc7z020clg484-1 -mode out_of_context
Starting synth_design
Attempting to get a license for feature 'Synthesis' and/or device 'xc7z020'
INFO: [Common 17-349] Got license for feature 'Synthesis' and/or device 'xc7z020'
INFO: [Device 21-403] Loading part xc7z020clg484-1
INFO: [Synth 8-7079] Multithreading enabled for synth_design using a maximum of 2 processes.
INFO: [Synth 8-7078] Launching helper process for spawning children vivado processes
INFO: [Synth 8-7075] Helper process launched with PID 30084
---------------------------------------------------------------------------------
Starting RTL Elaboration : Time (s): cpu = 00:00:04 ; elapsed = 00:00:04 . Memory (MB): peak = 1347.199 ; gain = 539.453
---------------------------------------------------------------------------------
INFO: [Synth 8-638] synthesizing module 'yolo_xbuf_bmg' [e:/competition/2_fpga/3_yolo_zynq/ip/yolo_xbuf_bmg/synth/yolo_xbuf_bmg.vhd:72]
	Parameter C_FAMILY bound to: zynq - type: string 
	Parameter C_XDEVICEFAMILY bound to: zynq - type: string 
	Parameter C_ELABORATION_DIR bound to: ./ - type: string 
	Parameter C_INTERFACE_TYPE bound to: 0 - type: integer 
	Parameter C_AXI_TYPE bound to: 1 - type: integer 
	Parameter C_AXI_SLAVE_TYPE bound to: 0 - type: integer 
	Parameter C_USE_BRAM_BLOCK bound to: 0 - type: integer 
	Parameter C_ENABLE_32BIT_ADDRESS bound to: 0 - type: integer 
	Parameter C_CTRL_ECC_ALGO bound to: NONE - type: string 
	Parameter C_HAS_AXI_ID bound to: 0 - type: integer 
	Parameter C_AXI_ID_WIDTH bound to: 4 - type: integer 
	Parameter C_MEM_TYPE bound to: 1 - type: integer 
	Parameter C_BYTE_SIZE bound to: 8 - type: integer 
	Parameter C_ALGORITHM bound to: 1 - type: integer 
	Parameter C_PRIM_TYPE bound to: 1 - type: integer 
	Parameter C_LOAD_INIT_FILE bound to: 0 - type: integer 
	Parameter C_INIT_FILE_NAME bound to: no_coe_file_loaded - type: string 
	Parameter C_INIT_FILE bound to: yolo_xbuf_bmg.mem - type: string 
	Parameter C_USE_DEFAULT_DATA bound to: 0 - type: integer 
	Parameter C_DEFAULT_DATA bound to: 0 - type: string 
	Parameter C_HAS_RSTA bound to: 0 - type: integer 
	Parameter C_RST_PRIORITY_A bound to: CE - type: string 
	Parameter C_RSTRAM_A bound to: 0 - type: integer 
	Parameter C_INITA_VAL bound to: 0 - type: string 
	Parameter C_HAS_ENA bound to: 0 - type: integer 
	Parameter C_HAS_REGCEA bound to: 0 - type: integer 
	Parameter C_USE_BYTE_WEA bound to: 1 - type: integer 
	Parameter C_WEA_WIDTH bound to: 16 - type: integer 
	Parameter C_WRITE_MODE_A bound to: READ_FIRST - type: string 
	Parameter C_WRITE_WIDTH_A bound to: 128 - type: integer 
	Parameter C_READ_WIDTH_A bound to: 128 - type: integer 
	Parameter C_WRITE_DEPTH_A bound to: 2304 - type: integer 
	Parameter C_READ_DEPTH_A bound to: 2304 - type: integer 
	Parameter C_ADDRA_WIDTH bound to: 12 - type: integer 
	Parameter C_HAS_RSTB bound to: 0 - type: integer 
	Parameter C_RST_PRIORITY_B bound to: CE - type: string 
	Parameter C_RSTRAM_B bound to: 0 - type: integer 
	Parameter C_INITB_VAL bound to: 0 - type: string 
	Parameter C_HAS_ENB bound to: 1 - type: integer 
	Parameter C_HAS_REGCEB bound to: 0 - type: integer 
	Parameter C_USE_BYTE_WEB bound to: 1 - type: integer 
	Parameter C_WEB_WIDTH bound to: 16 - type: integer 
	Parameter C_WRITE_MODE_B bound to: WRITE_FIRST - type: string 
	Parameter C_WRITE_WIDTH_B bound to: 128 - type: integer 
	Parameter C_READ_WIDTH_B bound to: 128 - type: integer 
	Parameter C_WRITE_DEPTH_B bound to: 2304 - type: integer 
	Parameter C_READ_DEPTH_B bound to: 2304 - type: integer 
	Parameter C_ADDRB_WIDTH bound to: 12 - type: integer 
	Parameter C_HAS_MEM_OUTPUT_REGS_A bound to: 0 - type: integer 
	Parameter C_HAS_MEM_OUTPUT_REGS_B bound to: 1 - type: integer 
	Parameter C_HAS_MUX_OUTPUT_REGS_A bound to: 0 - type: integer 
	Parameter C_HAS_MUX_OUTPUT_REGS_B bound to: 0 - type: integer 
	Parameter C_MUX_PIPELINE_STAGES bound to: 0 - type: integer 
	Parameter C_HAS_SOFTECC_INPUT_REGS_A bound to: 0 - type: integer 
	Parameter C_HAS_SOFTECC_OUTPUT_REGS_B bound to: 0 - type: integer 
	Parameter C_USE_SOFTECC bound to: 0 - type: integer 
	Parameter C_USE_ECC bound to: 0 - type: integer 
	Parameter C_EN_ECC_PIPE bound to: 0 - type: integer 
	Parameter C_READ_LATENCY_A bound to: 1 - type: integer 
	Parameter C_READ_LATENCY_B bound to: 1 - type: integer 
	Parameter C_HAS_INJECTERR bound to: 0 - type: integer 
	Parameter C_SIM_COLLISION_CHECK bound to: ALL - type: string 
	Parameter C_COMMON_CLK bound to: 0 - type: integer 
	Parameter C_DISABLE_WARN_BHV_COLL bound to: 0 - type: integer 
	Parameter C_EN_SLEEP_PIN bound to: 0 - type: integer 
	Parameter C_USE_URAM bound to: 0 - type: integer 
	Parameter C_EN_RDADDRA_CHG bound to: 0 - type: integer 
	Parameter C_EN_RDADDRB_CHG bound to: 0 - type: integer 
	Parameter C_EN_DEEPSLEEP_PIN bound to: 0 - type: integer 
	Parameter C_EN_SHUTDOWN_PIN bound to: 0 - type: integer 
	Parameter C_EN_SAFETY_CKT bound to: 0 - type: integer 
	Parameter C_DISABLE_WARN_BHV_RANGE bound to: 0 - type: integer 
	Parameter C_COUNT_36K_BRAM bound to: 10 - type: string 
	Parameter C_COUNT_18K_BRAM bound to: 0 - type: string 
	Parameter C_EST_POWER_SUMMARY bound to: Estimated Power for IP     :     39.34036 mW - type: string 
INFO: [Synth 8-3491] module 'blk_mem_gen_v8_4_12' declared at 'e:/competition/2_fpga/3_yolo_zynq/ip/yolo_xbuf_bmg/hdl/blk_mem_gen_v8_4_vhsyn_rfs.vhd:195209' bound to instance 'U0' of component 'blk_mem_gen_v8_4_12' [e:/competition/2_fpga/3_yolo_zynq/ip/yolo_xbuf_bmg/synth/yolo_xbuf_bmg.vhd:244]
INFO: [Synth 8-256] done synthesizing module 'yolo_xbuf_bmg' (0#1) [e:/competition/2_fpga/3_yolo_zynq/ip/yolo_xbuf_bmg/synth/yolo_xbuf_bmg.vhd:72]
INFO: [Synth 8-7129] Port CLKB in module blk_mem_output_block is either unconnected or has no load
INFO: [Synth 8-7129] Port DOUTA_I[127] in module blk_mem_output_block is either unconnected or has no load
INFO: [Synth 8-7129] Port DOUTA_I[126] in module blk_mem_output_block is either unconnected or has no load
INFO: [Synth 8-7129] Port DOUTA_I[125] in module blk_mem_output_block is either unconnected or has no load
INFO: [Synth 8-7129] Port DOUTA_I[124] in module blk_mem_output_block is either unconnected or has no load
INFO: [Synth 8-7129] Port DOUTA_I[123] in module blk_mem_output_block is either unconnected or has no load
INFO: [Synth 8-7129] Port DOUTA_I[122] in module blk_mem_output_block is either unconnected or has no load
INFO: [Synth 8-7129] Port DOUTA_I[121] in module blk_mem_output_block is either unconnected or has no load
INFO: [Synth 8-7129] Port DOUTA_I[120] in module blk_mem_output_block is either unconnected or has no load
INFO: [Synth 8-7129] Port DOUTA_I[119] in module blk_mem_output_block is either unconnected or has no load
INFO: [Synth 8-7129] Port DOUTA_I[118] in module blk_mem_output_block is either unconnected or has no load
INFO: [Synth 8-7129] Port DOUTA_I[117] in module blk_mem_output_block is either unconnected or has no load
INFO: [Synth 8-7129] Port DOUTA_I[116] in module blk_mem_output_block is either unconnected or has no load
INFO: [Synth 8-7129] Port DOUTA_I[115] in module blk_mem_output_block is either unconnected or has no load
INFO: [Synth 8-7129] Port DOUTA_I[114] in module blk_mem_output_block is either unconnected or has no load
INFO: [Synth 8-7129] Port DOUTA_I[113] in module blk_mem_output_block is either unconnected or has no load
INFO: [Synth 8-7129] Port DOUTA_I[112] in module blk_mem_output_block is either unconnected or has no load
INFO: [Synth 8-7129] Port DOUTA_I[111] in module blk_mem_output_block is either unconnected or has no load
INFO: [Synth 8-7129] Port DOUTA_I[110] in module blk_mem_output_block is either unconnected or has no load
INFO: [Synth 8-7129] Port DOUTA_I[109] in module blk_mem_output_block is either unconnected or has no load
INFO: [Synth 8-7129] Port DOUTA_I[108] in module blk_mem_output_block is either unconnected or has no load
INFO: [Synth 8-7129] Port DOUTA_I[107] in module blk_mem_output_block is either unconnected or has no load
INFO: [Synth 8-7129] Port DOUTA_I[106] in module blk_mem_output_block is either unconnected or has no load
INFO: [Synth 8-7129] Port DOUTA_I[105] in module blk_mem_output_block is either unconnected or has no load
INFO: [Synth 8-7129] Port DOUTA_I[104] in module blk_mem_output_block is either unconnected or has no load
INFO: [Synth 8-7129] Port DOUTA_I[103] in module blk_mem_output_block is either unconnected or has no load
INFO: [Synth 8-7129] Port DOUTA_I[102] in module blk_mem_output_block is either unconnected or has no load
INFO: [Synth 8-7129] Port DOUTA_I[101] in module blk_mem_output_block is either unconnected or has no load
INFO: [Synth 8-7129] Port DOUTA_I[100] in module blk_mem_output_block is either unconnected or has no load
INFO: [Synth 8-7129] Port DOUTA_I[99] in module blk_mem_output_block is either unconnected or has no load
INFO: [Synth 8-7129] Port DOUTA_I[98] in module blk_mem_output_block is either unconnected or has no load
INFO: [Synth 8-7129] Port DOUTA_I[97] in module blk_mem_output_block is either unconnected or has no load
INFO: [Synth 8-7129] Port DOUTA_I[96] in module blk_mem_output_block is either unconnected or has no load
INFO: [Synth 8-7129] Port DOUTA_I[95] in module blk_mem_output_block is either unconnected or has no load
INFO: [Synth 8-7129] Port DOUTA_I[94] in module blk_mem_output_block is either unconnected or has no load
INFO: [Synth 8-7129] Port DOUTA_I[93] in module blk_mem_output_block is either unconnected or has no load
INFO: [Synth 8-7129] Port DOUTA_I[92] in module blk_mem_output_block is either unconnected or has no load
INFO: [Synth 8-7129] Port DOUTA_I[91] in module blk_mem_output_block is either unconnected or has no load
INFO: [Synth 8-7129] Port DOUTA_I[90] in module blk_mem_output_block is either unconnected or has no load
INFO: [Synth 8-7129] Port DOUTA_I[89] in module blk_mem_output_block is either unconnected or has no load
INFO: [Synth 8-7129] Port DOUTA_I[88] in module blk_mem_output_block is either unconnected or has no load
INFO: [Synth 8-7129] Port DOUTA_I[87] in module blk_mem_output_block is either unconnected or has no load
INFO: [Synth 8-7129] Port DOUTA_I[86] in module blk_mem_output_block is either unconnected or has no load
INFO: [Synth 8-7129] Port DOUTA_I[85] in module blk_mem_output_block is either unconnected or has no load
INFO: [Synth 8-7129] Port DOUTA_I[84] in module blk_mem_output_block is either unconnected or has no load
INFO: [Synth 8-7129] Port DOUTA_I[83] in module blk_mem_output_block is either unconnected or has no load
INFO: [Synth 8-7129] Port DOUTA_I[82] in module blk_mem_output_block is either unconnected or has no load
INFO: [Synth 8-7129] Port DOUTA_I[81] in module blk_mem_output_block is either unconnected or has no load
INFO: [Synth 8-7129] Port DOUTA_I[80] in module blk_mem_output_block is either unconnected or has no load
INFO: [Synth 8-7129] Port DOUTA_I[79] in module blk_mem_output_block is either unconnected or has no load
INFO: [Synth 8-7129] Port DOUTA_I[78] in module blk_mem_output_block is either unconnected or has no load
INFO: [Synth 8-7129] Port DOUTA_I[77] in module blk_mem_output_block is either unconnected or has no load
INFO: [Synth 8-7129] Port DOUTA_I[76] in module blk_mem_output_block is either unconnected or has no load
INFO: [Synth 8-7129] Port DOUTA_I[75] in module blk_mem_output_block is either unconnected or has no load
INFO: [Synth 8-7129] Port DOUTA_I[74] in module blk_mem_output_block is either unconnected or has no load
INFO: [Synth 8-7129] Port DOUTA_I[73] in module blk_mem_output_block is either unconnected or has no load
INFO: [Synth 8-7129] Port DOUTA_I[72] in module blk_mem_output_block is either unconnected or has no load
INFO: [Synth 8-7129] Port DOUTA_I[71] in module blk_mem_output_block is either unconnected or has no load
INFO: [Synth 8-7129] Port DOUTA_I[70] in module blk_mem_output_block is either unconnected or has no load
INFO: [Synth 8-7129] Port DOUTA_I[69] in module blk_mem_output_block is either unconnected or has no load
INFO: [Synth 8-7129] Port DOUTA_I[68] in module blk_mem_output_block is either unconnected or has no load
INFO: [Synth 8-7129] Port DOUTA_I[67] in module blk_mem_output_block is either unconnected or has no load
INFO: [Synth 8-7129] Port DOUTA_I[66] in module blk_mem_output_block is either unconnected or has no load
INFO: [Synth 8-7129] Port DOUTA_I[65] in module blk_mem_output_block is either unconnected or has no load
INFO: [Synth 8-7129] Port DOUTA_I[64] in module blk_mem_output_block is either unconnected or has no load
INFO: [Synth 8-7129] Port DOUTA_I[63] in module blk_mem_output_block is either unconnected or has no load
INFO: [Synth 8-7129] Port DOUTA_I[62] in module blk_mem_output_block is either unconnected or has no load
INFO: [Synth 8-7129] Port DOUTA_I[61] in module blk_mem_output_block is either unconnected or has no load
INFO: [Synth 8-7129] Port DOUTA_I[60] in module blk_mem_output_block is either unconnected or has no load
INFO: [Synth 8-7129] Port DOUTA_I[59] in module blk_mem_output_block is either unconnected or has no load
INFO: [Synth 8-7129] Port DOUTA_I[58] in module blk_mem_output_block is either unconnected or has no load
INFO: [Synth 8-7129] Port DOUTA_I[57] in module blk_mem_output_block is either unconnected or has no load
INFO: [Synth 8-7129] Port DOUTA_I[56] in module blk_mem_output_block is either unconnected or has no load
INFO: [Synth 8-7129] Port DOUTA_I[55] in module blk_mem_output_block is either unconnected or has no load
INFO: [Synth 8-7129] Port DOUTA_I[54] in module blk_mem_output_block is either unconnected or has no load
INFO: [Synth 8-7129] Port DOUTA_I[53] in module blk_mem_output_block is either unconnected or has no load
INFO: [Synth 8-7129] Port DOUTA_I[52] in module blk_mem_output_block is either unconnected or has no load
INFO: [Synth 8-7129] Port DOUTA_I[51] in module blk_mem_output_block is either unconnected or has no load
INFO: [Synth 8-7129] Port DOUTA_I[50] in module blk_mem_output_block is either unconnected or has no load
INFO: [Synth 8-7129] Port DOUTA_I[49] in module blk_mem_output_block is either unconnected or has no load
INFO: [Synth 8-7129] Port DOUTA_I[48] in module blk_mem_output_block is either unconnected or has no load
INFO: [Synth 8-7129] Port DOUTA_I[47] in module blk_mem_output_block is either unconnected or has no load
INFO: [Synth 8-7129] Port DOUTA_I[46] in module blk_mem_output_block is either unconnected or has no load
INFO: [Synth 8-7129] Port DOUTA_I[45] in module blk_mem_output_block is either unconnected or has no load
INFO: [Synth 8-7129] Port DOUTA_I[44] in module blk_mem_output_block is either unconnected or has no load
INFO: [Synth 8-7129] Port DOUTA_I[43] in module blk_mem_output_block is either unconnected or has no load
INFO: [Synth 8-7129] Port DOUTA_I[42] in module blk_mem_output_block is either unconnected or has no load
INFO: [Synth 8-7129] Port DOUTA_I[41] in module blk_mem_output_block is either unconnected or has no load
INFO: [Synth 8-7129] Port DOUTA_I[40] in module blk_mem_output_block is either unconnected or has no load
INFO: [Synth 8-7129] Port DOUTA_I[39] in module blk_mem_output_block is either unconnected or has no load
INFO: [Synth 8-7129] Port DOUTA_I[38] in module blk_mem_output_block is either unconnected or has no load
INFO: [Synth 8-7129] Port DOUTA_I[37] in module blk_mem_output_block is either unconnected or has no load
INFO: [Synth 8-7129] Port DOUTA_I[36] in module blk_mem_output_block is either unconnected or has no load
INFO: [Synth 8-7129] Port DOUTA_I[35] in module blk_mem_output_block is either unconnected or has no load
INFO: [Synth 8-7129] Port DOUTA_I[34] in module blk_mem_output_block is either unconnected or has no load
INFO: [Synth 8-7129] Port DOUTA_I[33] in module blk_mem_output_block is either unconnected or has no load
INFO: [Synth 8-7129] Port DOUTA_I[32] in module blk_mem_output_block is either unconnected or has no load
INFO: [Synth 8-7129] Port DOUTA_I[31] in module blk_mem_output_block is either unconnected or has no load
INFO: [Synth 8-7129] Port DOUTA_I[30] in module blk_mem_output_block is either unconnected or has no load
INFO: [Synth 8-7129] Port DOUTA_I[29] in module blk_mem_output_block is either unconnected or has no load
INFO: [Common 17-14] Message 'Synth 8-7129' appears 100 times and further instances of the messages will be disabled. Use the Tcl command set_msg_config to change the current settings.
---------------------------------------------------------------------------------
Finished RTL Elaboration : Time (s): cpu = 00:00:09 ; elapsed = 00:00:10 . Memory (MB): peak = 1738.629 ; gain = 930.883
---------------------------------------------------------------------------------
---------------------------------------------------------------------------------
Start Handling Custom Attributes
---------------------------------------------------------------------------------
---------------------------------------------------------------------------------
Finished Handling Custom Attributes : Time (s): cpu = 00:00:09 ; elapsed = 00:00:10 . Memory (MB): peak = 1738.629 ; gain = 930.883
---------------------------------------------------------------------------------
---------------------------------------------------------------------------------
Finished RTL Optimization Phase 1 : Time (s): cpu = 00:00:09 ; elapsed = 00:00:10 . Memory (MB): peak = 1738.629 ; gain = 930.883
---------------------------------------------------------------------------------
Netlist sorting complete. Time (s): cpu = 00:00:01 ; elapsed = 00:00:00.028 . Memory (MB): peak = 1738.629 ; gain = 0.000
INFO: [Netlist 29-17] Analyzing 10 Unisim elements for replacement
INFO: [Netlist 29-28] Unisim Transformation completed in 0 CPU seconds
INFO: [Project 1-570] Preparing netlist for logic optimization

Processing XDC Constraints
Initializing timing engine
Parsing XDC File [e:/competition/2_fpga/3_yolo_zynq/ip/yolo_xbuf_bmg/yolo_xbuf_bmg_ooc.xdc] for cell 'U0'
Finished Parsing XDC File [e:/competition/2_fpga/3_yolo_zynq/ip/yolo_xbuf_bmg/yolo_xbuf_bmg_ooc.xdc] for cell 'U0'
Completed Processing XDC Constraints

Netlist sorting complete. Time (s): cpu = 00:00:00 ; elapsed = 00:00:00 . Memory (MB): peak = 1738.629 ; gain = 0.000
INFO: [Project 1-111] Unisim Transformation Summary:
No Unisim elements were transformed.

Constraint Validation Runtime : Time (s): cpu = 00:00:00 ; elapsed = 00:00:00.028 . Memory (MB): peak = 1738.629 ; gain = 0.000
---------------------------------------------------------------------------------
Finished Constraint Validation : Time (s): cpu = 00:00:14 ; elapsed = 00:00:15 . Memory (MB): peak = 1738.629 ; gain = 930.883
---------------------------------------------------------------------------------
---------------------------------------------------------------------------------
Start Loading Part and Timing Information
---------------------------------------------------------------------------------
Loading part: xc7z020clg484-1
---------------------------------------------------------------------------------
Finished Loading Part and Timing Information : Time (s): cpu = 00:00:14 ; elapsed = 00:00:15 . Memory (MB): peak = 1738.629 ; gain = 930.883
---------------------------------------------------------------------------------
---------------------------------------------------------------------------------
Start Applying 'set_property' XDC Constraints
---------------------------------------------------------------------------------
---------------------------------------------------------------------------------
Finished applying 'set_property' XDC Constraints : Time (s): cpu = 00:00:14 ; elapsed = 00:00:15 . Memory (MB): peak = 1738.629 ; gain = 930.883
---------------------------------------------------------------------------------
---------------------------------------------------------------------------------
Finished RTL Optimization Phase 2 : Time (s): cpu = 00:00:14 ; elapsed = 00:00:15 . Memory (MB): peak = 1738.629 ; gain = 930.883
---------------------------------------------------------------------------------
---------------------------------------------------------------------------------
Start RTL Component Statistics 
---------------------------------------------------------------------------------
---------------------------------------------------------------------------------
Finished RTL Component Statistics 
---------------------------------------------------------------------------------
---------------------------------------------------------------------------------
Start Part Resource Summary
---------------------------------------------------------------------------------
Part Resources:
DSPs: 220 (col length:60)
BRAMs: 280 (col length: RAMB18 60 RAMB36 30)
---------------------------------------------------------------------------------
Finished Part Resource Summary
---------------------------------------------------------------------------------
---------------------------------------------------------------------------------
Start Cross Boundary and Area Optimization
---------------------------------------------------------------------------------
---------------------------------------------------------------------------------
Finished Cross Boundary and Area Optimization : Time (s): cpu = 00:00:15 ; elapsed = 00:00:16 . Memory (MB): peak = 1738.629 ; gain = 930.883
---------------------------------------------------------------------------------
---------------------------------------------------------------------------------
Start Applying XDC Timing Constraints
---------------------------------------------------------------------------------
---------------------------------------------------------------------------------
Finished Applying XDC Timing Constraints : Time (s): cpu = 00:00:18 ; elapsed = 00:00:19 . Memory (MB): peak = 1738.629 ; gain = 930.883
---------------------------------------------------------------------------------
---------------------------------------------------------------------------------
Start Timing Optimization
---------------------------------------------------------------------------------
---------------------------------------------------------------------------------
Finished Timing Optimization : Time (s): cpu = 00:00:18 ; elapsed = 00:00:19 . Memory (MB): peak = 1738.629 ; gain = 930.883
---------------------------------------------------------------------------------
---------------------------------------------------------------------------------
Start Technology Mapping
---------------------------------------------------------------------------------
---------------------------------------------------------------------------------
Finished Technology Mapping : Time (s): cpu = 00:00:18 ; elapsed = 00:00:19 . Memory (MB): peak = 1738.629 ; gain = 930.883
---------------------------------------------------------------------------------
---------------------------------------------------------------------------------
Start IO Insertion
---------------------------------------------------------------------------------
---------------------------------------------------------------------------------
Start Flattening Before IO Insertion
---------------------------------------------------------------------------------
---------------------------------------------------------------------------------
Finished Flattening Before IO Insertion
---------------------------------------------------------------------------------
---------------------------------------------------------------------------------
Start Final Netlist Cleanup
---------------------------------------------------------------------------------
---------------------------------------------------------------------------------
Finished Final Netlist Cleanup
---------------------------------------------------------------------------------
---------------------------------------------------------------------------------
Finished IO Insertion : Time (s): cpu = 00:00:21 ; elapsed = 00:00:22 . Memory (MB): peak = 1971.996 ; gain = 1164.250
---------------------------------------------------------------------------------
---------------------------------------------------------------------------------
Start Renaming Generated Instances
---------------------------------------------------------------------------------
---------------------------------------------------------------------------------
Finished Renaming Generated Instances : Time (s): cpu = 00:00:21 ; elapsed = 00:00:22 . Memory (MB): peak = 1971.996 ; gain = 1164.250
---------------------------------------------------------------------------------
---------------------------------------------------------------------------------
Start Rebuilding User Hierarchy
---------------------------------------------------------------------------------
---------------------------------------------------------------------------------
Finished Rebuilding User Hierarchy : Time (s): cpu = 00:00:21 ; elapsed = 00:00:22 . Memory (MB): peak = 1971.996 ; gain = 1164.250
---------------------------------------------------------------------------------
---------------------------------------------------------------------------------
Start Renaming Generated Ports
---------------------------------------------------------------------------------
---------------------------------------------------------------------------------
Finished Renaming Generated Ports : Time (s): cpu = 00:00:21 ; elapsed = 00:00:22 . Memory (MB): peak = 1971.996 ; gain = 1164.250
---------------------------------------------------------------------------------
---------------------------------------------------------------------------------
Start Handling Custom Attributes
---------------------------------------------------------------------------------
---------------------------------------------------------------------------------
Finished Handling Custom Attributes : Time (s): cpu = 00:00:21 ; elapsed = 00:00:22 . Memory (MB): peak = 1971.996 ; gain = 1164.250
---------------------------------------------------------------------------------
---------------------------------------------------------------------------------
Start Renaming Generated Nets
---------------------------------------------------------------------------------
---------------------------------------------------------------------------------
Finished Renaming Generated Nets : Time (s): cpu = 00:00:21 ; elapsed = 00:00:22 . Memory (MB): peak = 1971.996 ; gain = 1164.250
---------------------------------------------------------------------------------
---------------------------------------------------------------------------------
Start Writing Synthesis Report
---------------------------------------------------------------------------------

Report BlackBoxes: 
+-+--------------+----------+
| |BlackBox name |Instances |
+-+--------------+----------+
+-+--------------+----------+

Report Cell Usage: 
+------+---------+------+
|      |Cell     |Count |
+------+---------+------+
|1     |LUT2     |     1|
|2     |LUT4     |     5|
|3     |LUT5     |   132|
|4     |RAMB36E1 |    10|
|6     |FDRE     |     6|
+------+---------+------+
---------------------------------------------------------------------------------
Finished Writing Synthesis Report : Time (s): cpu = 00:00:21 ; elapsed = 00:00:22 . Memory (MB): peak = 1971.996 ; gain = 1164.250
---------------------------------------------------------------------------------
Synthesis finished with 0 errors, 0 critical warnings and 0 warnings.
Synthesis Optimization Runtime : Time (s): cpu = 00:00:10 ; elapsed = 00:00:20 . Memory (MB): peak = 1971.996 ; gain = 1164.250
Synthesis Optimization Complete : Time (s): cpu = 00:00:21 ; elapsed = 00:00:22 . Memory (MB): peak = 1971.996 ; gain = 1164.250
INFO: [Project 1-571] Translating synthesized netlist
Netlist sorting complete. Time (s): cpu = 00:00:00 ; elapsed = 00:00:00.014 . Memory (MB): peak = 1971.996 ; gain = 0.000
INFO: [Netlist 29-17] Analyzing 10 Unisim elements for replacement
INFO: [Netlist 29-28] Unisim Transformation completed in 0 CPU seconds
INFO: [Project 1-570] Preparing netlist for logic optimization
Parsing XDC File [e:/competition/2_fpga/3_yolo_zynq/ip/yolo_xbuf_bmg/yolo_xbuf_bmg_ooc.xdc] for cell 'U0'
INFO: [Vivado 12-4761] HD.CLK_SRC property is set on port clka. The net connecting to the port drives either clock PIN or hierarchical black box. Use the create_clock constraint to create a clock on this port prior to setting HD.CLK_SRC.  [e:/competition/2_fpga/3_yolo_zynq/ip/yolo_xbuf_bmg/yolo_xbuf_bmg_ooc.xdc:54]
INFO: [Vivado 12-4761] HD.CLK_SRC property is set on port clkb. The net connecting to the port drives either clock PIN or hierarchical black box. Use the create_clock constraint to create a clock on this port prior to setting HD.CLK_SRC.  [e:/competition/2_fpga/3_yolo_zynq/ip/yolo_xbuf_bmg/yolo_xbuf_bmg_ooc.xdc:57]
Finished Parsing XDC File [e:/competition/2_fpga/3_yolo_zynq/ip/yolo_xbuf_bmg/yolo_xbuf_bmg_ooc.xdc] for cell 'U0'
INFO: [Opt 31-138] Pushed 0 inverter(s) to 0 load pin(s).
Netlist sorting complete. Time (s): cpu = 00:00:00 ; elapsed = 00:00:00 . Memory (MB): peak = 1984.785 ; gain = 0.000
INFO: [Project 1-111] Unisim Transformation Summary:
No Unisim elements were transformed.

Synth Design complete | Checksum: 21d2ddd7
INFO: [Common 17-83] Releasing license: Synthesis
125 Infos, 1 Warnings, 0 Critical Warnings and 0 Errors encountered.
synth_design completed successfully
synth_design: Time (s): cpu = 00:00:23 ; elapsed = 00:00:25 . Memory (MB): peak = 1984.785 ; gain = 1414.332
INFO: [Coretcl 2-1174] Renamed 26 cell refs.
INFO: [Timing 38-480] Writing timing data to binary archive.
INFO: [Common 17-1381] The checkpoint 'e:/competition/2_fpga/3_yolo_zynq/ip/yolo_xbuf_bmg/yolo_xbuf_bmg.dcp' has been generated.
INFO: [Vivado 12-3441] generate_netlist_ip - operation complete
synth_ip: Time (s): cpu = 00:00:25 ; elapsed = 00:00:26 . Memory (MB): peak = 1984.785 ; gain = 1422.531
# synth_design -top yolo_engine_top -part xc7z020clg484-1 -mode out_of_context
Command: synth_design -top yolo_engine_top -part xc7z020clg484-1 -mode out_of_context
Starting synth_design
Attempting to get a license for feature 'Synthesis' and/or device 'xc7z020'
INFO: [Common 17-349] Got license for feature 'Synthesis' and/or device 'xc7z020'
INFO: [Synth 8-7079] Multithreading enabled for synth_design using a maximum of 2 processes.
---------------------------------------------------------------------------------
Starting RTL Elaboration : Time (s): cpu = 00:00:03 ; elapsed = 00:00:03 . Memory (MB): peak = 1984.785 ; gain = 0.000
---------------------------------------------------------------------------------
INFO: [Synth 8-6157] synthesizing module 'yolo_engine_top' [E:/competition/2_fpga/3_yolo_zynq/rtl/yolo_engine_top.v:32]
INFO: [Synth 8-6157] synthesizing module 'yolo_csr' [E:/competition/2_fpga/3_yolo_zynq/rtl/yolo_csr.v:69]
	Parameter C_BASEADDR bound to: 1136721920 - type: integer 
	Parameter OC_AW bound to: 11 - type: integer 
	Parameter N_AW bound to: 16 - type: integer 
	Parameter K_AW bound to: 12 - type: integer 
INFO: [Synth 8-6155] done synthesizing module 'yolo_csr' (0#1) [E:/competition/2_fpga/3_yolo_zynq/rtl/yolo_csr.v:69]
INFO: [Synth 8-6157] synthesizing module 'yolo_gemm_array' [E:/competition/2_fpga/3_yolo_zynq/rtl/yolo_gemm_array.v:171]
	Parameter OC_EDGE bound to: 16 - type: integer 
	Parameter N_EDGE bound to: 16 - type: integer 
	Parameter K_MAX bound to: 2304 - type: integer 
	Parameter AW bound to: 12 - type: integer 
	Parameter ROW_AW bound to: 4 - type: integer 
	Parameter COL_AW bound to: 4 - type: integer 
	Parameter ADDR_W bound to: 32 - type: integer 
	Parameter LEN_W bound to: 24 - type: integer 
	Parameter OC_AW bound to: 11 - type: integer 
	Parameter N_AW bound to: 16 - type: integer 
	Parameter K_AW bound to: 12 - type: integer 
	Parameter TILE_AW bound to: 12 - type: integer 
	Parameter MAX_BURST bound to: 16 - type: integer 
INFO: [Synth 8-6157] synthesizing module 'yolo_pe_pack' [E:/competition/2_fpga/3_yolo_zynq/rtl/yolo_pe_pack.v:96]
INFO: [Synth 8-6157] synthesizing module 'DSP48E1' [F:/vivado2025/2025.2/Vivado/scripts/rt/data/unisim_comp.v:48135]
	Parameter ACASCREG bound to: 1 - type: integer 
	Parameter ADREG bound to: 0 - type: integer 
	Parameter ALUMODEREG bound to: 0 - type: integer 
	Parameter AREG bound to: 1 - type: integer 
	Parameter A_INPUT bound to: DIRECT - type: string 
	Parameter BCASCREG bound to: 1 - type: integer 
	Parameter BREG bound to: 1 - type: integer 
	Parameter B_INPUT bound to: DIRECT - type: string 
	Parameter CARRYINREG bound to: 0 - type: integer 
	Parameter CARRYINSELREG bound to: 0 - type: integer 
	Parameter CREG bound to: 1 - type: integer 
	Parameter DREG bound to: 1 - type: integer 
	Parameter INMODEREG bound to: 0 - type: integer 
	Parameter MREG bound to: 1 - type: integer 
	Parameter OPMODEREG bound to: 0 - type: integer 
	Parameter PREG bound to: 1 - type: integer 
	Parameter USE_DPORT bound to: FALSE - type: string 
	Parameter USE_MULT bound to: MULTIPLY - type: string 
	Parameter USE_PATTERN_DETECT bound to: NO_PATDET - type: string 
	Parameter USE_SIMD bound to: ONE48 - type: string 
INFO: [Synth 8-6155] done synthesizing module 'DSP48E1' (0#1) [F:/vivado2025/2025.2/Vivado/scripts/rt/data/unisim_comp.v:48135]
INFO: [Synth 8-6155] done synthesizing module 'yolo_pe_pack' (0#1) [E:/competition/2_fpga/3_yolo_zynq/rtl/yolo_pe_pack.v:96]
INFO: [Synth 8-6157] synthesizing module 'yolo_acc' [E:/competition/2_fpga/3_yolo_zynq/rtl/yolo_acc.v:30]
	Parameter N_LANES bound to: 8 - type: integer 
	Parameter DATA_W bound to: 32 - type: integer 
INFO: [Synth 8-6155] done synthesizing module 'yolo_acc' (0#1) [E:/competition/2_fpga/3_yolo_zynq/rtl/yolo_acc.v:30]
INFO: [Synth 8-6157] synthesizing module 'yolo_ctrl' [E:/competition/2_fpga/3_yolo_zynq/rtl/yolo_ctrl.v:92]
	Parameter OC_EDGE bound to: 16 - type: integer 
	Parameter N_EDGE bound to: 16 - type: integer 
	Parameter OC_AW bound to: 11 - type: integer 
	Parameter N_AW bound to: 16 - type: integer 
	Parameter K_AW bound to: 12 - type: integer 
	Parameter TILE_AW bound to: 12 - type: integer 
INFO: [Synth 8-6155] done synthesizing module 'yolo_ctrl' (0#1) [E:/competition/2_fpga/3_yolo_zynq/rtl/yolo_ctrl.v:92]
INFO: [Synth 8-6157] synthesizing module 'yolo_dma' [E:/competition/2_fpga/3_yolo_zynq/rtl/yolo_dma.v:37]
	Parameter ADDR_W bound to: 32 - type: integer 
	Parameter LEN_W bound to: 24 - type: integer 
	Parameter MAX_BURST bound to: 16 - type: integer 
INFO: [Synth 8-6155] done synthesizing module 'yolo_dma' (0#1) [E:/competition/2_fpga/3_yolo_zynq/rtl/yolo_dma.v:37]
INFO: [Synth 8-6157] synthesizing module 'yolo_addrgen' [E:/competition/2_fpga/3_yolo_zynq/rtl/yolo_addrgen.v:98]
	Parameter AW bound to: 32 - type: integer 
INFO: [Synth 8-6155] done synthesizing module 'yolo_addrgen' (0#1) [E:/competition/2_fpga/3_yolo_zynq/rtl/yolo_addrgen.v:98]
INFO: [Synth 8-6157] synthesizing module 'yolo_wbuf' [E:/competition/2_fpga/3_yolo_zynq/rtl/yolo_wbuf.v:33]
	Parameter N_ROWS bound to: 16 - type: integer 
	Parameter K_MAX bound to: 2304 - type: integer 
	Parameter AW bound to: 12 - type: integer 
	Parameter ROW_AW bound to: 4 - type: integer 
INFO: [Synth 8-6155] done synthesizing module 'yolo_wbuf' (0#1) [E:/competition/2_fpga/3_yolo_zynq/rtl/yolo_wbuf.v:33]
INFO: [Synth 8-6157] synthesizing module 'yolo_xbuf' [E:/competition/2_fpga/3_yolo_zynq/rtl/yolo_xbuf.v:102]
	Parameter N_COLS bound to: 16 - type: integer 
	Parameter K_MAX bound to: 2304 - type: integer 
	Parameter AW bound to: 12 - type: integer 
	Parameter COL_AW bound to: 4 - type: integer 
INFO: [Synth 8-6157] synthesizing module 'yolo_xbuf_bmg' [E:/competition/2_fpga/3_yolo_zynq/proj/ooc_gate/.Xil/Vivado-50920-HC-202510241838/realtime/yolo_xbuf_bmg_stub.v:6]
INFO: [Synth 8-6155] done synthesizing module 'yolo_xbuf_bmg' (0#1) [E:/competition/2_fpga/3_yolo_zynq/proj/ooc_gate/.Xil/Vivado-50920-HC-202510241838/realtime/yolo_xbuf_bmg_stub.v:6]
INFO: [Synth 8-6155] done synthesizing module 'yolo_xbuf' (0#1) [E:/competition/2_fpga/3_yolo_zynq/rtl/yolo_xbuf.v:102]
INFO: [Synth 8-6157] synthesizing module 'yolo_requant' [E:/competition/2_fpga/3_yolo_zynq/rtl/yolo_requant.v:62]
	Parameter ACC_W bound to: 32 - type: integer 
INFO: [Synth 8-6155] done synthesizing module 'yolo_requant' (0#1) [E:/competition/2_fpga/3_yolo_zynq/rtl/yolo_requant.v:62]
INFO: [Synth 8-6157] synthesizing module 'yolo_silu_lut' [E:/competition/2_fpga/3_yolo_zynq/rtl/yolo_silu_lut.v:30]
	Parameter DW bound to: 8 - type: integer 
	Parameter AW bound to: 8 - type: integer 
INFO: [Synth 8-6155] done synthesizing module 'yolo_silu_lut' (0#1) [E:/competition/2_fpga/3_yolo_zynq/rtl/yolo_silu_lut.v:30]
INFO: [Synth 8-6157] synthesizing module 'yolo_dma_wr' [E:/competition/2_fpga/3_yolo_zynq/rtl/yolo_dma_wr.v:74]
	Parameter ADDR_W bound to: 32 - type: integer 
	Parameter LEN_W bound to: 24 - type: integer 
	Parameter MAX_BURST bound to: 16 - type: integer 
INFO: [Synth 8-6155] done synthesizing module 'yolo_dma_wr' (0#1) [E:/competition/2_fpga/3_yolo_zynq/rtl/yolo_dma_wr.v:74]
INFO: [Synth 8-226] default block is never used [E:/competition/2_fpga/3_yolo_zynq/rtl/yolo_gemm_array.v:1287]
INFO: [Synth 8-6155] done synthesizing module 'yolo_gemm_array' (0#1) [E:/competition/2_fpga/3_yolo_zynq/rtl/yolo_gemm_array.v:171]
INFO: [Synth 8-6155] done synthesizing module 'yolo_engine_top' (0#1) [E:/competition/2_fpga/3_yolo_zynq/rtl/yolo_engine_top.v:32]
WARNING: [Synth 8-6014] Unused sequential element oc_total_r_reg was removed.  [E:/competition/2_fpga/3_yolo_zynq/rtl/yolo_ctrl.v:213]
WARNING: [Synth 8-6014] Unused sequential element n_total_r_reg was removed.  [E:/competition/2_fpga/3_yolo_zynq/rtl/yolo_ctrl.v:214]
WARNING: [Synth 8-6014] Unused sequential element oy_r_reg was removed.  [E:/competition/2_fpga/3_yolo_zynq/rtl/yolo_addrgen.v:256]
WARNING: [Synth 8-6014] Unused sequential element ic_r_reg was removed.  [E:/competition/2_fpga/3_yolo_zynq/rtl/yolo_addrgen.v:259]
WARNING: [Synth 8-6014] Unused sequential element cfg_oc_total_r_reg was removed.  [E:/competition/2_fpga/3_yolo_zynq/rtl/yolo_gemm_array.v:383]
WARNING: [Synth 8-6014] Unused sequential element row_start_d1_r_reg was removed.  [E:/competition/2_fpga/3_yolo_zynq/rtl/yolo_gemm_array.v:1065]
WARNING: [Synth 8-6014] Unused sequential element row_start_d2_r_reg was removed.  [E:/competition/2_fpga/3_yolo_zynq/rtl/yolo_gemm_array.v:1155]
WARNING: [Synth 8-6014] Unused sequential element row_start_d3_r_reg was removed.  [E:/competition/2_fpga/3_yolo_zynq/rtl/yolo_gemm_array.v:1156]
WARNING: [Synth 8-6014] Unused sequential element row_start_d4_r_reg was removed.  [E:/competition/2_fpga/3_yolo_zynq/rtl/yolo_gemm_array.v:1157]
WARNING: [Synth 8-6014] Unused sequential element row_start_d5_r_reg was removed.  [E:/competition/2_fpga/3_yolo_zynq/rtl/yolo_gemm_array.v:1158]
WARNING: [Synth 8-6014] Unused sequential element row_start_d6_r_reg was removed.  [E:/competition/2_fpga/3_yolo_zynq/rtl/yolo_gemm_array.v:1159]
WARNING: [Synth 8-6014] Unused sequential element row_start_d7_r_reg was removed.  [E:/competition/2_fpga/3_yolo_zynq/rtl/yolo_gemm_array.v:1160]
WARNING: [Synth 8-7137] Register seg_buf_r_reg in module yolo_gemm_array has both Set and reset with same priority. This may cause simulation mismatches. Consider rewriting code  [E:/competition/2_fpga/3_yolo_zynq/rtl/yolo_gemm_array.v:1245]
WARNING: [Synth 8-6014] Unused sequential element cfg_wbase_r_reg was removed.  [E:/competition/2_fpga/3_yolo_zynq/rtl/yolo_gemm_array.v:392]
WARNING: [Synth 8-6014] Unused sequential element kbyte_cnt_r_reg was removed.  [E:/competition/2_fpga/3_yolo_zynq/rtl/yolo_gemm_array.v:673]
WARNING: [Synth 8-7129] Port bresp_i[1] in module yolo_dma_wr is either unconnected or has no load
WARNING: [Synth 8-7129] Port bresp_i[0] in module yolo_dma_wr is either unconnected or has no load
WARNING: [Synth 8-7129] Port ic_i[15] in module yolo_addrgen is either unconnected or has no load
WARNING: [Synth 8-7129] Port ic_i[14] in module yolo_addrgen is either unconnected or has no load
WARNING: [Synth 8-7129] Port ic_i[13] in module yolo_addrgen is either unconnected or has no load
WARNING: [Synth 8-7129] Port ic_i[12] in module yolo_addrgen is either unconnected or has no load
WARNING: [Synth 8-7129] Port ic_i[11] in module yolo_addrgen is either unconnected or has no load
WARNING: [Synth 8-7129] Port ic_i[10] in module yolo_addrgen is either unconnected or has no load
WARNING: [Synth 8-7129] Port ic_i[9] in module yolo_addrgen is either unconnected or has no load
WARNING: [Synth 8-7129] Port ic_i[8] in module yolo_addrgen is either unconnected or has no load
WARNING: [Synth 8-7129] Port ic_i[7] in module yolo_addrgen is either unconnected or has no load
WARNING: [Synth 8-7129] Port ic_i[6] in module yolo_addrgen is either unconnected or has no load
WARNING: [Synth 8-7129] Port ic_i[5] in module yolo_addrgen is either unconnected or has no load
WARNING: [Synth 8-7129] Port ic_i[4] in module yolo_addrgen is either unconnected or has no load
WARNING: [Synth 8-7129] Port ic_i[3] in module yolo_addrgen is either unconnected or has no load
WARNING: [Synth 8-7129] Port ic_i[2] in module yolo_addrgen is either unconnected or has no load
WARNING: [Synth 8-7129] Port ic_i[1] in module yolo_addrgen is either unconnected or has no load
WARNING: [Synth 8-7129] Port ic_i[0] in module yolo_addrgen is either unconnected or has no load
WARNING: [Synth 8-7129] Port rlast_i in module yolo_dma is either unconnected or has no load
WARNING: [Synth 8-7129] Port dsc_wbase_i[31] in module yolo_gemm_array is either unconnected or has no load
WARNING: [Synth 8-7129] Port dsc_wbase_i[30] in module yolo_gemm_array is either unconnected or has no load
WARNING: [Synth 8-7129] Port dsc_wbase_i[29] in module yolo_gemm_array is either unconnected or has no load
WARNING: [Synth 8-7129] Port dsc_wbase_i[28] in module yolo_gemm_array is either unconnected or has no load
WARNING: [Synth 8-7129] Port dsc_wbase_i[27] in module yolo_gemm_array is either unconnected or has no load
WARNING: [Synth 8-7129] Port dsc_wbase_i[26] in module yolo_gemm_array is either unconnected or has no load
WARNING: [Synth 8-7129] Port dsc_wbase_i[25] in module yolo_gemm_array is either unconnected or has no load
WARNING: [Synth 8-7129] Port dsc_wbase_i[24] in module yolo_gemm_array is either unconnected or has no load
WARNING: [Synth 8-7129] Port dsc_wbase_i[23] in module yolo_gemm_array is either unconnected or has no load
WARNING: [Synth 8-7129] Port dsc_wbase_i[22] in module yolo_gemm_array is either unconnected or has no load
WARNING: [Synth 8-7129] Port dsc_wbase_i[21] in module yolo_gemm_array is either unconnected or has no load
WARNING: [Synth 8-7129] Port dsc_wbase_i[20] in module yolo_gemm_array is either unconnected or has no load
WARNING: [Synth 8-7129] Port dsc_wbase_i[19] in module yolo_gemm_array is either unconnected or has no load
WARNING: [Synth 8-7129] Port dsc_wbase_i[18] in module yolo_gemm_array is either unconnected or has no load
WARNING: [Synth 8-7129] Port dsc_wbase_i[17] in module yolo_gemm_array is either unconnected or has no load
WARNING: [Synth 8-7129] Port dsc_wbase_i[16] in module yolo_gemm_array is either unconnected or has no load
WARNING: [Synth 8-7129] Port dsc_wbase_i[15] in module yolo_gemm_array is either unconnected or has no load
WARNING: [Synth 8-7129] Port dsc_wbase_i[14] in module yolo_gemm_array is either unconnected or has no load
WARNING: [Synth 8-7129] Port dsc_wbase_i[13] in module yolo_gemm_array is either unconnected or has no load
WARNING: [Synth 8-7129] Port dsc_wbase_i[12] in module yolo_gemm_array is either unconnected or has no load
WARNING: [Synth 8-7129] Port dsc_wbase_i[11] in module yolo_gemm_array is either unconnected or has no load
WARNING: [Synth 8-7129] Port dsc_wbase_i[10] in module yolo_gemm_array is either unconnected or has no load
WARNING: [Synth 8-7129] Port dsc_wbase_i[9] in module yolo_gemm_array is either unconnected or has no load
WARNING: [Synth 8-7129] Port dsc_wbase_i[8] in module yolo_gemm_array is either unconnected or has no load
WARNING: [Synth 8-7129] Port dsc_wbase_i[7] in module yolo_gemm_array is either unconnected or has no load
WARNING: [Synth 8-7129] Port dsc_wbase_i[6] in module yolo_gemm_array is either unconnected or has no load
WARNING: [Synth 8-7129] Port dsc_wbase_i[5] in module yolo_gemm_array is either unconnected or has no load
WARNING: [Synth 8-7129] Port dsc_wbase_i[4] in module yolo_gemm_array is either unconnected or has no load
WARNING: [Synth 8-7129] Port dsc_wbase_i[3] in module yolo_gemm_array is either unconnected or has no load
WARNING: [Synth 8-7129] Port dsc_wbase_i[2] in module yolo_gemm_array is either unconnected or has no load
WARNING: [Synth 8-7129] Port dsc_wbase_i[1] in module yolo_gemm_array is either unconnected or has no load
WARNING: [Synth 8-7129] Port dsc_wbase_i[0] in module yolo_gemm_array is either unconnected or has no load
WARNING: [Synth 8-7129] Port s_axi_awaddr[31] in module yolo_csr is either unconnected or has no load
WARNING: [Synth 8-7129] Port s_axi_awaddr[30] in module yolo_csr is either unconnected or has no load
WARNING: [Synth 8-7129] Port s_axi_awaddr[29] in module yolo_csr is either unconnected or has no load
WARNING: [Synth 8-7129] Port s_axi_awaddr[28] in module yolo_csr is either unconnected or has no load
WARNING: [Synth 8-7129] Port s_axi_awaddr[27] in module yolo_csr is either unconnected or has no load
WARNING: [Synth 8-7129] Port s_axi_awaddr[26] in module yolo_csr is either unconnected or has no load
WARNING: [Synth 8-7129] Port s_axi_awaddr[25] in module yolo_csr is either unconnected or has no load
WARNING: [Synth 8-7129] Port s_axi_awaddr[24] in module yolo_csr is either unconnected or has no load
WARNING: [Synth 8-7129] Port s_axi_awaddr[23] in module yolo_csr is either unconnected or has no load
WARNING: [Synth 8-7129] Port s_axi_awaddr[22] in module yolo_csr is either unconnected or has no load
WARNING: [Synth 8-7129] Port s_axi_awaddr[21] in module yolo_csr is either unconnected or has no load
WARNING: [Synth 8-7129] Port s_axi_awaddr[20] in module yolo_csr is either unconnected or has no load
WARNING: [Synth 8-7129] Port s_axi_awaddr[19] in module yolo_csr is either unconnected or has no load
WARNING: [Synth 8-7129] Port s_axi_awaddr[18] in module yolo_csr is either unconnected or has no load
WARNING: [Synth 8-7129] Port s_axi_awaddr[17] in module yolo_csr is either unconnected or has no load
WARNING: [Synth 8-7129] Port s_axi_awaddr[16] in module yolo_csr is either unconnected or has no load
WARNING: [Synth 8-7129] Port s_axi_awaddr[1] in module yolo_csr is either unconnected or has no load
WARNING: [Synth 8-7129] Port s_axi_awaddr[0] in module yolo_csr is either unconnected or has no load
WARNING: [Synth 8-7129] Port s_axi_awprot[2] in module yolo_csr is either unconnected or has no load
WARNING: [Synth 8-7129] Port s_axi_awprot[1] in module yolo_csr is either unconnected or has no load
WARNING: [Synth 8-7129] Port s_axi_awprot[0] in module yolo_csr is either unconnected or has no load
WARNING: [Synth 8-7129] Port s_axi_araddr[31] in module yolo_csr is either unconnected or has no load
WARNING: [Synth 8-7129] Port s_axi_araddr[30] in module yolo_csr is either unconnected or has no load
WARNING: [Synth 8-7129] Port s_axi_araddr[29] in module yolo_csr is either unconnected or has no load
WARNING: [Synth 8-7129] Port s_axi_araddr[28] in module yolo_csr is either unconnected or has no load
WARNING: [Synth 8-7129] Port s_axi_araddr[27] in module yolo_csr is either unconnected or has no load
WARNING: [Synth 8-7129] Port s_axi_araddr[26] in module yolo_csr is either unconnected or has no load
WARNING: [Synth 8-7129] Port s_axi_araddr[25] in module yolo_csr is either unconnected or has no load
WARNING: [Synth 8-7129] Port s_axi_araddr[24] in module yolo_csr is either unconnected or has no load
WARNING: [Synth 8-7129] Port s_axi_araddr[23] in module yolo_csr is either unconnected or has no load
WARNING: [Synth 8-7129] Port s_axi_araddr[22] in module yolo_csr is either unconnected or has no load
WARNING: [Synth 8-7129] Port s_axi_araddr[21] in module yolo_csr is either unconnected or has no load
WARNING: [Synth 8-7129] Port s_axi_araddr[20] in module yolo_csr is either unconnected or has no load
WARNING: [Synth 8-7129] Port s_axi_araddr[19] in module yolo_csr is either unconnected or has no load
WARNING: [Synth 8-7129] Port s_axi_araddr[18] in module yolo_csr is either unconnected or has no load
WARNING: [Synth 8-7129] Port s_axi_araddr[17] in module yolo_csr is either unconnected or has no load
WARNING: [Synth 8-7129] Port s_axi_araddr[16] in module yolo_csr is either unconnected or has no load
WARNING: [Synth 8-7129] Port s_axi_araddr[1] in module yolo_csr is either unconnected or has no load
WARNING: [Synth 8-7129] Port s_axi_araddr[0] in module yolo_csr is either unconnected or has no load
WARNING: [Synth 8-7129] Port s_axi_arprot[2] in module yolo_csr is either unconnected or has no load
WARNING: [Synth 8-7129] Port s_axi_arprot[1] in module yolo_csr is either unconnected or has no load
WARNING: [Synth 8-7129] Port s_axi_arprot[0] in module yolo_csr is either unconnected or has no load
---------------------------------------------------------------------------------
Finished RTL Elaboration : Time (s): cpu = 00:00:05 ; elapsed = 00:00:05 . Memory (MB): peak = 1984.785 ; gain = 0.000
---------------------------------------------------------------------------------
---------------------------------------------------------------------------------
Start Handling Custom Attributes
---------------------------------------------------------------------------------
---------------------------------------------------------------------------------
Finished Handling Custom Attributes : Time (s): cpu = 00:00:05 ; elapsed = 00:00:05 . Memory (MB): peak = 1984.785 ; gain = 0.000
---------------------------------------------------------------------------------
---------------------------------------------------------------------------------
Finished RTL Optimization Phase 1 : Time (s): cpu = 00:00:05 ; elapsed = 00:00:05 . Memory (MB): peak = 1984.785 ; gain = 0.000
---------------------------------------------------------------------------------
Netlist sorting complete. Time (s): cpu = 00:00:00 ; elapsed = 00:00:00.245 . Memory (MB): peak = 1984.785 ; gain = 0.000
INFO: [Netlist 29-17] Analyzing 128 Unisim elements for replacement
INFO: [Netlist 29-28] Unisim Transformation completed in 0 CPU seconds
INFO: [Project 1-570] Preparing netlist for logic optimization

Processing XDC Constraints
Initializing timing engine
Parsing XDC File [e:/competition/2_fpga/3_yolo_zynq/ip/yolo_xbuf_bmg/yolo_xbuf_bmg/yolo_xbuf_bmg_in_context.xdc] for cell 'u_array/u_xbuf/u_bank0'
Finished Parsing XDC File [e:/competition/2_fpga/3_yolo_zynq/ip/yolo_xbuf_bmg/yolo_xbuf_bmg/yolo_xbuf_bmg_in_context.xdc] for cell 'u_array/u_xbuf/u_bank0'
Parsing XDC File [e:/competition/2_fpga/3_yolo_zynq/ip/yolo_xbuf_bmg/yolo_xbuf_bmg/yolo_xbuf_bmg_in_context.xdc] for cell 'u_array/u_xbuf/u_bank1'
Finished Parsing XDC File [e:/competition/2_fpga/3_yolo_zynq/ip/yolo_xbuf_bmg/yolo_xbuf_bmg/yolo_xbuf_bmg_in_context.xdc] for cell 'u_array/u_xbuf/u_bank1'
Completed Processing XDC Constraints

Netlist sorting complete. Time (s): cpu = 00:00:00 ; elapsed = 00:00:00.007 . Memory (MB): peak = 1984.785 ; gain = 0.000
INFO: [Project 1-111] Unisim Transformation Summary:
No Unisim elements were transformed.

Constraint Validation Runtime : Time (s): cpu = 00:00:00 ; elapsed = 00:00:00.140 . Memory (MB): peak = 1984.785 ; gain = 0.000
---------------------------------------------------------------------------------
Finished Constraint Validation : Time (s): cpu = 00:00:12 ; elapsed = 00:00:12 . Memory (MB): peak = 1984.785 ; gain = 0.000
---------------------------------------------------------------------------------
---------------------------------------------------------------------------------
Start Loading Part and Timing Information
---------------------------------------------------------------------------------
Loading part: xc7z020clg484-1
---------------------------------------------------------------------------------
Finished Loading Part and Timing Information : Time (s): cpu = 00:00:12 ; elapsed = 00:00:12 . Memory (MB): peak = 1984.785 ; gain = 0.000
---------------------------------------------------------------------------------
---------------------------------------------------------------------------------
Start Applying 'set_property' XDC Constraints
---------------------------------------------------------------------------------
---------------------------------------------------------------------------------
Finished applying 'set_property' XDC Constraints : Time (s): cpu = 00:00:12 ; elapsed = 00:00:12 . Memory (MB): peak = 1984.785 ; gain = 0.000
---------------------------------------------------------------------------------
INFO: [Synth 8-802] inferred FSM for state register 'state_r_reg' in module 'yolo_ctrl'
INFO: [Synth 8-802] inferred FSM for state register 'state_reg' in module 'yolo_addrgen'
INFO: [Synth 8-802] inferred FSM for state register 'ldr_state_r_reg' in module 'yolo_gemm_array'
INFO: [Synth 8-802] inferred FSM for state register 'seg_state_r_reg' in module 'yolo_gemm_array'
---------------------------------------------------------------------------------------------------
                   State |                     New Encoding |                Previous Encoding 
---------------------------------------------------------------------------------------------------
                  S_IDLE |                           000001 |                              000
                  S_TILE |                           001000 |                              001
                     S_K |                           100000 |                              010
                 S_DRAIN |                           010000 |                              101
                    S_RQ |                           000100 |                              011
                 S_LDONE |                           000010 |                              100
---------------------------------------------------------------------------------------------------
INFO: [Synth 8-3354] encoded FSM with state register 'state_r_reg' using encoding 'one-hot' in module 'yolo_ctrl'
---------------------------------------------------------------------------------------------------
                   State |                     New Encoding |                Previous Encoding 
---------------------------------------------------------------------------------------------------
                  S_IDLE |                              000 |                              000
                   S_DIV |                              001 |                              001
                 S_PREP1 |                              010 |                              010
                 S_PREP2 |                              011 |                              011
                 S_PREP3 |                              100 |                              100
                   S_RUN |                              101 |                              101
---------------------------------------------------------------------------------------------------
INFO: [Synth 8-3354] encoded FSM with state register 'state_reg' using encoding 'sequential' in module 'yolo_addrgen'
---------------------------------------------------------------------------------------------------
                   State |                     New Encoding |                Previous Encoding 
---------------------------------------------------------------------------------------------------
                SEG_IDLE |                               00 |                               00
                SEG_FILL |                               01 |                               01
                 SEG_CMD |                               10 |                               10
                  SEG_DR |                               11 |                               11
---------------------------------------------------------------------------------------------------
INFO: [Synth 8-3354] encoded FSM with state register 'seg_state_r_reg' using encoding 'sequential' in module 'yolo_gemm_array'
---------------------------------------------------------------------------------------------------
                   State |                     New Encoding |                Previous Encoding 
---------------------------------------------------------------------------------------------------
                 S_LDESC |                               00 |                               00
                  S_LCHK |                               10 |                               01
                  S_LRUN |                               01 |                               10
---------------------------------------------------------------------------------------------------
INFO: [Synth 8-3354] encoded FSM with state register 'ldr_state_r_reg' using encoding 'sequential' in module 'yolo_gemm_array'
---------------------------------------------------------------------------------
Finished RTL Optimization Phase 2 : Time (s): cpu = 00:00:14 ; elapsed = 00:00:14 . Memory (MB): peak = 1984.785 ; gain = 0.000
---------------------------------------------------------------------------------
---------------------------------------------------------------------------------
Start RTL Component Statistics 
---------------------------------------------------------------------------------
---------------------------------------------------------------------------------
Finished RTL Component Statistics 
---------------------------------------------------------------------------------
---------------------------------------------------------------------------------
Start Part Resource Summary
---------------------------------------------------------------------------------
Part Resources:
DSPs: 220 (col length:60)
BRAMs: 280 (col length: RAMB18 60 RAMB36 30)
---------------------------------------------------------------------------------
Finished Part Resource Summary
---------------------------------------------------------------------------------
---------------------------------------------------------------------------------
Start Cross Boundary and Area Optimization
---------------------------------------------------------------------------------
DSP Report: Generating DSP prod_c_w, operation Mode is: A*B.
DSP Report: operator prod_c_w is absorbed into DSP prod_c_w.
DSP Report: operator prod_c_w is absorbed into DSP prod_c_w.
DSP Report: Generating DSP prod_c_w, operation Mode is: (PCIN>>17)+A*B.
DSP Report: operator prod_c_w is absorbed into DSP prod_c_w.
DSP Report: operator prod_c_w is absorbed into DSP prod_c_w.
DSP Report: Generating DSP prod_c_w, operation Mode is: A*B.
DSP Report: operator prod_c_w is absorbed into DSP prod_c_w.
DSP Report: operator prod_c_w is absorbed into DSP prod_c_w.
DSP Report: Generating DSP prod_c_w, operation Mode is: (PCIN>>17)+A*B.
DSP Report: operator prod_c_w is absorbed into DSP prod_c_w.
DSP Report: operator prod_c_w is absorbed into DSP prod_c_w.
INFO: [Synth 8-3886] merging instance 'wpipe_addr_q_reg[0]' (FDC) to 'wpipe_addr_q_reg[11]'
INFO: [Synth 8-3886] merging instance 'wpipe_addr_q_reg[1]' (FDC) to 'wpipe_addr_q_reg[11]'
INFO: [Synth 8-3886] merging instance 'wpipe_addr_q_reg[2]' (FDC) to 'wpipe_addr_q_reg[11]'
INFO: [Synth 8-3886] merging instance 'wpipe_addr_q_reg[3]' (FDC) to 'wpipe_addr_q_reg[11]'
INFO: [Synth 8-3886] merging instance 'wpipe_addr_q_reg[4]' (FDC) to 'wpipe_addr_q_reg[11]'
INFO: [Synth 8-3886] merging instance 'wpipe_addr_q_reg[5]' (FDC) to 'wpipe_addr_q_reg[11]'
INFO: [Synth 8-3886] merging instance 'wpipe_addr_q_reg[11]' (FDC) to 'wpipe_addr_q_reg[10]'
INFO: [Synth 8-3886] merging instance 'wpipe_addr_q_reg[10]' (FDC) to 'wpipe_addr_q_reg[9]'
INFO: [Synth 8-3886] merging instance 'wpipe_addr_q_reg[9]' (FDC) to 'wpipe_addr_q_reg[8]'
INFO: [Synth 8-3886] merging instance 'wpipe_addr_q_reg[8]' (FDC) to 'wpipe_addr_q_reg[7]'
INFO: [Synth 8-3886] merging instance 'wpipe_addr_q_reg[7]' (FDC) to 'wpipe_addr_q_reg[6]'
INFO: [Synth 8-3333] propagating constant 0 across sequential element (\wpipe_addr_q_reg[6] )
INFO: [Synth 8-7067] Removed DRAM instance u_wbuf/i_30/i_0/g_row[15].mem0_reg_64_127_6_7 from module extram__99 due to constant propagation
INFO: [Synth 8-7067] Removed DRAM instance u_wbuf/i_30/i_0/g_row[15].mem0_reg_128_191_6_7 from module extram__99 due to constant propagation
INFO: [Synth 8-7067] Removed DRAM instance u_wbuf/i_30/i_0/g_row[15].mem0_reg_192_255_6_7 from module extram__99 due to constant propagation
INFO: [Synth 8-7067] Removed DRAM instance u_wbuf/i_30/i_0/g_row[15].mem0_reg_256_319_6_7 from module extram__99 due to constant propagation
INFO: [Synth 8-7067] Removed DRAM instance u_wbuf/i_30/i_0/g_row[15].mem0_reg_320_383_6_7 from module extram__99 due to constant propagation
INFO: [Synth 8-7067] Removed DRAM instance u_wbuf/i_30/i_0/g_row[15].mem0_reg_384_447_6_7 from module extram__99 due to constant propagation
INFO: [Synth 8-7067] Removed DRAM instance u_wbuf/i_30/i_0/g_row[15].mem0_reg_448_511_6_7 from module extram__99 due to constant propagation
INFO: [Synth 8-7067] Removed DRAM instance u_wbuf/i_30/i_0/g_row[15].mem0_reg_512_575_6_7 from module extram__99 due to constant propagation
INFO: [Synth 8-7067] Removed DRAM instance u_wbuf/i_30/i_0/g_row[15].mem0_reg_576_639_6_7 from module extram__99 due to constant propagation
INFO: [Synth 8-7067] Removed DRAM instance u_wbuf/i_30/i_0/g_row[15].mem0_reg_640_703_6_7 from module extram__99 due to constant propagation
INFO: [Synth 8-7067] Removed DRAM instance u_wbuf/i_30/i_0/g_row[15].mem0_reg_704_767_6_7 from module extram__99 due to constant propagation
INFO: [Synth 8-7067] Removed DRAM instance u_wbuf/i_30/i_0/g_row[15].mem0_reg_768_831_6_7 from module extram__99 due to constant propagation
INFO: [Synth 8-7067] Removed DRAM instance u_wbuf/i_30/i_0/g_row[15].mem0_reg_832_895_6_7 from module extram__99 due to constant propagation
INFO: [Synth 8-7067] Removed DRAM instance u_wbuf/i_30/i_0/g_row[15].mem0_reg_896_959_6_7 from module extram__99 due to constant propagation
INFO: [Synth 8-7067] Removed DRAM instance u_wbuf/i_30/i_0/g_row[15].mem0_reg_960_1023_6_7 from module extram__99 due to constant propagation
INFO: [Synth 8-7067] Removed DRAM instance u_wbuf/i_30/i_0/g_row[15].mem0_reg_1024_1087_6_7 from module extram__99 due to constant propagation
INFO: [Synth 8-7067] Removed DRAM instance u_wbuf/i_30/i_0/g_row[15].mem0_reg_1088_1151_6_7 from module extram__99 due to constant propagation
INFO: [Synth 8-7067] Removed DRAM instance u_wbuf/i_30/i_0/g_row[15].mem0_reg_1152_1215_6_7 from module extram__99 due to constant propagation
INFO: [Synth 8-7067] Removed DRAM instance u_wbuf/i_30/i_0/g_row[15].mem0_reg_1216_1279_6_7 from module extram__99 due to constant propagation
INFO: [Synth 8-7067] Removed DRAM instance u_wbuf/i_30/i_0/g_row[15].mem0_reg_1280_1343_6_7 from module extram__99 due to constant propagation
INFO: [Synth 8-7067] Removed DRAM instance u_wbuf/i_30/i_0/g_row[15].mem0_reg_1344_1407_6_7 from module extram__99 due to constant propagation
INFO: [Synth 8-7067] Removed DRAM instance u_wbuf/i_30/i_0/g_row[15].mem0_reg_1408_1471_6_7 from module extram__99 due to constant propagation
INFO: [Synth 8-7067] Removed DRAM instance u_wbuf/i_30/i_0/g_row[15].mem0_reg_1472_1535_6_7 from module extram__99 due to constant propagation
INFO: [Synth 8-7067] Removed DRAM instance u_wbuf/i_30/i_0/g_row[15].mem0_reg_1536_1599_6_7 from module extram__99 due to constant propagation
INFO: [Synth 8-7067] Removed DRAM instance u_wbuf/i_30/i_0/g_row[15].mem0_reg_1600_1663_6_7 from module extram__99 due to constant propagation
INFO: [Synth 8-7067] Removed DRAM instance u_wbuf/i_30/i_0/g_row[15].mem0_reg_1664_1727_6_7 from module extram__99 due to constant propagation
INFO: [Synth 8-7067] Removed DRAM instance u_wbuf/i_30/i_0/g_row[15].mem0_reg_1728_1791_6_7 from module extram__99 due to constant propagation
INFO: [Synth 8-7067] Removed DRAM instance u_wbuf/i_30/i_0/g_row[15].mem0_reg_1792_1855_6_7 from module extram__99 due to constant propagation
INFO: [Synth 8-7067] Removed DRAM instance u_wbuf/i_30/i_0/g_row[15].mem0_reg_1856_1919_6_7 from module extram__99 due to constant propagation
INFO: [Synth 8-7067] Removed DRAM instance u_wbuf/i_30/i_0/g_row[15].mem0_reg_1920_1983_6_7 from module extram__99 due to constant propagation
INFO: [Synth 8-7067] Removed DRAM instance u_wbuf/i_30/i_0/g_row[15].mem0_reg_1984_2047_6_7 from module extram__99 due to constant propagation
INFO: [Synth 8-7067] Removed DRAM instance u_wbuf/i_30/i_0/g_row[15].mem0_reg_2048_2111_6_7 from module extram__99 due to constant propagation
INFO: [Synth 8-7067] Removed DRAM instance u_wbuf/i_30/i_0/g_row[15].mem0_reg_2112_2175_6_7 from module extram__99 due to constant propagation
INFO: [Synth 8-7067] Removed DRAM instance u_wbuf/i_30/i_0/g_row[15].mem0_reg_2176_2239_6_7 from module extram__99 due to constant propagation
INFO: [Synth 8-7067] Removed DRAM instance u_wbuf/i_30/i_0/g_row[15].mem0_reg_2240_2303_6_7 from module extram__99 due to constant propagation
INFO: [Synth 8-7067] Removed DRAM instance u_wbuf/i_31/i_1/g_row[15].mem1_reg_64_127_6_7 from module extram__101 due to constant propagation
INFO: [Synth 8-7067] Removed DRAM instance u_wbuf/i_31/i_1/g_row[15].mem1_reg_128_191_6_7 from module extram__101 due to constant propagation
INFO: [Synth 8-7067] Removed DRAM instance u_wbuf/i_31/i_1/g_row[15].mem1_reg_192_255_6_7 from module extram__101 due to constant propagation
INFO: [Synth 8-7067] Removed DRAM instance u_wbuf/i_31/i_1/g_row[15].mem1_reg_256_319_6_7 from module extram__101 due to constant propagation
INFO: [Synth 8-7067] Removed DRAM instance u_wbuf/i_31/i_1/g_row[15].mem1_reg_320_383_6_7 from module extram__101 due to constant propagation
INFO: [Synth 8-7067] Removed DRAM instance u_wbuf/i_31/i_1/g_row[15].mem1_reg_384_447_6_7 from module extram__101 due to constant propagation
INFO: [Synth 8-7067] Removed DRAM instance u_wbuf/i_31/i_1/g_row[15].mem1_reg_448_511_6_7 from module extram__101 due to constant propagation
INFO: [Synth 8-7067] Removed DRAM instance u_wbuf/i_31/i_1/g_row[15].mem1_reg_512_575_6_7 from module extram__101 due to constant propagation
INFO: [Synth 8-7067] Removed DRAM instance u_wbuf/i_31/i_1/g_row[15].mem1_reg_576_639_6_7 from module extram__101 due to constant propagation
INFO: [Synth 8-7067] Removed DRAM instance u_wbuf/i_31/i_1/g_row[15].mem1_reg_640_703_6_7 from module extram__101 due to constant propagation
INFO: [Synth 8-7067] Removed DRAM instance u_wbuf/i_31/i_1/g_row[15].mem1_reg_704_767_6_7 from module extram__101 due to constant propagation
INFO: [Synth 8-7067] Removed DRAM instance u_wbuf/i_31/i_1/g_row[15].mem1_reg_768_831_6_7 from module extram__101 due to constant propagation
INFO: [Synth 8-7067] Removed DRAM instance u_wbuf/i_31/i_1/g_row[15].mem1_reg_832_895_6_7 from module extram__101 due to constant propagation
INFO: [Synth 8-7067] Removed DRAM instance u_wbuf/i_31/i_1/g_row[15].mem1_reg_896_959_6_7 from module extram__101 due to constant propagation
INFO: [Synth 8-7067] Removed DRAM instance u_wbuf/i_31/i_1/g_row[15].mem1_reg_960_1023_6_7 from module extram__101 due to constant propagation
INFO: [Synth 8-7067] Removed DRAM instance u_wbuf/i_31/i_1/g_row[15].mem1_reg_1024_1087_6_7 from module extram__101 due to constant propagation
INFO: [Synth 8-7067] Removed DRAM instance u_wbuf/i_31/i_1/g_row[15].mem1_reg_1088_1151_6_7 from module extram__101 due to constant propagation
INFO: [Synth 8-7067] Removed DRAM instance u_wbuf/i_31/i_1/g_row[15].mem1_reg_1152_1215_6_7 from module extram__101 due to constant propagation
INFO: [Synth 8-7067] Removed DRAM instance u_wbuf/i_31/i_1/g_row[15].mem1_reg_1216_1279_6_7 from module extram__101 due to constant propagation
INFO: [Synth 8-7067] Removed DRAM instance u_wbuf/i_31/i_1/g_row[15].mem1_reg_1280_1343_6_7 from module extram__101 due to constant propagation
INFO: [Synth 8-7067] Removed DRAM instance u_wbuf/i_31/i_1/g_row[15].mem1_reg_1344_1407_6_7 from module extram__101 due to constant propagation
INFO: [Synth 8-7067] Removed DRAM instance u_wbuf/i_31/i_1/g_row[15].mem1_reg_1408_1471_6_7 from module extram__101 due to constant propagation
INFO: [Synth 8-7067] Removed DRAM instance u_wbuf/i_31/i_1/g_row[15].mem1_reg_1472_1535_6_7 from module extram__101 due to constant propagation
INFO: [Synth 8-7067] Removed DRAM instance u_wbuf/i_31/i_1/g_row[15].mem1_reg_1536_1599_6_7 from module extram__101 due to constant propagation
INFO: [Synth 8-7067] Removed DRAM instance u_wbuf/i_31/i_1/g_row[15].mem1_reg_1600_1663_6_7 from module extram__101 due to constant propagation
INFO: [Synth 8-7067] Removed DRAM instance u_wbuf/i_31/i_1/g_row[15].mem1_reg_1664_1727_6_7 from module extram__101 due to constant propagation
INFO: [Synth 8-7067] Removed DRAM instance u_wbuf/i_31/i_1/g_row[15].mem1_reg_1728_1791_6_7 from module extram__101 due to constant propagation
INFO: [Synth 8-7067] Removed DRAM instance u_wbuf/i_31/i_1/g_row[15].mem1_reg_1792_1855_6_7 from module extram__101 due to constant propagation
INFO: [Synth 8-7067] Removed DRAM instance u_wbuf/i_31/i_1/g_row[15].mem1_reg_1856_1919_6_7 from module extram__101 due to constant propagation
INFO: [Synth 8-7067] Removed DRAM instance u_wbuf/i_31/i_1/g_row[15].mem1_reg_1920_1983_6_7 from module extram__101 due to constant propagation
INFO: [Synth 8-7067] Removed DRAM instance u_wbuf/i_31/i_1/g_row[15].mem1_reg_1984_2047_6_7 from module extram__101 due to constant propagation
INFO: [Synth 8-7067] Removed DRAM instance u_wbuf/i_31/i_1/g_row[15].mem1_reg_2048_2111_6_7 from module extram__101 due to constant propagation
INFO: [Synth 8-7067] Removed DRAM instance u_wbuf/i_31/i_1/g_row[15].mem1_reg_2112_2175_6_7 from module extram__101 due to constant propagation
INFO: [Synth 8-7067] Removed DRAM instance u_wbuf/i_31/i_1/g_row[15].mem1_reg_2176_2239_6_7 from module extram__101 due to constant propagation
INFO: [Synth 8-7067] Removed DRAM instance u_wbuf/i_31/i_1/g_row[15].mem1_reg_2240_2303_6_7 from module extram__101 due to constant propagation
INFO: [Synth 8-7067] Removed DRAM instance u_wbuf/i_30/i_0/g_row[15].mem0_reg_64_127_3_5 from module extram__99 due to constant propagation
INFO: [Synth 8-7067] Removed DRAM instance u_wbuf/i_30/i_0/g_row[15].mem0_reg_128_191_3_5 from module extram__99 due to constant propagation
INFO: [Synth 8-7067] Removed DRAM instance u_wbuf/i_30/i_0/g_row[15].mem0_reg_192_255_3_5 from module extram__99 due to constant propagation
INFO: [Synth 8-7067] Removed DRAM instance u_wbuf/i_30/i_0/g_row[15].mem0_reg_256_319_3_5 from module extram__99 due to constant propagation
INFO: [Synth 8-7067] Removed DRAM instance u_wbuf/i_30/i_0/g_row[15].mem0_reg_320_383_3_5 from module extram__99 due to constant propagation
INFO: [Synth 8-7067] Removed DRAM instance u_wbuf/i_30/i_0/g_row[15].mem0_reg_384_447_3_5 from module extram__99 due to constant propagation
INFO: [Synth 8-7067] Removed DRAM instance u_wbuf/i_30/i_0/g_row[15].mem0_reg_448_511_3_5 from module extram__99 due to constant propagation
INFO: [Synth 8-7067] Removed DRAM instance u_wbuf/i_30/i_0/g_row[15].mem0_reg_512_575_3_5 from module extram__99 due to constant propagation
INFO: [Synth 8-7067] Removed DRAM instance u_wbuf/i_30/i_0/g_row[15].mem0_reg_576_639_3_5 from module extram__99 due to constant propagation
INFO: [Synth 8-7067] Removed DRAM instance u_wbuf/i_30/i_0/g_row[15].mem0_reg_640_703_3_5 from module extram__99 due to constant propagation
INFO: [Synth 8-7067] Removed DRAM instance u_wbuf/i_30/i_0/g_row[15].mem0_reg_704_767_3_5 from module extram__99 due to constant propagation
INFO: [Synth 8-7067] Removed DRAM instance u_wbuf/i_30/i_0/g_row[15].mem0_reg_768_831_3_5 from module extram__99 due to constant propagation
INFO: [Synth 8-7067] Removed DRAM instance u_wbuf/i_30/i_0/g_row[15].mem0_reg_832_895_3_5 from module extram__99 due to constant propagation
INFO: [Synth 8-7067] Removed DRAM instance u_wbuf/i_30/i_0/g_row[15].mem0_reg_896_959_3_5 from module extram__99 due to constant propagation
INFO: [Synth 8-7067] Removed DRAM instance u_wbuf/i_30/i_0/g_row[15].mem0_reg_960_1023_3_5 from module extram__99 due to constant propagation
INFO: [Synth 8-7067] Removed DRAM instance u_wbuf/i_30/i_0/g_row[15].mem0_reg_1024_1087_3_5 from module extram__99 due to constant propagation
INFO: [Synth 8-7067] Removed DRAM instance u_wbuf/i_30/i_0/g_row[15].mem0_reg_1088_1151_3_5 from module extram__99 due to constant propagation
INFO: [Synth 8-7067] Removed DRAM instance u_wbuf/i_30/i_0/g_row[15].mem0_reg_1152_1215_3_5 from module extram__99 due to constant propagation
INFO: [Synth 8-7067] Removed DRAM instance u_wbuf/i_30/i_0/g_row[15].mem0_reg_1216_1279_3_5 from module extram__99 due to constant propagation
INFO: [Synth 8-7067] Removed DRAM instance u_wbuf/i_30/i_0/g_row[15].mem0_reg_1280_1343_3_5 from module extram__99 due to constant propagation
INFO: [Synth 8-7067] Removed DRAM instance u_wbuf/i_30/i_0/g_row[15].mem0_reg_1344_1407_3_5 from module extram__99 due to constant propagation
INFO: [Synth 8-7067] Removed DRAM instance u_wbuf/i_30/i_0/g_row[15].mem0_reg_1408_1471_3_5 from module extram__99 due to constant propagation
INFO: [Synth 8-7067] Removed DRAM instance u_wbuf/i_30/i_0/g_row[15].mem0_reg_1472_1535_3_5 from module extram__99 due to constant propagation
INFO: [Synth 8-7067] Removed DRAM instance u_wbuf/i_30/i_0/g_row[15].mem0_reg_1536_1599_3_5 from module extram__99 due to constant propagation
INFO: [Synth 8-7067] Removed DRAM instance u_wbuf/i_30/i_0/g_row[15].mem0_reg_1600_1663_3_5 from module extram__99 due to constant propagation
INFO: [Synth 8-7067] Removed DRAM instance u_wbuf/i_30/i_0/g_row[15].mem0_reg_1664_1727_3_5 from module extram__99 due to constant propagation
INFO: [Synth 8-7067] Removed DRAM instance u_wbuf/i_30/i_0/g_row[15].mem0_reg_1728_1791_3_5 from module extram__99 due to constant propagation
INFO: [Synth 8-7067] Removed DRAM instance u_wbuf/i_30/i_0/g_row[15].mem0_reg_1792_1855_3_5 from module extram__99 due to constant propagation
INFO: [Synth 8-7067] Removed DRAM instance u_wbuf/i_30/i_0/g_row[15].mem0_reg_1856_1919_3_5 from module extram__99 due to constant propagation
INFO: [Synth 8-7067] Removed DRAM instance u_wbuf/i_30/i_0/g_row[15].mem0_reg_1920_1983_3_5 from module extram__99 due to constant propagation
INFO: [Common 17-14] Message 'Synth 8-7067' appears 100 times and further instances of the messages will be disabled. Use the Tcl command set_msg_config to change the current settings.
INFO: [Common 17-14] Message 'Synth 8-7067' appears 100 times and further instances of the messages will be disabled. Use the Tcl command set_msg_config to change the current settings.
DSP Report: Generating DSP oy_sh_r0, operation Mode is: A*B.
DSP Report: operator oy_sh_r0 is absorbed into DSP oy_sh_r0.
DSP Report: Generating DSP p_1_out, operation Mode is: (C or 0)+A*B.
DSP Report: operator row_off_r0 is absorbed into DSP p_1_out.
DSP Report: operator row_off_r0 is absorbed into DSP p_1_out.
DSP Report: Generating DSP ox_sw_r0, operation Mode is: A*B.
DSP Report: operator ox_sw_r0 is absorbed into DSP ox_sw_r0.
DSP Report: Generating DSP kh1_iw_r0, operation Mode is: (D+(A:0x3fffffff))*B.
DSP Report: operator kh1_iw_r0 is absorbed into DSP kh1_iw_r0.
DSP Report: operator kh1_iw_r1 is absorbed into DSP kh1_iw_r0.
DSP Report: Generating DSP sh_iw_r0, operation Mode is: A*B.
DSP Report: operator sh_iw_r0 is absorbed into DSP sh_iw_r0.
DSP Report: Generating DSP plane_sz_c0, operation Mode is: A*B.
DSP Report: operator plane_sz_c0 is absorbed into DSP plane_sz_c0.
DSP Report: Generating DSP rq_limit_r0, operation Mode is: (C:0xffffffffffff)+A*B.
DSP Report: operator rq_limit_r0 is absorbed into DSP rq_limit_r0.
DSP Report: operator rq_limit_r1 is absorbed into DSP rq_limit_r0.
DSP Report: Generating DSP row_addr_d2_r2, operation Mode is: A*B.
DSP Report: operator row_addr_d2_r2 is absorbed into DSP row_addr_d2_r2.
DSP Report: Generating DSP row_addr_d2_r0, operation Mode is: PCIN+(A:0x0):B+C.
DSP Report: operator row_addr_d2_r0 is absorbed into DSP row_addr_d2_r0.
WARNING: [Synth 8-7129] Port rlast_i in module yolo_dma is either unconnected or has no load
WARNING: [Synth 8-7129] Port ic_i[15] in module yolo_addrgen is either unconnected or has no load
WARNING: [Synth 8-7129] Port ic_i[14] in module yolo_addrgen is either unconnected or has no load
WARNING: [Synth 8-7129] Port ic_i[13] in module yolo_addrgen is either unconnected or has no load
WARNING: [Synth 8-7129] Port ic_i[12] in module yolo_addrgen is either unconnected or has no load
WARNING: [Synth 8-7129] Port ic_i[11] in module yolo_addrgen is either unconnected or has no load
WARNING: [Synth 8-7129] Port ic_i[10] in module yolo_addrgen is either unconnected or has no load
INFO: [Common 17-14] Message 'Synth 8-7129' appears 100 times and further instances of the messages will be disabled. Use the Tcl command set_msg_config to change the current settings.
INFO: [Synth 8-3886] merging instance 'n_base_d1_r_reg[0]' (FDCE) to 'n_base_d1_r_reg[3]'
INFO: [Synth 8-3886] merging instance 'n_base_d1_r_reg[1]' (FDCE) to 'n_base_d1_r_reg[3]'
INFO: [Synth 8-3886] merging instance 'n_base_d1_r_reg[2]' (FDCE) to 'n_base_d1_r_reg[3]'
INFO: [Synth 8-3333] propagating constant 0 across sequential element (\n_base_d1_r_reg[3] )
INFO: [Synth 8-3886] merging instance 'u_addrgen/n_saved_r_reg[3]' (FDCE) to 'u_addrgen/n_saved_r_reg[0]'
INFO: [Synth 8-3886] merging instance 'u_addrgen/n_saved_r_reg[2]' (FDCE) to 'u_addrgen/n_saved_r_reg[0]'
INFO: [Synth 8-3886] merging instance 'u_addrgen/n_saved_r_reg[1]' (FDCE) to 'u_addrgen/n_saved_r_reg[0]'
INFO: [Synth 8-3886] merging instance 'u_addrgen/n_saved_r_reg[0]' (FDCE) to 'u_addrgen/k_len_c_reg[12]'
INFO: [Synth 8-3886] merging instance 'u_addrgen/ih0_r_reg[24]' (FDCE) to 'u_addrgen/ih0_r_reg[25]'
INFO: [Synth 8-3886] merging instance 'u_addrgen/m_iw_r_reg[31]' (FDCE) to 'u_addrgen/m_iw_r_reg[24]'
INFO: [Synth 8-3886] merging instance 'u_addrgen/m_iw_r_reg[32]' (FDCE) to 'u_addrgen/m_iw_r_reg[24]'
INFO: [Synth 8-3886] merging instance 'u_addrgen/m_iw_r_reg[33]' (FDCE) to 'u_addrgen/m_iw_r_reg[24]'
INFO: [Synth 8-3886] merging instance 'u_addrgen/m_iw_r_reg[34]' (FDCE) to 'u_addrgen/m_iw_r_reg[24]'
INFO: [Synth 8-3886] merging instance 'u_addrgen/m_iw_r_reg[35]' (FDCE) to 'u_addrgen/m_iw_r_reg[24]'
INFO: [Synth 8-3886] merging instance 'u_addrgen/m_iw_r_reg[36]' (FDCE) to 'u_addrgen/m_iw_r_reg[24]'
INFO: [Synth 8-3886] merging instance 'u_addrgen/m_iw_r_reg[37]' (FDCE) to 'u_addrgen/m_iw_r_reg[24]'
INFO: [Synth 8-3886] merging instance 'u_addrgen/m_iw_r_reg[38]' (FDCE) to 'u_addrgen/m_iw_r_reg[24]'
INFO: [Synth 8-3886] merging instance 'u_addrgen/m_iw_r_reg[39]' (FDCE) to 'u_addrgen/m_iw_r_reg[24]'
INFO: [Synth 8-3886] merging instance 'u_addrgen/m_iw_r_reg[40]' (FDCE) to 'u_addrgen/m_iw_r_reg[24]'
INFO: [Synth 8-3886] merging instance 'u_addrgen/m_iw_r_reg[41]' (FDCE) to 'u_addrgen/m_iw_r_reg[24]'
INFO: [Synth 8-3886] merging instance 'u_addrgen/m_iw_r_reg[30]' (FDCE) to 'u_addrgen/m_iw_r_reg[24]'
INFO: [Synth 8-3886] merging instance 'u_addrgen/n_len_c_reg[15]' (FDCE) to 'u_addrgen/k_len_c_reg[12]'
INFO: [Synth 8-3886] merging instance 'u_addrgen/n_len_c_reg[14]' (FDCE) to 'u_addrgen/k_len_c_reg[12]'
INFO: [Synth 8-3886] merging instance 'u_addrgen/n_len_c_reg[12]' (FDCE) to 'u_addrgen/k_len_c_reg[12]'
INFO: [Synth 8-3886] merging instance 'u_addrgen/n_len_c_reg[13]' (FDCE) to 'u_addrgen/k_len_c_reg[12]'
INFO: [Synth 8-3886] merging instance 'u_addrgen/m_iw_r_reg[29]' (FDCE) to 'u_addrgen/m_iw_r_reg[24]'
INFO: [Synth 8-3886] merging instance 'u_addrgen/m_iw_r_reg[24]' (FDCE) to 'u_addrgen/m_iw_r_reg[25]'
INFO: [Synth 8-3886] merging instance 'u_addrgen/m_iw_r_reg[25]' (FDCE) to 'u_addrgen/m_iw_r_reg[26]'
INFO: [Synth 8-3886] merging instance 'u_addrgen/m_iw_r_reg[26]' (FDCE) to 'u_addrgen/m_iw_r_reg[27]'
INFO: [Synth 8-3886] merging instance 'u_addrgen/m_iw_r_reg[27]' (FDCE) to 'u_addrgen/m_iw_r_reg[28]'
INFO: [Synth 8-3886] merging instance 'u_addrgen/k_len_c_reg[15]' (FDCE) to 'u_addrgen/k_len_c_reg[12]'
INFO: [Synth 8-3886] merging instance 'u_addrgen/k_len_c_reg[14]' (FDCE) to 'u_addrgen/k_len_c_reg[12]'
INFO: [Synth 8-3886] merging instance 'u_addrgen/k_len_c_reg[12]' (FDCE) to 'u_addrgen/k_len_c_reg[13]'
INFO: [Synth 8-3333] propagating constant 0 across sequential element (u_addrgen/\k_len_c_reg[13] )
INFO: [Synth 8-3886] merging instance 'cfg_oc_tiles_r_reg[11]' (FDCE) to 'cfg_oc_tiles_r_reg[8]'
INFO: [Synth 8-3886] merging instance 'cfg_oc_tiles_r_reg[9]' (FDCE) to 'cfg_oc_tiles_r_reg[8]'
INFO: [Synth 8-3886] merging instance 'cfg_oc_tiles_r_reg[10]' (FDCE) to 'cfg_oc_tiles_r_reg[8]'
INFO: [Synth 8-3333] propagating constant 0 across sequential element (\cfg_oc_tiles_r_reg[8] )
INFO: [Synth 8-3886] merging instance 'u_dma/tail_r_reg[0]' (FDCE) to 'u_dma/tail_r_reg[1]'
INFO: [Synth 8-3886] merging instance 'u_dma/tail_r_reg[1]' (FDCE) to 'u_dma/tail_r_reg[2]'
INFO: [Synth 8-3333] propagating constant 0 across sequential element (u_dma/\tail_r_reg[2] )
INFO: [Synth 8-3886] merging instance 'u_addrgen/pad_val_o_reg[0]' (FDC) to 'u_addrgen/pad_val_o_reg[1]'
INFO: [Synth 8-3886] merging instance 'u_addrgen/pad_val_o_reg[1]' (FDC) to 'u_addrgen/pad_val_o_reg[2]'
INFO: [Synth 8-3886] merging instance 'u_addrgen/pad_val_o_reg[2]' (FDC) to 'u_addrgen/pad_val_o_reg[3]'
INFO: [Synth 8-3886] merging instance 'u_addrgen/pad_val_o_reg[3]' (FDC) to 'u_addrgen/pad_val_o_reg[4]'
INFO: [Synth 8-3886] merging instance 'u_addrgen/pad_val_o_reg[4]' (FDC) to 'u_addrgen/pad_val_o_reg[5]'
INFO: [Synth 8-3886] merging instance 'u_addrgen/pad_val_o_reg[5]' (FDC) to 'u_addrgen/pad_val_o_reg[6]'
INFO: [Synth 8-3333] propagating constant 0 across sequential element (u_addrgen/\pad_val_o_reg[6] )
INFO: [Synth 8-3886] merging instance 'oc_g_d1_r_reg[0]' (FDCE) to 'oc_loc_d1_r_reg[0]'
INFO: [Synth 8-3886] merging instance 'oc_g_d1_r_reg[1]' (FDCE) to 'oc_loc_d1_r_reg[1]'
INFO: [Synth 8-3886] merging instance 'oc_g_d1_r_reg[2]' (FDCE) to 'oc_loc_d1_r_reg[2]'
INFO: [Synth 8-3886] merging instance 'oc_g_d1_r_reg[3]' (FDCE) to 'oc_loc_d1_r_reg[3]'
INFO: [Synth 8-3886] merging instance 'u_ctrl/oc_tiles_r_reg[11]' (FDCE) to 'u_ctrl/oc_tiles_r_reg[8]'
INFO: [Synth 8-3886] merging instance 'u_ctrl/oc_tiles_r_reg[9]' (FDCE) to 'u_ctrl/oc_tiles_r_reg[8]'
INFO: [Synth 8-3886] merging instance 'u_ctrl/oc_tiles_r_reg[10]' (FDCE) to 'u_ctrl/oc_tiles_r_reg[8]'
INFO: [Synth 8-3333] propagating constant 0 across sequential element (u_ctrl/\oc_tiles_r_reg[8] )
INFO: [Synth 8-3333] propagating constant 0 across sequential element (u_dma/\state_r_reg[2] )
INFO: [Synth 8-3333] propagating constant 0 across sequential element (u_dma_wr/\lo_r_reg[3] )
---------------------------------------------------------------------------------
Finished Cross Boundary and Area Optimization : Time (s): cpu = 00:00:24 ; elapsed = 00:00:34 . Memory (MB): peak = 1984.785 ; gain = 0.000
---------------------------------------------------------------------------------
 Sort Area is yolo_gemm_array__GB5 p_1_out_2 : 0 0 : 3261 3261 : Used 1 time 100
 Sort Area is yolo_gemm_array__GB4 prod_c_w_0 : 0 0 : 2701 4861 : Used 1 time 0
 Sort Area is yolo_gemm_array__GB4 prod_c_w_0 : 0 1 : 2160 4861 : Used 1 time 0
 Sort Area is yolo_gemm_array__GB4 prod_c_w_3 : 0 0 : 2304 4196 : Used 1 time 0
 Sort Area is yolo_gemm_array__GB4 prod_c_w_3 : 0 1 : 1892 4196 : Used 1 time 0
 Sort Area is yolo_gemm_array__GB5 kh1_iw_r0_8 : 0 0 : 2760 2760 : Used 1 time 0
 Sort Area is yolo_gemm_array__GB5 row_addr_d2_r2_c : 0 0 : 1946 2152 : Used 1 time 0
 Sort Area is yolo_gemm_array__GB5 row_addr_d2_r2_c : 0 1 : 206 2152 : Used 1 time 0
 Sort Area is yolo_gemm_array__GB5 plane_sz_c0_5 : 0 0 : 1946 1946 : Used 1 time 0
 Sort Area is yolo_gemm_array__GB5 rq_limit_r0_a : 0 0 : 1084 1084 : Used 1 time 0
 Sort Area is yolo_gemm_array__GB5 ox_sw_r0_4 : 0 0 : 878 878 : Used 1 time 0
 Sort Area is yolo_gemm_array__GB5 oy_sh_r0_0 : 0 0 : 878 878 : Used 1 time 0
 Sort Area is yolo_gemm_array__GB5 sh_iw_r0_7 : 0 0 : 878 878 : Used 1 time 0
---------------------------------------------------------------------------------
Start Applying XDC Timing Constraints
---------------------------------------------------------------------------------
---------------------------------------------------------------------------------
Finished Applying XDC Timing Constraints : Time (s): cpu = 00:00:30 ; elapsed = 00:00:40 . Memory (MB): peak = 1984.785 ; gain = 0.000
---------------------------------------------------------------------------------
---------------------------------------------------------------------------------
Start Timing Optimization
---------------------------------------------------------------------------------
---------------------------------------------------------------------------------
Finished Timing Optimization : Time (s): cpu = 00:00:30 ; elapsed = 00:00:40 . Memory (MB): peak = 1984.785 ; gain = 0.000
---------------------------------------------------------------------------------
---------------------------------------------------------------------------------
Start Technology Mapping
---------------------------------------------------------------------------------
INFO: [Synth 8-3886] merging instance 'u_arrayi_0/u_array/g_pe_row[12].g_pe_pair[2].u_pe/w_d1_r_reg[0]' (FDC) to 'u_arrayi_0/u_array/g_pe_row[12].g_pe_pair[1].u_pe/w_d1_r_reg[0]'
INFO: [Synth 8-3886] merging instance 'u_arrayi_0/u_array/g_pe_row[12].g_pe_pair[2].u_pe/w_d2_r_reg[0]' (FDC) to 'u_arrayi_0/u_array/g_pe_row[12].g_pe_pair[1].u_pe/w_d2_r_reg[0]'
INFO: [Synth 8-3886] merging instance 'u_arrayi_0/u_array/g_pe_row[12].g_pe_pair[2].u_pe/w_d3_r_reg[0]' (FDC) to 'u_arrayi_0/u_array/g_pe_row[12].g_pe_pair[1].u_pe/w_d3_r_reg[0]'
INFO: [Synth 8-3886] merging instance 'u_arrayi_0/u_array/g_pe_row[12].g_pe_pair[2].u_pe/w_d1_r_reg[1]' (FDC) to 'u_arrayi_0/u_array/g_pe_row[12].g_pe_pair[1].u_pe/w_d1_r_reg[1]'
INFO: [Synth 8-3886] merging instance 'u_arrayi_0/u_array/g_pe_row[12].g_pe_pair[2].u_pe/w_d2_r_reg[1]' (FDC) to 'u_arrayi_0/u_array/g_pe_row[12].g_pe_pair[1].u_pe/w_d2_r_reg[1]'
INFO: [Synth 8-3886] merging instance 'u_arrayi_0/u_array/g_pe_row[12].g_pe_pair[2].u_pe/w_d3_r_reg[1]' (FDC) to 'u_arrayi_0/u_array/g_pe_row[12].g_pe_pair[1].u_pe/w_d3_r_reg[1]'
INFO: [Synth 8-3886] merging instance 'u_arrayi_0/u_array/g_pe_row[12].g_pe_pair[2].u_pe/w_d1_r_reg[2]' (FDC) to 'u_arrayi_0/u_array/g_pe_row[12].g_pe_pair[1].u_pe/w_d1_r_reg[2]'
INFO: [Synth 8-3886] merging instance 'u_arrayi_0/u_array/g_pe_row[12].g_pe_pair[2].u_pe/w_d2_r_reg[2]' (FDC) to 'u_arrayi_0/u_array/g_pe_row[12].g_pe_pair[1].u_pe/w_d2_r_reg[2]'
INFO: [Synth 8-3886] merging instance 'u_arrayi_0/u_array/g_pe_row[12].g_pe_pair[2].u_pe/w_d3_r_reg[2]' (FDC) to 'u_arrayi_0/u_array/g_pe_row[12].g_pe_pair[1].u_pe/w_d3_r_reg[2]'
INFO: [Synth 8-3886] merging instance 'u_arrayi_0/u_array/g_pe_row[12].g_pe_pair[3].u_pe/w_d1_r_reg[0]' (FDC) to 'u_arrayi_0/u_array/g_pe_row[12].g_pe_pair[1].u_pe/w_d1_r_reg[0]'
INFO: [Synth 8-3886] merging instance 'u_arrayi_0/u_array/g_pe_row[12].g_pe_pair[3].u_pe/w_d2_r_reg[0]' (FDC) to 'u_arrayi_0/u_array/g_pe_row[12].g_pe_pair[1].u_pe/w_d2_r_reg[0]'
INFO: [Synth 8-3886] merging instance 'u_arrayi_0/u_array/g_pe_row[12].g_pe_pair[3].u_pe/w_d3_r_reg[0]' (FDC) to 'u_arrayi_0/u_array/g_pe_row[12].g_pe_pair[1].u_pe/w_d3_r_reg[0]'
INFO: [Synth 8-3886] merging instance 'u_arrayi_0/u_array/g_pe_row[12].g_pe_pair[3].u_pe/w_d1_r_reg[1]' (FDC) to 'u_arrayi_0/u_array/g_pe_row[12].g_pe_pair[1].u_pe/w_d1_r_reg[1]'
INFO: [Synth 8-3886] merging instance 'u_arrayi_0/u_array/g_pe_row[12].g_pe_pair[3].u_pe/w_d2_r_reg[1]' (FDC) to 'u_arrayi_0/u_array/g_pe_row[12].g_pe_pair[1].u_pe/w_d2_r_reg[1]'
INFO: [Synth 8-3886] merging instance 'u_arrayi_0/u_array/g_pe_row[12].g_pe_pair[3].u_pe/w_d3_r_reg[1]' (FDC) to 'u_arrayi_0/u_array/g_pe_row[12].g_pe_pair[1].u_pe/w_d3_r_reg[1]'
INFO: [Synth 8-3886] merging instance 'u_arrayi_0/u_array/g_pe_row[12].g_pe_pair[3].u_pe/w_d1_r_reg[2]' (FDC) to 'u_arrayi_0/u_array/g_pe_row[12].g_pe_pair[1].u_pe/w_d1_r_reg[2]'
INFO: [Synth 8-3886] merging instance 'u_arrayi_0/u_array/g_pe_row[12].g_pe_pair[3].u_pe/w_d2_r_reg[2]' (FDC) to 'u_arrayi_0/u_array/g_pe_row[12].g_pe_pair[1].u_pe/w_d2_r_reg[2]'
INFO: [Synth 8-3886] merging instance 'u_arrayi_0/u_array/g_pe_row[12].g_pe_pair[3].u_pe/w_d3_r_reg[2]' (FDC) to 'u_arrayi_0/u_array/g_pe_row[12].g_pe_pair[1].u_pe/w_d3_r_reg[2]'
INFO: [Synth 8-3886] merging instance 'u_arrayi_0/u_array/g_pe_row[12].g_pe_pair[0].u_pe/w_d1_r_reg[0]' (FDC) to 'u_arrayi_0/u_array/g_pe_row[12].g_pe_pair[1].u_pe/w_d1_r_reg[0]'
INFO: [Synth 8-3886] merging instance 'u_arrayi_0/u_array/g_pe_row[12].g_pe_pair[0].u_pe/w_d2_r_reg[0]' (FDC) to 'u_arrayi_0/u_array/g_pe_row[12].g_pe_pair[1].u_pe/w_d2_r_reg[0]'
INFO: [Synth 8-3886] merging instance 'u_arrayi_0/u_array/g_pe_row[12].g_pe_pair[0].u_pe/w_d3_r_reg[0]' (FDC) to 'u_arrayi_0/u_array/g_pe_row[12].g_pe_pair[1].u_pe/w_d3_r_reg[0]'
INFO: [Synth 8-3886] merging instance 'u_arrayi_0/u_array/g_pe_row[12].g_pe_pair[0].u_pe/w_d1_r_reg[1]' (FDC) to 'u_arrayi_0/u_array/g_pe_row[12].g_pe_pair[1].u_pe/w_d1_r_reg[1]'
INFO: [Synth 8-3886] merging instance 'u_arrayi_0/u_array/g_pe_row[12].g_pe_pair[0].u_pe/w_d2_r_reg[1]' (FDC) to 'u_arrayi_0/u_array/g_pe_row[12].g_pe_pair[1].u_pe/w_d2_r_reg[1]'
INFO: [Synth 8-3886] merging instance 'u_arrayi_0/u_array/g_pe_row[12].g_pe_pair[0].u_pe/w_d3_r_reg[1]' (FDC) to 'u_arrayi_0/u_array/g_pe_row[12].g_pe_pair[1].u_pe/w_d3_r_reg[1]'
INFO: [Synth 8-3886] merging instance 'u_arrayi_0/u_array/g_pe_row[12].g_pe_pair[0].u_pe/w_d1_r_reg[2]' (FDC) to 'u_arrayi_0/u_array/g_pe_row[12].g_pe_pair[1].u_pe/w_d1_r_reg[2]'
INFO: [Synth 8-3886] merging instance 'u_arrayi_0/u_array/g_pe_row[12].g_pe_pair[0].u_pe/w_d2_r_reg[2]' (FDC) to 'u_arrayi_0/u_array/g_pe_row[12].g_pe_pair[1].u_pe/w_d2_r_reg[2]'
INFO: [Synth 8-3886] merging instance 'u_arrayi_0/u_array/g_pe_row[12].g_pe_pair[0].u_pe/w_d3_r_reg[2]' (FDC) to 'u_arrayi_0/u_array/g_pe_row[12].g_pe_pair[1].u_pe/w_d3_r_reg[2]'
INFO: [Synth 8-3886] merging instance 'u_arrayi_0/u_array/g_pe_row[13].g_pe_pair[2].u_pe/w_d1_r_reg[0]' (FDC) to 'u_arrayi_0/u_array/g_pe_row[13].g_pe_pair[1].u_pe/w_d1_r_reg[0]'
INFO: [Synth 8-3886] merging instance 'u_arrayi_0/u_array/g_pe_row[13].g_pe_pair[2].u_pe/w_d2_r_reg[0]' (FDC) to 'u_arrayi_0/u_array/g_pe_row[13].g_pe_pair[1].u_pe/w_d2_r_reg[0]'
INFO: [Synth 8-3886] merging instance 'u_arrayi_0/u_array/g_pe_row[13].g_pe_pair[2].u_pe/w_d3_r_reg[0]' (FDC) to 'u_arrayi_0/u_array/g_pe_row[13].g_pe_pair[1].u_pe/w_d3_r_reg[0]'
INFO: [Synth 8-3886] merging instance 'u_arrayi_0/u_array/g_pe_row[13].g_pe_pair[2].u_pe/w_d1_r_reg[1]' (FDC) to 'u_arrayi_0/u_array/g_pe_row[13].g_pe_pair[1].u_pe/w_d1_r_reg[1]'
INFO: [Synth 8-3886] merging instance 'u_arrayi_0/u_array/g_pe_row[13].g_pe_pair[2].u_pe/w_d2_r_reg[1]' (FDC) to 'u_arrayi_0/u_array/g_pe_row[13].g_pe_pair[1].u_pe/w_d2_r_reg[1]'
INFO: [Synth 8-3886] merging instance 'u_arrayi_0/u_array/g_pe_row[13].g_pe_pair[2].u_pe/w_d3_r_reg[1]' (FDC) to 'u_arrayi_0/u_array/g_pe_row[13].g_pe_pair[1].u_pe/w_d3_r_reg[1]'
INFO: [Synth 8-3886] merging instance 'u_arrayi_0/u_array/g_pe_row[13].g_pe_pair[2].u_pe/w_d1_r_reg[2]' (FDC) to 'u_arrayi_0/u_array/g_pe_row[13].g_pe_pair[1].u_pe/w_d1_r_reg[2]'
INFO: [Synth 8-3886] merging instance 'u_arrayi_0/u_array/g_pe_row[13].g_pe_pair[2].u_pe/w_d2_r_reg[2]' (FDC) to 'u_arrayi_0/u_array/g_pe_row[13].g_pe_pair[1].u_pe/w_d2_r_reg[2]'
INFO: [Synth 8-3886] merging instance 'u_arrayi_0/u_array/g_pe_row[13].g_pe_pair[2].u_pe/w_d3_r_reg[2]' (FDC) to 'u_arrayi_0/u_array/g_pe_row[13].g_pe_pair[1].u_pe/w_d3_r_reg[2]'
INFO: [Synth 8-3886] merging instance 'u_arrayi_0/u_array/g_pe_row[13].g_pe_pair[0].u_pe/w_d1_r_reg[0]' (FDC) to 'u_arrayi_0/u_array/g_pe_row[13].g_pe_pair[1].u_pe/w_d1_r_reg[0]'
INFO: [Synth 8-3886] merging instance 'u_arrayi_0/u_array/g_pe_row[13].g_pe_pair[0].u_pe/w_d2_r_reg[0]' (FDC) to 'u_arrayi_0/u_array/g_pe_row[13].g_pe_pair[1].u_pe/w_d2_r_reg[0]'
INFO: [Synth 8-3886] merging instance 'u_arrayi_0/u_array/g_pe_row[13].g_pe_pair[0].u_pe/w_d3_r_reg[0]' (FDC) to 'u_arrayi_0/u_array/g_pe_row[13].g_pe_pair[1].u_pe/w_d3_r_reg[0]'
INFO: [Common 17-14] Message 'Synth 8-3886' appears 100 times and further instances of the messages will be disabled. Use the Tcl command set_msg_config to change the current settings.
INFO: [Common 17-14] Message 'Synth 8-3886' appears 100 times and further instances of the messages will be disabled. Use the Tcl command set_msg_config to change the current settings.
INFO: [Synth 8-5844] Detected registers with asynchronous reset at DSP/BRAM block boundary. Consider using synchronous reset for optimal packing [E:/competition/2_fpga/3_yolo_zynq/rtl/yolo_requant.v:127]
INFO: [Synth 8-5844] Detected registers with asynchronous reset at DSP/BRAM block boundary. Consider using synchronous reset for optimal packing [E:/competition/2_fpga/3_yolo_zynq/rtl/yolo_requant.v:127]
INFO: [Synth 8-5844] Detected registers with asynchronous reset at DSP/BRAM block boundary. Consider using synchronous reset for optimal packing [E:/competition/2_fpga/3_yolo_zynq/rtl/yolo_requant.v:127]
INFO: [Synth 8-5844] Detected registers with asynchronous reset at DSP/BRAM block boundary. Consider using synchronous reset for optimal packing [E:/competition/2_fpga/3_yolo_zynq/rtl/yolo_requant.v:127]
INFO: [Synth 8-5844] Detected registers with asynchronous reset at DSP/BRAM block boundary. Consider using synchronous reset for optimal packing [E:/competition/2_fpga/3_yolo_zynq/rtl/yolo_requant.v:127]
INFO: [Synth 8-5844] Detected registers with asynchronous reset at DSP/BRAM block boundary. Consider using synchronous reset for optimal packing [E:/competition/2_fpga/3_yolo_zynq/rtl/yolo_requant.v:127]
INFO: [Synth 8-5844] Detected registers with asynchronous reset at DSP/BRAM block boundary. Consider using synchronous reset for optimal packing [E:/competition/2_fpga/3_yolo_zynq/rtl/yolo_requant.v:127]
INFO: [Synth 8-5844] Detected registers with asynchronous reset at DSP/BRAM block boundary. Consider using synchronous reset for optimal packing [E:/competition/2_fpga/3_yolo_zynq/rtl/yolo_requant.v:127]
INFO: [Synth 8-5844] Detected registers with asynchronous reset at DSP/BRAM block boundary. Consider using synchronous reset for optimal packing [E:/competition/2_fpga/3_yolo_zynq/rtl/yolo_addrgen.v:185]
INFO: [Synth 8-5844] Detected registers with asynchronous reset at DSP/BRAM block boundary. Consider using synchronous reset for optimal packing [E:/competition/2_fpga/3_yolo_zynq/rtl/yolo_addrgen.v:281]
INFO: [Synth 8-5844] Detected registers with asynchronous reset at DSP/BRAM block boundary. Consider using synchronous reset for optimal packing [E:/competition/2_fpga/3_yolo_zynq/rtl/yolo_addrgen.v:283]
INFO: [Synth 8-5844] Detected registers with asynchronous reset at DSP/BRAM block boundary. Consider using synchronous reset for optimal packing [E:/competition/2_fpga/3_yolo_zynq/rtl/yolo_ctrl.v:207]
INFO: [Synth 8-5844] Detected registers with asynchronous reset at DSP/BRAM block boundary. Consider using synchronous reset for optimal packing [E:/competition/2_fpga/3_yolo_zynq/rtl/yolo_gemm_array.v:1167]
INFO: [Common 17-14] Message 'Synth 8-3886' appears 100 times and further instances of the messages will be disabled. Use the Tcl command set_msg_config to change the current settings.
INFO: [Synth 8-5844] Detected registers with asynchronous reset at DSP/BRAM block boundary. Consider using synchronous reset for optimal packing [E:/competition/2_fpga/3_yolo_zynq/rtl/yolo_addrgen.v:277]
INFO: [Synth 8-5844] Detected registers with asynchronous reset at DSP/BRAM block boundary. Consider using synchronous reset for optimal packing [E:/competition/2_fpga/3_yolo_zynq/rtl/yolo_addrgen.v:265]
INFO: [Synth 8-5844] Detected registers with asynchronous reset at DSP/BRAM block boundary. Consider using synchronous reset for optimal packing [E:/competition/2_fpga/3_yolo_zynq/rtl/yolo_addrgen.v:287]
INFO: [Synth 8-5844] Detected registers with asynchronous reset at DSP/BRAM block boundary. Consider using synchronous reset for optimal packing [E:/competition/2_fpga/3_yolo_zynq/rtl/yolo_addrgen.v:184]
INFO: [Synth 8-5844] Detected registers with asynchronous reset at DSP/BRAM block boundary. Consider using synchronous reset for optimal packing [E:/competition/2_fpga/3_yolo_zynq/rtl/yolo_addrgen.v:184]
INFO: [Synth 8-5844] Detected registers with asynchronous reset at DSP/BRAM block boundary. Consider using synchronous reset for optimal packing [E:/competition/2_fpga/3_yolo_zynq/rtl/yolo_addrgen.v:165]
INFO: [Synth 8-5844] Detected registers with asynchronous reset at DSP/BRAM block boundary. Consider using synchronous reset for optimal packing [E:/competition/2_fpga/3_yolo_zynq/rtl/yolo_addrgen.v:266]
INFO: [Synth 8-5844] Detected registers with asynchronous reset at DSP/BRAM block boundary. Consider using synchronous reset for optimal packing [E:/competition/2_fpga/3_yolo_zynq/rtl/yolo_addrgen.v:184]
INFO: [Synth 8-5844] Detected registers with asynchronous reset at DSP/BRAM block boundary. Consider using synchronous reset for optimal packing [E:/competition/2_fpga/3_yolo_zynq/rtl/yolo_addrgen.v:220]
INFO: [Synth 8-5844] Detected registers with asynchronous reset at DSP/BRAM block boundary. Consider using synchronous reset for optimal packing [E:/competition/2_fpga/3_yolo_zynq/rtl/yolo_addrgen.v:184]
INFO: [Synth 8-5844] Detected registers with asynchronous reset at DSP/BRAM block boundary. Consider using synchronous reset for optimal packing [E:/competition/2_fpga/3_yolo_zynq/rtl/yolo_addrgen.v:265]
INFO: [Synth 8-5844] Detected registers with asynchronous reset at DSP/BRAM block boundary. Consider using synchronous reset for optimal packing [E:/competition/2_fpga/3_yolo_zynq/rtl/yolo_addrgen.v:192]
INFO: [Synth 8-5844] Detected registers with asynchronous reset at DSP/BRAM block boundary. Consider using synchronous reset for optimal packing [E:/competition/2_fpga/3_yolo_zynq/rtl/yolo_addrgen.v:184]
INFO: [Synth 8-5844] Detected registers with asynchronous reset at DSP/BRAM block boundary. Consider using synchronous reset for optimal packing [E:/competition/2_fpga/3_yolo_zynq/rtl/yolo_ctrl.v:221]
INFO: [Synth 8-5844] Detected registers with asynchronous reset at DSP/BRAM block boundary. Consider using synchronous reset for optimal packing [E:/competition/2_fpga/3_yolo_zynq/rtl/yolo_ctrl.v:222]
INFO: [Synth 8-5844] Detected registers with asynchronous reset at DSP/BRAM block boundary. Consider using synchronous reset for optimal packing [E:/competition/2_fpga/3_yolo_zynq/rtl/yolo_gemm_array.v:372]
INFO: [Synth 8-5844] Detected registers with asynchronous reset at DSP/BRAM block boundary. Consider using synchronous reset for optimal packing [E:/competition/2_fpga/3_yolo_zynq/rtl/yolo_gemm_array.v:382]
INFO: [Synth 8-5844] Detected registers with asynchronous reset at DSP/BRAM block boundary. Consider using synchronous reset for optimal packing [E:/competition/2_fpga/3_yolo_zynq/rtl/yolo_gemm_array.v:1068]
INFO: [Synth 8-5844] Detected registers with asynchronous reset at DSP/BRAM block boundary. Consider using synchronous reset for optimal packing [E:/competition/2_fpga/3_yolo_zynq/rtl/yolo_gemm_array.v:394]
---------------------------------------------------------------------------------
Finished Technology Mapping : Time (s): cpu = 00:00:32 ; elapsed = 00:00:47 . Memory (MB): peak = 1984.785 ; gain = 0.000
---------------------------------------------------------------------------------
---------------------------------------------------------------------------------
Start IO Insertion
---------------------------------------------------------------------------------
---------------------------------------------------------------------------------
Start Flattening Before IO Insertion
---------------------------------------------------------------------------------
---------------------------------------------------------------------------------
Finished Flattening Before IO Insertion
---------------------------------------------------------------------------------
---------------------------------------------------------------------------------
Start Final Netlist Cleanup
---------------------------------------------------------------------------------
---------------------------------------------------------------------------------
Finished Final Netlist Cleanup
---------------------------------------------------------------------------------
---------------------------------------------------------------------------------
Finished IO Insertion : Time (s): cpu = 00:00:37 ; elapsed = 00:00:51 . Memory (MB): peak = 2159.637 ; gain = 174.852
---------------------------------------------------------------------------------
---------------------------------------------------------------------------------
Start Renaming Generated Instances
---------------------------------------------------------------------------------
---------------------------------------------------------------------------------
Finished Renaming Generated Instances : Time (s): cpu = 00:00:37 ; elapsed = 00:00:52 . Memory (MB): peak = 2159.637 ; gain = 174.852
---------------------------------------------------------------------------------
---------------------------------------------------------------------------------
Start Rebuilding User Hierarchy
---------------------------------------------------------------------------------
---------------------------------------------------------------------------------
Finished Rebuilding User Hierarchy : Time (s): cpu = 00:00:38 ; elapsed = 00:00:53 . Memory (MB): peak = 2167.348 ; gain = 182.562
---------------------------------------------------------------------------------
---------------------------------------------------------------------------------
Start Renaming Generated Ports
---------------------------------------------------------------------------------
---------------------------------------------------------------------------------
Finished Renaming Generated Ports : Time (s): cpu = 00:00:38 ; elapsed = 00:00:53 . Memory (MB): peak = 2167.348 ; gain = 182.562
---------------------------------------------------------------------------------
---------------------------------------------------------------------------------
Start Handling Custom Attributes
---------------------------------------------------------------------------------
---------------------------------------------------------------------------------
Finished Handling Custom Attributes : Time (s): cpu = 00:00:38 ; elapsed = 00:00:53 . Memory (MB): peak = 2167.348 ; gain = 182.562
---------------------------------------------------------------------------------
---------------------------------------------------------------------------------
Start Renaming Generated Nets
---------------------------------------------------------------------------------
---------------------------------------------------------------------------------
Finished Renaming Generated Nets : Time (s): cpu = 00:00:38 ; elapsed = 00:00:53 . Memory (MB): peak = 2167.348 ; gain = 182.562
---------------------------------------------------------------------------------
---------------------------------------------------------------------------------
Start Writing Synthesis Report
---------------------------------------------------------------------------------

DSP Final Report (the ' indicates corresponding REG is set)
+---------------------+---------------+--------+--------+--------+--------+--------+------+------+------+------+-------+------+------+
|Module Name          | DSP Mapping   | A Size | B Size | C Size | D Size | P Size | AREG | BREG | CREG | DREG | ADREG | MREG | PREG | 
+---------------------+---------------+--------+--------+--------+--------+--------+------+------+------+------+-------+------+------+
|yolo_gemm_array      | A*B           | 16     | 16     | -      | -      | 32     | 0    | 0    | -    | -    | -     | 0    | 0    | 
|yolo_gemm_array__GB5 | (PCIN+A:B+C)' | 0      | 16     | -      | -      | 32     | 0    | 0    | -    | -    | -     | 0    | 1    | 
|yolo_pe_pack         | ((A'*B')')'   | 25     | 18     | -      | -      | 34     | 1    | 1    | -    | -    | -     | 1    | 1    | 
|yolo_pe_pack_31      | ((A'*B')')'   | 25     | 18     | -      | -      | 34     | 1    | 1    | -    | -    | -     | 1    | 1    | 
|yolo_pe_pack_32      | ((A'*B')')'   | 25     | 18     | -      | -      | 34     | 1    | 1    | -    | -    | -     | 1    | 1    | 
|yolo_pe_pack_33      | ((A'*B')')'   | 25     | 18     | -      | -      | 34     | 1    | 1    | -    | -    | -     | 1    | 1    | 
|yolo_pe_pack_34      | ((A'*B')')'   | 25     | 18     | -      | -      | 34     | 1    | 1    | -    | -    | -     | 1    | 1    | 
|yolo_pe_pack_35      | ((A'*B')')'   | 25     | 18     | -      | -      | 34     | 1    | 1    | -    | -    | -     | 1    | 1    | 
|yolo_pe_pack_36      | ((A'*B')')'   | 25     | 18     | -      | -      | 34     | 1    | 1    | -    | -    | -     | 1    | 1    | 
|yolo_pe_pack_37      | ((A'*B')')'   | 25     | 18     | -      | -      | 34     | 1    | 1    | -    | -    | -     | 1    | 1    | 
|yolo_pe_pack_38      | ((A'*B')')'   | 25     | 18     | -      | -      | 34     | 1    | 1    | -    | -    | -     | 1    | 1    | 
|yolo_pe_pack_39      | ((A'*B')')'   | 25     | 18     | -      | -      | 34     | 1    | 1    | -    | -    | -     | 1    | 1    | 
|yolo_pe_pack_40      | ((A'*B')')'   | 25     | 18     | -      | -      | 34     | 1    | 1    | -    | -    | -     | 1    | 1    | 
|yolo_pe_pack_41      | ((A'*B')')'   | 25     | 18     | -      | -      | 34     | 1    | 1    | -    | -    | -     | 1    | 1    | 
|yolo_pe_pack_42      | ((A'*B')')'   | 25     | 18     | -      | -      | 34     | 1    | 1    | -    | -    | -     | 1    | 1    | 
|yolo_pe_pack_43      | ((A'*B')')'   | 25     | 18     | -      | -      | 34     | 1    | 1    | -    | -    | -     | 1    | 1    | 
|yolo_pe_pack_44      | ((A'*B')')'   | 25     | 18     | -      | -      | 34     | 1    | 1    | -    | -    | -     | 1    | 1    | 
|yolo_pe_pack_45      | ((A'*B')')'   | 25     | 18     | -      | -      | 34     | 1    | 1    | -    | -    | -     | 1    | 1    | 
|yolo_pe_pack_46      | ((A'*B')')'   | 25     | 18     | -      | -      | 34     | 1    | 1    | -    | -    | -     | 1    | 1    | 
|yolo_pe_pack_47      | ((A'*B')')'   | 25     | 18     | -      | -      | 34     | 1    | 1    | -    | -    | -     | 1    | 1    | 
|yolo_pe_pack_48      | ((A'*B')')'   | 25     | 18     | -      | -      | 34     | 1    | 1    | -    | -    | -     | 1    | 1    | 
|yolo_pe_pack_49      | ((A'*B')')'   | 25     | 18     | -      | -      | 34     | 1    | 1    | -    | -    | -     | 1    | 1    | 
|yolo_pe_pack_50      | ((A'*B')')'   | 25     | 18     | -      | -      | 34     | 1    | 1    | -    | -    | -     | 1    | 1    | 
|yolo_pe_pack_51      | ((A'*B')')'   | 25     | 18     | -      | -      | 34     | 1    | 1    | -    | -    | -     | 1    | 1    | 
|yolo_pe_pack_52      | ((A'*B')')'   | 25     | 18     | -      | -      | 34     | 1    | 1    | -    | -    | -     | 1    | 1    | 
|yolo_pe_pack_53      | ((A'*B')')'   | 25     | 18     | -      | -      | 34     | 1    | 1    | -    | -    | -     | 1    | 1    | 
|yolo_pe_pack_54      | ((A'*B')')'   | 25     | 18     | -      | -      | 34     | 1    | 1    | -    | -    | -     | 1    | 1    | 
|yolo_pe_pack_55      | ((A'*B')')'   | 25     | 18     | -      | -      | 34     | 1    | 1    | -    | -    | -     | 1    | 1    | 
|yolo_pe_pack_56      | ((A'*B')')'   | 25     | 18     | -      | -      | 34     | 1    | 1    | -    | -    | -     | 1    | 1    | 
|yolo_pe_pack_57      | ((A'*B')')'   | 25     | 18     | -      | -      | 34     | 1    | 1    | -    | -    | -     | 1    | 1    | 
|yolo_pe_pack_58      | ((A'*B')')'   | 25     | 18     | -      | -      | 34     | 1    | 1    | -    | -    | -     | 1    | 1    | 
|yolo_pe_pack_59      | ((A'*B')')'   | 25     | 18     | -      | -      | 34     | 1    | 1    | -    | -    | -     | 1    | 1    | 
|yolo_pe_pack_60      | ((A'*B')')'   | 25     | 18     | -      | -      | 34     | 1    | 1    | -    | -    | -     | 1    | 1    | 
|yolo_pe_pack_61      | ((A'*B')')'   | 25     | 18     | -      | -      | 34     | 1    | 1    | -    | -    | -     | 1    | 1    | 
|yolo_pe_pack_62      | ((A'*B')')'   | 25     | 18     | -      | -      | 34     | 1    | 1    | -    | -    | -     | 1    | 1    | 
|yolo_pe_pack_63      | ((A'*B')')'   | 25     | 18     | -      | -      | 34     | 1    | 1    | -    | -    | -     | 1    | 1    | 
|yolo_pe_pack_64      | ((A'*B')')'   | 25     | 18     | -      | -      | 34     | 1    | 1    | -    | -    | -     | 1    | 1    | 
|yolo_pe_pack_65      | ((A'*B')')'   | 25     | 18     | -      | -      | 34     | 1    | 1    | -    | -    | -     | 1    | 1    | 
|yolo_pe_pack_66      | ((A'*B')')'   | 25     | 18     | -      | -      | 34     | 1    | 1    | -    | -    | -     | 1    | 1    | 
|yolo_pe_pack_67      | ((A'*B')')'   | 25     | 18     | -      | -      | 34     | 1    | 1    | -    | -    | -     | 1    | 1    | 
|yolo_pe_pack_68      | ((A'*B')')'   | 25     | 18     | -      | -      | 34     | 1    | 1    | -    | -    | -     | 1    | 1    | 
|yolo_pe_pack_69      | ((A'*B')')'   | 25     | 18     | -      | -      | 34     | 1    | 1    | -    | -    | -     | 1    | 1    | 
|yolo_pe_pack_70      | ((A'*B')')'   | 25     | 18     | -      | -      | 34     | 1    | 1    | -    | -    | -     | 1    | 1    | 
|yolo_pe_pack_71      | ((A'*B')')'   | 25     | 18     | -      | -      | 34     | 1    | 1    | -    | -    | -     | 1    | 1    | 
|yolo_pe_pack_72      | ((A'*B')')'   | 25     | 18     | -      | -      | 34     | 1    | 1    | -    | -    | -     | 1    | 1    | 
|yolo_pe_pack_73      | ((A'*B')')'   | 25     | 18     | -      | -      | 34     | 1    | 1    | -    | -    | -     | 1    | 1    | 
|yolo_pe_pack_74      | ((A'*B')')'   | 25     | 18     | -      | -      | 34     | 1    | 1    | -    | -    | -     | 1    | 1    | 
|yolo_pe_pack_75      | ((A'*B')')'   | 25     | 18     | -      | -      | 34     | 1    | 1    | -    | -    | -     | 1    | 1    | 
|yolo_pe_pack_76      | ((A'*B')')'   | 25     | 18     | -      | -      | 34     | 1    | 1    | -    | -    | -     | 1    | 1    | 
|yolo_pe_pack_77      | ((A'*B')')'   | 25     | 18     | -      | -      | 34     | 1    | 1    | -    | -    | -     | 1    | 1    | 
|yolo_pe_pack_78      | ((A'*B')')'   | 25     | 18     | -      | -      | 34     | 1    | 1    | -    | -    | -     | 1    | 1    | 
|yolo_pe_pack_79      | ((A'*B')')'   | 25     | 18     | -      | -      | 34     | 1    | 1    | -    | -    | -     | 1    | 1    | 
|yolo_pe_pack_80      | ((A'*B')')'   | 25     | 18     | -      | -      | 34     | 1    | 1    | -    | -    | -     | 1    | 1    | 
|yolo_pe_pack_81      | ((A'*B')')'   | 25     | 18     | -      | -      | 34     | 1    | 1    | -    | -    | -     | 1    | 1    | 
|yolo_pe_pack_82      | ((A'*B')')'   | 25     | 18     | -      | -      | 34     | 1    | 1    | -    | -    | -     | 1    | 1    | 
|yolo_pe_pack_83      | ((A'*B')')'   | 25     | 18     | -      | -      | 34     | 1    | 1    | -    | -    | -     | 1    | 1    | 
|yolo_pe_pack_84      | ((A'*B')')'   | 25     | 18     | -      | -      | 34     | 1    | 1    | -    | -    | -     | 1    | 1    | 
|yolo_pe_pack_85      | ((A'*B')')'   | 25     | 18     | -      | -      | 34     | 1    | 1    | -    | -    | -     | 1    | 1    | 
|yolo_pe_pack_86      | ((A'*B')')'   | 25     | 18     | -      | -      | 34     | 1    | 1    | -    | -    | -     | 1    | 1    | 
|yolo_pe_pack_87      | ((A'*B')')'   | 25     | 18     | -      | -      | 34     | 1    | 1    | -    | -    | -     | 1    | 1    | 
|yolo_pe_pack_88      | ((A'*B')')'   | 25     | 18     | -      | -      | 34     | 1    | 1    | -    | -    | -     | 1    | 1    | 
|yolo_pe_pack_89      | ((A'*B')')'   | 25     | 18     | -      | -      | 34     | 1    | 1    | -    | -    | -     | 1    | 1    | 
|yolo_pe_pack_90      | ((A'*B')')'   | 25     | 18     | -      | -      | 34     | 1    | 1    | -    | -    | -     | 1    | 1    | 
|yolo_pe_pack_91      | ((A'*B')')'   | 25     | 18     | -      | -      | 34     | 1    | 1    | -    | -    | -     | 1    | 1    | 
|yolo_pe_pack_92      | ((A'*B')')'   | 25     | 18     | -      | -      | 34     | 1    | 1    | -    | -    | -     | 1    | 1    | 
|yolo_pe_pack_93      | ((A'*B')')'   | 25     | 18     | -      | -      | 34     | 1    | 1    | -    | -    | -     | 1    | 1    | 
|yolo_pe_pack_94      | ((A'*B')')'   | 25     | 18     | -      | -      | 34     | 1    | 1    | -    | -    | -     | 1    | 1    | 
|yolo_pe_pack_95      | ((A'*B')')'   | 25     | 18     | -      | -      | 34     | 1    | 1    | -    | -    | -     | 1    | 1    | 
|yolo_pe_pack_96      | ((A'*B')')'   | 25     | 18     | -      | -      | 34     | 1    | 1    | -    | -    | -     | 1    | 1    | 
|yolo_pe_pack_97      | ((A'*B')')'   | 25     | 18     | -      | -      | 34     | 1    | 1    | -    | -    | -     | 1    | 1    | 
|yolo_pe_pack_98      | ((A'*B')')'   | 25     | 18     | -      | -      | 34     | 1    | 1    | -    | -    | -     | 1    | 1    | 
|yolo_pe_pack_99      | ((A'*B')')'   | 25     | 18     | -      | -      | 34     | 1    | 1    | -    | -    | -     | 1    | 1    | 
|yolo_pe_pack_100     | ((A'*B')')'   | 25     | 18     | -      | -      | 34     | 1    | 1    | -    | -    | -     | 1    | 1    | 
|yolo_pe_pack_101     | ((A'*B')')'   | 25     | 18     | -      | -      | 34     | 1    | 1    | -    | -    | -     | 1    | 1    | 
|yolo_pe_pack_102     | ((A'*B')')'   | 25     | 18     | -      | -      | 34     | 1    | 1    | -    | -    | -     | 1    | 1    | 
|yolo_pe_pack_103     | ((A'*B')')'   | 25     | 18     | -      | -      | 34     | 1    | 1    | -    | -    | -     | 1    | 1    | 
|yolo_pe_pack_104     | ((A'*B')')'   | 25     | 18     | -      | -      | 34     | 1    | 1    | -    | -    | -     | 1    | 1    | 
|yolo_pe_pack_105     | ((A'*B')')'   | 25     | 18     | -      | -      | 34     | 1    | 1    | -    | -    | -     | 1    | 1    | 
|yolo_pe_pack_106     | ((A'*B')')'   | 25     | 18     | -      | -      | 34     | 1    | 1    | -    | -    | -     | 1    | 1    | 
|yolo_pe_pack_107     | ((A'*B')')'   | 25     | 18     | -      | -      | 34     | 1    | 1    | -    | -    | -     | 1    | 1    | 
|yolo_pe_pack_108     | ((A'*B')')'   | 25     | 18     | -      | -      | 34     | 1    | 1    | -    | -    | -     | 1    | 1    | 
|yolo_pe_pack_109     | ((A'*B')')'   | 25     | 18     | -      | -      | 34     | 1    | 1    | -    | -    | -     | 1    | 1    | 
|yolo_pe_pack_110     | ((A'*B')')'   | 25     | 18     | -      | -      | 34     | 1    | 1    | -    | -    | -     | 1    | 1    | 
|yolo_pe_pack_111     | ((A'*B')')'   | 25     | 18     | -      | -      | 34     | 1    | 1    | -    | -    | -     | 1    | 1    | 
|yolo_pe_pack_112     | ((A'*B')')'   | 25     | 18     | -      | -      | 34     | 1    | 1    | -    | -    | -     | 1    | 1    | 
|yolo_pe_pack_113     | ((A'*B')')'   | 25     | 18     | -      | -      | 34     | 1    | 1    | -    | -    | -     | 1    | 1    | 
|yolo_pe_pack_114     | ((A'*B')')'   | 25     | 18     | -      | -      | 34     | 1    | 1    | -    | -    | -     | 1    | 1    | 
|yolo_pe_pack_115     | ((A'*B')')'   | 25     | 18     | -      | -      | 34     | 1    | 1    | -    | -    | -     | 1    | 1    | 
|yolo_pe_pack_116     | ((A'*B')')'   | 25     | 18     | -      | -      | 34     | 1    | 1    | -    | -    | -     | 1    | 1    | 
|yolo_pe_pack_117     | ((A'*B')')'   | 25     | 18     | -      | -      | 34     | 1    | 1    | -    | -    | -     | 1    | 1    | 
|yolo_pe_pack_118     | ((A'*B')')'   | 25     | 18     | -      | -      | 34     | 1    | 1    | -    | -    | -     | 1    | 1    | 
|yolo_pe_pack_119     | ((A'*B')')'   | 25     | 18     | -      | -      | 34     | 1    | 1    | -    | -    | -     | 1    | 1    | 
|yolo_pe_pack_120     | ((A'*B')')'   | 25     | 18     | -      | -      | 34     | 1    | 1    | -    | -    | -     | 1    | 1    | 
|yolo_pe_pack_121     | ((A'*B')')'   | 25     | 18     | -      | -      | 34     | 1    | 1    | -    | -    | -     | 1    | 1    | 
|yolo_pe_pack_122     | ((A'*B')')'   | 25     | 18     | -      | -      | 34     | 1    | 1    | -    | -    | -     | 1    | 1    | 
|yolo_pe_pack_123     | ((A'*B')')'   | 25     | 18     | -      | -      | 34     | 1    | 1    | -    | -    | -     | 1    | 1    | 
|yolo_pe_pack_124     | ((A'*B')')'   | 25     | 18     | -      | -      | 34     | 1    | 1    | -    | -    | -     | 1    | 1    | 
|yolo_pe_pack_125     | ((A'*B')')'   | 25     | 18     | -      | -      | 34     | 1    | 1    | -    | -    | -     | 1    | 1    | 
|yolo_pe_pack_126     | ((A'*B')')'   | 25     | 18     | -      | -      | 34     | 1    | 1    | -    | -    | -     | 1    | 1    | 
|yolo_pe_pack_127     | ((A'*B')')'   | 25     | 18     | -      | -      | 34     | 1    | 1    | -    | -    | -     | 1    | 1    | 
|yolo_pe_pack_128     | ((A'*B')')'   | 25     | 18     | -      | -      | 34     | 1    | 1    | -    | -    | -     | 1    | 1    | 
|yolo_pe_pack_129     | ((A'*B')')'   | 25     | 18     | -      | -      | 34     | 1    | 1    | -    | -    | -     | 1    | 1    | 
|yolo_pe_pack_130     | ((A'*B')')'   | 25     | 18     | -      | -      | 34     | 1    | 1    | -    | -    | -     | 1    | 1    | 
|yolo_pe_pack_131     | ((A'*B')')'   | 25     | 18     | -      | -      | 34     | 1    | 1    | -    | -    | -     | 1    | 1    | 
|yolo_pe_pack_132     | ((A'*B')')'   | 25     | 18     | -      | -      | 34     | 1    | 1    | -    | -    | -     | 1    | 1    | 
|yolo_pe_pack_133     | ((A'*B')')'   | 25     | 18     | -      | -      | 34     | 1    | 1    | -    | -    | -     | 1    | 1    | 
|yolo_pe_pack_134     | ((A'*B')')'   | 25     | 18     | -      | -      | 34     | 1    | 1    | -    | -    | -     | 1    | 1    | 
|yolo_pe_pack_135     | ((A'*B')')'   | 25     | 18     | -      | -      | 34     | 1    | 1    | -    | -    | -     | 1    | 1    | 
|yolo_pe_pack_136     | ((A'*B')')'   | 25     | 18     | -      | -      | 34     | 1    | 1    | -    | -    | -     | 1    | 1    | 
|yolo_pe_pack_137     | ((A'*B')')'   | 25     | 18     | -      | -      | 34     | 1    | 1    | -    | -    | -     | 1    | 1    | 
|yolo_pe_pack_138     | ((A'*B')')'   | 25     | 18     | -      | -      | 34     | 1    | 1    | -    | -    | -     | 1    | 1    | 
|yolo_pe_pack_139     | ((A'*B')')'   | 25     | 18     | -      | -      | 34     | 1    | 1    | -    | -    | -     | 1    | 1    | 
|yolo_pe_pack_140     | ((A'*B')')'   | 25     | 18     | -      | -      | 34     | 1    | 1    | -    | -    | -     | 1    | 1    | 
|yolo_pe_pack_141     | ((A'*B')')'   | 25     | 18     | -      | -      | 34     | 1    | 1    | -    | -    | -     | 1    | 1    | 
|yolo_pe_pack_142     | ((A'*B')')'   | 25     | 18     | -      | -      | 34     | 1    | 1    | -    | -    | -     | 1    | 1    | 
|yolo_pe_pack_143     | ((A'*B')')'   | 25     | 18     | -      | -      | 34     | 1    | 1    | -    | -    | -     | 1    | 1    | 
|yolo_pe_pack_144     | ((A'*B')')'   | 25     | 18     | -      | -      | 34     | 1    | 1    | -    | -    | -     | 1    | 1    | 
|yolo_pe_pack_145     | ((A'*B')')'   | 25     | 18     | -      | -      | 34     | 1    | 1    | -    | -    | -     | 1    | 1    | 
|yolo_pe_pack_146     | ((A'*B')')'   | 25     | 18     | -      | -      | 34     | 1    | 1    | -    | -    | -     | 1    | 1    | 
|yolo_pe_pack_147     | ((A'*B')')'   | 25     | 18     | -      | -      | 34     | 1    | 1    | -    | -    | -     | 1    | 1    | 
|yolo_pe_pack_148     | ((A'*B')')'   | 25     | 18     | -      | -      | 34     | 1    | 1    | -    | -    | -     | 1    | 1    | 
|yolo_pe_pack_149     | ((A'*B')')'   | 25     | 18     | -      | -      | 34     | 1    | 1    | -    | -    | -     | 1    | 1    | 
|yolo_pe_pack_150     | ((A'*B')')'   | 25     | 18     | -      | -      | 34     | 1    | 1    | -    | -    | -     | 1    | 1    | 
|yolo_pe_pack_151     | ((A'*B')')'   | 25     | 18     | -      | -      | 34     | 1    | 1    | -    | -    | -     | 1    | 1    | 
|yolo_pe_pack_152     | ((A'*B')')'   | 25     | 18     | -      | -      | 34     | 1    | 1    | -    | -    | -     | 1    | 1    | 
|yolo_pe_pack_153     | ((A'*B')')'   | 25     | 18     | -      | -      | 34     | 1    | 1    | -    | -    | -     | 1    | 1    | 
|yolo_pe_pack_154     | ((A'*B')')'   | 25     | 18     | -      | -      | 34     | 1    | 1    | -    | -    | -     | 1    | 1    | 
|yolo_pe_pack_155     | ((A'*B')')'   | 25     | 18     | -      | -      | 34     | 1    | 1    | -    | -    | -     | 1    | 1    | 
|yolo_pe_pack_156     | ((A'*B')')'   | 25     | 18     | -      | -      | 34     | 1    | 1    | -    | -    | -     | 1    | 1    | 
|yolo_pe_pack_157     | ((A'*B')')'   | 25     | 18     | -      | -      | 34     | 1    | 1    | -    | -    | -     | 1    | 1    | 
|yolo_addrgen         | A*B           | 16     | 8      | -      | -      | 24     | 0    | 0    | -    | -    | -     | 0    | 0    | 
|yolo_addrgen         | Dynamic       | -      | -      | -      | -      | 42     | -    | -    | -    | -    | -     | 0    | 0    | 
|yolo_addrgen         | A*B           | 16     | 8      | -      | -      | 24     | 0    | 0    | -    | -    | -     | 0    | 0    | 
|yolo_addrgen         | (D+A*B)'      | 30     | 16     | -      | 8      | 40     | 0    | 0    | -    | 0    | 0     | 0    | 1    | 
|yolo_addrgen         | (A*B)'        | 16     | 8      | -      | -      | 24     | 0    | 0    | -    | -    | -     | 0    | 1    | 
|yolo_addrgen         | (A*B)'        | 16     | 16     | -      | -      | 32     | 0    | 0    | -    | -    | -     | 0    | 1    | 
|yolo_ctrl            | (C+A*B)'      | 12     | 12     | 48     | -      | 12     | 0    | 0    | 0    | -    | -     | 0    | 1    | 
|yolo_requant         | A*B           | 17     | 18     | -      | -      | 48     | 0    | 0    | -    | -    | -     | 0    | 0    | 
|yolo_requant         | PCIN>>17+A*B  | 30     | 18     | -      | -      | 30     | 0    | 0    | -    | -    | -     | 0    | 0    | 
|yolo_requant         | A*B           | 17     | 17     | -      | -      | 48     | 0    | 0    | -    | -    | -     | 0    | 0    | 
|yolo_requant         | PCIN>>17+A*B  | 0      | 18     | -      | -      | 47     | 0    | 0    | -    | -    | -     | 0    | 0    | 
+---------------------+---------------+--------+--------+--------+--------+--------+------+------+------+------+-------+------+------+


Report BlackBoxes: 
+------+--------------+----------+
|      |BlackBox name |Instances |
+------+--------------+----------+
|1     |yolo_xbuf_bmg |         2|
+------+--------------+----------+

Report Cell Usage: 
+------+--------------+------+
|      |Cell          |Count |
+------+--------------+------+
|1     |yolo_xbuf_bmg |     2|
|3     |CARRY4        |  3409|
|4     |DSP48E1       |   141|
|12    |LUT1          |   215|
|13    |LUT2          | 18507|
|14    |LUT3          |   549|
|15    |LUT4          |  1488|
|16    |LUT5          |  1471|
|17    |LUT6          |  4039|
|18    |MUXF7         |  1538|
|19    |MUXF8         |   754|
|20    |RAM32M        |    22|
|21    |RAM32X1D      |    12|
|22    |RAM64M        |    96|
|23    |SRL16E        |    45|
|24    |FDCE          | 15056|
|25    |FDPE          |     1|
|26    |FDRE          |   173|
+------+--------------+------+
---------------------------------------------------------------------------------
Finished Writing Synthesis Report : Time (s): cpu = 00:00:38 ; elapsed = 00:00:53 . Memory (MB): peak = 2167.348 ; gain = 182.562
---------------------------------------------------------------------------------
Synthesis finished with 0 errors, 0 critical warnings and 19 warnings.
Synthesis Optimization Runtime : Time (s): cpu = 00:00:30 ; elapsed = 00:00:50 . Memory (MB): peak = 2167.348 ; gain = 182.562
Synthesis Optimization Complete : Time (s): cpu = 00:00:39 ; elapsed = 00:00:54 . Memory (MB): peak = 2167.348 ; gain = 182.562
INFO: [Project 1-571] Translating synthesized netlist
INFO: [Project 1-454] Reading design checkpoint 'e:/competition/2_fpga/3_yolo_zynq/ip/yolo_xbuf_bmg/yolo_xbuf_bmg.dcp' for cell 'u_array/u_xbuf/u_bank0'
Netlist sorting complete. Time (s): cpu = 00:00:01 ; elapsed = 00:00:00.326 . Memory (MB): peak = 2210.875 ; gain = 0.000
INFO: [Netlist 29-17] Analyzing 5992 Unisim elements for replacement
INFO: [Netlist 29-28] Unisim Transformation completed in 0 CPU seconds
INFO: [Project 1-479] Netlist was created with Vivado 2025.2
INFO: [Project 1-570] Preparing netlist for logic optimization
INFO: [Project 1-538] Using original IP XDC constraints instead of the XDC constraints in dcp 'e:/competition/2_fpga/3_yolo_zynq/ip/yolo_xbuf_bmg/yolo_xbuf_bmg.dcp'
INFO: [Project 1-538] Using original IP XDC constraints instead of the XDC constraints in dcp 'e:/competition/2_fpga/3_yolo_zynq/ip/yolo_xbuf_bmg/yolo_xbuf_bmg.dcp'
INFO: [Opt 31-138] Pushed 0 inverter(s) to 0 load pin(s).
Netlist sorting complete. Time (s): cpu = 00:00:00 ; elapsed = 00:00:00.009 . Memory (MB): peak = 2219.191 ; gain = 0.000
INFO: [Project 1-111] Unisim Transformation Summary:
  A total of 130 instances were transformed.
  RAM32M => RAM32M (RAMD32(x6), RAMS32(x2)): 22 instances
  RAM32X1D => RAM32X1D (RAMD32(x2)): 12 instances
  RAM64M => RAM64M (RAMD64E(x4)): 96 instances

Synth Design complete | Checksum: 7156af45
INFO: [Common 17-83] Releasing license: Synthesis
303 Infos, 115 Warnings, 0 Critical Warnings and 0 Errors encountered.
synth_design completed successfully
synth_design: Time (s): cpu = 00:00:45 ; elapsed = 00:01:01 . Memory (MB): peak = 2219.191 ; gain = 234.406
# create_clock -period 6.667 -name clk_i [get_ports clk_i]
# opt_design
Command: opt_design
Attempting to get a license for feature 'Implementation' and/or device 'xc7z020'
INFO: [Common 17-349] Got license for feature 'Implementation' and/or device 'xc7z020'
Running DRC as a precondition to command opt_design

Starting DRC Task
INFO: [DRC 23-27] Running DRC with 2 threads
WARNING: [DRC 23-814] Not all possible (connectivity based) DRCs may have been run because this design is seen as Out of Context.
INFO: [Project 1-461] DRC finished with 0 Errors
INFO: [Project 1-462] Please refer to the DRC report (report_drc) for more information.

Time (s): cpu = 00:00:00 ; elapsed = 00:00:00.354 . Memory (MB): peak = 2219.191 ; gain = 0.000

Starting Cache Timing Information Task
INFO: [Timing 38-35] Done setting XDC timing constraints.
Ending Cache Timing Information Task | Checksum: 11f6d3c18

Time (s): cpu = 00:00:05 ; elapsed = 00:00:04 . Memory (MB): peak = 2219.191 ; gain = 0.000

Starting Logic Optimization Task

Phase 1 Initialization

Phase 1.1 Core Generation And Design Setup
Phase 1.1 Core Generation And Design Setup | Checksum: 11f6d3c18

Time (s): cpu = 00:00:00 ; elapsed = 00:00:00.018 . Memory (MB): peak = 2285.500 ; gain = 0.000

Phase 1.2 Setup Constraints And Sort Netlist
Phase 1.2 Setup Constraints And Sort Netlist | Checksum: 11f6d3c18

Time (s): cpu = 00:00:00 ; elapsed = 00:00:00.034 . Memory (MB): peak = 2285.500 ; gain = 0.000
Phase 1 Initialization | Checksum: 11f6d3c18

Time (s): cpu = 00:00:00 ; elapsed = 00:00:00.036 . Memory (MB): peak = 2285.500 ; gain = 0.000

Phase 2 Timer Update And Timing Data Collection

Phase 2.1 Detect if minReqCache needed
Phase 2.1 Detect if minReqCache needed | Checksum: 11f6d3c18

Time (s): cpu = 00:00:00 ; elapsed = 00:00:00.114 . Memory (MB): peak = 2285.602 ; gain = 0.102

Phase 2.2 Timer Update
Phase 2.2 Timer Update | Checksum: 11f6d3c18

Time (s): cpu = 00:00:00 ; elapsed = 00:00:00.151 . Memory (MB): peak = 2285.602 ; gain = 0.102
Phase 2 Timer Update And Timing Data Collection | Checksum: 11f6d3c18

Time (s): cpu = 00:00:00 ; elapsed = 00:00:00.156 . Memory (MB): peak = 2285.602 ; gain = 0.102

Phase 3 Retarget
INFO: [Opt 31-1851] Number of loadless carry chains removed were: 0
INFO: [Opt 31-1834] Total Chains To Be Transformed Were: 0 AND Number of Transformed insts Created are: 0
INFO: [Opt 31-1566] Pulled 1 inverters resulting in an inversion of 66 pins
INFO: [Opt 31-138] Pushed 0 inverter(s) to 0 load pin(s).
INFO: [Opt 31-49] Retargeted 0 cell(s).
Phase 3 Retarget | Checksum: 13cb8cce1

Time (s): cpu = 00:00:01 ; elapsed = 00:00:00.618 . Memory (MB): peak = 2285.602 ; gain = 0.102
Retarget | Checksum: 13cb8cce1
INFO: [Opt 31-389] Phase Retarget created 128 cells and removed 129 cells

Phase 4 Constant propagation
INFO: [Opt 31-138] Pushed 0 inverter(s) to 0 load pin(s).
Phase 4 Constant propagation | Checksum: 1cae13789

Time (s): cpu = 00:00:01 ; elapsed = 00:00:00.900 . Memory (MB): peak = 2285.602 ; gain = 0.102
Constant propagation | Checksum: 1cae13789
INFO: [Opt 31-389] Phase Constant propagation created 0 cells and removed 0 cells

Phase 5 Sweep
INFO: [Constraints 18-11670] Building netlist checker database with flags, 0x8
Done building netlist checker database: Time (s): cpu = 00:00:00 ; elapsed = 00:00:00.010 . Memory (MB): peak = 2285.602 ; gain = 0.000
INFO: [Constraints 18-11670] Building netlist checker database with flags, 0x8
Done building netlist checker database: Time (s): cpu = 00:00:00 ; elapsed = 00:00:00.008 . Memory (MB): peak = 2285.602 ; gain = 0.000
Phase 5 Sweep | Checksum: 14595b86a

Time (s): cpu = 00:00:01 ; elapsed = 00:00:01 . Memory (MB): peak = 2285.602 ; gain = 0.102
Sweep | Checksum: 14595b86a
INFO: [Opt 31-389] Phase Sweep created 0 cells and removed 0 cells

Phase 6 BUFG optimization
Phase 6 BUFG optimization | Checksum: 14595b86a

Time (s): cpu = 00:00:01 ; elapsed = 00:00:01 . Memory (MB): peak = 2285.602 ; gain = 0.102
BUFG optimization | Checksum: 14595b86a
INFO: [Opt 31-662] Phase BUFG optimization created 0 cells of which 0 are BUFGs and removed 0 cells.

Phase 7 Shift Register Optimization
INFO: [Opt 31-1064] SRL Remap converted 0 SRLs to 0 registers and converted 0 registers of register chains to 0 SRLs
Phase 7 Shift Register Optimization | Checksum: 14595b86a

Time (s): cpu = 00:00:01 ; elapsed = 00:00:02 . Memory (MB): peak = 2285.602 ; gain = 0.102
Shift Register Optimization | Checksum: 14595b86a
INFO: [Opt 31-389] Phase Shift Register Optimization created 0 cells and removed 0 cells

Phase 8 Post Processing Netlist
Phase 8 Post Processing Netlist | Checksum: 14595b86a

Time (s): cpu = 00:00:02 ; elapsed = 00:00:02 . Memory (MB): peak = 2285.602 ; gain = 0.102
Post Processing Netlist | Checksum: 14595b86a
INFO: [Opt 31-389] Phase Post Processing Netlist created 0 cells and removed 0 cells

Phase 9 Finalization

Phase 9.1 Finalizing Design Cores and Updating Shapes
Phase 9.1 Finalizing Design Cores and Updating Shapes | Checksum: 176b484ca

Time (s): cpu = 00:00:02 ; elapsed = 00:00:02 . Memory (MB): peak = 2285.602 ; gain = 0.102

Phase 9.2 Verifying Netlist Connectivity

Starting Connectivity Check Task

Time (s): cpu = 00:00:00 ; elapsed = 00:00:00.046 . Memory (MB): peak = 2285.602 ; gain = 0.000
Phase 9.2 Verifying Netlist Connectivity | Checksum: 176b484ca

Time (s): cpu = 00:00:02 ; elapsed = 00:00:02 . Memory (MB): peak = 2285.602 ; gain = 0.102
Phase 9 Finalization | Checksum: 176b484ca

Time (s): cpu = 00:00:02 ; elapsed = 00:00:02 . Memory (MB): peak = 2285.602 ; gain = 0.102
Opt_design Change Summary
=========================


-------------------------------------------------------------------------------------------------------------------------
|  Phase                        |  #Cells created  |  #Cells Removed  |  #Constrained objects preventing optimizations  |
-------------------------------------------------------------------------------------------------------------------------
|  Retarget                     |             128  |             129  |                                              0  |
|  Constant propagation         |               0  |               0  |                                              0  |
|  Sweep                        |               0  |               0  |                                              0  |
|  BUFG optimization            |               0  |               0  |                                              0  |
|  Shift Register Optimization  |               0  |               0  |                                              0  |
|  Post Processing Netlist      |               0  |               0  |                                              0  |
-------------------------------------------------------------------------------------------------------------------------


Ending Logic Optimization Task | Checksum: 176b484ca

Time (s): cpu = 00:00:02 ; elapsed = 00:00:02 . Memory (MB): peak = 2285.602 ; gain = 0.102

Starting Power Optimization Task
INFO: [Pwropt 34-132] Skipping clock gating for clocks with a period < 2.00 ns.
INFO: [Pwropt 34-9] Applying IDT optimizations ...
INFO: [Pwropt 34-10] Applying ODC optimizations ...
INFO: [Timing 38-35] Done setting XDC timing constraints.
Running Vector-less Activity Propagation...

Finished Running Vector-less Activity Propagation


Starting PowerOpt Patch Enables Task
INFO: [Pwropt 34-162] WRITE_MODE attribute of 0 BRAM(s) out of a total of 20 has been updated to save power. Run report_power_opt to get a complete listing of the BRAMs updated.
INFO: [Pwropt 34-201] Structural ODC has moved 0 WE to EN ports
Number of BRAM Ports augmented: 36 newly gated: 0 Total Ports: 40
Ending PowerOpt Patch Enables Task | Checksum: 1c4d66e74

Time (s): cpu = 00:00:00 ; elapsed = 00:00:00.152 . Memory (MB): peak = 2453.656 ; gain = 0.000
Ending Power Optimization Task | Checksum: 1c4d66e74

Time (s): cpu = 00:00:08 ; elapsed = 00:00:05 . Memory (MB): peak = 2453.656 ; gain = 168.055

Starting Final Cleanup Task
Ending Final Cleanup Task | Checksum: 1c4d66e74

Time (s): cpu = 00:00:00 ; elapsed = 00:00:00.002 . Memory (MB): peak = 2453.656 ; gain = 0.000
Netlist sorting complete. Time (s): cpu = 00:00:00 ; elapsed = 00:00:00.016 . Memory (MB): peak = 2453.656 ; gain = 0.000
INFO: [Common 17-83] Releasing license: Implementation
27 Infos, 1 Warnings, 0 Critical Warnings and 0 Errors encountered.
opt_design completed successfully
opt_design: Time (s): cpu = 00:00:17 ; elapsed = 00:00:14 . Memory (MB): peak = 2453.656 ; gain = 234.465
# place_design
Command: place_design
Attempting to get a license for feature 'Implementation' and/or device 'xc7z020'
INFO: [Common 17-349] Got license for feature 'Implementation' and/or device 'xc7z020'
INFO: [Common 17-83] Releasing license: Implementation
INFO: [DRC 23-27] Running DRC with 2 threads
WARNING: [DRC 23-814] Not all possible (connectivity based) DRCs may have been run because this design is seen as Out of Context.
INFO: [Vivado_Tcl 4-198] DRC finished with 0 Errors
INFO: [Vivado_Tcl 4-199] Please refer to the DRC report (report_drc) for more information.
INFO: [Timing 38-35] Done setting XDC timing constraints.
Running DRC as a precondition to command place_design
INFO: [DRC 23-27] Running DRC with 2 threads
WARNING: [DRC 23-814] Not all possible (connectivity based) DRCs may have been run because this design is seen as Out of Context.
INFO: [Vivado_Tcl 4-198] DRC finished with 0 Errors, 21 Warnings
INFO: [Vivado_Tcl 4-199] Please refer to the DRC report (report_drc) for more information.
INFO: [Place 30-611] Multithreading enabled for place_design using a maximum of 2 CPUs

Starting Placer Task

Phase 1 Placer Initialization

Phase 1.1 Placer Initialization Netlist Sorting
Netlist sorting complete. Time (s): cpu = 00:00:00 ; elapsed = 00:00:00.011 . Memory (MB): peak = 2453.656 ; gain = 0.000
Phase 1.1 Placer Initialization Netlist Sorting | Checksum: 120772ca7

Time (s): cpu = 00:00:00 ; elapsed = 00:00:00.014 . Memory (MB): peak = 2453.656 ; gain = 0.000
Netlist sorting complete. Time (s): cpu = 00:00:00 ; elapsed = 00:00:00.011 . Memory (MB): peak = 2453.656 ; gain = 0.000

Phase 1.2 IO Placement/ Clock Placement/ Build Placer Device
Phase 1.2 IO Placement/ Clock Placement/ Build Placer Device | Checksum: 9e7b6d41

Time (s): cpu = 00:00:02 ; elapsed = 00:00:01 . Memory (MB): peak = 2453.656 ; gain = 0.000

Phase 1.3 Build Placer Netlist Model
Phase 1.3 Build Placer Netlist Model | Checksum: cbd028af

Time (s): cpu = 00:00:10 ; elapsed = 00:00:06 . Memory (MB): peak = 2453.656 ; gain = 0.000

Phase 1.4 Constrain Clocks/Macros
Phase 1.4 Constrain Clocks/Macros | Checksum: cbd028af

Time (s): cpu = 00:00:10 ; elapsed = 00:00:07 . Memory (MB): peak = 2453.656 ; gain = 0.000
Phase 1 Placer Initialization | Checksum: cbd028af

Time (s): cpu = 00:00:10 ; elapsed = 00:00:07 . Memory (MB): peak = 2453.656 ; gain = 0.000

Phase 2 Global Placement

Phase 2.1 Floorplanning
Phase 2.1 Floorplanning | Checksum: 16dbd4249

Time (s): cpu = 00:00:16 ; elapsed = 00:00:10 . Memory (MB): peak = 2453.656 ; gain = 0.000

Phase 2.2 Update Timing before SLR Path Opt
Phase 2.2 Update Timing before SLR Path Opt | Checksum: e66874d8

Time (s): cpu = 00:00:22 ; elapsed = 00:00:13 . Memory (MB): peak = 2453.656 ; gain = 0.000

Phase 2.3 Post-Processing in Floorplanning
Phase 2.3 Post-Processing in Floorplanning | Checksum: 18968fff9

Time (s): cpu = 00:00:22 ; elapsed = 00:00:13 . Memory (MB): peak = 2453.656 ; gain = 0.000

Phase 2.4 Global Place Phase1
Phase 2.4 Global Place Phase1 | Checksum: 15db17dfb

Time (s): cpu = 00:00:51 ; elapsed = 00:00:30 . Memory (MB): peak = 2453.656 ; gain = 0.000

Phase 2.5 Global Place Phase2

Phase 2.5.1 UpdateTiming Before Physical Synthesis
Phase 2.5.1 UpdateTiming Before Physical Synthesis | Checksum: d3831247

Time (s): cpu = 00:00:54 ; elapsed = 00:00:32 . Memory (MB): peak = 2453.656 ; gain = 0.000

Phase 2.5.2 Physical Synthesis In Placer
INFO: [Physopt 32-1035] Found 91 LUTNM shape to break, 394 LUT instances to create LUTNM shape
INFO: [Physopt 32-1044] Break lutnm for timing: one critical 55, two critical 36, total 91, new lutff created 5
INFO: [Physopt 32-1138] End 1 Pass. Optimized 145 nets or LUTs. Breaked 91 LUTs, combined 54 existing LUTs and moved 0 existing LUT
INFO: [Physopt 32-65] No nets found for high-fanout optimization.
INFO: [Physopt 32-232] Optimized 0 net. Created 0 new instance.
INFO: [Physopt 32-775] End 1 Pass. Optimized 0 net or cell. Created 0 new cell, deleted 0 existing cell and moved 0 existing cell
INFO: [Physopt 32-76] Pass 1. Identified 3 candidate nets for fanout optimization.
INFO: [Physopt 32-81] Processed net u_array/u_ctrl/addrb[1]. Replicated 8 times.
INFO: [Physopt 32-81] Processed net u_array/u_ctrl/addrb[2]. Replicated 8 times.
INFO: [Physopt 32-81] Processed net u_array/u_ctrl/addrb[5]. Replicated 8 times.
INFO: [Physopt 32-232] Optimized 3 nets. Created 24 new instances.
INFO: [Physopt 32-775] End 1 Pass. Optimized 3 nets or cells. Created 24 new cells, deleted 0 existing cell and moved 0 existing cell
Netlist sorting complete. Time (s): cpu = 00:00:00 ; elapsed = 00:00:00.067 . Memory (MB): peak = 2453.656 ; gain = 0.000
INFO: [Physopt 32-46] Identified 19 candidate nets for critical-cell optimization.
INFO: [Physopt 32-232] Optimized 0 net. Created 0 new instance.
INFO: [Physopt 32-775] End 1 Pass. Optimized 0 net or cell. Created 0 new cell, deleted 0 existing cell and moved 0 existing cell
INFO: [Physopt 32-456] No candidate cells for DSP register optimization found in the design.
INFO: [Physopt 32-775] End 2 Pass. Optimized 0 net or cell. Created 0 new cell, deleted 0 existing cell and moved 0 existing cell
INFO: [Physopt 32-1123] No candidate cells found for Shift Register to Pipeline optimization
INFO: [Physopt 32-775] End 2 Pass. Optimized 0 net or cell. Created 0 new cell, deleted 0 existing cell and moved 0 existing cell
INFO: [Physopt 32-1401] No candidate cells found for Shift Register optimization.
INFO: [Physopt 32-677] No candidate cells for Shift Register optimization found in the design
INFO: [Physopt 32-775] End 1 Pass. Optimized 0 net or cell. Created 0 new cell, deleted 0 existing cell and moved 0 existing cell
INFO: [Physopt 32-526] No candidate cells for BRAM register optimization found in the design
INFO: [Physopt 32-775] End 1 Pass. Optimized 0 net or cell. Created 0 new cell, deleted 0 existing cell and moved 0 existing cell
INFO: [Physopt 32-846] No candidate cells for URAM register optimization found in the design
INFO: [Physopt 32-775] End 1 Pass. Optimized 0 net or cell. Created 0 new cell, deleted 0 existing cell and moved 0 existing cell
INFO: [Physopt 32-846] No candidate cells for URAM register optimization found in the design
INFO: [Physopt 32-775] End 1 Pass. Optimized 0 net or cell. Created 0 new cell, deleted 0 existing cell and moved 0 existing cell
INFO: [Physopt 32-949] No candidate nets found for dynamic/static region interface net replication
INFO: [Physopt 32-775] End 1 Pass. Optimized 0 net or cell. Created 0 new cell, deleted 0 existing cell and moved 0 existing cell
Netlist sorting complete. Time (s): cpu = 00:00:00 ; elapsed = 00:00:00.012 . Memory (MB): peak = 2453.656 ; gain = 0.000

Summary of Physical Synthesis Optimizations
============================================


-----------------------------------------------------------------------------------------------------------------------------------------------------------
|  Optimization                                     |  Added Cells  |  Removed Cells  |  Optimized Cells/Nets  |  Dont Touch  |  Iterations  |  Elapsed   |
-----------------------------------------------------------------------------------------------------------------------------------------------------------
|  LUT Combining                                    |           91  |             54  |                   145  |           0  |           1  |  00:00:00  |
|  Retime                                           |            0  |              0  |                     0  |           0  |           1  |  00:00:00  |
|  Very High Fanout                                 |            0  |              0  |                     0  |           0  |           1  |  00:00:00  |
|  Fanout                                           |           24  |              0  |                     3  |           0  |           1  |  00:00:00  |
|  Critical Cell                                    |            0  |              0  |                     0  |           0  |           1  |  00:00:00  |
|  DSP Register                                     |            0  |              0  |                     0  |           0  |           1  |  00:00:00  |
|  Shift Register to Pipeline                       |            0  |              0  |                     0  |           0  |           1  |  00:00:00  |
|  Shift Register                                   |            0  |              0  |                     0  |           0  |           1  |  00:00:00  |
|  BRAM Register                                    |            0  |              0  |                     0  |           0  |           1  |  00:00:00  |
|  URAM Register                                    |            0  |              0  |                     0  |           0  |           1  |  00:00:00  |
|  Dynamic/Static Region Interface Net Replication  |            0  |              0  |                     0  |           0  |           1  |  00:00:00  |
|  Total                                            |          115  |             54  |                   148  |           0  |          11  |  00:00:01  |
-----------------------------------------------------------------------------------------------------------------------------------------------------------


Phase 2.5.2 Physical Synthesis In Placer | Checksum: 1d6ac01a2

Time (s): cpu = 00:00:58 ; elapsed = 00:00:34 . Memory (MB): peak = 2453.656 ; gain = 0.000
Phase 2.5 Global Place Phase2 | Checksum: 217bca13a

Time (s): cpu = 00:00:59 ; elapsed = 00:00:35 . Memory (MB): peak = 2453.656 ; gain = 0.000
Phase 2 Global Placement | Checksum: 217bca13a

Time (s): cpu = 00:00:59 ; elapsed = 00:00:35 . Memory (MB): peak = 2453.656 ; gain = 0.000

Phase 3 Detail Placement

Phase 3.1 Commit Multi Column Macros
Phase 3.1 Commit Multi Column Macros | Checksum: 2d258b1f0

Time (s): cpu = 00:01:02 ; elapsed = 00:00:37 . Memory (MB): peak = 2453.656 ; gain = 0.000

Phase 3.2 Commit Most Macros & LUTRAMs
Phase 3.2 Commit Most Macros & LUTRAMs | Checksum: 21bde3277

Time (s): cpu = 00:01:08 ; elapsed = 00:00:40 . Memory (MB): peak = 2453.656 ; gain = 0.000

Phase 3.3 Area Swap Optimization
Phase 3.3 Area Swap Optimization | Checksum: 2183c4540

Time (s): cpu = 00:01:08 ; elapsed = 00:00:40 . Memory (MB): peak = 2453.656 ; gain = 0.000

Phase 3.4 Pipeline Register Optimization
Phase 3.4 Pipeline Register Optimization | Checksum: 2c290a994

Time (s): cpu = 00:01:08 ; elapsed = 00:00:41 . Memory (MB): peak = 2453.656 ; gain = 0.000

Phase 3.5 Fast Optimization
Phase 3.5 Fast Optimization | Checksum: 25a4a744f

Time (s): cpu = 00:01:15 ; elapsed = 00:00:45 . Memory (MB): peak = 2453.656 ; gain = 0.000

Phase 3.6 Small Shape Detail Placement
Phase 3.6 Small Shape Detail Placement | Checksum: 191b97689

Time (s): cpu = 00:01:21 ; elapsed = 00:00:50 . Memory (MB): peak = 2453.656 ; gain = 0.000

Phase 3.7 Re-assign LUT pins
Phase 3.7 Re-assign LUT pins | Checksum: 145b915a3

Time (s): cpu = 00:01:23 ; elapsed = 00:00:52 . Memory (MB): peak = 2453.656 ; gain = 0.000

Phase 3.8 Pipeline Register Optimization
Phase 3.8 Pipeline Register Optimization | Checksum: 256ead756

Time (s): cpu = 00:01:23 ; elapsed = 00:00:53 . Memory (MB): peak = 2453.656 ; gain = 0.000

Phase 3.9 Fast Optimization
Phase 3.9 Fast Optimization | Checksum: 23aa18fba

Time (s): cpu = 00:01:33 ; elapsed = 00:00:59 . Memory (MB): peak = 2453.656 ; gain = 0.000
Phase 3 Detail Placement | Checksum: 23aa18fba

Time (s): cpu = 00:01:33 ; elapsed = 00:00:59 . Memory (MB): peak = 2453.656 ; gain = 0.000

Phase 4 Post Placement Optimization and Clean-Up

Phase 4.1 Post Commit Optimization
INFO: [Timing 38-35] Done setting XDC timing constraints.

Phase 4.1.1 Post Placement Optimization
Post Placement Optimization Initialization | Checksum: 208725790

Phase 4.1.1.1 BUFG Insertion

Starting Physical Synthesis Task

Phase 1 Physical Synthesis Initialization
INFO: [Physopt 32-721] Multithreading enabled for phys_opt_design using a maximum of 2 CPUs
INFO: [Physopt 32-619] Estimated Timing Summary | WNS=-5.315 | TNS=-497.818 |
Phase 1 Physical Synthesis Initialization | Checksum: 1a638819b

Time (s): cpu = 00:00:01 ; elapsed = 00:00:00.318 . Memory (MB): peak = 2453.656 ; gain = 0.000
INFO: [Place 46-33] Processed net u_array/u_lut/rst_n_0, BUFG insertion was skipped due to placement/routing conflicts.
INFO: [Place 46-56] BUFG insertion identified 1 candidate nets. Inserted BUFG: 0, Replicated BUFG Driver: 0, Skipped due to Placement/Routing Conflicts: 1, Skipped due to Timing Degradation: 0, Skipped due to netlist editing failed: 0.
Ending Physical Synthesis Task | Checksum: 144dc0796

Time (s): cpu = 00:00:01 ; elapsed = 00:00:00.939 . Memory (MB): peak = 2453.656 ; gain = 0.000
Phase 4.1.1.1 BUFG Insertion | Checksum: 208725790

Time (s): cpu = 00:01:42 ; elapsed = 00:01:05 . Memory (MB): peak = 2453.656 ; gain = 0.000

Phase 4.1.1.2 Post Placement Timing Optimization
INFO: [Place 30-746] Post Placement Timing Summary WNS=-5.255. For the most accurate timing information please run report_timing.
Phase 4.1.1.2 Post Placement Timing Optimization | Checksum: 1d1d391e8

Time (s): cpu = 00:01:53 ; elapsed = 00:01:14 . Memory (MB): peak = 2453.656 ; gain = 0.000

Time (s): cpu = 00:01:53 ; elapsed = 00:01:14 . Memory (MB): peak = 2453.656 ; gain = 0.000
Phase 4.1 Post Commit Optimization | Checksum: 1d1d391e8

Time (s): cpu = 00:01:53 ; elapsed = 00:01:14 . Memory (MB): peak = 2453.656 ; gain = 0.000

Phase 4.2 Post Placement Cleanup
Phase 4.2 Post Placement Cleanup | Checksum: 1d1d391e8

Time (s): cpu = 00:01:54 ; elapsed = 00:01:14 . Memory (MB): peak = 2453.656 ; gain = 0.000

Phase 4.3 Placer Reporting

Phase 4.3.1 Print Estimated Congestion
INFO: [Place 30-612] Post-Placement Estimated Congestion 
 ____________________________________________________
|           | Global Congestion | Short Congestion  |
| Direction | Region Size       | Region Size       |
|___________|___________________|___________________|
|      North|                2x2|                4x4|
|___________|___________________|___________________|
|      South|                1x1|                2x2|
|___________|___________________|___________________|
|       East|                1x1|                4x4|
|___________|___________________|___________________|
|       West|                1x1|                4x4|
|___________|___________________|___________________|

Phase 4.3.1 Print Estimated Congestion | Checksum: 1d1d391e8

Time (s): cpu = 00:01:54 ; elapsed = 00:01:14 . Memory (MB): peak = 2453.656 ; gain = 0.000
Phase 4.3 Placer Reporting | Checksum: 1d1d391e8

Time (s): cpu = 00:01:54 ; elapsed = 00:01:14 . Memory (MB): peak = 2453.656 ; gain = 0.000

Phase 4.4 Final Placement Cleanup
Netlist sorting complete. Time (s): cpu = 00:00:00 ; elapsed = 00:00:00.016 . Memory (MB): peak = 2453.656 ; gain = 0.000

Time (s): cpu = 00:01:54 ; elapsed = 00:01:14 . Memory (MB): peak = 2453.656 ; gain = 0.000
Phase 4 Post Placement Optimization and Clean-Up | Checksum: 233859974

Time (s): cpu = 00:01:54 ; elapsed = 00:01:14 . Memory (MB): peak = 2453.656 ; gain = 0.000
Ending Placer Task | Checksum: 14e84e5bb

Time (s): cpu = 00:01:54 ; elapsed = 00:01:15 . Memory (MB): peak = 2453.656 ; gain = 0.000
47 Infos, 2 Warnings, 0 Critical Warnings and 0 Errors encountered.
place_design completed successfully
place_design: Time (s): cpu = 00:01:57 ; elapsed = 00:01:17 . Memory (MB): peak = 2453.656 ; gain = 0.000
# phys_opt_design
Command: phys_opt_design
Attempting to get a license for feature 'Implementation' and/or device 'xc7z020'
INFO: [Common 17-349] Got license for feature 'Implementation' and/or device 'xc7z020'

Starting Initial Update Timing Task
WARNING: [Timing 38-242] The property HD.CLK_SRC of clock port "clk_i" is not set. In out-of-context mode, this prevents timing estimation for clock delay/skew
Resolution: Set the HD.CLK_SRC property of the out-of-context port to the location of the clock buffer instance in the top-level design

Time (s): cpu = 00:00:05 ; elapsed = 00:00:03 . Memory (MB): peak = 2453.656 ; gain = 0.000
INFO: [Vivado_Tcl 4-1435] PhysOpt_Tcl_Interface Runtime Before Starting Physical Synthesis Task | CPU: 5.00s |  WALL: 3.13s
Netlist sorting complete. Time (s): cpu = 00:00:00 ; elapsed = 00:00:00.013 . Memory (MB): peak = 2453.656 ; gain = 0.000

Starting Physical Synthesis Task

Phase 1 Physical Synthesis Initialization
INFO: [Physopt 32-721] Multithreading enabled for phys_opt_design using a maximum of 2 CPUs
INFO: [Physopt 32-619] Estimated Timing Summary | WNS=-5.255 | TNS=-497.268 |
Phase 1 Physical Synthesis Initialization | Checksum: 1272a13eb

Time (s): cpu = 00:00:03 ; elapsed = 00:00:02 . Memory (MB): peak = 2453.656 ; gain = 0.000
INFO: [Physopt 32-619] Estimated Timing Summary | WNS=-5.255 | TNS=-497.268 |

Phase 2 DSP Register Optimization
INFO: [Physopt 32-456] No candidate cells for DSP register optimization found in the design.
INFO: [Physopt 32-775] End 2 Pass. Optimized 0 net or cell. Created 0 new cell, deleted 0 existing cell and moved 0 existing cell
Phase 2 DSP Register Optimization | Checksum: 1272a13eb

Time (s): cpu = 00:00:04 ; elapsed = 00:00:02 . Memory (MB): peak = 2453.656 ; gain = 0.000

Phase 3 Critical Path Optimization
INFO: [Physopt 32-619] Estimated Timing Summary | WNS=-5.255 | TNS=-497.268 |
INFO: [Physopt 32-702] Processed net u_array/u_requant/q_lsb_r. Optimizations did not improve timing on the net.
INFO: [Physopt 32-702] Processed net u_array/u_requant/sum_r[11]. Optimizations did not improve timing on the net.
INFO: [Physopt 32-702] Processed net u_array/u_requant/q_lsb_r_reg_i_2_n_0. Optimizations did not improve timing on the net.
INFO: [Physopt 32-702] Processed net u_array/u_requant/q_lsb_r_reg_i_7_n_0. Optimizations did not improve timing on the net.
INFO: [Physopt 32-608] Optimized 1 net.  Swapped 24 pins.
INFO: [Physopt 32-735] Processed net u_array/u_requant/q_lsb_r_i_17_n_0. Optimization improves timing on the net.
INFO: [Physopt 32-619] Estimated Timing Summary | WNS=-5.190 | TNS=-497.203 |
INFO: [Physopt 32-608] Optimized 1 net.  Swapped 24 pins.
INFO: [Physopt 32-735] Processed net u_array/u_requant/q_lsb_r_i_17_n_0. Optimization improves timing on the net.
INFO: [Physopt 32-619] Estimated Timing Summary | WNS=-5.086 | TNS=-497.099 |
INFO: [Physopt 32-702] Processed net u_array/u_requant/q_lsb_r_i_17_n_0. Optimizations did not improve timing on the net.
INFO: [Physopt 32-702] Processed net u_array/u_requant/prod_c_w__3[60]. Optimizations did not improve timing on the net.
INFO: [Physopt 32-702] Processed net u_array/u_requant/prod_r_reg[59]_i_1_n_0. Optimizations did not improve timing on the net.
INFO: [Physopt 32-702] Processed net u_array/u_requant/prod_r_reg[55]_i_1_n_0. Optimizations did not improve timing on the net.
INFO: [Physopt 32-702] Processed net u_array/u_requant/prod_r_reg[51]_i_1_n_0. Optimizations did not improve timing on the net.
INFO: [Physopt 32-702] Processed net u_array/u_requant/prod_r_reg[47]_i_1_n_0. Optimizations did not improve timing on the net.
INFO: [Physopt 32-702] Processed net u_array/u_requant/prod_r_reg[43]_i_1_n_0. Optimizations did not improve timing on the net.
INFO: [Physopt 32-702] Processed net u_array/u_requant/prod_r_reg[39]_i_1_n_0. Optimizations did not improve timing on the net.
INFO: [Physopt 32-702] Processed net u_array/u_requant/prod_r_reg[35]_i_1_n_0. Optimizations did not improve timing on the net.
INFO: [Physopt 32-702] Processed net u_array/u_requant/prod_r_reg[31]_i_1_n_0. Optimizations did not improve timing on the net.
INFO: [Physopt 32-702] Processed net u_array/u_requant/prod_r_reg[27]_i_1_n_0. Optimizations did not improve timing on the net.
INFO: [Physopt 32-702] Processed net u_array/u_requant/prod_r_reg[23]_i_1_n_0. Optimizations did not improve timing on the net.
INFO: [Physopt 32-702] Processed net u_array/u_requant/prod_r_reg[19]_i_1_n_0. Optimizations did not improve timing on the net.
INFO: [Physopt 32-608] Optimized 1 net.  Swapped 9 pins.
INFO: [Physopt 32-735] Processed net u_array/u_requant/prod_r[19]_i_4_n_0. Optimization improves timing on the net.
INFO: [Physopt 32-619] Estimated Timing Summary | WNS=-4.972 | TNS=-490.723 |
INFO: [Physopt 32-608] Optimized 1 net.  Swapped 10 pins.
INFO: [Physopt 32-735] Processed net u_array/u_requant/prod_r[23]_i_4_n_0. Optimization improves timing on the net.
INFO: [Physopt 32-619] Estimated Timing Summary | WNS=-4.858 | TNS=-485.980 |
INFO: [Physopt 32-608] Optimized 1 net.  Swapped 10 pins.
INFO: [Physopt 32-735] Processed net u_array/u_requant/prod_r[27]_i_4_n_0. Optimization improves timing on the net.
INFO: [Physopt 32-619] Estimated Timing Summary | WNS=-4.845 | TNS=-485.499 |
INFO: [Physopt 32-608] Optimized 1 net.  Swapped 9 pins.
INFO: [Physopt 32-735] Processed net u_array/u_requant/prod_r[19]_i_2_n_0. Optimization improves timing on the net.
INFO: [Physopt 32-619] Estimated Timing Summary | WNS=-4.843 | TNS=-485.409 |
INFO: [Physopt 32-702] Processed net u_array/u_requant/q_lsb_r_i_1_n_0. Optimizations did not improve timing on the net.
INFO: [Physopt 32-702] Processed net u_array/u_requant/p_1_in[17]. Optimizations did not improve timing on the net.
INFO: [Physopt 32-702] Processed net u_array/u_requant/prod_c_w__1_n_106. Optimizations did not improve timing on the net.
INFO: [Physopt 32-702] Processed net u_array/u_requant/q_lsb_r. Optimizations did not improve timing on the net.
INFO: [Physopt 32-702] Processed net u_array/u_requant/sum_r[11]. Optimizations did not improve timing on the net.
INFO: [Physopt 32-702] Processed net u_array/u_requant/q_lsb_r_reg_i_2_n_0. Optimizations did not improve timing on the net.
INFO: [Physopt 32-702] Processed net u_array/u_requant/q_lsb_r_reg_i_7_n_0. Optimizations did not improve timing on the net.
INFO: [Physopt 32-702] Processed net u_array/u_requant/q_lsb_r_i_17_n_0. Optimizations did not improve timing on the net.
INFO: [Physopt 32-702] Processed net u_array/u_requant/prod_c_w__3[60]. Optimizations did not improve timing on the net.
INFO: [Physopt 32-702] Processed net u_array/u_requant/q_lsb_r_i_1_n_0. Optimizations did not improve timing on the net.
INFO: [Physopt 32-702] Processed net u_array/u_requant/p_1_in[17]. Optimizations did not improve timing on the net.
INFO: [Physopt 32-619] Estimated Timing Summary | WNS=-4.843 | TNS=-485.409 |
Netlist sorting complete. Time (s): cpu = 00:00:00 ; elapsed = 00:00:00.015 . Memory (MB): peak = 2453.656 ; gain = 0.000
Phase 3 Critical Path Optimization | Checksum: 1272a13eb

Time (s): cpu = 00:00:04 ; elapsed = 00:00:03 . Memory (MB): peak = 2453.656 ; gain = 0.000

Phase 4 Critical Path Optimization
INFO: [Physopt 32-619] Estimated Timing Summary | WNS=-4.843 | TNS=-485.409 |
INFO: [Physopt 32-702] Processed net u_array/u_requant/q_lsb_r. Optimizations did not improve timing on the net.
INFO: [Physopt 32-702] Processed net u_array/u_requant/sum_r[11]. Optimizations did not improve timing on the net.
INFO: [Physopt 32-702] Processed net u_array/u_requant/q_lsb_r_reg_i_2_n_0. Optimizations did not improve timing on the net.
INFO: [Physopt 32-702] Processed net u_array/u_requant/q_lsb_r_reg_i_7_n_0. Optimizations did not improve timing on the net.
INFO: [Physopt 32-702] Processed net u_array/u_requant/q_lsb_r_i_17_n_0. Optimizations did not improve timing on the net.
INFO: [Physopt 32-702] Processed net u_array/u_requant/prod_c_w__3[60]. Optimizations did not improve timing on the net.
INFO: [Physopt 32-702] Processed net u_array/u_requant/prod_r_reg[59]_i_1_n_0. Optimizations did not improve timing on the net.
INFO: [Physopt 32-702] Processed net u_array/u_requant/prod_r_reg[55]_i_1_n_0. Optimizations did not improve timing on the net.
INFO: [Physopt 32-702] Processed net u_array/u_requant/prod_r_reg[51]_i_1_n_0. Optimizations did not improve timing on the net.
INFO: [Physopt 32-702] Processed net u_array/u_requant/prod_r_reg[47]_i_1_n_0. Optimizations did not improve timing on the net.
INFO: [Physopt 32-702] Processed net u_array/u_requant/prod_r_reg[43]_i_1_n_0. Optimizations did not improve timing on the net.
INFO: [Physopt 32-702] Processed net u_array/u_requant/prod_r_reg[39]_i_1_n_0. Optimizations did not improve timing on the net.
INFO: [Physopt 32-702] Processed net u_array/u_requant/prod_r_reg[35]_i_1_n_0. Optimizations did not improve timing on the net.
INFO: [Physopt 32-702] Processed net u_array/u_requant/prod_r_reg[31]_i_1_n_0. Optimizations did not improve timing on the net.
INFO: [Physopt 32-702] Processed net u_array/u_requant/prod_r_reg[27]_i_1_n_0. Optimizations did not improve timing on the net.
INFO: [Physopt 32-702] Processed net u_array/u_requant/prod_r_reg[23]_i_1_n_0. Optimizations did not improve timing on the net.
INFO: [Physopt 32-702] Processed net u_array/u_requant/prod_r_reg[19]_i_1_n_0. Optimizations did not improve timing on the net.
INFO: [Physopt 32-702] Processed net u_array/u_requant/q_lsb_r_i_1_n_0. Optimizations did not improve timing on the net.
INFO: [Physopt 32-702] Processed net u_array/u_requant/p_1_in[17]. Optimizations did not improve timing on the net.
INFO: [Physopt 32-702] Processed net u_array/u_requant/prod_c_w__1_n_106. Optimizations did not improve timing on the net.
INFO: [Physopt 32-702] Processed net u_array/u_requant/q_lsb_r. Optimizations did not improve timing on the net.
INFO: [Physopt 32-702] Processed net u_array/u_requant/sum_r[11]. Optimizations did not improve timing on the net.
INFO: [Physopt 32-702] Processed net u_array/u_requant/q_lsb_r_reg_i_2_n_0. Optimizations did not improve timing on the net.
INFO: [Physopt 32-702] Processed net u_array/u_requant/q_lsb_r_reg_i_7_n_0. Optimizations did not improve timing on the net.
INFO: [Physopt 32-702] Processed net u_array/u_requant/q_lsb_r_i_17_n_0. Optimizations did not improve timing on the net.
INFO: [Physopt 32-702] Processed net u_array/u_requant/prod_c_w__3[60]. Optimizations did not improve timing on the net.
INFO: [Physopt 32-702] Processed net u_array/u_requant/q_lsb_r_i_1_n_0. Optimizations did not improve timing on the net.
INFO: [Physopt 32-702] Processed net u_array/u_requant/p_1_in[17]. Optimizations did not improve timing on the net.
INFO: [Physopt 32-619] Estimated Timing Summary | WNS=-4.843 | TNS=-485.409 |
Netlist sorting complete. Time (s): cpu = 00:00:00 ; elapsed = 00:00:00.014 . Memory (MB): peak = 2453.656 ; gain = 0.000
Phase 4 Critical Path Optimization | Checksum: 1272a13eb

Time (s): cpu = 00:00:04 ; elapsed = 00:00:03 . Memory (MB): peak = 2453.656 ; gain = 0.000
Netlist sorting complete. Time (s): cpu = 00:00:00 ; elapsed = 00:00:00.010 . Memory (MB): peak = 2453.656 ; gain = 0.000
INFO: [Physopt 32-603] Post Physical Optimization Timing Summary | WNS=-4.843 | TNS=-485.409 |

Summary of Physical Synthesis Optimizations
============================================


-------------------------------------------------------------------------------------------------------------------------------------------------------------
|  Optimization   |  WNS Gain (ns)  |  TNS Gain (ns)  |  Added Cells  |  Removed Cells  |  Optimized Cells/Nets  |  Dont Touch  |  Iterations  |  Elapsed   |
-------------------------------------------------------------------------------------------------------------------------------------------------------------
|  DSP Register   |          0.000  |          0.000  |            0  |              0  |                     0  |           0  |           1  |  00:00:00  |
|  Critical Path  |          0.412  |         11.859  |            0  |              0  |                     6  |           0  |           2  |  00:00:00  |
|  Total          |          0.412  |         11.859  |            0  |              0  |                     6  |           0  |           3  |  00:00:00  |
-------------------------------------------------------------------------------------------------------------------------------------------------------------


Netlist sorting complete. Time (s): cpu = 00:00:00 ; elapsed = 00:00:00.010 . Memory (MB): peak = 2453.656 ; gain = 0.000
Ending Physical Synthesis Task | Checksum: 85afff7b

Time (s): cpu = 00:00:04 ; elapsed = 00:00:03 . Memory (MB): peak = 2453.656 ; gain = 0.000
INFO: [Common 17-83] Releasing license: Implementation
87 Infos, 1 Warnings, 0 Critical Warnings and 0 Errors encountered.
phys_opt_design completed successfully
phys_opt_design: Time (s): cpu = 00:00:09 ; elapsed = 00:00:06 . Memory (MB): peak = 2453.656 ; gain = 0.000
# route_design
Command: route_design
Attempting to get a license for feature 'Implementation' and/or device 'xc7z020'
INFO: [Common 17-349] Got license for feature 'Implementation' and/or device 'xc7z020'


Starting Routing Task
INFO: [Route 35-254] Multithreading enabled for route_design using a maximum of 2 CPUs

Phase 1 Build RT Design
Checksum: PlaceDB: 6ab0392 ConstDB: 0 ShapeSum: 3c2d5895 RouteDB: 15f972f0
WARNING: [Route 35-197] Clock port "clk_i" does not have an associated HD.CLK_SRC. Without this constraint, timing analysis may not be accurate and upstream checks cannot be done to ensure correct clock placement.
WARNING: [Route 35-198] Port "rst_n" does not have an associated HD.PARTPIN_LOCS, which will prevent the partial routing of the signal "rst_n". Without this partial route, timing analysis to/from this port will not be accurate, and no routing information for this port can be exported.
WARNING: [Route 35-198] Port "m_axi_rdata[46]" does not have an associated HD.PARTPIN_LOCS, which will prevent the partial routing of the signal "m_axi_rdata[46]". Without this partial route, timing analysis to/from this port will not be accurate, and no routing information for this port can be exported.
WARNING: [Route 35-198] Port "m_axi_rdata[47]" does not have an associated HD.PARTPIN_LOCS, which will prevent the partial routing of the signal "m_axi_rdata[47]". Without this partial route, timing analysis to/from this port will not be accurate, and no routing information for this port can be exported.
WARNING: [Route 35-198] Port "m_axi_rdata[54]" does not have an associated HD.PARTPIN_LOCS, which will prevent the partial routing of the signal "m_axi_rdata[54]". Without this partial route, timing analysis to/from this port will not be accurate, and no routing information for this port can be exported.
WARNING: [Route 35-198] Port "m_axi_rdata[55]" does not have an associated HD.PARTPIN_LOCS, which will prevent the partial routing of the signal "m_axi_rdata[55]". Without this partial route, timing analysis to/from this port will not be accurate, and no routing information for this port can be exported.
WARNING: [Route 35-198] Port "m_axi_rdata[62]" does not have an associated HD.PARTPIN_LOCS, which will prevent the partial routing of the signal "m_axi_rdata[62]". Without this partial route, timing analysis to/from this port will not be accurate, and no routing information for this port can be exported.
WARNING: [Route 35-198] Port "m_axi_rdata[63]" does not have an associated HD.PARTPIN_LOCS, which will prevent the partial routing of the signal "m_axi_rdata[63]". Without this partial route, timing analysis to/from this port will not be accurate, and no routing information for this port can be exported.
WARNING: [Route 35-198] Port "m_axi_rdata[14]" does not have an associated HD.PARTPIN_LOCS, which will prevent the partial routing of the signal "m_axi_rdata[14]". Without this partial route, timing analysis to/from this port will not be accurate, and no routing information for this port can be exported.
WARNING: [Route 35-198] Port "m_axi_rdata[15]" does not have an associated HD.PARTPIN_LOCS, which will prevent the partial routing of the signal "m_axi_rdata[15]". Without this partial route, timing analysis to/from this port will not be accurate, and no routing information for this port can be exported.
WARNING: [Route 35-198] Port "m_axi_rdata[22]" does not have an associated HD.PARTPIN_LOCS, which will prevent the partial routing of the signal "m_axi_rdata[22]". Without this partial route, timing analysis to/from this port will not be accurate, and no routing information for this port can be exported.
WARNING: [Route 35-198] Port "m_axi_rdata[23]" does not have an associated HD.PARTPIN_LOCS, which will prevent the partial routing of the signal "m_axi_rdata[23]". Without this partial route, timing analysis to/from this port will not be accurate, and no routing information for this port can be exported.
WARNING: [Route 35-198] Port "m_axi_rdata[30]" does not have an associated HD.PARTPIN_LOCS, which will prevent the partial routing of the signal "m_axi_rdata[30]". Without this partial route, timing analysis to/from this port will not be accurate, and no routing information for this port can be exported.
WARNING: [Route 35-198] Port "m_axi_rdata[31]" does not have an associated HD.PARTPIN_LOCS, which will prevent the partial routing of the signal "m_axi_rdata[31]". Without this partial route, timing analysis to/from this port will not be accurate, and no routing information for this port can be exported.
WARNING: [Route 35-198] Port "m_axi_rdata[38]" does not have an associated HD.PARTPIN_LOCS, which will prevent the partial routing of the signal "m_axi_rdata[38]". Without this partial route, timing analysis to/from this port will not be accurate, and no routing information for this port can be exported.
WARNING: [Route 35-198] Port "m_axi_rdata[39]" does not have an associated HD.PARTPIN_LOCS, which will prevent the partial routing of the signal "m_axi_rdata[39]". Without this partial route, timing analysis to/from this port will not be accurate, and no routing information for this port can be exported.
WARNING: [Route 35-198] Port "m_axi_rdata[42]" does not have an associated HD.PARTPIN_LOCS, which will prevent the partial routing of the signal "m_axi_rdata[42]". Without this partial route, timing analysis to/from this port will not be accurate, and no routing information for this port can be exported.
WARNING: [Route 35-198] Port "m_axi_rdata[43]" does not have an associated HD.PARTPIN_LOCS, which will prevent the partial routing of the signal "m_axi_rdata[43]". Without this partial route, timing analysis to/from this port will not be accurate, and no routing information for this port can be exported.
WARNING: [Route 35-198] Port "m_axi_rdata[48]" does not have an associated HD.PARTPIN_LOCS, which will prevent the partial routing of the signal "m_axi_rdata[48]". Without this partial route, timing analysis to/from this port will not be accurate, and no routing information for this port can be exported.
WARNING: [Route 35-198] Port "m_axi_rdata[49]" does not have an associated HD.PARTPIN_LOCS, which will prevent the partial routing of the signal "m_axi_rdata[49]". Without this partial route, timing analysis to/from this port will not be accurate, and no routing information for this port can be exported.
WARNING: [Route 35-198] Port "m_axi_rdata[56]" does not have an associated HD.PARTPIN_LOCS, which will prevent the partial routing of the signal "m_axi_rdata[56]". Without this partial route, timing analysis to/from this port will not be accurate, and no routing information for this port can be exported.
WARNING: [Route 35-198] Port "m_axi_rdata[57]" does not have an associated HD.PARTPIN_LOCS, which will prevent the partial routing of the signal "m_axi_rdata[57]". Without this partial route, timing analysis to/from this port will not be accurate, and no routing information for this port can be exported.
WARNING: [Route 35-198] Port "m_axi_rdata[50]" does not have an associated HD.PARTPIN_LOCS, which will prevent the partial routing of the signal "m_axi_rdata[50]". Without this partial route, timing analysis to/from this port will not be accurate, and no routing information for this port can be exported.
WARNING: [Route 35-198] Port "m_axi_rdata[51]" does not have an associated HD.PARTPIN_LOCS, which will prevent the partial routing of the signal "m_axi_rdata[51]". Without this partial route, timing analysis to/from this port will not be accurate, and no routing information for this port can be exported.
WARNING: [Route 35-198] Port "m_axi_rdata[52]" does not have an associated HD.PARTPIN_LOCS, which will prevent the partial routing of the signal "m_axi_rdata[52]". Without this partial route, timing analysis to/from this port will not be accurate, and no routing information for this port can be exported.
WARNING: [Route 35-198] Port "m_axi_rdata[53]" does not have an associated HD.PARTPIN_LOCS, which will prevent the partial routing of the signal "m_axi_rdata[53]". Without this partial route, timing analysis to/from this port will not be accurate, and no routing information for this port can be exported.
WARNING: [Route 35-198] Port "m_axi_rdata[58]" does not have an associated HD.PARTPIN_LOCS, which will prevent the partial routing of the signal "m_axi_rdata[58]". Without this partial route, timing analysis to/from this port will not be accurate, and no routing information for this port can be exported.
WARNING: [Route 35-198] Port "m_axi_rdata[59]" does not have an associated HD.PARTPIN_LOCS, which will prevent the partial routing of the signal "m_axi_rdata[59]". Without this partial route, timing analysis to/from this port will not be accurate, and no routing information for this port can be exported.
WARNING: [Route 35-198] Port "m_axi_rdata[60]" does not have an associated HD.PARTPIN_LOCS, which will prevent the partial routing of the signal "m_axi_rdata[60]". Without this partial route, timing analysis to/from this port will not be accurate, and no routing information for this port can be exported.
WARNING: [Route 35-198] Port "m_axi_rdata[61]" does not have an associated HD.PARTPIN_LOCS, which will prevent the partial routing of the signal "m_axi_rdata[61]". Without this partial route, timing analysis to/from this port will not be accurate, and no routing information for this port can be exported.
WARNING: [Route 35-198] Port "m_axi_rdata[32]" does not have an associated HD.PARTPIN_LOCS, which will prevent the partial routing of the signal "m_axi_rdata[32]". Without this partial route, timing analysis to/from this port will not be accurate, and no routing information for this port can be exported.
WARNING: [Route 35-198] Port "m_axi_rdata[33]" does not have an associated HD.PARTPIN_LOCS, which will prevent the partial routing of the signal "m_axi_rdata[33]". Without this partial route, timing analysis to/from this port will not be accurate, and no routing information for this port can be exported.
WARNING: [Route 35-198] Port "m_axi_rdata[36]" does not have an associated HD.PARTPIN_LOCS, which will prevent the partial routing of the signal "m_axi_rdata[36]". Without this partial route, timing analysis to/from this port will not be accurate, and no routing information for this port can be exported.
WARNING: [Route 35-198] Port "m_axi_rdata[37]" does not have an associated HD.PARTPIN_LOCS, which will prevent the partial routing of the signal "m_axi_rdata[37]". Without this partial route, timing analysis to/from this port will not be accurate, and no routing information for this port can be exported.
WARNING: [Route 35-198] Port "m_axi_rdata[40]" does not have an associated HD.PARTPIN_LOCS, which will prevent the partial routing of the signal "m_axi_rdata[40]". Without this partial route, timing analysis to/from this port will not be accurate, and no routing information for this port can be exported.
WARNING: [Route 35-198] Port "m_axi_rdata[41]" does not have an associated HD.PARTPIN_LOCS, which will prevent the partial routing of the signal "m_axi_rdata[41]". Without this partial route, timing analysis to/from this port will not be accurate, and no routing information for this port can be exported.
WARNING: [Route 35-198] Port "m_axi_rdata[44]" does not have an associated HD.PARTPIN_LOCS, which will prevent the partial routing of the signal "m_axi_rdata[44]". Without this partial route, timing analysis to/from this port will not be accurate, and no routing information for this port can be exported.
WARNING: [Route 35-198] Port "m_axi_rdata[45]" does not have an associated HD.PARTPIN_LOCS, which will prevent the partial routing of the signal "m_axi_rdata[45]". Without this partial route, timing analysis to/from this port will not be accurate, and no routing information for this port can be exported.
WARNING: [Route 35-198] Port "m_axi_rdata[18]" does not have an associated HD.PARTPIN_LOCS, which will prevent the partial routing of the signal "m_axi_rdata[18]". Without this partial route, timing analysis to/from this port will not be accurate, and no routing information for this port can be exported.
WARNING: [Route 35-198] Port "m_axi_rdata[19]" does not have an associated HD.PARTPIN_LOCS, which will prevent the partial routing of the signal "m_axi_rdata[19]". Without this partial route, timing analysis to/from this port will not be accurate, and no routing information for this port can be exported.
WARNING: [Route 35-198] Port "m_axi_rdata[26]" does not have an associated HD.PARTPIN_LOCS, which will prevent the partial routing of the signal "m_axi_rdata[26]". Without this partial route, timing analysis to/from this port will not be accurate, and no routing information for this port can be exported.
WARNING: [Route 35-198] Port "m_axi_rdata[27]" does not have an associated HD.PARTPIN_LOCS, which will prevent the partial routing of the signal "m_axi_rdata[27]". Without this partial route, timing analysis to/from this port will not be accurate, and no routing information for this port can be exported.
WARNING: [Route 35-198] Port "m_axi_rdata[28]" does not have an associated HD.PARTPIN_LOCS, which will prevent the partial routing of the signal "m_axi_rdata[28]". Without this partial route, timing analysis to/from this port will not be accurate, and no routing information for this port can be exported.
WARNING: [Route 35-198] Port "m_axi_rdata[29]" does not have an associated HD.PARTPIN_LOCS, which will prevent the partial routing of the signal "m_axi_rdata[29]". Without this partial route, timing analysis to/from this port will not be accurate, and no routing information for this port can be exported.
WARNING: [Route 35-198] Port "m_axi_rdata[34]" does not have an associated HD.PARTPIN_LOCS, which will prevent the partial routing of the signal "m_axi_rdata[34]". Without this partial route, timing analysis to/from this port will not be accurate, and no routing information for this port can be exported.
WARNING: [Route 35-198] Port "m_axi_rdata[35]" does not have an associated HD.PARTPIN_LOCS, which will prevent the partial routing of the signal "m_axi_rdata[35]". Without this partial route, timing analysis to/from this port will not be accurate, and no routing information for this port can be exported.
WARNING: [Route 35-198] Port "m_axi_rdata[10]" does not have an associated HD.PARTPIN_LOCS, which will prevent the partial routing of the signal "m_axi_rdata[10]". Without this partial route, timing analysis to/from this port will not be accurate, and no routing information for this port can be exported.
WARNING: [Route 35-198] Port "m_axi_rdata[11]" does not have an associated HD.PARTPIN_LOCS, which will prevent the partial routing of the signal "m_axi_rdata[11]". Without this partial route, timing analysis to/from this port will not be accurate, and no routing information for this port can be exported.
WARNING: [Route 35-198] Port "m_axi_rdata[2]" does not have an associated HD.PARTPIN_LOCS, which will prevent the partial routing of the signal "m_axi_rdata[2]". Without this partial route, timing analysis to/from this port will not be accurate, and no routing information for this port can be exported.
WARNING: [Route 35-198] Port "m_axi_rdata[3]" does not have an associated HD.PARTPIN_LOCS, which will prevent the partial routing of the signal "m_axi_rdata[3]". Without this partial route, timing analysis to/from this port will not be accurate, and no routing information for this port can be exported.
WARNING: [Route 35-198] Port "m_axi_rdata[16]" does not have an associated HD.PARTPIN_LOCS, which will prevent the partial routing of the signal "m_axi_rdata[16]". Without this partial route, timing analysis to/from this port will not be accurate, and no routing information for this port can be exported.
WARNING: [Route 35-198] Port "m_axi_rdata[17]" does not have an associated HD.PARTPIN_LOCS, which will prevent the partial routing of the signal "m_axi_rdata[17]". Without this partial route, timing analysis to/from this port will not be accurate, and no routing information for this port can be exported.
WARNING: [Route 35-198] Port "m_axi_rdata[20]" does not have an associated HD.PARTPIN_LOCS, which will prevent the partial routing of the signal "m_axi_rdata[20]". Without this partial route, timing analysis to/from this port will not be accurate, and no routing information for this port can be exported.
WARNING: [Route 35-198] Port "m_axi_rdata[21]" does not have an associated HD.PARTPIN_LOCS, which will prevent the partial routing of the signal "m_axi_rdata[21]". Without this partial route, timing analysis to/from this port will not be accurate, and no routing information for this port can be exported.
WARNING: [Route 35-198] Port "m_axi_rdata[24]" does not have an associated HD.PARTPIN_LOCS, which will prevent the partial routing of the signal "m_axi_rdata[24]". Without this partial route, timing analysis to/from this port will not be accurate, and no routing information for this port can be exported.
WARNING: [Route 35-198] Port "m_axi_rdata[25]" does not have an associated HD.PARTPIN_LOCS, which will prevent the partial routing of the signal "m_axi_rdata[25]". Without this partial route, timing analysis to/from this port will not be accurate, and no routing information for this port can be exported.
WARNING: [Route 35-198] Port "m_axi_rdata[4]" does not have an associated HD.PARTPIN_LOCS, which will prevent the partial routing of the signal "m_axi_rdata[4]". Without this partial route, timing analysis to/from this port will not be accurate, and no routing information for this port can be exported.
WARNING: [Route 35-198] Port "m_axi_rdata[5]" does not have an associated HD.PARTPIN_LOCS, which will prevent the partial routing of the signal "m_axi_rdata[5]". Without this partial route, timing analysis to/from this port will not be accurate, and no routing information for this port can be exported.
WARNING: [Route 35-198] Port "m_axi_rdata[6]" does not have an associated HD.PARTPIN_LOCS, which will prevent the partial routing of the signal "m_axi_rdata[6]". Without this partial route, timing analysis to/from this port will not be accurate, and no routing information for this port can be exported.
WARNING: [Route 35-198] Port "m_axi_rdata[7]" does not have an associated HD.PARTPIN_LOCS, which will prevent the partial routing of the signal "m_axi_rdata[7]". Without this partial route, timing analysis to/from this port will not be accurate, and no routing information for this port can be exported.
WARNING: [Route 35-198] Port "m_axi_rdata[8]" does not have an associated HD.PARTPIN_LOCS, which will prevent the partial routing of the signal "m_axi_rdata[8]". Without this partial route, timing analysis to/from this port will not be accurate, and no routing information for this port can be exported.
WARNING: [Route 35-198] Port "m_axi_rdata[9]" does not have an associated HD.PARTPIN_LOCS, which will prevent the partial routing of the signal "m_axi_rdata[9]". Without this partial route, timing analysis to/from this port will not be accurate, and no routing information for this port can be exported.
WARNING: [Route 35-198] Port "m_axi_rdata[12]" does not have an associated HD.PARTPIN_LOCS, which will prevent the partial routing of the signal "m_axi_rdata[12]". Without this partial route, timing analysis to/from this port will not be accurate, and no routing information for this port can be exported.
WARNING: [Route 35-198] Port "m_axi_rdata[13]" does not have an associated HD.PARTPIN_LOCS, which will prevent the partial routing of the signal "m_axi_rdata[13]". Without this partial route, timing analysis to/from this port will not be accurate, and no routing information for this port can be exported.
WARNING: [Route 35-198] Port "s_axi_arvalid" does not have an associated HD.PARTPIN_LOCS, which will prevent the partial routing of the signal "s_axi_arvalid". Without this partial route, timing analysis to/from this port will not be accurate, and no routing information for this port can be exported.
WARNING: [Route 35-198] Port "s_axi_rready" does not have an associated HD.PARTPIN_LOCS, which will prevent the partial routing of the signal "s_axi_rready". Without this partial route, timing analysis to/from this port will not be accurate, and no routing information for this port can be exported.
WARNING: [Route 35-198] Port "m_axi_rdata[0]" does not have an associated HD.PARTPIN_LOCS, which will prevent the partial routing of the signal "m_axi_rdata[0]". Without this partial route, timing analysis to/from this port will not be accurate, and no routing information for this port can be exported.
WARNING: [Route 35-198] Port "m_axi_rdata[1]" does not have an associated HD.PARTPIN_LOCS, which will prevent the partial routing of the signal "m_axi_rdata[1]". Without this partial route, timing analysis to/from this port will not be accurate, and no routing information for this port can be exported.
WARNING: [Route 35-198] Port "s_axi_wdata[31]" does not have an associated HD.PARTPIN_LOCS, which will prevent the partial routing of the signal "s_axi_wdata[31]". Without this partial route, timing analysis to/from this port will not be accurate, and no routing information for this port can be exported.
WARNING: [Route 35-198] Port "s_axi_wdata[28]" does not have an associated HD.PARTPIN_LOCS, which will prevent the partial routing of the signal "s_axi_wdata[28]". Without this partial route, timing analysis to/from this port will not be accurate, and no routing information for this port can be exported.
WARNING: [Route 35-198] Port "s_axi_wdata[26]" does not have an associated HD.PARTPIN_LOCS, which will prevent the partial routing of the signal "s_axi_wdata[26]". Without this partial route, timing analysis to/from this port will not be accurate, and no routing information for this port can be exported.
WARNING: [Route 35-198] Port "s_axi_wdata[30]" does not have an associated HD.PARTPIN_LOCS, which will prevent the partial routing of the signal "s_axi_wdata[30]". Without this partial route, timing analysis to/from this port will not be accurate, and no routing information for this port can be exported.
WARNING: [Route 35-198] Port "s_axi_wdata[29]" does not have an associated HD.PARTPIN_LOCS, which will prevent the partial routing of the signal "s_axi_wdata[29]". Without this partial route, timing analysis to/from this port will not be accurate, and no routing information for this port can be exported.
WARNING: [Route 35-198] Port "s_axi_wdata[27]" does not have an associated HD.PARTPIN_LOCS, which will prevent the partial routing of the signal "s_axi_wdata[27]". Without this partial route, timing analysis to/from this port will not be accurate, and no routing information for this port can be exported.
WARNING: [Route 35-198] Port "s_axi_wdata[24]" does not have an associated HD.PARTPIN_LOCS, which will prevent the partial routing of the signal "s_axi_wdata[24]". Without this partial route, timing analysis to/from this port will not be accurate, and no routing information for this port can be exported.
WARNING: [Route 35-198] Port "s_axi_wdata[25]" does not have an associated HD.PARTPIN_LOCS, which will prevent the partial routing of the signal "s_axi_wdata[25]". Without this partial route, timing analysis to/from this port will not be accurate, and no routing information for this port can be exported.
WARNING: [Route 35-198] Port "s_axi_araddr[4]" does not have an associated HD.PARTPIN_LOCS, which will prevent the partial routing of the signal "s_axi_araddr[4]". Without this partial route, timing analysis to/from this port will not be accurate, and no routing information for this port can be exported.
WARNING: [Route 35-198] Port "s_axi_araddr[2]" does not have an associated HD.PARTPIN_LOCS, which will prevent the partial routing of the signal "s_axi_araddr[2]". Without this partial route, timing analysis to/from this port will not be accurate, and no routing information for this port can be exported.
WARNING: [Route 35-198] Port "s_axi_araddr[3]" does not have an associated HD.PARTPIN_LOCS, which will prevent the partial routing of the signal "s_axi_araddr[3]". Without this partial route, timing analysis to/from this port will not be accurate, and no routing information for this port can be exported.
WARNING: [Route 35-198] Port "s_axi_araddr[5]" does not have an associated HD.PARTPIN_LOCS, which will prevent the partial routing of the signal "s_axi_araddr[5]". Without this partial route, timing analysis to/from this port will not be accurate, and no routing information for this port can be exported.
WARNING: [Route 35-198] Port "s_axi_wdata[14]" does not have an associated HD.PARTPIN_LOCS, which will prevent the partial routing of the signal "s_axi_wdata[14]". Without this partial route, timing analysis to/from this port will not be accurate, and no routing information for this port can be exported.
WARNING: [Route 35-198] Port "s_axi_wdata[12]" does not have an associated HD.PARTPIN_LOCS, which will prevent the partial routing of the signal "s_axi_wdata[12]". Without this partial route, timing analysis to/from this port will not be accurate, and no routing information for this port can be exported.
WARNING: [Route 35-198] Port "s_axi_wdata[11]" does not have an associated HD.PARTPIN_LOCS, which will prevent the partial routing of the signal "s_axi_wdata[11]". Without this partial route, timing analysis to/from this port will not be accurate, and no routing information for this port can be exported.
WARNING: [Route 35-198] Port "s_axi_wdata[10]" does not have an associated HD.PARTPIN_LOCS, which will prevent the partial routing of the signal "s_axi_wdata[10]". Without this partial route, timing analysis to/from this port will not be accurate, and no routing information for this port can be exported.
WARNING: [Route 35-198] Port "s_axi_wdata[9]" does not have an associated HD.PARTPIN_LOCS, which will prevent the partial routing of the signal "s_axi_wdata[9]". Without this partial route, timing analysis to/from this port will not be accurate, and no routing information for this port can be exported.
WARNING: [Route 35-198] Port "s_axi_wdata[8]" does not have an associated HD.PARTPIN_LOCS, which will prevent the partial routing of the signal "s_axi_wdata[8]". Without this partial route, timing analysis to/from this port will not be accurate, and no routing information for this port can be exported.
WARNING: [Route 35-198] Port "s_axi_wdata[13]" does not have an associated HD.PARTPIN_LOCS, which will prevent the partial routing of the signal "s_axi_wdata[13]". Without this partial route, timing analysis to/from this port will not be accurate, and no routing information for this port can be exported.
WARNING: [Route 35-198] Port "m_axi_rvalid" does not have an associated HD.PARTPIN_LOCS, which will prevent the partial routing of the signal "m_axi_rvalid". Without this partial route, timing analysis to/from this port will not be accurate, and no routing information for this port can be exported.
WARNING: [Route 35-198] Port "s_axi_awaddr[4]" does not have an associated HD.PARTPIN_LOCS, which will prevent the partial routing of the signal "s_axi_awaddr[4]". Without this partial route, timing analysis to/from this port will not be accurate, and no routing information for this port can be exported.
WARNING: [Route 35-198] Port "s_axi_wstrb[3]" does not have an associated HD.PARTPIN_LOCS, which will prevent the partial routing of the signal "s_axi_wstrb[3]". Without this partial route, timing analysis to/from this port will not be accurate, and no routing information for this port can be exported.
WARNING: [Route 35-198] Port "s_axi_wstrb[1]" does not have an associated HD.PARTPIN_LOCS, which will prevent the partial routing of the signal "s_axi_wstrb[1]". Without this partial route, timing analysis to/from this port will not be accurate, and no routing information for this port can be exported.
WARNING: [Route 35-198] Port "s_axi_wdata[15]" does not have an associated HD.PARTPIN_LOCS, which will prevent the partial routing of the signal "s_axi_wdata[15]". Without this partial route, timing analysis to/from this port will not be accurate, and no routing information for this port can be exported.
WARNING: [Route 35-198] Port "s_axi_awaddr[2]" does not have an associated HD.PARTPIN_LOCS, which will prevent the partial routing of the signal "s_axi_awaddr[2]". Without this partial route, timing analysis to/from this port will not be accurate, and no routing information for this port can be exported.
WARNING: [Route 35-198] Port "s_axi_wdata[22]" does not have an associated HD.PARTPIN_LOCS, which will prevent the partial routing of the signal "s_axi_wdata[22]". Without this partial route, timing analysis to/from this port will not be accurate, and no routing information for this port can be exported.
WARNING: [Route 35-198] Port "s_axi_wdata[21]" does not have an associated HD.PARTPIN_LOCS, which will prevent the partial routing of the signal "s_axi_wdata[21]". Without this partial route, timing analysis to/from this port will not be accurate, and no routing information for this port can be exported.
WARNING: [Route 35-198] Port "s_axi_awaddr[3]" does not have an associated HD.PARTPIN_LOCS, which will prevent the partial routing of the signal "s_axi_awaddr[3]". Without this partial route, timing analysis to/from this port will not be accurate, and no routing information for this port can be exported.
WARNING: [Route 35-198] Port "s_axi_awaddr[6]" does not have an associated HD.PARTPIN_LOCS, which will prevent the partial routing of the signal "s_axi_awaddr[6]". Without this partial route, timing analysis to/from this port will not be accurate, and no routing information for this port can be exported.
WARNING: [Route 35-198] Port "s_axi_awaddr[5]" does not have an associated HD.PARTPIN_LOCS, which will prevent the partial routing of the signal "s_axi_awaddr[5]". Without this partial route, timing analysis to/from this port will not be accurate, and no routing information for this port can be exported.
WARNING: [Route 35-198] Port "s_axi_wdata[23]" does not have an associated HD.PARTPIN_LOCS, which will prevent the partial routing of the signal "s_axi_wdata[23]". Without this partial route, timing analysis to/from this port will not be accurate, and no routing information for this port can be exported.
WARNING: [Route 35-198] Port "s_axi_wstrb[2]" does not have an associated HD.PARTPIN_LOCS, which will prevent the partial routing of the signal "s_axi_wstrb[2]". Without this partial route, timing analysis to/from this port will not be accurate, and no routing information for this port can be exported.
WARNING: [Route 35-198] Port "s_axi_wstrb[0]" does not have an associated HD.PARTPIN_LOCS, which will prevent the partial routing of the signal "s_axi_wstrb[0]". Without this partial route, timing analysis to/from this port will not be accurate, and no routing information for this port can be exported.
INFO: [Common 17-14] Message 'Route 35-198' appears 100 times and further instances of the messages will be disabled. Use the Tcl command set_msg_config to change the current settings.
WARNING: [Constraints 18-8777] Unable to split tiles. All required files are not available.
Post Restoration Checksum: NetGraph: f1bc22db | NumContArr: b50ef6d3 | Constraints: c2a8fa9d | Timing: c2a8fa9d
Phase 1 Build RT Design | Checksum: 32c1d0ee8

Time (s): cpu = 00:00:20 ; elapsed = 00:00:15 . Memory (MB): peak = 2453.656 ; gain = 0.000

Phase 2 Router Initialization

Phase 2.1 Fix Topology Constraints
Phase 2.1 Fix Topology Constraints | Checksum: 32c1d0ee8

Time (s): cpu = 00:00:21 ; elapsed = 00:00:15 . Memory (MB): peak = 2453.656 ; gain = 0.000

Phase 2.2 Pre Route Cleanup
Phase 2.2 Pre Route Cleanup | Checksum: 32c1d0ee8

Time (s): cpu = 00:00:21 ; elapsed = 00:00:15 . Memory (MB): peak = 2453.656 ; gain = 0.000
 Number of Nodes with overlaps = 0

Phase 2.3 Update Timing
Phase 2.3 Update Timing | Checksum: 21d8e17b4

Time (s): cpu = 00:00:27 ; elapsed = 00:00:19 . Memory (MB): peak = 2453.656 ; gain = 0.000
INFO: [Route 35-416] Intermediate Timing Summary | WNS=-4.821 | TNS=-352.483| WHS=0.094  | THS=0.000  |


Phase 2.4 Soft Constraint Pins - Fast Budgeting
Phase 2.4 Soft Constraint Pins - Fast Budgeting | Checksum: 2bd106730

Time (s): cpu = 00:00:30 ; elapsed = 00:00:21 . Memory (MB): peak = 2484.250 ; gain = 30.594

Router Utilization Summary
  Global Vertical Routing Utilization    = 0 %
  Global Horizontal Routing Utilization  = 0 %
  Routable Net Status*
  *Does not include unroutable nets such as driverless and loadless.
  Run report_route_status for detailed report.
  Number of Failed Nets               = 39367
    (Failed Nets is the sum of unrouted and partially routed nets)
  Number of Unrouted Nets             = 39367
  Number of Partially Routed Nets     = 0
  Number of Node Overlaps             = 0

Phase 2 Router Initialization | Checksum: 2bd106730

Time (s): cpu = 00:00:31 ; elapsed = 00:00:21 . Memory (MB): peak = 2484.250 ; gain = 30.594

Phase 3 Global Routing
Phase 3 Global Routing | Checksum: 2bd106730

Time (s): cpu = 00:00:31 ; elapsed = 00:00:21 . Memory (MB): peak = 2484.250 ; gain = 30.594

Phase 4 Initial Routing

Phase 4.1 Initial Net Routing Pass
Phase 4.1 Initial Net Routing Pass | Checksum: 2c07c0df7

Time (s): cpu = 00:00:34 ; elapsed = 00:00:23 . Memory (MB): peak = 2484.250 ; gain = 30.594
Phase 4 Initial Routing | Checksum: 2c07c0df7

Time (s): cpu = 00:00:35 ; elapsed = 00:00:23 . Memory (MB): peak = 2484.250 ; gain = 30.594

Phase 5 Rip-up And Reroute

Phase 5.1 Global Iteration 0
 Number of Nodes with overlaps = 1892
 Number of Nodes with overlaps = 94
 Number of Nodes with overlaps = 19
 Number of Nodes with overlaps = 5
 Number of Nodes with overlaps = 0
INFO: [Route 35-416] Intermediate Timing Summary | WNS=-4.856 | TNS=-3706.462| WHS=N/A    | THS=N/A    |

Phase 5.1 Global Iteration 0 | Checksum: 1fa218fd1

Time (s): cpu = 00:00:46 ; elapsed = 00:00:32 . Memory (MB): peak = 2484.250 ; gain = 30.594

Phase 5.2 Global Iteration 1
 Number of Nodes with overlaps = 44
 Number of Nodes with overlaps = 16
 Number of Nodes with overlaps = 1
 Number of Nodes with overlaps = 1
 Number of Nodes with overlaps = 0
INFO: [Route 35-416] Intermediate Timing Summary | WNS=-4.856 | TNS=-3703.537| WHS=N/A    | THS=N/A    |

Phase 5.2 Global Iteration 1 | Checksum: 2899dc9f1

Time (s): cpu = 00:00:49 ; elapsed = 00:00:33 . Memory (MB): peak = 2484.250 ; gain = 30.594
Phase 5 Rip-up And Reroute | Checksum: 2899dc9f1

Time (s): cpu = 00:00:49 ; elapsed = 00:00:33 . Memory (MB): peak = 2484.250 ; gain = 30.594

Phase 6 Delay and Skew Optimization

Phase 6.1 Delay CleanUp

Phase 6.1.1 Update Timing
Phase 6.1.1 Update Timing | Checksum: 2899dc9f1

Time (s): cpu = 00:00:49 ; elapsed = 00:00:34 . Memory (MB): peak = 2484.250 ; gain = 30.594
INFO: [Route 35-416] Intermediate Timing Summary | WNS=-4.856 | TNS=-3703.537| WHS=N/A    | THS=N/A    |

 Number of Nodes with overlaps = 0
Phase 6.1 Delay CleanUp | Checksum: 26dba8f76

Time (s): cpu = 00:01:12 ; elapsed = 00:00:45 . Memory (MB): peak = 2501.125 ; gain = 47.469

Phase 6.2 Clock Skew Optimization
Phase 6.2 Clock Skew Optimization | Checksum: 26dba8f76

Time (s): cpu = 00:01:12 ; elapsed = 00:00:45 . Memory (MB): peak = 2501.125 ; gain = 47.469
Phase 6 Delay and Skew Optimization | Checksum: 26dba8f76

Time (s): cpu = 00:01:12 ; elapsed = 00:00:45 . Memory (MB): peak = 2501.125 ; gain = 47.469

Phase 7 Post Hold Fix

Phase 7.1 Hold Fix Iter
INFO: [Route 35-416] Intermediate Timing Summary | WNS=-4.856 | TNS=-3089.155| WHS=0.085  | THS=0.000  |

Phase 7.1 Hold Fix Iter | Checksum: 2b4c4b6d5

Time (s): cpu = 00:01:13 ; elapsed = 00:00:46 . Memory (MB): peak = 2501.125 ; gain = 47.469
Phase 7 Post Hold Fix | Checksum: 2b4c4b6d5

Time (s): cpu = 00:01:13 ; elapsed = 00:00:46 . Memory (MB): peak = 2501.125 ; gain = 47.469

Phase 8 Route finalize

Router Utilization Summary
  Global Vertical Routing Utilization    = 12.4713 %
  Global Horizontal Routing Utilization  = 15.2417 %
  Routable Net Status*
  *Does not include unroutable nets such as driverless and loadless.
  Run report_route_status for detailed report.
  Number of Failed Nets               = 0
    (Failed Nets is the sum of unrouted and partially routed nets)
  Number of Unrouted Nets             = 0
  Number of Partially Routed Nets     = 0
  Number of Node Overlaps             = 0


--GLOBAL Congestion:
Utilization threshold used for congestion level computation: 0.85
Congestion Report
North Dir 1x1 Area, Max Cong = 81.0811%, No Congested Regions.
South Dir 1x1 Area, Max Cong = 85.5856%, Congestion bounded by tiles (Lower Left Tile -> Upper Right Tile):
   INT_L_X18Y48 -> INT_L_X18Y48
East Dir 2x2 Area, Max Cong = 85.6618%, Congestion bounded by tiles (Lower Left Tile -> Upper Right Tile):
   INT_L_X16Y48 -> INT_R_X17Y49
West Dir 1x1 Area, Max Cong = 85.2941%, Congestion bounded by tiles (Lower Left Tile -> Upper Right Tile):
   INT_L_X38Y41 -> INT_L_X38Y41

------------------------------
Reporting congestion hotspots
------------------------------
Direction: North
----------------
Congested clusters found at Level 0
Effective congestion level: 0 Aspect Ratio: 1 Sparse Ratio: 0
Direction: South
----------------
Congested clusters found at Level 0
Effective congestion level: 0 Aspect Ratio: 1 Sparse Ratio: 1
Direction: East
----------------
Congested clusters found at Level 0
Effective congestion level: 2 Aspect Ratio: 0.75 Sparse Ratio: 0.5
Direction: West
----------------
Congested clusters found at Level 0
Effective congestion level: 0 Aspect Ratio: 1 Sparse Ratio: 1

Phase 8 Route finalize | Checksum: 2b4c4b6d5

Time (s): cpu = 00:01:13 ; elapsed = 00:00:46 . Memory (MB): peak = 2501.125 ; gain = 47.469

Phase 9 Verifying routed nets

 Verification completed successfully
Phase 9 Verifying routed nets | Checksum: 2b4c4b6d5

Time (s): cpu = 00:01:13 ; elapsed = 00:00:46 . Memory (MB): peak = 2501.125 ; gain = 47.469

Phase 10 Depositing Routes
Phase 10 Depositing Routes | Checksum: 2ba7aa5a5

Time (s): cpu = 00:01:16 ; elapsed = 00:00:49 . Memory (MB): peak = 2501.125 ; gain = 47.469

Phase 11 Post Process Routing
Phase 11 Post Process Routing | Checksum: 2ba7aa5a5

Time (s): cpu = 00:01:16 ; elapsed = 00:00:49 . Memory (MB): peak = 2501.125 ; gain = 47.469

Phase 12 Post Router Timing
INFO: [Route 35-57] Estimated Timing Summary | WNS=-4.856 | TNS=-3089.155| WHS=0.085  | THS=0.000  |

WARNING: [Route 35-328] Router estimated timing not met.
Resolution: For a complete and accurate timing signoff, report_timing_summary must be run after route_design. Alternatively, route_design can be run with the -timing_summary option to enable a complete timing signoff at the end of route_design.
Phase 12 Post Router Timing | Checksum: 2ba7aa5a5

Time (s): cpu = 00:01:16 ; elapsed = 00:00:49 . Memory (MB): peak = 2501.125 ; gain = 47.469
Total Elapsed time in route_design: 48.656 secs

Phase 13 Post-Route Event Processing
Phase 13 Post-Route Event Processing | Checksum: 171ce45f1

Time (s): cpu = 00:01:16 ; elapsed = 00:00:49 . Memory (MB): peak = 2501.125 ; gain = 47.469
INFO: [Route 35-16] Router Completed Successfully
Ending Routing Task | Checksum: 171ce45f1

Time (s): cpu = 00:01:16 ; elapsed = 00:00:49 . Memory (MB): peak = 2501.125 ; gain = 47.469

Routing Is Done.
INFO: [Common 17-83] Releasing license: Implementation
11 Infos, 103 Warnings, 0 Critical Warnings and 0 Errors encountered.
route_design completed successfully
route_design: Time (s): cpu = 00:01:17 ; elapsed = 00:00:49 . Memory (MB): peak = 2501.125 ; gain = 47.469
# report_utilization    -file $OUT/ooc_v19_utilization.rpt
# report_timing_summary -file $OUT/ooc_v19_timing.rpt
INFO: [Timing 38-91] UpdateTimingParams: Speed grade: -1, Delay Type: min_max.
INFO: [Timing 38-191] Multithreading enabled for timing update using a maximum of 2 CPUs
WARNING: [Timing 38-242] The property HD.CLK_SRC of clock port "clk_i" is not set. In out-of-context mode, this prevents timing estimation for clock delay/skew
Resolution: Set the HD.CLK_SRC property of the out-of-context port to the location of the clock buffer instance in the top-level design
# report_drc            -file $OUT/ooc_v19_drc.rpt
Command: report_drc -file E:/competition/2_fpga/3_yolo_zynq/proj/ooc_gate/ooc_v19_drc.rpt
INFO: [IP_Flow 19-1839] IP Catalog is up to date.
INFO: [DRC 23-27] Running DRC with 2 threads
WARNING: [DRC 23-814] Not all possible (connectivity based) DRCs may have been run because this design is seen as Out of Context.
INFO: [Vivado_Tcl 2-168] The results of DRC are in file E:/competition/2_fpga/3_yolo_zynq/proj/ooc_gate/ooc_v19_drc.rpt.
report_drc completed successfully
# report_route_status   -file $OUT/ooc_v19_route_status.rpt
# write_checkpoint      -force $OUT/ooc_v19_routed.dcp
INFO: [Timing 38-480] Writing timing data to binary archive.
Wrote PlaceDB: Time (s): cpu = 00:00:00 ; elapsed = 00:00:00 . Memory (MB): peak = 2501.125 ; gain = 0.000
Wrote PulsedLatchDB: Time (s): cpu = 00:00:00 ; elapsed = 00:00:00 . Memory (MB): peak = 2501.125 ; gain = 0.000
Writing XDEF routing.
Writing XDEF routing logical nets.
Write ShapeDB Complete: Time (s): cpu = 00:00:00 ; elapsed = 00:00:00.055 . Memory (MB): peak = 2501.125 ; gain = 0.000
Writing XDEF routing special nets.
Wrote RouteStorage: Time (s): cpu = 00:00:01 ; elapsed = 00:00:00.217 . Memory (MB): peak = 2501.125 ; gain = 0.000
Wrote PlaceStorage: Time (s): cpu = 00:00:01 ; elapsed = 00:00:00.862 . Memory (MB): peak = 2501.125 ; gain = 0.000
Wrote Netlist Cache: Time (s): cpu = 00:00:00 ; elapsed = 00:00:00.039 . Memory (MB): peak = 2501.125 ; gain = 0.000
Wrote Device Cache: Time (s): cpu = 00:00:00 ; elapsed = 00:00:00.007 . Memory (MB): peak = 2501.125 ; gain = 0.000
Write Physdb Complete: Time (s): cpu = 00:00:02 ; elapsed = 00:00:01 . Memory (MB): peak = 2501.125 ; gain = 0.000
INFO: [Common 17-1381] The checkpoint 'E:/competition/2_fpga/3_yolo_zynq/proj/ooc_gate/ooc_v19_routed.dcp' has been generated.
# set ndsp   [llength [get_cells -hier -filter {REF_NAME =~ DSP48E1}]]
# set nbram36 [llength [get_cells -hier -filter {REF_NAME =~ RAMB36E1}]]
WARNING: [Vivado 12-180] No cells matched 'get_cells -hier -filter {REF_NAME =~ RAMB18E1}'.
# set nbram18 [llength [get_cells -hier -filter {REF_NAME =~ RAMB18E1}]]
# puts "OOC_V19_RES dsp48e1=$ndsp ramb36=$nbram36 ramb18=$nbram18"
OOC_V19_RES dsp48e1=141 ramb36=20 ramb18=0
# report_timing -max_paths 10 -path_type summary \
#     -file $OUT/ooc_v19_top10.rpt
INFO: [Timing 38-91] UpdateTimingParams: Speed grade: -1, Delay Type: max.
INFO: [Timing 38-191] Multithreading enabled for timing update using a maximum of 2 CPUs
INFO: [Timing 38-78] ReportTimingParams: -max_paths 10 -nworst 1 -delay_type max -sort_by slack.
# set wns [get_property SLACK [get_timing_paths -delay_type max -max_paths 1]]
# set whs [get_property SLACK [get_timing_paths -delay_type min -max_paths 1]]
# set fmax [expr {1000.0 / (6.667 - $wns)}]
# if {$wns >= 0} {
#     puts "GEMM16_OOC_TIMING_PASS wns_ns=$wns whs_ns=$whs fmax_mhz=$fmax target_mhz=150.0"
# } else {
#     puts "GEMM16_OOC_TIMING_FAIL wns_ns=$wns whs_ns=$whs fmax_mhz=$fmax target_mhz=150.0"
# }
GEMM16_OOC_TIMING_FAIL wns_ns=-4.853 whs_ns=0.086 fmax_mhz=86.80555555555556 target_mhz=150.0
INFO: [Common 17-206] Exiting Vivado at Thu Sep 17 01:41:45 2026...
