#-----------------------------------------------------------
# Vivado v2025.2 (64-bit)
# SW Build 6299465 on Fri Nov 14 19:35:11 GMT 2025
# IP Build 6300035 on Fri Nov 14 10:48:45 MST 2025
# SharedData Build 6298862 on Thu Nov 13 04:50:51 MST 2025
# Start of session at: Wed Sep 16 13:16:17 2026
# Process ID         : 35924
# Current directory  : E:/competition/2_fpga/3_yolo_zynq/proj/ooc_gate
# Command line       : vivado.exe -mode batch -source ooc_run01.tcl -nojournal -log ooc_run01_vivado.log
# Log file           : E:/competition/2_fpga/3_yolo_zynq/proj/ooc_gate/ooc_run01_vivado.log
# Journal file       : 
# Running On         : HC-202510241838
# Platform           : Windows Server 2016 or Windows 10
# Operating System   : 26200
# Processor Detail   : AMD Ryzen 5 9600X 6-Core Processor             
# CPU Frequency      : 3893 MHz
# CPU Physical cores : 6
# CPU Logical cores  : 12
# Host memory        : 33410 MB
# Swap memory        : 21474 MB
# Total Virtual      : 54884 MB
# Available Virtual  : 23143 MB
#-----------------------------------------------------------
source ooc_run01.tcl
# set RTL E:/competition/2_fpga/3_yolo_zynq/rtl
# set OUT E:/competition/2_fpga/3_yolo_zynq/proj/ooc_gate
# set filelist [list \
#     $RTL/yolo_engine_top.v \
#     $RTL/yolo_gemm_array.v \
#     $RTL/yolo_csr.v \
#     $RTL/yolo_ctrl.v \
#     $RTL/yolo_dma.v \
#     $RTL/yolo_dma_wr.v \
#     $RTL/yolo_wbuf.v \
#     $RTL/yolo_xbuf.v \
#     $RTL/yolo_addrgen.v \
#     $RTL/yolo_pe_pack.v \
#     $RTL/yolo_acc.v \
#     $RTL/yolo_requant.v \
#     $RTL/yolo_silu_lut.v \
# ]
# read_verilog $filelist
# synth_design -top yolo_engine_top -part xc7z020clg484-1 -mode out_of_context
Command: synth_design -top yolo_engine_top -part xc7z020clg484-1 -mode out_of_context
Starting synth_design
Attempting to get a license for feature 'Synthesis' and/or device 'xc7z020'
INFO: [Common 17-349] Got license for feature 'Synthesis' and/or device 'xc7z020'
INFO: [Synth 8-7079] Multithreading enabled for synth_design using a maximum of 2 processes.
INFO: [Synth 8-7078] Launching helper process for spawning children vivado processes
INFO: [Synth 8-7075] Helper process launched with PID 41388
---------------------------------------------------------------------------------
Starting Synthesize : Time (s): cpu = 00:00:04 ; elapsed = 00:00:04 . Memory (MB): peak = 1087.699 ; gain = 536.578
---------------------------------------------------------------------------------
INFO: [Synth 8-6157] synthesizing module 'yolo_engine_top' [E:/competition/2_fpga/3_yolo_zynq/rtl/yolo_engine_top.v:32]
INFO: [Synth 8-6157] synthesizing module 'yolo_csr' [E:/competition/2_fpga/3_yolo_zynq/rtl/yolo_csr.v:69]
	Parameter C_BASEADDR bound to: 1136721920 - type: integer 
	Parameter OC_AW bound to: 11 - type: integer 
	Parameter N_AW bound to: 16 - type: integer 
	Parameter K_AW bound to: 12 - type: integer 
INFO: [Synth 8-6155] done synthesizing module 'yolo_csr' (0#1) [E:/competition/2_fpga/3_yolo_zynq/rtl/yolo_csr.v:69]
INFO: [Synth 8-6157] synthesizing module 'yolo_gemm_array' [E:/competition/2_fpga/3_yolo_zynq/rtl/yolo_gemm_array.v:111]
	Parameter OC_EDGE bound to: 16 - type: integer 
	Parameter N_EDGE bound to: 16 - type: integer 
	Parameter K_MAX bound to: 2304 - type: integer 
	Parameter AW bound to: 12 - type: integer 
	Parameter ROW_AW bound to: 4 - type: integer 
	Parameter COL_AW bound to: 4 - type: integer 
	Parameter ADDR_W bound to: 32 - type: integer 
	Parameter LEN_W bound to: 24 - type: integer 
	Parameter OC_AW bound to: 11 - type: integer 
	Parameter N_AW bound to: 16 - type: integer 
	Parameter K_AW bound to: 12 - type: integer 
	Parameter TILE_AW bound to: 12 - type: integer 
	Parameter MAX_BURST bound to: 16 - type: integer 
INFO: [Synth 8-6157] synthesizing module 'yolo_pe_pack' [E:/competition/2_fpga/3_yolo_zynq/rtl/yolo_pe_pack.v:53]
INFO: [Synth 8-6155] done synthesizing module 'yolo_pe_pack' (0#1) [E:/competition/2_fpga/3_yolo_zynq/rtl/yolo_pe_pack.v:53]
INFO: [Synth 8-6157] synthesizing module 'yolo_ctrl' [E:/competition/2_fpga/3_yolo_zynq/rtl/yolo_ctrl.v:52]
	Parameter OC_EDGE bound to: 16 - type: integer 
	Parameter N_EDGE bound to: 16 - type: integer 
	Parameter OC_AW bound to: 11 - type: integer 
	Parameter N_AW bound to: 16 - type: integer 
	Parameter K_AW bound to: 12 - type: integer 
	Parameter TILE_AW bound to: 12 - type: integer 
INFO: [Synth 8-6155] done synthesizing module 'yolo_ctrl' (0#1) [E:/competition/2_fpga/3_yolo_zynq/rtl/yolo_ctrl.v:52]
INFO: [Synth 8-6157] synthesizing module 'yolo_dma' [E:/competition/2_fpga/3_yolo_zynq/rtl/yolo_dma.v:37]
	Parameter ADDR_W bound to: 32 - type: integer 
	Parameter LEN_W bound to: 24 - type: integer 
	Parameter MAX_BURST bound to: 16 - type: integer 
INFO: [Synth 8-6155] done synthesizing module 'yolo_dma' (0#1) [E:/competition/2_fpga/3_yolo_zynq/rtl/yolo_dma.v:37]
INFO: [Synth 8-6157] synthesizing module 'yolo_addrgen' [E:/competition/2_fpga/3_yolo_zynq/rtl/yolo_addrgen.v:31]
	Parameter AW bound to: 32 - type: integer 
INFO: [Synth 8-6155] done synthesizing module 'yolo_addrgen' (0#1) [E:/competition/2_fpga/3_yolo_zynq/rtl/yolo_addrgen.v:31]
INFO: [Synth 8-6157] synthesizing module 'yolo_wbuf' [E:/competition/2_fpga/3_yolo_zynq/rtl/yolo_wbuf.v:33]
	Parameter N_ROWS bound to: 16 - type: integer 
	Parameter K_MAX bound to: 2304 - type: integer 
	Parameter AW bound to: 12 - type: integer 
	Parameter ROW_AW bound to: 4 - type: integer 
INFO: [Synth 8-6155] done synthesizing module 'yolo_wbuf' (0#1) [E:/competition/2_fpga/3_yolo_zynq/rtl/yolo_wbuf.v:33]
INFO: [Synth 8-6157] synthesizing module 'yolo_xbuf' [E:/competition/2_fpga/3_yolo_zynq/rtl/yolo_xbuf.v:32]
	Parameter N_COLS bound to: 16 - type: integer 
	Parameter K_MAX bound to: 2304 - type: integer 
	Parameter AW bound to: 12 - type: integer 
	Parameter COL_AW bound to: 4 - type: integer 
INFO: [Synth 8-6155] done synthesizing module 'yolo_xbuf' (0#1) [E:/competition/2_fpga/3_yolo_zynq/rtl/yolo_xbuf.v:32]
INFO: [Synth 8-6157] synthesizing module 'yolo_acc' [E:/competition/2_fpga/3_yolo_zynq/rtl/yolo_acc.v:30]
	Parameter N_LANES bound to: 256 - type: integer 
	Parameter DATA_W bound to: 32 - type: integer 
INFO: [Synth 8-6155] done synthesizing module 'yolo_acc' (0#1) [E:/competition/2_fpga/3_yolo_zynq/rtl/yolo_acc.v:30]
INFO: [Synth 8-6157] synthesizing module 'yolo_requant' [E:/competition/2_fpga/3_yolo_zynq/rtl/yolo_requant.v:32]
	Parameter ACC_W bound to: 32 - type: integer 
INFO: [Synth 8-6155] done synthesizing module 'yolo_requant' (0#1) [E:/competition/2_fpga/3_yolo_zynq/rtl/yolo_requant.v:32]
INFO: [Synth 8-6157] synthesizing module 'yolo_silu_lut' [E:/competition/2_fpga/3_yolo_zynq/rtl/yolo_silu_lut.v:30]
	Parameter DW bound to: 8 - type: integer 
	Parameter AW bound to: 8 - type: integer 
INFO: [Synth 8-6155] done synthesizing module 'yolo_silu_lut' (0#1) [E:/competition/2_fpga/3_yolo_zynq/rtl/yolo_silu_lut.v:30]
INFO: [Synth 8-6157] synthesizing module 'yolo_dma_wr' [E:/competition/2_fpga/3_yolo_zynq/rtl/yolo_dma_wr.v:74]
	Parameter ADDR_W bound to: 32 - type: integer 
	Parameter LEN_W bound to: 24 - type: integer 
	Parameter MAX_BURST bound to: 16 - type: integer 
INFO: [Synth 8-6155] done synthesizing module 'yolo_dma_wr' (0#1) [E:/competition/2_fpga/3_yolo_zynq/rtl/yolo_dma_wr.v:74]
INFO: [Synth 8-226] default block is never used [E:/competition/2_fpga/3_yolo_zynq/rtl/yolo_gemm_array.v:1026]
INFO: [Synth 8-6155] done synthesizing module 'yolo_gemm_array' (0#1) [E:/competition/2_fpga/3_yolo_zynq/rtl/yolo_gemm_array.v:111]
INFO: [Synth 8-6155] done synthesizing module 'yolo_engine_top' (0#1) [E:/competition/2_fpga/3_yolo_zynq/rtl/yolo_engine_top.v:32]
WARNING: [Synth 8-6014] Unused sequential element kw_kh_c_reg was removed.  [E:/competition/2_fpga/3_yolo_zynq/rtl/yolo_addrgen.v:131]
WARNING: [Synth 8-6014] Unused sequential element cfg_oc_total_r_reg was removed.  [E:/competition/2_fpga/3_yolo_zynq/rtl/yolo_gemm_array.v:320]
WARNING: [Synth 8-6014] Unused sequential element row_start_d1_r_reg was removed.  [E:/competition/2_fpga/3_yolo_zynq/rtl/yolo_gemm_array.v:855]
WARNING: [Synth 8-6014] Unused sequential element row_start_d2_r_reg was removed.  [E:/competition/2_fpga/3_yolo_zynq/rtl/yolo_gemm_array.v:931]
WARNING: [Synth 8-6014] Unused sequential element row_start_d3_r_reg was removed.  [E:/competition/2_fpga/3_yolo_zynq/rtl/yolo_gemm_array.v:932]
WARNING: [Synth 8-7137] Register seg_buf_r_reg in module yolo_gemm_array has both Set and reset with same priority. This may cause simulation mismatches. Consider rewriting code  [E:/competition/2_fpga/3_yolo_zynq/rtl/yolo_gemm_array.v:984]
WARNING: [Synth 8-6014] Unused sequential element cfg_wbase_r_reg was removed.  [E:/competition/2_fpga/3_yolo_zynq/rtl/yolo_gemm_array.v:329]
WARNING: [Synth 8-6014] Unused sequential element kbyte_cnt_r_reg was removed.  [E:/competition/2_fpga/3_yolo_zynq/rtl/yolo_gemm_array.v:562]
WARNING: [Synth 8-7129] Port bresp_i[1] in module yolo_dma_wr is either unconnected or has no load
WARNING: [Synth 8-7129] Port bresp_i[0] in module yolo_dma_wr is either unconnected or has no load
WARNING: [Synth 8-7129] Port ic_i[15] in module yolo_addrgen is either unconnected or has no load
WARNING: [Synth 8-7129] Port ic_i[14] in module yolo_addrgen is either unconnected or has no load
WARNING: [Synth 8-7129] Port ic_i[13] in module yolo_addrgen is either unconnected or has no load
WARNING: [Synth 8-7129] Port ic_i[12] in module yolo_addrgen is either unconnected or has no load
WARNING: [Synth 8-7129] Port ic_i[11] in module yolo_addrgen is either unconnected or has no load
WARNING: [Synth 8-7129] Port ic_i[10] in module yolo_addrgen is either unconnected or has no load
WARNING: [Synth 8-7129] Port ic_i[9] in module yolo_addrgen is either unconnected or has no load
WARNING: [Synth 8-7129] Port ic_i[8] in module yolo_addrgen is either unconnected or has no load
WARNING: [Synth 8-7129] Port ic_i[7] in module yolo_addrgen is either unconnected or has no load
WARNING: [Synth 8-7129] Port ic_i[6] in module yolo_addrgen is either unconnected or has no load
WARNING: [Synth 8-7129] Port ic_i[5] in module yolo_addrgen is either unconnected or has no load
WARNING: [Synth 8-7129] Port ic_i[4] in module yolo_addrgen is either unconnected or has no load
WARNING: [Synth 8-7129] Port ic_i[3] in module yolo_addrgen is either unconnected or has no load
WARNING: [Synth 8-7129] Port ic_i[2] in module yolo_addrgen is either unconnected or has no load
WARNING: [Synth 8-7129] Port ic_i[1] in module yolo_addrgen is either unconnected or has no load
WARNING: [Synth 8-7129] Port ic_i[0] in module yolo_addrgen is either unconnected or has no load
WARNING: [Synth 8-7129] Port rlast_i in module yolo_dma is either unconnected or has no load
WARNING: [Synth 8-7129] Port dsc_wbase_i[31] in module yolo_gemm_array is either unconnected or has no load
WARNING: [Synth 8-7129] Port dsc_wbase_i[30] in module yolo_gemm_array is either unconnected or has no load
WARNING: [Synth 8-7129] Port dsc_wbase_i[29] in module yolo_gemm_array is either unconnected or has no load
WARNING: [Synth 8-7129] Port dsc_wbase_i[28] in module yolo_gemm_array is either unconnected or has no load
WARNING: [Synth 8-7129] Port dsc_wbase_i[27] in module yolo_gemm_array is either unconnected or has no load
WARNING: [Synth 8-7129] Port dsc_wbase_i[26] in module yolo_gemm_array is either unconnected or has no load
WARNING: [Synth 8-7129] Port dsc_wbase_i[25] in module yolo_gemm_array is either unconnected or has no load
WARNING: [Synth 8-7129] Port dsc_wbase_i[24] in module yolo_gemm_array is either unconnected or has no load
WARNING: [Synth 8-7129] Port dsc_wbase_i[23] in module yolo_gemm_array is either unconnected or has no load
WARNING: [Synth 8-7129] Port dsc_wbase_i[22] in module yolo_gemm_array is either unconnected or has no load
WARNING: [Synth 8-7129] Port dsc_wbase_i[21] in module yolo_gemm_array is either unconnected or has no load
WARNING: [Synth 8-7129] Port dsc_wbase_i[20] in module yolo_gemm_array is either unconnected or has no load
WARNING: [Synth 8-7129] Port dsc_wbase_i[19] in module yolo_gemm_array is either unconnected or has no load
WARNING: [Synth 8-7129] Port dsc_wbase_i[18] in module yolo_gemm_array is either unconnected or has no load
WARNING: [Synth 8-7129] Port dsc_wbase_i[17] in module yolo_gemm_array is either unconnected or has no load
WARNING: [Synth 8-7129] Port dsc_wbase_i[16] in module yolo_gemm_array is either unconnected or has no load
WARNING: [Synth 8-7129] Port dsc_wbase_i[15] in module yolo_gemm_array is either unconnected or has no load
WARNING: [Synth 8-7129] Port dsc_wbase_i[14] in module yolo_gemm_array is either unconnected or has no load
WARNING: [Synth 8-7129] Port dsc_wbase_i[13] in module yolo_gemm_array is either unconnected or has no load
WARNING: [Synth 8-7129] Port dsc_wbase_i[12] in module yolo_gemm_array is either unconnected or has no load
WARNING: [Synth 8-7129] Port dsc_wbase_i[11] in module yolo_gemm_array is either unconnected or has no load
WARNING: [Synth 8-7129] Port dsc_wbase_i[10] in module yolo_gemm_array is either unconnected or has no load
WARNING: [Synth 8-7129] Port dsc_wbase_i[9] in module yolo_gemm_array is either unconnected or has no load
WARNING: [Synth 8-7129] Port dsc_wbase_i[8] in module yolo_gemm_array is either unconnected or has no load
WARNING: [Synth 8-7129] Port dsc_wbase_i[7] in module yolo_gemm_array is either unconnected or has no load
WARNING: [Synth 8-7129] Port dsc_wbase_i[6] in module yolo_gemm_array is either unconnected or has no load
WARNING: [Synth 8-7129] Port dsc_wbase_i[5] in module yolo_gemm_array is either unconnected or has no load
WARNING: [Synth 8-7129] Port dsc_wbase_i[4] in module yolo_gemm_array is either unconnected or has no load
WARNING: [Synth 8-7129] Port dsc_wbase_i[3] in module yolo_gemm_array is either unconnected or has no load
WARNING: [Synth 8-7129] Port dsc_wbase_i[2] in module yolo_gemm_array is either unconnected or has no load
WARNING: [Synth 8-7129] Port dsc_wbase_i[1] in module yolo_gemm_array is either unconnected or has no load
WARNING: [Synth 8-7129] Port dsc_wbase_i[0] in module yolo_gemm_array is either unconnected or has no load
WARNING: [Synth 8-7129] Port s_axi_awaddr[31] in module yolo_csr is either unconnected or has no load
WARNING: [Synth 8-7129] Port s_axi_awaddr[30] in module yolo_csr is either unconnected or has no load
WARNING: [Synth 8-7129] Port s_axi_awaddr[29] in module yolo_csr is either unconnected or has no load
WARNING: [Synth 8-7129] Port s_axi_awaddr[28] in module yolo_csr is either unconnected or has no load
WARNING: [Synth 8-7129] Port s_axi_awaddr[27] in module yolo_csr is either unconnected or has no load
WARNING: [Synth 8-7129] Port s_axi_awaddr[26] in module yolo_csr is either unconnected or has no load
WARNING: [Synth 8-7129] Port s_axi_awaddr[25] in module yolo_csr is either unconnected or has no load
WARNING: [Synth 8-7129] Port s_axi_awaddr[24] in module yolo_csr is either unconnected or has no load
WARNING: [Synth 8-7129] Port s_axi_awaddr[23] in module yolo_csr is either unconnected or has no load
WARNING: [Synth 8-7129] Port s_axi_awaddr[22] in module yolo_csr is either unconnected or has no load
WARNING: [Synth 8-7129] Port s_axi_awaddr[21] in module yolo_csr is either unconnected or has no load
WARNING: [Synth 8-7129] Port s_axi_awaddr[20] in module yolo_csr is either unconnected or has no load
WARNING: [Synth 8-7129] Port s_axi_awaddr[19] in module yolo_csr is either unconnected or has no load
WARNING: [Synth 8-7129] Port s_axi_awaddr[18] in module yolo_csr is either unconnected or has no load
WARNING: [Synth 8-7129] Port s_axi_awaddr[17] in module yolo_csr is either unconnected or has no load
WARNING: [Synth 8-7129] Port s_axi_awaddr[16] in module yolo_csr is either unconnected or has no load
WARNING: [Synth 8-7129] Port s_axi_awaddr[1] in module yolo_csr is either unconnected or has no load
WARNING: [Synth 8-7129] Port s_axi_awaddr[0] in module yolo_csr is either unconnected or has no load
WARNING: [Synth 8-7129] Port s_axi_awprot[2] in module yolo_csr is either unconnected or has no load
WARNING: [Synth 8-7129] Port s_axi_awprot[1] in module yolo_csr is either unconnected or has no load
WARNING: [Synth 8-7129] Port s_axi_awprot[0] in module yolo_csr is either unconnected or has no load
WARNING: [Synth 8-7129] Port s_axi_araddr[31] in module yolo_csr is either unconnected or has no load
WARNING: [Synth 8-7129] Port s_axi_araddr[30] in module yolo_csr is either unconnected or has no load
WARNING: [Synth 8-7129] Port s_axi_araddr[29] in module yolo_csr is either unconnected or has no load
WARNING: [Synth 8-7129] Port s_axi_araddr[28] in module yolo_csr is either unconnected or has no load
WARNING: [Synth 8-7129] Port s_axi_araddr[27] in module yolo_csr is either unconnected or has no load
WARNING: [Synth 8-7129] Port s_axi_araddr[26] in module yolo_csr is either unconnected or has no load
WARNING: [Synth 8-7129] Port s_axi_araddr[25] in module yolo_csr is either unconnected or has no load
WARNING: [Synth 8-7129] Port s_axi_araddr[24] in module yolo_csr is either unconnected or has no load
WARNING: [Synth 8-7129] Port s_axi_araddr[23] in module yolo_csr is either unconnected or has no load
WARNING: [Synth 8-7129] Port s_axi_araddr[22] in module yolo_csr is either unconnected or has no load
WARNING: [Synth 8-7129] Port s_axi_araddr[21] in module yolo_csr is either unconnected or has no load
WARNING: [Synth 8-7129] Port s_axi_araddr[20] in module yolo_csr is either unconnected or has no load
WARNING: [Synth 8-7129] Port s_axi_araddr[19] in module yolo_csr is either unconnected or has no load
WARNING: [Synth 8-7129] Port s_axi_araddr[18] in module yolo_csr is either unconnected or has no load
WARNING: [Synth 8-7129] Port s_axi_araddr[17] in module yolo_csr is either unconnected or has no load
WARNING: [Synth 8-7129] Port s_axi_araddr[16] in module yolo_csr is either unconnected or has no load
WARNING: [Synth 8-7129] Port s_axi_araddr[1] in module yolo_csr is either unconnected or has no load
WARNING: [Synth 8-7129] Port s_axi_araddr[0] in module yolo_csr is either unconnected or has no load
WARNING: [Synth 8-7129] Port s_axi_arprot[2] in module yolo_csr is either unconnected or has no load
WARNING: [Synth 8-7129] Port s_axi_arprot[1] in module yolo_csr is either unconnected or has no load
WARNING: [Synth 8-7129] Port s_axi_arprot[0] in module yolo_csr is either unconnected or has no load
---------------------------------------------------------------------------------
Finished Synthesize : Time (s): cpu = 00:00:07 ; elapsed = 00:00:08 . Memory (MB): peak = 1301.031 ; gain = 749.910
---------------------------------------------------------------------------------
---------------------------------------------------------------------------------
Finished Constraint Validation : Time (s): cpu = 00:00:08 ; elapsed = 00:00:09 . Memory (MB): peak = 1301.031 ; gain = 749.910
---------------------------------------------------------------------------------
---------------------------------------------------------------------------------
Start Loading Part and Timing Information
---------------------------------------------------------------------------------
Loading part: xc7z020clg484-1
---------------------------------------------------------------------------------
Finished Loading Part and Timing Information : Time (s): cpu = 00:00:08 ; elapsed = 00:00:09 . Memory (MB): peak = 1301.031 ; gain = 749.910
---------------------------------------------------------------------------------
INFO: [Device 21-403] Loading part xc7z020clg484-1
INFO: [Synth 8-802] inferred FSM for state register 'state_r_reg' in module 'yolo_ctrl'
INFO: [Synth 8-802] inferred FSM for state register 'ldr_state_r_reg' in module 'yolo_gemm_array'
INFO: [Synth 8-802] inferred FSM for state register 'seg_state_r_reg' in module 'yolo_gemm_array'
---------------------------------------------------------------------------------------------------
                   State |                     New Encoding |                Previous Encoding 
---------------------------------------------------------------------------------------------------
                  S_IDLE |                            00001 |                              000
                  S_TILE |                            01000 |                              001
                     S_K |                            10000 |                              010
                    S_RQ |                            00100 |                              011
                 S_LDONE |                            00010 |                              100
---------------------------------------------------------------------------------------------------
INFO: [Synth 8-3354] encoded FSM with state register 'state_r_reg' using encoding 'one-hot' in module 'yolo_ctrl'
---------------------------------------------------------------------------------------------------
                   State |                     New Encoding |                Previous Encoding 
---------------------------------------------------------------------------------------------------
                SEG_IDLE |                               00 |                               00
                SEG_FILL |                               01 |                               01
                 SEG_CMD |                               10 |                               10
                  SEG_DR |                               11 |                               11
---------------------------------------------------------------------------------------------------
INFO: [Synth 8-3354] encoded FSM with state register 'seg_state_r_reg' using encoding 'sequential' in module 'yolo_gemm_array'
---------------------------------------------------------------------------------------------------
                   State |                     New Encoding |                Previous Encoding 
---------------------------------------------------------------------------------------------------
                 S_LDESC |                               00 |                               00
                  S_LCHK |                               10 |                               01
                  S_LRUN |                               01 |                               10
---------------------------------------------------------------------------------------------------
INFO: [Synth 8-3354] encoded FSM with state register 'ldr_state_r_reg' using encoding 'sequential' in module 'yolo_gemm_array'
---------------------------------------------------------------------------------
Finished RTL Optimization Phase 2 : Time (s): cpu = 00:00:11 ; elapsed = 00:00:11 . Memory (MB): peak = 1301.031 ; gain = 749.910
---------------------------------------------------------------------------------
No constraint files found.
---------------------------------------------------------------------------------
Start RTL Component Statistics 
---------------------------------------------------------------------------------
Detailed RTL Component Info : 
+---Adders : 
	   2 Input   64 Bit       Adders := 3     
	   2 Input   33 Bit       Adders := 1     
	   2 Input   32 Bit       Adders := 258   
	   3 Input   26 Bit       Adders := 1     
	   2 Input   25 Bit       Adders := 1     
	   2 Input   24 Bit       Adders := 1     
	   2 Input   17 Bit       Adders := 130   
	   2 Input   16 Bit       Adders := 6     
	   2 Input   13 Bit       Adders := 2     
	   2 Input   12 Bit       Adders := 13    
	   3 Input   12 Bit       Adders := 4     
	   2 Input    8 Bit       Adders := 11    
	   2 Input    6 Bit       Adders := 4     
	   2 Input    5 Bit       Adders := 2     
	   2 Input    4 Bit       Adders := 3     
	   2 Input    3 Bit       Adders := 2     
+---XORs : 
	   2 Input      1 Bit         XORs := 1     
+---Registers : 
	              512 Bit    Registers := 2     
	              128 Bit    Registers := 2     
	               64 Bit    Registers := 2     
	               32 Bit    Registers := 24    
	               24 Bit    Registers := 3     
	               16 Bit    Registers := 14    
	               12 Bit    Registers := 18    
	               11 Bit    Registers := 1     
	                8 Bit    Registers := 306   
	                6 Bit    Registers := 3     
	                5 Bit    Registers := 2     
	                4 Bit    Registers := 8     
	                3 Bit    Registers := 3     
	                2 Bit    Registers := 3     
	                1 Bit    Registers := 33    
+---Multipliers : 
	              16x32  Multipliers := 1     
+---RAMs : 
	              18K Bit	(2304 X 8 bit)          RAMs := 64    
	              512 Bit	(16 X 32 bit)          RAMs := 4     
	              128 Bit	(16 X 8 bit)          RAMs := 2     
+---Muxes : 
	   2 Input 8192 Bit        Muxes := 1     
	   2 Input  512 Bit        Muxes := 3     
	   3 Input  512 Bit        Muxes := 1     
	   2 Input  128 Bit        Muxes := 3     
	   4 Input  128 Bit        Muxes := 2     
	   3 Input  128 Bit        Muxes := 1     
	   2 Input   64 Bit        Muxes := 2     
	   2 Input   32 Bit        Muxes := 32    
	  16 Input   32 Bit        Muxes := 12    
	   4 Input   32 Bit        Muxes := 1     
	   2 Input   24 Bit        Muxes := 5     
	   2 Input   20 Bit        Muxes := 2     
	   2 Input   16 Bit        Muxes := 6     
	   2 Input   12 Bit        Muxes := 6     
	   3 Input   12 Bit        Muxes := 2     
	   5 Input   12 Bit        Muxes := 6     
	   2 Input    8 Bit        Muxes := 62    
	   2 Input    7 Bit        Muxes := 1     
	   2 Input    6 Bit        Muxes := 3     
	   4 Input    5 Bit        Muxes := 2     
	   5 Input    5 Bit        Muxes := 1     
	   2 Input    5 Bit        Muxes := 1     
	   2 Input    4 Bit        Muxes := 7     
	   3 Input    4 Bit        Muxes := 1     
	   2 Input    3 Bit        Muxes := 2     
	   6 Input    3 Bit        Muxes := 1     
	   2 Input    2 Bit        Muxes := 14    
	  16 Input    2 Bit        Muxes := 1     
	   4 Input    2 Bit        Muxes := 1     
	   3 Input    2 Bit        Muxes := 3     
	   2 Input    1 Bit        Muxes := 67    
	  16 Input    1 Bit        Muxes := 4     
	   4 Input    1 Bit        Muxes := 7     
	   3 Input    1 Bit        Muxes := 17    
	   5 Input    1 Bit        Muxes := 8     
---------------------------------------------------------------------------------
Finished RTL Component Statistics 
---------------------------------------------------------------------------------
---------------------------------------------------------------------------------
Start Part Resource Summary
---------------------------------------------------------------------------------
Part Resources:
DSPs: 220 (col length:60)
BRAMs: 280 (col length: RAMB18 60 RAMB36 30)
---------------------------------------------------------------------------------
Finished Part Resource Summary
---------------------------------------------------------------------------------
No constraint files found.
---------------------------------------------------------------------------------
Start Cross Boundary and Area Optimization
---------------------------------------------------------------------------------
DSP Report: Generating DSP prod, operation Mode is: A*B.
DSP Report: operator prod is absorbed into DSP prod.
DSP Report: operator prod is absorbed into DSP prod.
DSP Report: Generating DSP prod, operation Mode is: (PCIN>>17)+A*B.
DSP Report: operator prod is absorbed into DSP prod.
DSP Report: operator prod is absorbed into DSP prod.
DSP Report: Generating DSP prod, operation Mode is: A*B.
DSP Report: operator prod is absorbed into DSP prod.
DSP Report: operator prod is absorbed into DSP prod.
DSP Report: Generating DSP prod, operation Mode is: (PCIN>>17)+A*B.
DSP Report: operator prod is absorbed into DSP prod.
DSP Report: operator prod is absorbed into DSP prod.
DSP Report: Generating DSP g_pe_row[0].g_pe_pair[0].u_pe/p0_o, operation Mode is: -C+A*B+1-1.
DSP Report: operator g_pe_row[0].g_pe_pair[0].u_pe/p0_o is absorbed into DSP g_pe_row[0].g_pe_pair[0].u_pe/p0_o.
DSP Report: operator g_pe_row[0].g_pe_pair[0].u_pe/p_w is absorbed into DSP g_pe_row[0].g_pe_pair[0].u_pe/p0_o.
DSP Report: Generating DSP g_pe_row[0].g_pe_pair[0].u_pe/p_w, operation Mode is: A*B.
DSP Report: operator g_pe_row[0].g_pe_pair[0].u_pe/p_w is absorbed into DSP g_pe_row[0].g_pe_pair[0].u_pe/p_w.
DSP Report: Generating DSP g_pe_row[0].g_pe_pair[1].u_pe/p0_o, operation Mode is: -C+A*B+1-1.
DSP Report: operator g_pe_row[0].g_pe_pair[1].u_pe/p0_o is absorbed into DSP g_pe_row[0].g_pe_pair[1].u_pe/p0_o.
DSP Report: operator g_pe_row[0].g_pe_pair[1].u_pe/p_w is absorbed into DSP g_pe_row[0].g_pe_pair[1].u_pe/p0_o.
DSP Report: Generating DSP g_pe_row[0].g_pe_pair[1].u_pe/p_w, operation Mode is: A*B.
DSP Report: operator g_pe_row[0].g_pe_pair[1].u_pe/p_w is absorbed into DSP g_pe_row[0].g_pe_pair[1].u_pe/p_w.
DSP Report: Generating DSP g_pe_row[0].g_pe_pair[2].u_pe/p0_o, operation Mode is: -C+A*B+1-1.
DSP Report: operator g_pe_row[0].g_pe_pair[2].u_pe/p0_o is absorbed into DSP g_pe_row[0].g_pe_pair[2].u_pe/p0_o.
DSP Report: operator g_pe_row[0].g_pe_pair[2].u_pe/p_w is absorbed into DSP g_pe_row[0].g_pe_pair[2].u_pe/p0_o.
DSP Report: Generating DSP g_pe_row[0].g_pe_pair[2].u_pe/p_w, operation Mode is: A*B.
DSP Report: operator g_pe_row[0].g_pe_pair[2].u_pe/p_w is absorbed into DSP g_pe_row[0].g_pe_pair[2].u_pe/p_w.
DSP Report: Generating DSP g_pe_row[0].g_pe_pair[3].u_pe/p0_o, operation Mode is: -C+A*B+1-1.
DSP Report: operator g_pe_row[0].g_pe_pair[3].u_pe/p0_o is absorbed into DSP g_pe_row[0].g_pe_pair[3].u_pe/p0_o.
DSP Report: operator g_pe_row[0].g_pe_pair[3].u_pe/p_w is absorbed into DSP g_pe_row[0].g_pe_pair[3].u_pe/p0_o.
DSP Report: Generating DSP g_pe_row[0].g_pe_pair[3].u_pe/p_w, operation Mode is: A*B.
DSP Report: operator g_pe_row[0].g_pe_pair[3].u_pe/p_w is absorbed into DSP g_pe_row[0].g_pe_pair[3].u_pe/p_w.
DSP Report: Generating DSP g_pe_row[0].g_pe_pair[4].u_pe/p0_o, operation Mode is: -C+A*B+1-1.
DSP Report: operator g_pe_row[0].g_pe_pair[4].u_pe/p0_o is absorbed into DSP g_pe_row[0].g_pe_pair[4].u_pe/p0_o.
DSP Report: operator g_pe_row[0].g_pe_pair[4].u_pe/p_w is absorbed into DSP g_pe_row[0].g_pe_pair[4].u_pe/p0_o.
DSP Report: Generating DSP g_pe_row[0].g_pe_pair[4].u_pe/p_w, operation Mode is: A*B.
DSP Report: operator g_pe_row[0].g_pe_pair[4].u_pe/p_w is absorbed into DSP g_pe_row[0].g_pe_pair[4].u_pe/p_w.
DSP Report: Generating DSP g_pe_row[0].g_pe_pair[5].u_pe/p0_o, operation Mode is: -C+A*B+1-1.
DSP Report: operator g_pe_row[0].g_pe_pair[5].u_pe/p0_o is absorbed into DSP g_pe_row[0].g_pe_pair[5].u_pe/p0_o.
DSP Report: operator g_pe_row[0].g_pe_pair[5].u_pe/p_w is absorbed into DSP g_pe_row[0].g_pe_pair[5].u_pe/p0_o.
DSP Report: Generating DSP g_pe_row[0].g_pe_pair[5].u_pe/p_w, operation Mode is: A*B.
DSP Report: operator g_pe_row[0].g_pe_pair[5].u_pe/p_w is absorbed into DSP g_pe_row[0].g_pe_pair[5].u_pe/p_w.
DSP Report: Generating DSP g_pe_row[0].g_pe_pair[6].u_pe/p0_o, operation Mode is: -C+A*B+1-1.
DSP Report: operator g_pe_row[0].g_pe_pair[6].u_pe/p0_o is absorbed into DSP g_pe_row[0].g_pe_pair[6].u_pe/p0_o.
DSP Report: operator g_pe_row[0].g_pe_pair[6].u_pe/p_w is absorbed into DSP g_pe_row[0].g_pe_pair[6].u_pe/p0_o.
DSP Report: Generating DSP g_pe_row[0].g_pe_pair[6].u_pe/p_w, operation Mode is: A*B.
DSP Report: operator g_pe_row[0].g_pe_pair[6].u_pe/p_w is absorbed into DSP g_pe_row[0].g_pe_pair[6].u_pe/p_w.
DSP Report: Generating DSP g_pe_row[1].g_pe_pair[0].u_pe/p0_o, operation Mode is: -C+A*B+1-1.
DSP Report: operator g_pe_row[1].g_pe_pair[0].u_pe/p0_o is absorbed into DSP g_pe_row[1].g_pe_pair[0].u_pe/p0_o.
DSP Report: operator g_pe_row[1].g_pe_pair[0].u_pe/p_w is absorbed into DSP g_pe_row[1].g_pe_pair[0].u_pe/p0_o.
DSP Report: Generating DSP g_pe_row[1].g_pe_pair[0].u_pe/p_w, operation Mode is: A*B.
DSP Report: operator g_pe_row[1].g_pe_pair[0].u_pe/p_w is absorbed into DSP g_pe_row[1].g_pe_pair[0].u_pe/p_w.
DSP Report: Generating DSP g_pe_row[1].g_pe_pair[1].u_pe/p0_o, operation Mode is: -C+A*B+1-1.
DSP Report: operator g_pe_row[1].g_pe_pair[1].u_pe/p0_o is absorbed into DSP g_pe_row[1].g_pe_pair[1].u_pe/p0_o.
DSP Report: operator g_pe_row[1].g_pe_pair[1].u_pe/p_w is absorbed into DSP g_pe_row[1].g_pe_pair[1].u_pe/p0_o.
DSP Report: Generating DSP g_pe_row[1].g_pe_pair[1].u_pe/p_w, operation Mode is: A*B.
DSP Report: operator g_pe_row[1].g_pe_pair[1].u_pe/p_w is absorbed into DSP g_pe_row[1].g_pe_pair[1].u_pe/p_w.
DSP Report: Generating DSP g_pe_row[1].g_pe_pair[2].u_pe/p0_o, operation Mode is: -C+A*B+1-1.
DSP Report: operator g_pe_row[1].g_pe_pair[2].u_pe/p0_o is absorbed into DSP g_pe_row[1].g_pe_pair[2].u_pe/p0_o.
DSP Report: operator g_pe_row[1].g_pe_pair[2].u_pe/p_w is absorbed into DSP g_pe_row[1].g_pe_pair[2].u_pe/p0_o.
DSP Report: Generating DSP g_pe_row[1].g_pe_pair[2].u_pe/p_w, operation Mode is: A*B.
DSP Report: operator g_pe_row[1].g_pe_pair[2].u_pe/p_w is absorbed into DSP g_pe_row[1].g_pe_pair[2].u_pe/p_w.
DSP Report: Generating DSP g_pe_row[1].g_pe_pair[3].u_pe/p0_o, operation Mode is: -C+A*B+1-1.
DSP Report: operator g_pe_row[1].g_pe_pair[3].u_pe/p0_o is absorbed into DSP g_pe_row[1].g_pe_pair[3].u_pe/p0_o.
DSP Report: operator g_pe_row[1].g_pe_pair[3].u_pe/p_w is absorbed into DSP g_pe_row[1].g_pe_pair[3].u_pe/p0_o.
DSP Report: Generating DSP g_pe_row[1].g_pe_pair[3].u_pe/p_w, operation Mode is: A*B.
DSP Report: operator g_pe_row[1].g_pe_pair[3].u_pe/p_w is absorbed into DSP g_pe_row[1].g_pe_pair[3].u_pe/p_w.
DSP Report: Generating DSP g_pe_row[1].g_pe_pair[4].u_pe/p0_o, operation Mode is: -C+A*B+1-1.
DSP Report: operator g_pe_row[1].g_pe_pair[4].u_pe/p0_o is absorbed into DSP g_pe_row[1].g_pe_pair[4].u_pe/p0_o.
DSP Report: operator g_pe_row[1].g_pe_pair[4].u_pe/p_w is absorbed into DSP g_pe_row[1].g_pe_pair[4].u_pe/p0_o.
DSP Report: Generating DSP g_pe_row[1].g_pe_pair[4].u_pe/p_w, operation Mode is: A*B.
DSP Report: operator g_pe_row[1].g_pe_pair[4].u_pe/p_w is absorbed into DSP g_pe_row[1].g_pe_pair[4].u_pe/p_w.
DSP Report: Generating DSP g_pe_row[1].g_pe_pair[5].u_pe/p0_o, operation Mode is: -C+A*B+1-1.
DSP Report: operator g_pe_row[1].g_pe_pair[5].u_pe/p0_o is absorbed into DSP g_pe_row[1].g_pe_pair[5].u_pe/p0_o.
DSP Report: operator g_pe_row[1].g_pe_pair[5].u_pe/p_w is absorbed into DSP g_pe_row[1].g_pe_pair[5].u_pe/p0_o.
DSP Report: Generating DSP g_pe_row[1].g_pe_pair[5].u_pe/p_w, operation Mode is: A*B.
DSP Report: operator g_pe_row[1].g_pe_pair[5].u_pe/p_w is absorbed into DSP g_pe_row[1].g_pe_pair[5].u_pe/p_w.
DSP Report: Generating DSP g_pe_row[1].g_pe_pair[6].u_pe/p0_o, operation Mode is: -C+A*B+1-1.
DSP Report: operator g_pe_row[1].g_pe_pair[6].u_pe/p0_o is absorbed into DSP g_pe_row[1].g_pe_pair[6].u_pe/p0_o.
DSP Report: operator g_pe_row[1].g_pe_pair[6].u_pe/p_w is absorbed into DSP g_pe_row[1].g_pe_pair[6].u_pe/p0_o.
DSP Report: Generating DSP g_pe_row[1].g_pe_pair[6].u_pe/p_w, operation Mode is: A*B.
DSP Report: operator g_pe_row[1].g_pe_pair[6].u_pe/p_w is absorbed into DSP g_pe_row[1].g_pe_pair[6].u_pe/p_w.
DSP Report: Generating DSP g_pe_row[2].g_pe_pair[0].u_pe/p0_o, operation Mode is: -C+A*B+1-1.
DSP Report: operator g_pe_row[2].g_pe_pair[0].u_pe/p0_o is absorbed into DSP g_pe_row[2].g_pe_pair[0].u_pe/p0_o.
DSP Report: operator g_pe_row[2].g_pe_pair[0].u_pe/p_w is absorbed into DSP g_pe_row[2].g_pe_pair[0].u_pe/p0_o.
DSP Report: Generating DSP g_pe_row[2].g_pe_pair[0].u_pe/p_w, operation Mode is: A*B.
DSP Report: operator g_pe_row[2].g_pe_pair[0].u_pe/p_w is absorbed into DSP g_pe_row[2].g_pe_pair[0].u_pe/p_w.
DSP Report: Generating DSP g_pe_row[2].g_pe_pair[1].u_pe/p0_o, operation Mode is: -C+A*B+1-1.
DSP Report: operator g_pe_row[2].g_pe_pair[1].u_pe/p0_o is absorbed into DSP g_pe_row[2].g_pe_pair[1].u_pe/p0_o.
DSP Report: operator g_pe_row[2].g_pe_pair[1].u_pe/p_w is absorbed into DSP g_pe_row[2].g_pe_pair[1].u_pe/p0_o.
DSP Report: Generating DSP g_pe_row[2].g_pe_pair[1].u_pe/p_w, operation Mode is: A*B.
DSP Report: operator g_pe_row[2].g_pe_pair[1].u_pe/p_w is absorbed into DSP g_pe_row[2].g_pe_pair[1].u_pe/p_w.
DSP Report: Generating DSP g_pe_row[2].g_pe_pair[2].u_pe/p0_o, operation Mode is: -C+A*B+1-1.
DSP Report: operator g_pe_row[2].g_pe_pair[2].u_pe/p0_o is absorbed into DSP g_pe_row[2].g_pe_pair[2].u_pe/p0_o.
DSP Report: operator g_pe_row[2].g_pe_pair[2].u_pe/p_w is absorbed into DSP g_pe_row[2].g_pe_pair[2].u_pe/p0_o.
DSP Report: Generating DSP g_pe_row[2].g_pe_pair[2].u_pe/p_w, operation Mode is: A*B.
DSP Report: operator g_pe_row[2].g_pe_pair[2].u_pe/p_w is absorbed into DSP g_pe_row[2].g_pe_pair[2].u_pe/p_w.
DSP Report: Generating DSP g_pe_row[2].g_pe_pair[3].u_pe/p0_o, operation Mode is: -C+A*B+1-1.
DSP Report: operator g_pe_row[2].g_pe_pair[3].u_pe/p0_o is absorbed into DSP g_pe_row[2].g_pe_pair[3].u_pe/p0_o.
DSP Report: operator g_pe_row[2].g_pe_pair[3].u_pe/p_w is absorbed into DSP g_pe_row[2].g_pe_pair[3].u_pe/p0_o.
DSP Report: Generating DSP g_pe_row[2].g_pe_pair[3].u_pe/p_w, operation Mode is: A*B.
DSP Report: operator g_pe_row[2].g_pe_pair[3].u_pe/p_w is absorbed into DSP g_pe_row[2].g_pe_pair[3].u_pe/p_w.
DSP Report: Generating DSP g_pe_row[2].g_pe_pair[4].u_pe/p0_o, operation Mode is: -C+A*B+1-1.
DSP Report: operator g_pe_row[2].g_pe_pair[4].u_pe/p0_o is absorbed into DSP g_pe_row[2].g_pe_pair[4].u_pe/p0_o.
DSP Report: operator g_pe_row[2].g_pe_pair[4].u_pe/p_w is absorbed into DSP g_pe_row[2].g_pe_pair[4].u_pe/p0_o.
DSP Report: Generating DSP g_pe_row[2].g_pe_pair[4].u_pe/p_w, operation Mode is: A*B.
DSP Report: operator g_pe_row[2].g_pe_pair[4].u_pe/p_w is absorbed into DSP g_pe_row[2].g_pe_pair[4].u_pe/p_w.
DSP Report: Generating DSP g_pe_row[2].g_pe_pair[5].u_pe/p0_o, operation Mode is: -C+A*B+1-1.
DSP Report: operator g_pe_row[2].g_pe_pair[5].u_pe/p0_o is absorbed into DSP g_pe_row[2].g_pe_pair[5].u_pe/p0_o.
DSP Report: operator g_pe_row[2].g_pe_pair[5].u_pe/p_w is absorbed into DSP g_pe_row[2].g_pe_pair[5].u_pe/p0_o.
DSP Report: Generating DSP g_pe_row[2].g_pe_pair[5].u_pe/p_w, operation Mode is: A*B.
DSP Report: operator g_pe_row[2].g_pe_pair[5].u_pe/p_w is absorbed into DSP g_pe_row[2].g_pe_pair[5].u_pe/p_w.
DSP Report: Generating DSP g_pe_row[2].g_pe_pair[6].u_pe/p0_o, operation Mode is: -C+A*B+1-1.
DSP Report: operator g_pe_row[2].g_pe_pair[6].u_pe/p0_o is absorbed into DSP g_pe_row[2].g_pe_pair[6].u_pe/p0_o.
DSP Report: operator g_pe_row[2].g_pe_pair[6].u_pe/p_w is absorbed into DSP g_pe_row[2].g_pe_pair[6].u_pe/p0_o.
DSP Report: Generating DSP g_pe_row[2].g_pe_pair[6].u_pe/p_w, operation Mode is: A*B.
DSP Report: operator g_pe_row[2].g_pe_pair[6].u_pe/p_w is absorbed into DSP g_pe_row[2].g_pe_pair[6].u_pe/p_w.
DSP Report: Generating DSP g_pe_row[3].g_pe_pair[0].u_pe/p0_o, operation Mode is: -C+A*B+1-1.
DSP Report: operator g_pe_row[3].g_pe_pair[0].u_pe/p0_o is absorbed into DSP g_pe_row[3].g_pe_pair[0].u_pe/p0_o.
DSP Report: operator g_pe_row[3].g_pe_pair[0].u_pe/p_w is absorbed into DSP g_pe_row[3].g_pe_pair[0].u_pe/p0_o.
DSP Report: Generating DSP g_pe_row[3].g_pe_pair[0].u_pe/p_w, operation Mode is: A*B.
DSP Report: operator g_pe_row[3].g_pe_pair[0].u_pe/p_w is absorbed into DSP g_pe_row[3].g_pe_pair[0].u_pe/p_w.
DSP Report: Generating DSP g_pe_row[3].g_pe_pair[1].u_pe/p0_o, operation Mode is: -C+A*B+1-1.
DSP Report: operator g_pe_row[3].g_pe_pair[1].u_pe/p0_o is absorbed into DSP g_pe_row[3].g_pe_pair[1].u_pe/p0_o.
DSP Report: operator g_pe_row[3].g_pe_pair[1].u_pe/p_w is absorbed into DSP g_pe_row[3].g_pe_pair[1].u_pe/p0_o.
DSP Report: Generating DSP g_pe_row[3].g_pe_pair[1].u_pe/p_w, operation Mode is: A*B.
DSP Report: operator g_pe_row[3].g_pe_pair[1].u_pe/p_w is absorbed into DSP g_pe_row[3].g_pe_pair[1].u_pe/p_w.
DSP Report: Generating DSP g_pe_row[3].g_pe_pair[2].u_pe/p0_o, operation Mode is: -C+A*B+1-1.
DSP Report: operator g_pe_row[3].g_pe_pair[2].u_pe/p0_o is absorbed into DSP g_pe_row[3].g_pe_pair[2].u_pe/p0_o.
DSP Report: operator g_pe_row[3].g_pe_pair[2].u_pe/p_w is absorbed into DSP g_pe_row[3].g_pe_pair[2].u_pe/p0_o.
DSP Report: Generating DSP g_pe_row[3].g_pe_pair[2].u_pe/p_w, operation Mode is: A*B.
DSP Report: operator g_pe_row[3].g_pe_pair[2].u_pe/p_w is absorbed into DSP g_pe_row[3].g_pe_pair[2].u_pe/p_w.
DSP Report: Generating DSP g_pe_row[3].g_pe_pair[3].u_pe/p0_o, operation Mode is: -C+A*B+1-1.
DSP Report: operator g_pe_row[3].g_pe_pair[3].u_pe/p0_o is absorbed into DSP g_pe_row[3].g_pe_pair[3].u_pe/p0_o.
DSP Report: operator g_pe_row[3].g_pe_pair[3].u_pe/p_w is absorbed into DSP g_pe_row[3].g_pe_pair[3].u_pe/p0_o.
DSP Report: Generating DSP g_pe_row[3].g_pe_pair[3].u_pe/p_w, operation Mode is: A*B.
DSP Report: operator g_pe_row[3].g_pe_pair[3].u_pe/p_w is absorbed into DSP g_pe_row[3].g_pe_pair[3].u_pe/p_w.
DSP Report: Generating DSP g_pe_row[3].g_pe_pair[4].u_pe/p0_o, operation Mode is: -C+A*B+1-1.
DSP Report: operator g_pe_row[3].g_pe_pair[4].u_pe/p0_o is absorbed into DSP g_pe_row[3].g_pe_pair[4].u_pe/p0_o.
DSP Report: operator g_pe_row[3].g_pe_pair[4].u_pe/p_w is absorbed into DSP g_pe_row[3].g_pe_pair[4].u_pe/p0_o.
DSP Report: Generating DSP g_pe_row[3].g_pe_pair[4].u_pe/p_w, operation Mode is: A*B.
DSP Report: operator g_pe_row[3].g_pe_pair[4].u_pe/p_w is absorbed into DSP g_pe_row[3].g_pe_pair[4].u_pe/p_w.
DSP Report: Generating DSP g_pe_row[3].g_pe_pair[5].u_pe/p0_o, operation Mode is: -C+A*B+1-1.
DSP Report: operator g_pe_row[3].g_pe_pair[5].u_pe/p0_o is absorbed into DSP g_pe_row[3].g_pe_pair[5].u_pe/p0_o.
DSP Report: operator g_pe_row[3].g_pe_pair[5].u_pe/p_w is absorbed into DSP g_pe_row[3].g_pe_pair[5].u_pe/p0_o.
DSP Report: Generating DSP g_pe_row[3].g_pe_pair[5].u_pe/p_w, operation Mode is: A*B.
DSP Report: operator g_pe_row[3].g_pe_pair[5].u_pe/p_w is absorbed into DSP g_pe_row[3].g_pe_pair[5].u_pe/p_w.
DSP Report: Generating DSP g_pe_row[3].g_pe_pair[6].u_pe/p0_o, operation Mode is: -C+A*B+1-1.
DSP Report: operator g_pe_row[3].g_pe_pair[6].u_pe/p0_o is absorbed into DSP g_pe_row[3].g_pe_pair[6].u_pe/p0_o.
DSP Report: operator g_pe_row[3].g_pe_pair[6].u_pe/p_w is absorbed into DSP g_pe_row[3].g_pe_pair[6].u_pe/p0_o.
DSP Report: Generating DSP g_pe_row[3].g_pe_pair[6].u_pe/p_w, operation Mode is: A*B.
DSP Report: operator g_pe_row[3].g_pe_pair[6].u_pe/p_w is absorbed into DSP g_pe_row[3].g_pe_pair[6].u_pe/p_w.
DSP Report: Generating DSP g_pe_row[4].g_pe_pair[0].u_pe/p0_o, operation Mode is: -C+A*B+1-1.
DSP Report: operator g_pe_row[4].g_pe_pair[0].u_pe/p0_o is absorbed into DSP g_pe_row[4].g_pe_pair[0].u_pe/p0_o.
DSP Report: operator g_pe_row[4].g_pe_pair[0].u_pe/p_w is absorbed into DSP g_pe_row[4].g_pe_pair[0].u_pe/p0_o.
DSP Report: Generating DSP g_pe_row[4].g_pe_pair[0].u_pe/p_w, operation Mode is: A*B.
DSP Report: operator g_pe_row[4].g_pe_pair[0].u_pe/p_w is absorbed into DSP g_pe_row[4].g_pe_pair[0].u_pe/p_w.
DSP Report: Generating DSP g_pe_row[4].g_pe_pair[1].u_pe/p0_o, operation Mode is: -C+A*B+1-1.
DSP Report: operator g_pe_row[4].g_pe_pair[1].u_pe/p0_o is absorbed into DSP g_pe_row[4].g_pe_pair[1].u_pe/p0_o.
DSP Report: operator g_pe_row[4].g_pe_pair[1].u_pe/p_w is absorbed into DSP g_pe_row[4].g_pe_pair[1].u_pe/p0_o.
DSP Report: Generating DSP g_pe_row[4].g_pe_pair[1].u_pe/p_w, operation Mode is: A*B.
DSP Report: operator g_pe_row[4].g_pe_pair[1].u_pe/p_w is absorbed into DSP g_pe_row[4].g_pe_pair[1].u_pe/p_w.
DSP Report: Generating DSP g_pe_row[4].g_pe_pair[2].u_pe/p0_o, operation Mode is: -C+A*B+1-1.
DSP Report: operator g_pe_row[4].g_pe_pair[2].u_pe/p0_o is absorbed into DSP g_pe_row[4].g_pe_pair[2].u_pe/p0_o.
DSP Report: operator g_pe_row[4].g_pe_pair[2].u_pe/p_w is absorbed into DSP g_pe_row[4].g_pe_pair[2].u_pe/p0_o.
DSP Report: Generating DSP g_pe_row[4].g_pe_pair[2].u_pe/p_w, operation Mode is: A*B.
DSP Report: operator g_pe_row[4].g_pe_pair[2].u_pe/p_w is absorbed into DSP g_pe_row[4].g_pe_pair[2].u_pe/p_w.
DSP Report: Generating DSP g_pe_row[4].g_pe_pair[3].u_pe/p0_o, operation Mode is: -C+A*B+1-1.
DSP Report: operator g_pe_row[4].g_pe_pair[3].u_pe/p0_o is absorbed into DSP g_pe_row[4].g_pe_pair[3].u_pe/p0_o.
DSP Report: operator g_pe_row[4].g_pe_pair[3].u_pe/p_w is absorbed into DSP g_pe_row[4].g_pe_pair[3].u_pe/p0_o.
DSP Report: Generating DSP g_pe_row[4].g_pe_pair[3].u_pe/p_w, operation Mode is: A*B.
DSP Report: operator g_pe_row[4].g_pe_pair[3].u_pe/p_w is absorbed into DSP g_pe_row[4].g_pe_pair[3].u_pe/p_w.
DSP Report: Generating DSP g_pe_row[4].g_pe_pair[4].u_pe/p0_o, operation Mode is: -C+A*B+1-1.
DSP Report: operator g_pe_row[4].g_pe_pair[4].u_pe/p0_o is absorbed into DSP g_pe_row[4].g_pe_pair[4].u_pe/p0_o.
DSP Report: operator g_pe_row[4].g_pe_pair[4].u_pe/p_w is absorbed into DSP g_pe_row[4].g_pe_pair[4].u_pe/p0_o.
DSP Report: Generating DSP g_pe_row[4].g_pe_pair[4].u_pe/p_w, operation Mode is: A*B.
DSP Report: operator g_pe_row[4].g_pe_pair[4].u_pe/p_w is absorbed into DSP g_pe_row[4].g_pe_pair[4].u_pe/p_w.
DSP Report: Generating DSP g_pe_row[4].g_pe_pair[5].u_pe/p0_o, operation Mode is: -C+A*B+1-1.
DSP Report: operator g_pe_row[4].g_pe_pair[5].u_pe/p0_o is absorbed into DSP g_pe_row[4].g_pe_pair[5].u_pe/p0_o.
DSP Report: operator g_pe_row[4].g_pe_pair[5].u_pe/p_w is absorbed into DSP g_pe_row[4].g_pe_pair[5].u_pe/p0_o.
DSP Report: Generating DSP g_pe_row[4].g_pe_pair[5].u_pe/p_w, operation Mode is: A*B.
DSP Report: operator g_pe_row[4].g_pe_pair[5].u_pe/p_w is absorbed into DSP g_pe_row[4].g_pe_pair[5].u_pe/p_w.
DSP Report: Generating DSP g_pe_row[4].g_pe_pair[6].u_pe/p0_o, operation Mode is: -C+A*B+1-1.
DSP Report: operator g_pe_row[4].g_pe_pair[6].u_pe/p0_o is absorbed into DSP g_pe_row[4].g_pe_pair[6].u_pe/p0_o.
DSP Report: operator g_pe_row[4].g_pe_pair[6].u_pe/p_w is absorbed into DSP g_pe_row[4].g_pe_pair[6].u_pe/p0_o.
DSP Report: Generating DSP g_pe_row[4].g_pe_pair[6].u_pe/p_w, operation Mode is: A*B.
DSP Report: operator g_pe_row[4].g_pe_pair[6].u_pe/p_w is absorbed into DSP g_pe_row[4].g_pe_pair[6].u_pe/p_w.
DSP Report: Generating DSP g_pe_row[5].g_pe_pair[0].u_pe/p0_o, operation Mode is: -C+A*B+1-1.
DSP Report: operator g_pe_row[5].g_pe_pair[0].u_pe/p0_o is absorbed into DSP g_pe_row[5].g_pe_pair[0].u_pe/p0_o.
DSP Report: operator g_pe_row[5].g_pe_pair[0].u_pe/p_w is absorbed into DSP g_pe_row[5].g_pe_pair[0].u_pe/p0_o.
DSP Report: Generating DSP g_pe_row[5].g_pe_pair[0].u_pe/p_w, operation Mode is: A*B.
DSP Report: operator g_pe_row[5].g_pe_pair[0].u_pe/p_w is absorbed into DSP g_pe_row[5].g_pe_pair[0].u_pe/p_w.
DSP Report: Generating DSP g_pe_row[5].g_pe_pair[1].u_pe/p0_o, operation Mode is: -C+A*B+1-1.
DSP Report: operator g_pe_row[5].g_pe_pair[1].u_pe/p0_o is absorbed into DSP g_pe_row[5].g_pe_pair[1].u_pe/p0_o.
DSP Report: operator g_pe_row[5].g_pe_pair[1].u_pe/p_w is absorbed into DSP g_pe_row[5].g_pe_pair[1].u_pe/p0_o.
DSP Report: Generating DSP g_pe_row[5].g_pe_pair[1].u_pe/p_w, operation Mode is: A*B.
DSP Report: operator g_pe_row[5].g_pe_pair[1].u_pe/p_w is absorbed into DSP g_pe_row[5].g_pe_pair[1].u_pe/p_w.
DSP Report: Generating DSP g_pe_row[5].g_pe_pair[2].u_pe/p0_o, operation Mode is: -C+A*B+1-1.
DSP Report: operator g_pe_row[5].g_pe_pair[2].u_pe/p0_o is absorbed into DSP g_pe_row[5].g_pe_pair[2].u_pe/p0_o.
DSP Report: operator g_pe_row[5].g_pe_pair[2].u_pe/p_w is absorbed into DSP g_pe_row[5].g_pe_pair[2].u_pe/p0_o.
DSP Report: Generating DSP g_pe_row[5].g_pe_pair[2].u_pe/p_w, operation Mode is: A*B.
DSP Report: operator g_pe_row[5].g_pe_pair[2].u_pe/p_w is absorbed into DSP g_pe_row[5].g_pe_pair[2].u_pe/p_w.
DSP Report: Generating DSP g_pe_row[5].g_pe_pair[3].u_pe/p0_o, operation Mode is: -C+A*B+1-1.
DSP Report: operator g_pe_row[5].g_pe_pair[3].u_pe/p0_o is absorbed into DSP g_pe_row[5].g_pe_pair[3].u_pe/p0_o.
DSP Report: operator g_pe_row[5].g_pe_pair[3].u_pe/p_w is absorbed into DSP g_pe_row[5].g_pe_pair[3].u_pe/p0_o.
DSP Report: Generating DSP g_pe_row[5].g_pe_pair[3].u_pe/p_w, operation Mode is: A*B.
DSP Report: operator g_pe_row[5].g_pe_pair[3].u_pe/p_w is absorbed into DSP g_pe_row[5].g_pe_pair[3].u_pe/p_w.
DSP Report: Generating DSP g_pe_row[5].g_pe_pair[4].u_pe/p0_o, operation Mode is: -C+A*B+1-1.
DSP Report: operator g_pe_row[5].g_pe_pair[4].u_pe/p0_o is absorbed into DSP g_pe_row[5].g_pe_pair[4].u_pe/p0_o.
DSP Report: operator g_pe_row[5].g_pe_pair[4].u_pe/p_w is absorbed into DSP g_pe_row[5].g_pe_pair[4].u_pe/p0_o.
DSP Report: Generating DSP g_pe_row[5].g_pe_pair[4].u_pe/p_w, operation Mode is: A*B.
DSP Report: operator g_pe_row[5].g_pe_pair[4].u_pe/p_w is absorbed into DSP g_pe_row[5].g_pe_pair[4].u_pe/p_w.
DSP Report: Generating DSP g_pe_row[5].g_pe_pair[5].u_pe/p0_o, operation Mode is: -C+A*B+1-1.
DSP Report: operator g_pe_row[5].g_pe_pair[5].u_pe/p0_o is absorbed into DSP g_pe_row[5].g_pe_pair[5].u_pe/p0_o.
DSP Report: operator g_pe_row[5].g_pe_pair[5].u_pe/p_w is absorbed into DSP g_pe_row[5].g_pe_pair[5].u_pe/p0_o.
DSP Report: Generating DSP g_pe_row[5].g_pe_pair[5].u_pe/p_w, operation Mode is: A*B.
DSP Report: operator g_pe_row[5].g_pe_pair[5].u_pe/p_w is absorbed into DSP g_pe_row[5].g_pe_pair[5].u_pe/p_w.
DSP Report: Generating DSP g_pe_row[5].g_pe_pair[6].u_pe/p0_o, operation Mode is: -C+A*B+1-1.
DSP Report: operator g_pe_row[5].g_pe_pair[6].u_pe/p0_o is absorbed into DSP g_pe_row[5].g_pe_pair[6].u_pe/p0_o.
DSP Report: operator g_pe_row[5].g_pe_pair[6].u_pe/p_w is absorbed into DSP g_pe_row[5].g_pe_pair[6].u_pe/p0_o.
DSP Report: Generating DSP g_pe_row[5].g_pe_pair[6].u_pe/p_w, operation Mode is: A*B.
DSP Report: operator g_pe_row[5].g_pe_pair[6].u_pe/p_w is absorbed into DSP g_pe_row[5].g_pe_pair[6].u_pe/p_w.
DSP Report: Generating DSP g_pe_row[6].g_pe_pair[0].u_pe/p0_o, operation Mode is: -C+A*B+1-1.
DSP Report: operator g_pe_row[6].g_pe_pair[0].u_pe/p0_o is absorbed into DSP g_pe_row[6].g_pe_pair[0].u_pe/p0_o.
DSP Report: operator g_pe_row[6].g_pe_pair[0].u_pe/p_w is absorbed into DSP g_pe_row[6].g_pe_pair[0].u_pe/p0_o.
DSP Report: Generating DSP g_pe_row[6].g_pe_pair[0].u_pe/p_w, operation Mode is: A*B.
DSP Report: operator g_pe_row[6].g_pe_pair[0].u_pe/p_w is absorbed into DSP g_pe_row[6].g_pe_pair[0].u_pe/p_w.
DSP Report: Generating DSP g_pe_row[6].g_pe_pair[1].u_pe/p0_o, operation Mode is: -C+A*B+1-1.
DSP Report: operator g_pe_row[6].g_pe_pair[1].u_pe/p0_o is absorbed into DSP g_pe_row[6].g_pe_pair[1].u_pe/p0_o.
DSP Report: operator g_pe_row[6].g_pe_pair[1].u_pe/p_w is absorbed into DSP g_pe_row[6].g_pe_pair[1].u_pe/p0_o.
DSP Report: Generating DSP g_pe_row[6].g_pe_pair[1].u_pe/p_w, operation Mode is: A*B.
DSP Report: operator g_pe_row[6].g_pe_pair[1].u_pe/p_w is absorbed into DSP g_pe_row[6].g_pe_pair[1].u_pe/p_w.
DSP Report: Generating DSP g_pe_row[6].g_pe_pair[2].u_pe/p0_o, operation Mode is: -C+A*B+1-1.
DSP Report: operator g_pe_row[6].g_pe_pair[2].u_pe/p0_o is absorbed into DSP g_pe_row[6].g_pe_pair[2].u_pe/p0_o.
DSP Report: operator g_pe_row[6].g_pe_pair[2].u_pe/p_w is absorbed into DSP g_pe_row[6].g_pe_pair[2].u_pe/p0_o.
DSP Report: Generating DSP g_pe_row[6].g_pe_pair[2].u_pe/p_w, operation Mode is: A*B.
DSP Report: operator g_pe_row[6].g_pe_pair[2].u_pe/p_w is absorbed into DSP g_pe_row[6].g_pe_pair[2].u_pe/p_w.
DSP Report: Generating DSP g_pe_row[6].g_pe_pair[3].u_pe/p0_o, operation Mode is: -C+A*B+1-1.
DSP Report: operator g_pe_row[6].g_pe_pair[3].u_pe/p0_o is absorbed into DSP g_pe_row[6].g_pe_pair[3].u_pe/p0_o.
DSP Report: operator g_pe_row[6].g_pe_pair[3].u_pe/p_w is absorbed into DSP g_pe_row[6].g_pe_pair[3].u_pe/p0_o.
DSP Report: Generating DSP g_pe_row[6].g_pe_pair[3].u_pe/p_w, operation Mode is: A*B.
DSP Report: operator g_pe_row[6].g_pe_pair[3].u_pe/p_w is absorbed into DSP g_pe_row[6].g_pe_pair[3].u_pe/p_w.
DSP Report: Generating DSP g_pe_row[6].g_pe_pair[4].u_pe/p0_o, operation Mode is: -C+A*B+1-1.
DSP Report: operator g_pe_row[6].g_pe_pair[4].u_pe/p0_o is absorbed into DSP g_pe_row[6].g_pe_pair[4].u_pe/p0_o.
DSP Report: operator g_pe_row[6].g_pe_pair[4].u_pe/p_w is absorbed into DSP g_pe_row[6].g_pe_pair[4].u_pe/p0_o.
DSP Report: Generating DSP g_pe_row[6].g_pe_pair[4].u_pe/p_w, operation Mode is: A*B.
DSP Report: operator g_pe_row[6].g_pe_pair[4].u_pe/p_w is absorbed into DSP g_pe_row[6].g_pe_pair[4].u_pe/p_w.
DSP Report: Generating DSP g_pe_row[6].g_pe_pair[5].u_pe/p0_o, operation Mode is: -C+A*B+1-1.
DSP Report: operator g_pe_row[6].g_pe_pair[5].u_pe/p0_o is absorbed into DSP g_pe_row[6].g_pe_pair[5].u_pe/p0_o.
DSP Report: operator g_pe_row[6].g_pe_pair[5].u_pe/p_w is absorbed into DSP g_pe_row[6].g_pe_pair[5].u_pe/p0_o.
DSP Report: Generating DSP g_pe_row[6].g_pe_pair[5].u_pe/p_w, operation Mode is: A*B.
DSP Report: operator g_pe_row[6].g_pe_pair[5].u_pe/p_w is absorbed into DSP g_pe_row[6].g_pe_pair[5].u_pe/p_w.
DSP Report: Generating DSP g_pe_row[6].g_pe_pair[6].u_pe/p0_o, operation Mode is: -C+A*B+1-1.
DSP Report: operator g_pe_row[6].g_pe_pair[6].u_pe/p0_o is absorbed into DSP g_pe_row[6].g_pe_pair[6].u_pe/p0_o.
DSP Report: operator g_pe_row[6].g_pe_pair[6].u_pe/p_w is absorbed into DSP g_pe_row[6].g_pe_pair[6].u_pe/p0_o.
DSP Report: Generating DSP g_pe_row[6].g_pe_pair[6].u_pe/p_w, operation Mode is: A*B.
DSP Report: operator g_pe_row[6].g_pe_pair[6].u_pe/p_w is absorbed into DSP g_pe_row[6].g_pe_pair[6].u_pe/p_w.
DSP Report: Generating DSP g_pe_row[7].g_pe_pair[0].u_pe/p0_o, operation Mode is: -C+A*B+1-1.
DSP Report: operator g_pe_row[7].g_pe_pair[0].u_pe/p0_o is absorbed into DSP g_pe_row[7].g_pe_pair[0].u_pe/p0_o.
DSP Report: operator g_pe_row[7].g_pe_pair[0].u_pe/p_w is absorbed into DSP g_pe_row[7].g_pe_pair[0].u_pe/p0_o.
DSP Report: Generating DSP g_pe_row[7].g_pe_pair[0].u_pe/p_w, operation Mode is: A*B.
DSP Report: operator g_pe_row[7].g_pe_pair[0].u_pe/p_w is absorbed into DSP g_pe_row[7].g_pe_pair[0].u_pe/p_w.
DSP Report: Generating DSP g_pe_row[7].g_pe_pair[1].u_pe/p0_o, operation Mode is: -C+A*B+1-1.
DSP Report: operator g_pe_row[7].g_pe_pair[1].u_pe/p0_o is absorbed into DSP g_pe_row[7].g_pe_pair[1].u_pe/p0_o.
DSP Report: operator g_pe_row[7].g_pe_pair[1].u_pe/p_w is absorbed into DSP g_pe_row[7].g_pe_pair[1].u_pe/p0_o.
DSP Report: Generating DSP g_pe_row[7].g_pe_pair[1].u_pe/p_w, operation Mode is: A*B.
DSP Report: operator g_pe_row[7].g_pe_pair[1].u_pe/p_w is absorbed into DSP g_pe_row[7].g_pe_pair[1].u_pe/p_w.
DSP Report: Generating DSP g_pe_row[7].g_pe_pair[2].u_pe/p0_o, operation Mode is: -C+A*B+1-1.
DSP Report: operator g_pe_row[7].g_pe_pair[2].u_pe/p0_o is absorbed into DSP g_pe_row[7].g_pe_pair[2].u_pe/p0_o.
DSP Report: operator g_pe_row[7].g_pe_pair[2].u_pe/p_w is absorbed into DSP g_pe_row[7].g_pe_pair[2].u_pe/p0_o.
DSP Report: Generating DSP g_pe_row[7].g_pe_pair[2].u_pe/p_w, operation Mode is: A*B.
DSP Report: operator g_pe_row[7].g_pe_pair[2].u_pe/p_w is absorbed into DSP g_pe_row[7].g_pe_pair[2].u_pe/p_w.
DSP Report: Generating DSP g_pe_row[7].g_pe_pair[3].u_pe/p0_o, operation Mode is: -C+A*B+1-1.
DSP Report: operator g_pe_row[7].g_pe_pair[3].u_pe/p0_o is absorbed into DSP g_pe_row[7].g_pe_pair[3].u_pe/p0_o.
DSP Report: operator g_pe_row[7].g_pe_pair[3].u_pe/p_w is absorbed into DSP g_pe_row[7].g_pe_pair[3].u_pe/p0_o.
DSP Report: Generating DSP g_pe_row[7].g_pe_pair[3].u_pe/p_w, operation Mode is: A*B.
DSP Report: operator g_pe_row[7].g_pe_pair[3].u_pe/p_w is absorbed into DSP g_pe_row[7].g_pe_pair[3].u_pe/p_w.
DSP Report: Generating DSP g_pe_row[7].g_pe_pair[4].u_pe/p0_o, operation Mode is: -C+A*B+1-1.
DSP Report: operator g_pe_row[7].g_pe_pair[4].u_pe/p0_o is absorbed into DSP g_pe_row[7].g_pe_pair[4].u_pe/p0_o.
DSP Report: operator g_pe_row[7].g_pe_pair[4].u_pe/p_w is absorbed into DSP g_pe_row[7].g_pe_pair[4].u_pe/p0_o.
DSP Report: Generating DSP g_pe_row[7].g_pe_pair[4].u_pe/p_w, operation Mode is: A*B.
DSP Report: operator g_pe_row[7].g_pe_pair[4].u_pe/p_w is absorbed into DSP g_pe_row[7].g_pe_pair[4].u_pe/p_w.
DSP Report: Generating DSP g_pe_row[7].g_pe_pair[5].u_pe/p0_o, operation Mode is: -C+A*B+1-1.
DSP Report: operator g_pe_row[7].g_pe_pair[5].u_pe/p0_o is absorbed into DSP g_pe_row[7].g_pe_pair[5].u_pe/p0_o.
DSP Report: operator g_pe_row[7].g_pe_pair[5].u_pe/p_w is absorbed into DSP g_pe_row[7].g_pe_pair[5].u_pe/p0_o.
DSP Report: Generating DSP g_pe_row[7].g_pe_pair[5].u_pe/p_w, operation Mode is: A*B.
DSP Report: operator g_pe_row[7].g_pe_pair[5].u_pe/p_w is absorbed into DSP g_pe_row[7].g_pe_pair[5].u_pe/p_w.
DSP Report: Generating DSP g_pe_row[7].g_pe_pair[6].u_pe/p0_o, operation Mode is: -C+A*B+1-1.
DSP Report: operator g_pe_row[7].g_pe_pair[6].u_pe/p0_o is absorbed into DSP g_pe_row[7].g_pe_pair[6].u_pe/p0_o.
DSP Report: operator g_pe_row[7].g_pe_pair[6].u_pe/p_w is absorbed into DSP g_pe_row[7].g_pe_pair[6].u_pe/p0_o.
DSP Report: Generating DSP g_pe_row[7].g_pe_pair[6].u_pe/p_w, operation Mode is: A*B.
DSP Report: operator g_pe_row[7].g_pe_pair[6].u_pe/p_w is absorbed into DSP g_pe_row[7].g_pe_pair[6].u_pe/p_w.
DSP Report: Generating DSP g_pe_row[8].g_pe_pair[0].u_pe/p0_o, operation Mode is: -C+A*B+1-1.
DSP Report: operator g_pe_row[8].g_pe_pair[0].u_pe/p0_o is absorbed into DSP g_pe_row[8].g_pe_pair[0].u_pe/p0_o.
DSP Report: operator g_pe_row[8].g_pe_pair[0].u_pe/p_w is absorbed into DSP g_pe_row[8].g_pe_pair[0].u_pe/p0_o.
DSP Report: Generating DSP g_pe_row[8].g_pe_pair[0].u_pe/p_w, operation Mode is: A*B.
DSP Report: operator g_pe_row[8].g_pe_pair[0].u_pe/p_w is absorbed into DSP g_pe_row[8].g_pe_pair[0].u_pe/p_w.
DSP Report: Generating DSP g_pe_row[8].g_pe_pair[1].u_pe/p0_o, operation Mode is: -C+A*B+1-1.
DSP Report: operator g_pe_row[8].g_pe_pair[1].u_pe/p0_o is absorbed into DSP g_pe_row[8].g_pe_pair[1].u_pe/p0_o.
DSP Report: operator g_pe_row[8].g_pe_pair[1].u_pe/p_w is absorbed into DSP g_pe_row[8].g_pe_pair[1].u_pe/p0_o.
DSP Report: Generating DSP g_pe_row[8].g_pe_pair[1].u_pe/p_w, operation Mode is: A*B.
DSP Report: operator g_pe_row[8].g_pe_pair[1].u_pe/p_w is absorbed into DSP g_pe_row[8].g_pe_pair[1].u_pe/p_w.
DSP Report: Generating DSP g_pe_row[8].g_pe_pair[2].u_pe/p0_o, operation Mode is: -C+A*B+1-1.
DSP Report: operator g_pe_row[8].g_pe_pair[2].u_pe/p0_o is absorbed into DSP g_pe_row[8].g_pe_pair[2].u_pe/p0_o.
DSP Report: operator g_pe_row[8].g_pe_pair[2].u_pe/p_w is absorbed into DSP g_pe_row[8].g_pe_pair[2].u_pe/p0_o.
DSP Report: Generating DSP g_pe_row[8].g_pe_pair[2].u_pe/p_w, operation Mode is: A*B.
DSP Report: operator g_pe_row[8].g_pe_pair[2].u_pe/p_w is absorbed into DSP g_pe_row[8].g_pe_pair[2].u_pe/p_w.
DSP Report: Generating DSP g_pe_row[8].g_pe_pair[3].u_pe/p0_o, operation Mode is: -C+A*B+1-1.
DSP Report: operator g_pe_row[8].g_pe_pair[3].u_pe/p0_o is absorbed into DSP g_pe_row[8].g_pe_pair[3].u_pe/p0_o.
DSP Report: operator g_pe_row[8].g_pe_pair[3].u_pe/p_w is absorbed into DSP g_pe_row[8].g_pe_pair[3].u_pe/p0_o.
DSP Report: Generating DSP g_pe_row[8].g_pe_pair[3].u_pe/p_w, operation Mode is: A*B.
DSP Report: operator g_pe_row[8].g_pe_pair[3].u_pe/p_w is absorbed into DSP g_pe_row[8].g_pe_pair[3].u_pe/p_w.
DSP Report: Generating DSP g_pe_row[8].g_pe_pair[4].u_pe/p0_o, operation Mode is: -C+A*B+1-1.
DSP Report: operator g_pe_row[8].g_pe_pair[4].u_pe/p0_o is absorbed into DSP g_pe_row[8].g_pe_pair[4].u_pe/p0_o.
DSP Report: operator g_pe_row[8].g_pe_pair[4].u_pe/p_w is absorbed into DSP g_pe_row[8].g_pe_pair[4].u_pe/p0_o.
DSP Report: Generating DSP g_pe_row[8].g_pe_pair[4].u_pe/p_w, operation Mode is: A*B.
DSP Report: operator g_pe_row[8].g_pe_pair[4].u_pe/p_w is absorbed into DSP g_pe_row[8].g_pe_pair[4].u_pe/p_w.
DSP Report: Generating DSP g_pe_row[8].g_pe_pair[5].u_pe/p0_o, operation Mode is: -C+A*B+1-1.
DSP Report: operator g_pe_row[8].g_pe_pair[5].u_pe/p0_o is absorbed into DSP g_pe_row[8].g_pe_pair[5].u_pe/p0_o.
DSP Report: operator g_pe_row[8].g_pe_pair[5].u_pe/p_w is absorbed into DSP g_pe_row[8].g_pe_pair[5].u_pe/p0_o.
DSP Report: Generating DSP g_pe_row[8].g_pe_pair[5].u_pe/p_w, operation Mode is: A*B.
DSP Report: operator g_pe_row[8].g_pe_pair[5].u_pe/p_w is absorbed into DSP g_pe_row[8].g_pe_pair[5].u_pe/p_w.
DSP Report: Generating DSP g_pe_row[8].g_pe_pair[6].u_pe/p0_o, operation Mode is: -C+A*B+1-1.
DSP Report: operator g_pe_row[8].g_pe_pair[6].u_pe/p0_o is absorbed into DSP g_pe_row[8].g_pe_pair[6].u_pe/p0_o.
DSP Report: operator g_pe_row[8].g_pe_pair[6].u_pe/p_w is absorbed into DSP g_pe_row[8].g_pe_pair[6].u_pe/p0_o.
DSP Report: Generating DSP g_pe_row[8].g_pe_pair[6].u_pe/p_w, operation Mode is: A*B.
DSP Report: operator g_pe_row[8].g_pe_pair[6].u_pe/p_w is absorbed into DSP g_pe_row[8].g_pe_pair[6].u_pe/p_w.
DSP Report: Generating DSP g_pe_row[9].g_pe_pair[0].u_pe/p0_o, operation Mode is: -C+A*B+1-1.
DSP Report: operator g_pe_row[9].g_pe_pair[0].u_pe/p0_o is absorbed into DSP g_pe_row[9].g_pe_pair[0].u_pe/p0_o.
DSP Report: operator g_pe_row[9].g_pe_pair[0].u_pe/p_w is absorbed into DSP g_pe_row[9].g_pe_pair[0].u_pe/p0_o.
DSP Report: Generating DSP g_pe_row[9].g_pe_pair[0].u_pe/p_w, operation Mode is: A*B.
DSP Report: operator g_pe_row[9].g_pe_pair[0].u_pe/p_w is absorbed into DSP g_pe_row[9].g_pe_pair[0].u_pe/p_w.
DSP Report: Generating DSP g_pe_row[9].g_pe_pair[1].u_pe/p0_o, operation Mode is: -C+A*B+1-1.
DSP Report: operator g_pe_row[9].g_pe_pair[1].u_pe/p0_o is absorbed into DSP g_pe_row[9].g_pe_pair[1].u_pe/p0_o.
DSP Report: operator g_pe_row[9].g_pe_pair[1].u_pe/p_w is absorbed into DSP g_pe_row[9].g_pe_pair[1].u_pe/p0_o.
DSP Report: Generating DSP g_pe_row[9].g_pe_pair[1].u_pe/p_w, operation Mode is: A*B.
DSP Report: operator g_pe_row[9].g_pe_pair[1].u_pe/p_w is absorbed into DSP g_pe_row[9].g_pe_pair[1].u_pe/p_w.
DSP Report: Generating DSP g_pe_row[9].g_pe_pair[2].u_pe/p0_o, operation Mode is: -C+A*B+1-1.
DSP Report: operator g_pe_row[9].g_pe_pair[2].u_pe/p0_o is absorbed into DSP g_pe_row[9].g_pe_pair[2].u_pe/p0_o.
DSP Report: operator g_pe_row[9].g_pe_pair[2].u_pe/p_w is absorbed into DSP g_pe_row[9].g_pe_pair[2].u_pe/p0_o.
DSP Report: Generating DSP g_pe_row[9].g_pe_pair[2].u_pe/p_w, operation Mode is: A*B.
DSP Report: operator g_pe_row[9].g_pe_pair[2].u_pe/p_w is absorbed into DSP g_pe_row[9].g_pe_pair[2].u_pe/p_w.
DSP Report: Generating DSP g_pe_row[9].g_pe_pair[3].u_pe/p0_o, operation Mode is: -C+A*B+1-1.
DSP Report: operator g_pe_row[9].g_pe_pair[3].u_pe/p0_o is absorbed into DSP g_pe_row[9].g_pe_pair[3].u_pe/p0_o.
DSP Report: operator g_pe_row[9].g_pe_pair[3].u_pe/p_w is absorbed into DSP g_pe_row[9].g_pe_pair[3].u_pe/p0_o.
DSP Report: Generating DSP g_pe_row[9].g_pe_pair[3].u_pe/p_w, operation Mode is: A*B.
DSP Report: operator g_pe_row[9].g_pe_pair[3].u_pe/p_w is absorbed into DSP g_pe_row[9].g_pe_pair[3].u_pe/p_w.
DSP Report: Generating DSP g_pe_row[9].g_pe_pair[4].u_pe/p0_o, operation Mode is: -C+A*B+1-1.
DSP Report: operator g_pe_row[9].g_pe_pair[4].u_pe/p0_o is absorbed into DSP g_pe_row[9].g_pe_pair[4].u_pe/p0_o.
DSP Report: operator g_pe_row[9].g_pe_pair[4].u_pe/p_w is absorbed into DSP g_pe_row[9].g_pe_pair[4].u_pe/p0_o.
DSP Report: Generating DSP g_pe_row[9].g_pe_pair[4].u_pe/p_w, operation Mode is: A*B.
DSP Report: operator g_pe_row[9].g_pe_pair[4].u_pe/p_w is absorbed into DSP g_pe_row[9].g_pe_pair[4].u_pe/p_w.
DSP Report: Generating DSP g_pe_row[9].g_pe_pair[5].u_pe/p0_o, operation Mode is: -C+A*B+1-1.
DSP Report: operator g_pe_row[9].g_pe_pair[5].u_pe/p0_o is absorbed into DSP g_pe_row[9].g_pe_pair[5].u_pe/p0_o.
DSP Report: operator g_pe_row[9].g_pe_pair[5].u_pe/p_w is absorbed into DSP g_pe_row[9].g_pe_pair[5].u_pe/p0_o.
DSP Report: Generating DSP g_pe_row[9].g_pe_pair[5].u_pe/p_w, operation Mode is: A*B.
DSP Report: operator g_pe_row[9].g_pe_pair[5].u_pe/p_w is absorbed into DSP g_pe_row[9].g_pe_pair[5].u_pe/p_w.
DSP Report: Generating DSP g_pe_row[9].g_pe_pair[6].u_pe/p0_o, operation Mode is: -C+A*B+1-1.
DSP Report: operator g_pe_row[9].g_pe_pair[6].u_pe/p0_o is absorbed into DSP g_pe_row[9].g_pe_pair[6].u_pe/p0_o.
DSP Report: operator g_pe_row[9].g_pe_pair[6].u_pe/p_w is absorbed into DSP g_pe_row[9].g_pe_pair[6].u_pe/p0_o.
DSP Report: Generating DSP g_pe_row[9].g_pe_pair[6].u_pe/p_w, operation Mode is: A*B.
DSP Report: operator g_pe_row[9].g_pe_pair[6].u_pe/p_w is absorbed into DSP g_pe_row[9].g_pe_pair[6].u_pe/p_w.
DSP Report: Generating DSP g_pe_row[10].g_pe_pair[0].u_pe/p0_o, operation Mode is: -C+A*B+1-1.
DSP Report: operator g_pe_row[10].g_pe_pair[0].u_pe/p0_o is absorbed into DSP g_pe_row[10].g_pe_pair[0].u_pe/p0_o.
DSP Report: operator g_pe_row[10].g_pe_pair[0].u_pe/p_w is absorbed into DSP g_pe_row[10].g_pe_pair[0].u_pe/p0_o.
DSP Report: Generating DSP g_pe_row[10].g_pe_pair[0].u_pe/p_w, operation Mode is: A*B.
DSP Report: operator g_pe_row[10].g_pe_pair[0].u_pe/p_w is absorbed into DSP g_pe_row[10].g_pe_pair[0].u_pe/p_w.
DSP Report: Generating DSP g_pe_row[10].g_pe_pair[1].u_pe/p0_o, operation Mode is: -C+A*B+1-1.
DSP Report: operator g_pe_row[10].g_pe_pair[1].u_pe/p0_o is absorbed into DSP g_pe_row[10].g_pe_pair[1].u_pe/p0_o.
DSP Report: operator g_pe_row[10].g_pe_pair[1].u_pe/p_w is absorbed into DSP g_pe_row[10].g_pe_pair[1].u_pe/p0_o.
DSP Report: Generating DSP g_pe_row[10].g_pe_pair[1].u_pe/p_w, operation Mode is: A*B.
DSP Report: operator g_pe_row[10].g_pe_pair[1].u_pe/p_w is absorbed into DSP g_pe_row[10].g_pe_pair[1].u_pe/p_w.
DSP Report: Generating DSP g_pe_row[10].g_pe_pair[2].u_pe/p0_o, operation Mode is: -C+A*B+1-1.
DSP Report: operator g_pe_row[10].g_pe_pair[2].u_pe/p0_o is absorbed into DSP g_pe_row[10].g_pe_pair[2].u_pe/p0_o.
DSP Report: operator g_pe_row[10].g_pe_pair[2].u_pe/p_w is absorbed into DSP g_pe_row[10].g_pe_pair[2].u_pe/p0_o.
DSP Report: Generating DSP g_pe_row[10].g_pe_pair[2].u_pe/p_w, operation Mode is: A*B.
DSP Report: operator g_pe_row[10].g_pe_pair[2].u_pe/p_w is absorbed into DSP g_pe_row[10].g_pe_pair[2].u_pe/p_w.
DSP Report: Generating DSP g_pe_row[10].g_pe_pair[3].u_pe/p0_o, operation Mode is: -C+A*B+1-1.
DSP Report: operator g_pe_row[10].g_pe_pair[3].u_pe/p0_o is absorbed into DSP g_pe_row[10].g_pe_pair[3].u_pe/p0_o.
DSP Report: operator g_pe_row[10].g_pe_pair[3].u_pe/p_w is absorbed into DSP g_pe_row[10].g_pe_pair[3].u_pe/p0_o.
DSP Report: Generating DSP g_pe_row[10].g_pe_pair[3].u_pe/p_w, operation Mode is: A*B.
DSP Report: operator g_pe_row[10].g_pe_pair[3].u_pe/p_w is absorbed into DSP g_pe_row[10].g_pe_pair[3].u_pe/p_w.
DSP Report: Generating DSP g_pe_row[10].g_pe_pair[4].u_pe/p0_o, operation Mode is: -C+A*B+1-1.
DSP Report: operator g_pe_row[10].g_pe_pair[4].u_pe/p0_o is absorbed into DSP g_pe_row[10].g_pe_pair[4].u_pe/p0_o.
DSP Report: operator g_pe_row[10].g_pe_pair[4].u_pe/p_w is absorbed into DSP g_pe_row[10].g_pe_pair[4].u_pe/p0_o.
DSP Report: Generating DSP g_pe_row[10].g_pe_pair[4].u_pe/p_w, operation Mode is: A*B.
DSP Report: operator g_pe_row[10].g_pe_pair[4].u_pe/p_w is absorbed into DSP g_pe_row[10].g_pe_pair[4].u_pe/p_w.
DSP Report: Generating DSP g_pe_row[10].g_pe_pair[5].u_pe/p0_o, operation Mode is: -C+A*B+1-1.
DSP Report: operator g_pe_row[10].g_pe_pair[5].u_pe/p0_o is absorbed into DSP g_pe_row[10].g_pe_pair[5].u_pe/p0_o.
DSP Report: operator g_pe_row[10].g_pe_pair[5].u_pe/p_w is absorbed into DSP g_pe_row[10].g_pe_pair[5].u_pe/p0_o.
DSP Report: Generating DSP g_pe_row[10].g_pe_pair[5].u_pe/p_w, operation Mode is: A*B.
DSP Report: operator g_pe_row[10].g_pe_pair[5].u_pe/p_w is absorbed into DSP g_pe_row[10].g_pe_pair[5].u_pe/p_w.
DSP Report: Generating DSP g_pe_row[10].g_pe_pair[6].u_pe/p0_o, operation Mode is: -C+A*B+1-1.
DSP Report: operator g_pe_row[10].g_pe_pair[6].u_pe/p0_o is absorbed into DSP g_pe_row[10].g_pe_pair[6].u_pe/p0_o.
DSP Report: operator g_pe_row[10].g_pe_pair[6].u_pe/p_w is absorbed into DSP g_pe_row[10].g_pe_pair[6].u_pe/p0_o.
DSP Report: Generating DSP g_pe_row[10].g_pe_pair[6].u_pe/p_w, operation Mode is: A*B.
DSP Report: operator g_pe_row[10].g_pe_pair[6].u_pe/p_w is absorbed into DSP g_pe_row[10].g_pe_pair[6].u_pe/p_w.
DSP Report: Generating DSP g_pe_row[11].g_pe_pair[0].u_pe/p0_o, operation Mode is: -C+A*B+1-1.
DSP Report: operator g_pe_row[11].g_pe_pair[0].u_pe/p0_o is absorbed into DSP g_pe_row[11].g_pe_pair[0].u_pe/p0_o.
DSP Report: operator g_pe_row[11].g_pe_pair[0].u_pe/p_w is absorbed into DSP g_pe_row[11].g_pe_pair[0].u_pe/p0_o.
DSP Report: Generating DSP g_pe_row[11].g_pe_pair[0].u_pe/p_w, operation Mode is: A*B.
DSP Report: operator g_pe_row[11].g_pe_pair[0].u_pe/p_w is absorbed into DSP g_pe_row[11].g_pe_pair[0].u_pe/p_w.
DSP Report: Generating DSP g_pe_row[11].g_pe_pair[1].u_pe/p0_o, operation Mode is: -C+A*B+1-1.
DSP Report: operator g_pe_row[11].g_pe_pair[1].u_pe/p0_o is absorbed into DSP g_pe_row[11].g_pe_pair[1].u_pe/p0_o.
DSP Report: operator g_pe_row[11].g_pe_pair[1].u_pe/p_w is absorbed into DSP g_pe_row[11].g_pe_pair[1].u_pe/p0_o.
DSP Report: Generating DSP g_pe_row[11].g_pe_pair[1].u_pe/p_w, operation Mode is: A*B.
DSP Report: operator g_pe_row[11].g_pe_pair[1].u_pe/p_w is absorbed into DSP g_pe_row[11].g_pe_pair[1].u_pe/p_w.
DSP Report: Generating DSP g_pe_row[11].g_pe_pair[2].u_pe/p0_o, operation Mode is: -C+A*B+1-1.
DSP Report: operator g_pe_row[11].g_pe_pair[2].u_pe/p0_o is absorbed into DSP g_pe_row[11].g_pe_pair[2].u_pe/p0_o.
DSP Report: operator g_pe_row[11].g_pe_pair[2].u_pe/p_w is absorbed into DSP g_pe_row[11].g_pe_pair[2].u_pe/p0_o.
DSP Report: Generating DSP g_pe_row[11].g_pe_pair[2].u_pe/p_w, operation Mode is: A*B.
DSP Report: operator g_pe_row[11].g_pe_pair[2].u_pe/p_w is absorbed into DSP g_pe_row[11].g_pe_pair[2].u_pe/p_w.
DSP Report: Generating DSP g_pe_row[11].g_pe_pair[3].u_pe/p0_o, operation Mode is: -C+A*B+1-1.
DSP Report: operator g_pe_row[11].g_pe_pair[3].u_pe/p0_o is absorbed into DSP g_pe_row[11].g_pe_pair[3].u_pe/p0_o.
DSP Report: operator g_pe_row[11].g_pe_pair[3].u_pe/p_w is absorbed into DSP g_pe_row[11].g_pe_pair[3].u_pe/p0_o.
DSP Report: Generating DSP g_pe_row[11].g_pe_pair[3].u_pe/p_w, operation Mode is: A*B.
DSP Report: operator g_pe_row[11].g_pe_pair[3].u_pe/p_w is absorbed into DSP g_pe_row[11].g_pe_pair[3].u_pe/p_w.
DSP Report: Generating DSP g_pe_row[11].g_pe_pair[4].u_pe/p0_o, operation Mode is: -C+A*B+1-1.
DSP Report: operator g_pe_row[11].g_pe_pair[4].u_pe/p0_o is absorbed into DSP g_pe_row[11].g_pe_pair[4].u_pe/p0_o.
DSP Report: operator g_pe_row[11].g_pe_pair[4].u_pe/p_w is absorbed into DSP g_pe_row[11].g_pe_pair[4].u_pe/p0_o.
DSP Report: Generating DSP g_pe_row[11].g_pe_pair[4].u_pe/p_w, operation Mode is: A*B.
DSP Report: operator g_pe_row[11].g_pe_pair[4].u_pe/p_w is absorbed into DSP g_pe_row[11].g_pe_pair[4].u_pe/p_w.
DSP Report: Generating DSP g_pe_row[11].g_pe_pair[5].u_pe/p0_o, operation Mode is: -C+A*B+1-1.
DSP Report: operator g_pe_row[11].g_pe_pair[5].u_pe/p0_o is absorbed into DSP g_pe_row[11].g_pe_pair[5].u_pe/p0_o.
DSP Report: operator g_pe_row[11].g_pe_pair[5].u_pe/p_w is absorbed into DSP g_pe_row[11].g_pe_pair[5].u_pe/p0_o.
DSP Report: Generating DSP g_pe_row[11].g_pe_pair[5].u_pe/p_w, operation Mode is: A*B.
DSP Report: operator g_pe_row[11].g_pe_pair[5].u_pe/p_w is absorbed into DSP g_pe_row[11].g_pe_pair[5].u_pe/p_w.
DSP Report: Generating DSP g_pe_row[11].g_pe_pair[6].u_pe/p0_o, operation Mode is: -C+A*B+1-1.
DSP Report: operator g_pe_row[11].g_pe_pair[6].u_pe/p0_o is absorbed into DSP g_pe_row[11].g_pe_pair[6].u_pe/p0_o.
DSP Report: operator g_pe_row[11].g_pe_pair[6].u_pe/p_w is absorbed into DSP g_pe_row[11].g_pe_pair[6].u_pe/p0_o.
DSP Report: Generating DSP g_pe_row[11].g_pe_pair[6].u_pe/p_w, operation Mode is: A*B.
DSP Report: operator g_pe_row[11].g_pe_pair[6].u_pe/p_w is absorbed into DSP g_pe_row[11].g_pe_pair[6].u_pe/p_w.
DSP Report: Generating DSP g_pe_row[12].g_pe_pair[0].u_pe/p0_o, operation Mode is: -C+A*B+1-1.
DSP Report: operator g_pe_row[12].g_pe_pair[0].u_pe/p0_o is absorbed into DSP g_pe_row[12].g_pe_pair[0].u_pe/p0_o.
DSP Report: operator g_pe_row[12].g_pe_pair[0].u_pe/p_w is absorbed into DSP g_pe_row[12].g_pe_pair[0].u_pe/p0_o.
DSP Report: Generating DSP g_pe_row[12].g_pe_pair[0].u_pe/p_w, operation Mode is: A*B.
DSP Report: operator g_pe_row[12].g_pe_pair[0].u_pe/p_w is absorbed into DSP g_pe_row[12].g_pe_pair[0].u_pe/p_w.
DSP Report: Generating DSP g_pe_row[12].g_pe_pair[1].u_pe/p0_o, operation Mode is: -C+A*B+1-1.
DSP Report: operator g_pe_row[12].g_pe_pair[1].u_pe/p0_o is absorbed into DSP g_pe_row[12].g_pe_pair[1].u_pe/p0_o.
DSP Report: operator g_pe_row[12].g_pe_pair[1].u_pe/p_w is absorbed into DSP g_pe_row[12].g_pe_pair[1].u_pe/p0_o.
DSP Report: Generating DSP g_pe_row[12].g_pe_pair[1].u_pe/p_w, operation Mode is: A*B.
DSP Report: operator g_pe_row[12].g_pe_pair[1].u_pe/p_w is absorbed into DSP g_pe_row[12].g_pe_pair[1].u_pe/p_w.
DSP Report: Generating DSP g_pe_row[12].g_pe_pair[2].u_pe/p0_o, operation Mode is: -C+A*B+1-1.
DSP Report: operator g_pe_row[12].g_pe_pair[2].u_pe/p0_o is absorbed into DSP g_pe_row[12].g_pe_pair[2].u_pe/p0_o.
DSP Report: operator g_pe_row[12].g_pe_pair[2].u_pe/p_w is absorbed into DSP g_pe_row[12].g_pe_pair[2].u_pe/p0_o.
DSP Report: Generating DSP g_pe_row[12].g_pe_pair[2].u_pe/p_w, operation Mode is: A*B.
DSP Report: operator g_pe_row[12].g_pe_pair[2].u_pe/p_w is absorbed into DSP g_pe_row[12].g_pe_pair[2].u_pe/p_w.
DSP Report: Generating DSP g_pe_row[12].g_pe_pair[3].u_pe/p0_o, operation Mode is: -C+A*B+1-1.
DSP Report: operator g_pe_row[12].g_pe_pair[3].u_pe/p0_o is absorbed into DSP g_pe_row[12].g_pe_pair[3].u_pe/p0_o.
DSP Report: operator g_pe_row[12].g_pe_pair[3].u_pe/p_w is absorbed into DSP g_pe_row[12].g_pe_pair[3].u_pe/p0_o.
DSP Report: Generating DSP g_pe_row[12].g_pe_pair[3].u_pe/p_w, operation Mode is: A*B.
DSP Report: operator g_pe_row[12].g_pe_pair[3].u_pe/p_w is absorbed into DSP g_pe_row[12].g_pe_pair[3].u_pe/p_w.
DSP Report: Generating DSP g_pe_row[12].g_pe_pair[4].u_pe/p0_o, operation Mode is: -C+A*B+1-1.
DSP Report: operator g_pe_row[12].g_pe_pair[4].u_pe/p0_o is absorbed into DSP g_pe_row[12].g_pe_pair[4].u_pe/p0_o.
DSP Report: operator g_pe_row[12].g_pe_pair[4].u_pe/p_w is absorbed into DSP g_pe_row[12].g_pe_pair[4].u_pe/p0_o.
DSP Report: Generating DSP g_pe_row[12].g_pe_pair[4].u_pe/p_w, operation Mode is: A*B.
DSP Report: operator g_pe_row[12].g_pe_pair[4].u_pe/p_w is absorbed into DSP g_pe_row[12].g_pe_pair[4].u_pe/p_w.
DSP Report: Generating DSP g_pe_row[12].g_pe_pair[5].u_pe/p0_o, operation Mode is: -C+A*B+1-1.
DSP Report: operator g_pe_row[12].g_pe_pair[5].u_pe/p0_o is absorbed into DSP g_pe_row[12].g_pe_pair[5].u_pe/p0_o.
DSP Report: operator g_pe_row[12].g_pe_pair[5].u_pe/p_w is absorbed into DSP g_pe_row[12].g_pe_pair[5].u_pe/p0_o.
DSP Report: Generating DSP g_pe_row[12].g_pe_pair[5].u_pe/p_w, operation Mode is: A*B.
DSP Report: operator g_pe_row[12].g_pe_pair[5].u_pe/p_w is absorbed into DSP g_pe_row[12].g_pe_pair[5].u_pe/p_w.
DSP Report: Generating DSP g_pe_row[12].g_pe_pair[6].u_pe/p0_o, operation Mode is: -C+A*B+1-1.
DSP Report: operator g_pe_row[12].g_pe_pair[6].u_pe/p0_o is absorbed into DSP g_pe_row[12].g_pe_pair[6].u_pe/p0_o.
DSP Report: operator g_pe_row[12].g_pe_pair[6].u_pe/p_w is absorbed into DSP g_pe_row[12].g_pe_pair[6].u_pe/p0_o.
DSP Report: Generating DSP g_pe_row[12].g_pe_pair[6].u_pe/p_w, operation Mode is: A*B.
DSP Report: operator g_pe_row[12].g_pe_pair[6].u_pe/p_w is absorbed into DSP g_pe_row[12].g_pe_pair[6].u_pe/p_w.
DSP Report: Generating DSP g_pe_row[12].g_pe_pair[7].u_pe/p0_o, operation Mode is: -C+A*B+1-1.
DSP Report: operator g_pe_row[12].g_pe_pair[7].u_pe/p0_o is absorbed into DSP g_pe_row[12].g_pe_pair[7].u_pe/p0_o.
DSP Report: operator g_pe_row[12].g_pe_pair[7].u_pe/p_w is absorbed into DSP g_pe_row[12].g_pe_pair[7].u_pe/p0_o.
DSP Report: Generating DSP g_pe_row[12].g_pe_pair[7].u_pe/p_w, operation Mode is: A*B.
DSP Report: operator g_pe_row[12].g_pe_pair[7].u_pe/p_w is absorbed into DSP g_pe_row[12].g_pe_pair[7].u_pe/p_w.
DSP Report: Generating DSP g_pe_row[13].g_pe_pair[0].u_pe/p0_o, operation Mode is: -C+A*B+1-1.
DSP Report: operator g_pe_row[13].g_pe_pair[0].u_pe/p0_o is absorbed into DSP g_pe_row[13].g_pe_pair[0].u_pe/p0_o.
DSP Report: operator g_pe_row[13].g_pe_pair[0].u_pe/p_w is absorbed into DSP g_pe_row[13].g_pe_pair[0].u_pe/p0_o.
DSP Report: Generating DSP g_pe_row[13].g_pe_pair[0].u_pe/p_w, operation Mode is: A*B.
DSP Report: operator g_pe_row[13].g_pe_pair[0].u_pe/p_w is absorbed into DSP g_pe_row[13].g_pe_pair[0].u_pe/p_w.
DSP Report: Generating DSP g_pe_row[13].g_pe_pair[1].u_pe/p0_o, operation Mode is: -C+A*B+1-1.
DSP Report: operator g_pe_row[13].g_pe_pair[1].u_pe/p0_o is absorbed into DSP g_pe_row[13].g_pe_pair[1].u_pe/p0_o.
DSP Report: operator g_pe_row[13].g_pe_pair[1].u_pe/p_w is absorbed into DSP g_pe_row[13].g_pe_pair[1].u_pe/p0_o.
DSP Report: Generating DSP g_pe_row[13].g_pe_pair[1].u_pe/p_w, operation Mode is: A*B.
DSP Report: operator g_pe_row[13].g_pe_pair[1].u_pe/p_w is absorbed into DSP g_pe_row[13].g_pe_pair[1].u_pe/p_w.
DSP Report: Generating DSP g_pe_row[13].g_pe_pair[2].u_pe/p0_o, operation Mode is: -C+A*B+1-1.
DSP Report: operator g_pe_row[13].g_pe_pair[2].u_pe/p0_o is absorbed into DSP g_pe_row[13].g_pe_pair[2].u_pe/p0_o.
DSP Report: operator g_pe_row[13].g_pe_pair[2].u_pe/p_w is absorbed into DSP g_pe_row[13].g_pe_pair[2].u_pe/p0_o.
DSP Report: Generating DSP g_pe_row[13].g_pe_pair[2].u_pe/p_w, operation Mode is: A*B.
DSP Report: operator g_pe_row[13].g_pe_pair[2].u_pe/p_w is absorbed into DSP g_pe_row[13].g_pe_pair[2].u_pe/p_w.
DSP Report: Generating DSP g_pe_row[13].g_pe_pair[3].u_pe/p0_o, operation Mode is: -C+A*B+1-1.
DSP Report: operator g_pe_row[13].g_pe_pair[3].u_pe/p0_o is absorbed into DSP g_pe_row[13].g_pe_pair[3].u_pe/p0_o.
DSP Report: operator g_pe_row[13].g_pe_pair[3].u_pe/p_w is absorbed into DSP g_pe_row[13].g_pe_pair[3].u_pe/p0_o.
DSP Report: Generating DSP g_pe_row[13].g_pe_pair[3].u_pe/p_w, operation Mode is: A*B.
DSP Report: operator g_pe_row[13].g_pe_pair[3].u_pe/p_w is absorbed into DSP g_pe_row[13].g_pe_pair[3].u_pe/p_w.
DSP Report: Generating DSP g_pe_row[13].g_pe_pair[4].u_pe/p0_o, operation Mode is: -C+A*B+1-1.
DSP Report: operator g_pe_row[13].g_pe_pair[4].u_pe/p0_o is absorbed into DSP g_pe_row[13].g_pe_pair[4].u_pe/p0_o.
DSP Report: operator g_pe_row[13].g_pe_pair[4].u_pe/p_w is absorbed into DSP g_pe_row[13].g_pe_pair[4].u_pe/p0_o.
DSP Report: Generating DSP g_pe_row[13].g_pe_pair[4].u_pe/p_w, operation Mode is: A*B.
DSP Report: operator g_pe_row[13].g_pe_pair[4].u_pe/p_w is absorbed into DSP g_pe_row[13].g_pe_pair[4].u_pe/p_w.
DSP Report: Generating DSP g_pe_row[13].g_pe_pair[5].u_pe/p0_o, operation Mode is: -C+A*B+1-1.
DSP Report: operator g_pe_row[13].g_pe_pair[5].u_pe/p0_o is absorbed into DSP g_pe_row[13].g_pe_pair[5].u_pe/p0_o.
DSP Report: operator g_pe_row[13].g_pe_pair[5].u_pe/p_w is absorbed into DSP g_pe_row[13].g_pe_pair[5].u_pe/p0_o.
DSP Report: Generating DSP g_pe_row[13].g_pe_pair[5].u_pe/p_w, operation Mode is: A*B.
DSP Report: operator g_pe_row[13].g_pe_pair[5].u_pe/p_w is absorbed into DSP g_pe_row[13].g_pe_pair[5].u_pe/p_w.
DSP Report: Generating DSP g_pe_row[13].g_pe_pair[6].u_pe/p0_o, operation Mode is: -C+A*B+1-1.
DSP Report: operator g_pe_row[13].g_pe_pair[6].u_pe/p0_o is absorbed into DSP g_pe_row[13].g_pe_pair[6].u_pe/p0_o.
DSP Report: operator g_pe_row[13].g_pe_pair[6].u_pe/p_w is absorbed into DSP g_pe_row[13].g_pe_pair[6].u_pe/p0_o.
DSP Report: Generating DSP g_pe_row[13].g_pe_pair[6].u_pe/p_w, operation Mode is: A*B.
DSP Report: operator g_pe_row[13].g_pe_pair[6].u_pe/p_w is absorbed into DSP g_pe_row[13].g_pe_pair[6].u_pe/p_w.
DSP Report: Generating DSP g_pe_row[13].g_pe_pair[7].u_pe/p0_o, operation Mode is: -C+A*B+1-1.
DSP Report: operator g_pe_row[13].g_pe_pair[7].u_pe/p0_o is absorbed into DSP g_pe_row[13].g_pe_pair[7].u_pe/p0_o.
DSP Report: operator g_pe_row[13].g_pe_pair[7].u_pe/p_w is absorbed into DSP g_pe_row[13].g_pe_pair[7].u_pe/p0_o.
DSP Report: Generating DSP g_pe_row[13].g_pe_pair[7].u_pe/p_w, operation Mode is: A*B.
DSP Report: operator g_pe_row[13].g_pe_pair[7].u_pe/p_w is absorbed into DSP g_pe_row[13].g_pe_pair[7].u_pe/p_w.
DSP Report: Generating DSP g_pe_row[14].g_pe_pair[0].u_pe/p0_o, operation Mode is: -C+A*B+1-1.
DSP Report: operator g_pe_row[14].g_pe_pair[0].u_pe/p0_o is absorbed into DSP g_pe_row[14].g_pe_pair[0].u_pe/p0_o.
DSP Report: operator g_pe_row[14].g_pe_pair[0].u_pe/p_w is absorbed into DSP g_pe_row[14].g_pe_pair[0].u_pe/p0_o.
DSP Report: Generating DSP g_pe_row[14].g_pe_pair[0].u_pe/p_w, operation Mode is: A*B.
DSP Report: operator g_pe_row[14].g_pe_pair[0].u_pe/p_w is absorbed into DSP g_pe_row[14].g_pe_pair[0].u_pe/p_w.
DSP Report: Generating DSP g_pe_row[14].g_pe_pair[1].u_pe/p0_o, operation Mode is: -C+A*B+1-1.
DSP Report: operator g_pe_row[14].g_pe_pair[1].u_pe/p0_o is absorbed into DSP g_pe_row[14].g_pe_pair[1].u_pe/p0_o.
DSP Report: operator g_pe_row[14].g_pe_pair[1].u_pe/p_w is absorbed into DSP g_pe_row[14].g_pe_pair[1].u_pe/p0_o.
DSP Report: Generating DSP g_pe_row[14].g_pe_pair[1].u_pe/p_w, operation Mode is: A*B.
DSP Report: operator g_pe_row[14].g_pe_pair[1].u_pe/p_w is absorbed into DSP g_pe_row[14].g_pe_pair[1].u_pe/p_w.
DSP Report: Generating DSP g_pe_row[14].g_pe_pair[2].u_pe/p0_o, operation Mode is: -C+A*B+1-1.
DSP Report: operator g_pe_row[14].g_pe_pair[2].u_pe/p0_o is absorbed into DSP g_pe_row[14].g_pe_pair[2].u_pe/p0_o.
DSP Report: operator g_pe_row[14].g_pe_pair[2].u_pe/p_w is absorbed into DSP g_pe_row[14].g_pe_pair[2].u_pe/p0_o.
DSP Report: Generating DSP g_pe_row[14].g_pe_pair[2].u_pe/p_w, operation Mode is: A*B.
DSP Report: operator g_pe_row[14].g_pe_pair[2].u_pe/p_w is absorbed into DSP g_pe_row[14].g_pe_pair[2].u_pe/p_w.
DSP Report: Generating DSP g_pe_row[14].g_pe_pair[3].u_pe/p0_o, operation Mode is: -C+A*B+1-1.
DSP Report: operator g_pe_row[14].g_pe_pair[3].u_pe/p0_o is absorbed into DSP g_pe_row[14].g_pe_pair[3].u_pe/p0_o.
DSP Report: operator g_pe_row[14].g_pe_pair[3].u_pe/p_w is absorbed into DSP g_pe_row[14].g_pe_pair[3].u_pe/p0_o.
DSP Report: Generating DSP g_pe_row[14].g_pe_pair[3].u_pe/p_w, operation Mode is: A*B.
DSP Report: operator g_pe_row[14].g_pe_pair[3].u_pe/p_w is absorbed into DSP g_pe_row[14].g_pe_pair[3].u_pe/p_w.
DSP Report: Generating DSP g_pe_row[14].g_pe_pair[4].u_pe/p0_o, operation Mode is: -C+A*B+1-1.
DSP Report: operator g_pe_row[14].g_pe_pair[4].u_pe/p0_o is absorbed into DSP g_pe_row[14].g_pe_pair[4].u_pe/p0_o.
DSP Report: operator g_pe_row[14].g_pe_pair[4].u_pe/p_w is absorbed into DSP g_pe_row[14].g_pe_pair[4].u_pe/p0_o.
DSP Report: Generating DSP g_pe_row[14].g_pe_pair[4].u_pe/p_w, operation Mode is: A*B.
DSP Report: operator g_pe_row[14].g_pe_pair[4].u_pe/p_w is absorbed into DSP g_pe_row[14].g_pe_pair[4].u_pe/p_w.
DSP Report: Generating DSP g_pe_row[14].g_pe_pair[5].u_pe/p0_o, operation Mode is: -C+A*B+1-1.
DSP Report: operator g_pe_row[14].g_pe_pair[5].u_pe/p0_o is absorbed into DSP g_pe_row[14].g_pe_pair[5].u_pe/p0_o.
DSP Report: operator g_pe_row[14].g_pe_pair[5].u_pe/p_w is absorbed into DSP g_pe_row[14].g_pe_pair[5].u_pe/p0_o.
DSP Report: Generating DSP g_pe_row[14].g_pe_pair[5].u_pe/p_w, operation Mode is: A*B.
DSP Report: operator g_pe_row[14].g_pe_pair[5].u_pe/p_w is absorbed into DSP g_pe_row[14].g_pe_pair[5].u_pe/p_w.
DSP Report: Generating DSP g_pe_row[14].g_pe_pair[6].u_pe/p0_o, operation Mode is: -C+A*B+1-1.
DSP Report: operator g_pe_row[14].g_pe_pair[6].u_pe/p0_o is absorbed into DSP g_pe_row[14].g_pe_pair[6].u_pe/p0_o.
DSP Report: operator g_pe_row[14].g_pe_pair[6].u_pe/p_w is absorbed into DSP g_pe_row[14].g_pe_pair[6].u_pe/p0_o.
DSP Report: Generating DSP g_pe_row[14].g_pe_pair[6].u_pe/p_w, operation Mode is: A*B.
DSP Report: operator g_pe_row[14].g_pe_pair[6].u_pe/p_w is absorbed into DSP g_pe_row[14].g_pe_pair[6].u_pe/p_w.
DSP Report: Generating DSP g_pe_row[15].g_pe_pair[0].u_pe/p0_o, operation Mode is: -C+A*B+1-1.
DSP Report: operator g_pe_row[15].g_pe_pair[0].u_pe/p0_o is absorbed into DSP g_pe_row[15].g_pe_pair[0].u_pe/p0_o.
DSP Report: operator g_pe_row[15].g_pe_pair[0].u_pe/p_w is absorbed into DSP g_pe_row[15].g_pe_pair[0].u_pe/p0_o.
DSP Report: Generating DSP g_pe_row[15].g_pe_pair[0].u_pe/p_w, operation Mode is: A*B.
DSP Report: operator g_pe_row[15].g_pe_pair[0].u_pe/p_w is absorbed into DSP g_pe_row[15].g_pe_pair[0].u_pe/p_w.
DSP Report: Generating DSP g_pe_row[15].g_pe_pair[1].u_pe/p0_o, operation Mode is: -C+A*B+1-1.
DSP Report: operator g_pe_row[15].g_pe_pair[1].u_pe/p0_o is absorbed into DSP g_pe_row[15].g_pe_pair[1].u_pe/p0_o.
DSP Report: operator g_pe_row[15].g_pe_pair[1].u_pe/p_w is absorbed into DSP g_pe_row[15].g_pe_pair[1].u_pe/p0_o.
DSP Report: Generating DSP g_pe_row[15].g_pe_pair[1].u_pe/p_w, operation Mode is: A*B.
DSP Report: operator g_pe_row[15].g_pe_pair[1].u_pe/p_w is absorbed into DSP g_pe_row[15].g_pe_pair[1].u_pe/p_w.
DSP Report: Generating DSP g_pe_row[15].g_pe_pair[2].u_pe/p0_o, operation Mode is: -C+A*B+1-1.
DSP Report: operator g_pe_row[15].g_pe_pair[2].u_pe/p0_o is absorbed into DSP g_pe_row[15].g_pe_pair[2].u_pe/p0_o.
DSP Report: operator g_pe_row[15].g_pe_pair[2].u_pe/p_w is absorbed into DSP g_pe_row[15].g_pe_pair[2].u_pe/p0_o.
DSP Report: Generating DSP g_pe_row[15].g_pe_pair[2].u_pe/p_w, operation Mode is: A*B.
DSP Report: operator g_pe_row[15].g_pe_pair[2].u_pe/p_w is absorbed into DSP g_pe_row[15].g_pe_pair[2].u_pe/p_w.
DSP Report: Generating DSP g_pe_row[15].g_pe_pair[3].u_pe/p0_o, operation Mode is: -C+A*B+1-1.
DSP Report: operator g_pe_row[15].g_pe_pair[3].u_pe/p0_o is absorbed into DSP g_pe_row[15].g_pe_pair[3].u_pe/p0_o.
DSP Report: operator g_pe_row[15].g_pe_pair[3].u_pe/p_w is absorbed into DSP g_pe_row[15].g_pe_pair[3].u_pe/p0_o.
DSP Report: Generating DSP g_pe_row[15].g_pe_pair[3].u_pe/p_w, operation Mode is: A*B.
DSP Report: operator g_pe_row[15].g_pe_pair[3].u_pe/p_w is absorbed into DSP g_pe_row[15].g_pe_pair[3].u_pe/p_w.
DSP Report: Generating DSP g_pe_row[15].g_pe_pair[4].u_pe/p0_o, operation Mode is: -C+A*B+1-1.
DSP Report: operator g_pe_row[15].g_pe_pair[4].u_pe/p0_o is absorbed into DSP g_pe_row[15].g_pe_pair[4].u_pe/p0_o.
DSP Report: operator g_pe_row[15].g_pe_pair[4].u_pe/p_w is absorbed into DSP g_pe_row[15].g_pe_pair[4].u_pe/p0_o.
DSP Report: Generating DSP g_pe_row[15].g_pe_pair[4].u_pe/p_w, operation Mode is: A*B.
DSP Report: operator g_pe_row[15].g_pe_pair[4].u_pe/p_w is absorbed into DSP g_pe_row[15].g_pe_pair[4].u_pe/p_w.
DSP Report: Generating DSP g_pe_row[15].g_pe_pair[5].u_pe/p0_o, operation Mode is: -C+A*B+1-1.
DSP Report: operator g_pe_row[15].g_pe_pair[5].u_pe/p0_o is absorbed into DSP g_pe_row[15].g_pe_pair[5].u_pe/p0_o.
DSP Report: operator g_pe_row[15].g_pe_pair[5].u_pe/p_w is absorbed into DSP g_pe_row[15].g_pe_pair[5].u_pe/p0_o.
DSP Report: Generating DSP g_pe_row[15].g_pe_pair[5].u_pe/p_w, operation Mode is: A*B.
DSP Report: operator g_pe_row[15].g_pe_pair[5].u_pe/p_w is absorbed into DSP g_pe_row[15].g_pe_pair[5].u_pe/p_w.
DSP Report: Generating DSP g_pe_row[15].g_pe_pair[6].u_pe/p0_o, operation Mode is: -C+A*B+1-1.
DSP Report: operator g_pe_row[15].g_pe_pair[6].u_pe/p0_o is absorbed into DSP g_pe_row[15].g_pe_pair[6].u_pe/p0_o.
DSP Report: operator g_pe_row[15].g_pe_pair[6].u_pe/p_w is absorbed into DSP g_pe_row[15].g_pe_pair[6].u_pe/p0_o.
DSP Report: Generating DSP g_pe_row[15].g_pe_pair[6].u_pe/p_w, operation Mode is: A*B.
DSP Report: operator g_pe_row[15].g_pe_pair[6].u_pe/p_w is absorbed into DSP g_pe_row[15].g_pe_pair[6].u_pe/p_w.
DSP Report: Generating DSP g_pe_row[0].g_pe_pair[7].u_pe/p0_o, operation Mode is: -C+A*B+1-1.
DSP Report: operator g_pe_row[0].g_pe_pair[7].u_pe/p0_o is absorbed into DSP g_pe_row[0].g_pe_pair[7].u_pe/p0_o.
DSP Report: operator g_pe_row[0].g_pe_pair[7].u_pe/p_w is absorbed into DSP g_pe_row[0].g_pe_pair[7].u_pe/p0_o.
DSP Report: Generating DSP g_pe_row[0].g_pe_pair[7].u_pe/p_w, operation Mode is: A*B.
DSP Report: operator g_pe_row[0].g_pe_pair[7].u_pe/p_w is absorbed into DSP g_pe_row[0].g_pe_pair[7].u_pe/p_w.
DSP Report: Generating DSP g_pe_row[1].g_pe_pair[7].u_pe/p0_o, operation Mode is: -C+A*B+1-1.
DSP Report: operator g_pe_row[1].g_pe_pair[7].u_pe/p0_o is absorbed into DSP g_pe_row[1].g_pe_pair[7].u_pe/p0_o.
DSP Report: operator g_pe_row[1].g_pe_pair[7].u_pe/p_w is absorbed into DSP g_pe_row[1].g_pe_pair[7].u_pe/p0_o.
DSP Report: Generating DSP g_pe_row[1].g_pe_pair[7].u_pe/p_w, operation Mode is: A*B.
DSP Report: operator g_pe_row[1].g_pe_pair[7].u_pe/p_w is absorbed into DSP g_pe_row[1].g_pe_pair[7].u_pe/p_w.
DSP Report: Generating DSP g_pe_row[2].g_pe_pair[7].u_pe/p0_o, operation Mode is: -C+A*B+1-1.
DSP Report: operator g_pe_row[2].g_pe_pair[7].u_pe/p0_o is absorbed into DSP g_pe_row[2].g_pe_pair[7].u_pe/p0_o.
DSP Report: operator g_pe_row[2].g_pe_pair[7].u_pe/p_w is absorbed into DSP g_pe_row[2].g_pe_pair[7].u_pe/p0_o.
DSP Report: Generating DSP g_pe_row[2].g_pe_pair[7].u_pe/p_w, operation Mode is: A*B.
DSP Report: operator g_pe_row[2].g_pe_pair[7].u_pe/p_w is absorbed into DSP g_pe_row[2].g_pe_pair[7].u_pe/p_w.
DSP Report: Generating DSP g_pe_row[3].g_pe_pair[7].u_pe/p0_o, operation Mode is: -C+A*B+1-1.
DSP Report: operator g_pe_row[3].g_pe_pair[7].u_pe/p0_o is absorbed into DSP g_pe_row[3].g_pe_pair[7].u_pe/p0_o.
DSP Report: operator g_pe_row[3].g_pe_pair[7].u_pe/p_w is absorbed into DSP g_pe_row[3].g_pe_pair[7].u_pe/p0_o.
DSP Report: Generating DSP g_pe_row[3].g_pe_pair[7].u_pe/p_w, operation Mode is: A*B.
DSP Report: operator g_pe_row[3].g_pe_pair[7].u_pe/p_w is absorbed into DSP g_pe_row[3].g_pe_pair[7].u_pe/p_w.
DSP Report: Generating DSP g_pe_row[4].g_pe_pair[7].u_pe/p0_o, operation Mode is: -C+A*B+1-1.
DSP Report: operator g_pe_row[4].g_pe_pair[7].u_pe/p0_o is absorbed into DSP g_pe_row[4].g_pe_pair[7].u_pe/p0_o.
DSP Report: operator g_pe_row[4].g_pe_pair[7].u_pe/p_w is absorbed into DSP g_pe_row[4].g_pe_pair[7].u_pe/p0_o.
DSP Report: Generating DSP g_pe_row[4].g_pe_pair[7].u_pe/p_w, operation Mode is: A*B.
DSP Report: operator g_pe_row[4].g_pe_pair[7].u_pe/p_w is absorbed into DSP g_pe_row[4].g_pe_pair[7].u_pe/p_w.
DSP Report: Generating DSP g_pe_row[5].g_pe_pair[7].u_pe/p0_o, operation Mode is: -C+A*B+1-1.
DSP Report: operator g_pe_row[5].g_pe_pair[7].u_pe/p0_o is absorbed into DSP g_pe_row[5].g_pe_pair[7].u_pe/p0_o.
DSP Report: operator g_pe_row[5].g_pe_pair[7].u_pe/p_w is absorbed into DSP g_pe_row[5].g_pe_pair[7].u_pe/p0_o.
DSP Report: Generating DSP g_pe_row[5].g_pe_pair[7].u_pe/p_w, operation Mode is: A*B.
DSP Report: operator g_pe_row[5].g_pe_pair[7].u_pe/p_w is absorbed into DSP g_pe_row[5].g_pe_pair[7].u_pe/p_w.
DSP Report: Generating DSP g_pe_row[6].g_pe_pair[7].u_pe/p0_o, operation Mode is: -C+A*B+1-1.
DSP Report: operator g_pe_row[6].g_pe_pair[7].u_pe/p0_o is absorbed into DSP g_pe_row[6].g_pe_pair[7].u_pe/p0_o.
DSP Report: operator g_pe_row[6].g_pe_pair[7].u_pe/p_w is absorbed into DSP g_pe_row[6].g_pe_pair[7].u_pe/p0_o.
DSP Report: Generating DSP g_pe_row[6].g_pe_pair[7].u_pe/p_w, operation Mode is: A*B.
DSP Report: operator g_pe_row[6].g_pe_pair[7].u_pe/p_w is absorbed into DSP g_pe_row[6].g_pe_pair[7].u_pe/p_w.
DSP Report: Generating DSP g_pe_row[7].g_pe_pair[7].u_pe/p0_o, operation Mode is: -C+A*B+1-1.
DSP Report: operator g_pe_row[7].g_pe_pair[7].u_pe/p0_o is absorbed into DSP g_pe_row[7].g_pe_pair[7].u_pe/p0_o.
DSP Report: operator g_pe_row[7].g_pe_pair[7].u_pe/p_w is absorbed into DSP g_pe_row[7].g_pe_pair[7].u_pe/p0_o.
DSP Report: Generating DSP g_pe_row[7].g_pe_pair[7].u_pe/p_w, operation Mode is: A*B.
DSP Report: operator g_pe_row[7].g_pe_pair[7].u_pe/p_w is absorbed into DSP g_pe_row[7].g_pe_pair[7].u_pe/p_w.
DSP Report: Generating DSP g_pe_row[8].g_pe_pair[7].u_pe/p0_o, operation Mode is: -C+A*B+1-1.
DSP Report: operator g_pe_row[8].g_pe_pair[7].u_pe/p0_o is absorbed into DSP g_pe_row[8].g_pe_pair[7].u_pe/p0_o.
DSP Report: operator g_pe_row[8].g_pe_pair[7].u_pe/p_w is absorbed into DSP g_pe_row[8].g_pe_pair[7].u_pe/p0_o.
DSP Report: Generating DSP g_pe_row[8].g_pe_pair[7].u_pe/p_w, operation Mode is: A*B.
DSP Report: operator g_pe_row[8].g_pe_pair[7].u_pe/p_w is absorbed into DSP g_pe_row[8].g_pe_pair[7].u_pe/p_w.
DSP Report: Generating DSP g_pe_row[9].g_pe_pair[7].u_pe/p0_o, operation Mode is: -C+A*B+1-1.
DSP Report: operator g_pe_row[9].g_pe_pair[7].u_pe/p0_o is absorbed into DSP g_pe_row[9].g_pe_pair[7].u_pe/p0_o.
DSP Report: operator g_pe_row[9].g_pe_pair[7].u_pe/p_w is absorbed into DSP g_pe_row[9].g_pe_pair[7].u_pe/p0_o.
DSP Report: Generating DSP g_pe_row[9].g_pe_pair[7].u_pe/p_w, operation Mode is: A*B.
DSP Report: operator g_pe_row[9].g_pe_pair[7].u_pe/p_w is absorbed into DSP g_pe_row[9].g_pe_pair[7].u_pe/p_w.
DSP Report: Generating DSP g_pe_row[10].g_pe_pair[7].u_pe/p0_o, operation Mode is: -C+A*B+1-1.
DSP Report: operator g_pe_row[10].g_pe_pair[7].u_pe/p0_o is absorbed into DSP g_pe_row[10].g_pe_pair[7].u_pe/p0_o.
DSP Report: operator g_pe_row[10].g_pe_pair[7].u_pe/p_w is absorbed into DSP g_pe_row[10].g_pe_pair[7].u_pe/p0_o.
DSP Report: Generating DSP g_pe_row[10].g_pe_pair[7].u_pe/p_w, operation Mode is: A*B.
DSP Report: operator g_pe_row[10].g_pe_pair[7].u_pe/p_w is absorbed into DSP g_pe_row[10].g_pe_pair[7].u_pe/p_w.
DSP Report: Generating DSP g_pe_row[11].g_pe_pair[7].u_pe/p0_o, operation Mode is: -C+A*B+1-1.
DSP Report: operator g_pe_row[11].g_pe_pair[7].u_pe/p0_o is absorbed into DSP g_pe_row[11].g_pe_pair[7].u_pe/p0_o.
DSP Report: operator g_pe_row[11].g_pe_pair[7].u_pe/p_w is absorbed into DSP g_pe_row[11].g_pe_pair[7].u_pe/p0_o.
DSP Report: Generating DSP g_pe_row[11].g_pe_pair[7].u_pe/p_w, operation Mode is: A*B.
DSP Report: operator g_pe_row[11].g_pe_pair[7].u_pe/p_w is absorbed into DSP g_pe_row[11].g_pe_pair[7].u_pe/p_w.
DSP Report: Generating DSP g_pe_row[14].g_pe_pair[7].u_pe/p0_o, operation Mode is: -C+A*B+1-1.
DSP Report: operator g_pe_row[14].g_pe_pair[7].u_pe/p0_o is absorbed into DSP g_pe_row[14].g_pe_pair[7].u_pe/p0_o.
DSP Report: operator g_pe_row[14].g_pe_pair[7].u_pe/p_w is absorbed into DSP g_pe_row[14].g_pe_pair[7].u_pe/p0_o.
DSP Report: Generating DSP g_pe_row[14].g_pe_pair[7].u_pe/p_w, operation Mode is: A*B.
DSP Report: operator g_pe_row[14].g_pe_pair[7].u_pe/p_w is absorbed into DSP g_pe_row[14].g_pe_pair[7].u_pe/p_w.
DSP Report: Generating DSP g_pe_row[15].g_pe_pair[7].u_pe/p0_o, operation Mode is: -C+A*B+1-1.
DSP Report: operator g_pe_row[15].g_pe_pair[7].u_pe/p0_o is absorbed into DSP g_pe_row[15].g_pe_pair[7].u_pe/p0_o.
DSP Report: operator g_pe_row[15].g_pe_pair[7].u_pe/p_w is absorbed into DSP g_pe_row[15].g_pe_pair[7].u_pe/p0_o.
DSP Report: Generating DSP g_pe_row[15].g_pe_pair[7].u_pe/p_w, operation Mode is: A*B.
DSP Report: operator g_pe_row[15].g_pe_pair[7].u_pe/p_w is absorbed into DSP g_pe_row[15].g_pe_pair[7].u_pe/p_w.
DSP Report: Generating DSP in_b2, operation Mode is: C+A*B.
DSP Report: operator in_b2 is absorbed into DSP in_b2.
DSP Report: operator in_b4 is absorbed into DSP in_b2.
DSP Report: Generating DSP in_b3, operation Mode is: C+A*B.
DSP Report: operator in_b3 is absorbed into DSP in_b3.
DSP Report: operator in_b5 is absorbed into DSP in_b3.
DSP Report: Generating DSP x_addr_w1, operation Mode is: A*B.
DSP Report: operator x_addr_w1 is absorbed into DSP x_addr_w1.
DSP Report: Generating DSP plane_sz, operation Mode is: A*B.
DSP Report: operator plane_sz is absorbed into DSP plane_sz.
DSP Report: Generating DSP x_addr_w1, operation Mode is: A*B.
DSP Report: operator x_addr_w1 is absorbed into DSP x_addr_w1.
DSP Report: operator x_addr_w1 is absorbed into DSP x_addr_w1.
DSP Report: Generating DSP x_addr_w1, operation Mode is: (PCIN>>17)+A*B.
DSP Report: operator x_addr_w1 is absorbed into DSP x_addr_w1.
DSP Report: operator x_addr_w1 is absorbed into DSP x_addr_w1.
DSP Report: Generating DSP x_addr_w, operation Mode is: (PCIN or 0)+(A:B or 0)+(C or 0).
DSP Report: operator x_addr_w is absorbed into DSP x_addr_w.
DSP Report: Generating DSP rq_last_w0, operation Mode is: (C:0xffffffffffff)+A*B.
DSP Report: operator rq_last_w0 is absorbed into DSP rq_last_w0.
DSP Report: operator rq_last_w1 is absorbed into DSP rq_last_w0.
DSP Report: Generating DSP ctrl_rq_last_w1, operation Mode is: (C:0xffffffffffff)+A*B.
DSP Report: operator ctrl_rq_last_w1 is absorbed into DSP ctrl_rq_last_w1.
DSP Report: operator ctrl_rq_last_w2 is absorbed into DSP ctrl_rq_last_w1.
DSP Report: Generating DSP row_addr_d0_w, operation Mode is: C+A*B.
DSP Report: operator row_addr_d0_w is absorbed into DSP row_addr_d0_w.
DSP Report: operator row_addr_d0_w1 is absorbed into DSP row_addr_d0_w.
---------------------------------------------------------------------------------
Finished Cross Boundary and Area Optimization : Time (s): cpu = 00:01:03 ; elapsed = 00:01:06 . Memory (MB): peak = 1867.289 ; gain = 1316.168
---------------------------------------------------------------------------------
WARNING: [Synth 8-3323] Resources of type DSP have been overutilized. Used = 270, Available = 220. Use report_utilization command for details.
 Sort Area is yolo_gemm_array__GCB0 prod_0 : 0 0 : 2701 4861 : Used 1 time 0
 Sort Area is yolo_gemm_array__GCB0 prod_0 : 0 1 : 2160 4861 : Used 1 time 0
 Sort Area is yolo_gemm_array__GCB2 x_addr_w1_10d : 0 0 : 2588 4841 : Used 1 time 0
 Sort Area is yolo_gemm_array__GCB2 x_addr_w1_10d : 0 1 : 2253 4841 : Used 1 time 0
 Sort Area is yolo_gemm_array__GCB0 prod_3 : 0 0 : 2304 4196 : Used 1 time 0
 Sort Area is yolo_gemm_array__GCB0 prod_3 : 0 1 : 1892 4196 : Used 1 time 0
 Sort Area is yolo_gemm_array__GCB2 x_addr_w1_110 : 0 0 : 2304 2548 : Used 1 time 0
 Sort Area is yolo_gemm_array__GCB2 x_addr_w1_110 : 0 1 : 244 2548 : Used 1 time 0
 Sort Area is yolo_gemm_array__GCB2 row_addr_d0_w_115 : 0 0 : 2041 2041 : Used 1 time 0
 Sort Area is yolo_gemm_array__GCB2 plane_sz_10b : 0 0 : 1946 1946 : Used 1 time 0
 Sort Area is yolo_gemm_array__GCB0 g_pe_row[0].g_pe_pair[0].u_pe/p0_o_6 : 0 0 : 1339 1339 : Used 1 time 0
 Sort Area is yolo_gemm_array__GCB0 g_pe_row[0].g_pe_pair[1].u_pe/p0_o_a : 0 0 : 1339 1339 : Used 1 time 0
 Sort Area is yolo_gemm_array__GCB0 g_pe_row[0].g_pe_pair[2].u_pe/p0_o_c : 0 0 : 1339 1339 : Used 1 time 0
 Sort Area is yolo_gemm_array__GCB0 g_pe_row[0].g_pe_pair[3].u_pe/p0_o_e : 0 0 : 1339 1339 : Used 1 time 0
 Sort Area is yolo_gemm_array__GCB0 g_pe_row[0].g_pe_pair[4].u_pe/p0_o_10 : 0 0 : 1339 1339 : Used 1 time 0
 Sort Area is yolo_gemm_array__GCB0 g_pe_row[0].g_pe_pair[5].u_pe/p0_o_12 : 0 0 : 1339 1339 : Used 1 time 0
 Sort Area is yolo_gemm_array__GCB0 g_pe_row[0].g_pe_pair[6].u_pe/p0_o_14 : 0 0 : 1339 1339 : Used 1 time 0
 Sort Area is yolo_gemm_array__GCB1 g_pe_row[0].g_pe_pair[7].u_pe/p0_o_ec : 0 0 : 1339 1339 : Used 1 time 0
 Sort Area is yolo_gemm_array__GCB0 g_pe_row[10].g_pe_pair[0].u_pe/p0_o_94 : 0 0 : 1339 1339 : Used 1 time 0
 Sort Area is yolo_gemm_array__GCB0 g_pe_row[10].g_pe_pair[1].u_pe/p0_o_96 : 0 0 : 1339 1339 : Used 1 time 0
 Sort Area is yolo_gemm_array__GCB0 g_pe_row[10].g_pe_pair[2].u_pe/p0_o_98 : 0 0 : 1339 1339 : Used 1 time 0
 Sort Area is yolo_gemm_array__GCB0 g_pe_row[10].g_pe_pair[3].u_pe/p0_o_9a : 0 0 : 1339 1339 : Used 1 time 0
 Sort Area is yolo_gemm_array__GCB0 g_pe_row[10].g_pe_pair[4].u_pe/p0_o_9c : 0 0 : 1339 1339 : Used 1 time 0
 Sort Area is yolo_gemm_array__GCB0 g_pe_row[10].g_pe_pair[5].u_pe/p0_o_9e : 0 0 : 1339 1339 : Used 1 time 0
 Sort Area is yolo_gemm_array__GCB0 g_pe_row[10].g_pe_pair[6].u_pe/p0_o_a0 : 0 0 : 1339 1339 : Used 1 time 0
 Sort Area is yolo_gemm_array__GCB1 g_pe_row[10].g_pe_pair[7].u_pe/p0_o_100 : 0 0 : 1339 1339 : Used 1 time 0
 Sort Area is yolo_gemm_array__GCB0 g_pe_row[11].g_pe_pair[0].u_pe/p0_o_a2 : 0 0 : 1339 1339 : Used 1 time 0
 Sort Area is yolo_gemm_array__GCB0 g_pe_row[11].g_pe_pair[1].u_pe/p0_o_a4 : 0 0 : 1339 1339 : Used 1 time 0
 Sort Area is yolo_gemm_array__GCB0 g_pe_row[11].g_pe_pair[2].u_pe/p0_o_a6 : 0 0 : 1339 1339 : Used 1 time 0
 Sort Area is yolo_gemm_array__GCB0 g_pe_row[11].g_pe_pair[3].u_pe/p0_o_a8 : 0 0 : 1339 1339 : Used 1 time 0
 Sort Area is yolo_gemm_array__GCB0 g_pe_row[11].g_pe_pair[4].u_pe/p0_o_aa : 0 0 : 1339 1339 : Used 1 time 0
 Sort Area is yolo_gemm_array__GCB0 g_pe_row[11].g_pe_pair[5].u_pe/p0_o_ac : 0 0 : 1339 1339 : Used 1 time 0
 Sort Area is yolo_gemm_array__GCB0 g_pe_row[11].g_pe_pair[6].u_pe/p0_o_ae : 0 0 : 1339 1339 : Used 1 time 0
 Sort Area is yolo_gemm_array__GCB1 g_pe_row[11].g_pe_pair[7].u_pe/p0_o_102 : 0 0 : 1339 1339 : Used 1 time 0
 Sort Area is yolo_gemm_array__GCB0 g_pe_row[12].g_pe_pair[0].u_pe/p0_o_b0 : 0 0 : 1339 1339 : Used 1 time 0
 Sort Area is yolo_gemm_array__GCB0 g_pe_row[12].g_pe_pair[1].u_pe/p0_o_b2 : 0 0 : 1339 1339 : Used 1 time 0
 Sort Area is yolo_gemm_array__GCB0 g_pe_row[12].g_pe_pair[2].u_pe/p0_o_b4 : 0 0 : 1339 1339 : Used 1 time 0
 Sort Area is yolo_gemm_array__GCB0 g_pe_row[12].g_pe_pair[3].u_pe/p0_o_b6 : 0 0 : 1339 1339 : Used 1 time 0
 Sort Area is yolo_gemm_array__GCB0 g_pe_row[12].g_pe_pair[4].u_pe/p0_o_b8 : 0 0 : 1339 1339 : Used 1 time 0
 Sort Area is yolo_gemm_array__GCB0 g_pe_row[12].g_pe_pair[5].u_pe/p0_o_ba : 0 0 : 1339 1339 : Used 1 time 0
 Sort Area is yolo_gemm_array__GCB0 g_pe_row[12].g_pe_pair[6].u_pe/p0_o_bc : 0 0 : 1339 1339 : Used 1 time 0
 Sort Area is yolo_gemm_array__GCB0 g_pe_row[12].g_pe_pair[7].u_pe/p0_o_be : 0 0 : 1339 1339 : Used 1 time 0
 Sort Area is yolo_gemm_array__GCB0 g_pe_row[13].g_pe_pair[0].u_pe/p0_o_c0 : 0 0 : 1339 1339 : Used 1 time 0
 Sort Area is yolo_gemm_array__GCB0 g_pe_row[13].g_pe_pair[1].u_pe/p0_o_c2 : 0 0 : 1339 1339 : Used 1 time 0
 Sort Area is yolo_gemm_array__GCB0 g_pe_row[13].g_pe_pair[2].u_pe/p0_o_c4 : 0 0 : 1339 1339 : Used 1 time 0
 Sort Area is yolo_gemm_array__GCB0 g_pe_row[13].g_pe_pair[3].u_pe/p0_o_c6 : 0 0 : 1339 1339 : Used 1 time 0
 Sort Area is yolo_gemm_array__GCB0 g_pe_row[13].g_pe_pair[4].u_pe/p0_o_c8 : 0 0 : 1339 1339 : Used 1 time 0
 Sort Area is yolo_gemm_array__GCB0 g_pe_row[13].g_pe_pair[5].u_pe/p0_o_ca : 0 0 : 1339 1339 : Used 1 time 0
 Sort Area is yolo_gemm_array__GCB0 g_pe_row[13].g_pe_pair[6].u_pe/p0_o_cc : 0 0 : 1339 1339 : Used 1 time 0
 Sort Area is yolo_gemm_array__GCB0 g_pe_row[13].g_pe_pair[7].u_pe/p0_o_ce : 0 0 : 1339 1339 : Used 1 time 0
 Sort Area is yolo_gemm_array__GCB0 g_pe_row[14].g_pe_pair[0].u_pe/p0_o_d0 : 0 0 : 1339 1339 : Used 1 time 0
 Sort Area is yolo_gemm_array__GCB0 g_pe_row[14].g_pe_pair[1].u_pe/p0_o_d2 : 0 0 : 1339 1339 : Used 1 time 0
 Sort Area is yolo_gemm_array__GCB0 g_pe_row[14].g_pe_pair[2].u_pe/p0_o_d4 : 0 0 : 1339 1339 : Used 1 time 0
 Sort Area is yolo_gemm_array__GCB0 g_pe_row[14].g_pe_pair[3].u_pe/p0_o_d6 : 0 0 : 1339 1339 : Used 1 time 0
 Sort Area is yolo_gemm_array__GCB0 g_pe_row[14].g_pe_pair[4].u_pe/p0_o_d8 : 0 0 : 1339 1339 : Used 1 time 0
 Sort Area is yolo_gemm_array__GCB0 g_pe_row[14].g_pe_pair[5].u_pe/p0_o_da : 0 0 : 1339 1339 : Used 1 time 0
 Sort Area is yolo_gemm_array__GCB0 g_pe_row[14].g_pe_pair[6].u_pe/p0_o_dc : 0 0 : 1339 1339 : Used 1 time 0
 Sort Area is yolo_gemm_array__GCB1 g_pe_row[14].g_pe_pair[7].u_pe/p0_o_104 : 0 0 : 1339 1339 : Used 1 time 0
 Sort Area is yolo_gemm_array__GCB0 g_pe_row[15].g_pe_pair[0].u_pe/p0_o_de : 0 0 : 1339 1339 : Used 1 time 0
 Sort Area is yolo_gemm_array__GCB0 g_pe_row[15].g_pe_pair[1].u_pe/p0_o_e0 : 0 0 : 1339 1339 : Used 1 time 0
 Sort Area is yolo_gemm_array__GCB0 g_pe_row[15].g_pe_pair[2].u_pe/p0_o_e2 : 0 0 : 1339 1339 : Used 1 time 0
 Sort Area is yolo_gemm_array__GCB0 g_pe_row[15].g_pe_pair[3].u_pe/p0_o_e4 : 0 0 : 1339 1339 : Used 1 time 0
 Sort Area is yolo_gemm_array__GCB0 g_pe_row[15].g_pe_pair[4].u_pe/p0_o_e6 : 0 0 : 1339 1339 : Used 1 time 0
 Sort Area is yolo_gemm_array__GCB0 g_pe_row[15].g_pe_pair[5].u_pe/p0_o_e8 : 0 0 : 1339 1339 : Used 1 time 0
 Sort Area is yolo_gemm_array__GCB0 g_pe_row[15].g_pe_pair[6].u_pe/p0_o_ea : 0 0 : 1339 1339 : Used 1 time 0
 Sort Area is yolo_gemm_array__GCB1 g_pe_row[15].g_pe_pair[7].u_pe/p0_o_106 : 0 0 : 1339 1339 : Used 1 time 0
 Sort Area is yolo_gemm_array__GCB0 g_pe_row[1].g_pe_pair[0].u_pe/p0_o_16 : 0 0 : 1339 1339 : Used 1 time 0
 Sort Area is yolo_gemm_array__GCB0 g_pe_row[1].g_pe_pair[1].u_pe/p0_o_18 : 0 0 : 1339 1339 : Used 1 time 0
 Sort Area is yolo_gemm_array__GCB0 g_pe_row[1].g_pe_pair[2].u_pe/p0_o_1a : 0 0 : 1339 1339 : Used 1 time 0
 Sort Area is yolo_gemm_array__GCB0 g_pe_row[1].g_pe_pair[3].u_pe/p0_o_1c : 0 0 : 1339 1339 : Used 1 time 0
 Sort Area is yolo_gemm_array__GCB0 g_pe_row[1].g_pe_pair[4].u_pe/p0_o_1e : 0 0 : 1339 1339 : Used 1 time 0
 Sort Area is yolo_gemm_array__GCB0 g_pe_row[1].g_pe_pair[5].u_pe/p0_o_20 : 0 0 : 1339 1339 : Used 1 time 0
 Sort Area is yolo_gemm_array__GCB0 g_pe_row[1].g_pe_pair[6].u_pe/p0_o_22 : 0 0 : 1339 1339 : Used 1 time 0
 Sort Area is yolo_gemm_array__GCB1 g_pe_row[1].g_pe_pair[7].u_pe/p0_o_ee : 0 0 : 1339 1339 : Used 1 time 0
 Sort Area is yolo_gemm_array__GCB0 g_pe_row[2].g_pe_pair[0].u_pe/p0_o_24 : 0 0 : 1339 1339 : Used 1 time 0
 Sort Area is yolo_gemm_array__GCB0 g_pe_row[2].g_pe_pair[1].u_pe/p0_o_26 : 0 0 : 1339 1339 : Used 1 time 0
 Sort Area is yolo_gemm_array__GCB0 g_pe_row[2].g_pe_pair[2].u_pe/p0_o_28 : 0 0 : 1339 1339 : Used 1 time 0
 Sort Area is yolo_gemm_array__GCB0 g_pe_row[2].g_pe_pair[3].u_pe/p0_o_2a : 0 0 : 1339 1339 : Used 1 time 0
 Sort Area is yolo_gemm_array__GCB0 g_pe_row[2].g_pe_pair[4].u_pe/p0_o_2c : 0 0 : 1339 1339 : Used 1 time 0
 Sort Area is yolo_gemm_array__GCB0 g_pe_row[2].g_pe_pair[5].u_pe/p0_o_2e : 0 0 : 1339 1339 : Used 1 time 0
 Sort Area is yolo_gemm_array__GCB0 g_pe_row[2].g_pe_pair[6].u_pe/p0_o_30 : 0 0 : 1339 1339 : Used 1 time 0
 Sort Area is yolo_gemm_array__GCB1 g_pe_row[2].g_pe_pair[7].u_pe/p0_o_f0 : 0 0 : 1339 1339 : Used 1 time 0
 Sort Area is yolo_gemm_array__GCB0 g_pe_row[3].g_pe_pair[0].u_pe/p0_o_32 : 0 0 : 1339 1339 : Used 1 time 0
 Sort Area is yolo_gemm_array__GCB0 g_pe_row[3].g_pe_pair[1].u_pe/p0_o_34 : 0 0 : 1339 1339 : Used 1 time 0
 Sort Area is yolo_gemm_array__GCB0 g_pe_row[3].g_pe_pair[2].u_pe/p0_o_36 : 0 0 : 1339 1339 : Used 1 time 0
 Sort Area is yolo_gemm_array__GCB0 g_pe_row[3].g_pe_pair[3].u_pe/p0_o_38 : 0 0 : 1339 1339 : Used 1 time 0
 Sort Area is yolo_gemm_array__GCB0 g_pe_row[3].g_pe_pair[4].u_pe/p0_o_3a : 0 0 : 1339 1339 : Used 1 time 0
 Sort Area is yolo_gemm_array__GCB0 g_pe_row[3].g_pe_pair[5].u_pe/p0_o_3c : 0 0 : 1339 1339 : Used 1 time 0
 Sort Area is yolo_gemm_array__GCB0 g_pe_row[3].g_pe_pair[6].u_pe/p0_o_3e : 0 0 : 1339 1339 : Used 1 time 0
 Sort Area is yolo_gemm_array__GCB1 g_pe_row[3].g_pe_pair[7].u_pe/p0_o_f2 : 0 0 : 1339 1339 : Used 1 time 0
 Sort Area is yolo_gemm_array__GCB0 g_pe_row[4].g_pe_pair[0].u_pe/p0_o_40 : 0 0 : 1339 1339 : Used 1 time 0
 Sort Area is yolo_gemm_array__GCB0 g_pe_row[4].g_pe_pair[1].u_pe/p0_o_42 : 0 0 : 1339 1339 : Used 1 time 0
 Sort Area is yolo_gemm_array__GCB0 g_pe_row[4].g_pe_pair[2].u_pe/p0_o_44 : 0 0 : 1339 1339 : Used 1 time 0
 Sort Area is yolo_gemm_array__GCB0 g_pe_row[4].g_pe_pair[3].u_pe/p0_o_46 : 0 0 : 1339 1339 : Used 1 time 0
 Sort Area is yolo_gemm_array__GCB0 g_pe_row[4].g_pe_pair[4].u_pe/p0_o_48 : 0 0 : 1339 1339 : Used 1 time 0
 Sort Area is yolo_gemm_array__GCB0 g_pe_row[4].g_pe_pair[5].u_pe/p0_o_4a : 0 0 : 1339 1339 : Used 1 time 0
 Sort Area is yolo_gemm_array__GCB0 g_pe_row[4].g_pe_pair[6].u_pe/p0_o_4c : 0 0 : 1339 1339 : Used 1 time 0
 Sort Area is yolo_gemm_array__GCB1 g_pe_row[4].g_pe_pair[7].u_pe/p0_o_f4 : 0 0 : 1339 1339 : Used 1 time 0
 Sort Area is yolo_gemm_array__GCB0 g_pe_row[5].g_pe_pair[0].u_pe/p0_o_4e : 0 0 : 1339 1339 : Used 1 time 0
 Sort Area is yolo_gemm_array__GCB0 g_pe_row[5].g_pe_pair[1].u_pe/p0_o_50 : 0 0 : 1339 1339 : Used 1 time 0
 Sort Area is yolo_gemm_array__GCB0 g_pe_row[5].g_pe_pair[2].u_pe/p0_o_52 : 0 0 : 1339 1339 : Used 1 time 0
 Sort Area is yolo_gemm_array__GCB0 g_pe_row[5].g_pe_pair[3].u_pe/p0_o_54 : 0 0 : 1339 1339 : Used 1 time 0
 Sort Area is yolo_gemm_array__GCB0 g_pe_row[5].g_pe_pair[4].u_pe/p0_o_56 : 0 0 : 1339 1339 : Used 1 time 0
 Sort Area is yolo_gemm_array__GCB0 g_pe_row[5].g_pe_pair[5].u_pe/p0_o_58 : 0 0 : 1339 1339 : Used 1 time 0
 Sort Area is yolo_gemm_array__GCB0 g_pe_row[5].g_pe_pair[6].u_pe/p0_o_5a : 0 0 : 1339 1339 : Used 1 time 0
 Sort Area is yolo_gemm_array__GCB1 g_pe_row[5].g_pe_pair[7].u_pe/p0_o_f6 : 0 0 : 1339 1339 : Used 1 time 0
 Sort Area is yolo_gemm_array__GCB0 g_pe_row[6].g_pe_pair[0].u_pe/p0_o_5c : 0 0 : 1339 1339 : Used 1 time 0
 Sort Area is yolo_gemm_array__GCB0 g_pe_row[6].g_pe_pair[1].u_pe/p0_o_5e : 0 0 : 1339 1339 : Used 1 time 0
 Sort Area is yolo_gemm_array__GCB0 g_pe_row[6].g_pe_pair[2].u_pe/p0_o_60 : 0 0 : 1339 1339 : Used 1 time 0
 Sort Area is yolo_gemm_array__GCB0 g_pe_row[6].g_pe_pair[3].u_pe/p0_o_62 : 0 0 : 1339 1339 : Used 1 time 0
 Sort Area is yolo_gemm_array__GCB0 g_pe_row[6].g_pe_pair[4].u_pe/p0_o_64 : 0 0 : 1339 1339 : Used 1 time 0
 Sort Area is yolo_gemm_array__GCB0 g_pe_row[6].g_pe_pair[5].u_pe/p0_o_66 : 0 0 : 1339 1339 : Used 1 time 0
 Sort Area is yolo_gemm_array__GCB0 g_pe_row[6].g_pe_pair[6].u_pe/p0_o_68 : 0 0 : 1339 1339 : Used 1 time 0
 Sort Area is yolo_gemm_array__GCB1 g_pe_row[6].g_pe_pair[7].u_pe/p0_o_f8 : 0 0 : 1339 1339 : Used 1 time 0
 Sort Area is yolo_gemm_array__GCB0 g_pe_row[7].g_pe_pair[0].u_pe/p0_o_6a : 0 0 : 1339 1339 : Used 1 time 0
 Sort Area is yolo_gemm_array__GCB0 g_pe_row[7].g_pe_pair[1].u_pe/p0_o_6c : 0 0 : 1339 1339 : Used 1 time 0
 Sort Area is yolo_gemm_array__GCB0 g_pe_row[7].g_pe_pair[2].u_pe/p0_o_6e : 0 0 : 1339 1339 : Used 1 time 0
 Sort Area is yolo_gemm_array__GCB0 g_pe_row[7].g_pe_pair[3].u_pe/p0_o_70 : 0 0 : 1339 1339 : Used 1 time 0
 Sort Area is yolo_gemm_array__GCB0 g_pe_row[7].g_pe_pair[4].u_pe/p0_o_72 : 0 0 : 1339 1339 : Used 1 time 0
 Sort Area is yolo_gemm_array__GCB0 g_pe_row[7].g_pe_pair[5].u_pe/p0_o_74 : 0 0 : 1339 1339 : Used 1 time 0
 Sort Area is yolo_gemm_array__GCB0 g_pe_row[7].g_pe_pair[6].u_pe/p0_o_76 : 0 0 : 1339 1339 : Used 1 time 0
 Sort Area is yolo_gemm_array__GCB1 g_pe_row[7].g_pe_pair[7].u_pe/p0_o_fa : 0 0 : 1339 1339 : Used 1 time 0
 Sort Area is yolo_gemm_array__GCB0 g_pe_row[8].g_pe_pair[0].u_pe/p0_o_78 : 0 0 : 1339 1339 : Used 1 time 0
 Sort Area is yolo_gemm_array__GCB0 g_pe_row[8].g_pe_pair[1].u_pe/p0_o_7a : 0 0 : 1339 1339 : Used 1 time 0
 Sort Area is yolo_gemm_array__GCB0 g_pe_row[8].g_pe_pair[2].u_pe/p0_o_7c : 0 0 : 1339 1339 : Used 1 time 0
 Sort Area is yolo_gemm_array__GCB0 g_pe_row[8].g_pe_pair[3].u_pe/p0_o_7e : 0 0 : 1339 1339 : Used 1 time 0
 Sort Area is yolo_gemm_array__GCB0 g_pe_row[8].g_pe_pair[4].u_pe/p0_o_80 : 0 0 : 1339 1339 : Used 1 time 0
 Sort Area is yolo_gemm_array__GCB0 g_pe_row[8].g_pe_pair[5].u_pe/p0_o_82 : 0 0 : 1339 1339 : Used 1 time 0
 Sort Area is yolo_gemm_array__GCB0 g_pe_row[8].g_pe_pair[6].u_pe/p0_o_84 : 0 0 : 1339 1339 : Used 1 time 0
 Sort Area is yolo_gemm_array__GCB1 g_pe_row[8].g_pe_pair[7].u_pe/p0_o_fc : 0 0 : 1339 1339 : Used 1 time 0
 Sort Area is yolo_gemm_array__GCB0 g_pe_row[9].g_pe_pair[0].u_pe/p0_o_86 : 0 0 : 1339 1339 : Used 1 time 0
 Sort Area is yolo_gemm_array__GCB0 g_pe_row[9].g_pe_pair[1].u_pe/p0_o_88 : 0 0 : 1339 1339 : Used 1 time 0
 Sort Area is yolo_gemm_array__GCB0 g_pe_row[9].g_pe_pair[2].u_pe/p0_o_8a : 0 0 : 1339 1339 : Used 1 time 0
 Sort Area is yolo_gemm_array__GCB0 g_pe_row[9].g_pe_pair[3].u_pe/p0_o_8c : 0 0 : 1339 1339 : Used 1 time 0
 Sort Area is yolo_gemm_array__GCB0 g_pe_row[9].g_pe_pair[4].u_pe/p0_o_8e : 0 0 : 1339 1339 : Used 1 time 0
 Sort Area is yolo_gemm_array__GCB0 g_pe_row[9].g_pe_pair[5].u_pe/p0_o_90 : 0 0 : 1339 1339 : Used 1 time 0
 Sort Area is yolo_gemm_array__GCB0 g_pe_row[9].g_pe_pair[6].u_pe/p0_o_92 : 0 0 : 1339 1339 : Used 1 time 0
 Sort Area is yolo_gemm_array__GCB1 g_pe_row[9].g_pe_pair[7].u_pe/p0_o_fe : 0 0 : 1339 1339 : Used 1 time 0
 Sort Area is yolo_gemm_array__GCB0 g_pe_row[0].g_pe_pair[0].u_pe/p_w_8 : 0 0 : 1222 1222 : Used 1 time 0
 Sort Area is yolo_gemm_array__GCB0 g_pe_row[0].g_pe_pair[1].u_pe/p_w_b : 0 0 : 1222 1222 : Used 1 time 0
 Sort Area is yolo_gemm_array__GCB0 g_pe_row[0].g_pe_pair[2].u_pe/p_w_d : 0 0 : 1222 1222 : Used 1 time 0
 Sort Area is yolo_gemm_array__GCB0 g_pe_row[0].g_pe_pair[3].u_pe/p_w_f : 0 0 : 1222 1222 : Used 1 time 0
 Sort Area is yolo_gemm_array__GCB0 g_pe_row[0].g_pe_pair[4].u_pe/p_w_11 : 0 0 : 1222 1222 : Used 1 time 0
 Sort Area is yolo_gemm_array__GCB0 g_pe_row[0].g_pe_pair[5].u_pe/p_w_13 : 0 0 : 1222 1222 : Used 1 time 0
 Sort Area is yolo_gemm_array__GCB0 g_pe_row[0].g_pe_pair[6].u_pe/p_w_15 : 0 0 : 1222 1222 : Used 1 time 0
 Sort Area is yolo_gemm_array__GCB1 g_pe_row[0].g_pe_pair[7].u_pe/p_w_ed : 0 0 : 1222 1222 : Used 1 time 0
 Sort Area is yolo_gemm_array__GCB0 g_pe_row[10].g_pe_pair[0].u_pe/p_w_95 : 0 0 : 1222 1222 : Used 1 time 0
 Sort Area is yolo_gemm_array__GCB0 g_pe_row[10].g_pe_pair[1].u_pe/p_w_97 : 0 0 : 1222 1222 : Used 1 time 0
 Sort Area is yolo_gemm_array__GCB0 g_pe_row[10].g_pe_pair[2].u_pe/p_w_99 : 0 0 : 1222 1222 : Used 1 time 0
 Sort Area is yolo_gemm_array__GCB0 g_pe_row[10].g_pe_pair[3].u_pe/p_w_9b : 0 0 : 1222 1222 : Used 1 time 0
 Sort Area is yolo_gemm_array__GCB0 g_pe_row[10].g_pe_pair[4].u_pe/p_w_9d : 0 0 : 1222 1222 : Used 1 time 0
 Sort Area is yolo_gemm_array__GCB0 g_pe_row[10].g_pe_pair[5].u_pe/p_w_9f : 0 0 : 1222 1222 : Used 1 time 0
 Sort Area is yolo_gemm_array__GCB0 g_pe_row[10].g_pe_pair[6].u_pe/p_w_a1 : 0 0 : 1222 1222 : Used 1 time 0
 Sort Area is yolo_gemm_array__GCB1 g_pe_row[10].g_pe_pair[7].u_pe/p_w_101 : 0 0 : 1222 1222 : Used 1 time 0
 Sort Area is yolo_gemm_array__GCB0 g_pe_row[11].g_pe_pair[0].u_pe/p_w_a3 : 0 0 : 1222 1222 : Used 1 time 0
 Sort Area is yolo_gemm_array__GCB0 g_pe_row[11].g_pe_pair[1].u_pe/p_w_a5 : 0 0 : 1222 1222 : Used 1 time 0
 Sort Area is yolo_gemm_array__GCB0 g_pe_row[11].g_pe_pair[2].u_pe/p_w_a7 : 0 0 : 1222 1222 : Used 1 time 0
 Sort Area is yolo_gemm_array__GCB0 g_pe_row[11].g_pe_pair[3].u_pe/p_w_a9 : 0 0 : 1222 1222 : Used 1 time 0
 Sort Area is yolo_gemm_array__GCB0 g_pe_row[11].g_pe_pair[4].u_pe/p_w_ab : 0 0 : 1222 1222 : Used 1 time 0
 Sort Area is yolo_gemm_array__GCB0 g_pe_row[11].g_pe_pair[5].u_pe/p_w_ad : 0 0 : 1222 1222 : Used 1 time 0
 Sort Area is yolo_gemm_array__GCB0 g_pe_row[11].g_pe_pair[6].u_pe/p_w_af : 0 0 : 1222 1222 : Used 1 time 0
 Sort Area is yolo_gemm_array__GCB1 g_pe_row[11].g_pe_pair[7].u_pe/p_w_103 : 0 0 : 1222 1222 : Used 1 time 0
 Sort Area is yolo_gemm_array__GCB0 g_pe_row[12].g_pe_pair[0].u_pe/p_w_b1 : 0 0 : 1222 1222 : Used 1 time 0
 Sort Area is yolo_gemm_array__GCB0 g_pe_row[12].g_pe_pair[1].u_pe/p_w_b3 : 0 0 : 1222 1222 : Used 1 time 0
 Sort Area is yolo_gemm_array__GCB0 g_pe_row[12].g_pe_pair[2].u_pe/p_w_b5 : 0 0 : 1222 1222 : Used 1 time 0
 Sort Area is yolo_gemm_array__GCB0 g_pe_row[12].g_pe_pair[3].u_pe/p_w_b7 : 0 0 : 1222 1222 : Used 1 time 0
 Sort Area is yolo_gemm_array__GCB0 g_pe_row[12].g_pe_pair[4].u_pe/p_w_b9 : 0 0 : 1222 1222 : Used 1 time 0
 Sort Area is yolo_gemm_array__GCB0 g_pe_row[12].g_pe_pair[5].u_pe/p_w_bb : 0 0 : 1222 1222 : Used 1 time 0
 Sort Area is yolo_gemm_array__GCB0 g_pe_row[12].g_pe_pair[6].u_pe/p_w_bd : 0 0 : 1222 1222 : Used 1 time 0
 Sort Area is yolo_gemm_array__GCB0 g_pe_row[12].g_pe_pair[7].u_pe/p_w_bf : 0 0 : 1222 1222 : Used 1 time 0
 Sort Area is yolo_gemm_array__GCB0 g_pe_row[13].g_pe_pair[0].u_pe/p_w_c1 : 0 0 : 1222 1222 : Used 1 time 0
 Sort Area is yolo_gemm_array__GCB0 g_pe_row[13].g_pe_pair[1].u_pe/p_w_c3 : 0 0 : 1222 1222 : Used 1 time 0
 Sort Area is yolo_gemm_array__GCB0 g_pe_row[13].g_pe_pair[2].u_pe/p_w_c5 : 0 0 : 1222 1222 : Used 1 time 0
 Sort Area is yolo_gemm_array__GCB0 g_pe_row[13].g_pe_pair[3].u_pe/p_w_c7 : 0 0 : 1222 1222 : Used 1 time 0
 Sort Area is yolo_gemm_array__GCB0 g_pe_row[13].g_pe_pair[4].u_pe/p_w_c9 : 0 0 : 1222 1222 : Used 1 time 0
 Sort Area is yolo_gemm_array__GCB0 g_pe_row[13].g_pe_pair[5].u_pe/p_w_cb : 0 0 : 1222 1222 : Used 1 time 0
 Sort Area is yolo_gemm_array__GCB0 g_pe_row[13].g_pe_pair[6].u_pe/p_w_cd : 0 0 : 1222 1222 : Used 1 time 0
 Sort Area is yolo_gemm_array__GCB0 g_pe_row[13].g_pe_pair[7].u_pe/p_w_cf : 0 0 : 1222 1222 : Used 1 time 0
 Sort Area is yolo_gemm_array__GCB0 g_pe_row[14].g_pe_pair[0].u_pe/p_w_d1 : 0 0 : 1222 1222 : Used 1 time 0
 Sort Area is yolo_gemm_array__GCB0 g_pe_row[14].g_pe_pair[1].u_pe/p_w_d3 : 0 0 : 1222 1222 : Used 1 time 0
 Sort Area is yolo_gemm_array__GCB0 g_pe_row[14].g_pe_pair[2].u_pe/p_w_d5 : 0 0 : 1222 1222 : Used 1 time 0
 Sort Area is yolo_gemm_array__GCB0 g_pe_row[14].g_pe_pair[3].u_pe/p_w_d7 : 0 0 : 1222 1222 : Used 1 time 0
 Sort Area is yolo_gemm_array__GCB0 g_pe_row[14].g_pe_pair[4].u_pe/p_w_d9 : 0 0 : 1222 1222 : Used 1 time 0
 Sort Area is yolo_gemm_array__GCB0 g_pe_row[14].g_pe_pair[5].u_pe/p_w_db : 0 0 : 1222 1222 : Used 1 time 0
 Sort Area is yolo_gemm_array__GCB0 g_pe_row[14].g_pe_pair[6].u_pe/p_w_dd : 0 0 : 1222 1222 : Used 1 time 0
 Sort Area is yolo_gemm_array__GCB1 g_pe_row[14].g_pe_pair[7].u_pe/p_w_105 : 0 0 : 1222 1222 : Used 1 time 0
 Sort Area is yolo_gemm_array__GCB0 g_pe_row[15].g_pe_pair[0].u_pe/p_w_df : 0 0 : 1222 1222 : Used 1 time 0
 Sort Area is yolo_gemm_array__GCB0 g_pe_row[15].g_pe_pair[1].u_pe/p_w_e1 : 0 0 : 1222 1222 : Used 1 time 0
 Sort Area is yolo_gemm_array__GCB0 g_pe_row[15].g_pe_pair[2].u_pe/p_w_e3 : 0 0 : 1222 1222 : Used 1 time 0
 Sort Area is yolo_gemm_array__GCB0 g_pe_row[15].g_pe_pair[3].u_pe/p_w_e5 : 0 0 : 1222 1222 : Used 1 time 0
 Sort Area is yolo_gemm_array__GCB0 g_pe_row[15].g_pe_pair[4].u_pe/p_w_e7 : 0 0 : 1222 1222 : Used 1 time 0
 Sort Area is yolo_gemm_array__GCB0 g_pe_row[15].g_pe_pair[5].u_pe/p_w_e9 : 0 0 : 1222 1222 : Used 1 time 0
 Sort Area is yolo_gemm_array__GCB0 g_pe_row[15].g_pe_pair[6].u_pe/p_w_eb : 0 0 : 1222 1222 : Used 1 time 0
 Sort Area is yolo_gemm_array__GCB1 g_pe_row[15].g_pe_pair[7].u_pe/p_w_107 : 0 0 : 1222 1222 : Used 1 time 0
 Sort Area is yolo_gemm_array__GCB0 g_pe_row[1].g_pe_pair[0].u_pe/p_w_17 : 0 0 : 1222 1222 : Used 1 time 0
 Sort Area is yolo_gemm_array__GCB0 g_pe_row[1].g_pe_pair[1].u_pe/p_w_19 : 0 0 : 1222 1222 : Used 1 time 0
 Sort Area is yolo_gemm_array__GCB0 g_pe_row[1].g_pe_pair[2].u_pe/p_w_1b : 0 0 : 1222 1222 : Used 1 time 0
 Sort Area is yolo_gemm_array__GCB0 g_pe_row[1].g_pe_pair[3].u_pe/p_w_1d : 0 0 : 1222 1222 : Used 1 time 0
 Sort Area is yolo_gemm_array__GCB0 g_pe_row[1].g_pe_pair[4].u_pe/p_w_1f : 0 0 : 1222 1222 : Used 1 time 0
 Sort Area is yolo_gemm_array__GCB0 g_pe_row[1].g_pe_pair[5].u_pe/p_w_21 : 0 0 : 1222 1222 : Used 1 time 0
 Sort Area is yolo_gemm_array__GCB0 g_pe_row[1].g_pe_pair[6].u_pe/p_w_23 : 0 0 : 1222 1222 : Used 1 time 0
 Sort Area is yolo_gemm_array__GCB1 g_pe_row[1].g_pe_pair[7].u_pe/p_w_ef : 0 0 : 1222 1222 : Used 1 time 0
 Sort Area is yolo_gemm_array__GCB0 g_pe_row[2].g_pe_pair[0].u_pe/p_w_25 : 0 0 : 1222 1222 : Used 1 time 0
 Sort Area is yolo_gemm_array__GCB0 g_pe_row[2].g_pe_pair[1].u_pe/p_w_27 : 0 0 : 1222 1222 : Used 1 time 0
 Sort Area is yolo_gemm_array__GCB0 g_pe_row[2].g_pe_pair[2].u_pe/p_w_29 : 0 0 : 1222 1222 : Used 1 time 0
 Sort Area is yolo_gemm_array__GCB0 g_pe_row[2].g_pe_pair[3].u_pe/p_w_2b : 0 0 : 1222 1222 : Used 1 time 0
 Sort Area is yolo_gemm_array__GCB0 g_pe_row[2].g_pe_pair[4].u_pe/p_w_2d : 0 0 : 1222 1222 : Used 1 time 0
 Sort Area is yolo_gemm_array__GCB0 g_pe_row[2].g_pe_pair[5].u_pe/p_w_2f : 0 0 : 1222 1222 : Used 1 time 0
 Sort Area is yolo_gemm_array__GCB0 g_pe_row[2].g_pe_pair[6].u_pe/p_w_31 : 0 0 : 1222 1222 : Used 1 time 0
 Sort Area is yolo_gemm_array__GCB1 g_pe_row[2].g_pe_pair[7].u_pe/p_w_f1 : 0 0 : 1222 1222 : Used 1 time 0
 Sort Area is yolo_gemm_array__GCB0 g_pe_row[3].g_pe_pair[0].u_pe/p_w_33 : 0 0 : 1222 1222 : Used 1 time 0
 Sort Area is yolo_gemm_array__GCB0 g_pe_row[3].g_pe_pair[1].u_pe/p_w_35 : 0 0 : 1222 1222 : Used 1 time 0
 Sort Area is yolo_gemm_array__GCB0 g_pe_row[3].g_pe_pair[2].u_pe/p_w_37 : 0 0 : 1222 1222 : Used 1 time 0
 Sort Area is yolo_gemm_array__GCB0 g_pe_row[3].g_pe_pair[3].u_pe/p_w_39 : 0 0 : 1222 1222 : Used 1 time 0
 Sort Area is yolo_gemm_array__GCB0 g_pe_row[3].g_pe_pair[4].u_pe/p_w_3b : 0 0 : 1222 1222 : Used 1 time 0
 Sort Area is yolo_gemm_array__GCB0 g_pe_row[3].g_pe_pair[5].u_pe/p_w_3d : 0 0 : 1222 1222 : Used 1 time 0
 Sort Area is yolo_gemm_array__GCB0 g_pe_row[3].g_pe_pair[6].u_pe/p_w_3f : 0 0 : 1222 1222 : Used 1 time 0
 Sort Area is yolo_gemm_array__GCB1 g_pe_row[3].g_pe_pair[7].u_pe/p_w_f3 : 0 0 : 1222 1222 : Used 1 time 0
 Sort Area is yolo_gemm_array__GCB0 g_pe_row[4].g_pe_pair[0].u_pe/p_w_41 : 0 0 : 1222 1222 : Used 1 time 0
 Sort Area is yolo_gemm_array__GCB0 g_pe_row[4].g_pe_pair[1].u_pe/p_w_43 : 0 0 : 1222 1222 : Used 1 time 0
 Sort Area is yolo_gemm_array__GCB0 g_pe_row[4].g_pe_pair[2].u_pe/p_w_45 : 0 0 : 1222 1222 : Used 1 time 0
 Sort Area is yolo_gemm_array__GCB0 g_pe_row[4].g_pe_pair[3].u_pe/p_w_47 : 0 0 : 1222 1222 : Used 1 time 0
 Sort Area is yolo_gemm_array__GCB0 g_pe_row[4].g_pe_pair[4].u_pe/p_w_49 : 0 0 : 1222 1222 : Used 1 time 0
 Sort Area is yolo_gemm_array__GCB0 g_pe_row[4].g_pe_pair[5].u_pe/p_w_4b : 0 0 : 1222 1222 : Used 1 time 0
 Sort Area is yolo_gemm_array__GCB0 g_pe_row[4].g_pe_pair[6].u_pe/p_w_4d : 0 0 : 1222 1222 : Used 1 time 0
 Sort Area is yolo_gemm_array__GCB1 g_pe_row[4].g_pe_pair[7].u_pe/p_w_f5 : 0 0 : 1222 1222 : Used 1 time 0
 Sort Area is yolo_gemm_array__GCB0 g_pe_row[5].g_pe_pair[0].u_pe/p_w_4f : 0 0 : 1222 1222 : Used 1 time 0
 Sort Area is yolo_gemm_array__GCB0 g_pe_row[5].g_pe_pair[1].u_pe/p_w_51 : 0 0 : 1222 1222 : Used 1 time 0
 Sort Area is yolo_gemm_array__GCB0 g_pe_row[5].g_pe_pair[2].u_pe/p_w_53 : 0 0 : 1222 1222 : Used 1 time 0
 Sort Area is yolo_gemm_array__GCB0 g_pe_row[5].g_pe_pair[3].u_pe/p_w_55 : 0 0 : 1222 1222 : Used 1 time 0
 Sort Area is yolo_gemm_array__GCB0 g_pe_row[5].g_pe_pair[4].u_pe/p_w_57 : 0 0 : 1222 1222 : Used 1 time 0
 Sort Area is yolo_gemm_array__GCB0 g_pe_row[5].g_pe_pair[5].u_pe/p_w_59 : 0 0 : 1222 1222 : Used 1 time 0
 Sort Area is yolo_gemm_array__GCB0 g_pe_row[5].g_pe_pair[6].u_pe/p_w_5b : 0 0 : 1222 1222 : Used 1 time 0
 Sort Area is yolo_gemm_array__GCB1 g_pe_row[5].g_pe_pair[7].u_pe/p_w_f7 : 0 0 : 1222 1222 : Used 1 time 0
 Sort Area is yolo_gemm_array__GCB0 g_pe_row[6].g_pe_pair[0].u_pe/p_w_5d : 0 0 : 1222 1222 : Used 1 time 0
 Sort Area is yolo_gemm_array__GCB0 g_pe_row[6].g_pe_pair[1].u_pe/p_w_5f : 0 0 : 1222 1222 : Used 1 time 0
 Sort Area is yolo_gemm_array__GCB0 g_pe_row[6].g_pe_pair[2].u_pe/p_w_61 : 0 0 : 1222 1222 : Used 1 time 0
 Sort Area is yolo_gemm_array__GCB0 g_pe_row[6].g_pe_pair[3].u_pe/p_w_63 : 0 0 : 1222 1222 : Used 1 time 0
 Sort Area is yolo_gemm_array__GCB0 g_pe_row[6].g_pe_pair[4].u_pe/p_w_65 : 0 0 : 1222 1222 : Used 1 time 0
 Sort Area is yolo_gemm_array__GCB0 g_pe_row[6].g_pe_pair[5].u_pe/p_w_67 : 0 0 : 1222 1222 : Used 1 time 0
 Sort Area is yolo_gemm_array__GCB0 g_pe_row[6].g_pe_pair[6].u_pe/p_w_69 : 0 0 : 1222 1222 : Used 1 time 0
 Sort Area is yolo_gemm_array__GCB1 g_pe_row[6].g_pe_pair[7].u_pe/p_w_f9 : 0 0 : 1222 1222 : Used 1 time 0
 Sort Area is yolo_gemm_array__GCB0 g_pe_row[7].g_pe_pair[0].u_pe/p_w_6b : 0 0 : 1222 1222 : Used 1 time 0
 Sort Area is yolo_gemm_array__GCB0 g_pe_row[7].g_pe_pair[1].u_pe/p_w_6d : 0 0 : 1222 1222 : Used 1 time 0
 Sort Area is yolo_gemm_array__GCB0 g_pe_row[7].g_pe_pair[2].u_pe/p_w_6f : 0 0 : 1222 1222 : Used 1 time 0
 Sort Area is yolo_gemm_array__GCB0 g_pe_row[7].g_pe_pair[3].u_pe/p_w_71 : 0 0 : 1222 1222 : Used 1 time 0
 Sort Area is yolo_gemm_array__GCB0 g_pe_row[7].g_pe_pair[4].u_pe/p_w_73 : 0 0 : 1222 1222 : Used 1 time 0
 Sort Area is yolo_gemm_array__GCB0 g_pe_row[7].g_pe_pair[5].u_pe/p_w_75 : 0 0 : 1222 1222 : Used 1 time 0
 Sort Area is yolo_gemm_array__GCB0 g_pe_row[7].g_pe_pair[6].u_pe/p_w_77 : 0 0 : 1222 1222 : Used 1 time 0
 Sort Area is yolo_gemm_array__GCB1 g_pe_row[7].g_pe_pair[7].u_pe/p_w_fb : 0 0 : 1222 1222 : Used 1 time 0
 Sort Area is yolo_gemm_array__GCB0 g_pe_row[8].g_pe_pair[0].u_pe/p_w_79 : 0 0 : 1222 1222 : Used 1 time 0
 Sort Area is yolo_gemm_array__GCB0 g_pe_row[8].g_pe_pair[1].u_pe/p_w_7b : 0 0 : 1222 1222 : Used 1 time 0
 Sort Area is yolo_gemm_array__GCB0 g_pe_row[8].g_pe_pair[2].u_pe/p_w_7d : 0 0 : 1222 1222 : Used 1 time 0
 Sort Area is yolo_gemm_array__GCB0 g_pe_row[8].g_pe_pair[3].u_pe/p_w_7f : 0 0 : 1222 1222 : Used 1 time 0
 Sort Area is yolo_gemm_array__GCB0 g_pe_row[8].g_pe_pair[4].u_pe/p_w_81 : 0 0 : 1222 1222 : Used 1 time 0
 Sort Area is yolo_gemm_array__GCB0 g_pe_row[8].g_pe_pair[5].u_pe/p_w_83 : 0 0 : 1222 1222 : Used 1 time 0
 Sort Area is yolo_gemm_array__GCB0 g_pe_row[8].g_pe_pair[6].u_pe/p_w_85 : 0 0 : 1222 1222 : Used 1 time 0
 Sort Area is yolo_gemm_array__GCB1 g_pe_row[8].g_pe_pair[7].u_pe/p_w_fd : 0 0 : 1222 1222 : Used 1 time 0
 Sort Area is yolo_gemm_array__GCB0 g_pe_row[9].g_pe_pair[0].u_pe/p_w_87 : 0 0 : 1222 1222 : Used 1 time 0
 Sort Area is yolo_gemm_array__GCB0 g_pe_row[9].g_pe_pair[1].u_pe/p_w_89 : 0 0 : 1222 1222 : Used 1 time 0
 Sort Area is yolo_gemm_array__GCB0 g_pe_row[9].g_pe_pair[2].u_pe/p_w_8b : 0 0 : 1222 1222 : Used 1 time 0
 Sort Area is yolo_gemm_array__GCB0 g_pe_row[9].g_pe_pair[3].u_pe/p_w_8d : 0 0 : 1222 1222 : Used 1 time 0
 Sort Area is yolo_gemm_array__GCB0 g_pe_row[9].g_pe_pair[4].u_pe/p_w_8f : 0 0 : 1222 1222 : Used 1 time 0
 Sort Area is yolo_gemm_array__GCB0 g_pe_row[9].g_pe_pair[5].u_pe/p_w_91 : 0 0 : 1222 1222 : Used 1 time 0
 Sort Area is yolo_gemm_array__GCB0 g_pe_row[9].g_pe_pair[6].u_pe/p_w_93 : 0 0 : 1222 1222 : Used 1 time 0
 Sort Area is yolo_gemm_array__GCB1 g_pe_row[9].g_pe_pair[7].u_pe/p_w_ff : 0 0 : 1222 1222 : Used 1 time 0
 Sort Area is yolo_gemm_array__GCB2 ctrl_rq_last_w1_114 : 0 0 : 1084 1084 : Used 1 time 0
 Sort Area is yolo_gemm_array__GCB2 rq_last_w0_112 : 0 0 : 1084 1084 : Used 1 time 0
 Sort Area is yolo_gemm_array__GCB2 in_b2_108 : 0 0 : 931 931 : Used 1 time 0
 Sort Area is yolo_gemm_array__GCB2 in_b3_10a : 0 0 : 931 931 : Used 1 time 0
 DSP resource Status: prod_3 0 4196 2304: Used 1 time : Accepted (5 < 220) uniquify 0 
 DSP resource Status: prod_3 1 4196 1892: Used 1 time : Accepted (6 < 220) uniquify 0 
 DSP resource Status: prod_0 0 4861 2701: Used 1 time : Accepted (1 < 220) uniquify 0 
 DSP resource Status: prod_0 1 4861 2160: Used 1 time : Accepted (2 < 220) uniquify 0 
DSP Report: Generating DSP prod, operation Mode is (post resource management): A*B.
DSP Report: operator prod is absorbed into DSP prod.
DSP Report: operator prod is absorbed into DSP prod.
DSP Report: Generating DSP prod, operation Mode is (post resource management): (PCIN>>17)+A*B.
DSP Report: operator prod is absorbed into DSP prod.
DSP Report: operator prod is absorbed into DSP prod.
DSP Report: Generating DSP prod, operation Mode is (post resource management): A*B.
DSP Report: operator prod is absorbed into DSP prod.
DSP Report: operator prod is absorbed into DSP prod.
DSP Report: Generating DSP prod, operation Mode is (post resource management): (PCIN>>17)+A*B.
DSP Report: operator prod is absorbed into DSP prod.
DSP Report: operator prod is absorbed into DSP prod.
 DSP resource Status: g_pe_row[0].g_pe_pair[0].u_pe/p0_o_6 0 1339 1339: Used 1 time : Accepted (11 < 220) uniquify 0 
 DSP resource Status: g_pe_row[0].g_pe_pair[0].u_pe/p_w_8 0 1222 1222: Used 1 time : Accepted (139 < 220) uniquify 0 
 DSP resource Status: g_pe_row[0].g_pe_pair[1].u_pe/p0_o_a 0 1339 1339: Used 1 time : Accepted (12 < 220) uniquify 0 
 DSP resource Status: g_pe_row[0].g_pe_pair[1].u_pe/p_w_b 0 1222 1222: Used 1 time : Accepted (140 < 220) uniquify 0 
 DSP resource Status: g_pe_row[0].g_pe_pair[2].u_pe/p0_o_c 0 1339 1339: Used 1 time : Accepted (13 < 220) uniquify 0 
 DSP resource Status: g_pe_row[0].g_pe_pair[2].u_pe/p_w_d 0 1222 1222: Used 1 time : Accepted (141 < 220) uniquify 0 
 DSP resource Status: g_pe_row[0].g_pe_pair[3].u_pe/p0_o_e 0 1339 1339: Used 1 time : Accepted (14 < 220) uniquify 0 
 DSP resource Status: g_pe_row[0].g_pe_pair[3].u_pe/p_w_f 0 1222 1222: Used 1 time : Accepted (142 < 220) uniquify 0 
 DSP resource Status: g_pe_row[0].g_pe_pair[4].u_pe/p0_o_10 0 1339 1339: Used 1 time : Accepted (15 < 220) uniquify 0 
 DSP resource Status: g_pe_row[0].g_pe_pair[4].u_pe/p_w_11 0 1222 1222: Used 1 time : Accepted (143 < 220) uniquify 0 
 DSP resource Status: g_pe_row[0].g_pe_pair[5].u_pe/p0_o_12 0 1339 1339: Used 1 time : Accepted (16 < 220) uniquify 0 
 DSP resource Status: g_pe_row[0].g_pe_pair[5].u_pe/p_w_13 0 1222 1222: Used 1 time : Accepted (144 < 220) uniquify 0 
 DSP resource Status: g_pe_row[0].g_pe_pair[6].u_pe/p0_o_14 0 1339 1339: Used 1 time : Accepted (17 < 220) uniquify 0 
 DSP resource Status: g_pe_row[0].g_pe_pair[6].u_pe/p_w_15 0 1222 1222: Used 1 time : Accepted (145 < 220) uniquify 0 
 DSP resource Status: g_pe_row[1].g_pe_pair[0].u_pe/p0_o_16 0 1339 1339: Used 1 time : Accepted (67 < 220) uniquify 0 
 DSP resource Status: g_pe_row[1].g_pe_pair[0].u_pe/p_w_17 0 1222 1222: Used 1 time : Accepted (195 < 220) uniquify 0 
 DSP resource Status: g_pe_row[1].g_pe_pair[1].u_pe/p0_o_18 0 1339 1339: Used 1 time : Accepted (68 < 220) uniquify 0 
 DSP resource Status: g_pe_row[1].g_pe_pair[1].u_pe/p_w_19 0 1222 1222: Used 1 time : Accepted (196 < 220) uniquify 0 
 DSP resource Status: g_pe_row[1].g_pe_pair[2].u_pe/p0_o_1a 0 1339 1339: Used 1 time : Accepted (69 < 220) uniquify 0 
 DSP resource Status: g_pe_row[1].g_pe_pair[2].u_pe/p_w_1b 0 1222 1222: Used 1 time : Accepted (197 < 220) uniquify 0 
 DSP resource Status: g_pe_row[1].g_pe_pair[3].u_pe/p0_o_1c 0 1339 1339: Used 1 time : Accepted (70 < 220) uniquify 0 
 DSP resource Status: g_pe_row[1].g_pe_pair[3].u_pe/p_w_1d 0 1222 1222: Used 1 time : Accepted (198 < 220) uniquify 0 
 DSP resource Status: g_pe_row[1].g_pe_pair[4].u_pe/p0_o_1e 0 1339 1339: Used 1 time : Accepted (71 < 220) uniquify 0 
 DSP resource Status: g_pe_row[1].g_pe_pair[4].u_pe/p_w_1f 0 1222 1222: Used 1 time : Accepted (199 < 220) uniquify 0 
 DSP resource Status: g_pe_row[1].g_pe_pair[5].u_pe/p0_o_20 0 1339 1339: Used 1 time : Accepted (72 < 220) uniquify 0 
 DSP resource Status: g_pe_row[1].g_pe_pair[5].u_pe/p_w_21 0 1222 1222: Used 1 time : Accepted (200 < 220) uniquify 0 
 DSP resource Status: g_pe_row[1].g_pe_pair[6].u_pe/p0_o_22 0 1339 1339: Used 1 time : Accepted (73 < 220) uniquify 0 
 DSP resource Status: g_pe_row[1].g_pe_pair[6].u_pe/p_w_23 0 1222 1222: Used 1 time : Accepted (201 < 220) uniquify 0 
 DSP resource Status: g_pe_row[2].g_pe_pair[0].u_pe/p0_o_24 0 1339 1339: Used 1 time : Accepted (75 < 220) uniquify 0 
 DSP resource Status: g_pe_row[2].g_pe_pair[0].u_pe/p_w_25 0 1222 1222: Used 1 time : Accepted (203 < 220) uniquify 0 
 DSP resource Status: g_pe_row[2].g_pe_pair[1].u_pe/p0_o_26 0 1339 1339: Used 1 time : Accepted (76 < 220) uniquify 0 
 DSP resource Status: g_pe_row[2].g_pe_pair[1].u_pe/p_w_27 0 1222 1222: Used 1 time : Accepted (204 < 220) uniquify 0 
 DSP resource Status: g_pe_row[2].g_pe_pair[2].u_pe/p0_o_28 0 1339 1339: Used 1 time : Accepted (77 < 220) uniquify 0 
 DSP resource Status: g_pe_row[2].g_pe_pair[2].u_pe/p_w_29 0 1222 1222: Used 1 time : Accepted (205 < 220) uniquify 0 
 DSP resource Status: g_pe_row[2].g_pe_pair[3].u_pe/p0_o_2a 0 1339 1339: Used 1 time : Accepted (78 < 220) uniquify 0 
 DSP resource Status: g_pe_row[2].g_pe_pair[3].u_pe/p_w_2b 0 1222 1222: Used 1 time : Accepted (206 < 220) uniquify 0 
 DSP resource Status: g_pe_row[2].g_pe_pair[4].u_pe/p0_o_2c 0 1339 1339: Used 1 time : Accepted (79 < 220) uniquify 0 
 DSP resource Status: g_pe_row[2].g_pe_pair[4].u_pe/p_w_2d 0 1222 1222: Used 1 time : Accepted (207 < 220) uniquify 0 
 DSP resource Status: g_pe_row[2].g_pe_pair[5].u_pe/p0_o_2e 0 1339 1339: Used 1 time : Accepted (80 < 220) uniquify 0 
 DSP resource Status: g_pe_row[2].g_pe_pair[5].u_pe/p_w_2f 0 1222 1222: Used 1 time : Accepted (208 < 220) uniquify 0 
 DSP resource Status: g_pe_row[2].g_pe_pair[6].u_pe/p0_o_30 0 1339 1339: Used 1 time : Accepted (81 < 220) uniquify 0 
 DSP resource Status: g_pe_row[2].g_pe_pair[6].u_pe/p_w_31 0 1222 1222: Used 1 time : Accepted (209 < 220) uniquify 0 
 DSP resource Status: g_pe_row[3].g_pe_pair[0].u_pe/p0_o_32 0 1339 1339: Used 1 time : Accepted (83 < 220) uniquify 0 
 DSP resource Status: g_pe_row[3].g_pe_pair[0].u_pe/p_w_33 0 1222 1222: Used 1 time : Accepted (211 < 220) uniquify 0 
 DSP resource Status: g_pe_row[3].g_pe_pair[1].u_pe/p0_o_34 0 1339 1339: Used 1 time : Accepted (84 < 220) uniquify 0 
 DSP resource Status: g_pe_row[3].g_pe_pair[1].u_pe/p_w_35 0 1222 1222: Used 1 time : Accepted (212 < 220) uniquify 0 
 DSP resource Status: g_pe_row[3].g_pe_pair[2].u_pe/p0_o_36 0 1339 1339: Used 1 time : Accepted (85 < 220) uniquify 0 
 DSP resource Status: g_pe_row[3].g_pe_pair[2].u_pe/p_w_37 0 1222 1222: Used 1 time : Accepted (213 < 220) uniquify 0 
 DSP resource Status: g_pe_row[3].g_pe_pair[3].u_pe/p0_o_38 0 1339 1339: Used 1 time : Accepted (86 < 220) uniquify 0 
 DSP resource Status: g_pe_row[3].g_pe_pair[3].u_pe/p_w_39 0 1222 1222: Used 1 time : Accepted (214 < 220) uniquify 0 
 DSP resource Status: g_pe_row[3].g_pe_pair[4].u_pe/p0_o_3a 0 1339 1339: Used 1 time : Accepted (87 < 220) uniquify 0 
 DSP resource Status: g_pe_row[3].g_pe_pair[4].u_pe/p_w_3b 0 1222 1222: Used 1 time : Accepted (215 < 220) uniquify 0 
 DSP resource Status: g_pe_row[3].g_pe_pair[5].u_pe/p0_o_3c 0 1339 1339: Used 1 time : Accepted (88 < 220) uniquify 0 
 DSP resource Status: g_pe_row[3].g_pe_pair[5].u_pe/p_w_3d 0 1222 1222: Used 1 time : Accepted (216 < 220) uniquify 0 
 DSP resource Status: g_pe_row[3].g_pe_pair[6].u_pe/p0_o_3e 0 1339 1339: Used 1 time : Accepted (89 < 220) uniquify 0 
 DSP resource Status: g_pe_row[3].g_pe_pair[6].u_pe/p_w_3f 0 1222 1222: Used 1 time : Accepted (217 < 220) uniquify 0 
 DSP resource Status: g_pe_row[4].g_pe_pair[0].u_pe/p0_o_40 0 1339 1339: Used 1 time : Accepted (91 < 220) uniquify 0 
 DSP resource Status: g_pe_row[4].g_pe_pair[0].u_pe/p_w_41 0 1222 1222: Used 1 time : Accepted (219 < 220) uniquify 0 
 DSP resource Status: g_pe_row[4].g_pe_pair[1].u_pe/p0_o_42 0 1339 1339: Used 1 time : Accepted (92 < 220) uniquify 0 
 DSP resource Status: g_pe_row[4].g_pe_pair[1].u_pe/p_w_43 0 1222 1222: Used 1 time : Accepted (220 < 220) uniquify 0 
 DSP resource Status: g_pe_row[4].g_pe_pair[2].u_pe/p0_o_44 0 1339 1339: Used 1 time : Accepted (93 < 220) uniquify 0 
 DSP resource Status: g_pe_row[4].g_pe_pair[2].u_pe/p_w_45 0 1222 1222: Used 1 time : Rejected (221 > 220) uniquify 0 
 DSP resource Status: g_pe_row[4].g_pe_pair[3].u_pe/p0_o_46 0 1339 1339: Used 1 time : Accepted (94 < 220) uniquify 0 
 DSP resource Status: g_pe_row[4].g_pe_pair[3].u_pe/p_w_47 0 1222 1222: Used 1 time : Rejected (222 > 220) uniquify 0 
 DSP resource Status: g_pe_row[4].g_pe_pair[4].u_pe/p0_o_48 0 1339 1339: Used 1 time : Accepted (95 < 220) uniquify 0 
 DSP resource Status: g_pe_row[4].g_pe_pair[4].u_pe/p_w_49 0 1222 1222: Used 1 time : Rejected (223 > 220) uniquify 0 
 DSP resource Status: g_pe_row[4].g_pe_pair[5].u_pe/p0_o_4a 0 1339 1339: Used 1 time : Accepted (96 < 220) uniquify 0 
 DSP resource Status: g_pe_row[4].g_pe_pair[5].u_pe/p_w_4b 0 1222 1222: Used 1 time : Rejected (224 > 220) uniquify 0 
 DSP resource Status: g_pe_row[4].g_pe_pair[6].u_pe/p0_o_4c 0 1339 1339: Used 1 time : Accepted (97 < 220) uniquify 0 
 DSP resource Status: g_pe_row[4].g_pe_pair[6].u_pe/p_w_4d 0 1222 1222: Used 1 time : Rejected (225 > 220) uniquify 0 
 DSP resource Status: g_pe_row[5].g_pe_pair[0].u_pe/p0_o_4e 0 1339 1339: Used 1 time : Accepted (99 < 220) uniquify 0 
 DSP resource Status: g_pe_row[5].g_pe_pair[0].u_pe/p_w_4f 0 1222 1222: Used 1 time : Rejected (227 > 220) uniquify 0 
 DSP resource Status: g_pe_row[5].g_pe_pair[1].u_pe/p0_o_50 0 1339 1339: Used 1 time : Accepted (100 < 220) uniquify 0 
 DSP resource Status: g_pe_row[5].g_pe_pair[1].u_pe/p_w_51 0 1222 1222: Used 1 time : Rejected (228 > 220) uniquify 0 
 DSP resource Status: g_pe_row[5].g_pe_pair[2].u_pe/p0_o_52 0 1339 1339: Used 1 time : Accepted (101 < 220) uniquify 0 
 DSP resource Status: g_pe_row[5].g_pe_pair[2].u_pe/p_w_53 0 1222 1222: Used 1 time : Rejected (229 > 220) uniquify 0 
 DSP resource Status: g_pe_row[5].g_pe_pair[3].u_pe/p0_o_54 0 1339 1339: Used 1 time : Accepted (102 < 220) uniquify 0 
 DSP resource Status: g_pe_row[5].g_pe_pair[3].u_pe/p_w_55 0 1222 1222: Used 1 time : Rejected (230 > 220) uniquify 0 
 DSP resource Status: g_pe_row[5].g_pe_pair[4].u_pe/p0_o_56 0 1339 1339: Used 1 time : Accepted (103 < 220) uniquify 0 
 DSP resource Status: g_pe_row[5].g_pe_pair[4].u_pe/p_w_57 0 1222 1222: Used 1 time : Rejected (231 > 220) uniquify 0 
 DSP resource Status: g_pe_row[5].g_pe_pair[5].u_pe/p0_o_58 0 1339 1339: Used 1 time : Accepted (104 < 220) uniquify 0 
 DSP resource Status: g_pe_row[5].g_pe_pair[5].u_pe/p_w_59 0 1222 1222: Used 1 time : Rejected (232 > 220) uniquify 0 
 DSP resource Status: g_pe_row[5].g_pe_pair[6].u_pe/p0_o_5a 0 1339 1339: Used 1 time : Accepted (105 < 220) uniquify 0 
 DSP resource Status: g_pe_row[5].g_pe_pair[6].u_pe/p_w_5b 0 1222 1222: Used 1 time : Rejected (233 > 220) uniquify 0 
 DSP resource Status: g_pe_row[6].g_pe_pair[0].u_pe/p0_o_5c 0 1339 1339: Used 1 time : Accepted (107 < 220) uniquify 0 
 DSP resource Status: g_pe_row[6].g_pe_pair[0].u_pe/p_w_5d 0 1222 1222: Used 1 time : Rejected (235 > 220) uniquify 0 
 DSP resource Status: g_pe_row[6].g_pe_pair[1].u_pe/p0_o_5e 0 1339 1339: Used 1 time : Accepted (108 < 220) uniquify 0 
 DSP resource Status: g_pe_row[6].g_pe_pair[1].u_pe/p_w_5f 0 1222 1222: Used 1 time : Rejected (236 > 220) uniquify 0 
 DSP resource Status: g_pe_row[6].g_pe_pair[2].u_pe/p0_o_60 0 1339 1339: Used 1 time : Accepted (109 < 220) uniquify 0 
 DSP resource Status: g_pe_row[6].g_pe_pair[2].u_pe/p_w_61 0 1222 1222: Used 1 time : Rejected (237 > 220) uniquify 0 
 DSP resource Status: g_pe_row[6].g_pe_pair[3].u_pe/p0_o_62 0 1339 1339: Used 1 time : Accepted (110 < 220) uniquify 0 
 DSP resource Status: g_pe_row[6].g_pe_pair[3].u_pe/p_w_63 0 1222 1222: Used 1 time : Rejected (238 > 220) uniquify 0 
 DSP resource Status: g_pe_row[6].g_pe_pair[4].u_pe/p0_o_64 0 1339 1339: Used 1 time : Accepted (111 < 220) uniquify 0 
 DSP resource Status: g_pe_row[6].g_pe_pair[4].u_pe/p_w_65 0 1222 1222: Used 1 time : Rejected (239 > 220) uniquify 0 
 DSP resource Status: g_pe_row[6].g_pe_pair[5].u_pe/p0_o_66 0 1339 1339: Used 1 time : Accepted (112 < 220) uniquify 0 
 DSP resource Status: g_pe_row[6].g_pe_pair[5].u_pe/p_w_67 0 1222 1222: Used 1 time : Rejected (240 > 220) uniquify 0 
 DSP resource Status: g_pe_row[6].g_pe_pair[6].u_pe/p0_o_68 0 1339 1339: Used 1 time : Accepted (113 < 220) uniquify 0 
 DSP resource Status: g_pe_row[6].g_pe_pair[6].u_pe/p_w_69 0 1222 1222: Used 1 time : Rejected (241 > 220) uniquify 0 
 DSP resource Status: g_pe_row[7].g_pe_pair[0].u_pe/p0_o_6a 0 1339 1339: Used 1 time : Accepted (115 < 220) uniquify 0 
 DSP resource Status: g_pe_row[7].g_pe_pair[0].u_pe/p_w_6b 0 1222 1222: Used 1 time : Rejected (243 > 220) uniquify 0 
 DSP resource Status: g_pe_row[7].g_pe_pair[1].u_pe/p0_o_6c 0 1339 1339: Used 1 time : Accepted (116 < 220) uniquify 0 
 DSP resource Status: g_pe_row[7].g_pe_pair[1].u_pe/p_w_6d 0 1222 1222: Used 1 time : Rejected (244 > 220) uniquify 0 
 DSP resource Status: g_pe_row[7].g_pe_pair[2].u_pe/p0_o_6e 0 1339 1339: Used 1 time : Accepted (117 < 220) uniquify 0 
 DSP resource Status: g_pe_row[7].g_pe_pair[2].u_pe/p_w_6f 0 1222 1222: Used 1 time : Rejected (245 > 220) uniquify 0 
 DSP resource Status: g_pe_row[7].g_pe_pair[3].u_pe/p0_o_70 0 1339 1339: Used 1 time : Accepted (118 < 220) uniquify 0 
 DSP resource Status: g_pe_row[7].g_pe_pair[3].u_pe/p_w_71 0 1222 1222: Used 1 time : Rejected (246 > 220) uniquify 0 
 DSP resource Status: g_pe_row[7].g_pe_pair[4].u_pe/p0_o_72 0 1339 1339: Used 1 time : Accepted (119 < 220) uniquify 0 
 DSP resource Status: g_pe_row[7].g_pe_pair[4].u_pe/p_w_73 0 1222 1222: Used 1 time : Rejected (247 > 220) uniquify 0 
 DSP resource Status: g_pe_row[7].g_pe_pair[5].u_pe/p0_o_74 0 1339 1339: Used 1 time : Accepted (120 < 220) uniquify 0 
 DSP resource Status: g_pe_row[7].g_pe_pair[5].u_pe/p_w_75 0 1222 1222: Used 1 time : Rejected (248 > 220) uniquify 0 
 DSP resource Status: g_pe_row[7].g_pe_pair[6].u_pe/p0_o_76 0 1339 1339: Used 1 time : Accepted (121 < 220) uniquify 0 
 DSP resource Status: g_pe_row[7].g_pe_pair[6].u_pe/p_w_77 0 1222 1222: Used 1 time : Rejected (249 > 220) uniquify 0 
 DSP resource Status: g_pe_row[8].g_pe_pair[0].u_pe/p0_o_78 0 1339 1339: Used 1 time : Accepted (123 < 220) uniquify 0 
 DSP resource Status: g_pe_row[8].g_pe_pair[0].u_pe/p_w_79 0 1222 1222: Used 1 time : Rejected (251 > 220) uniquify 0 
 DSP resource Status: g_pe_row[8].g_pe_pair[1].u_pe/p0_o_7a 0 1339 1339: Used 1 time : Accepted (124 < 220) uniquify 0 
 DSP resource Status: g_pe_row[8].g_pe_pair[1].u_pe/p_w_7b 0 1222 1222: Used 1 time : Rejected (252 > 220) uniquify 0 
 DSP resource Status: g_pe_row[8].g_pe_pair[2].u_pe/p0_o_7c 0 1339 1339: Used 1 time : Accepted (125 < 220) uniquify 0 
 DSP resource Status: g_pe_row[8].g_pe_pair[2].u_pe/p_w_7d 0 1222 1222: Used 1 time : Rejected (253 > 220) uniquify 0 
 DSP resource Status: g_pe_row[8].g_pe_pair[3].u_pe/p0_o_7e 0 1339 1339: Used 1 time : Accepted (126 < 220) uniquify 0 
 DSP resource Status: g_pe_row[8].g_pe_pair[3].u_pe/p_w_7f 0 1222 1222: Used 1 time : Rejected (254 > 220) uniquify 0 
 DSP resource Status: g_pe_row[8].g_pe_pair[4].u_pe/p0_o_80 0 1339 1339: Used 1 time : Accepted (127 < 220) uniquify 0 
 DSP resource Status: g_pe_row[8].g_pe_pair[4].u_pe/p_w_81 0 1222 1222: Used 1 time : Rejected (255 > 220) uniquify 0 
 DSP resource Status: g_pe_row[8].g_pe_pair[5].u_pe/p0_o_82 0 1339 1339: Used 1 time : Accepted (128 < 220) uniquify 0 
 DSP resource Status: g_pe_row[8].g_pe_pair[5].u_pe/p_w_83 0 1222 1222: Used 1 time : Rejected (256 > 220) uniquify 0 
 DSP resource Status: g_pe_row[8].g_pe_pair[6].u_pe/p0_o_84 0 1339 1339: Used 1 time : Accepted (129 < 220) uniquify 0 
 DSP resource Status: g_pe_row[8].g_pe_pair[6].u_pe/p_w_85 0 1222 1222: Used 1 time : Rejected (257 > 220) uniquify 0 
 DSP resource Status: g_pe_row[9].g_pe_pair[0].u_pe/p0_o_86 0 1339 1339: Used 1 time : Accepted (131 < 220) uniquify 0 
 DSP resource Status: g_pe_row[9].g_pe_pair[0].u_pe/p_w_87 0 1222 1222: Used 1 time : Rejected (259 > 220) uniquify 0 
 DSP resource Status: g_pe_row[9].g_pe_pair[1].u_pe/p0_o_88 0 1339 1339: Used 1 time : Accepted (132 < 220) uniquify 0 
 DSP resource Status: g_pe_row[9].g_pe_pair[1].u_pe/p_w_89 0 1222 1222: Used 1 time : Rejected (260 > 220) uniquify 0 
 DSP resource Status: g_pe_row[9].g_pe_pair[2].u_pe/p0_o_8a 0 1339 1339: Used 1 time : Accepted (133 < 220) uniquify 0 
 DSP resource Status: g_pe_row[9].g_pe_pair[2].u_pe/p_w_8b 0 1222 1222: Used 1 time : Rejected (261 > 220) uniquify 0 
 DSP resource Status: g_pe_row[9].g_pe_pair[3].u_pe/p0_o_8c 0 1339 1339: Used 1 time : Accepted (134 < 220) uniquify 0 
 DSP resource Status: g_pe_row[9].g_pe_pair[3].u_pe/p_w_8d 0 1222 1222: Used 1 time : Rejected (262 > 220) uniquify 0 
 DSP resource Status: g_pe_row[9].g_pe_pair[4].u_pe/p0_o_8e 0 1339 1339: Used 1 time : Accepted (135 < 220) uniquify 0 
 DSP resource Status: g_pe_row[9].g_pe_pair[4].u_pe/p_w_8f 0 1222 1222: Used 1 time : Rejected (263 > 220) uniquify 0 
 DSP resource Status: g_pe_row[9].g_pe_pair[5].u_pe/p0_o_90 0 1339 1339: Used 1 time : Accepted (136 < 220) uniquify 0 
 DSP resource Status: g_pe_row[9].g_pe_pair[5].u_pe/p_w_91 0 1222 1222: Used 1 time : Rejected (264 > 220) uniquify 0 
 DSP resource Status: g_pe_row[9].g_pe_pair[6].u_pe/p0_o_92 0 1339 1339: Used 1 time : Accepted (137 < 220) uniquify 0 
 DSP resource Status: g_pe_row[9].g_pe_pair[6].u_pe/p_w_93 0 1222 1222: Used 1 time : Rejected (265 > 220) uniquify 0 
 DSP resource Status: g_pe_row[10].g_pe_pair[0].u_pe/p0_o_94 0 1339 1339: Used 1 time : Accepted (19 < 220) uniquify 0 
 DSP resource Status: g_pe_row[10].g_pe_pair[0].u_pe/p_w_95 0 1222 1222: Used 1 time : Accepted (147 < 220) uniquify 0 
 DSP resource Status: g_pe_row[10].g_pe_pair[1].u_pe/p0_o_96 0 1339 1339: Used 1 time : Accepted (20 < 220) uniquify 0 
 DSP resource Status: g_pe_row[10].g_pe_pair[1].u_pe/p_w_97 0 1222 1222: Used 1 time : Accepted (148 < 220) uniquify 0 
 DSP resource Status: g_pe_row[10].g_pe_pair[2].u_pe/p0_o_98 0 1339 1339: Used 1 time : Accepted (21 < 220) uniquify 0 
 DSP resource Status: g_pe_row[10].g_pe_pair[2].u_pe/p_w_99 0 1222 1222: Used 1 time : Accepted (149 < 220) uniquify 0 
 DSP resource Status: g_pe_row[10].g_pe_pair[3].u_pe/p0_o_9a 0 1339 1339: Used 1 time : Accepted (22 < 220) uniquify 0 
 DSP resource Status: g_pe_row[10].g_pe_pair[3].u_pe/p_w_9b 0 1222 1222: Used 1 time : Accepted (150 < 220) uniquify 0 
 DSP resource Status: g_pe_row[10].g_pe_pair[4].u_pe/p0_o_9c 0 1339 1339: Used 1 time : Accepted (23 < 220) uniquify 0 
 DSP resource Status: g_pe_row[10].g_pe_pair[4].u_pe/p_w_9d 0 1222 1222: Used 1 time : Accepted (151 < 220) uniquify 0 
 DSP resource Status: g_pe_row[10].g_pe_pair[5].u_pe/p0_o_9e 0 1339 1339: Used 1 time : Accepted (24 < 220) uniquify 0 
 DSP resource Status: g_pe_row[10].g_pe_pair[5].u_pe/p_w_9f 0 1222 1222: Used 1 time : Accepted (152 < 220) uniquify 0 
 DSP resource Status: g_pe_row[10].g_pe_pair[6].u_pe/p0_o_a0 0 1339 1339: Used 1 time : Accepted (25 < 220) uniquify 0 
 DSP resource Status: g_pe_row[10].g_pe_pair[6].u_pe/p_w_a1 0 1222 1222: Used 1 time : Accepted (153 < 220) uniquify 0 
 DSP resource Status: g_pe_row[11].g_pe_pair[0].u_pe/p0_o_a2 0 1339 1339: Used 1 time : Accepted (27 < 220) uniquify 0 
 DSP resource Status: g_pe_row[11].g_pe_pair[0].u_pe/p_w_a3 0 1222 1222: Used 1 time : Accepted (155 < 220) uniquify 0 
 DSP resource Status: g_pe_row[11].g_pe_pair[1].u_pe/p0_o_a4 0 1339 1339: Used 1 time : Accepted (28 < 220) uniquify 0 
 DSP resource Status: g_pe_row[11].g_pe_pair[1].u_pe/p_w_a5 0 1222 1222: Used 1 time : Accepted (156 < 220) uniquify 0 
 DSP resource Status: g_pe_row[11].g_pe_pair[2].u_pe/p0_o_a6 0 1339 1339: Used 1 time : Accepted (29 < 220) uniquify 0 
 DSP resource Status: g_pe_row[11].g_pe_pair[2].u_pe/p_w_a7 0 1222 1222: Used 1 time : Accepted (157 < 220) uniquify 0 
 DSP resource Status: g_pe_row[11].g_pe_pair[3].u_pe/p0_o_a8 0 1339 1339: Used 1 time : Accepted (30 < 220) uniquify 0 
 DSP resource Status: g_pe_row[11].g_pe_pair[3].u_pe/p_w_a9 0 1222 1222: Used 1 time : Accepted (158 < 220) uniquify 0 
 DSP resource Status: g_pe_row[11].g_pe_pair[4].u_pe/p0_o_aa 0 1339 1339: Used 1 time : Accepted (31 < 220) uniquify 0 
 DSP resource Status: g_pe_row[11].g_pe_pair[4].u_pe/p_w_ab 0 1222 1222: Used 1 time : Accepted (159 < 220) uniquify 0 
 DSP resource Status: g_pe_row[11].g_pe_pair[5].u_pe/p0_o_ac 0 1339 1339: Used 1 time : Accepted (32 < 220) uniquify 0 
 DSP resource Status: g_pe_row[11].g_pe_pair[5].u_pe/p_w_ad 0 1222 1222: Used 1 time : Accepted (160 < 220) uniquify 0 
 DSP resource Status: g_pe_row[11].g_pe_pair[6].u_pe/p0_o_ae 0 1339 1339: Used 1 time : Accepted (33 < 220) uniquify 0 
 DSP resource Status: g_pe_row[11].g_pe_pair[6].u_pe/p_w_af 0 1222 1222: Used 1 time : Accepted (161 < 220) uniquify 0 
 DSP resource Status: g_pe_row[12].g_pe_pair[0].u_pe/p0_o_b0 0 1339 1339: Used 1 time : Accepted (35 < 220) uniquify 0 
 DSP resource Status: g_pe_row[12].g_pe_pair[0].u_pe/p_w_b1 0 1222 1222: Used 1 time : Accepted (163 < 220) uniquify 0 
 DSP resource Status: g_pe_row[12].g_pe_pair[1].u_pe/p0_o_b2 0 1339 1339: Used 1 time : Accepted (36 < 220) uniquify 0 
 DSP resource Status: g_pe_row[12].g_pe_pair[1].u_pe/p_w_b3 0 1222 1222: Used 1 time : Accepted (164 < 220) uniquify 0 
 DSP resource Status: g_pe_row[12].g_pe_pair[2].u_pe/p0_o_b4 0 1339 1339: Used 1 time : Accepted (37 < 220) uniquify 0 
 DSP resource Status: g_pe_row[12].g_pe_pair[2].u_pe/p_w_b5 0 1222 1222: Used 1 time : Accepted (165 < 220) uniquify 0 
 DSP resource Status: g_pe_row[12].g_pe_pair[3].u_pe/p0_o_b6 0 1339 1339: Used 1 time : Accepted (38 < 220) uniquify 0 
 DSP resource Status: g_pe_row[12].g_pe_pair[3].u_pe/p_w_b7 0 1222 1222: Used 1 time : Accepted (166 < 220) uniquify 0 
 DSP resource Status: g_pe_row[12].g_pe_pair[4].u_pe/p0_o_b8 0 1339 1339: Used 1 time : Accepted (39 < 220) uniquify 0 
 DSP resource Status: g_pe_row[12].g_pe_pair[4].u_pe/p_w_b9 0 1222 1222: Used 1 time : Accepted (167 < 220) uniquify 0 
 DSP resource Status: g_pe_row[12].g_pe_pair[5].u_pe/p0_o_ba 0 1339 1339: Used 1 time : Accepted (40 < 220) uniquify 0 
 DSP resource Status: g_pe_row[12].g_pe_pair[5].u_pe/p_w_bb 0 1222 1222: Used 1 time : Accepted (168 < 220) uniquify 0 
 DSP resource Status: g_pe_row[12].g_pe_pair[6].u_pe/p0_o_bc 0 1339 1339: Used 1 time : Accepted (41 < 220) uniquify 0 
 DSP resource Status: g_pe_row[12].g_pe_pair[6].u_pe/p_w_bd 0 1222 1222: Used 1 time : Accepted (169 < 220) uniquify 0 
 DSP resource Status: g_pe_row[12].g_pe_pair[7].u_pe/p0_o_be 0 1339 1339: Used 1 time : Accepted (42 < 220) uniquify 0 
 DSP resource Status: g_pe_row[12].g_pe_pair[7].u_pe/p_w_bf 0 1222 1222: Used 1 time : Accepted (170 < 220) uniquify 0 
 DSP resource Status: g_pe_row[13].g_pe_pair[0].u_pe/p0_o_c0 0 1339 1339: Used 1 time : Accepted (43 < 220) uniquify 0 
 DSP resource Status: g_pe_row[13].g_pe_pair[0].u_pe/p_w_c1 0 1222 1222: Used 1 time : Accepted (171 < 220) uniquify 0 
 DSP resource Status: g_pe_row[13].g_pe_pair[1].u_pe/p0_o_c2 0 1339 1339: Used 1 time : Accepted (44 < 220) uniquify 0 
 DSP resource Status: g_pe_row[13].g_pe_pair[1].u_pe/p_w_c3 0 1222 1222: Used 1 time : Accepted (172 < 220) uniquify 0 
 DSP resource Status: g_pe_row[13].g_pe_pair[2].u_pe/p0_o_c4 0 1339 1339: Used 1 time : Accepted (45 < 220) uniquify 0 
 DSP resource Status: g_pe_row[13].g_pe_pair[2].u_pe/p_w_c5 0 1222 1222: Used 1 time : Accepted (173 < 220) uniquify 0 
 DSP resource Status: g_pe_row[13].g_pe_pair[3].u_pe/p0_o_c6 0 1339 1339: Used 1 time : Accepted (46 < 220) uniquify 0 
 DSP resource Status: g_pe_row[13].g_pe_pair[3].u_pe/p_w_c7 0 1222 1222: Used 1 time : Accepted (174 < 220) uniquify 0 
 DSP resource Status: g_pe_row[13].g_pe_pair[4].u_pe/p0_o_c8 0 1339 1339: Used 1 time : Accepted (47 < 220) uniquify 0 
 DSP resource Status: g_pe_row[13].g_pe_pair[4].u_pe/p_w_c9 0 1222 1222: Used 1 time : Accepted (175 < 220) uniquify 0 
 DSP resource Status: g_pe_row[13].g_pe_pair[5].u_pe/p0_o_ca 0 1339 1339: Used 1 time : Accepted (48 < 220) uniquify 0 
 DSP resource Status: g_pe_row[13].g_pe_pair[5].u_pe/p_w_cb 0 1222 1222: Used 1 time : Accepted (176 < 220) uniquify 0 
 DSP resource Status: g_pe_row[13].g_pe_pair[6].u_pe/p0_o_cc 0 1339 1339: Used 1 time : Accepted (49 < 220) uniquify 0 
 DSP resource Status: g_pe_row[13].g_pe_pair[6].u_pe/p_w_cd 0 1222 1222: Used 1 time : Accepted (177 < 220) uniquify 0 
 DSP resource Status: g_pe_row[13].g_pe_pair[7].u_pe/p0_o_ce 0 1339 1339: Used 1 time : Accepted (50 < 220) uniquify 0 
 DSP resource Status: g_pe_row[13].g_pe_pair[7].u_pe/p_w_cf 0 1222 1222: Used 1 time : Accepted (178 < 220) uniquify 0 
 DSP resource Status: g_pe_row[14].g_pe_pair[0].u_pe/p0_o_d0 0 1339 1339: Used 1 time : Accepted (51 < 220) uniquify 0 
 DSP resource Status: g_pe_row[14].g_pe_pair[0].u_pe/p_w_d1 0 1222 1222: Used 1 time : Accepted (179 < 220) uniquify 0 
 DSP resource Status: g_pe_row[14].g_pe_pair[1].u_pe/p0_o_d2 0 1339 1339: Used 1 time : Accepted (52 < 220) uniquify 0 
 DSP resource Status: g_pe_row[14].g_pe_pair[1].u_pe/p_w_d3 0 1222 1222: Used 1 time : Accepted (180 < 220) uniquify 0 
 DSP resource Status: g_pe_row[14].g_pe_pair[2].u_pe/p0_o_d4 0 1339 1339: Used 1 time : Accepted (53 < 220) uniquify 0 
 DSP resource Status: g_pe_row[14].g_pe_pair[2].u_pe/p_w_d5 0 1222 1222: Used 1 time : Accepted (181 < 220) uniquify 0 
 DSP resource Status: g_pe_row[14].g_pe_pair[3].u_pe/p0_o_d6 0 1339 1339: Used 1 time : Accepted (54 < 220) uniquify 0 
 DSP resource Status: g_pe_row[14].g_pe_pair[3].u_pe/p_w_d7 0 1222 1222: Used 1 time : Accepted (182 < 220) uniquify 0 
 DSP resource Status: g_pe_row[14].g_pe_pair[4].u_pe/p0_o_d8 0 1339 1339: Used 1 time : Accepted (55 < 220) uniquify 0 
 DSP resource Status: g_pe_row[14].g_pe_pair[4].u_pe/p_w_d9 0 1222 1222: Used 1 time : Accepted (183 < 220) uniquify 0 
 DSP resource Status: g_pe_row[14].g_pe_pair[5].u_pe/p0_o_da 0 1339 1339: Used 1 time : Accepted (56 < 220) uniquify 0 
 DSP resource Status: g_pe_row[14].g_pe_pair[5].u_pe/p_w_db 0 1222 1222: Used 1 time : Accepted (184 < 220) uniquify 0 
 DSP resource Status: g_pe_row[14].g_pe_pair[6].u_pe/p0_o_dc 0 1339 1339: Used 1 time : Accepted (57 < 220) uniquify 0 
 DSP resource Status: g_pe_row[14].g_pe_pair[6].u_pe/p_w_dd 0 1222 1222: Used 1 time : Accepted (185 < 220) uniquify 0 
 DSP resource Status: g_pe_row[15].g_pe_pair[0].u_pe/p0_o_de 0 1339 1339: Used 1 time : Accepted (59 < 220) uniquify 0 
 DSP resource Status: g_pe_row[15].g_pe_pair[0].u_pe/p_w_df 0 1222 1222: Used 1 time : Accepted (187 < 220) uniquify 0 
 DSP resource Status: g_pe_row[15].g_pe_pair[1].u_pe/p0_o_e0 0 1339 1339: Used 1 time : Accepted (60 < 220) uniquify 0 
 DSP resource Status: g_pe_row[15].g_pe_pair[1].u_pe/p_w_e1 0 1222 1222: Used 1 time : Accepted (188 < 220) uniquify 0 
 DSP resource Status: g_pe_row[15].g_pe_pair[2].u_pe/p0_o_e2 0 1339 1339: Used 1 time : Accepted (61 < 220) uniquify 0 
 DSP resource Status: g_pe_row[15].g_pe_pair[2].u_pe/p_w_e3 0 1222 1222: Used 1 time : Accepted (189 < 220) uniquify 0 
 DSP resource Status: g_pe_row[15].g_pe_pair[3].u_pe/p0_o_e4 0 1339 1339: Used 1 time : Accepted (62 < 220) uniquify 0 
 DSP resource Status: g_pe_row[15].g_pe_pair[3].u_pe/p_w_e5 0 1222 1222: Used 1 time : Accepted (190 < 220) uniquify 0 
 DSP resource Status: g_pe_row[15].g_pe_pair[4].u_pe/p0_o_e6 0 1339 1339: Used 1 time : Accepted (63 < 220) uniquify 0 
 DSP resource Status: g_pe_row[15].g_pe_pair[4].u_pe/p_w_e7 0 1222 1222: Used 1 time : Accepted (191 < 220) uniquify 0 
 DSP resource Status: g_pe_row[15].g_pe_pair[5].u_pe/p0_o_e8 0 1339 1339: Used 1 time : Accepted (64 < 220) uniquify 0 
 DSP resource Status: g_pe_row[15].g_pe_pair[5].u_pe/p_w_e9 0 1222 1222: Used 1 time : Accepted (192 < 220) uniquify 0 
 DSP resource Status: g_pe_row[15].g_pe_pair[6].u_pe/p0_o_ea 0 1339 1339: Used 1 time : Accepted (65 < 220) uniquify 0 
 DSP resource Status: g_pe_row[15].g_pe_pair[6].u_pe/p_w_eb 0 1222 1222: Used 1 time : Accepted (193 < 220) uniquify 0 
DSP Report: Generating DSP g_pe_row[0].g_pe_pair[0].u_pe/p0_o, operation Mode is (post resource management): -C+A*B+1-1.
DSP Report: operator g_pe_row[0].g_pe_pair[0].u_pe/p0_o is absorbed into DSP g_pe_row[0].g_pe_pair[0].u_pe/p0_o.
DSP Report: operator g_pe_row[0].g_pe_pair[0].u_pe/p_w is absorbed into DSP g_pe_row[0].g_pe_pair[0].u_pe/p0_o.
DSP Report: Generating DSP g_pe_row[0].g_pe_pair[1].u_pe/p0_o, operation Mode is (post resource management): -C+A*B+1-1.
DSP Report: operator g_pe_row[0].g_pe_pair[1].u_pe/p0_o is absorbed into DSP g_pe_row[0].g_pe_pair[1].u_pe/p0_o.
DSP Report: operator g_pe_row[0].g_pe_pair[1].u_pe/p_w is absorbed into DSP g_pe_row[0].g_pe_pair[1].u_pe/p0_o.
DSP Report: Generating DSP g_pe_row[0].g_pe_pair[2].u_pe/p0_o, operation Mode is (post resource management): -C+A*B+1-1.
DSP Report: operator g_pe_row[0].g_pe_pair[2].u_pe/p0_o is absorbed into DSP g_pe_row[0].g_pe_pair[2].u_pe/p0_o.
DSP Report: operator g_pe_row[0].g_pe_pair[2].u_pe/p_w is absorbed into DSP g_pe_row[0].g_pe_pair[2].u_pe/p0_o.
DSP Report: Generating DSP g_pe_row[0].g_pe_pair[3].u_pe/p0_o, operation Mode is (post resource management): -C+A*B+1-1.
DSP Report: operator g_pe_row[0].g_pe_pair[3].u_pe/p0_o is absorbed into DSP g_pe_row[0].g_pe_pair[3].u_pe/p0_o.
DSP Report: operator g_pe_row[0].g_pe_pair[3].u_pe/p_w is absorbed into DSP g_pe_row[0].g_pe_pair[3].u_pe/p0_o.
DSP Report: Generating DSP g_pe_row[0].g_pe_pair[4].u_pe/p0_o, operation Mode is (post resource management): -C+A*B+1-1.
DSP Report: operator g_pe_row[0].g_pe_pair[4].u_pe/p0_o is absorbed into DSP g_pe_row[0].g_pe_pair[4].u_pe/p0_o.
DSP Report: operator g_pe_row[0].g_pe_pair[4].u_pe/p_w is absorbed into DSP g_pe_row[0].g_pe_pair[4].u_pe/p0_o.
DSP Report: Generating DSP g_pe_row[0].g_pe_pair[5].u_pe/p0_o, operation Mode is (post resource management): -C+A*B+1-1.
DSP Report: operator g_pe_row[0].g_pe_pair[5].u_pe/p0_o is absorbed into DSP g_pe_row[0].g_pe_pair[5].u_pe/p0_o.
DSP Report: operator g_pe_row[0].g_pe_pair[5].u_pe/p_w is absorbed into DSP g_pe_row[0].g_pe_pair[5].u_pe/p0_o.
DSP Report: Generating DSP g_pe_row[0].g_pe_pair[6].u_pe/p0_o, operation Mode is (post resource management): -C+A*B+1-1.
DSP Report: operator g_pe_row[0].g_pe_pair[6].u_pe/p0_o is absorbed into DSP g_pe_row[0].g_pe_pair[6].u_pe/p0_o.
DSP Report: operator g_pe_row[0].g_pe_pair[6].u_pe/p_w is absorbed into DSP g_pe_row[0].g_pe_pair[6].u_pe/p0_o.
DSP Report: Generating DSP g_pe_row[1].g_pe_pair[0].u_pe/p0_o, operation Mode is (post resource management): -C+A*B+1-1.
DSP Report: operator g_pe_row[1].g_pe_pair[0].u_pe/p0_o is absorbed into DSP g_pe_row[1].g_pe_pair[0].u_pe/p0_o.
DSP Report: operator g_pe_row[1].g_pe_pair[0].u_pe/p_w is absorbed into DSP g_pe_row[1].g_pe_pair[0].u_pe/p0_o.
DSP Report: Generating DSP g_pe_row[1].g_pe_pair[1].u_pe/p0_o, operation Mode is (post resource management): -C+A*B+1-1.
DSP Report: operator g_pe_row[1].g_pe_pair[1].u_pe/p0_o is absorbed into DSP g_pe_row[1].g_pe_pair[1].u_pe/p0_o.
DSP Report: operator g_pe_row[1].g_pe_pair[1].u_pe/p_w is absorbed into DSP g_pe_row[1].g_pe_pair[1].u_pe/p0_o.
DSP Report: Generating DSP g_pe_row[1].g_pe_pair[2].u_pe/p0_o, operation Mode is (post resource management): -C+A*B+1-1.
DSP Report: operator g_pe_row[1].g_pe_pair[2].u_pe/p0_o is absorbed into DSP g_pe_row[1].g_pe_pair[2].u_pe/p0_o.
DSP Report: operator g_pe_row[1].g_pe_pair[2].u_pe/p_w is absorbed into DSP g_pe_row[1].g_pe_pair[2].u_pe/p0_o.
DSP Report: Generating DSP g_pe_row[1].g_pe_pair[3].u_pe/p0_o, operation Mode is (post resource management): -C+A*B+1-1.
DSP Report: operator g_pe_row[1].g_pe_pair[3].u_pe/p0_o is absorbed into DSP g_pe_row[1].g_pe_pair[3].u_pe/p0_o.
DSP Report: operator g_pe_row[1].g_pe_pair[3].u_pe/p_w is absorbed into DSP g_pe_row[1].g_pe_pair[3].u_pe/p0_o.
DSP Report: Generating DSP g_pe_row[1].g_pe_pair[4].u_pe/p0_o, operation Mode is (post resource management): -C+A*B+1-1.
DSP Report: operator g_pe_row[1].g_pe_pair[4].u_pe/p0_o is absorbed into DSP g_pe_row[1].g_pe_pair[4].u_pe/p0_o.
DSP Report: operator g_pe_row[1].g_pe_pair[4].u_pe/p_w is absorbed into DSP g_pe_row[1].g_pe_pair[4].u_pe/p0_o.
DSP Report: Generating DSP g_pe_row[1].g_pe_pair[5].u_pe/p0_o, operation Mode is (post resource management): -C+A*B+1-1.
DSP Report: operator g_pe_row[1].g_pe_pair[5].u_pe/p0_o is absorbed into DSP g_pe_row[1].g_pe_pair[5].u_pe/p0_o.
DSP Report: operator g_pe_row[1].g_pe_pair[5].u_pe/p_w is absorbed into DSP g_pe_row[1].g_pe_pair[5].u_pe/p0_o.
DSP Report: Generating DSP g_pe_row[1].g_pe_pair[6].u_pe/p0_o, operation Mode is (post resource management): -C+A*B+1-1.
DSP Report: operator g_pe_row[1].g_pe_pair[6].u_pe/p0_o is absorbed into DSP g_pe_row[1].g_pe_pair[6].u_pe/p0_o.
DSP Report: operator g_pe_row[1].g_pe_pair[6].u_pe/p_w is absorbed into DSP g_pe_row[1].g_pe_pair[6].u_pe/p0_o.
DSP Report: Generating DSP g_pe_row[2].g_pe_pair[0].u_pe/p0_o, operation Mode is (post resource management): -C+A*B+1-1.
DSP Report: operator g_pe_row[2].g_pe_pair[0].u_pe/p0_o is absorbed into DSP g_pe_row[2].g_pe_pair[0].u_pe/p0_o.
DSP Report: operator g_pe_row[2].g_pe_pair[0].u_pe/p_w is absorbed into DSP g_pe_row[2].g_pe_pair[0].u_pe/p0_o.
DSP Report: Generating DSP g_pe_row[2].g_pe_pair[1].u_pe/p0_o, operation Mode is (post resource management): -C+A*B+1-1.
DSP Report: operator g_pe_row[2].g_pe_pair[1].u_pe/p0_o is absorbed into DSP g_pe_row[2].g_pe_pair[1].u_pe/p0_o.
DSP Report: operator g_pe_row[2].g_pe_pair[1].u_pe/p_w is absorbed into DSP g_pe_row[2].g_pe_pair[1].u_pe/p0_o.
DSP Report: Generating DSP g_pe_row[2].g_pe_pair[2].u_pe/p0_o, operation Mode is (post resource management): -C+A*B+1-1.
DSP Report: operator g_pe_row[2].g_pe_pair[2].u_pe/p0_o is absorbed into DSP g_pe_row[2].g_pe_pair[2].u_pe/p0_o.
DSP Report: operator g_pe_row[2].g_pe_pair[2].u_pe/p_w is absorbed into DSP g_pe_row[2].g_pe_pair[2].u_pe/p0_o.
DSP Report: Generating DSP g_pe_row[2].g_pe_pair[3].u_pe/p0_o, operation Mode is (post resource management): -C+A*B+1-1.
DSP Report: operator g_pe_row[2].g_pe_pair[3].u_pe/p0_o is absorbed into DSP g_pe_row[2].g_pe_pair[3].u_pe/p0_o.
DSP Report: operator g_pe_row[2].g_pe_pair[3].u_pe/p_w is absorbed into DSP g_pe_row[2].g_pe_pair[3].u_pe/p0_o.
DSP Report: Generating DSP g_pe_row[2].g_pe_pair[4].u_pe/p0_o, operation Mode is (post resource management): -C+A*B+1-1.
DSP Report: operator g_pe_row[2].g_pe_pair[4].u_pe/p0_o is absorbed into DSP g_pe_row[2].g_pe_pair[4].u_pe/p0_o.
DSP Report: operator g_pe_row[2].g_pe_pair[4].u_pe/p_w is absorbed into DSP g_pe_row[2].g_pe_pair[4].u_pe/p0_o.
DSP Report: Generating DSP g_pe_row[2].g_pe_pair[5].u_pe/p0_o, operation Mode is (post resource management): -C+A*B+1-1.
DSP Report: operator g_pe_row[2].g_pe_pair[5].u_pe/p0_o is absorbed into DSP g_pe_row[2].g_pe_pair[5].u_pe/p0_o.
DSP Report: operator g_pe_row[2].g_pe_pair[5].u_pe/p_w is absorbed into DSP g_pe_row[2].g_pe_pair[5].u_pe/p0_o.
DSP Report: Generating DSP g_pe_row[2].g_pe_pair[6].u_pe/p0_o, operation Mode is (post resource management): -C+A*B+1-1.
DSP Report: operator g_pe_row[2].g_pe_pair[6].u_pe/p0_o is absorbed into DSP g_pe_row[2].g_pe_pair[6].u_pe/p0_o.
DSP Report: operator g_pe_row[2].g_pe_pair[6].u_pe/p_w is absorbed into DSP g_pe_row[2].g_pe_pair[6].u_pe/p0_o.
DSP Report: Generating DSP g_pe_row[3].g_pe_pair[0].u_pe/p0_o, operation Mode is (post resource management): -C+A*B+1-1.
DSP Report: operator g_pe_row[3].g_pe_pair[0].u_pe/p0_o is absorbed into DSP g_pe_row[3].g_pe_pair[0].u_pe/p0_o.
DSP Report: operator g_pe_row[3].g_pe_pair[0].u_pe/p_w is absorbed into DSP g_pe_row[3].g_pe_pair[0].u_pe/p0_o.
DSP Report: Generating DSP g_pe_row[3].g_pe_pair[1].u_pe/p0_o, operation Mode is (post resource management): -C+A*B+1-1.
DSP Report: operator g_pe_row[3].g_pe_pair[1].u_pe/p0_o is absorbed into DSP g_pe_row[3].g_pe_pair[1].u_pe/p0_o.
DSP Report: operator g_pe_row[3].g_pe_pair[1].u_pe/p_w is absorbed into DSP g_pe_row[3].g_pe_pair[1].u_pe/p0_o.
DSP Report: Generating DSP g_pe_row[3].g_pe_pair[2].u_pe/p0_o, operation Mode is (post resource management): -C+A*B+1-1.
DSP Report: operator g_pe_row[3].g_pe_pair[2].u_pe/p0_o is absorbed into DSP g_pe_row[3].g_pe_pair[2].u_pe/p0_o.
DSP Report: operator g_pe_row[3].g_pe_pair[2].u_pe/p_w is absorbed into DSP g_pe_row[3].g_pe_pair[2].u_pe/p0_o.
DSP Report: Generating DSP g_pe_row[3].g_pe_pair[3].u_pe/p0_o, operation Mode is (post resource management): -C+A*B+1-1.
DSP Report: operator g_pe_row[3].g_pe_pair[3].u_pe/p0_o is absorbed into DSP g_pe_row[3].g_pe_pair[3].u_pe/p0_o.
DSP Report: operator g_pe_row[3].g_pe_pair[3].u_pe/p_w is absorbed into DSP g_pe_row[3].g_pe_pair[3].u_pe/p0_o.
DSP Report: Generating DSP g_pe_row[3].g_pe_pair[4].u_pe/p0_o, operation Mode is (post resource management): -C+A*B+1-1.
DSP Report: operator g_pe_row[3].g_pe_pair[4].u_pe/p0_o is absorbed into DSP g_pe_row[3].g_pe_pair[4].u_pe/p0_o.
DSP Report: operator g_pe_row[3].g_pe_pair[4].u_pe/p_w is absorbed into DSP g_pe_row[3].g_pe_pair[4].u_pe/p0_o.
DSP Report: Generating DSP g_pe_row[3].g_pe_pair[5].u_pe/p0_o, operation Mode is (post resource management): -C+A*B+1-1.
DSP Report: operator g_pe_row[3].g_pe_pair[5].u_pe/p0_o is absorbed into DSP g_pe_row[3].g_pe_pair[5].u_pe/p0_o.
DSP Report: operator g_pe_row[3].g_pe_pair[5].u_pe/p_w is absorbed into DSP g_pe_row[3].g_pe_pair[5].u_pe/p0_o.
DSP Report: Generating DSP g_pe_row[3].g_pe_pair[6].u_pe/p0_o, operation Mode is (post resource management): -C+A*B+1-1.
DSP Report: operator g_pe_row[3].g_pe_pair[6].u_pe/p0_o is absorbed into DSP g_pe_row[3].g_pe_pair[6].u_pe/p0_o.
DSP Report: operator g_pe_row[3].g_pe_pair[6].u_pe/p_w is absorbed into DSP g_pe_row[3].g_pe_pair[6].u_pe/p0_o.
DSP Report: Generating DSP g_pe_row[4].g_pe_pair[0].u_pe/p0_o, operation Mode is (post resource management): -C+A*B+1-1.
DSP Report: operator g_pe_row[4].g_pe_pair[0].u_pe/p0_o is absorbed into DSP g_pe_row[4].g_pe_pair[0].u_pe/p0_o.
DSP Report: operator g_pe_row[4].g_pe_pair[0].u_pe/p_w is absorbed into DSP g_pe_row[4].g_pe_pair[0].u_pe/p0_o.
DSP Report: Generating DSP g_pe_row[4].g_pe_pair[1].u_pe/p0_o, operation Mode is (post resource management): -C+A*B+1-1.
DSP Report: operator g_pe_row[4].g_pe_pair[1].u_pe/p0_o is absorbed into DSP g_pe_row[4].g_pe_pair[1].u_pe/p0_o.
DSP Report: operator g_pe_row[4].g_pe_pair[1].u_pe/p_w is absorbed into DSP g_pe_row[4].g_pe_pair[1].u_pe/p0_o.
DSP Report: Generating DSP g_pe_row[4].g_pe_pair[2].u_pe/p0_o, operation Mode is (post resource management): -C+A*B+1-1.
DSP Report: operator g_pe_row[4].g_pe_pair[2].u_pe/p0_o is absorbed into DSP g_pe_row[4].g_pe_pair[2].u_pe/p0_o.
DSP Report: operator g_pe_row[4].g_pe_pair[2].u_pe/p_w is absorbed into DSP g_pe_row[4].g_pe_pair[2].u_pe/p0_o.
DSP Report: Generating DSP g_pe_row[4].g_pe_pair[3].u_pe/p0_o, operation Mode is (post resource management): -C+A*B+1-1.
DSP Report: operator g_pe_row[4].g_pe_pair[3].u_pe/p0_o is absorbed into DSP g_pe_row[4].g_pe_pair[3].u_pe/p0_o.
DSP Report: operator g_pe_row[4].g_pe_pair[3].u_pe/p_w is absorbed into DSP g_pe_row[4].g_pe_pair[3].u_pe/p0_o.
DSP Report: Generating DSP g_pe_row[4].g_pe_pair[4].u_pe/p0_o, operation Mode is (post resource management): -C+A*B+1-1.
DSP Report: operator g_pe_row[4].g_pe_pair[4].u_pe/p0_o is absorbed into DSP g_pe_row[4].g_pe_pair[4].u_pe/p0_o.
DSP Report: operator g_pe_row[4].g_pe_pair[4].u_pe/p_w is absorbed into DSP g_pe_row[4].g_pe_pair[4].u_pe/p0_o.
DSP Report: Generating DSP g_pe_row[4].g_pe_pair[5].u_pe/p0_o, operation Mode is (post resource management): -C+A*B+1-1.
DSP Report: operator g_pe_row[4].g_pe_pair[5].u_pe/p0_o is absorbed into DSP g_pe_row[4].g_pe_pair[5].u_pe/p0_o.
DSP Report: operator g_pe_row[4].g_pe_pair[5].u_pe/p_w is absorbed into DSP g_pe_row[4].g_pe_pair[5].u_pe/p0_o.
DSP Report: Generating DSP g_pe_row[4].g_pe_pair[6].u_pe/p0_o, operation Mode is (post resource management): -C+A*B+1-1.
DSP Report: operator g_pe_row[4].g_pe_pair[6].u_pe/p0_o is absorbed into DSP g_pe_row[4].g_pe_pair[6].u_pe/p0_o.
DSP Report: operator g_pe_row[4].g_pe_pair[6].u_pe/p_w is absorbed into DSP g_pe_row[4].g_pe_pair[6].u_pe/p0_o.
DSP Report: Generating DSP g_pe_row[5].g_pe_pair[0].u_pe/p0_o, operation Mode is (post resource management): -C+A*B+1-1.
DSP Report: operator g_pe_row[5].g_pe_pair[0].u_pe/p0_o is absorbed into DSP g_pe_row[5].g_pe_pair[0].u_pe/p0_o.
DSP Report: operator g_pe_row[5].g_pe_pair[0].u_pe/p_w is absorbed into DSP g_pe_row[5].g_pe_pair[0].u_pe/p0_o.
DSP Report: Generating DSP g_pe_row[5].g_pe_pair[1].u_pe/p0_o, operation Mode is (post resource management): -C+A*B+1-1.
DSP Report: operator g_pe_row[5].g_pe_pair[1].u_pe/p0_o is absorbed into DSP g_pe_row[5].g_pe_pair[1].u_pe/p0_o.
DSP Report: operator g_pe_row[5].g_pe_pair[1].u_pe/p_w is absorbed into DSP g_pe_row[5].g_pe_pair[1].u_pe/p0_o.
DSP Report: Generating DSP g_pe_row[5].g_pe_pair[2].u_pe/p0_o, operation Mode is (post resource management): -C+A*B+1-1.
DSP Report: operator g_pe_row[5].g_pe_pair[2].u_pe/p0_o is absorbed into DSP g_pe_row[5].g_pe_pair[2].u_pe/p0_o.
DSP Report: operator g_pe_row[5].g_pe_pair[2].u_pe/p_w is absorbed into DSP g_pe_row[5].g_pe_pair[2].u_pe/p0_o.
DSP Report: Generating DSP g_pe_row[5].g_pe_pair[3].u_pe/p0_o, operation Mode is (post resource management): -C+A*B+1-1.
DSP Report: operator g_pe_row[5].g_pe_pair[3].u_pe/p0_o is absorbed into DSP g_pe_row[5].g_pe_pair[3].u_pe/p0_o.
DSP Report: operator g_pe_row[5].g_pe_pair[3].u_pe/p_w is absorbed into DSP g_pe_row[5].g_pe_pair[3].u_pe/p0_o.
DSP Report: Generating DSP g_pe_row[5].g_pe_pair[4].u_pe/p0_o, operation Mode is (post resource management): -C+A*B+1-1.
DSP Report: operator g_pe_row[5].g_pe_pair[4].u_pe/p0_o is absorbed into DSP g_pe_row[5].g_pe_pair[4].u_pe/p0_o.
DSP Report: operator g_pe_row[5].g_pe_pair[4].u_pe/p_w is absorbed into DSP g_pe_row[5].g_pe_pair[4].u_pe/p0_o.
DSP Report: Generating DSP g_pe_row[5].g_pe_pair[5].u_pe/p0_o, operation Mode is (post resource management): -C+A*B+1-1.
DSP Report: operator g_pe_row[5].g_pe_pair[5].u_pe/p0_o is absorbed into DSP g_pe_row[5].g_pe_pair[5].u_pe/p0_o.
DSP Report: operator g_pe_row[5].g_pe_pair[5].u_pe/p_w is absorbed into DSP g_pe_row[5].g_pe_pair[5].u_pe/p0_o.
DSP Report: Generating DSP g_pe_row[5].g_pe_pair[6].u_pe/p0_o, operation Mode is (post resource management): -C+A*B+1-1.
DSP Report: operator g_pe_row[5].g_pe_pair[6].u_pe/p0_o is absorbed into DSP g_pe_row[5].g_pe_pair[6].u_pe/p0_o.
DSP Report: operator g_pe_row[5].g_pe_pair[6].u_pe/p_w is absorbed into DSP g_pe_row[5].g_pe_pair[6].u_pe/p0_o.
DSP Report: Generating DSP g_pe_row[6].g_pe_pair[0].u_pe/p0_o, operation Mode is (post resource management): -C+A*B+1-1.
DSP Report: operator g_pe_row[6].g_pe_pair[0].u_pe/p0_o is absorbed into DSP g_pe_row[6].g_pe_pair[0].u_pe/p0_o.
DSP Report: operator g_pe_row[6].g_pe_pair[0].u_pe/p_w is absorbed into DSP g_pe_row[6].g_pe_pair[0].u_pe/p0_o.
DSP Report: Generating DSP g_pe_row[6].g_pe_pair[1].u_pe/p0_o, operation Mode is (post resource management): -C+A*B+1-1.
DSP Report: operator g_pe_row[6].g_pe_pair[1].u_pe/p0_o is absorbed into DSP g_pe_row[6].g_pe_pair[1].u_pe/p0_o.
DSP Report: operator g_pe_row[6].g_pe_pair[1].u_pe/p_w is absorbed into DSP g_pe_row[6].g_pe_pair[1].u_pe/p0_o.
DSP Report: Generating DSP g_pe_row[6].g_pe_pair[2].u_pe/p0_o, operation Mode is (post resource management): -C+A*B+1-1.
DSP Report: operator g_pe_row[6].g_pe_pair[2].u_pe/p0_o is absorbed into DSP g_pe_row[6].g_pe_pair[2].u_pe/p0_o.
DSP Report: operator g_pe_row[6].g_pe_pair[2].u_pe/p_w is absorbed into DSP g_pe_row[6].g_pe_pair[2].u_pe/p0_o.
DSP Report: Generating DSP g_pe_row[6].g_pe_pair[3].u_pe/p0_o, operation Mode is (post resource management): -C+A*B+1-1.
DSP Report: operator g_pe_row[6].g_pe_pair[3].u_pe/p0_o is absorbed into DSP g_pe_row[6].g_pe_pair[3].u_pe/p0_o.
DSP Report: operator g_pe_row[6].g_pe_pair[3].u_pe/p_w is absorbed into DSP g_pe_row[6].g_pe_pair[3].u_pe/p0_o.
DSP Report: Generating DSP g_pe_row[6].g_pe_pair[4].u_pe/p0_o, operation Mode is (post resource management): -C+A*B+1-1.
DSP Report: operator g_pe_row[6].g_pe_pair[4].u_pe/p0_o is absorbed into DSP g_pe_row[6].g_pe_pair[4].u_pe/p0_o.
DSP Report: operator g_pe_row[6].g_pe_pair[4].u_pe/p_w is absorbed into DSP g_pe_row[6].g_pe_pair[4].u_pe/p0_o.
DSP Report: Generating DSP g_pe_row[6].g_pe_pair[5].u_pe/p0_o, operation Mode is (post resource management): -C+A*B+1-1.
DSP Report: operator g_pe_row[6].g_pe_pair[5].u_pe/p0_o is absorbed into DSP g_pe_row[6].g_pe_pair[5].u_pe/p0_o.
DSP Report: operator g_pe_row[6].g_pe_pair[5].u_pe/p_w is absorbed into DSP g_pe_row[6].g_pe_pair[5].u_pe/p0_o.
DSP Report: Generating DSP g_pe_row[6].g_pe_pair[6].u_pe/p0_o, operation Mode is (post resource management): -C+A*B+1-1.
DSP Report: operator g_pe_row[6].g_pe_pair[6].u_pe/p0_o is absorbed into DSP g_pe_row[6].g_pe_pair[6].u_pe/p0_o.
DSP Report: operator g_pe_row[6].g_pe_pair[6].u_pe/p_w is absorbed into DSP g_pe_row[6].g_pe_pair[6].u_pe/p0_o.
DSP Report: Generating DSP g_pe_row[7].g_pe_pair[0].u_pe/p0_o, operation Mode is (post resource management): -C+A*B+1-1.
DSP Report: operator g_pe_row[7].g_pe_pair[0].u_pe/p0_o is absorbed into DSP g_pe_row[7].g_pe_pair[0].u_pe/p0_o.
DSP Report: operator g_pe_row[7].g_pe_pair[0].u_pe/p_w is absorbed into DSP g_pe_row[7].g_pe_pair[0].u_pe/p0_o.
DSP Report: Generating DSP g_pe_row[7].g_pe_pair[1].u_pe/p0_o, operation Mode is (post resource management): -C+A*B+1-1.
DSP Report: operator g_pe_row[7].g_pe_pair[1].u_pe/p0_o is absorbed into DSP g_pe_row[7].g_pe_pair[1].u_pe/p0_o.
DSP Report: operator g_pe_row[7].g_pe_pair[1].u_pe/p_w is absorbed into DSP g_pe_row[7].g_pe_pair[1].u_pe/p0_o.
DSP Report: Generating DSP g_pe_row[7].g_pe_pair[2].u_pe/p0_o, operation Mode is (post resource management): -C+A*B+1-1.
DSP Report: operator g_pe_row[7].g_pe_pair[2].u_pe/p0_o is absorbed into DSP g_pe_row[7].g_pe_pair[2].u_pe/p0_o.
DSP Report: operator g_pe_row[7].g_pe_pair[2].u_pe/p_w is absorbed into DSP g_pe_row[7].g_pe_pair[2].u_pe/p0_o.
DSP Report: Generating DSP g_pe_row[7].g_pe_pair[3].u_pe/p0_o, operation Mode is (post resource management): -C+A*B+1-1.
DSP Report: operator g_pe_row[7].g_pe_pair[3].u_pe/p0_o is absorbed into DSP g_pe_row[7].g_pe_pair[3].u_pe/p0_o.
DSP Report: operator g_pe_row[7].g_pe_pair[3].u_pe/p_w is absorbed into DSP g_pe_row[7].g_pe_pair[3].u_pe/p0_o.
DSP Report: Generating DSP g_pe_row[7].g_pe_pair[4].u_pe/p0_o, operation Mode is (post resource management): -C+A*B+1-1.
DSP Report: operator g_pe_row[7].g_pe_pair[4].u_pe/p0_o is absorbed into DSP g_pe_row[7].g_pe_pair[4].u_pe/p0_o.
DSP Report: operator g_pe_row[7].g_pe_pair[4].u_pe/p_w is absorbed into DSP g_pe_row[7].g_pe_pair[4].u_pe/p0_o.
DSP Report: Generating DSP g_pe_row[7].g_pe_pair[5].u_pe/p0_o, operation Mode is (post resource management): -C+A*B+1-1.
DSP Report: operator g_pe_row[7].g_pe_pair[5].u_pe/p0_o is absorbed into DSP g_pe_row[7].g_pe_pair[5].u_pe/p0_o.
DSP Report: operator g_pe_row[7].g_pe_pair[5].u_pe/p_w is absorbed into DSP g_pe_row[7].g_pe_pair[5].u_pe/p0_o.
DSP Report: Generating DSP g_pe_row[7].g_pe_pair[6].u_pe/p0_o, operation Mode is (post resource management): -C+A*B+1-1.
DSP Report: operator g_pe_row[7].g_pe_pair[6].u_pe/p0_o is absorbed into DSP g_pe_row[7].g_pe_pair[6].u_pe/p0_o.
DSP Report: operator g_pe_row[7].g_pe_pair[6].u_pe/p_w is absorbed into DSP g_pe_row[7].g_pe_pair[6].u_pe/p0_o.
DSP Report: Generating DSP g_pe_row[8].g_pe_pair[0].u_pe/p0_o, operation Mode is (post resource management): -C+A*B+1-1.
DSP Report: operator g_pe_row[8].g_pe_pair[0].u_pe/p0_o is absorbed into DSP g_pe_row[8].g_pe_pair[0].u_pe/p0_o.
DSP Report: operator g_pe_row[8].g_pe_pair[0].u_pe/p_w is absorbed into DSP g_pe_row[8].g_pe_pair[0].u_pe/p0_o.
DSP Report: Generating DSP g_pe_row[8].g_pe_pair[1].u_pe/p0_o, operation Mode is (post resource management): -C+A*B+1-1.
DSP Report: operator g_pe_row[8].g_pe_pair[1].u_pe/p0_o is absorbed into DSP g_pe_row[8].g_pe_pair[1].u_pe/p0_o.
DSP Report: operator g_pe_row[8].g_pe_pair[1].u_pe/p_w is absorbed into DSP g_pe_row[8].g_pe_pair[1].u_pe/p0_o.
DSP Report: Generating DSP g_pe_row[8].g_pe_pair[2].u_pe/p0_o, operation Mode is (post resource management): -C+A*B+1-1.
DSP Report: operator g_pe_row[8].g_pe_pair[2].u_pe/p0_o is absorbed into DSP g_pe_row[8].g_pe_pair[2].u_pe/p0_o.
DSP Report: operator g_pe_row[8].g_pe_pair[2].u_pe/p_w is absorbed into DSP g_pe_row[8].g_pe_pair[2].u_pe/p0_o.
DSP Report: Generating DSP g_pe_row[8].g_pe_pair[3].u_pe/p0_o, operation Mode is (post resource management): -C+A*B+1-1.
DSP Report: operator g_pe_row[8].g_pe_pair[3].u_pe/p0_o is absorbed into DSP g_pe_row[8].g_pe_pair[3].u_pe/p0_o.
DSP Report: operator g_pe_row[8].g_pe_pair[3].u_pe/p_w is absorbed into DSP g_pe_row[8].g_pe_pair[3].u_pe/p0_o.
DSP Report: Generating DSP g_pe_row[8].g_pe_pair[4].u_pe/p0_o, operation Mode is (post resource management): -C+A*B+1-1.
DSP Report: operator g_pe_row[8].g_pe_pair[4].u_pe/p0_o is absorbed into DSP g_pe_row[8].g_pe_pair[4].u_pe/p0_o.
DSP Report: operator g_pe_row[8].g_pe_pair[4].u_pe/p_w is absorbed into DSP g_pe_row[8].g_pe_pair[4].u_pe/p0_o.
DSP Report: Generating DSP g_pe_row[8].g_pe_pair[5].u_pe/p0_o, operation Mode is (post resource management): -C+A*B+1-1.
DSP Report: operator g_pe_row[8].g_pe_pair[5].u_pe/p0_o is absorbed into DSP g_pe_row[8].g_pe_pair[5].u_pe/p0_o.
DSP Report: operator g_pe_row[8].g_pe_pair[5].u_pe/p_w is absorbed into DSP g_pe_row[8].g_pe_pair[5].u_pe/p0_o.
DSP Report: Generating DSP g_pe_row[8].g_pe_pair[6].u_pe/p0_o, operation Mode is (post resource management): -C+A*B+1-1.
DSP Report: operator g_pe_row[8].g_pe_pair[6].u_pe/p0_o is absorbed into DSP g_pe_row[8].g_pe_pair[6].u_pe/p0_o.
DSP Report: operator g_pe_row[8].g_pe_pair[6].u_pe/p_w is absorbed into DSP g_pe_row[8].g_pe_pair[6].u_pe/p0_o.
DSP Report: Generating DSP g_pe_row[9].g_pe_pair[0].u_pe/p0_o, operation Mode is (post resource management): -C+A*B+1-1.
DSP Report: operator g_pe_row[9].g_pe_pair[0].u_pe/p0_o is absorbed into DSP g_pe_row[9].g_pe_pair[0].u_pe/p0_o.
DSP Report: operator g_pe_row[9].g_pe_pair[0].u_pe/p_w is absorbed into DSP g_pe_row[9].g_pe_pair[0].u_pe/p0_o.
DSP Report: Generating DSP g_pe_row[9].g_pe_pair[1].u_pe/p0_o, operation Mode is (post resource management): -C+A*B+1-1.
DSP Report: operator g_pe_row[9].g_pe_pair[1].u_pe/p0_o is absorbed into DSP g_pe_row[9].g_pe_pair[1].u_pe/p0_o.
DSP Report: operator g_pe_row[9].g_pe_pair[1].u_pe/p_w is absorbed into DSP g_pe_row[9].g_pe_pair[1].u_pe/p0_o.
DSP Report: Generating DSP g_pe_row[9].g_pe_pair[2].u_pe/p0_o, operation Mode is (post resource management): -C+A*B+1-1.
DSP Report: operator g_pe_row[9].g_pe_pair[2].u_pe/p0_o is absorbed into DSP g_pe_row[9].g_pe_pair[2].u_pe/p0_o.
DSP Report: operator g_pe_row[9].g_pe_pair[2].u_pe/p_w is absorbed into DSP g_pe_row[9].g_pe_pair[2].u_pe/p0_o.
DSP Report: Generating DSP g_pe_row[9].g_pe_pair[3].u_pe/p0_o, operation Mode is (post resource management): -C+A*B+1-1.
DSP Report: operator g_pe_row[9].g_pe_pair[3].u_pe/p0_o is absorbed into DSP g_pe_row[9].g_pe_pair[3].u_pe/p0_o.
DSP Report: operator g_pe_row[9].g_pe_pair[3].u_pe/p_w is absorbed into DSP g_pe_row[9].g_pe_pair[3].u_pe/p0_o.
DSP Report: Generating DSP g_pe_row[9].g_pe_pair[4].u_pe/p0_o, operation Mode is (post resource management): -C+A*B+1-1.
DSP Report: operator g_pe_row[9].g_pe_pair[4].u_pe/p0_o is absorbed into DSP g_pe_row[9].g_pe_pair[4].u_pe/p0_o.
DSP Report: operator g_pe_row[9].g_pe_pair[4].u_pe/p_w is absorbed into DSP g_pe_row[9].g_pe_pair[4].u_pe/p0_o.
DSP Report: Generating DSP g_pe_row[9].g_pe_pair[5].u_pe/p0_o, operation Mode is (post resource management): -C+A*B+1-1.
DSP Report: operator g_pe_row[9].g_pe_pair[5].u_pe/p0_o is absorbed into DSP g_pe_row[9].g_pe_pair[5].u_pe/p0_o.
DSP Report: operator g_pe_row[9].g_pe_pair[5].u_pe/p_w is absorbed into DSP g_pe_row[9].g_pe_pair[5].u_pe/p0_o.
DSP Report: Generating DSP g_pe_row[9].g_pe_pair[6].u_pe/p0_o, operation Mode is (post resource management): -C+A*B+1-1.
DSP Report: operator g_pe_row[9].g_pe_pair[6].u_pe/p0_o is absorbed into DSP g_pe_row[9].g_pe_pair[6].u_pe/p0_o.
DSP Report: operator g_pe_row[9].g_pe_pair[6].u_pe/p_w is absorbed into DSP g_pe_row[9].g_pe_pair[6].u_pe/p0_o.
DSP Report: Generating DSP g_pe_row[10].g_pe_pair[0].u_pe/p0_o, operation Mode is (post resource management): -C+A*B+1-1.
DSP Report: operator g_pe_row[10].g_pe_pair[0].u_pe/p0_o is absorbed into DSP g_pe_row[10].g_pe_pair[0].u_pe/p0_o.
DSP Report: operator g_pe_row[10].g_pe_pair[0].u_pe/p_w is absorbed into DSP g_pe_row[10].g_pe_pair[0].u_pe/p0_o.
DSP Report: Generating DSP g_pe_row[10].g_pe_pair[1].u_pe/p0_o, operation Mode is (post resource management): -C+A*B+1-1.
DSP Report: operator g_pe_row[10].g_pe_pair[1].u_pe/p0_o is absorbed into DSP g_pe_row[10].g_pe_pair[1].u_pe/p0_o.
DSP Report: operator g_pe_row[10].g_pe_pair[1].u_pe/p_w is absorbed into DSP g_pe_row[10].g_pe_pair[1].u_pe/p0_o.
DSP Report: Generating DSP g_pe_row[10].g_pe_pair[2].u_pe/p0_o, operation Mode is (post resource management): -C+A*B+1-1.
DSP Report: operator g_pe_row[10].g_pe_pair[2].u_pe/p0_o is absorbed into DSP g_pe_row[10].g_pe_pair[2].u_pe/p0_o.
DSP Report: operator g_pe_row[10].g_pe_pair[2].u_pe/p_w is absorbed into DSP g_pe_row[10].g_pe_pair[2].u_pe/p0_o.
DSP Report: Generating DSP g_pe_row[10].g_pe_pair[3].u_pe/p0_o, operation Mode is (post resource management): -C+A*B+1-1.
DSP Report: operator g_pe_row[10].g_pe_pair[3].u_pe/p0_o is absorbed into DSP g_pe_row[10].g_pe_pair[3].u_pe/p0_o.
DSP Report: operator g_pe_row[10].g_pe_pair[3].u_pe/p_w is absorbed into DSP g_pe_row[10].g_pe_pair[3].u_pe/p0_o.
DSP Report: Generating DSP g_pe_row[10].g_pe_pair[4].u_pe/p0_o, operation Mode is (post resource management): -C+A*B+1-1.
DSP Report: operator g_pe_row[10].g_pe_pair[4].u_pe/p0_o is absorbed into DSP g_pe_row[10].g_pe_pair[4].u_pe/p0_o.
DSP Report: operator g_pe_row[10].g_pe_pair[4].u_pe/p_w is absorbed into DSP g_pe_row[10].g_pe_pair[4].u_pe/p0_o.
DSP Report: Generating DSP g_pe_row[10].g_pe_pair[5].u_pe/p0_o, operation Mode is (post resource management): -C+A*B+1-1.
DSP Report: operator g_pe_row[10].g_pe_pair[5].u_pe/p0_o is absorbed into DSP g_pe_row[10].g_pe_pair[5].u_pe/p0_o.
DSP Report: operator g_pe_row[10].g_pe_pair[5].u_pe/p_w is absorbed into DSP g_pe_row[10].g_pe_pair[5].u_pe/p0_o.
DSP Report: Generating DSP g_pe_row[10].g_pe_pair[6].u_pe/p0_o, operation Mode is (post resource management): -C+A*B+1-1.
DSP Report: operator g_pe_row[10].g_pe_pair[6].u_pe/p0_o is absorbed into DSP g_pe_row[10].g_pe_pair[6].u_pe/p0_o.
DSP Report: operator g_pe_row[10].g_pe_pair[6].u_pe/p_w is absorbed into DSP g_pe_row[10].g_pe_pair[6].u_pe/p0_o.
DSP Report: Generating DSP g_pe_row[11].g_pe_pair[0].u_pe/p0_o, operation Mode is (post resource management): -C+A*B+1-1.
DSP Report: operator g_pe_row[11].g_pe_pair[0].u_pe/p0_o is absorbed into DSP g_pe_row[11].g_pe_pair[0].u_pe/p0_o.
DSP Report: operator g_pe_row[11].g_pe_pair[0].u_pe/p_w is absorbed into DSP g_pe_row[11].g_pe_pair[0].u_pe/p0_o.
DSP Report: Generating DSP g_pe_row[11].g_pe_pair[1].u_pe/p0_o, operation Mode is (post resource management): -C+A*B+1-1.
DSP Report: operator g_pe_row[11].g_pe_pair[1].u_pe/p0_o is absorbed into DSP g_pe_row[11].g_pe_pair[1].u_pe/p0_o.
DSP Report: operator g_pe_row[11].g_pe_pair[1].u_pe/p_w is absorbed into DSP g_pe_row[11].g_pe_pair[1].u_pe/p0_o.
DSP Report: Generating DSP g_pe_row[11].g_pe_pair[2].u_pe/p0_o, operation Mode is (post resource management): -C+A*B+1-1.
DSP Report: operator g_pe_row[11].g_pe_pair[2].u_pe/p0_o is absorbed into DSP g_pe_row[11].g_pe_pair[2].u_pe/p0_o.
DSP Report: operator g_pe_row[11].g_pe_pair[2].u_pe/p_w is absorbed into DSP g_pe_row[11].g_pe_pair[2].u_pe/p0_o.
DSP Report: Generating DSP g_pe_row[11].g_pe_pair[3].u_pe/p0_o, operation Mode is (post resource management): -C+A*B+1-1.
DSP Report: operator g_pe_row[11].g_pe_pair[3].u_pe/p0_o is absorbed into DSP g_pe_row[11].g_pe_pair[3].u_pe/p0_o.
DSP Report: operator g_pe_row[11].g_pe_pair[3].u_pe/p_w is absorbed into DSP g_pe_row[11].g_pe_pair[3].u_pe/p0_o.
DSP Report: Generating DSP g_pe_row[11].g_pe_pair[4].u_pe/p0_o, operation Mode is (post resource management): -C+A*B+1-1.
DSP Report: operator g_pe_row[11].g_pe_pair[4].u_pe/p0_o is absorbed into DSP g_pe_row[11].g_pe_pair[4].u_pe/p0_o.
DSP Report: operator g_pe_row[11].g_pe_pair[4].u_pe/p_w is absorbed into DSP g_pe_row[11].g_pe_pair[4].u_pe/p0_o.
DSP Report: Generating DSP g_pe_row[11].g_pe_pair[5].u_pe/p0_o, operation Mode is (post resource management): -C+A*B+1-1.
DSP Report: operator g_pe_row[11].g_pe_pair[5].u_pe/p0_o is absorbed into DSP g_pe_row[11].g_pe_pair[5].u_pe/p0_o.
DSP Report: operator g_pe_row[11].g_pe_pair[5].u_pe/p_w is absorbed into DSP g_pe_row[11].g_pe_pair[5].u_pe/p0_o.
DSP Report: Generating DSP g_pe_row[11].g_pe_pair[6].u_pe/p0_o, operation Mode is (post resource management): -C+A*B+1-1.
DSP Report: operator g_pe_row[11].g_pe_pair[6].u_pe/p0_o is absorbed into DSP g_pe_row[11].g_pe_pair[6].u_pe/p0_o.
DSP Report: operator g_pe_row[11].g_pe_pair[6].u_pe/p_w is absorbed into DSP g_pe_row[11].g_pe_pair[6].u_pe/p0_o.
DSP Report: Generating DSP g_pe_row[12].g_pe_pair[0].u_pe/p0_o, operation Mode is (post resource management): -C+A*B+1-1.
DSP Report: operator g_pe_row[12].g_pe_pair[0].u_pe/p0_o is absorbed into DSP g_pe_row[12].g_pe_pair[0].u_pe/p0_o.
DSP Report: operator g_pe_row[12].g_pe_pair[0].u_pe/p_w is absorbed into DSP g_pe_row[12].g_pe_pair[0].u_pe/p0_o.
DSP Report: Generating DSP g_pe_row[12].g_pe_pair[1].u_pe/p0_o, operation Mode is (post resource management): -C+A*B+1-1.
DSP Report: operator g_pe_row[12].g_pe_pair[1].u_pe/p0_o is absorbed into DSP g_pe_row[12].g_pe_pair[1].u_pe/p0_o.
DSP Report: operator g_pe_row[12].g_pe_pair[1].u_pe/p_w is absorbed into DSP g_pe_row[12].g_pe_pair[1].u_pe/p0_o.
DSP Report: Generating DSP g_pe_row[12].g_pe_pair[2].u_pe/p0_o, operation Mode is (post resource management): -C+A*B+1-1.
DSP Report: operator g_pe_row[12].g_pe_pair[2].u_pe/p0_o is absorbed into DSP g_pe_row[12].g_pe_pair[2].u_pe/p0_o.
DSP Report: operator g_pe_row[12].g_pe_pair[2].u_pe/p_w is absorbed into DSP g_pe_row[12].g_pe_pair[2].u_pe/p0_o.
DSP Report: Generating DSP g_pe_row[12].g_pe_pair[3].u_pe/p0_o, operation Mode is (post resource management): -C+A*B+1-1.
DSP Report: operator g_pe_row[12].g_pe_pair[3].u_pe/p0_o is absorbed into DSP g_pe_row[12].g_pe_pair[3].u_pe/p0_o.
DSP Report: operator g_pe_row[12].g_pe_pair[3].u_pe/p_w is absorbed into DSP g_pe_row[12].g_pe_pair[3].u_pe/p0_o.
DSP Report: Generating DSP g_pe_row[12].g_pe_pair[4].u_pe/p0_o, operation Mode is (post resource management): -C+A*B+1-1.
DSP Report: operator g_pe_row[12].g_pe_pair[4].u_pe/p0_o is absorbed into DSP g_pe_row[12].g_pe_pair[4].u_pe/p0_o.
DSP Report: operator g_pe_row[12].g_pe_pair[4].u_pe/p_w is absorbed into DSP g_pe_row[12].g_pe_pair[4].u_pe/p0_o.
DSP Report: Generating DSP g_pe_row[12].g_pe_pair[5].u_pe/p0_o, operation Mode is (post resource management): -C+A*B+1-1.
DSP Report: operator g_pe_row[12].g_pe_pair[5].u_pe/p0_o is absorbed into DSP g_pe_row[12].g_pe_pair[5].u_pe/p0_o.
DSP Report: operator g_pe_row[12].g_pe_pair[5].u_pe/p_w is absorbed into DSP g_pe_row[12].g_pe_pair[5].u_pe/p0_o.
DSP Report: Generating DSP g_pe_row[12].g_pe_pair[6].u_pe/p0_o, operation Mode is (post resource management): -C+A*B+1-1.
DSP Report: operator g_pe_row[12].g_pe_pair[6].u_pe/p0_o is absorbed into DSP g_pe_row[12].g_pe_pair[6].u_pe/p0_o.
DSP Report: operator g_pe_row[12].g_pe_pair[6].u_pe/p_w is absorbed into DSP g_pe_row[12].g_pe_pair[6].u_pe/p0_o.
DSP Report: Generating DSP g_pe_row[12].g_pe_pair[7].u_pe/p0_o, operation Mode is (post resource management): -C+A*B+1-1.
DSP Report: operator g_pe_row[12].g_pe_pair[7].u_pe/p0_o is absorbed into DSP g_pe_row[12].g_pe_pair[7].u_pe/p0_o.
DSP Report: operator g_pe_row[12].g_pe_pair[7].u_pe/p_w is absorbed into DSP g_pe_row[12].g_pe_pair[7].u_pe/p0_o.
DSP Report: Generating DSP g_pe_row[13].g_pe_pair[0].u_pe/p0_o, operation Mode is (post resource management): -C+A*B+1-1.
DSP Report: operator g_pe_row[13].g_pe_pair[0].u_pe/p0_o is absorbed into DSP g_pe_row[13].g_pe_pair[0].u_pe/p0_o.
DSP Report: operator g_pe_row[13].g_pe_pair[0].u_pe/p_w is absorbed into DSP g_pe_row[13].g_pe_pair[0].u_pe/p0_o.
DSP Report: Generating DSP g_pe_row[13].g_pe_pair[1].u_pe/p0_o, operation Mode is (post resource management): -C+A*B+1-1.
DSP Report: operator g_pe_row[13].g_pe_pair[1].u_pe/p0_o is absorbed into DSP g_pe_row[13].g_pe_pair[1].u_pe/p0_o.
DSP Report: operator g_pe_row[13].g_pe_pair[1].u_pe/p_w is absorbed into DSP g_pe_row[13].g_pe_pair[1].u_pe/p0_o.
DSP Report: Generating DSP g_pe_row[13].g_pe_pair[2].u_pe/p0_o, operation Mode is (post resource management): -C+A*B+1-1.
DSP Report: operator g_pe_row[13].g_pe_pair[2].u_pe/p0_o is absorbed into DSP g_pe_row[13].g_pe_pair[2].u_pe/p0_o.
DSP Report: operator g_pe_row[13].g_pe_pair[2].u_pe/p_w is absorbed into DSP g_pe_row[13].g_pe_pair[2].u_pe/p0_o.
DSP Report: Generating DSP g_pe_row[13].g_pe_pair[3].u_pe/p0_o, operation Mode is (post resource management): -C+A*B+1-1.
DSP Report: operator g_pe_row[13].g_pe_pair[3].u_pe/p0_o is absorbed into DSP g_pe_row[13].g_pe_pair[3].u_pe/p0_o.
DSP Report: operator g_pe_row[13].g_pe_pair[3].u_pe/p_w is absorbed into DSP g_pe_row[13].g_pe_pair[3].u_pe/p0_o.
DSP Report: Generating DSP g_pe_row[13].g_pe_pair[4].u_pe/p0_o, operation Mode is (post resource management): -C+A*B+1-1.
DSP Report: operator g_pe_row[13].g_pe_pair[4].u_pe/p0_o is absorbed into DSP g_pe_row[13].g_pe_pair[4].u_pe/p0_o.
DSP Report: operator g_pe_row[13].g_pe_pair[4].u_pe/p_w is absorbed into DSP g_pe_row[13].g_pe_pair[4].u_pe/p0_o.
DSP Report: Generating DSP g_pe_row[13].g_pe_pair[5].u_pe/p0_o, operation Mode is (post resource management): -C+A*B+1-1.
DSP Report: operator g_pe_row[13].g_pe_pair[5].u_pe/p0_o is absorbed into DSP g_pe_row[13].g_pe_pair[5].u_pe/p0_o.
DSP Report: operator g_pe_row[13].g_pe_pair[5].u_pe/p_w is absorbed into DSP g_pe_row[13].g_pe_pair[5].u_pe/p0_o.
DSP Report: Generating DSP g_pe_row[13].g_pe_pair[6].u_pe/p0_o, operation Mode is (post resource management): -C+A*B+1-1.
DSP Report: operator g_pe_row[13].g_pe_pair[6].u_pe/p0_o is absorbed into DSP g_pe_row[13].g_pe_pair[6].u_pe/p0_o.
DSP Report: operator g_pe_row[13].g_pe_pair[6].u_pe/p_w is absorbed into DSP g_pe_row[13].g_pe_pair[6].u_pe/p0_o.
DSP Report: Generating DSP g_pe_row[13].g_pe_pair[7].u_pe/p0_o, operation Mode is (post resource management): -C+A*B+1-1.
DSP Report: operator g_pe_row[13].g_pe_pair[7].u_pe/p0_o is absorbed into DSP g_pe_row[13].g_pe_pair[7].u_pe/p0_o.
DSP Report: operator g_pe_row[13].g_pe_pair[7].u_pe/p_w is absorbed into DSP g_pe_row[13].g_pe_pair[7].u_pe/p0_o.
DSP Report: Generating DSP g_pe_row[14].g_pe_pair[0].u_pe/p0_o, operation Mode is (post resource management): -C+A*B+1-1.
DSP Report: operator g_pe_row[14].g_pe_pair[0].u_pe/p0_o is absorbed into DSP g_pe_row[14].g_pe_pair[0].u_pe/p0_o.
DSP Report: operator g_pe_row[14].g_pe_pair[0].u_pe/p_w is absorbed into DSP g_pe_row[14].g_pe_pair[0].u_pe/p0_o.
DSP Report: Generating DSP g_pe_row[14].g_pe_pair[1].u_pe/p0_o, operation Mode is (post resource management): -C+A*B+1-1.
DSP Report: operator g_pe_row[14].g_pe_pair[1].u_pe/p0_o is absorbed into DSP g_pe_row[14].g_pe_pair[1].u_pe/p0_o.
DSP Report: operator g_pe_row[14].g_pe_pair[1].u_pe/p_w is absorbed into DSP g_pe_row[14].g_pe_pair[1].u_pe/p0_o.
DSP Report: Generating DSP g_pe_row[14].g_pe_pair[2].u_pe/p0_o, operation Mode is (post resource management): -C+A*B+1-1.
DSP Report: operator g_pe_row[14].g_pe_pair[2].u_pe/p0_o is absorbed into DSP g_pe_row[14].g_pe_pair[2].u_pe/p0_o.
DSP Report: operator g_pe_row[14].g_pe_pair[2].u_pe/p_w is absorbed into DSP g_pe_row[14].g_pe_pair[2].u_pe/p0_o.
DSP Report: Generating DSP g_pe_row[14].g_pe_pair[3].u_pe/p0_o, operation Mode is (post resource management): -C+A*B+1-1.
DSP Report: operator g_pe_row[14].g_pe_pair[3].u_pe/p0_o is absorbed into DSP g_pe_row[14].g_pe_pair[3].u_pe/p0_o.
DSP Report: operator g_pe_row[14].g_pe_pair[3].u_pe/p_w is absorbed into DSP g_pe_row[14].g_pe_pair[3].u_pe/p0_o.
DSP Report: Generating DSP g_pe_row[14].g_pe_pair[4].u_pe/p0_o, operation Mode is (post resource management): -C+A*B+1-1.
DSP Report: operator g_pe_row[14].g_pe_pair[4].u_pe/p0_o is absorbed into DSP g_pe_row[14].g_pe_pair[4].u_pe/p0_o.
DSP Report: operator g_pe_row[14].g_pe_pair[4].u_pe/p_w is absorbed into DSP g_pe_row[14].g_pe_pair[4].u_pe/p0_o.
DSP Report: Generating DSP g_pe_row[14].g_pe_pair[5].u_pe/p0_o, operation Mode is (post resource management): -C+A*B+1-1.
DSP Report: operator g_pe_row[14].g_pe_pair[5].u_pe/p0_o is absorbed into DSP g_pe_row[14].g_pe_pair[5].u_pe/p0_o.
DSP Report: operator g_pe_row[14].g_pe_pair[5].u_pe/p_w is absorbed into DSP g_pe_row[14].g_pe_pair[5].u_pe/p0_o.
DSP Report: Generating DSP g_pe_row[14].g_pe_pair[6].u_pe/p0_o, operation Mode is (post resource management): -C+A*B+1-1.
DSP Report: operator g_pe_row[14].g_pe_pair[6].u_pe/p0_o is absorbed into DSP g_pe_row[14].g_pe_pair[6].u_pe/p0_o.
DSP Report: operator g_pe_row[14].g_pe_pair[6].u_pe/p_w is absorbed into DSP g_pe_row[14].g_pe_pair[6].u_pe/p0_o.
DSP Report: Generating DSP g_pe_row[15].g_pe_pair[0].u_pe/p0_o, operation Mode is (post resource management): -C+A*B+1-1.
DSP Report: operator g_pe_row[15].g_pe_pair[0].u_pe/p0_o is absorbed into DSP g_pe_row[15].g_pe_pair[0].u_pe/p0_o.
DSP Report: operator g_pe_row[15].g_pe_pair[0].u_pe/p_w is absorbed into DSP g_pe_row[15].g_pe_pair[0].u_pe/p0_o.
DSP Report: Generating DSP g_pe_row[15].g_pe_pair[1].u_pe/p0_o, operation Mode is (post resource management): -C+A*B+1-1.
DSP Report: operator g_pe_row[15].g_pe_pair[1].u_pe/p0_o is absorbed into DSP g_pe_row[15].g_pe_pair[1].u_pe/p0_o.
DSP Report: operator g_pe_row[15].g_pe_pair[1].u_pe/p_w is absorbed into DSP g_pe_row[15].g_pe_pair[1].u_pe/p0_o.
DSP Report: Generating DSP g_pe_row[15].g_pe_pair[2].u_pe/p0_o, operation Mode is (post resource management): -C+A*B+1-1.
DSP Report: operator g_pe_row[15].g_pe_pair[2].u_pe/p0_o is absorbed into DSP g_pe_row[15].g_pe_pair[2].u_pe/p0_o.
DSP Report: operator g_pe_row[15].g_pe_pair[2].u_pe/p_w is absorbed into DSP g_pe_row[15].g_pe_pair[2].u_pe/p0_o.
DSP Report: Generating DSP g_pe_row[15].g_pe_pair[3].u_pe/p0_o, operation Mode is (post resource management): -C+A*B+1-1.
DSP Report: operator g_pe_row[15].g_pe_pair[3].u_pe/p0_o is absorbed into DSP g_pe_row[15].g_pe_pair[3].u_pe/p0_o.
DSP Report: operator g_pe_row[15].g_pe_pair[3].u_pe/p_w is absorbed into DSP g_pe_row[15].g_pe_pair[3].u_pe/p0_o.
DSP Report: Generating DSP g_pe_row[15].g_pe_pair[4].u_pe/p0_o, operation Mode is (post resource management): -C+A*B+1-1.
DSP Report: operator g_pe_row[15].g_pe_pair[4].u_pe/p0_o is absorbed into DSP g_pe_row[15].g_pe_pair[4].u_pe/p0_o.
DSP Report: operator g_pe_row[15].g_pe_pair[4].u_pe/p_w is absorbed into DSP g_pe_row[15].g_pe_pair[4].u_pe/p0_o.
DSP Report: Generating DSP g_pe_row[15].g_pe_pair[5].u_pe/p0_o, operation Mode is (post resource management): -C+A*B+1-1.
DSP Report: operator g_pe_row[15].g_pe_pair[5].u_pe/p0_o is absorbed into DSP g_pe_row[15].g_pe_pair[5].u_pe/p0_o.
DSP Report: operator g_pe_row[15].g_pe_pair[5].u_pe/p_w is absorbed into DSP g_pe_row[15].g_pe_pair[5].u_pe/p0_o.
DSP Report: Generating DSP g_pe_row[15].g_pe_pair[6].u_pe/p0_o, operation Mode is (post resource management): -C+A*B+1-1.
DSP Report: operator g_pe_row[15].g_pe_pair[6].u_pe/p0_o is absorbed into DSP g_pe_row[15].g_pe_pair[6].u_pe/p0_o.
DSP Report: operator g_pe_row[15].g_pe_pair[6].u_pe/p_w is absorbed into DSP g_pe_row[15].g_pe_pair[6].u_pe/p0_o.
DSP Report: Generating DSP g_pe_row[0].g_pe_pair[0].u_pe/p_w, operation Mode is (post resource management): A*B.
DSP Report: operator g_pe_row[0].g_pe_pair[0].u_pe/p_w is absorbed into DSP g_pe_row[0].g_pe_pair[0].u_pe/p_w.
DSP Report: Generating DSP g_pe_row[0].g_pe_pair[1].u_pe/p_w, operation Mode is (post resource management): A*B.
DSP Report: operator g_pe_row[0].g_pe_pair[1].u_pe/p_w is absorbed into DSP g_pe_row[0].g_pe_pair[1].u_pe/p_w.
DSP Report: Generating DSP g_pe_row[0].g_pe_pair[2].u_pe/p_w, operation Mode is (post resource management): A*B.
DSP Report: operator g_pe_row[0].g_pe_pair[2].u_pe/p_w is absorbed into DSP g_pe_row[0].g_pe_pair[2].u_pe/p_w.
DSP Report: Generating DSP g_pe_row[0].g_pe_pair[3].u_pe/p_w, operation Mode is (post resource management): A*B.
DSP Report: operator g_pe_row[0].g_pe_pair[3].u_pe/p_w is absorbed into DSP g_pe_row[0].g_pe_pair[3].u_pe/p_w.
DSP Report: Generating DSP g_pe_row[0].g_pe_pair[4].u_pe/p_w, operation Mode is (post resource management): A*B.
DSP Report: operator g_pe_row[0].g_pe_pair[4].u_pe/p_w is absorbed into DSP g_pe_row[0].g_pe_pair[4].u_pe/p_w.
DSP Report: Generating DSP g_pe_row[0].g_pe_pair[5].u_pe/p_w, operation Mode is (post resource management): A*B.
DSP Report: operator g_pe_row[0].g_pe_pair[5].u_pe/p_w is absorbed into DSP g_pe_row[0].g_pe_pair[5].u_pe/p_w.
DSP Report: Generating DSP g_pe_row[0].g_pe_pair[6].u_pe/p_w, operation Mode is (post resource management): A*B.
DSP Report: operator g_pe_row[0].g_pe_pair[6].u_pe/p_w is absorbed into DSP g_pe_row[0].g_pe_pair[6].u_pe/p_w.
DSP Report: Generating DSP g_pe_row[1].g_pe_pair[0].u_pe/p_w, operation Mode is (post resource management): A*B.
DSP Report: operator g_pe_row[1].g_pe_pair[0].u_pe/p_w is absorbed into DSP g_pe_row[1].g_pe_pair[0].u_pe/p_w.
DSP Report: Generating DSP g_pe_row[1].g_pe_pair[1].u_pe/p_w, operation Mode is (post resource management): A*B.
DSP Report: operator g_pe_row[1].g_pe_pair[1].u_pe/p_w is absorbed into DSP g_pe_row[1].g_pe_pair[1].u_pe/p_w.
DSP Report: Generating DSP g_pe_row[1].g_pe_pair[2].u_pe/p_w, operation Mode is (post resource management): A*B.
DSP Report: operator g_pe_row[1].g_pe_pair[2].u_pe/p_w is absorbed into DSP g_pe_row[1].g_pe_pair[2].u_pe/p_w.
DSP Report: Generating DSP g_pe_row[1].g_pe_pair[3].u_pe/p_w, operation Mode is (post resource management): A*B.
DSP Report: operator g_pe_row[1].g_pe_pair[3].u_pe/p_w is absorbed into DSP g_pe_row[1].g_pe_pair[3].u_pe/p_w.
DSP Report: Generating DSP g_pe_row[1].g_pe_pair[4].u_pe/p_w, operation Mode is (post resource management): A*B.
DSP Report: operator g_pe_row[1].g_pe_pair[4].u_pe/p_w is absorbed into DSP g_pe_row[1].g_pe_pair[4].u_pe/p_w.
DSP Report: Generating DSP g_pe_row[1].g_pe_pair[5].u_pe/p_w, operation Mode is (post resource management): A*B.
DSP Report: operator g_pe_row[1].g_pe_pair[5].u_pe/p_w is absorbed into DSP g_pe_row[1].g_pe_pair[5].u_pe/p_w.
DSP Report: Generating DSP g_pe_row[1].g_pe_pair[6].u_pe/p_w, operation Mode is (post resource management): A*B.
DSP Report: operator g_pe_row[1].g_pe_pair[6].u_pe/p_w is absorbed into DSP g_pe_row[1].g_pe_pair[6].u_pe/p_w.
DSP Report: Generating DSP g_pe_row[2].g_pe_pair[0].u_pe/p_w, operation Mode is (post resource management): A*B.
DSP Report: operator g_pe_row[2].g_pe_pair[0].u_pe/p_w is absorbed into DSP g_pe_row[2].g_pe_pair[0].u_pe/p_w.
DSP Report: Generating DSP g_pe_row[2].g_pe_pair[1].u_pe/p_w, operation Mode is (post resource management): A*B.
DSP Report: operator g_pe_row[2].g_pe_pair[1].u_pe/p_w is absorbed into DSP g_pe_row[2].g_pe_pair[1].u_pe/p_w.
DSP Report: Generating DSP g_pe_row[2].g_pe_pair[2].u_pe/p_w, operation Mode is (post resource management): A*B.
DSP Report: operator g_pe_row[2].g_pe_pair[2].u_pe/p_w is absorbed into DSP g_pe_row[2].g_pe_pair[2].u_pe/p_w.
DSP Report: Generating DSP g_pe_row[2].g_pe_pair[3].u_pe/p_w, operation Mode is (post resource management): A*B.
DSP Report: operator g_pe_row[2].g_pe_pair[3].u_pe/p_w is absorbed into DSP g_pe_row[2].g_pe_pair[3].u_pe/p_w.
DSP Report: Generating DSP g_pe_row[2].g_pe_pair[4].u_pe/p_w, operation Mode is (post resource management): A*B.
DSP Report: operator g_pe_row[2].g_pe_pair[4].u_pe/p_w is absorbed into DSP g_pe_row[2].g_pe_pair[4].u_pe/p_w.
DSP Report: Generating DSP g_pe_row[2].g_pe_pair[5].u_pe/p_w, operation Mode is (post resource management): A*B.
DSP Report: operator g_pe_row[2].g_pe_pair[5].u_pe/p_w is absorbed into DSP g_pe_row[2].g_pe_pair[5].u_pe/p_w.
DSP Report: Generating DSP g_pe_row[2].g_pe_pair[6].u_pe/p_w, operation Mode is (post resource management): A*B.
DSP Report: operator g_pe_row[2].g_pe_pair[6].u_pe/p_w is absorbed into DSP g_pe_row[2].g_pe_pair[6].u_pe/p_w.
DSP Report: Generating DSP g_pe_row[3].g_pe_pair[0].u_pe/p_w, operation Mode is (post resource management): A*B.
DSP Report: operator g_pe_row[3].g_pe_pair[0].u_pe/p_w is absorbed into DSP g_pe_row[3].g_pe_pair[0].u_pe/p_w.
DSP Report: Generating DSP g_pe_row[3].g_pe_pair[1].u_pe/p_w, operation Mode is (post resource management): A*B.
DSP Report: operator g_pe_row[3].g_pe_pair[1].u_pe/p_w is absorbed into DSP g_pe_row[3].g_pe_pair[1].u_pe/p_w.
DSP Report: Generating DSP g_pe_row[3].g_pe_pair[2].u_pe/p_w, operation Mode is (post resource management): A*B.
DSP Report: operator g_pe_row[3].g_pe_pair[2].u_pe/p_w is absorbed into DSP g_pe_row[3].g_pe_pair[2].u_pe/p_w.
DSP Report: Generating DSP g_pe_row[3].g_pe_pair[3].u_pe/p_w, operation Mode is (post resource management): A*B.
DSP Report: operator g_pe_row[3].g_pe_pair[3].u_pe/p_w is absorbed into DSP g_pe_row[3].g_pe_pair[3].u_pe/p_w.
DSP Report: Generating DSP g_pe_row[3].g_pe_pair[4].u_pe/p_w, operation Mode is (post resource management): A*B.
DSP Report: operator g_pe_row[3].g_pe_pair[4].u_pe/p_w is absorbed into DSP g_pe_row[3].g_pe_pair[4].u_pe/p_w.
DSP Report: Generating DSP g_pe_row[3].g_pe_pair[5].u_pe/p_w, operation Mode is (post resource management): A*B.
DSP Report: operator g_pe_row[3].g_pe_pair[5].u_pe/p_w is absorbed into DSP g_pe_row[3].g_pe_pair[5].u_pe/p_w.
DSP Report: Generating DSP g_pe_row[3].g_pe_pair[6].u_pe/p_w, operation Mode is (post resource management): A*B.
DSP Report: operator g_pe_row[3].g_pe_pair[6].u_pe/p_w is absorbed into DSP g_pe_row[3].g_pe_pair[6].u_pe/p_w.
DSP Report: Generating DSP g_pe_row[4].g_pe_pair[0].u_pe/p_w, operation Mode is (post resource management): A*B.
DSP Report: operator g_pe_row[4].g_pe_pair[0].u_pe/p_w is absorbed into DSP g_pe_row[4].g_pe_pair[0].u_pe/p_w.
DSP Report: Generating DSP g_pe_row[4].g_pe_pair[1].u_pe/p_w, operation Mode is (post resource management): A*B.
DSP Report: operator g_pe_row[4].g_pe_pair[1].u_pe/p_w is absorbed into DSP g_pe_row[4].g_pe_pair[1].u_pe/p_w.
DSP Report: Generating DSP g_pe_row[4].g_pe_pair[2].u_pe/p_w, operation Mode is (post resource management): A*B.
DSP Report: operator g_pe_row[4].g_pe_pair[2].u_pe/p_w is absorbed into DSP g_pe_row[4].g_pe_pair[2].u_pe/p_w.
DSP Report: Generating DSP g_pe_row[4].g_pe_pair[3].u_pe/p_w, operation Mode is (post resource management): A*B.
DSP Report: operator g_pe_row[4].g_pe_pair[3].u_pe/p_w is absorbed into DSP g_pe_row[4].g_pe_pair[3].u_pe/p_w.
DSP Report: Generating DSP g_pe_row[4].g_pe_pair[4].u_pe/p_w, operation Mode is (post resource management): A*B.
DSP Report: operator g_pe_row[4].g_pe_pair[4].u_pe/p_w is absorbed into DSP g_pe_row[4].g_pe_pair[4].u_pe/p_w.
DSP Report: Generating DSP g_pe_row[4].g_pe_pair[5].u_pe/p_w, operation Mode is (post resource management): A*B.
DSP Report: operator g_pe_row[4].g_pe_pair[5].u_pe/p_w is absorbed into DSP g_pe_row[4].g_pe_pair[5].u_pe/p_w.
DSP Report: Generating DSP g_pe_row[4].g_pe_pair[6].u_pe/p_w, operation Mode is (post resource management): A*B.
DSP Report: operator g_pe_row[4].g_pe_pair[6].u_pe/p_w is absorbed into DSP g_pe_row[4].g_pe_pair[6].u_pe/p_w.
DSP Report: Generating DSP g_pe_row[5].g_pe_pair[0].u_pe/p_w, operation Mode is (post resource management): A*B.
DSP Report: operator g_pe_row[5].g_pe_pair[0].u_pe/p_w is absorbed into DSP g_pe_row[5].g_pe_pair[0].u_pe/p_w.
DSP Report: Generating DSP g_pe_row[5].g_pe_pair[1].u_pe/p_w, operation Mode is (post resource management): A*B.
DSP Report: operator g_pe_row[5].g_pe_pair[1].u_pe/p_w is absorbed into DSP g_pe_row[5].g_pe_pair[1].u_pe/p_w.
DSP Report: Generating DSP g_pe_row[5].g_pe_pair[2].u_pe/p_w, operation Mode is (post resource management): A*B.
DSP Report: operator g_pe_row[5].g_pe_pair[2].u_pe/p_w is absorbed into DSP g_pe_row[5].g_pe_pair[2].u_pe/p_w.
DSP Report: Generating DSP g_pe_row[5].g_pe_pair[3].u_pe/p_w, operation Mode is (post resource management): A*B.
DSP Report: operator g_pe_row[5].g_pe_pair[3].u_pe/p_w is absorbed into DSP g_pe_row[5].g_pe_pair[3].u_pe/p_w.
DSP Report: Generating DSP g_pe_row[5].g_pe_pair[4].u_pe/p_w, operation Mode is (post resource management): A*B.
DSP Report: operator g_pe_row[5].g_pe_pair[4].u_pe/p_w is absorbed into DSP g_pe_row[5].g_pe_pair[4].u_pe/p_w.
DSP Report: Generating DSP g_pe_row[5].g_pe_pair[5].u_pe/p_w, operation Mode is (post resource management): A*B.
DSP Report: operator g_pe_row[5].g_pe_pair[5].u_pe/p_w is absorbed into DSP g_pe_row[5].g_pe_pair[5].u_pe/p_w.
DSP Report: Generating DSP g_pe_row[5].g_pe_pair[6].u_pe/p_w, operation Mode is (post resource management): A*B.
DSP Report: operator g_pe_row[5].g_pe_pair[6].u_pe/p_w is absorbed into DSP g_pe_row[5].g_pe_pair[6].u_pe/p_w.
DSP Report: Generating DSP g_pe_row[6].g_pe_pair[0].u_pe/p_w, operation Mode is (post resource management): A*B.
DSP Report: operator g_pe_row[6].g_pe_pair[0].u_pe/p_w is absorbed into DSP g_pe_row[6].g_pe_pair[0].u_pe/p_w.
DSP Report: Generating DSP g_pe_row[6].g_pe_pair[1].u_pe/p_w, operation Mode is (post resource management): A*B.
DSP Report: operator g_pe_row[6].g_pe_pair[1].u_pe/p_w is absorbed into DSP g_pe_row[6].g_pe_pair[1].u_pe/p_w.
DSP Report: Generating DSP g_pe_row[6].g_pe_pair[2].u_pe/p_w, operation Mode is (post resource management): A*B.
DSP Report: operator g_pe_row[6].g_pe_pair[2].u_pe/p_w is absorbed into DSP g_pe_row[6].g_pe_pair[2].u_pe/p_w.
DSP Report: Generating DSP g_pe_row[6].g_pe_pair[3].u_pe/p_w, operation Mode is (post resource management): A*B.
DSP Report: operator g_pe_row[6].g_pe_pair[3].u_pe/p_w is absorbed into DSP g_pe_row[6].g_pe_pair[3].u_pe/p_w.
DSP Report: Generating DSP g_pe_row[6].g_pe_pair[4].u_pe/p_w, operation Mode is (post resource management): A*B.
DSP Report: operator g_pe_row[6].g_pe_pair[4].u_pe/p_w is absorbed into DSP g_pe_row[6].g_pe_pair[4].u_pe/p_w.
DSP Report: Generating DSP g_pe_row[6].g_pe_pair[5].u_pe/p_w, operation Mode is (post resource management): A*B.
DSP Report: operator g_pe_row[6].g_pe_pair[5].u_pe/p_w is absorbed into DSP g_pe_row[6].g_pe_pair[5].u_pe/p_w.
DSP Report: Generating DSP g_pe_row[6].g_pe_pair[6].u_pe/p_w, operation Mode is (post resource management): A*B.
DSP Report: operator g_pe_row[6].g_pe_pair[6].u_pe/p_w is absorbed into DSP g_pe_row[6].g_pe_pair[6].u_pe/p_w.
DSP Report: Generating DSP g_pe_row[7].g_pe_pair[0].u_pe/p_w, operation Mode is (post resource management): A*B.
DSP Report: operator g_pe_row[7].g_pe_pair[0].u_pe/p_w is absorbed into DSP g_pe_row[7].g_pe_pair[0].u_pe/p_w.
DSP Report: Generating DSP g_pe_row[7].g_pe_pair[1].u_pe/p_w, operation Mode is (post resource management): A*B.
DSP Report: operator g_pe_row[7].g_pe_pair[1].u_pe/p_w is absorbed into DSP g_pe_row[7].g_pe_pair[1].u_pe/p_w.
DSP Report: Generating DSP g_pe_row[7].g_pe_pair[2].u_pe/p_w, operation Mode is (post resource management): A*B.
DSP Report: operator g_pe_row[7].g_pe_pair[2].u_pe/p_w is absorbed into DSP g_pe_row[7].g_pe_pair[2].u_pe/p_w.
DSP Report: Generating DSP g_pe_row[7].g_pe_pair[3].u_pe/p_w, operation Mode is (post resource management): A*B.
DSP Report: operator g_pe_row[7].g_pe_pair[3].u_pe/p_w is absorbed into DSP g_pe_row[7].g_pe_pair[3].u_pe/p_w.
DSP Report: Generating DSP g_pe_row[7].g_pe_pair[4].u_pe/p_w, operation Mode is (post resource management): A*B.
DSP Report: operator g_pe_row[7].g_pe_pair[4].u_pe/p_w is absorbed into DSP g_pe_row[7].g_pe_pair[4].u_pe/p_w.
DSP Report: Generating DSP g_pe_row[7].g_pe_pair[5].u_pe/p_w, operation Mode is (post resource management): A*B.
DSP Report: operator g_pe_row[7].g_pe_pair[5].u_pe/p_w is absorbed into DSP g_pe_row[7].g_pe_pair[5].u_pe/p_w.
DSP Report: Generating DSP g_pe_row[7].g_pe_pair[6].u_pe/p_w, operation Mode is (post resource management): A*B.
DSP Report: operator g_pe_row[7].g_pe_pair[6].u_pe/p_w is absorbed into DSP g_pe_row[7].g_pe_pair[6].u_pe/p_w.
DSP Report: Generating DSP g_pe_row[8].g_pe_pair[0].u_pe/p_w, operation Mode is (post resource management): A*B.
DSP Report: operator g_pe_row[8].g_pe_pair[0].u_pe/p_w is absorbed into DSP g_pe_row[8].g_pe_pair[0].u_pe/p_w.
DSP Report: Generating DSP g_pe_row[8].g_pe_pair[1].u_pe/p_w, operation Mode is (post resource management): A*B.
DSP Report: operator g_pe_row[8].g_pe_pair[1].u_pe/p_w is absorbed into DSP g_pe_row[8].g_pe_pair[1].u_pe/p_w.
DSP Report: Generating DSP g_pe_row[8].g_pe_pair[2].u_pe/p_w, operation Mode is (post resource management): A*B.
DSP Report: operator g_pe_row[8].g_pe_pair[2].u_pe/p_w is absorbed into DSP g_pe_row[8].g_pe_pair[2].u_pe/p_w.
DSP Report: Generating DSP g_pe_row[8].g_pe_pair[3].u_pe/p_w, operation Mode is (post resource management): A*B.
DSP Report: operator g_pe_row[8].g_pe_pair[3].u_pe/p_w is absorbed into DSP g_pe_row[8].g_pe_pair[3].u_pe/p_w.
DSP Report: Generating DSP g_pe_row[8].g_pe_pair[4].u_pe/p_w, operation Mode is (post resource management): A*B.
DSP Report: operator g_pe_row[8].g_pe_pair[4].u_pe/p_w is absorbed into DSP g_pe_row[8].g_pe_pair[4].u_pe/p_w.
DSP Report: Generating DSP g_pe_row[8].g_pe_pair[5].u_pe/p_w, operation Mode is (post resource management): A*B.
DSP Report: operator g_pe_row[8].g_pe_pair[5].u_pe/p_w is absorbed into DSP g_pe_row[8].g_pe_pair[5].u_pe/p_w.
DSP Report: Generating DSP g_pe_row[8].g_pe_pair[6].u_pe/p_w, operation Mode is (post resource management): A*B.
DSP Report: operator g_pe_row[8].g_pe_pair[6].u_pe/p_w is absorbed into DSP g_pe_row[8].g_pe_pair[6].u_pe/p_w.
DSP Report: Generating DSP g_pe_row[9].g_pe_pair[0].u_pe/p_w, operation Mode is (post resource management): A*B.
DSP Report: operator g_pe_row[9].g_pe_pair[0].u_pe/p_w is absorbed into DSP g_pe_row[9].g_pe_pair[0].u_pe/p_w.
DSP Report: Generating DSP g_pe_row[9].g_pe_pair[1].u_pe/p_w, operation Mode is (post resource management): A*B.
DSP Report: operator g_pe_row[9].g_pe_pair[1].u_pe/p_w is absorbed into DSP g_pe_row[9].g_pe_pair[1].u_pe/p_w.
DSP Report: Generating DSP g_pe_row[9].g_pe_pair[2].u_pe/p_w, operation Mode is (post resource management): A*B.
DSP Report: operator g_pe_row[9].g_pe_pair[2].u_pe/p_w is absorbed into DSP g_pe_row[9].g_pe_pair[2].u_pe/p_w.
DSP Report: Generating DSP g_pe_row[9].g_pe_pair[3].u_pe/p_w, operation Mode is (post resource management): A*B.
DSP Report: operator g_pe_row[9].g_pe_pair[3].u_pe/p_w is absorbed into DSP g_pe_row[9].g_pe_pair[3].u_pe/p_w.
DSP Report: Generating DSP g_pe_row[9].g_pe_pair[4].u_pe/p_w, operation Mode is (post resource management): A*B.
DSP Report: operator g_pe_row[9].g_pe_pair[4].u_pe/p_w is absorbed into DSP g_pe_row[9].g_pe_pair[4].u_pe/p_w.
DSP Report: Generating DSP g_pe_row[9].g_pe_pair[5].u_pe/p_w, operation Mode is (post resource management): A*B.
DSP Report: operator g_pe_row[9].g_pe_pair[5].u_pe/p_w is absorbed into DSP g_pe_row[9].g_pe_pair[5].u_pe/p_w.
DSP Report: Generating DSP g_pe_row[9].g_pe_pair[6].u_pe/p_w, operation Mode is (post resource management): A*B.
DSP Report: operator g_pe_row[9].g_pe_pair[6].u_pe/p_w is absorbed into DSP g_pe_row[9].g_pe_pair[6].u_pe/p_w.
DSP Report: Generating DSP g_pe_row[10].g_pe_pair[0].u_pe/p_w, operation Mode is (post resource management): A*B.
DSP Report: operator g_pe_row[10].g_pe_pair[0].u_pe/p_w is absorbed into DSP g_pe_row[10].g_pe_pair[0].u_pe/p_w.
DSP Report: Generating DSP g_pe_row[10].g_pe_pair[1].u_pe/p_w, operation Mode is (post resource management): A*B.
DSP Report: operator g_pe_row[10].g_pe_pair[1].u_pe/p_w is absorbed into DSP g_pe_row[10].g_pe_pair[1].u_pe/p_w.
DSP Report: Generating DSP g_pe_row[10].g_pe_pair[2].u_pe/p_w, operation Mode is (post resource management): A*B.
DSP Report: operator g_pe_row[10].g_pe_pair[2].u_pe/p_w is absorbed into DSP g_pe_row[10].g_pe_pair[2].u_pe/p_w.
DSP Report: Generating DSP g_pe_row[10].g_pe_pair[3].u_pe/p_w, operation Mode is (post resource management): A*B.
DSP Report: operator g_pe_row[10].g_pe_pair[3].u_pe/p_w is absorbed into DSP g_pe_row[10].g_pe_pair[3].u_pe/p_w.
DSP Report: Generating DSP g_pe_row[10].g_pe_pair[4].u_pe/p_w, operation Mode is (post resource management): A*B.
DSP Report: operator g_pe_row[10].g_pe_pair[4].u_pe/p_w is absorbed into DSP g_pe_row[10].g_pe_pair[4].u_pe/p_w.
DSP Report: Generating DSP g_pe_row[10].g_pe_pair[5].u_pe/p_w, operation Mode is (post resource management): A*B.
DSP Report: operator g_pe_row[10].g_pe_pair[5].u_pe/p_w is absorbed into DSP g_pe_row[10].g_pe_pair[5].u_pe/p_w.
DSP Report: Generating DSP g_pe_row[10].g_pe_pair[6].u_pe/p_w, operation Mode is (post resource management): A*B.
DSP Report: operator g_pe_row[10].g_pe_pair[6].u_pe/p_w is absorbed into DSP g_pe_row[10].g_pe_pair[6].u_pe/p_w.
DSP Report: Generating DSP g_pe_row[11].g_pe_pair[0].u_pe/p_w, operation Mode is (post resource management): A*B.
DSP Report: operator g_pe_row[11].g_pe_pair[0].u_pe/p_w is absorbed into DSP g_pe_row[11].g_pe_pair[0].u_pe/p_w.
DSP Report: Generating DSP g_pe_row[11].g_pe_pair[1].u_pe/p_w, operation Mode is (post resource management): A*B.
DSP Report: operator g_pe_row[11].g_pe_pair[1].u_pe/p_w is absorbed into DSP g_pe_row[11].g_pe_pair[1].u_pe/p_w.
DSP Report: Generating DSP g_pe_row[11].g_pe_pair[2].u_pe/p_w, operation Mode is (post resource management): A*B.
DSP Report: operator g_pe_row[11].g_pe_pair[2].u_pe/p_w is absorbed into DSP g_pe_row[11].g_pe_pair[2].u_pe/p_w.
DSP Report: Generating DSP g_pe_row[11].g_pe_pair[3].u_pe/p_w, operation Mode is (post resource management): A*B.
DSP Report: operator g_pe_row[11].g_pe_pair[3].u_pe/p_w is absorbed into DSP g_pe_row[11].g_pe_pair[3].u_pe/p_w.
DSP Report: Generating DSP g_pe_row[11].g_pe_pair[4].u_pe/p_w, operation Mode is (post resource management): A*B.
DSP Report: operator g_pe_row[11].g_pe_pair[4].u_pe/p_w is absorbed into DSP g_pe_row[11].g_pe_pair[4].u_pe/p_w.
DSP Report: Generating DSP g_pe_row[11].g_pe_pair[5].u_pe/p_w, operation Mode is (post resource management): A*B.
DSP Report: operator g_pe_row[11].g_pe_pair[5].u_pe/p_w is absorbed into DSP g_pe_row[11].g_pe_pair[5].u_pe/p_w.
DSP Report: Generating DSP g_pe_row[11].g_pe_pair[6].u_pe/p_w, operation Mode is (post resource management): A*B.
DSP Report: operator g_pe_row[11].g_pe_pair[6].u_pe/p_w is absorbed into DSP g_pe_row[11].g_pe_pair[6].u_pe/p_w.
DSP Report: Generating DSP g_pe_row[12].g_pe_pair[0].u_pe/p_w, operation Mode is (post resource management): A*B.
DSP Report: operator g_pe_row[12].g_pe_pair[0].u_pe/p_w is absorbed into DSP g_pe_row[12].g_pe_pair[0].u_pe/p_w.
DSP Report: Generating DSP g_pe_row[12].g_pe_pair[1].u_pe/p_w, operation Mode is (post resource management): A*B.
DSP Report: operator g_pe_row[12].g_pe_pair[1].u_pe/p_w is absorbed into DSP g_pe_row[12].g_pe_pair[1].u_pe/p_w.
DSP Report: Generating DSP g_pe_row[12].g_pe_pair[2].u_pe/p_w, operation Mode is (post resource management): A*B.
DSP Report: operator g_pe_row[12].g_pe_pair[2].u_pe/p_w is absorbed into DSP g_pe_row[12].g_pe_pair[2].u_pe/p_w.
DSP Report: Generating DSP g_pe_row[12].g_pe_pair[3].u_pe/p_w, operation Mode is (post resource management): A*B.
DSP Report: operator g_pe_row[12].g_pe_pair[3].u_pe/p_w is absorbed into DSP g_pe_row[12].g_pe_pair[3].u_pe/p_w.
DSP Report: Generating DSP g_pe_row[12].g_pe_pair[4].u_pe/p_w, operation Mode is (post resource management): A*B.
DSP Report: operator g_pe_row[12].g_pe_pair[4].u_pe/p_w is absorbed into DSP g_pe_row[12].g_pe_pair[4].u_pe/p_w.
DSP Report: Generating DSP g_pe_row[12].g_pe_pair[5].u_pe/p_w, operation Mode is (post resource management): A*B.
DSP Report: operator g_pe_row[12].g_pe_pair[5].u_pe/p_w is absorbed into DSP g_pe_row[12].g_pe_pair[5].u_pe/p_w.
DSP Report: Generating DSP g_pe_row[12].g_pe_pair[6].u_pe/p_w, operation Mode is (post resource management): A*B.
DSP Report: operator g_pe_row[12].g_pe_pair[6].u_pe/p_w is absorbed into DSP g_pe_row[12].g_pe_pair[6].u_pe/p_w.
DSP Report: Generating DSP g_pe_row[12].g_pe_pair[7].u_pe/p_w, operation Mode is (post resource management): A*B.
DSP Report: operator g_pe_row[12].g_pe_pair[7].u_pe/p_w is absorbed into DSP g_pe_row[12].g_pe_pair[7].u_pe/p_w.
DSP Report: Generating DSP g_pe_row[13].g_pe_pair[0].u_pe/p_w, operation Mode is (post resource management): A*B.
DSP Report: operator g_pe_row[13].g_pe_pair[0].u_pe/p_w is absorbed into DSP g_pe_row[13].g_pe_pair[0].u_pe/p_w.
DSP Report: Generating DSP g_pe_row[13].g_pe_pair[1].u_pe/p_w, operation Mode is (post resource management): A*B.
DSP Report: operator g_pe_row[13].g_pe_pair[1].u_pe/p_w is absorbed into DSP g_pe_row[13].g_pe_pair[1].u_pe/p_w.
DSP Report: Generating DSP g_pe_row[13].g_pe_pair[2].u_pe/p_w, operation Mode is (post resource management): A*B.
DSP Report: operator g_pe_row[13].g_pe_pair[2].u_pe/p_w is absorbed into DSP g_pe_row[13].g_pe_pair[2].u_pe/p_w.
DSP Report: Generating DSP g_pe_row[13].g_pe_pair[3].u_pe/p_w, operation Mode is (post resource management): A*B.
DSP Report: operator g_pe_row[13].g_pe_pair[3].u_pe/p_w is absorbed into DSP g_pe_row[13].g_pe_pair[3].u_pe/p_w.
DSP Report: Generating DSP g_pe_row[13].g_pe_pair[4].u_pe/p_w, operation Mode is (post resource management): A*B.
DSP Report: operator g_pe_row[13].g_pe_pair[4].u_pe/p_w is absorbed into DSP g_pe_row[13].g_pe_pair[4].u_pe/p_w.
DSP Report: Generating DSP g_pe_row[13].g_pe_pair[5].u_pe/p_w, operation Mode is (post resource management): A*B.
DSP Report: operator g_pe_row[13].g_pe_pair[5].u_pe/p_w is absorbed into DSP g_pe_row[13].g_pe_pair[5].u_pe/p_w.
DSP Report: Generating DSP g_pe_row[13].g_pe_pair[6].u_pe/p_w, operation Mode is (post resource management): A*B.
DSP Report: operator g_pe_row[13].g_pe_pair[6].u_pe/p_w is absorbed into DSP g_pe_row[13].g_pe_pair[6].u_pe/p_w.
DSP Report: Generating DSP g_pe_row[13].g_pe_pair[7].u_pe/p_w, operation Mode is (post resource management): A*B.
DSP Report: operator g_pe_row[13].g_pe_pair[7].u_pe/p_w is absorbed into DSP g_pe_row[13].g_pe_pair[7].u_pe/p_w.
DSP Report: Generating DSP g_pe_row[14].g_pe_pair[0].u_pe/p_w, operation Mode is (post resource management): A*B.
DSP Report: operator g_pe_row[14].g_pe_pair[0].u_pe/p_w is absorbed into DSP g_pe_row[14].g_pe_pair[0].u_pe/p_w.
DSP Report: Generating DSP g_pe_row[14].g_pe_pair[1].u_pe/p_w, operation Mode is (post resource management): A*B.
DSP Report: operator g_pe_row[14].g_pe_pair[1].u_pe/p_w is absorbed into DSP g_pe_row[14].g_pe_pair[1].u_pe/p_w.
DSP Report: Generating DSP g_pe_row[14].g_pe_pair[2].u_pe/p_w, operation Mode is (post resource management): A*B.
DSP Report: operator g_pe_row[14].g_pe_pair[2].u_pe/p_w is absorbed into DSP g_pe_row[14].g_pe_pair[2].u_pe/p_w.
DSP Report: Generating DSP g_pe_row[14].g_pe_pair[3].u_pe/p_w, operation Mode is (post resource management): A*B.
DSP Report: operator g_pe_row[14].g_pe_pair[3].u_pe/p_w is absorbed into DSP g_pe_row[14].g_pe_pair[3].u_pe/p_w.
DSP Report: Generating DSP g_pe_row[14].g_pe_pair[4].u_pe/p_w, operation Mode is (post resource management): A*B.
DSP Report: operator g_pe_row[14].g_pe_pair[4].u_pe/p_w is absorbed into DSP g_pe_row[14].g_pe_pair[4].u_pe/p_w.
DSP Report: Generating DSP g_pe_row[14].g_pe_pair[5].u_pe/p_w, operation Mode is (post resource management): A*B.
DSP Report: operator g_pe_row[14].g_pe_pair[5].u_pe/p_w is absorbed into DSP g_pe_row[14].g_pe_pair[5].u_pe/p_w.
DSP Report: Generating DSP g_pe_row[14].g_pe_pair[6].u_pe/p_w, operation Mode is (post resource management): A*B.
DSP Report: operator g_pe_row[14].g_pe_pair[6].u_pe/p_w is absorbed into DSP g_pe_row[14].g_pe_pair[6].u_pe/p_w.
DSP Report: Generating DSP g_pe_row[15].g_pe_pair[0].u_pe/p_w, operation Mode is (post resource management): A*B.
DSP Report: operator g_pe_row[15].g_pe_pair[0].u_pe/p_w is absorbed into DSP g_pe_row[15].g_pe_pair[0].u_pe/p_w.
DSP Report: Generating DSP g_pe_row[15].g_pe_pair[1].u_pe/p_w, operation Mode is (post resource management): A*B.
DSP Report: operator g_pe_row[15].g_pe_pair[1].u_pe/p_w is absorbed into DSP g_pe_row[15].g_pe_pair[1].u_pe/p_w.
DSP Report: Generating DSP g_pe_row[15].g_pe_pair[2].u_pe/p_w, operation Mode is (post resource management): A*B.
DSP Report: operator g_pe_row[15].g_pe_pair[2].u_pe/p_w is absorbed into DSP g_pe_row[15].g_pe_pair[2].u_pe/p_w.
DSP Report: Generating DSP g_pe_row[15].g_pe_pair[3].u_pe/p_w, operation Mode is (post resource management): A*B.
DSP Report: operator g_pe_row[15].g_pe_pair[3].u_pe/p_w is absorbed into DSP g_pe_row[15].g_pe_pair[3].u_pe/p_w.
DSP Report: Generating DSP g_pe_row[15].g_pe_pair[4].u_pe/p_w, operation Mode is (post resource management): A*B.
DSP Report: operator g_pe_row[15].g_pe_pair[4].u_pe/p_w is absorbed into DSP g_pe_row[15].g_pe_pair[4].u_pe/p_w.
DSP Report: Generating DSP g_pe_row[15].g_pe_pair[5].u_pe/p_w, operation Mode is (post resource management): A*B.
DSP Report: operator g_pe_row[15].g_pe_pair[5].u_pe/p_w is absorbed into DSP g_pe_row[15].g_pe_pair[5].u_pe/p_w.
DSP Report: Generating DSP g_pe_row[15].g_pe_pair[6].u_pe/p_w, operation Mode is (post resource management): A*B.
DSP Report: operator g_pe_row[15].g_pe_pair[6].u_pe/p_w is absorbed into DSP g_pe_row[15].g_pe_pair[6].u_pe/p_w.
 DSP resource Status: g_pe_row[0].g_pe_pair[7].u_pe/p0_o_ec 0 1339 1339: Used 1 time : Accepted (18 < 220) uniquify 0 
 DSP resource Status: g_pe_row[0].g_pe_pair[7].u_pe/p_w_ed 0 1222 1222: Used 1 time : Accepted (146 < 220) uniquify 0 
 DSP resource Status: g_pe_row[1].g_pe_pair[7].u_pe/p0_o_ee 0 1339 1339: Used 1 time : Accepted (74 < 220) uniquify 0 
 DSP resource Status: g_pe_row[1].g_pe_pair[7].u_pe/p_w_ef 0 1222 1222: Used 1 time : Accepted (202 < 220) uniquify 0 
 DSP resource Status: g_pe_row[2].g_pe_pair[7].u_pe/p0_o_f0 0 1339 1339: Used 1 time : Accepted (82 < 220) uniquify 0 
 DSP resource Status: g_pe_row[2].g_pe_pair[7].u_pe/p_w_f1 0 1222 1222: Used 1 time : Accepted (210 < 220) uniquify 0 
 DSP resource Status: g_pe_row[3].g_pe_pair[7].u_pe/p0_o_f2 0 1339 1339: Used 1 time : Accepted (90 < 220) uniquify 0 
 DSP resource Status: g_pe_row[3].g_pe_pair[7].u_pe/p_w_f3 0 1222 1222: Used 1 time : Accepted (218 < 220) uniquify 0 
 DSP resource Status: g_pe_row[4].g_pe_pair[7].u_pe/p0_o_f4 0 1339 1339: Used 1 time : Accepted (98 < 220) uniquify 0 
 DSP resource Status: g_pe_row[4].g_pe_pair[7].u_pe/p_w_f5 0 1222 1222: Used 1 time : Rejected (226 > 220) uniquify 0 
 DSP resource Status: g_pe_row[5].g_pe_pair[7].u_pe/p0_o_f6 0 1339 1339: Used 1 time : Accepted (106 < 220) uniquify 0 
 DSP resource Status: g_pe_row[5].g_pe_pair[7].u_pe/p_w_f7 0 1222 1222: Used 1 time : Rejected (234 > 220) uniquify 0 
 DSP resource Status: g_pe_row[6].g_pe_pair[7].u_pe/p0_o_f8 0 1339 1339: Used 1 time : Accepted (114 < 220) uniquify 0 
 DSP resource Status: g_pe_row[6].g_pe_pair[7].u_pe/p_w_f9 0 1222 1222: Used 1 time : Rejected (242 > 220) uniquify 0 
 DSP resource Status: g_pe_row[7].g_pe_pair[7].u_pe/p0_o_fa 0 1339 1339: Used 1 time : Accepted (122 < 220) uniquify 0 
 DSP resource Status: g_pe_row[7].g_pe_pair[7].u_pe/p_w_fb 0 1222 1222: Used 1 time : Rejected (250 > 220) uniquify 0 
 DSP resource Status: g_pe_row[8].g_pe_pair[7].u_pe/p0_o_fc 0 1339 1339: Used 1 time : Accepted (130 < 220) uniquify 0 
 DSP resource Status: g_pe_row[8].g_pe_pair[7].u_pe/p_w_fd 0 1222 1222: Used 1 time : Rejected (258 > 220) uniquify 0 
 DSP resource Status: g_pe_row[9].g_pe_pair[7].u_pe/p0_o_fe 0 1339 1339: Used 1 time : Accepted (138 < 220) uniquify 0 
 DSP resource Status: g_pe_row[9].g_pe_pair[7].u_pe/p_w_ff 0 1222 1222: Used 1 time : Rejected (266 > 220) uniquify 0 
 DSP resource Status: g_pe_row[10].g_pe_pair[7].u_pe/p0_o_100 0 1339 1339: Used 1 time : Accepted (26 < 220) uniquify 0 
 DSP resource Status: g_pe_row[10].g_pe_pair[7].u_pe/p_w_101 0 1222 1222: Used 1 time : Accepted (154 < 220) uniquify 0 
 DSP resource Status: g_pe_row[11].g_pe_pair[7].u_pe/p0_o_102 0 1339 1339: Used 1 time : Accepted (34 < 220) uniquify 0 
 DSP resource Status: g_pe_row[11].g_pe_pair[7].u_pe/p_w_103 0 1222 1222: Used 1 time : Accepted (162 < 220) uniquify 0 
 DSP resource Status: g_pe_row[14].g_pe_pair[7].u_pe/p0_o_104 0 1339 1339: Used 1 time : Accepted (58 < 220) uniquify 0 
 DSP resource Status: g_pe_row[14].g_pe_pair[7].u_pe/p_w_105 0 1222 1222: Used 1 time : Accepted (186 < 220) uniquify 0 
 DSP resource Status: g_pe_row[15].g_pe_pair[7].u_pe/p0_o_106 0 1339 1339: Used 1 time : Accepted (66 < 220) uniquify 0 
 DSP resource Status: g_pe_row[15].g_pe_pair[7].u_pe/p_w_107 0 1222 1222: Used 1 time : Accepted (194 < 220) uniquify 0 
 DSP resource Status: in_b2_108 0 931 931: Used 1 time : Rejected (269 > 220) uniquify 0 
 DSP resource Status: in_b3_10a 0 931 931: Used 1 time : Rejected (270 > 220) uniquify 0 
 DSP resource Status: x_addr_w1_110 0 2548 2304: Used 1 time : Accepted (7 < 220) uniquify 0 
 DSP resource Status: plane_sz_10b 0 1946 1946: Used 1 time : Accepted (10 < 220) uniquify 0 
 DSP resource Status: x_addr_w1_10d 0 4841 2588: Used 1 time : Accepted (3 < 220) uniquify 0 
 DSP resource Status: x_addr_w1_10d 1 4841 2253: Used 1 time : Accepted (4 < 220) uniquify 0 
 DSP resource Status: x_addr_w1_110 1 2548 244: Used 1 time : Accepted (8 < 220) uniquify 0 
DSP Report: Generating DSP x_addr_w1, operation Mode is (post resource management): A*B.
DSP Report: operator x_addr_w1 is absorbed into DSP x_addr_w1.
DSP Report: Generating DSP plane_sz, operation Mode is (post resource management): A*B.
DSP Report: operator plane_sz is absorbed into DSP plane_sz.
DSP Report: Generating DSP x_addr_w1, operation Mode is (post resource management): A*B.
DSP Report: operator x_addr_w1 is absorbed into DSP x_addr_w1.
DSP Report: operator x_addr_w1 is absorbed into DSP x_addr_w1.
DSP Report: Generating DSP x_addr_w1, operation Mode is (post resource management): (PCIN>>17)+A*B.
DSP Report: operator x_addr_w1 is absorbed into DSP x_addr_w1.
DSP Report: operator x_addr_w1 is absorbed into DSP x_addr_w1.
DSP Report: Generating DSP x_addr_w, operation Mode is (post resource management): (PCIN or 0)+(A:B or 0)+(C or 0).
DSP Report: operator x_addr_w is absorbed into DSP x_addr_w.
 DSP resource Status: rq_last_w0_112 0 1084 1084: Used 1 time : Rejected (268 > 220) uniquify 0 
 DSP resource Status: ctrl_rq_last_w1_114 0 1084 1084: Used 1 time : Rejected (267 > 220) uniquify 0 
 DSP resource Status: row_addr_d0_w_115 0 2041 2041: Used 1 time : Accepted (9 < 220) uniquify 0 
DSP Report: Generating DSP row_addr_d0_w, operation Mode is (post resource management): C+A*B.
DSP Report: operator row_addr_d0_w is absorbed into DSP row_addr_d0_w.
DSP Report: operator row_addr_d0_w1 is absorbed into DSP row_addr_d0_w.
---------------------------------------------------------------------------------
Start ROM, RAM, DSP, Shift Register and Retiming Reporting
---------------------------------------------------------------------------------

Distributed RAM: Preliminary Mapping Report (see note below)
+----------------+--------------------+-----------+----------------------+---------------+
|Module Name     | RTL Object         | Inference | Size (Depth x Width) | Primitives    | 
+----------------+--------------------+-----------+----------------------+---------------+
|u_xbuf          | g_col[0].mem0_reg  | Implied   | 4 K x 8              | RAM64M x 108  | 
|u_xbuf          | g_col[0].mem1_reg  | Implied   | 4 K x 8              | RAM64M x 108  | 
|u_xbuf          | g_col[1].mem0_reg  | Implied   | 4 K x 8              | RAM64M x 108  | 
|u_xbuf          | g_col[1].mem1_reg  | Implied   | 4 K x 8              | RAM64M x 108  | 
|u_xbuf          | g_col[2].mem0_reg  | Implied   | 4 K x 8              | RAM64M x 108  | 
|u_xbuf          | g_col[2].mem1_reg  | Implied   | 4 K x 8              | RAM64M x 108  | 
|u_xbuf          | g_col[3].mem0_reg  | Implied   | 4 K x 8              | RAM64M x 108  | 
|u_xbuf          | g_col[3].mem1_reg  | Implied   | 4 K x 8              | RAM64M x 108  | 
|u_xbuf          | g_col[4].mem0_reg  | Implied   | 4 K x 8              | RAM64M x 108  | 
|u_xbuf          | g_col[4].mem1_reg  | Implied   | 4 K x 8              | RAM64M x 108  | 
|u_xbuf          | g_col[5].mem0_reg  | Implied   | 4 K x 8              | RAM64M x 108  | 
|u_xbuf          | g_col[5].mem1_reg  | Implied   | 4 K x 8              | RAM64M x 108  | 
|u_xbuf          | g_col[6].mem0_reg  | Implied   | 4 K x 8              | RAM64M x 108  | 
|u_xbuf          | g_col[6].mem1_reg  | Implied   | 4 K x 8              | RAM64M x 108  | 
|u_xbuf          | g_col[7].mem0_reg  | Implied   | 4 K x 8              | RAM64M x 108  | 
|u_xbuf          | g_col[7].mem1_reg  | Implied   | 4 K x 8              | RAM64M x 108  | 
|u_xbuf          | g_col[8].mem0_reg  | Implied   | 4 K x 8              | RAM64M x 108  | 
|u_xbuf          | g_col[8].mem1_reg  | Implied   | 4 K x 8              | RAM64M x 108  | 
|u_xbuf          | g_col[9].mem0_reg  | Implied   | 4 K x 8              | RAM64M x 108  | 
|u_xbuf          | g_col[9].mem1_reg  | Implied   | 4 K x 8              | RAM64M x 108  | 
|u_xbuf          | g_col[10].mem0_reg | Implied   | 4 K x 8              | RAM64M x 108  | 
|u_xbuf          | g_col[10].mem1_reg | Implied   | 4 K x 8              | RAM64M x 108  | 
|u_xbuf          | g_col[11].mem0_reg | Implied   | 4 K x 8              | RAM64M x 108  | 
|u_xbuf          | g_col[11].mem1_reg | Implied   | 4 K x 8              | RAM64M x 108  | 
|u_xbuf          | g_col[12].mem0_reg | Implied   | 4 K x 8              | RAM64M x 108  | 
|u_xbuf          | g_col[12].mem1_reg | Implied   | 4 K x 8              | RAM64M x 108  | 
|u_xbuf          | g_col[13].mem0_reg | Implied   | 4 K x 8              | RAM64M x 108  | 
|u_xbuf          | g_col[13].mem1_reg | Implied   | 4 K x 8              | RAM64M x 108  | 
|u_xbuf          | g_col[14].mem0_reg | Implied   | 4 K x 8              | RAM64M x 108  | 
|u_xbuf          | g_col[14].mem1_reg | Implied   | 4 K x 8              | RAM64M x 108  | 
|u_xbuf          | g_col[15].mem0_reg | Implied   | 4 K x 8              | RAM64M x 108  | 
|u_xbuf          | g_col[15].mem1_reg | Implied   | 4 K x 8              | RAM64M x 108  | 
|yolo_engine_top | u_wbuf/par_b1_reg  | Implied   | 16 x 32              | RAM32M x 6    | 
|yolo_engine_top | u_wbuf/par_m0_reg  | Implied   | 16 x 32              | RAM32M x 6    | 
|yolo_engine_top | u_wbuf/par_m1_reg  | Implied   | 16 x 32              | RAM32M x 6    | 
|yolo_engine_top | u_wbuf/par_s0_reg  | Implied   | 16 x 8               | RAM32M x 2    | 
|yolo_engine_top | u_wbuf/par_s1_reg  | Implied   | 16 x 8               | RAM32M x 2    | 
|yolo_engine_top | u_wbuf/par_b0_reg  | Implied   | 16 x 32              | RAM32M x 6    | 
+----------------+--------------------+-----------+----------------------+---------------+

Note: The table above is a preliminary report that shows the Distributed RAMs at the current stage of the synthesis flow. Some Distributed RAMs may be reimplemented as non Distributed RAM primitives later in the synthesis flow. Multiple instantiated RAMs are reported only once.

DSP: Preliminary Mapping Report (see note below. The ' indicates corresponding REG is set)
+----------------+---------------------------------+--------+--------+--------+--------+--------+------+------+------+------+-------+------+------+
|Module Name     | DSP Mapping                     | A Size | B Size | C Size | D Size | P Size | AREG | BREG | CREG | DREG | ADREG | MREG | PREG | 
+----------------+---------------------------------+--------+--------+--------+--------+--------+------+------+------+------+-------+------+------+
|yolo_requant    | A*B                             | 18     | 16     | -      | -      | 48     | 0    | 0    | -    | -    | -     | 0    | 0    | 
|yolo_requant    | (PCIN>>17)+A*B                  | 16     | 15     | -      | -      | 30     | 0    | 0    | -    | -    | -     | 0    | 0    | 
|yolo_requant    | A*B                             | 18     | 18     | -      | -      | 48     | 0    | 0    | -    | -    | -     | 0    | 0    | 
|yolo_requant    | (PCIN>>17)+A*B                  | 18     | 15     | -      | -      | 47     | 0    | 0    | -    | -    | -     | 0    | 0    | 
|yolo_pe_pack    | -C+A*B+1-1                      | 25     | 8      | 17     | -      | 17     | 0    | 0    | 0    | -    | -     | 0    | 0    | 
|yolo_pe_pack    | A*B                             | 25     | 8      | -      | -      | 33     | 0    | 0    | -    | -    | -     | 0    | 0    | 
|yolo_pe_pack    | -C+A*B+1-1                      | 25     | 8      | 17     | -      | 17     | 0    | 0    | 0    | -    | -     | 0    | 0    | 
|yolo_pe_pack    | A*B                             | 25     | 8      | -      | -      | 33     | 0    | 0    | -    | -    | -     | 0    | 0    | 
|yolo_pe_pack    | -C+A*B+1-1                      | 25     | 8      | 17     | -      | 17     | 0    | 0    | 0    | -    | -     | 0    | 0    | 
|yolo_pe_pack    | A*B                             | 25     | 8      | -      | -      | 33     | 0    | 0    | -    | -    | -     | 0    | 0    | 
|yolo_pe_pack    | -C+A*B+1-1                      | 25     | 8      | 17     | -      | 17     | 0    | 0    | 0    | -    | -     | 0    | 0    | 
|yolo_pe_pack    | A*B                             | 25     | 8      | -      | -      | 33     | 0    | 0    | -    | -    | -     | 0    | 0    | 
|yolo_pe_pack    | -C+A*B+1-1                      | 25     | 8      | 17     | -      | 17     | 0    | 0    | 0    | -    | -     | 0    | 0    | 
|yolo_pe_pack    | A*B                             | 25     | 8      | -      | -      | 33     | 0    | 0    | -    | -    | -     | 0    | 0    | 
|yolo_pe_pack    | -C+A*B+1-1                      | 25     | 8      | 17     | -      | 17     | 0    | 0    | 0    | -    | -     | 0    | 0    | 
|yolo_pe_pack    | A*B                             | 25     | 8      | -      | -      | 33     | 0    | 0    | -    | -    | -     | 0    | 0    | 
|yolo_pe_pack    | -C+A*B+1-1                      | 25     | 8      | 17     | -      | 17     | 0    | 0    | 0    | -    | -     | 0    | 0    | 
|yolo_pe_pack    | A*B                             | 25     | 8      | -      | -      | 33     | 0    | 0    | -    | -    | -     | 0    | 0    | 
|yolo_pe_pack    | -C+A*B+1-1                      | 25     | 8      | 17     | -      | 17     | 0    | 0    | 0    | -    | -     | 0    | 0    | 
|yolo_pe_pack    | A*B                             | 25     | 8      | -      | -      | 33     | 0    | 0    | -    | -    | -     | 0    | 0    | 
|yolo_pe_pack    | -C+A*B+1-1                      | 25     | 8      | 17     | -      | 17     | 0    | 0    | 0    | -    | -     | 0    | 0    | 
|yolo_pe_pack    | A*B                             | 25     | 8      | -      | -      | 33     | 0    | 0    | -    | -    | -     | 0    | 0    | 
|yolo_pe_pack    | -C+A*B+1-1                      | 25     | 8      | 17     | -      | 17     | 0    | 0    | 0    | -    | -     | 0    | 0    | 
|yolo_pe_pack    | A*B                             | 25     | 8      | -      | -      | 33     | 0    | 0    | -    | -    | -     | 0    | 0    | 
|yolo_pe_pack    | -C+A*B+1-1                      | 25     | 8      | 17     | -      | 17     | 0    | 0    | 0    | -    | -     | 0    | 0    | 
|yolo_pe_pack    | A*B                             | 25     | 8      | -      | -      | 33     | 0    | 0    | -    | -    | -     | 0    | 0    | 
|yolo_pe_pack    | -C+A*B+1-1                      | 25     | 8      | 17     | -      | 17     | 0    | 0    | 0    | -    | -     | 0    | 0    | 
|yolo_pe_pack    | A*B                             | 25     | 8      | -      | -      | 33     | 0    | 0    | -    | -    | -     | 0    | 0    | 
|yolo_pe_pack    | -C+A*B+1-1                      | 25     | 8      | 17     | -      | 17     | 0    | 0    | 0    | -    | -     | 0    | 0    | 
|yolo_pe_pack    | A*B                             | 25     | 8      | -      | -      | 33     | 0    | 0    | -    | -    | -     | 0    | 0    | 
|yolo_pe_pack    | -C+A*B+1-1                      | 25     | 8      | 17     | -      | 17     | 0    | 0    | 0    | -    | -     | 0    | 0    | 
|yolo_pe_pack    | A*B                             | 25     | 8      | -      | -      | 33     | 0    | 0    | -    | -    | -     | 0    | 0    | 
|yolo_pe_pack    | -C+A*B+1-1                      | 25     | 8      | 17     | -      | 17     | 0    | 0    | 0    | -    | -     | 0    | 0    | 
|yolo_pe_pack    | A*B                             | 25     | 8      | -      | -      | 33     | 0    | 0    | -    | -    | -     | 0    | 0    | 
|yolo_pe_pack    | -C+A*B+1-1                      | 25     | 8      | 17     | -      | 17     | 0    | 0    | 0    | -    | -     | 0    | 0    | 
|yolo_pe_pack    | A*B                             | 25     | 8      | -      | -      | 33     | 0    | 0    | -    | -    | -     | 0    | 0    | 
|yolo_pe_pack    | -C+A*B+1-1                      | 25     | 8      | 17     | -      | 17     | 0    | 0    | 0    | -    | -     | 0    | 0    | 
|yolo_pe_pack    | A*B                             | 25     | 8      | -      | -      | 33     | 0    | 0    | -    | -    | -     | 0    | 0    | 
|yolo_pe_pack    | -C+A*B+1-1                      | 25     | 8      | 17     | -      | 17     | 0    | 0    | 0    | -    | -     | 0    | 0    | 
|yolo_pe_pack    | A*B                             | 25     | 8      | -      | -      | 33     | 0    | 0    | -    | -    | -     | 0    | 0    | 
|yolo_pe_pack    | -C+A*B+1-1                      | 25     | 8      | 17     | -      | 17     | 0    | 0    | 0    | -    | -     | 0    | 0    | 
|yolo_pe_pack    | A*B                             | 25     | 8      | -      | -      | 33     | 0    | 0    | -    | -    | -     | 0    | 0    | 
|yolo_pe_pack    | -C+A*B+1-1                      | 25     | 8      | 17     | -      | 17     | 0    | 0    | 0    | -    | -     | 0    | 0    | 
|yolo_pe_pack    | A*B                             | 25     | 8      | -      | -      | 33     | 0    | 0    | -    | -    | -     | 0    | 0    | 
|yolo_pe_pack    | -C+A*B+1-1                      | 25     | 8      | 17     | -      | 17     | 0    | 0    | 0    | -    | -     | 0    | 0    | 
|yolo_pe_pack    | A*B                             | 25     | 8      | -      | -      | 33     | 0    | 0    | -    | -    | -     | 0    | 0    | 
|yolo_pe_pack    | -C+A*B+1-1                      | 25     | 8      | 17     | -      | 17     | 0    | 0    | 0    | -    | -     | 0    | 0    | 
|yolo_pe_pack    | A*B                             | 25     | 8      | -      | -      | 33     | 0    | 0    | -    | -    | -     | 0    | 0    | 
|yolo_pe_pack    | -C+A*B+1-1                      | 25     | 8      | 17     | -      | 17     | 0    | 0    | 0    | -    | -     | 0    | 0    | 
|yolo_pe_pack    | A*B                             | 25     | 8      | -      | -      | 33     | 0    | 0    | -    | -    | -     | 0    | 0    | 
|yolo_pe_pack    | -C+A*B+1-1                      | 25     | 8      | 17     | -      | 17     | 0    | 0    | 0    | -    | -     | 0    | 0    | 
|yolo_pe_pack    | A*B                             | 25     | 8      | -      | -      | 33     | 0    | 0    | -    | -    | -     | 0    | 0    | 
|yolo_pe_pack    | -C+A*B+1-1                      | 25     | 8      | 17     | -      | 17     | 0    | 0    | 0    | -    | -     | 0    | 0    | 
|yolo_pe_pack    | A*B                             | 25     | 8      | -      | -      | 33     | 0    | 0    | -    | -    | -     | 0    | 0    | 
|yolo_pe_pack    | -C+A*B+1-1                      | 25     | 8      | 17     | -      | 17     | 0    | 0    | 0    | -    | -     | 0    | 0    | 
|yolo_pe_pack    | A*B                             | 25     | 8      | -      | -      | 33     | 0    | 0    | -    | -    | -     | 0    | 0    | 
|yolo_pe_pack    | -C+A*B+1-1                      | 25     | 8      | 17     | -      | 17     | 0    | 0    | 0    | -    | -     | 0    | 0    | 
|yolo_pe_pack    | A*B                             | 25     | 8      | -      | -      | 33     | 0    | 0    | -    | -    | -     | 0    | 0    | 
|yolo_pe_pack    | -C+A*B+1-1                      | 25     | 8      | 17     | -      | 17     | 0    | 0    | 0    | -    | -     | 0    | 0    | 
|yolo_pe_pack    | A*B                             | 25     | 8      | -      | -      | 33     | 0    | 0    | -    | -    | -     | 0    | 0    | 
|yolo_pe_pack    | -C+A*B+1-1                      | 25     | 8      | 17     | -      | 17     | 0    | 0    | 0    | -    | -     | 0    | 0    | 
|yolo_pe_pack    | A*B                             | 25     | 8      | -      | -      | 33     | 0    | 0    | -    | -    | -     | 0    | 0    | 
|yolo_pe_pack    | -C+A*B+1-1                      | 25     | 8      | 17     | -      | 17     | 0    | 0    | 0    | -    | -     | 0    | 0    | 
|yolo_pe_pack    | A*B                             | 25     | 8      | -      | -      | 33     | 0    | 0    | -    | -    | -     | 0    | 0    | 
|yolo_pe_pack    | -C+A*B+1-1                      | 25     | 8      | 17     | -      | 17     | 0    | 0    | 0    | -    | -     | 0    | 0    | 
|yolo_pe_pack    | A*B                             | 25     | 8      | -      | -      | 33     | 0    | 0    | -    | -    | -     | 0    | 0    | 
|yolo_pe_pack    | -C+A*B+1-1                      | 25     | 8      | 17     | -      | 17     | 0    | 0    | 0    | -    | -     | 0    | 0    | 
|yolo_pe_pack    | A*B                             | 25     | 8      | -      | -      | 33     | 0    | 0    | -    | -    | -     | 0    | 0    | 
|yolo_pe_pack    | -C+A*B+1-1                      | 25     | 8      | 17     | -      | 17     | 0    | 0    | 0    | -    | -     | 0    | 0    | 
|yolo_pe_pack    | A*B                             | 25     | 8      | -      | -      | 33     | 0    | 0    | -    | -    | -     | 0    | 0    | 
|yolo_pe_pack    | -C+A*B+1-1                      | 25     | 8      | 17     | -      | 17     | 0    | 0    | 0    | -    | -     | 0    | 0    | 
|yolo_pe_pack    | A*B                             | 25     | 8      | -      | -      | 33     | 0    | 0    | -    | -    | -     | 0    | 0    | 
|yolo_pe_pack    | -C+A*B+1-1                      | 25     | 8      | 17     | -      | 17     | 0    | 0    | 0    | -    | -     | 0    | 0    | 
|yolo_pe_pack    | A*B                             | 25     | 8      | -      | -      | 33     | 0    | 0    | -    | -    | -     | 0    | 0    | 
|yolo_pe_pack    | -C+A*B+1-1                      | 25     | 8      | 17     | -      | 17     | 0    | 0    | 0    | -    | -     | 0    | 0    | 
|yolo_pe_pack    | A*B                             | 25     | 8      | -      | -      | 33     | 0    | 0    | -    | -    | -     | 0    | 0    | 
|yolo_pe_pack    | -C+A*B+1-1                      | 25     | 8      | 17     | -      | 17     | 0    | 0    | 0    | -    | -     | 0    | 0    | 
|yolo_pe_pack    | A*B                             | 25     | 8      | -      | -      | 33     | 0    | 0    | -    | -    | -     | 0    | 0    | 
|yolo_pe_pack    | -C+A*B+1-1                      | 25     | 8      | 17     | -      | 17     | 0    | 0    | 0    | -    | -     | 0    | 0    | 
|yolo_pe_pack    | A*B                             | 25     | 8      | -      | -      | 33     | 0    | 0    | -    | -    | -     | 0    | 0    | 
|yolo_pe_pack    | -C+A*B+1-1                      | 25     | 8      | 17     | -      | 17     | 0    | 0    | 0    | -    | -     | 0    | 0    | 
|yolo_pe_pack    | A*B                             | 25     | 8      | -      | -      | 33     | 0    | 0    | -    | -    | -     | 0    | 0    | 
|yolo_pe_pack    | -C+A*B+1-1                      | 25     | 8      | 17     | -      | 17     | 0    | 0    | 0    | -    | -     | 0    | 0    | 
|yolo_pe_pack    | A*B                             | 25     | 8      | -      | -      | 33     | 0    | 0    | -    | -    | -     | 0    | 0    | 
|yolo_pe_pack    | -C+A*B+1-1                      | 25     | 8      | 17     | -      | 17     | 0    | 0    | 0    | -    | -     | 0    | 0    | 
|yolo_pe_pack    | A*B                             | 25     | 8      | -      | -      | 33     | 0    | 0    | -    | -    | -     | 0    | 0    | 
|yolo_pe_pack    | -C+A*B+1-1                      | 25     | 8      | 17     | -      | 17     | 0    | 0    | 0    | -    | -     | 0    | 0    | 
|yolo_pe_pack    | A*B                             | 25     | 8      | -      | -      | 33     | 0    | 0    | -    | -    | -     | 0    | 0    | 
|yolo_pe_pack    | -C+A*B+1-1                      | 25     | 8      | 17     | -      | 17     | 0    | 0    | 0    | -    | -     | 0    | 0    | 
|yolo_pe_pack    | A*B                             | 25     | 8      | -      | -      | 33     | 0    | 0    | -    | -    | -     | 0    | 0    | 
|yolo_pe_pack    | -C+A*B+1-1                      | 25     | 8      | 17     | -      | 17     | 0    | 0    | 0    | -    | -     | 0    | 0    | 
|yolo_pe_pack    | A*B                             | 25     | 8      | -      | -      | 33     | 0    | 0    | -    | -    | -     | 0    | 0    | 
|yolo_pe_pack    | -C+A*B+1-1                      | 25     | 8      | 17     | -      | 17     | 0    | 0    | 0    | -    | -     | 0    | 0    | 
|yolo_pe_pack    | A*B                             | 25     | 8      | -      | -      | 33     | 0    | 0    | -    | -    | -     | 0    | 0    | 
|yolo_pe_pack    | -C+A*B+1-1                      | 25     | 8      | 17     | -      | 17     | 0    | 0    | 0    | -    | -     | 0    | 0    | 
|yolo_pe_pack    | A*B                             | 25     | 8      | -      | -      | 33     | 0    | 0    | -    | -    | -     | 0    | 0    | 
|yolo_pe_pack    | -C+A*B+1-1                      | 25     | 8      | 17     | -      | 17     | 0    | 0    | 0    | -    | -     | 0    | 0    | 
|yolo_pe_pack    | A*B                             | 25     | 8      | -      | -      | 33     | 0    | 0    | -    | -    | -     | 0    | 0    | 
|yolo_pe_pack    | -C+A*B+1-1                      | 25     | 8      | 17     | -      | 17     | 0    | 0    | 0    | -    | -     | 0    | 0    | 
|yolo_pe_pack    | A*B                             | 25     | 8      | -      | -      | 33     | 0    | 0    | -    | -    | -     | 0    | 0    | 
|yolo_pe_pack    | -C+A*B+1-1                      | 25     | 8      | 17     | -      | 17     | 0    | 0    | 0    | -    | -     | 0    | 0    | 
|yolo_pe_pack    | A*B                             | 25     | 8      | -      | -      | 33     | 0    | 0    | -    | -    | -     | 0    | 0    | 
|yolo_pe_pack    | -C+A*B+1-1                      | 25     | 8      | 17     | -      | 17     | 0    | 0    | 0    | -    | -     | 0    | 0    | 
|yolo_pe_pack    | A*B                             | 25     | 8      | -      | -      | 33     | 0    | 0    | -    | -    | -     | 0    | 0    | 
|yolo_pe_pack    | -C+A*B+1-1                      | 25     | 8      | 17     | -      | 17     | 0    | 0    | 0    | -    | -     | 0    | 0    | 
|yolo_pe_pack    | A*B                             | 25     | 8      | -      | -      | 33     | 0    | 0    | -    | -    | -     | 0    | 0    | 
|yolo_pe_pack    | -C+A*B+1-1                      | 25     | 8      | 17     | -      | 17     | 0    | 0    | 0    | -    | -     | 0    | 0    | 
|yolo_pe_pack    | A*B                             | 25     | 8      | -      | -      | 33     | 0    | 0    | -    | -    | -     | 0    | 0    | 
|yolo_pe_pack    | -C+A*B+1-1                      | 25     | 8      | 17     | -      | 17     | 0    | 0    | 0    | -    | -     | 0    | 0    | 
|yolo_pe_pack    | A*B                             | 25     | 8      | -      | -      | 33     | 0    | 0    | -    | -    | -     | 0    | 0    | 
|yolo_pe_pack    | -C+A*B+1-1                      | 25     | 8      | 17     | -      | 17     | 0    | 0    | 0    | -    | -     | 0    | 0    | 
|yolo_pe_pack    | A*B                             | 25     | 8      | -      | -      | 33     | 0    | 0    | -    | -    | -     | 0    | 0    | 
|yolo_pe_pack    | -C+A*B+1-1                      | 25     | 8      | 17     | -      | 17     | 0    | 0    | 0    | -    | -     | 0    | 0    | 
|yolo_pe_pack    | A*B                             | 25     | 8      | -      | -      | 33     | 0    | 0    | -    | -    | -     | 0    | 0    | 
|yolo_pe_pack    | -C+A*B+1-1                      | 25     | 8      | 17     | -      | 17     | 0    | 0    | 0    | -    | -     | 0    | 0    | 
|yolo_pe_pack    | A*B                             | 25     | 8      | -      | -      | 33     | 0    | 0    | -    | -    | -     | 0    | 0    | 
|yolo_pe_pack    | -C+A*B+1-1                      | 25     | 8      | 17     | -      | 17     | 0    | 0    | 0    | -    | -     | 0    | 0    | 
|yolo_pe_pack    | A*B                             | 25     | 8      | -      | -      | 33     | 0    | 0    | -    | -    | -     | 0    | 0    | 
|yolo_pe_pack    | -C+A*B+1-1                      | 25     | 8      | 17     | -      | 17     | 0    | 0    | 0    | -    | -     | 0    | 0    | 
|yolo_pe_pack    | A*B                             | 25     | 8      | -      | -      | 33     | 0    | 0    | -    | -    | -     | 0    | 0    | 
|yolo_pe_pack    | -C+A*B+1-1                      | 25     | 8      | 17     | -      | 17     | 0    | 0    | 0    | -    | -     | 0    | 0    | 
|yolo_pe_pack    | A*B                             | 25     | 8      | -      | -      | 33     | 0    | 0    | -    | -    | -     | 0    | 0    | 
|yolo_pe_pack    | -C+A*B+1-1                      | 25     | 8      | 17     | -      | 17     | 0    | 0    | 0    | -    | -     | 0    | 0    | 
|yolo_pe_pack    | A*B                             | 25     | 8      | -      | -      | 33     | 0    | 0    | -    | -    | -     | 0    | 0    | 
|yolo_pe_pack    | -C+A*B+1-1                      | 25     | 8      | 17     | -      | 17     | 0    | 0    | 0    | -    | -     | 0    | 0    | 
|yolo_pe_pack    | A*B                             | 25     | 8      | -      | -      | 33     | 0    | 0    | -    | -    | -     | 0    | 0    | 
|yolo_pe_pack    | -C+A*B+1-1                      | 25     | 8      | 17     | -      | 17     | 0    | 0    | 0    | -    | -     | 0    | 0    | 
|yolo_pe_pack    | A*B                             | 25     | 8      | -      | -      | 33     | 0    | 0    | -    | -    | -     | 0    | 0    | 
|yolo_pe_pack    | -C+A*B+1-1                      | 25     | 8      | 17     | -      | 17     | 0    | 0    | 0    | -    | -     | 0    | 0    | 
|yolo_pe_pack    | A*B                             | 25     | 8      | -      | -      | 33     | 0    | 0    | -    | -    | -     | 0    | 0    | 
|yolo_pe_pack    | -C+A*B+1-1                      | 25     | 8      | 17     | -      | 17     | 0    | 0    | 0    | -    | -     | 0    | 0    | 
|yolo_pe_pack    | A*B                             | 25     | 8      | -      | -      | 33     | 0    | 0    | -    | -    | -     | 0    | 0    | 
|yolo_pe_pack    | -C+A*B+1-1                      | 25     | 8      | 17     | -      | 17     | 0    | 0    | 0    | -    | -     | 0    | 0    | 
|yolo_pe_pack    | A*B                             | 25     | 8      | -      | -      | 33     | 0    | 0    | -    | -    | -     | 0    | 0    | 
|yolo_pe_pack    | -C+A*B+1-1                      | 25     | 8      | 17     | -      | 17     | 0    | 0    | 0    | -    | -     | 0    | 0    | 
|yolo_pe_pack    | A*B                             | 25     | 8      | -      | -      | 33     | 0    | 0    | -    | -    | -     | 0    | 0    | 
|yolo_pe_pack    | -C+A*B+1-1                      | 25     | 8      | 17     | -      | 17     | 0    | 0    | 0    | -    | -     | 0    | 0    | 
|yolo_pe_pack    | A*B                             | 25     | 8      | -      | -      | 33     | 0    | 0    | -    | -    | -     | 0    | 0    | 
|yolo_pe_pack    | -C+A*B+1-1                      | 25     | 8      | 17     | -      | 17     | 0    | 0    | 0    | -    | -     | 0    | 0    | 
|yolo_pe_pack    | A*B                             | 25     | 8      | -      | -      | 33     | 0    | 0    | -    | -    | -     | 0    | 0    | 
|yolo_pe_pack    | -C+A*B+1-1                      | 25     | 8      | 17     | -      | 17     | 0    | 0    | 0    | -    | -     | 0    | 0    | 
|yolo_pe_pack    | A*B                             | 25     | 8      | -      | -      | 33     | 0    | 0    | -    | -    | -     | 0    | 0    | 
|yolo_pe_pack    | -C+A*B+1-1                      | 25     | 8      | 17     | -      | 17     | 0    | 0    | 0    | -    | -     | 0    | 0    | 
|yolo_pe_pack    | A*B                             | 25     | 8      | -      | -      | 33     | 0    | 0    | -    | -    | -     | 0    | 0    | 
|yolo_pe_pack    | -C+A*B+1-1                      | 25     | 8      | 17     | -      | 17     | 0    | 0    | 0    | -    | -     | 0    | 0    | 
|yolo_pe_pack    | A*B                             | 25     | 8      | -      | -      | 33     | 0    | 0    | -    | -    | -     | 0    | 0    | 
|yolo_pe_pack    | -C+A*B+1-1                      | 25     | 8      | 17     | -      | 17     | 0    | 0    | 0    | -    | -     | 0    | 0    | 
|yolo_pe_pack    | A*B                             | 25     | 8      | -      | -      | 33     | 0    | 0    | -    | -    | -     | 0    | 0    | 
|yolo_pe_pack    | -C+A*B+1-1                      | 25     | 8      | 17     | -      | 17     | 0    | 0    | 0    | -    | -     | 0    | 0    | 
|yolo_pe_pack    | A*B                             | 25     | 8      | -      | -      | 33     | 0    | 0    | -    | -    | -     | 0    | 0    | 
|yolo_pe_pack    | -C+A*B+1-1                      | 25     | 8      | 17     | -      | 17     | 0    | 0    | 0    | -    | -     | 0    | 0    | 
|yolo_pe_pack    | A*B                             | 25     | 8      | -      | -      | 33     | 0    | 0    | -    | -    | -     | 0    | 0    | 
|yolo_pe_pack    | -C+A*B+1-1                      | 25     | 8      | 17     | -      | 17     | 0    | 0    | 0    | -    | -     | 0    | 0    | 
|yolo_pe_pack    | A*B                             | 25     | 8      | -      | -      | 33     | 0    | 0    | -    | -    | -     | 0    | 0    | 
|yolo_pe_pack    | -C+A*B+1-1                      | 25     | 8      | 17     | -      | 17     | 0    | 0    | 0    | -    | -     | 0    | 0    | 
|yolo_pe_pack    | A*B                             | 25     | 8      | -      | -      | 33     | 0    | 0    | -    | -    | -     | 0    | 0    | 
|yolo_pe_pack    | -C+A*B+1-1                      | 25     | 8      | 17     | -      | 17     | 0    | 0    | 0    | -    | -     | 0    | 0    | 
|yolo_pe_pack    | A*B                             | 25     | 8      | -      | -      | 33     | 0    | 0    | -    | -    | -     | 0    | 0    | 
|yolo_pe_pack    | -C+A*B+1-1                      | 25     | 8      | 17     | -      | 17     | 0    | 0    | 0    | -    | -     | 0    | 0    | 
|yolo_pe_pack    | A*B                             | 25     | 8      | -      | -      | 33     | 0    | 0    | -    | -    | -     | 0    | 0    | 
|yolo_pe_pack    | -C+A*B+1-1                      | 25     | 8      | 17     | -      | 17     | 0    | 0    | 0    | -    | -     | 0    | 0    | 
|yolo_pe_pack    | A*B                             | 25     | 8      | -      | -      | 33     | 0    | 0    | -    | -    | -     | 0    | 0    | 
|yolo_pe_pack    | -C+A*B+1-1                      | 25     | 8      | 17     | -      | 17     | 0    | 0    | 0    | -    | -     | 0    | 0    | 
|yolo_pe_pack    | A*B                             | 25     | 8      | -      | -      | 33     | 0    | 0    | -    | -    | -     | 0    | 0    | 
|yolo_pe_pack    | -C+A*B+1-1                      | 25     | 8      | 17     | -      | 17     | 0    | 0    | 0    | -    | -     | 0    | 0    | 
|yolo_pe_pack    | A*B                             | 25     | 8      | -      | -      | 33     | 0    | 0    | -    | -    | -     | 0    | 0    | 
|yolo_pe_pack    | -C+A*B+1-1                      | 25     | 8      | 17     | -      | 17     | 0    | 0    | 0    | -    | -     | 0    | 0    | 
|yolo_pe_pack    | A*B                             | 25     | 8      | -      | -      | 33     | 0    | 0    | -    | -    | -     | 0    | 0    | 
|yolo_pe_pack    | -C+A*B+1-1                      | 25     | 8      | 17     | -      | 17     | 0    | 0    | 0    | -    | -     | 0    | 0    | 
|yolo_pe_pack    | A*B                             | 25     | 8      | -      | -      | 33     | 0    | 0    | -    | -    | -     | 0    | 0    | 
|yolo_pe_pack    | -C+A*B+1-1                      | 25     | 8      | 17     | -      | 17     | 0    | 0    | 0    | -    | -     | 0    | 0    | 
|yolo_pe_pack    | A*B                             | 25     | 8      | -      | -      | 33     | 0    | 0    | -    | -    | -     | 0    | 0    | 
|yolo_pe_pack    | -C+A*B+1-1                      | 25     | 8      | 17     | -      | 17     | 0    | 0    | 0    | -    | -     | 0    | 0    | 
|yolo_pe_pack    | A*B                             | 25     | 8      | -      | -      | 33     | 0    | 0    | -    | -    | -     | 0    | 0    | 
|yolo_pe_pack    | -C+A*B+1-1                      | 25     | 8      | 17     | -      | 17     | 0    | 0    | 0    | -    | -     | 0    | 0    | 
|yolo_pe_pack    | A*B                             | 25     | 8      | -      | -      | 33     | 0    | 0    | -    | -    | -     | 0    | 0    | 
|yolo_pe_pack    | -C+A*B+1-1                      | 25     | 8      | 17     | -      | 17     | 0    | 0    | 0    | -    | -     | 0    | 0    | 
|yolo_pe_pack    | A*B                             | 25     | 8      | -      | -      | 33     | 0    | 0    | -    | -    | -     | 0    | 0    | 
|yolo_pe_pack    | -C+A*B+1-1                      | 25     | 8      | 17     | -      | 17     | 0    | 0    | 0    | -    | -     | 0    | 0    | 
|yolo_pe_pack    | A*B                             | 25     | 8      | -      | -      | 33     | 0    | 0    | -    | -    | -     | 0    | 0    | 
|yolo_pe_pack    | -C+A*B+1-1                      | 25     | 8      | 17     | -      | 17     | 0    | 0    | 0    | -    | -     | 0    | 0    | 
|yolo_pe_pack    | A*B                             | 25     | 8      | -      | -      | 33     | 0    | 0    | -    | -    | -     | 0    | 0    | 
|yolo_pe_pack    | -C+A*B+1-1                      | 25     | 8      | 17     | -      | 17     | 0    | 0    | 0    | -    | -     | 0    | 0    | 
|yolo_pe_pack    | A*B                             | 25     | 8      | -      | -      | 33     | 0    | 0    | -    | -    | -     | 0    | 0    | 
|yolo_pe_pack    | -C+A*B+1-1                      | 25     | 8      | 17     | -      | 17     | 0    | 0    | 0    | -    | -     | 0    | 0    | 
|yolo_pe_pack    | A*B                             | 25     | 8      | -      | -      | 33     | 0    | 0    | -    | -    | -     | 0    | 0    | 
|yolo_pe_pack    | -C+A*B+1-1                      | 25     | 8      | 17     | -      | 17     | 0    | 0    | 0    | -    | -     | 0    | 0    | 
|yolo_pe_pack    | A*B                             | 25     | 8      | -      | -      | 33     | 0    | 0    | -    | -    | -     | 0    | 0    | 
|yolo_pe_pack    | -C+A*B+1-1                      | 25     | 8      | 17     | -      | 17     | 0    | 0    | 0    | -    | -     | 0    | 0    | 
|yolo_pe_pack    | A*B                             | 25     | 8      | -      | -      | 33     | 0    | 0    | -    | -    | -     | 0    | 0    | 
|yolo_pe_pack    | -C+A*B+1-1                      | 25     | 8      | 17     | -      | 17     | 0    | 0    | 0    | -    | -     | 0    | 0    | 
|yolo_pe_pack    | A*B                             | 25     | 8      | -      | -      | 33     | 0    | 0    | -    | -    | -     | 0    | 0    | 
|yolo_pe_pack    | -C+A*B+1-1                      | 25     | 8      | 17     | -      | 17     | 0    | 0    | 0    | -    | -     | 0    | 0    | 
|yolo_pe_pack    | A*B                             | 25     | 8      | -      | -      | 33     | 0    | 0    | -    | -    | -     | 0    | 0    | 
|yolo_pe_pack    | -C+A*B+1-1                      | 25     | 8      | 17     | -      | 17     | 0    | 0    | 0    | -    | -     | 0    | 0    | 
|yolo_pe_pack    | A*B                             | 25     | 8      | -      | -      | 33     | 0    | 0    | -    | -    | -     | 0    | 0    | 
|yolo_pe_pack    | -C+A*B+1-1                      | 25     | 8      | 17     | -      | 17     | 0    | 0    | 0    | -    | -     | 0    | 0    | 
|yolo_pe_pack    | A*B                             | 25     | 8      | -      | -      | 33     | 0    | 0    | -    | -    | -     | 0    | 0    | 
|yolo_pe_pack    | -C+A*B+1-1                      | 25     | 8      | 17     | -      | 17     | 0    | 0    | 0    | -    | -     | 0    | 0    | 
|yolo_pe_pack    | A*B                             | 25     | 8      | -      | -      | 33     | 0    | 0    | -    | -    | -     | 0    | 0    | 
|yolo_pe_pack    | -C+A*B+1-1                      | 25     | 8      | 17     | -      | 17     | 0    | 0    | 0    | -    | -     | 0    | 0    | 
|yolo_pe_pack    | A*B                             | 25     | 8      | -      | -      | 33     | 0    | 0    | -    | -    | -     | 0    | 0    | 
|yolo_pe_pack    | -C+A*B+1-1                      | 25     | 8      | 17     | -      | 17     | 0    | 0    | 0    | -    | -     | 0    | 0    | 
|yolo_pe_pack    | A*B                             | 25     | 8      | -      | -      | 33     | 0    | 0    | -    | -    | -     | 0    | 0    | 
|yolo_pe_pack    | -C+A*B+1-1                      | 25     | 8      | 17     | -      | 17     | 0    | 0    | 0    | -    | -     | 0    | 0    | 
|yolo_pe_pack    | A*B                             | 25     | 8      | -      | -      | 33     | 0    | 0    | -    | -    | -     | 0    | 0    | 
|yolo_pe_pack    | -C+A*B+1-1                      | 25     | 8      | 17     | -      | 17     | 0    | 0    | 0    | -    | -     | 0    | 0    | 
|yolo_pe_pack    | A*B                             | 25     | 8      | -      | -      | 33     | 0    | 0    | -    | -    | -     | 0    | 0    | 
|yolo_pe_pack    | -C+A*B+1-1                      | 25     | 8      | 17     | -      | 17     | 0    | 0    | 0    | -    | -     | 0    | 0    | 
|yolo_pe_pack    | A*B                             | 25     | 8      | -      | -      | 33     | 0    | 0    | -    | -    | -     | 0    | 0    | 
|yolo_pe_pack    | -C+A*B+1-1                      | 25     | 8      | 17     | -      | 17     | 0    | 0    | 0    | -    | -     | 0    | 0    | 
|yolo_pe_pack    | A*B                             | 25     | 8      | -      | -      | 33     | 0    | 0    | -    | -    | -     | 0    | 0    | 
|yolo_pe_pack    | -C+A*B+1-1                      | 25     | 8      | 17     | -      | 17     | 0    | 0    | 0    | -    | -     | 0    | 0    | 
|yolo_pe_pack    | A*B                             | 25     | 8      | -      | -      | 33     | 0    | 0    | -    | -    | -     | 0    | 0    | 
|yolo_pe_pack    | -C+A*B+1-1                      | 25     | 8      | 17     | -      | 17     | 0    | 0    | 0    | -    | -     | 0    | 0    | 
|yolo_pe_pack    | A*B                             | 25     | 8      | -      | -      | 33     | 0    | 0    | -    | -    | -     | 0    | 0    | 
|yolo_pe_pack    | -C+A*B+1-1                      | 25     | 8      | 17     | -      | 17     | 0    | 0    | 0    | -    | -     | 0    | 0    | 
|yolo_pe_pack    | A*B                             | 25     | 8      | -      | -      | 33     | 0    | 0    | -    | -    | -     | 0    | 0    | 
|yolo_pe_pack    | -C+A*B+1-1                      | 25     | 8      | 17     | -      | 17     | 0    | 0    | 0    | -    | -     | 0    | 0    | 
|yolo_pe_pack    | A*B                             | 25     | 8      | -      | -      | 33     | 0    | 0    | -    | -    | -     | 0    | 0    | 
|yolo_pe_pack    | -C+A*B+1-1                      | 25     | 8      | 17     | -      | 17     | 0    | 0    | 0    | -    | -     | 0    | 0    | 
|yolo_pe_pack    | A*B                             | 25     | 8      | -      | -      | 33     | 0    | 0    | -    | -    | -     | 0    | 0    | 
|yolo_pe_pack    | -C+A*B+1-1                      | 25     | 8      | 17     | -      | 17     | 0    | 0    | 0    | -    | -     | 0    | 0    | 
|yolo_pe_pack    | A*B                             | 25     | 8      | -      | -      | 33     | 0    | 0    | -    | -    | -     | 0    | 0    | 
|yolo_pe_pack    | -C+A*B+1-1                      | 25     | 8      | 17     | -      | 17     | 0    | 0    | 0    | -    | -     | 0    | 0    | 
|yolo_pe_pack    | A*B                             | 25     | 8      | -      | -      | 33     | 0    | 0    | -    | -    | -     | 0    | 0    | 
|yolo_pe_pack    | -C+A*B+1-1                      | 25     | 8      | 17     | -      | 17     | 0    | 0    | 0    | -    | -     | 0    | 0    | 
|yolo_pe_pack    | A*B                             | 25     | 8      | -      | -      | 33     | 0    | 0    | -    | -    | -     | 0    | 0    | 
|yolo_pe_pack    | -C+A*B+1-1                      | 25     | 8      | 17     | -      | 17     | 0    | 0    | 0    | -    | -     | 0    | 0    | 
|yolo_pe_pack    | A*B                             | 25     | 8      | -      | -      | 33     | 0    | 0    | -    | -    | -     | 0    | 0    | 
|yolo_pe_pack    | -C+A*B+1-1                      | 25     | 8      | 17     | -      | 17     | 0    | 0    | 0    | -    | -     | 0    | 0    | 
|yolo_pe_pack    | A*B                             | 25     | 8      | -      | -      | 33     | 0    | 0    | -    | -    | -     | 0    | 0    | 
|yolo_pe_pack    | -C+A*B+1-1                      | 25     | 8      | 17     | -      | 17     | 0    | 0    | 0    | -    | -     | 0    | 0    | 
|yolo_pe_pack    | A*B                             | 25     | 8      | -      | -      | 33     | 0    | 0    | -    | -    | -     | 0    | 0    | 
|yolo_pe_pack    | -C+A*B+1-1                      | 25     | 8      | 17     | -      | 17     | 0    | 0    | 0    | -    | -     | 0    | 0    | 
|yolo_pe_pack    | A*B                             | 25     | 8      | -      | -      | 33     | 0    | 0    | -    | -    | -     | 0    | 0    | 
|yolo_pe_pack    | -C+A*B+1-1                      | 25     | 8      | 17     | -      | 17     | 0    | 0    | 0    | -    | -     | 0    | 0    | 
|yolo_pe_pack    | A*B                             | 25     | 8      | -      | -      | 33     | 0    | 0    | -    | -    | -     | 0    | 0    | 
|yolo_pe_pack    | -C+A*B+1-1                      | 25     | 8      | 17     | -      | 17     | 0    | 0    | 0    | -    | -     | 0    | 0    | 
|yolo_pe_pack    | A*B                             | 25     | 8      | -      | -      | 33     | 0    | 0    | -    | -    | -     | 0    | 0    | 
|yolo_pe_pack    | -C+A*B+1-1                      | 25     | 8      | 17     | -      | 17     | 0    | 0    | 0    | -    | -     | 0    | 0    | 
|yolo_pe_pack    | A*B                             | 25     | 8      | -      | -      | 33     | 0    | 0    | -    | -    | -     | 0    | 0    | 
|yolo_pe_pack    | -C+A*B+1-1                      | 25     | 8      | 17     | -      | 17     | 0    | 0    | 0    | -    | -     | 0    | 0    | 
|yolo_pe_pack    | A*B                             | 25     | 8      | -      | -      | 33     | 0    | 0    | -    | -    | -     | 0    | 0    | 
|yolo_pe_pack    | -C+A*B+1-1                      | 25     | 8      | 17     | -      | 17     | 0    | 0    | 0    | -    | -     | 0    | 0    | 
|yolo_pe_pack    | A*B                             | 25     | 8      | -      | -      | 33     | 0    | 0    | -    | -    | -     | 0    | 0    | 
|yolo_pe_pack    | -C+A*B+1-1                      | 25     | 8      | 17     | -      | 17     | 0    | 0    | 0    | -    | -     | 0    | 0    | 
|yolo_pe_pack    | A*B                             | 25     | 8      | -      | -      | 33     | 0    | 0    | -    | -    | -     | 0    | 0    | 
|yolo_pe_pack    | -C+A*B+1-1                      | 25     | 8      | 17     | -      | 17     | 0    | 0    | 0    | -    | -     | 0    | 0    | 
|yolo_pe_pack    | A*B                             | 25     | 8      | -      | -      | 33     | 0    | 0    | -    | -    | -     | 0    | 0    | 
|yolo_pe_pack    | -C+A*B+1-1                      | 25     | 8      | 17     | -      | 17     | 0    | 0    | 0    | -    | -     | 0    | 0    | 
|yolo_pe_pack    | A*B                             | 25     | 8      | -      | -      | 33     | 0    | 0    | -    | -    | -     | 0    | 0    | 
|yolo_pe_pack    | -C+A*B+1-1                      | 25     | 8      | 17     | -      | 17     | 0    | 0    | 0    | -    | -     | 0    | 0    | 
|yolo_pe_pack    | A*B                             | 25     | 8      | -      | -      | 33     | 0    | 0    | -    | -    | -     | 0    | 0    | 
|yolo_pe_pack    | -C+A*B+1-1                      | 25     | 8      | 17     | -      | 17     | 0    | 0    | 0    | -    | -     | 0    | 0    | 
|yolo_pe_pack    | A*B                             | 25     | 8      | -      | -      | 33     | 0    | 0    | -    | -    | -     | 0    | 0    | 
|yolo_pe_pack    | -C+A*B+1-1                      | 25     | 8      | 17     | -      | 17     | 0    | 0    | 0    | -    | -     | 0    | 0    | 
|yolo_pe_pack    | A*B                             | 25     | 8      | -      | -      | 33     | 0    | 0    | -    | -    | -     | 0    | 0    | 
|yolo_pe_pack    | -C+A*B+1-1                      | 25     | 8      | 17     | -      | 17     | 0    | 0    | 0    | -    | -     | 0    | 0    | 
|yolo_pe_pack    | A*B                             | 25     | 8      | -      | -      | 33     | 0    | 0    | -    | -    | -     | 0    | 0    | 
|yolo_addrgen    | C+A*B                           | 16     | 8      | 8      | -      | 18     | 0    | 0    | 0    | -    | -     | 0    | 0    | 
|yolo_addrgen    | C+A*B                           | 16     | 8      | 8      | -      | 18     | 0    | 0    | 0    | -    | -     | 0    | 0    | 
|yolo_addrgen    | A*B                             | 18     | 16     | -      | -      | 34     | 0    | 0    | -    | -    | -     | 0    | 0    | 
|yolo_addrgen    | A*B                             | 16     | 16     | -      | -      | 32     | 0    | 0    | -    | -    | -     | 0    | 0    | 
|yolo_addrgen    | A*B                             | 18     | 17     | -      | -      | 48     | 0    | 0    | -    | -    | -     | 0    | 0    | 
|yolo_addrgen    | (PCIN>>17)+A*B                  | 17     | 16     | -      | -      | 48     | 0    | 0    | -    | -    | -     | 0    | 0    | 
|yolo_addrgen    | (PCIN or 0)+(A:B or 0)+(C or 0) | 14     | 18     | 18     | -      | -1     | 0    | 0    | 0    | -    | -     | 0    | 0    | 
|yolo_ctrl       | (C:0xffffffffffff)+A*B          | 12     | 12     | 12     | -      | 12     | 0    | 0    | 0    | -    | -     | 0    | 0    | 
|yolo_gemm_array | (C:0xffffffffffff)+A*B          | 12     | 12     | 12     | -      | 12     | 0    | 0    | 0    | -    | -     | 0    | 0    | 
|yolo_gemm_array | C+A*B                           | 16     | 16     | 17     | -      | 32     | 0    | 0    | 0    | -    | -     | 0    | 0    | 
+----------------+---------------------------------+--------+--------+--------+--------+--------+------+------+------+------+-------+------+------+

Note: The table above is a preliminary report that shows the DSPs inferred at the current stage of the synthesis flow. Some DSP may be reimplemented as non DSP primitives later in the synthesis flow. Multiple instantiated DSPs are reported only once.
---------------------------------------------------------------------------------
Finished ROM, RAM, DSP, Shift Register and Retiming Reporting
---------------------------------------------------------------------------------
No constraint files found.
---------------------------------------------------------------------------------
Start Timing Optimization
---------------------------------------------------------------------------------
---------------------------------------------------------------------------------
Finished Timing Optimization : Time (s): cpu = 00:01:06 ; elapsed = 00:01:09 . Memory (MB): peak = 1867.289 ; gain = 1316.168
---------------------------------------------------------------------------------
---------------------------------------------------------------------------------
Start ROM, RAM, DSP, Shift Register and Retiming Reporting
---------------------------------------------------------------------------------

Distributed RAM: Final Mapping Report
+----------------+--------------------+-----------+----------------------+---------------+
|Module Name     | RTL Object         | Inference | Size (Depth x Width) | Primitives    | 
+----------------+--------------------+-----------+----------------------+---------------+
|u_xbuf          | g_col[0].mem0_reg  | Implied   | 4 K x 8              | RAM64M x 108  | 
|u_xbuf          | g_col[0].mem1_reg  | Implied   | 4 K x 8              | RAM64M x 108  | 
|u_xbuf          | g_col[1].mem0_reg  | Implied   | 4 K x 8              | RAM64M x 108  | 
|u_xbuf          | g_col[1].mem1_reg  | Implied   | 4 K x 8              | RAM64M x 108  | 
|u_xbuf          | g_col[2].mem0_reg  | Implied   | 4 K x 8              | RAM64M x 108  | 
|u_xbuf          | g_col[2].mem1_reg  | Implied   | 4 K x 8              | RAM64M x 108  | 
|u_xbuf          | g_col[3].mem0_reg  | Implied   | 4 K x 8              | RAM64M x 108  | 
|u_xbuf          | g_col[3].mem1_reg  | Implied   | 4 K x 8              | RAM64M x 108  | 
|u_xbuf          | g_col[4].mem0_reg  | Implied   | 4 K x 8              | RAM64M x 108  | 
|u_xbuf          | g_col[4].mem1_reg  | Implied   | 4 K x 8              | RAM64M x 108  | 
|u_xbuf          | g_col[5].mem0_reg  | Implied   | 4 K x 8              | RAM64M x 108  | 
|u_xbuf          | g_col[5].mem1_reg  | Implied   | 4 K x 8              | RAM64M x 108  | 
|u_xbuf          | g_col[6].mem0_reg  | Implied   | 4 K x 8              | RAM64M x 108  | 
|u_xbuf          | g_col[6].mem1_reg  | Implied   | 4 K x 8              | RAM64M x 108  | 
|u_xbuf          | g_col[7].mem0_reg  | Implied   | 4 K x 8              | RAM64M x 108  | 
|u_xbuf          | g_col[7].mem1_reg  | Implied   | 4 K x 8              | RAM64M x 108  | 
|u_xbuf          | g_col[8].mem0_reg  | Implied   | 4 K x 8              | RAM64M x 108  | 
|u_xbuf          | g_col[8].mem1_reg  | Implied   | 4 K x 8              | RAM64M x 108  | 
|u_xbuf          | g_col[9].mem0_reg  | Implied   | 4 K x 8              | RAM64M x 108  | 
|u_xbuf          | g_col[9].mem1_reg  | Implied   | 4 K x 8              | RAM64M x 108  | 
|u_xbuf          | g_col[10].mem0_reg | Implied   | 4 K x 8              | RAM64M x 108  | 
|u_xbuf          | g_col[10].mem1_reg | Implied   | 4 K x 8              | RAM64M x 108  | 
|u_xbuf          | g_col[11].mem0_reg | Implied   | 4 K x 8              | RAM64M x 108  | 
|u_xbuf          | g_col[11].mem1_reg | Implied   | 4 K x 8              | RAM64M x 108  | 
|u_xbuf          | g_col[12].mem0_reg | Implied   | 4 K x 8              | RAM64M x 108  | 
|u_xbuf          | g_col[12].mem1_reg | Implied   | 4 K x 8              | RAM64M x 108  | 
|u_xbuf          | g_col[13].mem0_reg | Implied   | 4 K x 8              | RAM64M x 108  | 
|u_xbuf          | g_col[13].mem1_reg | Implied   | 4 K x 8              | RAM64M x 108  | 
|u_xbuf          | g_col[14].mem0_reg | Implied   | 4 K x 8              | RAM64M x 108  | 
|u_xbuf          | g_col[14].mem1_reg | Implied   | 4 K x 8              | RAM64M x 108  | 
|u_xbuf          | g_col[15].mem0_reg | Implied   | 4 K x 8              | RAM64M x 108  | 
|u_xbuf          | g_col[15].mem1_reg | Implied   | 4 K x 8              | RAM64M x 108  | 
|yolo_engine_top | u_wbuf/par_b1_reg  | Implied   | 16 x 32              | RAM32M x 6    | 
|yolo_engine_top | u_wbuf/par_m0_reg  | Implied   | 16 x 32              | RAM32M x 6    | 
|yolo_engine_top | u_wbuf/par_m1_reg  | Implied   | 16 x 32              | RAM32M x 6    | 
|yolo_engine_top | u_wbuf/par_s0_reg  | Implied   | 16 x 8               | RAM32M x 2    | 
|yolo_engine_top | u_wbuf/par_s1_reg  | Implied   | 16 x 8               | RAM32M x 2    | 
|yolo_engine_top | u_wbuf/par_b0_reg  | Implied   | 16 x 32              | RAM32M x 6    | 
+----------------+--------------------+-----------+----------------------+---------------+

---------------------------------------------------------------------------------
Finished ROM, RAM, DSP, Shift Register and Retiming Reporting
---------------------------------------------------------------------------------
---------------------------------------------------------------------------------
Start Technology Mapping
---------------------------------------------------------------------------------
---------------------------------------------------------------------------------
Finished Technology Mapping : Time (s): cpu = 00:01:11 ; elapsed = 00:01:14 . Memory (MB): peak = 1867.289 ; gain = 1316.168
---------------------------------------------------------------------------------
---------------------------------------------------------------------------------
Start IO Insertion
---------------------------------------------------------------------------------
---------------------------------------------------------------------------------
Start Flattening Before IO Insertion
---------------------------------------------------------------------------------
---------------------------------------------------------------------------------
Finished Flattening Before IO Insertion
---------------------------------------------------------------------------------
---------------------------------------------------------------------------------
Start Final Netlist Cleanup
---------------------------------------------------------------------------------
---------------------------------------------------------------------------------
Finished Final Netlist Cleanup
---------------------------------------------------------------------------------
---------------------------------------------------------------------------------
Finished IO Insertion : Time (s): cpu = 00:01:15 ; elapsed = 00:01:18 . Memory (MB): peak = 1871.582 ; gain = 1320.461
---------------------------------------------------------------------------------
---------------------------------------------------------------------------------
Start Renaming Generated Instances
---------------------------------------------------------------------------------
---------------------------------------------------------------------------------
Finished Renaming Generated Instances : Time (s): cpu = 00:01:16 ; elapsed = 00:01:18 . Memory (MB): peak = 1871.582 ; gain = 1320.461
---------------------------------------------------------------------------------
---------------------------------------------------------------------------------
Start Rebuilding User Hierarchy
---------------------------------------------------------------------------------
---------------------------------------------------------------------------------
Finished Rebuilding User Hierarchy : Time (s): cpu = 00:01:17 ; elapsed = 00:01:20 . Memory (MB): peak = 1878.812 ; gain = 1327.691
---------------------------------------------------------------------------------
---------------------------------------------------------------------------------
Start Renaming Generated Ports
---------------------------------------------------------------------------------
---------------------------------------------------------------------------------
Finished Renaming Generated Ports : Time (s): cpu = 00:01:18 ; elapsed = 00:01:20 . Memory (MB): peak = 1878.812 ; gain = 1327.691
---------------------------------------------------------------------------------
---------------------------------------------------------------------------------
Start Handling Custom Attributes
---------------------------------------------------------------------------------
---------------------------------------------------------------------------------
Finished Handling Custom Attributes : Time (s): cpu = 00:01:18 ; elapsed = 00:01:21 . Memory (MB): peak = 1878.812 ; gain = 1327.691
---------------------------------------------------------------------------------
---------------------------------------------------------------------------------
Start Renaming Generated Nets
---------------------------------------------------------------------------------
---------------------------------------------------------------------------------
Finished Renaming Generated Nets : Time (s): cpu = 00:01:18 ; elapsed = 00:01:21 . Memory (MB): peak = 1878.812 ; gain = 1327.691
---------------------------------------------------------------------------------
---------------------------------------------------------------------------------
Start Writing Synthesis Report
---------------------------------------------------------------------------------

DSP Final Report (the ' indicates corresponding REG is set)
+----------------+--------------+--------+--------+--------+--------+--------+------+------+------+------+-------+------+------+
|Module Name     | DSP Mapping  | A Size | B Size | C Size | D Size | P Size | AREG | BREG | CREG | DREG | ADREG | MREG | PREG | 
+----------------+--------------+--------+--------+--------+--------+--------+------+------+------+------+-------+------+------+
|yolo_gemm_array | C+A*B        | 16     | 16     | 16     | -      | 32     | 0    | 0    | 0    | -    | -     | 0    | 0    | 
|yolo_pe_pack    | not(C)+A*B+1 | 30     | 0      | 0      | -      | 17     | 0    | 0    | 0    | -    | -     | 0    | 0    | 
|yolo_pe_pack    | A*B          | 30     | 0      | -      | -      | 33     | 0    | 0    | -    | -    | -     | 0    | 0    | 
|yolo_pe_pack    | not(C)+A*B+1 | 30     | 0      | 0      | -      | 17     | 0    | 0    | 0    | -    | -     | 0    | 0    | 
|yolo_pe_pack    | A*B          | 30     | 0      | -      | -      | 33     | 0    | 0    | -    | -    | -     | 0    | 0    | 
|yolo_pe_pack    | not(C)+A*B+1 | 30     | 0      | 0      | -      | 17     | 0    | 0    | 0    | -    | -     | 0    | 0    | 
|yolo_pe_pack    | A*B          | 30     | 0      | -      | -      | 33     | 0    | 0    | -    | -    | -     | 0    | 0    | 
|yolo_pe_pack    | not(C)+A*B+1 | 30     | 0      | 0      | -      | 17     | 0    | 0    | 0    | -    | -     | 0    | 0    | 
|yolo_pe_pack    | A*B          | 30     | 0      | -      | -      | 33     | 0    | 0    | -    | -    | -     | 0    | 0    | 
|yolo_pe_pack    | not(C)+A*B+1 | 30     | 0      | 0      | -      | 17     | 0    | 0    | 0    | -    | -     | 0    | 0    | 
|yolo_pe_pack    | A*B          | 30     | 0      | -      | -      | 33     | 0    | 0    | -    | -    | -     | 0    | 0    | 
|yolo_pe_pack    | not(C)+A*B+1 | 30     | 0      | 0      | -      | 17     | 0    | 0    | 0    | -    | -     | 0    | 0    | 
|yolo_pe_pack    | A*B          | 30     | 0      | -      | -      | 33     | 0    | 0    | -    | -    | -     | 0    | 0    | 
|yolo_pe_pack    | not(C)+A*B+1 | 30     | 0      | 0      | -      | 17     | 0    | 0    | 0    | -    | -     | 0    | 0    | 
|yolo_pe_pack    | A*B          | 30     | 0      | -      | -      | 33     | 0    | 0    | -    | -    | -     | 0    | 0    | 
|yolo_pe_pack    | not(C)+A*B+1 | 30     | 0      | 0      | -      | 17     | 0    | 0    | 0    | -    | -     | 0    | 0    | 
|yolo_pe_pack    | A*B          | 30     | 0      | -      | -      | 33     | 0    | 0    | -    | -    | -     | 0    | 0    | 
|yolo_pe_pack    | not(C)+A*B+1 | 30     | 0      | 0      | -      | 17     | 0    | 0    | 0    | -    | -     | 0    | 0    | 
|yolo_pe_pack    | A*B          | 30     | 0      | -      | -      | 33     | 0    | 0    | -    | -    | -     | 0    | 0    | 
|yolo_pe_pack    | not(C)+A*B+1 | 30     | 0      | 0      | -      | 17     | 0    | 0    | 0    | -    | -     | 0    | 0    | 
|yolo_pe_pack    | A*B          | 30     | 0      | -      | -      | 33     | 0    | 0    | -    | -    | -     | 0    | 0    | 
|yolo_pe_pack    | not(C)+A*B+1 | 30     | 0      | 0      | -      | 17     | 0    | 0    | 0    | -    | -     | 0    | 0    | 
|yolo_pe_pack    | A*B          | 30     | 0      | -      | -      | 33     | 0    | 0    | -    | -    | -     | 0    | 0    | 
|yolo_pe_pack    | not(C)+A*B+1 | 30     | 0      | 0      | -      | 17     | 0    | 0    | 0    | -    | -     | 0    | 0    | 
|yolo_pe_pack    | A*B          | 30     | 0      | -      | -      | 33     | 0    | 0    | -    | -    | -     | 0    | 0    | 
|yolo_pe_pack    | not(C)+A*B+1 | 30     | 0      | 0      | -      | 17     | 0    | 0    | 0    | -    | -     | 0    | 0    | 
|yolo_pe_pack    | A*B          | 30     | 0      | -      | -      | 33     | 0    | 0    | -    | -    | -     | 0    | 0    | 
|yolo_pe_pack    | not(C)+A*B+1 | 30     | 0      | 0      | -      | 17     | 0    | 0    | 0    | -    | -     | 0    | 0    | 
|yolo_pe_pack    | A*B          | 30     | 0      | -      | -      | 33     | 0    | 0    | -    | -    | -     | 0    | 0    | 
|yolo_pe_pack    | not(C)+A*B+1 | 30     | 0      | 0      | -      | 17     | 0    | 0    | 0    | -    | -     | 0    | 0    | 
|yolo_pe_pack    | A*B          | 30     | 0      | -      | -      | 33     | 0    | 0    | -    | -    | -     | 0    | 0    | 
|yolo_pe_pack    | not(C)+A*B+1 | 30     | 0      | 0      | -      | 17     | 0    | 0    | 0    | -    | -     | 0    | 0    | 
|yolo_pe_pack    | A*B          | 30     | 0      | -      | -      | 33     | 0    | 0    | -    | -    | -     | 0    | 0    | 
|yolo_pe_pack    | not(C)+A*B+1 | 30     | 0      | 0      | -      | 17     | 0    | 0    | 0    | -    | -     | 0    | 0    | 
|yolo_pe_pack    | A*B          | 30     | 0      | -      | -      | 33     | 0    | 0    | -    | -    | -     | 0    | 0    | 
|yolo_pe_pack    | not(C)+A*B+1 | 30     | 0      | 0      | -      | 17     | 0    | 0    | 0    | -    | -     | 0    | 0    | 
|yolo_pe_pack    | A*B          | 30     | 0      | -      | -      | 33     | 0    | 0    | -    | -    | -     | 0    | 0    | 
|yolo_pe_pack    | not(C)+A*B+1 | 30     | 0      | 0      | -      | 17     | 0    | 0    | 0    | -    | -     | 0    | 0    | 
|yolo_pe_pack    | A*B          | 30     | 0      | -      | -      | 33     | 0    | 0    | -    | -    | -     | 0    | 0    | 
|yolo_pe_pack    | not(C)+A*B+1 | 30     | 0      | 0      | -      | 17     | 0    | 0    | 0    | -    | -     | 0    | 0    | 
|yolo_pe_pack    | A*B          | 30     | 0      | -      | -      | 33     | 0    | 0    | -    | -    | -     | 0    | 0    | 
|yolo_pe_pack    | not(C)+A*B+1 | 30     | 0      | 0      | -      | 17     | 0    | 0    | 0    | -    | -     | 0    | 0    | 
|yolo_pe_pack    | A*B          | 30     | 0      | -      | -      | 33     | 0    | 0    | -    | -    | -     | 0    | 0    | 
|yolo_pe_pack    | not(C)+A*B+1 | 30     | 0      | 0      | -      | 17     | 0    | 0    | 0    | -    | -     | 0    | 0    | 
|yolo_pe_pack    | A*B          | 30     | 0      | -      | -      | 33     | 0    | 0    | -    | -    | -     | 0    | 0    | 
|yolo_pe_pack    | not(C)+A*B+1 | 30     | 0      | 0      | -      | 17     | 0    | 0    | 0    | -    | -     | 0    | 0    | 
|yolo_pe_pack    | A*B          | 30     | 0      | -      | -      | 33     | 0    | 0    | -    | -    | -     | 0    | 0    | 
|yolo_pe_pack    | not(C)+A*B+1 | 30     | 0      | 0      | -      | 17     | 0    | 0    | 0    | -    | -     | 0    | 0    | 
|yolo_pe_pack    | A*B          | 30     | 0      | -      | -      | 33     | 0    | 0    | -    | -    | -     | 0    | 0    | 
|yolo_pe_pack    | not(C)+A*B+1 | 30     | 0      | 0      | -      | 17     | 0    | 0    | 0    | -    | -     | 0    | 0    | 
|yolo_pe_pack    | A*B          | 30     | 0      | -      | -      | 33     | 0    | 0    | -    | -    | -     | 0    | 0    | 
|yolo_pe_pack    | not(C)+A*B+1 | 30     | 0      | 0      | -      | 17     | 0    | 0    | 0    | -    | -     | 0    | 0    | 
|yolo_pe_pack    | A*B          | 30     | 0      | -      | -      | 33     | 0    | 0    | -    | -    | -     | 0    | 0    | 
|yolo_pe_pack    | not(C)+A*B+1 | 30     | 0      | 0      | -      | 17     | 0    | 0    | 0    | -    | -     | 0    | 0    | 
|yolo_pe_pack    | A*B          | 30     | 0      | -      | -      | 33     | 0    | 0    | -    | -    | -     | 0    | 0    | 
|yolo_pe_pack    | not(C)+A*B+1 | 30     | 0      | 0      | -      | 17     | 0    | 0    | 0    | -    | -     | 0    | 0    | 
|yolo_pe_pack    | A*B          | 30     | 0      | -      | -      | 33     | 0    | 0    | -    | -    | -     | 0    | 0    | 
|yolo_pe_pack    | not(C)+A*B+1 | 30     | 0      | 0      | -      | 17     | 0    | 0    | 0    | -    | -     | 0    | 0    | 
|yolo_pe_pack    | A*B          | 30     | 0      | -      | -      | 33     | 0    | 0    | -    | -    | -     | 0    | 0    | 
|yolo_pe_pack    | not(C)+A*B+1 | 30     | 0      | 0      | -      | 17     | 0    | 0    | 0    | -    | -     | 0    | 0    | 
|yolo_pe_pack    | A*B          | 30     | 0      | -      | -      | 33     | 0    | 0    | -    | -    | -     | 0    | 0    | 
|yolo_pe_pack    | not(C)+A*B+1 | 30     | 0      | 0      | -      | 17     | 0    | 0    | 0    | -    | -     | 0    | 0    | 
|yolo_pe_pack    | A*B          | 30     | 0      | -      | -      | 33     | 0    | 0    | -    | -    | -     | 0    | 0    | 
|yolo_pe_pack    | not(C)+A*B+1 | 30     | 0      | 0      | -      | 17     | 0    | 0    | 0    | -    | -     | 0    | 0    | 
|yolo_pe_pack    | A*B          | 30     | 0      | -      | -      | 33     | 0    | 0    | -    | -    | -     | 0    | 0    | 
|yolo_pe_pack    | not(C)+A*B+1 | 30     | 0      | 0      | -      | 17     | 0    | 0    | 0    | -    | -     | 0    | 0    | 
|yolo_pe_pack    | A*B          | 30     | 0      | -      | -      | 33     | 0    | 0    | -    | -    | -     | 0    | 0    | 
|yolo_pe_pack    | not(C)+A*B+1 | 30     | 0      | 0      | -      | 17     | 0    | 0    | 0    | -    | -     | 0    | 0    | 
|yolo_pe_pack    | A*B          | 30     | 0      | -      | -      | 33     | 0    | 0    | -    | -    | -     | 0    | 0    | 
|yolo_pe_pack    | not(C)+A*B+1 | 30     | 0      | 0      | -      | 17     | 0    | 0    | 0    | -    | -     | 0    | 0    | 
|yolo_pe_pack    | A*B          | 30     | 0      | -      | -      | 33     | 0    | 0    | -    | -    | -     | 0    | 0    | 
|yolo_pe_pack    | not(C)+A*B+1 | 30     | 0      | 0      | -      | 17     | 0    | 0    | 0    | -    | -     | 0    | 0    | 
|yolo_pe_pack    | A*B          | 30     | 0      | -      | -      | 33     | 0    | 0    | -    | -    | -     | 0    | 0    | 
|yolo_pe_pack    | not(C)+A*B+1 | 30     | 0      | 0      | -      | 17     | 0    | 0    | 0    | -    | -     | 0    | 0    | 
|yolo_pe_pack    | A*B          | 30     | 0      | -      | -      | 33     | 0    | 0    | -    | -    | -     | 0    | 0    | 
|yolo_pe_pack    | not(C)+A*B+1 | 30     | 0      | 0      | -      | 17     | 0    | 0    | 0    | -    | -     | 0    | 0    | 
|yolo_pe_pack    | A*B          | 30     | 0      | -      | -      | 33     | 0    | 0    | -    | -    | -     | 0    | 0    | 
|yolo_pe_pack    | not(C)+A*B+1 | 30     | 0      | 0      | -      | 17     | 0    | 0    | 0    | -    | -     | 0    | 0    | 
|yolo_pe_pack    | A*B          | 30     | 0      | -      | -      | 33     | 0    | 0    | -    | -    | -     | 0    | 0    | 
|yolo_pe_pack    | not(C)+A*B+1 | 30     | 0      | 0      | -      | 17     | 0    | 0    | 0    | -    | -     | 0    | 0    | 
|yolo_pe_pack    | A*B          | 30     | 0      | -      | -      | 33     | 0    | 0    | -    | -    | -     | 0    | 0    | 
|yolo_pe_pack    | not(C)+A*B+1 | 30     | 0      | 0      | -      | 17     | 0    | 0    | 0    | -    | -     | 0    | 0    | 
|yolo_pe_pack    | A*B          | 30     | 0      | -      | -      | 33     | 0    | 0    | -    | -    | -     | 0    | 0    | 
|yolo_pe_pack    | not(C)+A*B+1 | 30     | 0      | 0      | -      | 17     | 0    | 0    | 0    | -    | -     | 0    | 0    | 
|yolo_pe_pack    | A*B          | 30     | 0      | -      | -      | 33     | 0    | 0    | -    | -    | -     | 0    | 0    | 
|yolo_pe_pack    | not(C)+A*B+1 | 30     | 0      | 0      | -      | 17     | 0    | 0    | 0    | -    | -     | 0    | 0    | 
|yolo_pe_pack    | A*B          | 30     | 0      | -      | -      | 33     | 0    | 0    | -    | -    | -     | 0    | 0    | 
|yolo_pe_pack    | not(C)+A*B+1 | 30     | 0      | 0      | -      | 17     | 0    | 0    | 0    | -    | -     | 0    | 0    | 
|yolo_pe_pack    | A*B          | 30     | 0      | -      | -      | 33     | 0    | 0    | -    | -    | -     | 0    | 0    | 
|yolo_pe_pack    | not(C)+A*B+1 | 30     | 0      | 0      | -      | 17     | 0    | 0    | 0    | -    | -     | 0    | 0    | 
|yolo_pe_pack    | A*B          | 30     | 0      | -      | -      | 33     | 0    | 0    | -    | -    | -     | 0    | 0    | 
|yolo_pe_pack    | not(C)+A*B+1 | 30     | 0      | 0      | -      | 17     | 0    | 0    | 0    | -    | -     | 0    | 0    | 
|yolo_pe_pack    | A*B          | 30     | 0      | -      | -      | 33     | 0    | 0    | -    | -    | -     | 0    | 0    | 
|yolo_pe_pack    | not(C)+A*B+1 | 30     | 0      | 0      | -      | 17     | 0    | 0    | 0    | -    | -     | 0    | 0    | 
|yolo_pe_pack    | A*B          | 30     | 0      | -      | -      | 33     | 0    | 0    | -    | -    | -     | 0    | 0    | 
|yolo_pe_pack    | not(C)+A*B+1 | 30     | 0      | 0      | -      | 17     | 0    | 0    | 0    | -    | -     | 0    | 0    | 
|yolo_pe_pack    | A*B          | 30     | 0      | -      | -      | 33     | 0    | 0    | -    | -    | -     | 0    | 0    | 
|yolo_pe_pack    | not(C)+A*B+1 | 30     | 0      | 0      | -      | 17     | 0    | 0    | 0    | -    | -     | 0    | 0    | 
|yolo_pe_pack    | A*B          | 30     | 0      | -      | -      | 33     | 0    | 0    | -    | -    | -     | 0    | 0    | 
|yolo_pe_pack    | not(C)+A*B+1 | 30     | 0      | 0      | -      | 17     | 0    | 0    | 0    | -    | -     | 0    | 0    | 
|yolo_pe_pack    | A*B          | 30     | 0      | -      | -      | 33     | 0    | 0    | -    | -    | -     | 0    | 0    | 
|yolo_pe_pack    | not(C)+A*B+1 | 30     | 0      | 0      | -      | 17     | 0    | 0    | 0    | -    | -     | 0    | 0    | 
|yolo_pe_pack    | A*B          | 30     | 0      | -      | -      | 33     | 0    | 0    | -    | -    | -     | 0    | 0    | 
|yolo_pe_pack    | not(C)+A*B+1 | 30     | 0      | 0      | -      | 17     | 0    | 0    | 0    | -    | -     | 0    | 0    | 
|yolo_pe_pack    | A*B          | 30     | 0      | -      | -      | 33     | 0    | 0    | -    | -    | -     | 0    | 0    | 
|yolo_pe_pack    | not(C)+A*B+1 | 30     | 0      | 0      | -      | 17     | 0    | 0    | 0    | -    | -     | 0    | 0    | 
|yolo_pe_pack    | A*B          | 30     | 0      | -      | -      | 33     | 0    | 0    | -    | -    | -     | 0    | 0    | 
|yolo_pe_pack    | not(C)+A*B+1 | 30     | 0      | 0      | -      | 17     | 0    | 0    | 0    | -    | -     | 0    | 0    | 
|yolo_pe_pack    | A*B          | 30     | 0      | -      | -      | 33     | 0    | 0    | -    | -    | -     | 0    | 0    | 
|yolo_pe_pack    | not(C)+A*B+1 | 30     | 0      | 0      | -      | 17     | 0    | 0    | 0    | -    | -     | 0    | 0    | 
|yolo_pe_pack    | A*B          | 30     | 0      | -      | -      | 33     | 0    | 0    | -    | -    | -     | 0    | 0    | 
|yolo_pe_pack    | not(C)+A*B+1 | 30     | 0      | 0      | -      | 17     | 0    | 0    | 0    | -    | -     | 0    | 0    | 
|yolo_pe_pack    | A*B          | 30     | 0      | -      | -      | 33     | 0    | 0    | -    | -    | -     | 0    | 0    | 
|yolo_pe_pack    | not(C)+A*B+1 | 30     | 0      | 0      | -      | 17     | 0    | 0    | 0    | -    | -     | 0    | 0    | 
|yolo_pe_pack    | A*B          | 30     | 0      | -      | -      | 33     | 0    | 0    | -    | -    | -     | 0    | 0    | 
|yolo_pe_pack    | not(C)+A*B+1 | 30     | 0      | 0      | -      | 17     | 0    | 0    | 0    | -    | -     | 0    | 0    | 
|yolo_pe_pack    | A*B          | 30     | 0      | -      | -      | 33     | 0    | 0    | -    | -    | -     | 0    | 0    | 
|yolo_pe_pack    | not(C)+A*B+1 | 30     | 0      | 0      | -      | 17     | 0    | 0    | 0    | -    | -     | 0    | 0    | 
|yolo_pe_pack    | A*B          | 30     | 0      | -      | -      | 33     | 0    | 0    | -    | -    | -     | 0    | 0    | 
|yolo_pe_pack    | not(C)+A*B+1 | 30     | 0      | 0      | -      | 17     | 0    | 0    | 0    | -    | -     | 0    | 0    | 
|yolo_pe_pack    | A*B          | 30     | 0      | -      | -      | 33     | 0    | 0    | -    | -    | -     | 0    | 0    | 
|yolo_pe_pack    | not(C)+A*B+1 | 30     | 0      | 0      | -      | 17     | 0    | 0    | 0    | -    | -     | 0    | 0    | 
|yolo_pe_pack    | A*B          | 30     | 0      | -      | -      | 33     | 0    | 0    | -    | -    | -     | 0    | 0    | 
|yolo_pe_pack    | not(C)+A*B+1 | 30     | 0      | 0      | -      | 17     | 0    | 0    | 0    | -    | -     | 0    | 0    | 
|yolo_pe_pack    | A*B          | 30     | 0      | -      | -      | 33     | 0    | 0    | -    | -    | -     | 0    | 0    | 
|yolo_pe_pack    | not(C)+A*B+1 | 30     | 0      | 0      | -      | 17     | 0    | 0    | 0    | -    | -     | 0    | 0    | 
|yolo_pe_pack    | A*B          | 30     | 0      | -      | -      | 33     | 0    | 0    | -    | -    | -     | 0    | 0    | 
|yolo_pe_pack    | not(C)+A*B+1 | 30     | 0      | 0      | -      | 17     | 0    | 0    | 0    | -    | -     | 0    | 0    | 
|yolo_pe_pack    | A*B          | 30     | 0      | -      | -      | 33     | 0    | 0    | -    | -    | -     | 0    | 0    | 
|yolo_pe_pack    | not(C)+A*B+1 | 30     | 0      | 0      | -      | 17     | 0    | 0    | 0    | -    | -     | 0    | 0    | 
|yolo_pe_pack    | A*B          | 30     | 0      | -      | -      | 33     | 0    | 0    | -    | -    | -     | 0    | 0    | 
|yolo_pe_pack    | not(C)+A*B+1 | 30     | 0      | 0      | -      | 17     | 0    | 0    | 0    | -    | -     | 0    | 0    | 
|yolo_pe_pack    | A*B          | 30     | 0      | -      | -      | 33     | 0    | 0    | -    | -    | -     | 0    | 0    | 
|yolo_pe_pack    | not(C)+A*B+1 | 30     | 0      | 0      | -      | 17     | 0    | 0    | 0    | -    | -     | 0    | 0    | 
|yolo_pe_pack    | A*B          | 30     | 0      | -      | -      | 33     | 0    | 0    | -    | -    | -     | 0    | 0    | 
|yolo_pe_pack    | not(C)+A*B+1 | 30     | 0      | 0      | -      | 17     | 0    | 0    | 0    | -    | -     | 0    | 0    | 
|yolo_pe_pack    | A*B          | 30     | 0      | -      | -      | 33     | 0    | 0    | -    | -    | -     | 0    | 0    | 
|yolo_pe_pack    | not(C)+A*B+1 | 30     | 0      | 0      | -      | 17     | 0    | 0    | 0    | -    | -     | 0    | 0    | 
|yolo_pe_pack    | A*B          | 30     | 0      | -      | -      | 33     | 0    | 0    | -    | -    | -     | 0    | 0    | 
|yolo_pe_pack    | not(C)+A*B+1 | 30     | 0      | 0      | -      | 17     | 0    | 0    | 0    | -    | -     | 0    | 0    | 
|yolo_pe_pack    | A*B          | 30     | 0      | -      | -      | 33     | 0    | 0    | -    | -    | -     | 0    | 0    | 
|yolo_pe_pack    | not(C)+A*B+1 | 30     | 0      | 0      | -      | 17     | 0    | 0    | 0    | -    | -     | 0    | 0    | 
|yolo_pe_pack    | A*B          | 30     | 0      | -      | -      | 33     | 0    | 0    | -    | -    | -     | 0    | 0    | 
|yolo_pe_pack    | not(C)+A*B+1 | 30     | 0      | 0      | -      | 17     | 0    | 0    | 0    | -    | -     | 0    | 0    | 
|yolo_pe_pack    | A*B          | 30     | 0      | -      | -      | 33     | 0    | 0    | -    | -    | -     | 0    | 0    | 
|yolo_pe_pack    | not(C)+A*B+1 | 30     | 0      | 0      | -      | 17     | 0    | 0    | 0    | -    | -     | 0    | 0    | 
|yolo_pe_pack    | A*B          | 30     | 0      | -      | -      | 33     | 0    | 0    | -    | -    | -     | 0    | 0    | 
|yolo_pe_pack    | not(C)+A*B+1 | 30     | 0      | 0      | -      | 17     | 0    | 0    | 0    | -    | -     | 0    | 0    | 
|yolo_pe_pack    | A*B          | 30     | 0      | -      | -      | 33     | 0    | 0    | -    | -    | -     | 0    | 0    | 
|yolo_pe_pack    | not(C)+A*B+1 | 30     | 0      | 0      | -      | 17     | 0    | 0    | 0    | -    | -     | 0    | 0    | 
|yolo_pe_pack    | A*B          | 30     | 0      | -      | -      | 33     | 0    | 0    | -    | -    | -     | 0    | 0    | 
|yolo_pe_pack    | not(C)+A*B+1 | 30     | 0      | 0      | -      | 17     | 0    | 0    | 0    | -    | -     | 0    | 0    | 
|yolo_pe_pack    | A*B          | 30     | 0      | -      | -      | 33     | 0    | 0    | -    | -    | -     | 0    | 0    | 
|yolo_pe_pack    | not(C)+A*B+1 | 30     | 0      | 0      | -      | 17     | 0    | 0    | 0    | -    | -     | 0    | 0    | 
|yolo_pe_pack    | A*B          | 30     | 0      | -      | -      | 33     | 0    | 0    | -    | -    | -     | 0    | 0    | 
|yolo_pe_pack    | not(C)+A*B+1 | 30     | 0      | 0      | -      | 17     | 0    | 0    | 0    | -    | -     | 0    | 0    | 
|yolo_pe_pack    | A*B          | 30     | 0      | -      | -      | 33     | 0    | 0    | -    | -    | -     | 0    | 0    | 
|yolo_pe_pack    | not(C)+A*B+1 | 30     | 0      | 0      | -      | 17     | 0    | 0    | 0    | -    | -     | 0    | 0    | 
|yolo_pe_pack    | A*B          | 30     | 0      | -      | -      | 33     | 0    | 0    | -    | -    | -     | 0    | 0    | 
|yolo_pe_pack    | not(C)+A*B+1 | 30     | 0      | 0      | -      | 17     | 0    | 0    | 0    | -    | -     | 0    | 0    | 
|yolo_pe_pack    | A*B          | 30     | 0      | -      | -      | 33     | 0    | 0    | -    | -    | -     | 0    | 0    | 
|yolo_pe_pack    | not(C)+A*B+1 | 30     | 0      | 0      | -      | 17     | 0    | 0    | 0    | -    | -     | 0    | 0    | 
|yolo_pe_pack    | A*B          | 30     | 0      | -      | -      | 33     | 0    | 0    | -    | -    | -     | 0    | 0    | 
|yolo_pe_pack    | not(C)+A*B+1 | 30     | 0      | 0      | -      | 17     | 0    | 0    | 0    | -    | -     | 0    | 0    | 
|yolo_pe_pack    | A*B          | 30     | 0      | -      | -      | 33     | 0    | 0    | -    | -    | -     | 0    | 0    | 
|yolo_pe_pack    | not(C)+A*B+1 | 30     | 0      | 0      | -      | 17     | 0    | 0    | 0    | -    | -     | 0    | 0    | 
|yolo_pe_pack    | A*B          | 30     | 0      | -      | -      | 33     | 0    | 0    | -    | -    | -     | 0    | 0    | 
|yolo_pe_pack    | not(C)+A*B+1 | 30     | 0      | 0      | -      | 17     | 0    | 0    | 0    | -    | -     | 0    | 0    | 
|yolo_pe_pack    | A*B          | 30     | 0      | -      | -      | 33     | 0    | 0    | -    | -    | -     | 0    | 0    | 
|yolo_pe_pack    | not(C)+A*B+1 | 30     | 0      | 0      | -      | 17     | 0    | 0    | 0    | -    | -     | 0    | 0    | 
|yolo_pe_pack    | A*B          | 30     | 0      | -      | -      | 33     | 0    | 0    | -    | -    | -     | 0    | 0    | 
|yolo_pe_pack    | not(C)+A*B+1 | 30     | 0      | 0      | -      | 17     | 0    | 0    | 0    | -    | -     | 0    | 0    | 
|yolo_pe_pack    | A*B          | 30     | 0      | -      | -      | 33     | 0    | 0    | -    | -    | -     | 0    | 0    | 
|yolo_pe_pack    | not(C)+A*B+1 | 30     | 0      | 0      | -      | 17     | 0    | 0    | 0    | -    | -     | 0    | 0    | 
|yolo_pe_pack    | A*B          | 30     | 0      | -      | -      | 33     | 0    | 0    | -    | -    | -     | 0    | 0    | 
|yolo_pe_pack    | not(C)+A*B+1 | 30     | 0      | 0      | -      | 17     | 0    | 0    | 0    | -    | -     | 0    | 0    | 
|yolo_pe_pack    | A*B          | 30     | 0      | -      | -      | 33     | 0    | 0    | -    | -    | -     | 0    | 0    | 
|yolo_pe_pack    | not(C)+A*B+1 | 30     | 0      | 0      | -      | 17     | 0    | 0    | 0    | -    | -     | 0    | 0    | 
|yolo_pe_pack    | A*B          | 30     | 0      | -      | -      | 33     | 0    | 0    | -    | -    | -     | 0    | 0    | 
|yolo_pe_pack    | not(C)+A*B+1 | 30     | 0      | 0      | -      | 17     | 0    | 0    | 0    | -    | -     | 0    | 0    | 
|yolo_pe_pack    | A*B          | 30     | 0      | -      | -      | 33     | 0    | 0    | -    | -    | -     | 0    | 0    | 
|yolo_pe_pack    | not(C)+A*B+1 | 30     | 0      | 0      | -      | 17     | 0    | 0    | 0    | -    | -     | 0    | 0    | 
|yolo_pe_pack    | A*B          | 30     | 0      | -      | -      | 33     | 0    | 0    | -    | -    | -     | 0    | 0    | 
|yolo_pe_pack    | not(C)+A*B+1 | 30     | 0      | 0      | -      | 17     | 0    | 0    | 0    | -    | -     | 0    | 0    | 
|yolo_pe_pack    | A*B          | 30     | 0      | -      | -      | 33     | 0    | 0    | -    | -    | -     | 0    | 0    | 
|yolo_pe_pack    | not(C)+A*B+1 | 30     | 0      | 0      | -      | 17     | 0    | 0    | 0    | -    | -     | 0    | 0    | 
|yolo_pe_pack    | A*B          | 30     | 0      | -      | -      | 33     | 0    | 0    | -    | -    | -     | 0    | 0    | 
|yolo_pe_pack    | not(C)+A*B+1 | 30     | 0      | 0      | -      | 17     | 0    | 0    | 0    | -    | -     | 0    | 0    | 
|yolo_pe_pack    | A*B          | 30     | 0      | -      | -      | 33     | 0    | 0    | -    | -    | -     | 0    | 0    | 
|yolo_pe_pack    | not(C)+A*B+1 | 30     | 0      | 0      | -      | 17     | 0    | 0    | 0    | -    | -     | 0    | 0    | 
|yolo_pe_pack    | A*B          | 30     | 0      | -      | -      | 33     | 0    | 0    | -    | -    | -     | 0    | 0    | 
|yolo_pe_pack    | not(C)+A*B+1 | 30     | 0      | 0      | -      | 17     | 0    | 0    | 0    | -    | -     | 0    | 0    | 
|yolo_pe_pack    | A*B          | 30     | 0      | -      | -      | 33     | 0    | 0    | -    | -    | -     | 0    | 0    | 
|yolo_pe_pack    | not(C)+A*B+1 | 30     | 0      | 0      | -      | 17     | 0    | 0    | 0    | -    | -     | 0    | 0    | 
|yolo_pe_pack    | A*B          | 30     | 0      | -      | -      | 33     | 0    | 0    | -    | -    | -     | 0    | 0    | 
|yolo_pe_pack    | not(C)+A*B+1 | 30     | 0      | 0      | -      | 17     | 0    | 0    | 0    | -    | -     | 0    | 0    | 
|yolo_pe_pack    | A*B          | 30     | 0      | -      | -      | 33     | 0    | 0    | -    | -    | -     | 0    | 0    | 
|yolo_pe_pack    | not(C)+A*B+1 | 30     | 0      | 0      | -      | 17     | 0    | 0    | 0    | -    | -     | 0    | 0    | 
|yolo_pe_pack    | A*B          | 30     | 0      | -      | -      | 33     | 0    | 0    | -    | -    | -     | 0    | 0    | 
|yolo_pe_pack    | not(C)+A*B+1 | 30     | 0      | 0      | -      | 17     | 0    | 0    | 0    | -    | -     | 0    | 0    | 
|yolo_pe_pack    | A*B          | 30     | 0      | -      | -      | 33     | 0    | 0    | -    | -    | -     | 0    | 0    | 
|yolo_pe_pack    | not(C)+A*B+1 | 30     | 0      | 0      | -      | 17     | 0    | 0    | 0    | -    | -     | 0    | 0    | 
|yolo_pe_pack    | A*B          | 30     | 0      | -      | -      | 33     | 0    | 0    | -    | -    | -     | 0    | 0    | 
|yolo_pe_pack    | not(C)+A*B+1 | 30     | 0      | 0      | -      | 17     | 0    | 0    | 0    | -    | -     | 0    | 0    | 
|yolo_pe_pack    | A*B          | 30     | 0      | -      | -      | 33     | 0    | 0    | -    | -    | -     | 0    | 0    | 
|yolo_pe_pack    | not(C)+A*B+1 | 30     | 0      | 0      | -      | 17     | 0    | 0    | 0    | -    | -     | 0    | 0    | 
|yolo_pe_pack    | A*B          | 30     | 0      | -      | -      | 33     | 0    | 0    | -    | -    | -     | 0    | 0    | 
|yolo_pe_pack    | not(C)+A*B+1 | 30     | 0      | 0      | -      | 17     | 0    | 0    | 0    | -    | -     | 0    | 0    | 
|yolo_pe_pack    | A*B          | 30     | 0      | -      | -      | 33     | 0    | 0    | -    | -    | -     | 0    | 0    | 
|yolo_pe_pack    | not(C)+A*B+1 | 30     | 0      | 0      | -      | 17     | 0    | 0    | 0    | -    | -     | 0    | 0    | 
|yolo_pe_pack    | A*B          | 30     | 0      | -      | -      | 33     | 0    | 0    | -    | -    | -     | 0    | 0    | 
|yolo_pe_pack    | not(C)+A*B+1 | 30     | 0      | 0      | -      | 17     | 0    | 0    | 0    | -    | -     | 0    | 0    | 
|yolo_pe_pack    | A*B          | 30     | 0      | -      | -      | 33     | 0    | 0    | -    | -    | -     | 0    | 0    | 
|yolo_pe_pack    | not(C)+A*B+1 | 30     | 0      | 0      | -      | 17     | 0    | 0    | 0    | -    | -     | 0    | 0    | 
|yolo_pe_pack    | A*B          | 30     | 0      | -      | -      | 33     | 0    | 0    | -    | -    | -     | 0    | 0    | 
|yolo_pe_pack    | not(C)+A*B+1 | 30     | 0      | 0      | -      | 17     | 0    | 0    | 0    | -    | -     | 0    | 0    | 
|yolo_pe_pack    | A*B          | 30     | 0      | -      | -      | 33     | 0    | 0    | -    | -    | -     | 0    | 0    | 
|yolo_pe_pack    | not(C)+A*B+1 | 30     | 0      | 0      | -      | 17     | 0    | 0    | 0    | -    | -     | 0    | 0    | 
|yolo_pe_pack    | A*B          | 30     | 0      | -      | -      | 33     | 0    | 0    | -    | -    | -     | 0    | 0    | 
|yolo_pe_pack    | not(C)+A*B+1 | 30     | 0      | 0      | -      | 17     | 0    | 0    | 0    | -    | -     | 0    | 0    | 
|yolo_pe_pack    | A*B          | 30     | 0      | -      | -      | 33     | 0    | 0    | -    | -    | -     | 0    | 0    | 
|yolo_pe_pack    | not(C)+A*B+1 | 30     | 0      | 0      | -      | 17     | 0    | 0    | 0    | -    | -     | 0    | 0    | 
|yolo_pe_pack    | A*B          | 30     | 0      | -      | -      | 33     | 0    | 0    | -    | -    | -     | 0    | 0    | 
|yolo_pe_pack    | not(C)+A*B+1 | 30     | 0      | 0      | -      | 17     | 0    | 0    | 0    | -    | -     | 0    | 0    | 
|yolo_pe_pack    | A*B          | 30     | 0      | -      | -      | 33     | 0    | 0    | -    | -    | -     | 0    | 0    | 
|yolo_pe_pack    | not(C)+A*B+1 | 30     | 0      | 0      | -      | 17     | 0    | 0    | 0    | -    | -     | 0    | 0    | 
|yolo_pe_pack    | A*B          | 30     | 0      | -      | -      | 33     | 0    | 0    | -    | -    | -     | 0    | 0    | 
|yolo_pe_pack    | not(C)+A*B+1 | 30     | 0      | 0      | -      | 17     | 0    | 0    | 0    | -    | -     | 0    | 0    | 
|yolo_pe_pack    | A*B          | 30     | 0      | -      | -      | 33     | 0    | 0    | -    | -    | -     | 0    | 0    | 
|yolo_addrgen    | A*B          | 18     | 16     | -      | -      | 34     | 0    | 0    | -    | -    | -     | 0    | 0    | 
|yolo_addrgen    | A*B          | 16     | 16     | -      | -      | 32     | 0    | 0    | -    | -    | -     | 0    | 0    | 
|yolo_addrgen    | A*B          | 17     | 16     | -      | -      | 48     | 0    | 0    | -    | -    | -     | 0    | 0    | 
|yolo_addrgen    | PCIN>>17+A*B | 15     | 15     | -      | -      | 15     | 0    | 0    | -    | -    | -     | 0    | 0    | 
|yolo_addrgen    | Dynamic      | -      | -      | -      | -      | 32     | -    | -    | -    | -    | -     | 0    | 0    | 
|yolo_requant    | A*B          | 17     | 18     | -      | -      | 48     | 0    | 0    | -    | -    | -     | 0    | 0    | 
|yolo_requant    | PCIN>>17+A*B | 30     | 18     | -      | -      | 30     | 0    | 0    | -    | -    | -     | 0    | 0    | 
|yolo_requant    | A*B          | 17     | 17     | -      | -      | 48     | 0    | 0    | -    | -    | -     | 0    | 0    | 
|yolo_requant    | PCIN>>17+A*B | 0      | 18     | -      | -      | 47     | 0    | 0    | -    | -    | -     | 0    | 0    | 
+----------------+--------------+--------+--------+--------+--------+--------+------+------+------+------+-------+------+------+


Report BlackBoxes: 
+-+--------------+----------+
| |BlackBox name |Instances |
+-+--------------+----------+
+-+--------------+----------+

Report Cell Usage: 
+------+---------+------+
|      |Cell     |Count |
+------+---------+------+
|1     |CARRY4   |  3280|
|2     |DSP48E1  |   238|
|3     |LUT1     |   277|
|4     |LUT2     | 16899|
|5     |LUT3     |   998|
|6     |LUT4     |  1277|
|7     |LUT5     |   859|
|8     |LUT6     |  8103|
|9     |MUXF7    |  2588|
|10    |MUXF8    |   691|
|11    |RAM32M   |    22|
|12    |RAM32X1D |    12|
|13    |RAM64M   |  3456|
|14    |FDCE     | 13723|
|15    |FDPE     |     1|
|16    |FDRE     |   128|
+------+---------+------+

Report Instance Areas: 
+------+-------------------------------------+-----------------+------+
|      |Instance                             |Module           |Cells |
+------+-------------------------------------+-----------------+------+
|1     |top                                  |                 | 52552|
|2     |  u_array                            |yolo_gemm_array  | 50882|
|3     |    \g_pe_row[0].g_pe_pair[0].u_pe   |yolo_pe_pack     |     4|
|4     |    \g_pe_row[0].g_pe_pair[1].u_pe   |yolo_pe_pack_0   |     4|
|5     |    \g_pe_row[0].g_pe_pair[2].u_pe   |yolo_pe_pack_1   |     4|
|6     |    \g_pe_row[0].g_pe_pair[3].u_pe   |yolo_pe_pack_2   |     4|
|7     |    \g_pe_row[0].g_pe_pair[4].u_pe   |yolo_pe_pack_3   |     4|
|8     |    \g_pe_row[0].g_pe_pair[5].u_pe   |yolo_pe_pack_4   |     4|
|9     |    \g_pe_row[0].g_pe_pair[6].u_pe   |yolo_pe_pack_5   |     4|
|10    |    \g_pe_row[0].g_pe_pair[7].u_pe   |yolo_pe_pack_6   |     1|
|11    |    \g_pe_row[10].g_pe_pair[0].u_pe  |yolo_pe_pack_7   |     4|
|12    |    \g_pe_row[10].g_pe_pair[1].u_pe  |yolo_pe_pack_8   |     4|
|13    |    \g_pe_row[10].g_pe_pair[2].u_pe  |yolo_pe_pack_9   |     4|
|14    |    \g_pe_row[10].g_pe_pair[3].u_pe  |yolo_pe_pack_10  |     4|
|15    |    \g_pe_row[10].g_pe_pair[4].u_pe  |yolo_pe_pack_11  |     4|
|16    |    \g_pe_row[10].g_pe_pair[5].u_pe  |yolo_pe_pack_12  |     4|
|17    |    \g_pe_row[10].g_pe_pair[6].u_pe  |yolo_pe_pack_13  |     4|
|18    |    \g_pe_row[10].g_pe_pair[7].u_pe  |yolo_pe_pack_14  |     1|
|19    |    \g_pe_row[11].g_pe_pair[0].u_pe  |yolo_pe_pack_15  |     4|
|20    |    \g_pe_row[11].g_pe_pair[1].u_pe  |yolo_pe_pack_16  |     4|
|21    |    \g_pe_row[11].g_pe_pair[2].u_pe  |yolo_pe_pack_17  |     4|
|22    |    \g_pe_row[11].g_pe_pair[3].u_pe  |yolo_pe_pack_18  |     4|
|23    |    \g_pe_row[11].g_pe_pair[4].u_pe  |yolo_pe_pack_19  |     4|
|24    |    \g_pe_row[11].g_pe_pair[5].u_pe  |yolo_pe_pack_20  |     4|
|25    |    \g_pe_row[11].g_pe_pair[6].u_pe  |yolo_pe_pack_21  |     4|
|26    |    \g_pe_row[11].g_pe_pair[7].u_pe  |yolo_pe_pack_22  |     1|
|27    |    \g_pe_row[12].g_pe_pair[0].u_pe  |yolo_pe_pack_23  |     4|
|28    |    \g_pe_row[12].g_pe_pair[1].u_pe  |yolo_pe_pack_24  |     4|
|29    |    \g_pe_row[12].g_pe_pair[2].u_pe  |yolo_pe_pack_25  |     4|
|30    |    \g_pe_row[12].g_pe_pair[3].u_pe  |yolo_pe_pack_26  |     4|
|31    |    \g_pe_row[12].g_pe_pair[4].u_pe  |yolo_pe_pack_27  |     4|
|32    |    \g_pe_row[12].g_pe_pair[5].u_pe  |yolo_pe_pack_28  |     4|
|33    |    \g_pe_row[12].g_pe_pair[6].u_pe  |yolo_pe_pack_29  |     4|
|34    |    \g_pe_row[12].g_pe_pair[7].u_pe  |yolo_pe_pack_30  |     4|
|35    |    \g_pe_row[13].g_pe_pair[0].u_pe  |yolo_pe_pack_31  |     4|
|36    |    \g_pe_row[13].g_pe_pair[1].u_pe  |yolo_pe_pack_32  |     4|
|37    |    \g_pe_row[13].g_pe_pair[2].u_pe  |yolo_pe_pack_33  |     4|
|38    |    \g_pe_row[13].g_pe_pair[3].u_pe  |yolo_pe_pack_34  |     4|
|39    |    \g_pe_row[13].g_pe_pair[4].u_pe  |yolo_pe_pack_35  |     4|
|40    |    \g_pe_row[13].g_pe_pair[5].u_pe  |yolo_pe_pack_36  |     4|
|41    |    \g_pe_row[13].g_pe_pair[6].u_pe  |yolo_pe_pack_37  |     4|
|42    |    \g_pe_row[13].g_pe_pair[7].u_pe  |yolo_pe_pack_38  |     4|
|43    |    \g_pe_row[14].g_pe_pair[0].u_pe  |yolo_pe_pack_39  |     4|
|44    |    \g_pe_row[14].g_pe_pair[1].u_pe  |yolo_pe_pack_40  |     4|
|45    |    \g_pe_row[14].g_pe_pair[2].u_pe  |yolo_pe_pack_41  |     4|
|46    |    \g_pe_row[14].g_pe_pair[3].u_pe  |yolo_pe_pack_42  |     4|
|47    |    \g_pe_row[14].g_pe_pair[4].u_pe  |yolo_pe_pack_43  |     4|
|48    |    \g_pe_row[14].g_pe_pair[5].u_pe  |yolo_pe_pack_44  |     4|
|49    |    \g_pe_row[14].g_pe_pair[6].u_pe  |yolo_pe_pack_45  |     4|
|50    |    \g_pe_row[14].g_pe_pair[7].u_pe  |yolo_pe_pack_46  |     1|
|51    |    \g_pe_row[15].g_pe_pair[0].u_pe  |yolo_pe_pack_47  |     4|
|52    |    \g_pe_row[15].g_pe_pair[1].u_pe  |yolo_pe_pack_48  |     4|
|53    |    \g_pe_row[15].g_pe_pair[2].u_pe  |yolo_pe_pack_49  |     4|
|54    |    \g_pe_row[15].g_pe_pair[3].u_pe  |yolo_pe_pack_50  |     4|
|55    |    \g_pe_row[15].g_pe_pair[4].u_pe  |yolo_pe_pack_51  |     4|
|56    |    \g_pe_row[15].g_pe_pair[5].u_pe  |yolo_pe_pack_52  |     4|
|57    |    \g_pe_row[15].g_pe_pair[6].u_pe  |yolo_pe_pack_53  |     4|
|58    |    \g_pe_row[15].g_pe_pair[7].u_pe  |yolo_pe_pack_54  |     1|
|59    |    \g_pe_row[1].g_pe_pair[0].u_pe   |yolo_pe_pack_55  |     4|
|60    |    \g_pe_row[1].g_pe_pair[1].u_pe   |yolo_pe_pack_56  |     4|
|61    |    \g_pe_row[1].g_pe_pair[2].u_pe   |yolo_pe_pack_57  |     4|
|62    |    \g_pe_row[1].g_pe_pair[3].u_pe   |yolo_pe_pack_58  |     4|
|63    |    \g_pe_row[1].g_pe_pair[4].u_pe   |yolo_pe_pack_59  |     4|
|64    |    \g_pe_row[1].g_pe_pair[5].u_pe   |yolo_pe_pack_60  |     4|
|65    |    \g_pe_row[1].g_pe_pair[6].u_pe   |yolo_pe_pack_61  |     4|
|66    |    \g_pe_row[1].g_pe_pair[7].u_pe   |yolo_pe_pack_62  |     1|
|67    |    \g_pe_row[2].g_pe_pair[0].u_pe   |yolo_pe_pack_63  |     4|
|68    |    \g_pe_row[2].g_pe_pair[1].u_pe   |yolo_pe_pack_64  |     4|
|69    |    \g_pe_row[2].g_pe_pair[2].u_pe   |yolo_pe_pack_65  |     4|
|70    |    \g_pe_row[2].g_pe_pair[3].u_pe   |yolo_pe_pack_66  |     4|
|71    |    \g_pe_row[2].g_pe_pair[4].u_pe   |yolo_pe_pack_67  |     4|
|72    |    \g_pe_row[2].g_pe_pair[5].u_pe   |yolo_pe_pack_68  |     4|
|73    |    \g_pe_row[2].g_pe_pair[6].u_pe   |yolo_pe_pack_69  |     4|
|74    |    \g_pe_row[2].g_pe_pair[7].u_pe   |yolo_pe_pack_70  |     1|
|75    |    \g_pe_row[3].g_pe_pair[0].u_pe   |yolo_pe_pack_71  |     4|
|76    |    \g_pe_row[3].g_pe_pair[1].u_pe   |yolo_pe_pack_72  |     4|
|77    |    \g_pe_row[3].g_pe_pair[2].u_pe   |yolo_pe_pack_73  |     4|
|78    |    \g_pe_row[3].g_pe_pair[3].u_pe   |yolo_pe_pack_74  |     4|
|79    |    \g_pe_row[3].g_pe_pair[4].u_pe   |yolo_pe_pack_75  |     4|
|80    |    \g_pe_row[3].g_pe_pair[5].u_pe   |yolo_pe_pack_76  |     4|
|81    |    \g_pe_row[3].g_pe_pair[6].u_pe   |yolo_pe_pack_77  |     4|
|82    |    \g_pe_row[3].g_pe_pair[7].u_pe   |yolo_pe_pack_78  |     1|
|83    |    \g_pe_row[4].g_pe_pair[0].u_pe   |yolo_pe_pack_79  |     4|
|84    |    \g_pe_row[4].g_pe_pair[1].u_pe   |yolo_pe_pack_80  |     4|
|85    |    \g_pe_row[4].g_pe_pair[2].u_pe   |yolo_pe_pack_81  |     4|
|86    |    \g_pe_row[4].g_pe_pair[3].u_pe   |yolo_pe_pack_82  |     4|
|87    |    \g_pe_row[4].g_pe_pair[4].u_pe   |yolo_pe_pack_83  |     4|
|88    |    \g_pe_row[4].g_pe_pair[5].u_pe   |yolo_pe_pack_84  |     4|
|89    |    \g_pe_row[4].g_pe_pair[6].u_pe   |yolo_pe_pack_85  |     4|
|90    |    \g_pe_row[4].g_pe_pair[7].u_pe   |yolo_pe_pack_86  |     1|
|91    |    \g_pe_row[5].g_pe_pair[0].u_pe   |yolo_pe_pack_87  |     4|
|92    |    \g_pe_row[5].g_pe_pair[1].u_pe   |yolo_pe_pack_88  |     4|
|93    |    \g_pe_row[5].g_pe_pair[2].u_pe   |yolo_pe_pack_89  |     4|
|94    |    \g_pe_row[5].g_pe_pair[3].u_pe   |yolo_pe_pack_90  |     4|
|95    |    \g_pe_row[5].g_pe_pair[4].u_pe   |yolo_pe_pack_91  |     4|
|96    |    \g_pe_row[5].g_pe_pair[5].u_pe   |yolo_pe_pack_92  |     4|
|97    |    \g_pe_row[5].g_pe_pair[6].u_pe   |yolo_pe_pack_93  |     4|
|98    |    \g_pe_row[5].g_pe_pair[7].u_pe   |yolo_pe_pack_94  |     1|
|99    |    \g_pe_row[6].g_pe_pair[0].u_pe   |yolo_pe_pack_95  |     4|
|100   |    \g_pe_row[6].g_pe_pair[1].u_pe   |yolo_pe_pack_96  |     4|
|101   |    \g_pe_row[6].g_pe_pair[2].u_pe   |yolo_pe_pack_97  |     4|
|102   |    \g_pe_row[6].g_pe_pair[3].u_pe   |yolo_pe_pack_98  |     4|
|103   |    \g_pe_row[6].g_pe_pair[4].u_pe   |yolo_pe_pack_99  |     4|
|104   |    \g_pe_row[6].g_pe_pair[5].u_pe   |yolo_pe_pack_100 |     4|
|105   |    \g_pe_row[6].g_pe_pair[6].u_pe   |yolo_pe_pack_101 |     4|
|106   |    \g_pe_row[6].g_pe_pair[7].u_pe   |yolo_pe_pack_102 |     1|
|107   |    \g_pe_row[7].g_pe_pair[0].u_pe   |yolo_pe_pack_103 |     4|
|108   |    \g_pe_row[7].g_pe_pair[1].u_pe   |yolo_pe_pack_104 |     4|
|109   |    \g_pe_row[7].g_pe_pair[2].u_pe   |yolo_pe_pack_105 |     4|
|110   |    \g_pe_row[7].g_pe_pair[3].u_pe   |yolo_pe_pack_106 |     4|
|111   |    \g_pe_row[7].g_pe_pair[4].u_pe   |yolo_pe_pack_107 |     4|
|112   |    \g_pe_row[7].g_pe_pair[5].u_pe   |yolo_pe_pack_108 |     4|
|113   |    \g_pe_row[7].g_pe_pair[6].u_pe   |yolo_pe_pack_109 |     4|
|114   |    \g_pe_row[7].g_pe_pair[7].u_pe   |yolo_pe_pack_110 |     1|
|115   |    \g_pe_row[8].g_pe_pair[0].u_pe   |yolo_pe_pack_111 |     4|
|116   |    \g_pe_row[8].g_pe_pair[1].u_pe   |yolo_pe_pack_112 |     4|
|117   |    \g_pe_row[8].g_pe_pair[2].u_pe   |yolo_pe_pack_113 |     4|
|118   |    \g_pe_row[8].g_pe_pair[3].u_pe   |yolo_pe_pack_114 |     4|
|119   |    \g_pe_row[8].g_pe_pair[4].u_pe   |yolo_pe_pack_115 |     4|
|120   |    \g_pe_row[8].g_pe_pair[5].u_pe   |yolo_pe_pack_116 |     4|
|121   |    \g_pe_row[8].g_pe_pair[6].u_pe   |yolo_pe_pack_117 |     4|
|122   |    \g_pe_row[8].g_pe_pair[7].u_pe   |yolo_pe_pack_118 |     1|
|123   |    \g_pe_row[9].g_pe_pair[0].u_pe   |yolo_pe_pack_119 |     4|
|124   |    \g_pe_row[9].g_pe_pair[1].u_pe   |yolo_pe_pack_120 |     4|
|125   |    \g_pe_row[9].g_pe_pair[2].u_pe   |yolo_pe_pack_121 |     4|
|126   |    \g_pe_row[9].g_pe_pair[3].u_pe   |yolo_pe_pack_122 |     4|
|127   |    \g_pe_row[9].g_pe_pair[4].u_pe   |yolo_pe_pack_123 |     4|
|128   |    \g_pe_row[9].g_pe_pair[5].u_pe   |yolo_pe_pack_124 |     4|
|129   |    \g_pe_row[9].g_pe_pair[6].u_pe   |yolo_pe_pack_125 |     4|
|130   |    \g_pe_row[9].g_pe_pair[7].u_pe   |yolo_pe_pack_126 |     1|
|131   |    u_acc                            |yolo_acc         | 29922|
|132   |    u_addrgen                        |yolo_addrgen     |  3404|
|133   |    u_ctrl                           |yolo_ctrl        |  1507|
|134   |    u_dma                            |yolo_dma         |   589|
|135   |    u_dma_wr                         |yolo_dma_wr      |   611|
|136   |    u_lut                            |yolo_silu_lut    |  3026|
|137   |    u_requant                        |yolo_requant     |  1203|
|138   |    u_wbuf                           |yolo_wbuf        |   717|
|139   |    u_xbuf                           |yolo_xbuf        |  7309|
|140   |  u_csr                              |yolo_csr         |  1047|
+------+-------------------------------------+-----------------+------+
---------------------------------------------------------------------------------
Finished Writing Synthesis Report : Time (s): cpu = 00:01:18 ; elapsed = 00:01:21 . Memory (MB): peak = 1878.812 ; gain = 1327.691
---------------------------------------------------------------------------------
Synthesis finished with 0 errors, 0 critical warnings and 102 warnings.
Synthesis Optimization Runtime : Time (s): cpu = 00:01:18 ; elapsed = 00:01:21 . Memory (MB): peak = 1878.812 ; gain = 1327.691
Synthesis Optimization Complete : Time (s): cpu = 00:01:18 ; elapsed = 00:01:21 . Memory (MB): peak = 1878.812 ; gain = 1327.691
INFO: [Project 1-571] Translating synthesized netlist
Netlist sorting complete. Time (s): cpu = 00:00:01 ; elapsed = 00:00:00.474 . Memory (MB): peak = 1932.754 ; gain = 0.000
INFO: [Netlist 29-17] Analyzing 10287 Unisim elements for replacement
INFO: [Netlist 29-28] Unisim Transformation completed in 2 CPU seconds
INFO: [Project 1-570] Preparing netlist for logic optimization
INFO: [Opt 31-138] Pushed 0 inverter(s) to 0 load pin(s).
Netlist sorting complete. Time (s): cpu = 00:00:00 ; elapsed = 00:00:00.024 . Memory (MB): peak = 2127.086 ; gain = 0.000
INFO: [Project 1-111] Unisim Transformation Summary:
  A total of 3490 instances were transformed.
  RAM32M => RAM32M (RAMD32(x6), RAMS32(x2)): 22 instances
  RAM32X1D => RAM32X1D (RAMD32(x2)): 12 instances
  RAM64M => RAM64M (RAMD64E(x4)): 3456 instances

Synth Design complete | Checksum: 112a8b26
INFO: [Common 17-83] Releasing license: Synthesis
45 Infos, 102 Warnings, 0 Critical Warnings and 0 Errors encountered.
synth_design completed successfully
synth_design: Time (s): cpu = 00:01:29 ; elapsed = 00:01:33 . Memory (MB): peak = 2127.086 ; gain = 1579.926
# create_clock -period 6.667 -name clk_i [get_ports clk_i]
# opt_design
Command: opt_design
Attempting to get a license for feature 'Implementation' and/or device 'xc7z020'
INFO: [Common 17-349] Got license for feature 'Implementation' and/or device 'xc7z020'
Running DRC as a precondition to command opt_design

Starting DRC Task
INFO: [DRC 23-27] Running DRC with 2 threads
WARNING: [DRC 23-814] Not all possible (connectivity based) DRCs may have been run because this design is seen as Out of Context.
INFO: [Project 1-461] DRC finished with 0 Errors
INFO: [Project 1-462] Please refer to the DRC report (report_drc) for more information.

Time (s): cpu = 00:00:01 ; elapsed = 00:00:00.546 . Memory (MB): peak = 2127.086 ; gain = 0.000

Starting Cache Timing Information Task
INFO: [Timing 38-35] Done setting XDC timing constraints.
Ending Cache Timing Information Task | Checksum: 75fcbb7b

Time (s): cpu = 00:00:08 ; elapsed = 00:00:07 . Memory (MB): peak = 2127.086 ; gain = 0.000

Starting Logic Optimization Task

Phase 1 Initialization

Phase 1.1 Core Generation And Design Setup
Phase 1.1 Core Generation And Design Setup | Checksum: 75fcbb7b

Time (s): cpu = 00:00:00 ; elapsed = 00:00:00.061 . Memory (MB): peak = 2329.438 ; gain = 0.000

Phase 1.2 Setup Constraints And Sort Netlist
Phase 1.2 Setup Constraints And Sort Netlist | Checksum: 75fcbb7b

Time (s): cpu = 00:00:00 ; elapsed = 00:00:00.120 . Memory (MB): peak = 2329.438 ; gain = 0.000
Phase 1 Initialization | Checksum: 75fcbb7b

Time (s): cpu = 00:00:00 ; elapsed = 00:00:00.131 . Memory (MB): peak = 2329.438 ; gain = 0.000

Phase 2 Timer Update And Timing Data Collection

Phase 2.1 Detect if minReqCache needed
Phase 2.1 Detect if minReqCache needed | Checksum: 75fcbb7b

Time (s): cpu = 00:00:00 ; elapsed = 00:00:00.392 . Memory (MB): peak = 2331.629 ; gain = 2.191

Phase 2.2 Timer Update
Phase 2.2 Timer Update | Checksum: 75fcbb7b

Time (s): cpu = 00:00:00 ; elapsed = 00:00:00.487 . Memory (MB): peak = 2331.629 ; gain = 2.191
Phase 2 Timer Update And Timing Data Collection | Checksum: 75fcbb7b

Time (s): cpu = 00:00:00 ; elapsed = 00:00:00.497 . Memory (MB): peak = 2331.629 ; gain = 2.191

Phase 3 Retarget
INFO: [Opt 31-1851] Number of loadless carry chains removed were: 0
INFO: [Opt 31-1834] Total Chains To Be Transformed Were: 0 AND Number of Transformed insts Created are: 0
INFO: [Opt 31-1566] Pulled 4 inverters resulting in an inversion of 16 pins
INFO: [Opt 31-138] Pushed 0 inverter(s) to 0 load pin(s).
INFO: [Opt 31-49] Retargeted 0 cell(s).
Phase 3 Retarget | Checksum: 11c619481

Time (s): cpu = 00:00:01 ; elapsed = 00:00:01 . Memory (MB): peak = 2331.629 ; gain = 2.191
Retarget | Checksum: 11c619481
INFO: [Opt 31-389] Phase Retarget created 0 cells and removed 5 cells

Phase 4 Constant propagation
INFO: [Opt 31-138] Pushed 0 inverter(s) to 0 load pin(s).
Phase 4 Constant propagation | Checksum: 166d87ec0

Time (s): cpu = 00:00:02 ; elapsed = 00:00:02 . Memory (MB): peak = 2331.629 ; gain = 2.191
Constant propagation | Checksum: 166d87ec0
INFO: [Opt 31-389] Phase Constant propagation created 36 cells and removed 586 cells

Phase 5 Sweep
INFO: [Constraints 18-11670] Building netlist checker database with flags, 0x8
Done building netlist checker database: Time (s): cpu = 00:00:00 ; elapsed = 00:00:00.023 . Memory (MB): peak = 2331.629 ; gain = 0.000
INFO: [Constraints 18-11670] Building netlist checker database with flags, 0x8
Done building netlist checker database: Time (s): cpu = 00:00:00 ; elapsed = 00:00:00.024 . Memory (MB): peak = 2331.629 ; gain = 0.000
Phase 5 Sweep | Checksum: e661a66b

Time (s): cpu = 00:00:02 ; elapsed = 00:00:03 . Memory (MB): peak = 2331.629 ; gain = 2.191
Sweep | Checksum: e661a66b
INFO: [Opt 31-389] Phase Sweep created 0 cells and removed 14 cells

Phase 6 BUFG optimization
Phase 6 BUFG optimization | Checksum: e661a66b

Time (s): cpu = 00:00:03 ; elapsed = 00:00:03 . Memory (MB): peak = 2331.629 ; gain = 2.191
BUFG optimization | Checksum: e661a66b
INFO: [Opt 31-662] Phase BUFG optimization created 0 cells of which 0 are BUFGs and removed 0 cells.

Phase 7 Shift Register Optimization
INFO: [Opt 31-1064] SRL Remap converted 0 SRLs to 0 registers and converted 0 registers of register chains to 0 SRLs
Phase 7 Shift Register Optimization | Checksum: e661a66b

Time (s): cpu = 00:00:03 ; elapsed = 00:00:03 . Memory (MB): peak = 2331.629 ; gain = 2.191
Shift Register Optimization | Checksum: e661a66b
INFO: [Opt 31-389] Phase Shift Register Optimization created 0 cells and removed 0 cells

Phase 8 Post Processing Netlist
Phase 8 Post Processing Netlist | Checksum: e661a66b

Time (s): cpu = 00:00:03 ; elapsed = 00:00:03 . Memory (MB): peak = 2331.629 ; gain = 2.191
Post Processing Netlist | Checksum: e661a66b
INFO: [Opt 31-389] Phase Post Processing Netlist created 0 cells and removed 0 cells

Phase 9 Finalization

Phase 9.1 Finalizing Design Cores and Updating Shapes
Phase 9.1 Finalizing Design Cores and Updating Shapes | Checksum: d4e0bb50

Time (s): cpu = 00:00:04 ; elapsed = 00:00:04 . Memory (MB): peak = 2331.629 ; gain = 2.191

Phase 9.2 Verifying Netlist Connectivity

Starting Connectivity Check Task

Time (s): cpu = 00:00:00 ; elapsed = 00:00:00.070 . Memory (MB): peak = 2331.629 ; gain = 0.000
Phase 9.2 Verifying Netlist Connectivity | Checksum: d4e0bb50

Time (s): cpu = 00:00:04 ; elapsed = 00:00:04 . Memory (MB): peak = 2331.629 ; gain = 2.191
Phase 9 Finalization | Checksum: d4e0bb50

Time (s): cpu = 00:00:04 ; elapsed = 00:00:04 . Memory (MB): peak = 2331.629 ; gain = 2.191
Opt_design Change Summary
=========================


-------------------------------------------------------------------------------------------------------------------------
|  Phase                        |  #Cells created  |  #Cells Removed  |  #Constrained objects preventing optimizations  |
-------------------------------------------------------------------------------------------------------------------------
|  Retarget                     |               0  |               5  |                                              0  |
|  Constant propagation         |              36  |             586  |                                              0  |
|  Sweep                        |               0  |              14  |                                              0  |
|  BUFG optimization            |               0  |               0  |                                              0  |
|  Shift Register Optimization  |               0  |               0  |                                              0  |
|  Post Processing Netlist      |               0  |               0  |                                              0  |
-------------------------------------------------------------------------------------------------------------------------


Ending Logic Optimization Task | Checksum: d4e0bb50

Time (s): cpu = 00:00:04 ; elapsed = 00:00:04 . Memory (MB): peak = 2331.629 ; gain = 2.191

Starting Power Optimization Task
INFO: [Pwropt 34-132] Skipping clock gating for clocks with a period < 2.00 ns.
Ending Power Optimization Task | Checksum: d4e0bb50

Time (s): cpu = 00:00:00 ; elapsed = 00:00:00.069 . Memory (MB): peak = 2331.629 ; gain = 0.000

Starting Final Cleanup Task
Ending Final Cleanup Task | Checksum: d4e0bb50

Time (s): cpu = 00:00:00 ; elapsed = 00:00:00.009 . Memory (MB): peak = 2331.629 ; gain = 0.000
Netlist sorting complete. Time (s): cpu = 00:00:00 ; elapsed = 00:00:00.030 . Memory (MB): peak = 2331.629 ; gain = 0.000
INFO: [Common 17-83] Releasing license: Implementation
22 Infos, 1 Warnings, 0 Critical Warnings and 0 Errors encountered.
opt_design completed successfully
opt_design: Time (s): cpu = 00:00:15 ; elapsed = 00:00:14 . Memory (MB): peak = 2331.629 ; gain = 204.543
# place_design
Command: place_design
Attempting to get a license for feature 'Implementation' and/or device 'xc7z020'
INFO: [Common 17-349] Got license for feature 'Implementation' and/or device 'xc7z020'
INFO: [Common 17-83] Releasing license: Implementation
INFO: [DRC 23-27] Running DRC with 2 threads
WARNING: [DRC 23-814] Not all possible (connectivity based) DRCs may have been run because this design is seen as Out of Context.
INFO: [Vivado_Tcl 4-198] DRC finished with 0 Errors
INFO: [Vivado_Tcl 4-199] Please refer to the DRC report (report_drc) for more information.
INFO: [Timing 38-35] Done setting XDC timing constraints.
Running DRC as a precondition to command place_design
INFO: [DRC 23-27] Running DRC with 2 threads
WARNING: [DRC 23-814] Not all possible (connectivity based) DRCs may have been run because this design is seen as Out of Context.
ERROR: [DRC UTLZ-1] Resource utilization: DSP48E1 over-utilized in Top Level Design (This design requires more DSP48E1 cells than are available in the target device. This design requires 238 of such cell types but only 220 compatible sites are available in the target device. Please analyze your synthesis results and constraints to ensure the design is mapped to Xilinx primitives as expected. If so, please consider targeting a larger device.)
ERROR: [DRC UTLZ-1] Resource utilization: DSPs over-utilized in Top Level Design (This design requires more DSPs cells than are available in the target device. This design requires 238 of such cell types but only 220 compatible sites are available in the target device. Please analyze your synthesis results and constraints to ensure the design is mapped to Xilinx primitives as expected. If so, please consider targeting a larger device.)
INFO: [Vivado_Tcl 4-198] DRC finished with 2 Errors
INFO: [Vivado_Tcl 4-199] Please refer to the DRC report (report_drc) for more information.
ERROR: [Vivado_Tcl 4-23] Error(s) found during DRC. Placer not run.
9 Infos, 2 Warnings, 0 Critical Warnings and 3 Errors encountered.
place_design failed
ERROR: [Common 17-39] 'place_design' failed due to earlier errors.

    while executing
"place_design"
    (file "ooc_run01.tcl" line 38)
INFO: [Common 17-206] Exiting Vivado at Wed Sep 16 13:18:15 2026...
