#-----------------------------------------------------------
# Vivado v2025.2 (64-bit)
# SW Build 6299465 on Fri Nov 14 19:35:11 GMT 2025
# IP Build 6300035 on Fri Nov 14 10:48:45 MST 2025
# SharedData Build 6298862 on Thu Nov 13 04:50:51 MST 2025
# Start of session at: Thu Sep 17 02:23:51 2026
# Process ID         : 9032
# Current directory  : E:/competition/2_fpga/3_yolo_zynq/proj/ooc_gate
# Command line       : vivado.exe -mode batch -source ooc_v22.tcl -nojournal -log ooc_v22.log
# Log file           : E:/competition/2_fpga/3_yolo_zynq/proj/ooc_gate/ooc_v22.log
# Journal file       : 
# Running On         : HC-202510241838
# Platform           : Windows Server 2016 or Windows 10
# Operating System   : 26200
# Processor Detail   : AMD Ryzen 5 9600X 6-Core Processor             
# CPU Frequency      : 3893 MHz
# CPU Physical cores : 6
# CPU Logical cores  : 12
# Host memory        : 33410 MB
# Swap memory        : 21474 MB
# Total Virtual      : 54884 MB
# Available Virtual  : 27512 MB
#-----------------------------------------------------------
source ooc_v22.tcl
# set RTL E:/competition/2_fpga/3_yolo_zynq/rtl
# set IPD E:/competition/2_fpga/3_yolo_zynq/ip
# set OUT E:/competition/2_fpga/3_yolo_zynq/proj/ooc_gate
# set filelist [list \
#     $RTL/yolo_engine_top.v \
#     $RTL/yolo_gemm_array.v \
#     $RTL/yolo_csr.v \
#     $RTL/yolo_ctrl.v \
#     $RTL/yolo_dma.v \
#     $RTL/yolo_dma_wr.v \
#     $RTL/yolo_wbuf.v \
#     $RTL/yolo_xbuf.v \
#     $RTL/yolo_addrgen.v \
#     $RTL/yolo_pe_pack.v \
#     $RTL/yolo_acc.v \
#     $RTL/yolo_requant.v \
#     $RTL/yolo_silu_lut.v \
# ]
# create_project -in_memory -part xc7z020clg484-1
# read_verilog $filelist
# read_ip $IPD/yolo_xbuf_bmg/yolo_xbuf_bmg.xci
INFO: [IP_Flow 19-234] Refreshing IP repositories
INFO: [IP_Flow 19-1704] No user IP repositories specified
INFO: [IP_Flow 19-2313] Loaded Vivado IP repository 'F:/vivado2025/2025.2/Vivado/data/ip'.
WARNING: [Vivado 12-13650] The IP file 'E:/competition/2_fpga/3_yolo_zynq/ip/yolo_xbuf_bmg/yolo_xbuf_bmg.xci' has been moved from its original location, as a result the outputs for this IP will now be generated in 'e:/competition/2_fpga/3_yolo_zynq/ip/yolo_xbuf_bmg'. Alternatively a copy of the IP can be imported into the project using one of the 'import_ip' or 'import_files' commands.
# generate_target all [get_ips yolo_xbuf_bmg]
# synth_ip [get_ips yolo_xbuf_bmg] -force
INFO: [IP_Flow 19-1686] Generating 'Instantiation Template' target for IP 'yolo_xbuf_bmg'...
INFO: [IP_Flow 19-1686] Generating 'Synthesis' target for IP 'yolo_xbuf_bmg'...
INFO: [IP_Flow 19-1686] Generating 'Simulation' target for IP 'yolo_xbuf_bmg'...
INFO: [IP_Flow 19-1686] Generating 'Miscellaneous' target for IP 'yolo_xbuf_bmg'...
INFO: [IP_Flow 19-1686] Generating 'Change Log' target for IP 'yolo_xbuf_bmg'...
INFO: [IP_Flow 19-234] Refreshing IP repositories
INFO: [IP_Flow 19-1704] No user IP repositories specified
INFO: [IP_Flow 19-2313] Loaded Vivado IP repository 'F:/vivado2025/2025.2/Vivado/data/ip'.
WARNING: [Vivado 12-13650] The IP file 'E:/competition/2_fpga/3_yolo_zynq/ip/yolo_xbuf_bmg/yolo_xbuf_bmg.xci' has been moved from its original location, as a result the outputs for this IP will now be generated in 'e:/competition/2_fpga/3_yolo_zynq/ip/yolo_xbuf_bmg'. Alternatively a copy of the IP can be imported into the project using one of the 'import_ip' or 'import_files' commands.
Command: synth_design -top yolo_xbuf_bmg -part xc7z020clg484-1 -mode out_of_context
Starting synth_design
Attempting to get a license for feature 'Synthesis' and/or device 'xc7z020'
INFO: [Common 17-349] Got license for feature 'Synthesis' and/or device 'xc7z020'
INFO: [Device 21-403] Loading part xc7z020clg484-1
INFO: [Synth 8-7079] Multithreading enabled for synth_design using a maximum of 2 processes.
INFO: [Synth 8-7078] Launching helper process for spawning children vivado processes
INFO: [Synth 8-7075] Helper process launched with PID 39436
---------------------------------------------------------------------------------
Starting RTL Elaboration : Time (s): cpu = 00:00:04 ; elapsed = 00:00:05 . Memory (MB): peak = 1350.867 ; gain = 541.324
---------------------------------------------------------------------------------
INFO: [Synth 8-638] synthesizing module 'yolo_xbuf_bmg' [e:/competition/2_fpga/3_yolo_zynq/ip/yolo_xbuf_bmg/synth/yolo_xbuf_bmg.vhd:72]
	Parameter C_FAMILY bound to: zynq - type: string 
	Parameter C_XDEVICEFAMILY bound to: zynq - type: string 
	Parameter C_ELABORATION_DIR bound to: ./ - type: string 
	Parameter C_INTERFACE_TYPE bound to: 0 - type: integer 
	Parameter C_AXI_TYPE bound to: 1 - type: integer 
	Parameter C_AXI_SLAVE_TYPE bound to: 0 - type: integer 
	Parameter C_USE_BRAM_BLOCK bound to: 0 - type: integer 
	Parameter C_ENABLE_32BIT_ADDRESS bound to: 0 - type: integer 
	Parameter C_CTRL_ECC_ALGO bound to: NONE - type: string 
	Parameter C_HAS_AXI_ID bound to: 0 - type: integer 
	Parameter C_AXI_ID_WIDTH bound to: 4 - type: integer 
	Parameter C_MEM_TYPE bound to: 1 - type: integer 
	Parameter C_BYTE_SIZE bound to: 8 - type: integer 
	Parameter C_ALGORITHM bound to: 1 - type: integer 
	Parameter C_PRIM_TYPE bound to: 1 - type: integer 
	Parameter C_LOAD_INIT_FILE bound to: 0 - type: integer 
	Parameter C_INIT_FILE_NAME bound to: no_coe_file_loaded - type: string 
	Parameter C_INIT_FILE bound to: yolo_xbuf_bmg.mem - type: string 
	Parameter C_USE_DEFAULT_DATA bound to: 0 - type: integer 
	Parameter C_DEFAULT_DATA bound to: 0 - type: string 
	Parameter C_HAS_RSTA bound to: 0 - type: integer 
	Parameter C_RST_PRIORITY_A bound to: CE - type: string 
	Parameter C_RSTRAM_A bound to: 0 - type: integer 
	Parameter C_INITA_VAL bound to: 0 - type: string 
	Parameter C_HAS_ENA bound to: 0 - type: integer 
	Parameter C_HAS_REGCEA bound to: 0 - type: integer 
	Parameter C_USE_BYTE_WEA bound to: 1 - type: integer 
	Parameter C_WEA_WIDTH bound to: 16 - type: integer 
	Parameter C_WRITE_MODE_A bound to: READ_FIRST - type: string 
	Parameter C_WRITE_WIDTH_A bound to: 128 - type: integer 
	Parameter C_READ_WIDTH_A bound to: 128 - type: integer 
	Parameter C_WRITE_DEPTH_A bound to: 2304 - type: integer 
	Parameter C_READ_DEPTH_A bound to: 2304 - type: integer 
	Parameter C_ADDRA_WIDTH bound to: 12 - type: integer 
	Parameter C_HAS_RSTB bound to: 0 - type: integer 
	Parameter C_RST_PRIORITY_B bound to: CE - type: string 
	Parameter C_RSTRAM_B bound to: 0 - type: integer 
	Parameter C_INITB_VAL bound to: 0 - type: string 
	Parameter C_HAS_ENB bound to: 1 - type: integer 
	Parameter C_HAS_REGCEB bound to: 0 - type: integer 
	Parameter C_USE_BYTE_WEB bound to: 1 - type: integer 
	Parameter C_WEB_WIDTH bound to: 16 - type: integer 
	Parameter C_WRITE_MODE_B bound to: WRITE_FIRST - type: string 
	Parameter C_WRITE_WIDTH_B bound to: 128 - type: integer 
	Parameter C_READ_WIDTH_B bound to: 128 - type: integer 
	Parameter C_WRITE_DEPTH_B bound to: 2304 - type: integer 
	Parameter C_READ_DEPTH_B bound to: 2304 - type: integer 
	Parameter C_ADDRB_WIDTH bound to: 12 - type: integer 
	Parameter C_HAS_MEM_OUTPUT_REGS_A bound to: 0 - type: integer 
	Parameter C_HAS_MEM_OUTPUT_REGS_B bound to: 1 - type: integer 
	Parameter C_HAS_MUX_OUTPUT_REGS_A bound to: 0 - type: integer 
	Parameter C_HAS_MUX_OUTPUT_REGS_B bound to: 0 - type: integer 
	Parameter C_MUX_PIPELINE_STAGES bound to: 0 - type: integer 
	Parameter C_HAS_SOFTECC_INPUT_REGS_A bound to: 0 - type: integer 
	Parameter C_HAS_SOFTECC_OUTPUT_REGS_B bound to: 0 - type: integer 
	Parameter C_USE_SOFTECC bound to: 0 - type: integer 
	Parameter C_USE_ECC bound to: 0 - type: integer 
	Parameter C_EN_ECC_PIPE bound to: 0 - type: integer 
	Parameter C_READ_LATENCY_A bound to: 1 - type: integer 
	Parameter C_READ_LATENCY_B bound to: 1 - type: integer 
	Parameter C_HAS_INJECTERR bound to: 0 - type: integer 
	Parameter C_SIM_COLLISION_CHECK bound to: ALL - type: string 
	Parameter C_COMMON_CLK bound to: 0 - type: integer 
	Parameter C_DISABLE_WARN_BHV_COLL bound to: 0 - type: integer 
	Parameter C_EN_SLEEP_PIN bound to: 0 - type: integer 
	Parameter C_USE_URAM bound to: 0 - type: integer 
	Parameter C_EN_RDADDRA_CHG bound to: 0 - type: integer 
	Parameter C_EN_RDADDRB_CHG bound to: 0 - type: integer 
	Parameter C_EN_DEEPSLEEP_PIN bound to: 0 - type: integer 
	Parameter C_EN_SHUTDOWN_PIN bound to: 0 - type: integer 
	Parameter C_EN_SAFETY_CKT bound to: 0 - type: integer 
	Parameter C_DISABLE_WARN_BHV_RANGE bound to: 0 - type: integer 
	Parameter C_COUNT_36K_BRAM bound to: 10 - type: string 
	Parameter C_COUNT_18K_BRAM bound to: 0 - type: string 
	Parameter C_EST_POWER_SUMMARY bound to: Estimated Power for IP     :     39.34036 mW - type: string 
INFO: [Synth 8-3491] module 'blk_mem_gen_v8_4_12' declared at 'e:/competition/2_fpga/3_yolo_zynq/ip/yolo_xbuf_bmg/hdl/blk_mem_gen_v8_4_vhsyn_rfs.vhd:195209' bound to instance 'U0' of component 'blk_mem_gen_v8_4_12' [e:/competition/2_fpga/3_yolo_zynq/ip/yolo_xbuf_bmg/synth/yolo_xbuf_bmg.vhd:244]
INFO: [Synth 8-256] done synthesizing module 'yolo_xbuf_bmg' (0#1) [e:/competition/2_fpga/3_yolo_zynq/ip/yolo_xbuf_bmg/synth/yolo_xbuf_bmg.vhd:72]
INFO: [Synth 8-7129] Port CLKB in module blk_mem_output_block is either unconnected or has no load
INFO: [Synth 8-7129] Port DOUTA_I[127] in module blk_mem_output_block is either unconnected or has no load
INFO: [Synth 8-7129] Port DOUTA_I[126] in module blk_mem_output_block is either unconnected or has no load
INFO: [Synth 8-7129] Port DOUTA_I[125] in module blk_mem_output_block is either unconnected or has no load
INFO: [Synth 8-7129] Port DOUTA_I[124] in module blk_mem_output_block is either unconnected or has no load
INFO: [Synth 8-7129] Port DOUTA_I[123] in module blk_mem_output_block is either unconnected or has no load
INFO: [Synth 8-7129] Port DOUTA_I[122] in module blk_mem_output_block is either unconnected or has no load
INFO: [Synth 8-7129] Port DOUTA_I[121] in module blk_mem_output_block is either unconnected or has no load
INFO: [Synth 8-7129] Port DOUTA_I[120] in module blk_mem_output_block is either unconnected or has no load
INFO: [Synth 8-7129] Port DOUTA_I[119] in module blk_mem_output_block is either unconnected or has no load
INFO: [Synth 8-7129] Port DOUTA_I[118] in module blk_mem_output_block is either unconnected or has no load
INFO: [Synth 8-7129] Port DOUTA_I[117] in module blk_mem_output_block is either unconnected or has no load
INFO: [Synth 8-7129] Port DOUTA_I[116] in module blk_mem_output_block is either unconnected or has no load
INFO: [Synth 8-7129] Port DOUTA_I[115] in module blk_mem_output_block is either unconnected or has no load
INFO: [Synth 8-7129] Port DOUTA_I[114] in module blk_mem_output_block is either unconnected or has no load
INFO: [Synth 8-7129] Port DOUTA_I[113] in module blk_mem_output_block is either unconnected or has no load
INFO: [Synth 8-7129] Port DOUTA_I[112] in module blk_mem_output_block is either unconnected or has no load
INFO: [Synth 8-7129] Port DOUTA_I[111] in module blk_mem_output_block is either unconnected or has no load
INFO: [Synth 8-7129] Port DOUTA_I[110] in module blk_mem_output_block is either unconnected or has no load
INFO: [Synth 8-7129] Port DOUTA_I[109] in module blk_mem_output_block is either unconnected or has no load
INFO: [Synth 8-7129] Port DOUTA_I[108] in module blk_mem_output_block is either unconnected or has no load
INFO: [Synth 8-7129] Port DOUTA_I[107] in module blk_mem_output_block is either unconnected or has no load
INFO: [Synth 8-7129] Port DOUTA_I[106] in module blk_mem_output_block is either unconnected or has no load
INFO: [Synth 8-7129] Port DOUTA_I[105] in module blk_mem_output_block is either unconnected or has no load
INFO: [Synth 8-7129] Port DOUTA_I[104] in module blk_mem_output_block is either unconnected or has no load
INFO: [Synth 8-7129] Port DOUTA_I[103] in module blk_mem_output_block is either unconnected or has no load
INFO: [Synth 8-7129] Port DOUTA_I[102] in module blk_mem_output_block is either unconnected or has no load
INFO: [Synth 8-7129] Port DOUTA_I[101] in module blk_mem_output_block is either unconnected or has no load
INFO: [Synth 8-7129] Port DOUTA_I[100] in module blk_mem_output_block is either unconnected or has no load
INFO: [Synth 8-7129] Port DOUTA_I[99] in module blk_mem_output_block is either unconnected or has no load
INFO: [Synth 8-7129] Port DOUTA_I[98] in module blk_mem_output_block is either unconnected or has no load
INFO: [Synth 8-7129] Port DOUTA_I[97] in module blk_mem_output_block is either unconnected or has no load
INFO: [Synth 8-7129] Port DOUTA_I[96] in module blk_mem_output_block is either unconnected or has no load
INFO: [Synth 8-7129] Port DOUTA_I[95] in module blk_mem_output_block is either unconnected or has no load
INFO: [Synth 8-7129] Port DOUTA_I[94] in module blk_mem_output_block is either unconnected or has no load
INFO: [Synth 8-7129] Port DOUTA_I[93] in module blk_mem_output_block is either unconnected or has no load
INFO: [Synth 8-7129] Port DOUTA_I[92] in module blk_mem_output_block is either unconnected or has no load
INFO: [Synth 8-7129] Port DOUTA_I[91] in module blk_mem_output_block is either unconnected or has no load
INFO: [Synth 8-7129] Port DOUTA_I[90] in module blk_mem_output_block is either unconnected or has no load
INFO: [Synth 8-7129] Port DOUTA_I[89] in module blk_mem_output_block is either unconnected or has no load
INFO: [Synth 8-7129] Port DOUTA_I[88] in module blk_mem_output_block is either unconnected or has no load
INFO: [Synth 8-7129] Port DOUTA_I[87] in module blk_mem_output_block is either unconnected or has no load
INFO: [Synth 8-7129] Port DOUTA_I[86] in module blk_mem_output_block is either unconnected or has no load
INFO: [Synth 8-7129] Port DOUTA_I[85] in module blk_mem_output_block is either unconnected or has no load
INFO: [Synth 8-7129] Port DOUTA_I[84] in module blk_mem_output_block is either unconnected or has no load
INFO: [Synth 8-7129] Port DOUTA_I[83] in module blk_mem_output_block is either unconnected or has no load
INFO: [Synth 8-7129] Port DOUTA_I[82] in module blk_mem_output_block is either unconnected or has no load
INFO: [Synth 8-7129] Port DOUTA_I[81] in module blk_mem_output_block is either unconnected or has no load
INFO: [Synth 8-7129] Port DOUTA_I[80] in module blk_mem_output_block is either unconnected or has no load
INFO: [Synth 8-7129] Port DOUTA_I[79] in module blk_mem_output_block is either unconnected or has no load
INFO: [Synth 8-7129] Port DOUTA_I[78] in module blk_mem_output_block is either unconnected or has no load
INFO: [Synth 8-7129] Port DOUTA_I[77] in module blk_mem_output_block is either unconnected or has no load
INFO: [Synth 8-7129] Port DOUTA_I[76] in module blk_mem_output_block is either unconnected or has no load
INFO: [Synth 8-7129] Port DOUTA_I[75] in module blk_mem_output_block is either unconnected or has no load
INFO: [Synth 8-7129] Port DOUTA_I[74] in module blk_mem_output_block is either unconnected or has no load
INFO: [Synth 8-7129] Port DOUTA_I[73] in module blk_mem_output_block is either unconnected or has no load
INFO: [Synth 8-7129] Port DOUTA_I[72] in module blk_mem_output_block is either unconnected or has no load
INFO: [Synth 8-7129] Port DOUTA_I[71] in module blk_mem_output_block is either unconnected or has no load
INFO: [Synth 8-7129] Port DOUTA_I[70] in module blk_mem_output_block is either unconnected or has no load
INFO: [Synth 8-7129] Port DOUTA_I[69] in module blk_mem_output_block is either unconnected or has no load
INFO: [Synth 8-7129] Port DOUTA_I[68] in module blk_mem_output_block is either unconnected or has no load
INFO: [Synth 8-7129] Port DOUTA_I[67] in module blk_mem_output_block is either unconnected or has no load
INFO: [Synth 8-7129] Port DOUTA_I[66] in module blk_mem_output_block is either unconnected or has no load
INFO: [Synth 8-7129] Port DOUTA_I[65] in module blk_mem_output_block is either unconnected or has no load
INFO: [Synth 8-7129] Port DOUTA_I[64] in module blk_mem_output_block is either unconnected or has no load
INFO: [Synth 8-7129] Port DOUTA_I[63] in module blk_mem_output_block is either unconnected or has no load
INFO: [Synth 8-7129] Port DOUTA_I[62] in module blk_mem_output_block is either unconnected or has no load
INFO: [Synth 8-7129] Port DOUTA_I[61] in module blk_mem_output_block is either unconnected or has no load
INFO: [Synth 8-7129] Port DOUTA_I[60] in module blk_mem_output_block is either unconnected or has no load
INFO: [Synth 8-7129] Port DOUTA_I[59] in module blk_mem_output_block is either unconnected or has no load
INFO: [Synth 8-7129] Port DOUTA_I[58] in module blk_mem_output_block is either unconnected or has no load
INFO: [Synth 8-7129] Port DOUTA_I[57] in module blk_mem_output_block is either unconnected or has no load
INFO: [Synth 8-7129] Port DOUTA_I[56] in module blk_mem_output_block is either unconnected or has no load
INFO: [Synth 8-7129] Port DOUTA_I[55] in module blk_mem_output_block is either unconnected or has no load
INFO: [Synth 8-7129] Port DOUTA_I[54] in module blk_mem_output_block is either unconnected or has no load
INFO: [Synth 8-7129] Port DOUTA_I[53] in module blk_mem_output_block is either unconnected or has no load
INFO: [Synth 8-7129] Port DOUTA_I[52] in module blk_mem_output_block is either unconnected or has no load
INFO: [Synth 8-7129] Port DOUTA_I[51] in module blk_mem_output_block is either unconnected or has no load
INFO: [Synth 8-7129] Port DOUTA_I[50] in module blk_mem_output_block is either unconnected or has no load
INFO: [Synth 8-7129] Port DOUTA_I[49] in module blk_mem_output_block is either unconnected or has no load
INFO: [Synth 8-7129] Port DOUTA_I[48] in module blk_mem_output_block is either unconnected or has no load
INFO: [Synth 8-7129] Port DOUTA_I[47] in module blk_mem_output_block is either unconnected or has no load
INFO: [Synth 8-7129] Port DOUTA_I[46] in module blk_mem_output_block is either unconnected or has no load
INFO: [Synth 8-7129] Port DOUTA_I[45] in module blk_mem_output_block is either unconnected or has no load
INFO: [Synth 8-7129] Port DOUTA_I[44] in module blk_mem_output_block is either unconnected or has no load
INFO: [Synth 8-7129] Port DOUTA_I[43] in module blk_mem_output_block is either unconnected or has no load
INFO: [Synth 8-7129] Port DOUTA_I[42] in module blk_mem_output_block is either unconnected or has no load
INFO: [Synth 8-7129] Port DOUTA_I[41] in module blk_mem_output_block is either unconnected or has no load
INFO: [Synth 8-7129] Port DOUTA_I[40] in module blk_mem_output_block is either unconnected or has no load
INFO: [Synth 8-7129] Port DOUTA_I[39] in module blk_mem_output_block is either unconnected or has no load
INFO: [Synth 8-7129] Port DOUTA_I[38] in module blk_mem_output_block is either unconnected or has no load
INFO: [Synth 8-7129] Port DOUTA_I[37] in module blk_mem_output_block is either unconnected or has no load
INFO: [Synth 8-7129] Port DOUTA_I[36] in module blk_mem_output_block is either unconnected or has no load
INFO: [Synth 8-7129] Port DOUTA_I[35] in module blk_mem_output_block is either unconnected or has no load
INFO: [Synth 8-7129] Port DOUTA_I[34] in module blk_mem_output_block is either unconnected or has no load
INFO: [Synth 8-7129] Port DOUTA_I[33] in module blk_mem_output_block is either unconnected or has no load
INFO: [Synth 8-7129] Port DOUTA_I[32] in module blk_mem_output_block is either unconnected or has no load
INFO: [Synth 8-7129] Port DOUTA_I[31] in module blk_mem_output_block is either unconnected or has no load
INFO: [Synth 8-7129] Port DOUTA_I[30] in module blk_mem_output_block is either unconnected or has no load
INFO: [Synth 8-7129] Port DOUTA_I[29] in module blk_mem_output_block is either unconnected or has no load
INFO: [Common 17-14] Message 'Synth 8-7129' appears 100 times and further instances of the messages will be disabled. Use the Tcl command set_msg_config to change the current settings.
---------------------------------------------------------------------------------
Finished RTL Elaboration : Time (s): cpu = 00:00:10 ; elapsed = 00:00:11 . Memory (MB): peak = 1741.668 ; gain = 932.125
---------------------------------------------------------------------------------
---------------------------------------------------------------------------------
Start Handling Custom Attributes
---------------------------------------------------------------------------------
---------------------------------------------------------------------------------
Finished Handling Custom Attributes : Time (s): cpu = 00:00:10 ; elapsed = 00:00:11 . Memory (MB): peak = 1741.668 ; gain = 932.125
---------------------------------------------------------------------------------
---------------------------------------------------------------------------------
Finished RTL Optimization Phase 1 : Time (s): cpu = 00:00:10 ; elapsed = 00:00:11 . Memory (MB): peak = 1741.668 ; gain = 932.125
---------------------------------------------------------------------------------
Netlist sorting complete. Time (s): cpu = 00:00:00 ; elapsed = 00:00:00.026 . Memory (MB): peak = 1741.668 ; gain = 0.000
INFO: [Netlist 29-17] Analyzing 10 Unisim elements for replacement
INFO: [Netlist 29-28] Unisim Transformation completed in 0 CPU seconds
INFO: [Project 1-570] Preparing netlist for logic optimization

Processing XDC Constraints
Initializing timing engine
Parsing XDC File [e:/competition/2_fpga/3_yolo_zynq/ip/yolo_xbuf_bmg/yolo_xbuf_bmg_ooc.xdc] for cell 'U0'
Finished Parsing XDC File [e:/competition/2_fpga/3_yolo_zynq/ip/yolo_xbuf_bmg/yolo_xbuf_bmg_ooc.xdc] for cell 'U0'
Completed Processing XDC Constraints

Netlist sorting complete. Time (s): cpu = 00:00:00 ; elapsed = 00:00:00 . Memory (MB): peak = 1741.668 ; gain = 0.000
INFO: [Project 1-111] Unisim Transformation Summary:
No Unisim elements were transformed.

Constraint Validation Runtime : Time (s): cpu = 00:00:00 ; elapsed = 00:00:00.028 . Memory (MB): peak = 1741.668 ; gain = 0.000
---------------------------------------------------------------------------------
Finished Constraint Validation : Time (s): cpu = 00:00:15 ; elapsed = 00:00:16 . Memory (MB): peak = 1741.668 ; gain = 932.125
---------------------------------------------------------------------------------
---------------------------------------------------------------------------------
Start Loading Part and Timing Information
---------------------------------------------------------------------------------
Loading part: xc7z020clg484-1
---------------------------------------------------------------------------------
Finished Loading Part and Timing Information : Time (s): cpu = 00:00:15 ; elapsed = 00:00:16 . Memory (MB): peak = 1741.668 ; gain = 932.125
---------------------------------------------------------------------------------
---------------------------------------------------------------------------------
Start Applying 'set_property' XDC Constraints
---------------------------------------------------------------------------------
---------------------------------------------------------------------------------
Finished applying 'set_property' XDC Constraints : Time (s): cpu = 00:00:15 ; elapsed = 00:00:16 . Memory (MB): peak = 1741.668 ; gain = 932.125
---------------------------------------------------------------------------------
---------------------------------------------------------------------------------
Finished RTL Optimization Phase 2 : Time (s): cpu = 00:00:15 ; elapsed = 00:00:16 . Memory (MB): peak = 1741.668 ; gain = 932.125
---------------------------------------------------------------------------------
---------------------------------------------------------------------------------
Start RTL Component Statistics 
---------------------------------------------------------------------------------
---------------------------------------------------------------------------------
Finished RTL Component Statistics 
---------------------------------------------------------------------------------
---------------------------------------------------------------------------------
Start Part Resource Summary
---------------------------------------------------------------------------------
Part Resources:
DSPs: 220 (col length:60)
BRAMs: 280 (col length: RAMB18 60 RAMB36 30)
---------------------------------------------------------------------------------
Finished Part Resource Summary
---------------------------------------------------------------------------------
---------------------------------------------------------------------------------
Start Cross Boundary and Area Optimization
---------------------------------------------------------------------------------
---------------------------------------------------------------------------------
Finished Cross Boundary and Area Optimization : Time (s): cpu = 00:00:16 ; elapsed = 00:00:17 . Memory (MB): peak = 1741.668 ; gain = 932.125
---------------------------------------------------------------------------------
---------------------------------------------------------------------------------
Start Applying XDC Timing Constraints
---------------------------------------------------------------------------------
---------------------------------------------------------------------------------
Finished Applying XDC Timing Constraints : Time (s): cpu = 00:00:19 ; elapsed = 00:00:21 . Memory (MB): peak = 1741.668 ; gain = 932.125
---------------------------------------------------------------------------------
---------------------------------------------------------------------------------
Start Timing Optimization
---------------------------------------------------------------------------------
---------------------------------------------------------------------------------
Finished Timing Optimization : Time (s): cpu = 00:00:19 ; elapsed = 00:00:21 . Memory (MB): peak = 1741.668 ; gain = 932.125
---------------------------------------------------------------------------------
---------------------------------------------------------------------------------
Start Technology Mapping
---------------------------------------------------------------------------------
---------------------------------------------------------------------------------
Finished Technology Mapping : Time (s): cpu = 00:00:19 ; elapsed = 00:00:21 . Memory (MB): peak = 1741.668 ; gain = 932.125
---------------------------------------------------------------------------------
---------------------------------------------------------------------------------
Start IO Insertion
---------------------------------------------------------------------------------
---------------------------------------------------------------------------------
Start Flattening Before IO Insertion
---------------------------------------------------------------------------------
---------------------------------------------------------------------------------
Finished Flattening Before IO Insertion
---------------------------------------------------------------------------------
---------------------------------------------------------------------------------
Start Final Netlist Cleanup
---------------------------------------------------------------------------------
---------------------------------------------------------------------------------
Finished Final Netlist Cleanup
---------------------------------------------------------------------------------
---------------------------------------------------------------------------------
Finished IO Insertion : Time (s): cpu = 00:00:22 ; elapsed = 00:00:23 . Memory (MB): peak = 1976.984 ; gain = 1167.441
---------------------------------------------------------------------------------
---------------------------------------------------------------------------------
Start Renaming Generated Instances
---------------------------------------------------------------------------------
---------------------------------------------------------------------------------
Finished Renaming Generated Instances : Time (s): cpu = 00:00:22 ; elapsed = 00:00:23 . Memory (MB): peak = 1976.984 ; gain = 1167.441
---------------------------------------------------------------------------------
---------------------------------------------------------------------------------
Start Rebuilding User Hierarchy
---------------------------------------------------------------------------------
---------------------------------------------------------------------------------
Finished Rebuilding User Hierarchy : Time (s): cpu = 00:00:22 ; elapsed = 00:00:23 . Memory (MB): peak = 1976.984 ; gain = 1167.441
---------------------------------------------------------------------------------
---------------------------------------------------------------------------------
Start Renaming Generated Ports
---------------------------------------------------------------------------------
---------------------------------------------------------------------------------
Finished Renaming Generated Ports : Time (s): cpu = 00:00:22 ; elapsed = 00:00:23 . Memory (MB): peak = 1976.984 ; gain = 1167.441
---------------------------------------------------------------------------------
---------------------------------------------------------------------------------
Start Handling Custom Attributes
---------------------------------------------------------------------------------
---------------------------------------------------------------------------------
Finished Handling Custom Attributes : Time (s): cpu = 00:00:22 ; elapsed = 00:00:23 . Memory (MB): peak = 1976.984 ; gain = 1167.441
---------------------------------------------------------------------------------
---------------------------------------------------------------------------------
Start Renaming Generated Nets
---------------------------------------------------------------------------------
---------------------------------------------------------------------------------
Finished Renaming Generated Nets : Time (s): cpu = 00:00:22 ; elapsed = 00:00:23 . Memory (MB): peak = 1976.984 ; gain = 1167.441
---------------------------------------------------------------------------------
---------------------------------------------------------------------------------
Start Writing Synthesis Report
---------------------------------------------------------------------------------

Report BlackBoxes: 
+-+--------------+----------+
| |BlackBox name |Instances |
+-+--------------+----------+
+-+--------------+----------+

Report Cell Usage: 
+------+---------+------+
|      |Cell     |Count |
+------+---------+------+
|1     |LUT2     |     1|
|2     |LUT4     |     5|
|3     |LUT5     |   132|
|4     |RAMB36E1 |    10|
|6     |FDRE     |     6|
+------+---------+------+
---------------------------------------------------------------------------------
Finished Writing Synthesis Report : Time (s): cpu = 00:00:22 ; elapsed = 00:00:23 . Memory (MB): peak = 1976.984 ; gain = 1167.441
---------------------------------------------------------------------------------
Synthesis finished with 0 errors, 0 critical warnings and 0 warnings.
Synthesis Optimization Runtime : Time (s): cpu = 00:00:11 ; elapsed = 00:00:22 . Memory (MB): peak = 1976.984 ; gain = 1167.441
Synthesis Optimization Complete : Time (s): cpu = 00:00:22 ; elapsed = 00:00:23 . Memory (MB): peak = 1976.984 ; gain = 1167.441
INFO: [Project 1-571] Translating synthesized netlist
Netlist sorting complete. Time (s): cpu = 00:00:00 ; elapsed = 00:00:00.013 . Memory (MB): peak = 1976.984 ; gain = 0.000
INFO: [Netlist 29-17] Analyzing 10 Unisim elements for replacement
INFO: [Netlist 29-28] Unisim Transformation completed in 0 CPU seconds
INFO: [Project 1-570] Preparing netlist for logic optimization
Parsing XDC File [e:/competition/2_fpga/3_yolo_zynq/ip/yolo_xbuf_bmg/yolo_xbuf_bmg_ooc.xdc] for cell 'U0'
INFO: [Vivado 12-4761] HD.CLK_SRC property is set on port clka. The net connecting to the port drives either clock PIN or hierarchical black box. Use the create_clock constraint to create a clock on this port prior to setting HD.CLK_SRC.  [e:/competition/2_fpga/3_yolo_zynq/ip/yolo_xbuf_bmg/yolo_xbuf_bmg_ooc.xdc:54]
INFO: [Vivado 12-4761] HD.CLK_SRC property is set on port clkb. The net connecting to the port drives either clock PIN or hierarchical black box. Use the create_clock constraint to create a clock on this port prior to setting HD.CLK_SRC.  [e:/competition/2_fpga/3_yolo_zynq/ip/yolo_xbuf_bmg/yolo_xbuf_bmg_ooc.xdc:57]
Finished Parsing XDC File [e:/competition/2_fpga/3_yolo_zynq/ip/yolo_xbuf_bmg/yolo_xbuf_bmg_ooc.xdc] for cell 'U0'
INFO: [Opt 31-138] Pushed 0 inverter(s) to 0 load pin(s).
Netlist sorting complete. Time (s): cpu = 00:00:00 ; elapsed = 00:00:00 . Memory (MB): peak = 1989.777 ; gain = 0.000
INFO: [Project 1-111] Unisim Transformation Summary:
No Unisim elements were transformed.

Synth Design complete | Checksum: 21d2ddd7
INFO: [Common 17-83] Releasing license: Synthesis
125 Infos, 1 Warnings, 0 Critical Warnings and 0 Errors encountered.
synth_design completed successfully
synth_design: Time (s): cpu = 00:00:25 ; elapsed = 00:00:27 . Memory (MB): peak = 1989.777 ; gain = 1416.238
INFO: [Coretcl 2-1174] Renamed 26 cell refs.
INFO: [Timing 38-480] Writing timing data to binary archive.
INFO: [Common 17-1381] The checkpoint 'e:/competition/2_fpga/3_yolo_zynq/ip/yolo_xbuf_bmg/yolo_xbuf_bmg.dcp' has been generated.
INFO: [Vivado 12-3441] generate_netlist_ip - operation complete
synth_ip: Time (s): cpu = 00:00:26 ; elapsed = 00:00:27 . Memory (MB): peak = 1989.777 ; gain = 1427.812
# synth_design -top yolo_engine_top -part xc7z020clg484-1 -mode out_of_context
Command: synth_design -top yolo_engine_top -part xc7z020clg484-1 -mode out_of_context
Starting synth_design
Attempting to get a license for feature 'Synthesis' and/or device 'xc7z020'
INFO: [Common 17-349] Got license for feature 'Synthesis' and/or device 'xc7z020'
INFO: [Synth 8-7079] Multithreading enabled for synth_design using a maximum of 2 processes.
---------------------------------------------------------------------------------
Starting RTL Elaboration : Time (s): cpu = 00:00:03 ; elapsed = 00:00:04 . Memory (MB): peak = 1989.777 ; gain = 0.000
---------------------------------------------------------------------------------
INFO: [Synth 8-6157] synthesizing module 'yolo_engine_top' [E:/competition/2_fpga/3_yolo_zynq/rtl/yolo_engine_top.v:32]
INFO: [Synth 8-6157] synthesizing module 'yolo_csr' [E:/competition/2_fpga/3_yolo_zynq/rtl/yolo_csr.v:75]
	Parameter C_BASEADDR bound to: 1136721920 - type: integer 
	Parameter OC_AW bound to: 11 - type: integer 
	Parameter N_AW bound to: 16 - type: integer 
	Parameter K_AW bound to: 12 - type: integer 
INFO: [Synth 8-6155] done synthesizing module 'yolo_csr' (0#1) [E:/competition/2_fpga/3_yolo_zynq/rtl/yolo_csr.v:75]
INFO: [Synth 8-6157] synthesizing module 'yolo_gemm_array' [E:/competition/2_fpga/3_yolo_zynq/rtl/yolo_gemm_array.v:171]
	Parameter OC_EDGE bound to: 16 - type: integer 
	Parameter N_EDGE bound to: 16 - type: integer 
	Parameter K_MAX bound to: 2304 - type: integer 
	Parameter AW bound to: 12 - type: integer 
	Parameter ROW_AW bound to: 4 - type: integer 
	Parameter COL_AW bound to: 4 - type: integer 
	Parameter ADDR_W bound to: 32 - type: integer 
	Parameter LEN_W bound to: 24 - type: integer 
	Parameter OC_AW bound to: 11 - type: integer 
	Parameter N_AW bound to: 16 - type: integer 
	Parameter K_AW bound to: 12 - type: integer 
	Parameter TILE_AW bound to: 12 - type: integer 
	Parameter MAX_BURST bound to: 16 - type: integer 
INFO: [Synth 8-6157] synthesizing module 'yolo_pe_pack' [E:/competition/2_fpga/3_yolo_zynq/rtl/yolo_pe_pack.v:96]
INFO: [Synth 8-6157] synthesizing module 'DSP48E1' [F:/vivado2025/2025.2/Vivado/scripts/rt/data/unisim_comp.v:48135]
	Parameter ACASCREG bound to: 1 - type: integer 
	Parameter ADREG bound to: 0 - type: integer 
	Parameter ALUMODEREG bound to: 0 - type: integer 
	Parameter AREG bound to: 1 - type: integer 
	Parameter A_INPUT bound to: DIRECT - type: string 
	Parameter BCASCREG bound to: 1 - type: integer 
	Parameter BREG bound to: 1 - type: integer 
	Parameter B_INPUT bound to: DIRECT - type: string 
	Parameter CARRYINREG bound to: 0 - type: integer 
	Parameter CARRYINSELREG bound to: 0 - type: integer 
	Parameter CREG bound to: 1 - type: integer 
	Parameter DREG bound to: 1 - type: integer 
	Parameter INMODEREG bound to: 0 - type: integer 
	Parameter MREG bound to: 1 - type: integer 
	Parameter OPMODEREG bound to: 0 - type: integer 
	Parameter PREG bound to: 1 - type: integer 
	Parameter USE_DPORT bound to: FALSE - type: string 
	Parameter USE_MULT bound to: MULTIPLY - type: string 
	Parameter USE_PATTERN_DETECT bound to: NO_PATDET - type: string 
	Parameter USE_SIMD bound to: ONE48 - type: string 
INFO: [Synth 8-6155] done synthesizing module 'DSP48E1' (0#1) [F:/vivado2025/2025.2/Vivado/scripts/rt/data/unisim_comp.v:48135]
INFO: [Synth 8-6155] done synthesizing module 'yolo_pe_pack' (0#1) [E:/competition/2_fpga/3_yolo_zynq/rtl/yolo_pe_pack.v:96]
INFO: [Synth 8-6157] synthesizing module 'yolo_acc' [E:/competition/2_fpga/3_yolo_zynq/rtl/yolo_acc.v:30]
	Parameter N_LANES bound to: 8 - type: integer 
	Parameter DATA_W bound to: 32 - type: integer 
INFO: [Synth 8-6155] done synthesizing module 'yolo_acc' (0#1) [E:/competition/2_fpga/3_yolo_zynq/rtl/yolo_acc.v:30]
INFO: [Synth 8-6157] synthesizing module 'yolo_ctrl' [E:/competition/2_fpga/3_yolo_zynq/rtl/yolo_ctrl.v:92]
	Parameter OC_EDGE bound to: 16 - type: integer 
	Parameter N_EDGE bound to: 16 - type: integer 
	Parameter OC_AW bound to: 11 - type: integer 
	Parameter N_AW bound to: 16 - type: integer 
	Parameter K_AW bound to: 12 - type: integer 
	Parameter TILE_AW bound to: 12 - type: integer 
INFO: [Synth 8-6155] done synthesizing module 'yolo_ctrl' (0#1) [E:/competition/2_fpga/3_yolo_zynq/rtl/yolo_ctrl.v:92]
INFO: [Synth 8-6157] synthesizing module 'yolo_dma' [E:/competition/2_fpga/3_yolo_zynq/rtl/yolo_dma.v:56]
	Parameter ADDR_W bound to: 32 - type: integer 
	Parameter LEN_W bound to: 24 - type: integer 
	Parameter MAX_BURST bound to: 16 - type: integer 
INFO: [Synth 8-6155] done synthesizing module 'yolo_dma' (0#1) [E:/competition/2_fpga/3_yolo_zynq/rtl/yolo_dma.v:56]
INFO: [Synth 8-6157] synthesizing module 'yolo_addrgen' [E:/competition/2_fpga/3_yolo_zynq/rtl/yolo_addrgen.v:98]
	Parameter AW bound to: 32 - type: integer 
INFO: [Synth 8-6155] done synthesizing module 'yolo_addrgen' (0#1) [E:/competition/2_fpga/3_yolo_zynq/rtl/yolo_addrgen.v:98]
INFO: [Synth 8-6157] synthesizing module 'yolo_wbuf' [E:/competition/2_fpga/3_yolo_zynq/rtl/yolo_wbuf.v:33]
	Parameter N_ROWS bound to: 16 - type: integer 
	Parameter K_MAX bound to: 2304 - type: integer 
	Parameter AW bound to: 12 - type: integer 
	Parameter ROW_AW bound to: 4 - type: integer 
INFO: [Synth 8-6155] done synthesizing module 'yolo_wbuf' (0#1) [E:/competition/2_fpga/3_yolo_zynq/rtl/yolo_wbuf.v:33]
INFO: [Synth 8-6157] synthesizing module 'yolo_xbuf' [E:/competition/2_fpga/3_yolo_zynq/rtl/yolo_xbuf.v:102]
	Parameter N_COLS bound to: 16 - type: integer 
	Parameter K_MAX bound to: 2304 - type: integer 
	Parameter AW bound to: 12 - type: integer 
	Parameter COL_AW bound to: 4 - type: integer 
INFO: [Synth 8-6157] synthesizing module 'yolo_xbuf_bmg' [E:/competition/2_fpga/3_yolo_zynq/proj/ooc_gate/.Xil/Vivado-9032-HC-202510241838/realtime/yolo_xbuf_bmg_stub.v:6]
INFO: [Synth 8-6155] done synthesizing module 'yolo_xbuf_bmg' (0#1) [E:/competition/2_fpga/3_yolo_zynq/proj/ooc_gate/.Xil/Vivado-9032-HC-202510241838/realtime/yolo_xbuf_bmg_stub.v:6]
INFO: [Synth 8-6155] done synthesizing module 'yolo_xbuf' (0#1) [E:/competition/2_fpga/3_yolo_zynq/rtl/yolo_xbuf.v:102]
INFO: [Synth 8-6157] synthesizing module 'yolo_requant' [E:/competition/2_fpga/3_yolo_zynq/rtl/yolo_requant.v:94]
	Parameter ACC_W bound to: 32 - type: integer 
INFO: [Synth 8-6155] done synthesizing module 'yolo_requant' (0#1) [E:/competition/2_fpga/3_yolo_zynq/rtl/yolo_requant.v:94]
INFO: [Synth 8-6157] synthesizing module 'yolo_silu_lut' [E:/competition/2_fpga/3_yolo_zynq/rtl/yolo_silu_lut.v:30]
	Parameter DW bound to: 8 - type: integer 
	Parameter AW bound to: 8 - type: integer 
INFO: [Synth 8-6155] done synthesizing module 'yolo_silu_lut' (0#1) [E:/competition/2_fpga/3_yolo_zynq/rtl/yolo_silu_lut.v:30]
INFO: [Synth 8-6157] synthesizing module 'yolo_dma_wr' [E:/competition/2_fpga/3_yolo_zynq/rtl/yolo_dma_wr.v:92]
	Parameter ADDR_W bound to: 32 - type: integer 
	Parameter LEN_W bound to: 24 - type: integer 
	Parameter MAX_BURST bound to: 16 - type: integer 
INFO: [Synth 8-6155] done synthesizing module 'yolo_dma_wr' (0#1) [E:/competition/2_fpga/3_yolo_zynq/rtl/yolo_dma_wr.v:92]
INFO: [Synth 8-226] default block is never used [E:/competition/2_fpga/3_yolo_zynq/rtl/yolo_gemm_array.v:1287]
INFO: [Synth 8-6155] done synthesizing module 'yolo_gemm_array' (0#1) [E:/competition/2_fpga/3_yolo_zynq/rtl/yolo_gemm_array.v:171]
INFO: [Synth 8-6155] done synthesizing module 'yolo_engine_top' (0#1) [E:/competition/2_fpga/3_yolo_zynq/rtl/yolo_engine_top.v:32]
WARNING: [Synth 8-6014] Unused sequential element oc_total_r_reg was removed.  [E:/competition/2_fpga/3_yolo_zynq/rtl/yolo_ctrl.v:213]
WARNING: [Synth 8-6014] Unused sequential element n_total_r_reg was removed.  [E:/competition/2_fpga/3_yolo_zynq/rtl/yolo_ctrl.v:214]
WARNING: [Synth 8-6014] Unused sequential element oy_r_reg was removed.  [E:/competition/2_fpga/3_yolo_zynq/rtl/yolo_addrgen.v:256]
WARNING: [Synth 8-6014] Unused sequential element ic_r_reg was removed.  [E:/competition/2_fpga/3_yolo_zynq/rtl/yolo_addrgen.v:259]
WARNING: [Synth 8-6014] Unused sequential element cfg_oc_total_r_reg was removed.  [E:/competition/2_fpga/3_yolo_zynq/rtl/yolo_gemm_array.v:383]
WARNING: [Synth 8-6014] Unused sequential element row_start_d1_r_reg was removed.  [E:/competition/2_fpga/3_yolo_zynq/rtl/yolo_gemm_array.v:1065]
WARNING: [Synth 8-6014] Unused sequential element row_start_d2_r_reg was removed.  [E:/competition/2_fpga/3_yolo_zynq/rtl/yolo_gemm_array.v:1155]
WARNING: [Synth 8-6014] Unused sequential element row_start_d3_r_reg was removed.  [E:/competition/2_fpga/3_yolo_zynq/rtl/yolo_gemm_array.v:1156]
WARNING: [Synth 8-6014] Unused sequential element row_start_d4_r_reg was removed.  [E:/competition/2_fpga/3_yolo_zynq/rtl/yolo_gemm_array.v:1157]
WARNING: [Synth 8-6014] Unused sequential element row_start_d5_r_reg was removed.  [E:/competition/2_fpga/3_yolo_zynq/rtl/yolo_gemm_array.v:1158]
WARNING: [Synth 8-6014] Unused sequential element row_start_d6_r_reg was removed.  [E:/competition/2_fpga/3_yolo_zynq/rtl/yolo_gemm_array.v:1159]
WARNING: [Synth 8-6014] Unused sequential element row_start_d7_r_reg was removed.  [E:/competition/2_fpga/3_yolo_zynq/rtl/yolo_gemm_array.v:1160]
WARNING: [Synth 8-7137] Register seg_buf_r_reg in module yolo_gemm_array has both Set and reset with same priority. This may cause simulation mismatches. Consider rewriting code  [E:/competition/2_fpga/3_yolo_zynq/rtl/yolo_gemm_array.v:1245]
WARNING: [Synth 8-6014] Unused sequential element cfg_wbase_r_reg was removed.  [E:/competition/2_fpga/3_yolo_zynq/rtl/yolo_gemm_array.v:392]
WARNING: [Synth 8-6014] Unused sequential element kbyte_cnt_r_reg was removed.  [E:/competition/2_fpga/3_yolo_zynq/rtl/yolo_gemm_array.v:673]
WARNING: [Synth 8-7129] Port bresp_i[1] in module yolo_dma_wr is either unconnected or has no load
WARNING: [Synth 8-7129] Port bresp_i[0] in module yolo_dma_wr is either unconnected or has no load
WARNING: [Synth 8-7129] Port ic_i[15] in module yolo_addrgen is either unconnected or has no load
WARNING: [Synth 8-7129] Port ic_i[14] in module yolo_addrgen is either unconnected or has no load
WARNING: [Synth 8-7129] Port ic_i[13] in module yolo_addrgen is either unconnected or has no load
WARNING: [Synth 8-7129] Port ic_i[12] in module yolo_addrgen is either unconnected or has no load
WARNING: [Synth 8-7129] Port ic_i[11] in module yolo_addrgen is either unconnected or has no load
WARNING: [Synth 8-7129] Port ic_i[10] in module yolo_addrgen is either unconnected or has no load
WARNING: [Synth 8-7129] Port ic_i[9] in module yolo_addrgen is either unconnected or has no load
WARNING: [Synth 8-7129] Port ic_i[8] in module yolo_addrgen is either unconnected or has no load
WARNING: [Synth 8-7129] Port ic_i[7] in module yolo_addrgen is either unconnected or has no load
WARNING: [Synth 8-7129] Port ic_i[6] in module yolo_addrgen is either unconnected or has no load
WARNING: [Synth 8-7129] Port ic_i[5] in module yolo_addrgen is either unconnected or has no load
WARNING: [Synth 8-7129] Port ic_i[4] in module yolo_addrgen is either unconnected or has no load
WARNING: [Synth 8-7129] Port ic_i[3] in module yolo_addrgen is either unconnected or has no load
WARNING: [Synth 8-7129] Port ic_i[2] in module yolo_addrgen is either unconnected or has no load
WARNING: [Synth 8-7129] Port ic_i[1] in module yolo_addrgen is either unconnected or has no load
WARNING: [Synth 8-7129] Port ic_i[0] in module yolo_addrgen is either unconnected or has no load
WARNING: [Synth 8-7129] Port rlast_i in module yolo_dma is either unconnected or has no load
WARNING: [Synth 8-7129] Port dsc_wbase_i[31] in module yolo_gemm_array is either unconnected or has no load
WARNING: [Synth 8-7129] Port dsc_wbase_i[30] in module yolo_gemm_array is either unconnected or has no load
WARNING: [Synth 8-7129] Port dsc_wbase_i[29] in module yolo_gemm_array is either unconnected or has no load
WARNING: [Synth 8-7129] Port dsc_wbase_i[28] in module yolo_gemm_array is either unconnected or has no load
WARNING: [Synth 8-7129] Port dsc_wbase_i[27] in module yolo_gemm_array is either unconnected or has no load
WARNING: [Synth 8-7129] Port dsc_wbase_i[26] in module yolo_gemm_array is either unconnected or has no load
WARNING: [Synth 8-7129] Port dsc_wbase_i[25] in module yolo_gemm_array is either unconnected or has no load
WARNING: [Synth 8-7129] Port dsc_wbase_i[24] in module yolo_gemm_array is either unconnected or has no load
WARNING: [Synth 8-7129] Port dsc_wbase_i[23] in module yolo_gemm_array is either unconnected or has no load
WARNING: [Synth 8-7129] Port dsc_wbase_i[22] in module yolo_gemm_array is either unconnected or has no load
WARNING: [Synth 8-7129] Port dsc_wbase_i[21] in module yolo_gemm_array is either unconnected or has no load
WARNING: [Synth 8-7129] Port dsc_wbase_i[20] in module yolo_gemm_array is either unconnected or has no load
WARNING: [Synth 8-7129] Port dsc_wbase_i[19] in module yolo_gemm_array is either unconnected or has no load
WARNING: [Synth 8-7129] Port dsc_wbase_i[18] in module yolo_gemm_array is either unconnected or has no load
WARNING: [Synth 8-7129] Port dsc_wbase_i[17] in module yolo_gemm_array is either unconnected or has no load
WARNING: [Synth 8-7129] Port dsc_wbase_i[16] in module yolo_gemm_array is either unconnected or has no load
WARNING: [Synth 8-7129] Port dsc_wbase_i[15] in module yolo_gemm_array is either unconnected or has no load
WARNING: [Synth 8-7129] Port dsc_wbase_i[14] in module yolo_gemm_array is either unconnected or has no load
WARNING: [Synth 8-7129] Port dsc_wbase_i[13] in module yolo_gemm_array is either unconnected or has no load
WARNING: [Synth 8-7129] Port dsc_wbase_i[12] in module yolo_gemm_array is either unconnected or has no load
WARNING: [Synth 8-7129] Port dsc_wbase_i[11] in module yolo_gemm_array is either unconnected or has no load
WARNING: [Synth 8-7129] Port dsc_wbase_i[10] in module yolo_gemm_array is either unconnected or has no load
WARNING: [Synth 8-7129] Port dsc_wbase_i[9] in module yolo_gemm_array is either unconnected or has no load
WARNING: [Synth 8-7129] Port dsc_wbase_i[8] in module yolo_gemm_array is either unconnected or has no load
WARNING: [Synth 8-7129] Port dsc_wbase_i[7] in module yolo_gemm_array is either unconnected or has no load
WARNING: [Synth 8-7129] Port dsc_wbase_i[6] in module yolo_gemm_array is either unconnected or has no load
WARNING: [Synth 8-7129] Port dsc_wbase_i[5] in module yolo_gemm_array is either unconnected or has no load
WARNING: [Synth 8-7129] Port dsc_wbase_i[4] in module yolo_gemm_array is either unconnected or has no load
WARNING: [Synth 8-7129] Port dsc_wbase_i[3] in module yolo_gemm_array is either unconnected or has no load
WARNING: [Synth 8-7129] Port dsc_wbase_i[2] in module yolo_gemm_array is either unconnected or has no load
WARNING: [Synth 8-7129] Port dsc_wbase_i[1] in module yolo_gemm_array is either unconnected or has no load
WARNING: [Synth 8-7129] Port dsc_wbase_i[0] in module yolo_gemm_array is either unconnected or has no load
WARNING: [Synth 8-7129] Port s_axi_awaddr[31] in module yolo_csr is either unconnected or has no load
WARNING: [Synth 8-7129] Port s_axi_awaddr[30] in module yolo_csr is either unconnected or has no load
WARNING: [Synth 8-7129] Port s_axi_awaddr[29] in module yolo_csr is either unconnected or has no load
WARNING: [Synth 8-7129] Port s_axi_awaddr[28] in module yolo_csr is either unconnected or has no load
WARNING: [Synth 8-7129] Port s_axi_awaddr[27] in module yolo_csr is either unconnected or has no load
WARNING: [Synth 8-7129] Port s_axi_awaddr[26] in module yolo_csr is either unconnected or has no load
WARNING: [Synth 8-7129] Port s_axi_awaddr[25] in module yolo_csr is either unconnected or has no load
WARNING: [Synth 8-7129] Port s_axi_awaddr[24] in module yolo_csr is either unconnected or has no load
WARNING: [Synth 8-7129] Port s_axi_awaddr[23] in module yolo_csr is either unconnected or has no load
WARNING: [Synth 8-7129] Port s_axi_awaddr[22] in module yolo_csr is either unconnected or has no load
WARNING: [Synth 8-7129] Port s_axi_awaddr[21] in module yolo_csr is either unconnected or has no load
WARNING: [Synth 8-7129] Port s_axi_awaddr[20] in module yolo_csr is either unconnected or has no load
WARNING: [Synth 8-7129] Port s_axi_awaddr[19] in module yolo_csr is either unconnected or has no load
WARNING: [Synth 8-7129] Port s_axi_awaddr[18] in module yolo_csr is either unconnected or has no load
WARNING: [Synth 8-7129] Port s_axi_awaddr[17] in module yolo_csr is either unconnected or has no load
WARNING: [Synth 8-7129] Port s_axi_awaddr[16] in module yolo_csr is either unconnected or has no load
WARNING: [Synth 8-7129] Port s_axi_awaddr[1] in module yolo_csr is either unconnected or has no load
WARNING: [Synth 8-7129] Port s_axi_awaddr[0] in module yolo_csr is either unconnected or has no load
WARNING: [Synth 8-7129] Port s_axi_awprot[2] in module yolo_csr is either unconnected or has no load
WARNING: [Synth 8-7129] Port s_axi_awprot[1] in module yolo_csr is either unconnected or has no load
WARNING: [Synth 8-7129] Port s_axi_awprot[0] in module yolo_csr is either unconnected or has no load
WARNING: [Synth 8-7129] Port s_axi_araddr[31] in module yolo_csr is either unconnected or has no load
WARNING: [Synth 8-7129] Port s_axi_araddr[30] in module yolo_csr is either unconnected or has no load
WARNING: [Synth 8-7129] Port s_axi_araddr[29] in module yolo_csr is either unconnected or has no load
WARNING: [Synth 8-7129] Port s_axi_araddr[28] in module yolo_csr is either unconnected or has no load
WARNING: [Synth 8-7129] Port s_axi_araddr[27] in module yolo_csr is either unconnected or has no load
WARNING: [Synth 8-7129] Port s_axi_araddr[26] in module yolo_csr is either unconnected or has no load
WARNING: [Synth 8-7129] Port s_axi_araddr[25] in module yolo_csr is either unconnected or has no load
WARNING: [Synth 8-7129] Port s_axi_araddr[24] in module yolo_csr is either unconnected or has no load
WARNING: [Synth 8-7129] Port s_axi_araddr[23] in module yolo_csr is either unconnected or has no load
WARNING: [Synth 8-7129] Port s_axi_araddr[22] in module yolo_csr is either unconnected or has no load
WARNING: [Synth 8-7129] Port s_axi_araddr[21] in module yolo_csr is either unconnected or has no load
WARNING: [Synth 8-7129] Port s_axi_araddr[20] in module yolo_csr is either unconnected or has no load
WARNING: [Synth 8-7129] Port s_axi_araddr[19] in module yolo_csr is either unconnected or has no load
WARNING: [Synth 8-7129] Port s_axi_araddr[18] in module yolo_csr is either unconnected or has no load
WARNING: [Synth 8-7129] Port s_axi_araddr[17] in module yolo_csr is either unconnected or has no load
WARNING: [Synth 8-7129] Port s_axi_araddr[16] in module yolo_csr is either unconnected or has no load
WARNING: [Synth 8-7129] Port s_axi_araddr[1] in module yolo_csr is either unconnected or has no load
WARNING: [Synth 8-7129] Port s_axi_araddr[0] in module yolo_csr is either unconnected or has no load
WARNING: [Synth 8-7129] Port s_axi_arprot[2] in module yolo_csr is either unconnected or has no load
WARNING: [Synth 8-7129] Port s_axi_arprot[1] in module yolo_csr is either unconnected or has no load
WARNING: [Synth 8-7129] Port s_axi_arprot[0] in module yolo_csr is either unconnected or has no load
---------------------------------------------------------------------------------
Finished RTL Elaboration : Time (s): cpu = 00:00:06 ; elapsed = 00:00:06 . Memory (MB): peak = 1989.777 ; gain = 0.000
---------------------------------------------------------------------------------
---------------------------------------------------------------------------------
Start Handling Custom Attributes
---------------------------------------------------------------------------------
---------------------------------------------------------------------------------
Finished Handling Custom Attributes : Time (s): cpu = 00:00:06 ; elapsed = 00:00:06 . Memory (MB): peak = 1989.777 ; gain = 0.000
---------------------------------------------------------------------------------
---------------------------------------------------------------------------------
Finished RTL Optimization Phase 1 : Time (s): cpu = 00:00:06 ; elapsed = 00:00:06 . Memory (MB): peak = 1989.777 ; gain = 0.000
---------------------------------------------------------------------------------
Netlist sorting complete. Time (s): cpu = 00:00:00 ; elapsed = 00:00:00.261 . Memory (MB): peak = 1989.777 ; gain = 0.000
INFO: [Netlist 29-17] Analyzing 128 Unisim elements for replacement
INFO: [Netlist 29-28] Unisim Transformation completed in 0 CPU seconds
INFO: [Project 1-570] Preparing netlist for logic optimization

Processing XDC Constraints
Initializing timing engine
Parsing XDC File [e:/competition/2_fpga/3_yolo_zynq/ip/yolo_xbuf_bmg/yolo_xbuf_bmg/yolo_xbuf_bmg_in_context.xdc] for cell 'u_array/u_xbuf/u_bank0'
Finished Parsing XDC File [e:/competition/2_fpga/3_yolo_zynq/ip/yolo_xbuf_bmg/yolo_xbuf_bmg/yolo_xbuf_bmg_in_context.xdc] for cell 'u_array/u_xbuf/u_bank0'
Parsing XDC File [e:/competition/2_fpga/3_yolo_zynq/ip/yolo_xbuf_bmg/yolo_xbuf_bmg/yolo_xbuf_bmg_in_context.xdc] for cell 'u_array/u_xbuf/u_bank1'
Finished Parsing XDC File [e:/competition/2_fpga/3_yolo_zynq/ip/yolo_xbuf_bmg/yolo_xbuf_bmg/yolo_xbuf_bmg_in_context.xdc] for cell 'u_array/u_xbuf/u_bank1'
Completed Processing XDC Constraints

Netlist sorting complete. Time (s): cpu = 00:00:00 ; elapsed = 00:00:00.009 . Memory (MB): peak = 1989.777 ; gain = 0.000
INFO: [Project 1-111] Unisim Transformation Summary:
No Unisim elements were transformed.

Constraint Validation Runtime : Time (s): cpu = 00:00:00 ; elapsed = 00:00:00.164 . Memory (MB): peak = 1989.777 ; gain = 0.000
---------------------------------------------------------------------------------
Finished Constraint Validation : Time (s): cpu = 00:00:13 ; elapsed = 00:00:14 . Memory (MB): peak = 1989.777 ; gain = 0.000
---------------------------------------------------------------------------------
---------------------------------------------------------------------------------
Start Loading Part and Timing Information
---------------------------------------------------------------------------------
Loading part: xc7z020clg484-1
---------------------------------------------------------------------------------
Finished Loading Part and Timing Information : Time (s): cpu = 00:00:13 ; elapsed = 00:00:14 . Memory (MB): peak = 1989.777 ; gain = 0.000
---------------------------------------------------------------------------------
---------------------------------------------------------------------------------
Start Applying 'set_property' XDC Constraints
---------------------------------------------------------------------------------
---------------------------------------------------------------------------------
Finished applying 'set_property' XDC Constraints : Time (s): cpu = 00:00:14 ; elapsed = 00:00:14 . Memory (MB): peak = 1989.777 ; gain = 0.000
---------------------------------------------------------------------------------
INFO: [Synth 8-802] inferred FSM for state register 'state_r_reg' in module 'yolo_ctrl'
INFO: [Synth 8-802] inferred FSM for state register 'state_reg' in module 'yolo_addrgen'
INFO: [Synth 8-802] inferred FSM for state register 'ldr_state_r_reg' in module 'yolo_gemm_array'
INFO: [Synth 8-802] inferred FSM for state register 'seg_state_r_reg' in module 'yolo_gemm_array'
---------------------------------------------------------------------------------------------------
                   State |                     New Encoding |                Previous Encoding 
---------------------------------------------------------------------------------------------------
                  S_IDLE |                           000001 |                              000
                  S_TILE |                           001000 |                              001
                     S_K |                           100000 |                              010
                 S_DRAIN |                           010000 |                              101
                    S_RQ |                           000100 |                              011
                 S_LDONE |                           000010 |                              100
---------------------------------------------------------------------------------------------------
INFO: [Synth 8-3354] encoded FSM with state register 'state_r_reg' using encoding 'one-hot' in module 'yolo_ctrl'
---------------------------------------------------------------------------------------------------
                   State |                     New Encoding |                Previous Encoding 
---------------------------------------------------------------------------------------------------
                  S_IDLE |                              000 |                              000
                   S_DIV |                              001 |                              001
                 S_PREP1 |                              010 |                              010
                 S_PREP2 |                              011 |                              011
                 S_PREP3 |                              100 |                              100
                   S_RUN |                              101 |                              101
---------------------------------------------------------------------------------------------------
INFO: [Synth 8-3354] encoded FSM with state register 'state_reg' using encoding 'sequential' in module 'yolo_addrgen'
---------------------------------------------------------------------------------------------------
                   State |                     New Encoding |                Previous Encoding 
---------------------------------------------------------------------------------------------------
                SEG_IDLE |                               00 |                               00
                SEG_FILL |                               01 |                               01
                 SEG_CMD |                               10 |                               10
                  SEG_DR |                               11 |                               11
---------------------------------------------------------------------------------------------------
INFO: [Synth 8-3354] encoded FSM with state register 'seg_state_r_reg' using encoding 'sequential' in module 'yolo_gemm_array'
---------------------------------------------------------------------------------------------------
                   State |                     New Encoding |                Previous Encoding 
---------------------------------------------------------------------------------------------------
                 S_LDESC |                               00 |                               00
                  S_LCHK |                               10 |                               01
                  S_LRUN |                               01 |                               10
---------------------------------------------------------------------------------------------------
INFO: [Synth 8-3354] encoded FSM with state register 'ldr_state_r_reg' using encoding 'sequential' in module 'yolo_gemm_array'
---------------------------------------------------------------------------------
Finished RTL Optimization Phase 2 : Time (s): cpu = 00:00:15 ; elapsed = 00:00:16 . Memory (MB): peak = 1989.777 ; gain = 0.000
---------------------------------------------------------------------------------
---------------------------------------------------------------------------------
Start RTL Component Statistics 
---------------------------------------------------------------------------------
---------------------------------------------------------------------------------
Finished RTL Component Statistics 
---------------------------------------------------------------------------------
---------------------------------------------------------------------------------
Start Part Resource Summary
---------------------------------------------------------------------------------
Part Resources:
DSPs: 220 (col length:60)
BRAMs: 280 (col length: RAMB18 60 RAMB36 30)
---------------------------------------------------------------------------------
Finished Part Resource Summary
---------------------------------------------------------------------------------
---------------------------------------------------------------------------------
Start Cross Boundary and Area Optimization
---------------------------------------------------------------------------------
INFO: [Synth 8-3886] merging instance 'g_pe_row[11].g_pe_pair[0].u_pe/w_d1_r_reg[0]' (FDC) to 'g_pe_row[11].g_pe_pair[2].u_pe/w_d1_r_reg[0]'
INFO: [Synth 8-3886] merging instance 'g_pe_row[11].g_pe_pair[0].u_pe/w_d2_r_reg[0]' (FDC) to 'g_pe_row[11].g_pe_pair[2].u_pe/w_d2_r_reg[0]'
INFO: [Synth 8-3886] merging instance 'g_pe_row[11].g_pe_pair[0].u_pe/w_d3_r_reg[0]' (FDC) to 'g_pe_row[11].g_pe_pair[2].u_pe/w_d3_r_reg[0]'
INFO: [Synth 8-3886] merging instance 'g_pe_row[11].g_pe_pair[0].u_pe/w_d1_r_reg[1]' (FDC) to 'g_pe_row[11].g_pe_pair[2].u_pe/w_d1_r_reg[1]'
INFO: [Synth 8-3886] merging instance 'g_pe_row[11].g_pe_pair[0].u_pe/w_d2_r_reg[1]' (FDC) to 'g_pe_row[11].g_pe_pair[2].u_pe/w_d2_r_reg[1]'
INFO: [Synth 8-3886] merging instance 'g_pe_row[11].g_pe_pair[0].u_pe/w_d3_r_reg[1]' (FDC) to 'g_pe_row[11].g_pe_pair[2].u_pe/w_d3_r_reg[1]'
INFO: [Synth 8-3886] merging instance 'g_pe_row[11].g_pe_pair[0].u_pe/w_d1_r_reg[2]' (FDC) to 'g_pe_row[11].g_pe_pair[2].u_pe/w_d1_r_reg[2]'
INFO: [Synth 8-3886] merging instance 'g_pe_row[11].g_pe_pair[0].u_pe/w_d2_r_reg[2]' (FDC) to 'g_pe_row[11].g_pe_pair[2].u_pe/w_d2_r_reg[2]'
INFO: [Synth 8-3886] merging instance 'g_pe_row[11].g_pe_pair[0].u_pe/w_d3_r_reg[2]' (FDC) to 'g_pe_row[11].g_pe_pair[2].u_pe/w_d3_r_reg[2]'
INFO: [Synth 8-3886] merging instance 'g_pe_row[11].g_pe_pair[0].u_pe/w_d1_r_reg[3]' (FDC) to 'g_pe_row[11].g_pe_pair[2].u_pe/w_d1_r_reg[3]'
INFO: [Synth 8-3886] merging instance 'g_pe_row[11].g_pe_pair[0].u_pe/w_d2_r_reg[3]' (FDC) to 'g_pe_row[11].g_pe_pair[2].u_pe/w_d2_r_reg[3]'
INFO: [Synth 8-3886] merging instance 'g_pe_row[11].g_pe_pair[0].u_pe/w_d3_r_reg[3]' (FDC) to 'g_pe_row[11].g_pe_pair[2].u_pe/w_d3_r_reg[3]'
INFO: [Synth 8-3886] merging instance 'g_pe_row[11].g_pe_pair[0].u_pe/w_d1_r_reg[4]' (FDC) to 'g_pe_row[11].g_pe_pair[2].u_pe/w_d1_r_reg[4]'
INFO: [Synth 8-3886] merging instance 'g_pe_row[11].g_pe_pair[0].u_pe/w_d2_r_reg[4]' (FDC) to 'g_pe_row[11].g_pe_pair[2].u_pe/w_d2_r_reg[4]'
INFO: [Synth 8-3886] merging instance 'g_pe_row[11].g_pe_pair[0].u_pe/w_d3_r_reg[4]' (FDC) to 'g_pe_row[11].g_pe_pair[2].u_pe/w_d3_r_reg[4]'
INFO: [Synth 8-3886] merging instance 'g_pe_row[11].g_pe_pair[0].u_pe/w_d1_r_reg[5]' (FDC) to 'g_pe_row[11].g_pe_pair[2].u_pe/w_d1_r_reg[5]'
INFO: [Synth 8-3886] merging instance 'g_pe_row[11].g_pe_pair[0].u_pe/w_d2_r_reg[5]' (FDC) to 'g_pe_row[11].g_pe_pair[2].u_pe/w_d2_r_reg[5]'
INFO: [Synth 8-3886] merging instance 'g_pe_row[11].g_pe_pair[0].u_pe/w_d3_r_reg[5]' (FDC) to 'g_pe_row[11].g_pe_pair[2].u_pe/w_d3_r_reg[5]'
INFO: [Synth 8-3886] merging instance 'g_pe_row[11].g_pe_pair[0].u_pe/w_d1_r_reg[6]' (FDC) to 'g_pe_row[11].g_pe_pair[2].u_pe/w_d1_r_reg[6]'
INFO: [Synth 8-3886] merging instance 'g_pe_row[11].g_pe_pair[0].u_pe/w_d2_r_reg[6]' (FDC) to 'g_pe_row[11].g_pe_pair[2].u_pe/w_d2_r_reg[6]'
INFO: [Synth 8-3886] merging instance 'g_pe_row[11].g_pe_pair[0].u_pe/w_d3_r_reg[6]' (FDC) to 'g_pe_row[11].g_pe_pair[2].u_pe/w_d3_r_reg[6]'
INFO: [Synth 8-3886] merging instance 'g_pe_row[11].g_pe_pair[0].u_pe/w_d1_r_reg[7]' (FDC) to 'g_pe_row[11].g_pe_pair[2].u_pe/w_d1_r_reg[7]'
INFO: [Synth 8-3886] merging instance 'g_pe_row[11].g_pe_pair[0].u_pe/w_d2_r_reg[7]' (FDC) to 'g_pe_row[11].g_pe_pair[2].u_pe/w_d2_r_reg[7]'
INFO: [Synth 8-3886] merging instance 'g_pe_row[11].g_pe_pair[0].u_pe/w_d3_r_reg[7]' (FDC) to 'g_pe_row[11].g_pe_pair[2].u_pe/w_d3_r_reg[7]'
INFO: [Synth 8-3886] merging instance 'g_pe_row[11].g_pe_pair[1].u_pe/w_d1_r_reg[0]' (FDC) to 'g_pe_row[11].g_pe_pair[2].u_pe/w_d1_r_reg[0]'
INFO: [Synth 8-3886] merging instance 'g_pe_row[11].g_pe_pair[1].u_pe/w_d2_r_reg[0]' (FDC) to 'g_pe_row[11].g_pe_pair[2].u_pe/w_d2_r_reg[0]'
INFO: [Synth 8-3886] merging instance 'g_pe_row[11].g_pe_pair[1].u_pe/w_d3_r_reg[0]' (FDC) to 'g_pe_row[11].g_pe_pair[2].u_pe/w_d3_r_reg[0]'
INFO: [Synth 8-3886] merging instance 'g_pe_row[11].g_pe_pair[1].u_pe/w_d1_r_reg[1]' (FDC) to 'g_pe_row[11].g_pe_pair[2].u_pe/w_d1_r_reg[1]'
INFO: [Synth 8-3886] merging instance 'g_pe_row[11].g_pe_pair[1].u_pe/w_d2_r_reg[1]' (FDC) to 'g_pe_row[11].g_pe_pair[2].u_pe/w_d2_r_reg[1]'
INFO: [Synth 8-3886] merging instance 'g_pe_row[11].g_pe_pair[1].u_pe/w_d3_r_reg[1]' (FDC) to 'g_pe_row[11].g_pe_pair[2].u_pe/w_d3_r_reg[1]'
INFO: [Synth 8-3886] merging instance 'g_pe_row[11].g_pe_pair[1].u_pe/w_d1_r_reg[2]' (FDC) to 'g_pe_row[11].g_pe_pair[2].u_pe/w_d1_r_reg[2]'
INFO: [Synth 8-3886] merging instance 'g_pe_row[11].g_pe_pair[1].u_pe/w_d2_r_reg[2]' (FDC) to 'g_pe_row[11].g_pe_pair[2].u_pe/w_d2_r_reg[2]'
INFO: [Synth 8-3886] merging instance 'g_pe_row[11].g_pe_pair[1].u_pe/w_d3_r_reg[2]' (FDC) to 'g_pe_row[11].g_pe_pair[2].u_pe/w_d3_r_reg[2]'
INFO: [Synth 8-3886] merging instance 'g_pe_row[11].g_pe_pair[1].u_pe/w_d1_r_reg[3]' (FDC) to 'g_pe_row[11].g_pe_pair[2].u_pe/w_d1_r_reg[3]'
INFO: [Synth 8-3886] merging instance 'g_pe_row[11].g_pe_pair[1].u_pe/w_d2_r_reg[3]' (FDC) to 'g_pe_row[11].g_pe_pair[2].u_pe/w_d2_r_reg[3]'
INFO: [Synth 8-3886] merging instance 'g_pe_row[11].g_pe_pair[1].u_pe/w_d3_r_reg[3]' (FDC) to 'g_pe_row[11].g_pe_pair[2].u_pe/w_d3_r_reg[3]'
INFO: [Synth 8-3886] merging instance 'g_pe_row[11].g_pe_pair[1].u_pe/w_d1_r_reg[4]' (FDC) to 'g_pe_row[11].g_pe_pair[2].u_pe/w_d1_r_reg[4]'
INFO: [Synth 8-3886] merging instance 'g_pe_row[11].g_pe_pair[1].u_pe/w_d2_r_reg[4]' (FDC) to 'g_pe_row[11].g_pe_pair[2].u_pe/w_d2_r_reg[4]'
INFO: [Synth 8-3886] merging instance 'g_pe_row[11].g_pe_pair[1].u_pe/w_d3_r_reg[4]' (FDC) to 'g_pe_row[11].g_pe_pair[2].u_pe/w_d3_r_reg[4]'
INFO: [Synth 8-3886] merging instance 'g_pe_row[11].g_pe_pair[1].u_pe/w_d1_r_reg[5]' (FDC) to 'g_pe_row[11].g_pe_pair[2].u_pe/w_d1_r_reg[5]'
INFO: [Synth 8-3886] merging instance 'g_pe_row[11].g_pe_pair[1].u_pe/w_d2_r_reg[5]' (FDC) to 'g_pe_row[11].g_pe_pair[2].u_pe/w_d2_r_reg[5]'
INFO: [Synth 8-3886] merging instance 'g_pe_row[11].g_pe_pair[1].u_pe/w_d3_r_reg[5]' (FDC) to 'g_pe_row[11].g_pe_pair[2].u_pe/w_d3_r_reg[5]'
INFO: [Synth 8-3886] merging instance 'g_pe_row[11].g_pe_pair[1].u_pe/w_d1_r_reg[6]' (FDC) to 'g_pe_row[11].g_pe_pair[2].u_pe/w_d1_r_reg[6]'
INFO: [Synth 8-3886] merging instance 'g_pe_row[11].g_pe_pair[1].u_pe/w_d2_r_reg[6]' (FDC) to 'g_pe_row[11].g_pe_pair[2].u_pe/w_d2_r_reg[6]'
INFO: [Synth 8-3886] merging instance 'g_pe_row[11].g_pe_pair[1].u_pe/w_d3_r_reg[6]' (FDC) to 'g_pe_row[11].g_pe_pair[2].u_pe/w_d3_r_reg[6]'
INFO: [Synth 8-3886] merging instance 'g_pe_row[11].g_pe_pair[1].u_pe/w_d1_r_reg[7]' (FDC) to 'g_pe_row[11].g_pe_pair[2].u_pe/w_d1_r_reg[7]'
INFO: [Synth 8-3886] merging instance 'g_pe_row[11].g_pe_pair[1].u_pe/w_d2_r_reg[7]' (FDC) to 'g_pe_row[11].g_pe_pair[2].u_pe/w_d2_r_reg[7]'
INFO: [Synth 8-3886] merging instance 'g_pe_row[11].g_pe_pair[1].u_pe/w_d3_r_reg[7]' (FDC) to 'g_pe_row[11].g_pe_pair[2].u_pe/w_d3_r_reg[7]'
INFO: [Synth 8-3886] merging instance 'g_pe_row[11].g_pe_pair[2].u_pe/w_d1_r_reg[0]' (FDC) to 'g_pe_row[11].g_pe_pair[6].u_pe/w_d1_r_reg[0]'
INFO: [Synth 8-3886] merging instance 'g_pe_row[11].g_pe_pair[2].u_pe/w_d2_r_reg[0]' (FDC) to 'g_pe_row[11].g_pe_pair[6].u_pe/w_d2_r_reg[0]'
INFO: [Synth 8-3886] merging instance 'g_pe_row[11].g_pe_pair[2].u_pe/w_d3_r_reg[0]' (FDC) to 'g_pe_row[11].g_pe_pair[6].u_pe/w_d3_r_reg[0]'
INFO: [Synth 8-3886] merging instance 'g_pe_row[11].g_pe_pair[2].u_pe/w_d1_r_reg[1]' (FDC) to 'g_pe_row[11].g_pe_pair[6].u_pe/w_d1_r_reg[1]'
INFO: [Synth 8-3886] merging instance 'g_pe_row[11].g_pe_pair[2].u_pe/w_d2_r_reg[1]' (FDC) to 'g_pe_row[11].g_pe_pair[6].u_pe/w_d2_r_reg[1]'
INFO: [Synth 8-3886] merging instance 'g_pe_row[11].g_pe_pair[2].u_pe/w_d3_r_reg[1]' (FDC) to 'g_pe_row[11].g_pe_pair[6].u_pe/w_d3_r_reg[1]'
INFO: [Synth 8-3886] merging instance 'g_pe_row[11].g_pe_pair[2].u_pe/w_d1_r_reg[2]' (FDC) to 'g_pe_row[11].g_pe_pair[6].u_pe/w_d1_r_reg[2]'
INFO: [Synth 8-3886] merging instance 'g_pe_row[11].g_pe_pair[2].u_pe/w_d2_r_reg[2]' (FDC) to 'g_pe_row[11].g_pe_pair[6].u_pe/w_d2_r_reg[2]'
INFO: [Synth 8-3886] merging instance 'g_pe_row[11].g_pe_pair[2].u_pe/w_d3_r_reg[2]' (FDC) to 'g_pe_row[11].g_pe_pair[6].u_pe/w_d3_r_reg[2]'
INFO: [Synth 8-3886] merging instance 'g_pe_row[11].g_pe_pair[2].u_pe/w_d1_r_reg[3]' (FDC) to 'g_pe_row[11].g_pe_pair[6].u_pe/w_d1_r_reg[3]'
INFO: [Synth 8-3886] merging instance 'g_pe_row[11].g_pe_pair[2].u_pe/w_d2_r_reg[3]' (FDC) to 'g_pe_row[11].g_pe_pair[6].u_pe/w_d2_r_reg[3]'
INFO: [Synth 8-3886] merging instance 'g_pe_row[11].g_pe_pair[2].u_pe/w_d3_r_reg[3]' (FDC) to 'g_pe_row[11].g_pe_pair[6].u_pe/w_d3_r_reg[3]'
INFO: [Synth 8-3886] merging instance 'g_pe_row[11].g_pe_pair[2].u_pe/w_d1_r_reg[4]' (FDC) to 'g_pe_row[11].g_pe_pair[6].u_pe/w_d1_r_reg[4]'
INFO: [Synth 8-3886] merging instance 'g_pe_row[11].g_pe_pair[2].u_pe/w_d2_r_reg[4]' (FDC) to 'g_pe_row[11].g_pe_pair[6].u_pe/w_d2_r_reg[4]'
INFO: [Synth 8-3886] merging instance 'g_pe_row[11].g_pe_pair[2].u_pe/w_d3_r_reg[4]' (FDC) to 'g_pe_row[11].g_pe_pair[6].u_pe/w_d3_r_reg[4]'
INFO: [Synth 8-3886] merging instance 'g_pe_row[11].g_pe_pair[2].u_pe/w_d1_r_reg[5]' (FDC) to 'g_pe_row[11].g_pe_pair[6].u_pe/w_d1_r_reg[5]'
INFO: [Synth 8-3886] merging instance 'g_pe_row[11].g_pe_pair[2].u_pe/w_d2_r_reg[5]' (FDC) to 'g_pe_row[11].g_pe_pair[6].u_pe/w_d2_r_reg[5]'
INFO: [Synth 8-3886] merging instance 'g_pe_row[11].g_pe_pair[2].u_pe/w_d3_r_reg[5]' (FDC) to 'g_pe_row[11].g_pe_pair[6].u_pe/w_d3_r_reg[5]'
INFO: [Synth 8-3886] merging instance 'g_pe_row[11].g_pe_pair[2].u_pe/w_d1_r_reg[6]' (FDC) to 'g_pe_row[11].g_pe_pair[6].u_pe/w_d1_r_reg[6]'
INFO: [Synth 8-3886] merging instance 'g_pe_row[11].g_pe_pair[2].u_pe/w_d2_r_reg[6]' (FDC) to 'g_pe_row[11].g_pe_pair[6].u_pe/w_d2_r_reg[6]'
INFO: [Synth 8-3886] merging instance 'g_pe_row[11].g_pe_pair[2].u_pe/w_d3_r_reg[6]' (FDC) to 'g_pe_row[11].g_pe_pair[6].u_pe/w_d3_r_reg[6]'
INFO: [Synth 8-3886] merging instance 'g_pe_row[11].g_pe_pair[2].u_pe/w_d1_r_reg[7]' (FDC) to 'g_pe_row[11].g_pe_pair[6].u_pe/w_d1_r_reg[7]'
INFO: [Synth 8-3886] merging instance 'g_pe_row[11].g_pe_pair[2].u_pe/w_d2_r_reg[7]' (FDC) to 'g_pe_row[11].g_pe_pair[6].u_pe/w_d2_r_reg[7]'
INFO: [Synth 8-3886] merging instance 'g_pe_row[11].g_pe_pair[2].u_pe/w_d3_r_reg[7]' (FDC) to 'g_pe_row[11].g_pe_pair[6].u_pe/w_d3_r_reg[7]'
INFO: [Synth 8-3886] merging instance 'g_pe_row[0].g_pe_pair[1].u_pe/w_d1_r_reg[0]' (FDC) to 'g_pe_row[0].g_pe_pair[2].u_pe/w_d1_r_reg[0]'
INFO: [Synth 8-3886] merging instance 'g_pe_row[0].g_pe_pair[1].u_pe/w_d2_r_reg[0]' (FDC) to 'g_pe_row[0].g_pe_pair[2].u_pe/w_d2_r_reg[0]'
INFO: [Synth 8-3886] merging instance 'g_pe_row[0].g_pe_pair[1].u_pe/w_d3_r_reg[0]' (FDC) to 'g_pe_row[0].g_pe_pair[2].u_pe/w_d3_r_reg[0]'
INFO: [Synth 8-3886] merging instance 'g_pe_row[0].g_pe_pair[1].u_pe/w_d1_r_reg[1]' (FDC) to 'g_pe_row[0].g_pe_pair[2].u_pe/w_d1_r_reg[1]'
INFO: [Synth 8-3886] merging instance 'g_pe_row[0].g_pe_pair[1].u_pe/w_d2_r_reg[1]' (FDC) to 'g_pe_row[0].g_pe_pair[2].u_pe/w_d2_r_reg[1]'
INFO: [Synth 8-3886] merging instance 'g_pe_row[0].g_pe_pair[1].u_pe/w_d3_r_reg[1]' (FDC) to 'g_pe_row[0].g_pe_pair[2].u_pe/w_d3_r_reg[1]'
INFO: [Synth 8-3886] merging instance 'g_pe_row[0].g_pe_pair[1].u_pe/w_d1_r_reg[2]' (FDC) to 'g_pe_row[0].g_pe_pair[2].u_pe/w_d1_r_reg[2]'
INFO: [Synth 8-3886] merging instance 'g_pe_row[0].g_pe_pair[1].u_pe/w_d2_r_reg[2]' (FDC) to 'g_pe_row[0].g_pe_pair[2].u_pe/w_d2_r_reg[2]'
INFO: [Synth 8-3886] merging instance 'g_pe_row[0].g_pe_pair[1].u_pe/w_d3_r_reg[2]' (FDC) to 'g_pe_row[0].g_pe_pair[2].u_pe/w_d3_r_reg[2]'
INFO: [Synth 8-3886] merging instance 'g_pe_row[0].g_pe_pair[1].u_pe/w_d1_r_reg[3]' (FDC) to 'g_pe_row[0].g_pe_pair[2].u_pe/w_d1_r_reg[3]'
INFO: [Synth 8-3886] merging instance 'g_pe_row[0].g_pe_pair[1].u_pe/w_d2_r_reg[3]' (FDC) to 'g_pe_row[0].g_pe_pair[2].u_pe/w_d2_r_reg[3]'
INFO: [Synth 8-3886] merging instance 'g_pe_row[0].g_pe_pair[1].u_pe/w_d3_r_reg[3]' (FDC) to 'g_pe_row[0].g_pe_pair[2].u_pe/w_d3_r_reg[3]'
INFO: [Synth 8-3886] merging instance 'g_pe_row[0].g_pe_pair[1].u_pe/w_d1_r_reg[4]' (FDC) to 'g_pe_row[0].g_pe_pair[2].u_pe/w_d1_r_reg[4]'
INFO: [Synth 8-3886] merging instance 'g_pe_row[0].g_pe_pair[1].u_pe/w_d2_r_reg[4]' (FDC) to 'g_pe_row[0].g_pe_pair[2].u_pe/w_d2_r_reg[4]'
INFO: [Synth 8-3886] merging instance 'g_pe_row[0].g_pe_pair[1].u_pe/w_d3_r_reg[4]' (FDC) to 'g_pe_row[0].g_pe_pair[2].u_pe/w_d3_r_reg[4]'
INFO: [Synth 8-3886] merging instance 'g_pe_row[0].g_pe_pair[1].u_pe/w_d1_r_reg[5]' (FDC) to 'g_pe_row[0].g_pe_pair[2].u_pe/w_d1_r_reg[5]'
INFO: [Synth 8-3886] merging instance 'g_pe_row[0].g_pe_pair[1].u_pe/w_d2_r_reg[5]' (FDC) to 'g_pe_row[0].g_pe_pair[2].u_pe/w_d2_r_reg[5]'
INFO: [Synth 8-3886] merging instance 'g_pe_row[0].g_pe_pair[1].u_pe/w_d3_r_reg[5]' (FDC) to 'g_pe_row[0].g_pe_pair[2].u_pe/w_d3_r_reg[5]'
INFO: [Synth 8-3886] merging instance 'g_pe_row[0].g_pe_pair[1].u_pe/w_d1_r_reg[6]' (FDC) to 'g_pe_row[0].g_pe_pair[2].u_pe/w_d1_r_reg[6]'
INFO: [Synth 8-3886] merging instance 'g_pe_row[0].g_pe_pair[1].u_pe/w_d2_r_reg[6]' (FDC) to 'g_pe_row[0].g_pe_pair[2].u_pe/w_d2_r_reg[6]'
INFO: [Synth 8-3886] merging instance 'g_pe_row[0].g_pe_pair[1].u_pe/w_d3_r_reg[6]' (FDC) to 'g_pe_row[0].g_pe_pair[2].u_pe/w_d3_r_reg[6]'
INFO: [Synth 8-3886] merging instance 'g_pe_row[0].g_pe_pair[1].u_pe/w_d1_r_reg[7]' (FDC) to 'g_pe_row[0].g_pe_pair[2].u_pe/w_d1_r_reg[7]'
INFO: [Synth 8-3886] merging instance 'g_pe_row[0].g_pe_pair[1].u_pe/w_d2_r_reg[7]' (FDC) to 'g_pe_row[0].g_pe_pair[2].u_pe/w_d2_r_reg[7]'
INFO: [Synth 8-3886] merging instance 'g_pe_row[0].g_pe_pair[1].u_pe/w_d3_r_reg[7]' (FDC) to 'g_pe_row[0].g_pe_pair[2].u_pe/w_d3_r_reg[7]'
INFO: [Synth 8-3886] merging instance 'g_pe_row[2].g_pe_pair[0].u_pe/w_d1_r_reg[0]' (FDC) to 'g_pe_row[2].g_pe_pair[1].u_pe/w_d1_r_reg[0]'
INFO: [Synth 8-3886] merging instance 'g_pe_row[2].g_pe_pair[0].u_pe/w_d2_r_reg[0]' (FDC) to 'g_pe_row[2].g_pe_pair[1].u_pe/w_d2_r_reg[0]'
INFO: [Synth 8-3886] merging instance 'g_pe_row[2].g_pe_pair[0].u_pe/w_d3_r_reg[0]' (FDC) to 'g_pe_row[2].g_pe_pair[1].u_pe/w_d3_r_reg[0]'
INFO: [Synth 8-3886] merging instance 'g_pe_row[2].g_pe_pair[0].u_pe/w_d1_r_reg[1]' (FDC) to 'g_pe_row[2].g_pe_pair[1].u_pe/w_d1_r_reg[1]'
INFO: [Common 17-14] Message 'Synth 8-3886' appears 100 times and further instances of the messages will be disabled. Use the Tcl command set_msg_config to change the current settings.
INFO: [Common 17-14] Message 'Synth 8-3886' appears 100 times and further instances of the messages will be disabled. Use the Tcl command set_msg_config to change the current settings.
INFO: [Synth 8-3333] propagating constant 0 across sequential element (\wpipe_addr_q_reg[6] )
INFO: [Common 17-14] Message 'Synth 8-3886' appears 100 times and further instances of the messages will be disabled. Use the Tcl command set_msg_config to change the current settings.
INFO: [Synth 8-7067] Removed DRAM instance i_30/i_0/u_wbuf/g_row[15].mem0_reg_64_127_6_7 from module extram__99 due to constant propagation
INFO: [Synth 8-7067] Removed DRAM instance i_30/i_0/u_wbuf/g_row[15].mem0_reg_128_191_6_7 from module extram__99 due to constant propagation
INFO: [Synth 8-7067] Removed DRAM instance i_30/i_0/u_wbuf/g_row[15].mem0_reg_192_255_6_7 from module extram__99 due to constant propagation
INFO: [Synth 8-7067] Removed DRAM instance i_30/i_0/u_wbuf/g_row[15].mem0_reg_256_319_6_7 from module extram__99 due to constant propagation
INFO: [Synth 8-7067] Removed DRAM instance i_30/i_0/u_wbuf/g_row[15].mem0_reg_320_383_6_7 from module extram__99 due to constant propagation
INFO: [Synth 8-7067] Removed DRAM instance i_30/i_0/u_wbuf/g_row[15].mem0_reg_384_447_6_7 from module extram__99 due to constant propagation
INFO: [Synth 8-7067] Removed DRAM instance i_30/i_0/u_wbuf/g_row[15].mem0_reg_448_511_6_7 from module extram__99 due to constant propagation
INFO: [Synth 8-7067] Removed DRAM instance i_30/i_0/u_wbuf/g_row[15].mem0_reg_512_575_6_7 from module extram__99 due to constant propagation
INFO: [Synth 8-7067] Removed DRAM instance i_30/i_0/u_wbuf/g_row[15].mem0_reg_576_639_6_7 from module extram__99 due to constant propagation
INFO: [Synth 8-7067] Removed DRAM instance i_30/i_0/u_wbuf/g_row[15].mem0_reg_640_703_6_7 from module extram__99 due to constant propagation
INFO: [Synth 8-7067] Removed DRAM instance i_30/i_0/u_wbuf/g_row[15].mem0_reg_704_767_6_7 from module extram__99 due to constant propagation
INFO: [Synth 8-7067] Removed DRAM instance i_30/i_0/u_wbuf/g_row[15].mem0_reg_768_831_6_7 from module extram__99 due to constant propagation
INFO: [Synth 8-7067] Removed DRAM instance i_30/i_0/u_wbuf/g_row[15].mem0_reg_832_895_6_7 from module extram__99 due to constant propagation
INFO: [Synth 8-7067] Removed DRAM instance i_30/i_0/u_wbuf/g_row[15].mem0_reg_896_959_6_7 from module extram__99 due to constant propagation
INFO: [Synth 8-7067] Removed DRAM instance i_30/i_0/u_wbuf/g_row[15].mem0_reg_960_1023_6_7 from module extram__99 due to constant propagation
INFO: [Synth 8-7067] Removed DRAM instance i_30/i_0/u_wbuf/g_row[15].mem0_reg_1024_1087_6_7 from module extram__99 due to constant propagation
INFO: [Synth 8-7067] Removed DRAM instance i_30/i_0/u_wbuf/g_row[15].mem0_reg_1088_1151_6_7 from module extram__99 due to constant propagation
INFO: [Synth 8-7067] Removed DRAM instance i_30/i_0/u_wbuf/g_row[15].mem0_reg_1152_1215_6_7 from module extram__99 due to constant propagation
INFO: [Synth 8-7067] Removed DRAM instance i_30/i_0/u_wbuf/g_row[15].mem0_reg_1216_1279_6_7 from module extram__99 due to constant propagation
INFO: [Synth 8-7067] Removed DRAM instance i_30/i_0/u_wbuf/g_row[15].mem0_reg_1280_1343_6_7 from module extram__99 due to constant propagation
INFO: [Synth 8-7067] Removed DRAM instance i_30/i_0/u_wbuf/g_row[15].mem0_reg_1344_1407_6_7 from module extram__99 due to constant propagation
INFO: [Synth 8-7067] Removed DRAM instance i_30/i_0/u_wbuf/g_row[15].mem0_reg_1408_1471_6_7 from module extram__99 due to constant propagation
INFO: [Synth 8-7067] Removed DRAM instance i_30/i_0/u_wbuf/g_row[15].mem0_reg_1472_1535_6_7 from module extram__99 due to constant propagation
INFO: [Synth 8-7067] Removed DRAM instance i_30/i_0/u_wbuf/g_row[15].mem0_reg_1536_1599_6_7 from module extram__99 due to constant propagation
INFO: [Synth 8-7067] Removed DRAM instance i_30/i_0/u_wbuf/g_row[15].mem0_reg_1600_1663_6_7 from module extram__99 due to constant propagation
INFO: [Synth 8-7067] Removed DRAM instance i_30/i_0/u_wbuf/g_row[15].mem0_reg_1664_1727_6_7 from module extram__99 due to constant propagation
INFO: [Synth 8-7067] Removed DRAM instance i_30/i_0/u_wbuf/g_row[15].mem0_reg_1728_1791_6_7 from module extram__99 due to constant propagation
INFO: [Synth 8-7067] Removed DRAM instance i_30/i_0/u_wbuf/g_row[15].mem0_reg_1792_1855_6_7 from module extram__99 due to constant propagation
INFO: [Synth 8-7067] Removed DRAM instance i_30/i_0/u_wbuf/g_row[15].mem0_reg_1856_1919_6_7 from module extram__99 due to constant propagation
INFO: [Synth 8-7067] Removed DRAM instance i_30/i_0/u_wbuf/g_row[15].mem0_reg_1920_1983_6_7 from module extram__99 due to constant propagation
INFO: [Synth 8-7067] Removed DRAM instance i_30/i_0/u_wbuf/g_row[15].mem0_reg_1984_2047_6_7 from module extram__99 due to constant propagation
INFO: [Synth 8-7067] Removed DRAM instance i_30/i_0/u_wbuf/g_row[15].mem0_reg_2048_2111_6_7 from module extram__99 due to constant propagation
INFO: [Synth 8-7067] Removed DRAM instance i_30/i_0/u_wbuf/g_row[15].mem0_reg_2112_2175_6_7 from module extram__99 due to constant propagation
INFO: [Synth 8-7067] Removed DRAM instance i_30/i_0/u_wbuf/g_row[15].mem0_reg_2176_2239_6_7 from module extram__99 due to constant propagation
INFO: [Synth 8-7067] Removed DRAM instance i_30/i_0/u_wbuf/g_row[15].mem0_reg_2240_2303_6_7 from module extram__99 due to constant propagation
INFO: [Synth 8-7067] Removed DRAM instance i_31/i_1/u_wbuf/g_row[15].mem1_reg_64_127_6_7 from module extram__101 due to constant propagation
INFO: [Synth 8-7067] Removed DRAM instance i_31/i_1/u_wbuf/g_row[15].mem1_reg_128_191_6_7 from module extram__101 due to constant propagation
INFO: [Synth 8-7067] Removed DRAM instance i_31/i_1/u_wbuf/g_row[15].mem1_reg_192_255_6_7 from module extram__101 due to constant propagation
INFO: [Synth 8-7067] Removed DRAM instance i_31/i_1/u_wbuf/g_row[15].mem1_reg_256_319_6_7 from module extram__101 due to constant propagation
INFO: [Synth 8-7067] Removed DRAM instance i_31/i_1/u_wbuf/g_row[15].mem1_reg_320_383_6_7 from module extram__101 due to constant propagation
INFO: [Synth 8-7067] Removed DRAM instance i_31/i_1/u_wbuf/g_row[15].mem1_reg_384_447_6_7 from module extram__101 due to constant propagation
INFO: [Synth 8-7067] Removed DRAM instance i_31/i_1/u_wbuf/g_row[15].mem1_reg_448_511_6_7 from module extram__101 due to constant propagation
INFO: [Synth 8-7067] Removed DRAM instance i_31/i_1/u_wbuf/g_row[15].mem1_reg_512_575_6_7 from module extram__101 due to constant propagation
INFO: [Synth 8-7067] Removed DRAM instance i_31/i_1/u_wbuf/g_row[15].mem1_reg_576_639_6_7 from module extram__101 due to constant propagation
INFO: [Synth 8-7067] Removed DRAM instance i_31/i_1/u_wbuf/g_row[15].mem1_reg_640_703_6_7 from module extram__101 due to constant propagation
INFO: [Synth 8-7067] Removed DRAM instance i_31/i_1/u_wbuf/g_row[15].mem1_reg_704_767_6_7 from module extram__101 due to constant propagation
INFO: [Synth 8-7067] Removed DRAM instance i_31/i_1/u_wbuf/g_row[15].mem1_reg_768_831_6_7 from module extram__101 due to constant propagation
INFO: [Synth 8-7067] Removed DRAM instance i_31/i_1/u_wbuf/g_row[15].mem1_reg_832_895_6_7 from module extram__101 due to constant propagation
INFO: [Synth 8-7067] Removed DRAM instance i_31/i_1/u_wbuf/g_row[15].mem1_reg_896_959_6_7 from module extram__101 due to constant propagation
INFO: [Synth 8-7067] Removed DRAM instance i_31/i_1/u_wbuf/g_row[15].mem1_reg_960_1023_6_7 from module extram__101 due to constant propagation
INFO: [Synth 8-7067] Removed DRAM instance i_31/i_1/u_wbuf/g_row[15].mem1_reg_1024_1087_6_7 from module extram__101 due to constant propagation
INFO: [Synth 8-7067] Removed DRAM instance i_31/i_1/u_wbuf/g_row[15].mem1_reg_1088_1151_6_7 from module extram__101 due to constant propagation
INFO: [Synth 8-7067] Removed DRAM instance i_31/i_1/u_wbuf/g_row[15].mem1_reg_1152_1215_6_7 from module extram__101 due to constant propagation
INFO: [Synth 8-7067] Removed DRAM instance i_31/i_1/u_wbuf/g_row[15].mem1_reg_1216_1279_6_7 from module extram__101 due to constant propagation
INFO: [Synth 8-7067] Removed DRAM instance i_31/i_1/u_wbuf/g_row[15].mem1_reg_1280_1343_6_7 from module extram__101 due to constant propagation
INFO: [Synth 8-7067] Removed DRAM instance i_31/i_1/u_wbuf/g_row[15].mem1_reg_1344_1407_6_7 from module extram__101 due to constant propagation
INFO: [Synth 8-7067] Removed DRAM instance i_31/i_1/u_wbuf/g_row[15].mem1_reg_1408_1471_6_7 from module extram__101 due to constant propagation
INFO: [Synth 8-7067] Removed DRAM instance i_31/i_1/u_wbuf/g_row[15].mem1_reg_1472_1535_6_7 from module extram__101 due to constant propagation
INFO: [Synth 8-7067] Removed DRAM instance i_31/i_1/u_wbuf/g_row[15].mem1_reg_1536_1599_6_7 from module extram__101 due to constant propagation
INFO: [Synth 8-7067] Removed DRAM instance i_31/i_1/u_wbuf/g_row[15].mem1_reg_1600_1663_6_7 from module extram__101 due to constant propagation
INFO: [Synth 8-7067] Removed DRAM instance i_31/i_1/u_wbuf/g_row[15].mem1_reg_1664_1727_6_7 from module extram__101 due to constant propagation
INFO: [Synth 8-7067] Removed DRAM instance i_31/i_1/u_wbuf/g_row[15].mem1_reg_1728_1791_6_7 from module extram__101 due to constant propagation
INFO: [Synth 8-7067] Removed DRAM instance i_31/i_1/u_wbuf/g_row[15].mem1_reg_1792_1855_6_7 from module extram__101 due to constant propagation
INFO: [Synth 8-7067] Removed DRAM instance i_31/i_1/u_wbuf/g_row[15].mem1_reg_1856_1919_6_7 from module extram__101 due to constant propagation
INFO: [Synth 8-7067] Removed DRAM instance i_31/i_1/u_wbuf/g_row[15].mem1_reg_1920_1983_6_7 from module extram__101 due to constant propagation
INFO: [Synth 8-7067] Removed DRAM instance i_31/i_1/u_wbuf/g_row[15].mem1_reg_1984_2047_6_7 from module extram__101 due to constant propagation
INFO: [Synth 8-7067] Removed DRAM instance i_31/i_1/u_wbuf/g_row[15].mem1_reg_2048_2111_6_7 from module extram__101 due to constant propagation
INFO: [Synth 8-7067] Removed DRAM instance i_31/i_1/u_wbuf/g_row[15].mem1_reg_2112_2175_6_7 from module extram__101 due to constant propagation
INFO: [Synth 8-7067] Removed DRAM instance i_31/i_1/u_wbuf/g_row[15].mem1_reg_2176_2239_6_7 from module extram__101 due to constant propagation
INFO: [Synth 8-7067] Removed DRAM instance i_31/i_1/u_wbuf/g_row[15].mem1_reg_2240_2303_6_7 from module extram__101 due to constant propagation
INFO: [Synth 8-7067] Removed DRAM instance i_30/i_0/u_wbuf/g_row[15].mem0_reg_64_127_3_5 from module extram__99 due to constant propagation
INFO: [Synth 8-7067] Removed DRAM instance i_30/i_0/u_wbuf/g_row[15].mem0_reg_128_191_3_5 from module extram__99 due to constant propagation
INFO: [Synth 8-7067] Removed DRAM instance i_30/i_0/u_wbuf/g_row[15].mem0_reg_192_255_3_5 from module extram__99 due to constant propagation
INFO: [Synth 8-7067] Removed DRAM instance i_30/i_0/u_wbuf/g_row[15].mem0_reg_256_319_3_5 from module extram__99 due to constant propagation
INFO: [Synth 8-7067] Removed DRAM instance i_30/i_0/u_wbuf/g_row[15].mem0_reg_320_383_3_5 from module extram__99 due to constant propagation
INFO: [Synth 8-7067] Removed DRAM instance i_30/i_0/u_wbuf/g_row[15].mem0_reg_384_447_3_5 from module extram__99 due to constant propagation
INFO: [Synth 8-7067] Removed DRAM instance i_30/i_0/u_wbuf/g_row[15].mem0_reg_448_511_3_5 from module extram__99 due to constant propagation
INFO: [Synth 8-7067] Removed DRAM instance i_30/i_0/u_wbuf/g_row[15].mem0_reg_512_575_3_5 from module extram__99 due to constant propagation
INFO: [Synth 8-7067] Removed DRAM instance i_30/i_0/u_wbuf/g_row[15].mem0_reg_576_639_3_5 from module extram__99 due to constant propagation
INFO: [Synth 8-7067] Removed DRAM instance i_30/i_0/u_wbuf/g_row[15].mem0_reg_640_703_3_5 from module extram__99 due to constant propagation
INFO: [Synth 8-7067] Removed DRAM instance i_30/i_0/u_wbuf/g_row[15].mem0_reg_704_767_3_5 from module extram__99 due to constant propagation
INFO: [Synth 8-7067] Removed DRAM instance i_30/i_0/u_wbuf/g_row[15].mem0_reg_768_831_3_5 from module extram__99 due to constant propagation
INFO: [Synth 8-7067] Removed DRAM instance i_30/i_0/u_wbuf/g_row[15].mem0_reg_832_895_3_5 from module extram__99 due to constant propagation
INFO: [Synth 8-7067] Removed DRAM instance i_30/i_0/u_wbuf/g_row[15].mem0_reg_896_959_3_5 from module extram__99 due to constant propagation
INFO: [Synth 8-7067] Removed DRAM instance i_30/i_0/u_wbuf/g_row[15].mem0_reg_960_1023_3_5 from module extram__99 due to constant propagation
INFO: [Synth 8-7067] Removed DRAM instance i_30/i_0/u_wbuf/g_row[15].mem0_reg_1024_1087_3_5 from module extram__99 due to constant propagation
INFO: [Synth 8-7067] Removed DRAM instance i_30/i_0/u_wbuf/g_row[15].mem0_reg_1088_1151_3_5 from module extram__99 due to constant propagation
INFO: [Synth 8-7067] Removed DRAM instance i_30/i_0/u_wbuf/g_row[15].mem0_reg_1152_1215_3_5 from module extram__99 due to constant propagation
INFO: [Synth 8-7067] Removed DRAM instance i_30/i_0/u_wbuf/g_row[15].mem0_reg_1216_1279_3_5 from module extram__99 due to constant propagation
INFO: [Synth 8-7067] Removed DRAM instance i_30/i_0/u_wbuf/g_row[15].mem0_reg_1280_1343_3_5 from module extram__99 due to constant propagation
INFO: [Synth 8-7067] Removed DRAM instance i_30/i_0/u_wbuf/g_row[15].mem0_reg_1344_1407_3_5 from module extram__99 due to constant propagation
INFO: [Synth 8-7067] Removed DRAM instance i_30/i_0/u_wbuf/g_row[15].mem0_reg_1408_1471_3_5 from module extram__99 due to constant propagation
INFO: [Synth 8-7067] Removed DRAM instance i_30/i_0/u_wbuf/g_row[15].mem0_reg_1472_1535_3_5 from module extram__99 due to constant propagation
INFO: [Synth 8-7067] Removed DRAM instance i_30/i_0/u_wbuf/g_row[15].mem0_reg_1536_1599_3_5 from module extram__99 due to constant propagation
INFO: [Synth 8-7067] Removed DRAM instance i_30/i_0/u_wbuf/g_row[15].mem0_reg_1600_1663_3_5 from module extram__99 due to constant propagation
INFO: [Synth 8-7067] Removed DRAM instance i_30/i_0/u_wbuf/g_row[15].mem0_reg_1664_1727_3_5 from module extram__99 due to constant propagation
INFO: [Synth 8-7067] Removed DRAM instance i_30/i_0/u_wbuf/g_row[15].mem0_reg_1728_1791_3_5 from module extram__99 due to constant propagation
INFO: [Synth 8-7067] Removed DRAM instance i_30/i_0/u_wbuf/g_row[15].mem0_reg_1792_1855_3_5 from module extram__99 due to constant propagation
INFO: [Synth 8-7067] Removed DRAM instance i_30/i_0/u_wbuf/g_row[15].mem0_reg_1856_1919_3_5 from module extram__99 due to constant propagation
INFO: [Synth 8-7067] Removed DRAM instance i_30/i_0/u_wbuf/g_row[15].mem0_reg_1920_1983_3_5 from module extram__99 due to constant propagation
INFO: [Common 17-14] Message 'Synth 8-7067' appears 100 times and further instances of the messages will be disabled. Use the Tcl command set_msg_config to change the current settings.
INFO: [Common 17-14] Message 'Synth 8-7067' appears 100 times and further instances of the messages will be disabled. Use the Tcl command set_msg_config to change the current settings.
INFO: [Synth 8-12192] Not enough pipeline registers after wide multiplier. Pipeline registers present is 1. Recommended levels of pipeline registers is 4. [E:/competition/2_fpga/3_yolo_zynq/rtl/yolo_requant.v:160]
DSP Report: Generating DSP prod_c_w, operation Mode is: A*B.
DSP Report: operator prod_c_w is absorbed into DSP prod_c_w.
DSP Report: operator prod_c_w is absorbed into DSP prod_c_w.
DSP Report: Generating DSP prod_c_w, operation Mode is: (PCIN>>17)+A*B.
DSP Report: operator prod_c_w is absorbed into DSP prod_c_w.
DSP Report: operator prod_c_w is absorbed into DSP prod_c_w.
DSP Report: Generating DSP prod_c_w, operation Mode is: A*B.
DSP Report: operator prod_c_w is absorbed into DSP prod_c_w.
DSP Report: operator prod_c_w is absorbed into DSP prod_c_w.
DSP Report: Generating DSP prod_c_w, operation Mode is: (PCIN>>17)+A*B.
DSP Report: operator prod_c_w is absorbed into DSP prod_c_w.
DSP Report: operator prod_c_w is absorbed into DSP prod_c_w.
WARNING: [Synth 8-3332] Sequential element (prod_r_reg[47]) is unused and will be removed from module yolo_requant.
WARNING: [Synth 8-3332] Sequential element (prod_r_reg[46]) is unused and will be removed from module yolo_requant.
WARNING: [Synth 8-3332] Sequential element (prod_r_reg[45]) is unused and will be removed from module yolo_requant.
WARNING: [Synth 8-3332] Sequential element (prod_r_reg[44]) is unused and will be removed from module yolo_requant.
WARNING: [Synth 8-3332] Sequential element (prod_r_reg[43]) is unused and will be removed from module yolo_requant.
WARNING: [Synth 8-3332] Sequential element (prod_r_reg[42]) is unused and will be removed from module yolo_requant.
WARNING: [Synth 8-3332] Sequential element (prod_r_reg[41]) is unused and will be removed from module yolo_requant.
WARNING: [Synth 8-3332] Sequential element (prod_r_reg[40]) is unused and will be removed from module yolo_requant.
WARNING: [Synth 8-3332] Sequential element (prod_r_reg[39]) is unused and will be removed from module yolo_requant.
WARNING: [Synth 8-3332] Sequential element (prod_r_reg[38]) is unused and will be removed from module yolo_requant.
WARNING: [Synth 8-3332] Sequential element (prod_r_reg[37]) is unused and will be removed from module yolo_requant.
WARNING: [Synth 8-3332] Sequential element (prod_r_reg[36]) is unused and will be removed from module yolo_requant.
WARNING: [Synth 8-3332] Sequential element (prod_r_reg[35]) is unused and will be removed from module yolo_requant.
WARNING: [Synth 8-3332] Sequential element (prod_r_reg[34]) is unused and will be removed from module yolo_requant.
WARNING: [Synth 8-3332] Sequential element (prod_r_reg[33]) is unused and will be removed from module yolo_requant.
WARNING: [Synth 8-3332] Sequential element (prod_r_reg[32]) is unused and will be removed from module yolo_requant.
WARNING: [Synth 8-3332] Sequential element (prod_r_reg[31]) is unused and will be removed from module yolo_requant.
WARNING: [Synth 8-3332] Sequential element (prod_r_reg[30]) is unused and will be removed from module yolo_requant.
WARNING: [Synth 8-3332] Sequential element (prod_r_reg[29]) is unused and will be removed from module yolo_requant.
WARNING: [Synth 8-3332] Sequential element (prod_r_reg[28]) is unused and will be removed from module yolo_requant.
WARNING: [Synth 8-3332] Sequential element (prod_r_reg[27]) is unused and will be removed from module yolo_requant.
WARNING: [Synth 8-3332] Sequential element (prod_r_reg[26]) is unused and will be removed from module yolo_requant.
WARNING: [Synth 8-3332] Sequential element (prod_r_reg[25]) is unused and will be removed from module yolo_requant.
WARNING: [Synth 8-3332] Sequential element (prod_r_reg[24]) is unused and will be removed from module yolo_requant.
WARNING: [Synth 8-3332] Sequential element (prod_r_reg[23]) is unused and will be removed from module yolo_requant.
WARNING: [Synth 8-3332] Sequential element (prod_r_reg[22]) is unused and will be removed from module yolo_requant.
WARNING: [Synth 8-3332] Sequential element (prod_r_reg[21]) is unused and will be removed from module yolo_requant.
WARNING: [Synth 8-3332] Sequential element (prod_r_reg[20]) is unused and will be removed from module yolo_requant.
WARNING: [Synth 8-3332] Sequential element (prod_r_reg[19]) is unused and will be removed from module yolo_requant.
WARNING: [Synth 8-3332] Sequential element (prod_r_reg[18]) is unused and will be removed from module yolo_requant.
WARNING: [Synth 8-3332] Sequential element (prod_r_reg[17]) is unused and will be removed from module yolo_requant.
WARNING: [Synth 8-3332] Sequential element (prod_r_reg[47]__0) is unused and will be removed from module yolo_requant.
WARNING: [Synth 8-3332] Sequential element (prod_r_reg[46]__0) is unused and will be removed from module yolo_requant.
WARNING: [Synth 8-3332] Sequential element (prod_r_reg[45]__0) is unused and will be removed from module yolo_requant.
WARNING: [Synth 8-3332] Sequential element (prod_r_reg[44]__0) is unused and will be removed from module yolo_requant.
WARNING: [Synth 8-3332] Sequential element (prod_r_reg[43]__0) is unused and will be removed from module yolo_requant.
WARNING: [Synth 8-3332] Sequential element (prod_r_reg[42]__0) is unused and will be removed from module yolo_requant.
WARNING: [Synth 8-3332] Sequential element (prod_r_reg[41]__0) is unused and will be removed from module yolo_requant.
WARNING: [Synth 8-3332] Sequential element (prod_r_reg[40]__0) is unused and will be removed from module yolo_requant.
WARNING: [Synth 8-3332] Sequential element (prod_r_reg[39]__0) is unused and will be removed from module yolo_requant.
WARNING: [Synth 8-3332] Sequential element (prod_r_reg[38]__0) is unused and will be removed from module yolo_requant.
WARNING: [Synth 8-3332] Sequential element (prod_r_reg[37]__0) is unused and will be removed from module yolo_requant.
WARNING: [Synth 8-3332] Sequential element (prod_r_reg[36]__0) is unused and will be removed from module yolo_requant.
WARNING: [Synth 8-3332] Sequential element (prod_r_reg[35]__0) is unused and will be removed from module yolo_requant.
WARNING: [Synth 8-3332] Sequential element (prod_r_reg[34]__0) is unused and will be removed from module yolo_requant.
WARNING: [Synth 8-3332] Sequential element (prod_r_reg[33]__0) is unused and will be removed from module yolo_requant.
WARNING: [Synth 8-3332] Sequential element (prod_r_reg[32]__0) is unused and will be removed from module yolo_requant.
WARNING: [Synth 8-3332] Sequential element (prod_r_reg[31]__0) is unused and will be removed from module yolo_requant.
WARNING: [Synth 8-3332] Sequential element (prod_r_reg[30]__0) is unused and will be removed from module yolo_requant.
WARNING: [Synth 8-3332] Sequential element (prod_r_reg[47]__1) is unused and will be removed from module yolo_requant.
WARNING: [Synth 8-3332] Sequential element (prod_r_reg[46]__1) is unused and will be removed from module yolo_requant.
WARNING: [Synth 8-3332] Sequential element (prod_r_reg[45]__1) is unused and will be removed from module yolo_requant.
WARNING: [Synth 8-3332] Sequential element (prod_r_reg[44]__1) is unused and will be removed from module yolo_requant.
WARNING: [Synth 8-3332] Sequential element (prod_r_reg[43]__1) is unused and will be removed from module yolo_requant.
WARNING: [Synth 8-3332] Sequential element (prod_r_reg[42]__1) is unused and will be removed from module yolo_requant.
WARNING: [Synth 8-3332] Sequential element (prod_r_reg[41]__1) is unused and will be removed from module yolo_requant.
WARNING: [Synth 8-3332] Sequential element (prod_r_reg[40]__1) is unused and will be removed from module yolo_requant.
WARNING: [Synth 8-3332] Sequential element (prod_r_reg[39]__1) is unused and will be removed from module yolo_requant.
WARNING: [Synth 8-3332] Sequential element (prod_r_reg[38]__1) is unused and will be removed from module yolo_requant.
WARNING: [Synth 8-3332] Sequential element (prod_r_reg[37]__1) is unused and will be removed from module yolo_requant.
WARNING: [Synth 8-3332] Sequential element (prod_r_reg[36]__1) is unused and will be removed from module yolo_requant.
WARNING: [Synth 8-3332] Sequential element (prod_r_reg[35]__1) is unused and will be removed from module yolo_requant.
WARNING: [Synth 8-3332] Sequential element (prod_r_reg[34]__1) is unused and will be removed from module yolo_requant.
WARNING: [Synth 8-3332] Sequential element (prod_r_reg[33]__1) is unused and will be removed from module yolo_requant.
WARNING: [Synth 8-3332] Sequential element (prod_r_reg[32]__1) is unused and will be removed from module yolo_requant.
WARNING: [Synth 8-3332] Sequential element (prod_r_reg[31]__1) is unused and will be removed from module yolo_requant.
WARNING: [Synth 8-3332] Sequential element (prod_r_reg[30]__1) is unused and will be removed from module yolo_requant.
WARNING: [Synth 8-3332] Sequential element (prod_r_reg[29]__1) is unused and will be removed from module yolo_requant.
WARNING: [Synth 8-3332] Sequential element (prod_r_reg[28]__1) is unused and will be removed from module yolo_requant.
WARNING: [Synth 8-3332] Sequential element (prod_r_reg[27]__1) is unused and will be removed from module yolo_requant.
WARNING: [Synth 8-3332] Sequential element (prod_r_reg[26]__1) is unused and will be removed from module yolo_requant.
WARNING: [Synth 8-3332] Sequential element (prod_r_reg[25]__1) is unused and will be removed from module yolo_requant.
WARNING: [Synth 8-3332] Sequential element (prod_r_reg[24]__1) is unused and will be removed from module yolo_requant.
WARNING: [Synth 8-3332] Sequential element (prod_r_reg[23]__1) is unused and will be removed from module yolo_requant.
WARNING: [Synth 8-3332] Sequential element (prod_r_reg[22]__1) is unused and will be removed from module yolo_requant.
WARNING: [Synth 8-3332] Sequential element (prod_r_reg[21]__1) is unused and will be removed from module yolo_requant.
WARNING: [Synth 8-3332] Sequential element (prod_r_reg[20]__1) is unused and will be removed from module yolo_requant.
WARNING: [Synth 8-3332] Sequential element (prod_r_reg[19]__1) is unused and will be removed from module yolo_requant.
WARNING: [Synth 8-3332] Sequential element (prod_r_reg[18]__1) is unused and will be removed from module yolo_requant.
WARNING: [Synth 8-3332] Sequential element (prod_r_reg[17]__1) is unused and will be removed from module yolo_requant.
WARNING: [Synth 8-3332] Sequential element (prod_r_reg[47]__2) is unused and will be removed from module yolo_requant.
DSP Report: Generating DSP oy_sh_r0, operation Mode is: A*B.
DSP Report: operator oy_sh_r0 is absorbed into DSP oy_sh_r0.
DSP Report: Generating DSP p_1_out, operation Mode is: (C or 0)+A*B.
DSP Report: operator row_off_r0 is absorbed into DSP p_1_out.
DSP Report: operator row_off_r0 is absorbed into DSP p_1_out.
DSP Report: Generating DSP ox_sw_r0, operation Mode is: A*B.
DSP Report: operator ox_sw_r0 is absorbed into DSP ox_sw_r0.
DSP Report: Generating DSP kh1_iw_r0, operation Mode is: (D+(A:0x3fffffff))*B.
DSP Report: operator kh1_iw_r0 is absorbed into DSP kh1_iw_r0.
DSP Report: operator kh1_iw_r1 is absorbed into DSP kh1_iw_r0.
DSP Report: Generating DSP sh_iw_r0, operation Mode is: A*B.
DSP Report: operator sh_iw_r0 is absorbed into DSP sh_iw_r0.
DSP Report: Generating DSP plane_sz_c0, operation Mode is: A*B.
DSP Report: operator plane_sz_c0 is absorbed into DSP plane_sz_c0.
DSP Report: Generating DSP rq_limit_r0, operation Mode is: (C:0xffffffffffff)+A*B.
DSP Report: operator rq_limit_r0 is absorbed into DSP rq_limit_r0.
DSP Report: operator rq_limit_r1 is absorbed into DSP rq_limit_r0.
DSP Report: Generating DSP row_addr_d2_r2, operation Mode is: A*B.
DSP Report: operator row_addr_d2_r2 is absorbed into DSP row_addr_d2_r2.
DSP Report: Generating DSP row_addr_d2_r0, operation Mode is: PCIN+(A:0x0):B+C.
DSP Report: operator row_addr_d2_r0 is absorbed into DSP row_addr_d2_r0.
WARNING: [Synth 8-7129] Port rlast_i in module yolo_dma is either unconnected or has no load
WARNING: [Synth 8-7129] Port ic_i[15] in module yolo_addrgen is either unconnected or has no load
WARNING: [Synth 8-7129] Port ic_i[14] in module yolo_addrgen is either unconnected or has no load
WARNING: [Synth 8-7129] Port ic_i[13] in module yolo_addrgen is either unconnected or has no load
WARNING: [Synth 8-7129] Port ic_i[12] in module yolo_addrgen is either unconnected or has no load
WARNING: [Synth 8-7129] Port ic_i[11] in module yolo_addrgen is either unconnected or has no load
WARNING: [Synth 8-7129] Port ic_i[10] in module yolo_addrgen is either unconnected or has no load
INFO: [Common 17-14] Message 'Synth 8-7129' appears 100 times and further instances of the messages will be disabled. Use the Tcl command set_msg_config to change the current settings.
INFO: [Synth 8-3333] propagating constant 0 across sequential element (\n_base_d1_r_reg[3] )
INFO: [Synth 8-3333] propagating constant 0 across sequential element (u_addrgen/\k_len_c_reg[13] )
INFO: [Synth 8-3333] propagating constant 0 across sequential element (\cfg_oc_tiles_r_reg[8] )
INFO: [Synth 8-3333] propagating constant 0 across sequential element (u_dma/\tail_r_reg[2] )
INFO: [Synth 8-3333] propagating constant 0 across sequential element (u_addrgen/\pad_val_o_reg[6] )
INFO: [Synth 8-3333] propagating constant 0 across sequential element (u_ctrl/\oc_tiles_r_reg[8] )
INFO: [Synth 8-3333] propagating constant 0 across sequential element (u_dma/\state_r_reg[2] )
INFO: [Synth 8-3333] propagating constant 0 across sequential element (u_dma_wr/\lo_r_reg[3] )
---------------------------------------------------------------------------------
Finished Cross Boundary and Area Optimization : Time (s): cpu = 00:00:26 ; elapsed = 00:00:39 . Memory (MB): peak = 1989.777 ; gain = 0.000
---------------------------------------------------------------------------------
 Sort Area is yolo_gemm_array__GB5 p_1_out_2 : 0 0 : 3261 3261 : Used 1 time 100
 Sort Area is yolo_gemm_array__GB4 prod_c_w_0 : 0 0 : 2701 4864 : Used 1 time 0
 Sort Area is yolo_gemm_array__GB4 prod_c_w_0 : 0 1 : 2163 4864 : Used 1 time 0
 Sort Area is yolo_gemm_array__GB4 prod_c_w_3 : 0 0 : 2304 4252 : Used 1 time 0
 Sort Area is yolo_gemm_array__GB4 prod_c_w_3 : 0 1 : 1948 4252 : Used 1 time 0
 Sort Area is yolo_gemm_array__GB5 kh1_iw_r0_8 : 0 0 : 2760 2760 : Used 1 time 0
 Sort Area is yolo_gemm_array__GB5 row_addr_d2_r2_c : 0 0 : 1946 2152 : Used 1 time 0
 Sort Area is yolo_gemm_array__GB5 row_addr_d2_r2_c : 0 1 : 206 2152 : Used 1 time 0
 Sort Area is yolo_gemm_array__GB5 plane_sz_c0_5 : 0 0 : 1946 1946 : Used 1 time 0
 Sort Area is yolo_gemm_array__GB5 rq_limit_r0_a : 0 0 : 1084 1084 : Used 1 time 0
 Sort Area is yolo_gemm_array__GB5 ox_sw_r0_4 : 0 0 : 878 878 : Used 1 time 0
 Sort Area is yolo_gemm_array__GB5 oy_sh_r0_0 : 0 0 : 878 878 : Used 1 time 0
 Sort Area is yolo_gemm_array__GB5 sh_iw_r0_7 : 0 0 : 878 878 : Used 1 time 0
---------------------------------------------------------------------------------
Start Applying XDC Timing Constraints
---------------------------------------------------------------------------------
---------------------------------------------------------------------------------
Finished Applying XDC Timing Constraints : Time (s): cpu = 00:00:32 ; elapsed = 00:00:45 . Memory (MB): peak = 1989.777 ; gain = 0.000
---------------------------------------------------------------------------------
---------------------------------------------------------------------------------
Start Timing Optimization
---------------------------------------------------------------------------------
---------------------------------------------------------------------------------
Finished Timing Optimization : Time (s): cpu = 00:00:33 ; elapsed = 00:00:46 . Memory (MB): peak = 1989.777 ; gain = 0.000
---------------------------------------------------------------------------------
---------------------------------------------------------------------------------
Start Technology Mapping
---------------------------------------------------------------------------------
INFO: [Synth 8-5844] Detected registers with asynchronous reset at DSP/BRAM block boundary. Consider using synchronous reset for optimal packing [E:/competition/2_fpga/3_yolo_zynq/rtl/yolo_requant.v:154]
INFO: [Synth 8-5844] Detected registers with asynchronous reset at DSP/BRAM block boundary. Consider using synchronous reset for optimal packing [E:/competition/2_fpga/3_yolo_zynq/rtl/yolo_requant.v:154]
INFO: [Synth 8-5844] Detected registers with asynchronous reset at DSP/BRAM block boundary. Consider using synchronous reset for optimal packing [E:/competition/2_fpga/3_yolo_zynq/rtl/yolo_requant.v:160]
INFO: [Synth 8-5844] Detected registers with asynchronous reset at DSP/BRAM block boundary. Consider using synchronous reset for optimal packing [E:/competition/2_fpga/3_yolo_zynq/rtl/yolo_requant.v:160]
INFO: [Synth 8-5844] Detected registers with asynchronous reset at DSP/BRAM block boundary. Consider using synchronous reset for optimal packing [E:/competition/2_fpga/3_yolo_zynq/rtl/yolo_requant.v:160]
INFO: [Synth 8-5844] Detected registers with asynchronous reset at DSP/BRAM block boundary. Consider using synchronous reset for optimal packing [E:/competition/2_fpga/3_yolo_zynq/rtl/yolo_requant.v:160]
INFO: [Synth 8-5844] Detected registers with asynchronous reset at DSP/BRAM block boundary. Consider using synchronous reset for optimal packing [E:/competition/2_fpga/3_yolo_zynq/rtl/yolo_requant.v:160]
INFO: [Synth 8-5844] Detected registers with asynchronous reset at DSP/BRAM block boundary. Consider using synchronous reset for optimal packing [E:/competition/2_fpga/3_yolo_zynq/rtl/yolo_requant.v:160]
INFO: [Synth 8-5844] Detected registers with asynchronous reset at DSP/BRAM block boundary. Consider using synchronous reset for optimal packing [E:/competition/2_fpga/3_yolo_zynq/rtl/yolo_requant.v:160]
INFO: [Synth 8-5844] Detected registers with asynchronous reset at DSP/BRAM block boundary. Consider using synchronous reset for optimal packing [E:/competition/2_fpga/3_yolo_zynq/rtl/yolo_requant.v:160]
INFO: [Synth 8-5844] Detected registers with asynchronous reset at DSP/BRAM block boundary. Consider using synchronous reset for optimal packing [E:/competition/2_fpga/3_yolo_zynq/rtl/yolo_addrgen.v:185]
INFO: [Synth 8-5844] Detected registers with asynchronous reset at DSP/BRAM block boundary. Consider using synchronous reset for optimal packing [E:/competition/2_fpga/3_yolo_zynq/rtl/yolo_addrgen.v:281]
INFO: [Synth 8-5844] Detected registers with asynchronous reset at DSP/BRAM block boundary. Consider using synchronous reset for optimal packing [E:/competition/2_fpga/3_yolo_zynq/rtl/yolo_addrgen.v:283]
INFO: [Synth 8-5844] Detected registers with asynchronous reset at DSP/BRAM block boundary. Consider using synchronous reset for optimal packing [E:/competition/2_fpga/3_yolo_zynq/rtl/yolo_ctrl.v:207]
INFO: [Synth 8-5844] Detected registers with asynchronous reset at DSP/BRAM block boundary. Consider using synchronous reset for optimal packing [E:/competition/2_fpga/3_yolo_zynq/rtl/yolo_gemm_array.v:1167]
INFO: [Synth 8-5844] Detected registers with asynchronous reset at DSP/BRAM block boundary. Consider using synchronous reset for optimal packing [E:/competition/2_fpga/3_yolo_zynq/rtl/yolo_addrgen.v:277]
INFO: [Synth 8-5844] Detected registers with asynchronous reset at DSP/BRAM block boundary. Consider using synchronous reset for optimal packing [E:/competition/2_fpga/3_yolo_zynq/rtl/yolo_addrgen.v:265]
INFO: [Synth 8-5844] Detected registers with asynchronous reset at DSP/BRAM block boundary. Consider using synchronous reset for optimal packing [E:/competition/2_fpga/3_yolo_zynq/rtl/yolo_addrgen.v:287]
INFO: [Synth 8-5844] Detected registers with asynchronous reset at DSP/BRAM block boundary. Consider using synchronous reset for optimal packing [E:/competition/2_fpga/3_yolo_zynq/rtl/yolo_addrgen.v:184]
INFO: [Synth 8-5844] Detected registers with asynchronous reset at DSP/BRAM block boundary. Consider using synchronous reset for optimal packing [E:/competition/2_fpga/3_yolo_zynq/rtl/yolo_addrgen.v:184]
INFO: [Synth 8-5844] Detected registers with asynchronous reset at DSP/BRAM block boundary. Consider using synchronous reset for optimal packing [E:/competition/2_fpga/3_yolo_zynq/rtl/yolo_addrgen.v:165]
INFO: [Synth 8-5844] Detected registers with asynchronous reset at DSP/BRAM block boundary. Consider using synchronous reset for optimal packing [E:/competition/2_fpga/3_yolo_zynq/rtl/yolo_addrgen.v:266]
INFO: [Synth 8-5844] Detected registers with asynchronous reset at DSP/BRAM block boundary. Consider using synchronous reset for optimal packing [E:/competition/2_fpga/3_yolo_zynq/rtl/yolo_addrgen.v:184]
INFO: [Synth 8-5844] Detected registers with asynchronous reset at DSP/BRAM block boundary. Consider using synchronous reset for optimal packing [E:/competition/2_fpga/3_yolo_zynq/rtl/yolo_addrgen.v:220]
INFO: [Synth 8-5844] Detected registers with asynchronous reset at DSP/BRAM block boundary. Consider using synchronous reset for optimal packing [E:/competition/2_fpga/3_yolo_zynq/rtl/yolo_addrgen.v:184]
INFO: [Synth 8-5844] Detected registers with asynchronous reset at DSP/BRAM block boundary. Consider using synchronous reset for optimal packing [E:/competition/2_fpga/3_yolo_zynq/rtl/yolo_addrgen.v:265]
INFO: [Synth 8-5844] Detected registers with asynchronous reset at DSP/BRAM block boundary. Consider using synchronous reset for optimal packing [E:/competition/2_fpga/3_yolo_zynq/rtl/yolo_addrgen.v:192]
INFO: [Synth 8-5844] Detected registers with asynchronous reset at DSP/BRAM block boundary. Consider using synchronous reset for optimal packing [E:/competition/2_fpga/3_yolo_zynq/rtl/yolo_addrgen.v:184]
INFO: [Synth 8-5844] Detected registers with asynchronous reset at DSP/BRAM block boundary. Consider using synchronous reset for optimal packing [E:/competition/2_fpga/3_yolo_zynq/rtl/yolo_ctrl.v:221]
INFO: [Synth 8-5844] Detected registers with asynchronous reset at DSP/BRAM block boundary. Consider using synchronous reset for optimal packing [E:/competition/2_fpga/3_yolo_zynq/rtl/yolo_ctrl.v:222]
INFO: [Synth 8-5844] Detected registers with asynchronous reset at DSP/BRAM block boundary. Consider using synchronous reset for optimal packing [E:/competition/2_fpga/3_yolo_zynq/rtl/yolo_gemm_array.v:372]
INFO: [Synth 8-5844] Detected registers with asynchronous reset at DSP/BRAM block boundary. Consider using synchronous reset for optimal packing [E:/competition/2_fpga/3_yolo_zynq/rtl/yolo_gemm_array.v:382]
INFO: [Synth 8-5844] Detected registers with asynchronous reset at DSP/BRAM block boundary. Consider using synchronous reset for optimal packing [E:/competition/2_fpga/3_yolo_zynq/rtl/yolo_gemm_array.v:1068]
INFO: [Synth 8-5844] Detected registers with asynchronous reset at DSP/BRAM block boundary. Consider using synchronous reset for optimal packing [E:/competition/2_fpga/3_yolo_zynq/rtl/yolo_gemm_array.v:394]
---------------------------------------------------------------------------------
Finished Technology Mapping : Time (s): cpu = 00:00:36 ; elapsed = 00:00:53 . Memory (MB): peak = 1989.777 ; gain = 0.000
---------------------------------------------------------------------------------
---------------------------------------------------------------------------------
Start IO Insertion
---------------------------------------------------------------------------------
---------------------------------------------------------------------------------
Start Flattening Before IO Insertion
---------------------------------------------------------------------------------
---------------------------------------------------------------------------------
Finished Flattening Before IO Insertion
---------------------------------------------------------------------------------
---------------------------------------------------------------------------------
Start Final Netlist Cleanup
---------------------------------------------------------------------------------
---------------------------------------------------------------------------------
Finished Final Netlist Cleanup
---------------------------------------------------------------------------------
---------------------------------------------------------------------------------
Finished IO Insertion : Time (s): cpu = 00:00:41 ; elapsed = 00:00:58 . Memory (MB): peak = 2170.383 ; gain = 180.605
---------------------------------------------------------------------------------
---------------------------------------------------------------------------------
Start Renaming Generated Instances
---------------------------------------------------------------------------------
---------------------------------------------------------------------------------
Finished Renaming Generated Instances : Time (s): cpu = 00:00:41 ; elapsed = 00:00:58 . Memory (MB): peak = 2170.383 ; gain = 180.605
---------------------------------------------------------------------------------
---------------------------------------------------------------------------------
Start Rebuilding User Hierarchy
---------------------------------------------------------------------------------
---------------------------------------------------------------------------------
Finished Rebuilding User Hierarchy : Time (s): cpu = 00:00:43 ; elapsed = 00:01:00 . Memory (MB): peak = 2178.559 ; gain = 188.781
---------------------------------------------------------------------------------
---------------------------------------------------------------------------------
Start Renaming Generated Ports
---------------------------------------------------------------------------------
---------------------------------------------------------------------------------
Finished Renaming Generated Ports : Time (s): cpu = 00:00:43 ; elapsed = 00:01:00 . Memory (MB): peak = 2178.559 ; gain = 188.781
---------------------------------------------------------------------------------
---------------------------------------------------------------------------------
Start Handling Custom Attributes
---------------------------------------------------------------------------------
---------------------------------------------------------------------------------
Finished Handling Custom Attributes : Time (s): cpu = 00:00:43 ; elapsed = 00:01:00 . Memory (MB): peak = 2178.559 ; gain = 188.781
---------------------------------------------------------------------------------
---------------------------------------------------------------------------------
Start Renaming Generated Nets
---------------------------------------------------------------------------------
---------------------------------------------------------------------------------
Finished Renaming Generated Nets : Time (s): cpu = 00:00:43 ; elapsed = 00:01:00 . Memory (MB): peak = 2178.559 ; gain = 188.781
---------------------------------------------------------------------------------
---------------------------------------------------------------------------------
Start Writing Synthesis Report
---------------------------------------------------------------------------------

DSP Final Report (the ' indicates corresponding REG is set)
+---------------------+-----------------+--------+--------+--------+--------+--------+------+------+------+------+-------+------+------+
|Module Name          | DSP Mapping     | A Size | B Size | C Size | D Size | P Size | AREG | BREG | CREG | DREG | ADREG | MREG | PREG | 
+---------------------+-----------------+--------+--------+--------+--------+--------+------+------+------+------+-------+------+------+
|yolo_gemm_array      | A*B             | 16     | 16     | -      | -      | 32     | 0    | 0    | -    | -    | -     | 0    | 0    | 
|yolo_gemm_array__GB5 | (PCIN+A:B+C)'   | 0      | 16     | -      | -      | 32     | 0    | 0    | -    | -    | -     | 0    | 1    | 
|yolo_pe_pack         | ((A'*B')')'     | 25     | 18     | -      | -      | 34     | 1    | 1    | -    | -    | -     | 1    | 1    | 
|yolo_pe_pack_31      | ((A'*B')')'     | 25     | 18     | -      | -      | 34     | 1    | 1    | -    | -    | -     | 1    | 1    | 
|yolo_pe_pack_32      | ((A'*B')')'     | 25     | 18     | -      | -      | 34     | 1    | 1    | -    | -    | -     | 1    | 1    | 
|yolo_pe_pack_33      | ((A'*B')')'     | 25     | 18     | -      | -      | 34     | 1    | 1    | -    | -    | -     | 1    | 1    | 
|yolo_pe_pack_34      | ((A'*B')')'     | 25     | 18     | -      | -      | 34     | 1    | 1    | -    | -    | -     | 1    | 1    | 
|yolo_pe_pack_35      | ((A'*B')')'     | 25     | 18     | -      | -      | 34     | 1    | 1    | -    | -    | -     | 1    | 1    | 
|yolo_pe_pack_36      | ((A'*B')')'     | 25     | 18     | -      | -      | 34     | 1    | 1    | -    | -    | -     | 1    | 1    | 
|yolo_pe_pack_37      | ((A'*B')')'     | 25     | 18     | -      | -      | 34     | 1    | 1    | -    | -    | -     | 1    | 1    | 
|yolo_pe_pack_38      | ((A'*B')')'     | 25     | 18     | -      | -      | 34     | 1    | 1    | -    | -    | -     | 1    | 1    | 
|yolo_pe_pack_39      | ((A'*B')')'     | 25     | 18     | -      | -      | 34     | 1    | 1    | -    | -    | -     | 1    | 1    | 
|yolo_pe_pack_40      | ((A'*B')')'     | 25     | 18     | -      | -      | 34     | 1    | 1    | -    | -    | -     | 1    | 1    | 
|yolo_pe_pack_41      | ((A'*B')')'     | 25     | 18     | -      | -      | 34     | 1    | 1    | -    | -    | -     | 1    | 1    | 
|yolo_pe_pack_42      | ((A'*B')')'     | 25     | 18     | -      | -      | 34     | 1    | 1    | -    | -    | -     | 1    | 1    | 
|yolo_pe_pack_43      | ((A'*B')')'     | 25     | 18     | -      | -      | 34     | 1    | 1    | -    | -    | -     | 1    | 1    | 
|yolo_pe_pack_44      | ((A'*B')')'     | 25     | 18     | -      | -      | 34     | 1    | 1    | -    | -    | -     | 1    | 1    | 
|yolo_pe_pack_45      | ((A'*B')')'     | 25     | 18     | -      | -      | 34     | 1    | 1    | -    | -    | -     | 1    | 1    | 
|yolo_pe_pack_46      | ((A'*B')')'     | 25     | 18     | -      | -      | 34     | 1    | 1    | -    | -    | -     | 1    | 1    | 
|yolo_pe_pack_47      | ((A'*B')')'     | 25     | 18     | -      | -      | 34     | 1    | 1    | -    | -    | -     | 1    | 1    | 
|yolo_pe_pack_48      | ((A'*B')')'     | 25     | 18     | -      | -      | 34     | 1    | 1    | -    | -    | -     | 1    | 1    | 
|yolo_pe_pack_49      | ((A'*B')')'     | 25     | 18     | -      | -      | 34     | 1    | 1    | -    | -    | -     | 1    | 1    | 
|yolo_pe_pack_50      | ((A'*B')')'     | 25     | 18     | -      | -      | 34     | 1    | 1    | -    | -    | -     | 1    | 1    | 
|yolo_pe_pack_51      | ((A'*B')')'     | 25     | 18     | -      | -      | 34     | 1    | 1    | -    | -    | -     | 1    | 1    | 
|yolo_pe_pack_52      | ((A'*B')')'     | 25     | 18     | -      | -      | 34     | 1    | 1    | -    | -    | -     | 1    | 1    | 
|yolo_pe_pack_53      | ((A'*B')')'     | 25     | 18     | -      | -      | 34     | 1    | 1    | -    | -    | -     | 1    | 1    | 
|yolo_pe_pack_54      | ((A'*B')')'     | 25     | 18     | -      | -      | 34     | 1    | 1    | -    | -    | -     | 1    | 1    | 
|yolo_pe_pack_55      | ((A'*B')')'     | 25     | 18     | -      | -      | 34     | 1    | 1    | -    | -    | -     | 1    | 1    | 
|yolo_pe_pack_56      | ((A'*B')')'     | 25     | 18     | -      | -      | 34     | 1    | 1    | -    | -    | -     | 1    | 1    | 
|yolo_pe_pack_57      | ((A'*B')')'     | 25     | 18     | -      | -      | 34     | 1    | 1    | -    | -    | -     | 1    | 1    | 
|yolo_pe_pack_58      | ((A'*B')')'     | 25     | 18     | -      | -      | 34     | 1    | 1    | -    | -    | -     | 1    | 1    | 
|yolo_pe_pack_59      | ((A'*B')')'     | 25     | 18     | -      | -      | 34     | 1    | 1    | -    | -    | -     | 1    | 1    | 
|yolo_pe_pack_60      | ((A'*B')')'     | 25     | 18     | -      | -      | 34     | 1    | 1    | -    | -    | -     | 1    | 1    | 
|yolo_pe_pack_61      | ((A'*B')')'     | 25     | 18     | -      | -      | 34     | 1    | 1    | -    | -    | -     | 1    | 1    | 
|yolo_pe_pack_62      | ((A'*B')')'     | 25     | 18     | -      | -      | 34     | 1    | 1    | -    | -    | -     | 1    | 1    | 
|yolo_pe_pack_63      | ((A'*B')')'     | 25     | 18     | -      | -      | 34     | 1    | 1    | -    | -    | -     | 1    | 1    | 
|yolo_pe_pack_64      | ((A'*B')')'     | 25     | 18     | -      | -      | 34     | 1    | 1    | -    | -    | -     | 1    | 1    | 
|yolo_pe_pack_65      | ((A'*B')')'     | 25     | 18     | -      | -      | 34     | 1    | 1    | -    | -    | -     | 1    | 1    | 
|yolo_pe_pack_66      | ((A'*B')')'     | 25     | 18     | -      | -      | 34     | 1    | 1    | -    | -    | -     | 1    | 1    | 
|yolo_pe_pack_67      | ((A'*B')')'     | 25     | 18     | -      | -      | 34     | 1    | 1    | -    | -    | -     | 1    | 1    | 
|yolo_pe_pack_68      | ((A'*B')')'     | 25     | 18     | -      | -      | 34     | 1    | 1    | -    | -    | -     | 1    | 1    | 
|yolo_pe_pack_69      | ((A'*B')')'     | 25     | 18     | -      | -      | 34     | 1    | 1    | -    | -    | -     | 1    | 1    | 
|yolo_pe_pack_70      | ((A'*B')')'     | 25     | 18     | -      | -      | 34     | 1    | 1    | -    | -    | -     | 1    | 1    | 
|yolo_pe_pack_71      | ((A'*B')')'     | 25     | 18     | -      | -      | 34     | 1    | 1    | -    | -    | -     | 1    | 1    | 
|yolo_pe_pack_72      | ((A'*B')')'     | 25     | 18     | -      | -      | 34     | 1    | 1    | -    | -    | -     | 1    | 1    | 
|yolo_pe_pack_73      | ((A'*B')')'     | 25     | 18     | -      | -      | 34     | 1    | 1    | -    | -    | -     | 1    | 1    | 
|yolo_pe_pack_74      | ((A'*B')')'     | 25     | 18     | -      | -      | 34     | 1    | 1    | -    | -    | -     | 1    | 1    | 
|yolo_pe_pack_75      | ((A'*B')')'     | 25     | 18     | -      | -      | 34     | 1    | 1    | -    | -    | -     | 1    | 1    | 
|yolo_pe_pack_76      | ((A'*B')')'     | 25     | 18     | -      | -      | 34     | 1    | 1    | -    | -    | -     | 1    | 1    | 
|yolo_pe_pack_77      | ((A'*B')')'     | 25     | 18     | -      | -      | 34     | 1    | 1    | -    | -    | -     | 1    | 1    | 
|yolo_pe_pack_78      | ((A'*B')')'     | 25     | 18     | -      | -      | 34     | 1    | 1    | -    | -    | -     | 1    | 1    | 
|yolo_pe_pack_79      | ((A'*B')')'     | 25     | 18     | -      | -      | 34     | 1    | 1    | -    | -    | -     | 1    | 1    | 
|yolo_pe_pack_80      | ((A'*B')')'     | 25     | 18     | -      | -      | 34     | 1    | 1    | -    | -    | -     | 1    | 1    | 
|yolo_pe_pack_81      | ((A'*B')')'     | 25     | 18     | -      | -      | 34     | 1    | 1    | -    | -    | -     | 1    | 1    | 
|yolo_pe_pack_82      | ((A'*B')')'     | 25     | 18     | -      | -      | 34     | 1    | 1    | -    | -    | -     | 1    | 1    | 
|yolo_pe_pack_83      | ((A'*B')')'     | 25     | 18     | -      | -      | 34     | 1    | 1    | -    | -    | -     | 1    | 1    | 
|yolo_pe_pack_84      | ((A'*B')')'     | 25     | 18     | -      | -      | 34     | 1    | 1    | -    | -    | -     | 1    | 1    | 
|yolo_pe_pack_85      | ((A'*B')')'     | 25     | 18     | -      | -      | 34     | 1    | 1    | -    | -    | -     | 1    | 1    | 
|yolo_pe_pack_86      | ((A'*B')')'     | 25     | 18     | -      | -      | 34     | 1    | 1    | -    | -    | -     | 1    | 1    | 
|yolo_pe_pack_87      | ((A'*B')')'     | 25     | 18     | -      | -      | 34     | 1    | 1    | -    | -    | -     | 1    | 1    | 
|yolo_pe_pack_88      | ((A'*B')')'     | 25     | 18     | -      | -      | 34     | 1    | 1    | -    | -    | -     | 1    | 1    | 
|yolo_pe_pack_89      | ((A'*B')')'     | 25     | 18     | -      | -      | 34     | 1    | 1    | -    | -    | -     | 1    | 1    | 
|yolo_pe_pack_90      | ((A'*B')')'     | 25     | 18     | -      | -      | 34     | 1    | 1    | -    | -    | -     | 1    | 1    | 
|yolo_pe_pack_91      | ((A'*B')')'     | 25     | 18     | -      | -      | 34     | 1    | 1    | -    | -    | -     | 1    | 1    | 
|yolo_pe_pack_92      | ((A'*B')')'     | 25     | 18     | -      | -      | 34     | 1    | 1    | -    | -    | -     | 1    | 1    | 
|yolo_pe_pack_93      | ((A'*B')')'     | 25     | 18     | -      | -      | 34     | 1    | 1    | -    | -    | -     | 1    | 1    | 
|yolo_pe_pack_94      | ((A'*B')')'     | 25     | 18     | -      | -      | 34     | 1    | 1    | -    | -    | -     | 1    | 1    | 
|yolo_pe_pack_95      | ((A'*B')')'     | 25     | 18     | -      | -      | 34     | 1    | 1    | -    | -    | -     | 1    | 1    | 
|yolo_pe_pack_96      | ((A'*B')')'     | 25     | 18     | -      | -      | 34     | 1    | 1    | -    | -    | -     | 1    | 1    | 
|yolo_pe_pack_97      | ((A'*B')')'     | 25     | 18     | -      | -      | 34     | 1    | 1    | -    | -    | -     | 1    | 1    | 
|yolo_pe_pack_98      | ((A'*B')')'     | 25     | 18     | -      | -      | 34     | 1    | 1    | -    | -    | -     | 1    | 1    | 
|yolo_pe_pack_99      | ((A'*B')')'     | 25     | 18     | -      | -      | 34     | 1    | 1    | -    | -    | -     | 1    | 1    | 
|yolo_pe_pack_100     | ((A'*B')')'     | 25     | 18     | -      | -      | 34     | 1    | 1    | -    | -    | -     | 1    | 1    | 
|yolo_pe_pack_101     | ((A'*B')')'     | 25     | 18     | -      | -      | 34     | 1    | 1    | -    | -    | -     | 1    | 1    | 
|yolo_pe_pack_102     | ((A'*B')')'     | 25     | 18     | -      | -      | 34     | 1    | 1    | -    | -    | -     | 1    | 1    | 
|yolo_pe_pack_103     | ((A'*B')')'     | 25     | 18     | -      | -      | 34     | 1    | 1    | -    | -    | -     | 1    | 1    | 
|yolo_pe_pack_104     | ((A'*B')')'     | 25     | 18     | -      | -      | 34     | 1    | 1    | -    | -    | -     | 1    | 1    | 
|yolo_pe_pack_105     | ((A'*B')')'     | 25     | 18     | -      | -      | 34     | 1    | 1    | -    | -    | -     | 1    | 1    | 
|yolo_pe_pack_106     | ((A'*B')')'     | 25     | 18     | -      | -      | 34     | 1    | 1    | -    | -    | -     | 1    | 1    | 
|yolo_pe_pack_107     | ((A'*B')')'     | 25     | 18     | -      | -      | 34     | 1    | 1    | -    | -    | -     | 1    | 1    | 
|yolo_pe_pack_108     | ((A'*B')')'     | 25     | 18     | -      | -      | 34     | 1    | 1    | -    | -    | -     | 1    | 1    | 
|yolo_pe_pack_109     | ((A'*B')')'     | 25     | 18     | -      | -      | 34     | 1    | 1    | -    | -    | -     | 1    | 1    | 
|yolo_pe_pack_110     | ((A'*B')')'     | 25     | 18     | -      | -      | 34     | 1    | 1    | -    | -    | -     | 1    | 1    | 
|yolo_pe_pack_111     | ((A'*B')')'     | 25     | 18     | -      | -      | 34     | 1    | 1    | -    | -    | -     | 1    | 1    | 
|yolo_pe_pack_112     | ((A'*B')')'     | 25     | 18     | -      | -      | 34     | 1    | 1    | -    | -    | -     | 1    | 1    | 
|yolo_pe_pack_113     | ((A'*B')')'     | 25     | 18     | -      | -      | 34     | 1    | 1    | -    | -    | -     | 1    | 1    | 
|yolo_pe_pack_114     | ((A'*B')')'     | 25     | 18     | -      | -      | 34     | 1    | 1    | -    | -    | -     | 1    | 1    | 
|yolo_pe_pack_115     | ((A'*B')')'     | 25     | 18     | -      | -      | 34     | 1    | 1    | -    | -    | -     | 1    | 1    | 
|yolo_pe_pack_116     | ((A'*B')')'     | 25     | 18     | -      | -      | 34     | 1    | 1    | -    | -    | -     | 1    | 1    | 
|yolo_pe_pack_117     | ((A'*B')')'     | 25     | 18     | -      | -      | 34     | 1    | 1    | -    | -    | -     | 1    | 1    | 
|yolo_pe_pack_118     | ((A'*B')')'     | 25     | 18     | -      | -      | 34     | 1    | 1    | -    | -    | -     | 1    | 1    | 
|yolo_pe_pack_119     | ((A'*B')')'     | 25     | 18     | -      | -      | 34     | 1    | 1    | -    | -    | -     | 1    | 1    | 
|yolo_pe_pack_120     | ((A'*B')')'     | 25     | 18     | -      | -      | 34     | 1    | 1    | -    | -    | -     | 1    | 1    | 
|yolo_pe_pack_121     | ((A'*B')')'     | 25     | 18     | -      | -      | 34     | 1    | 1    | -    | -    | -     | 1    | 1    | 
|yolo_pe_pack_122     | ((A'*B')')'     | 25     | 18     | -      | -      | 34     | 1    | 1    | -    | -    | -     | 1    | 1    | 
|yolo_pe_pack_123     | ((A'*B')')'     | 25     | 18     | -      | -      | 34     | 1    | 1    | -    | -    | -     | 1    | 1    | 
|yolo_pe_pack_124     | ((A'*B')')'     | 25     | 18     | -      | -      | 34     | 1    | 1    | -    | -    | -     | 1    | 1    | 
|yolo_pe_pack_125     | ((A'*B')')'     | 25     | 18     | -      | -      | 34     | 1    | 1    | -    | -    | -     | 1    | 1    | 
|yolo_pe_pack_126     | ((A'*B')')'     | 25     | 18     | -      | -      | 34     | 1    | 1    | -    | -    | -     | 1    | 1    | 
|yolo_pe_pack_127     | ((A'*B')')'     | 25     | 18     | -      | -      | 34     | 1    | 1    | -    | -    | -     | 1    | 1    | 
|yolo_pe_pack_128     | ((A'*B')')'     | 25     | 18     | -      | -      | 34     | 1    | 1    | -    | -    | -     | 1    | 1    | 
|yolo_pe_pack_129     | ((A'*B')')'     | 25     | 18     | -      | -      | 34     | 1    | 1    | -    | -    | -     | 1    | 1    | 
|yolo_pe_pack_130     | ((A'*B')')'     | 25     | 18     | -      | -      | 34     | 1    | 1    | -    | -    | -     | 1    | 1    | 
|yolo_pe_pack_131     | ((A'*B')')'     | 25     | 18     | -      | -      | 34     | 1    | 1    | -    | -    | -     | 1    | 1    | 
|yolo_pe_pack_132     | ((A'*B')')'     | 25     | 18     | -      | -      | 34     | 1    | 1    | -    | -    | -     | 1    | 1    | 
|yolo_pe_pack_133     | ((A'*B')')'     | 25     | 18     | -      | -      | 34     | 1    | 1    | -    | -    | -     | 1    | 1    | 
|yolo_pe_pack_134     | ((A'*B')')'     | 25     | 18     | -      | -      | 34     | 1    | 1    | -    | -    | -     | 1    | 1    | 
|yolo_pe_pack_135     | ((A'*B')')'     | 25     | 18     | -      | -      | 34     | 1    | 1    | -    | -    | -     | 1    | 1    | 
|yolo_pe_pack_136     | ((A'*B')')'     | 25     | 18     | -      | -      | 34     | 1    | 1    | -    | -    | -     | 1    | 1    | 
|yolo_pe_pack_137     | ((A'*B')')'     | 25     | 18     | -      | -      | 34     | 1    | 1    | -    | -    | -     | 1    | 1    | 
|yolo_pe_pack_138     | ((A'*B')')'     | 25     | 18     | -      | -      | 34     | 1    | 1    | -    | -    | -     | 1    | 1    | 
|yolo_pe_pack_139     | ((A'*B')')'     | 25     | 18     | -      | -      | 34     | 1    | 1    | -    | -    | -     | 1    | 1    | 
|yolo_pe_pack_140     | ((A'*B')')'     | 25     | 18     | -      | -      | 34     | 1    | 1    | -    | -    | -     | 1    | 1    | 
|yolo_pe_pack_141     | ((A'*B')')'     | 25     | 18     | -      | -      | 34     | 1    | 1    | -    | -    | -     | 1    | 1    | 
|yolo_pe_pack_142     | ((A'*B')')'     | 25     | 18     | -      | -      | 34     | 1    | 1    | -    | -    | -     | 1    | 1    | 
|yolo_pe_pack_143     | ((A'*B')')'     | 25     | 18     | -      | -      | 34     | 1    | 1    | -    | -    | -     | 1    | 1    | 
|yolo_pe_pack_144     | ((A'*B')')'     | 25     | 18     | -      | -      | 34     | 1    | 1    | -    | -    | -     | 1    | 1    | 
|yolo_pe_pack_145     | ((A'*B')')'     | 25     | 18     | -      | -      | 34     | 1    | 1    | -    | -    | -     | 1    | 1    | 
|yolo_pe_pack_146     | ((A'*B')')'     | 25     | 18     | -      | -      | 34     | 1    | 1    | -    | -    | -     | 1    | 1    | 
|yolo_pe_pack_147     | ((A'*B')')'     | 25     | 18     | -      | -      | 34     | 1    | 1    | -    | -    | -     | 1    | 1    | 
|yolo_pe_pack_148     | ((A'*B')')'     | 25     | 18     | -      | -      | 34     | 1    | 1    | -    | -    | -     | 1    | 1    | 
|yolo_pe_pack_149     | ((A'*B')')'     | 25     | 18     | -      | -      | 34     | 1    | 1    | -    | -    | -     | 1    | 1    | 
|yolo_pe_pack_150     | ((A'*B')')'     | 25     | 18     | -      | -      | 34     | 1    | 1    | -    | -    | -     | 1    | 1    | 
|yolo_pe_pack_151     | ((A'*B')')'     | 25     | 18     | -      | -      | 34     | 1    | 1    | -    | -    | -     | 1    | 1    | 
|yolo_pe_pack_152     | ((A'*B')')'     | 25     | 18     | -      | -      | 34     | 1    | 1    | -    | -    | -     | 1    | 1    | 
|yolo_pe_pack_153     | ((A'*B')')'     | 25     | 18     | -      | -      | 34     | 1    | 1    | -    | -    | -     | 1    | 1    | 
|yolo_pe_pack_154     | ((A'*B')')'     | 25     | 18     | -      | -      | 34     | 1    | 1    | -    | -    | -     | 1    | 1    | 
|yolo_pe_pack_155     | ((A'*B')')'     | 25     | 18     | -      | -      | 34     | 1    | 1    | -    | -    | -     | 1    | 1    | 
|yolo_pe_pack_156     | ((A'*B')')'     | 25     | 18     | -      | -      | 34     | 1    | 1    | -    | -    | -     | 1    | 1    | 
|yolo_pe_pack_157     | ((A'*B')')'     | 25     | 18     | -      | -      | 34     | 1    | 1    | -    | -    | -     | 1    | 1    | 
|yolo_addrgen         | A*B             | 16     | 8      | -      | -      | 24     | 0    | 0    | -    | -    | -     | 0    | 0    | 
|yolo_addrgen         | Dynamic         | -      | -      | -      | -      | 42     | -    | -    | -    | -    | -     | 0    | 0    | 
|yolo_addrgen         | A*B             | 16     | 8      | -      | -      | 24     | 0    | 0    | -    | -    | -     | 0    | 0    | 
|yolo_addrgen         | (D+A*B)'        | 30     | 16     | -      | 8      | 40     | 0    | 0    | -    | 0    | 0     | 0    | 1    | 
|yolo_addrgen         | (A*B)'          | 16     | 8      | -      | -      | 24     | 0    | 0    | -    | -    | -     | 0    | 1    | 
|yolo_addrgen         | (A*B)'          | 16     | 16     | -      | -      | 32     | 0    | 0    | -    | -    | -     | 0    | 1    | 
|yolo_ctrl            | (C+A*B)'        | 12     | 12     | 48     | -      | 12     | 0    | 0    | 0    | -    | -     | 0    | 1    | 
|yolo_requant         | A*B             | 17     | 18     | -      | -      | 48     | 0    | 0    | -    | -    | -     | 0    | 0    | 
|yolo_requant         | (PCIN>>17+A*B)' | 30     | 18     | -      | -      | 48     | 0    | 0    | -    | -    | -     | 0    | 1    | 
|yolo_requant         | A*B             | 17     | 17     | -      | -      | 48     | 0    | 0    | -    | -    | -     | 0    | 0    | 
|yolo_requant         | (PCIN>>17+A*B)' | 0      | 18     | -      | -      | 48     | 0    | 0    | -    | -    | -     | 0    | 1    | 
+---------------------+-----------------+--------+--------+--------+--------+--------+------+------+------+------+-------+------+------+


Report BlackBoxes: 
+------+--------------+----------+
|      |BlackBox name |Instances |
+------+--------------+----------+
|1     |yolo_xbuf_bmg |         2|
+------+--------------+----------+

Report Cell Usage: 
+------+--------------+------+
|      |Cell          |Count |
+------+--------------+------+
|1     |yolo_xbuf_bmg |     2|
|3     |CARRY4        |  3379|
|4     |DSP48E1       |   141|
|12    |LUT1          |   204|
|13    |LUT2          | 18402|
|14    |LUT3          |   551|
|15    |LUT4          |  1535|
|16    |LUT5          |  1539|
|17    |LUT6          |  4007|
|18    |MUXF7         |  1514|
|19    |MUXF8         |   750|
|20    |RAM32M        |    22|
|21    |RAM32X1D      |    12|
|22    |RAM64M        |    96|
|23    |SRL16E        |    45|
|24    |FDCE          | 15171|
|25    |FDPE          |     3|
|26    |FDRE          |   173|
+------+--------------+------+
---------------------------------------------------------------------------------
Finished Writing Synthesis Report : Time (s): cpu = 00:00:43 ; elapsed = 00:01:00 . Memory (MB): peak = 2178.559 ; gain = 188.781
---------------------------------------------------------------------------------
Synthesis finished with 0 errors, 0 critical warnings and 100 warnings.
Synthesis Optimization Runtime : Time (s): cpu = 00:00:33 ; elapsed = 00:00:57 . Memory (MB): peak = 2178.559 ; gain = 188.781
Synthesis Optimization Complete : Time (s): cpu = 00:00:43 ; elapsed = 00:01:01 . Memory (MB): peak = 2178.559 ; gain = 188.781
INFO: [Project 1-571] Translating synthesized netlist
INFO: [Project 1-454] Reading design checkpoint 'e:/competition/2_fpga/3_yolo_zynq/ip/yolo_xbuf_bmg/yolo_xbuf_bmg.dcp' for cell 'u_array/u_xbuf/u_bank0'
Netlist sorting complete. Time (s): cpu = 00:00:00 ; elapsed = 00:00:00.356 . Memory (MB): peak = 2212.395 ; gain = 0.000
INFO: [Netlist 29-17] Analyzing 5934 Unisim elements for replacement
INFO: [Netlist 29-28] Unisim Transformation completed in 1 CPU seconds
INFO: [Project 1-479] Netlist was created with Vivado 2025.2
INFO: [Project 1-570] Preparing netlist for logic optimization
INFO: [Project 1-538] Using original IP XDC constraints instead of the XDC constraints in dcp 'e:/competition/2_fpga/3_yolo_zynq/ip/yolo_xbuf_bmg/yolo_xbuf_bmg.dcp'
INFO: [Project 1-538] Using original IP XDC constraints instead of the XDC constraints in dcp 'e:/competition/2_fpga/3_yolo_zynq/ip/yolo_xbuf_bmg/yolo_xbuf_bmg.dcp'
INFO: [Opt 31-138] Pushed 0 inverter(s) to 0 load pin(s).
Netlist sorting complete. Time (s): cpu = 00:00:00 ; elapsed = 00:00:00.011 . Memory (MB): peak = 2220.691 ; gain = 0.000
INFO: [Project 1-111] Unisim Transformation Summary:
  A total of 130 instances were transformed.
  RAM32M => RAM32M (RAMD32(x6), RAMS32(x2)): 22 instances
  RAM32X1D => RAM32X1D (RAMD32(x2)): 12 instances
  RAM64M => RAM64M (RAMD64E(x4)): 96 instances

Synth Design complete | Checksum: f0955619
INFO: [Common 17-83] Releasing license: Synthesis
306 Infos, 196 Warnings, 0 Critical Warnings and 0 Errors encountered.
synth_design completed successfully
synth_design: Time (s): cpu = 00:00:50 ; elapsed = 00:01:08 . Memory (MB): peak = 2220.691 ; gain = 230.914
# create_clock -period 6.667 -name clk_i [get_ports clk_i]
# opt_design
Command: opt_design
Attempting to get a license for feature 'Implementation' and/or device 'xc7z020'
INFO: [Common 17-349] Got license for feature 'Implementation' and/or device 'xc7z020'
Running DRC as a precondition to command opt_design

Starting DRC Task
INFO: [DRC 23-27] Running DRC with 2 threads
WARNING: [DRC 23-814] Not all possible (connectivity based) DRCs may have been run because this design is seen as Out of Context.
INFO: [Project 1-461] DRC finished with 0 Errors
INFO: [Project 1-462] Please refer to the DRC report (report_drc) for more information.

Time (s): cpu = 00:00:00 ; elapsed = 00:00:00.378 . Memory (MB): peak = 2220.691 ; gain = 0.000

Starting Cache Timing Information Task
INFO: [Timing 38-35] Done setting XDC timing constraints.
Ending Cache Timing Information Task | Checksum: 13e30e2f4

Time (s): cpu = 00:00:05 ; elapsed = 00:00:05 . Memory (MB): peak = 2220.691 ; gain = 0.000

Starting Logic Optimization Task

Phase 1 Initialization

Phase 1.1 Core Generation And Design Setup
Phase 1.1 Core Generation And Design Setup | Checksum: 13e30e2f4

Time (s): cpu = 00:00:00 ; elapsed = 00:00:00.019 . Memory (MB): peak = 2286.996 ; gain = 0.000

Phase 1.2 Setup Constraints And Sort Netlist
Phase 1.2 Setup Constraints And Sort Netlist | Checksum: 13e30e2f4

Time (s): cpu = 00:00:00 ; elapsed = 00:00:00.038 . Memory (MB): peak = 2286.996 ; gain = 0.000
Phase 1 Initialization | Checksum: 13e30e2f4

Time (s): cpu = 00:00:00 ; elapsed = 00:00:00.040 . Memory (MB): peak = 2286.996 ; gain = 0.000

Phase 2 Timer Update And Timing Data Collection

Phase 2.1 Detect if minReqCache needed
Phase 2.1 Detect if minReqCache needed | Checksum: 13e30e2f4

Time (s): cpu = 00:00:00 ; elapsed = 00:00:00.133 . Memory (MB): peak = 2286.996 ; gain = 0.000

Phase 2.2 Timer Update
Phase 2.2 Timer Update | Checksum: 13e30e2f4

Time (s): cpu = 00:00:00 ; elapsed = 00:00:00.176 . Memory (MB): peak = 2286.996 ; gain = 0.000
Phase 2 Timer Update And Timing Data Collection | Checksum: 13e30e2f4

Time (s): cpu = 00:00:00 ; elapsed = 00:00:00.181 . Memory (MB): peak = 2286.996 ; gain = 0.000

Phase 3 Retarget
INFO: [Opt 31-1851] Number of loadless carry chains removed were: 0
INFO: [Opt 31-1834] Total Chains To Be Transformed Were: 0 AND Number of Transformed insts Created are: 0
INFO: [Opt 31-138] Pushed 0 inverter(s) to 0 load pin(s).
INFO: [Opt 31-49] Retargeted 0 cell(s).
Phase 3 Retarget | Checksum: 11f848ddd

Time (s): cpu = 00:00:01 ; elapsed = 00:00:00.697 . Memory (MB): peak = 2286.996 ; gain = 0.000
Retarget | Checksum: 11f848ddd
INFO: [Opt 31-389] Phase Retarget created 158 cells and removed 158 cells

Phase 4 Constant propagation
INFO: [Opt 31-138] Pushed 0 inverter(s) to 0 load pin(s).
Phase 4 Constant propagation | Checksum: 1fd8ce6a9

Time (s): cpu = 00:00:01 ; elapsed = 00:00:01 . Memory (MB): peak = 2286.996 ; gain = 0.000
Constant propagation | Checksum: 1fd8ce6a9
INFO: [Opt 31-389] Phase Constant propagation created 0 cells and removed 0 cells

Phase 5 Sweep
INFO: [Constraints 18-11670] Building netlist checker database with flags, 0x8
Done building netlist checker database: Time (s): cpu = 00:00:00 ; elapsed = 00:00:00.010 . Memory (MB): peak = 2286.996 ; gain = 0.000
INFO: [Constraints 18-11670] Building netlist checker database with flags, 0x8
Done building netlist checker database: Time (s): cpu = 00:00:00 ; elapsed = 00:00:00.012 . Memory (MB): peak = 2286.996 ; gain = 0.000
Phase 5 Sweep | Checksum: 1d48de80a

Time (s): cpu = 00:00:02 ; elapsed = 00:00:02 . Memory (MB): peak = 2286.996 ; gain = 0.000
Sweep | Checksum: 1d48de80a
INFO: [Opt 31-389] Phase Sweep created 0 cells and removed 0 cells

Phase 6 BUFG optimization
Phase 6 BUFG optimization | Checksum: 1d48de80a

Time (s): cpu = 00:00:02 ; elapsed = 00:00:02 . Memory (MB): peak = 2286.996 ; gain = 0.000
BUFG optimization | Checksum: 1d48de80a
INFO: [Opt 31-662] Phase BUFG optimization created 0 cells of which 0 are BUFGs and removed 0 cells.

Phase 7 Shift Register Optimization
INFO: [Opt 31-1064] SRL Remap converted 0 SRLs to 0 registers and converted 0 registers of register chains to 0 SRLs
Phase 7 Shift Register Optimization | Checksum: 1d48de80a

Time (s): cpu = 00:00:02 ; elapsed = 00:00:02 . Memory (MB): peak = 2286.996 ; gain = 0.000
Shift Register Optimization | Checksum: 1d48de80a
INFO: [Opt 31-389] Phase Shift Register Optimization created 0 cells and removed 0 cells

Phase 8 Post Processing Netlist
Phase 8 Post Processing Netlist | Checksum: 1d48de80a

Time (s): cpu = 00:00:02 ; elapsed = 00:00:02 . Memory (MB): peak = 2286.996 ; gain = 0.000
Post Processing Netlist | Checksum: 1d48de80a
INFO: [Opt 31-389] Phase Post Processing Netlist created 0 cells and removed 0 cells

Phase 9 Finalization

Phase 9.1 Finalizing Design Cores and Updating Shapes
Phase 9.1 Finalizing Design Cores and Updating Shapes | Checksum: 1c0cdcb52

Time (s): cpu = 00:00:03 ; elapsed = 00:00:03 . Memory (MB): peak = 2286.996 ; gain = 0.000

Phase 9.2 Verifying Netlist Connectivity

Starting Connectivity Check Task

Time (s): cpu = 00:00:00 ; elapsed = 00:00:00.051 . Memory (MB): peak = 2286.996 ; gain = 0.000
Phase 9.2 Verifying Netlist Connectivity | Checksum: 1c0cdcb52

Time (s): cpu = 00:00:03 ; elapsed = 00:00:03 . Memory (MB): peak = 2286.996 ; gain = 0.000
Phase 9 Finalization | Checksum: 1c0cdcb52

Time (s): cpu = 00:00:03 ; elapsed = 00:00:03 . Memory (MB): peak = 2286.996 ; gain = 0.000
Opt_design Change Summary
=========================


-------------------------------------------------------------------------------------------------------------------------
|  Phase                        |  #Cells created  |  #Cells Removed  |  #Constrained objects preventing optimizations  |
-------------------------------------------------------------------------------------------------------------------------
|  Retarget                     |             158  |             158  |                                              0  |
|  Constant propagation         |               0  |               0  |                                              0  |
|  Sweep                        |               0  |               0  |                                              0  |
|  BUFG optimization            |               0  |               0  |                                              0  |
|  Shift Register Optimization  |               0  |               0  |                                              0  |
|  Post Processing Netlist      |               0  |               0  |                                              0  |
-------------------------------------------------------------------------------------------------------------------------


Ending Logic Optimization Task | Checksum: 1c0cdcb52

Time (s): cpu = 00:00:03 ; elapsed = 00:00:03 . Memory (MB): peak = 2286.996 ; gain = 0.000

Starting Power Optimization Task
INFO: [Pwropt 34-132] Skipping clock gating for clocks with a period < 2.00 ns.
INFO: [Pwropt 34-9] Applying IDT optimizations ...
INFO: [Pwropt 34-10] Applying ODC optimizations ...
INFO: [Timing 38-35] Done setting XDC timing constraints.
Running Vector-less Activity Propagation...

Finished Running Vector-less Activity Propagation


Starting PowerOpt Patch Enables Task
INFO: [Pwropt 34-162] WRITE_MODE attribute of 0 BRAM(s) out of a total of 20 has been updated to save power. Run report_power_opt to get a complete listing of the BRAMs updated.
INFO: [Pwropt 34-201] Structural ODC has moved 0 WE to EN ports
Number of BRAM Ports augmented: 36 newly gated: 0 Total Ports: 40
Ending PowerOpt Patch Enables Task | Checksum: 12eafb380

Time (s): cpu = 00:00:00 ; elapsed = 00:00:00.174 . Memory (MB): peak = 2388.199 ; gain = 0.000
Ending Power Optimization Task | Checksum: 12eafb380

Time (s): cpu = 00:00:08 ; elapsed = 00:00:05 . Memory (MB): peak = 2388.199 ; gain = 101.203

Starting Final Cleanup Task
Ending Final Cleanup Task | Checksum: 12eafb380

Time (s): cpu = 00:00:00 ; elapsed = 00:00:00.002 . Memory (MB): peak = 2388.199 ; gain = 0.000
Netlist sorting complete. Time (s): cpu = 00:00:00 ; elapsed = 00:00:00.017 . Memory (MB): peak = 2388.199 ; gain = 0.000
INFO: [Common 17-83] Releasing license: Implementation
26 Infos, 1 Warnings, 0 Critical Warnings and 0 Errors encountered.
opt_design completed successfully
opt_design: Time (s): cpu = 00:00:18 ; elapsed = 00:00:15 . Memory (MB): peak = 2388.199 ; gain = 167.508
# place_design -directive Explore
Command: place_design -directive Explore
Attempting to get a license for feature 'Implementation' and/or device 'xc7z020'
INFO: [Common 17-349] Got license for feature 'Implementation' and/or device 'xc7z020'
INFO: [Common 17-83] Releasing license: Implementation
INFO: [DRC 23-27] Running DRC with 2 threads
WARNING: [DRC 23-814] Not all possible (connectivity based) DRCs may have been run because this design is seen as Out of Context.
INFO: [Vivado_Tcl 4-198] DRC finished with 0 Errors
INFO: [Vivado_Tcl 4-199] Please refer to the DRC report (report_drc) for more information.
INFO: [Timing 38-35] Done setting XDC timing constraints.
INFO: [Vivado_Tcl 4-2302] The placer was invoked with the 'Explore' directive.
Running DRC as a precondition to command place_design
INFO: [DRC 23-27] Running DRC with 2 threads
WARNING: [DRC 23-814] Not all possible (connectivity based) DRCs may have been run because this design is seen as Out of Context.
INFO: [Vivado_Tcl 4-198] DRC finished with 0 Errors, 21 Warnings
INFO: [Vivado_Tcl 4-199] Please refer to the DRC report (report_drc) for more information.
INFO: [Place 30-611] Multithreading enabled for place_design using a maximum of 2 CPUs

Starting Placer Task

Phase 1 Placer Initialization

Phase 1.1 Placer Initialization Netlist Sorting
Netlist sorting complete. Time (s): cpu = 00:00:00 ; elapsed = 00:00:00.018 . Memory (MB): peak = 2388.199 ; gain = 0.000
Phase 1.1 Placer Initialization Netlist Sorting | Checksum: f2842c62

Time (s): cpu = 00:00:00 ; elapsed = 00:00:00.020 . Memory (MB): peak = 2388.199 ; gain = 0.000
Netlist sorting complete. Time (s): cpu = 00:00:00 ; elapsed = 00:00:00.013 . Memory (MB): peak = 2388.199 ; gain = 0.000

Phase 1.2 IO Placement/ Clock Placement/ Build Placer Device
Phase 1.2 IO Placement/ Clock Placement/ Build Placer Device | Checksum: 61c8ad05

Time (s): cpu = 00:00:02 ; elapsed = 00:00:01 . Memory (MB): peak = 2388.199 ; gain = 0.000

Phase 1.3 Build Placer Netlist Model
Phase 1.3 Build Placer Netlist Model | Checksum: 11170166e

Time (s): cpu = 00:00:10 ; elapsed = 00:00:07 . Memory (MB): peak = 2388.199 ; gain = 0.000

Phase 1.4 Constrain Clocks/Macros
Phase 1.4 Constrain Clocks/Macros | Checksum: 11170166e

Time (s): cpu = 00:00:10 ; elapsed = 00:00:07 . Memory (MB): peak = 2388.199 ; gain = 0.000
Phase 1 Placer Initialization | Checksum: 11170166e

Time (s): cpu = 00:00:10 ; elapsed = 00:00:07 . Memory (MB): peak = 2388.199 ; gain = 0.000

Phase 2 Global Placement

Phase 2.1 Floorplanning
Phase 2.1 Floorplanning | Checksum: 10887d2e6

Time (s): cpu = 00:00:17 ; elapsed = 00:00:11 . Memory (MB): peak = 2388.199 ; gain = 0.000

Phase 2.2 Update Timing before SLR Path Opt
Phase 2.2 Update Timing before SLR Path Opt | Checksum: 8cf34ba5

Time (s): cpu = 00:00:22 ; elapsed = 00:00:14 . Memory (MB): peak = 2388.199 ; gain = 0.000

Phase 2.3 Post-Processing in Floorplanning
Phase 2.3 Post-Processing in Floorplanning | Checksum: c52d0888

Time (s): cpu = 00:00:23 ; elapsed = 00:00:14 . Memory (MB): peak = 2388.199 ; gain = 0.000

Phase 2.4 Global Place Phase1
Phase 2.4 Global Place Phase1 | Checksum: 13b08d35d

Time (s): cpu = 00:00:53 ; elapsed = 00:00:32 . Memory (MB): peak = 2388.199 ; gain = 0.000

Phase 2.5 Global Place Phase2

Phase 2.5.1 UpdateTiming Before Physical Synthesis
Phase 2.5.1 UpdateTiming Before Physical Synthesis | Checksum: 10b93ab88

Time (s): cpu = 00:00:57 ; elapsed = 00:00:34 . Memory (MB): peak = 2388.199 ; gain = 0.000

Phase 2.5.2 Physical Synthesis In Placer
INFO: [Physopt 32-1035] Found 46 LUTNM shape to break, 262 LUT instances to create LUTNM shape
INFO: [Physopt 32-1044] Break lutnm for timing: one critical 14, two critical 32, total 46, new lutff created 4
INFO: [Physopt 32-1138] End 1 Pass. Optimized 104 nets or LUTs. Breaked 46 LUTs, combined 58 existing LUTs and moved 0 existing LUT
INFO: [Physopt 32-65] No nets found for high-fanout optimization.
INFO: [Physopt 32-232] Optimized 0 net. Created 0 new instance.
INFO: [Physopt 32-775] End 1 Pass. Optimized 0 net or cell. Created 0 new cell, deleted 0 existing cell and moved 0 existing cell
INFO: [Physopt 32-46] Identified 33 candidate nets for critical-cell optimization.
INFO: [Physopt 32-601] Processed net u_array/u_requant/m_r1[14]. Net driver u_array/u_requant/m_r1_reg[14] was replaced.
INFO: [Physopt 32-601] Processed net u_array/u_requant/m_r1[0]. Net driver u_array/u_requant/m_r1_reg[0] was replaced.
INFO: [Physopt 32-601] Processed net u_array/u_requant/m_r1[2]. Net driver u_array/u_requant/m_r1_reg[2] was replaced.
INFO: [Physopt 32-601] Processed net u_array/u_requant/m_r1[15]. Net driver u_array/u_requant/m_r1_reg[15] was replaced.
INFO: [Physopt 32-601] Processed net u_array/u_requant/m_r1[8]. Net driver u_array/u_requant/m_r1_reg[8] was replaced.
INFO: [Physopt 32-601] Processed net u_array/u_requant/m_r1[4]. Net driver u_array/u_requant/m_r1_reg[4] was replaced.
INFO: [Physopt 32-601] Processed net u_array/u_requant/m_r1[7]. Net driver u_array/u_requant/m_r1_reg[7] was replaced.
INFO: [Physopt 32-601] Processed net u_array/u_requant/m_r1[1]. Net driver u_array/u_requant/m_r1_reg[1] was replaced.
INFO: [Physopt 32-601] Processed net u_array/u_requant/m_r1[11]. Net driver u_array/u_requant/m_r1_reg[11] was replaced.
INFO: [Physopt 32-601] Processed net u_array/u_requant/m_r1[10]. Net driver u_array/u_requant/m_r1_reg[10] was replaced.
INFO: [Physopt 32-601] Processed net u_array/u_requant/m_r1[13]. Net driver u_array/u_requant/m_r1_reg[13] was replaced.
INFO: [Physopt 32-601] Processed net u_array/u_requant/m_r1[6]. Net driver u_array/u_requant/m_r1_reg[6] was replaced.
INFO: [Physopt 32-601] Processed net u_array/u_requant/m_r1[5]. Net driver u_array/u_requant/m_r1_reg[5] was replaced.
INFO: [Physopt 32-601] Processed net u_array/u_requant/m_r1[9]. Net driver u_array/u_requant/m_r1_reg[9] was replaced.
INFO: [Physopt 32-571] Net u_array/u_requant/m_r1[16] was not replicated.
INFO: [Physopt 32-571] Net u_array/u_requant/m_r1[12] was not replicated.
INFO: [Physopt 32-571] Net u_array/u_requant/m_r1[3] was not replicated.
INFO: [Physopt 32-232] Optimized 14 nets. Created 0 new instance.
INFO: [Physopt 32-775] End 1 Pass. Optimized 14 nets or cells. Created 0 new cell, deleted 0 existing cell and moved 0 existing cell
Netlist sorting complete. Time (s): cpu = 00:00:00 ; elapsed = 00:00:00.018 . Memory (MB): peak = 2388.199 ; gain = 0.000
INFO: [Physopt 32-457] Pass 1. Identified 50 candidate cells for DSP register optimization.
INFO: [Physopt 32-666] Processed cell u_array/u_requant/prod_c_w__2. No change.
INFO: [Physopt 32-665] Processed cell u_array/g_pe_row[8].g_pe_pair[0].u_pe/u_dsp48. 16 registers were pushed out.
INFO: [Physopt 32-665] Processed cell u_array/g_pe_row[10].g_pe_pair[6].u_pe/u_dsp48. 16 registers were pushed out.
INFO: [Physopt 32-665] Processed cell u_array/g_pe_row[0].g_pe_pair[5].u_pe/u_dsp48. 16 registers were pushed out.
INFO: [Physopt 32-665] Processed cell u_array/g_pe_row[8].g_pe_pair[4].u_pe/u_dsp48. 16 registers were pushed out.
INFO: [Physopt 32-665] Processed cell u_array/g_pe_row[8].g_pe_pair[5].u_pe/u_dsp48. 16 registers were pushed out.
INFO: [Physopt 32-665] Processed cell u_array/g_pe_row[4].g_pe_pair[3].u_pe/u_dsp48. 34 registers were pushed out.
INFO: [Physopt 32-665] Processed cell u_array/g_pe_row[13].g_pe_pair[4].u_pe/u_dsp48. 34 registers were pushed out.
INFO: [Physopt 32-665] Processed cell u_array/g_pe_row[14].g_pe_pair[6].u_pe/u_dsp48. 16 registers were pushed out.
INFO: [Physopt 32-665] Processed cell u_array/g_pe_row[4].g_pe_pair[0].u_pe/u_dsp48. 16 registers were pushed out.
INFO: [Physopt 32-665] Processed cell u_array/g_pe_row[3].g_pe_pair[0].u_pe/u_dsp48. 34 registers were pushed out.
INFO: [Physopt 32-665] Processed cell u_array/g_pe_row[14].g_pe_pair[5].u_pe/u_dsp48. 16 registers were pushed out.
INFO: [Physopt 32-665] Processed cell u_array/g_pe_row[1].g_pe_pair[2].u_pe/u_dsp48. 34 registers were pushed out.
INFO: [Physopt 32-665] Processed cell u_array/g_pe_row[1].g_pe_pair[2].u_pe/u_dsp48. 16 registers were pushed out.
INFO: [Physopt 32-665] Processed cell u_array/g_pe_row[8].g_pe_pair[7].u_pe/u_dsp48. 16 registers were pushed out.
INFO: [Physopt 32-665] Processed cell u_array/g_pe_row[8].g_pe_pair[4].u_pe/u_dsp48. 34 registers were pushed out.
INFO: [Physopt 32-665] Processed cell u_array/g_pe_row[1].g_pe_pair[3].u_pe/u_dsp48. 34 registers were pushed out.
INFO: [Physopt 32-666] Processed cell u_array/u_requant/prod_c_w__0. No change.
INFO: [Physopt 32-665] Processed cell u_array/g_pe_row[3].g_pe_pair[3].u_pe/u_dsp48. 34 registers were pushed out.
INFO: [Physopt 32-665] Processed cell u_array/g_pe_row[4].g_pe_pair[0].u_pe/u_dsp48. 34 registers were pushed out.
INFO: [Physopt 32-665] Processed cell u_array/g_pe_row[0].g_pe_pair[4].u_pe/u_dsp48. 16 registers were pushed out.
INFO: [Physopt 32-665] Processed cell u_array/g_pe_row[1].g_pe_pair[4].u_pe/u_dsp48. 34 registers were pushed out.
INFO: [Physopt 32-665] Processed cell u_array/g_pe_row[0].g_pe_pair[6].u_pe/u_dsp48. 16 registers were pushed out.
INFO: [Physopt 32-665] Processed cell u_array/g_pe_row[3].g_pe_pair[2].u_pe/u_dsp48. 34 registers were pushed out.
INFO: [Physopt 32-665] Processed cell u_array/g_pe_row[1].g_pe_pair[4].u_pe/u_dsp48. 16 registers were pushed out.
INFO: [Physopt 32-665] Processed cell u_array/g_pe_row[5].g_pe_pair[4].u_pe/u_dsp48. 34 registers were pushed out.
INFO: [Physopt 32-665] Processed cell u_array/g_pe_row[8].g_pe_pair[6].u_pe/u_dsp48. 16 registers were pushed out.
INFO: [Physopt 32-665] Processed cell u_array/g_pe_row[13].g_pe_pair[6].u_pe/u_dsp48. 16 registers were pushed out.
INFO: [Physopt 32-665] Processed cell u_array/g_pe_row[7].g_pe_pair[5].u_pe/u_dsp48. 34 registers were pushed out.
INFO: [Physopt 32-665] Processed cell u_array/g_pe_row[14].g_pe_pair[0].u_pe/u_dsp48. 34 registers were pushed out.
INFO: [Physopt 32-665] Processed cell u_array/g_pe_row[15].g_pe_pair[2].u_pe/u_dsp48. 34 registers were pushed out.
INFO: [Physopt 32-665] Processed cell u_array/g_pe_row[15].g_pe_pair[4].u_pe/u_dsp48. 34 registers were pushed out.
INFO: [Physopt 32-665] Processed cell u_array/g_pe_row[9].g_pe_pair[6].u_pe/u_dsp48. 16 registers were pushed out.
INFO: [Physopt 32-665] Processed cell u_array/g_pe_row[2].g_pe_pair[1].u_pe/u_dsp48. 34 registers were pushed out.
INFO: [Physopt 32-665] Processed cell u_array/g_pe_row[8].g_pe_pair[1].u_pe/u_dsp48. 16 registers were pushed out.
INFO: [Physopt 32-665] Processed cell u_array/g_pe_row[15].g_pe_pair[7].u_pe/u_dsp48. 34 registers were pushed out.
INFO: [Physopt 32-666] Processed cell u_array/g_pe_row[15].g_pe_pair[6].u_pe/u_dsp48. No change.
INFO: [Physopt 32-665] Processed cell u_array/g_pe_row[4].g_pe_pair[3].u_pe/u_dsp48. 16 registers were pushed out.
INFO: [Physopt 32-665] Processed cell u_array/g_pe_row[15].g_pe_pair[1].u_pe/u_dsp48. 34 registers were pushed out.
INFO: [Physopt 32-665] Processed cell u_array/g_pe_row[5].g_pe_pair[1].u_pe/u_dsp48. 34 registers were pushed out.
INFO: [Physopt 32-665] Processed cell u_array/g_pe_row[4].g_pe_pair[1].u_pe/u_dsp48. 34 registers were pushed out.
INFO: [Physopt 32-665] Processed cell u_array/g_pe_row[2].g_pe_pair[6].u_pe/u_dsp48. 16 registers were pushed out.
INFO: [Physopt 32-665] Processed cell u_array/g_pe_row[3].g_pe_pair[1].u_pe/u_dsp48. 34 registers were pushed out.
INFO: [Physopt 32-665] Processed cell u_array/g_pe_row[0].g_pe_pair[7].u_pe/u_dsp48. 16 registers were pushed out.
INFO: [Physopt 32-665] Processed cell u_array/g_pe_row[14].g_pe_pair[4].u_pe/u_dsp48. 34 registers were pushed out.
INFO: [Physopt 32-665] Processed cell u_array/g_pe_row[3].g_pe_pair[7].u_pe/u_dsp48. 34 registers were pushed out.
INFO: [Physopt 32-665] Processed cell u_array/g_pe_row[10].g_pe_pair[4].u_pe/u_dsp48. 34 registers were pushed out.
INFO: [Physopt 32-665] Processed cell u_array/g_pe_row[6].g_pe_pair[6].u_pe/u_dsp48. 16 registers were pushed out.
INFO: [Physopt 32-665] Processed cell u_array/g_pe_row[12].g_pe_pair[4].u_pe/u_dsp48. 34 registers were pushed out.
INFO: [Physopt 32-665] Processed cell u_array/g_pe_row[3].g_pe_pair[4].u_pe/u_dsp48. 34 registers were pushed out.
INFO: [Physopt 32-457] Pass 2. Identified 50 candidate cells for DSP register optimization.
INFO: [Physopt 32-666] Processed cell u_array/u_requant/prod_c_w__2. No change.
INFO: [Physopt 32-666] Processed cell u_array/u_requant/prod_c_w__0. No change.
INFO: [Physopt 32-666] Processed cell u_array/g_pe_row[15].g_pe_pair[6].u_pe/u_dsp48. No change.
INFO: [Physopt 32-665] Processed cell u_array/g_pe_row[13].g_pe_pair[6].u_pe/u_dsp48. 34 registers were pushed out.
INFO: [Physopt 32-665] Processed cell u_array/g_pe_row[8].g_pe_pair[6].u_pe/u_dsp48. 34 registers were pushed out.
INFO: [Physopt 32-665] Processed cell u_array/g_pe_row[7].g_pe_pair[1].u_pe/u_dsp48. 16 registers were pushed out.
INFO: [Physopt 32-665] Processed cell u_array/g_pe_row[7].g_pe_pair[4].u_pe/u_dsp48. 34 registers were pushed out.
INFO: [Physopt 32-665] Processed cell u_array/g_pe_row[14].g_pe_pair[5].u_pe/u_dsp48. 34 registers were pushed out.
INFO: [Physopt 32-665] Processed cell u_array/g_pe_row[2].g_pe_pair[3].u_pe/u_dsp48. 16 registers were pushed out.
INFO: [Physopt 32-665] Processed cell u_array/g_pe_row[3].g_pe_pair[6].u_pe/u_dsp48. 34 registers were pushed out.
INFO: [Physopt 32-665] Processed cell u_array/g_pe_row[7].g_pe_pair[7].u_pe/u_dsp48. 34 registers were pushed out.
INFO: [Physopt 32-665] Processed cell u_array/g_pe_row[13].g_pe_pair[5].u_pe/u_dsp48. 34 registers were pushed out.
INFO: [Physopt 32-665] Processed cell u_array/g_pe_row[7].g_pe_pair[2].u_pe/u_dsp48. 34 registers were pushed out.
INFO: [Physopt 32-665] Processed cell u_array/g_pe_row[8].g_pe_pair[3].u_pe/u_dsp48. 16 registers were pushed out.
INFO: [Physopt 32-665] Processed cell u_array/g_pe_row[9].g_pe_pair[3].u_pe/u_dsp48. 16 registers were pushed out.
INFO: [Physopt 32-665] Processed cell u_array/g_pe_row[11].g_pe_pair[1].u_pe/u_dsp48. 34 registers were pushed out.
INFO: [Physopt 32-665] Processed cell u_array/g_pe_row[14].g_pe_pair[7].u_pe/u_dsp48. 34 registers were pushed out.
INFO: [Physopt 32-665] Processed cell u_array/g_pe_row[8].g_pe_pair[2].u_pe/u_dsp48. 16 registers were pushed out.
INFO: [Physopt 32-665] Processed cell u_array/g_pe_row[12].g_pe_pair[3].u_pe/u_dsp48. 16 registers were pushed out.
INFO: [Physopt 32-665] Processed cell u_array/g_pe_row[10].g_pe_pair[1].u_pe/u_dsp48. 16 registers were pushed out.
INFO: [Physopt 32-665] Processed cell u_array/g_pe_row[6].g_pe_pair[2].u_pe/u_dsp48. 34 registers were pushed out.
INFO: [Physopt 32-665] Processed cell u_array/g_pe_row[6].g_pe_pair[1].u_pe/u_dsp48. 16 registers were pushed out.
INFO: [Physopt 32-665] Processed cell u_array/g_pe_row[12].g_pe_pair[5].u_pe/u_dsp48. 34 registers were pushed out.
INFO: [Physopt 32-665] Processed cell u_array/g_pe_row[2].g_pe_pair[7].u_pe/u_dsp48. 34 registers were pushed out.
INFO: [Physopt 32-665] Processed cell u_array/g_pe_row[6].g_pe_pair[6].u_pe/u_dsp48. 34 registers were pushed out.
INFO: [Physopt 32-665] Processed cell u_array/g_pe_row[14].g_pe_pair[7].u_pe/u_dsp48. 16 registers were pushed out.
INFO: [Physopt 32-665] Processed cell u_array/g_pe_row[10].g_pe_pair[7].u_pe/u_dsp48. 34 registers were pushed out.
INFO: [Physopt 32-665] Processed cell u_array/g_pe_row[6].g_pe_pair[4].u_pe/u_dsp48. 34 registers were pushed out.
INFO: [Physopt 32-665] Processed cell u_array/g_pe_row[11].g_pe_pair[2].u_pe/u_dsp48. 34 registers were pushed out.
INFO: [Physopt 32-665] Processed cell u_array/g_pe_row[7].g_pe_pair[1].u_pe/u_dsp48. 34 registers were pushed out.
INFO: [Physopt 32-665] Processed cell u_array/g_pe_row[13].g_pe_pair[5].u_pe/u_dsp48. 16 registers were pushed out.
INFO: [Physopt 32-665] Processed cell u_array/g_pe_row[1].g_pe_pair[6].u_pe/u_dsp48. 34 registers were pushed out.
INFO: [Physopt 32-665] Processed cell u_array/g_pe_row[10].g_pe_pair[3].u_pe/u_dsp48. 16 registers were pushed out.
INFO: [Physopt 32-665] Processed cell u_array/g_pe_row[1].g_pe_pair[0].u_pe/u_dsp48. 34 registers were pushed out.
INFO: [Physopt 32-665] Processed cell u_array/g_pe_row[12].g_pe_pair[7].u_pe/u_dsp48. 16 registers were pushed out.
INFO: [Physopt 32-665] Processed cell u_array/g_pe_row[7].g_pe_pair[0].u_pe/u_dsp48. 34 registers were pushed out.
INFO: [Physopt 32-665] Processed cell u_array/g_pe_row[5].g_pe_pair[5].u_pe/u_dsp48. 34 registers were pushed out.
INFO: [Physopt 32-665] Processed cell u_array/g_pe_row[2].g_pe_pair[7].u_pe/u_dsp48. 16 registers were pushed out.
INFO: [Physopt 32-665] Processed cell u_array/g_pe_row[14].g_pe_pair[3].u_pe/u_dsp48. 34 registers were pushed out.
INFO: [Physopt 32-665] Processed cell u_array/g_pe_row[9].g_pe_pair[5].u_pe/u_dsp48. 34 registers were pushed out.
INFO: [Physopt 32-665] Processed cell u_array/g_pe_row[1].g_pe_pair[7].u_pe/u_dsp48. 34 registers were pushed out.
INFO: [Physopt 32-666] Processed cell u_array/u_ctrl/rq_limit_r0. No change.
INFO: [Physopt 32-665] Processed cell u_array/g_pe_row[10].g_pe_pair[0].u_pe/u_dsp48. 16 registers were pushed out.
INFO: [Physopt 32-665] Processed cell u_array/g_pe_row[11].g_pe_pair[5].u_pe/u_dsp48. 34 registers were pushed out.
INFO: [Physopt 32-665] Processed cell u_array/g_pe_row[3].g_pe_pair[5].u_pe/u_dsp48. 34 registers were pushed out.
INFO: [Physopt 32-665] Processed cell u_array/g_pe_row[4].g_pe_pair[1].u_pe/u_dsp48. 16 registers were pushed out.
INFO: [Physopt 32-665] Processed cell u_array/g_pe_row[6].g_pe_pair[0].u_pe/u_dsp48. 16 registers were pushed out.
INFO: [Physopt 32-665] Processed cell u_array/g_pe_row[6].g_pe_pair[5].u_pe/u_dsp48. 34 registers were pushed out.
INFO: [Physopt 32-665] Processed cell u_array/g_pe_row[9].g_pe_pair[1].u_pe/u_dsp48. 16 registers were pushed out.
INFO: [Physopt 32-665] Processed cell u_array/g_pe_row[13].g_pe_pair[7].u_pe/u_dsp48. 34 registers were pushed out.
INFO: [Physopt 32-775] End 2 Pass. Optimized 93 nets or cells. Created 2478 new cells, deleted 0 existing cell and moved 0 existing cell
Netlist sorting complete. Time (s): cpu = 00:00:01 ; elapsed = 00:00:00.210 . Memory (MB): peak = 2388.199 ; gain = 0.000
INFO: [Physopt 32-1123] No candidate cells found for Shift Register to Pipeline optimization
INFO: [Physopt 32-775] End 2 Pass. Optimized 0 net or cell. Created 0 new cell, deleted 0 existing cell and moved 0 existing cell
INFO: [Physopt 32-1401] No candidate cells found for Shift Register optimization.
INFO: [Physopt 32-677] No candidate cells for Shift Register optimization found in the design
INFO: [Physopt 32-775] End 1 Pass. Optimized 0 net or cell. Created 0 new cell, deleted 0 existing cell and moved 0 existing cell
INFO: [Physopt 32-527] Pass 1: Identified 9 candidate cells for BRAM register optimization
INFO: [Physopt 32-665] Processed cell u_array/u_xbuf/u_bank1/U0/inst_blk_mem_gen/gnbram.gnativebmg.native_blk_mem_gen/valid.cstr/ramloop[1].ram.r/prim_noinit.ram/DEVICE_7SERIES.NO_BMM_INFO.SDP.WIDE_PRIM36_NO_ECC.ram. 64 registers were pushed out.
INFO: [Physopt 32-665] Processed cell u_array/u_xbuf/u_bank1/U0/inst_blk_mem_gen/gnbram.gnativebmg.native_blk_mem_gen/valid.cstr/ramloop[6].ram.r/prim_noinit.ram/DEVICE_7SERIES.NO_BMM_INFO.SDP.WIDE_PRIM36_NO_ECC.ram. 64 registers were pushed out.
INFO: [Physopt 32-665] Processed cell u_array/u_xbuf/u_bank0/U0/inst_blk_mem_gen/gnbram.gnativebmg.native_blk_mem_gen/valid.cstr/ramloop[8].ram.r/prim_noinit.ram/DEVICE_7SERIES.NO_BMM_INFO.SDP.SIMPLE_PRIM36.ram. 16 registers were pushed out.
INFO: [Physopt 32-665] Processed cell u_array/u_xbuf/u_bank1/U0/inst_blk_mem_gen/gnbram.gnativebmg.native_blk_mem_gen/valid.cstr/ramloop[8].ram.r/prim_noinit.ram/DEVICE_7SERIES.NO_BMM_INFO.SDP.SIMPLE_PRIM36.ram. 16 registers were pushed out.
INFO: [Physopt 32-665] Processed cell u_array/u_xbuf/u_bank1/U0/inst_blk_mem_gen/gnbram.gnativebmg.native_blk_mem_gen/valid.cstr/ramloop[7].ram.r/prim_noinit.ram/DEVICE_7SERIES.NO_BMM_INFO.SDP.SIMPLE_PRIM36.ram. 16 registers were pushed out.
INFO: [Physopt 32-665] Processed cell u_array/u_xbuf/u_bank0/U0/inst_blk_mem_gen/gnbram.gnativebmg.native_blk_mem_gen/valid.cstr/ramloop[6].ram.r/prim_noinit.ram/DEVICE_7SERIES.NO_BMM_INFO.SDP.WIDE_PRIM36_NO_ECC.ram. 64 registers were pushed out.
INFO: [Physopt 32-665] Processed cell u_array/u_xbuf/u_bank0/U0/inst_blk_mem_gen/gnbram.gnativebmg.native_blk_mem_gen/valid.cstr/ramloop[1].ram.r/prim_noinit.ram/DEVICE_7SERIES.NO_BMM_INFO.SDP.WIDE_PRIM36_NO_ECC.ram. 64 registers were pushed out.
INFO: [Common 17-14] Message 'Physopt 32-665' appears 100 times and further instances of the messages will be disabled. Use the Tcl command set_msg_config to change the current settings.
INFO: [Physopt 32-775] End 1 Pass. Optimized 9 nets or cells. Created 336 new cells, deleted 0 existing cell and moved 0 existing cell
Netlist sorting complete. Time (s): cpu = 00:00:00 ; elapsed = 00:00:00.046 . Memory (MB): peak = 2388.199 ; gain = 0.000
INFO: [Physopt 32-846] No candidate cells for URAM register optimization found in the design
INFO: [Physopt 32-775] End 1 Pass. Optimized 0 net or cell. Created 0 new cell, deleted 0 existing cell and moved 0 existing cell
INFO: [Physopt 32-846] No candidate cells for URAM register optimization found in the design
INFO: [Physopt 32-775] End 1 Pass. Optimized 0 net or cell. Created 0 new cell, deleted 0 existing cell and moved 0 existing cell
INFO: [Physopt 32-949] No candidate nets found for dynamic/static region interface net replication
INFO: [Physopt 32-775] End 1 Pass. Optimized 0 net or cell. Created 0 new cell, deleted 0 existing cell and moved 0 existing cell
Netlist sorting complete. Time (s): cpu = 00:00:00 ; elapsed = 00:00:00.015 . Memory (MB): peak = 2388.199 ; gain = 0.000

Summary of Physical Synthesis Optimizations
============================================


-----------------------------------------------------------------------------------------------------------------------------------------------------------
|  Optimization                                     |  Added Cells  |  Removed Cells  |  Optimized Cells/Nets  |  Dont Touch  |  Iterations  |  Elapsed   |
-----------------------------------------------------------------------------------------------------------------------------------------------------------
|  LUT Combining                                    |           46  |             58  |                   104  |           0  |           1  |  00:00:00  |
|  Retime                                           |            0  |              0  |                     0  |           0  |           1  |  00:00:00  |
|  Very High Fanout                                 |            0  |              0  |                     0  |           0  |           1  |  00:00:00  |
|  Critical Cell                                    |            0  |              0  |                    14  |           0  |           1  |  00:00:00  |
|  DSP Register                                     |         2478  |              0  |                    93  |           0  |           1  |  00:00:06  |
|  Shift Register to Pipeline                       |            0  |              0  |                     0  |           0  |           1  |  00:00:00  |
|  Shift Register                                   |            0  |              0  |                     0  |           0  |           1  |  00:00:00  |
|  BRAM Register                                    |          336  |              0  |                     9  |           0  |           1  |  00:00:01  |
|  URAM Register                                    |            0  |              0  |                     0  |           0  |           1  |  00:00:00  |
|  Dynamic/Static Region Interface Net Replication  |            0  |              0  |                     0  |           0  |           1  |  00:00:00  |
|  Total                                            |         2860  |             58  |                   220  |           0  |          10  |  00:00:07  |
-----------------------------------------------------------------------------------------------------------------------------------------------------------


Phase 2.5.2 Physical Synthesis In Placer | Checksum: d52cded2

Time (s): cpu = 00:01:08 ; elapsed = 00:00:44 . Memory (MB): peak = 2388.199 ; gain = 0.000
Phase 2.5 Global Place Phase2 | Checksum: b5f9e950

Time (s): cpu = 00:01:09 ; elapsed = 00:00:45 . Memory (MB): peak = 2388.199 ; gain = 0.000
Phase 2 Global Placement | Checksum: b5f9e950

Time (s): cpu = 00:01:09 ; elapsed = 00:00:45 . Memory (MB): peak = 2388.199 ; gain = 0.000

Phase 3 Detail Placement

Phase 3.1 Commit Multi Column Macros
Phase 3.1 Commit Multi Column Macros | Checksum: dab5768b

Time (s): cpu = 00:01:12 ; elapsed = 00:00:47 . Memory (MB): peak = 2388.199 ; gain = 0.000

Phase 3.2 Commit Most Macros & LUTRAMs
Phase 3.2 Commit Most Macros & LUTRAMs | Checksum: f91dbb56

Time (s): cpu = 00:01:19 ; elapsed = 00:00:51 . Memory (MB): peak = 2388.199 ; gain = 0.000

Phase 3.3 Area Swap Optimization
Phase 3.3 Area Swap Optimization | Checksum: 9ba550c7

Time (s): cpu = 00:01:19 ; elapsed = 00:00:51 . Memory (MB): peak = 2388.199 ; gain = 0.000

Phase 3.4 Pipeline Register Optimization
Phase 3.4 Pipeline Register Optimization | Checksum: 136773407

Time (s): cpu = 00:01:19 ; elapsed = 00:00:51 . Memory (MB): peak = 2388.199 ; gain = 0.000

Phase 3.5 Fast Optimization
Phase 3.5 Fast Optimization | Checksum: a8aef6a3

Time (s): cpu = 00:01:26 ; elapsed = 00:00:56 . Memory (MB): peak = 2388.199 ; gain = 0.000

Phase 3.6 Small Shape Detail Placement
Phase 3.6 Small Shape Detail Placement | Checksum: f8c0cec4

Time (s): cpu = 00:01:33 ; elapsed = 00:01:03 . Memory (MB): peak = 2388.199 ; gain = 0.000

Phase 3.7 Re-assign LUT pins
Phase 3.7 Re-assign LUT pins | Checksum: f8249356

Time (s): cpu = 00:01:35 ; elapsed = 00:01:05 . Memory (MB): peak = 2388.199 ; gain = 0.000

Phase 3.8 Pipeline Register Optimization
Phase 3.8 Pipeline Register Optimization | Checksum: 18924960b

Time (s): cpu = 00:01:35 ; elapsed = 00:01:05 . Memory (MB): peak = 2388.199 ; gain = 0.000
Phase 3 Detail Placement | Checksum: 18924960b

Time (s): cpu = 00:01:36 ; elapsed = 00:01:05 . Memory (MB): peak = 2388.199 ; gain = 0.000

Phase 4 Post Placement Optimization and Clean-Up

Phase 4.1 Post Commit Optimization
INFO: [Timing 38-35] Done setting XDC timing constraints.

Phase 4.1.1 Post Placement Optimization
Post Placement Optimization Initialization | Checksum: 244675b3e

Phase 4.1.1.1 BUFG Insertion

Starting Physical Synthesis Task

Phase 1 Physical Synthesis Initialization
INFO: [Physopt 32-721] Multithreading enabled for phys_opt_design using a maximum of 2 CPUs
INFO: [Physopt 32-619] Estimated Timing Summary | WNS=-1.132 | TNS=-140.504 |
Phase 1 Physical Synthesis Initialization | Checksum: 1c37a2b28

Time (s): cpu = 00:00:00 ; elapsed = 00:00:00.373 . Memory (MB): peak = 2388.199 ; gain = 0.000
INFO: [Place 46-33] Processed net u_array/u_lut/rst_n_0, BUFG insertion was skipped due to placement/routing conflicts.
INFO: [Place 46-56] BUFG insertion identified 1 candidate nets. Inserted BUFG: 0, Replicated BUFG Driver: 0, Skipped due to Placement/Routing Conflicts: 1, Skipped due to Timing Degradation: 0, Skipped due to netlist editing failed: 0.
Ending Physical Synthesis Task | Checksum: 22d2eb958

Time (s): cpu = 00:00:01 ; elapsed = 00:00:01 . Memory (MB): peak = 2388.199 ; gain = 0.000
Phase 4.1.1.1 BUFG Insertion | Checksum: 244675b3e

Time (s): cpu = 00:01:45 ; elapsed = 00:01:12 . Memory (MB): peak = 2388.199 ; gain = 0.000

Phase 4.1.1.2 Post Placement Timing Optimization
INFO: [Place 30-746] Post Placement Timing Summary WNS=-0.544. For the most accurate timing information please run report_timing.
Phase 4.1.1.2 Post Placement Timing Optimization | Checksum: 21239d1ef

Time (s): cpu = 00:03:05 ; elapsed = 00:02:36 . Memory (MB): peak = 2388.199 ; gain = 0.000

Time (s): cpu = 00:03:05 ; elapsed = 00:02:36 . Memory (MB): peak = 2388.199 ; gain = 0.000
Phase 4.1 Post Commit Optimization | Checksum: 21239d1ef

Time (s): cpu = 00:03:06 ; elapsed = 00:02:36 . Memory (MB): peak = 2388.199 ; gain = 0.000

Phase 4.2 Post Placement Cleanup
Phase 4.2 Post Placement Cleanup | Checksum: 21239d1ef

Time (s): cpu = 00:03:06 ; elapsed = 00:02:37 . Memory (MB): peak = 2388.199 ; gain = 0.000

Phase 4.3 Placer Reporting

Phase 4.3.1 Print Estimated Congestion
INFO: [Place 30-612] Post-Placement Estimated Congestion 
 ____________________________________________________
|           | Global Congestion | Short Congestion  |
| Direction | Region Size       | Region Size       |
|___________|___________________|___________________|
|      North|                1x1|                4x4|
|___________|___________________|___________________|
|      South|                1x1|                4x4|
|___________|___________________|___________________|
|       East|                1x1|                4x4|
|___________|___________________|___________________|
|       West|                1x1|                4x4|
|___________|___________________|___________________|

Phase 4.3.1 Print Estimated Congestion | Checksum: 21239d1ef

Time (s): cpu = 00:03:06 ; elapsed = 00:02:37 . Memory (MB): peak = 2388.199 ; gain = 0.000
Phase 4.3 Placer Reporting | Checksum: 21239d1ef

Time (s): cpu = 00:03:06 ; elapsed = 00:02:37 . Memory (MB): peak = 2388.199 ; gain = 0.000

Phase 4.4 Final Placement Cleanup
Netlist sorting complete. Time (s): cpu = 00:00:00 ; elapsed = 00:00:00.018 . Memory (MB): peak = 2388.199 ; gain = 0.000

Time (s): cpu = 00:03:06 ; elapsed = 00:02:37 . Memory (MB): peak = 2388.199 ; gain = 0.000
Phase 4 Post Placement Optimization and Clean-Up | Checksum: 16f1579e6

Time (s): cpu = 00:03:06 ; elapsed = 00:02:37 . Memory (MB): peak = 2388.199 ; gain = 0.000
Ending Placer Task | Checksum: c3717848

Time (s): cpu = 00:03:06 ; elapsed = 00:02:37 . Memory (MB): peak = 2388.199 ; gain = 0.000
168 Infos, 2 Warnings, 0 Critical Warnings and 0 Errors encountered.
place_design completed successfully
place_design: Time (s): cpu = 00:03:10 ; elapsed = 00:02:39 . Memory (MB): peak = 2388.199 ; gain = 0.000
# phys_opt_design -directive AggressiveExplore
Command: phys_opt_design -directive AggressiveExplore
Attempting to get a license for feature 'Implementation' and/or device 'xc7z020'
INFO: [Common 17-349] Got license for feature 'Implementation' and/or device 'xc7z020'
INFO: [Vivado_Tcl 4-137] Directive used for phys_opt_design is: AggressiveExplore

Starting Initial Update Timing Task
WARNING: [Timing 38-242] The property HD.CLK_SRC of clock port "clk_i" is not set. In out-of-context mode, this prevents timing estimation for clock delay/skew
Resolution: Set the HD.CLK_SRC property of the out-of-context port to the location of the clock buffer instance in the top-level design

Time (s): cpu = 00:00:05 ; elapsed = 00:00:03 . Memory (MB): peak = 2388.199 ; gain = 0.000
INFO: [Vivado_Tcl 4-1435] PhysOpt_Tcl_Interface Runtime Before Starting Physical Synthesis Task | CPU: 6.00s |  WALL: 3.61s
Netlist sorting complete. Time (s): cpu = 00:00:00 ; elapsed = 00:00:00.015 . Memory (MB): peak = 2388.199 ; gain = 0.000

Starting Physical Synthesis Task

Phase 1 Physical Synthesis Initialization
INFO: [Physopt 32-721] Multithreading enabled for phys_opt_design using a maximum of 2 CPUs
INFO: [Physopt 32-619] Estimated Timing Summary | WNS=-0.544 | TNS=-40.414 |
Phase 1 Physical Synthesis Initialization | Checksum: 19c3f1bf7

Time (s): cpu = 00:00:03 ; elapsed = 00:00:03 . Memory (MB): peak = 2388.199 ; gain = 0.000

Phase 2 SLR Crossing Optimization
Phase 2 SLR Crossing Optimization | Checksum: 19c3f1bf7

Time (s): cpu = 00:00:04 ; elapsed = 00:00:03 . Memory (MB): peak = 2388.199 ; gain = 0.000
INFO: [Physopt 32-619] Estimated Timing Summary | WNS=-0.544 | TNS=-40.414 |

Phase 3 Fanout Optimization
INFO: [Physopt 32-76] Pass 1. Identified 9 candidate nets for fanout optimization.
INFO: [Physopt 32-81] Processed net u_array/u_addrgen/row_off_r[31]_i_5_n_0. Replicated 1 times.
INFO: [Physopt 32-81] Processed net u_array/u_addrgen/row_off_r[31]_i_1_n_0. Replicated 1 times.
INFO: [Physopt 32-572] Net u_array/u_addrgen/we_i0 was not replicated.
Resolution: phys_opt_design can be forced to replicate a net driver using the option -force_replication_on_nets <list of net objects>.
INFO: [Physopt 32-572] Net q_r_reg[63]_i_18_n_0 was not replicated.
Resolution: phys_opt_design can be forced to replicate a net driver using the option -force_replication_on_nets <list of net objects>.
INFO: [Physopt 32-572] Net u_csr/s_axi_awaddr[15] was not replicated.
Resolution: phys_opt_design can be forced to replicate a net driver using the option -force_replication_on_nets <list of net objects>.
INFO: [Physopt 32-81] Processed net u_array/u_dma/pword_sr[31]_i_2_n_0. Replicated 1 times.
INFO: [Physopt 32-81] Processed net u_array/u_addrgen/row_off_r[31]_i_3_n_0. Replicated 2 times.
INFO: [Physopt 32-81] Processed net u_array/g_pe_row[9].g_pe_pair[2].u_pe/w_d3_r_reg[7]_0[6]. Replicated 2 times.
INFO: [Physopt 32-81] Processed net u_array/u_xbuf/u_bank1/U0/inst_blk_mem_gen/gnbram.gnativebmg.native_blk_mem_gen/valid.cstr/has_mux_b.B/sel_pipe_d1[0]. Replicated 2 times.
INFO: [Physopt 32-232] Optimized 6 nets. Created 9 new instances.
INFO: [Physopt 32-775] End 1 Pass. Optimized 6 nets or cells. Created 9 new cells, deleted 0 existing cell and moved 0 existing cell
INFO: [Physopt 32-619] Estimated Timing Summary | WNS=-0.544 | TNS=-38.507 |
Netlist sorting complete. Time (s): cpu = 00:00:00 ; elapsed = 00:00:00.057 . Memory (MB): peak = 2388.199 ; gain = 0.000
Phase 3 Fanout Optimization | Checksum: 125044de5

Time (s): cpu = 00:00:07 ; elapsed = 00:00:05 . Memory (MB): peak = 2388.199 ; gain = 0.000

Phase 4 Single Cell Placement Optimization
INFO: [Physopt 32-660] Identified 250 candidate nets for placement-based optimization.
INFO: [Physopt 32-662] Processed net u_array/u_dma_wr/m_axi_awlen[0]_INST_0_i_1_n_0.  Did not re-place instance u_array/u_dma_wr/m_axi_awlen[0]_INST_0_i_1
INFO: [Physopt 32-663] Processed net u_array/u_dma_wr/p_0_in[7].  Re-placed instance u_array/u_dma_wr/m_axi_awlen[7]_INST_0_i_1
INFO: [Physopt 32-662] Processed net u_array/u_dma_wr/words_r[20].  Did not re-place instance u_array/u_dma_wr/words_r_reg[20]
INFO: [Physopt 32-662] Processed net u_array/u_dma_wr/addr_r[9]_i_4_n_0.  Did not re-place instance u_array/u_dma_wr/addr_r[9]_i_4
INFO: [Physopt 32-662] Processed net u_array/u_dma_wr/m_axi_awlen[0]_INST_0_i_2_n_0.  Did not re-place instance u_array/u_dma_wr/m_axi_awlen[0]_INST_0_i_2
INFO: [Physopt 32-662] Processed net u_array/u_dma_wr/m_axi_awlen[0]_INST_0_i_4_n_0.  Did not re-place instance u_array/u_dma_wr/m_axi_awlen[0]_INST_0_i_4
INFO: [Physopt 32-662] Processed net u_array/u_dma_wr/m_axi_awlen[7]_INST_0_i_12_n_0.  Did not re-place instance u_array/u_dma_wr/m_axi_awlen[7]_INST_0_i_12
INFO: [Physopt 32-662] Processed net u_array/u_dma_wr/m_axi_awaddr[28].  Did not re-place instance u_array/u_dma_wr/addr_r_reg[31]
INFO: [Physopt 32-662] Processed net u_array/u_dma_wr/m_axi_awlen[7]_INST_0_i_8_n_0.  Did not re-place instance u_array/u_dma_wr/m_axi_awlen[7]_INST_0_i_8
INFO: [Physopt 32-662] Processed net u_array/u_dma_wr/m_axi_awlen[4]_INST_0_i_4_n_0.  Did not re-place instance u_array/u_dma_wr/m_axi_awlen[4]_INST_0_i_4
INFO: [Physopt 32-662] Processed net u_array/u_dma_wr/addr_r[9]_i_5_n_0.  Did not re-place instance u_array/u_dma_wr/addr_r[9]_i_5
INFO: [Physopt 32-662] Processed net u_array/u_dma_wr/words_r[21].  Did not re-place instance u_array/u_dma_wr/words_r_reg[21]
INFO: [Physopt 32-662] Processed net u_array/u_dma_wr/words_r[7]_i_5_n_0.  Did not re-place instance u_array/u_dma_wr/words_r[7]_i_5
INFO: [Physopt 32-662] Processed net u_array/u_dma_wr/words_r[23].  Did not re-place instance u_array/u_dma_wr/words_r_reg[23]
INFO: [Physopt 32-662] Processed net u_array/u_dma/words_r_reg_n_0_[23].  Did not re-place instance u_array/u_dma/words_r_reg[23]
INFO: [Physopt 32-662] Processed net u_array/u_dma/want_w1.  Did not re-place instance u_array/u_dma/m_axi_arlen[7]_INST_0_i_14
INFO: [Physopt 32-662] Processed net u_array/u_dma/last_burst_r.  Did not re-place instance u_array/u_dma/last_burst_r_i_1
INFO: [Physopt 32-662] Processed net u_array/u_dma/last_burst_r_i_11_n_0.  Did not re-place instance u_array/u_dma/last_burst_r_i_11
INFO: [Physopt 32-662] Processed net u_array/u_dma/last_burst_r_i_18_n_0.  Did not re-place instance u_array/u_dma/last_burst_r_i_18
INFO: [Physopt 32-662] Processed net u_array/u_dma/m_axi_arlen[7]_INST_0_i_10_n_0.  Did not re-place instance u_array/u_dma/m_axi_arlen[7]_INST_0_i_10
INFO: [Physopt 32-662] Processed net u_array/u_dma/m_axi_arlen[7]_INST_0_i_15_n_0.  Did not re-place instance u_array/u_dma/m_axi_arlen[7]_INST_0_i_15
INFO: [Physopt 32-662] Processed net u_array/u_dma/m_axi_arlen[7]_INST_0_i_18_n_0.  Did not re-place instance u_array/u_dma/m_axi_arlen[7]_INST_0_i_18
INFO: [Physopt 32-662] Processed net u_array/u_dma/last_burst_r_reg_n_0.  Did not re-place instance u_array/u_dma/last_burst_r_reg
INFO: [Physopt 32-662] Processed net u_array/u_dma_wr/m_axi_awaddr[27].  Did not re-place instance u_array/u_dma_wr/addr_r_reg[30]
INFO: [Physopt 32-662] Processed net u_array/u_dma_wr/addr_r[5]_i_4_n_0.  Did not re-place instance u_array/u_dma_wr/addr_r[5]_i_4
INFO: [Physopt 32-662] Processed net u_array/u_dma_wr/m_axi_awaddr[24].  Did not re-place instance u_array/u_dma_wr/addr_r_reg[27]
INFO: [Physopt 32-662] Processed net u_array/u_dma_wr/m_axi_awlen[7]_INST_0_i_11_n_0.  Did not re-place instance u_array/u_dma_wr/m_axi_awlen[7]_INST_0_i_11
INFO: [Physopt 32-662] Processed net u_array/u_dma_wr/words_r[3]_i_5_n_0.  Did not re-place instance u_array/u_dma_wr/words_r[3]_i_5
INFO: [Physopt 32-662] Processed net u_array/u_dma_wr/words_r[3]_i_9_n_0.  Did not re-place instance u_array/u_dma_wr/words_r[3]_i_9
INFO: [Physopt 32-662] Processed net u_array/u_dma_wr/m_axi_awlen[7]_INST_0_i_10_n_0.  Did not re-place instance u_array/u_dma_wr/m_axi_awlen[7]_INST_0_i_10
INFO: [Physopt 32-662] Processed net u_array/u_dma_wr/m_axi_awaddr[26].  Did not re-place instance u_array/u_dma_wr/addr_r_reg[29]
INFO: [Physopt 32-662] Processed net u_array/u_dma_wr/words_r[22].  Did not re-place instance u_array/u_dma_wr/words_r_reg[22]
INFO: [Physopt 32-662] Processed net u_array/u_dma/m_axi_arlen[3]_INST_0_i_1_n_0.  Did not re-place instance u_array/u_dma/m_axi_arlen[3]_INST_0_i_1
INFO: [Physopt 32-662] Processed net u_array/u_dma/words_r_reg_n_0_[14].  Did not re-place instance u_array/u_dma/words_r_reg[14]
INFO: [Physopt 32-662] Processed net u_array/u_dma/m_axi_arlen[3]_INST_0_i_5_n_0.  Did not re-place instance u_array/u_dma/m_axi_arlen[3]_INST_0_i_5
INFO: [Physopt 32-662] Processed net u_array/u_dma/m_axi_arlen[3]_INST_0_i_6_n_0.  Did not re-place instance u_array/u_dma/m_axi_arlen[3]_INST_0_i_6
INFO: [Physopt 32-662] Processed net u_array/u_dma/m_axi_arlen[7]_INST_0_i_12_n_0.  Did not re-place instance u_array/u_dma/m_axi_arlen[7]_INST_0_i_12
INFO: [Physopt 32-662] Processed net u_array/u_dma_wr/m_axi_awlen[7]_INST_0_i_6_n_0.  Did not re-place instance u_array/u_dma_wr/m_axi_awlen[7]_INST_0_i_6
INFO: [Physopt 32-662] Processed net u_array/u_dma/m_axi_arlen[7]_INST_0_i_11_n_0.  Did not re-place instance u_array/u_dma/m_axi_arlen[7]_INST_0_i_11
INFO: [Physopt 32-662] Processed net u_array/u_dma/words_r_reg_n_0_[17].  Did not re-place instance u_array/u_dma/words_r_reg[17]
INFO: [Physopt 32-663] Processed net u_array/u_dma/m_axi_arlen[3]_INST_0_i_4_n_0.  Re-placed instance u_array/u_dma/m_axi_arlen[3]_INST_0_i_4
INFO: [Physopt 32-662] Processed net u_array/u_dma_wr/words_r[17].  Did not re-place instance u_array/u_dma_wr/words_r_reg[17]
INFO: [Physopt 32-662] Processed net u_array/u_dma/m_axi_arlen[7]_INST_0_i_13_n_0.  Did not re-place instance u_array/u_dma/m_axi_arlen[7]_INST_0_i_13
INFO: [Physopt 32-662] Processed net u_array/u_dma_wr/m_axi_awlen[7]_INST_0_i_7_n_0.  Did not re-place instance u_array/u_dma_wr/m_axi_awlen[7]_INST_0_i_7
INFO: [Physopt 32-663] Processed net u_array/u_dma/words_r_reg_n_0_[16].  Re-placed instance u_array/u_dma/words_r_reg[16]
INFO: [Physopt 32-663] Processed net u_array/u_dma/words_r[7]_i_2__0_n_0.  Re-placed instance u_array/u_dma/words_r[7]_i_2__0
INFO: [Physopt 32-662] Processed net u_array/u_dma_wr/m_axi_awaddr[25].  Did not re-place instance u_array/u_dma_wr/addr_r_reg[28]
INFO: [Physopt 32-662] Processed net u_array/u_dma_wr/words_r[19].  Did not re-place instance u_array/u_dma_wr/words_r_reg[19]
INFO: [Physopt 32-662] Processed net u_array/u_dma_wr/addr_r[5]_i_3_n_0.  Did not re-place instance u_array/u_dma_wr/addr_r[5]_i_3
INFO: [Physopt 32-662] Processed net u_array/u_dma_wr/addr_r[5]_i_2_n_0.  Did not re-place instance u_array/u_dma_wr/addr_r[5]_i_2
INFO: [Physopt 32-662] Processed net u_array/u_dma_wr/m_axi_awaddr[23].  Did not re-place instance u_array/u_dma_wr/addr_r_reg[26]
INFO: [Physopt 32-662] Processed net u_array/u_dma_wr/m_axi_awaddr[20].  Did not re-place instance u_array/u_dma_wr/addr_r_reg[23]
INFO: [Physopt 32-662] Processed net u_array/u_dma/m_axi_arlen[7]_INST_0_i_6_n_0.  Did not re-place instance u_array/u_dma/m_axi_arlen[7]_INST_0_i_6
INFO: [Physopt 32-662] Processed net u_array/u_dma/words_r_reg_n_0_[15].  Did not re-place instance u_array/u_dma/words_r_reg[15]
INFO: [Physopt 32-662] Processed net u_array/u_dma/m_axi_arlen[7]_INST_0_i_7_n_0.  Did not re-place instance u_array/u_dma/m_axi_arlen[7]_INST_0_i_7
INFO: [Physopt 32-662] Processed net u_array/u_dma_wr/m_axi_awaddr[22].  Did not re-place instance u_array/u_dma_wr/addr_r_reg[25]
INFO: [Physopt 32-662] Processed net u_array/u_dma/words_r_reg_n_0_[18].  Did not re-place instance u_array/u_dma/words_r_reg[18]
INFO: [Physopt 32-662] Processed net u_array/u_dma/m_axi_arlen[7]_INST_0_i_9_n_0.  Did not re-place instance u_array/u_dma/m_axi_arlen[7]_INST_0_i_9
INFO: [Physopt 32-662] Processed net u_array/u_dma_wr/addr_r[9]_i_9_n_0.  Did not re-place instance u_array/u_dma_wr/addr_r[9]_i_9
INFO: [Physopt 32-662] Processed net u_array/u_dma/m_axi_arlen[7]_INST_0_i_8_n_0.  Did not re-place instance u_array/u_dma/m_axi_arlen[7]_INST_0_i_8
INFO: [Physopt 32-662] Processed net u_array/u_dma_wr/addr_r[5]_i_7_n_0.  Did not re-place instance u_array/u_dma_wr/addr_r[5]_i_7
INFO: [Physopt 32-663] Processed net u_array/u_dma/words_r[7]_i_3__0_n_0.  Re-placed instance u_array/u_dma/words_r[7]_i_3__0
INFO: [Physopt 32-662] Processed net u_array/u_dma_wr/words_r[18].  Did not re-place instance u_array/u_dma_wr/words_r_reg[18]
INFO: [Physopt 32-662] Processed net u_array/u_dma_wr/addr_r[9]_i_8_n_0.  Did not re-place instance u_array/u_dma_wr/addr_r[9]_i_8
INFO: [Physopt 32-662] Processed net u_array/u_dma/last_burst_r_i_12_n_0.  Did not re-place instance u_array/u_dma/last_burst_r_i_12
INFO: [Physopt 32-662] Processed net u_array/u_dma/last_burst_r_i_22_n_0.  Did not re-place instance u_array/u_dma/last_burst_r_i_22
INFO: [Physopt 32-662] Processed net u_array/u_dma/last_burst_r_i_9_n_0.  Did not re-place instance u_array/u_dma/last_burst_r_i_9
INFO: [Physopt 32-662] Processed net u_array/u_dma/m_axi_arlen[7]_INST_0_i_2_n_0.  Did not re-place instance u_array/u_dma/m_axi_arlen[7]_INST_0_i_2
INFO: [Physopt 32-663] Processed net u_array/u_dma/words_r_reg_n_0_[12].  Re-placed instance u_array/u_dma/words_r_reg[12]
INFO: [Physopt 32-662] Processed net u_array/u_dma_wr/words_r[16].  Did not re-place instance u_array/u_dma_wr/words_r_reg[16]
INFO: [Physopt 32-662] Processed net u_array/u_dma_wr/words_r[13].  Did not re-place instance u_array/u_dma_wr/words_r_reg[13]
INFO: [Physopt 32-662] Processed net u_array/u_dma_wr/m_axi_awaddr[21].  Did not re-place instance u_array/u_dma_wr/addr_r_reg[24]
INFO: [Physopt 32-662] Processed net u_array/u_dma_wr/words_r[15].  Did not re-place instance u_array/u_dma_wr/words_r_reg[15]
INFO: [Physopt 32-663] Processed net u_array/u_dma/words_r_reg_n_0_[13].  Re-placed instance u_array/u_dma/words_r_reg[13]
INFO: [Physopt 32-662] Processed net u_array/u_dma/last_burst_r_i_10_n_0.  Did not re-place instance u_array/u_dma/last_burst_r_i_10
INFO: [Physopt 32-662] Processed net u_array/u_dma/last_burst_r_i_14_n_0.  Did not re-place instance u_array/u_dma/last_burst_r_i_14
INFO: [Physopt 32-662] Processed net u_array/u_dma_wr/words_r[3]_i_2_n_0.  Did not re-place instance u_array/u_dma_wr/words_r[3]_i_2
INFO: [Physopt 32-662] Processed net u_array/u_dma_wr/m_axi_awaddr[19].  Did not re-place instance u_array/u_dma_wr/addr_r_reg[22]
INFO: [Physopt 32-663] Processed net u_array/u_dma/words_r_reg_n_0_[11].  Re-placed instance u_array/u_dma/words_r_reg[11]
INFO: [Physopt 32-662] Processed net u_array/u_dma_wr/m_axi_awaddr[16].  Did not re-place instance u_array/u_dma_wr/addr_r_reg[19]
INFO: [Physopt 32-662] Processed net u_array/u_dma_wr/words_r[12].  Did not re-place instance u_array/u_dma_wr/words_r_reg[12]
INFO: [Physopt 32-662] Processed net u_array/u_dma_wr/m_axi_awlen[0]_INST_0_i_3_n_0.  Did not re-place instance u_array/u_dma_wr/m_axi_awlen[0]_INST_0_i_3
INFO: [Physopt 32-662] Processed net u_array/u_dma_wr/m_axi_awlen[0]_INST_0_i_5_n_0.  Did not re-place instance u_array/u_dma_wr/m_axi_awlen[0]_INST_0_i_5
INFO: [Physopt 32-662] Processed net u_array/u_dma_wr/words_r[3]_i_4_n_0.  Did not re-place instance u_array/u_dma_wr/words_r[3]_i_4
INFO: [Physopt 32-662] Processed net u_array/u_requant/q_r[39]_i_2_n_0.  Did not re-place instance u_array/u_requant/q_r[39]_i_2
INFO: [Physopt 32-662] Processed net u_array/u_requant/q_r[41]_i_3_n_0.  Did not re-place instance u_array/u_requant/q_r[41]_i_3
INFO: [Physopt 32-663] Processed net u_array/u_requant/q_r[45]_i_4_n_0.  Re-placed instance u_array/u_requant/q_r[45]_i_4
INFO: [Physopt 32-662] Processed net u_array/u_requant/q_r[38]_i_1_n_0.  Did not re-place instance u_array/u_requant/q_r[38]_i_1
INFO: [Physopt 32-662] Processed net u_array/u_requant/sticky_r_i_135_n_0.  Did not re-place instance u_array/u_requant/sticky_r_i_135
INFO: [Physopt 32-662] Processed net u_array/u_requant/p_0_in[31].  Did not re-place instance u_array/u_requant/q_r_reg[38]
INFO: [Physopt 32-663] Processed net u_array/u_addrgen/A_0[24].  Re-placed instance u_array/u_addrgen/ih0_r_reg[25]
INFO: [Physopt 32-663] Processed net u_array/u_dma/words_r_reg_n_0_[5].  Re-placed instance u_array/u_dma/words_r_reg[5]
INFO: [Physopt 32-662] Processed net u_array/u_addrgen/row_off_r[21].  Did not re-place instance u_array/u_addrgen/row_off_r[21]_i_1
INFO: [Physopt 32-663] Processed net u_array/u_addrgen/row_off_r[21]_i_2_n_0.  Re-placed instance u_array/u_addrgen/row_off_r[21]_i_2
INFO: [Physopt 32-662] Processed net u_array/u_addrgen/row_off_r_reg_n_0_[21].  Did not re-place instance u_array/u_addrgen/row_off_r_reg[21]
INFO: [Physopt 32-662] Processed net u_array/u_dma_wr/m_axi_awaddr[18].  Did not re-place instance u_array/u_dma_wr/addr_r_reg[21]
INFO: [Physopt 32-662] Processed net u_array/u_requant/q_r[30]_i_4_n_0.  Did not re-place instance u_array/u_requant/q_r[30]_i_4
INFO: [Physopt 32-662] Processed net u_array/u_requant/q_r[16]_i_2_n_0.  Did not re-place instance u_array/u_requant/q_r[16]_i_2
INFO: [Physopt 32-662] Processed net u_array/u_requant/q_r[18]_i_3_n_0.  Did not re-place instance u_array/u_requant/q_r[18]_i_3
INFO: [Physopt 32-662] Processed net u_array/u_requant/q_r[15]_i_1_n_0.  Did not re-place instance u_array/u_requant/q_r[15]_i_1
INFO: [Physopt 32-662] Processed net u_array/u_requant/p_0_in[8].  Did not re-place instance u_array/u_requant/q_r_reg[15]
INFO: [Physopt 32-662] Processed net u_array/u_addrgen/row_off_r[22].  Did not re-place instance u_array/u_addrgen/row_off_r[22]_i_1
INFO: [Physopt 32-663] Processed net u_array/u_addrgen/row_off_r[22]_i_2_n_0.  Re-placed instance u_array/u_addrgen/row_off_r[22]_i_2
INFO: [Physopt 32-662] Processed net u_array/u_addrgen/row_off_r_reg_n_0_[22].  Did not re-place instance u_array/u_addrgen/row_off_r_reg[22]
INFO: [Physopt 32-663] Processed net u_array/g_pe_row[2].g_pe_pair[2].u_pe/w_d3_r_reg[7]_0[0].  Re-placed instance u_array/g_pe_row[2].g_pe_pair[2].u_pe/w_d3_r_reg[0]
INFO: [Physopt 32-662] Processed net u_array/u_requant/q_r[43]_i_5_n_0.  Did not re-place instance u_array/u_requant/q_r[43]_i_5
INFO: [Physopt 32-663] Processed net u_array/u_requant/q_r[29]_i_2_n_0.  Re-placed instance u_array/u_requant/q_r[29]_i_2
INFO: [Physopt 32-662] Processed net u_array/u_requant/q_r[31]_i_3_n_0.  Did not re-place instance u_array/u_requant/q_r[31]_i_3
INFO: [Physopt 32-662] Processed net u_array/g_acc[4].u_acc_g/acc_r[211]_i_5__18_n_0.  Did not re-place instance u_array/g_acc[4].u_acc_g/acc_r[211]_i_5__18
INFO: [Physopt 32-662] Processed net u_array/g_acc[4].u_acc_g/p_1_in[223].  Did not re-place instance u_array/g_acc[4].u_acc_g/acc_r[223]_i_1__18
INFO: [Physopt 32-662] Processed net u_array/g_pe_row[2].g_pe_pair[2].u_pe/w_d3_r_reg[2]_1[0].  Did not re-place instance u_array/g_pe_row[2].g_pe_pair[2].u_pe/p0_o__0_carry_i_6__47
INFO: [Physopt 32-662] Processed net u_array/u_requant/q_r[28]_i_1_n_0.  Did not re-place instance u_array/u_requant/q_r[28]_i_1
INFO: [Physopt 32-662] Processed net u_array/g_acc[4].u_acc_g/acc_q_w[1247].  Did not re-place instance u_array/g_acc[4].u_acc_g/acc_r_reg[223]
INFO: [Physopt 32-662] Processed net u_array/u_requant/p_0_in[21].  Did not re-place instance u_array/u_requant/q_r_reg[28]
INFO: [Physopt 32-662] Processed net u_array/u_requant/q_r[34]_i_4_n_0.  Did not re-place instance u_array/u_requant/q_r[34]_i_4
INFO: [Physopt 32-662] Processed net u_array/u_requant/q_r[20]_i_2_n_0.  Did not re-place instance u_array/u_requant/q_r[20]_i_2
INFO: [Physopt 32-662] Processed net u_array/u_requant/q_r[22]_i_3_n_0.  Did not re-place instance u_array/u_requant/q_r[22]_i_3
INFO: [Physopt 32-662] Processed net u_array/u_requant/p_0_in[13].  Did not re-place instance u_array/u_requant/q_r_reg[20]
INFO: [Physopt 32-662] Processed net u_array/g_acc[31].u_acc_g/acc_r[147]_i_5__21_n_0.  Did not re-place instance u_array/g_acc[31].u_acc_g/acc_r[147]_i_5__21
INFO: [Physopt 32-662] Processed net u_array/g_acc[31].u_acc_g/p_1_in[155].  Did not re-place instance u_array/g_acc[31].u_acc_g/acc_r[155]_i_1__21
INFO: [Physopt 32-662] Processed net u_array/g_acc[31].u_acc_g/p_1_in[157].  Did not re-place instance u_array/g_acc[31].u_acc_g/acc_r[157]_i_1__21
INFO: [Physopt 32-662] Processed net u_array/g_pe_row[15].g_pe_pair[1].u_pe/S[0].  Did not re-place instance u_array/g_pe_row[15].g_pe_pair[1].u_pe/p0_o__0_carry_i_6__39
INFO: [Physopt 32-662] Processed net u_array/u_requant/q_r[20]_i_1_n_0.  Did not re-place instance u_array/u_requant/q_r[20]_i_1
INFO: [Physopt 32-662] Processed net u_array/g_acc[31].u_acc_g/acc_q_w[8091].  Did not re-place instance u_array/g_acc[31].u_acc_g/acc_r_reg[155]
INFO: [Physopt 32-662] Processed net u_array/g_acc[31].u_acc_g/acc_q_w[8093].  Did not re-place instance u_array/g_acc[31].u_acc_g/acc_r_reg[157]
INFO: [Physopt 32-663] Processed net u_array/g_pe_row[4].g_pe_pair[2].u_pe/w_d3_r_reg[7]_0[2].  Re-placed instance u_array/g_pe_row[4].g_pe_pair[2].u_pe/w_d3_r_reg[2]
INFO: [Physopt 32-662] Processed net u_array/g_acc[8].u_acc_g/acc_r[211]_i_5__16_n_0.  Did not re-place instance u_array/g_acc[8].u_acc_g/acc_r[211]_i_5__16
INFO: [Physopt 32-662] Processed net u_array/g_acc[8].u_acc_g/p_1_in[223].  Did not re-place instance u_array/g_acc[8].u_acc_g/acc_r[223]_i_1__16
INFO: [Physopt 32-662] Processed net u_array/g_pe_row[4].g_pe_pair[2].u_pe/w_d3_r_reg[2]_3[2].  Did not re-place instance u_array/g_pe_row[4].g_pe_pair[2].u_pe/p0_o__0_carry_i_4__88
INFO: [Physopt 32-662] Processed net u_array/g_acc[8].u_acc_g/acc_q_w[2271].  Did not re-place instance u_array/g_acc[8].u_acc_g/acc_r_reg[223]
INFO: [Physopt 32-663] Processed net u_array/u_requant/q_r[40]_i_2_n_0.  Re-placed instance u_array/u_requant/q_r[40]_i_2
INFO: [Physopt 32-662] Processed net u_array/u_requant/q_r[42]_i_3_n_0.  Did not re-place instance u_array/u_requant/q_r[42]_i_3
INFO: [Physopt 32-662] Processed net u_array/u_requant/q_r[46]_i_4_n_0.  Did not re-place instance u_array/u_requant/q_r[46]_i_4
INFO: [Physopt 32-662] Processed net u_array/u_addrgen/row_off_r[7].  Did not re-place instance u_array/u_addrgen/row_off_r[7]_i_1
INFO: [Physopt 32-663] Processed net u_array/u_addrgen/row_off_r[7]_i_4_n_0.  Re-placed instance u_array/u_addrgen/row_off_r[7]_i_4
INFO: [Physopt 32-662] Processed net u_array/u_requant/q_r[39]_i_1_n_0.  Did not re-place instance u_array/u_requant/q_r[39]_i_1
INFO: [Physopt 32-662] Processed net u_array/u_addrgen/row_off_r_reg_n_0_[7].  Did not re-place instance u_array/u_addrgen/row_off_r_reg[7]
INFO: [Physopt 32-662] Processed net u_array/u_requant/p_0_in[32].  Did not re-place instance u_array/u_requant/q_r_reg[39]
INFO: [Physopt 32-662] Processed net u_array/u_addrgen/row_off_r[23].  Did not re-place instance u_array/u_addrgen/row_off_r[23]_i_1
INFO: [Physopt 32-663] Processed net u_array/u_addrgen/row_off_r[23]_i_4_n_0.  Re-placed instance u_array/u_addrgen/row_off_r[23]_i_4
INFO: [Physopt 32-662] Processed net u_array/u_addrgen/row_off_r_reg_n_0_[23].  Did not re-place instance u_array/u_addrgen/row_off_r_reg[23]
INFO: [Physopt 32-662] Processed net u_array/u_dma/words_r_reg_n_0_[2].  Did not re-place instance u_array/u_dma/words_r_reg[2]
INFO: [Physopt 32-663] Processed net u_array/g_pe_row[10].g_pe_pair[2].u_pe/w_d3_r_reg[7]_0[1].  Re-placed instance u_array/g_pe_row[10].g_pe_pair[2].u_pe/w_d3_r_reg[1]
INFO: [Physopt 32-662] Processed net u_array/u_requant/p_0_in[17].  Did not re-place instance u_array/u_requant/q_r_reg[24]
INFO: [Physopt 32-662] Processed net u_array/u_requant/q_r[24]_i_2_n_0.  Did not re-place instance u_array/u_requant/q_r[24]_i_2
INFO: [Physopt 32-662] Processed net u_array/u_requant/q_r[26]_i_3_n_0.  Did not re-place instance u_array/u_requant/q_r[26]_i_3
INFO: [Physopt 32-662] Processed net u_array/g_acc[21].u_acc_g/acc_r[211]_i_5__5_n_0.  Did not re-place instance u_array/g_acc[21].u_acc_g/acc_r[211]_i_5__5
INFO: [Physopt 32-662] Processed net u_array/g_acc[21].u_acc_g/p_1_in[221].  Did not re-place instance u_array/g_acc[21].u_acc_g/acc_r[221]_i_1__5
INFO: [Physopt 32-662] Processed net u_array/g_pe_row[10].g_pe_pair[2].u_pe/w_d3_r_reg[2]_2[1].  Did not re-place instance u_array/g_pe_row[10].g_pe_pair[2].u_pe/p0_o__0_carry_i_5__76
INFO: [Physopt 32-662] Processed net u_array/u_requant/q_r[24]_i_1_n_0.  Did not re-place instance u_array/u_requant/q_r[24]_i_1
INFO: [Physopt 32-662] Processed net u_array/g_acc[21].u_acc_g/acc_q_w__0[5597].  Did not re-place instance u_array/g_acc[21].u_acc_g/acc_r_reg[221]
INFO: [Physopt 32-663] Processed net u_array/u_requant/m_r1[9].  Re-placed instance u_array/u_requant/m_r1_reg[9]
INFO: [Physopt 32-662] Processed net u_array/g_acc[31].u_acc_g/p_1_in[159].  Did not re-place instance u_array/g_acc[31].u_acc_g/acc_r[159]_i_1__21
INFO: [Physopt 32-662] Processed net u_array/u_dma/words_r[3]_i_4__0_n_0.  Did not re-place instance u_array/u_dma/words_r[3]_i_4__0
INFO: [Physopt 32-662] Processed net u_array/g_acc[31].u_acc_g/acc_q_w[8095].  Did not re-place instance u_array/g_acc[31].u_acc_g/acc_r_reg[159]
INFO: [Physopt 32-662] Processed net u_array/g_acc[31].u_acc_g/acc_r[147]_i_6__21_n_0.  Did not re-place instance u_array/g_acc[31].u_acc_g/acc_r[147]_i_6__21
INFO: [Physopt 32-662] Processed net u_array/u_requant/q_r[44]_i_5_n_0.  Did not re-place instance u_array/u_requant/q_r[44]_i_5
INFO: [Physopt 32-662] Processed net u_array/u_requant/q_r[30]_i_2_n_0.  Did not re-place instance u_array/u_requant/q_r[30]_i_2
INFO: [Physopt 32-662] Processed net u_array/u_requant/q_r[32]_i_3_n_0.  Did not re-place instance u_array/u_requant/q_r[32]_i_3
INFO: [Physopt 32-662] Processed net u_array/g_acc[8].u_acc_g/acc_r[211]_i_6__16_n_0.  Did not re-place instance u_array/g_acc[8].u_acc_g/acc_r[211]_i_6__16
INFO: [Physopt 32-662] Processed net u_array/u_requant/q_r[29]_i_1_n_0.  Did not re-place instance u_array/u_requant/q_r[29]_i_1
INFO: [Physopt 32-662] Processed net u_array/u_requant/p_0_in[22].  Did not re-place instance u_array/u_requant/q_r_reg[29]
INFO: [Physopt 32-662] Processed net u_array/u_addrgen/row_off_r[31].  Did not re-place instance u_array/u_addrgen/row_off_r[31]_i_2
INFO: [Physopt 32-663] Processed net u_array/u_addrgen/row_off_r[31]_i_7_n_0.  Re-placed instance u_array/u_addrgen/row_off_r[31]_i_7
INFO: [Physopt 32-662] Processed net u_array/u_addrgen/row_off_r_reg_n_0_[31].  Did not re-place instance u_array/u_addrgen/row_off_r_reg[31]
INFO: [Physopt 32-663] Processed net u_array/u_addrgen/ox_sw_r[23]_i_1_n_0.  Re-placed instance u_array/u_addrgen/ox_sw_r[23]_i_1
INFO: [Physopt 32-663] Processed net u_array/u_addrgen/n_len_c[1].  Re-placed instance u_array/u_addrgen/n_len_c_reg[1]
INFO: [Physopt 32-662] Processed net u_array/u_addrgen/n_loc[15]_i_12_n_0.  Did not re-place instance u_array/u_addrgen/n_loc[15]_i_12
INFO: [Physopt 32-662] Processed net u_array/u_addrgen/n_loc[15]_i_39_n_0.  Did not re-place instance u_array/u_addrgen/n_loc[15]_i_39
INFO: [Physopt 32-662] Processed net u_array/u_addrgen/ox_sw_r_reg_n_0_[17].  Did not re-place instance u_array/u_addrgen/ox_sw_r_reg[17]
INFO: [Physopt 32-662] Processed net u_array/u_addrgen/ox_sw_r_reg_n_0_[18].  Did not re-place instance u_array/u_addrgen/ox_sw_r_reg[18]
INFO: [Physopt 32-662] Processed net u_array/u_addrgen/ox_sw_r_reg_n_0_[20].  Did not re-place instance u_array/u_addrgen/ox_sw_r_reg[20]
INFO: [Physopt 32-663] Processed net u_array/g_pe_row[14].g_pe_pair[1].u_pe/w_d3_r_reg[7]_0[0].  Re-placed instance u_array/g_pe_row[14].g_pe_pair[1].u_pe/w_d3_r_reg[0]
INFO: [Physopt 32-662] Processed net u_array/g_acc[29].u_acc_g/acc_r[211]_i_5__13_n_0.  Did not re-place instance u_array/g_acc[29].u_acc_g/acc_r[211]_i_5__13
INFO: [Physopt 32-662] Processed net u_array/g_acc[29].u_acc_g/p_1_in[221].  Did not re-place instance u_array/g_acc[29].u_acc_g/acc_r[221]_i_1__13
INFO: [Physopt 32-662] Processed net u_array/g_pe_row[14].g_pe_pair[1].u_pe/w_d3_r_reg[2]_1[0].  Did not re-place instance u_array/g_pe_row[14].g_pe_pair[1].u_pe/p0_o__0_carry_i_6__64
INFO: [Physopt 32-662] Processed net u_array/g_acc[29].u_acc_g/acc_q_w[7645].  Did not re-place instance u_array/g_acc[29].u_acc_g/acc_r_reg[221]
INFO: [Physopt 32-662] Processed net u_array/u_requant/q_r[21]_i_4_n_0.  Did not re-place instance u_array/u_requant/q_r[21]_i_4
INFO: [Physopt 32-662] Processed net u_array/u_requant/q_r[7]_i_2_n_0.  Did not re-place instance u_array/u_requant/q_r[7]_i_2
INFO: [Physopt 32-662] Processed net u_array/u_requant/q_r[9]_i_3_n_0.  Did not re-place instance u_array/u_requant/q_r[9]_i_3
INFO: [Physopt 32-662] Processed net u_array/u_requant/q_r[7]_i_1_n_0.  Did not re-place instance u_array/u_requant/q_r[7]_i_1
INFO: [Physopt 32-662] Processed net u_array/u_requant/p_0_in[0].  Did not re-place instance u_array/u_requant/q_r_reg[7]
INFO: [Physopt 32-662] Processed net u_array/u_requant/sticky_r_i_102_n_0.  Did not re-place instance u_array/u_requant/sticky_r_i_102
INFO: [Physopt 32-662] Processed net u_array/u_addrgen/row_off_r[1].  Did not re-place instance u_array/u_addrgen/row_off_r[1]_i_1
INFO: [Physopt 32-663] Processed net u_array/u_addrgen/row_off_r[1]_i_2_n_0.  Re-placed instance u_array/u_addrgen/row_off_r[1]_i_2
INFO: [Physopt 32-662] Processed net u_array/u_addrgen/row_off_r_reg_n_0_[1].  Did not re-place instance u_array/u_addrgen/row_off_r_reg[1]
INFO: [Physopt 32-663] Processed net u_array/g_pe_row[4].g_pe_pair[2].u_pe/w_d3_r_reg[7]_0[3].  Re-placed instance u_array/g_pe_row[4].g_pe_pair[2].u_pe/w_d3_r_reg[3]
INFO: [Physopt 32-662] Processed net u_array/u_requant/q_r[18]_i_4_n_0.  Did not re-place instance u_array/u_requant/q_r[18]_i_4
INFO: [Physopt 32-663] Processed net u_array/u_requant/q_r[12]_i_2_n_0.  Re-placed instance u_array/u_requant/q_r[12]_i_2
INFO: [Physopt 32-662] Processed net u_array/u_requant/q_r[14]_i_3_n_0.  Did not re-place instance u_array/u_requant/q_r[14]_i_3
INFO: [Physopt 32-662] Processed net u_array/u_requant/q_r[26]_i_2_n_0.  Did not re-place instance u_array/u_requant/q_r[26]_i_2
INFO: [Physopt 32-662] Processed net u_array/g_pe_row[4].g_pe_pair[2].u_pe/w_d3_r_reg[7]_5[0].  Did not re-place instance u_array/g_pe_row[4].g_pe_pair[2].u_pe/p0_o__0_carry__0_i_8__88
INFO: [Physopt 32-662] Processed net u_array/g_pe_row[4].g_pe_pair[3].u_pe/p0_o__0_carry_i_1__88_n_0.  Did not re-place instance u_array/g_pe_row[4].g_pe_pair[3].u_pe/p0_o__0_carry_i_1__88
INFO: [Physopt 32-662] Processed net u_array/u_requant/q_r[12]_i_1_n_0.  Did not re-place instance u_array/u_requant/q_r[12]_i_1
INFO: [Physopt 32-662] Processed net u_array/u_requant/q_r[25]_i_1_n_0.  Did not re-place instance u_array/u_requant/q_r[25]_i_1
INFO: [Physopt 32-662] Processed net u_array/u_requant/p_0_in[18].  Did not re-place instance u_array/u_requant/q_r_reg[25]
INFO: [Physopt 32-662] Processed net u_array/u_requant/p_0_in[5].  Did not re-place instance u_array/u_requant/q_r_reg[12]
INFO: [Physopt 32-662] Processed net u_array/u_requant/q_r[27]_i_4_n_0.  Did not re-place instance u_array/u_requant/q_r[27]_i_4
INFO: [Physopt 32-662] Processed net u_array/u_requant/q_r[13]_i_2_n_0.  Did not re-place instance u_array/u_requant/q_r[13]_i_2
INFO: [Physopt 32-662] Processed net u_array/u_requant/q_r[15]_i_3_n_0.  Did not re-place instance u_array/u_requant/q_r[15]_i_3
INFO: [Physopt 32-662] Processed net u_array/u_requant/p_0_in[12].  Did not re-place instance u_array/u_requant/q_r_reg[19]
INFO: [Physopt 32-662] Processed net u_array/u_addrgen/row_off_r[27].  Did not re-place instance u_array/u_addrgen/row_off_r[27]_i_1
INFO: [Physopt 32-663] Processed net u_array/u_addrgen/row_off_r[27]_i_4_n_0.  Re-placed instance u_array/u_addrgen/row_off_r[27]_i_4
INFO: [Physopt 32-662] Processed net u_array/u_requant/q_r[19]_i_1_n_0.  Did not re-place instance u_array/u_requant/q_r[19]_i_1
INFO: [Physopt 32-662] Processed net u_array/u_addrgen/row_off_r_reg_n_0_[27].  Did not re-place instance u_array/u_addrgen/row_off_r_reg[27]
INFO: [Physopt 32-662] Processed net u_array/u_requant/q_r[17]_i_4_n_0.  Did not re-place instance u_array/u_requant/q_r[17]_i_4
INFO: [Physopt 32-663] Processed net u_array/u_requant/q_r[3]_i_2_n_0.  Re-placed instance u_array/u_requant/q_r[3]_i_2
INFO: [Physopt 32-662] Processed net u_array/u_requant/q_r[5]_i_3_n_0.  Did not re-place instance u_array/u_requant/q_r[5]_i_3
INFO: [Physopt 32-662] Processed net u_array/g_acc[21].u_acc_g/acc_r[211]_i_6__5_n_0.  Did not re-place instance u_array/g_acc[21].u_acc_g/acc_r[211]_i_6__5
INFO: [Physopt 32-663] Processed net u_array/u_addrgen/A_0[11].  Re-placed instance u_array/u_addrgen/ih0_r_reg[12]
INFO: [Physopt 32-663] Processed net u_array/u_addrgen/A_0[3].  Re-placed instance u_array/u_addrgen/ih0_r_reg[4]
INFO: [Physopt 32-663] Processed net u_array/u_addrgen/A_0[7].  Re-placed instance u_array/u_addrgen/ih0_r_reg[8]
INFO: [Physopt 32-662] Processed net u_array/u_addrgen/row_off_r[28].  Did not re-place instance u_array/u_addrgen/row_off_r[28]_i_1
INFO: [Physopt 32-663] Processed net u_array/u_addrgen/row_off_r[28]_i_2_n_0.  Re-placed instance u_array/u_addrgen/row_off_r[28]_i_2
INFO: [Physopt 32-662] Processed net u_array/u_requant/q_r[3]_i_1_n_0.  Did not re-place instance u_array/u_requant/q_r[3]_i_1
INFO: [Physopt 32-662] Processed net u_array/u_addrgen/row_off_r_reg_n_0_[28].  Did not re-place instance u_array/u_addrgen/row_off_r_reg[28]
INFO: [Physopt 32-662] Processed net u_array/u_requant/q_r_reg_n_0_[3].  Did not re-place instance u_array/u_requant/q_r_reg[3]
INFO: [Physopt 32-662] Processed net u_array/u_requant/q_r[31]_i_4_n_0.  Did not re-place instance u_array/u_requant/q_r[31]_i_4
INFO: [Physopt 32-662] Processed net u_array/u_requant/q_r[37]_i_4_n_0.  Did not re-place instance u_array/u_requant/q_r[37]_i_4
INFO: [Physopt 32-662] Processed net u_array/u_requant/q_r[23]_i_2_n_0.  Did not re-place instance u_array/u_requant/q_r[23]_i_2
INFO: [Physopt 32-662] Processed net u_array/u_requant/q_r[25]_i_3_n_0.  Did not re-place instance u_array/u_requant/q_r[25]_i_3
INFO: [Physopt 32-662] Processed net u_array/u_requant/q_r[22]_i_1_n_0.  Did not re-place instance u_array/u_requant/q_r[22]_i_1
INFO: [Physopt 32-662] Processed net u_array/u_requant/p_0_in[15].  Did not re-place instance u_array/u_requant/q_r_reg[22]
INFO: [Physopt 32-663] Processed net u_array/g_pe_row[4].g_pe_pair[2].u_pe/w_d3_r_reg[7]_0[1].  Re-placed instance u_array/g_pe_row[4].g_pe_pair[2].u_pe/w_d3_r_reg[1]
INFO: [Physopt 32-662] Processed net u_array/u_dma_wr/words_r[14].  Did not re-place instance u_array/u_dma_wr/words_r_reg[14]
INFO: [Physopt 32-662] Processed net u_array/g_pe_row[4].g_pe_pair[2].u_pe/w_d3_r_reg[2]_3[0].  Did not re-place instance u_array/g_pe_row[4].g_pe_pair[2].u_pe/p0_o__0_carry_i_6__88
INFO: [Physopt 32-662] Processed net u_array/u_requant/q_r[38]_i_4_n_0.  Did not re-place instance u_array/u_requant/q_r[38]_i_4
INFO: [Physopt 32-663] Processed net u_array/u_requant/q_r[32]_i_2_n_0.  Re-placed instance u_array/u_requant/q_r[32]_i_2
INFO: [Physopt 32-663] Processed net u_array/u_requant/q_r[34]_i_3_n_0.  Re-placed instance u_array/u_requant/q_r[34]_i_3
INFO: [Physopt 32-663] Processed net u_array/u_dma/words_r_reg_n_0_[10].  Re-placed instance u_array/u_dma/words_r_reg[10]
INFO: [Physopt 32-662] Processed net u_array/u_requant/q_r[31]_i_1_n_0.  Did not re-place instance u_array/u_requant/q_r[31]_i_1
INFO: [Physopt 32-662] Processed net u_array/u_requant/p_0_in[24].  Did not re-place instance u_array/u_requant/q_r_reg[31]
INFO: [Physopt 32-662] Processed net u_array/u_requant/q_r[49]_i_3_n_0.  Did not re-place instance u_array/u_requant/q_r[49]_i_3
INFO: [Physopt 32-663] Processed net u_array/u_requant/q_r[45]_i_2_n_0.  Re-placed instance u_array/u_requant/q_r[45]_i_2
INFO: [Physopt 32-662] Processed net u_array/u_requant/q_r[45]_i_3_n_0.  Did not re-place instance u_array/u_requant/q_r[45]_i_3
INFO: [Physopt 32-662] Processed net u_array/g_pe_row[10].g_pe_pair[7].u_pe/p0_o__0_carry_i_2__76_n_0.  Did not re-place instance u_array/g_pe_row[10].g_pe_pair[7].u_pe/p0_o__0_carry_i_2__76
INFO: [Physopt 32-662] Processed net u_array/u_requant/q_r[44]_i_1_n_0.  Did not re-place instance u_array/u_requant/q_r[44]_i_1
INFO: [Physopt 32-662] Processed net u_array/u_requant/p_0_in[37].  Did not re-place instance u_array/u_requant/q_r_reg[44]
INFO: [Physopt 32-662] Processed net u_array/g_acc[29].u_acc_g/acc_r[211]_i_6__13_n_0.  Did not re-place instance u_array/g_acc[29].u_acc_g/acc_r[211]_i_6__13
INFO: [Physopt 32-662] Processed net u_array/u_dma/last_burst_r_i_16_n_0.  Did not re-place instance u_array/u_dma/last_burst_r_i_16
INFO: [Physopt 32-662] Processed net u_array/u_requant/q_r[2]_i_1_n_0.  Did not re-place instance u_array/u_requant/q_r[2]_i_1
INFO: [Physopt 32-662] Processed net u_array/u_requant/sticky_r_i_132_n_0.  Did not re-place instance u_array/u_requant/sticky_r_i_132
INFO: [Physopt 32-662] Processed net u_array/u_requant/q_r_reg_n_0_[2].  Did not re-place instance u_array/u_requant/q_r_reg[2]
INFO: [Physopt 32-663] Processed net u_array/cfg_n_total_r_reg_n_0_[4].  Re-placed instance u_array/cfg_n_total_r_reg[4]
INFO: [Physopt 32-662] Processed net u_array/u_dma_wr/addr_r[5]_i_5_n_0.  Did not re-place instance u_array/u_dma_wr/addr_r[5]_i_5
INFO: [Physopt 32-663] Processed net u_array/g_pe_row[4].g_pe_pair[2].u_pe/w_d3_r_reg[7]_0[6].  Re-placed instance u_array/g_pe_row[4].g_pe_pair[2].u_pe/w_d3_r_reg[7]
INFO: [Physopt 32-662] Processed net u_array/u_requant/q_r[4]_i_2_n_0.  Did not re-place instance u_array/u_requant/q_r[4]_i_2
INFO: [Physopt 32-662] Processed net u_array/u_requant/q_r[6]_i_3_n_0.  Did not re-place instance u_array/u_requant/q_r[6]_i_3
INFO: [Physopt 32-662] Processed net u_array/g_pe_row[4].g_pe_pair[2].u_pe/w_d3_r_reg[7]_5[3].  Did not re-place instance u_array/g_pe_row[4].g_pe_pair[2].u_pe/p0_o__0_carry__0_i_5__88
INFO: [Physopt 32-662] Processed net u_array/u_requant/q_r[17]_i_2_n_0.  Did not re-place instance u_array/u_requant/q_r[17]_i_2
INFO: [Physopt 32-661] Optimized 41 nets.  Re-placed 41 instances.
INFO: [Physopt 32-775] End 1 Pass. Optimized 41 nets or cells. Created 0 new cell, deleted 0 existing cell and moved 41 existing cells
INFO: [Physopt 32-619] Estimated Timing Summary | WNS=-0.483 | TNS=-25.489 |
Netlist sorting complete. Time (s): cpu = 00:00:00 ; elapsed = 00:00:00.016 . Memory (MB): peak = 2388.199 ; gain = 0.000
Phase 4 Single Cell Placement Optimization | Checksum: 1a03d4999

Time (s): cpu = 00:00:20 ; elapsed = 00:00:13 . Memory (MB): peak = 2388.199 ; gain = 0.000

Phase 5 Multi Cell Placement Optimization
INFO: [Physopt 32-660] Identified 100 candidate nets for placement-based optimization.
INFO: [Physopt 32-662] Processed net u_array/u_dma_wr/m_axi_awlen[0]_INST_0_i_1_n_0.  Did not re-place instance u_array/u_dma_wr/m_axi_awlen[0]_INST_0_i_1/O
INFO: [Physopt 32-662] Processed net u_array/u_dma_wr/m_axi_awlen[0]_INST_0_i_1_n_0.  Did not re-place instance u_array/u_dma_wr/m_axi_awlen[0]_INST_0_i_1/O
INFO: [Physopt 32-662] Processed net u_array/u_dma_wr/m_axi_awlen[0]_INST_0_i_1_n_0.  Did not re-place instance u_array/u_dma_wr/m_axi_awlen[0]_INST_0_i_1/O
INFO: [Physopt 32-662] Processed net u_array/u_dma_wr/m_axi_awlen[0]_INST_0_i_1_n_0.  Did not re-place instance u_array/u_dma_wr/m_axi_awlen[0]_INST_0_i_1/O
INFO: [Physopt 32-662] Processed net u_array/u_dma_wr/words_r[20].  Did not re-place instance u_array/u_dma_wr/words_r_reg[20]/Q
INFO: [Physopt 32-662] Processed net u_array/u_dma_wr/m_axi_awlen[0]_INST_0_i_2_n_0.  Did not re-place instance u_array/u_dma_wr/m_axi_awlen[0]_INST_0_i_2/O
INFO: [Physopt 32-662] Processed net u_array/u_dma_wr/m_axi_awlen[0]_INST_0_i_4_n_0.  Did not re-place instance u_array/u_dma_wr/m_axi_awlen[0]_INST_0_i_4/O
INFO: [Physopt 32-662] Processed net u_array/u_dma_wr/p_0_in[7].  Did not re-place instance u_array/u_dma_wr/m_axi_awlen[7]_INST_0_i_1/O
INFO: [Physopt 32-663] Processed net u_array/u_dma/words_r_reg_n_0_[23].  Re-placed instance u_array/u_dma/words_r_reg[23]/Q
INFO: [Physopt 32-662] Processed net u_array/u_dma/want_w1.  Did not re-place instance u_array/u_dma/m_axi_arlen[7]_INST_0_i_14/O
INFO: [Physopt 32-663] Processed net u_array/u_dma/last_burst_r.  Re-placed instance u_array/u_dma/last_burst_r_i_1/O
INFO: [Physopt 32-662] Processed net u_array/u_dma/last_burst_r_i_18_n_0.  Did not re-place instance u_array/u_dma/last_burst_r_i_18/O
INFO: [Physopt 32-662] Processed net u_array/u_dma/m_axi_arlen[7]_INST_0_i_15_n_0.  Did not re-place instance u_array/u_dma/m_axi_arlen[7]_INST_0_i_15/O
INFO: [Physopt 32-662] Processed net u_array/u_dma/m_axi_arlen[7]_INST_0_i_18_n_0.  Did not re-place instance u_array/u_dma/m_axi_arlen[7]_INST_0_i_18/O
INFO: [Physopt 32-662] Processed net u_array/u_dma/m_axi_arlen[3]_INST_0_i_1_n_0.  Did not re-place instance u_array/u_dma/m_axi_arlen[3]_INST_0_i_1/O
INFO: [Physopt 32-662] Processed net u_array/u_dma/m_axi_arlen[3]_INST_0_i_1_n_0.  Did not re-place instance u_array/u_dma/m_axi_arlen[3]_INST_0_i_1/O
INFO: [Physopt 32-662] Processed net u_array/u_dma/m_axi_arlen[3]_INST_0_i_1_n_0.  Did not re-place instance u_array/u_dma/m_axi_arlen[3]_INST_0_i_1/O
INFO: [Physopt 32-662] Processed net u_array/u_dma/m_axi_arlen[3]_INST_0_i_1_n_0.  Did not re-place instance u_array/u_dma/m_axi_arlen[3]_INST_0_i_1/O
INFO: [Physopt 32-662] Processed net u_array/u_dma/m_axi_arlen[3]_INST_0_i_1_n_0.  Did not re-place instance u_array/u_dma/m_axi_arlen[3]_INST_0_i_1/O
INFO: [Physopt 32-662] Processed net u_array/u_dma/m_axi_arlen[3]_INST_0_i_1_n_0.  Did not re-place instance u_array/u_dma/m_axi_arlen[3]_INST_0_i_1/O
INFO: [Physopt 32-662] Processed net u_array/u_dma/words_r_reg_n_0_[14].  Did not re-place instance u_array/u_dma/words_r_reg[14]/Q
INFO: [Physopt 32-662] Processed net u_array/u_dma/m_axi_arlen[3]_INST_0_i_5_n_0.  Did not re-place instance u_array/u_dma/m_axi_arlen[3]_INST_0_i_5/O
INFO: [Physopt 32-662] Processed net u_array/u_dma/m_axi_arlen[3]_INST_0_i_6_n_0.  Did not re-place instance u_array/u_dma/m_axi_arlen[3]_INST_0_i_6/O
INFO: [Physopt 32-662] Processed net u_array/u_dma/words_r_reg_n_0_[16].  Did not re-place instance u_array/u_dma/words_r_reg[16]/Q
INFO: [Physopt 32-662] Processed net u_array/u_dma/m_axi_arlen[3]_INST_0_i_4_n_0.  Did not re-place instance u_array/u_dma/m_axi_arlen[3]_INST_0_i_4/O
INFO: [Physopt 32-662] Processed net u_array/u_dma/words_r_reg_n_0_[15].  Did not re-place instance u_array/u_dma/words_r_reg[15]/Q
INFO: [Physopt 32-662] Processed net u_array/u_dma/words_r_reg_n_0_[15].  Did not re-place instance u_array/u_dma/words_r_reg[15]/Q
INFO: [Physopt 32-662] Processed net u_array/u_dma/last_burst_r_i_12_n_0.  Did not re-place instance u_array/u_dma/last_burst_r_i_12/O
INFO: [Physopt 32-662] Processed net u_array/u_dma/last_burst_r_i_22_n_0.  Did not re-place instance u_array/u_dma/last_burst_r_i_22/O
INFO: [Physopt 32-662] Processed net u_array/u_dma/m_axi_arlen[7]_INST_0_i_2_n_0.  Did not re-place instance u_array/u_dma/m_axi_arlen[7]_INST_0_i_2/O
INFO: [Physopt 32-662] Processed net u_array/u_dma/m_axi_arlen[7]_INST_0_i_2_n_0.  Did not re-place instance u_array/u_dma/m_axi_arlen[7]_INST_0_i_2/O
INFO: [Physopt 32-662] Processed net u_array/u_dma/m_axi_arlen[7]_INST_0_i_2_n_0.  Did not re-place instance u_array/u_dma/m_axi_arlen[7]_INST_0_i_2/O
INFO: [Physopt 32-662] Processed net u_array/u_dma/m_axi_arlen[7]_INST_0_i_2_n_0.  Did not re-place instance u_array/u_dma/m_axi_arlen[7]_INST_0_i_2/O
INFO: [Physopt 32-662] Processed net u_array/u_dma/m_axi_arlen[7]_INST_0_i_2_n_0.  Did not re-place instance u_array/u_dma/m_axi_arlen[7]_INST_0_i_2/O
INFO: [Physopt 32-662] Processed net u_array/u_dma/m_axi_arlen[7]_INST_0_i_2_n_0.  Did not re-place instance u_array/u_dma/m_axi_arlen[7]_INST_0_i_2/O
INFO: [Physopt 32-662] Processed net u_array/u_dma/m_axi_arlen[7]_INST_0_i_2_n_0.  Did not re-place instance u_array/u_dma/m_axi_arlen[7]_INST_0_i_2/O
INFO: [Physopt 32-662] Processed net u_array/u_dma/m_axi_arlen[7]_INST_0_i_2_n_0.  Did not re-place instance u_array/u_dma/m_axi_arlen[7]_INST_0_i_2/O
INFO: [Physopt 32-662] Processed net u_array/u_dma/last_burst_r_i_14_n_0.  Did not re-place instance u_array/u_dma/last_burst_r_i_14/O
INFO: [Physopt 32-662] Processed net u_array/u_dma/words_r_reg_n_0_[13].  Did not re-place instance u_array/u_dma/words_r_reg[13]/Q
INFO: [Physopt 32-662] Processed net u_array/u_dma/words_r_reg_n_0_[17].  Did not re-place instance u_array/u_dma/words_r_reg[17]/Q
INFO: [Physopt 32-662] Processed net u_array/u_requant/q_r[30]_i_4_n_0.  Did not re-place instance u_array/u_requant/q_r[30]_i_4/O
INFO: [Physopt 32-662] Processed net u_array/u_requant/q_r[16]_i_2_n_0.  Did not re-place instance u_array/u_requant/q_r[16]_i_2/O
INFO: [Physopt 32-662] Processed net u_array/u_requant/q_r[18]_i_3_n_0.  Did not re-place instance u_array/u_requant/q_r[18]_i_3/O
INFO: [Physopt 32-662] Processed net u_array/u_requant/q_r[15]_i_1_n_0.  Did not re-place instance u_array/u_requant/q_r[15]_i_1/O
INFO: [Physopt 32-662] Processed net u_array/u_requant/q_r[34]_i_4_n_0.  Did not re-place instance u_array/u_requant/q_r[34]_i_4/O
INFO: [Physopt 32-662] Processed net u_array/u_requant/q_r[20]_i_2_n_0.  Did not re-place instance u_array/u_requant/q_r[20]_i_2/O
INFO: [Physopt 32-662] Processed net u_array/u_requant/q_r[22]_i_3_n_0.  Did not re-place instance u_array/u_requant/q_r[22]_i_3/O
INFO: [Physopt 32-662] Processed net u_array/g_acc[31].u_acc_g/p_1_in[155].  Did not re-place instance u_array/g_acc[31].u_acc_g/acc_r[155]_i_1__21/O
INFO: [Physopt 32-662] Processed net u_array/g_acc[31].u_acc_g/p_1_in[157].  Did not re-place instance u_array/g_acc[31].u_acc_g/acc_r[157]_i_1__21/O
INFO: [Physopt 32-662] Processed net u_array/u_requant/q_r[20]_i_1_n_0.  Did not re-place instance u_array/u_requant/q_r[20]_i_1/O
INFO: [Physopt 32-662] Processed net u_array/u_dma/words_r_reg_n_0_[2].  Did not re-place instance u_array/u_dma/words_r_reg[2]/Q
INFO: [Physopt 32-662] Processed net u_array/u_requant/q_r[24]_i_2_n_0.  Did not re-place instance u_array/u_requant/q_r[24]_i_2/O
INFO: [Physopt 32-662] Processed net u_array/u_requant/q_r[26]_i_3_n_0.  Did not re-place instance u_array/u_requant/q_r[26]_i_3/O
INFO: [Physopt 32-662] Processed net u_array/u_requant/q_r[24]_i_1_n_0.  Did not re-place instance u_array/u_requant/q_r[24]_i_1/O
INFO: [Physopt 32-662] Processed net u_array/g_acc[31].u_acc_g/p_1_in[159].  Did not re-place instance u_array/g_acc[31].u_acc_g/acc_r[159]_i_1__21/O
INFO: [Physopt 32-661] Optimized 2 nets.  Re-placed 4 instances.
INFO: [Physopt 32-775] End 1 Pass. Optimized 2 nets or cells. Created 0 new cell, deleted 0 existing cell and moved 4 existing cells
INFO: [Physopt 32-619] Estimated Timing Summary | WNS=-0.483 | TNS=-25.786 |
Netlist sorting complete. Time (s): cpu = 00:00:00 ; elapsed = 00:00:00.016 . Memory (MB): peak = 2388.199 ; gain = 0.000
Phase 5 Multi Cell Placement Optimization | Checksum: 151a7b7f0

Time (s): cpu = 00:00:25 ; elapsed = 00:00:16 . Memory (MB): peak = 2388.199 ; gain = 0.000

Phase 6 Rewire
INFO: [Physopt 32-246] Starting Signal Push optimization...
INFO: [Physopt 32-77] Pass 1. Identified 7 candidate nets for rewire optimization.
INFO: [Physopt 32-242] Processed net u_array/u_dma_wr/m_axi_awlen[0]_INST_0_i_4_n_0. Rewired (signal push) u_array/u_dma_wr/words_r[20] to 1 loads. Replicated 0 times.
INFO: [Physopt 32-134] Processed net u_array/u_dma_wr/m_axi_awlen[0]_INST_0_i_1_n_0. Rewiring did not optimize the net.
INFO: [Physopt 32-134] Processed net u_array/u_dma_wr/m_axi_awlen[4]_INST_0_i_4_n_0. Rewiring did not optimize the net.
INFO: [Physopt 32-134] Processed net u_array/u_dma/want_w1. Rewiring did not optimize the net.
INFO: [Physopt 32-134] Processed net u_array/u_dma/m_axi_arlen[7]_INST_0_i_2_n_0. Rewiring did not optimize the net.
INFO: [Physopt 32-134] Processed net u_array/u_dma/m_axi_arlen[3]_INST_0_i_1_n_0. Rewiring did not optimize the net.
INFO: [Physopt 32-242] Processed net u_array/u_dma_wr/m_axi_awlen[0]_INST_0_i_5_n_0. Rewired (signal push) u_array/u_dma_wr/words_r[12] to 1 loads. Replicated 0 times.
INFO: [Physopt 32-232] Optimized 2 nets. Created 0 new instance.
INFO: [Physopt 32-775] End 1 Pass. Optimized 2 nets or cells. Created 0 new cell, deleted 0 existing cell and moved 0 existing cell
Netlist sorting complete. Time (s): cpu = 00:00:00 ; elapsed = 00:00:00.019 . Memory (MB): peak = 2388.199 ; gain = 0.000
INFO: [Physopt 32-619] Estimated Timing Summary | WNS=-0.394 | TNS=-22.223 |
Netlist sorting complete. Time (s): cpu = 00:00:00 ; elapsed = 00:00:00.013 . Memory (MB): peak = 2388.199 ; gain = 0.000
Phase 6 Rewire | Checksum: 19fc9d065

Time (s): cpu = 00:00:27 ; elapsed = 00:00:18 . Memory (MB): peak = 2388.199 ; gain = 0.000

Phase 7 Critical Cell Optimization
INFO: [Physopt 32-46] Identified 30 candidate nets for critical-cell optimization.
INFO: [Physopt 32-81] Processed net u_array/u_dma/words_r_reg_n_0_[23]. Replicated 1 times.
INFO: [Physopt 32-572] Net u_array/u_dma/want_w1 was not replicated.
Resolution: phys_opt_design can be forced to replicate a net driver using the option -force_replication_on_nets <list of net objects>.
INFO: [Physopt 32-572] Net u_array/u_dma/m_axi_arlen[7]_INST_0_i_2_n_0 was not replicated.
Resolution: phys_opt_design can be forced to replicate a net driver using the option -force_replication_on_nets <list of net objects>.
INFO: [Physopt 32-572] Net u_array/u_dma_wr/m_axi_awlen[4]_INST_0_i_4_n_0 was not replicated.
Resolution: phys_opt_design can be forced to replicate a net driver using the option -force_replication_on_nets <list of net objects>.
INFO: [Physopt 32-572] Net u_array/u_dma_wr/m_axi_awlen[0]_INST_0_i_1_n_0 was not replicated.
Resolution: phys_opt_design can be forced to replicate a net driver using the option -force_replication_on_nets <list of net objects>.
INFO: [Physopt 32-572] Net u_array/u_dma_wr/words_r[20] was not replicated.
Resolution: phys_opt_design can be forced to replicate a net driver using the option -force_replication_on_nets <list of net objects>.
INFO: [Physopt 32-572] Net u_array/u_dma_wr/words_r[21] was not replicated.
Resolution: phys_opt_design can be forced to replicate a net driver using the option -force_replication_on_nets <list of net objects>.
INFO: [Physopt 32-81] Processed net u_array/u_dma_wr/p_0_in[7]. Replicated 2 times.
INFO: [Physopt 32-572] Net u_array/u_dma/m_axi_arlen[3]_INST_0_i_1_n_0 was not replicated.
Resolution: phys_opt_design can be forced to replicate a net driver using the option -force_replication_on_nets <list of net objects>.
INFO: [Physopt 32-572] Net u_array/u_dma/words_r_reg_n_0_[14] was not replicated.
Resolution: phys_opt_design can be forced to replicate a net driver using the option -force_replication_on_nets <list of net objects>.
INFO: [Physopt 32-572] Net u_array/u_dma_wr/words_r[23] was not replicated.
Resolution: phys_opt_design can be forced to replicate a net driver using the option -force_replication_on_nets <list of net objects>.
INFO: [Physopt 32-81] Processed net u_array/u_dma/words_r_reg_n_0_[16]. Replicated 1 times.
INFO: [Physopt 32-81] Processed net u_array/u_dma/words_r_reg_n_0_[15]. Replicated 1 times.
INFO: [Physopt 32-572] Net u_array/u_dma_wr/words_r[22] was not replicated.
Resolution: phys_opt_design can be forced to replicate a net driver using the option -force_replication_on_nets <list of net objects>.
INFO: [Physopt 32-572] Net u_array/u_dma_wr/words_r[18] was not replicated.
Resolution: phys_opt_design can be forced to replicate a net driver using the option -force_replication_on_nets <list of net objects>.
INFO: [Physopt 32-572] Net u_array/u_requant/q_r[30]_i_4_n_0 was not replicated.
Resolution: phys_opt_design can be forced to replicate a net driver using the option -force_replication_on_nets <list of net objects>.
INFO: [Physopt 32-572] Net u_array/u_requant/q_r[16]_i_2_n_0 was not replicated.
Resolution: phys_opt_design can be forced to replicate a net driver using the option -force_replication_on_nets <list of net objects>.
INFO: [Physopt 32-572] Net u_array/u_requant/q_r[18]_i_3_n_0 was not replicated.
Resolution: phys_opt_design can be forced to replicate a net driver using the option -force_replication_on_nets <list of net objects>.
INFO: [Physopt 32-572] Net u_array/u_dma/words_r_reg_n_0_[13] was not replicated.
Resolution: phys_opt_design can be forced to replicate a net driver using the option -force_replication_on_nets <list of net objects>.
INFO: [Physopt 32-572] Net u_array/u_requant/q_r[34]_i_4_n_0 was not replicated.
Resolution: phys_opt_design can be forced to replicate a net driver using the option -force_replication_on_nets <list of net objects>.
INFO: [Physopt 32-572] Net u_array/u_requant/q_r[20]_i_2_n_0 was not replicated.
Resolution: phys_opt_design can be forced to replicate a net driver using the option -force_replication_on_nets <list of net objects>.
INFO: [Physopt 32-572] Net u_array/u_requant/q_r[22]_i_3_n_0 was not replicated.
Resolution: phys_opt_design can be forced to replicate a net driver using the option -force_replication_on_nets <list of net objects>.
INFO: [Physopt 32-572] Net u_array/u_dma/words_r_reg_n_0_[17] was not replicated.
Resolution: phys_opt_design can be forced to replicate a net driver using the option -force_replication_on_nets <list of net objects>.
INFO: [Physopt 32-572] Net u_array/u_requant/q_r[24]_i_2_n_0 was not replicated.
Resolution: phys_opt_design can be forced to replicate a net driver using the option -force_replication_on_nets <list of net objects>.
INFO: [Physopt 32-572] Net u_array/u_requant/q_r[26]_i_3_n_0 was not replicated.
Resolution: phys_opt_design can be forced to replicate a net driver using the option -force_replication_on_nets <list of net objects>.
INFO: [Physopt 32-572] Net u_array/u_requant/q_r[44]_i_5_n_0 was not replicated.
Resolution: phys_opt_design can be forced to replicate a net driver using the option -force_replication_on_nets <list of net objects>.
INFO: [Physopt 32-572] Net u_array/u_requant/q_r[32]_i_3_n_0 was not replicated.
Resolution: phys_opt_design can be forced to replicate a net driver using the option -force_replication_on_nets <list of net objects>.
INFO: [Physopt 32-572] Net u_array/u_requant/q_r[21]_i_4_n_0 was not replicated.
Resolution: phys_opt_design can be forced to replicate a net driver using the option -force_replication_on_nets <list of net objects>.
INFO: [Physopt 32-572] Net u_array/u_requant/q_r[7]_i_2_n_0 was not replicated.
Resolution: phys_opt_design can be forced to replicate a net driver using the option -force_replication_on_nets <list of net objects>.
INFO: [Physopt 32-232] Optimized 4 nets. Created 5 new instances.
INFO: [Physopt 32-775] End 1 Pass. Optimized 4 nets or cells. Created 5 new cells, deleted 0 existing cell and moved 0 existing cell
INFO: [Physopt 32-619] Estimated Timing Summary | WNS=-0.377 | TNS=-22.245 |
Netlist sorting complete. Time (s): cpu = 00:00:00 ; elapsed = 00:00:00.024 . Memory (MB): peak = 2388.199 ; gain = 0.000
Phase 7 Critical Cell Optimization | Checksum: 187a2d26c

Time (s): cpu = 00:00:41 ; elapsed = 00:00:28 . Memory (MB): peak = 2388.199 ; gain = 0.000

Phase 8 Fanout Optimization
INFO: [Physopt 32-76] Pass 1. Identified 5 candidate nets for fanout optimization.
INFO: [Physopt 32-572] Net q_r_reg[63]_i_18_n_0 was not replicated.
Resolution: phys_opt_design can be forced to replicate a net driver using the option -force_replication_on_nets <list of net objects>.
INFO: [Physopt 32-81] Processed net u_array/g_pe_row[4].g_pe_pair[2].u_pe/w_d3_r_reg[7]_0[6]. Replicated 2 times.
INFO: [Physopt 32-81] Processed net u_array/u_xbuf/u_bank0/U0/inst_blk_mem_gen/gnbram.gnativebmg.native_blk_mem_gen/valid.cstr/has_mux_b.B/sel_pipe_d1[0]. Replicated 1 times.
INFO: [Physopt 32-81] Processed net u_array/u_addrgen/n_loc[15]_i_1_n_0. Replicated 1 times.
INFO: [Physopt 32-81] Processed net u_array/u_requant/y_pre_o_reg[1]_rep__2_0. Replicated 2 times.
INFO: [Physopt 32-232] Optimized 4 nets. Created 6 new instances.
INFO: [Physopt 32-775] End 1 Pass. Optimized 4 nets or cells. Created 6 new cells, deleted 0 existing cell and moved 0 existing cell
INFO: [Physopt 32-619] Estimated Timing Summary | WNS=-0.377 | TNS=-22.324 |
Netlist sorting complete. Time (s): cpu = 00:00:00 ; elapsed = 00:00:00.057 . Memory (MB): peak = 2388.199 ; gain = 0.000
Phase 8 Fanout Optimization | Checksum: 1d6ecdc61

Time (s): cpu = 00:00:44 ; elapsed = 00:00:31 . Memory (MB): peak = 2388.199 ; gain = 0.000

Phase 9 Single Cell Placement Optimization
INFO: [Physopt 32-660] Identified 250 candidate nets for placement-based optimization.
INFO: [Physopt 32-662] Processed net u_array/u_dma/want_w1.  Did not re-place instance u_array/u_dma/m_axi_arlen[7]_INST_0_i_14
INFO: [Physopt 32-662] Processed net u_array/u_dma/last_burst_r.  Did not re-place instance u_array/u_dma/last_burst_r_i_1
INFO: [Physopt 32-662] Processed net u_array/u_dma/last_burst_r_i_11_n_0.  Did not re-place instance u_array/u_dma/last_burst_r_i_11
INFO: [Physopt 32-662] Processed net u_array/u_dma/last_burst_r_i_18_n_0.  Did not re-place instance u_array/u_dma/last_burst_r_i_18
INFO: [Physopt 32-662] Processed net u_array/u_dma/m_axi_arlen[7]_INST_0_i_10_n_0.  Did not re-place instance u_array/u_dma/m_axi_arlen[7]_INST_0_i_10
INFO: [Physopt 32-662] Processed net u_array/u_dma/m_axi_arlen[7]_INST_0_i_15_n_0.  Did not re-place instance u_array/u_dma/m_axi_arlen[7]_INST_0_i_15
INFO: [Physopt 32-662] Processed net u_array/u_dma/m_axi_arlen[7]_INST_0_i_18_n_0.  Did not re-place instance u_array/u_dma/m_axi_arlen[7]_INST_0_i_18
INFO: [Physopt 32-663] Processed net u_array/u_dma/words_r_reg_n_0_[23]_repN.  Re-placed instance u_array/u_dma/words_r_reg[23]_replica
INFO: [Physopt 32-662] Processed net u_array/u_dma/last_burst_r_reg_n_0.  Did not re-place instance u_array/u_dma/last_burst_r_reg
INFO: [Physopt 32-662] Processed net u_array/u_dma/m_axi_arlen[7]_INST_0_i_2_n_0.  Did not re-place instance u_array/u_dma/m_axi_arlen[7]_INST_0_i_2
INFO: [Physopt 32-662] Processed net u_array/u_dma/words_r_reg_n_0_[23].  Did not re-place instance u_array/u_dma/words_r_reg[23]
INFO: [Physopt 32-662] Processed net u_array/u_dma/words_r[3]_i_4__0_n_0.  Did not re-place instance u_array/u_dma/words_r[3]_i_4__0
INFO: [Physopt 32-663] Processed net u_array/u_dma/words_r_reg_n_0_[16]_repN.  Re-placed instance u_array/u_dma/words_r_reg[16]_replica
INFO: [Physopt 32-662] Processed net u_array/u_dma_wr/m_axi_awlen[4]_INST_0_i_4_n_0.  Did not re-place instance u_array/u_dma_wr/m_axi_awlen[4]_INST_0_i_4
INFO: [Physopt 32-662] Processed net u_array/u_dma_wr/m_axi_awlen[0]_INST_0_i_1_n_0.  Did not re-place instance u_array/u_dma_wr/m_axi_awlen[0]_INST_0_i_1
INFO: [Physopt 32-662] Processed net u_array/u_dma_wr/words_r[20].  Did not re-place instance u_array/u_dma_wr/words_r_reg[20]
INFO: [Physopt 32-662] Processed net u_array/u_dma_wr/addr_r[9]_i_5_n_0.  Did not re-place instance u_array/u_dma_wr/addr_r[9]_i_5
INFO: [Physopt 32-662] Processed net u_array/u_dma_wr/m_axi_awlen[0]_INST_0_i_2_n_0.  Did not re-place instance u_array/u_dma_wr/m_axi_awlen[0]_INST_0_i_2_rewire
INFO: [Physopt 32-662] Processed net u_array/u_dma_wr/m_axi_awlen[7]_INST_0_i_12_n_0.  Did not re-place instance u_array/u_dma_wr/m_axi_awlen[7]_INST_0_i_12
INFO: [Physopt 32-662] Processed net u_array/u_dma_wr/m_axi_awaddr[28].  Did not re-place instance u_array/u_dma_wr/addr_r_reg[31]
INFO: [Physopt 32-662] Processed net u_array/u_dma_wr/words_r[21].  Did not re-place instance u_array/u_dma_wr/words_r_reg[21]
INFO: [Physopt 32-662] Processed net u_array/u_dma_wr/m_axi_awlen[0]_INST_0_i_4_n_0.  Did not re-place instance u_array/u_dma_wr/m_axi_awlen[0]_INST_0_i_4_rewire
INFO: [Physopt 32-662] Processed net u_array/u_dma/m_axi_arlen[3]_INST_0_i_1_n_0.  Did not re-place instance u_array/u_dma/m_axi_arlen[3]_INST_0_i_1
INFO: [Physopt 32-662] Processed net u_array/u_dma/words_r_reg_n_0_[14].  Did not re-place instance u_array/u_dma/words_r_reg[14]
INFO: [Physopt 32-662] Processed net u_array/u_dma/m_axi_arlen[3]_INST_0_i_5_n_0.  Did not re-place instance u_array/u_dma/m_axi_arlen[3]_INST_0_i_5
INFO: [Physopt 32-662] Processed net u_array/u_dma/m_axi_arlen[3]_INST_0_i_6_n_0.  Did not re-place instance u_array/u_dma/m_axi_arlen[3]_INST_0_i_6
INFO: [Physopt 32-662] Processed net u_array/u_dma/m_axi_arlen[7]_INST_0_i_12_n_0.  Did not re-place instance u_array/u_dma/m_axi_arlen[7]_INST_0_i_12
INFO: [Physopt 32-663] Processed net u_array/u_dma/words_r_reg_n_0_[15]_repN.  Re-placed instance u_array/u_dma/words_r_reg[15]_replica
INFO: [Physopt 32-662] Processed net u_array/u_dma/m_axi_arlen[7]_INST_0_i_11_n_0.  Did not re-place instance u_array/u_dma/m_axi_arlen[7]_INST_0_i_11
INFO: [Physopt 32-662] Processed net u_array/u_dma/words_r[3]_i_7__0_n_0.  Did not re-place instance u_array/u_dma/words_r[3]_i_7__0
INFO: [Physopt 32-662] Processed net u_array/u_dma/words_r[3]_i_9__0_n_0.  Did not re-place instance u_array/u_dma/words_r[3]_i_9__0
INFO: [Physopt 32-662] Processed net u_array/u_dma/m_axi_arlen[7]_INST_0_i_13_n_0.  Did not re-place instance u_array/u_dma/m_axi_arlen[7]_INST_0_i_13
INFO: [Physopt 32-662] Processed net u_array/u_dma_wr/addr_r[5]_i_4_n_0.  Did not re-place instance u_array/u_dma_wr/addr_r[5]_i_4
INFO: [Physopt 32-662] Processed net u_array/u_dma_wr/m_axi_awlen[7]_INST_0_i_8_n_0.  Did not re-place instance u_array/u_dma_wr/m_axi_awlen[7]_INST_0_i_8
INFO: [Physopt 32-662] Processed net u_array/u_dma_wr/words_r[3]_i_5_n_0.  Did not re-place instance u_array/u_dma_wr/words_r[3]_i_5
INFO: [Physopt 32-662] Processed net u_array/u_dma_wr/words_r[3]_i_9_n_0.  Did not re-place instance u_array/u_dma_wr/words_r[3]_i_9
INFO: [Physopt 32-663] Processed net u_array/u_dma/words_r[7]_i_3__0_n_0.  Re-placed instance u_array/u_dma/words_r[7]_i_3__0
INFO: [Physopt 32-662] Processed net u_array/u_dma/words_r[7]_i_2__0_n_0.  Did not re-place instance u_array/u_dma/words_r[7]_i_2__0
INFO: [Physopt 32-662] Processed net u_array/u_dma_wr/words_r[23].  Did not re-place instance u_array/u_dma_wr/words_r_reg[23]
INFO: [Physopt 32-662] Processed net u_array/u_dma_wr/p_0_in[7].  Did not re-place instance u_array/u_dma_wr/m_axi_awlen[7]_INST_0_i_1
INFO: [Physopt 32-662] Processed net u_array/u_dma_wr/addr_r[9]_i_4_n_0.  Did not re-place instance u_array/u_dma_wr/addr_r[9]_i_4
INFO: [Physopt 32-662] Processed net u_array/u_dma/m_axi_arlen[7]_INST_0_i_7_n_0.  Did not re-place instance u_array/u_dma/m_axi_arlen[7]_INST_0_i_7
INFO: [Physopt 32-662] Processed net u_array/u_dma/words_r[3]_i_3__0_n_0.  Did not re-place instance u_array/u_dma/words_r[3]_i_3__0
INFO: [Physopt 32-662] Processed net u_array/u_dma/words_r[3]_i_5__0_n_0.  Did not re-place instance u_array/u_dma/words_r[3]_i_5__0
INFO: [Physopt 32-662] Processed net u_array/u_dma/m_axi_arlen[7]_INST_0_i_6_n_0.  Did not re-place instance u_array/u_dma/m_axi_arlen[7]_INST_0_i_6
INFO: [Physopt 32-662] Processed net u_array/u_dma/m_axi_arlen[7]_INST_0_i_9_n_0.  Did not re-place instance u_array/u_dma/m_axi_arlen[7]_INST_0_i_9
INFO: [Physopt 32-662] Processed net u_array/u_dma/m_axi_arlen[7]_INST_0_i_8_n_0.  Did not re-place instance u_array/u_dma/m_axi_arlen[7]_INST_0_i_8
INFO: [Physopt 32-662] Processed net u_array/u_dma/words_r[3]_i_2__0_n_0.  Did not re-place instance u_array/u_dma/words_r[3]_i_2__0
INFO: [Physopt 32-662] Processed net u_array/u_dma_wr/m_axi_awaddr[27].  Did not re-place instance u_array/u_dma_wr/addr_r_reg[30]
INFO: [Physopt 32-662] Processed net u_array/u_dma_wr/m_axi_awaddr[24].  Did not re-place instance u_array/u_dma_wr/addr_r_reg[27]
INFO: [Physopt 32-662] Processed net u_array/u_dma_wr/m_axi_awlen[7]_INST_0_i_11_n_0.  Did not re-place instance u_array/u_dma_wr/m_axi_awlen[7]_INST_0_i_11
INFO: [Physopt 32-662] Processed net u_array/u_dma/words_r[3]_i_6__0_n_0.  Did not re-place instance u_array/u_dma/words_r[3]_i_6__0
INFO: [Physopt 32-662] Processed net u_array/u_dma_wr/m_axi_awlen[7]_INST_0_i_10_n_0.  Did not re-place instance u_array/u_dma_wr/m_axi_awlen[7]_INST_0_i_10
INFO: [Physopt 32-662] Processed net u_array/u_dma_wr/m_axi_awaddr[26].  Did not re-place instance u_array/u_dma_wr/addr_r_reg[29]
INFO: [Physopt 32-662] Processed net u_array/u_dma/words_r[3]_i_8__0_n_0.  Did not re-place instance u_array/u_dma/words_r[3]_i_8__0
INFO: [Physopt 32-662] Processed net u_array/u_dma_wr/words_r[22].  Did not re-place instance u_array/u_dma_wr/words_r_reg[22]
INFO: [Physopt 32-662] Processed net u_array/u_dma_wr/words_r[18].  Did not re-place instance u_array/u_dma_wr/words_r_reg[18]
INFO: [Physopt 32-662] Processed net u_array/u_dma_wr/addr_r[5]_i_3_n_0.  Did not re-place instance u_array/u_dma_wr/addr_r[5]_i_3
INFO: [Physopt 32-662] Processed net u_array/u_dma_wr/addr_r[5]_i_2_n_0.  Did not re-place instance u_array/u_dma_wr/addr_r[5]_i_2
INFO: [Physopt 32-662] Processed net u_array/u_dma/last_burst_r_i_12_n_0.  Did not re-place instance u_array/u_dma/last_burst_r_i_12
INFO: [Physopt 32-662] Processed net u_array/u_dma/last_burst_r_i_22_n_0.  Did not re-place instance u_array/u_dma/last_burst_r_i_22
INFO: [Physopt 32-662] Processed net u_array/u_dma/last_burst_r_i_9_n_0.  Did not re-place instance u_array/u_dma/last_burst_r_i_9
INFO: [Physopt 32-662] Processed net u_array/u_requant/q_r[30]_i_4_n_0.  Did not re-place instance u_array/u_requant/q_r[30]_i_4
INFO: [Physopt 32-662] Processed net u_array/u_requant/q_r[16]_i_2_n_0.  Did not re-place instance u_array/u_requant/q_r[16]_i_2
INFO: [Physopt 32-662] Processed net u_array/u_requant/q_r[18]_i_3_n_0.  Did not re-place instance u_array/u_requant/q_r[18]_i_3
INFO: [Physopt 32-662] Processed net u_array/u_requant/q_r[15]_i_1_n_0.  Did not re-place instance u_array/u_requant/q_r[15]_i_1
INFO: [Physopt 32-662] Processed net u_array/u_requant/sticky_r_i_135_n_0.  Did not re-place instance u_array/u_requant/sticky_r_i_135
INFO: [Physopt 32-662] Processed net u_array/u_requant/p_0_in[8].  Did not re-place instance u_array/u_requant/q_r_reg[15]
INFO: [Physopt 32-662] Processed net u_array/u_dma_wr/m_axi_awlen[7]_INST_0_i_6_n_0.  Did not re-place instance u_array/u_dma_wr/m_axi_awlen[7]_INST_0_i_6
INFO: [Physopt 32-662] Processed net u_array/u_dma_wr/words_r[17].  Did not re-place instance u_array/u_dma_wr/words_r_reg[17]
INFO: [Physopt 32-662] Processed net u_array/u_dma/words_r_reg_n_0_[13].  Did not re-place instance u_array/u_dma/words_r_reg[13]
INFO: [Physopt 32-662] Processed net u_array/u_requant/q_r[34]_i_4_n_0.  Did not re-place instance u_array/u_requant/q_r[34]_i_4
INFO: [Physopt 32-662] Processed net u_array/u_requant/q_r[20]_i_2_n_0.  Did not re-place instance u_array/u_requant/q_r[20]_i_2
INFO: [Physopt 32-662] Processed net u_array/u_requant/q_r[22]_i_3_n_0.  Did not re-place instance u_array/u_requant/q_r[22]_i_3
INFO: [Physopt 32-662] Processed net u_array/u_requant/p_0_in[13].  Did not re-place instance u_array/u_requant/q_r_reg[20]
INFO: [Physopt 32-662] Processed net u_array/g_acc[31].u_acc_g/acc_r[147]_i_5__21_n_0.  Did not re-place instance u_array/g_acc[31].u_acc_g/acc_r[147]_i_5__21
INFO: [Physopt 32-662] Processed net u_array/g_acc[31].u_acc_g/p_1_in[155].  Did not re-place instance u_array/g_acc[31].u_acc_g/acc_r[155]_i_1__21
INFO: [Physopt 32-662] Processed net u_array/g_acc[31].u_acc_g/p_1_in[157].  Did not re-place instance u_array/g_acc[31].u_acc_g/acc_r[157]_i_1__21
INFO: [Physopt 32-662] Processed net u_array/g_pe_row[15].g_pe_pair[1].u_pe/S[0].  Did not re-place instance u_array/g_pe_row[15].g_pe_pair[1].u_pe/p0_o__0_carry_i_6__39
INFO: [Physopt 32-662] Processed net u_array/u_requant/q_r[20]_i_1_n_0.  Did not re-place instance u_array/u_requant/q_r[20]_i_1
INFO: [Physopt 32-662] Processed net u_array/g_acc[31].u_acc_g/acc_q_w[8091].  Did not re-place instance u_array/g_acc[31].u_acc_g/acc_r_reg[155]
INFO: [Physopt 32-662] Processed net u_array/g_acc[31].u_acc_g/acc_q_w[8093].  Did not re-place instance u_array/g_acc[31].u_acc_g/acc_r_reg[157]
INFO: [Physopt 32-662] Processed net u_array/u_dma_wr/addr_r[9]_i_9_n_0.  Did not re-place instance u_array/u_dma_wr/addr_r[9]_i_9
INFO: [Physopt 32-662] Processed net u_array/u_dma/words_r_reg_n_0_[17].  Did not re-place instance u_array/u_dma/words_r_reg[17]
INFO: [Physopt 32-662] Processed net u_array/u_requant/p_0_in[17].  Did not re-place instance u_array/u_requant/q_r_reg[24]
INFO: [Physopt 32-662] Processed net u_array/u_requant/q_r[24]_i_2_n_0.  Did not re-place instance u_array/u_requant/q_r[24]_i_2
INFO: [Physopt 32-662] Processed net u_array/u_requant/q_r[26]_i_3_n_0.  Did not re-place instance u_array/u_requant/q_r[26]_i_3
INFO: [Physopt 32-662] Processed net u_array/u_dma/m_axi_arlen[3]_INST_0_i_4_n_0.  Did not re-place instance u_array/u_dma/m_axi_arlen[3]_INST_0_i_4
INFO: [Physopt 32-662] Processed net u_array/u_requant/q_r[24]_i_1_n_0.  Did not re-place instance u_array/u_requant/q_r[24]_i_1
INFO: [Physopt 32-662] Processed net u_array/g_acc[31].u_acc_g/p_1_in[159].  Did not re-place instance u_array/g_acc[31].u_acc_g/acc_r[159]_i_1__21
INFO: [Physopt 32-662] Processed net u_array/g_acc[31].u_acc_g/acc_q_w[8095].  Did not re-place instance u_array/g_acc[31].u_acc_g/acc_r_reg[159]
INFO: [Physopt 32-662] Processed net u_array/g_acc[31].u_acc_g/acc_r[147]_i_6__21_n_0.  Did not re-place instance u_array/g_acc[31].u_acc_g/acc_r[147]_i_6__21
INFO: [Physopt 32-662] Processed net u_array/u_dma_wr/m_axi_awlen[7]_INST_0_i_7_n_0.  Did not re-place instance u_array/u_dma_wr/m_axi_awlen[7]_INST_0_i_7
INFO: [Physopt 32-662] Processed net u_array/u_dma_wr/p_0_in[7]_repN.  Did not re-place instance u_array/u_dma_wr/m_axi_awlen[7]_INST_0_i_1_replica
INFO: [Physopt 32-662] Processed net u_array/u_dma_wr/words_r[7]_i_5_n_0.  Did not re-place instance u_array/u_dma_wr/words_r[7]_i_5
INFO: [Physopt 32-662] Processed net u_array/u_requant/q_r[44]_i_5_n_0.  Did not re-place instance u_array/u_requant/q_r[44]_i_5
INFO: [Physopt 32-662] Processed net u_array/u_requant/q_r[30]_i_2_n_0.  Did not re-place instance u_array/u_requant/q_r[30]_i_2
INFO: [Physopt 32-662] Processed net u_array/u_requant/q_r[32]_i_3_n_0.  Did not re-place instance u_array/u_requant/q_r[32]_i_3
INFO: [Physopt 32-662] Processed net u_array/u_dma_wr/words_r[19].  Did not re-place instance u_array/u_dma_wr/words_r_reg[19]
INFO: [Physopt 32-662] Processed net u_array/u_requant/q_r[29]_i_1_n_0.  Did not re-place instance u_array/u_requant/q_r[29]_i_1
INFO: [Physopt 32-662] Processed net u_array/u_requant/p_0_in[22].  Did not re-place instance u_array/u_requant/q_r_reg[29]
INFO: [Physopt 32-662] Processed net u_array/u_dma/last_burst_r_i_10_n_0.  Did not re-place instance u_array/u_dma/last_burst_r_i_10
INFO: [Physopt 32-662] Processed net u_array/u_dma/last_burst_r_i_14_n_0.  Did not re-place instance u_array/u_dma/last_burst_r_i_14
INFO: [Physopt 32-662] Processed net u_array/u_requant/q_r[21]_i_4_n_0.  Did not re-place instance u_array/u_requant/q_r[21]_i_4
INFO: [Physopt 32-662] Processed net u_array/u_requant/q_r[7]_i_2_n_0.  Did not re-place instance u_array/u_requant/q_r[7]_i_2
INFO: [Physopt 32-662] Processed net u_array/u_requant/q_r[9]_i_3_n_0.  Did not re-place instance u_array/u_requant/q_r[9]_i_3
INFO: [Physopt 32-662] Processed net u_array/u_requant/q_r[7]_i_1_n_0.  Did not re-place instance u_array/u_requant/q_r[7]_i_1
INFO: [Physopt 32-662] Processed net u_array/u_requant/p_0_in[0].  Did not re-place instance u_array/u_requant/q_r_reg[7]
INFO: [Physopt 32-662] Processed net u_array/u_requant/sticky_r_i_102_n_0.  Did not re-place instance u_array/u_requant/sticky_r_i_102
INFO: [Physopt 32-662] Processed net u_array/u_requant/q_r[26]_i_2_n_0.  Did not re-place instance u_array/u_requant/q_r[26]_i_2
INFO: [Physopt 32-662] Processed net u_array/u_requant/p_0_in[18].  Did not re-place instance u_array/u_requant/q_r_reg[25]
INFO: [Physopt 32-662] Processed net u_array/u_requant/q_r[25]_i_1_n_0.  Did not re-place instance u_array/u_requant/q_r[25]_i_1
INFO: [Physopt 32-662] Processed net u_array/u_dma_wr/m_axi_awaddr[25].  Did not re-place instance u_array/u_dma_wr/addr_r_reg[28]
INFO: [Physopt 32-662] Processed net u_array/u_requant/q_r[27]_i_4_n_0.  Did not re-place instance u_array/u_requant/q_r[27]_i_4
INFO: [Physopt 32-662] Processed net u_array/u_requant/q_r[13]_i_2_n_0.  Did not re-place instance u_array/u_requant/q_r[13]_i_2
INFO: [Physopt 32-662] Processed net u_array/u_requant/q_r[15]_i_3_n_0.  Did not re-place instance u_array/u_requant/q_r[15]_i_3
INFO: [Physopt 32-662] Processed net u_array/u_requant/p_0_in[12].  Did not re-place instance u_array/u_requant/q_r_reg[19]
INFO: [Physopt 32-662] Processed net u_array/u_dma_wr/addr_r[5]_i_7_n_0.  Did not re-place instance u_array/u_dma_wr/addr_r[5]_i_7
INFO: [Physopt 32-662] Processed net u_array/u_requant/q_r[12]_i_1_n_0.  Did not re-place instance u_array/u_requant/q_r[12]_i_1
INFO: [Physopt 32-662] Processed net u_array/u_requant/q_r[19]_i_1_n_0.  Did not re-place instance u_array/u_requant/q_r[19]_i_1
INFO: [Physopt 32-662] Processed net u_array/u_requant/p_0_in[5].  Did not re-place instance u_array/u_requant/q_r_reg[12]
INFO: [Physopt 32-662] Processed net u_array/u_requant/q_r[37]_i_4_n_0.  Did not re-place instance u_array/u_requant/q_r[37]_i_4
INFO: [Physopt 32-662] Processed net u_array/u_requant/q_r[23]_i_2_n_0.  Did not re-place instance u_array/u_requant/q_r[23]_i_2
INFO: [Physopt 32-662] Processed net u_array/u_requant/q_r[25]_i_3_n_0.  Did not re-place instance u_array/u_requant/q_r[25]_i_3
INFO: [Physopt 32-662] Processed net u_array/u_requant/q_r[22]_i_1_n_0.  Did not re-place instance u_array/u_requant/q_r[22]_i_1
INFO: [Physopt 32-662] Processed net u_array/u_requant/p_0_in[15].  Did not re-place instance u_array/u_requant/q_r_reg[22]
INFO: [Physopt 32-662] Processed net u_array/u_dma_wr/m_axi_awaddr[23].  Did not re-place instance u_array/u_dma_wr/addr_r_reg[26]
INFO: [Physopt 32-662] Processed net u_array/u_requant/q_r[18]_i_4_n_0.  Did not re-place instance u_array/u_requant/q_r[18]_i_4
INFO: [Physopt 32-662] Processed net u_array/u_requant/q_r[4]_i_2_n_0.  Did not re-place instance u_array/u_requant/q_r[4]_i_2
INFO: [Physopt 32-662] Processed net u_array/u_requant/q_r[6]_i_3_n_0.  Did not re-place instance u_array/u_requant/q_r[6]_i_3
INFO: [Physopt 32-662] Processed net u_array/u_requant/q_r[3]_i_1_n_0.  Did not re-place instance u_array/u_requant/q_r[3]_i_1
INFO: [Physopt 32-662] Processed net u_array/u_requant/q_r_reg_n_0_[3].  Did not re-place instance u_array/u_requant/q_r_reg[3]
INFO: [Physopt 32-662] Processed net u_array/u_dma_wr/m_axi_awaddr[20].  Did not re-place instance u_array/u_dma_wr/addr_r_reg[23]
INFO: [Physopt 32-662] Processed net u_array/u_requant/q_r[31]_i_4_n_0.  Did not re-place instance u_array/u_requant/q_r[31]_i_4
INFO: [Physopt 32-662] Processed net u_array/u_requant/q_r[17]_i_2_n_0.  Did not re-place instance u_array/u_requant/q_r[17]_i_2
INFO: [Physopt 32-662] Processed net u_array/u_requant/q_r[19]_i_3_n_0.  Did not re-place instance u_array/u_requant/q_r[19]_i_3
INFO: [Physopt 32-662] Processed net u_array/u_requant/q_r[16]_i_1_n_0.  Did not re-place instance u_array/u_requant/q_r[16]_i_1
INFO: [Physopt 32-662] Processed net u_array/u_requant/q_r[1]_i_1_n_0.  Did not re-place instance u_array/u_requant/q_r[1]_i_1
INFO: [Physopt 32-662] Processed net u_array/u_requant/q_r[1]_i_2_n_0.  Did not re-place instance u_array/u_requant/q_r[1]_i_2
INFO: [Physopt 32-663] Processed net u_array/u_requant/q_r[1]_i_3_n_0.  Re-placed instance u_array/u_requant/q_r[1]_i_3
INFO: [Physopt 32-662] Processed net u_array/u_requant/q_r_reg_n_0_[1].  Did not re-place instance u_array/u_requant/q_r_reg[1]
INFO: [Physopt 32-662] Processed net u_array/u_requant/p_0_in[9].  Did not re-place instance u_array/u_requant/q_r_reg[16]
INFO: [Physopt 32-662] Processed net u_array/u_requant/q_r[17]_i_4_n_0.  Did not re-place instance u_array/u_requant/q_r[17]_i_4
INFO: [Physopt 32-662] Processed net u_array/u_requant/q_r[3]_i_2_n_0.  Did not re-place instance u_array/u_requant/q_r[3]_i_2
INFO: [Physopt 32-662] Processed net u_array/u_requant/q_r[5]_i_3_n_0.  Did not re-place instance u_array/u_requant/q_r[5]_i_3
INFO: [Physopt 32-662] Processed net u_array/u_dma_wr/words_r[16].  Did not re-place instance u_array/u_dma_wr/words_r_reg[16]
INFO: [Physopt 32-662] Processed net u_array/u_requant/q_r[2]_i_1_n_0.  Did not re-place instance u_array/u_requant/q_r[2]_i_1
INFO: [Physopt 32-662] Processed net u_array/u_requant/q_r_reg_n_0_[2].  Did not re-place instance u_array/u_requant/q_r_reg[2]
INFO: [Physopt 32-662] Processed net u_array/u_requant/q_r[49]_i_3_n_0.  Did not re-place instance u_array/u_requant/q_r[49]_i_3
INFO: [Physopt 32-662] Processed net u_array/u_requant/q_r[43]_i_2_n_0.  Did not re-place instance u_array/u_requant/q_r[43]_i_2
INFO: [Physopt 32-662] Processed net u_array/u_requant/q_r[45]_i_3_n_0.  Did not re-place instance u_array/u_requant/q_r[45]_i_3
INFO: [Physopt 32-662] Processed net u_array/u_requant/q_r[43]_i_1_n_0.  Did not re-place instance u_array/u_requant/q_r[43]_i_1
INFO: [Physopt 32-662] Processed net u_array/u_requant/sticky_r_i_132_n_0.  Did not re-place instance u_array/u_requant/sticky_r_i_132
INFO: [Physopt 32-662] Processed net u_array/u_requant/p_0_in[36].  Did not re-place instance u_array/u_requant/q_r_reg[43]
INFO: [Physopt 32-662] Processed net u_array/u_dma/words_r_reg_n_0_[2].  Did not re-place instance u_array/u_dma/words_r_reg[2]
INFO: [Physopt 32-662] Processed net u_array/u_requant/q_r[42]_i_5_n_0.  Did not re-place instance u_array/u_requant/q_r[42]_i_5
INFO: [Physopt 32-663] Processed net u_array/u_requant/q_r[36]_i_2_n_0.  Re-placed instance u_array/u_requant/q_r[36]_i_2
INFO: [Physopt 32-662] Processed net u_array/u_requant/q_r[38]_i_3_n_0.  Did not re-place instance u_array/u_requant/q_r[38]_i_3
INFO: [Physopt 32-662] Processed net u_array/u_requant/q_r[35]_i_1_n_0.  Did not re-place instance u_array/u_requant/q_r[35]_i_1
INFO: [Physopt 32-662] Processed net u_array/u_requant/p_0_in[28].  Did not re-place instance u_array/u_requant/q_r_reg[35]
INFO: [Physopt 32-662] Processed net u_array/u_requant/q_r[26]_i_4_n_0.  Did not re-place instance u_array/u_requant/q_r[26]_i_4
INFO: [Physopt 32-662] Processed net u_array/g_pe_row[15].g_pe_pair[6].u_pe/p0_o__0_carry_i_3__39_n_0.  Did not re-place instance u_array/g_pe_row[15].g_pe_pair[6].u_pe/p0_o__0_carry_i_3__39
INFO: [Physopt 32-662] Processed net u_array/u_requant/p_0_in[16].  Did not re-place instance u_array/u_requant/q_r_reg[23]
INFO: [Physopt 32-662] Processed net u_array/g_acc[31].u_acc_g/acc_r[167]_i_6__21_n_0.  Did not re-place instance u_array/g_acc[31].u_acc_g/acc_r[167]_i_6__21
INFO: [Physopt 32-662] Processed net u_array/g_acc[31].u_acc_g/p_1_in[182].  Did not re-place instance u_array/g_acc[31].u_acc_g/acc_r[182]_i_1__21
INFO: [Physopt 32-662] Processed net u_array/g_pe_row[15].g_pe_pair[6].u_pe/acc_r[163]_i_8__13_n_0.  Did not re-place instance u_array/g_pe_row[15].g_pe_pair[6].u_pe/acc_r[163]_i_8__13
INFO: [Physopt 32-662] Processed net u_array/u_requant/q_r[23]_i_1_n_0.  Did not re-place instance u_array/u_requant/q_r[23]_i_1
INFO: [Physopt 32-662] Processed net u_array/g_acc[31].u_acc_g/acc_q_w[8118].  Did not re-place instance u_array/g_acc[31].u_acc_g/acc_r_reg[182]
INFO: [Physopt 32-662] Processed net u_array/u_requant/q_r[33]_i_4_n_0.  Did not re-place instance u_array/u_requant/q_r[33]_i_4
INFO: [Physopt 32-662] Processed net u_array/u_requant/q_r[19]_i_2_n_0.  Did not re-place instance u_array/u_requant/q_r[19]_i_2
INFO: [Physopt 32-662] Processed net u_array/u_requant/q_r[21]_i_3_n_0.  Did not re-place instance u_array/u_requant/q_r[21]_i_3
INFO: [Physopt 32-662] Processed net u_array/u_requant/p_0_in[11].  Did not re-place instance u_array/u_requant/q_r_reg[18]
INFO: [Physopt 32-662] Processed net u_array/u_requant/q_r[18]_i_1_n_0.  Did not re-place instance u_array/u_requant/q_r[18]_i_1
INFO: [Physopt 32-663] Processed net u_array/g_pe_row[9].g_pe_pair[2].u_pe/w_d3_r_reg[7]_0[0].  Re-placed instance u_array/g_pe_row[9].g_pe_pair[2].u_pe/w_d3_r_reg[0]
INFO: [Physopt 32-662] Processed net u_array/g_acc[19].u_acc_g/acc_r[211]_i_5__7_n_0.  Did not re-place instance u_array/g_acc[19].u_acc_g/acc_r[211]_i_5__7
INFO: [Physopt 32-662] Processed net u_array/g_acc[19].u_acc_g/p_1_in[223].  Did not re-place instance u_array/g_acc[19].u_acc_g/acc_r[223]_i_1__7
INFO: [Physopt 32-662] Processed net u_array/g_pe_row[9].g_pe_pair[2].u_pe/w_d3_r_reg[2]_2[0].  Did not re-place instance u_array/g_pe_row[9].g_pe_pair[2].u_pe/p0_o__0_carry_i_6__78
INFO: [Physopt 32-662] Processed net u_array/g_acc[19].u_acc_g/acc_q_w__0[5087].  Did not re-place instance u_array/g_acc[19].u_acc_g/acc_r_reg[223]
INFO: [Physopt 32-662] Processed net u_array/u_requant/q_r[29]_i_4_n_0.  Did not re-place instance u_array/u_requant/q_r[29]_i_4
INFO: [Physopt 32-662] Processed net u_array/u_requant/q_r[15]_i_2_n_0.  Did not re-place instance u_array/u_requant/q_r[15]_i_2
INFO: [Physopt 32-662] Processed net u_array/u_requant/q_r[17]_i_3_n_0.  Did not re-place instance u_array/u_requant/q_r[17]_i_3
INFO: [Physopt 32-662] Processed net u_array/g_acc[31].u_acc_g/acc_r[175]_i_6__21_n_0.  Did not re-place instance u_array/g_acc[31].u_acc_g/acc_r[175]_i_6__21
INFO: [Physopt 32-662] Processed net u_array/u_requant/q_r[14]_i_1_n_0.  Did not re-place instance u_array/u_requant/q_r[14]_i_1
INFO: [Physopt 32-662] Processed net u_array/u_requant/p_0_in[7].  Did not re-place instance u_array/u_requant/q_r_reg[14]
INFO: [Physopt 32-662] Processed net u_array/u_addrgen/we_i0.  Did not re-place instance u_array/u_addrgen/u_bank0_i_26
INFO: [Physopt 32-662] Processed net u_array/u_xbuf/u_bank0/U0/inst_blk_mem_gen/gnbram.gnativebmg.native_blk_mem_gen/valid.cstr/ramloop[9].ram.r/prim_noinit.ram/ramloop[0].ram.ram_ena.  Did not re-place instance u_array/u_xbuf/u_bank0/U0/inst_blk_mem_gen/gnbram.gnativebmg.native_blk_mem_gen/valid.cstr/ramloop[9].ram.r/prim_noinit.ram/DEVICE_7SERIES.NO_BMM_INFO.SDP.SIMPLE_PRIM36.ram_i_1
INFO: [Physopt 32-663] Processed net u_array/u_addrgen/n_o_reg[2]_0[9].  Re-placed instance u_array/u_addrgen/u_bank0_i_7
INFO: [Physopt 32-662] Processed net u_array/u_addrgen/xgen_vld_w.  Did not re-place instance u_array/u_addrgen/vld_o_reg
INFO: [Physopt 32-663] Processed net u_array/u_xbuf/u_bank0/U0/inst_blk_mem_gen/gnbram.gnativebmg.native_blk_mem_gen/valid.cstr/ramloop[9].ram.r/prim_noinit.ram/DEVICE_7SERIES.NO_BMM_INFO.SDP.SIMPLE_PRIM36.ram_ENARDEN_cooolgate_en_sig_28.  Re-placed instance u_array/u_xbuf/u_bank0/U0/inst_blk_mem_gen/gnbram.gnativebmg.native_blk_mem_gen/valid.cstr/ramloop[9].ram.r/prim_noinit.ram/DEVICE_7SERIES.NO_BMM_INFO.SDP.SIMPLE_PRIM36.ram_ENARDEN_cooolgate_en_gate_35
INFO: [Physopt 32-663] Processed net u_array/u_xbuf/u_bank0/U0/inst_blk_mem_gen/gnbram.gnativebmg.native_blk_mem_gen/valid.cstr/ramloop[9].ram.r/prim_noinit.ram/DEVICE_7SERIES.NO_BMM_INFO.SDP.SIMPLE_PRIM36.ram_i_3_n_0.  Re-placed instance u_array/u_xbuf/u_bank0/U0/inst_blk_mem_gen/gnbram.gnativebmg.native_blk_mem_gen/valid.cstr/ramloop[9].ram.r/prim_noinit.ram/DEVICE_7SERIES.NO_BMM_INFO.SDP.SIMPLE_PRIM36.ram_i_3
INFO: [Physopt 32-662] Processed net u_array/u_requant/sticky_r_i_112_n_0.  Did not re-place instance u_array/u_requant/sticky_r_i_112
INFO: [Physopt 32-663] Processed net u_array/u_requant/q_r[2]_i_2_n_0.  Re-placed instance u_array/u_requant/q_r[2]_i_2
INFO: [Physopt 32-662] Processed net u_array/u_requant/q_r[4]_i_3_n_0.  Did not re-place instance u_array/u_requant/q_r[4]_i_3
INFO: [Physopt 32-662] Processed net u_array/u_requant/q_r[46]_i_5_n_0.  Did not re-place instance u_array/u_requant/q_r[46]_i_5
INFO: [Physopt 32-662] Processed net u_array/u_requant/p_0_in[25].  Did not re-place instance u_array/u_requant/q_r_reg[32]
INFO: [Physopt 32-662] Processed net u_array/u_requant/q_r[32]_i_2_n_0.  Did not re-place instance u_array/u_requant/q_r[32]_i_2
INFO: [Physopt 32-662] Processed net u_array/u_requant/q_r[33]_i_2_n_0.  Did not re-place instance u_array/u_requant/q_r[33]_i_2
INFO: [Physopt 32-662] Processed net u_array/u_requant/q_r[34]_i_3_n_0.  Did not re-place instance u_array/u_requant/q_r[34]_i_3
INFO: [Physopt 32-662] Processed net u_array/u_requant/q_r[35]_i_3_n_0.  Did not re-place instance u_array/u_requant/q_r[35]_i_3
INFO: [Physopt 32-662] Processed net u_array/u_requant/q_r[39]_i_4_n_0.  Did not re-place instance u_array/u_requant/q_r[39]_i_4
INFO: [Physopt 32-662] Processed net u_array/u_requant/q_r[31]_i_1_n_0.  Did not re-place instance u_array/u_requant/q_r[31]_i_1
INFO: [Physopt 32-662] Processed net u_array/u_requant/q_r[32]_i_1_n_0.  Did not re-place instance u_array/u_requant/q_r[32]_i_1
INFO: [Physopt 32-662] Processed net u_array/u_requant/p_0_in[24].  Did not re-place instance u_array/u_requant/q_r_reg[31]
INFO: [Physopt 32-662] Processed net u_array/u_dma/words_r[7]_i_4__0_n_0.  Did not re-place instance u_array/u_dma/words_r[7]_i_4__0
INFO: [Physopt 32-663] Processed net u_array/u_dma/words_r_reg_n_0_[12].  Re-placed instance u_array/u_dma/words_r_reg[12]
INFO: [Physopt 32-662] Processed net u_array/u_requant/p_0_in[26].  Did not re-place instance u_array/u_requant/q_r_reg[33]
INFO: [Physopt 32-663] Processed net u_array/u_requant/q_r[34]_i_2_n_0.  Re-placed instance u_array/u_requant/q_r[34]_i_2
INFO: [Physopt 32-662] Processed net u_array/u_requant/q_r[36]_i_3_n_0.  Did not re-place instance u_array/u_requant/q_r[36]_i_3
INFO: [Physopt 32-662] Processed net u_array/u_requant/q_r[40]_i_4_n_0.  Did not re-place instance u_array/u_requant/q_r[40]_i_4
INFO: [Physopt 32-662] Processed net u_array/u_requant/q_r[33]_i_1_n_0.  Did not re-place instance u_array/u_requant/q_r[33]_i_1
INFO: [Physopt 32-662] Processed net u_array/u_dma_wr/m_axi_awaddr[22].  Did not re-place instance u_array/u_dma_wr/addr_r_reg[25]
INFO: [Physopt 32-662] Processed net u_array/u_requant/q_r[32]_i_4_n_0.  Did not re-place instance u_array/u_requant/q_r[32]_i_4
INFO: [Physopt 32-662] Processed net u_array/u_requant/p_0_in[10].  Did not re-place instance u_array/u_requant/q_r_reg[17]
INFO: [Physopt 32-662] Processed net u_array/u_requant/q_r[18]_i_2_n_0.  Did not re-place instance u_array/u_requant/q_r[18]_i_2
INFO: [Physopt 32-662] Processed net u_array/u_requant/q_r[20]_i_3_n_0.  Did not re-place instance u_array/u_requant/q_r[20]_i_3
INFO: [Physopt 32-662] Processed net u_array/u_requant/q_r[17]_i_1_n_0.  Did not re-place instance u_array/u_requant/q_r[17]_i_1
INFO: [Physopt 32-663] Processed net u_array/u_requant/q_r[41]_i_2_n_0.  Re-placed instance u_array/u_requant/q_r[41]_i_2
INFO: [Physopt 32-662] Processed net u_array/u_requant/q_r[43]_i_3_n_0.  Did not re-place instance u_array/u_requant/q_r[43]_i_3
INFO: [Physopt 32-662] Processed net u_array/u_requant/q_r[43]_i_4_n_0.  Did not re-place instance u_array/u_requant/q_r[43]_i_4
INFO: [Physopt 32-662] Processed net u_array/g_acc[8].u_acc_g/acc_r[147]_i_5__16_n_0.  Did not re-place instance u_array/g_acc[8].u_acc_g/acc_r[147]_i_5__16
INFO: [Physopt 32-662] Processed net u_array/g_acc[8].u_acc_g/p_1_in[157].  Did not re-place instance u_array/g_acc[8].u_acc_g/acc_r[157]_i_1__16
INFO: [Physopt 32-662] Processed net u_array/g_pe_row[4].g_pe_pair[2].u_pe/p0_o__0_carry_i_6__4_n_0.  Did not re-place instance u_array/g_pe_row[4].g_pe_pair[2].u_pe/p0_o__0_carry_i_6__4
INFO: [Physopt 32-662] Processed net u_array/u_requant/q_r[40]_i_1_n_0.  Did not re-place instance u_array/u_requant/q_r[40]_i_1
INFO: [Physopt 32-662] Processed net u_array/u_requant/q_r[6]_i_1_n_0.  Did not re-place instance u_array/u_requant/q_r[6]_i_1
INFO: [Physopt 32-662] Processed net u_array/g_acc[8].u_acc_g/acc_q_w[2205].  Did not re-place instance u_array/g_acc[8].u_acc_g/acc_r_reg[157]
INFO: [Physopt 32-662] Processed net u_array/u_requant/q_r_reg_n_0_[6].  Did not re-place instance u_array/u_requant/q_r_reg[6]
INFO: [Physopt 32-662] Processed net u_array/u_requant/p_0_in[33].  Did not re-place instance u_array/u_requant/q_r_reg[40]
INFO: [Physopt 32-662] Processed net u_array/g_acc[19].u_acc_g/p_1_in[221].  Did not re-place instance u_array/g_acc[19].u_acc_g/acc_r[221]_i_1__7
INFO: [Physopt 32-662] Processed net u_array/g_acc[19].u_acc_g/acc_q_w__0[5085].  Did not re-place instance u_array/g_acc[19].u_acc_g/acc_r_reg[221]
INFO: [Physopt 32-663] Processed net u_array/g_pe_row[14].g_pe_pair[1].u_pe/w_d3_r_reg[7]_0[3].  Re-placed instance u_array/g_pe_row[14].g_pe_pair[1].u_pe/w_d3_r_reg[3]
INFO: [Physopt 32-662] Processed net u_array/u_requant/q_r[16]_i_4_n_0.  Did not re-place instance u_array/u_requant/q_r[16]_i_4
INFO: [Physopt 32-662] Processed net u_array/u_requant/q_r[12]_i_2_n_0.  Did not re-place instance u_array/u_requant/q_r[12]_i_2
INFO: [Physopt 32-662] Processed net u_array/u_requant/q_r[12]_i_3_n_0.  Did not re-place instance u_array/u_requant/q_r[12]_i_3
INFO: [Physopt 32-662] Processed net u_array/g_acc[29].u_acc_g/acc_r[211]_i_5__13_n_0.  Did not re-place instance u_array/g_acc[29].u_acc_g/acc_r[211]_i_5__13
INFO: [Physopt 32-662] Processed net u_array/g_acc[29].u_acc_g/p_1_in[221].  Did not re-place instance u_array/g_acc[29].u_acc_g/acc_r[221]_i_1__13
INFO: [Physopt 32-662] Processed net u_array/g_acc[31].u_acc_g/acc_r[143]_i_6__21_n_0.  Did not re-place instance u_array/g_acc[31].u_acc_g/acc_r[143]_i_6__21
INFO: [Physopt 32-662] Processed net u_array/g_pe_row[14].g_pe_pair[1].u_pe/w_d3_r_reg[7]_3[0].  Did not re-place instance u_array/g_pe_row[14].g_pe_pair[1].u_pe/p0_o__0_carry__0_i_8__64
INFO: [Physopt 32-662] Processed net u_array/u_requant/q_r[11]_i_1_n_0.  Did not re-place instance u_array/u_requant/q_r[11]_i_1
INFO: [Physopt 32-662] Processed net u_array/g_acc[29].u_acc_g/acc_q_w[7645].  Did not re-place instance u_array/g_acc[29].u_acc_g/acc_r_reg[221]
INFO: [Physopt 32-662] Processed net u_array/u_requant/p_0_in[4].  Did not re-place instance u_array/u_requant/q_r_reg[11]
INFO: [Physopt 32-663] Processed net u_array/u_requant/q_r[42]_i_2_n_0.  Re-placed instance u_array/u_requant/q_r[42]_i_2
INFO: [Physopt 32-662] Processed net u_array/u_requant/q_r[44]_i_3_n_0.  Did not re-place instance u_array/u_requant/q_r[44]_i_3
INFO: [Physopt 32-662] Processed net u_array/u_requant/q_r[48]_i_3_n_0.  Did not re-place instance u_array/u_requant/q_r[48]_i_3
INFO: [Physopt 32-662] Processed net u_array/g_acc[8].u_acc_g/p_1_in[159].  Did not re-place instance u_array/g_acc[8].u_acc_g/acc_r[159]_i_1__16
INFO: [Physopt 32-662] Processed net u_array/u_requant/q_r[41]_i_1_n_0.  Did not re-place instance u_array/u_requant/q_r[41]_i_1
INFO: [Physopt 32-662] Processed net u_array/g_acc[8].u_acc_g/acc_q_w[2207].  Did not re-place instance u_array/g_acc[8].u_acc_g/acc_r_reg[159]
INFO: [Physopt 32-662] Processed net u_array/u_requant/p_0_in[34].  Did not re-place instance u_array/u_requant/q_r_reg[41]
INFO: [Physopt 32-662] Processed net u_array/u_requant/q_r[23]_i_4_n_0.  Did not re-place instance u_array/u_requant/q_r[23]_i_4
INFO: [Physopt 32-662] Processed net u_array/u_dma/words_r_reg_n_0_[18].  Did not re-place instance u_array/u_dma/words_r_reg[18]
INFO: [Physopt 32-662] Processed net u_array/u_requant/q_r[11]_i_3_n_0.  Did not re-place instance u_array/u_requant/q_r[11]_i_3
INFO: [Physopt 32-661] Optimized 16 nets.  Re-placed 16 instances.
INFO: [Physopt 32-775] End 1 Pass. Optimized 16 nets or cells. Created 0 new cell, deleted 0 existing cell and moved 16 existing cells
INFO: [Physopt 32-619] Estimated Timing Summary | WNS=-0.361 | TNS=-21.356 |
Netlist sorting complete. Time (s): cpu = 00:00:00 ; elapsed = 00:00:00.017 . Memory (MB): peak = 2388.199 ; gain = 0.000
Phase 9 Single Cell Placement Optimization | Checksum: 244c2e2ee

Time (s): cpu = 00:00:56 ; elapsed = 00:00:38 . Memory (MB): peak = 2388.199 ; gain = 0.000

Phase 10 Multi Cell Placement Optimization
INFO: [Physopt 32-660] Identified 100 candidate nets for placement-based optimization.
INFO: [Physopt 32-662] Processed net u_array/u_dma/want_w1.  Did not re-place instance u_array/u_dma/m_axi_arlen[7]_INST_0_i_14/O
INFO: [Physopt 32-662] Processed net u_array/u_dma/last_burst_r.  Did not re-place instance u_array/u_dma/last_burst_r_i_1/O
INFO: [Physopt 32-662] Processed net u_array/u_dma/last_burst_r_i_18_n_0.  Did not re-place instance u_array/u_dma/last_burst_r_i_18/O
INFO: [Physopt 32-662] Processed net u_array/u_dma/m_axi_arlen[7]_INST_0_i_15_n_0.  Did not re-place instance u_array/u_dma/m_axi_arlen[7]_INST_0_i_15/O
INFO: [Physopt 32-662] Processed net u_array/u_dma/m_axi_arlen[7]_INST_0_i_18_n_0.  Did not re-place instance u_array/u_dma/m_axi_arlen[7]_INST_0_i_18/O
INFO: [Physopt 32-662] Processed net u_array/u_dma/words_r_reg_n_0_[23]_repN.  Did not re-place instance u_array/u_dma/words_r_reg[23]_replica/Q
INFO: [Physopt 32-662] Processed net u_array/u_dma/m_axi_arlen[7]_INST_0_i_2_n_0.  Did not re-place instance u_array/u_dma/m_axi_arlen[7]_INST_0_i_2/O
INFO: [Physopt 32-662] Processed net u_array/u_dma/m_axi_arlen[7]_INST_0_i_2_n_0.  Did not re-place instance u_array/u_dma/m_axi_arlen[7]_INST_0_i_2/O
INFO: [Physopt 32-662] Processed net u_array/u_dma/m_axi_arlen[7]_INST_0_i_2_n_0.  Did not re-place instance u_array/u_dma/m_axi_arlen[7]_INST_0_i_2/O
INFO: [Physopt 32-662] Processed net u_array/u_dma/m_axi_arlen[7]_INST_0_i_2_n_0.  Did not re-place instance u_array/u_dma/m_axi_arlen[7]_INST_0_i_2/O
INFO: [Physopt 32-662] Processed net u_array/u_dma/m_axi_arlen[7]_INST_0_i_2_n_0.  Did not re-place instance u_array/u_dma/m_axi_arlen[7]_INST_0_i_2/O
INFO: [Physopt 32-662] Processed net u_array/u_dma/m_axi_arlen[7]_INST_0_i_2_n_0.  Did not re-place instance u_array/u_dma/m_axi_arlen[7]_INST_0_i_2/O
INFO: [Physopt 32-662] Processed net u_array/u_dma/m_axi_arlen[7]_INST_0_i_2_n_0.  Did not re-place instance u_array/u_dma/m_axi_arlen[7]_INST_0_i_2/O
INFO: [Physopt 32-662] Processed net u_array/u_dma/m_axi_arlen[7]_INST_0_i_2_n_0.  Did not re-place instance u_array/u_dma/m_axi_arlen[7]_INST_0_i_2/O
INFO: [Physopt 32-662] Processed net u_array/u_dma_wr/m_axi_awlen[4]_INST_0_i_4_n_0.  Did not re-place instance u_array/u_dma_wr/m_axi_awlen[4]_INST_0_i_4/O
INFO: [Physopt 32-662] Processed net u_array/u_dma_wr/m_axi_awlen[0]_INST_0_i_1_n_0.  Did not re-place instance u_array/u_dma_wr/m_axi_awlen[0]_INST_0_i_1/O
INFO: [Physopt 32-662] Processed net u_array/u_dma_wr/m_axi_awlen[0]_INST_0_i_1_n_0.  Did not re-place instance u_array/u_dma_wr/m_axi_awlen[0]_INST_0_i_1/O
INFO: [Physopt 32-662] Processed net u_array/u_dma_wr/m_axi_awlen[0]_INST_0_i_1_n_0.  Did not re-place instance u_array/u_dma_wr/m_axi_awlen[0]_INST_0_i_1/O
INFO: [Physopt 32-662] Processed net u_array/u_dma_wr/m_axi_awlen[0]_INST_0_i_1_n_0.  Did not re-place instance u_array/u_dma_wr/m_axi_awlen[0]_INST_0_i_1/O
INFO: [Physopt 32-662] Processed net u_array/u_dma_wr/words_r[20].  Did not re-place instance u_array/u_dma_wr/words_r_reg[20]/Q
INFO: [Physopt 32-662] Processed net u_array/u_dma_wr/m_axi_awlen[0]_INST_0_i_2_n_0.  Did not re-place instance u_array/u_dma_wr/m_axi_awlen[0]_INST_0_i_2_rewire/O
INFO: [Physopt 32-662] Processed net u_array/u_dma_wr/words_r[21].  Did not re-place instance u_array/u_dma_wr/words_r_reg[21]/Q
INFO: [Physopt 32-662] Processed net u_array/u_dma_wr/m_axi_awlen[0]_INST_0_i_4_n_0.  Did not re-place instance u_array/u_dma_wr/m_axi_awlen[0]_INST_0_i_4_rewire/O
INFO: [Physopt 32-662] Processed net u_array/u_dma/m_axi_arlen[3]_INST_0_i_1_n_0.  Did not re-place instance u_array/u_dma/m_axi_arlen[3]_INST_0_i_1/O
INFO: [Physopt 32-662] Processed net u_array/u_dma/m_axi_arlen[3]_INST_0_i_1_n_0.  Did not re-place instance u_array/u_dma/m_axi_arlen[3]_INST_0_i_1/O
INFO: [Physopt 32-662] Processed net u_array/u_dma/m_axi_arlen[3]_INST_0_i_1_n_0.  Did not re-place instance u_array/u_dma/m_axi_arlen[3]_INST_0_i_1/O
INFO: [Physopt 32-662] Processed net u_array/u_dma/m_axi_arlen[3]_INST_0_i_1_n_0.  Did not re-place instance u_array/u_dma/m_axi_arlen[3]_INST_0_i_1/O
INFO: [Physopt 32-662] Processed net u_array/u_dma/m_axi_arlen[3]_INST_0_i_1_n_0.  Did not re-place instance u_array/u_dma/m_axi_arlen[3]_INST_0_i_1/O
INFO: [Physopt 32-662] Processed net u_array/u_dma/m_axi_arlen[3]_INST_0_i_1_n_0.  Did not re-place instance u_array/u_dma/m_axi_arlen[3]_INST_0_i_1/O
INFO: [Physopt 32-662] Processed net u_array/u_dma/words_r_reg_n_0_[14].  Did not re-place instance u_array/u_dma/words_r_reg[14]/Q
INFO: [Physopt 32-662] Processed net u_array/u_dma/m_axi_arlen[3]_INST_0_i_5_n_0.  Did not re-place instance u_array/u_dma/m_axi_arlen[3]_INST_0_i_5/O
INFO: [Physopt 32-662] Processed net u_array/u_dma/m_axi_arlen[3]_INST_0_i_6_n_0.  Did not re-place instance u_array/u_dma/m_axi_arlen[3]_INST_0_i_6/O
INFO: [Physopt 32-662] Processed net u_array/u_dma_wr/p_0_in[7].  Did not re-place instance u_array/u_dma_wr/m_axi_awlen[7]_INST_0_i_1/O
INFO: [Physopt 32-662] Processed net u_array/u_dma/words_r_reg_n_0_[15]_repN.  Did not re-place instance u_array/u_dma/words_r_reg[15]_replica/Q
INFO: [Physopt 32-662] Processed net u_array/u_dma/m_axi_arlen[3]_INST_0_i_4_n_0.  Did not re-place instance u_array/u_dma/m_axi_arlen[3]_INST_0_i_4/O
INFO: [Physopt 32-662] Processed net u_array/u_dma_wr/words_r[18].  Did not re-place instance u_array/u_dma_wr/words_r_reg[18]/Q
INFO: [Physopt 32-662] Processed net u_array/u_requant/q_r[30]_i_4_n_0.  Did not re-place instance u_array/u_requant/q_r[30]_i_4/O
INFO: [Physopt 32-662] Processed net u_array/u_requant/q_r[16]_i_2_n_0.  Did not re-place instance u_array/u_requant/q_r[16]_i_2/O
INFO: [Physopt 32-662] Processed net u_array/u_requant/q_r[18]_i_3_n_0.  Did not re-place instance u_array/u_requant/q_r[18]_i_3/O
INFO: [Physopt 32-662] Processed net u_array/u_requant/q_r[15]_i_1_n_0.  Did not re-place instance u_array/u_requant/q_r[15]_i_1/O
INFO: [Physopt 32-662] Processed net u_array/u_dma/words_r_reg_n_0_[13].  Did not re-place instance u_array/u_dma/words_r_reg[13]/Q
INFO: [Physopt 32-662] Processed net u_array/u_requant/q_r[34]_i_4_n_0.  Did not re-place instance u_array/u_requant/q_r[34]_i_4/O
INFO: [Physopt 32-662] Processed net u_array/u_requant/q_r[20]_i_2_n_0.  Did not re-place instance u_array/u_requant/q_r[20]_i_2/O
INFO: [Physopt 32-662] Processed net u_array/u_requant/q_r[22]_i_3_n_0.  Did not re-place instance u_array/u_requant/q_r[22]_i_3/O
INFO: [Physopt 32-662] Processed net u_array/g_acc[31].u_acc_g/p_1_in[155].  Did not re-place instance u_array/g_acc[31].u_acc_g/acc_r[155]_i_1__21/O
INFO: [Physopt 32-662] Processed net u_array/g_acc[31].u_acc_g/p_1_in[157].  Did not re-place instance u_array/g_acc[31].u_acc_g/acc_r[157]_i_1__21/O
INFO: [Physopt 32-662] Processed net u_array/u_dma/last_burst_r_i_12_n_0.  Did not re-place instance u_array/u_dma/last_burst_r_i_12/O
INFO: [Physopt 32-662] Processed net u_array/u_dma/last_burst_r_i_22_n_0.  Did not re-place instance u_array/u_dma/last_burst_r_i_22/O
INFO: [Physopt 32-662] Processed net u_array/u_requant/q_r[20]_i_1_n_0.  Did not re-place instance u_array/u_requant/q_r[20]_i_1/O
INFO: [Physopt 32-662] Processed net u_array/u_dma/words_r_reg_n_0_[17].  Did not re-place instance u_array/u_dma/words_r_reg[17]/Q
INFO: [Physopt 32-662] Processed net u_array/u_dma/words_r_reg_n_0_[17].  Did not re-place instance u_array/u_dma/words_r_reg[17]/Q
INFO: [Physopt 32-662] Processed net u_array/u_dma/words_r_reg_n_0_[17].  Did not re-place instance u_array/u_dma/words_r_reg[17]/Q
INFO: [Physopt 32-662] Processed net u_array/u_requant/q_r[24]_i_2_n_0.  Did not re-place instance u_array/u_requant/q_r[24]_i_2/O
INFO: [Physopt 32-662] Processed net u_array/u_requant/q_r[26]_i_3_n_0.  Did not re-place instance u_array/u_requant/q_r[26]_i_3/O
INFO: [Physopt 32-662] Processed net u_array/u_requant/q_r[24]_i_1_n_0.  Did not re-place instance u_array/u_requant/q_r[24]_i_1/O
INFO: [Physopt 32-662] Processed net u_array/g_acc[31].u_acc_g/p_1_in[159].  Did not re-place instance u_array/g_acc[31].u_acc_g/acc_r[159]_i_1__21/O
INFO: [Physopt 32-662] Processed net u_array/u_dma_wr/p_0_in[7]_repN.  Did not re-place instance u_array/u_dma_wr/m_axi_awlen[7]_INST_0_i_1_replica/O
INFO: [Physopt 32-662] Processed net u_array/u_requant/q_r[44]_i_5_n_0.  Did not re-place instance u_array/u_requant/q_r[44]_i_5/O
INFO: [Physopt 32-662] Processed net u_array/u_requant/q_r[30]_i_2_n_0.  Did not re-place instance u_array/u_requant/q_r[30]_i_2/O
INFO: [Physopt 32-662] Processed net u_array/u_requant/q_r[32]_i_3_n_0.  Did not re-place instance u_array/u_requant/q_r[32]_i_3/O
INFO: [Physopt 32-662] Processed net u_array/u_requant/q_r[29]_i_1_n_0.  Did not re-place instance u_array/u_requant/q_r[29]_i_1/O
INFO: [Physopt 32-661] Optimized 0 net.  Re-placed 0 instance.
INFO: [Physopt 32-775] End 1 Pass. Optimized 0 net or cell. Created 0 new cell, deleted 0 existing cell and moved 0 existing cell
Netlist sorting complete. Time (s): cpu = 00:00:00 ; elapsed = 00:00:00.016 . Memory (MB): peak = 2388.199 ; gain = 0.000
Phase 10 Multi Cell Placement Optimization | Checksum: 27db7415e

Time (s): cpu = 00:01:02 ; elapsed = 00:00:42 . Memory (MB): peak = 2388.199 ; gain = 0.000

Phase 11 Rewire
INFO: [Physopt 32-246] Starting Signal Push optimization...
INFO: [Physopt 32-77] Pass 1. Identified 8 candidate nets for rewire optimization.
INFO: [Physopt 32-134] Processed net u_array/u_dma/want_w1. Rewiring did not optimize the net.
INFO: [Physopt 32-134] Processed net u_array/u_dma/m_axi_arlen[7]_INST_0_i_2_n_0. Rewiring did not optimize the net.
INFO: [Physopt 32-134] Processed net u_array/u_dma_wr/m_axi_awlen[0]_INST_0_i_1_n_0. Rewiring did not optimize the net.
INFO: [Physopt 32-134] Processed net u_array/u_dma_wr/m_axi_awlen[4]_INST_0_i_4_n_0. Rewiring did not optimize the net.
INFO: [Physopt 32-134] Processed net u_array/u_requant/y_pre_o[7]_i_28_n_0. Rewiring did not optimize the net.
INFO: [Physopt 32-242] Processed net u_array/u_requant/y_pre_o[7]_i_12_n_0. Rewired (signal push) u_array/u_requant/y_pre_o[7]_i_28_n_0 to 1 loads. Replicated 0 times.
INFO: [Physopt 32-134] Processed net u_array/u_xbuf/u_bank1/U0/inst_blk_mem_gen/gnbram.gnativebmg.native_blk_mem_gen/valid.cstr/ramloop[9].ram.r/prim_noinit.ram/DEVICE_7SERIES.NO_BMM_INFO.SDP.SIMPLE_PRIM36.ram_i_3_n_0. Rewiring did not optimize the net.
INFO: [Physopt 32-134] Processed net u_array/u_xbuf/u_bank1/U0/inst_blk_mem_gen/gnbram.gnativebmg.native_blk_mem_gen/valid.cstr/ramloop[6].ram.r/prim_noinit.ram/wea_13_sn_1. Rewiring did not optimize the net.
INFO: [Physopt 32-232] Optimized 1 net. Created 0 new instance.
INFO: [Physopt 32-775] End 1 Pass. Optimized 1 net or cell. Created 0 new cell, deleted 0 existing cell and moved 0 existing cell
Netlist sorting complete. Time (s): cpu = 00:00:00 ; elapsed = 00:00:00.021 . Memory (MB): peak = 2388.199 ; gain = 0.000
INFO: [Physopt 32-619] Estimated Timing Summary | WNS=-0.361 | TNS=-21.277 |
Netlist sorting complete. Time (s): cpu = 00:00:00 ; elapsed = 00:00:00.014 . Memory (MB): peak = 2388.199 ; gain = 0.000
Phase 11 Rewire | Checksum: 12fe763e9

Time (s): cpu = 00:01:04 ; elapsed = 00:00:43 . Memory (MB): peak = 2388.199 ; gain = 0.000

Phase 12 Critical Cell Optimization
INFO: [Physopt 32-46] Identified 30 candidate nets for critical-cell optimization.
INFO: [Physopt 32-572] Net u_array/u_dma/want_w1 was not replicated.
Resolution: phys_opt_design can be forced to replicate a net driver using the option -force_replication_on_nets <list of net objects>.
INFO: [Physopt 32-572] Net u_array/u_dma/m_axi_arlen[7]_INST_0_i_2_n_0 was not replicated.
Resolution: phys_opt_design can be forced to replicate a net driver using the option -force_replication_on_nets <list of net objects>.
INFO: [Physopt 32-572] Net u_array/u_dma_wr/m_axi_awlen[4]_INST_0_i_4_n_0 was not replicated.
Resolution: phys_opt_design can be forced to replicate a net driver using the option -force_replication_on_nets <list of net objects>.
INFO: [Physopt 32-572] Net u_array/u_dma_wr/m_axi_awlen[0]_INST_0_i_1_n_0 was not replicated.
Resolution: phys_opt_design can be forced to replicate a net driver using the option -force_replication_on_nets <list of net objects>.
INFO: [Physopt 32-572] Net u_array/u_dma_wr/words_r[20] was not replicated.
Resolution: phys_opt_design can be forced to replicate a net driver using the option -force_replication_on_nets <list of net objects>.
INFO: [Physopt 32-572] Net u_array/u_dma_wr/words_r[21] was not replicated.
Resolution: phys_opt_design can be forced to replicate a net driver using the option -force_replication_on_nets <list of net objects>.
INFO: [Physopt 32-572] Net u_array/u_dma/m_axi_arlen[3]_INST_0_i_1_n_0 was not replicated.
Resolution: phys_opt_design can be forced to replicate a net driver using the option -force_replication_on_nets <list of net objects>.
INFO: [Physopt 32-572] Net u_array/u_dma/words_r_reg_n_0_[14] was not replicated.
Resolution: phys_opt_design can be forced to replicate a net driver using the option -force_replication_on_nets <list of net objects>.
INFO: [Physopt 32-572] Net u_array/u_dma/words_r_reg_n_0_[13] was not replicated.
Resolution: phys_opt_design can be forced to replicate a net driver using the option -force_replication_on_nets <list of net objects>.
INFO: [Physopt 32-572] Net u_array/u_dma/words_r_reg_n_0_[17] was not replicated.
Resolution: phys_opt_design can be forced to replicate a net driver using the option -force_replication_on_nets <list of net objects>.
INFO: [Physopt 32-572] Net u_array/u_requant/q_r[9]_i_3_n_0 was not replicated.
Resolution: phys_opt_design can be forced to replicate a net driver using the option -force_replication_on_nets <list of net objects>.
INFO: [Physopt 32-572] Net u_array/u_requant/sticky_r_i_102_n_0 was not replicated.
Resolution: phys_opt_design can be forced to replicate a net driver using the option -force_replication_on_nets <list of net objects>.
INFO: [Physopt 32-572] Net u_array/u_requant/q_r[26]_i_2_n_0 was not replicated.
Resolution: phys_opt_design can be forced to replicate a net driver using the option -force_replication_on_nets <list of net objects>.
INFO: [Physopt 32-572] Net u_array/u_requant/q_r[27]_i_4_n_0 was not replicated.
Resolution: phys_opt_design can be forced to replicate a net driver using the option -force_replication_on_nets <list of net objects>.
INFO: [Physopt 32-572] Net u_array/u_requant/q_r[13]_i_2_n_0 was not replicated.
Resolution: phys_opt_design can be forced to replicate a net driver using the option -force_replication_on_nets <list of net objects>.
INFO: [Physopt 32-572] Net u_array/u_requant/q_r[15]_i_3_n_0 was not replicated.
Resolution: phys_opt_design can be forced to replicate a net driver using the option -force_replication_on_nets <list of net objects>.
INFO: [Physopt 32-572] Net u_array/u_requant/q_r[37]_i_4_n_0 was not replicated.
Resolution: phys_opt_design can be forced to replicate a net driver using the option -force_replication_on_nets <list of net objects>.
INFO: [Physopt 32-572] Net u_array/u_requant/q_r[23]_i_2_n_0 was not replicated.
Resolution: phys_opt_design can be forced to replicate a net driver using the option -force_replication_on_nets <list of net objects>.
INFO: [Physopt 32-572] Net u_array/u_requant/q_r[25]_i_3_n_0 was not replicated.
Resolution: phys_opt_design can be forced to replicate a net driver using the option -force_replication_on_nets <list of net objects>.
INFO: [Physopt 32-572] Net u_array/u_requant/q_r[18]_i_4_n_0 was not replicated.
Resolution: phys_opt_design can be forced to replicate a net driver using the option -force_replication_on_nets <list of net objects>.
INFO: [Physopt 32-572] Net u_array/u_requant/q_r[6]_i_3_n_0 was not replicated.
Resolution: phys_opt_design can be forced to replicate a net driver using the option -force_replication_on_nets <list of net objects>.
INFO: [Physopt 32-572] Net u_array/u_requant/q_r[31]_i_4_n_0 was not replicated.
Resolution: phys_opt_design can be forced to replicate a net driver using the option -force_replication_on_nets <list of net objects>.
INFO: [Physopt 32-572] Net u_array/u_requant/q_r[17]_i_2_n_0 was not replicated.
Resolution: phys_opt_design can be forced to replicate a net driver using the option -force_replication_on_nets <list of net objects>.
INFO: [Physopt 32-572] Net u_array/u_requant/q_r[19]_i_3_n_0 was not replicated.
Resolution: phys_opt_design can be forced to replicate a net driver using the option -force_replication_on_nets <list of net objects>.
INFO: [Physopt 32-572] Net u_array/u_requant/q_r[17]_i_4_n_0 was not replicated.
Resolution: phys_opt_design can be forced to replicate a net driver using the option -force_replication_on_nets <list of net objects>.
INFO: [Physopt 32-572] Net u_array/u_requant/q_r[3]_i_2_n_0 was not replicated.
Resolution: phys_opt_design can be forced to replicate a net driver using the option -force_replication_on_nets <list of net objects>.
INFO: [Physopt 32-572] Net u_array/u_requant/q_r[5]_i_3_n_0 was not replicated.
Resolution: phys_opt_design can be forced to replicate a net driver using the option -force_replication_on_nets <list of net objects>.
INFO: [Physopt 32-232] Optimized 0 net. Created 0 new instance.
INFO: [Physopt 32-775] End 1 Pass. Optimized 0 net or cell. Created 0 new cell, deleted 0 existing cell and moved 0 existing cell
Netlist sorting complete. Time (s): cpu = 00:00:00 ; elapsed = 00:00:00.020 . Memory (MB): peak = 2388.199 ; gain = 0.000
Phase 12 Critical Cell Optimization | Checksum: fb008ea7

Time (s): cpu = 00:01:13 ; elapsed = 00:00:51 . Memory (MB): peak = 2388.199 ; gain = 0.000

Phase 13 SLR Crossing Optimization
Phase 13 SLR Crossing Optimization | Checksum: fb008ea7

Time (s): cpu = 00:01:13 ; elapsed = 00:00:51 . Memory (MB): peak = 2388.199 ; gain = 0.000

Phase 14 Fanout Optimization
INFO: [Physopt 32-76] Pass 1. Identified 1 candidate net for fanout optimization.
INFO: [Physopt 32-572] Net u_array/u_addrgen/we_i0 was not replicated.
Resolution: phys_opt_design can be forced to replicate a net driver using the option -force_replication_on_nets <list of net objects>.
INFO: [Physopt 32-232] Optimized 0 net. Created 0 new instance.
INFO: [Physopt 32-775] End 1 Pass. Optimized 0 net or cell. Created 0 new cell, deleted 0 existing cell and moved 0 existing cell
Netlist sorting complete. Time (s): cpu = 00:00:00 ; elapsed = 00:00:00.019 . Memory (MB): peak = 2388.199 ; gain = 0.000
Phase 14 Fanout Optimization | Checksum: 181388521

Time (s): cpu = 00:01:14 ; elapsed = 00:00:51 . Memory (MB): peak = 2388.199 ; gain = 0.000

Phase 15 Single Cell Placement Optimization
INFO: [Physopt 32-660] Identified 250 candidate nets for placement-based optimization.
INFO: [Physopt 32-662] Processed net u_array/u_dma/want_w1.  Did not re-place instance u_array/u_dma/m_axi_arlen[7]_INST_0_i_14
INFO: [Physopt 32-662] Processed net u_array/u_dma/last_burst_r.  Did not re-place instance u_array/u_dma/last_burst_r_i_1
INFO: [Physopt 32-662] Processed net u_array/u_dma/last_burst_r_i_11_n_0.  Did not re-place instance u_array/u_dma/last_burst_r_i_11
INFO: [Physopt 32-662] Processed net u_array/u_dma/last_burst_r_i_18_n_0.  Did not re-place instance u_array/u_dma/last_burst_r_i_18
INFO: [Physopt 32-662] Processed net u_array/u_dma/m_axi_arlen[7]_INST_0_i_10_n_0.  Did not re-place instance u_array/u_dma/m_axi_arlen[7]_INST_0_i_10
INFO: [Physopt 32-662] Processed net u_array/u_dma/m_axi_arlen[7]_INST_0_i_15_n_0.  Did not re-place instance u_array/u_dma/m_axi_arlen[7]_INST_0_i_15
INFO: [Physopt 32-662] Processed net u_array/u_dma/m_axi_arlen[7]_INST_0_i_18_n_0.  Did not re-place instance u_array/u_dma/m_axi_arlen[7]_INST_0_i_18
INFO: [Physopt 32-662] Processed net u_array/u_dma/words_r_reg_n_0_[23]_repN.  Did not re-place instance u_array/u_dma/words_r_reg[23]_replica
INFO: [Physopt 32-662] Processed net u_array/u_dma/last_burst_r_reg_n_0.  Did not re-place instance u_array/u_dma/last_burst_r_reg
INFO: [Physopt 32-662] Processed net u_array/u_dma/m_axi_arlen[7]_INST_0_i_2_n_0.  Did not re-place instance u_array/u_dma/m_axi_arlen[7]_INST_0_i_2
INFO: [Physopt 32-662] Processed net u_array/u_dma/words_r[3]_i_4__0_n_0.  Did not re-place instance u_array/u_dma/words_r[3]_i_4__0
INFO: [Physopt 32-662] Processed net u_array/u_dma_wr/m_axi_awlen[4]_INST_0_i_4_n_0.  Did not re-place instance u_array/u_dma_wr/m_axi_awlen[4]_INST_0_i_4
INFO: [Physopt 32-662] Processed net u_array/u_dma_wr/m_axi_awlen[0]_INST_0_i_1_n_0.  Did not re-place instance u_array/u_dma_wr/m_axi_awlen[0]_INST_0_i_1
INFO: [Physopt 32-662] Processed net u_array/u_dma_wr/words_r[20].  Did not re-place instance u_array/u_dma_wr/words_r_reg[20]
INFO: [Physopt 32-662] Processed net u_array/u_dma_wr/addr_r[9]_i_5_n_0.  Did not re-place instance u_array/u_dma_wr/addr_r[9]_i_5
INFO: [Physopt 32-662] Processed net u_array/u_dma_wr/m_axi_awlen[0]_INST_0_i_2_n_0.  Did not re-place instance u_array/u_dma_wr/m_axi_awlen[0]_INST_0_i_2_rewire
INFO: [Physopt 32-662] Processed net u_array/u_dma_wr/m_axi_awlen[7]_INST_0_i_12_n_0.  Did not re-place instance u_array/u_dma_wr/m_axi_awlen[7]_INST_0_i_12
INFO: [Physopt 32-662] Processed net u_array/u_dma_wr/m_axi_awaddr[28].  Did not re-place instance u_array/u_dma_wr/addr_r_reg[31]
INFO: [Physopt 32-662] Processed net u_array/u_dma_wr/words_r[21].  Did not re-place instance u_array/u_dma_wr/words_r_reg[21]
INFO: [Physopt 32-662] Processed net u_array/u_dma_wr/m_axi_awlen[0]_INST_0_i_4_n_0.  Did not re-place instance u_array/u_dma_wr/m_axi_awlen[0]_INST_0_i_4_rewire
INFO: [Physopt 32-662] Processed net u_array/u_dma/words_r_reg_n_0_[23].  Did not re-place instance u_array/u_dma/words_r_reg[23]
INFO: [Physopt 32-662] Processed net u_array/u_dma/m_axi_arlen[3]_INST_0_i_1_n_0.  Did not re-place instance u_array/u_dma/m_axi_arlen[3]_INST_0_i_1
INFO: [Physopt 32-662] Processed net u_array/u_dma/words_r_reg_n_0_[14].  Did not re-place instance u_array/u_dma/words_r_reg[14]
INFO: [Physopt 32-662] Processed net u_array/u_dma/m_axi_arlen[3]_INST_0_i_5_n_0.  Did not re-place instance u_array/u_dma/m_axi_arlen[3]_INST_0_i_5
INFO: [Physopt 32-662] Processed net u_array/u_dma/m_axi_arlen[3]_INST_0_i_6_n_0.  Did not re-place instance u_array/u_dma/m_axi_arlen[3]_INST_0_i_6
INFO: [Physopt 32-662] Processed net u_array/u_dma/m_axi_arlen[7]_INST_0_i_12_n_0.  Did not re-place instance u_array/u_dma/m_axi_arlen[7]_INST_0_i_12
INFO: [Physopt 32-662] Processed net u_array/u_dma/m_axi_arlen[7]_INST_0_i_11_n_0.  Did not re-place instance u_array/u_dma/m_axi_arlen[7]_INST_0_i_11
INFO: [Physopt 32-662] Processed net u_array/u_dma/m_axi_arlen[7]_INST_0_i_13_n_0.  Did not re-place instance u_array/u_dma/m_axi_arlen[7]_INST_0_i_13
INFO: [Physopt 32-662] Processed net u_array/u_dma/words_r[3]_i_7__0_n_0.  Did not re-place instance u_array/u_dma/words_r[3]_i_7__0
INFO: [Physopt 32-662] Processed net u_array/u_dma_wr/addr_r[5]_i_4_n_0.  Did not re-place instance u_array/u_dma_wr/addr_r[5]_i_4
INFO: [Physopt 32-662] Processed net u_array/u_dma_wr/m_axi_awlen[7]_INST_0_i_8_n_0.  Did not re-place instance u_array/u_dma_wr/m_axi_awlen[7]_INST_0_i_8
INFO: [Physopt 32-662] Processed net u_array/u_dma/words_r[3]_i_9__0_n_0.  Did not re-place instance u_array/u_dma/words_r[3]_i_9__0
INFO: [Physopt 32-662] Processed net u_array/u_dma_wr/words_r[3]_i_5_n_0.  Did not re-place instance u_array/u_dma_wr/words_r[3]_i_5
INFO: [Physopt 32-662] Processed net u_array/u_dma_wr/words_r[3]_i_9_n_0.  Did not re-place instance u_array/u_dma_wr/words_r[3]_i_9
INFO: [Physopt 32-662] Processed net u_array/u_dma_wr/words_r[23].  Did not re-place instance u_array/u_dma_wr/words_r_reg[23]
INFO: [Physopt 32-662] Processed net u_array/u_dma/words_r[7]_i_3__0_n_0.  Did not re-place instance u_array/u_dma/words_r[7]_i_3__0
INFO: [Physopt 32-662] Processed net u_array/u_dma_wr/p_0_in[7].  Did not re-place instance u_array/u_dma_wr/m_axi_awlen[7]_INST_0_i_1
INFO: [Physopt 32-662] Processed net u_array/u_dma_wr/addr_r[9]_i_4_n_0.  Did not re-place instance u_array/u_dma_wr/addr_r[9]_i_4
INFO: [Physopt 32-662] Processed net u_array/u_dma/m_axi_arlen[7]_INST_0_i_7_n_0.  Did not re-place instance u_array/u_dma/m_axi_arlen[7]_INST_0_i_7
INFO: [Physopt 32-662] Processed net u_array/u_dma/words_r_reg_n_0_[15]_repN.  Did not re-place instance u_array/u_dma/words_r_reg[15]_replica
INFO: [Physopt 32-662] Processed net u_array/u_dma/words_r[7]_i_2__0_n_0.  Did not re-place instance u_array/u_dma/words_r[7]_i_2__0
INFO: [Physopt 32-662] Processed net u_array/u_dma/words_r[3]_i_3__0_n_0.  Did not re-place instance u_array/u_dma/words_r[3]_i_3__0
INFO: [Physopt 32-662] Processed net u_array/u_dma/m_axi_arlen[7]_INST_0_i_9_n_0.  Did not re-place instance u_array/u_dma/m_axi_arlen[7]_INST_0_i_9
INFO: [Physopt 32-662] Processed net u_array/u_dma/m_axi_arlen[7]_INST_0_i_8_n_0.  Did not re-place instance u_array/u_dma/m_axi_arlen[7]_INST_0_i_8
INFO: [Physopt 32-662] Processed net u_array/u_dma/words_r[3]_i_5__0_n_0.  Did not re-place instance u_array/u_dma/words_r[3]_i_5__0
INFO: [Physopt 32-662] Processed net u_array/u_dma_wr/m_axi_awaddr[27].  Did not re-place instance u_array/u_dma_wr/addr_r_reg[30]
INFO: [Physopt 32-662] Processed net u_array/u_dma_wr/m_axi_awaddr[24].  Did not re-place instance u_array/u_dma_wr/addr_r_reg[27]
INFO: [Physopt 32-662] Processed net u_array/u_dma/m_axi_arlen[7]_INST_0_i_6_n_0.  Did not re-place instance u_array/u_dma/m_axi_arlen[7]_INST_0_i_6
INFO: [Physopt 32-662] Processed net u_array/u_dma_wr/m_axi_awlen[7]_INST_0_i_11_n_0.  Did not re-place instance u_array/u_dma_wr/m_axi_awlen[7]_INST_0_i_11
INFO: [Physopt 32-662] Processed net u_array/u_dma/words_r[3]_i_2__0_n_0.  Did not re-place instance u_array/u_dma/words_r[3]_i_2__0
INFO: [Physopt 32-662] Processed net u_array/u_dma/m_axi_arlen[3]_INST_0_i_4_n_0.  Did not re-place instance u_array/u_dma/m_axi_arlen[3]_INST_0_i_4
INFO: [Physopt 32-662] Processed net u_array/u_dma_wr/m_axi_awlen[7]_INST_0_i_10_n_0.  Did not re-place instance u_array/u_dma_wr/m_axi_awlen[7]_INST_0_i_10
INFO: [Physopt 32-662] Processed net u_array/u_dma_wr/m_axi_awaddr[26].  Did not re-place instance u_array/u_dma_wr/addr_r_reg[29]
INFO: [Physopt 32-662] Processed net u_array/u_dma/words_r[3]_i_6__0_n_0.  Did not re-place instance u_array/u_dma/words_r[3]_i_6__0
INFO: [Physopt 32-662] Processed net u_array/u_dma/words_r[3]_i_8__0_n_0.  Did not re-place instance u_array/u_dma/words_r[3]_i_8__0
INFO: [Physopt 32-662] Processed net u_array/u_dma_wr/words_r[22].  Did not re-place instance u_array/u_dma_wr/words_r_reg[22]
INFO: [Physopt 32-662] Processed net u_array/u_dma_wr/words_r[18].  Did not re-place instance u_array/u_dma_wr/words_r_reg[18]
INFO: [Physopt 32-662] Processed net u_array/u_dma_wr/addr_r[5]_i_3_n_0.  Did not re-place instance u_array/u_dma_wr/addr_r[5]_i_3
INFO: [Physopt 32-662] Processed net u_array/u_dma_wr/addr_r[5]_i_2_n_0.  Did not re-place instance u_array/u_dma_wr/addr_r[5]_i_2
INFO: [Physopt 32-662] Processed net u_array/u_requant/q_r[30]_i_4_n_0.  Did not re-place instance u_array/u_requant/q_r[30]_i_4
INFO: [Physopt 32-662] Processed net u_array/u_requant/q_r[16]_i_2_n_0.  Did not re-place instance u_array/u_requant/q_r[16]_i_2
INFO: [Physopt 32-662] Processed net u_array/u_requant/q_r[18]_i_3_n_0.  Did not re-place instance u_array/u_requant/q_r[18]_i_3
INFO: [Physopt 32-662] Processed net u_array/u_requant/q_r[15]_i_1_n_0.  Did not re-place instance u_array/u_requant/q_r[15]_i_1
INFO: [Physopt 32-662] Processed net u_array/u_requant/sticky_r_i_135_n_0.  Did not re-place instance u_array/u_requant/sticky_r_i_135
INFO: [Physopt 32-662] Processed net u_array/u_requant/p_0_in[8].  Did not re-place instance u_array/u_requant/q_r_reg[15]
INFO: [Physopt 32-662] Processed net u_array/u_dma_wr/m_axi_awlen[7]_INST_0_i_6_n_0.  Did not re-place instance u_array/u_dma_wr/m_axi_awlen[7]_INST_0_i_6
INFO: [Physopt 32-662] Processed net u_array/u_dma_wr/words_r[17].  Did not re-place instance u_array/u_dma_wr/words_r_reg[17]
INFO: [Physopt 32-662] Processed net u_array/u_dma/words_r_reg_n_0_[13].  Did not re-place instance u_array/u_dma/words_r_reg[13]
INFO: [Physopt 32-662] Processed net u_array/u_requant/q_r[34]_i_4_n_0.  Did not re-place instance u_array/u_requant/q_r[34]_i_4
INFO: [Physopt 32-662] Processed net u_array/u_requant/q_r[20]_i_2_n_0.  Did not re-place instance u_array/u_requant/q_r[20]_i_2
INFO: [Physopt 32-662] Processed net u_array/u_requant/q_r[22]_i_3_n_0.  Did not re-place instance u_array/u_requant/q_r[22]_i_3
INFO: [Physopt 32-662] Processed net u_array/u_requant/p_0_in[13].  Did not re-place instance u_array/u_requant/q_r_reg[20]
INFO: [Physopt 32-662] Processed net u_array/g_acc[31].u_acc_g/acc_r[147]_i_5__21_n_0.  Did not re-place instance u_array/g_acc[31].u_acc_g/acc_r[147]_i_5__21
INFO: [Physopt 32-662] Processed net u_array/g_acc[31].u_acc_g/p_1_in[155].  Did not re-place instance u_array/g_acc[31].u_acc_g/acc_r[155]_i_1__21
INFO: [Physopt 32-662] Processed net u_array/g_acc[31].u_acc_g/p_1_in[157].  Did not re-place instance u_array/g_acc[31].u_acc_g/acc_r[157]_i_1__21
INFO: [Physopt 32-662] Processed net u_array/g_pe_row[15].g_pe_pair[1].u_pe/S[0].  Did not re-place instance u_array/g_pe_row[15].g_pe_pair[1].u_pe/p0_o__0_carry_i_6__39
INFO: [Physopt 32-662] Processed net u_array/u_dma/last_burst_r_i_12_n_0.  Did not re-place instance u_array/u_dma/last_burst_r_i_12
INFO: [Physopt 32-662] Processed net u_array/u_dma/last_burst_r_i_22_n_0.  Did not re-place instance u_array/u_dma/last_burst_r_i_22
INFO: [Physopt 32-662] Processed net u_array/u_dma/last_burst_r_i_9_n_0.  Did not re-place instance u_array/u_dma/last_burst_r_i_9
INFO: [Physopt 32-662] Processed net u_array/u_requant/q_r[20]_i_1_n_0.  Did not re-place instance u_array/u_requant/q_r[20]_i_1
INFO: [Physopt 32-662] Processed net u_array/g_acc[31].u_acc_g/acc_q_w[8091].  Did not re-place instance u_array/g_acc[31].u_acc_g/acc_r_reg[155]
INFO: [Physopt 32-662] Processed net u_array/g_acc[31].u_acc_g/acc_q_w[8093].  Did not re-place instance u_array/g_acc[31].u_acc_g/acc_r_reg[157]
INFO: [Physopt 32-662] Processed net u_array/u_dma_wr/addr_r[9]_i_9_n_0.  Did not re-place instance u_array/u_dma_wr/addr_r[9]_i_9
INFO: [Physopt 32-662] Processed net u_array/u_dma/words_r_reg_n_0_[17].  Did not re-place instance u_array/u_dma/words_r_reg[17]
INFO: [Physopt 32-662] Processed net u_array/u_requant/p_0_in[17].  Did not re-place instance u_array/u_requant/q_r_reg[24]
INFO: [Physopt 32-662] Processed net u_array/u_requant/q_r[24]_i_2_n_0.  Did not re-place instance u_array/u_requant/q_r[24]_i_2
INFO: [Physopt 32-662] Processed net u_array/u_requant/q_r[26]_i_3_n_0.  Did not re-place instance u_array/u_requant/q_r[26]_i_3
INFO: [Physopt 32-662] Processed net u_array/u_requant/q_r[24]_i_1_n_0.  Did not re-place instance u_array/u_requant/q_r[24]_i_1
INFO: [Physopt 32-662] Processed net u_array/g_acc[31].u_acc_g/p_1_in[159].  Did not re-place instance u_array/g_acc[31].u_acc_g/acc_r[159]_i_1__21
INFO: [Physopt 32-662] Processed net u_array/g_acc[31].u_acc_g/acc_q_w[8095].  Did not re-place instance u_array/g_acc[31].u_acc_g/acc_r_reg[159]
INFO: [Physopt 32-662] Processed net u_array/g_acc[31].u_acc_g/acc_r[147]_i_6__21_n_0.  Did not re-place instance u_array/g_acc[31].u_acc_g/acc_r[147]_i_6__21
INFO: [Physopt 32-662] Processed net u_array/u_dma_wr/m_axi_awlen[7]_INST_0_i_7_n_0.  Did not re-place instance u_array/u_dma_wr/m_axi_awlen[7]_INST_0_i_7
INFO: [Physopt 32-662] Processed net u_array/u_dma_wr/p_0_in[7]_repN.  Did not re-place instance u_array/u_dma_wr/m_axi_awlen[7]_INST_0_i_1_replica
INFO: [Physopt 32-662] Processed net u_array/u_dma_wr/words_r[7]_i_5_n_0.  Did not re-place instance u_array/u_dma_wr/words_r[7]_i_5
INFO: [Physopt 32-662] Processed net u_array/u_requant/q_r[44]_i_5_n_0.  Did not re-place instance u_array/u_requant/q_r[44]_i_5
INFO: [Physopt 32-662] Processed net u_array/u_requant/q_r[30]_i_2_n_0.  Did not re-place instance u_array/u_requant/q_r[30]_i_2
INFO: [Physopt 32-662] Processed net u_array/u_requant/q_r[32]_i_3_n_0.  Did not re-place instance u_array/u_requant/q_r[32]_i_3
INFO: [Physopt 32-662] Processed net u_array/u_dma_wr/words_r[19].  Did not re-place instance u_array/u_dma_wr/words_r_reg[19]
INFO: [Physopt 32-662] Processed net u_array/u_requant/q_r[29]_i_1_n_0.  Did not re-place instance u_array/u_requant/q_r[29]_i_1
INFO: [Physopt 32-662] Processed net u_array/u_requant/p_0_in[22].  Did not re-place instance u_array/u_requant/q_r_reg[29]
INFO: [Physopt 32-662] Processed net u_array/u_requant/q_r[21]_i_4_n_0.  Did not re-place instance u_array/u_requant/q_r[21]_i_4
INFO: [Physopt 32-662] Processed net u_array/u_requant/p_0_in[0].  Did not re-place instance u_array/u_requant/q_r_reg[7]
INFO: [Physopt 32-663] Processed net u_array/u_requant/q_r[7]_i_2_n_0.  Re-placed instance u_array/u_requant/q_r[7]_i_2
INFO: [Physopt 32-662] Processed net u_array/u_requant/q_r[9]_i_3_n_0.  Did not re-place instance u_array/u_requant/q_r[9]_i_3
INFO: [Physopt 32-662] Processed net u_array/u_requant/q_r[7]_i_1_n_0.  Did not re-place instance u_array/u_requant/q_r[7]_i_1
INFO: [Physopt 32-662] Processed net u_array/u_requant/sticky_r_i_102_n_0.  Did not re-place instance u_array/u_requant/sticky_r_i_102
INFO: [Physopt 32-662] Processed net u_array/u_requant/q_r[26]_i_2_n_0.  Did not re-place instance u_array/u_requant/q_r[26]_i_2
INFO: [Physopt 32-662] Processed net u_array/u_requant/p_0_in[18].  Did not re-place instance u_array/u_requant/q_r_reg[25]
INFO: [Physopt 32-662] Processed net u_array/u_requant/q_r[25]_i_1_n_0.  Did not re-place instance u_array/u_requant/q_r[25]_i_1
INFO: [Physopt 32-662] Processed net u_array/u_dma_wr/m_axi_awaddr[25].  Did not re-place instance u_array/u_dma_wr/addr_r_reg[28]
INFO: [Physopt 32-662] Processed net u_array/u_requant/q_r[27]_i_4_n_0.  Did not re-place instance u_array/u_requant/q_r[27]_i_4
INFO: [Physopt 32-662] Processed net u_array/u_requant/q_r[13]_i_2_n_0.  Did not re-place instance u_array/u_requant/q_r[13]_i_2
INFO: [Physopt 32-662] Processed net u_array/u_requant/q_r[15]_i_3_n_0.  Did not re-place instance u_array/u_requant/q_r[15]_i_3
INFO: [Physopt 32-662] Processed net u_array/u_requant/p_0_in[12].  Did not re-place instance u_array/u_requant/q_r_reg[19]
INFO: [Physopt 32-662] Processed net u_array/u_dma_wr/addr_r[5]_i_7_n_0.  Did not re-place instance u_array/u_dma_wr/addr_r[5]_i_7
INFO: [Physopt 32-662] Processed net u_array/u_requant/q_r[12]_i_1_n_0.  Did not re-place instance u_array/u_requant/q_r[12]_i_1
INFO: [Physopt 32-662] Processed net u_array/u_requant/q_r[19]_i_1_n_0.  Did not re-place instance u_array/u_requant/q_r[19]_i_1
INFO: [Physopt 32-662] Processed net u_array/u_requant/p_0_in[5].  Did not re-place instance u_array/u_requant/q_r_reg[12]
INFO: [Physopt 32-662] Processed net u_array/u_dma/words_r_reg_n_0_[16]_repN.  Did not re-place instance u_array/u_dma/words_r_reg[16]_replica
INFO: [Physopt 32-662] Processed net u_array/u_requant/q_r[37]_i_4_n_0.  Did not re-place instance u_array/u_requant/q_r[37]_i_4
INFO: [Physopt 32-662] Processed net u_array/u_requant/q_r[23]_i_2_n_0.  Did not re-place instance u_array/u_requant/q_r[23]_i_2
INFO: [Physopt 32-662] Processed net u_array/u_requant/q_r[25]_i_3_n_0.  Did not re-place instance u_array/u_requant/q_r[25]_i_3
INFO: [Physopt 32-662] Processed net u_array/u_requant/q_r[22]_i_1_n_0.  Did not re-place instance u_array/u_requant/q_r[22]_i_1
INFO: [Physopt 32-662] Processed net u_array/u_requant/p_0_in[15].  Did not re-place instance u_array/u_requant/q_r_reg[22]
INFO: [Physopt 32-662] Processed net u_array/u_dma/last_burst_r_i_10_n_0.  Did not re-place instance u_array/u_dma/last_burst_r_i_10
INFO: [Physopt 32-662] Processed net u_array/u_dma/last_burst_r_i_14_n_0.  Did not re-place instance u_array/u_dma/last_burst_r_i_14
INFO: [Physopt 32-662] Processed net u_array/u_dma_wr/m_axi_awaddr[23].  Did not re-place instance u_array/u_dma_wr/addr_r_reg[26]
INFO: [Physopt 32-662] Processed net u_array/u_requant/q_r[18]_i_4_n_0.  Did not re-place instance u_array/u_requant/q_r[18]_i_4
INFO: [Physopt 32-662] Processed net u_array/u_requant/q_r[4]_i_2_n_0.  Did not re-place instance u_array/u_requant/q_r[4]_i_2
INFO: [Physopt 32-662] Processed net u_array/u_requant/q_r[6]_i_3_n_0.  Did not re-place instance u_array/u_requant/q_r[6]_i_3
INFO: [Physopt 32-662] Processed net u_array/u_requant/q_r[3]_i_1_n_0.  Did not re-place instance u_array/u_requant/q_r[3]_i_1
INFO: [Physopt 32-662] Processed net u_array/u_requant/q_r_reg_n_0_[3].  Did not re-place instance u_array/u_requant/q_r_reg[3]
INFO: [Physopt 32-662] Processed net u_array/u_dma_wr/m_axi_awaddr[20].  Did not re-place instance u_array/u_dma_wr/addr_r_reg[23]
INFO: [Physopt 32-662] Processed net u_array/u_requant/q_r[31]_i_4_n_0.  Did not re-place instance u_array/u_requant/q_r[31]_i_4
INFO: [Physopt 32-662] Processed net u_array/u_requant/q_r[17]_i_2_n_0.  Did not re-place instance u_array/u_requant/q_r[17]_i_2
INFO: [Physopt 32-662] Processed net u_array/u_requant/q_r[19]_i_3_n_0.  Did not re-place instance u_array/u_requant/q_r[19]_i_3
INFO: [Physopt 32-662] Processed net u_array/u_requant/q_r[16]_i_1_n_0.  Did not re-place instance u_array/u_requant/q_r[16]_i_1
INFO: [Physopt 32-662] Processed net u_array/u_requant/p_0_in[9].  Did not re-place instance u_array/u_requant/q_r_reg[16]
INFO: [Physopt 32-662] Processed net u_array/u_requant/q_r[17]_i_4_n_0.  Did not re-place instance u_array/u_requant/q_r[17]_i_4
INFO: [Physopt 32-662] Processed net u_array/u_requant/q_r[3]_i_2_n_0.  Did not re-place instance u_array/u_requant/q_r[3]_i_2
INFO: [Physopt 32-662] Processed net u_array/u_requant/q_r[5]_i_3_n_0.  Did not re-place instance u_array/u_requant/q_r[5]_i_3
INFO: [Physopt 32-662] Processed net u_array/u_dma_wr/words_r[16].  Did not re-place instance u_array/u_dma_wr/words_r_reg[16]
INFO: [Physopt 32-662] Processed net u_array/u_requant/q_r[2]_i_1_n_0.  Did not re-place instance u_array/u_requant/q_r[2]_i_1
INFO: [Physopt 32-662] Processed net u_array/u_requant/q_r_reg_n_0_[2].  Did not re-place instance u_array/u_requant/q_r_reg[2]
INFO: [Physopt 32-662] Processed net u_array/u_requant/q_r[49]_i_3_n_0.  Did not re-place instance u_array/u_requant/q_r[49]_i_3
INFO: [Physopt 32-662] Processed net u_array/u_requant/q_r[43]_i_2_n_0.  Did not re-place instance u_array/u_requant/q_r[43]_i_2
INFO: [Physopt 32-662] Processed net u_array/u_requant/q_r[45]_i_3_n_0.  Did not re-place instance u_array/u_requant/q_r[45]_i_3
INFO: [Physopt 32-662] Processed net u_array/u_requant/q_r[43]_i_1_n_0.  Did not re-place instance u_array/u_requant/q_r[43]_i_1
INFO: [Physopt 32-662] Processed net u_array/u_requant/sticky_r_i_132_n_0.  Did not re-place instance u_array/u_requant/sticky_r_i_132
INFO: [Physopt 32-662] Processed net u_array/u_requant/p_0_in[36].  Did not re-place instance u_array/u_requant/q_r_reg[43]
INFO: [Physopt 32-662] Processed net u_array/u_dma/words_r_reg_n_0_[2].  Did not re-place instance u_array/u_dma/words_r_reg[2]
INFO: [Physopt 32-662] Processed net u_array/u_requant/q_r[26]_i_4_n_0.  Did not re-place instance u_array/u_requant/q_r[26]_i_4
INFO: [Physopt 32-662] Processed net u_array/g_pe_row[15].g_pe_pair[6].u_pe/p0_o__0_carry_i_3__39_n_0.  Did not re-place instance u_array/g_pe_row[15].g_pe_pair[6].u_pe/p0_o__0_carry_i_3__39
INFO: [Physopt 32-662] Processed net u_array/u_requant/p_0_in[16].  Did not re-place instance u_array/u_requant/q_r_reg[23]
INFO: [Physopt 32-662] Processed net u_array/g_acc[31].u_acc_g/acc_r[167]_i_6__21_n_0.  Did not re-place instance u_array/g_acc[31].u_acc_g/acc_r[167]_i_6__21
INFO: [Physopt 32-662] Processed net u_array/g_acc[31].u_acc_g/p_1_in[182].  Did not re-place instance u_array/g_acc[31].u_acc_g/acc_r[182]_i_1__21
INFO: [Physopt 32-662] Processed net u_array/g_pe_row[15].g_pe_pair[6].u_pe/acc_r[163]_i_8__13_n_0.  Did not re-place instance u_array/g_pe_row[15].g_pe_pair[6].u_pe/acc_r[163]_i_8__13
INFO: [Physopt 32-662] Processed net u_array/u_requant/q_r[23]_i_1_n_0.  Did not re-place instance u_array/u_requant/q_r[23]_i_1
INFO: [Physopt 32-662] Processed net u_array/g_acc[31].u_acc_g/acc_q_w[8118].  Did not re-place instance u_array/g_acc[31].u_acc_g/acc_r_reg[182]
INFO: [Physopt 32-662] Processed net u_array/u_requant/q_r[33]_i_4_n_0.  Did not re-place instance u_array/u_requant/q_r[33]_i_4
INFO: [Physopt 32-662] Processed net u_array/u_requant/q_r[19]_i_2_n_0.  Did not re-place instance u_array/u_requant/q_r[19]_i_2
INFO: [Physopt 32-662] Processed net u_array/u_requant/q_r[21]_i_3_n_0.  Did not re-place instance u_array/u_requant/q_r[21]_i_3
INFO: [Physopt 32-662] Processed net u_array/u_requant/p_0_in[11].  Did not re-place instance u_array/u_requant/q_r_reg[18]
INFO: [Physopt 32-662] Processed net u_array/u_requant/q_r[18]_i_1_n_0.  Did not re-place instance u_array/u_requant/q_r[18]_i_1
INFO: [Physopt 32-662] Processed net u_array/u_requant/q_r[29]_i_4_n_0.  Did not re-place instance u_array/u_requant/q_r[29]_i_4
INFO: [Physopt 32-662] Processed net u_array/u_requant/q_r[15]_i_2_n_0.  Did not re-place instance u_array/u_requant/q_r[15]_i_2
INFO: [Physopt 32-662] Processed net u_array/u_requant/q_r[17]_i_3_n_0.  Did not re-place instance u_array/u_requant/q_r[17]_i_3
INFO: [Physopt 32-662] Processed net u_array/g_acc[31].u_acc_g/acc_r[175]_i_6__21_n_0.  Did not re-place instance u_array/g_acc[31].u_acc_g/acc_r[175]_i_6__21
INFO: [Physopt 32-662] Processed net u_array/u_requant/q_r[14]_i_1_n_0.  Did not re-place instance u_array/u_requant/q_r[14]_i_1
INFO: [Physopt 32-662] Processed net u_array/u_requant/p_0_in[7].  Did not re-place instance u_array/u_requant/q_r_reg[14]
INFO: [Physopt 32-662] Processed net u_array/u_requant/q_r[46]_i_5_n_0.  Did not re-place instance u_array/u_requant/q_r[46]_i_5
INFO: [Physopt 32-662] Processed net u_array/u_requant/p_0_in[25].  Did not re-place instance u_array/u_requant/q_r_reg[32]
INFO: [Physopt 32-662] Processed net u_array/u_requant/q_r[32]_i_2_n_0.  Did not re-place instance u_array/u_requant/q_r[32]_i_2
INFO: [Physopt 32-662] Processed net u_array/u_requant/q_r[33]_i_2_n_0.  Did not re-place instance u_array/u_requant/q_r[33]_i_2
INFO: [Physopt 32-662] Processed net u_array/u_requant/q_r[34]_i_3_n_0.  Did not re-place instance u_array/u_requant/q_r[34]_i_3
INFO: [Physopt 32-662] Processed net u_array/u_requant/q_r[35]_i_3_n_0.  Did not re-place instance u_array/u_requant/q_r[35]_i_3
INFO: [Physopt 32-662] Processed net u_array/u_requant/q_r[39]_i_4_n_0.  Did not re-place instance u_array/u_requant/q_r[39]_i_4
INFO: [Physopt 32-662] Processed net u_array/u_requant/q_r[31]_i_1_n_0.  Did not re-place instance u_array/u_requant/q_r[31]_i_1
INFO: [Physopt 32-662] Processed net u_array/u_requant/q_r[32]_i_1_n_0.  Did not re-place instance u_array/u_requant/q_r[32]_i_1
INFO: [Physopt 32-662] Processed net u_array/u_requant/p_0_in[24].  Did not re-place instance u_array/u_requant/q_r_reg[31]
INFO: [Physopt 32-662] Processed net u_array/u_dma_wr/m_axi_awaddr[22].  Did not re-place instance u_array/u_dma_wr/addr_r_reg[25]
INFO: [Physopt 32-662] Processed net u_array/u_requant/q_r[32]_i_4_n_0.  Did not re-place instance u_array/u_requant/q_r[32]_i_4
INFO: [Physopt 32-662] Processed net u_array/u_requant/p_0_in[10].  Did not re-place instance u_array/u_requant/q_r_reg[17]
INFO: [Physopt 32-662] Processed net u_array/u_requant/q_r[18]_i_2_n_0.  Did not re-place instance u_array/u_requant/q_r[18]_i_2
INFO: [Physopt 32-662] Processed net u_array/u_requant/q_r[20]_i_3_n_0.  Did not re-place instance u_array/u_requant/q_r[20]_i_3
INFO: [Physopt 32-662] Processed net u_array/u_requant/q_r[17]_i_1_n_0.  Did not re-place instance u_array/u_requant/q_r[17]_i_1
INFO: [Physopt 32-662] Processed net u_array/g_acc[8].u_acc_g/acc_r[147]_i_5__16_n_0.  Did not re-place instance u_array/g_acc[8].u_acc_g/acc_r[147]_i_5__16
INFO: [Physopt 32-662] Processed net u_array/g_acc[8].u_acc_g/p_1_in[157].  Did not re-place instance u_array/g_acc[8].u_acc_g/acc_r[157]_i_1__16
INFO: [Physopt 32-662] Processed net u_array/g_pe_row[4].g_pe_pair[2].u_pe/p0_o__0_carry_i_6__4_n_0.  Did not re-place instance u_array/g_pe_row[4].g_pe_pair[2].u_pe/p0_o__0_carry_i_6__4
INFO: [Physopt 32-662] Processed net u_array/u_requant/q_r[6]_i_1_n_0.  Did not re-place instance u_array/u_requant/q_r[6]_i_1
INFO: [Physopt 32-662] Processed net u_array/g_acc[8].u_acc_g/acc_q_w[2205].  Did not re-place instance u_array/g_acc[8].u_acc_g/acc_r_reg[157]
INFO: [Physopt 32-662] Processed net u_array/u_requant/q_r_reg_n_0_[6].  Did not re-place instance u_array/u_requant/q_r_reg[6]
INFO: [Physopt 32-662] Processed net u_array/u_requant/p_0_in[26].  Did not re-place instance u_array/u_requant/q_r_reg[33]
INFO: [Physopt 32-662] Processed net u_array/u_requant/q_r[34]_i_2_n_0.  Did not re-place instance u_array/u_requant/q_r[34]_i_2
INFO: [Physopt 32-662] Processed net u_array/u_requant/q_r[36]_i_3_n_0.  Did not re-place instance u_array/u_requant/q_r[36]_i_3
INFO: [Physopt 32-662] Processed net u_array/u_requant/q_r[40]_i_4_n_0.  Did not re-place instance u_array/u_requant/q_r[40]_i_4
INFO: [Physopt 32-662] Processed net u_array/u_requant/q_r[33]_i_1_n_0.  Did not re-place instance u_array/u_requant/q_r[33]_i_1
INFO: [Physopt 32-662] Processed net u_array/u_requant/q_r[16]_i_4_n_0.  Did not re-place instance u_array/u_requant/q_r[16]_i_4
INFO: [Physopt 32-662] Processed net u_array/u_requant/q_r[12]_i_2_n_0.  Did not re-place instance u_array/u_requant/q_r[12]_i_2
INFO: [Physopt 32-662] Processed net u_array/u_requant/q_r[12]_i_3_n_0.  Did not re-place instance u_array/u_requant/q_r[12]_i_3
INFO: [Physopt 32-662] Processed net u_array/u_requant/p_0_in[4].  Did not re-place instance u_array/u_requant/q_r_reg[11]
INFO: [Physopt 32-662] Processed net u_array/g_acc[31].u_acc_g/acc_r[143]_i_6__21_n_0.  Did not re-place instance u_array/g_acc[31].u_acc_g/acc_r[143]_i_6__21
INFO: [Physopt 32-662] Processed net u_array/u_requant/q_r[11]_i_1_n_0.  Did not re-place instance u_array/u_requant/q_r[11]_i_1
INFO: [Physopt 32-662] Processed net u_array/g_acc[8].u_acc_g/p_1_in[159].  Did not re-place instance u_array/g_acc[8].u_acc_g/acc_r[159]_i_1__16
INFO: [Physopt 32-662] Processed net u_array/g_acc[8].u_acc_g/acc_q_w[2207].  Did not re-place instance u_array/g_acc[8].u_acc_g/acc_r_reg[159]
INFO: [Physopt 32-662] Processed net u_array/u_requant/q_r[23]_i_4_n_0.  Did not re-place instance u_array/u_requant/q_r[23]_i_4
INFO: [Physopt 32-662] Processed net u_array/u_dma/words_r_reg_n_0_[18].  Did not re-place instance u_array/u_dma/words_r_reg[18]
INFO: [Physopt 32-662] Processed net u_array/u_requant/p_0_in[1].  Did not re-place instance u_array/u_requant/q_r_reg[8]
INFO: [Physopt 32-662] Processed net u_array/u_requant/q_r[11]_i_3_n_0.  Did not re-place instance u_array/u_requant/q_r[11]_i_3
INFO: [Physopt 32-662] Processed net u_array/u_requant/q_r[9]_i_2_n_0.  Did not re-place instance u_array/u_requant/q_r[9]_i_2
INFO: [Physopt 32-662] Processed net u_array/u_requant/q_r[8]_i_1_n_0.  Did not re-place instance u_array/u_requant/q_r[8]_i_1
INFO: [Physopt 32-662] Processed net u_array/u_requant/q_r[27]_i_2_n_0.  Did not re-place instance u_array/u_requant/q_r[27]_i_2
INFO: [Physopt 32-662] Processed net u_array/u_requant/q_r[29]_i_3_n_0.  Did not re-place instance u_array/u_requant/q_r[29]_i_3
INFO: [Physopt 32-663] Processed net u_array/u_requant/q_r[40]_i_2_n_0.  Re-placed instance u_array/u_requant/q_r[40]_i_2
INFO: [Physopt 32-662] Processed net u_array/u_requant/q_r[42]_i_3_n_0.  Did not re-place instance u_array/u_requant/q_r[42]_i_3
INFO: [Physopt 32-662] Processed net u_array/u_requant/q_r[46]_i_4_n_0.  Did not re-place instance u_array/u_requant/q_r[46]_i_4
INFO: [Physopt 32-662] Processed net u_array/g_acc[31].u_acc_g/acc_r[155]_i_6__21_n_0.  Did not re-place instance u_array/g_acc[31].u_acc_g/acc_r[155]_i_6__21
INFO: [Physopt 32-662] Processed net u_array/u_requant/q_r[27]_i_1_n_0.  Did not re-place instance u_array/u_requant/q_r[27]_i_1
INFO: [Physopt 32-662] Processed net u_array/u_requant/q_r[39]_i_1_n_0.  Did not re-place instance u_array/u_requant/q_r[39]_i_1
INFO: [Physopt 32-662] Processed net u_array/u_requant/p_0_in[20].  Did not re-place instance u_array/u_requant/q_r_reg[27]
INFO: [Physopt 32-662] Processed net u_array/u_requant/p_0_in[32].  Did not re-place instance u_array/u_requant/q_r_reg[39]
INFO: [Physopt 32-662] Processed net u_array/u_requant/q_r[35]_i_4_n_0.  Did not re-place instance u_array/u_requant/q_r[35]_i_4
INFO: [Physopt 32-662] Processed net u_array/u_requant/p_0_in[2].  Did not re-place instance u_array/u_requant/q_r_reg[9]
INFO: [Physopt 32-662] Processed net u_array/u_requant/q_r[10]_i_2_n_0.  Did not re-place instance u_array/u_requant/q_r[10]_i_2
INFO: [Physopt 32-662] Processed net u_array/u_requant/q_r[21]_i_2_n_0.  Did not re-place instance u_array/u_requant/q_r[21]_i_2
INFO: [Physopt 32-662] Processed net u_array/u_requant/q_r[23]_i_3_n_0.  Did not re-place instance u_array/u_requant/q_r[23]_i_3
INFO: [Physopt 32-662] Processed net u_array/g_acc[31].u_acc_g/acc_r[151]_i_5__21_n_0.  Did not re-place instance u_array/g_acc[31].u_acc_g/acc_r[151]_i_5__21
INFO: [Physopt 32-662] Processed net u_array/u_requant/q_r[21]_i_1_n_0.  Did not re-place instance u_array/u_requant/q_r[21]_i_1
INFO: [Physopt 32-662] Processed net u_array/u_requant/q_r[9]_i_1_n_0.  Did not re-place instance u_array/u_requant/q_r[9]_i_1
INFO: [Physopt 32-662] Processed net u_array/u_requant/p_0_in[14].  Did not re-place instance u_array/u_requant/q_r_reg[21]
INFO: [Physopt 32-663] Processed net u_array/u_requant/m_r1[8].  Re-placed instance u_array/u_requant/m_r1_reg[8]
INFO: [Physopt 32-663] Processed net u_array/g_pe_row[10].g_pe_pair[2].u_pe/w_d3_r_reg[7]_0[4].  Re-placed instance u_array/g_pe_row[10].g_pe_pair[2].u_pe/w_d3_r_reg[4]
INFO: [Physopt 32-663] Processed net u_array/u_requant/m_r1[4].  Re-placed instance u_array/u_requant/m_r1_reg[4]
INFO: [Physopt 32-662] Processed net u_array/g_acc[21].u_acc_g/acc_r[83]_i_5__5_n_0.  Did not re-place instance u_array/g_acc[21].u_acc_g/acc_r[83]_i_5__5
INFO: [Physopt 32-662] Processed net u_array/g_acc[21].u_acc_g/p_1_in[93].  Did not re-place instance u_array/g_acc[21].u_acc_g/acc_r[93]_i_1__5
INFO: [Physopt 32-662] Processed net u_array/g_pe_row[10].g_pe_pair[2].u_pe/w_d3_r_reg[7]_6[1].  Did not re-place instance u_array/g_pe_row[10].g_pe_pair[2].u_pe/acc_r[79]_i_14
INFO: [Physopt 32-662] Processed net u_array/u_dma/words_r[7]_i_4__0_n_0.  Did not re-place instance u_array/u_dma/words_r[7]_i_4__0
INFO: [Physopt 32-662] Processed net u_array/g_acc[21].u_acc_g/acc_q_w__0[5469].  Did not re-place instance u_array/g_acc[21].u_acc_g/acc_r_reg[93]
INFO: [Physopt 32-663] Processed net u_array/g_pe_row[13].g_pe_pair[1].u_pe/w_d3_r_reg[7]_0[0].  Re-placed instance u_array/g_pe_row[13].g_pe_pair[1].u_pe/w_d3_r_reg[0]
INFO: [Physopt 32-663] Processed net u_array/u_requant/m_r1[0].  Re-placed instance u_array/u_requant/m_r1_reg[0]
INFO: [Physopt 32-663] Processed net u_array/u_requant/m_r1[15].  Re-placed instance u_array/u_requant/m_r1_reg[15]
INFO: [Physopt 32-663] Processed net u_array/u_requant/m_r1[3].  Re-placed instance u_array/u_requant/m_r1_reg[3]
INFO: [Physopt 32-662] Processed net u_array/u_requant/p_0_in[35].  Did not re-place instance u_array/u_requant/q_r_reg[42]
INFO: [Physopt 32-662] Processed net u_array/g_acc[26].u_acc_g/acc_r[147]_i_5__1_n_0.  Did not re-place instance u_array/g_acc[26].u_acc_g/acc_r[147]_i_5__1
INFO: [Physopt 32-662] Processed net u_array/g_acc[26].u_acc_g/p_1_in[159].  Did not re-place instance u_array/g_acc[26].u_acc_g/acc_r[159]_i_1__1
INFO: [Physopt 32-662] Processed net u_array/g_pe_row[13].g_pe_pair[1].u_pe/w_d3_r_reg[2]_5[0].  Did not re-place instance u_array/g_pe_row[13].g_pe_pair[1].u_pe/p0_o__0_carry_i_6__53
INFO: [Physopt 32-662] Processed net u_array/u_requant/q_r[42]_i_1_n_0.  Did not re-place instance u_array/u_requant/q_r[42]_i_1
INFO: [Physopt 32-662] Processed net u_array/g_acc[26].u_acc_g/acc_q_w__0[6815].  Did not re-place instance u_array/g_acc[26].u_acc_g/acc_r_reg[159]
INFO: [Physopt 32-662] Processed net u_array/u_dma_wr/p_0_in[7]_repN_1.  Did not re-place instance u_array/u_dma_wr/m_axi_awlen[7]_INST_0_i_1_replica_1
INFO: [Physopt 32-662] Processed net u_array/u_dma_wr/addr_r[9]_i_8_n_0.  Did not re-place instance u_array/u_dma_wr/addr_r[9]_i_8
INFO: [Physopt 32-661] Optimized 9 nets.  Re-placed 9 instances.
INFO: [Physopt 32-775] End 1 Pass. Optimized 9 nets or cells. Created 0 new cell, deleted 0 existing cell and moved 9 existing cells
INFO: [Physopt 32-619] Estimated Timing Summary | WNS=-0.361 | TNS=-20.564 |
Netlist sorting complete. Time (s): cpu = 00:00:00 ; elapsed = 00:00:00.019 . Memory (MB): peak = 2388.199 ; gain = 0.000
Phase 15 Single Cell Placement Optimization | Checksum: 1bfdde64b

Time (s): cpu = 00:01:26 ; elapsed = 00:00:59 . Memory (MB): peak = 2388.199 ; gain = 0.000

Phase 16 Multi Cell Placement Optimization
INFO: [Physopt 32-660] Identified 100 candidate nets for placement-based optimization.
INFO: [Physopt 32-662] Processed net u_array/u_dma/want_w1.  Did not re-place instance u_array/u_dma/m_axi_arlen[7]_INST_0_i_14/O
INFO: [Physopt 32-662] Processed net u_array/u_dma/last_burst_r.  Did not re-place instance u_array/u_dma/last_burst_r_i_1/O
INFO: [Physopt 32-662] Processed net u_array/u_dma/last_burst_r_i_18_n_0.  Did not re-place instance u_array/u_dma/last_burst_r_i_18/O
INFO: [Physopt 32-662] Processed net u_array/u_dma/m_axi_arlen[7]_INST_0_i_15_n_0.  Did not re-place instance u_array/u_dma/m_axi_arlen[7]_INST_0_i_15/O
INFO: [Physopt 32-662] Processed net u_array/u_dma/m_axi_arlen[7]_INST_0_i_18_n_0.  Did not re-place instance u_array/u_dma/m_axi_arlen[7]_INST_0_i_18/O
INFO: [Physopt 32-662] Processed net u_array/u_dma/words_r_reg_n_0_[23]_repN.  Did not re-place instance u_array/u_dma/words_r_reg[23]_replica/Q
INFO: [Physopt 32-662] Processed net u_array/u_dma/m_axi_arlen[7]_INST_0_i_2_n_0.  Did not re-place instance u_array/u_dma/m_axi_arlen[7]_INST_0_i_2/O
INFO: [Physopt 32-662] Processed net u_array/u_dma/m_axi_arlen[7]_INST_0_i_2_n_0.  Did not re-place instance u_array/u_dma/m_axi_arlen[7]_INST_0_i_2/O
INFO: [Physopt 32-662] Processed net u_array/u_dma/m_axi_arlen[7]_INST_0_i_2_n_0.  Did not re-place instance u_array/u_dma/m_axi_arlen[7]_INST_0_i_2/O
INFO: [Physopt 32-662] Processed net u_array/u_dma/m_axi_arlen[7]_INST_0_i_2_n_0.  Did not re-place instance u_array/u_dma/m_axi_arlen[7]_INST_0_i_2/O
INFO: [Physopt 32-662] Processed net u_array/u_dma/m_axi_arlen[7]_INST_0_i_2_n_0.  Did not re-place instance u_array/u_dma/m_axi_arlen[7]_INST_0_i_2/O
INFO: [Physopt 32-662] Processed net u_array/u_dma/m_axi_arlen[7]_INST_0_i_2_n_0.  Did not re-place instance u_array/u_dma/m_axi_arlen[7]_INST_0_i_2/O
INFO: [Physopt 32-662] Processed net u_array/u_dma/m_axi_arlen[7]_INST_0_i_2_n_0.  Did not re-place instance u_array/u_dma/m_axi_arlen[7]_INST_0_i_2/O
INFO: [Physopt 32-662] Processed net u_array/u_dma/m_axi_arlen[7]_INST_0_i_2_n_0.  Did not re-place instance u_array/u_dma/m_axi_arlen[7]_INST_0_i_2/O
INFO: [Physopt 32-662] Processed net u_array/u_dma_wr/m_axi_awlen[4]_INST_0_i_4_n_0.  Did not re-place instance u_array/u_dma_wr/m_axi_awlen[4]_INST_0_i_4/O
INFO: [Physopt 32-662] Processed net u_array/u_dma_wr/m_axi_awlen[0]_INST_0_i_1_n_0.  Did not re-place instance u_array/u_dma_wr/m_axi_awlen[0]_INST_0_i_1/O
INFO: [Physopt 32-662] Processed net u_array/u_dma_wr/m_axi_awlen[0]_INST_0_i_1_n_0.  Did not re-place instance u_array/u_dma_wr/m_axi_awlen[0]_INST_0_i_1/O
INFO: [Physopt 32-662] Processed net u_array/u_dma_wr/m_axi_awlen[0]_INST_0_i_1_n_0.  Did not re-place instance u_array/u_dma_wr/m_axi_awlen[0]_INST_0_i_1/O
INFO: [Physopt 32-662] Processed net u_array/u_dma_wr/m_axi_awlen[0]_INST_0_i_1_n_0.  Did not re-place instance u_array/u_dma_wr/m_axi_awlen[0]_INST_0_i_1/O
INFO: [Physopt 32-662] Processed net u_array/u_dma_wr/words_r[20].  Did not re-place instance u_array/u_dma_wr/words_r_reg[20]/Q
INFO: [Physopt 32-662] Processed net u_array/u_dma_wr/m_axi_awlen[0]_INST_0_i_2_n_0.  Did not re-place instance u_array/u_dma_wr/m_axi_awlen[0]_INST_0_i_2_rewire/O
INFO: [Physopt 32-662] Processed net u_array/u_dma_wr/words_r[21].  Did not re-place instance u_array/u_dma_wr/words_r_reg[21]/Q
INFO: [Physopt 32-662] Processed net u_array/u_dma_wr/m_axi_awlen[0]_INST_0_i_4_n_0.  Did not re-place instance u_array/u_dma_wr/m_axi_awlen[0]_INST_0_i_4_rewire/O
INFO: [Physopt 32-662] Processed net u_array/u_dma/m_axi_arlen[3]_INST_0_i_1_n_0.  Did not re-place instance u_array/u_dma/m_axi_arlen[3]_INST_0_i_1/O
INFO: [Physopt 32-662] Processed net u_array/u_dma/m_axi_arlen[3]_INST_0_i_1_n_0.  Did not re-place instance u_array/u_dma/m_axi_arlen[3]_INST_0_i_1/O
INFO: [Physopt 32-662] Processed net u_array/u_dma/m_axi_arlen[3]_INST_0_i_1_n_0.  Did not re-place instance u_array/u_dma/m_axi_arlen[3]_INST_0_i_1/O
INFO: [Physopt 32-662] Processed net u_array/u_dma/m_axi_arlen[3]_INST_0_i_1_n_0.  Did not re-place instance u_array/u_dma/m_axi_arlen[3]_INST_0_i_1/O
INFO: [Physopt 32-662] Processed net u_array/u_dma/m_axi_arlen[3]_INST_0_i_1_n_0.  Did not re-place instance u_array/u_dma/m_axi_arlen[3]_INST_0_i_1/O
INFO: [Physopt 32-662] Processed net u_array/u_dma/m_axi_arlen[3]_INST_0_i_1_n_0.  Did not re-place instance u_array/u_dma/m_axi_arlen[3]_INST_0_i_1/O
INFO: [Physopt 32-662] Processed net u_array/u_dma/words_r_reg_n_0_[14].  Did not re-place instance u_array/u_dma/words_r_reg[14]/Q
INFO: [Physopt 32-662] Processed net u_array/u_dma/m_axi_arlen[3]_INST_0_i_5_n_0.  Did not re-place instance u_array/u_dma/m_axi_arlen[3]_INST_0_i_5/O
INFO: [Physopt 32-662] Processed net u_array/u_dma/m_axi_arlen[3]_INST_0_i_6_n_0.  Did not re-place instance u_array/u_dma/m_axi_arlen[3]_INST_0_i_6/O
INFO: [Physopt 32-662] Processed net u_array/u_dma_wr/p_0_in[7].  Did not re-place instance u_array/u_dma_wr/m_axi_awlen[7]_INST_0_i_1/O
INFO: [Physopt 32-662] Processed net u_array/u_dma/words_r_reg_n_0_[15]_repN.  Did not re-place instance u_array/u_dma/words_r_reg[15]_replica/Q
INFO: [Physopt 32-662] Processed net u_array/u_dma/m_axi_arlen[3]_INST_0_i_4_n_0.  Did not re-place instance u_array/u_dma/m_axi_arlen[3]_INST_0_i_4/O
INFO: [Physopt 32-662] Processed net u_array/u_dma_wr/words_r[18].  Did not re-place instance u_array/u_dma_wr/words_r_reg[18]/Q
INFO: [Physopt 32-662] Processed net u_array/u_requant/q_r[30]_i_4_n_0.  Did not re-place instance u_array/u_requant/q_r[30]_i_4/O
INFO: [Physopt 32-662] Processed net u_array/u_requant/q_r[16]_i_2_n_0.  Did not re-place instance u_array/u_requant/q_r[16]_i_2/O
INFO: [Physopt 32-662] Processed net u_array/u_requant/q_r[18]_i_3_n_0.  Did not re-place instance u_array/u_requant/q_r[18]_i_3/O
INFO: [Physopt 32-662] Processed net u_array/u_requant/q_r[15]_i_1_n_0.  Did not re-place instance u_array/u_requant/q_r[15]_i_1/O
INFO: [Physopt 32-662] Processed net u_array/u_dma/words_r_reg_n_0_[13].  Did not re-place instance u_array/u_dma/words_r_reg[13]/Q
INFO: [Physopt 32-662] Processed net u_array/u_requant/q_r[34]_i_4_n_0.  Did not re-place instance u_array/u_requant/q_r[34]_i_4/O
INFO: [Physopt 32-662] Processed net u_array/u_requant/q_r[20]_i_2_n_0.  Did not re-place instance u_array/u_requant/q_r[20]_i_2/O
INFO: [Physopt 32-662] Processed net u_array/u_requant/q_r[22]_i_3_n_0.  Did not re-place instance u_array/u_requant/q_r[22]_i_3/O
INFO: [Physopt 32-662] Processed net u_array/g_acc[31].u_acc_g/p_1_in[155].  Did not re-place instance u_array/g_acc[31].u_acc_g/acc_r[155]_i_1__21/O
INFO: [Physopt 32-662] Processed net u_array/g_acc[31].u_acc_g/p_1_in[157].  Did not re-place instance u_array/g_acc[31].u_acc_g/acc_r[157]_i_1__21/O
INFO: [Physopt 32-662] Processed net u_array/u_dma/last_burst_r_i_12_n_0.  Did not re-place instance u_array/u_dma/last_burst_r_i_12/O
INFO: [Physopt 32-662] Processed net u_array/u_dma/last_burst_r_i_22_n_0.  Did not re-place instance u_array/u_dma/last_burst_r_i_22/O
INFO: [Physopt 32-662] Processed net u_array/u_requant/q_r[20]_i_1_n_0.  Did not re-place instance u_array/u_requant/q_r[20]_i_1/O
INFO: [Physopt 32-662] Processed net u_array/u_dma/words_r_reg_n_0_[17].  Did not re-place instance u_array/u_dma/words_r_reg[17]/Q
INFO: [Physopt 32-662] Processed net u_array/u_dma/words_r_reg_n_0_[17].  Did not re-place instance u_array/u_dma/words_r_reg[17]/Q
INFO: [Physopt 32-662] Processed net u_array/u_dma/words_r_reg_n_0_[17].  Did not re-place instance u_array/u_dma/words_r_reg[17]/Q
INFO: [Physopt 32-662] Processed net u_array/u_requant/q_r[24]_i_2_n_0.  Did not re-place instance u_array/u_requant/q_r[24]_i_2/O
INFO: [Physopt 32-662] Processed net u_array/u_requant/q_r[26]_i_3_n_0.  Did not re-place instance u_array/u_requant/q_r[26]_i_3/O
INFO: [Physopt 32-662] Processed net u_array/u_requant/q_r[24]_i_1_n_0.  Did not re-place instance u_array/u_requant/q_r[24]_i_1/O
INFO: [Physopt 32-662] Processed net u_array/g_acc[31].u_acc_g/p_1_in[159].  Did not re-place instance u_array/g_acc[31].u_acc_g/acc_r[159]_i_1__21/O
INFO: [Physopt 32-662] Processed net u_array/u_dma_wr/p_0_in[7]_repN.  Did not re-place instance u_array/u_dma_wr/m_axi_awlen[7]_INST_0_i_1_replica/O
INFO: [Physopt 32-662] Processed net u_array/u_requant/q_r[44]_i_5_n_0.  Did not re-place instance u_array/u_requant/q_r[44]_i_5/O
INFO: [Physopt 32-662] Processed net u_array/u_requant/q_r[30]_i_2_n_0.  Did not re-place instance u_array/u_requant/q_r[30]_i_2/O
INFO: [Physopt 32-662] Processed net u_array/u_requant/q_r[32]_i_3_n_0.  Did not re-place instance u_array/u_requant/q_r[32]_i_3/O
INFO: [Physopt 32-662] Processed net u_array/u_requant/q_r[29]_i_1_n_0.  Did not re-place instance u_array/u_requant/q_r[29]_i_1/O
INFO: [Physopt 32-661] Optimized 0 net.  Re-placed 0 instance.
INFO: [Physopt 32-775] End 1 Pass. Optimized 0 net or cell. Created 0 new cell, deleted 0 existing cell and moved 0 existing cell
Netlist sorting complete. Time (s): cpu = 00:00:00 ; elapsed = 00:00:00.017 . Memory (MB): peak = 2388.199 ; gain = 0.000
Phase 16 Multi Cell Placement Optimization | Checksum: 1a1350369

Time (s): cpu = 00:01:32 ; elapsed = 00:01:03 . Memory (MB): peak = 2388.199 ; gain = 0.000

Phase 17 Rewire
INFO: [Physopt 32-246] Starting Signal Push optimization...
INFO: [Physopt 32-241] No nets found for rewiring () optimization.
INFO: [Physopt 32-232] Optimized 0 net. Created 0 new instance.
INFO: [Physopt 32-775] End 1 Pass. Optimized 0 net or cell. Created 0 new cell, deleted 0 existing cell and moved 0 existing cell
Netlist sorting complete. Time (s): cpu = 00:00:00 ; elapsed = 00:00:00.016 . Memory (MB): peak = 2388.199 ; gain = 0.000
Phase 17 Rewire | Checksum: 1a1350369

Time (s): cpu = 00:01:33 ; elapsed = 00:01:03 . Memory (MB): peak = 2388.199 ; gain = 0.000

Phase 18 Critical Cell Optimization
INFO: [Physopt 32-46] Identified 30 candidate nets for critical-cell optimization.
INFO: [Physopt 32-572] Net u_array/u_requant/q_r[21]_i_4_n_0 was not replicated.
Resolution: phys_opt_design can be forced to replicate a net driver using the option -force_replication_on_nets <list of net objects>.
INFO: [Physopt 32-572] Net u_array/u_requant/q_r[7]_i_2_n_0 was not replicated.
Resolution: phys_opt_design can be forced to replicate a net driver using the option -force_replication_on_nets <list of net objects>.
INFO: [Physopt 32-572] Net u_array/u_requant/q_r[9]_i_3_n_0 was not replicated.
Resolution: phys_opt_design can be forced to replicate a net driver using the option -force_replication_on_nets <list of net objects>.
INFO: [Physopt 32-572] Net u_array/u_requant/sticky_r_i_102_n_0 was not replicated.
Resolution: phys_opt_design can be forced to replicate a net driver using the option -force_replication_on_nets <list of net objects>.
INFO: [Physopt 32-572] Net u_array/u_dma_wr/words_r[16] was not replicated.
Resolution: phys_opt_design can be forced to replicate a net driver using the option -force_replication_on_nets <list of net objects>.
INFO: [Physopt 32-572] Net u_array/u_requant/q_r[49]_i_3_n_0 was not replicated.
Resolution: phys_opt_design can be forced to replicate a net driver using the option -force_replication_on_nets <list of net objects>.
INFO: [Physopt 32-572] Net u_array/u_requant/q_r[43]_i_2_n_0 was not replicated.
Resolution: phys_opt_design can be forced to replicate a net driver using the option -force_replication_on_nets <list of net objects>.
INFO: [Physopt 32-572] Net u_array/u_requant/q_r[45]_i_3_n_0 was not replicated.
Resolution: phys_opt_design can be forced to replicate a net driver using the option -force_replication_on_nets <list of net objects>.
INFO: [Physopt 32-572] Net u_array/u_requant/q_r[26]_i_4_n_0 was not replicated.
Resolution: phys_opt_design can be forced to replicate a net driver using the option -force_replication_on_nets <list of net objects>.
INFO: [Physopt 32-572] Net u_array/u_requant/q_r[33]_i_4_n_0 was not replicated.
Resolution: phys_opt_design can be forced to replicate a net driver using the option -force_replication_on_nets <list of net objects>.
INFO: [Physopt 32-572] Net u_array/u_requant/q_r[19]_i_2_n_0 was not replicated.
Resolution: phys_opt_design can be forced to replicate a net driver using the option -force_replication_on_nets <list of net objects>.
INFO: [Physopt 32-571] Net u_array/u_requant/q_r[21]_i_3_n_0 was not replicated.
INFO: [Physopt 32-572] Net u_array/u_requant/q_r[29]_i_4_n_0 was not replicated.
Resolution: phys_opt_design can be forced to replicate a net driver using the option -force_replication_on_nets <list of net objects>.
INFO: [Physopt 32-572] Net u_array/u_requant/q_r[15]_i_2_n_0 was not replicated.
Resolution: phys_opt_design can be forced to replicate a net driver using the option -force_replication_on_nets <list of net objects>.
INFO: [Physopt 32-572] Net u_array/u_requant/q_r[17]_i_3_n_0 was not replicated.
Resolution: phys_opt_design can be forced to replicate a net driver using the option -force_replication_on_nets <list of net objects>.
INFO: [Physopt 32-572] Net u_array/u_requant/q_r[46]_i_5_n_0 was not replicated.
Resolution: phys_opt_design can be forced to replicate a net driver using the option -force_replication_on_nets <list of net objects>.
INFO: [Physopt 32-572] Net u_array/u_requant/q_r[32]_i_2_n_0 was not replicated.
Resolution: phys_opt_design can be forced to replicate a net driver using the option -force_replication_on_nets <list of net objects>.
INFO: [Physopt 32-572] Net u_array/u_requant/q_r[33]_i_2_n_0 was not replicated.
Resolution: phys_opt_design can be forced to replicate a net driver using the option -force_replication_on_nets <list of net objects>.
INFO: [Physopt 32-572] Net u_array/u_requant/q_r[34]_i_3_n_0 was not replicated.
Resolution: phys_opt_design can be forced to replicate a net driver using the option -force_replication_on_nets <list of net objects>.
INFO: [Physopt 32-572] Net u_array/u_requant/q_r[35]_i_3_n_0 was not replicated.
Resolution: phys_opt_design can be forced to replicate a net driver using the option -force_replication_on_nets <list of net objects>.
INFO: [Physopt 32-572] Net u_array/u_requant/q_r[39]_i_4_n_0 was not replicated.
Resolution: phys_opt_design can be forced to replicate a net driver using the option -force_replication_on_nets <list of net objects>.
INFO: [Physopt 32-572] Net u_array/u_requant/q_r[32]_i_4_n_0 was not replicated.
Resolution: phys_opt_design can be forced to replicate a net driver using the option -force_replication_on_nets <list of net objects>.
INFO: [Physopt 32-572] Net u_array/u_requant/q_r[18]_i_2_n_0 was not replicated.
Resolution: phys_opt_design can be forced to replicate a net driver using the option -force_replication_on_nets <list of net objects>.
INFO: [Physopt 32-571] Net u_array/u_requant/q_r[20]_i_3_n_0 was not replicated.
INFO: [Physopt 32-572] Net u_array/u_requant/q_r[34]_i_2_n_0 was not replicated.
Resolution: phys_opt_design can be forced to replicate a net driver using the option -force_replication_on_nets <list of net objects>.
INFO: [Physopt 32-81] Processed net u_array/u_requant/q_r[36]_i_3_n_0. Replicated 1 times.
INFO: [Physopt 32-232] Optimized 1 net. Created 1 new instance.
INFO: [Physopt 32-775] End 1 Pass. Optimized 1 net or cell. Created 1 new cell, deleted 0 existing cell and moved 0 existing cell
INFO: [Physopt 32-619] Estimated Timing Summary | WNS=-0.361 | TNS=-21.044 |
Netlist sorting complete. Time (s): cpu = 00:00:01 ; elapsed = 00:00:00.022 . Memory (MB): peak = 2388.199 ; gain = 0.000
Phase 18 Critical Cell Optimization | Checksum: 196d1ddd2

Time (s): cpu = 00:01:40 ; elapsed = 00:01:07 . Memory (MB): peak = 2388.199 ; gain = 0.000

Phase 19 DSP Register Optimization
INFO: [Physopt 32-457] Pass 1. Identified 29 candidate cells for DSP register optimization.
INFO: [Physopt 32-666] Processed cell u_array/u_requant/prod_c_w__2. No change.
INFO: [Physopt 32-665] Processed cell u_array/g_pe_row[15].g_pe_pair[6].u_pe/u_dsp48. 34 registers were pushed out.
INFO: [Physopt 32-665] Processed cell u_array/g_pe_row[4].g_pe_pair[2].u_pe/u_dsp48. 34 registers were pushed out.
INFO: [Physopt 32-666] Processed cell u_array/u_requant/prod_c_w__0. No change.
INFO: [Physopt 32-665] Processed cell u_array/g_pe_row[7].g_pe_pair[6].u_pe/u_dsp48. 34 registers were pushed out.
INFO: [Physopt 32-665] Processed cell u_array/g_pe_row[6].g_pe_pair[7].u_pe/u_dsp48. 34 registers were pushed out.
INFO: [Physopt 32-666] Processed cell u_array/g_pe_row[13].g_pe_pair[1].u_pe/u_dsp48. No change.
INFO: [Physopt 32-665] Processed cell u_array/g_pe_row[14].g_pe_pair[2].u_pe/u_dsp48. 34 registers were pushed out.
INFO: [Physopt 32-665] Processed cell u_array/g_pe_row[11].g_pe_pair[7].u_pe/u_dsp48. 34 registers were pushed out.
INFO: [Physopt 32-666] Processed cell u_array/g_pe_row[14].g_pe_pair[6].u_pe/u_dsp48. No change.
INFO: [Physopt 32-665] Processed cell u_array/g_pe_row[1].g_pe_pair[5].u_pe/u_dsp48. 34 registers were pushed out.
INFO: [Physopt 32-665] Processed cell u_array/g_pe_row[11].g_pe_pair[3].u_pe/u_dsp48. 34 registers were pushed out.
INFO: [Physopt 32-666] Processed cell u_array/g_pe_row[6].g_pe_pair[0].u_pe/u_dsp48. No change.
INFO: [Physopt 32-666] Processed cell u_array/u_ctrl/rq_limit_r0. No change.
INFO: [Physopt 32-665] Processed cell u_array/g_pe_row[15].g_pe_pair[0].u_pe/u_dsp48. 34 registers were pushed out.
INFO: [Physopt 32-666] Processed cell u_array/g_pe_row[2].g_pe_pair[2].u_pe/u_dsp48. No change.
INFO: [Physopt 32-665] Processed cell u_array/g_pe_row[4].g_pe_pair[4].u_pe/u_dsp48. 34 registers were pushed out.
INFO: [Physopt 32-666] Processed cell u_array/g_pe_row[6].g_pe_pair[3].u_pe/u_dsp48. No change.
INFO: [Physopt 32-665] Processed cell u_array/g_pe_row[5].g_pe_pair[7].u_pe/u_dsp48. 34 registers were pushed out.
INFO: [Physopt 32-665] Processed cell u_array/g_pe_row[0].g_pe_pair[3].u_pe/u_dsp48. 34 registers were pushed out.
INFO: [Physopt 32-666] Processed cell u_array/g_pe_row[5].g_pe_pair[6].u_pe/u_dsp48. No change.
INFO: [Physopt 32-665] Processed cell u_array/g_pe_row[12].g_pe_pair[1].u_pe/u_dsp48. 34 registers were pushed out.
INFO: [Physopt 32-666] Processed cell u_array/g_pe_row[0].g_pe_pair[1].u_pe/u_dsp48. No change.
INFO: [Physopt 32-665] Processed cell u_array/g_pe_row[11].g_pe_pair[0].u_pe/u_dsp48. 34 registers were pushed out.
INFO: [Physopt 32-666] Processed cell u_array/g_pe_row[0].g_pe_pair[2].u_pe/u_dsp48. No change.
INFO: [Physopt 32-665] Processed cell u_array/g_pe_row[2].g_pe_pair[5].u_pe/u_dsp48. 34 registers were pushed out.
INFO: [Physopt 32-665] Processed cell u_array/g_pe_row[10].g_pe_pair[5].u_pe/u_dsp48. 34 registers were pushed out.
INFO: [Physopt 32-665] Processed cell u_array/g_pe_row[12].g_pe_pair[2].u_pe/u_dsp48. 34 registers were pushed out.
INFO: [Physopt 32-666] Processed cell u_array/g_pe_row[2].g_pe_pair[3].u_pe/u_dsp48. No change.
INFO: [Physopt 32-775] End 1 Pass. Optimized 17 nets or cells. Created 578 new cells, deleted 0 existing cell and moved 0 existing cell
INFO: [Physopt 32-619] Estimated Timing Summary | WNS=-0.361 | TNS=-20.039 |
Netlist sorting complete. Time (s): cpu = 00:00:00 ; elapsed = 00:00:00.126 . Memory (MB): peak = 2388.199 ; gain = 0.000
Phase 19 DSP Register Optimization | Checksum: 20c1a4719

Time (s): cpu = 00:02:45 ; elapsed = 00:01:52 . Memory (MB): peak = 2388.199 ; gain = 0.000

Phase 20 BRAM Register Optimization
INFO: [Physopt 32-527] Pass 1: Identified 10 candidate cells for BRAM register optimization
INFO: [Physopt 32-665] Processed cell u_array/u_xbuf/u_bank1/U0/inst_blk_mem_gen/gnbram.gnativebmg.native_blk_mem_gen/valid.cstr/ramloop[4].ram.r/prim_noinit.ram/DEVICE_7SERIES.NO_BMM_INFO.SDP.SIMPLE_PRIM36.ram. 16 registers were pushed out.
INFO: [Physopt 32-665] Processed cell u_array/u_xbuf/u_bank0/U0/inst_blk_mem_gen/gnbram.gnativebmg.native_blk_mem_gen/valid.cstr/ramloop[9].ram.r/prim_noinit.ram/DEVICE_7SERIES.NO_BMM_INFO.SDP.SIMPLE_PRIM36.ram. 16 registers were pushed out.
INFO: [Physopt 32-665] Processed cell u_array/u_xbuf/u_bank1/U0/inst_blk_mem_gen/gnbram.gnativebmg.native_blk_mem_gen/valid.cstr/ramloop[9].ram.r/prim_noinit.ram/DEVICE_7SERIES.NO_BMM_INFO.SDP.SIMPLE_PRIM36.ram. 16 registers were pushed out.
INFO: [Physopt 32-665] Processed cell u_array/u_xbuf/u_bank1/U0/inst_blk_mem_gen/gnbram.gnativebmg.native_blk_mem_gen/valid.cstr/ramloop[2].ram.r/prim_noinit.ram/DEVICE_7SERIES.NO_BMM_INFO.SDP.SIMPLE_PRIM36.ram. 16 registers were pushed out.
INFO: [Physopt 32-665] Processed cell u_array/u_xbuf/u_bank0/U0/inst_blk_mem_gen/gnbram.gnativebmg.native_blk_mem_gen/valid.cstr/ramloop[3].ram.r/prim_noinit.ram/DEVICE_7SERIES.NO_BMM_INFO.SDP.SIMPLE_PRIM36.ram. 16 registers were pushed out.
INFO: [Physopt 32-665] Processed cell u_array/u_xbuf/u_bank0/U0/inst_blk_mem_gen/gnbram.gnativebmg.native_blk_mem_gen/valid.cstr/ramloop[0].ram.r/prim_noinit.ram/DEVICE_7SERIES.NO_BMM_INFO.SDP.SIMPLE_PRIM36.ram. 16 registers were pushed out.
INFO: [Physopt 32-665] Processed cell u_array/u_xbuf/u_bank1/U0/inst_blk_mem_gen/gnbram.gnativebmg.native_blk_mem_gen/valid.cstr/ramloop[0].ram.r/prim_noinit.ram/DEVICE_7SERIES.NO_BMM_INFO.SDP.SIMPLE_PRIM36.ram. 16 registers were pushed out.
INFO: [Physopt 32-665] Processed cell u_array/u_xbuf/u_bank0/U0/inst_blk_mem_gen/gnbram.gnativebmg.native_blk_mem_gen/valid.cstr/ramloop[4].ram.r/prim_noinit.ram/DEVICE_7SERIES.NO_BMM_INFO.SDP.SIMPLE_PRIM36.ram. 16 registers were pushed out.
INFO: [Physopt 32-665] Processed cell u_array/u_xbuf/u_bank0/U0/inst_blk_mem_gen/gnbram.gnativebmg.native_blk_mem_gen/valid.cstr/ramloop[7].ram.r/prim_noinit.ram/DEVICE_7SERIES.NO_BMM_INFO.SDP.SIMPLE_PRIM36.ram. 16 registers were pushed out.
INFO: [Physopt 32-665] Processed cell u_array/u_xbuf/u_bank0/U0/inst_blk_mem_gen/gnbram.gnativebmg.native_blk_mem_gen/valid.cstr/ramloop[5].ram.r/prim_noinit.ram/DEVICE_7SERIES.NO_BMM_INFO.SDP.SIMPLE_PRIM36.ram. 16 registers were pushed out.
INFO: [Physopt 32-775] End 1 Pass. Optimized 10 nets or cells. Created 160 new cells, deleted 0 existing cell and moved 0 existing cell
INFO: [Physopt 32-619] Estimated Timing Summary | WNS=-0.361 | TNS=-19.971 |
Netlist sorting complete. Time (s): cpu = 00:00:00 ; elapsed = 00:00:00.037 . Memory (MB): peak = 2388.199 ; gain = 0.000
Phase 20 BRAM Register Optimization | Checksum: 17fac4a43

Time (s): cpu = 00:02:52 ; elapsed = 00:01:56 . Memory (MB): peak = 2388.199 ; gain = 0.000

Phase 21 URAM Register Optimization
INFO: [Physopt 32-846] No candidate cells for URAM register optimization found in the design
INFO: [Physopt 32-775] End 1 Pass. Optimized 0 net or cell. Created 0 new cell, deleted 0 existing cell and moved 0 existing cell
INFO: [Physopt 32-846] No candidate cells for URAM register optimization found in the design
INFO: [Physopt 32-775] End 1 Pass. Optimized 0 net or cell. Created 0 new cell, deleted 0 existing cell and moved 0 existing cell
Phase 21 URAM Register Optimization | Checksum: 17fac4a43

Time (s): cpu = 00:02:52 ; elapsed = 00:01:56 . Memory (MB): peak = 2388.199 ; gain = 0.000

Phase 22 Shift Register Optimization
INFO: [Physopt 32-1401] No candidate cells found for Shift Register optimization.
INFO: [Physopt 32-677] No candidate cells for Shift Register optimization found in the design
INFO: [Physopt 32-775] End 1 Pass. Optimized 0 net or cell. Created 0 new cell, deleted 0 existing cell and moved 0 existing cell
Phase 22 Shift Register Optimization | Checksum: 17fac4a43

Time (s): cpu = 00:02:52 ; elapsed = 00:01:56 . Memory (MB): peak = 2388.199 ; gain = 0.000

Phase 23 DSP Register Optimization
INFO: [Physopt 32-456] No candidate cells for DSP register optimization found in the design.
INFO: [Physopt 32-775] End 1 Pass. Optimized 0 net or cell. Created 0 new cell, deleted 0 existing cell and moved 0 existing cell
Phase 23 DSP Register Optimization | Checksum: 17fac4a43

Time (s): cpu = 00:02:52 ; elapsed = 00:01:56 . Memory (MB): peak = 2388.199 ; gain = 0.000

Phase 24 BRAM Register Optimization
INFO: [Physopt 32-526] No candidate cells for BRAM register optimization found in the design
INFO: [Physopt 32-775] End 1 Pass. Optimized 0 net or cell. Created 0 new cell, deleted 0 existing cell and moved 0 existing cell
Phase 24 BRAM Register Optimization | Checksum: 17fac4a43

Time (s): cpu = 00:02:52 ; elapsed = 00:01:56 . Memory (MB): peak = 2388.199 ; gain = 0.000

Phase 25 URAM Register Optimization
INFO: [Physopt 32-846] No candidate cells for URAM register optimization found in the design
INFO: [Physopt 32-775] End 1 Pass. Optimized 0 net or cell. Created 0 new cell, deleted 0 existing cell and moved 0 existing cell
INFO: [Physopt 32-846] No candidate cells for URAM register optimization found in the design
INFO: [Physopt 32-775] End 1 Pass. Optimized 0 net or cell. Created 0 new cell, deleted 0 existing cell and moved 0 existing cell
Phase 25 URAM Register Optimization | Checksum: 17fac4a43

Time (s): cpu = 00:02:52 ; elapsed = 00:01:56 . Memory (MB): peak = 2388.199 ; gain = 0.000

Phase 26 Shift Register Optimization
INFO: [Physopt 32-1401] No candidate cells found for Shift Register optimization.
INFO: [Physopt 32-677] No candidate cells for Shift Register optimization found in the design
INFO: [Physopt 32-775] End 1 Pass. Optimized 0 net or cell. Created 0 new cell, deleted 0 existing cell and moved 0 existing cell
Phase 26 Shift Register Optimization | Checksum: 17fac4a43

Time (s): cpu = 00:02:52 ; elapsed = 00:01:56 . Memory (MB): peak = 2388.199 ; gain = 0.000

Phase 27 Critical Pin Optimization
INFO: [Physopt 32-606] Identified 87 candidate nets for critical-pin optimization.
INFO: [Physopt 32-608] Optimized 28 nets.  Swapped 558 pins.
INFO: [Physopt 32-775] End 1 Pass. Optimized 28 nets or cells. Created 0 new cell, deleted 0 existing cell and moved 558 existing cells
INFO: [Physopt 32-619] Estimated Timing Summary | WNS=-0.356 | TNS=-15.916 |
Netlist sorting complete. Time (s): cpu = 00:00:00 ; elapsed = 00:00:00.017 . Memory (MB): peak = 2388.199 ; gain = 0.000
Phase 27 Critical Pin Optimization | Checksum: 17fac4a43

Time (s): cpu = 00:02:52 ; elapsed = 00:01:56 . Memory (MB): peak = 2388.199 ; gain = 0.000

Phase 28 Very High Fanout Optimization
INFO: [Physopt 32-1408] Pass 1. Identified 1 candidate net for high-fanout optimization.
INFO: [Physopt 32-81] Processed net u_array/u_ctrl/enb. Replicated 2 times.
INFO: [Physopt 32-232] Optimized 1 net. Created 2 new instances.
INFO: [Physopt 32-775] End 1 Pass. Optimized 1 net or cell. Created 2 new cells, deleted 0 existing cell and moved 0 existing cell
INFO: [Physopt 32-619] Estimated Timing Summary | WNS=-0.356 | TNS=-15.916 |
Netlist sorting complete. Time (s): cpu = 00:00:00 ; elapsed = 00:00:00.075 . Memory (MB): peak = 2388.199 ; gain = 0.000
Phase 28 Very High Fanout Optimization | Checksum: 1f6fa7be8

Time (s): cpu = 00:02:53 ; elapsed = 00:01:57 . Memory (MB): peak = 2388.199 ; gain = 0.000

Phase 29 Single Cell Placement Optimization
INFO: [Physopt 32-660] Identified 250 candidate nets for placement-based optimization.
INFO: [Physopt 32-662] Processed net u_array/u_dma/m_axi_arlen[7]_INST_0_i_2_n_0.  Did not re-place instance u_array/u_dma/m_axi_arlen[7]_INST_0_i_2
INFO: [Physopt 32-662] Processed net u_array/u_dma/want_w1.  Did not re-place instance u_array/u_dma/m_axi_arlen[7]_INST_0_i_14
INFO: [Physopt 32-662] Processed net u_array/u_dma/m_axi_arlen[7]_INST_0_i_10_n_0.  Did not re-place instance u_array/u_dma/m_axi_arlen[7]_INST_0_i_10
INFO: [Physopt 32-662] Processed net u_array/u_dma/m_axi_arlen[7]_INST_0_i_15_n_0.  Did not re-place instance u_array/u_dma/m_axi_arlen[7]_INST_0_i_15
INFO: [Physopt 32-662] Processed net u_array/u_dma/m_axi_arlen[7]_INST_0_i_18_n_0.  Did not re-place instance u_array/u_dma/m_axi_arlen[7]_INST_0_i_18
INFO: [Physopt 32-662] Processed net u_array/u_dma/words_r[3]_i_4__0_n_0.  Did not re-place instance u_array/u_dma/words_r[3]_i_4__0
INFO: [Physopt 32-662] Processed net u_array/u_dma/words_r_reg_n_0_[23]_repN.  Did not re-place instance u_array/u_dma/words_r_reg[23]_replica
INFO: [Physopt 32-662] Processed net u_array/u_dma/words_r_reg_n_0_[23].  Did not re-place instance u_array/u_dma/words_r_reg[23]
INFO: [Physopt 32-662] Processed net u_array/u_dma/m_axi_arlen[3]_INST_0_i_1_n_0.  Did not re-place instance u_array/u_dma/m_axi_arlen[3]_INST_0_i_1
INFO: [Physopt 32-662] Processed net u_array/u_dma/words_r_reg_n_0_[14].  Did not re-place instance u_array/u_dma/words_r_reg[14]
INFO: [Physopt 32-662] Processed net u_array/u_dma/m_axi_arlen[3]_INST_0_i_5_n_0.  Did not re-place instance u_array/u_dma/m_axi_arlen[3]_INST_0_i_5
INFO: [Physopt 32-662] Processed net u_array/u_dma/m_axi_arlen[3]_INST_0_i_6_n_0.  Did not re-place instance u_array/u_dma/m_axi_arlen[3]_INST_0_i_6
INFO: [Physopt 32-662] Processed net u_array/u_dma/m_axi_arlen[7]_INST_0_i_12_n_0.  Did not re-place instance u_array/u_dma/m_axi_arlen[7]_INST_0_i_12
INFO: [Physopt 32-662] Processed net u_array/u_dma/m_axi_arlen[7]_INST_0_i_11_n_0.  Did not re-place instance u_array/u_dma/m_axi_arlen[7]_INST_0_i_11
INFO: [Physopt 32-662] Processed net u_array/u_dma/words_r[3]_i_7__0_n_0.  Did not re-place instance u_array/u_dma/words_r[3]_i_7__0
INFO: [Physopt 32-662] Processed net u_array/u_dma/m_axi_arlen[7]_INST_0_i_13_n_0.  Did not re-place instance u_array/u_dma/m_axi_arlen[7]_INST_0_i_13
INFO: [Physopt 32-662] Processed net u_array/u_dma/words_r[3]_i_9__0_n_0.  Did not re-place instance u_array/u_dma/words_r[3]_i_9__0
INFO: [Physopt 32-662] Processed net u_array/u_dma/words_r_reg_n_0_[15]_repN.  Did not re-place instance u_array/u_dma/words_r_reg[15]_replica
INFO: [Physopt 32-662] Processed net u_array/u_dma/m_axi_arlen[7]_INST_0_i_7_n_0.  Did not re-place instance u_array/u_dma/m_axi_arlen[7]_INST_0_i_7
INFO: [Physopt 32-662] Processed net u_array/u_dma/words_r[3]_i_3__0_n_0.  Did not re-place instance u_array/u_dma/words_r[3]_i_3__0
INFO: [Physopt 32-662] Processed net u_array/u_dma/m_axi_arlen[7]_INST_0_i_9_n_0.  Did not re-place instance u_array/u_dma/m_axi_arlen[7]_INST_0_i_9
INFO: [Physopt 32-662] Processed net u_array/u_dma/words_r[3]_i_5__0_n_0.  Did not re-place instance u_array/u_dma/words_r[3]_i_5__0
INFO: [Physopt 32-662] Processed net u_array/u_dma/m_axi_arlen[7]_INST_0_i_8_n_0.  Did not re-place instance u_array/u_dma/m_axi_arlen[7]_INST_0_i_8
INFO: [Physopt 32-662] Processed net u_array/u_dma_wr/m_axi_awlen[4]_INST_0_i_4_n_0.  Did not re-place instance u_array/u_dma_wr/m_axi_awlen[4]_INST_0_i_4
INFO: [Physopt 32-662] Processed net u_array/u_dma_wr/m_axi_awlen[0]_INST_0_i_1_n_0.  Did not re-place instance u_array/u_dma_wr/m_axi_awlen[0]_INST_0_i_1
INFO: [Physopt 32-662] Processed net u_array/u_dma_wr/words_r[21].  Did not re-place instance u_array/u_dma_wr/words_r_reg[21]
INFO: [Physopt 32-662] Processed net u_array/u_dma_wr/addr_r[9]_i_5_n_0.  Did not re-place instance u_array/u_dma_wr/addr_r[9]_i_5
INFO: [Physopt 32-662] Processed net u_array/u_dma_wr/m_axi_awlen[0]_INST_0_i_2_n_0.  Did not re-place instance u_array/u_dma_wr/m_axi_awlen[0]_INST_0_i_2_rewire
INFO: [Physopt 32-662] Processed net u_array/u_dma_wr/m_axi_awlen[0]_INST_0_i_4_n_0.  Did not re-place instance u_array/u_dma_wr/m_axi_awlen[0]_INST_0_i_4_rewire
INFO: [Physopt 32-662] Processed net u_array/u_dma_wr/m_axi_awlen[7]_INST_0_i_12_n_0.  Did not re-place instance u_array/u_dma_wr/m_axi_awlen[7]_INST_0_i_12
INFO: [Physopt 32-662] Processed net u_array/u_dma_wr/m_axi_awaddr[28].  Did not re-place instance u_array/u_dma_wr/addr_r_reg[31]
INFO: [Physopt 32-662] Processed net u_array/u_dma/m_axi_arlen[7]_INST_0_i_6_n_0.  Did not re-place instance u_array/u_dma/m_axi_arlen[7]_INST_0_i_6
INFO: [Physopt 32-662] Processed net u_array/u_dma/words_r[3]_i_2__0_n_0.  Did not re-place instance u_array/u_dma/words_r[3]_i_2__0
INFO: [Physopt 32-662] Processed net u_array/u_dma_wr/words_r[15].  Did not re-place instance u_array/u_dma_wr/words_r_reg[15]
INFO: [Physopt 32-662] Processed net u_array/u_dma_wr/m_axi_awlen[0]_INST_0_i_3_n_0.  Did not re-place instance u_array/u_dma_wr/m_axi_awlen[0]_INST_0_i_3_rewire
INFO: [Physopt 32-662] Processed net u_array/u_dma_wr/m_axi_awlen[0]_INST_0_i_5_n_0.  Did not re-place instance u_array/u_dma_wr/m_axi_awlen[0]_INST_0_i_5_rewire
INFO: [Physopt 32-662] Processed net u_array/u_dma/m_axi_arlen[3]_INST_0_i_4_n_0.  Did not re-place instance u_array/u_dma/m_axi_arlen[3]_INST_0_i_4
INFO: [Physopt 32-662] Processed net u_array/u_dma/words_r[3]_i_6__0_n_0.  Did not re-place instance u_array/u_dma/words_r[3]_i_6__0
INFO: [Physopt 32-662] Processed net u_array/u_dma/words_r[3]_i_8__0_n_0.  Did not re-place instance u_array/u_dma/words_r[3]_i_8__0
INFO: [Physopt 32-662] Processed net u_array/u_dma_wr/addr_r[5]_i_4_n_0.  Did not re-place instance u_array/u_dma_wr/addr_r[5]_i_4
INFO: [Physopt 32-662] Processed net u_array/u_dma_wr/m_axi_awlen[7]_INST_0_i_8_n_0.  Did not re-place instance u_array/u_dma_wr/m_axi_awlen[7]_INST_0_i_8
INFO: [Physopt 32-662] Processed net u_array/u_dma_wr/words_r[3]_i_5_n_0.  Did not re-place instance u_array/u_dma_wr/words_r[3]_i_5
INFO: [Physopt 32-662] Processed net u_array/u_dma_wr/words_r[3]_i_9_n_0.  Did not re-place instance u_array/u_dma_wr/words_r[3]_i_9
INFO: [Physopt 32-662] Processed net u_array/u_dma/words_r_reg_n_0_[13].  Did not re-place instance u_array/u_dma/words_r_reg[13]
INFO: [Physopt 32-662] Processed net u_array/u_dma_wr/words_r[10].  Did not re-place instance u_array/u_dma_wr/words_r_reg[10]
INFO: [Physopt 32-662] Processed net u_array/u_dma_wr/words_r[23].  Did not re-place instance u_array/u_dma_wr/words_r_reg[23]
INFO: [Physopt 32-662] Processed net u_array/u_dma/words_r_reg_n_0_[17].  Did not re-place instance u_array/u_dma/words_r_reg[17]
INFO: [Physopt 32-662] Processed net u_array/u_dma/words_r_reg_n_0_[16]_repN.  Did not re-place instance u_array/u_dma/words_r_reg[16]_replica
INFO: [Physopt 32-662] Processed net u_array/u_requant/q_r[27]_i_4_n_0.  Did not re-place instance u_array/u_requant/q_r[27]_i_4
INFO: [Physopt 32-662] Processed net u_array/u_requant/q_r[13]_i_2_n_0.  Did not re-place instance u_array/u_requant/q_r[13]_i_2
INFO: [Physopt 32-662] Processed net u_array/u_requant/q_r[15]_i_3_n_0.  Did not re-place instance u_array/u_requant/q_r[15]_i_3
INFO: [Physopt 32-663] Processed net u_array/u_requant/prod_r_reg_n_0_[0].  Re-placed instance u_array/u_requant/prod_r_reg[0]
INFO: [Physopt 32-662] Processed net u_array/u_requant/q_r[12]_i_1_n_0.  Did not re-place instance u_array/u_requant/q_r[12]_i_1
INFO: [Physopt 32-662] Processed net u_array/u_requant/sticky_r_i_135_n_0.  Did not re-place instance u_array/u_requant/sticky_r_i_135
INFO: [Physopt 32-662] Processed net u_array/u_requant/p_0_in[5].  Did not re-place instance u_array/u_requant/q_r_reg[12]
INFO: [Physopt 32-662] Processed net u_array/u_dma_wr/m_axi_awaddr[27].  Did not re-place instance u_array/u_dma_wr/addr_r_reg[30]
INFO: [Physopt 32-662] Processed net u_array/u_requant/q_r[37]_i_4_n_0.  Did not re-place instance u_array/u_requant/q_r[37]_i_4
INFO: [Physopt 32-662] Processed net u_array/u_requant/q_r[23]_i_2_n_0.  Did not re-place instance u_array/u_requant/q_r[23]_i_2
INFO: [Physopt 32-662] Processed net u_array/u_requant/q_r[25]_i_3_n_0.  Did not re-place instance u_array/u_requant/q_r[25]_i_3
INFO: [Physopt 32-662] Processed net u_array/u_requant/q_r[22]_i_1_n_0.  Did not re-place instance u_array/u_requant/q_r[22]_i_1
INFO: [Physopt 32-662] Processed net u_array/u_requant/p_0_in[15].  Did not re-place instance u_array/u_requant/q_r_reg[22]
INFO: [Physopt 32-662] Processed net u_array/u_dma_wr/m_axi_awaddr[24].  Did not re-place instance u_array/u_dma_wr/addr_r_reg[27]
INFO: [Physopt 32-662] Processed net u_array/u_dma_wr/m_axi_awlen[7]_INST_0_i_11_n_0.  Did not re-place instance u_array/u_dma_wr/m_axi_awlen[7]_INST_0_i_11
INFO: [Physopt 32-662] Processed net u_array/u_dma/words_r_reg_n_0_[2].  Did not re-place instance u_array/u_dma/words_r_reg[2]
INFO: [Physopt 32-662] Processed net u_array/u_requant/q_r[21]_i_4_n_0.  Did not re-place instance u_array/u_requant/q_r[21]_i_4
INFO: [Physopt 32-662] Processed net u_array/u_requant/p_0_in[0].  Did not re-place instance u_array/u_requant/q_r_reg[7]
INFO: [Physopt 32-662] Processed net u_array/u_requant/q_r[7]_i_2_n_0.  Did not re-place instance u_array/u_requant/q_r[7]_i_2
INFO: [Physopt 32-662] Processed net u_array/u_requant/q_r[9]_i_3_n_0.  Did not re-place instance u_array/u_requant/q_r[9]_i_3
INFO: [Physopt 32-662] Processed net u_array/u_requant/q_r[7]_i_1_n_0.  Did not re-place instance u_array/u_requant/q_r[7]_i_1
INFO: [Physopt 32-662] Processed net u_array/u_requant/sticky_r_i_102_n_0.  Did not re-place instance u_array/u_requant/sticky_r_i_102
INFO: [Physopt 32-662] Processed net u_array/u_requant/q_r[18]_i_4_n_0.  Did not re-place instance u_array/u_requant/q_r[18]_i_4
INFO: [Physopt 32-662] Processed net u_array/u_requant/q_r[4]_i_2_n_0.  Did not re-place instance u_array/u_requant/q_r[4]_i_2
INFO: [Physopt 32-662] Processed net u_array/u_requant/q_r[6]_i_3_n_0.  Did not re-place instance u_array/u_requant/q_r[6]_i_3
INFO: [Physopt 32-662] Processed net u_array/u_requant/q_r[3]_i_1_n_0.  Did not re-place instance u_array/u_requant/q_r[3]_i_1
INFO: [Physopt 32-662] Processed net u_array/u_requant/q_r_reg_n_0_[3].  Did not re-place instance u_array/u_requant/q_r_reg[3]
INFO: [Physopt 32-662] Processed net u_array/u_requant/q_r[31]_i_4_n_0.  Did not re-place instance u_array/u_requant/q_r[31]_i_4
INFO: [Physopt 32-662] Processed net u_array/u_requant/q_r[17]_i_2_n_0.  Did not re-place instance u_array/u_requant/q_r[17]_i_2
INFO: [Physopt 32-662] Processed net u_array/u_requant/q_r[19]_i_3_n_0.  Did not re-place instance u_array/u_requant/q_r[19]_i_3
INFO: [Physopt 32-662] Processed net u_array/u_requant/q_r[16]_i_1_n_0.  Did not re-place instance u_array/u_requant/q_r[16]_i_1
INFO: [Physopt 32-662] Processed net u_array/u_requant/p_0_in[9].  Did not re-place instance u_array/u_requant/q_r_reg[16]
INFO: [Physopt 32-662] Processed net u_array/u_requant/q_r[17]_i_4_n_0.  Did not re-place instance u_array/u_requant/q_r[17]_i_4
INFO: [Physopt 32-662] Processed net u_array/u_requant/q_r[3]_i_2_n_0.  Did not re-place instance u_array/u_requant/q_r[3]_i_2
INFO: [Physopt 32-662] Processed net u_array/u_requant/q_r[5]_i_3_n_0.  Did not re-place instance u_array/u_requant/q_r[5]_i_3
INFO: [Physopt 32-662] Processed net u_array/u_requant/q_r[2]_i_1_n_0.  Did not re-place instance u_array/u_requant/q_r[2]_i_1
INFO: [Physopt 32-662] Processed net u_array/u_requant/q_r_reg_n_0_[2].  Did not re-place instance u_array/u_requant/q_r_reg[2]
INFO: [Physopt 32-662] Processed net u_array/u_requant/q_r[49]_i_3_n_0.  Did not re-place instance u_array/u_requant/q_r[49]_i_3
INFO: [Physopt 32-662] Processed net u_array/u_requant/q_r[43]_i_2_n_0.  Did not re-place instance u_array/u_requant/q_r[43]_i_2
INFO: [Physopt 32-662] Processed net u_array/u_requant/q_r[45]_i_3_n_0.  Did not re-place instance u_array/u_requant/q_r[45]_i_3
INFO: [Physopt 32-662] Processed net u_array/u_requant/q_r[43]_i_1_n_0.  Did not re-place instance u_array/u_requant/q_r[43]_i_1
INFO: [Physopt 32-662] Processed net u_array/u_requant/p_0_in[36].  Did not re-place instance u_array/u_requant/q_r_reg[43]
INFO: [Physopt 32-662] Processed net u_array/u_dma_wr/m_axi_awlen[7]_INST_0_i_10_n_0.  Did not re-place instance u_array/u_dma_wr/m_axi_awlen[7]_INST_0_i_10
INFO: [Physopt 32-662] Processed net u_array/u_dma_wr/m_axi_awaddr[26].  Did not re-place instance u_array/u_dma_wr/addr_r_reg[29]
INFO: [Physopt 32-662] Processed net u_array/u_requant/q_r[33]_i_4_n_0.  Did not re-place instance u_array/u_requant/q_r[33]_i_4
INFO: [Physopt 32-662] Processed net u_array/u_requant/q_r[19]_i_2_n_0.  Did not re-place instance u_array/u_requant/q_r[19]_i_2
INFO: [Physopt 32-662] Processed net u_array/u_requant/q_r[21]_i_3_n_0.  Did not re-place instance u_array/u_requant/q_r[21]_i_3
INFO: [Physopt 32-662] Processed net u_array/u_requant/p_0_in[11].  Did not re-place instance u_array/u_requant/q_r_reg[18]
INFO: [Physopt 32-662] Processed net u_array/u_requant/q_r[18]_i_1_n_0.  Did not re-place instance u_array/u_requant/q_r[18]_i_1
INFO: [Physopt 32-662] Processed net u_array/u_requant/q_r[29]_i_4_n_0.  Did not re-place instance u_array/u_requant/q_r[29]_i_4
INFO: [Physopt 32-662] Processed net u_array/u_requant/q_r[15]_i_2_n_0.  Did not re-place instance u_array/u_requant/q_r[15]_i_2
INFO: [Physopt 32-662] Processed net u_array/u_requant/q_r[17]_i_3_n_0.  Did not re-place instance u_array/u_requant/q_r[17]_i_3
INFO: [Physopt 32-662] Processed net u_array/u_requant/q_r[14]_i_1_n_0.  Did not re-place instance u_array/u_requant/q_r[14]_i_1
INFO: [Physopt 32-662] Processed net u_array/u_requant/p_0_in[7].  Did not re-place instance u_array/u_requant/q_r_reg[14]
INFO: [Physopt 32-662] Processed net u_array/u_requant/q_r[46]_i_5_n_0.  Did not re-place instance u_array/u_requant/q_r[46]_i_5
INFO: [Physopt 32-662] Processed net u_array/u_requant/p_0_in[25].  Did not re-place instance u_array/u_requant/q_r_reg[32]
INFO: [Physopt 32-662] Processed net u_array/u_requant/q_r[32]_i_2_n_0.  Did not re-place instance u_array/u_requant/q_r[32]_i_2
INFO: [Physopt 32-662] Processed net u_array/u_requant/q_r[33]_i_2_n_0.  Did not re-place instance u_array/u_requant/q_r[33]_i_2
INFO: [Physopt 32-662] Processed net u_array/u_requant/q_r[34]_i_3_n_0.  Did not re-place instance u_array/u_requant/q_r[34]_i_3
INFO: [Physopt 32-662] Processed net u_array/u_requant/q_r[35]_i_3_n_0.  Did not re-place instance u_array/u_requant/q_r[35]_i_3
INFO: [Physopt 32-662] Processed net u_array/u_requant/q_r[39]_i_4_n_0.  Did not re-place instance u_array/u_requant/q_r[39]_i_4
INFO: [Physopt 32-662] Processed net u_array/u_requant/q_r[31]_i_1_n_0.  Did not re-place instance u_array/u_requant/q_r[31]_i_1
INFO: [Physopt 32-662] Processed net u_array/u_requant/q_r[32]_i_1_n_0.  Did not re-place instance u_array/u_requant/q_r[32]_i_1
INFO: [Physopt 32-662] Processed net u_array/u_requant/p_0_in[24].  Did not re-place instance u_array/u_requant/q_r_reg[31]
INFO: [Physopt 32-662] Processed net u_array/u_dma/words_r_reg_n_0_[18].  Did not re-place instance u_array/u_dma/words_r_reg[18]
INFO: [Physopt 32-662] Processed net u_array/u_requant/q_r[32]_i_4_n_0.  Did not re-place instance u_array/u_requant/q_r[32]_i_4
INFO: [Physopt 32-662] Processed net u_array/u_requant/p_0_in[10].  Did not re-place instance u_array/u_requant/q_r_reg[17]
INFO: [Physopt 32-662] Processed net u_array/u_requant/q_r[18]_i_2_n_0.  Did not re-place instance u_array/u_requant/q_r[18]_i_2
INFO: [Physopt 32-662] Processed net u_array/u_requant/q_r[20]_i_3_n_0.  Did not re-place instance u_array/u_requant/q_r[20]_i_3
INFO: [Physopt 32-662] Processed net u_array/u_dma/words_r[7]_i_4__0_n_0.  Did not re-place instance u_array/u_dma/words_r[7]_i_4__0
INFO: [Physopt 32-662] Processed net u_array/u_requant/q_r[17]_i_1_n_0.  Did not re-place instance u_array/u_requant/q_r[17]_i_1
INFO: [Physopt 32-662] Processed net u_array/u_requant/q_r[6]_i_1_n_0.  Did not re-place instance u_array/u_requant/q_r[6]_i_1
INFO: [Physopt 32-662] Processed net u_array/u_requant/q_r_reg_n_0_[6].  Did not re-place instance u_array/u_requant/q_r_reg[6]
INFO: [Physopt 32-662] Processed net u_array/u_requant/q_r[16]_i_4_n_0.  Did not re-place instance u_array/u_requant/q_r[16]_i_4
INFO: [Physopt 32-662] Processed net u_array/u_requant/q_r[12]_i_2_n_0.  Did not re-place instance u_array/u_requant/q_r[12]_i_2
INFO: [Physopt 32-662] Processed net u_array/u_requant/q_r[12]_i_3_n_0.  Did not re-place instance u_array/u_requant/q_r[12]_i_3
INFO: [Physopt 32-662] Processed net u_array/u_requant/p_0_in[4].  Did not re-place instance u_array/u_requant/q_r_reg[11]
INFO: [Physopt 32-662] Processed net u_array/u_requant/q_r[11]_i_1_n_0.  Did not re-place instance u_array/u_requant/q_r[11]_i_1
INFO: [Physopt 32-662] Processed net u_array/u_requant/q_r[23]_i_4_n_0.  Did not re-place instance u_array/u_requant/q_r[23]_i_4
INFO: [Physopt 32-662] Processed net u_array/u_requant/p_0_in[1].  Did not re-place instance u_array/u_requant/q_r_reg[8]
INFO: [Physopt 32-662] Processed net u_array/u_requant/q_r[11]_i_3_n_0.  Did not re-place instance u_array/u_requant/q_r[11]_i_3
INFO: [Physopt 32-662] Processed net u_array/u_requant/q_r[9]_i_2_n_0.  Did not re-place instance u_array/u_requant/q_r[9]_i_2
INFO: [Physopt 32-662] Processed net u_array/u_requant/q_r[8]_i_1_n_0.  Did not re-place instance u_array/u_requant/q_r[8]_i_1
INFO: [Physopt 32-662] Processed net u_array/u_requant/q_r[27]_i_2_n_0.  Did not re-place instance u_array/u_requant/q_r[27]_i_2
INFO: [Physopt 32-662] Processed net u_array/u_requant/q_r[29]_i_3_n_0.  Did not re-place instance u_array/u_requant/q_r[29]_i_3
INFO: [Physopt 32-662] Processed net u_array/u_dma_wr/words_r[22].  Did not re-place instance u_array/u_dma_wr/words_r_reg[22]
INFO: [Physopt 32-662] Processed net u_array/u_requant/q_r[27]_i_1_n_0.  Did not re-place instance u_array/u_requant/q_r[27]_i_1
INFO: [Physopt 32-662] Processed net u_array/u_requant/p_0_in[20].  Did not re-place instance u_array/u_requant/q_r_reg[27]
INFO: [Physopt 32-663] Processed net u_array/g_pe_row[10].g_pe_pair[2].u_pe/w_d3_r_reg[7]_0[0].  Re-placed instance u_array/g_pe_row[10].g_pe_pair[2].u_pe/w_d3_r_reg[0]
INFO: [Physopt 32-662] Processed net u_array/u_requant/q_r[35]_i_4_n_0.  Did not re-place instance u_array/u_requant/q_r[35]_i_4
INFO: [Physopt 32-663] Processed net u_array/u_requant/m_r1[16].  Re-placed instance u_array/u_requant/m_r1_reg[16]
INFO: [Physopt 32-662] Processed net u_array/u_requant/p_0_in[2].  Did not re-place instance u_array/u_requant/q_r_reg[9]
INFO: [Physopt 32-662] Processed net u_array/u_requant/q_r[10]_i_2_n_0.  Did not re-place instance u_array/u_requant/q_r[10]_i_2
INFO: [Physopt 32-662] Processed net u_array/u_requant/q_r[21]_i_2_n_0.  Did not re-place instance u_array/u_requant/q_r[21]_i_2
INFO: [Physopt 32-662] Processed net u_array/u_requant/q_r[23]_i_3_n_0.  Did not re-place instance u_array/u_requant/q_r[23]_i_3
INFO: [Physopt 32-662] Processed net u_array/g_acc[21].u_acc_g/acc_r[83]_i_5__5_n_0.  Did not re-place instance u_array/g_acc[21].u_acc_g/acc_r[83]_i_5__5
INFO: [Physopt 32-662] Processed net u_array/g_acc[21].u_acc_g/p_1_in[93].  Did not re-place instance u_array/g_acc[21].u_acc_g/acc_r[93]_i_1__5
INFO: [Physopt 32-662] Processed net u_array/g_pe_row[10].g_pe_pair[2].u_pe/w_d3_r_reg[2]_4[0].  Did not re-place instance u_array/g_pe_row[10].g_pe_pair[2].u_pe/acc_r[75]_i_13
INFO: [Physopt 32-662] Processed net u_array/u_requant/q_r[21]_i_1_n_0.  Did not re-place instance u_array/u_requant/q_r[21]_i_1
INFO: [Physopt 32-662] Processed net u_array/u_requant/q_r[9]_i_1_n_0.  Did not re-place instance u_array/u_requant/q_r[9]_i_1
INFO: [Physopt 32-662] Processed net u_array/g_acc[21].u_acc_g/acc_q_w__0[5469].  Did not re-place instance u_array/g_acc[21].u_acc_g/acc_r_reg[93]
INFO: [Physopt 32-662] Processed net u_array/u_requant/p_0_in[14].  Did not re-place instance u_array/u_requant/q_r_reg[21]
INFO: [Physopt 32-662] Processed net u_array/u_dma_wr/words_r[18].  Did not re-place instance u_array/u_dma_wr/words_r_reg[18]
INFO: [Physopt 32-662] Processed net u_array/u_addrgen/we_i0.  Did not re-place instance u_array/u_addrgen/u_bank0_i_26
INFO: [Physopt 32-662] Processed net u_array/u_xbuf/u_bank1/U0/inst_blk_mem_gen/gnbram.gnativebmg.native_blk_mem_gen/valid.cstr/ramloop[9].ram.r/prim_noinit.ram/ramloop[0].ram.ram_ena.  Did not re-place instance u_array/u_xbuf/u_bank1/U0/inst_blk_mem_gen/gnbram.gnativebmg.native_blk_mem_gen/valid.cstr/ramloop[9].ram.r/prim_noinit.ram/DEVICE_7SERIES.NO_BMM_INFO.SDP.SIMPLE_PRIM36.ram_i_1
INFO: [Physopt 32-663] Processed net u_array/u_addrgen/wea[9].  Re-placed instance u_array/u_addrgen/u_bank1_i_7
INFO: [Physopt 32-662] Processed net u_array/u_addrgen/xgen_vld_w.  Did not re-place instance u_array/u_addrgen/vld_o_reg
INFO: [Physopt 32-663] Processed net u_array/u_xbuf/u_bank1/U0/inst_blk_mem_gen/gnbram.gnativebmg.native_blk_mem_gen/valid.cstr/ramloop[3].ram.r/prim_noinit.ram/DEVICE_7SERIES.NO_BMM_INFO.SDP.SIMPLE_PRIM36.ram_ENARDEN_cooolgate_en_sig_31.  Re-placed instance u_array/u_xbuf/u_bank1/U0/inst_blk_mem_gen/gnbram.gnativebmg.native_blk_mem_gen/valid.cstr/ramloop[3].ram.r/prim_noinit.ram/DEVICE_7SERIES.NO_BMM_INFO.SDP.SIMPLE_PRIM36.ram_ENARDEN_cooolgate_en_gate_41
INFO: [Physopt 32-663] Processed net u_array/u_xbuf/u_bank1/U0/inst_blk_mem_gen/gnbram.gnativebmg.native_blk_mem_gen/valid.cstr/ramloop[9].ram.r/prim_noinit.ram/DEVICE_7SERIES.NO_BMM_INFO.SDP.SIMPLE_PRIM36.ram_i_3_n_0.  Re-placed instance u_array/u_xbuf/u_bank1/U0/inst_blk_mem_gen/gnbram.gnativebmg.native_blk_mem_gen/valid.cstr/ramloop[9].ram.r/prim_noinit.ram/DEVICE_7SERIES.NO_BMM_INFO.SDP.SIMPLE_PRIM36.ram_i_3
INFO: [Physopt 32-662] Processed net u_array/u_dma_wr/words_r[8].  Did not re-place instance u_array/u_dma_wr/words_r_reg[8]
INFO: [Physopt 32-663] Processed net u_array/u_requant/m_r1[2].  Re-placed instance u_array/u_requant/m_r1_reg[2]
INFO: [Physopt 32-662] Processed net u_array/u_requant/p_0_in[35].  Did not re-place instance u_array/u_requant/q_r_reg[42]
INFO: [Physopt 32-662] Processed net u_array/u_dma_wr/words_r[13].  Did not re-place instance u_array/u_dma_wr/words_r_reg[13]
INFO: [Physopt 32-662] Processed net u_array/u_dma_wr/addr_r[5]_i_3_n_0.  Did not re-place instance u_array/u_dma_wr/addr_r[5]_i_3
INFO: [Physopt 32-662] Processed net u_array/u_requant/q_r[42]_i_1_n_0.  Did not re-place instance u_array/u_requant/q_r[42]_i_1
INFO: [Physopt 32-662] Processed net u_array/u_requant/q_r[14]_i_3_n_0.  Did not re-place instance u_array/u_requant/q_r[14]_i_3
INFO: [Physopt 32-662] Processed net u_array/u_requant/q_r[40]_i_2_n_0.  Did not re-place instance u_array/u_requant/q_r[40]_i_2
INFO: [Physopt 32-662] Processed net u_array/u_requant/q_r[42]_i_3_n_0.  Did not re-place instance u_array/u_requant/q_r[42]_i_3
INFO: [Physopt 32-662] Processed net u_array/u_requant/q_r[46]_i_4_n_0.  Did not re-place instance u_array/u_requant/q_r[46]_i_4
INFO: [Physopt 32-662] Processed net u_array/u_requant/q_r[39]_i_1_n_0.  Did not re-place instance u_array/u_requant/q_r[39]_i_1
INFO: [Physopt 32-662] Processed net u_array/u_requant/p_0_in[32].  Did not re-place instance u_array/u_requant/q_r_reg[39]
INFO: [Physopt 32-662] Processed net u_array/u_dma_wr/addr_r[5]_i_2_n_0.  Did not re-place instance u_array/u_dma_wr/addr_r[5]_i_2
INFO: [Physopt 32-663] Processed net u_array/g_pe_row[14].g_pe_pair[1].u_pe/w_d3_r_reg[7]_0[1].  Re-placed instance u_array/g_pe_row[14].g_pe_pair[1].u_pe/w_d3_r_reg[1]
INFO: [Physopt 32-663] Processed net u_array/u_dma/addr_r[5]_i_3__0_n_0.  Re-placed instance u_array/u_dma/addr_r[5]_i_3__0
INFO: [Physopt 32-662] Processed net u_array/g_acc[29].u_acc_g/acc_r[211]_i_5__13_n_0.  Did not re-place instance u_array/g_acc[29].u_acc_g/acc_r[211]_i_5__13
INFO: [Physopt 32-662] Processed net u_array/g_acc[29].u_acc_g/p_1_in[221].  Did not re-place instance u_array/g_acc[29].u_acc_g/acc_r[221]_i_1__13
INFO: [Physopt 32-662] Processed net u_array/g_pe_row[14].g_pe_pair[1].u_pe/w_d3_r_reg[2]_1[1].  Did not re-place instance u_array/g_pe_row[14].g_pe_pair[1].u_pe/p0_o__0_carry_i_5__64
INFO: [Physopt 32-662] Processed net u_array/u_dma/addr_r[5]_i_6__0_n_0.  Did not re-place instance u_array/u_dma/addr_r[5]_i_6__0
INFO: [Physopt 32-662] Processed net u_array/g_acc[29].u_acc_g/acc_q_w[7645].  Did not re-place instance u_array/g_acc[29].u_acc_g/acc_r_reg[221]
INFO: [Physopt 32-662] Processed net u_array/u_dma/m_axi_araddr[31].  Did not re-place instance u_array/u_dma/addr_r_reg[31]
INFO: [Physopt 32-662] Processed net u_array/u_requant/q_r[22]_i_4_n_0.  Did not re-place instance u_array/u_requant/q_r[22]_i_4
INFO: [Physopt 32-662] Processed net u_array/u_requant/q_r[28]_i_4_n_0.  Did not re-place instance u_array/u_requant/q_r[28]_i_4
INFO: [Physopt 32-662] Processed net u_array/u_requant/q_r[10]_i_3_n_0.  Did not re-place instance u_array/u_requant/q_r[10]_i_3
INFO: [Physopt 32-662] Processed net u_array/u_requant/q_r[14]_i_2_n_0.  Did not re-place instance u_array/u_requant/q_r[14]_i_2
INFO: [Physopt 32-662] Processed net u_array/u_requant/q_r[16]_i_3_n_0.  Did not re-place instance u_array/u_requant/q_r[16]_i_3
INFO: [Physopt 32-662] Processed net u_array/u_requant/q_r[8]_i_2_n_0.  Did not re-place instance u_array/u_requant/q_r[8]_i_2
INFO: [Physopt 32-663] Processed net u_array/u_dma/words_r_reg_n_0_[8].  Re-placed instance u_array/u_dma/words_r_reg[8]
INFO: [Physopt 32-662] Processed net u_array/u_dma/m_axi_arlen[3]_INST_0_i_3_n_0.  Did not re-place instance u_array/u_dma/m_axi_arlen[3]_INST_0_i_3
INFO: [Physopt 32-663] Processed net u_array/g_pe_row[10].g_pe_pair[2].u_pe/w_d3_r_reg[7]_0[3].  Re-placed instance u_array/g_pe_row[10].g_pe_pair[2].u_pe/w_d3_r_reg[3]
INFO: [Physopt 32-662] Processed net u_array/u_dma_wr/words_r[20].  Did not re-place instance u_array/u_dma_wr/words_r_reg[20]
INFO: [Physopt 32-662] Processed net u_array/g_acc[21].u_acc_g/acc_r[211]_i_5__5_n_0.  Did not re-place instance u_array/g_acc[21].u_acc_g/acc_r[211]_i_5__5
INFO: [Physopt 32-662] Processed net u_array/g_acc[21].u_acc_g/p_1_in[221].  Did not re-place instance u_array/g_acc[21].u_acc_g/acc_r[221]_i_1__5
INFO: [Physopt 32-662] Processed net u_array/g_pe_row[10].g_pe_pair[2].u_pe/w_d3_r_reg[7]_4[0].  Did not re-place instance u_array/g_pe_row[10].g_pe_pair[2].u_pe/p0_o__0_carry__0_i_8__76
INFO: [Physopt 32-662] Processed net u_array/g_acc[21].u_acc_g/acc_q_w__0[5597].  Did not re-place instance u_array/g_acc[21].u_acc_g/acc_r_reg[221]
INFO: [Physopt 32-662] Processed net u_array/u_requant/q_r[37]_i_2_n_0.  Did not re-place instance u_array/u_requant/q_r[37]_i_2
INFO: [Physopt 32-662] Processed net u_array/u_requant/q_r[39]_i_3_n_0.  Did not re-place instance u_array/u_requant/q_r[39]_i_3
INFO: [Physopt 32-662] Processed net u_array/u_requant/q_r[43]_i_4_n_0.  Did not re-place instance u_array/u_requant/q_r[43]_i_4
INFO: [Physopt 32-662] Processed net u_array/u_requant/q_r[36]_i_1_n_0.  Did not re-place instance u_array/u_requant/q_r[36]_i_1
INFO: [Physopt 32-662] Processed net u_array/u_requant/p_0_in[29].  Did not re-place instance u_array/u_requant/q_r_reg[36]
INFO: [Physopt 32-662] Processed net u_array/ldr_state_r__0[1].  Did not re-place instance u_array/FSM_sequential_ldr_state_r_reg[1]
INFO: [Physopt 32-663] Processed net u_array/u_requant/m_r1[10].  Re-placed instance u_array/u_requant/m_r1_reg[10]
INFO: [Physopt 32-662] Processed net u_array/u_requant/p_0_in[17].  Did not re-place instance u_array/u_requant/q_r_reg[24]
INFO: [Physopt 32-663] Processed net u_array/u_requant/q_r[24]_i_2_n_0.  Re-placed instance u_array/u_requant/q_r[24]_i_2
INFO: [Physopt 32-662] Processed net u_array/u_requant/q_r[24]_i_3_n_0.  Did not re-place instance u_array/u_requant/q_r[24]_i_3
INFO: [Physopt 32-662] Processed net u_array/u_requant/q_r[24]_i_1_n_0.  Did not re-place instance u_array/u_requant/q_r[24]_i_1
INFO: [Physopt 32-662] Processed net u_array/u_requant/sticky_r_i_112_n_0.  Did not re-place instance u_array/u_requant/sticky_r_i_112
INFO: [Physopt 32-662] Processed net u_array/u_requant/p_0_in[26].  Did not re-place instance u_array/u_requant/q_r_reg[33]
INFO: [Physopt 32-662] Processed net u_array/u_requant/q_r[2]_i_2_n_0.  Did not re-place instance u_array/u_requant/q_r[2]_i_2
INFO: [Physopt 32-662] Processed net u_array/u_requant/q_r[34]_i_2_n_0.  Did not re-place instance u_array/u_requant/q_r[34]_i_2
INFO: [Physopt 32-662] Processed net u_array/u_requant/q_r[4]_i_3_n_0.  Did not re-place instance u_array/u_requant/q_r[4]_i_3
INFO: [Physopt 32-662] Processed net u_array/u_requant/q_r[1]_i_1_n_0.  Did not re-place instance u_array/u_requant/q_r[1]_i_1
INFO: [Physopt 32-662] Processed net u_array/u_requant/q_r[33]_i_1_n_0.  Did not re-place instance u_array/u_requant/q_r[33]_i_1
INFO: [Physopt 32-662] Processed net u_array/u_requant/q_r_reg_n_0_[1].  Did not re-place instance u_array/u_requant/q_r_reg[1]
INFO: [Physopt 32-663] Processed net u_array/u_requant/m_r1[1].  Re-placed instance u_array/u_requant/m_r1_reg[1]
INFO: [Physopt 32-663] Processed net u_array/g_pe_row[6].g_pe_pair[1].u_pe/w_d3_r_reg[7]_0[2].  Re-placed instance u_array/g_pe_row[6].g_pe_pair[1].u_pe/w_d3_r_reg[2]
INFO: [Physopt 32-663] Processed net u_array/u_requant/m_r1[7].  Re-placed instance u_array/u_requant/m_r1_reg[7]
INFO: [Physopt 32-662] Processed net u_array/g_acc[12].u_acc_g/acc_r[19]_i_5_n_0.  Did not re-place instance u_array/g_acc[12].u_acc_g/acc_r[19]_i_5
INFO: [Physopt 32-662] Processed net u_array/g_acc[12].u_acc_g/p_1_in[31].  Did not re-place instance u_array/g_acc[12].u_acc_g/acc_r[31]_i_1
INFO: [Physopt 32-662] Processed net u_array/g_pe_row[6].g_pe_pair[1].u_pe/S[2].  Did not re-place instance u_array/g_pe_row[6].g_pe_pair[1].u_pe/p0_o__0_carry_i_4__8
INFO: [Physopt 32-662] Processed net u_array/g_acc[12].u_acc_g/acc_q_w__0[3103].  Did not re-place instance u_array/g_acc[12].u_acc_g/acc_r_reg[31]
INFO: [Physopt 32-663] Processed net u_array/u_requant/q_r[39]_i_2_n_0.  Re-placed instance u_array/u_requant/q_r[39]_i_2
INFO: [Physopt 32-662] Processed net u_array/u_requant/q_r[41]_i_3_n_0.  Did not re-place instance u_array/u_requant/q_r[41]_i_3
INFO: [Physopt 32-663] Processed net u_array/u_requant/q_r[45]_i_4_n_0.  Re-placed instance u_array/u_requant/q_r[45]_i_4
INFO: [Physopt 32-662] Processed net u_array/u_requant/q_r[38]_i_1_n_0.  Did not re-place instance u_array/u_requant/q_r[38]_i_1
INFO: [Physopt 32-662] Processed net u_array/u_requant/p_0_in[31].  Did not re-place instance u_array/u_requant/q_r_reg[38]
INFO: [Physopt 32-662] Processed net u_array/u_requant/q_r[38]_i_4_n_0.  Did not re-place instance u_array/u_requant/q_r[38]_i_4
INFO: [Physopt 32-662] Processed net u_array/u_dma_wr/m_axi_awlen[7]_INST_0_i_6_n_0.  Did not re-place instance u_array/u_dma_wr/m_axi_awlen[7]_INST_0_i_6
INFO: [Physopt 32-662] Processed net u_array/u_dma_wr/words_r[17].  Did not re-place instance u_array/u_dma_wr/words_r_reg[17]
INFO: [Physopt 32-663] Processed net u_array/g_pe_row[6].g_pe_pair[1].u_pe/w_d3_r_reg[7]_0[0].  Re-placed instance u_array/g_pe_row[6].g_pe_pair[1].u_pe/w_d3_r_reg[0]
INFO: [Physopt 32-663] Processed net u_array/g_pe_row[4].g_pe_pair[3].u_pe/P[7].  Re-placed instance u_array/g_pe_row[4].g_pe_pair[3].u_pe/p0_o__0_carry_i_3__88_psdsp
INFO: [Physopt 32-662] Processed net u_array/g_acc[8].u_acc_g/acc_r[211]_i_5__16_n_0.  Did not re-place instance u_array/g_acc[8].u_acc_g/acc_r[211]_i_5__16
INFO: [Physopt 32-662] Processed net u_array/g_acc[8].u_acc_g/p_1_in[223].  Did not re-place instance u_array/g_acc[8].u_acc_g/acc_r[223]_i_1__16
INFO: [Physopt 32-662] Processed net u_array/g_pe_row[14].g_pe_pair[7].u_pe/p0_o__0_carry_i_2__66_n_0.  Did not re-place instance u_array/g_pe_row[14].g_pe_pair[7].u_pe/p0_o__0_carry_i_2__66
INFO: [Physopt 32-662] Processed net u_array/g_pe_row[4].g_pe_pair[2].u_pe/w_d3_r_reg[2]_3[0].  Did not re-place instance u_array/g_pe_row[4].g_pe_pair[2].u_pe/p0_o__0_carry_i_6__88
INFO: [Physopt 32-662] Processed net u_array/g_pe_row[6].g_pe_pair[1].u_pe/S[0].  Did not re-place instance u_array/g_pe_row[6].g_pe_pair[1].u_pe/p0_o__0_carry_i_6__8
INFO: [Physopt 32-662] Processed net u_array/u_dma/words_r[11]_i_4__0_n_0.  Did not re-place instance u_array/u_dma/words_r[11]_i_4__0
INFO: [Physopt 32-662] Processed net u_array/g_acc[8].u_acc_g/acc_q_w[2271].  Did not re-place instance u_array/g_acc[8].u_acc_g/acc_r_reg[223]
INFO: [Physopt 32-662] Processed net u_array/g_acc[21].u_acc_g/acc_r[211]_i_6__5_n_0.  Did not re-place instance u_array/g_acc[21].u_acc_g/acc_r[211]_i_6__5
INFO: [Physopt 32-662] Processed net u_array/g_acc[29].u_acc_g/acc_r[211]_i_6__13_n_0.  Did not re-place instance u_array/g_acc[29].u_acc_g/acc_r[211]_i_6__13
INFO: [Physopt 32-662] Processed net u_array/u_dma/words_r_reg_n_0_[12].  Did not re-place instance u_array/u_dma/words_r_reg[12]
INFO: [Physopt 32-662] Processed net u_array/u_requant/q_r[25]_i_2_n_0.  Did not re-place instance u_array/u_requant/q_r[25]_i_2
INFO: [Physopt 32-662] Processed net u_array/u_requant/q_r[27]_i_3_n_0.  Did not re-place instance u_array/u_requant/q_r[27]_i_3
INFO: [Physopt 32-662] Processed net u_array/g_acc[21].u_acc_g/acc_r[83]_i_6__5_n_0.  Did not re-place instance u_array/g_acc[21].u_acc_g/acc_r[83]_i_6__5
INFO: [Physopt 32-662] Processed net u_array/u_requant/q_r[38]_i_2_n_0.  Did not re-place instance u_array/u_requant/q_r[38]_i_2
INFO: [Physopt 32-662] Processed net u_array/u_requant/q_r[40]_i_3_n_0.  Did not re-place instance u_array/u_requant/q_r[40]_i_3
INFO: [Physopt 32-662] Processed net u_array/u_requant/q_r[44]_i_4_n_0.  Did not re-place instance u_array/u_requant/q_r[44]_i_4
INFO: [Physopt 32-662] Processed net u_array/u_requant/q_r[37]_i_1_n_0.  Did not re-place instance u_array/u_requant/q_r[37]_i_1
INFO: [Physopt 32-662] Processed net u_array/u_requant/p_0_in[30].  Did not re-place instance u_array/u_requant/q_r_reg[37]
INFO: [Physopt 32-663] Processed net u_array/g_pe_row[10].g_pe_pair[7].u_pe/p0_o__0_carry__0_i_4__76_n_0.  Re-placed instance u_array/g_pe_row[10].g_pe_pair[7].u_pe/p0_o__0_carry__0_i_4__76
INFO: [Physopt 32-662] Processed net u_array/oc_g_d1_r[11].  Did not re-place instance u_array/oc_g_d1_r_reg[11]
INFO: [Physopt 32-662] Processed net u_array/u_requant/q_r[19]_i_4_n_0.  Did not re-place instance u_array/u_requant/q_r[19]_i_4
INFO: [Physopt 32-662] Processed net u_array/u_addrgen/A_0[24].  Did not re-place instance u_array/u_addrgen/ih0_r_reg[25]
INFO: [Physopt 32-661] Optimized 21 nets.  Re-placed 21 instances.
INFO: [Physopt 32-775] End 1 Pass. Optimized 21 nets or cells. Created 0 new cell, deleted 0 existing cell and moved 21 existing cells
INFO: [Physopt 32-619] Estimated Timing Summary | WNS=-0.356 | TNS=-5.575 |
Netlist sorting complete. Time (s): cpu = 00:00:00 ; elapsed = 00:00:00.018 . Memory (MB): peak = 2388.199 ; gain = 0.000
Phase 29 Single Cell Placement Optimization | Checksum: 199ef947a

Time (s): cpu = 00:03:04 ; elapsed = 00:02:04 . Memory (MB): peak = 2388.199 ; gain = 0.000

Phase 30 Multi Cell Placement Optimization
INFO: [Physopt 32-660] Identified 100 candidate nets for placement-based optimization.
INFO: [Physopt 32-662] Processed net u_array/u_dma/m_axi_arlen[7]_INST_0_i_2_n_0.  Did not re-place instance u_array/u_dma/m_axi_arlen[7]_INST_0_i_2/O
INFO: [Physopt 32-662] Processed net u_array/u_dma/m_axi_arlen[7]_INST_0_i_2_n_0.  Did not re-place instance u_array/u_dma/m_axi_arlen[7]_INST_0_i_2/O
INFO: [Physopt 32-662] Processed net u_array/u_dma/m_axi_arlen[7]_INST_0_i_2_n_0.  Did not re-place instance u_array/u_dma/m_axi_arlen[7]_INST_0_i_2/O
INFO: [Physopt 32-662] Processed net u_array/u_dma/m_axi_arlen[7]_INST_0_i_2_n_0.  Did not re-place instance u_array/u_dma/m_axi_arlen[7]_INST_0_i_2/O
INFO: [Physopt 32-662] Processed net u_array/u_dma/m_axi_arlen[7]_INST_0_i_2_n_0.  Did not re-place instance u_array/u_dma/m_axi_arlen[7]_INST_0_i_2/O
INFO: [Physopt 32-662] Processed net u_array/u_dma/m_axi_arlen[7]_INST_0_i_2_n_0.  Did not re-place instance u_array/u_dma/m_axi_arlen[7]_INST_0_i_2/O
INFO: [Physopt 32-662] Processed net u_array/u_dma/m_axi_arlen[7]_INST_0_i_2_n_0.  Did not re-place instance u_array/u_dma/m_axi_arlen[7]_INST_0_i_2/O
INFO: [Physopt 32-662] Processed net u_array/u_dma/want_w1.  Did not re-place instance u_array/u_dma/m_axi_arlen[7]_INST_0_i_14/O
INFO: [Physopt 32-662] Processed net u_array/u_dma/m_axi_arlen[7]_INST_0_i_15_n_0.  Did not re-place instance u_array/u_dma/m_axi_arlen[7]_INST_0_i_15/O
INFO: [Physopt 32-662] Processed net u_array/u_dma/m_axi_arlen[7]_INST_0_i_18_n_0.  Did not re-place instance u_array/u_dma/m_axi_arlen[7]_INST_0_i_18/O
INFO: [Physopt 32-662] Processed net u_array/u_dma/words_r_reg_n_0_[23]_repN.  Did not re-place instance u_array/u_dma/words_r_reg[23]_replica/Q
INFO: [Physopt 32-662] Processed net u_array/u_dma/m_axi_arlen[3]_INST_0_i_1_n_0.  Did not re-place instance u_array/u_dma/m_axi_arlen[3]_INST_0_i_1/O
INFO: [Physopt 32-662] Processed net u_array/u_dma/m_axi_arlen[3]_INST_0_i_1_n_0.  Did not re-place instance u_array/u_dma/m_axi_arlen[3]_INST_0_i_1/O
INFO: [Physopt 32-662] Processed net u_array/u_dma/m_axi_arlen[3]_INST_0_i_1_n_0.  Did not re-place instance u_array/u_dma/m_axi_arlen[3]_INST_0_i_1/O
INFO: [Physopt 32-662] Processed net u_array/u_dma/m_axi_arlen[3]_INST_0_i_1_n_0.  Did not re-place instance u_array/u_dma/m_axi_arlen[3]_INST_0_i_1/O
INFO: [Physopt 32-662] Processed net u_array/u_dma/m_axi_arlen[3]_INST_0_i_1_n_0.  Did not re-place instance u_array/u_dma/m_axi_arlen[3]_INST_0_i_1/O
INFO: [Physopt 32-662] Processed net u_array/u_dma/m_axi_arlen[3]_INST_0_i_1_n_0.  Did not re-place instance u_array/u_dma/m_axi_arlen[3]_INST_0_i_1/O
INFO: [Physopt 32-662] Processed net u_array/u_dma/words_r_reg_n_0_[14].  Did not re-place instance u_array/u_dma/words_r_reg[14]/Q
INFO: [Physopt 32-662] Processed net u_array/u_dma/m_axi_arlen[3]_INST_0_i_5_n_0.  Did not re-place instance u_array/u_dma/m_axi_arlen[3]_INST_0_i_5/O
INFO: [Physopt 32-662] Processed net u_array/u_dma/m_axi_arlen[3]_INST_0_i_6_n_0.  Did not re-place instance u_array/u_dma/m_axi_arlen[3]_INST_0_i_6/O
INFO: [Physopt 32-662] Processed net u_array/u_dma/words_r_reg_n_0_[15]_repN.  Did not re-place instance u_array/u_dma/words_r_reg[15]_replica/Q
INFO: [Physopt 32-662] Processed net u_array/u_dma_wr/m_axi_awlen[4]_INST_0_i_4_n_0.  Did not re-place instance u_array/u_dma_wr/m_axi_awlen[4]_INST_0_i_4/O
INFO: [Physopt 32-662] Processed net u_array/u_dma_wr/m_axi_awlen[0]_INST_0_i_1_n_0.  Did not re-place instance u_array/u_dma_wr/m_axi_awlen[0]_INST_0_i_1/O
INFO: [Physopt 32-662] Processed net u_array/u_dma_wr/m_axi_awlen[0]_INST_0_i_1_n_0.  Did not re-place instance u_array/u_dma_wr/m_axi_awlen[0]_INST_0_i_1/O
INFO: [Physopt 32-662] Processed net u_array/u_dma_wr/m_axi_awlen[0]_INST_0_i_1_n_0.  Did not re-place instance u_array/u_dma_wr/m_axi_awlen[0]_INST_0_i_1/O
INFO: [Physopt 32-662] Processed net u_array/u_dma_wr/m_axi_awlen[0]_INST_0_i_1_n_0.  Did not re-place instance u_array/u_dma_wr/m_axi_awlen[0]_INST_0_i_1/O
INFO: [Physopt 32-662] Processed net u_array/u_dma_wr/words_r[21].  Did not re-place instance u_array/u_dma_wr/words_r_reg[21]/Q
INFO: [Physopt 32-662] Processed net u_array/u_dma_wr/m_axi_awlen[0]_INST_0_i_2_n_0.  Did not re-place instance u_array/u_dma_wr/m_axi_awlen[0]_INST_0_i_2_rewire/O
INFO: [Physopt 32-662] Processed net u_array/u_dma_wr/m_axi_awlen[0]_INST_0_i_4_n_0.  Did not re-place instance u_array/u_dma_wr/m_axi_awlen[0]_INST_0_i_4_rewire/O
INFO: [Physopt 32-662] Processed net u_array/u_dma_wr/words_r[15].  Did not re-place instance u_array/u_dma_wr/words_r_reg[15]/Q
INFO: [Physopt 32-662] Processed net u_array/u_dma_wr/m_axi_awlen[0]_INST_0_i_3_n_0.  Did not re-place instance u_array/u_dma_wr/m_axi_awlen[0]_INST_0_i_3_rewire/O
INFO: [Physopt 32-662] Processed net u_array/u_dma_wr/m_axi_awlen[0]_INST_0_i_5_n_0.  Did not re-place instance u_array/u_dma_wr/m_axi_awlen[0]_INST_0_i_5_rewire/O
INFO: [Physopt 32-662] Processed net u_array/u_dma/m_axi_arlen[3]_INST_0_i_4_n_0.  Did not re-place instance u_array/u_dma/m_axi_arlen[3]_INST_0_i_4/O
INFO: [Physopt 32-662] Processed net u_array/u_dma/words_r_reg_n_0_[13].  Did not re-place instance u_array/u_dma/words_r_reg[13]/Q
INFO: [Physopt 32-662] Processed net u_array/u_dma_wr/words_r[10].  Did not re-place instance u_array/u_dma_wr/words_r_reg[10]/Q
INFO: [Physopt 32-662] Processed net u_array/u_dma/words_r_reg_n_0_[17].  Did not re-place instance u_array/u_dma/words_r_reg[17]/Q
INFO: [Physopt 32-662] Processed net u_array/u_dma/words_r_reg_n_0_[17].  Did not re-place instance u_array/u_dma/words_r_reg[17]/Q
INFO: [Physopt 32-662] Processed net u_array/u_dma/words_r_reg_n_0_[17].  Did not re-place instance u_array/u_dma/words_r_reg[17]/Q
INFO: [Physopt 32-662] Processed net u_array/u_dma/words_r_reg_n_0_[16]_repN.  Did not re-place instance u_array/u_dma/words_r_reg[16]_replica/Q
INFO: [Physopt 32-662] Processed net u_array/u_dma/words_r_reg_n_0_[2].  Did not re-place instance u_array/u_dma/words_r_reg[2]/Q
INFO: [Physopt 32-662] Processed net u_array/u_dma/words_r_reg_n_0_[18].  Did not re-place instance u_array/u_dma/words_r_reg[18]/Q
INFO: [Physopt 32-662] Processed net u_array/u_dma_wr/words_r[18].  Did not re-place instance u_array/u_dma_wr/words_r_reg[18]/Q
INFO: [Physopt 32-662] Processed net u_array/u_dma_wr/words_r[8].  Did not re-place instance u_array/u_dma_wr/words_r_reg[8]/Q
INFO: [Physopt 32-662] Processed net u_array/u_dma_wr/words_r[13].  Did not re-place instance u_array/u_dma_wr/words_r_reg[13]/Q
INFO: [Physopt 32-662] Processed net u_array/u_dma/words_r_reg_n_0_[8].  Did not re-place instance u_array/u_dma/words_r_reg[8]/Q
INFO: [Physopt 32-662] Processed net u_array/u_dma/m_axi_arlen[3]_INST_0_i_3_n_0.  Did not re-place instance u_array/u_dma/m_axi_arlen[3]_INST_0_i_3/O
INFO: [Physopt 32-662] Processed net u_array/u_dma/words_r_reg_n_0_[12].  Did not re-place instance u_array/u_dma/words_r_reg[12]/Q
INFO: [Physopt 32-663] Processed net u_array/u_dma/words_r_reg_n_0_[7].  Re-placed instance u_array/u_dma/words_r_reg[7]/Q
INFO: [Physopt 32-663] Processed net u_array/u_addrgen/row_off_r[30].  Re-placed instance u_array/u_addrgen/row_off_r[30]_i_1/O
INFO: [Physopt 32-663] Processed net u_csr/s_axi_awaddr[15].  Re-placed instance u_csr/desc0_r[31]_i_2/O
INFO: [Physopt 32-663] Processed net u_array/g_pe_row[10].g_pe_pair[2].u_pe/w_d3_r_reg[7]_0[2].  Re-placed instance u_array/g_pe_row[10].g_pe_pair[2].u_pe/w_d3_r_reg[2]/Q
INFO: [Physopt 32-662] Processed net u_array/g_pe_row[4].g_pe_pair[2].u_pe/w_d3_r_reg[7]_0[4].  Did not re-place instance u_array/g_pe_row[4].g_pe_pair[2].u_pe/w_d3_r_reg[4]/Q
INFO: [Physopt 32-662] Processed net u_array/g_acc[8].u_acc_g/p_1_in[223].  Did not re-place instance u_array/g_acc[8].u_acc_g/acc_r[223]_i_1__16/O
INFO: [Physopt 32-662] Processed net u_array/u_dma/words_r_reg_n_0_[0].  Did not re-place instance u_array/u_dma/words_r_reg[0]/Q
INFO: [Physopt 32-661] Optimized 4 nets.  Re-placed 8 instances.
INFO: [Physopt 32-775] End 1 Pass. Optimized 4 nets or cells. Created 0 new cell, deleted 0 existing cell and moved 8 existing cells
INFO: [Physopt 32-619] Estimated Timing Summary | WNS=-0.356 | TNS=-5.351 |
Netlist sorting complete. Time (s): cpu = 00:00:00 ; elapsed = 00:00:00.018 . Memory (MB): peak = 2388.199 ; gain = 0.000
Phase 30 Multi Cell Placement Optimization | Checksum: 204d04d24

Time (s): cpu = 00:03:10 ; elapsed = 00:02:07 . Memory (MB): peak = 2388.199 ; gain = 0.000

Phase 31 SLR Crossing Optimization
Phase 31 SLR Crossing Optimization | Checksum: 204d04d24

Time (s): cpu = 00:03:10 ; elapsed = 00:02:07 . Memory (MB): peak = 2388.199 ; gain = 0.000

Phase 32 Critical Path Optimization
INFO: [Physopt 32-619] Estimated Timing Summary | WNS=-0.356 | TNS=-5.351 |
INFO: [Physopt 32-702] Processed net u_array/u_dma/words_r_reg_n_0_[23]_repN. Optimizations did not improve timing on the net.
INFO: [Physopt 32-702] Processed net u_array/u_dma/words_r_reg[23]_i_1__0_n_4. Optimizations did not improve timing on the net.
INFO: [Physopt 32-702] Processed net u_array/u_dma/words_r_reg[19]_i_1__0_n_0. Optimizations did not improve timing on the net.
INFO: [Physopt 32-702] Processed net u_array/u_dma/words_r_reg[15]_i_1__0_n_0. Optimizations did not improve timing on the net.
INFO: [Physopt 32-702] Processed net u_array/u_dma/words_r_reg[11]_i_1__0_n_0. Optimizations did not improve timing on the net.
INFO: [Physopt 32-702] Processed net u_array/u_dma/words_r_reg[7]_i_1__0_n_0. Optimizations did not improve timing on the net.
INFO: [Physopt 32-702] Processed net u_array/u_dma/words_r_reg[3]_i_1__0_n_0. Optimizations did not improve timing on the net.
INFO: [Physopt 32-702] Processed net u_array/u_dma/words_r[3]_i_4__0_n_0. Optimizations did not improve timing on the net.
INFO: [Physopt 32-710] Processed net u_array/u_dma/words_r[3]_i_4__0_n_0. Critical path length was reduced through logic transformation on cell u_array/u_dma/words_r[3]_i_4__0_comp.
INFO: [Physopt 32-735] Processed net u_array/u_dma/m_axi_arlen[7]_INST_0_i_2_n_0. Optimization improves timing on the net.
INFO: [Physopt 32-619] Estimated Timing Summary | WNS=-0.304 | TNS=-4.956 |
INFO: [Physopt 32-702] Processed net u_array/u_dma/words_r[3]_i_7__0_n_0. Optimizations did not improve timing on the net.
INFO: [Physopt 32-134] Processed net u_array/u_dma/m_axi_arlen[7]_INST_0_i_2_n_0. Rewiring did not optimize the net.
INFO: [Physopt 32-702] Processed net u_array/u_dma/m_axi_arlen[7]_INST_0_i_2_n_0. Optimizations did not improve timing on the net.
INFO: [Physopt 32-702] Processed net u_array/u_dma/m_axi_arlen[7]_INST_0_i_4_n_3. Optimizations did not improve timing on the net.
INFO: [Physopt 32-702] Processed net u_array/u_dma/m_axi_arlen[7]_INST_0_i_5_n_0. Optimizations did not improve timing on the net.
INFO: [Physopt 32-702] Processed net u_array/u_dma/m_axi_arlen[7]_INST_0_i_10_n_0. Optimizations did not improve timing on the net.
INFO: [Physopt 32-710] Processed net u_array/u_dma/m_axi_arlen[7]_INST_0_i_10_n_0. Critical path length was reduced through logic transformation on cell u_array/u_dma/m_axi_arlen[7]_INST_0_i_10_comp.
INFO: [Physopt 32-735] Processed net u_array/u_dma/want_w1. Optimization improves timing on the net.
INFO: [Physopt 32-619] Estimated Timing Summary | WNS=-0.273 | TNS=-4.750 |
INFO: [Physopt 32-702] Processed net u_array/u_dma/words_r_reg_n_0_[14]. Optimizations did not improve timing on the net.
INFO: [Physopt 32-702] Processed net u_array/u_dma/m_axi_arlen[7]_INST_0_i_12_n_0. Optimizations did not improve timing on the net.
INFO: [Physopt 32-134] Processed net u_array/u_dma/m_axi_arlen[3]_INST_0_i_1_n_0. Rewiring did not optimize the net.
INFO: [Physopt 32-702] Processed net u_array/u_dma/m_axi_arlen[3]_INST_0_i_1_n_0. Optimizations did not improve timing on the net.
INFO: [Physopt 32-702] Processed net u_array/u_dma/m_axi_arlen[3]_INST_0_i_5_n_0. Optimizations did not improve timing on the net.
INFO: [Physopt 32-702] Processed net u_array/u_dma/m_axi_arlen[3]_INST_0_i_6_n_0. Optimizations did not improve timing on the net.
INFO: [Physopt 32-663] Processed net u_array/u_dma/words_r_reg_n_0_[23]_repN.  Re-placed instance u_array/u_dma/words_r_reg[23]_replica
INFO: [Physopt 32-735] Processed net u_array/u_dma/words_r_reg_n_0_[23]_repN. Optimization improves timing on the net.
INFO: [Physopt 32-619] Estimated Timing Summary | WNS=-0.271 | TNS=-4.576 |
INFO: [Physopt 32-702] Processed net u_array/u_dma/words_r_reg_n_0_[23]. Optimizations did not improve timing on the net.
INFO: [Physopt 32-702] Processed net u_array/u_dma/words_r_reg_n_0_[14]. Optimizations did not improve timing on the net.
INFO: [Physopt 32-702] Processed net u_array/u_dma/words_r[3]_i_7__0_n_0. Optimizations did not improve timing on the net.
INFO: [Physopt 32-702] Processed net u_array/u_dma/m_axi_arlen[7]_INST_0_i_2_n_0. Optimizations did not improve timing on the net.
INFO: [Physopt 32-702] Processed net u_array/u_dma/m_axi_arlen[7]_INST_0_i_4_n_3. Optimizations did not improve timing on the net.
INFO: [Physopt 32-702] Processed net u_array/u_dma/m_axi_arlen[7]_INST_0_i_12_n_0. Optimizations did not improve timing on the net.
INFO: [Physopt 32-702] Processed net u_array/u_dma/m_axi_arlen[3]_INST_0_i_1_n_0. Optimizations did not improve timing on the net.
INFO: [Physopt 32-702] Processed net u_array/u_dma/m_axi_arlen[3]_INST_0_i_5_n_0. Optimizations did not improve timing on the net.
INFO: [Physopt 32-702] Processed net u_array/u_dma/m_axi_arlen[3]_INST_0_i_6_n_0. Optimizations did not improve timing on the net.
INFO: [Physopt 32-702] Processed net u_array/u_dma/words_r_reg[23]_i_1__0_n_4. Optimizations did not improve timing on the net.
INFO: [Physopt 32-619] Estimated Timing Summary | WNS=-0.271 | TNS=-4.576 |
Netlist sorting complete. Time (s): cpu = 00:00:00 ; elapsed = 00:00:00.020 . Memory (MB): peak = 2388.199 ; gain = 0.000
Phase 32 Critical Path Optimization | Checksum: 1854afa66

Time (s): cpu = 00:03:15 ; elapsed = 00:02:11 . Memory (MB): peak = 2388.199 ; gain = 0.000

Phase 33 Critical Path Optimization
INFO: [Physopt 32-619] Estimated Timing Summary | WNS=-0.271 | TNS=-4.576 |
INFO: [Physopt 32-702] Processed net u_array/u_dma/words_r_reg_n_0_[23]. Optimizations did not improve timing on the net.
INFO: [Physopt 32-702] Processed net u_array/u_dma/words_r_reg_n_0_[14]. Optimizations did not improve timing on the net.
INFO: [Physopt 32-702] Processed net u_array/u_dma/words_r_reg[19]_i_1__0_n_0. Optimizations did not improve timing on the net.
INFO: [Physopt 32-702] Processed net u_array/u_dma/words_r_reg[15]_i_1__0_n_0. Optimizations did not improve timing on the net.
INFO: [Physopt 32-702] Processed net u_array/u_dma/words_r_reg[11]_i_1__0_n_0. Optimizations did not improve timing on the net.
INFO: [Physopt 32-702] Processed net u_array/u_dma/words_r_reg[7]_i_1__0_n_0. Optimizations did not improve timing on the net.
INFO: [Physopt 32-702] Processed net u_array/u_dma/words_r_reg[3]_i_1__0_n_0. Optimizations did not improve timing on the net.
INFO: [Physopt 32-702] Processed net u_array/u_dma/words_r[3]_i_7__0_n_0. Optimizations did not improve timing on the net.
INFO: [Physopt 32-134] Processed net u_array/u_dma/m_axi_arlen[7]_INST_0_i_2_n_0. Rewiring did not optimize the net.
INFO: [Physopt 32-702] Processed net u_array/u_dma/m_axi_arlen[7]_INST_0_i_2_n_0. Optimizations did not improve timing on the net.
INFO: [Physopt 32-702] Processed net u_array/u_dma/m_axi_arlen[7]_INST_0_i_4_n_3. Optimizations did not improve timing on the net.
INFO: [Physopt 32-702] Processed net u_array/u_dma/m_axi_arlen[7]_INST_0_i_5_n_0. Optimizations did not improve timing on the net.
INFO: [Physopt 32-702] Processed net u_array/u_dma/m_axi_arlen[7]_INST_0_i_12_n_0. Optimizations did not improve timing on the net.
INFO: [Physopt 32-134] Processed net u_array/u_dma/m_axi_arlen[3]_INST_0_i_1_n_0. Rewiring did not optimize the net.
INFO: [Physopt 32-702] Processed net u_array/u_dma/m_axi_arlen[3]_INST_0_i_1_n_0. Optimizations did not improve timing on the net.
INFO: [Physopt 32-702] Processed net u_array/u_dma/m_axi_arlen[3]_INST_0_i_5_n_0. Optimizations did not improve timing on the net.
INFO: [Physopt 32-702] Processed net u_array/u_dma/m_axi_arlen[3]_INST_0_i_6_n_0. Optimizations did not improve timing on the net.
INFO: [Physopt 32-702] Processed net u_array/u_dma/words_r_reg[23]_i_1__0_n_4. Optimizations did not improve timing on the net.
INFO: [Physopt 32-702] Processed net u_array/u_dma/words_r_reg_n_0_[23]. Optimizations did not improve timing on the net.
INFO: [Physopt 32-702] Processed net u_array/u_dma/words_r_reg_n_0_[14]. Optimizations did not improve timing on the net.
INFO: [Physopt 32-702] Processed net u_array/u_dma/words_r[3]_i_7__0_n_0. Optimizations did not improve timing on the net.
INFO: [Physopt 32-702] Processed net u_array/u_dma/m_axi_arlen[7]_INST_0_i_2_n_0. Optimizations did not improve timing on the net.
INFO: [Physopt 32-702] Processed net u_array/u_dma/m_axi_arlen[7]_INST_0_i_4_n_3. Optimizations did not improve timing on the net.
INFO: [Physopt 32-702] Processed net u_array/u_dma/m_axi_arlen[7]_INST_0_i_12_n_0. Optimizations did not improve timing on the net.
INFO: [Physopt 32-702] Processed net u_array/u_dma/m_axi_arlen[3]_INST_0_i_1_n_0. Optimizations did not improve timing on the net.
INFO: [Physopt 32-702] Processed net u_array/u_dma/m_axi_arlen[3]_INST_0_i_5_n_0. Optimizations did not improve timing on the net.
INFO: [Physopt 32-702] Processed net u_array/u_dma/m_axi_arlen[3]_INST_0_i_6_n_0. Optimizations did not improve timing on the net.
INFO: [Physopt 32-702] Processed net u_array/u_dma/words_r_reg[23]_i_1__0_n_4. Optimizations did not improve timing on the net.
INFO: [Physopt 32-619] Estimated Timing Summary | WNS=-0.271 | TNS=-4.576 |
Netlist sorting complete. Time (s): cpu = 00:00:00 ; elapsed = 00:00:00.018 . Memory (MB): peak = 2388.199 ; gain = 0.000
Phase 33 Critical Path Optimization | Checksum: 1854afa66

Time (s): cpu = 00:03:20 ; elapsed = 00:02:14 . Memory (MB): peak = 2388.199 ; gain = 0.000

Phase 34 BRAM Enable Optimization
Phase 34 BRAM Enable Optimization | Checksum: 1854afa66

Time (s): cpu = 00:03:20 ; elapsed = 00:02:14 . Memory (MB): peak = 2388.199 ; gain = 0.000
INFO: [Physopt 32-960] Skip hold-fix as initial WHS does not violate hold threshold 250 ps
Netlist sorting complete. Time (s): cpu = 00:00:00 ; elapsed = 00:00:00.013 . Memory (MB): peak = 2388.199 ; gain = 0.000
INFO: [Physopt 32-603] Post Physical Optimization Timing Summary | WNS=-0.271 | TNS=-4.576 |

Summary of Physical Synthesis Optimizations
============================================


----------------------------------------------------------------------------------------------------------------------------------------------------------------------
|  Optimization            |  WNS Gain (ns)  |  TNS Gain (ns)  |  Added Cells  |  Removed Cells  |  Optimized Cells/Nets  |  Dont Touch  |  Iterations  |  Elapsed   |
----------------------------------------------------------------------------------------------------------------------------------------------------------------------
|  Fanout                  |          0.000  |          1.749  |           15  |              0  |                    10  |           0  |           3  |  00:00:05  |
|  Single Cell Placement   |          0.077  |         25.041  |            0  |              0  |                    87  |           0  |           4  |  00:00:30  |
|  Multi Cell Placement    |          0.000  |         -0.667  |            0  |              0  |                     6  |           0  |           4  |  00:00:15  |
|  Rewire                  |          0.089  |          3.721  |            0  |              0  |                     3  |           0  |           3  |  00:00:02  |
|  Critical Cell           |          0.017  |         -0.526  |            6  |              0  |                     5  |           0  |           3  |  00:00:23  |
|  SLR Crossing            |          0.000  |          0.000  |            0  |              0  |                     0  |           0  |           3  |  00:00:00  |
|  DSP Register            |          0.000  |          2.010  |          578  |              0  |                    17  |           0  |           2  |  00:00:44  |
|  BRAM Register           |          0.000  |          0.136  |          160  |              0  |                    10  |           0  |           2  |  00:00:04  |
|  URAM Register           |          0.000  |          0.000  |            0  |              0  |                     0  |           0  |           2  |  00:00:00  |
|  Shift Register          |          0.000  |          0.000  |            0  |              0  |                     0  |           0  |           2  |  00:00:00  |
|  Critical Pin            |          0.005  |          4.055  |            0  |              0  |                    28  |           0  |           1  |  00:00:00  |
|  Very High Fanout        |          0.000  |          0.000  |            2  |              0  |                     1  |           0  |           1  |  00:00:01  |
|  BRAM Enable             |          0.000  |          0.000  |            0  |              0  |                     0  |           0  |           1  |  00:00:00  |
|  Critical Path           |          0.085  |          0.775  |            0  |              0  |                     3  |           0  |           2  |  00:00:06  |
|  Total                   |          0.273  |         36.294  |          761  |              0  |                   170  |           0  |          33  |  00:02:10  |
----------------------------------------------------------------------------------------------------------------------------------------------------------------------


Netlist sorting complete. Time (s): cpu = 00:00:00 ; elapsed = 00:00:00.015 . Memory (MB): peak = 2388.199 ; gain = 0.000
Ending Physical Synthesis Task | Checksum: 1d4ab6d1f

Time (s): cpu = 00:03:20 ; elapsed = 00:02:14 . Memory (MB): peak = 2388.199 ; gain = 0.000
INFO: [Common 17-83] Releasing license: Implementation
1561 Infos, 1 Warnings, 0 Critical Warnings and 0 Errors encountered.
phys_opt_design completed successfully
phys_opt_design: Time (s): cpu = 00:03:26 ; elapsed = 00:02:17 . Memory (MB): peak = 2388.199 ; gain = 0.000
# route_design -directive AggressiveExplore
Command: route_design -directive AggressiveExplore
Attempting to get a license for feature 'Implementation' and/or device 'xc7z020'
INFO: [Common 17-349] Got license for feature 'Implementation' and/or device 'xc7z020'
INFO: [DRC 23-27] Running DRC with 2 threads
WARNING: [DRC 23-814] Not all possible (connectivity based) DRCs may have been run because this design is seen as Out of Context.
INFO: [Vivado_Tcl 4-198] DRC finished with 0 Errors
INFO: [Vivado_Tcl 4-199] Please refer to the DRC report (report_drc) for more information.


Starting Routing Task
INFO: [Route 35-270] Using Router directive 'AggressiveExplore'.
INFO: [Route 35-254] Multithreading enabled for route_design using a maximum of 2 CPUs

Phase 1 Build RT Design
Checksum: PlaceDB: ba3f0eb2 ConstDB: 0 ShapeSum: 463eca4c RouteDB: 15f972f0
WARNING: [Route 35-197] Clock port "clk_i" does not have an associated HD.CLK_SRC. Without this constraint, timing analysis may not be accurate and upstream checks cannot be done to ensure correct clock placement.
WARNING: [Route 35-198] Port "s_axi_wdata[4]" does not have an associated HD.PARTPIN_LOCS, which will prevent the partial routing of the signal "s_axi_wdata[4]". Without this partial route, timing analysis to/from this port will not be accurate, and no routing information for this port can be exported.
WARNING: [Route 35-198] Port "s_axi_wdata[7]" does not have an associated HD.PARTPIN_LOCS, which will prevent the partial routing of the signal "s_axi_wdata[7]". Without this partial route, timing analysis to/from this port will not be accurate, and no routing information for this port can be exported.
WARNING: [Route 35-198] Port "s_axi_wdata[6]" does not have an associated HD.PARTPIN_LOCS, which will prevent the partial routing of the signal "s_axi_wdata[6]". Without this partial route, timing analysis to/from this port will not be accurate, and no routing information for this port can be exported.
WARNING: [Route 35-198] Port "s_axi_araddr[4]" does not have an associated HD.PARTPIN_LOCS, which will prevent the partial routing of the signal "s_axi_araddr[4]". Without this partial route, timing analysis to/from this port will not be accurate, and no routing information for this port can be exported.
WARNING: [Route 35-198] Port "s_axi_araddr[5]" does not have an associated HD.PARTPIN_LOCS, which will prevent the partial routing of the signal "s_axi_araddr[5]". Without this partial route, timing analysis to/from this port will not be accurate, and no routing information for this port can be exported.
WARNING: [Route 35-198] Port "s_axi_araddr[2]" does not have an associated HD.PARTPIN_LOCS, which will prevent the partial routing of the signal "s_axi_araddr[2]". Without this partial route, timing analysis to/from this port will not be accurate, and no routing information for this port can be exported.
WARNING: [Route 35-198] Port "s_axi_araddr[3]" does not have an associated HD.PARTPIN_LOCS, which will prevent the partial routing of the signal "s_axi_araddr[3]". Without this partial route, timing analysis to/from this port will not be accurate, and no routing information for this port can be exported.
WARNING: [Route 35-198] Port "s_axi_wdata[15]" does not have an associated HD.PARTPIN_LOCS, which will prevent the partial routing of the signal "s_axi_wdata[15]". Without this partial route, timing analysis to/from this port will not be accurate, and no routing information for this port can be exported.
WARNING: [Route 35-198] Port "s_axi_wdata[13]" does not have an associated HD.PARTPIN_LOCS, which will prevent the partial routing of the signal "s_axi_wdata[13]". Without this partial route, timing analysis to/from this port will not be accurate, and no routing information for this port can be exported.
WARNING: [Route 35-198] Port "s_axi_wdata[10]" does not have an associated HD.PARTPIN_LOCS, which will prevent the partial routing of the signal "s_axi_wdata[10]". Without this partial route, timing analysis to/from this port will not be accurate, and no routing information for this port can be exported.
WARNING: [Route 35-198] Port "s_axi_wdata[8]" does not have an associated HD.PARTPIN_LOCS, which will prevent the partial routing of the signal "s_axi_wdata[8]". Without this partial route, timing analysis to/from this port will not be accurate, and no routing information for this port can be exported.
WARNING: [Route 35-198] Port "s_axi_wdata[14]" does not have an associated HD.PARTPIN_LOCS, which will prevent the partial routing of the signal "s_axi_wdata[14]". Without this partial route, timing analysis to/from this port will not be accurate, and no routing information for this port can be exported.
WARNING: [Route 35-198] Port "s_axi_wdata[12]" does not have an associated HD.PARTPIN_LOCS, which will prevent the partial routing of the signal "s_axi_wdata[12]". Without this partial route, timing analysis to/from this port will not be accurate, and no routing information for this port can be exported.
WARNING: [Route 35-198] Port "s_axi_wdata[5]" does not have an associated HD.PARTPIN_LOCS, which will prevent the partial routing of the signal "s_axi_wdata[5]". Without this partial route, timing analysis to/from this port will not be accurate, and no routing information for this port can be exported.
WARNING: [Route 35-198] Port "s_axi_wdata[2]" does not have an associated HD.PARTPIN_LOCS, which will prevent the partial routing of the signal "s_axi_wdata[2]". Without this partial route, timing analysis to/from this port will not be accurate, and no routing information for this port can be exported.
WARNING: [Route 35-198] Port "s_axi_wdata[1]" does not have an associated HD.PARTPIN_LOCS, which will prevent the partial routing of the signal "s_axi_wdata[1]". Without this partial route, timing analysis to/from this port will not be accurate, and no routing information for this port can be exported.
WARNING: [Route 35-198] Port "s_axi_wdata[30]" does not have an associated HD.PARTPIN_LOCS, which will prevent the partial routing of the signal "s_axi_wdata[30]". Without this partial route, timing analysis to/from this port will not be accurate, and no routing information for this port can be exported.
WARNING: [Route 35-198] Port "s_axi_wdata[29]" does not have an associated HD.PARTPIN_LOCS, which will prevent the partial routing of the signal "s_axi_wdata[29]". Without this partial route, timing analysis to/from this port will not be accurate, and no routing information for this port can be exported.
WARNING: [Route 35-198] Port "s_axi_wdata[26]" does not have an associated HD.PARTPIN_LOCS, which will prevent the partial routing of the signal "s_axi_wdata[26]". Without this partial route, timing analysis to/from this port will not be accurate, and no routing information for this port can be exported.
WARNING: [Route 35-198] Port "s_axi_wdata[11]" does not have an associated HD.PARTPIN_LOCS, which will prevent the partial routing of the signal "s_axi_wdata[11]". Without this partial route, timing analysis to/from this port will not be accurate, and no routing information for this port can be exported.
WARNING: [Route 35-198] Port "s_axi_wdata[9]" does not have an associated HD.PARTPIN_LOCS, which will prevent the partial routing of the signal "s_axi_wdata[9]". Without this partial route, timing analysis to/from this port will not be accurate, and no routing information for this port can be exported.
WARNING: [Route 35-198] Port "s_axi_wdata[3]" does not have an associated HD.PARTPIN_LOCS, which will prevent the partial routing of the signal "s_axi_wdata[3]". Without this partial route, timing analysis to/from this port will not be accurate, and no routing information for this port can be exported.
WARNING: [Route 35-198] Port "s_axi_wdata[0]" does not have an associated HD.PARTPIN_LOCS, which will prevent the partial routing of the signal "s_axi_wdata[0]". Without this partial route, timing analysis to/from this port will not be accurate, and no routing information for this port can be exported.
WARNING: [Route 35-198] Port "s_axi_wstrb[0]" does not have an associated HD.PARTPIN_LOCS, which will prevent the partial routing of the signal "s_axi_wstrb[0]". Without this partial route, timing analysis to/from this port will not be accurate, and no routing information for this port can be exported.
WARNING: [Route 35-198] Port "s_axi_awaddr[4]" does not have an associated HD.PARTPIN_LOCS, which will prevent the partial routing of the signal "s_axi_awaddr[4]". Without this partial route, timing analysis to/from this port will not be accurate, and no routing information for this port can be exported.
WARNING: [Route 35-198] Port "s_axi_wstrb[1]" does not have an associated HD.PARTPIN_LOCS, which will prevent the partial routing of the signal "s_axi_wstrb[1]". Without this partial route, timing analysis to/from this port will not be accurate, and no routing information for this port can be exported.
WARNING: [Route 35-198] Port "s_axi_awaddr[2]" does not have an associated HD.PARTPIN_LOCS, which will prevent the partial routing of the signal "s_axi_awaddr[2]". Without this partial route, timing analysis to/from this port will not be accurate, and no routing information for this port can be exported.
WARNING: [Route 35-198] Port "s_axi_awaddr[3]" does not have an associated HD.PARTPIN_LOCS, which will prevent the partial routing of the signal "s_axi_awaddr[3]". Without this partial route, timing analysis to/from this port will not be accurate, and no routing information for this port can be exported.
WARNING: [Route 35-198] Port "s_axi_awaddr[6]" does not have an associated HD.PARTPIN_LOCS, which will prevent the partial routing of the signal "s_axi_awaddr[6]". Without this partial route, timing analysis to/from this port will not be accurate, and no routing information for this port can be exported.
WARNING: [Route 35-198] Port "s_axi_awaddr[5]" does not have an associated HD.PARTPIN_LOCS, which will prevent the partial routing of the signal "s_axi_awaddr[5]". Without this partial route, timing analysis to/from this port will not be accurate, and no routing information for this port can be exported.
WARNING: [Route 35-198] Port "s_axi_wdata[23]" does not have an associated HD.PARTPIN_LOCS, which will prevent the partial routing of the signal "s_axi_wdata[23]". Without this partial route, timing analysis to/from this port will not be accurate, and no routing information for this port can be exported.
WARNING: [Route 35-198] Port "s_axi_wdata[22]" does not have an associated HD.PARTPIN_LOCS, which will prevent the partial routing of the signal "s_axi_wdata[22]". Without this partial route, timing analysis to/from this port will not be accurate, and no routing information for this port can be exported.
WARNING: [Route 35-198] Port "s_axi_wdata[21]" does not have an associated HD.PARTPIN_LOCS, which will prevent the partial routing of the signal "s_axi_wdata[21]". Without this partial route, timing analysis to/from this port will not be accurate, and no routing information for this port can be exported.
WARNING: [Route 35-198] Port "s_axi_wdata[20]" does not have an associated HD.PARTPIN_LOCS, which will prevent the partial routing of the signal "s_axi_wdata[20]". Without this partial route, timing analysis to/from this port will not be accurate, and no routing information for this port can be exported.
WARNING: [Route 35-198] Port "s_axi_wdata[19]" does not have an associated HD.PARTPIN_LOCS, which will prevent the partial routing of the signal "s_axi_wdata[19]". Without this partial route, timing analysis to/from this port will not be accurate, and no routing information for this port can be exported.
WARNING: [Route 35-198] Port "s_axi_wdata[18]" does not have an associated HD.PARTPIN_LOCS, which will prevent the partial routing of the signal "s_axi_wdata[18]". Without this partial route, timing analysis to/from this port will not be accurate, and no routing information for this port can be exported.
WARNING: [Route 35-198] Port "s_axi_wdata[17]" does not have an associated HD.PARTPIN_LOCS, which will prevent the partial routing of the signal "s_axi_wdata[17]". Without this partial route, timing analysis to/from this port will not be accurate, and no routing information for this port can be exported.
WARNING: [Route 35-198] Port "s_axi_wdata[16]" does not have an associated HD.PARTPIN_LOCS, which will prevent the partial routing of the signal "s_axi_wdata[16]". Without this partial route, timing analysis to/from this port will not be accurate, and no routing information for this port can be exported.
WARNING: [Route 35-198] Port "s_axi_wstrb[3]" does not have an associated HD.PARTPIN_LOCS, which will prevent the partial routing of the signal "s_axi_wstrb[3]". Without this partial route, timing analysis to/from this port will not be accurate, and no routing information for this port can be exported.
WARNING: [Route 35-198] Port "s_axi_wstrb[2]" does not have an associated HD.PARTPIN_LOCS, which will prevent the partial routing of the signal "s_axi_wstrb[2]". Without this partial route, timing analysis to/from this port will not be accurate, and no routing information for this port can be exported.
WARNING: [Route 35-198] Port "s_axi_wdata[31]" does not have an associated HD.PARTPIN_LOCS, which will prevent the partial routing of the signal "s_axi_wdata[31]". Without this partial route, timing analysis to/from this port will not be accurate, and no routing information for this port can be exported.
WARNING: [Route 35-198] Port "s_axi_wdata[28]" does not have an associated HD.PARTPIN_LOCS, which will prevent the partial routing of the signal "s_axi_wdata[28]". Without this partial route, timing analysis to/from this port will not be accurate, and no routing information for this port can be exported.
WARNING: [Route 35-198] Port "s_axi_wdata[27]" does not have an associated HD.PARTPIN_LOCS, which will prevent the partial routing of the signal "s_axi_wdata[27]". Without this partial route, timing analysis to/from this port will not be accurate, and no routing information for this port can be exported.
WARNING: [Route 35-198] Port "s_axi_wdata[25]" does not have an associated HD.PARTPIN_LOCS, which will prevent the partial routing of the signal "s_axi_wdata[25]". Without this partial route, timing analysis to/from this port will not be accurate, and no routing information for this port can be exported.
WARNING: [Route 35-198] Port "s_axi_wdata[24]" does not have an associated HD.PARTPIN_LOCS, which will prevent the partial routing of the signal "s_axi_wdata[24]". Without this partial route, timing analysis to/from this port will not be accurate, and no routing information for this port can be exported.
WARNING: [Route 35-198] Port "s_axi_araddr[6]" does not have an associated HD.PARTPIN_LOCS, which will prevent the partial routing of the signal "s_axi_araddr[6]". Without this partial route, timing analysis to/from this port will not be accurate, and no routing information for this port can be exported.
WARNING: [Route 35-198] Port "s_axi_araddr[15]" does not have an associated HD.PARTPIN_LOCS, which will prevent the partial routing of the signal "s_axi_araddr[15]". Without this partial route, timing analysis to/from this port will not be accurate, and no routing information for this port can be exported.
WARNING: [Route 35-198] Port "s_axi_araddr[11]" does not have an associated HD.PARTPIN_LOCS, which will prevent the partial routing of the signal "s_axi_araddr[11]". Without this partial route, timing analysis to/from this port will not be accurate, and no routing information for this port can be exported.
WARNING: [Route 35-198] Port "s_axi_araddr[7]" does not have an associated HD.PARTPIN_LOCS, which will prevent the partial routing of the signal "s_axi_araddr[7]". Without this partial route, timing analysis to/from this port will not be accurate, and no routing information for this port can be exported.
WARNING: [Route 35-198] Port "s_axi_araddr[14]" does not have an associated HD.PARTPIN_LOCS, which will prevent the partial routing of the signal "s_axi_araddr[14]". Without this partial route, timing analysis to/from this port will not be accurate, and no routing information for this port can be exported.
WARNING: [Route 35-198] Port "s_axi_araddr[12]" does not have an associated HD.PARTPIN_LOCS, which will prevent the partial routing of the signal "s_axi_araddr[12]". Without this partial route, timing analysis to/from this port will not be accurate, and no routing information for this port can be exported.
WARNING: [Route 35-198] Port "s_axi_araddr[8]" does not have an associated HD.PARTPIN_LOCS, which will prevent the partial routing of the signal "s_axi_araddr[8]". Without this partial route, timing analysis to/from this port will not be accurate, and no routing information for this port can be exported.
WARNING: [Route 35-198] Port "s_axi_araddr[13]" does not have an associated HD.PARTPIN_LOCS, which will prevent the partial routing of the signal "s_axi_araddr[13]". Without this partial route, timing analysis to/from this port will not be accurate, and no routing information for this port can be exported.
WARNING: [Route 35-198] Port "s_axi_araddr[9]" does not have an associated HD.PARTPIN_LOCS, which will prevent the partial routing of the signal "s_axi_araddr[9]". Without this partial route, timing analysis to/from this port will not be accurate, and no routing information for this port can be exported.
WARNING: [Route 35-198] Port "s_axi_araddr[10]" does not have an associated HD.PARTPIN_LOCS, which will prevent the partial routing of the signal "s_axi_araddr[10]". Without this partial route, timing analysis to/from this port will not be accurate, and no routing information for this port can be exported.
WARNING: [Route 35-198] Port "m_axi_arready" does not have an associated HD.PARTPIN_LOCS, which will prevent the partial routing of the signal "m_axi_arready". Without this partial route, timing analysis to/from this port will not be accurate, and no routing information for this port can be exported.
WARNING: [Route 35-198] Port "m_axi_rdata[32]" does not have an associated HD.PARTPIN_LOCS, which will prevent the partial routing of the signal "m_axi_rdata[32]". Without this partial route, timing analysis to/from this port will not be accurate, and no routing information for this port can be exported.
WARNING: [Route 35-198] Port "m_axi_rdata[33]" does not have an associated HD.PARTPIN_LOCS, which will prevent the partial routing of the signal "m_axi_rdata[33]". Without this partial route, timing analysis to/from this port will not be accurate, and no routing information for this port can be exported.
WARNING: [Route 35-198] Port "m_axi_rdata[28]" does not have an associated HD.PARTPIN_LOCS, which will prevent the partial routing of the signal "m_axi_rdata[28]". Without this partial route, timing analysis to/from this port will not be accurate, and no routing information for this port can be exported.
WARNING: [Route 35-198] Port "m_axi_rdata[29]" does not have an associated HD.PARTPIN_LOCS, which will prevent the partial routing of the signal "m_axi_rdata[29]". Without this partial route, timing analysis to/from this port will not be accurate, and no routing information for this port can be exported.
WARNING: [Route 35-198] Port "m_axi_rdata[40]" does not have an associated HD.PARTPIN_LOCS, which will prevent the partial routing of the signal "m_axi_rdata[40]". Without this partial route, timing analysis to/from this port will not be accurate, and no routing information for this port can be exported.
WARNING: [Route 35-198] Port "m_axi_rdata[41]" does not have an associated HD.PARTPIN_LOCS, which will prevent the partial routing of the signal "m_axi_rdata[41]". Without this partial route, timing analysis to/from this port will not be accurate, and no routing information for this port can be exported.
WARNING: [Route 35-198] Port "m_axi_rdata[54]" does not have an associated HD.PARTPIN_LOCS, which will prevent the partial routing of the signal "m_axi_rdata[54]". Without this partial route, timing analysis to/from this port will not be accurate, and no routing information for this port can be exported.
WARNING: [Route 35-198] Port "m_axi_rdata[55]" does not have an associated HD.PARTPIN_LOCS, which will prevent the partial routing of the signal "m_axi_rdata[55]". Without this partial route, timing analysis to/from this port will not be accurate, and no routing information for this port can be exported.
WARNING: [Route 35-198] Port "m_axi_rdata[62]" does not have an associated HD.PARTPIN_LOCS, which will prevent the partial routing of the signal "m_axi_rdata[62]". Without this partial route, timing analysis to/from this port will not be accurate, and no routing information for this port can be exported.
WARNING: [Route 35-198] Port "m_axi_rdata[63]" does not have an associated HD.PARTPIN_LOCS, which will prevent the partial routing of the signal "m_axi_rdata[63]". Without this partial route, timing analysis to/from this port will not be accurate, and no routing information for this port can be exported.
WARNING: [Route 35-198] Port "s_axi_arvalid" does not have an associated HD.PARTPIN_LOCS, which will prevent the partial routing of the signal "s_axi_arvalid". Without this partial route, timing analysis to/from this port will not be accurate, and no routing information for this port can be exported.
WARNING: [Route 35-198] Port "s_axi_rready" does not have an associated HD.PARTPIN_LOCS, which will prevent the partial routing of the signal "s_axi_rready". Without this partial route, timing analysis to/from this port will not be accurate, and no routing information for this port can be exported.
WARNING: [Route 35-198] Port "m_axi_rvalid" does not have an associated HD.PARTPIN_LOCS, which will prevent the partial routing of the signal "m_axi_rvalid". Without this partial route, timing analysis to/from this port will not be accurate, and no routing information for this port can be exported.
WARNING: [Route 35-198] Port "m_axi_rdata[36]" does not have an associated HD.PARTPIN_LOCS, which will prevent the partial routing of the signal "m_axi_rdata[36]". Without this partial route, timing analysis to/from this port will not be accurate, and no routing information for this port can be exported.
WARNING: [Route 35-198] Port "m_axi_rdata[37]" does not have an associated HD.PARTPIN_LOCS, which will prevent the partial routing of the signal "m_axi_rdata[37]". Without this partial route, timing analysis to/from this port will not be accurate, and no routing information for this port can be exported.
WARNING: [Route 35-198] Port "m_axi_rdata[44]" does not have an associated HD.PARTPIN_LOCS, which will prevent the partial routing of the signal "m_axi_rdata[44]". Without this partial route, timing analysis to/from this port will not be accurate, and no routing information for this port can be exported.
WARNING: [Route 35-198] Port "m_axi_rdata[45]" does not have an associated HD.PARTPIN_LOCS, which will prevent the partial routing of the signal "m_axi_rdata[45]". Without this partial route, timing analysis to/from this port will not be accurate, and no routing information for this port can be exported.
WARNING: [Route 35-198] Port "m_axi_rdata[52]" does not have an associated HD.PARTPIN_LOCS, which will prevent the partial routing of the signal "m_axi_rdata[52]". Without this partial route, timing analysis to/from this port will not be accurate, and no routing information for this port can be exported.
WARNING: [Route 35-198] Port "m_axi_rdata[53]" does not have an associated HD.PARTPIN_LOCS, which will prevent the partial routing of the signal "m_axi_rdata[53]". Without this partial route, timing analysis to/from this port will not be accurate, and no routing information for this port can be exported.
WARNING: [Route 35-198] Port "m_axi_rdata[60]" does not have an associated HD.PARTPIN_LOCS, which will prevent the partial routing of the signal "m_axi_rdata[60]". Without this partial route, timing analysis to/from this port will not be accurate, and no routing information for this port can be exported.
WARNING: [Route 35-198] Port "m_axi_rdata[61]" does not have an associated HD.PARTPIN_LOCS, which will prevent the partial routing of the signal "m_axi_rdata[61]". Without this partial route, timing analysis to/from this port will not be accurate, and no routing information for this port can be exported.
WARNING: [Route 35-198] Port "m_axi_rdata[0]" does not have an associated HD.PARTPIN_LOCS, which will prevent the partial routing of the signal "m_axi_rdata[0]". Without this partial route, timing analysis to/from this port will not be accurate, and no routing information for this port can be exported.
WARNING: [Route 35-198] Port "m_axi_rdata[1]" does not have an associated HD.PARTPIN_LOCS, which will prevent the partial routing of the signal "m_axi_rdata[1]". Without this partial route, timing analysis to/from this port will not be accurate, and no routing information for this port can be exported.
WARNING: [Route 35-198] Port "m_axi_rdata[8]" does not have an associated HD.PARTPIN_LOCS, which will prevent the partial routing of the signal "m_axi_rdata[8]". Without this partial route, timing analysis to/from this port will not be accurate, and no routing information for this port can be exported.
WARNING: [Route 35-198] Port "m_axi_rdata[9]" does not have an associated HD.PARTPIN_LOCS, which will prevent the partial routing of the signal "m_axi_rdata[9]". Without this partial route, timing analysis to/from this port will not be accurate, and no routing information for this port can be exported.
WARNING: [Route 35-198] Port "m_axi_rdata[16]" does not have an associated HD.PARTPIN_LOCS, which will prevent the partial routing of the signal "m_axi_rdata[16]". Without this partial route, timing analysis to/from this port will not be accurate, and no routing information for this port can be exported.
WARNING: [Route 35-198] Port "m_axi_rdata[17]" does not have an associated HD.PARTPIN_LOCS, which will prevent the partial routing of the signal "m_axi_rdata[17]". Without this partial route, timing analysis to/from this port will not be accurate, and no routing information for this port can be exported.
WARNING: [Route 35-198] Port "m_axi_rdata[24]" does not have an associated HD.PARTPIN_LOCS, which will prevent the partial routing of the signal "m_axi_rdata[24]". Without this partial route, timing analysis to/from this port will not be accurate, and no routing information for this port can be exported.
WARNING: [Route 35-198] Port "m_axi_rdata[25]" does not have an associated HD.PARTPIN_LOCS, which will prevent the partial routing of the signal "m_axi_rdata[25]". Without this partial route, timing analysis to/from this port will not be accurate, and no routing information for this port can be exported.
WARNING: [Route 35-198] Port "m_axi_rdata[20]" does not have an associated HD.PARTPIN_LOCS, which will prevent the partial routing of the signal "m_axi_rdata[20]". Without this partial route, timing analysis to/from this port will not be accurate, and no routing information for this port can be exported.
WARNING: [Route 35-198] Port "m_axi_rdata[21]" does not have an associated HD.PARTPIN_LOCS, which will prevent the partial routing of the signal "m_axi_rdata[21]". Without this partial route, timing analysis to/from this port will not be accurate, and no routing information for this port can be exported.
WARNING: [Route 35-198] Port "m_axi_rdata[46]" does not have an associated HD.PARTPIN_LOCS, which will prevent the partial routing of the signal "m_axi_rdata[46]". Without this partial route, timing analysis to/from this port will not be accurate, and no routing information for this port can be exported.
WARNING: [Route 35-198] Port "m_axi_rdata[47]" does not have an associated HD.PARTPIN_LOCS, which will prevent the partial routing of the signal "m_axi_rdata[47]". Without this partial route, timing analysis to/from this port will not be accurate, and no routing information for this port can be exported.
WARNING: [Route 35-198] Port "m_axi_rdata[48]" does not have an associated HD.PARTPIN_LOCS, which will prevent the partial routing of the signal "m_axi_rdata[48]". Without this partial route, timing analysis to/from this port will not be accurate, and no routing information for this port can be exported.
WARNING: [Route 35-198] Port "m_axi_rdata[49]" does not have an associated HD.PARTPIN_LOCS, which will prevent the partial routing of the signal "m_axi_rdata[49]". Without this partial route, timing analysis to/from this port will not be accurate, and no routing information for this port can be exported.
WARNING: [Route 35-198] Port "m_axi_rdata[56]" does not have an associated HD.PARTPIN_LOCS, which will prevent the partial routing of the signal "m_axi_rdata[56]". Without this partial route, timing analysis to/from this port will not be accurate, and no routing information for this port can be exported.
WARNING: [Route 35-198] Port "m_axi_rdata[57]" does not have an associated HD.PARTPIN_LOCS, which will prevent the partial routing of the signal "m_axi_rdata[57]". Without this partial route, timing analysis to/from this port will not be accurate, and no routing information for this port can be exported.
WARNING: [Route 35-198] Port "m_axi_rdata[30]" does not have an associated HD.PARTPIN_LOCS, which will prevent the partial routing of the signal "m_axi_rdata[30]". Without this partial route, timing analysis to/from this port will not be accurate, and no routing information for this port can be exported.
WARNING: [Route 35-198] Port "m_axi_rdata[31]" does not have an associated HD.PARTPIN_LOCS, which will prevent the partial routing of the signal "m_axi_rdata[31]". Without this partial route, timing analysis to/from this port will not be accurate, and no routing information for this port can be exported.
WARNING: [Route 35-198] Port "m_axi_rdata[38]" does not have an associated HD.PARTPIN_LOCS, which will prevent the partial routing of the signal "m_axi_rdata[38]". Without this partial route, timing analysis to/from this port will not be accurate, and no routing information for this port can be exported.
WARNING: [Route 35-198] Port "m_axi_rdata[39]" does not have an associated HD.PARTPIN_LOCS, which will prevent the partial routing of the signal "m_axi_rdata[39]". Without this partial route, timing analysis to/from this port will not be accurate, and no routing information for this port can be exported.
WARNING: [Route 35-198] Port "m_axi_rdata[50]" does not have an associated HD.PARTPIN_LOCS, which will prevent the partial routing of the signal "m_axi_rdata[50]". Without this partial route, timing analysis to/from this port will not be accurate, and no routing information for this port can be exported.
WARNING: [Route 35-198] Port "m_axi_rdata[51]" does not have an associated HD.PARTPIN_LOCS, which will prevent the partial routing of the signal "m_axi_rdata[51]". Without this partial route, timing analysis to/from this port will not be accurate, and no routing information for this port can be exported.
WARNING: [Route 35-198] Port "m_axi_rdata[58]" does not have an associated HD.PARTPIN_LOCS, which will prevent the partial routing of the signal "m_axi_rdata[58]". Without this partial route, timing analysis to/from this port will not be accurate, and no routing information for this port can be exported.
INFO: [Common 17-14] Message 'Route 35-198' appears 100 times and further instances of the messages will be disabled. Use the Tcl command set_msg_config to change the current settings.
WARNING: [Constraints 18-8777] Unable to split tiles. All required files are not available.
Post Restoration Checksum: NetGraph: 14230764 | NumContArr: 49db3054 | Constraints: c2a8fa9d | Timing: c2a8fa9d
Phase 1 Build RT Design | Checksum: 1e3502cf2

Time (s): cpu = 00:00:23 ; elapsed = 00:00:17 . Memory (MB): peak = 2388.199 ; gain = 0.000

Phase 2 Router Initialization

Phase 2.1 Fix Topology Constraints
Phase 2.1 Fix Topology Constraints | Checksum: 1e3502cf2

Time (s): cpu = 00:00:23 ; elapsed = 00:00:17 . Memory (MB): peak = 2388.199 ; gain = 0.000

Phase 2.2 Pre Route Cleanup
Phase 2.2 Pre Route Cleanup | Checksum: 1e3502cf2

Time (s): cpu = 00:00:23 ; elapsed = 00:00:17 . Memory (MB): peak = 2388.199 ; gain = 0.000
 Number of Nodes with overlaps = 0

Phase 2.3 Update Timing
Phase 2.3 Update Timing | Checksum: 2739c958c

Time (s): cpu = 00:00:30 ; elapsed = 00:00:21 . Memory (MB): peak = 2390.934 ; gain = 2.734
INFO: [Route 35-416] Intermediate Timing Summary | WNS=-0.048 | TNS=-2.348 | WHS=0.095  | THS=0.000  |


Phase 2.4 Soft Constraint Pins - Fast Budgeting
Phase 2.4 Soft Constraint Pins - Fast Budgeting | Checksum: 209119040

Time (s): cpu = 00:00:34 ; elapsed = 00:00:24 . Memory (MB): peak = 2553.750 ; gain = 165.551

Router Utilization Summary
  Global Vertical Routing Utilization    = 0 %
  Global Horizontal Routing Utilization  = 0 %
  Routable Net Status*
  *Does not include unroutable nets such as driverless and loadless.
  Run report_route_status for detailed report.
  Number of Failed Nets               = 42966
    (Failed Nets is the sum of unrouted and partially routed nets)
  Number of Unrouted Nets             = 42966
  Number of Partially Routed Nets     = 0
  Number of Node Overlaps             = 0

Phase 2 Router Initialization | Checksum: 209119040

Time (s): cpu = 00:00:34 ; elapsed = 00:00:24 . Memory (MB): peak = 2553.750 ; gain = 165.551

Phase 3 Global Routing
Phase 3 Global Routing | Checksum: 209119040

Time (s): cpu = 00:00:34 ; elapsed = 00:00:24 . Memory (MB): peak = 2553.750 ; gain = 165.551

Phase 4 Initial Routing

Phase 4.1 Initial Net Routing Pass
Phase 4.1 Initial Net Routing Pass | Checksum: 3259fcf50

Time (s): cpu = 00:00:40 ; elapsed = 00:00:27 . Memory (MB): peak = 2553.750 ; gain = 165.551
Phase 4 Initial Routing | Checksum: 3259fcf50

Time (s): cpu = 00:00:40 ; elapsed = 00:00:27 . Memory (MB): peak = 2553.750 ; gain = 165.551

Phase 5 Rip-up And Reroute

Phase 5.1 Global Iteration 0
 Number of Nodes with overlaps = 5670
 Number of Nodes with overlaps = 1847
 Number of Nodes with overlaps = 659
 Number of Nodes with overlaps = 273
 Number of Nodes with overlaps = 100
 Number of Nodes with overlaps = 28
 Number of Nodes with overlaps = 10
 Number of Nodes with overlaps = 3
 Number of Nodes with overlaps = 1
 Number of Nodes with overlaps = 1
 Number of Nodes with overlaps = 0
INFO: [Route 35-416] Intermediate Timing Summary | WNS=-0.631 | TNS=-27.305| WHS=N/A    | THS=N/A    |

Phase 5.1 Global Iteration 0 | Checksum: 2a966a394

Time (s): cpu = 00:01:18 ; elapsed = 00:00:58 . Memory (MB): peak = 2553.750 ; gain = 165.551

Phase 5.2 Global Iteration 1
 Number of Nodes with overlaps = 335
 Number of Nodes with overlaps = 177
 Number of Nodes with overlaps = 98
 Number of Nodes with overlaps = 49
 Number of Nodes with overlaps = 15
 Number of Nodes with overlaps = 9
 Number of Nodes with overlaps = 4
 Number of Nodes with overlaps = 1
 Number of Nodes with overlaps = 1
 Number of Nodes with overlaps = 1
 Number of Nodes with overlaps = 0
INFO: [Route 35-416] Intermediate Timing Summary | WNS=-0.607 | TNS=-24.765| WHS=N/A    | THS=N/A    |

Phase 5.2 Global Iteration 1 | Checksum: 1eeb75e14

Time (s): cpu = 00:01:27 ; elapsed = 00:01:05 . Memory (MB): peak = 2553.750 ; gain = 165.551

Phase 5.3 Global Iteration 2
 Number of Nodes with overlaps = 181
 Number of Nodes with overlaps = 82
 Number of Nodes with overlaps = 34
 Number of Nodes with overlaps = 28
 Number of Nodes with overlaps = 6
 Number of Nodes with overlaps = 15
 Number of Nodes with overlaps = 10
 Number of Nodes with overlaps = 2
 Number of Nodes with overlaps = 1
 Number of Nodes with overlaps = 0
INFO: [Route 35-416] Intermediate Timing Summary | WNS=-0.699 | TNS=-25.466| WHS=N/A    | THS=N/A    |

Phase 5.3 Global Iteration 2 | Checksum: 26b1c59a9

Time (s): cpu = 00:01:34 ; elapsed = 00:01:10 . Memory (MB): peak = 2553.750 ; gain = 165.551
Phase 5 Rip-up And Reroute | Checksum: 26b1c59a9

Time (s): cpu = 00:01:34 ; elapsed = 00:01:10 . Memory (MB): peak = 2553.750 ; gain = 165.551

Phase 6 Delay and Skew Optimization

Phase 6.1 Delay CleanUp

Phase 6.1.1 Update Timing
Phase 6.1.1 Update Timing | Checksum: 26b1c59a9

Time (s): cpu = 00:01:35 ; elapsed = 00:01:11 . Memory (MB): peak = 2553.750 ; gain = 165.551
INFO: [Route 35-416] Intermediate Timing Summary | WNS=-0.607 | TNS=-24.765| WHS=N/A    | THS=N/A    |

 Number of Nodes with overlaps = 0
Phase 6.1 Delay CleanUp | Checksum: 1eec20556

Time (s): cpu = 00:01:35 ; elapsed = 00:01:11 . Memory (MB): peak = 2553.750 ; gain = 165.551

Phase 6.2 Clock Skew Optimization
Phase 6.2 Clock Skew Optimization | Checksum: 1eec20556

Time (s): cpu = 00:01:35 ; elapsed = 00:01:11 . Memory (MB): peak = 2553.750 ; gain = 165.551
Phase 6 Delay and Skew Optimization | Checksum: 1eec20556

Time (s): cpu = 00:01:35 ; elapsed = 00:01:11 . Memory (MB): peak = 2553.750 ; gain = 165.551

Phase 7 Post Hold Fix

Phase 7.1 Hold Fix Iter
INFO: [Route 35-416] Intermediate Timing Summary | WNS=-0.588 | TNS=-22.496| WHS=0.095  | THS=0.000  |

Phase 7.1 Hold Fix Iter | Checksum: 1a5ddead7

Time (s): cpu = 00:01:37 ; elapsed = 00:01:12 . Memory (MB): peak = 2553.750 ; gain = 165.551
Phase 7 Post Hold Fix | Checksum: 1a5ddead7

Time (s): cpu = 00:01:37 ; elapsed = 00:01:12 . Memory (MB): peak = 2553.750 ; gain = 165.551

Phase 8 Timing Verification

Phase 8.1 Update Timing
Phase 8.1 Update Timing | Checksum: 1a5ddead7

Time (s): cpu = 00:01:40 ; elapsed = 00:01:13 . Memory (MB): peak = 2553.750 ; gain = 165.551
INFO: [Route 35-416] Intermediate Timing Summary | WNS=-0.588 | TNS=-22.496| WHS=0.095  | THS=0.000  |

Phase 8 Timing Verification | Checksum: 1a5ddead7

Time (s): cpu = 00:01:40 ; elapsed = 00:01:13 . Memory (MB): peak = 2553.750 ; gain = 165.551

Phase 9 Route finalize

Router Utilization Summary
  Global Vertical Routing Utilization    = 15.7473 %
  Global Horizontal Routing Utilization  = 19.2156 %
  Routable Net Status*
  *Does not include unroutable nets such as driverless and loadless.
  Run report_route_status for detailed report.
  Number of Failed Nets               = 0
    (Failed Nets is the sum of unrouted and partially routed nets)
  Number of Unrouted Nets             = 0
  Number of Partially Routed Nets     = 0
  Number of Node Overlaps             = 0


--GLOBAL Congestion:
Utilization threshold used for congestion level computation: 0.85
Congestion Report
North Dir 1x1 Area, Max Cong = 81.0811%, No Congested Regions.
South Dir 1x1 Area, Max Cong = 85.5856%, Congestion bounded by tiles (Lower Left Tile -> Upper Right Tile):
   INT_R_X59Y57 -> INT_R_X59Y57
   INT_R_X57Y55 -> INT_R_X57Y55
   INT_R_X57Y40 -> INT_R_X57Y40
East Dir 2x2 Area, Max Cong = 95.5882%, Congestion bounded by tiles (Lower Left Tile -> Upper Right Tile):
   INT_L_X14Y48 -> INT_R_X15Y49
   INT_L_X14Y46 -> INT_R_X15Y47
   INT_L_X14Y44 -> INT_R_X15Y45
West Dir 1x1 Area, Max Cong = 91.1765%, Congestion bounded by tiles (Lower Left Tile -> Upper Right Tile):
   INT_L_X58Y61 -> INT_L_X58Y61
   INT_R_X59Y61 -> INT_R_X59Y61
   INT_R_X59Y60 -> INT_R_X59Y60
   INT_R_X41Y54 -> INT_R_X41Y54
   INT_L_X20Y49 -> INT_L_X20Y49

------------------------------
Reporting congestion hotspots
------------------------------
Direction: North
----------------
Congested clusters found at Level 0
Effective congestion level: 0 Aspect Ratio: 1 Sparse Ratio: 0
Direction: South
----------------
Congested clusters found at Level 0
Effective congestion level: 0 Aspect Ratio: 1 Sparse Ratio: 1
Direction: East
----------------
Congested clusters found at Level 1
Effective congestion level: 2 Aspect Ratio: 0.4 Sparse Ratio: 1.5
Direction: West
----------------
Congested clusters found at Level 0
Effective congestion level: 1 Aspect Ratio: 0.25 Sparse Ratio: 1

Phase 9 Route finalize | Checksum: 1a5ddead7

Time (s): cpu = 00:01:40 ; elapsed = 00:01:13 . Memory (MB): peak = 2553.750 ; gain = 165.551

Phase 10 Verifying routed nets

 Verification completed successfully
Phase 10 Verifying routed nets | Checksum: 1a5ddead7

Time (s): cpu = 00:01:40 ; elapsed = 00:01:13 . Memory (MB): peak = 2553.750 ; gain = 165.551

Phase 11 Depositing Routes
Phase 11 Depositing Routes | Checksum: 246e1486c

Time (s): cpu = 00:01:43 ; elapsed = 00:01:16 . Memory (MB): peak = 2553.750 ; gain = 165.551

Phase 12 Incr Placement Change
Netlist sorting complete. Time (s): cpu = 00:00:00 ; elapsed = 00:00:00.015 . Memory (MB): peak = 2553.750 ; gain = 0.000
INFO: [Place 30-746] Post Placement Timing Summary WNS=-0.582. For the most accurate timing information please run report_timing.
Ending IncrPlace Task | Checksum: 16135e913

Time (s): cpu = 00:00:23 ; elapsed = 00:00:15 . Memory (MB): peak = 2553.750 ; gain = 0.000
Phase 12 Incr Placement Change | Checksum: 16135e913

Time (s): cpu = 00:02:06 ; elapsed = 00:01:31 . Memory (MB): peak = 2553.750 ; gain = 165.551

Phase 13 Build RT Design
Checksum: PlaceDB: 9ba50cfb ConstDB: 0 ShapeSum: 631af3bf RouteDB: 6275e859
WARNING: [Route 35-197] Clock port "clk_i" does not have an associated HD.CLK_SRC. Without this constraint, timing analysis may not be accurate and upstream checks cannot be done to ensure correct clock placement.
Post Restoration Checksum: NetGraph: 169e678e | NumContArr: 5fbef195 | Constraints: c2a8fa9d | Timing: c2a8fa9d
Phase 13 Build RT Design | Checksum: 1fbaf4e5d

Time (s): cpu = 00:02:15 ; elapsed = 00:01:36 . Memory (MB): peak = 2553.750 ; gain = 165.551

Phase 14 Router Initialization

Phase 14.1 Fix Topology Constraints
Phase 14.1 Fix Topology Constraints | Checksum: 1fbaf4e5d

Time (s): cpu = 00:02:15 ; elapsed = 00:01:36 . Memory (MB): peak = 2553.750 ; gain = 165.551

Phase 14.2 Pre Route Cleanup
Phase 14.2 Pre Route Cleanup | Checksum: 1fbaf4e5d

Time (s): cpu = 00:02:15 ; elapsed = 00:01:36 . Memory (MB): peak = 2553.750 ; gain = 165.551

Phase 14.3 Timing Verification

Phase 14.3.1 Update Timing
Phase 14.3.1 Update Timing | Checksum: 20ba81f6f

Time (s): cpu = 00:02:24 ; elapsed = 00:01:41 . Memory (MB): peak = 2553.750 ; gain = 165.551
INFO: [Route 35-416] Intermediate Timing Summary | WNS=-0.582 | TNS=-22.206| WHS=0.096  | THS=0.000  |

Phase 14.3 Timing Verification | Checksum: 20ba81f6f

Time (s): cpu = 00:02:25 ; elapsed = 00:01:41 . Memory (MB): peak = 2553.750 ; gain = 165.551
 Number of Nodes with overlaps = 0

Phase 14.4 Update Timing
Phase 14.4 Update Timing | Checksum: 1f5a4fb90

Time (s): cpu = 00:02:34 ; elapsed = 00:01:46 . Memory (MB): peak = 2556.152 ; gain = 167.953
INFO: [Route 35-416] Intermediate Timing Summary | WNS=-0.592 | TNS=-22.809| WHS=0.095  | THS=0.000  |


Phase 14.5 Soft Constraint Pins - Fast Budgeting
Phase 14.5 Soft Constraint Pins - Fast Budgeting | Checksum: 1a5424f0e

Time (s): cpu = 00:02:37 ; elapsed = 00:01:49 . Memory (MB): peak = 2689.012 ; gain = 300.812

Router Utilization Summary
  Global Vertical Routing Utilization    = 15.7473 %
  Global Horizontal Routing Utilization  = 19.2156 %
  Routable Net Status*
  *Does not include unroutable nets such as driverless and loadless.
  Run report_route_status for detailed report.
  Number of Failed Nets               = 0
    (Failed Nets is the sum of unrouted and partially routed nets)
  Number of Unrouted Nets             = 0
  Number of Partially Routed Nets     = 0
  Number of Node Overlaps             = 0

Phase 14 Router Initialization | Checksum: 1a5424f0e

Time (s): cpu = 00:02:38 ; elapsed = 00:01:49 . Memory (MB): peak = 2689.012 ; gain = 300.812

Phase 15 Global Routing
Phase 15 Global Routing | Checksum: 1a5424f0e

Time (s): cpu = 00:02:38 ; elapsed = 00:01:49 . Memory (MB): peak = 2689.012 ; gain = 300.812

Phase 16 Initial Routing

Phase 16.1 Initial Net Routing Pass
 Number of Nodes with overlaps = 0
Phase 16.1 Initial Net Routing Pass | Checksum: 1a5424f0e

Time (s): cpu = 00:02:38 ; elapsed = 00:01:49 . Memory (MB): peak = 2689.012 ; gain = 300.812
Phase 16 Initial Routing | Checksum: 1a5424f0e

Time (s): cpu = 00:02:38 ; elapsed = 00:01:49 . Memory (MB): peak = 2689.012 ; gain = 300.812

Phase 17 Rip-up And Reroute

Phase 17.1 Global Iteration 0
INFO: [Route 35-416] Intermediate Timing Summary | WNS=-0.588 | TNS=-22.496| WHS=N/A    | THS=N/A    |

Phase 17.1 Global Iteration 0 | Checksum: 16b135d4b

Time (s): cpu = 00:02:44 ; elapsed = 00:01:53 . Memory (MB): peak = 2689.012 ; gain = 300.812

Phase 17.2 Global Iteration 1
 Number of Nodes with overlaps = 612
 Number of Nodes with overlaps = 470
 Number of Nodes with overlaps = 274
 Number of Nodes with overlaps = 137
 Number of Nodes with overlaps = 118
 Number of Nodes with overlaps = 72
 Number of Nodes with overlaps = 20
 Number of Nodes with overlaps = 8
 Number of Nodes with overlaps = 3
 Number of Nodes with overlaps = 0
INFO: [Route 35-416] Intermediate Timing Summary | WNS=-0.588 | TNS=-18.669| WHS=N/A    | THS=N/A    |

Phase 17.2 Global Iteration 1 | Checksum: 1bb8c0c42

Time (s): cpu = 00:02:53 ; elapsed = 00:01:59 . Memory (MB): peak = 2689.012 ; gain = 300.812
Phase 17 Rip-up And Reroute | Checksum: 1bb8c0c42

Time (s): cpu = 00:02:53 ; elapsed = 00:01:59 . Memory (MB): peak = 2689.012 ; gain = 300.812

Phase 18 Delay and Skew Optimization

Phase 18.1 Delay CleanUp

Phase 18.1.1 Update Timing
Phase 18.1.1 Update Timing | Checksum: 1bb8c0c42

Time (s): cpu = 00:02:54 ; elapsed = 00:01:59 . Memory (MB): peak = 2689.012 ; gain = 300.812
INFO: [Route 35-416] Intermediate Timing Summary | WNS=-0.588 | TNS=-22.496| WHS=N/A    | THS=N/A    |

 Number of Nodes with overlaps = 0
Phase 18.1 Delay CleanUp | Checksum: 29065e761

Time (s): cpu = 00:02:54 ; elapsed = 00:02:00 . Memory (MB): peak = 2689.012 ; gain = 300.812

Phase 18.2 Clock Skew Optimization
Phase 18.2 Clock Skew Optimization | Checksum: 29065e761

Time (s): cpu = 00:02:54 ; elapsed = 00:02:00 . Memory (MB): peak = 2689.012 ; gain = 300.812
Phase 18 Delay and Skew Optimization | Checksum: 29065e761

Time (s): cpu = 00:02:54 ; elapsed = 00:02:00 . Memory (MB): peak = 2689.012 ; gain = 300.812

Phase 19 Post Hold Fix

Phase 19.1 Hold Fix Iter
INFO: [Route 35-416] Intermediate Timing Summary | WNS=-0.586 | TNS=-22.017| WHS=0.095  | THS=0.000  |

Phase 19.1 Hold Fix Iter | Checksum: 2fe047d99

Time (s): cpu = 00:02:55 ; elapsed = 00:02:00 . Memory (MB): peak = 2689.012 ; gain = 300.812
Phase 19 Post Hold Fix | Checksum: 2fe047d99

Time (s): cpu = 00:02:55 ; elapsed = 00:02:00 . Memory (MB): peak = 2689.012 ; gain = 300.812

Phase 20 Timing Verification

Phase 20.1 Update Timing
Phase 20.1 Update Timing | Checksum: 2fe047d99

Time (s): cpu = 00:02:58 ; elapsed = 00:02:02 . Memory (MB): peak = 2689.012 ; gain = 300.812
INFO: [Route 35-416] Intermediate Timing Summary | WNS=-0.586 | TNS=-22.017| WHS=0.095  | THS=0.000  |

Phase 20 Timing Verification | Checksum: 2fe047d99

Time (s): cpu = 00:02:58 ; elapsed = 00:02:02 . Memory (MB): peak = 2689.012 ; gain = 300.812

Phase 21 Route finalize

Router Utilization Summary
  Global Vertical Routing Utilization    = 15.7473 %
  Global Horizontal Routing Utilization  = 19.2163 %
  Routable Net Status*
  *Does not include unroutable nets such as driverless and loadless.
  Run report_route_status for detailed report.
  Number of Failed Nets               = 0
    (Failed Nets is the sum of unrouted and partially routed nets)
  Number of Unrouted Nets             = 0
  Number of Partially Routed Nets     = 0
  Number of Node Overlaps             = 0


--GLOBAL Congestion:
Utilization threshold used for congestion level computation: 0.85
Congestion Report
North Dir 1x1 Area, Max Cong = 81.0811%, No Congested Regions.
South Dir 1x1 Area, Max Cong = 85.5856%, Congestion bounded by tiles (Lower Left Tile -> Upper Right Tile):
   INT_R_X59Y57 -> INT_R_X59Y57
   INT_R_X57Y55 -> INT_R_X57Y55
   INT_R_X57Y40 -> INT_R_X57Y40
East Dir 2x2 Area, Max Cong = 95.5882%, Congestion bounded by tiles (Lower Left Tile -> Upper Right Tile):
   INT_L_X14Y48 -> INT_R_X15Y49
   INT_L_X14Y46 -> INT_R_X15Y47
   INT_L_X14Y44 -> INT_R_X15Y45
West Dir 1x1 Area, Max Cong = 91.1765%, Congestion bounded by tiles (Lower Left Tile -> Upper Right Tile):
   INT_L_X58Y61 -> INT_L_X58Y61
   INT_R_X59Y61 -> INT_R_X59Y61
   INT_R_X59Y60 -> INT_R_X59Y60
   INT_R_X41Y54 -> INT_R_X41Y54
   INT_L_X20Y49 -> INT_L_X20Y49

------------------------------
Reporting congestion hotspots
------------------------------
Direction: North
----------------
Congested clusters found at Level 0
Effective congestion level: 0 Aspect Ratio: 1 Sparse Ratio: 0
Direction: South
----------------
Congested clusters found at Level 0
Effective congestion level: 0 Aspect Ratio: 1 Sparse Ratio: 1
Direction: East
----------------
Congested clusters found at Level 1
Effective congestion level: 2 Aspect Ratio: 0.4 Sparse Ratio: 1.5
Direction: West
----------------
Congested clusters found at Level 0
Effective congestion level: 1 Aspect Ratio: 0.25 Sparse Ratio: 1

Phase 21 Route finalize | Checksum: 2fe047d99

Time (s): cpu = 00:02:59 ; elapsed = 00:02:02 . Memory (MB): peak = 2689.012 ; gain = 300.812

Phase 22 Verifying routed nets

 Verification completed successfully
Phase 22 Verifying routed nets | Checksum: 2fe047d99

Time (s): cpu = 00:02:59 ; elapsed = 00:02:02 . Memory (MB): peak = 2689.012 ; gain = 300.812

Phase 23 Depositing Routes
Phase 23 Depositing Routes | Checksum: 30088093f

Time (s): cpu = 00:03:02 ; elapsed = 00:02:05 . Memory (MB): peak = 2689.012 ; gain = 300.812
INFO: [Route 72-16] Aggressive Explore Summary
+======+========+=====+=======+=====+========+==============+===================+
| Pass |  WNS   | TNS |  WHS  | THS | Status | Elapsed Time | Solution Selected |
+======+========+=====+=======+=====+========+==============+===================+
|  1   | -0.588 |  -  | 0.095 |  -  |  Pass  |   00:00:59   |                   |
|  2   | -0.586 |  -  | 0.095 |  -  |  Pass  |   00:00:28   |         x         |
+------+--------+-----+-------+-----+--------+--------------+-------------------+


Phase 24 Post Process Routing
Phase 24 Post Process Routing | Checksum: 30088093f

Time (s): cpu = 00:03:02 ; elapsed = 00:02:05 . Memory (MB): peak = 2689.012 ; gain = 300.812

Phase 25 Post Router Timing
WARNING: [Timing 38-242] The property HD.CLK_SRC of clock port "clk_i" is not set. In out-of-context mode, this prevents timing estimation for clock delay/skew
Resolution: Set the HD.CLK_SRC property of the out-of-context port to the location of the clock buffer instance in the top-level design
INFO: [Route 35-20] Post Routing Timing Summary | WNS=-0.581 | TNS=-21.765| WHS=0.096  | THS=0.000  |

Phase 25 Post Router Timing | Checksum: 31f464cd8

Time (s): cpu = 00:03:10 ; elapsed = 00:02:09 . Memory (MB): peak = 2689.012 ; gain = 300.812
CRITICAL WARNING: [Route 35-39] The design did not meet timing requirements. Please run report_timing_summary for detailed reports.
Resolution: Verify that the timing was met or had small violations at all previous steps (synthesis, placement, power_opt, and phys_opt). Run report_timing_summary and analyze individual timing paths.
INFO: [Route 35-253] TNS is the sum of the worst slack violation on every endpoint in the design. Review the paths with the biggest WNS violations in the timing reports and modify your constraints or your design to improve both WNS and TNS.
Total Elapsed time in route_design: 129.269 secs

Phase 26 Post-Route Event Processing
Phase 26 Post-Route Event Processing | Checksum: 18133cdbf

Time (s): cpu = 00:03:11 ; elapsed = 00:02:09 . Memory (MB): peak = 2689.012 ; gain = 300.812
INFO: [Route 35-16] Router Completed Successfully
Ending Routing Task | Checksum: 18133cdbf

Time (s): cpu = 00:03:11 ; elapsed = 00:02:09 . Memory (MB): peak = 2689.012 ; gain = 300.812

Routing Is Done.
INFO: [Common 17-83] Releasing license: Implementation
27 Infos, 105 Warnings, 1 Critical Warnings and 0 Errors encountered.
route_design completed successfully
route_design: Time (s): cpu = 00:03:11 ; elapsed = 00:02:10 . Memory (MB): peak = 2689.012 ; gain = 300.812
# report_utilization    -file $OUT/ooc_v22_utilization.rpt
# report_timing_summary -file $OUT/ooc_v22_timing.rpt
INFO: [Timing 38-91] UpdateTimingParams: Speed grade: -1, Delay Type: min_max.
INFO: [Timing 38-191] Multithreading enabled for timing update using a maximum of 2 CPUs
WARNING: [Timing 38-242] The property HD.CLK_SRC of clock port "clk_i" is not set. In out-of-context mode, this prevents timing estimation for clock delay/skew
Resolution: Set the HD.CLK_SRC property of the out-of-context port to the location of the clock buffer instance in the top-level design
report_timing_summary: Time (s): cpu = 00:00:10 ; elapsed = 00:00:06 . Memory (MB): peak = 2689.012 ; gain = 0.000
# report_drc            -file $OUT/ooc_v22_drc.rpt
Command: report_drc -file E:/competition/2_fpga/3_yolo_zynq/proj/ooc_gate/ooc_v22_drc.rpt
INFO: [IP_Flow 19-1839] IP Catalog is up to date.
INFO: [DRC 23-27] Running DRC with 2 threads
WARNING: [DRC 23-814] Not all possible (connectivity based) DRCs may have been run because this design is seen as Out of Context.
INFO: [Vivado_Tcl 2-168] The results of DRC are in file E:/competition/2_fpga/3_yolo_zynq/proj/ooc_gate/ooc_v22_drc.rpt.
report_drc completed successfully
# report_route_status   -file $OUT/ooc_v22_route_status.rpt
# write_checkpoint      -force $OUT/ooc_v22_routed.dcp
INFO: [Timing 38-480] Writing timing data to binary archive.
Wrote PlaceDB: Time (s): cpu = 00:00:00 ; elapsed = 00:00:00 . Memory (MB): peak = 2689.012 ; gain = 0.000
Wrote PulsedLatchDB: Time (s): cpu = 00:00:00 ; elapsed = 00:00:00 . Memory (MB): peak = 2689.012 ; gain = 0.000
Writing XDEF routing.
Writing XDEF routing logical nets.
Write ShapeDB Complete: Time (s): cpu = 00:00:00 ; elapsed = 00:00:00.065 . Memory (MB): peak = 2689.012 ; gain = 0.000
Writing XDEF routing special nets.
Wrote RouteStorage: Time (s): cpu = 00:00:01 ; elapsed = 00:00:00.249 . Memory (MB): peak = 2689.012 ; gain = 0.000
Wrote PlaceStorage: Time (s): cpu = 00:00:02 ; elapsed = 00:00:00.901 . Memory (MB): peak = 2689.012 ; gain = 0.000
Wrote Netlist Cache: Time (s): cpu = 00:00:00 ; elapsed = 00:00:00.042 . Memory (MB): peak = 2689.012 ; gain = 0.000
Wrote Device Cache: Time (s): cpu = 00:00:00 ; elapsed = 00:00:00.007 . Memory (MB): peak = 2689.012 ; gain = 0.000
Write Physdb Complete: Time (s): cpu = 00:00:03 ; elapsed = 00:00:01 . Memory (MB): peak = 2689.012 ; gain = 0.000
INFO: [Common 17-1381] The checkpoint 'E:/competition/2_fpga/3_yolo_zynq/proj/ooc_gate/ooc_v22_routed.dcp' has been generated.
# set ndsp   [llength [get_cells -hier -filter {REF_NAME =~ DSP48E1}]]
# set nbram36 [llength [get_cells -hier -filter {REF_NAME =~ RAMB36E1}]]
WARNING: [Vivado 12-180] No cells matched 'get_cells -hier -filter {REF_NAME =~ RAMB18E1}'.
# set nbram18 [llength [get_cells -hier -filter {REF_NAME =~ RAMB18E1}]]
# puts "OOC_V22_RES dsp48e1=$ndsp ramb36=$nbram36 ramb18=$nbram18"
OOC_V22_RES dsp48e1=141 ramb36=20 ramb18=0
# report_timing -max_paths 10 -path_type summary \
#     -file $OUT/ooc_v22_top10.rpt
INFO: [Timing 38-91] UpdateTimingParams: Speed grade: -1, Delay Type: max.
INFO: [Timing 38-191] Multithreading enabled for timing update using a maximum of 2 CPUs
INFO: [Timing 38-78] ReportTimingParams: -max_paths 10 -nworst 1 -delay_type max -sort_by slack.
# set wns [get_property SLACK [get_timing_paths -delay_type max -max_paths 1]]
# set whs [get_property SLACK [get_timing_paths -delay_type min -max_paths 1]]
# set fmax [expr {1000.0 / (6.667 - $wns)}]
# if {$wns >= 0} {
#     puts "GEMM16_OOC_TIMING_PASS wns_ns=$wns whs_ns=$whs fmax_mhz=$fmax target_mhz=150.0"
# } else {
#     puts "GEMM16_OOC_TIMING_FAIL wns_ns=$wns whs_ns=$whs fmax_mhz=$fmax target_mhz=150.0"
# }
GEMM16_OOC_TIMING_FAIL wns_ns=-0.581 whs_ns=0.096 fmax_mhz=137.96909492273733 target_mhz=150.0
INFO: [Common 17-206] Exiting Vivado at Thu Sep 17 02:33:05 2026...
