Copyright 1986-2022 Xilinx, Inc. All Rights Reserved. Copyright 2022-2025 Advanced Micro Devices, Inc. All Rights Reserved.
---------------------------------------------------------------------------------------------------------------------------------------------
| Tool Version : Vivado v.2025.2 (win64) Build 6299465 Fri Nov 14 19:35:11 GMT 2025
| Date         : Wed Sep 16 14:46:16 2026
| Host         : HC-202510241838 running 64-bit major release  (build 9200)
| Command      : report_drc -file E:/competition/2_fpga/3_yolo_zynq/proj/ooc_gate/ooc_run02_drc.rpt
| Design       : yolo_engine_top
| Device       : xc7z020clg484-1
| Speed File   : -1
| Design State : Fully Routed
---------------------------------------------------------------------------------------------------------------------------------------------

Report DRC

Table of Contents
-----------------
1. REPORT SUMMARY
2. REPORT DETAILS

1. REPORT SUMMARY
-----------------
            Netlist: yolo_engine_top
          Floorplan: design_1
      Design limits: <entire design considered>
           Ruledeck: default
             Max checks: <unlimited>
             Checks found: 591
+-----------+----------+-------------------------------------------------------------------+--------+
| Rule      | Severity | Description                                                       | Checks |
+-----------+----------+-------------------------------------------------------------------+--------+
| CHECK-3   | Warning  | Report rule limit reached                                         | 1      |
| DPIP-1    | Warning  | Input pipelining                                                  | 159    |
| DPOP-1    | Warning  | PREG Output pipelining                                            | 141    |
| DPOP-2    | Warning  | MREG Output pipelining                                            | 140    |
| REQP-1839 | Warning  | RAMB36 async control check                                        | 20     |
| RTSTAT-10 | Warning  | No routable loads                                                 | 1      |
| ZPS7-1    | Warning  | PS7 block required                                                | 1      |
| AVAL-4    | Advisory | enum_USE_DPORT_FALSE_enum_DREG_ADREG_0_connects_CED_CEAD_RSTD_GND | 128    |
+-----------+----------+-------------------------------------------------------------------+--------+

2. REPORT DETAILS
-----------------
CHECK-3#1 Warning
Report rule limit reached  
REQP-1839 rule limit reached: 20 violations have been found.
Related violations: <none>

DPIP-1#1 Warning
Input pipelining  
DSP u_array/ctrl_rq_last_w1 input u_array/ctrl_rq_last_w1/A[29:0] is not pipelined. Pipelining DSP48 input will improve performance.
Related violations: <none>

DPIP-1#2 Warning
Input pipelining  
DSP u_array/ctrl_rq_last_w1 input u_array/ctrl_rq_last_w1/B[17:0] is not pipelined. Pipelining DSP48 input will improve performance.
Related violations: <none>

DPIP-1#3 Warning
Input pipelining  
DSP u_array/g_pe_row[0].g_pe_pair[0].u_pe/u_dsp48 input u_array/g_pe_row[0].g_pe_pair[0].u_pe/u_dsp48/A[29:0] is not pipelined. Pipelining DSP48 input will improve performance.
Related violations: <none>

DPIP-1#4 Warning
Input pipelining  
DSP u_array/g_pe_row[0].g_pe_pair[1].u_pe/u_dsp48 input u_array/g_pe_row[0].g_pe_pair[1].u_pe/u_dsp48/A[29:0] is not pipelined. Pipelining DSP48 input will improve performance.
Related violations: <none>

DPIP-1#5 Warning
Input pipelining  
DSP u_array/g_pe_row[0].g_pe_pair[2].u_pe/u_dsp48 input u_array/g_pe_row[0].g_pe_pair[2].u_pe/u_dsp48/A[29:0] is not pipelined. Pipelining DSP48 input will improve performance.
Related violations: <none>

DPIP-1#6 Warning
Input pipelining  
DSP u_array/g_pe_row[0].g_pe_pair[3].u_pe/u_dsp48 input u_array/g_pe_row[0].g_pe_pair[3].u_pe/u_dsp48/A[29:0] is not pipelined. Pipelining DSP48 input will improve performance.
Related violations: <none>

DPIP-1#7 Warning
Input pipelining  
DSP u_array/g_pe_row[0].g_pe_pair[4].u_pe/u_dsp48 input u_array/g_pe_row[0].g_pe_pair[4].u_pe/u_dsp48/A[29:0] is not pipelined. Pipelining DSP48 input will improve performance.
Related violations: <none>

DPIP-1#8 Warning
Input pipelining  
DSP u_array/g_pe_row[0].g_pe_pair[5].u_pe/u_dsp48 input u_array/g_pe_row[0].g_pe_pair[5].u_pe/u_dsp48/A[29:0] is not pipelined. Pipelining DSP48 input will improve performance.
Related violations: <none>

DPIP-1#9 Warning
Input pipelining  
DSP u_array/g_pe_row[0].g_pe_pair[6].u_pe/u_dsp48 input u_array/g_pe_row[0].g_pe_pair[6].u_pe/u_dsp48/A[29:0] is not pipelined. Pipelining DSP48 input will improve performance.
Related violations: <none>

DPIP-1#10 Warning
Input pipelining  
DSP u_array/g_pe_row[0].g_pe_pair[7].u_pe/u_dsp48 input u_array/g_pe_row[0].g_pe_pair[7].u_pe/u_dsp48/A[29:0] is not pipelined. Pipelining DSP48 input will improve performance.
Related violations: <none>

DPIP-1#11 Warning
Input pipelining  
DSP u_array/g_pe_row[10].g_pe_pair[0].u_pe/u_dsp48 input u_array/g_pe_row[10].g_pe_pair[0].u_pe/u_dsp48/A[29:0] is not pipelined. Pipelining DSP48 input will improve performance.
Related violations: <none>

DPIP-1#12 Warning
Input pipelining  
DSP u_array/g_pe_row[10].g_pe_pair[1].u_pe/u_dsp48 input u_array/g_pe_row[10].g_pe_pair[1].u_pe/u_dsp48/A[29:0] is not pipelined. Pipelining DSP48 input will improve performance.
Related violations: <none>

DPIP-1#13 Warning
Input pipelining  
DSP u_array/g_pe_row[10].g_pe_pair[2].u_pe/u_dsp48 input u_array/g_pe_row[10].g_pe_pair[2].u_pe/u_dsp48/A[29:0] is not pipelined. Pipelining DSP48 input will improve performance.
Related violations: <none>

DPIP-1#14 Warning
Input pipelining  
DSP u_array/g_pe_row[10].g_pe_pair[3].u_pe/u_dsp48 input u_array/g_pe_row[10].g_pe_pair[3].u_pe/u_dsp48/A[29:0] is not pipelined. Pipelining DSP48 input will improve performance.
Related violations: <none>

DPIP-1#15 Warning
Input pipelining  
DSP u_array/g_pe_row[10].g_pe_pair[4].u_pe/u_dsp48 input u_array/g_pe_row[10].g_pe_pair[4].u_pe/u_dsp48/A[29:0] is not pipelined. Pipelining DSP48 input will improve performance.
Related violations: <none>

DPIP-1#16 Warning
Input pipelining  
DSP u_array/g_pe_row[10].g_pe_pair[5].u_pe/u_dsp48 input u_array/g_pe_row[10].g_pe_pair[5].u_pe/u_dsp48/A[29:0] is not pipelined. Pipelining DSP48 input will improve performance.
Related violations: <none>

DPIP-1#17 Warning
Input pipelining  
DSP u_array/g_pe_row[10].g_pe_pair[6].u_pe/u_dsp48 input u_array/g_pe_row[10].g_pe_pair[6].u_pe/u_dsp48/A[29:0] is not pipelined. Pipelining DSP48 input will improve performance.
Related violations: <none>

DPIP-1#18 Warning
Input pipelining  
DSP u_array/g_pe_row[10].g_pe_pair[7].u_pe/u_dsp48 input u_array/g_pe_row[10].g_pe_pair[7].u_pe/u_dsp48/A[29:0] is not pipelined. Pipelining DSP48 input will improve performance.
Related violations: <none>

DPIP-1#19 Warning
Input pipelining  
DSP u_array/g_pe_row[11].g_pe_pair[0].u_pe/u_dsp48 input u_array/g_pe_row[11].g_pe_pair[0].u_pe/u_dsp48/A[29:0] is not pipelined. Pipelining DSP48 input will improve performance.
Related violations: <none>

DPIP-1#20 Warning
Input pipelining  
DSP u_array/g_pe_row[11].g_pe_pair[1].u_pe/u_dsp48 input u_array/g_pe_row[11].g_pe_pair[1].u_pe/u_dsp48/A[29:0] is not pipelined. Pipelining DSP48 input will improve performance.
Related violations: <none>

DPIP-1#21 Warning
Input pipelining  
DSP u_array/g_pe_row[11].g_pe_pair[2].u_pe/u_dsp48 input u_array/g_pe_row[11].g_pe_pair[2].u_pe/u_dsp48/A[29:0] is not pipelined. Pipelining DSP48 input will improve performance.
Related violations: <none>

DPIP-1#22 Warning
Input pipelining  
DSP u_array/g_pe_row[11].g_pe_pair[3].u_pe/u_dsp48 input u_array/g_pe_row[11].g_pe_pair[3].u_pe/u_dsp48/A[29:0] is not pipelined. Pipelining DSP48 input will improve performance.
Related violations: <none>

DPIP-1#23 Warning
Input pipelining  
DSP u_array/g_pe_row[11].g_pe_pair[4].u_pe/u_dsp48 input u_array/g_pe_row[11].g_pe_pair[4].u_pe/u_dsp48/A[29:0] is not pipelined. Pipelining DSP48 input will improve performance.
Related violations: <none>

DPIP-1#24 Warning
Input pipelining  
DSP u_array/g_pe_row[11].g_pe_pair[5].u_pe/u_dsp48 input u_array/g_pe_row[11].g_pe_pair[5].u_pe/u_dsp48/A[29:0] is not pipelined. Pipelining DSP48 input will improve performance.
Related violations: <none>

DPIP-1#25 Warning
Input pipelining  
DSP u_array/g_pe_row[11].g_pe_pair[6].u_pe/u_dsp48 input u_array/g_pe_row[11].g_pe_pair[6].u_pe/u_dsp48/A[29:0] is not pipelined. Pipelining DSP48 input will improve performance.
Related violations: <none>

DPIP-1#26 Warning
Input pipelining  
DSP u_array/g_pe_row[11].g_pe_pair[7].u_pe/u_dsp48 input u_array/g_pe_row[11].g_pe_pair[7].u_pe/u_dsp48/A[29:0] is not pipelined. Pipelining DSP48 input will improve performance.
Related violations: <none>

DPIP-1#27 Warning
Input pipelining  
DSP u_array/g_pe_row[12].g_pe_pair[0].u_pe/u_dsp48 input u_array/g_pe_row[12].g_pe_pair[0].u_pe/u_dsp48/A[29:0] is not pipelined. Pipelining DSP48 input will improve performance.
Related violations: <none>

DPIP-1#28 Warning
Input pipelining  
DSP u_array/g_pe_row[12].g_pe_pair[1].u_pe/u_dsp48 input u_array/g_pe_row[12].g_pe_pair[1].u_pe/u_dsp48/A[29:0] is not pipelined. Pipelining DSP48 input will improve performance.
Related violations: <none>

DPIP-1#29 Warning
Input pipelining  
DSP u_array/g_pe_row[12].g_pe_pair[2].u_pe/u_dsp48 input u_array/g_pe_row[12].g_pe_pair[2].u_pe/u_dsp48/A[29:0] is not pipelined. Pipelining DSP48 input will improve performance.
Related violations: <none>

DPIP-1#30 Warning
Input pipelining  
DSP u_array/g_pe_row[12].g_pe_pair[3].u_pe/u_dsp48 input u_array/g_pe_row[12].g_pe_pair[3].u_pe/u_dsp48/A[29:0] is not pipelined. Pipelining DSP48 input will improve performance.
Related violations: <none>

DPIP-1#31 Warning
Input pipelining  
DSP u_array/g_pe_row[12].g_pe_pair[4].u_pe/u_dsp48 input u_array/g_pe_row[12].g_pe_pair[4].u_pe/u_dsp48/A[29:0] is not pipelined. Pipelining DSP48 input will improve performance.
Related violations: <none>

DPIP-1#32 Warning
Input pipelining  
DSP u_array/g_pe_row[12].g_pe_pair[5].u_pe/u_dsp48 input u_array/g_pe_row[12].g_pe_pair[5].u_pe/u_dsp48/A[29:0] is not pipelined. Pipelining DSP48 input will improve performance.
Related violations: <none>

DPIP-1#33 Warning
Input pipelining  
DSP u_array/g_pe_row[12].g_pe_pair[6].u_pe/u_dsp48 input u_array/g_pe_row[12].g_pe_pair[6].u_pe/u_dsp48/A[29:0] is not pipelined. Pipelining DSP48 input will improve performance.
Related violations: <none>

DPIP-1#34 Warning
Input pipelining  
DSP u_array/g_pe_row[12].g_pe_pair[7].u_pe/u_dsp48 input u_array/g_pe_row[12].g_pe_pair[7].u_pe/u_dsp48/A[29:0] is not pipelined. Pipelining DSP48 input will improve performance.
Related violations: <none>

DPIP-1#35 Warning
Input pipelining  
DSP u_array/g_pe_row[13].g_pe_pair[0].u_pe/u_dsp48 input u_array/g_pe_row[13].g_pe_pair[0].u_pe/u_dsp48/A[29:0] is not pipelined. Pipelining DSP48 input will improve performance.
Related violations: <none>

DPIP-1#36 Warning
Input pipelining  
DSP u_array/g_pe_row[13].g_pe_pair[1].u_pe/u_dsp48 input u_array/g_pe_row[13].g_pe_pair[1].u_pe/u_dsp48/A[29:0] is not pipelined. Pipelining DSP48 input will improve performance.
Related violations: <none>

DPIP-1#37 Warning
Input pipelining  
DSP u_array/g_pe_row[13].g_pe_pair[2].u_pe/u_dsp48 input u_array/g_pe_row[13].g_pe_pair[2].u_pe/u_dsp48/A[29:0] is not pipelined. Pipelining DSP48 input will improve performance.
Related violations: <none>

DPIP-1#38 Warning
Input pipelining  
DSP u_array/g_pe_row[13].g_pe_pair[3].u_pe/u_dsp48 input u_array/g_pe_row[13].g_pe_pair[3].u_pe/u_dsp48/A[29:0] is not pipelined. Pipelining DSP48 input will improve performance.
Related violations: <none>

DPIP-1#39 Warning
Input pipelining  
DSP u_array/g_pe_row[13].g_pe_pair[4].u_pe/u_dsp48 input u_array/g_pe_row[13].g_pe_pair[4].u_pe/u_dsp48/A[29:0] is not pipelined. Pipelining DSP48 input will improve performance.
Related violations: <none>

DPIP-1#40 Warning
Input pipelining  
DSP u_array/g_pe_row[13].g_pe_pair[5].u_pe/u_dsp48 input u_array/g_pe_row[13].g_pe_pair[5].u_pe/u_dsp48/A[29:0] is not pipelined. Pipelining DSP48 input will improve performance.
Related violations: <none>

DPIP-1#41 Warning
Input pipelining  
DSP u_array/g_pe_row[13].g_pe_pair[6].u_pe/u_dsp48 input u_array/g_pe_row[13].g_pe_pair[6].u_pe/u_dsp48/A[29:0] is not pipelined. Pipelining DSP48 input will improve performance.
Related violations: <none>

DPIP-1#42 Warning
Input pipelining  
DSP u_array/g_pe_row[13].g_pe_pair[7].u_pe/u_dsp48 input u_array/g_pe_row[13].g_pe_pair[7].u_pe/u_dsp48/A[29:0] is not pipelined. Pipelining DSP48 input will improve performance.
Related violations: <none>

DPIP-1#43 Warning
Input pipelining  
DSP u_array/g_pe_row[14].g_pe_pair[0].u_pe/u_dsp48 input u_array/g_pe_row[14].g_pe_pair[0].u_pe/u_dsp48/A[29:0] is not pipelined. Pipelining DSP48 input will improve performance.
Related violations: <none>

DPIP-1#44 Warning
Input pipelining  
DSP u_array/g_pe_row[14].g_pe_pair[1].u_pe/u_dsp48 input u_array/g_pe_row[14].g_pe_pair[1].u_pe/u_dsp48/A[29:0] is not pipelined. Pipelining DSP48 input will improve performance.
Related violations: <none>

DPIP-1#45 Warning
Input pipelining  
DSP u_array/g_pe_row[14].g_pe_pair[2].u_pe/u_dsp48 input u_array/g_pe_row[14].g_pe_pair[2].u_pe/u_dsp48/A[29:0] is not pipelined. Pipelining DSP48 input will improve performance.
Related violations: <none>

DPIP-1#46 Warning
Input pipelining  
DSP u_array/g_pe_row[14].g_pe_pair[3].u_pe/u_dsp48 input u_array/g_pe_row[14].g_pe_pair[3].u_pe/u_dsp48/A[29:0] is not pipelined. Pipelining DSP48 input will improve performance.
Related violations: <none>

DPIP-1#47 Warning
Input pipelining  
DSP u_array/g_pe_row[14].g_pe_pair[4].u_pe/u_dsp48 input u_array/g_pe_row[14].g_pe_pair[4].u_pe/u_dsp48/A[29:0] is not pipelined. Pipelining DSP48 input will improve performance.
Related violations: <none>

DPIP-1#48 Warning
Input pipelining  
DSP u_array/g_pe_row[14].g_pe_pair[5].u_pe/u_dsp48 input u_array/g_pe_row[14].g_pe_pair[5].u_pe/u_dsp48/A[29:0] is not pipelined. Pipelining DSP48 input will improve performance.
Related violations: <none>

DPIP-1#49 Warning
Input pipelining  
DSP u_array/g_pe_row[14].g_pe_pair[6].u_pe/u_dsp48 input u_array/g_pe_row[14].g_pe_pair[6].u_pe/u_dsp48/A[29:0] is not pipelined. Pipelining DSP48 input will improve performance.
Related violations: <none>

DPIP-1#50 Warning
Input pipelining  
DSP u_array/g_pe_row[14].g_pe_pair[7].u_pe/u_dsp48 input u_array/g_pe_row[14].g_pe_pair[7].u_pe/u_dsp48/A[29:0] is not pipelined. Pipelining DSP48 input will improve performance.
Related violations: <none>

DPIP-1#51 Warning
Input pipelining  
DSP u_array/g_pe_row[15].g_pe_pair[0].u_pe/u_dsp48 input u_array/g_pe_row[15].g_pe_pair[0].u_pe/u_dsp48/A[29:0] is not pipelined. Pipelining DSP48 input will improve performance.
Related violations: <none>

DPIP-1#52 Warning
Input pipelining  
DSP u_array/g_pe_row[15].g_pe_pair[1].u_pe/u_dsp48 input u_array/g_pe_row[15].g_pe_pair[1].u_pe/u_dsp48/A[29:0] is not pipelined. Pipelining DSP48 input will improve performance.
Related violations: <none>

DPIP-1#53 Warning
Input pipelining  
DSP u_array/g_pe_row[15].g_pe_pair[2].u_pe/u_dsp48 input u_array/g_pe_row[15].g_pe_pair[2].u_pe/u_dsp48/A[29:0] is not pipelined. Pipelining DSP48 input will improve performance.
Related violations: <none>

DPIP-1#54 Warning
Input pipelining  
DSP u_array/g_pe_row[15].g_pe_pair[3].u_pe/u_dsp48 input u_array/g_pe_row[15].g_pe_pair[3].u_pe/u_dsp48/A[29:0] is not pipelined. Pipelining DSP48 input will improve performance.
Related violations: <none>

DPIP-1#55 Warning
Input pipelining  
DSP u_array/g_pe_row[15].g_pe_pair[4].u_pe/u_dsp48 input u_array/g_pe_row[15].g_pe_pair[4].u_pe/u_dsp48/A[29:0] is not pipelined. Pipelining DSP48 input will improve performance.
Related violations: <none>

DPIP-1#56 Warning
Input pipelining  
DSP u_array/g_pe_row[15].g_pe_pair[5].u_pe/u_dsp48 input u_array/g_pe_row[15].g_pe_pair[5].u_pe/u_dsp48/A[29:0] is not pipelined. Pipelining DSP48 input will improve performance.
Related violations: <none>

DPIP-1#57 Warning
Input pipelining  
DSP u_array/g_pe_row[15].g_pe_pair[6].u_pe/u_dsp48 input u_array/g_pe_row[15].g_pe_pair[6].u_pe/u_dsp48/A[29:0] is not pipelined. Pipelining DSP48 input will improve performance.
Related violations: <none>

DPIP-1#58 Warning
Input pipelining  
DSP u_array/g_pe_row[15].g_pe_pair[7].u_pe/u_dsp48 input u_array/g_pe_row[15].g_pe_pair[7].u_pe/u_dsp48/A[29:0] is not pipelined. Pipelining DSP48 input will improve performance.
Related violations: <none>

DPIP-1#59 Warning
Input pipelining  
DSP u_array/g_pe_row[1].g_pe_pair[0].u_pe/u_dsp48 input u_array/g_pe_row[1].g_pe_pair[0].u_pe/u_dsp48/A[29:0] is not pipelined. Pipelining DSP48 input will improve performance.
Related violations: <none>

DPIP-1#60 Warning
Input pipelining  
DSP u_array/g_pe_row[1].g_pe_pair[1].u_pe/u_dsp48 input u_array/g_pe_row[1].g_pe_pair[1].u_pe/u_dsp48/A[29:0] is not pipelined. Pipelining DSP48 input will improve performance.
Related violations: <none>

DPIP-1#61 Warning
Input pipelining  
DSP u_array/g_pe_row[1].g_pe_pair[2].u_pe/u_dsp48 input u_array/g_pe_row[1].g_pe_pair[2].u_pe/u_dsp48/A[29:0] is not pipelined. Pipelining DSP48 input will improve performance.
Related violations: <none>

DPIP-1#62 Warning
Input pipelining  
DSP u_array/g_pe_row[1].g_pe_pair[3].u_pe/u_dsp48 input u_array/g_pe_row[1].g_pe_pair[3].u_pe/u_dsp48/A[29:0] is not pipelined. Pipelining DSP48 input will improve performance.
Related violations: <none>

DPIP-1#63 Warning
Input pipelining  
DSP u_array/g_pe_row[1].g_pe_pair[4].u_pe/u_dsp48 input u_array/g_pe_row[1].g_pe_pair[4].u_pe/u_dsp48/A[29:0] is not pipelined. Pipelining DSP48 input will improve performance.
Related violations: <none>

DPIP-1#64 Warning
Input pipelining  
DSP u_array/g_pe_row[1].g_pe_pair[5].u_pe/u_dsp48 input u_array/g_pe_row[1].g_pe_pair[5].u_pe/u_dsp48/A[29:0] is not pipelined. Pipelining DSP48 input will improve performance.
Related violations: <none>

DPIP-1#65 Warning
Input pipelining  
DSP u_array/g_pe_row[1].g_pe_pair[6].u_pe/u_dsp48 input u_array/g_pe_row[1].g_pe_pair[6].u_pe/u_dsp48/A[29:0] is not pipelined. Pipelining DSP48 input will improve performance.
Related violations: <none>

DPIP-1#66 Warning
Input pipelining  
DSP u_array/g_pe_row[1].g_pe_pair[7].u_pe/u_dsp48 input u_array/g_pe_row[1].g_pe_pair[7].u_pe/u_dsp48/A[29:0] is not pipelined. Pipelining DSP48 input will improve performance.
Related violations: <none>

DPIP-1#67 Warning
Input pipelining  
DSP u_array/g_pe_row[2].g_pe_pair[0].u_pe/u_dsp48 input u_array/g_pe_row[2].g_pe_pair[0].u_pe/u_dsp48/A[29:0] is not pipelined. Pipelining DSP48 input will improve performance.
Related violations: <none>

DPIP-1#68 Warning
Input pipelining  
DSP u_array/g_pe_row[2].g_pe_pair[1].u_pe/u_dsp48 input u_array/g_pe_row[2].g_pe_pair[1].u_pe/u_dsp48/A[29:0] is not pipelined. Pipelining DSP48 input will improve performance.
Related violations: <none>

DPIP-1#69 Warning
Input pipelining  
DSP u_array/g_pe_row[2].g_pe_pair[2].u_pe/u_dsp48 input u_array/g_pe_row[2].g_pe_pair[2].u_pe/u_dsp48/A[29:0] is not pipelined. Pipelining DSP48 input will improve performance.
Related violations: <none>

DPIP-1#70 Warning
Input pipelining  
DSP u_array/g_pe_row[2].g_pe_pair[3].u_pe/u_dsp48 input u_array/g_pe_row[2].g_pe_pair[3].u_pe/u_dsp48/A[29:0] is not pipelined. Pipelining DSP48 input will improve performance.
Related violations: <none>

DPIP-1#71 Warning
Input pipelining  
DSP u_array/g_pe_row[2].g_pe_pair[4].u_pe/u_dsp48 input u_array/g_pe_row[2].g_pe_pair[4].u_pe/u_dsp48/A[29:0] is not pipelined. Pipelining DSP48 input will improve performance.
Related violations: <none>

DPIP-1#72 Warning
Input pipelining  
DSP u_array/g_pe_row[2].g_pe_pair[5].u_pe/u_dsp48 input u_array/g_pe_row[2].g_pe_pair[5].u_pe/u_dsp48/A[29:0] is not pipelined. Pipelining DSP48 input will improve performance.
Related violations: <none>

DPIP-1#73 Warning
Input pipelining  
DSP u_array/g_pe_row[2].g_pe_pair[6].u_pe/u_dsp48 input u_array/g_pe_row[2].g_pe_pair[6].u_pe/u_dsp48/A[29:0] is not pipelined. Pipelining DSP48 input will improve performance.
Related violations: <none>

DPIP-1#74 Warning
Input pipelining  
DSP u_array/g_pe_row[2].g_pe_pair[7].u_pe/u_dsp48 input u_array/g_pe_row[2].g_pe_pair[7].u_pe/u_dsp48/A[29:0] is not pipelined. Pipelining DSP48 input will improve performance.
Related violations: <none>

DPIP-1#75 Warning
Input pipelining  
DSP u_array/g_pe_row[3].g_pe_pair[0].u_pe/u_dsp48 input u_array/g_pe_row[3].g_pe_pair[0].u_pe/u_dsp48/A[29:0] is not pipelined. Pipelining DSP48 input will improve performance.
Related violations: <none>

DPIP-1#76 Warning
Input pipelining  
DSP u_array/g_pe_row[3].g_pe_pair[1].u_pe/u_dsp48 input u_array/g_pe_row[3].g_pe_pair[1].u_pe/u_dsp48/A[29:0] is not pipelined. Pipelining DSP48 input will improve performance.
Related violations: <none>

DPIP-1#77 Warning
Input pipelining  
DSP u_array/g_pe_row[3].g_pe_pair[2].u_pe/u_dsp48 input u_array/g_pe_row[3].g_pe_pair[2].u_pe/u_dsp48/A[29:0] is not pipelined. Pipelining DSP48 input will improve performance.
Related violations: <none>

DPIP-1#78 Warning
Input pipelining  
DSP u_array/g_pe_row[3].g_pe_pair[3].u_pe/u_dsp48 input u_array/g_pe_row[3].g_pe_pair[3].u_pe/u_dsp48/A[29:0] is not pipelined. Pipelining DSP48 input will improve performance.
Related violations: <none>

DPIP-1#79 Warning
Input pipelining  
DSP u_array/g_pe_row[3].g_pe_pair[4].u_pe/u_dsp48 input u_array/g_pe_row[3].g_pe_pair[4].u_pe/u_dsp48/A[29:0] is not pipelined. Pipelining DSP48 input will improve performance.
Related violations: <none>

DPIP-1#80 Warning
Input pipelining  
DSP u_array/g_pe_row[3].g_pe_pair[5].u_pe/u_dsp48 input u_array/g_pe_row[3].g_pe_pair[5].u_pe/u_dsp48/A[29:0] is not pipelined. Pipelining DSP48 input will improve performance.
Related violations: <none>

DPIP-1#81 Warning
Input pipelining  
DSP u_array/g_pe_row[3].g_pe_pair[6].u_pe/u_dsp48 input u_array/g_pe_row[3].g_pe_pair[6].u_pe/u_dsp48/A[29:0] is not pipelined. Pipelining DSP48 input will improve performance.
Related violations: <none>

DPIP-1#82 Warning
Input pipelining  
DSP u_array/g_pe_row[3].g_pe_pair[7].u_pe/u_dsp48 input u_array/g_pe_row[3].g_pe_pair[7].u_pe/u_dsp48/A[29:0] is not pipelined. Pipelining DSP48 input will improve performance.
Related violations: <none>

DPIP-1#83 Warning
Input pipelining  
DSP u_array/g_pe_row[4].g_pe_pair[0].u_pe/u_dsp48 input u_array/g_pe_row[4].g_pe_pair[0].u_pe/u_dsp48/A[29:0] is not pipelined. Pipelining DSP48 input will improve performance.
Related violations: <none>

DPIP-1#84 Warning
Input pipelining  
DSP u_array/g_pe_row[4].g_pe_pair[1].u_pe/u_dsp48 input u_array/g_pe_row[4].g_pe_pair[1].u_pe/u_dsp48/A[29:0] is not pipelined. Pipelining DSP48 input will improve performance.
Related violations: <none>

DPIP-1#85 Warning
Input pipelining  
DSP u_array/g_pe_row[4].g_pe_pair[2].u_pe/u_dsp48 input u_array/g_pe_row[4].g_pe_pair[2].u_pe/u_dsp48/A[29:0] is not pipelined. Pipelining DSP48 input will improve performance.
Related violations: <none>

DPIP-1#86 Warning
Input pipelining  
DSP u_array/g_pe_row[4].g_pe_pair[3].u_pe/u_dsp48 input u_array/g_pe_row[4].g_pe_pair[3].u_pe/u_dsp48/A[29:0] is not pipelined. Pipelining DSP48 input will improve performance.
Related violations: <none>

DPIP-1#87 Warning
Input pipelining  
DSP u_array/g_pe_row[4].g_pe_pair[4].u_pe/u_dsp48 input u_array/g_pe_row[4].g_pe_pair[4].u_pe/u_dsp48/A[29:0] is not pipelined. Pipelining DSP48 input will improve performance.
Related violations: <none>

DPIP-1#88 Warning
Input pipelining  
DSP u_array/g_pe_row[4].g_pe_pair[5].u_pe/u_dsp48 input u_array/g_pe_row[4].g_pe_pair[5].u_pe/u_dsp48/A[29:0] is not pipelined. Pipelining DSP48 input will improve performance.
Related violations: <none>

DPIP-1#89 Warning
Input pipelining  
DSP u_array/g_pe_row[4].g_pe_pair[6].u_pe/u_dsp48 input u_array/g_pe_row[4].g_pe_pair[6].u_pe/u_dsp48/A[29:0] is not pipelined. Pipelining DSP48 input will improve performance.
Related violations: <none>

DPIP-1#90 Warning
Input pipelining  
DSP u_array/g_pe_row[4].g_pe_pair[7].u_pe/u_dsp48 input u_array/g_pe_row[4].g_pe_pair[7].u_pe/u_dsp48/A[29:0] is not pipelined. Pipelining DSP48 input will improve performance.
Related violations: <none>

DPIP-1#91 Warning
Input pipelining  
DSP u_array/g_pe_row[5].g_pe_pair[0].u_pe/u_dsp48 input u_array/g_pe_row[5].g_pe_pair[0].u_pe/u_dsp48/A[29:0] is not pipelined. Pipelining DSP48 input will improve performance.
Related violations: <none>

DPIP-1#92 Warning
Input pipelining  
DSP u_array/g_pe_row[5].g_pe_pair[1].u_pe/u_dsp48 input u_array/g_pe_row[5].g_pe_pair[1].u_pe/u_dsp48/A[29:0] is not pipelined. Pipelining DSP48 input will improve performance.
Related violations: <none>

DPIP-1#93 Warning
Input pipelining  
DSP u_array/g_pe_row[5].g_pe_pair[2].u_pe/u_dsp48 input u_array/g_pe_row[5].g_pe_pair[2].u_pe/u_dsp48/A[29:0] is not pipelined. Pipelining DSP48 input will improve performance.
Related violations: <none>

DPIP-1#94 Warning
Input pipelining  
DSP u_array/g_pe_row[5].g_pe_pair[3].u_pe/u_dsp48 input u_array/g_pe_row[5].g_pe_pair[3].u_pe/u_dsp48/A[29:0] is not pipelined. Pipelining DSP48 input will improve performance.
Related violations: <none>

DPIP-1#95 Warning
Input pipelining  
DSP u_array/g_pe_row[5].g_pe_pair[4].u_pe/u_dsp48 input u_array/g_pe_row[5].g_pe_pair[4].u_pe/u_dsp48/A[29:0] is not pipelined. Pipelining DSP48 input will improve performance.
Related violations: <none>

DPIP-1#96 Warning
Input pipelining  
DSP u_array/g_pe_row[5].g_pe_pair[5].u_pe/u_dsp48 input u_array/g_pe_row[5].g_pe_pair[5].u_pe/u_dsp48/A[29:0] is not pipelined. Pipelining DSP48 input will improve performance.
Related violations: <none>

DPIP-1#97 Warning
Input pipelining  
DSP u_array/g_pe_row[5].g_pe_pair[6].u_pe/u_dsp48 input u_array/g_pe_row[5].g_pe_pair[6].u_pe/u_dsp48/A[29:0] is not pipelined. Pipelining DSP48 input will improve performance.
Related violations: <none>

DPIP-1#98 Warning
Input pipelining  
DSP u_array/g_pe_row[5].g_pe_pair[7].u_pe/u_dsp48 input u_array/g_pe_row[5].g_pe_pair[7].u_pe/u_dsp48/A[29:0] is not pipelined. Pipelining DSP48 input will improve performance.
Related violations: <none>

DPIP-1#99 Warning
Input pipelining  
DSP u_array/g_pe_row[6].g_pe_pair[0].u_pe/u_dsp48 input u_array/g_pe_row[6].g_pe_pair[0].u_pe/u_dsp48/A[29:0] is not pipelined. Pipelining DSP48 input will improve performance.
Related violations: <none>

DPIP-1#100 Warning
Input pipelining  
DSP u_array/g_pe_row[6].g_pe_pair[1].u_pe/u_dsp48 input u_array/g_pe_row[6].g_pe_pair[1].u_pe/u_dsp48/A[29:0] is not pipelined. Pipelining DSP48 input will improve performance.
Related violations: <none>

DPIP-1#101 Warning
Input pipelining  
DSP u_array/g_pe_row[6].g_pe_pair[2].u_pe/u_dsp48 input u_array/g_pe_row[6].g_pe_pair[2].u_pe/u_dsp48/A[29:0] is not pipelined. Pipelining DSP48 input will improve performance.
Related violations: <none>

DPIP-1#102 Warning
Input pipelining  
DSP u_array/g_pe_row[6].g_pe_pair[3].u_pe/u_dsp48 input u_array/g_pe_row[6].g_pe_pair[3].u_pe/u_dsp48/A[29:0] is not pipelined. Pipelining DSP48 input will improve performance.
Related violations: <none>

DPIP-1#103 Warning
Input pipelining  
DSP u_array/g_pe_row[6].g_pe_pair[4].u_pe/u_dsp48 input u_array/g_pe_row[6].g_pe_pair[4].u_pe/u_dsp48/A[29:0] is not pipelined. Pipelining DSP48 input will improve performance.
Related violations: <none>

DPIP-1#104 Warning
Input pipelining  
DSP u_array/g_pe_row[6].g_pe_pair[5].u_pe/u_dsp48 input u_array/g_pe_row[6].g_pe_pair[5].u_pe/u_dsp48/A[29:0] is not pipelined. Pipelining DSP48 input will improve performance.
Related violations: <none>

DPIP-1#105 Warning
Input pipelining  
DSP u_array/g_pe_row[6].g_pe_pair[6].u_pe/u_dsp48 input u_array/g_pe_row[6].g_pe_pair[6].u_pe/u_dsp48/A[29:0] is not pipelined. Pipelining DSP48 input will improve performance.
Related violations: <none>

DPIP-1#106 Warning
Input pipelining  
DSP u_array/g_pe_row[6].g_pe_pair[7].u_pe/u_dsp48 input u_array/g_pe_row[6].g_pe_pair[7].u_pe/u_dsp48/A[29:0] is not pipelined. Pipelining DSP48 input will improve performance.
Related violations: <none>

DPIP-1#107 Warning
Input pipelining  
DSP u_array/g_pe_row[7].g_pe_pair[0].u_pe/u_dsp48 input u_array/g_pe_row[7].g_pe_pair[0].u_pe/u_dsp48/A[29:0] is not pipelined. Pipelining DSP48 input will improve performance.
Related violations: <none>

DPIP-1#108 Warning
Input pipelining  
DSP u_array/g_pe_row[7].g_pe_pair[1].u_pe/u_dsp48 input u_array/g_pe_row[7].g_pe_pair[1].u_pe/u_dsp48/A[29:0] is not pipelined. Pipelining DSP48 input will improve performance.
Related violations: <none>

DPIP-1#109 Warning
Input pipelining  
DSP u_array/g_pe_row[7].g_pe_pair[2].u_pe/u_dsp48 input u_array/g_pe_row[7].g_pe_pair[2].u_pe/u_dsp48/A[29:0] is not pipelined. Pipelining DSP48 input will improve performance.
Related violations: <none>

DPIP-1#110 Warning
Input pipelining  
DSP u_array/g_pe_row[7].g_pe_pair[3].u_pe/u_dsp48 input u_array/g_pe_row[7].g_pe_pair[3].u_pe/u_dsp48/A[29:0] is not pipelined. Pipelining DSP48 input will improve performance.
Related violations: <none>

DPIP-1#111 Warning
Input pipelining  
DSP u_array/g_pe_row[7].g_pe_pair[4].u_pe/u_dsp48 input u_array/g_pe_row[7].g_pe_pair[4].u_pe/u_dsp48/A[29:0] is not pipelined. Pipelining DSP48 input will improve performance.
Related violations: <none>

DPIP-1#112 Warning
Input pipelining  
DSP u_array/g_pe_row[7].g_pe_pair[5].u_pe/u_dsp48 input u_array/g_pe_row[7].g_pe_pair[5].u_pe/u_dsp48/A[29:0] is not pipelined. Pipelining DSP48 input will improve performance.
Related violations: <none>

DPIP-1#113 Warning
Input pipelining  
DSP u_array/g_pe_row[7].g_pe_pair[6].u_pe/u_dsp48 input u_array/g_pe_row[7].g_pe_pair[6].u_pe/u_dsp48/A[29:0] is not pipelined. Pipelining DSP48 input will improve performance.
Related violations: <none>

DPIP-1#114 Warning
Input pipelining  
DSP u_array/g_pe_row[7].g_pe_pair[7].u_pe/u_dsp48 input u_array/g_pe_row[7].g_pe_pair[7].u_pe/u_dsp48/A[29:0] is not pipelined. Pipelining DSP48 input will improve performance.
Related violations: <none>

DPIP-1#115 Warning
Input pipelining  
DSP u_array/g_pe_row[8].g_pe_pair[0].u_pe/u_dsp48 input u_array/g_pe_row[8].g_pe_pair[0].u_pe/u_dsp48/A[29:0] is not pipelined. Pipelining DSP48 input will improve performance.
Related violations: <none>

DPIP-1#116 Warning
Input pipelining  
DSP u_array/g_pe_row[8].g_pe_pair[1].u_pe/u_dsp48 input u_array/g_pe_row[8].g_pe_pair[1].u_pe/u_dsp48/A[29:0] is not pipelined. Pipelining DSP48 input will improve performance.
Related violations: <none>

DPIP-1#117 Warning
Input pipelining  
DSP u_array/g_pe_row[8].g_pe_pair[2].u_pe/u_dsp48 input u_array/g_pe_row[8].g_pe_pair[2].u_pe/u_dsp48/A[29:0] is not pipelined. Pipelining DSP48 input will improve performance.
Related violations: <none>

DPIP-1#118 Warning
Input pipelining  
DSP u_array/g_pe_row[8].g_pe_pair[3].u_pe/u_dsp48 input u_array/g_pe_row[8].g_pe_pair[3].u_pe/u_dsp48/A[29:0] is not pipelined. Pipelining DSP48 input will improve performance.
Related violations: <none>

DPIP-1#119 Warning
Input pipelining  
DSP u_array/g_pe_row[8].g_pe_pair[4].u_pe/u_dsp48 input u_array/g_pe_row[8].g_pe_pair[4].u_pe/u_dsp48/A[29:0] is not pipelined. Pipelining DSP48 input will improve performance.
Related violations: <none>

DPIP-1#120 Warning
Input pipelining  
DSP u_array/g_pe_row[8].g_pe_pair[5].u_pe/u_dsp48 input u_array/g_pe_row[8].g_pe_pair[5].u_pe/u_dsp48/A[29:0] is not pipelined. Pipelining DSP48 input will improve performance.
Related violations: <none>

DPIP-1#121 Warning
Input pipelining  
DSP u_array/g_pe_row[8].g_pe_pair[6].u_pe/u_dsp48 input u_array/g_pe_row[8].g_pe_pair[6].u_pe/u_dsp48/A[29:0] is not pipelined. Pipelining DSP48 input will improve performance.
Related violations: <none>

DPIP-1#122 Warning
Input pipelining  
DSP u_array/g_pe_row[8].g_pe_pair[7].u_pe/u_dsp48 input u_array/g_pe_row[8].g_pe_pair[7].u_pe/u_dsp48/A[29:0] is not pipelined. Pipelining DSP48 input will improve performance.
Related violations: <none>

DPIP-1#123 Warning
Input pipelining  
DSP u_array/g_pe_row[9].g_pe_pair[0].u_pe/u_dsp48 input u_array/g_pe_row[9].g_pe_pair[0].u_pe/u_dsp48/A[29:0] is not pipelined. Pipelining DSP48 input will improve performance.
Related violations: <none>

DPIP-1#124 Warning
Input pipelining  
DSP u_array/g_pe_row[9].g_pe_pair[1].u_pe/u_dsp48 input u_array/g_pe_row[9].g_pe_pair[1].u_pe/u_dsp48/A[29:0] is not pipelined. Pipelining DSP48 input will improve performance.
Related violations: <none>

DPIP-1#125 Warning
Input pipelining  
DSP u_array/g_pe_row[9].g_pe_pair[2].u_pe/u_dsp48 input u_array/g_pe_row[9].g_pe_pair[2].u_pe/u_dsp48/A[29:0] is not pipelined. Pipelining DSP48 input will improve performance.
Related violations: <none>

DPIP-1#126 Warning
Input pipelining  
DSP u_array/g_pe_row[9].g_pe_pair[3].u_pe/u_dsp48 input u_array/g_pe_row[9].g_pe_pair[3].u_pe/u_dsp48/A[29:0] is not pipelined. Pipelining DSP48 input will improve performance.
Related violations: <none>

DPIP-1#127 Warning
Input pipelining  
DSP u_array/g_pe_row[9].g_pe_pair[4].u_pe/u_dsp48 input u_array/g_pe_row[9].g_pe_pair[4].u_pe/u_dsp48/A[29:0] is not pipelined. Pipelining DSP48 input will improve performance.
Related violations: <none>

DPIP-1#128 Warning
Input pipelining  
DSP u_array/g_pe_row[9].g_pe_pair[5].u_pe/u_dsp48 input u_array/g_pe_row[9].g_pe_pair[5].u_pe/u_dsp48/A[29:0] is not pipelined. Pipelining DSP48 input will improve performance.
Related violations: <none>

DPIP-1#129 Warning
Input pipelining  
DSP u_array/g_pe_row[9].g_pe_pair[6].u_pe/u_dsp48 input u_array/g_pe_row[9].g_pe_pair[6].u_pe/u_dsp48/A[29:0] is not pipelined. Pipelining DSP48 input will improve performance.
Related violations: <none>

DPIP-1#130 Warning
Input pipelining  
DSP u_array/g_pe_row[9].g_pe_pair[7].u_pe/u_dsp48 input u_array/g_pe_row[9].g_pe_pair[7].u_pe/u_dsp48/A[29:0] is not pipelined. Pipelining DSP48 input will improve performance.
Related violations: <none>

DPIP-1#131 Warning
Input pipelining  
DSP u_array/row_addr_d0_w input u_array/row_addr_d0_w/A[29:0] is not pipelined. Pipelining DSP48 input will improve performance.
Related violations: <none>

DPIP-1#132 Warning
Input pipelining  
DSP u_array/row_addr_d0_w input u_array/row_addr_d0_w/B[17:0] is not pipelined. Pipelining DSP48 input will improve performance.
Related violations: <none>

DPIP-1#133 Warning
Input pipelining  
DSP u_array/row_addr_d0_w input u_array/row_addr_d0_w/C[47:0] is not pipelined. Pipelining DSP48 input will improve performance.
Related violations: <none>

DPIP-1#134 Warning
Input pipelining  
DSP u_array/u_addrgen/in_b2 input u_array/u_addrgen/in_b2/A[29:0] is not pipelined. Pipelining DSP48 input will improve performance.
Related violations: <none>

DPIP-1#135 Warning
Input pipelining  
DSP u_array/u_addrgen/in_b2 input u_array/u_addrgen/in_b2/B[17:0] is not pipelined. Pipelining DSP48 input will improve performance.
Related violations: <none>

DPIP-1#136 Warning
Input pipelining  
DSP u_array/u_addrgen/in_b2 input u_array/u_addrgen/in_b2/C[47:0] is not pipelined. Pipelining DSP48 input will improve performance.
Related violations: <none>

DPIP-1#137 Warning
Input pipelining  
DSP u_array/u_addrgen/in_b3 input u_array/u_addrgen/in_b3/A[29:0] is not pipelined. Pipelining DSP48 input will improve performance.
Related violations: <none>

DPIP-1#138 Warning
Input pipelining  
DSP u_array/u_addrgen/in_b3 input u_array/u_addrgen/in_b3/B[17:0] is not pipelined. Pipelining DSP48 input will improve performance.
Related violations: <none>

DPIP-1#139 Warning
Input pipelining  
DSP u_array/u_addrgen/in_b3 input u_array/u_addrgen/in_b3/C[47:0] is not pipelined. Pipelining DSP48 input will improve performance.
Related violations: <none>

DPIP-1#140 Warning
Input pipelining  
DSP u_array/u_addrgen/plane_sz input u_array/u_addrgen/plane_sz/A[29:0] is not pipelined. Pipelining DSP48 input will improve performance.
Related violations: <none>

DPIP-1#141 Warning
Input pipelining  
DSP u_array/u_addrgen/plane_sz input u_array/u_addrgen/plane_sz/B[17:0] is not pipelined. Pipelining DSP48 input will improve performance.
Related violations: <none>

DPIP-1#142 Warning
Input pipelining  
DSP u_array/u_addrgen/x_addr_w input u_array/u_addrgen/x_addr_w/A[29:0] is not pipelined. Pipelining DSP48 input will improve performance.
Related violations: <none>

DPIP-1#143 Warning
Input pipelining  
DSP u_array/u_addrgen/x_addr_w input u_array/u_addrgen/x_addr_w/B[17:0] is not pipelined. Pipelining DSP48 input will improve performance.
Related violations: <none>

DPIP-1#144 Warning
Input pipelining  
DSP u_array/u_addrgen/x_addr_w input u_array/u_addrgen/x_addr_w/C[47:0] is not pipelined. Pipelining DSP48 input will improve performance.
Related violations: <none>

DPIP-1#145 Warning
Input pipelining  
DSP u_array/u_addrgen/x_addr_w1 input u_array/u_addrgen/x_addr_w1/A[29:0] is not pipelined. Pipelining DSP48 input will improve performance.
Related violations: <none>

DPIP-1#146 Warning
Input pipelining  
DSP u_array/u_addrgen/x_addr_w1 input u_array/u_addrgen/x_addr_w1/B[17:0] is not pipelined. Pipelining DSP48 input will improve performance.
Related violations: <none>

DPIP-1#147 Warning
Input pipelining  
DSP u_array/u_addrgen/x_addr_w1__0 input u_array/u_addrgen/x_addr_w1__0/A[29:0] is not pipelined. Pipelining DSP48 input will improve performance.
Related violations: <none>

DPIP-1#148 Warning
Input pipelining  
DSP u_array/u_addrgen/x_addr_w1__0 input u_array/u_addrgen/x_addr_w1__0/B[17:0] is not pipelined. Pipelining DSP48 input will improve performance.
Related violations: <none>

DPIP-1#149 Warning
Input pipelining  
DSP u_array/u_addrgen/x_addr_w1__1 input u_array/u_addrgen/x_addr_w1__1/A[29:0] is not pipelined. Pipelining DSP48 input will improve performance.
Related violations: <none>

DPIP-1#150 Warning
Input pipelining  
DSP u_array/u_addrgen/x_addr_w1__1 input u_array/u_addrgen/x_addr_w1__1/B[17:0] is not pipelined. Pipelining DSP48 input will improve performance.
Related violations: <none>

DPIP-1#151 Warning
Input pipelining  
DSP u_array/u_ctrl/rq_last_w0 input u_array/u_ctrl/rq_last_w0/A[29:0] is not pipelined. Pipelining DSP48 input will improve performance.
Related violations: <none>

DPIP-1#152 Warning
Input pipelining  
DSP u_array/u_ctrl/rq_last_w0 input u_array/u_ctrl/rq_last_w0/B[17:0] is not pipelined. Pipelining DSP48 input will improve performance.
Related violations: <none>

DPIP-1#153 Warning
Input pipelining  
DSP u_array/u_requant/prod input u_array/u_requant/prod/A[29:0] is not pipelined. Pipelining DSP48 input will improve performance.
Related violations: <none>

DPIP-1#154 Warning
Input pipelining  
DSP u_array/u_requant/prod input u_array/u_requant/prod/B[17:0] is not pipelined. Pipelining DSP48 input will improve performance.
Related violations: <none>

DPIP-1#155 Warning
Input pipelining  
DSP u_array/u_requant/prod__0 input u_array/u_requant/prod__0/A[29:0] is not pipelined. Pipelining DSP48 input will improve performance.
Related violations: <none>

DPIP-1#156 Warning
Input pipelining  
DSP u_array/u_requant/prod__0 input u_array/u_requant/prod__0/B[17:0] is not pipelined. Pipelining DSP48 input will improve performance.
Related violations: <none>

DPIP-1#157 Warning
Input pipelining  
DSP u_array/u_requant/prod__1 input u_array/u_requant/prod__1/A[29:0] is not pipelined. Pipelining DSP48 input will improve performance.
Related violations: <none>

DPIP-1#158 Warning
Input pipelining  
DSP u_array/u_requant/prod__1 input u_array/u_requant/prod__1/B[17:0] is not pipelined. Pipelining DSP48 input will improve performance.
Related violations: <none>

DPIP-1#159 Warning
Input pipelining  
DSP u_array/u_requant/prod__2 input u_array/u_requant/prod__2/B[17:0] is not pipelined. Pipelining DSP48 input will improve performance.
Related violations: <none>

DPOP-1#1 Warning
PREG Output pipelining  
DSP u_array/ctrl_rq_last_w1 output u_array/ctrl_rq_last_w1/P[47:0] is not pipelined (PREG=0). Pipelining the DSP48 output will improve performance and often saves power so it is suggested whenever possible to fully pipeline this function.  If this DSP48 function was inferred, it is suggested to describe an additional register stage after this function.  If the DSP48 was instantiated in the design, it is suggested to set the PREG attribute to 1.
Related violations: <none>

DPOP-1#2 Warning
PREG Output pipelining  
DSP u_array/g_pe_row[0].g_pe_pair[0].u_pe/u_dsp48 output u_array/g_pe_row[0].g_pe_pair[0].u_pe/u_dsp48/P[47:0] is not pipelined (PREG=0). Pipelining the DSP48 output will improve performance and often saves power so it is suggested whenever possible to fully pipeline this function.  If this DSP48 function was inferred, it is suggested to describe an additional register stage after this function.  If the DSP48 was instantiated in the design, it is suggested to set the PREG attribute to 1.
Related violations: <none>

DPOP-1#3 Warning
PREG Output pipelining  
DSP u_array/g_pe_row[0].g_pe_pair[1].u_pe/u_dsp48 output u_array/g_pe_row[0].g_pe_pair[1].u_pe/u_dsp48/P[47:0] is not pipelined (PREG=0). Pipelining the DSP48 output will improve performance and often saves power so it is suggested whenever possible to fully pipeline this function.  If this DSP48 function was inferred, it is suggested to describe an additional register stage after this function.  If the DSP48 was instantiated in the design, it is suggested to set the PREG attribute to 1.
Related violations: <none>

DPOP-1#4 Warning
PREG Output pipelining  
DSP u_array/g_pe_row[0].g_pe_pair[2].u_pe/u_dsp48 output u_array/g_pe_row[0].g_pe_pair[2].u_pe/u_dsp48/P[47:0] is not pipelined (PREG=0). Pipelining the DSP48 output will improve performance and often saves power so it is suggested whenever possible to fully pipeline this function.  If this DSP48 function was inferred, it is suggested to describe an additional register stage after this function.  If the DSP48 was instantiated in the design, it is suggested to set the PREG attribute to 1.
Related violations: <none>

DPOP-1#5 Warning
PREG Output pipelining  
DSP u_array/g_pe_row[0].g_pe_pair[3].u_pe/u_dsp48 output u_array/g_pe_row[0].g_pe_pair[3].u_pe/u_dsp48/P[47:0] is not pipelined (PREG=0). Pipelining the DSP48 output will improve performance and often saves power so it is suggested whenever possible to fully pipeline this function.  If this DSP48 function was inferred, it is suggested to describe an additional register stage after this function.  If the DSP48 was instantiated in the design, it is suggested to set the PREG attribute to 1.
Related violations: <none>

DPOP-1#6 Warning
PREG Output pipelining  
DSP u_array/g_pe_row[0].g_pe_pair[4].u_pe/u_dsp48 output u_array/g_pe_row[0].g_pe_pair[4].u_pe/u_dsp48/P[47:0] is not pipelined (PREG=0). Pipelining the DSP48 output will improve performance and often saves power so it is suggested whenever possible to fully pipeline this function.  If this DSP48 function was inferred, it is suggested to describe an additional register stage after this function.  If the DSP48 was instantiated in the design, it is suggested to set the PREG attribute to 1.
Related violations: <none>

DPOP-1#7 Warning
PREG Output pipelining  
DSP u_array/g_pe_row[0].g_pe_pair[5].u_pe/u_dsp48 output u_array/g_pe_row[0].g_pe_pair[5].u_pe/u_dsp48/P[47:0] is not pipelined (PREG=0). Pipelining the DSP48 output will improve performance and often saves power so it is suggested whenever possible to fully pipeline this function.  If this DSP48 function was inferred, it is suggested to describe an additional register stage after this function.  If the DSP48 was instantiated in the design, it is suggested to set the PREG attribute to 1.
Related violations: <none>

DPOP-1#8 Warning
PREG Output pipelining  
DSP u_array/g_pe_row[0].g_pe_pair[6].u_pe/u_dsp48 output u_array/g_pe_row[0].g_pe_pair[6].u_pe/u_dsp48/P[47:0] is not pipelined (PREG=0). Pipelining the DSP48 output will improve performance and often saves power so it is suggested whenever possible to fully pipeline this function.  If this DSP48 function was inferred, it is suggested to describe an additional register stage after this function.  If the DSP48 was instantiated in the design, it is suggested to set the PREG attribute to 1.
Related violations: <none>

DPOP-1#9 Warning
PREG Output pipelining  
DSP u_array/g_pe_row[0].g_pe_pair[7].u_pe/u_dsp48 output u_array/g_pe_row[0].g_pe_pair[7].u_pe/u_dsp48/P[47:0] is not pipelined (PREG=0). Pipelining the DSP48 output will improve performance and often saves power so it is suggested whenever possible to fully pipeline this function.  If this DSP48 function was inferred, it is suggested to describe an additional register stage after this function.  If the DSP48 was instantiated in the design, it is suggested to set the PREG attribute to 1.
Related violations: <none>

DPOP-1#10 Warning
PREG Output pipelining  
DSP u_array/g_pe_row[10].g_pe_pair[0].u_pe/u_dsp48 output u_array/g_pe_row[10].g_pe_pair[0].u_pe/u_dsp48/P[47:0] is not pipelined (PREG=0). Pipelining the DSP48 output will improve performance and often saves power so it is suggested whenever possible to fully pipeline this function.  If this DSP48 function was inferred, it is suggested to describe an additional register stage after this function.  If the DSP48 was instantiated in the design, it is suggested to set the PREG attribute to 1.
Related violations: <none>

DPOP-1#11 Warning
PREG Output pipelining  
DSP u_array/g_pe_row[10].g_pe_pair[1].u_pe/u_dsp48 output u_array/g_pe_row[10].g_pe_pair[1].u_pe/u_dsp48/P[47:0] is not pipelined (PREG=0). Pipelining the DSP48 output will improve performance and often saves power so it is suggested whenever possible to fully pipeline this function.  If this DSP48 function was inferred, it is suggested to describe an additional register stage after this function.  If the DSP48 was instantiated in the design, it is suggested to set the PREG attribute to 1.
Related violations: <none>

DPOP-1#12 Warning
PREG Output pipelining  
DSP u_array/g_pe_row[10].g_pe_pair[2].u_pe/u_dsp48 output u_array/g_pe_row[10].g_pe_pair[2].u_pe/u_dsp48/P[47:0] is not pipelined (PREG=0). Pipelining the DSP48 output will improve performance and often saves power so it is suggested whenever possible to fully pipeline this function.  If this DSP48 function was inferred, it is suggested to describe an additional register stage after this function.  If the DSP48 was instantiated in the design, it is suggested to set the PREG attribute to 1.
Related violations: <none>

DPOP-1#13 Warning
PREG Output pipelining  
DSP u_array/g_pe_row[10].g_pe_pair[3].u_pe/u_dsp48 output u_array/g_pe_row[10].g_pe_pair[3].u_pe/u_dsp48/P[47:0] is not pipelined (PREG=0). Pipelining the DSP48 output will improve performance and often saves power so it is suggested whenever possible to fully pipeline this function.  If this DSP48 function was inferred, it is suggested to describe an additional register stage after this function.  If the DSP48 was instantiated in the design, it is suggested to set the PREG attribute to 1.
Related violations: <none>

DPOP-1#14 Warning
PREG Output pipelining  
DSP u_array/g_pe_row[10].g_pe_pair[4].u_pe/u_dsp48 output u_array/g_pe_row[10].g_pe_pair[4].u_pe/u_dsp48/P[47:0] is not pipelined (PREG=0). Pipelining the DSP48 output will improve performance and often saves power so it is suggested whenever possible to fully pipeline this function.  If this DSP48 function was inferred, it is suggested to describe an additional register stage after this function.  If the DSP48 was instantiated in the design, it is suggested to set the PREG attribute to 1.
Related violations: <none>

DPOP-1#15 Warning
PREG Output pipelining  
DSP u_array/g_pe_row[10].g_pe_pair[5].u_pe/u_dsp48 output u_array/g_pe_row[10].g_pe_pair[5].u_pe/u_dsp48/P[47:0] is not pipelined (PREG=0). Pipelining the DSP48 output will improve performance and often saves power so it is suggested whenever possible to fully pipeline this function.  If this DSP48 function was inferred, it is suggested to describe an additional register stage after this function.  If the DSP48 was instantiated in the design, it is suggested to set the PREG attribute to 1.
Related violations: <none>

DPOP-1#16 Warning
PREG Output pipelining  
DSP u_array/g_pe_row[10].g_pe_pair[6].u_pe/u_dsp48 output u_array/g_pe_row[10].g_pe_pair[6].u_pe/u_dsp48/P[47:0] is not pipelined (PREG=0). Pipelining the DSP48 output will improve performance and often saves power so it is suggested whenever possible to fully pipeline this function.  If this DSP48 function was inferred, it is suggested to describe an additional register stage after this function.  If the DSP48 was instantiated in the design, it is suggested to set the PREG attribute to 1.
Related violations: <none>

DPOP-1#17 Warning
PREG Output pipelining  
DSP u_array/g_pe_row[10].g_pe_pair[7].u_pe/u_dsp48 output u_array/g_pe_row[10].g_pe_pair[7].u_pe/u_dsp48/P[47:0] is not pipelined (PREG=0). Pipelining the DSP48 output will improve performance and often saves power so it is suggested whenever possible to fully pipeline this function.  If this DSP48 function was inferred, it is suggested to describe an additional register stage after this function.  If the DSP48 was instantiated in the design, it is suggested to set the PREG attribute to 1.
Related violations: <none>

DPOP-1#18 Warning
PREG Output pipelining  
DSP u_array/g_pe_row[11].g_pe_pair[0].u_pe/u_dsp48 output u_array/g_pe_row[11].g_pe_pair[0].u_pe/u_dsp48/P[47:0] is not pipelined (PREG=0). Pipelining the DSP48 output will improve performance and often saves power so it is suggested whenever possible to fully pipeline this function.  If this DSP48 function was inferred, it is suggested to describe an additional register stage after this function.  If the DSP48 was instantiated in the design, it is suggested to set the PREG attribute to 1.
Related violations: <none>

DPOP-1#19 Warning
PREG Output pipelining  
DSP u_array/g_pe_row[11].g_pe_pair[1].u_pe/u_dsp48 output u_array/g_pe_row[11].g_pe_pair[1].u_pe/u_dsp48/P[47:0] is not pipelined (PREG=0). Pipelining the DSP48 output will improve performance and often saves power so it is suggested whenever possible to fully pipeline this function.  If this DSP48 function was inferred, it is suggested to describe an additional register stage after this function.  If the DSP48 was instantiated in the design, it is suggested to set the PREG attribute to 1.
Related violations: <none>

DPOP-1#20 Warning
PREG Output pipelining  
DSP u_array/g_pe_row[11].g_pe_pair[2].u_pe/u_dsp48 output u_array/g_pe_row[11].g_pe_pair[2].u_pe/u_dsp48/P[47:0] is not pipelined (PREG=0). Pipelining the DSP48 output will improve performance and often saves power so it is suggested whenever possible to fully pipeline this function.  If this DSP48 function was inferred, it is suggested to describe an additional register stage after this function.  If the DSP48 was instantiated in the design, it is suggested to set the PREG attribute to 1.
Related violations: <none>

DPOP-1#21 Warning
PREG Output pipelining  
DSP u_array/g_pe_row[11].g_pe_pair[3].u_pe/u_dsp48 output u_array/g_pe_row[11].g_pe_pair[3].u_pe/u_dsp48/P[47:0] is not pipelined (PREG=0). Pipelining the DSP48 output will improve performance and often saves power so it is suggested whenever possible to fully pipeline this function.  If this DSP48 function was inferred, it is suggested to describe an additional register stage after this function.  If the DSP48 was instantiated in the design, it is suggested to set the PREG attribute to 1.
Related violations: <none>

DPOP-1#22 Warning
PREG Output pipelining  
DSP u_array/g_pe_row[11].g_pe_pair[4].u_pe/u_dsp48 output u_array/g_pe_row[11].g_pe_pair[4].u_pe/u_dsp48/P[47:0] is not pipelined (PREG=0). Pipelining the DSP48 output will improve performance and often saves power so it is suggested whenever possible to fully pipeline this function.  If this DSP48 function was inferred, it is suggested to describe an additional register stage after this function.  If the DSP48 was instantiated in the design, it is suggested to set the PREG attribute to 1.
Related violations: <none>

DPOP-1#23 Warning
PREG Output pipelining  
DSP u_array/g_pe_row[11].g_pe_pair[5].u_pe/u_dsp48 output u_array/g_pe_row[11].g_pe_pair[5].u_pe/u_dsp48/P[47:0] is not pipelined (PREG=0). Pipelining the DSP48 output will improve performance and often saves power so it is suggested whenever possible to fully pipeline this function.  If this DSP48 function was inferred, it is suggested to describe an additional register stage after this function.  If the DSP48 was instantiated in the design, it is suggested to set the PREG attribute to 1.
Related violations: <none>

DPOP-1#24 Warning
PREG Output pipelining  
DSP u_array/g_pe_row[11].g_pe_pair[6].u_pe/u_dsp48 output u_array/g_pe_row[11].g_pe_pair[6].u_pe/u_dsp48/P[47:0] is not pipelined (PREG=0). Pipelining the DSP48 output will improve performance and often saves power so it is suggested whenever possible to fully pipeline this function.  If this DSP48 function was inferred, it is suggested to describe an additional register stage after this function.  If the DSP48 was instantiated in the design, it is suggested to set the PREG attribute to 1.
Related violations: <none>

DPOP-1#25 Warning
PREG Output pipelining  
DSP u_array/g_pe_row[11].g_pe_pair[7].u_pe/u_dsp48 output u_array/g_pe_row[11].g_pe_pair[7].u_pe/u_dsp48/P[47:0] is not pipelined (PREG=0). Pipelining the DSP48 output will improve performance and often saves power so it is suggested whenever possible to fully pipeline this function.  If this DSP48 function was inferred, it is suggested to describe an additional register stage after this function.  If the DSP48 was instantiated in the design, it is suggested to set the PREG attribute to 1.
Related violations: <none>

DPOP-1#26 Warning
PREG Output pipelining  
DSP u_array/g_pe_row[12].g_pe_pair[0].u_pe/u_dsp48 output u_array/g_pe_row[12].g_pe_pair[0].u_pe/u_dsp48/P[47:0] is not pipelined (PREG=0). Pipelining the DSP48 output will improve performance and often saves power so it is suggested whenever possible to fully pipeline this function.  If this DSP48 function was inferred, it is suggested to describe an additional register stage after this function.  If the DSP48 was instantiated in the design, it is suggested to set the PREG attribute to 1.
Related violations: <none>

DPOP-1#27 Warning
PREG Output pipelining  
DSP u_array/g_pe_row[12].g_pe_pair[1].u_pe/u_dsp48 output u_array/g_pe_row[12].g_pe_pair[1].u_pe/u_dsp48/P[47:0] is not pipelined (PREG=0). Pipelining the DSP48 output will improve performance and often saves power so it is suggested whenever possible to fully pipeline this function.  If this DSP48 function was inferred, it is suggested to describe an additional register stage after this function.  If the DSP48 was instantiated in the design, it is suggested to set the PREG attribute to 1.
Related violations: <none>

DPOP-1#28 Warning
PREG Output pipelining  
DSP u_array/g_pe_row[12].g_pe_pair[2].u_pe/u_dsp48 output u_array/g_pe_row[12].g_pe_pair[2].u_pe/u_dsp48/P[47:0] is not pipelined (PREG=0). Pipelining the DSP48 output will improve performance and often saves power so it is suggested whenever possible to fully pipeline this function.  If this DSP48 function was inferred, it is suggested to describe an additional register stage after this function.  If the DSP48 was instantiated in the design, it is suggested to set the PREG attribute to 1.
Related violations: <none>

DPOP-1#29 Warning
PREG Output pipelining  
DSP u_array/g_pe_row[12].g_pe_pair[3].u_pe/u_dsp48 output u_array/g_pe_row[12].g_pe_pair[3].u_pe/u_dsp48/P[47:0] is not pipelined (PREG=0). Pipelining the DSP48 output will improve performance and often saves power so it is suggested whenever possible to fully pipeline this function.  If this DSP48 function was inferred, it is suggested to describe an additional register stage after this function.  If the DSP48 was instantiated in the design, it is suggested to set the PREG attribute to 1.
Related violations: <none>

DPOP-1#30 Warning
PREG Output pipelining  
DSP u_array/g_pe_row[12].g_pe_pair[4].u_pe/u_dsp48 output u_array/g_pe_row[12].g_pe_pair[4].u_pe/u_dsp48/P[47:0] is not pipelined (PREG=0). Pipelining the DSP48 output will improve performance and often saves power so it is suggested whenever possible to fully pipeline this function.  If this DSP48 function was inferred, it is suggested to describe an additional register stage after this function.  If the DSP48 was instantiated in the design, it is suggested to set the PREG attribute to 1.
Related violations: <none>

DPOP-1#31 Warning
PREG Output pipelining  
DSP u_array/g_pe_row[12].g_pe_pair[5].u_pe/u_dsp48 output u_array/g_pe_row[12].g_pe_pair[5].u_pe/u_dsp48/P[47:0] is not pipelined (PREG=0). Pipelining the DSP48 output will improve performance and often saves power so it is suggested whenever possible to fully pipeline this function.  If this DSP48 function was inferred, it is suggested to describe an additional register stage after this function.  If the DSP48 was instantiated in the design, it is suggested to set the PREG attribute to 1.
Related violations: <none>

DPOP-1#32 Warning
PREG Output pipelining  
DSP u_array/g_pe_row[12].g_pe_pair[6].u_pe/u_dsp48 output u_array/g_pe_row[12].g_pe_pair[6].u_pe/u_dsp48/P[47:0] is not pipelined (PREG=0). Pipelining the DSP48 output will improve performance and often saves power so it is suggested whenever possible to fully pipeline this function.  If this DSP48 function was inferred, it is suggested to describe an additional register stage after this function.  If the DSP48 was instantiated in the design, it is suggested to set the PREG attribute to 1.
Related violations: <none>

DPOP-1#33 Warning
PREG Output pipelining  
DSP u_array/g_pe_row[12].g_pe_pair[7].u_pe/u_dsp48 output u_array/g_pe_row[12].g_pe_pair[7].u_pe/u_dsp48/P[47:0] is not pipelined (PREG=0). Pipelining the DSP48 output will improve performance and often saves power so it is suggested whenever possible to fully pipeline this function.  If this DSP48 function was inferred, it is suggested to describe an additional register stage after this function.  If the DSP48 was instantiated in the design, it is suggested to set the PREG attribute to 1.
Related violations: <none>

DPOP-1#34 Warning
PREG Output pipelining  
DSP u_array/g_pe_row[13].g_pe_pair[0].u_pe/u_dsp48 output u_array/g_pe_row[13].g_pe_pair[0].u_pe/u_dsp48/P[47:0] is not pipelined (PREG=0). Pipelining the DSP48 output will improve performance and often saves power so it is suggested whenever possible to fully pipeline this function.  If this DSP48 function was inferred, it is suggested to describe an additional register stage after this function.  If the DSP48 was instantiated in the design, it is suggested to set the PREG attribute to 1.
Related violations: <none>

DPOP-1#35 Warning
PREG Output pipelining  
DSP u_array/g_pe_row[13].g_pe_pair[1].u_pe/u_dsp48 output u_array/g_pe_row[13].g_pe_pair[1].u_pe/u_dsp48/P[47:0] is not pipelined (PREG=0). Pipelining the DSP48 output will improve performance and often saves power so it is suggested whenever possible to fully pipeline this function.  If this DSP48 function was inferred, it is suggested to describe an additional register stage after this function.  If the DSP48 was instantiated in the design, it is suggested to set the PREG attribute to 1.
Related violations: <none>

DPOP-1#36 Warning
PREG Output pipelining  
DSP u_array/g_pe_row[13].g_pe_pair[2].u_pe/u_dsp48 output u_array/g_pe_row[13].g_pe_pair[2].u_pe/u_dsp48/P[47:0] is not pipelined (PREG=0). Pipelining the DSP48 output will improve performance and often saves power so it is suggested whenever possible to fully pipeline this function.  If this DSP48 function was inferred, it is suggested to describe an additional register stage after this function.  If the DSP48 was instantiated in the design, it is suggested to set the PREG attribute to 1.
Related violations: <none>

DPOP-1#37 Warning
PREG Output pipelining  
DSP u_array/g_pe_row[13].g_pe_pair[3].u_pe/u_dsp48 output u_array/g_pe_row[13].g_pe_pair[3].u_pe/u_dsp48/P[47:0] is not pipelined (PREG=0). Pipelining the DSP48 output will improve performance and often saves power so it is suggested whenever possible to fully pipeline this function.  If this DSP48 function was inferred, it is suggested to describe an additional register stage after this function.  If the DSP48 was instantiated in the design, it is suggested to set the PREG attribute to 1.
Related violations: <none>

DPOP-1#38 Warning
PREG Output pipelining  
DSP u_array/g_pe_row[13].g_pe_pair[4].u_pe/u_dsp48 output u_array/g_pe_row[13].g_pe_pair[4].u_pe/u_dsp48/P[47:0] is not pipelined (PREG=0). Pipelining the DSP48 output will improve performance and often saves power so it is suggested whenever possible to fully pipeline this function.  If this DSP48 function was inferred, it is suggested to describe an additional register stage after this function.  If the DSP48 was instantiated in the design, it is suggested to set the PREG attribute to 1.
Related violations: <none>

DPOP-1#39 Warning
PREG Output pipelining  
DSP u_array/g_pe_row[13].g_pe_pair[5].u_pe/u_dsp48 output u_array/g_pe_row[13].g_pe_pair[5].u_pe/u_dsp48/P[47:0] is not pipelined (PREG=0). Pipelining the DSP48 output will improve performance and often saves power so it is suggested whenever possible to fully pipeline this function.  If this DSP48 function was inferred, it is suggested to describe an additional register stage after this function.  If the DSP48 was instantiated in the design, it is suggested to set the PREG attribute to 1.
Related violations: <none>

DPOP-1#40 Warning
PREG Output pipelining  
DSP u_array/g_pe_row[13].g_pe_pair[6].u_pe/u_dsp48 output u_array/g_pe_row[13].g_pe_pair[6].u_pe/u_dsp48/P[47:0] is not pipelined (PREG=0). Pipelining the DSP48 output will improve performance and often saves power so it is suggested whenever possible to fully pipeline this function.  If this DSP48 function was inferred, it is suggested to describe an additional register stage after this function.  If the DSP48 was instantiated in the design, it is suggested to set the PREG attribute to 1.
Related violations: <none>

DPOP-1#41 Warning
PREG Output pipelining  
DSP u_array/g_pe_row[13].g_pe_pair[7].u_pe/u_dsp48 output u_array/g_pe_row[13].g_pe_pair[7].u_pe/u_dsp48/P[47:0] is not pipelined (PREG=0). Pipelining the DSP48 output will improve performance and often saves power so it is suggested whenever possible to fully pipeline this function.  If this DSP48 function was inferred, it is suggested to describe an additional register stage after this function.  If the DSP48 was instantiated in the design, it is suggested to set the PREG attribute to 1.
Related violations: <none>

DPOP-1#42 Warning
PREG Output pipelining  
DSP u_array/g_pe_row[14].g_pe_pair[0].u_pe/u_dsp48 output u_array/g_pe_row[14].g_pe_pair[0].u_pe/u_dsp48/P[47:0] is not pipelined (PREG=0). Pipelining the DSP48 output will improve performance and often saves power so it is suggested whenever possible to fully pipeline this function.  If this DSP48 function was inferred, it is suggested to describe an additional register stage after this function.  If the DSP48 was instantiated in the design, it is suggested to set the PREG attribute to 1.
Related violations: <none>

DPOP-1#43 Warning
PREG Output pipelining  
DSP u_array/g_pe_row[14].g_pe_pair[1].u_pe/u_dsp48 output u_array/g_pe_row[14].g_pe_pair[1].u_pe/u_dsp48/P[47:0] is not pipelined (PREG=0). Pipelining the DSP48 output will improve performance and often saves power so it is suggested whenever possible to fully pipeline this function.  If this DSP48 function was inferred, it is suggested to describe an additional register stage after this function.  If the DSP48 was instantiated in the design, it is suggested to set the PREG attribute to 1.
Related violations: <none>

DPOP-1#44 Warning
PREG Output pipelining  
DSP u_array/g_pe_row[14].g_pe_pair[2].u_pe/u_dsp48 output u_array/g_pe_row[14].g_pe_pair[2].u_pe/u_dsp48/P[47:0] is not pipelined (PREG=0). Pipelining the DSP48 output will improve performance and often saves power so it is suggested whenever possible to fully pipeline this function.  If this DSP48 function was inferred, it is suggested to describe an additional register stage after this function.  If the DSP48 was instantiated in the design, it is suggested to set the PREG attribute to 1.
Related violations: <none>

DPOP-1#45 Warning
PREG Output pipelining  
DSP u_array/g_pe_row[14].g_pe_pair[3].u_pe/u_dsp48 output u_array/g_pe_row[14].g_pe_pair[3].u_pe/u_dsp48/P[47:0] is not pipelined (PREG=0). Pipelining the DSP48 output will improve performance and often saves power so it is suggested whenever possible to fully pipeline this function.  If this DSP48 function was inferred, it is suggested to describe an additional register stage after this function.  If the DSP48 was instantiated in the design, it is suggested to set the PREG attribute to 1.
Related violations: <none>

DPOP-1#46 Warning
PREG Output pipelining  
DSP u_array/g_pe_row[14].g_pe_pair[4].u_pe/u_dsp48 output u_array/g_pe_row[14].g_pe_pair[4].u_pe/u_dsp48/P[47:0] is not pipelined (PREG=0). Pipelining the DSP48 output will improve performance and often saves power so it is suggested whenever possible to fully pipeline this function.  If this DSP48 function was inferred, it is suggested to describe an additional register stage after this function.  If the DSP48 was instantiated in the design, it is suggested to set the PREG attribute to 1.
Related violations: <none>

DPOP-1#47 Warning
PREG Output pipelining  
DSP u_array/g_pe_row[14].g_pe_pair[5].u_pe/u_dsp48 output u_array/g_pe_row[14].g_pe_pair[5].u_pe/u_dsp48/P[47:0] is not pipelined (PREG=0). Pipelining the DSP48 output will improve performance and often saves power so it is suggested whenever possible to fully pipeline this function.  If this DSP48 function was inferred, it is suggested to describe an additional register stage after this function.  If the DSP48 was instantiated in the design, it is suggested to set the PREG attribute to 1.
Related violations: <none>

DPOP-1#48 Warning
PREG Output pipelining  
DSP u_array/g_pe_row[14].g_pe_pair[6].u_pe/u_dsp48 output u_array/g_pe_row[14].g_pe_pair[6].u_pe/u_dsp48/P[47:0] is not pipelined (PREG=0). Pipelining the DSP48 output will improve performance and often saves power so it is suggested whenever possible to fully pipeline this function.  If this DSP48 function was inferred, it is suggested to describe an additional register stage after this function.  If the DSP48 was instantiated in the design, it is suggested to set the PREG attribute to 1.
Related violations: <none>

DPOP-1#49 Warning
PREG Output pipelining  
DSP u_array/g_pe_row[14].g_pe_pair[7].u_pe/u_dsp48 output u_array/g_pe_row[14].g_pe_pair[7].u_pe/u_dsp48/P[47:0] is not pipelined (PREG=0). Pipelining the DSP48 output will improve performance and often saves power so it is suggested whenever possible to fully pipeline this function.  If this DSP48 function was inferred, it is suggested to describe an additional register stage after this function.  If the DSP48 was instantiated in the design, it is suggested to set the PREG attribute to 1.
Related violations: <none>

DPOP-1#50 Warning
PREG Output pipelining  
DSP u_array/g_pe_row[15].g_pe_pair[0].u_pe/u_dsp48 output u_array/g_pe_row[15].g_pe_pair[0].u_pe/u_dsp48/P[47:0] is not pipelined (PREG=0). Pipelining the DSP48 output will improve performance and often saves power so it is suggested whenever possible to fully pipeline this function.  If this DSP48 function was inferred, it is suggested to describe an additional register stage after this function.  If the DSP48 was instantiated in the design, it is suggested to set the PREG attribute to 1.
Related violations: <none>

DPOP-1#51 Warning
PREG Output pipelining  
DSP u_array/g_pe_row[15].g_pe_pair[1].u_pe/u_dsp48 output u_array/g_pe_row[15].g_pe_pair[1].u_pe/u_dsp48/P[47:0] is not pipelined (PREG=0). Pipelining the DSP48 output will improve performance and often saves power so it is suggested whenever possible to fully pipeline this function.  If this DSP48 function was inferred, it is suggested to describe an additional register stage after this function.  If the DSP48 was instantiated in the design, it is suggested to set the PREG attribute to 1.
Related violations: <none>

DPOP-1#52 Warning
PREG Output pipelining  
DSP u_array/g_pe_row[15].g_pe_pair[2].u_pe/u_dsp48 output u_array/g_pe_row[15].g_pe_pair[2].u_pe/u_dsp48/P[47:0] is not pipelined (PREG=0). Pipelining the DSP48 output will improve performance and often saves power so it is suggested whenever possible to fully pipeline this function.  If this DSP48 function was inferred, it is suggested to describe an additional register stage after this function.  If the DSP48 was instantiated in the design, it is suggested to set the PREG attribute to 1.
Related violations: <none>

DPOP-1#53 Warning
PREG Output pipelining  
DSP u_array/g_pe_row[15].g_pe_pair[3].u_pe/u_dsp48 output u_array/g_pe_row[15].g_pe_pair[3].u_pe/u_dsp48/P[47:0] is not pipelined (PREG=0). Pipelining the DSP48 output will improve performance and often saves power so it is suggested whenever possible to fully pipeline this function.  If this DSP48 function was inferred, it is suggested to describe an additional register stage after this function.  If the DSP48 was instantiated in the design, it is suggested to set the PREG attribute to 1.
Related violations: <none>

DPOP-1#54 Warning
PREG Output pipelining  
DSP u_array/g_pe_row[15].g_pe_pair[4].u_pe/u_dsp48 output u_array/g_pe_row[15].g_pe_pair[4].u_pe/u_dsp48/P[47:0] is not pipelined (PREG=0). Pipelining the DSP48 output will improve performance and often saves power so it is suggested whenever possible to fully pipeline this function.  If this DSP48 function was inferred, it is suggested to describe an additional register stage after this function.  If the DSP48 was instantiated in the design, it is suggested to set the PREG attribute to 1.
Related violations: <none>

DPOP-1#55 Warning
PREG Output pipelining  
DSP u_array/g_pe_row[15].g_pe_pair[5].u_pe/u_dsp48 output u_array/g_pe_row[15].g_pe_pair[5].u_pe/u_dsp48/P[47:0] is not pipelined (PREG=0). Pipelining the DSP48 output will improve performance and often saves power so it is suggested whenever possible to fully pipeline this function.  If this DSP48 function was inferred, it is suggested to describe an additional register stage after this function.  If the DSP48 was instantiated in the design, it is suggested to set the PREG attribute to 1.
Related violations: <none>

DPOP-1#56 Warning
PREG Output pipelining  
DSP u_array/g_pe_row[15].g_pe_pair[6].u_pe/u_dsp48 output u_array/g_pe_row[15].g_pe_pair[6].u_pe/u_dsp48/P[47:0] is not pipelined (PREG=0). Pipelining the DSP48 output will improve performance and often saves power so it is suggested whenever possible to fully pipeline this function.  If this DSP48 function was inferred, it is suggested to describe an additional register stage after this function.  If the DSP48 was instantiated in the design, it is suggested to set the PREG attribute to 1.
Related violations: <none>

DPOP-1#57 Warning
PREG Output pipelining  
DSP u_array/g_pe_row[15].g_pe_pair[7].u_pe/u_dsp48 output u_array/g_pe_row[15].g_pe_pair[7].u_pe/u_dsp48/P[47:0] is not pipelined (PREG=0). Pipelining the DSP48 output will improve performance and often saves power so it is suggested whenever possible to fully pipeline this function.  If this DSP48 function was inferred, it is suggested to describe an additional register stage after this function.  If the DSP48 was instantiated in the design, it is suggested to set the PREG attribute to 1.
Related violations: <none>

DPOP-1#58 Warning
PREG Output pipelining  
DSP u_array/g_pe_row[1].g_pe_pair[0].u_pe/u_dsp48 output u_array/g_pe_row[1].g_pe_pair[0].u_pe/u_dsp48/P[47:0] is not pipelined (PREG=0). Pipelining the DSP48 output will improve performance and often saves power so it is suggested whenever possible to fully pipeline this function.  If this DSP48 function was inferred, it is suggested to describe an additional register stage after this function.  If the DSP48 was instantiated in the design, it is suggested to set the PREG attribute to 1.
Related violations: <none>

DPOP-1#59 Warning
PREG Output pipelining  
DSP u_array/g_pe_row[1].g_pe_pair[1].u_pe/u_dsp48 output u_array/g_pe_row[1].g_pe_pair[1].u_pe/u_dsp48/P[47:0] is not pipelined (PREG=0). Pipelining the DSP48 output will improve performance and often saves power so it is suggested whenever possible to fully pipeline this function.  If this DSP48 function was inferred, it is suggested to describe an additional register stage after this function.  If the DSP48 was instantiated in the design, it is suggested to set the PREG attribute to 1.
Related violations: <none>

DPOP-1#60 Warning
PREG Output pipelining  
DSP u_array/g_pe_row[1].g_pe_pair[2].u_pe/u_dsp48 output u_array/g_pe_row[1].g_pe_pair[2].u_pe/u_dsp48/P[47:0] is not pipelined (PREG=0). Pipelining the DSP48 output will improve performance and often saves power so it is suggested whenever possible to fully pipeline this function.  If this DSP48 function was inferred, it is suggested to describe an additional register stage after this function.  If the DSP48 was instantiated in the design, it is suggested to set the PREG attribute to 1.
Related violations: <none>

DPOP-1#61 Warning
PREG Output pipelining  
DSP u_array/g_pe_row[1].g_pe_pair[3].u_pe/u_dsp48 output u_array/g_pe_row[1].g_pe_pair[3].u_pe/u_dsp48/P[47:0] is not pipelined (PREG=0). Pipelining the DSP48 output will improve performance and often saves power so it is suggested whenever possible to fully pipeline this function.  If this DSP48 function was inferred, it is suggested to describe an additional register stage after this function.  If the DSP48 was instantiated in the design, it is suggested to set the PREG attribute to 1.
Related violations: <none>

DPOP-1#62 Warning
PREG Output pipelining  
DSP u_array/g_pe_row[1].g_pe_pair[4].u_pe/u_dsp48 output u_array/g_pe_row[1].g_pe_pair[4].u_pe/u_dsp48/P[47:0] is not pipelined (PREG=0). Pipelining the DSP48 output will improve performance and often saves power so it is suggested whenever possible to fully pipeline this function.  If this DSP48 function was inferred, it is suggested to describe an additional register stage after this function.  If the DSP48 was instantiated in the design, it is suggested to set the PREG attribute to 1.
Related violations: <none>

DPOP-1#63 Warning
PREG Output pipelining  
DSP u_array/g_pe_row[1].g_pe_pair[5].u_pe/u_dsp48 output u_array/g_pe_row[1].g_pe_pair[5].u_pe/u_dsp48/P[47:0] is not pipelined (PREG=0). Pipelining the DSP48 output will improve performance and often saves power so it is suggested whenever possible to fully pipeline this function.  If this DSP48 function was inferred, it is suggested to describe an additional register stage after this function.  If the DSP48 was instantiated in the design, it is suggested to set the PREG attribute to 1.
Related violations: <none>

DPOP-1#64 Warning
PREG Output pipelining  
DSP u_array/g_pe_row[1].g_pe_pair[6].u_pe/u_dsp48 output u_array/g_pe_row[1].g_pe_pair[6].u_pe/u_dsp48/P[47:0] is not pipelined (PREG=0). Pipelining the DSP48 output will improve performance and often saves power so it is suggested whenever possible to fully pipeline this function.  If this DSP48 function was inferred, it is suggested to describe an additional register stage after this function.  If the DSP48 was instantiated in the design, it is suggested to set the PREG attribute to 1.
Related violations: <none>

DPOP-1#65 Warning
PREG Output pipelining  
DSP u_array/g_pe_row[1].g_pe_pair[7].u_pe/u_dsp48 output u_array/g_pe_row[1].g_pe_pair[7].u_pe/u_dsp48/P[47:0] is not pipelined (PREG=0). Pipelining the DSP48 output will improve performance and often saves power so it is suggested whenever possible to fully pipeline this function.  If this DSP48 function was inferred, it is suggested to describe an additional register stage after this function.  If the DSP48 was instantiated in the design, it is suggested to set the PREG attribute to 1.
Related violations: <none>

DPOP-1#66 Warning
PREG Output pipelining  
DSP u_array/g_pe_row[2].g_pe_pair[0].u_pe/u_dsp48 output u_array/g_pe_row[2].g_pe_pair[0].u_pe/u_dsp48/P[47:0] is not pipelined (PREG=0). Pipelining the DSP48 output will improve performance and often saves power so it is suggested whenever possible to fully pipeline this function.  If this DSP48 function was inferred, it is suggested to describe an additional register stage after this function.  If the DSP48 was instantiated in the design, it is suggested to set the PREG attribute to 1.
Related violations: <none>

DPOP-1#67 Warning
PREG Output pipelining  
DSP u_array/g_pe_row[2].g_pe_pair[1].u_pe/u_dsp48 output u_array/g_pe_row[2].g_pe_pair[1].u_pe/u_dsp48/P[47:0] is not pipelined (PREG=0). Pipelining the DSP48 output will improve performance and often saves power so it is suggested whenever possible to fully pipeline this function.  If this DSP48 function was inferred, it is suggested to describe an additional register stage after this function.  If the DSP48 was instantiated in the design, it is suggested to set the PREG attribute to 1.
Related violations: <none>

DPOP-1#68 Warning
PREG Output pipelining  
DSP u_array/g_pe_row[2].g_pe_pair[2].u_pe/u_dsp48 output u_array/g_pe_row[2].g_pe_pair[2].u_pe/u_dsp48/P[47:0] is not pipelined (PREG=0). Pipelining the DSP48 output will improve performance and often saves power so it is suggested whenever possible to fully pipeline this function.  If this DSP48 function was inferred, it is suggested to describe an additional register stage after this function.  If the DSP48 was instantiated in the design, it is suggested to set the PREG attribute to 1.
Related violations: <none>

DPOP-1#69 Warning
PREG Output pipelining  
DSP u_array/g_pe_row[2].g_pe_pair[3].u_pe/u_dsp48 output u_array/g_pe_row[2].g_pe_pair[3].u_pe/u_dsp48/P[47:0] is not pipelined (PREG=0). Pipelining the DSP48 output will improve performance and often saves power so it is suggested whenever possible to fully pipeline this function.  If this DSP48 function was inferred, it is suggested to describe an additional register stage after this function.  If the DSP48 was instantiated in the design, it is suggested to set the PREG attribute to 1.
Related violations: <none>

DPOP-1#70 Warning
PREG Output pipelining  
DSP u_array/g_pe_row[2].g_pe_pair[4].u_pe/u_dsp48 output u_array/g_pe_row[2].g_pe_pair[4].u_pe/u_dsp48/P[47:0] is not pipelined (PREG=0). Pipelining the DSP48 output will improve performance and often saves power so it is suggested whenever possible to fully pipeline this function.  If this DSP48 function was inferred, it is suggested to describe an additional register stage after this function.  If the DSP48 was instantiated in the design, it is suggested to set the PREG attribute to 1.
Related violations: <none>

DPOP-1#71 Warning
PREG Output pipelining  
DSP u_array/g_pe_row[2].g_pe_pair[5].u_pe/u_dsp48 output u_array/g_pe_row[2].g_pe_pair[5].u_pe/u_dsp48/P[47:0] is not pipelined (PREG=0). Pipelining the DSP48 output will improve performance and often saves power so it is suggested whenever possible to fully pipeline this function.  If this DSP48 function was inferred, it is suggested to describe an additional register stage after this function.  If the DSP48 was instantiated in the design, it is suggested to set the PREG attribute to 1.
Related violations: <none>

DPOP-1#72 Warning
PREG Output pipelining  
DSP u_array/g_pe_row[2].g_pe_pair[6].u_pe/u_dsp48 output u_array/g_pe_row[2].g_pe_pair[6].u_pe/u_dsp48/P[47:0] is not pipelined (PREG=0). Pipelining the DSP48 output will improve performance and often saves power so it is suggested whenever possible to fully pipeline this function.  If this DSP48 function was inferred, it is suggested to describe an additional register stage after this function.  If the DSP48 was instantiated in the design, it is suggested to set the PREG attribute to 1.
Related violations: <none>

DPOP-1#73 Warning
PREG Output pipelining  
DSP u_array/g_pe_row[2].g_pe_pair[7].u_pe/u_dsp48 output u_array/g_pe_row[2].g_pe_pair[7].u_pe/u_dsp48/P[47:0] is not pipelined (PREG=0). Pipelining the DSP48 output will improve performance and often saves power so it is suggested whenever possible to fully pipeline this function.  If this DSP48 function was inferred, it is suggested to describe an additional register stage after this function.  If the DSP48 was instantiated in the design, it is suggested to set the PREG attribute to 1.
Related violations: <none>

DPOP-1#74 Warning
PREG Output pipelining  
DSP u_array/g_pe_row[3].g_pe_pair[0].u_pe/u_dsp48 output u_array/g_pe_row[3].g_pe_pair[0].u_pe/u_dsp48/P[47:0] is not pipelined (PREG=0). Pipelining the DSP48 output will improve performance and often saves power so it is suggested whenever possible to fully pipeline this function.  If this DSP48 function was inferred, it is suggested to describe an additional register stage after this function.  If the DSP48 was instantiated in the design, it is suggested to set the PREG attribute to 1.
Related violations: <none>

DPOP-1#75 Warning
PREG Output pipelining  
DSP u_array/g_pe_row[3].g_pe_pair[1].u_pe/u_dsp48 output u_array/g_pe_row[3].g_pe_pair[1].u_pe/u_dsp48/P[47:0] is not pipelined (PREG=0). Pipelining the DSP48 output will improve performance and often saves power so it is suggested whenever possible to fully pipeline this function.  If this DSP48 function was inferred, it is suggested to describe an additional register stage after this function.  If the DSP48 was instantiated in the design, it is suggested to set the PREG attribute to 1.
Related violations: <none>

DPOP-1#76 Warning
PREG Output pipelining  
DSP u_array/g_pe_row[3].g_pe_pair[2].u_pe/u_dsp48 output u_array/g_pe_row[3].g_pe_pair[2].u_pe/u_dsp48/P[47:0] is not pipelined (PREG=0). Pipelining the DSP48 output will improve performance and often saves power so it is suggested whenever possible to fully pipeline this function.  If this DSP48 function was inferred, it is suggested to describe an additional register stage after this function.  If the DSP48 was instantiated in the design, it is suggested to set the PREG attribute to 1.
Related violations: <none>

DPOP-1#77 Warning
PREG Output pipelining  
DSP u_array/g_pe_row[3].g_pe_pair[3].u_pe/u_dsp48 output u_array/g_pe_row[3].g_pe_pair[3].u_pe/u_dsp48/P[47:0] is not pipelined (PREG=0). Pipelining the DSP48 output will improve performance and often saves power so it is suggested whenever possible to fully pipeline this function.  If this DSP48 function was inferred, it is suggested to describe an additional register stage after this function.  If the DSP48 was instantiated in the design, it is suggested to set the PREG attribute to 1.
Related violations: <none>

DPOP-1#78 Warning
PREG Output pipelining  
DSP u_array/g_pe_row[3].g_pe_pair[4].u_pe/u_dsp48 output u_array/g_pe_row[3].g_pe_pair[4].u_pe/u_dsp48/P[47:0] is not pipelined (PREG=0). Pipelining the DSP48 output will improve performance and often saves power so it is suggested whenever possible to fully pipeline this function.  If this DSP48 function was inferred, it is suggested to describe an additional register stage after this function.  If the DSP48 was instantiated in the design, it is suggested to set the PREG attribute to 1.
Related violations: <none>

DPOP-1#79 Warning
PREG Output pipelining  
DSP u_array/g_pe_row[3].g_pe_pair[5].u_pe/u_dsp48 output u_array/g_pe_row[3].g_pe_pair[5].u_pe/u_dsp48/P[47:0] is not pipelined (PREG=0). Pipelining the DSP48 output will improve performance and often saves power so it is suggested whenever possible to fully pipeline this function.  If this DSP48 function was inferred, it is suggested to describe an additional register stage after this function.  If the DSP48 was instantiated in the design, it is suggested to set the PREG attribute to 1.
Related violations: <none>

DPOP-1#80 Warning
PREG Output pipelining  
DSP u_array/g_pe_row[3].g_pe_pair[6].u_pe/u_dsp48 output u_array/g_pe_row[3].g_pe_pair[6].u_pe/u_dsp48/P[47:0] is not pipelined (PREG=0). Pipelining the DSP48 output will improve performance and often saves power so it is suggested whenever possible to fully pipeline this function.  If this DSP48 function was inferred, it is suggested to describe an additional register stage after this function.  If the DSP48 was instantiated in the design, it is suggested to set the PREG attribute to 1.
Related violations: <none>

DPOP-1#81 Warning
PREG Output pipelining  
DSP u_array/g_pe_row[3].g_pe_pair[7].u_pe/u_dsp48 output u_array/g_pe_row[3].g_pe_pair[7].u_pe/u_dsp48/P[47:0] is not pipelined (PREG=0). Pipelining the DSP48 output will improve performance and often saves power so it is suggested whenever possible to fully pipeline this function.  If this DSP48 function was inferred, it is suggested to describe an additional register stage after this function.  If the DSP48 was instantiated in the design, it is suggested to set the PREG attribute to 1.
Related violations: <none>

DPOP-1#82 Warning
PREG Output pipelining  
DSP u_array/g_pe_row[4].g_pe_pair[0].u_pe/u_dsp48 output u_array/g_pe_row[4].g_pe_pair[0].u_pe/u_dsp48/P[47:0] is not pipelined (PREG=0). Pipelining the DSP48 output will improve performance and often saves power so it is suggested whenever possible to fully pipeline this function.  If this DSP48 function was inferred, it is suggested to describe an additional register stage after this function.  If the DSP48 was instantiated in the design, it is suggested to set the PREG attribute to 1.
Related violations: <none>

DPOP-1#83 Warning
PREG Output pipelining  
DSP u_array/g_pe_row[4].g_pe_pair[1].u_pe/u_dsp48 output u_array/g_pe_row[4].g_pe_pair[1].u_pe/u_dsp48/P[47:0] is not pipelined (PREG=0). Pipelining the DSP48 output will improve performance and often saves power so it is suggested whenever possible to fully pipeline this function.  If this DSP48 function was inferred, it is suggested to describe an additional register stage after this function.  If the DSP48 was instantiated in the design, it is suggested to set the PREG attribute to 1.
Related violations: <none>

DPOP-1#84 Warning
PREG Output pipelining  
DSP u_array/g_pe_row[4].g_pe_pair[2].u_pe/u_dsp48 output u_array/g_pe_row[4].g_pe_pair[2].u_pe/u_dsp48/P[47:0] is not pipelined (PREG=0). Pipelining the DSP48 output will improve performance and often saves power so it is suggested whenever possible to fully pipeline this function.  If this DSP48 function was inferred, it is suggested to describe an additional register stage after this function.  If the DSP48 was instantiated in the design, it is suggested to set the PREG attribute to 1.
Related violations: <none>

DPOP-1#85 Warning
PREG Output pipelining  
DSP u_array/g_pe_row[4].g_pe_pair[3].u_pe/u_dsp48 output u_array/g_pe_row[4].g_pe_pair[3].u_pe/u_dsp48/P[47:0] is not pipelined (PREG=0). Pipelining the DSP48 output will improve performance and often saves power so it is suggested whenever possible to fully pipeline this function.  If this DSP48 function was inferred, it is suggested to describe an additional register stage after this function.  If the DSP48 was instantiated in the design, it is suggested to set the PREG attribute to 1.
Related violations: <none>

DPOP-1#86 Warning
PREG Output pipelining  
DSP u_array/g_pe_row[4].g_pe_pair[4].u_pe/u_dsp48 output u_array/g_pe_row[4].g_pe_pair[4].u_pe/u_dsp48/P[47:0] is not pipelined (PREG=0). Pipelining the DSP48 output will improve performance and often saves power so it is suggested whenever possible to fully pipeline this function.  If this DSP48 function was inferred, it is suggested to describe an additional register stage after this function.  If the DSP48 was instantiated in the design, it is suggested to set the PREG attribute to 1.
Related violations: <none>

DPOP-1#87 Warning
PREG Output pipelining  
DSP u_array/g_pe_row[4].g_pe_pair[5].u_pe/u_dsp48 output u_array/g_pe_row[4].g_pe_pair[5].u_pe/u_dsp48/P[47:0] is not pipelined (PREG=0). Pipelining the DSP48 output will improve performance and often saves power so it is suggested whenever possible to fully pipeline this function.  If this DSP48 function was inferred, it is suggested to describe an additional register stage after this function.  If the DSP48 was instantiated in the design, it is suggested to set the PREG attribute to 1.
Related violations: <none>

DPOP-1#88 Warning
PREG Output pipelining  
DSP u_array/g_pe_row[4].g_pe_pair[6].u_pe/u_dsp48 output u_array/g_pe_row[4].g_pe_pair[6].u_pe/u_dsp48/P[47:0] is not pipelined (PREG=0). Pipelining the DSP48 output will improve performance and often saves power so it is suggested whenever possible to fully pipeline this function.  If this DSP48 function was inferred, it is suggested to describe an additional register stage after this function.  If the DSP48 was instantiated in the design, it is suggested to set the PREG attribute to 1.
Related violations: <none>

DPOP-1#89 Warning
PREG Output pipelining  
DSP u_array/g_pe_row[4].g_pe_pair[7].u_pe/u_dsp48 output u_array/g_pe_row[4].g_pe_pair[7].u_pe/u_dsp48/P[47:0] is not pipelined (PREG=0). Pipelining the DSP48 output will improve performance and often saves power so it is suggested whenever possible to fully pipeline this function.  If this DSP48 function was inferred, it is suggested to describe an additional register stage after this function.  If the DSP48 was instantiated in the design, it is suggested to set the PREG attribute to 1.
Related violations: <none>

DPOP-1#90 Warning
PREG Output pipelining  
DSP u_array/g_pe_row[5].g_pe_pair[0].u_pe/u_dsp48 output u_array/g_pe_row[5].g_pe_pair[0].u_pe/u_dsp48/P[47:0] is not pipelined (PREG=0). Pipelining the DSP48 output will improve performance and often saves power so it is suggested whenever possible to fully pipeline this function.  If this DSP48 function was inferred, it is suggested to describe an additional register stage after this function.  If the DSP48 was instantiated in the design, it is suggested to set the PREG attribute to 1.
Related violations: <none>

DPOP-1#91 Warning
PREG Output pipelining  
DSP u_array/g_pe_row[5].g_pe_pair[1].u_pe/u_dsp48 output u_array/g_pe_row[5].g_pe_pair[1].u_pe/u_dsp48/P[47:0] is not pipelined (PREG=0). Pipelining the DSP48 output will improve performance and often saves power so it is suggested whenever possible to fully pipeline this function.  If this DSP48 function was inferred, it is suggested to describe an additional register stage after this function.  If the DSP48 was instantiated in the design, it is suggested to set the PREG attribute to 1.
Related violations: <none>

DPOP-1#92 Warning
PREG Output pipelining  
DSP u_array/g_pe_row[5].g_pe_pair[2].u_pe/u_dsp48 output u_array/g_pe_row[5].g_pe_pair[2].u_pe/u_dsp48/P[47:0] is not pipelined (PREG=0). Pipelining the DSP48 output will improve performance and often saves power so it is suggested whenever possible to fully pipeline this function.  If this DSP48 function was inferred, it is suggested to describe an additional register stage after this function.  If the DSP48 was instantiated in the design, it is suggested to set the PREG attribute to 1.
Related violations: <none>

DPOP-1#93 Warning
PREG Output pipelining  
DSP u_array/g_pe_row[5].g_pe_pair[3].u_pe/u_dsp48 output u_array/g_pe_row[5].g_pe_pair[3].u_pe/u_dsp48/P[47:0] is not pipelined (PREG=0). Pipelining the DSP48 output will improve performance and often saves power so it is suggested whenever possible to fully pipeline this function.  If this DSP48 function was inferred, it is suggested to describe an additional register stage after this function.  If the DSP48 was instantiated in the design, it is suggested to set the PREG attribute to 1.
Related violations: <none>

DPOP-1#94 Warning
PREG Output pipelining  
DSP u_array/g_pe_row[5].g_pe_pair[4].u_pe/u_dsp48 output u_array/g_pe_row[5].g_pe_pair[4].u_pe/u_dsp48/P[47:0] is not pipelined (PREG=0). Pipelining the DSP48 output will improve performance and often saves power so it is suggested whenever possible to fully pipeline this function.  If this DSP48 function was inferred, it is suggested to describe an additional register stage after this function.  If the DSP48 was instantiated in the design, it is suggested to set the PREG attribute to 1.
Related violations: <none>

DPOP-1#95 Warning
PREG Output pipelining  
DSP u_array/g_pe_row[5].g_pe_pair[5].u_pe/u_dsp48 output u_array/g_pe_row[5].g_pe_pair[5].u_pe/u_dsp48/P[47:0] is not pipelined (PREG=0). Pipelining the DSP48 output will improve performance and often saves power so it is suggested whenever possible to fully pipeline this function.  If this DSP48 function was inferred, it is suggested to describe an additional register stage after this function.  If the DSP48 was instantiated in the design, it is suggested to set the PREG attribute to 1.
Related violations: <none>

DPOP-1#96 Warning
PREG Output pipelining  
DSP u_array/g_pe_row[5].g_pe_pair[6].u_pe/u_dsp48 output u_array/g_pe_row[5].g_pe_pair[6].u_pe/u_dsp48/P[47:0] is not pipelined (PREG=0). Pipelining the DSP48 output will improve performance and often saves power so it is suggested whenever possible to fully pipeline this function.  If this DSP48 function was inferred, it is suggested to describe an additional register stage after this function.  If the DSP48 was instantiated in the design, it is suggested to set the PREG attribute to 1.
Related violations: <none>

DPOP-1#97 Warning
PREG Output pipelining  
DSP u_array/g_pe_row[5].g_pe_pair[7].u_pe/u_dsp48 output u_array/g_pe_row[5].g_pe_pair[7].u_pe/u_dsp48/P[47:0] is not pipelined (PREG=0). Pipelining the DSP48 output will improve performance and often saves power so it is suggested whenever possible to fully pipeline this function.  If this DSP48 function was inferred, it is suggested to describe an additional register stage after this function.  If the DSP48 was instantiated in the design, it is suggested to set the PREG attribute to 1.
Related violations: <none>

DPOP-1#98 Warning
PREG Output pipelining  
DSP u_array/g_pe_row[6].g_pe_pair[0].u_pe/u_dsp48 output u_array/g_pe_row[6].g_pe_pair[0].u_pe/u_dsp48/P[47:0] is not pipelined (PREG=0). Pipelining the DSP48 output will improve performance and often saves power so it is suggested whenever possible to fully pipeline this function.  If this DSP48 function was inferred, it is suggested to describe an additional register stage after this function.  If the DSP48 was instantiated in the design, it is suggested to set the PREG attribute to 1.
Related violations: <none>

DPOP-1#99 Warning
PREG Output pipelining  
DSP u_array/g_pe_row[6].g_pe_pair[1].u_pe/u_dsp48 output u_array/g_pe_row[6].g_pe_pair[1].u_pe/u_dsp48/P[47:0] is not pipelined (PREG=0). Pipelining the DSP48 output will improve performance and often saves power so it is suggested whenever possible to fully pipeline this function.  If this DSP48 function was inferred, it is suggested to describe an additional register stage after this function.  If the DSP48 was instantiated in the design, it is suggested to set the PREG attribute to 1.
Related violations: <none>

DPOP-1#100 Warning
PREG Output pipelining  
DSP u_array/g_pe_row[6].g_pe_pair[2].u_pe/u_dsp48 output u_array/g_pe_row[6].g_pe_pair[2].u_pe/u_dsp48/P[47:0] is not pipelined (PREG=0). Pipelining the DSP48 output will improve performance and often saves power so it is suggested whenever possible to fully pipeline this function.  If this DSP48 function was inferred, it is suggested to describe an additional register stage after this function.  If the DSP48 was instantiated in the design, it is suggested to set the PREG attribute to 1.
Related violations: <none>

DPOP-1#101 Warning
PREG Output pipelining  
DSP u_array/g_pe_row[6].g_pe_pair[3].u_pe/u_dsp48 output u_array/g_pe_row[6].g_pe_pair[3].u_pe/u_dsp48/P[47:0] is not pipelined (PREG=0). Pipelining the DSP48 output will improve performance and often saves power so it is suggested whenever possible to fully pipeline this function.  If this DSP48 function was inferred, it is suggested to describe an additional register stage after this function.  If the DSP48 was instantiated in the design, it is suggested to set the PREG attribute to 1.
Related violations: <none>

DPOP-1#102 Warning
PREG Output pipelining  
DSP u_array/g_pe_row[6].g_pe_pair[4].u_pe/u_dsp48 output u_array/g_pe_row[6].g_pe_pair[4].u_pe/u_dsp48/P[47:0] is not pipelined (PREG=0). Pipelining the DSP48 output will improve performance and often saves power so it is suggested whenever possible to fully pipeline this function.  If this DSP48 function was inferred, it is suggested to describe an additional register stage after this function.  If the DSP48 was instantiated in the design, it is suggested to set the PREG attribute to 1.
Related violations: <none>

DPOP-1#103 Warning
PREG Output pipelining  
DSP u_array/g_pe_row[6].g_pe_pair[5].u_pe/u_dsp48 output u_array/g_pe_row[6].g_pe_pair[5].u_pe/u_dsp48/P[47:0] is not pipelined (PREG=0). Pipelining the DSP48 output will improve performance and often saves power so it is suggested whenever possible to fully pipeline this function.  If this DSP48 function was inferred, it is suggested to describe an additional register stage after this function.  If the DSP48 was instantiated in the design, it is suggested to set the PREG attribute to 1.
Related violations: <none>

DPOP-1#104 Warning
PREG Output pipelining  
DSP u_array/g_pe_row[6].g_pe_pair[6].u_pe/u_dsp48 output u_array/g_pe_row[6].g_pe_pair[6].u_pe/u_dsp48/P[47:0] is not pipelined (PREG=0). Pipelining the DSP48 output will improve performance and often saves power so it is suggested whenever possible to fully pipeline this function.  If this DSP48 function was inferred, it is suggested to describe an additional register stage after this function.  If the DSP48 was instantiated in the design, it is suggested to set the PREG attribute to 1.
Related violations: <none>

DPOP-1#105 Warning
PREG Output pipelining  
DSP u_array/g_pe_row[6].g_pe_pair[7].u_pe/u_dsp48 output u_array/g_pe_row[6].g_pe_pair[7].u_pe/u_dsp48/P[47:0] is not pipelined (PREG=0). Pipelining the DSP48 output will improve performance and often saves power so it is suggested whenever possible to fully pipeline this function.  If this DSP48 function was inferred, it is suggested to describe an additional register stage after this function.  If the DSP48 was instantiated in the design, it is suggested to set the PREG attribute to 1.
Related violations: <none>

DPOP-1#106 Warning
PREG Output pipelining  
DSP u_array/g_pe_row[7].g_pe_pair[0].u_pe/u_dsp48 output u_array/g_pe_row[7].g_pe_pair[0].u_pe/u_dsp48/P[47:0] is not pipelined (PREG=0). Pipelining the DSP48 output will improve performance and often saves power so it is suggested whenever possible to fully pipeline this function.  If this DSP48 function was inferred, it is suggested to describe an additional register stage after this function.  If the DSP48 was instantiated in the design, it is suggested to set the PREG attribute to 1.
Related violations: <none>

DPOP-1#107 Warning
PREG Output pipelining  
DSP u_array/g_pe_row[7].g_pe_pair[1].u_pe/u_dsp48 output u_array/g_pe_row[7].g_pe_pair[1].u_pe/u_dsp48/P[47:0] is not pipelined (PREG=0). Pipelining the DSP48 output will improve performance and often saves power so it is suggested whenever possible to fully pipeline this function.  If this DSP48 function was inferred, it is suggested to describe an additional register stage after this function.  If the DSP48 was instantiated in the design, it is suggested to set the PREG attribute to 1.
Related violations: <none>

DPOP-1#108 Warning
PREG Output pipelining  
DSP u_array/g_pe_row[7].g_pe_pair[2].u_pe/u_dsp48 output u_array/g_pe_row[7].g_pe_pair[2].u_pe/u_dsp48/P[47:0] is not pipelined (PREG=0). Pipelining the DSP48 output will improve performance and often saves power so it is suggested whenever possible to fully pipeline this function.  If this DSP48 function was inferred, it is suggested to describe an additional register stage after this function.  If the DSP48 was instantiated in the design, it is suggested to set the PREG attribute to 1.
Related violations: <none>

DPOP-1#109 Warning
PREG Output pipelining  
DSP u_array/g_pe_row[7].g_pe_pair[3].u_pe/u_dsp48 output u_array/g_pe_row[7].g_pe_pair[3].u_pe/u_dsp48/P[47:0] is not pipelined (PREG=0). Pipelining the DSP48 output will improve performance and often saves power so it is suggested whenever possible to fully pipeline this function.  If this DSP48 function was inferred, it is suggested to describe an additional register stage after this function.  If the DSP48 was instantiated in the design, it is suggested to set the PREG attribute to 1.
Related violations: <none>

DPOP-1#110 Warning
PREG Output pipelining  
DSP u_array/g_pe_row[7].g_pe_pair[4].u_pe/u_dsp48 output u_array/g_pe_row[7].g_pe_pair[4].u_pe/u_dsp48/P[47:0] is not pipelined (PREG=0). Pipelining the DSP48 output will improve performance and often saves power so it is suggested whenever possible to fully pipeline this function.  If this DSP48 function was inferred, it is suggested to describe an additional register stage after this function.  If the DSP48 was instantiated in the design, it is suggested to set the PREG attribute to 1.
Related violations: <none>

DPOP-1#111 Warning
PREG Output pipelining  
DSP u_array/g_pe_row[7].g_pe_pair[5].u_pe/u_dsp48 output u_array/g_pe_row[7].g_pe_pair[5].u_pe/u_dsp48/P[47:0] is not pipelined (PREG=0). Pipelining the DSP48 output will improve performance and often saves power so it is suggested whenever possible to fully pipeline this function.  If this DSP48 function was inferred, it is suggested to describe an additional register stage after this function.  If the DSP48 was instantiated in the design, it is suggested to set the PREG attribute to 1.
Related violations: <none>

DPOP-1#112 Warning
PREG Output pipelining  
DSP u_array/g_pe_row[7].g_pe_pair[6].u_pe/u_dsp48 output u_array/g_pe_row[7].g_pe_pair[6].u_pe/u_dsp48/P[47:0] is not pipelined (PREG=0). Pipelining the DSP48 output will improve performance and often saves power so it is suggested whenever possible to fully pipeline this function.  If this DSP48 function was inferred, it is suggested to describe an additional register stage after this function.  If the DSP48 was instantiated in the design, it is suggested to set the PREG attribute to 1.
Related violations: <none>

DPOP-1#113 Warning
PREG Output pipelining  
DSP u_array/g_pe_row[7].g_pe_pair[7].u_pe/u_dsp48 output u_array/g_pe_row[7].g_pe_pair[7].u_pe/u_dsp48/P[47:0] is not pipelined (PREG=0). Pipelining the DSP48 output will improve performance and often saves power so it is suggested whenever possible to fully pipeline this function.  If this DSP48 function was inferred, it is suggested to describe an additional register stage after this function.  If the DSP48 was instantiated in the design, it is suggested to set the PREG attribute to 1.
Related violations: <none>

DPOP-1#114 Warning
PREG Output pipelining  
DSP u_array/g_pe_row[8].g_pe_pair[0].u_pe/u_dsp48 output u_array/g_pe_row[8].g_pe_pair[0].u_pe/u_dsp48/P[47:0] is not pipelined (PREG=0). Pipelining the DSP48 output will improve performance and often saves power so it is suggested whenever possible to fully pipeline this function.  If this DSP48 function was inferred, it is suggested to describe an additional register stage after this function.  If the DSP48 was instantiated in the design, it is suggested to set the PREG attribute to 1.
Related violations: <none>

DPOP-1#115 Warning
PREG Output pipelining  
DSP u_array/g_pe_row[8].g_pe_pair[1].u_pe/u_dsp48 output u_array/g_pe_row[8].g_pe_pair[1].u_pe/u_dsp48/P[47:0] is not pipelined (PREG=0). Pipelining the DSP48 output will improve performance and often saves power so it is suggested whenever possible to fully pipeline this function.  If this DSP48 function was inferred, it is suggested to describe an additional register stage after this function.  If the DSP48 was instantiated in the design, it is suggested to set the PREG attribute to 1.
Related violations: <none>

DPOP-1#116 Warning
PREG Output pipelining  
DSP u_array/g_pe_row[8].g_pe_pair[2].u_pe/u_dsp48 output u_array/g_pe_row[8].g_pe_pair[2].u_pe/u_dsp48/P[47:0] is not pipelined (PREG=0). Pipelining the DSP48 output will improve performance and often saves power so it is suggested whenever possible to fully pipeline this function.  If this DSP48 function was inferred, it is suggested to describe an additional register stage after this function.  If the DSP48 was instantiated in the design, it is suggested to set the PREG attribute to 1.
Related violations: <none>

DPOP-1#117 Warning
PREG Output pipelining  
DSP u_array/g_pe_row[8].g_pe_pair[3].u_pe/u_dsp48 output u_array/g_pe_row[8].g_pe_pair[3].u_pe/u_dsp48/P[47:0] is not pipelined (PREG=0). Pipelining the DSP48 output will improve performance and often saves power so it is suggested whenever possible to fully pipeline this function.  If this DSP48 function was inferred, it is suggested to describe an additional register stage after this function.  If the DSP48 was instantiated in the design, it is suggested to set the PREG attribute to 1.
Related violations: <none>

DPOP-1#118 Warning
PREG Output pipelining  
DSP u_array/g_pe_row[8].g_pe_pair[4].u_pe/u_dsp48 output u_array/g_pe_row[8].g_pe_pair[4].u_pe/u_dsp48/P[47:0] is not pipelined (PREG=0). Pipelining the DSP48 output will improve performance and often saves power so it is suggested whenever possible to fully pipeline this function.  If this DSP48 function was inferred, it is suggested to describe an additional register stage after this function.  If the DSP48 was instantiated in the design, it is suggested to set the PREG attribute to 1.
Related violations: <none>

DPOP-1#119 Warning
PREG Output pipelining  
DSP u_array/g_pe_row[8].g_pe_pair[5].u_pe/u_dsp48 output u_array/g_pe_row[8].g_pe_pair[5].u_pe/u_dsp48/P[47:0] is not pipelined (PREG=0). Pipelining the DSP48 output will improve performance and often saves power so it is suggested whenever possible to fully pipeline this function.  If this DSP48 function was inferred, it is suggested to describe an additional register stage after this function.  If the DSP48 was instantiated in the design, it is suggested to set the PREG attribute to 1.
Related violations: <none>

DPOP-1#120 Warning
PREG Output pipelining  
DSP u_array/g_pe_row[8].g_pe_pair[6].u_pe/u_dsp48 output u_array/g_pe_row[8].g_pe_pair[6].u_pe/u_dsp48/P[47:0] is not pipelined (PREG=0). Pipelining the DSP48 output will improve performance and often saves power so it is suggested whenever possible to fully pipeline this function.  If this DSP48 function was inferred, it is suggested to describe an additional register stage after this function.  If the DSP48 was instantiated in the design, it is suggested to set the PREG attribute to 1.
Related violations: <none>

DPOP-1#121 Warning
PREG Output pipelining  
DSP u_array/g_pe_row[8].g_pe_pair[7].u_pe/u_dsp48 output u_array/g_pe_row[8].g_pe_pair[7].u_pe/u_dsp48/P[47:0] is not pipelined (PREG=0). Pipelining the DSP48 output will improve performance and often saves power so it is suggested whenever possible to fully pipeline this function.  If this DSP48 function was inferred, it is suggested to describe an additional register stage after this function.  If the DSP48 was instantiated in the design, it is suggested to set the PREG attribute to 1.
Related violations: <none>

DPOP-1#122 Warning
PREG Output pipelining  
DSP u_array/g_pe_row[9].g_pe_pair[0].u_pe/u_dsp48 output u_array/g_pe_row[9].g_pe_pair[0].u_pe/u_dsp48/P[47:0] is not pipelined (PREG=0). Pipelining the DSP48 output will improve performance and often saves power so it is suggested whenever possible to fully pipeline this function.  If this DSP48 function was inferred, it is suggested to describe an additional register stage after this function.  If the DSP48 was instantiated in the design, it is suggested to set the PREG attribute to 1.
Related violations: <none>

DPOP-1#123 Warning
PREG Output pipelining  
DSP u_array/g_pe_row[9].g_pe_pair[1].u_pe/u_dsp48 output u_array/g_pe_row[9].g_pe_pair[1].u_pe/u_dsp48/P[47:0] is not pipelined (PREG=0). Pipelining the DSP48 output will improve performance and often saves power so it is suggested whenever possible to fully pipeline this function.  If this DSP48 function was inferred, it is suggested to describe an additional register stage after this function.  If the DSP48 was instantiated in the design, it is suggested to set the PREG attribute to 1.
Related violations: <none>

DPOP-1#124 Warning
PREG Output pipelining  
DSP u_array/g_pe_row[9].g_pe_pair[2].u_pe/u_dsp48 output u_array/g_pe_row[9].g_pe_pair[2].u_pe/u_dsp48/P[47:0] is not pipelined (PREG=0). Pipelining the DSP48 output will improve performance and often saves power so it is suggested whenever possible to fully pipeline this function.  If this DSP48 function was inferred, it is suggested to describe an additional register stage after this function.  If the DSP48 was instantiated in the design, it is suggested to set the PREG attribute to 1.
Related violations: <none>

DPOP-1#125 Warning
PREG Output pipelining  
DSP u_array/g_pe_row[9].g_pe_pair[3].u_pe/u_dsp48 output u_array/g_pe_row[9].g_pe_pair[3].u_pe/u_dsp48/P[47:0] is not pipelined (PREG=0). Pipelining the DSP48 output will improve performance and often saves power so it is suggested whenever possible to fully pipeline this function.  If this DSP48 function was inferred, it is suggested to describe an additional register stage after this function.  If the DSP48 was instantiated in the design, it is suggested to set the PREG attribute to 1.
Related violations: <none>

DPOP-1#126 Warning
PREG Output pipelining  
DSP u_array/g_pe_row[9].g_pe_pair[4].u_pe/u_dsp48 output u_array/g_pe_row[9].g_pe_pair[4].u_pe/u_dsp48/P[47:0] is not pipelined (PREG=0). Pipelining the DSP48 output will improve performance and often saves power so it is suggested whenever possible to fully pipeline this function.  If this DSP48 function was inferred, it is suggested to describe an additional register stage after this function.  If the DSP48 was instantiated in the design, it is suggested to set the PREG attribute to 1.
Related violations: <none>

DPOP-1#127 Warning
PREG Output pipelining  
DSP u_array/g_pe_row[9].g_pe_pair[5].u_pe/u_dsp48 output u_array/g_pe_row[9].g_pe_pair[5].u_pe/u_dsp48/P[47:0] is not pipelined (PREG=0). Pipelining the DSP48 output will improve performance and often saves power so it is suggested whenever possible to fully pipeline this function.  If this DSP48 function was inferred, it is suggested to describe an additional register stage after this function.  If the DSP48 was instantiated in the design, it is suggested to set the PREG attribute to 1.
Related violations: <none>

DPOP-1#128 Warning
PREG Output pipelining  
DSP u_array/g_pe_row[9].g_pe_pair[6].u_pe/u_dsp48 output u_array/g_pe_row[9].g_pe_pair[6].u_pe/u_dsp48/P[47:0] is not pipelined (PREG=0). Pipelining the DSP48 output will improve performance and often saves power so it is suggested whenever possible to fully pipeline this function.  If this DSP48 function was inferred, it is suggested to describe an additional register stage after this function.  If the DSP48 was instantiated in the design, it is suggested to set the PREG attribute to 1.
Related violations: <none>

DPOP-1#129 Warning
PREG Output pipelining  
DSP u_array/g_pe_row[9].g_pe_pair[7].u_pe/u_dsp48 output u_array/g_pe_row[9].g_pe_pair[7].u_pe/u_dsp48/P[47:0] is not pipelined (PREG=0). Pipelining the DSP48 output will improve performance and often saves power so it is suggested whenever possible to fully pipeline this function.  If this DSP48 function was inferred, it is suggested to describe an additional register stage after this function.  If the DSP48 was instantiated in the design, it is suggested to set the PREG attribute to 1.
Related violations: <none>

DPOP-1#130 Warning
PREG Output pipelining  
DSP u_array/row_addr_d0_w output u_array/row_addr_d0_w/P[47:0] is not pipelined (PREG=0). Pipelining the DSP48 output will improve performance and often saves power so it is suggested whenever possible to fully pipeline this function.  If this DSP48 function was inferred, it is suggested to describe an additional register stage after this function.  If the DSP48 was instantiated in the design, it is suggested to set the PREG attribute to 1.
Related violations: <none>

DPOP-1#131 Warning
PREG Output pipelining  
DSP u_array/u_addrgen/in_b2 output u_array/u_addrgen/in_b2/P[47:0] is not pipelined (PREG=0). Pipelining the DSP48 output will improve performance and often saves power so it is suggested whenever possible to fully pipeline this function.  If this DSP48 function was inferred, it is suggested to describe an additional register stage after this function.  If the DSP48 was instantiated in the design, it is suggested to set the PREG attribute to 1.
Related violations: <none>

DPOP-1#132 Warning
PREG Output pipelining  
DSP u_array/u_addrgen/in_b3 output u_array/u_addrgen/in_b3/P[47:0] is not pipelined (PREG=0). Pipelining the DSP48 output will improve performance and often saves power so it is suggested whenever possible to fully pipeline this function.  If this DSP48 function was inferred, it is suggested to describe an additional register stage after this function.  If the DSP48 was instantiated in the design, it is suggested to set the PREG attribute to 1.
Related violations: <none>

DPOP-1#133 Warning
PREG Output pipelining  
DSP u_array/u_addrgen/plane_sz output u_array/u_addrgen/plane_sz/P[47:0] is not pipelined (PREG=0). Pipelining the DSP48 output will improve performance and often saves power so it is suggested whenever possible to fully pipeline this function.  If this DSP48 function was inferred, it is suggested to describe an additional register stage after this function.  If the DSP48 was instantiated in the design, it is suggested to set the PREG attribute to 1.
Related violations: <none>

DPOP-1#134 Warning
PREG Output pipelining  
DSP u_array/u_addrgen/x_addr_w output u_array/u_addrgen/x_addr_w/P[47:0] is not pipelined (PREG=0). Pipelining the DSP48 output will improve performance and often saves power so it is suggested whenever possible to fully pipeline this function.  If this DSP48 function was inferred, it is suggested to describe an additional register stage after this function.  If the DSP48 was instantiated in the design, it is suggested to set the PREG attribute to 1.
Related violations: <none>

DPOP-1#135 Warning
PREG Output pipelining  
DSP u_array/u_addrgen/x_addr_w1__0 output u_array/u_addrgen/x_addr_w1__0/P[47:0] is not pipelined (PREG=0). Pipelining the DSP48 output will improve performance and often saves power so it is suggested whenever possible to fully pipeline this function.  If this DSP48 function was inferred, it is suggested to describe an additional register stage after this function.  If the DSP48 was instantiated in the design, it is suggested to set the PREG attribute to 1.
Related violations: <none>

DPOP-1#136 Warning
PREG Output pipelining  
DSP u_array/u_addrgen/x_addr_w1__1 output u_array/u_addrgen/x_addr_w1__1/P[47:0] is not pipelined (PREG=0). Pipelining the DSP48 output will improve performance and often saves power so it is suggested whenever possible to fully pipeline this function.  If this DSP48 function was inferred, it is suggested to describe an additional register stage after this function.  If the DSP48 was instantiated in the design, it is suggested to set the PREG attribute to 1.
Related violations: <none>

DPOP-1#137 Warning
PREG Output pipelining  
DSP u_array/u_ctrl/rq_last_w0 output u_array/u_ctrl/rq_last_w0/P[47:0] is not pipelined (PREG=0). Pipelining the DSP48 output will improve performance and often saves power so it is suggested whenever possible to fully pipeline this function.  If this DSP48 function was inferred, it is suggested to describe an additional register stage after this function.  If the DSP48 was instantiated in the design, it is suggested to set the PREG attribute to 1.
Related violations: <none>

DPOP-1#138 Warning
PREG Output pipelining  
DSP u_array/u_requant/prod output u_array/u_requant/prod/P[47:0] is not pipelined (PREG=0). Pipelining the DSP48 output will improve performance and often saves power so it is suggested whenever possible to fully pipeline this function.  If this DSP48 function was inferred, it is suggested to describe an additional register stage after this function.  If the DSP48 was instantiated in the design, it is suggested to set the PREG attribute to 1.
Related violations: <none>

DPOP-1#139 Warning
PREG Output pipelining  
DSP u_array/u_requant/prod__0 output u_array/u_requant/prod__0/P[47:0] is not pipelined (PREG=0). Pipelining the DSP48 output will improve performance and often saves power so it is suggested whenever possible to fully pipeline this function.  If this DSP48 function was inferred, it is suggested to describe an additional register stage after this function.  If the DSP48 was instantiated in the design, it is suggested to set the PREG attribute to 1.
Related violations: <none>

DPOP-1#140 Warning
PREG Output pipelining  
DSP u_array/u_requant/prod__1 output u_array/u_requant/prod__1/P[47:0] is not pipelined (PREG=0). Pipelining the DSP48 output will improve performance and often saves power so it is suggested whenever possible to fully pipeline this function.  If this DSP48 function was inferred, it is suggested to describe an additional register stage after this function.  If the DSP48 was instantiated in the design, it is suggested to set the PREG attribute to 1.
Related violations: <none>

DPOP-1#141 Warning
PREG Output pipelining  
DSP u_array/u_requant/prod__2 output u_array/u_requant/prod__2/P[47:0] is not pipelined (PREG=0). Pipelining the DSP48 output will improve performance and often saves power so it is suggested whenever possible to fully pipeline this function.  If this DSP48 function was inferred, it is suggested to describe an additional register stage after this function.  If the DSP48 was instantiated in the design, it is suggested to set the PREG attribute to 1.
Related violations: <none>

DPOP-2#1 Warning
MREG Output pipelining  
DSP u_array/ctrl_rq_last_w1 multiplier stage u_array/ctrl_rq_last_w1/P[47:0] is not pipelined (MREG=0). Pipelining the multiplier function will improve performance and will save significant power so it is suggested whenever possible to fully pipeline this function.  If this multiplier was inferred, it is suggested to describe an additional register stage after this function.  If there is no registered adder/accumulator following the multiply function, two pipeline stages are suggested to allow both the MREG and PREG registers to be used.  If the DSP48 was instantiated in the design, it is suggested to set both the MREG and PREG attributes to 1 when performing multiply functions.
Related violations: <none>

DPOP-2#2 Warning
MREG Output pipelining  
DSP u_array/g_pe_row[0].g_pe_pair[0].u_pe/u_dsp48 multiplier stage u_array/g_pe_row[0].g_pe_pair[0].u_pe/u_dsp48/P[47:0] is not pipelined (MREG=0). Pipelining the multiplier function will improve performance and will save significant power so it is suggested whenever possible to fully pipeline this function.  If this multiplier was inferred, it is suggested to describe an additional register stage after this function.  If there is no registered adder/accumulator following the multiply function, two pipeline stages are suggested to allow both the MREG and PREG registers to be used.  If the DSP48 was instantiated in the design, it is suggested to set both the MREG and PREG attributes to 1 when performing multiply functions.
Related violations: <none>

DPOP-2#3 Warning
MREG Output pipelining  
DSP u_array/g_pe_row[0].g_pe_pair[1].u_pe/u_dsp48 multiplier stage u_array/g_pe_row[0].g_pe_pair[1].u_pe/u_dsp48/P[47:0] is not pipelined (MREG=0). Pipelining the multiplier function will improve performance and will save significant power so it is suggested whenever possible to fully pipeline this function.  If this multiplier was inferred, it is suggested to describe an additional register stage after this function.  If there is no registered adder/accumulator following the multiply function, two pipeline stages are suggested to allow both the MREG and PREG registers to be used.  If the DSP48 was instantiated in the design, it is suggested to set both the MREG and PREG attributes to 1 when performing multiply functions.
Related violations: <none>

DPOP-2#4 Warning
MREG Output pipelining  
DSP u_array/g_pe_row[0].g_pe_pair[2].u_pe/u_dsp48 multiplier stage u_array/g_pe_row[0].g_pe_pair[2].u_pe/u_dsp48/P[47:0] is not pipelined (MREG=0). Pipelining the multiplier function will improve performance and will save significant power so it is suggested whenever possible to fully pipeline this function.  If this multiplier was inferred, it is suggested to describe an additional register stage after this function.  If there is no registered adder/accumulator following the multiply function, two pipeline stages are suggested to allow both the MREG and PREG registers to be used.  If the DSP48 was instantiated in the design, it is suggested to set both the MREG and PREG attributes to 1 when performing multiply functions.
Related violations: <none>

DPOP-2#5 Warning
MREG Output pipelining  
DSP u_array/g_pe_row[0].g_pe_pair[3].u_pe/u_dsp48 multiplier stage u_array/g_pe_row[0].g_pe_pair[3].u_pe/u_dsp48/P[47:0] is not pipelined (MREG=0). Pipelining the multiplier function will improve performance and will save significant power so it is suggested whenever possible to fully pipeline this function.  If this multiplier was inferred, it is suggested to describe an additional register stage after this function.  If there is no registered adder/accumulator following the multiply function, two pipeline stages are suggested to allow both the MREG and PREG registers to be used.  If the DSP48 was instantiated in the design, it is suggested to set both the MREG and PREG attributes to 1 when performing multiply functions.
Related violations: <none>

DPOP-2#6 Warning
MREG Output pipelining  
DSP u_array/g_pe_row[0].g_pe_pair[4].u_pe/u_dsp48 multiplier stage u_array/g_pe_row[0].g_pe_pair[4].u_pe/u_dsp48/P[47:0] is not pipelined (MREG=0). Pipelining the multiplier function will improve performance and will save significant power so it is suggested whenever possible to fully pipeline this function.  If this multiplier was inferred, it is suggested to describe an additional register stage after this function.  If there is no registered adder/accumulator following the multiply function, two pipeline stages are suggested to allow both the MREG and PREG registers to be used.  If the DSP48 was instantiated in the design, it is suggested to set both the MREG and PREG attributes to 1 when performing multiply functions.
Related violations: <none>

DPOP-2#7 Warning
MREG Output pipelining  
DSP u_array/g_pe_row[0].g_pe_pair[5].u_pe/u_dsp48 multiplier stage u_array/g_pe_row[0].g_pe_pair[5].u_pe/u_dsp48/P[47:0] is not pipelined (MREG=0). Pipelining the multiplier function will improve performance and will save significant power so it is suggested whenever possible to fully pipeline this function.  If this multiplier was inferred, it is suggested to describe an additional register stage after this function.  If there is no registered adder/accumulator following the multiply function, two pipeline stages are suggested to allow both the MREG and PREG registers to be used.  If the DSP48 was instantiated in the design, it is suggested to set both the MREG and PREG attributes to 1 when performing multiply functions.
Related violations: <none>

DPOP-2#8 Warning
MREG Output pipelining  
DSP u_array/g_pe_row[0].g_pe_pair[6].u_pe/u_dsp48 multiplier stage u_array/g_pe_row[0].g_pe_pair[6].u_pe/u_dsp48/P[47:0] is not pipelined (MREG=0). Pipelining the multiplier function will improve performance and will save significant power so it is suggested whenever possible to fully pipeline this function.  If this multiplier was inferred, it is suggested to describe an additional register stage after this function.  If there is no registered adder/accumulator following the multiply function, two pipeline stages are suggested to allow both the MREG and PREG registers to be used.  If the DSP48 was instantiated in the design, it is suggested to set both the MREG and PREG attributes to 1 when performing multiply functions.
Related violations: <none>

DPOP-2#9 Warning
MREG Output pipelining  
DSP u_array/g_pe_row[0].g_pe_pair[7].u_pe/u_dsp48 multiplier stage u_array/g_pe_row[0].g_pe_pair[7].u_pe/u_dsp48/P[47:0] is not pipelined (MREG=0). Pipelining the multiplier function will improve performance and will save significant power so it is suggested whenever possible to fully pipeline this function.  If this multiplier was inferred, it is suggested to describe an additional register stage after this function.  If there is no registered adder/accumulator following the multiply function, two pipeline stages are suggested to allow both the MREG and PREG registers to be used.  If the DSP48 was instantiated in the design, it is suggested to set both the MREG and PREG attributes to 1 when performing multiply functions.
Related violations: <none>

DPOP-2#10 Warning
MREG Output pipelining  
DSP u_array/g_pe_row[10].g_pe_pair[0].u_pe/u_dsp48 multiplier stage u_array/g_pe_row[10].g_pe_pair[0].u_pe/u_dsp48/P[47:0] is not pipelined (MREG=0). Pipelining the multiplier function will improve performance and will save significant power so it is suggested whenever possible to fully pipeline this function.  If this multiplier was inferred, it is suggested to describe an additional register stage after this function.  If there is no registered adder/accumulator following the multiply function, two pipeline stages are suggested to allow both the MREG and PREG registers to be used.  If the DSP48 was instantiated in the design, it is suggested to set both the MREG and PREG attributes to 1 when performing multiply functions.
Related violations: <none>

DPOP-2#11 Warning
MREG Output pipelining  
DSP u_array/g_pe_row[10].g_pe_pair[1].u_pe/u_dsp48 multiplier stage u_array/g_pe_row[10].g_pe_pair[1].u_pe/u_dsp48/P[47:0] is not pipelined (MREG=0). Pipelining the multiplier function will improve performance and will save significant power so it is suggested whenever possible to fully pipeline this function.  If this multiplier was inferred, it is suggested to describe an additional register stage after this function.  If there is no registered adder/accumulator following the multiply function, two pipeline stages are suggested to allow both the MREG and PREG registers to be used.  If the DSP48 was instantiated in the design, it is suggested to set both the MREG and PREG attributes to 1 when performing multiply functions.
Related violations: <none>

DPOP-2#12 Warning
MREG Output pipelining  
DSP u_array/g_pe_row[10].g_pe_pair[2].u_pe/u_dsp48 multiplier stage u_array/g_pe_row[10].g_pe_pair[2].u_pe/u_dsp48/P[47:0] is not pipelined (MREG=0). Pipelining the multiplier function will improve performance and will save significant power so it is suggested whenever possible to fully pipeline this function.  If this multiplier was inferred, it is suggested to describe an additional register stage after this function.  If there is no registered adder/accumulator following the multiply function, two pipeline stages are suggested to allow both the MREG and PREG registers to be used.  If the DSP48 was instantiated in the design, it is suggested to set both the MREG and PREG attributes to 1 when performing multiply functions.
Related violations: <none>

DPOP-2#13 Warning
MREG Output pipelining  
DSP u_array/g_pe_row[10].g_pe_pair[3].u_pe/u_dsp48 multiplier stage u_array/g_pe_row[10].g_pe_pair[3].u_pe/u_dsp48/P[47:0] is not pipelined (MREG=0). Pipelining the multiplier function will improve performance and will save significant power so it is suggested whenever possible to fully pipeline this function.  If this multiplier was inferred, it is suggested to describe an additional register stage after this function.  If there is no registered adder/accumulator following the multiply function, two pipeline stages are suggested to allow both the MREG and PREG registers to be used.  If the DSP48 was instantiated in the design, it is suggested to set both the MREG and PREG attributes to 1 when performing multiply functions.
Related violations: <none>

DPOP-2#14 Warning
MREG Output pipelining  
DSP u_array/g_pe_row[10].g_pe_pair[4].u_pe/u_dsp48 multiplier stage u_array/g_pe_row[10].g_pe_pair[4].u_pe/u_dsp48/P[47:0] is not pipelined (MREG=0). Pipelining the multiplier function will improve performance and will save significant power so it is suggested whenever possible to fully pipeline this function.  If this multiplier was inferred, it is suggested to describe an additional register stage after this function.  If there is no registered adder/accumulator following the multiply function, two pipeline stages are suggested to allow both the MREG and PREG registers to be used.  If the DSP48 was instantiated in the design, it is suggested to set both the MREG and PREG attributes to 1 when performing multiply functions.
Related violations: <none>

DPOP-2#15 Warning
MREG Output pipelining  
DSP u_array/g_pe_row[10].g_pe_pair[5].u_pe/u_dsp48 multiplier stage u_array/g_pe_row[10].g_pe_pair[5].u_pe/u_dsp48/P[47:0] is not pipelined (MREG=0). Pipelining the multiplier function will improve performance and will save significant power so it is suggested whenever possible to fully pipeline this function.  If this multiplier was inferred, it is suggested to describe an additional register stage after this function.  If there is no registered adder/accumulator following the multiply function, two pipeline stages are suggested to allow both the MREG and PREG registers to be used.  If the DSP48 was instantiated in the design, it is suggested to set both the MREG and PREG attributes to 1 when performing multiply functions.
Related violations: <none>

DPOP-2#16 Warning
MREG Output pipelining  
DSP u_array/g_pe_row[10].g_pe_pair[6].u_pe/u_dsp48 multiplier stage u_array/g_pe_row[10].g_pe_pair[6].u_pe/u_dsp48/P[47:0] is not pipelined (MREG=0). Pipelining the multiplier function will improve performance and will save significant power so it is suggested whenever possible to fully pipeline this function.  If this multiplier was inferred, it is suggested to describe an additional register stage after this function.  If there is no registered adder/accumulator following the multiply function, two pipeline stages are suggested to allow both the MREG and PREG registers to be used.  If the DSP48 was instantiated in the design, it is suggested to set both the MREG and PREG attributes to 1 when performing multiply functions.
Related violations: <none>

DPOP-2#17 Warning
MREG Output pipelining  
DSP u_array/g_pe_row[10].g_pe_pair[7].u_pe/u_dsp48 multiplier stage u_array/g_pe_row[10].g_pe_pair[7].u_pe/u_dsp48/P[47:0] is not pipelined (MREG=0). Pipelining the multiplier function will improve performance and will save significant power so it is suggested whenever possible to fully pipeline this function.  If this multiplier was inferred, it is suggested to describe an additional register stage after this function.  If there is no registered adder/accumulator following the multiply function, two pipeline stages are suggested to allow both the MREG and PREG registers to be used.  If the DSP48 was instantiated in the design, it is suggested to set both the MREG and PREG attributes to 1 when performing multiply functions.
Related violations: <none>

DPOP-2#18 Warning
MREG Output pipelining  
DSP u_array/g_pe_row[11].g_pe_pair[0].u_pe/u_dsp48 multiplier stage u_array/g_pe_row[11].g_pe_pair[0].u_pe/u_dsp48/P[47:0] is not pipelined (MREG=0). Pipelining the multiplier function will improve performance and will save significant power so it is suggested whenever possible to fully pipeline this function.  If this multiplier was inferred, it is suggested to describe an additional register stage after this function.  If there is no registered adder/accumulator following the multiply function, two pipeline stages are suggested to allow both the MREG and PREG registers to be used.  If the DSP48 was instantiated in the design, it is suggested to set both the MREG and PREG attributes to 1 when performing multiply functions.
Related violations: <none>

DPOP-2#19 Warning
MREG Output pipelining  
DSP u_array/g_pe_row[11].g_pe_pair[1].u_pe/u_dsp48 multiplier stage u_array/g_pe_row[11].g_pe_pair[1].u_pe/u_dsp48/P[47:0] is not pipelined (MREG=0). Pipelining the multiplier function will improve performance and will save significant power so it is suggested whenever possible to fully pipeline this function.  If this multiplier was inferred, it is suggested to describe an additional register stage after this function.  If there is no registered adder/accumulator following the multiply function, two pipeline stages are suggested to allow both the MREG and PREG registers to be used.  If the DSP48 was instantiated in the design, it is suggested to set both the MREG and PREG attributes to 1 when performing multiply functions.
Related violations: <none>

DPOP-2#20 Warning
MREG Output pipelining  
DSP u_array/g_pe_row[11].g_pe_pair[2].u_pe/u_dsp48 multiplier stage u_array/g_pe_row[11].g_pe_pair[2].u_pe/u_dsp48/P[47:0] is not pipelined (MREG=0). Pipelining the multiplier function will improve performance and will save significant power so it is suggested whenever possible to fully pipeline this function.  If this multiplier was inferred, it is suggested to describe an additional register stage after this function.  If there is no registered adder/accumulator following the multiply function, two pipeline stages are suggested to allow both the MREG and PREG registers to be used.  If the DSP48 was instantiated in the design, it is suggested to set both the MREG and PREG attributes to 1 when performing multiply functions.
Related violations: <none>

DPOP-2#21 Warning
MREG Output pipelining  
DSP u_array/g_pe_row[11].g_pe_pair[3].u_pe/u_dsp48 multiplier stage u_array/g_pe_row[11].g_pe_pair[3].u_pe/u_dsp48/P[47:0] is not pipelined (MREG=0). Pipelining the multiplier function will improve performance and will save significant power so it is suggested whenever possible to fully pipeline this function.  If this multiplier was inferred, it is suggested to describe an additional register stage after this function.  If there is no registered adder/accumulator following the multiply function, two pipeline stages are suggested to allow both the MREG and PREG registers to be used.  If the DSP48 was instantiated in the design, it is suggested to set both the MREG and PREG attributes to 1 when performing multiply functions.
Related violations: <none>

DPOP-2#22 Warning
MREG Output pipelining  
DSP u_array/g_pe_row[11].g_pe_pair[4].u_pe/u_dsp48 multiplier stage u_array/g_pe_row[11].g_pe_pair[4].u_pe/u_dsp48/P[47:0] is not pipelined (MREG=0). Pipelining the multiplier function will improve performance and will save significant power so it is suggested whenever possible to fully pipeline this function.  If this multiplier was inferred, it is suggested to describe an additional register stage after this function.  If there is no registered adder/accumulator following the multiply function, two pipeline stages are suggested to allow both the MREG and PREG registers to be used.  If the DSP48 was instantiated in the design, it is suggested to set both the MREG and PREG attributes to 1 when performing multiply functions.
Related violations: <none>

DPOP-2#23 Warning
MREG Output pipelining  
DSP u_array/g_pe_row[11].g_pe_pair[5].u_pe/u_dsp48 multiplier stage u_array/g_pe_row[11].g_pe_pair[5].u_pe/u_dsp48/P[47:0] is not pipelined (MREG=0). Pipelining the multiplier function will improve performance and will save significant power so it is suggested whenever possible to fully pipeline this function.  If this multiplier was inferred, it is suggested to describe an additional register stage after this function.  If there is no registered adder/accumulator following the multiply function, two pipeline stages are suggested to allow both the MREG and PREG registers to be used.  If the DSP48 was instantiated in the design, it is suggested to set both the MREG and PREG attributes to 1 when performing multiply functions.
Related violations: <none>

DPOP-2#24 Warning
MREG Output pipelining  
DSP u_array/g_pe_row[11].g_pe_pair[6].u_pe/u_dsp48 multiplier stage u_array/g_pe_row[11].g_pe_pair[6].u_pe/u_dsp48/P[47:0] is not pipelined (MREG=0). Pipelining the multiplier function will improve performance and will save significant power so it is suggested whenever possible to fully pipeline this function.  If this multiplier was inferred, it is suggested to describe an additional register stage after this function.  If there is no registered adder/accumulator following the multiply function, two pipeline stages are suggested to allow both the MREG and PREG registers to be used.  If the DSP48 was instantiated in the design, it is suggested to set both the MREG and PREG attributes to 1 when performing multiply functions.
Related violations: <none>

DPOP-2#25 Warning
MREG Output pipelining  
DSP u_array/g_pe_row[11].g_pe_pair[7].u_pe/u_dsp48 multiplier stage u_array/g_pe_row[11].g_pe_pair[7].u_pe/u_dsp48/P[47:0] is not pipelined (MREG=0). Pipelining the multiplier function will improve performance and will save significant power so it is suggested whenever possible to fully pipeline this function.  If this multiplier was inferred, it is suggested to describe an additional register stage after this function.  If there is no registered adder/accumulator following the multiply function, two pipeline stages are suggested to allow both the MREG and PREG registers to be used.  If the DSP48 was instantiated in the design, it is suggested to set both the MREG and PREG attributes to 1 when performing multiply functions.
Related violations: <none>

DPOP-2#26 Warning
MREG Output pipelining  
DSP u_array/g_pe_row[12].g_pe_pair[0].u_pe/u_dsp48 multiplier stage u_array/g_pe_row[12].g_pe_pair[0].u_pe/u_dsp48/P[47:0] is not pipelined (MREG=0). Pipelining the multiplier function will improve performance and will save significant power so it is suggested whenever possible to fully pipeline this function.  If this multiplier was inferred, it is suggested to describe an additional register stage after this function.  If there is no registered adder/accumulator following the multiply function, two pipeline stages are suggested to allow both the MREG and PREG registers to be used.  If the DSP48 was instantiated in the design, it is suggested to set both the MREG and PREG attributes to 1 when performing multiply functions.
Related violations: <none>

DPOP-2#27 Warning
MREG Output pipelining  
DSP u_array/g_pe_row[12].g_pe_pair[1].u_pe/u_dsp48 multiplier stage u_array/g_pe_row[12].g_pe_pair[1].u_pe/u_dsp48/P[47:0] is not pipelined (MREG=0). Pipelining the multiplier function will improve performance and will save significant power so it is suggested whenever possible to fully pipeline this function.  If this multiplier was inferred, it is suggested to describe an additional register stage after this function.  If there is no registered adder/accumulator following the multiply function, two pipeline stages are suggested to allow both the MREG and PREG registers to be used.  If the DSP48 was instantiated in the design, it is suggested to set both the MREG and PREG attributes to 1 when performing multiply functions.
Related violations: <none>

DPOP-2#28 Warning
MREG Output pipelining  
DSP u_array/g_pe_row[12].g_pe_pair[2].u_pe/u_dsp48 multiplier stage u_array/g_pe_row[12].g_pe_pair[2].u_pe/u_dsp48/P[47:0] is not pipelined (MREG=0). Pipelining the multiplier function will improve performance and will save significant power so it is suggested whenever possible to fully pipeline this function.  If this multiplier was inferred, it is suggested to describe an additional register stage after this function.  If there is no registered adder/accumulator following the multiply function, two pipeline stages are suggested to allow both the MREG and PREG registers to be used.  If the DSP48 was instantiated in the design, it is suggested to set both the MREG and PREG attributes to 1 when performing multiply functions.
Related violations: <none>

DPOP-2#29 Warning
MREG Output pipelining  
DSP u_array/g_pe_row[12].g_pe_pair[3].u_pe/u_dsp48 multiplier stage u_array/g_pe_row[12].g_pe_pair[3].u_pe/u_dsp48/P[47:0] is not pipelined (MREG=0). Pipelining the multiplier function will improve performance and will save significant power so it is suggested whenever possible to fully pipeline this function.  If this multiplier was inferred, it is suggested to describe an additional register stage after this function.  If there is no registered adder/accumulator following the multiply function, two pipeline stages are suggested to allow both the MREG and PREG registers to be used.  If the DSP48 was instantiated in the design, it is suggested to set both the MREG and PREG attributes to 1 when performing multiply functions.
Related violations: <none>

DPOP-2#30 Warning
MREG Output pipelining  
DSP u_array/g_pe_row[12].g_pe_pair[4].u_pe/u_dsp48 multiplier stage u_array/g_pe_row[12].g_pe_pair[4].u_pe/u_dsp48/P[47:0] is not pipelined (MREG=0). Pipelining the multiplier function will improve performance and will save significant power so it is suggested whenever possible to fully pipeline this function.  If this multiplier was inferred, it is suggested to describe an additional register stage after this function.  If there is no registered adder/accumulator following the multiply function, two pipeline stages are suggested to allow both the MREG and PREG registers to be used.  If the DSP48 was instantiated in the design, it is suggested to set both the MREG and PREG attributes to 1 when performing multiply functions.
Related violations: <none>

DPOP-2#31 Warning
MREG Output pipelining  
DSP u_array/g_pe_row[12].g_pe_pair[5].u_pe/u_dsp48 multiplier stage u_array/g_pe_row[12].g_pe_pair[5].u_pe/u_dsp48/P[47:0] is not pipelined (MREG=0). Pipelining the multiplier function will improve performance and will save significant power so it is suggested whenever possible to fully pipeline this function.  If this multiplier was inferred, it is suggested to describe an additional register stage after this function.  If there is no registered adder/accumulator following the multiply function, two pipeline stages are suggested to allow both the MREG and PREG registers to be used.  If the DSP48 was instantiated in the design, it is suggested to set both the MREG and PREG attributes to 1 when performing multiply functions.
Related violations: <none>

DPOP-2#32 Warning
MREG Output pipelining  
DSP u_array/g_pe_row[12].g_pe_pair[6].u_pe/u_dsp48 multiplier stage u_array/g_pe_row[12].g_pe_pair[6].u_pe/u_dsp48/P[47:0] is not pipelined (MREG=0). Pipelining the multiplier function will improve performance and will save significant power so it is suggested whenever possible to fully pipeline this function.  If this multiplier was inferred, it is suggested to describe an additional register stage after this function.  If there is no registered adder/accumulator following the multiply function, two pipeline stages are suggested to allow both the MREG and PREG registers to be used.  If the DSP48 was instantiated in the design, it is suggested to set both the MREG and PREG attributes to 1 when performing multiply functions.
Related violations: <none>

DPOP-2#33 Warning
MREG Output pipelining  
DSP u_array/g_pe_row[12].g_pe_pair[7].u_pe/u_dsp48 multiplier stage u_array/g_pe_row[12].g_pe_pair[7].u_pe/u_dsp48/P[47:0] is not pipelined (MREG=0). Pipelining the multiplier function will improve performance and will save significant power so it is suggested whenever possible to fully pipeline this function.  If this multiplier was inferred, it is suggested to describe an additional register stage after this function.  If there is no registered adder/accumulator following the multiply function, two pipeline stages are suggested to allow both the MREG and PREG registers to be used.  If the DSP48 was instantiated in the design, it is suggested to set both the MREG and PREG attributes to 1 when performing multiply functions.
Related violations: <none>

DPOP-2#34 Warning
MREG Output pipelining  
DSP u_array/g_pe_row[13].g_pe_pair[0].u_pe/u_dsp48 multiplier stage u_array/g_pe_row[13].g_pe_pair[0].u_pe/u_dsp48/P[47:0] is not pipelined (MREG=0). Pipelining the multiplier function will improve performance and will save significant power so it is suggested whenever possible to fully pipeline this function.  If this multiplier was inferred, it is suggested to describe an additional register stage after this function.  If there is no registered adder/accumulator following the multiply function, two pipeline stages are suggested to allow both the MREG and PREG registers to be used.  If the DSP48 was instantiated in the design, it is suggested to set both the MREG and PREG attributes to 1 when performing multiply functions.
Related violations: <none>

DPOP-2#35 Warning
MREG Output pipelining  
DSP u_array/g_pe_row[13].g_pe_pair[1].u_pe/u_dsp48 multiplier stage u_array/g_pe_row[13].g_pe_pair[1].u_pe/u_dsp48/P[47:0] is not pipelined (MREG=0). Pipelining the multiplier function will improve performance and will save significant power so it is suggested whenever possible to fully pipeline this function.  If this multiplier was inferred, it is suggested to describe an additional register stage after this function.  If there is no registered adder/accumulator following the multiply function, two pipeline stages are suggested to allow both the MREG and PREG registers to be used.  If the DSP48 was instantiated in the design, it is suggested to set both the MREG and PREG attributes to 1 when performing multiply functions.
Related violations: <none>

DPOP-2#36 Warning
MREG Output pipelining  
DSP u_array/g_pe_row[13].g_pe_pair[2].u_pe/u_dsp48 multiplier stage u_array/g_pe_row[13].g_pe_pair[2].u_pe/u_dsp48/P[47:0] is not pipelined (MREG=0). Pipelining the multiplier function will improve performance and will save significant power so it is suggested whenever possible to fully pipeline this function.  If this multiplier was inferred, it is suggested to describe an additional register stage after this function.  If there is no registered adder/accumulator following the multiply function, two pipeline stages are suggested to allow both the MREG and PREG registers to be used.  If the DSP48 was instantiated in the design, it is suggested to set both the MREG and PREG attributes to 1 when performing multiply functions.
Related violations: <none>

DPOP-2#37 Warning
MREG Output pipelining  
DSP u_array/g_pe_row[13].g_pe_pair[3].u_pe/u_dsp48 multiplier stage u_array/g_pe_row[13].g_pe_pair[3].u_pe/u_dsp48/P[47:0] is not pipelined (MREG=0). Pipelining the multiplier function will improve performance and will save significant power so it is suggested whenever possible to fully pipeline this function.  If this multiplier was inferred, it is suggested to describe an additional register stage after this function.  If there is no registered adder/accumulator following the multiply function, two pipeline stages are suggested to allow both the MREG and PREG registers to be used.  If the DSP48 was instantiated in the design, it is suggested to set both the MREG and PREG attributes to 1 when performing multiply functions.
Related violations: <none>

DPOP-2#38 Warning
MREG Output pipelining  
DSP u_array/g_pe_row[13].g_pe_pair[4].u_pe/u_dsp48 multiplier stage u_array/g_pe_row[13].g_pe_pair[4].u_pe/u_dsp48/P[47:0] is not pipelined (MREG=0). Pipelining the multiplier function will improve performance and will save significant power so it is suggested whenever possible to fully pipeline this function.  If this multiplier was inferred, it is suggested to describe an additional register stage after this function.  If there is no registered adder/accumulator following the multiply function, two pipeline stages are suggested to allow both the MREG and PREG registers to be used.  If the DSP48 was instantiated in the design, it is suggested to set both the MREG and PREG attributes to 1 when performing multiply functions.
Related violations: <none>

DPOP-2#39 Warning
MREG Output pipelining  
DSP u_array/g_pe_row[13].g_pe_pair[5].u_pe/u_dsp48 multiplier stage u_array/g_pe_row[13].g_pe_pair[5].u_pe/u_dsp48/P[47:0] is not pipelined (MREG=0). Pipelining the multiplier function will improve performance and will save significant power so it is suggested whenever possible to fully pipeline this function.  If this multiplier was inferred, it is suggested to describe an additional register stage after this function.  If there is no registered adder/accumulator following the multiply function, two pipeline stages are suggested to allow both the MREG and PREG registers to be used.  If the DSP48 was instantiated in the design, it is suggested to set both the MREG and PREG attributes to 1 when performing multiply functions.
Related violations: <none>

DPOP-2#40 Warning
MREG Output pipelining  
DSP u_array/g_pe_row[13].g_pe_pair[6].u_pe/u_dsp48 multiplier stage u_array/g_pe_row[13].g_pe_pair[6].u_pe/u_dsp48/P[47:0] is not pipelined (MREG=0). Pipelining the multiplier function will improve performance and will save significant power so it is suggested whenever possible to fully pipeline this function.  If this multiplier was inferred, it is suggested to describe an additional register stage after this function.  If there is no registered adder/accumulator following the multiply function, two pipeline stages are suggested to allow both the MREG and PREG registers to be used.  If the DSP48 was instantiated in the design, it is suggested to set both the MREG and PREG attributes to 1 when performing multiply functions.
Related violations: <none>

DPOP-2#41 Warning
MREG Output pipelining  
DSP u_array/g_pe_row[13].g_pe_pair[7].u_pe/u_dsp48 multiplier stage u_array/g_pe_row[13].g_pe_pair[7].u_pe/u_dsp48/P[47:0] is not pipelined (MREG=0). Pipelining the multiplier function will improve performance and will save significant power so it is suggested whenever possible to fully pipeline this function.  If this multiplier was inferred, it is suggested to describe an additional register stage after this function.  If there is no registered adder/accumulator following the multiply function, two pipeline stages are suggested to allow both the MREG and PREG registers to be used.  If the DSP48 was instantiated in the design, it is suggested to set both the MREG and PREG attributes to 1 when performing multiply functions.
Related violations: <none>

DPOP-2#42 Warning
MREG Output pipelining  
DSP u_array/g_pe_row[14].g_pe_pair[0].u_pe/u_dsp48 multiplier stage u_array/g_pe_row[14].g_pe_pair[0].u_pe/u_dsp48/P[47:0] is not pipelined (MREG=0). Pipelining the multiplier function will improve performance and will save significant power so it is suggested whenever possible to fully pipeline this function.  If this multiplier was inferred, it is suggested to describe an additional register stage after this function.  If there is no registered adder/accumulator following the multiply function, two pipeline stages are suggested to allow both the MREG and PREG registers to be used.  If the DSP48 was instantiated in the design, it is suggested to set both the MREG and PREG attributes to 1 when performing multiply functions.
Related violations: <none>

DPOP-2#43 Warning
MREG Output pipelining  
DSP u_array/g_pe_row[14].g_pe_pair[1].u_pe/u_dsp48 multiplier stage u_array/g_pe_row[14].g_pe_pair[1].u_pe/u_dsp48/P[47:0] is not pipelined (MREG=0). Pipelining the multiplier function will improve performance and will save significant power so it is suggested whenever possible to fully pipeline this function.  If this multiplier was inferred, it is suggested to describe an additional register stage after this function.  If there is no registered adder/accumulator following the multiply function, two pipeline stages are suggested to allow both the MREG and PREG registers to be used.  If the DSP48 was instantiated in the design, it is suggested to set both the MREG and PREG attributes to 1 when performing multiply functions.
Related violations: <none>

DPOP-2#44 Warning
MREG Output pipelining  
DSP u_array/g_pe_row[14].g_pe_pair[2].u_pe/u_dsp48 multiplier stage u_array/g_pe_row[14].g_pe_pair[2].u_pe/u_dsp48/P[47:0] is not pipelined (MREG=0). Pipelining the multiplier function will improve performance and will save significant power so it is suggested whenever possible to fully pipeline this function.  If this multiplier was inferred, it is suggested to describe an additional register stage after this function.  If there is no registered adder/accumulator following the multiply function, two pipeline stages are suggested to allow both the MREG and PREG registers to be used.  If the DSP48 was instantiated in the design, it is suggested to set both the MREG and PREG attributes to 1 when performing multiply functions.
Related violations: <none>

DPOP-2#45 Warning
MREG Output pipelining  
DSP u_array/g_pe_row[14].g_pe_pair[3].u_pe/u_dsp48 multiplier stage u_array/g_pe_row[14].g_pe_pair[3].u_pe/u_dsp48/P[47:0] is not pipelined (MREG=0). Pipelining the multiplier function will improve performance and will save significant power so it is suggested whenever possible to fully pipeline this function.  If this multiplier was inferred, it is suggested to describe an additional register stage after this function.  If there is no registered adder/accumulator following the multiply function, two pipeline stages are suggested to allow both the MREG and PREG registers to be used.  If the DSP48 was instantiated in the design, it is suggested to set both the MREG and PREG attributes to 1 when performing multiply functions.
Related violations: <none>

DPOP-2#46 Warning
MREG Output pipelining  
DSP u_array/g_pe_row[14].g_pe_pair[4].u_pe/u_dsp48 multiplier stage u_array/g_pe_row[14].g_pe_pair[4].u_pe/u_dsp48/P[47:0] is not pipelined (MREG=0). Pipelining the multiplier function will improve performance and will save significant power so it is suggested whenever possible to fully pipeline this function.  If this multiplier was inferred, it is suggested to describe an additional register stage after this function.  If there is no registered adder/accumulator following the multiply function, two pipeline stages are suggested to allow both the MREG and PREG registers to be used.  If the DSP48 was instantiated in the design, it is suggested to set both the MREG and PREG attributes to 1 when performing multiply functions.
Related violations: <none>

DPOP-2#47 Warning
MREG Output pipelining  
DSP u_array/g_pe_row[14].g_pe_pair[5].u_pe/u_dsp48 multiplier stage u_array/g_pe_row[14].g_pe_pair[5].u_pe/u_dsp48/P[47:0] is not pipelined (MREG=0). Pipelining the multiplier function will improve performance and will save significant power so it is suggested whenever possible to fully pipeline this function.  If this multiplier was inferred, it is suggested to describe an additional register stage after this function.  If there is no registered adder/accumulator following the multiply function, two pipeline stages are suggested to allow both the MREG and PREG registers to be used.  If the DSP48 was instantiated in the design, it is suggested to set both the MREG and PREG attributes to 1 when performing multiply functions.
Related violations: <none>

DPOP-2#48 Warning
MREG Output pipelining  
DSP u_array/g_pe_row[14].g_pe_pair[6].u_pe/u_dsp48 multiplier stage u_array/g_pe_row[14].g_pe_pair[6].u_pe/u_dsp48/P[47:0] is not pipelined (MREG=0). Pipelining the multiplier function will improve performance and will save significant power so it is suggested whenever possible to fully pipeline this function.  If this multiplier was inferred, it is suggested to describe an additional register stage after this function.  If there is no registered adder/accumulator following the multiply function, two pipeline stages are suggested to allow both the MREG and PREG registers to be used.  If the DSP48 was instantiated in the design, it is suggested to set both the MREG and PREG attributes to 1 when performing multiply functions.
Related violations: <none>

DPOP-2#49 Warning
MREG Output pipelining  
DSP u_array/g_pe_row[14].g_pe_pair[7].u_pe/u_dsp48 multiplier stage u_array/g_pe_row[14].g_pe_pair[7].u_pe/u_dsp48/P[47:0] is not pipelined (MREG=0). Pipelining the multiplier function will improve performance and will save significant power so it is suggested whenever possible to fully pipeline this function.  If this multiplier was inferred, it is suggested to describe an additional register stage after this function.  If there is no registered adder/accumulator following the multiply function, two pipeline stages are suggested to allow both the MREG and PREG registers to be used.  If the DSP48 was instantiated in the design, it is suggested to set both the MREG and PREG attributes to 1 when performing multiply functions.
Related violations: <none>

DPOP-2#50 Warning
MREG Output pipelining  
DSP u_array/g_pe_row[15].g_pe_pair[0].u_pe/u_dsp48 multiplier stage u_array/g_pe_row[15].g_pe_pair[0].u_pe/u_dsp48/P[47:0] is not pipelined (MREG=0). Pipelining the multiplier function will improve performance and will save significant power so it is suggested whenever possible to fully pipeline this function.  If this multiplier was inferred, it is suggested to describe an additional register stage after this function.  If there is no registered adder/accumulator following the multiply function, two pipeline stages are suggested to allow both the MREG and PREG registers to be used.  If the DSP48 was instantiated in the design, it is suggested to set both the MREG and PREG attributes to 1 when performing multiply functions.
Related violations: <none>

DPOP-2#51 Warning
MREG Output pipelining  
DSP u_array/g_pe_row[15].g_pe_pair[1].u_pe/u_dsp48 multiplier stage u_array/g_pe_row[15].g_pe_pair[1].u_pe/u_dsp48/P[47:0] is not pipelined (MREG=0). Pipelining the multiplier function will improve performance and will save significant power so it is suggested whenever possible to fully pipeline this function.  If this multiplier was inferred, it is suggested to describe an additional register stage after this function.  If there is no registered adder/accumulator following the multiply function, two pipeline stages are suggested to allow both the MREG and PREG registers to be used.  If the DSP48 was instantiated in the design, it is suggested to set both the MREG and PREG attributes to 1 when performing multiply functions.
Related violations: <none>

DPOP-2#52 Warning
MREG Output pipelining  
DSP u_array/g_pe_row[15].g_pe_pair[2].u_pe/u_dsp48 multiplier stage u_array/g_pe_row[15].g_pe_pair[2].u_pe/u_dsp48/P[47:0] is not pipelined (MREG=0). Pipelining the multiplier function will improve performance and will save significant power so it is suggested whenever possible to fully pipeline this function.  If this multiplier was inferred, it is suggested to describe an additional register stage after this function.  If there is no registered adder/accumulator following the multiply function, two pipeline stages are suggested to allow both the MREG and PREG registers to be used.  If the DSP48 was instantiated in the design, it is suggested to set both the MREG and PREG attributes to 1 when performing multiply functions.
Related violations: <none>

DPOP-2#53 Warning
MREG Output pipelining  
DSP u_array/g_pe_row[15].g_pe_pair[3].u_pe/u_dsp48 multiplier stage u_array/g_pe_row[15].g_pe_pair[3].u_pe/u_dsp48/P[47:0] is not pipelined (MREG=0). Pipelining the multiplier function will improve performance and will save significant power so it is suggested whenever possible to fully pipeline this function.  If this multiplier was inferred, it is suggested to describe an additional register stage after this function.  If there is no registered adder/accumulator following the multiply function, two pipeline stages are suggested to allow both the MREG and PREG registers to be used.  If the DSP48 was instantiated in the design, it is suggested to set both the MREG and PREG attributes to 1 when performing multiply functions.
Related violations: <none>

DPOP-2#54 Warning
MREG Output pipelining  
DSP u_array/g_pe_row[15].g_pe_pair[4].u_pe/u_dsp48 multiplier stage u_array/g_pe_row[15].g_pe_pair[4].u_pe/u_dsp48/P[47:0] is not pipelined (MREG=0). Pipelining the multiplier function will improve performance and will save significant power so it is suggested whenever possible to fully pipeline this function.  If this multiplier was inferred, it is suggested to describe an additional register stage after this function.  If there is no registered adder/accumulator following the multiply function, two pipeline stages are suggested to allow both the MREG and PREG registers to be used.  If the DSP48 was instantiated in the design, it is suggested to set both the MREG and PREG attributes to 1 when performing multiply functions.
Related violations: <none>

DPOP-2#55 Warning
MREG Output pipelining  
DSP u_array/g_pe_row[15].g_pe_pair[5].u_pe/u_dsp48 multiplier stage u_array/g_pe_row[15].g_pe_pair[5].u_pe/u_dsp48/P[47:0] is not pipelined (MREG=0). Pipelining the multiplier function will improve performance and will save significant power so it is suggested whenever possible to fully pipeline this function.  If this multiplier was inferred, it is suggested to describe an additional register stage after this function.  If there is no registered adder/accumulator following the multiply function, two pipeline stages are suggested to allow both the MREG and PREG registers to be used.  If the DSP48 was instantiated in the design, it is suggested to set both the MREG and PREG attributes to 1 when performing multiply functions.
Related violations: <none>

DPOP-2#56 Warning
MREG Output pipelining  
DSP u_array/g_pe_row[15].g_pe_pair[6].u_pe/u_dsp48 multiplier stage u_array/g_pe_row[15].g_pe_pair[6].u_pe/u_dsp48/P[47:0] is not pipelined (MREG=0). Pipelining the multiplier function will improve performance and will save significant power so it is suggested whenever possible to fully pipeline this function.  If this multiplier was inferred, it is suggested to describe an additional register stage after this function.  If there is no registered adder/accumulator following the multiply function, two pipeline stages are suggested to allow both the MREG and PREG registers to be used.  If the DSP48 was instantiated in the design, it is suggested to set both the MREG and PREG attributes to 1 when performing multiply functions.
Related violations: <none>

DPOP-2#57 Warning
MREG Output pipelining  
DSP u_array/g_pe_row[15].g_pe_pair[7].u_pe/u_dsp48 multiplier stage u_array/g_pe_row[15].g_pe_pair[7].u_pe/u_dsp48/P[47:0] is not pipelined (MREG=0). Pipelining the multiplier function will improve performance and will save significant power so it is suggested whenever possible to fully pipeline this function.  If this multiplier was inferred, it is suggested to describe an additional register stage after this function.  If there is no registered adder/accumulator following the multiply function, two pipeline stages are suggested to allow both the MREG and PREG registers to be used.  If the DSP48 was instantiated in the design, it is suggested to set both the MREG and PREG attributes to 1 when performing multiply functions.
Related violations: <none>

DPOP-2#58 Warning
MREG Output pipelining  
DSP u_array/g_pe_row[1].g_pe_pair[0].u_pe/u_dsp48 multiplier stage u_array/g_pe_row[1].g_pe_pair[0].u_pe/u_dsp48/P[47:0] is not pipelined (MREG=0). Pipelining the multiplier function will improve performance and will save significant power so it is suggested whenever possible to fully pipeline this function.  If this multiplier was inferred, it is suggested to describe an additional register stage after this function.  If there is no registered adder/accumulator following the multiply function, two pipeline stages are suggested to allow both the MREG and PREG registers to be used.  If the DSP48 was instantiated in the design, it is suggested to set both the MREG and PREG attributes to 1 when performing multiply functions.
Related violations: <none>

DPOP-2#59 Warning
MREG Output pipelining  
DSP u_array/g_pe_row[1].g_pe_pair[1].u_pe/u_dsp48 multiplier stage u_array/g_pe_row[1].g_pe_pair[1].u_pe/u_dsp48/P[47:0] is not pipelined (MREG=0). Pipelining the multiplier function will improve performance and will save significant power so it is suggested whenever possible to fully pipeline this function.  If this multiplier was inferred, it is suggested to describe an additional register stage after this function.  If there is no registered adder/accumulator following the multiply function, two pipeline stages are suggested to allow both the MREG and PREG registers to be used.  If the DSP48 was instantiated in the design, it is suggested to set both the MREG and PREG attributes to 1 when performing multiply functions.
Related violations: <none>

DPOP-2#60 Warning
MREG Output pipelining  
DSP u_array/g_pe_row[1].g_pe_pair[2].u_pe/u_dsp48 multiplier stage u_array/g_pe_row[1].g_pe_pair[2].u_pe/u_dsp48/P[47:0] is not pipelined (MREG=0). Pipelining the multiplier function will improve performance and will save significant power so it is suggested whenever possible to fully pipeline this function.  If this multiplier was inferred, it is suggested to describe an additional register stage after this function.  If there is no registered adder/accumulator following the multiply function, two pipeline stages are suggested to allow both the MREG and PREG registers to be used.  If the DSP48 was instantiated in the design, it is suggested to set both the MREG and PREG attributes to 1 when performing multiply functions.
Related violations: <none>

DPOP-2#61 Warning
MREG Output pipelining  
DSP u_array/g_pe_row[1].g_pe_pair[3].u_pe/u_dsp48 multiplier stage u_array/g_pe_row[1].g_pe_pair[3].u_pe/u_dsp48/P[47:0] is not pipelined (MREG=0). Pipelining the multiplier function will improve performance and will save significant power so it is suggested whenever possible to fully pipeline this function.  If this multiplier was inferred, it is suggested to describe an additional register stage after this function.  If there is no registered adder/accumulator following the multiply function, two pipeline stages are suggested to allow both the MREG and PREG registers to be used.  If the DSP48 was instantiated in the design, it is suggested to set both the MREG and PREG attributes to 1 when performing multiply functions.
Related violations: <none>

DPOP-2#62 Warning
MREG Output pipelining  
DSP u_array/g_pe_row[1].g_pe_pair[4].u_pe/u_dsp48 multiplier stage u_array/g_pe_row[1].g_pe_pair[4].u_pe/u_dsp48/P[47:0] is not pipelined (MREG=0). Pipelining the multiplier function will improve performance and will save significant power so it is suggested whenever possible to fully pipeline this function.  If this multiplier was inferred, it is suggested to describe an additional register stage after this function.  If there is no registered adder/accumulator following the multiply function, two pipeline stages are suggested to allow both the MREG and PREG registers to be used.  If the DSP48 was instantiated in the design, it is suggested to set both the MREG and PREG attributes to 1 when performing multiply functions.
Related violations: <none>

DPOP-2#63 Warning
MREG Output pipelining  
DSP u_array/g_pe_row[1].g_pe_pair[5].u_pe/u_dsp48 multiplier stage u_array/g_pe_row[1].g_pe_pair[5].u_pe/u_dsp48/P[47:0] is not pipelined (MREG=0). Pipelining the multiplier function will improve performance and will save significant power so it is suggested whenever possible to fully pipeline this function.  If this multiplier was inferred, it is suggested to describe an additional register stage after this function.  If there is no registered adder/accumulator following the multiply function, two pipeline stages are suggested to allow both the MREG and PREG registers to be used.  If the DSP48 was instantiated in the design, it is suggested to set both the MREG and PREG attributes to 1 when performing multiply functions.
Related violations: <none>

DPOP-2#64 Warning
MREG Output pipelining  
DSP u_array/g_pe_row[1].g_pe_pair[6].u_pe/u_dsp48 multiplier stage u_array/g_pe_row[1].g_pe_pair[6].u_pe/u_dsp48/P[47:0] is not pipelined (MREG=0). Pipelining the multiplier function will improve performance and will save significant power so it is suggested whenever possible to fully pipeline this function.  If this multiplier was inferred, it is suggested to describe an additional register stage after this function.  If there is no registered adder/accumulator following the multiply function, two pipeline stages are suggested to allow both the MREG and PREG registers to be used.  If the DSP48 was instantiated in the design, it is suggested to set both the MREG and PREG attributes to 1 when performing multiply functions.
Related violations: <none>

DPOP-2#65 Warning
MREG Output pipelining  
DSP u_array/g_pe_row[1].g_pe_pair[7].u_pe/u_dsp48 multiplier stage u_array/g_pe_row[1].g_pe_pair[7].u_pe/u_dsp48/P[47:0] is not pipelined (MREG=0). Pipelining the multiplier function will improve performance and will save significant power so it is suggested whenever possible to fully pipeline this function.  If this multiplier was inferred, it is suggested to describe an additional register stage after this function.  If there is no registered adder/accumulator following the multiply function, two pipeline stages are suggested to allow both the MREG and PREG registers to be used.  If the DSP48 was instantiated in the design, it is suggested to set both the MREG and PREG attributes to 1 when performing multiply functions.
Related violations: <none>

DPOP-2#66 Warning
MREG Output pipelining  
DSP u_array/g_pe_row[2].g_pe_pair[0].u_pe/u_dsp48 multiplier stage u_array/g_pe_row[2].g_pe_pair[0].u_pe/u_dsp48/P[47:0] is not pipelined (MREG=0). Pipelining the multiplier function will improve performance and will save significant power so it is suggested whenever possible to fully pipeline this function.  If this multiplier was inferred, it is suggested to describe an additional register stage after this function.  If there is no registered adder/accumulator following the multiply function, two pipeline stages are suggested to allow both the MREG and PREG registers to be used.  If the DSP48 was instantiated in the design, it is suggested to set both the MREG and PREG attributes to 1 when performing multiply functions.
Related violations: <none>

DPOP-2#67 Warning
MREG Output pipelining  
DSP u_array/g_pe_row[2].g_pe_pair[1].u_pe/u_dsp48 multiplier stage u_array/g_pe_row[2].g_pe_pair[1].u_pe/u_dsp48/P[47:0] is not pipelined (MREG=0). Pipelining the multiplier function will improve performance and will save significant power so it is suggested whenever possible to fully pipeline this function.  If this multiplier was inferred, it is suggested to describe an additional register stage after this function.  If there is no registered adder/accumulator following the multiply function, two pipeline stages are suggested to allow both the MREG and PREG registers to be used.  If the DSP48 was instantiated in the design, it is suggested to set both the MREG and PREG attributes to 1 when performing multiply functions.
Related violations: <none>

DPOP-2#68 Warning
MREG Output pipelining  
DSP u_array/g_pe_row[2].g_pe_pair[2].u_pe/u_dsp48 multiplier stage u_array/g_pe_row[2].g_pe_pair[2].u_pe/u_dsp48/P[47:0] is not pipelined (MREG=0). Pipelining the multiplier function will improve performance and will save significant power so it is suggested whenever possible to fully pipeline this function.  If this multiplier was inferred, it is suggested to describe an additional register stage after this function.  If there is no registered adder/accumulator following the multiply function, two pipeline stages are suggested to allow both the MREG and PREG registers to be used.  If the DSP48 was instantiated in the design, it is suggested to set both the MREG and PREG attributes to 1 when performing multiply functions.
Related violations: <none>

DPOP-2#69 Warning
MREG Output pipelining  
DSP u_array/g_pe_row[2].g_pe_pair[3].u_pe/u_dsp48 multiplier stage u_array/g_pe_row[2].g_pe_pair[3].u_pe/u_dsp48/P[47:0] is not pipelined (MREG=0). Pipelining the multiplier function will improve performance and will save significant power so it is suggested whenever possible to fully pipeline this function.  If this multiplier was inferred, it is suggested to describe an additional register stage after this function.  If there is no registered adder/accumulator following the multiply function, two pipeline stages are suggested to allow both the MREG and PREG registers to be used.  If the DSP48 was instantiated in the design, it is suggested to set both the MREG and PREG attributes to 1 when performing multiply functions.
Related violations: <none>

DPOP-2#70 Warning
MREG Output pipelining  
DSP u_array/g_pe_row[2].g_pe_pair[4].u_pe/u_dsp48 multiplier stage u_array/g_pe_row[2].g_pe_pair[4].u_pe/u_dsp48/P[47:0] is not pipelined (MREG=0). Pipelining the multiplier function will improve performance and will save significant power so it is suggested whenever possible to fully pipeline this function.  If this multiplier was inferred, it is suggested to describe an additional register stage after this function.  If there is no registered adder/accumulator following the multiply function, two pipeline stages are suggested to allow both the MREG and PREG registers to be used.  If the DSP48 was instantiated in the design, it is suggested to set both the MREG and PREG attributes to 1 when performing multiply functions.
Related violations: <none>

DPOP-2#71 Warning
MREG Output pipelining  
DSP u_array/g_pe_row[2].g_pe_pair[5].u_pe/u_dsp48 multiplier stage u_array/g_pe_row[2].g_pe_pair[5].u_pe/u_dsp48/P[47:0] is not pipelined (MREG=0). Pipelining the multiplier function will improve performance and will save significant power so it is suggested whenever possible to fully pipeline this function.  If this multiplier was inferred, it is suggested to describe an additional register stage after this function.  If there is no registered adder/accumulator following the multiply function, two pipeline stages are suggested to allow both the MREG and PREG registers to be used.  If the DSP48 was instantiated in the design, it is suggested to set both the MREG and PREG attributes to 1 when performing multiply functions.
Related violations: <none>

DPOP-2#72 Warning
MREG Output pipelining  
DSP u_array/g_pe_row[2].g_pe_pair[6].u_pe/u_dsp48 multiplier stage u_array/g_pe_row[2].g_pe_pair[6].u_pe/u_dsp48/P[47:0] is not pipelined (MREG=0). Pipelining the multiplier function will improve performance and will save significant power so it is suggested whenever possible to fully pipeline this function.  If this multiplier was inferred, it is suggested to describe an additional register stage after this function.  If there is no registered adder/accumulator following the multiply function, two pipeline stages are suggested to allow both the MREG and PREG registers to be used.  If the DSP48 was instantiated in the design, it is suggested to set both the MREG and PREG attributes to 1 when performing multiply functions.
Related violations: <none>

DPOP-2#73 Warning
MREG Output pipelining  
DSP u_array/g_pe_row[2].g_pe_pair[7].u_pe/u_dsp48 multiplier stage u_array/g_pe_row[2].g_pe_pair[7].u_pe/u_dsp48/P[47:0] is not pipelined (MREG=0). Pipelining the multiplier function will improve performance and will save significant power so it is suggested whenever possible to fully pipeline this function.  If this multiplier was inferred, it is suggested to describe an additional register stage after this function.  If there is no registered adder/accumulator following the multiply function, two pipeline stages are suggested to allow both the MREG and PREG registers to be used.  If the DSP48 was instantiated in the design, it is suggested to set both the MREG and PREG attributes to 1 when performing multiply functions.
Related violations: <none>

DPOP-2#74 Warning
MREG Output pipelining  
DSP u_array/g_pe_row[3].g_pe_pair[0].u_pe/u_dsp48 multiplier stage u_array/g_pe_row[3].g_pe_pair[0].u_pe/u_dsp48/P[47:0] is not pipelined (MREG=0). Pipelining the multiplier function will improve performance and will save significant power so it is suggested whenever possible to fully pipeline this function.  If this multiplier was inferred, it is suggested to describe an additional register stage after this function.  If there is no registered adder/accumulator following the multiply function, two pipeline stages are suggested to allow both the MREG and PREG registers to be used.  If the DSP48 was instantiated in the design, it is suggested to set both the MREG and PREG attributes to 1 when performing multiply functions.
Related violations: <none>

DPOP-2#75 Warning
MREG Output pipelining  
DSP u_array/g_pe_row[3].g_pe_pair[1].u_pe/u_dsp48 multiplier stage u_array/g_pe_row[3].g_pe_pair[1].u_pe/u_dsp48/P[47:0] is not pipelined (MREG=0). Pipelining the multiplier function will improve performance and will save significant power so it is suggested whenever possible to fully pipeline this function.  If this multiplier was inferred, it is suggested to describe an additional register stage after this function.  If there is no registered adder/accumulator following the multiply function, two pipeline stages are suggested to allow both the MREG and PREG registers to be used.  If the DSP48 was instantiated in the design, it is suggested to set both the MREG and PREG attributes to 1 when performing multiply functions.
Related violations: <none>

DPOP-2#76 Warning
MREG Output pipelining  
DSP u_array/g_pe_row[3].g_pe_pair[2].u_pe/u_dsp48 multiplier stage u_array/g_pe_row[3].g_pe_pair[2].u_pe/u_dsp48/P[47:0] is not pipelined (MREG=0). Pipelining the multiplier function will improve performance and will save significant power so it is suggested whenever possible to fully pipeline this function.  If this multiplier was inferred, it is suggested to describe an additional register stage after this function.  If there is no registered adder/accumulator following the multiply function, two pipeline stages are suggested to allow both the MREG and PREG registers to be used.  If the DSP48 was instantiated in the design, it is suggested to set both the MREG and PREG attributes to 1 when performing multiply functions.
Related violations: <none>

DPOP-2#77 Warning
MREG Output pipelining  
DSP u_array/g_pe_row[3].g_pe_pair[3].u_pe/u_dsp48 multiplier stage u_array/g_pe_row[3].g_pe_pair[3].u_pe/u_dsp48/P[47:0] is not pipelined (MREG=0). Pipelining the multiplier function will improve performance and will save significant power so it is suggested whenever possible to fully pipeline this function.  If this multiplier was inferred, it is suggested to describe an additional register stage after this function.  If there is no registered adder/accumulator following the multiply function, two pipeline stages are suggested to allow both the MREG and PREG registers to be used.  If the DSP48 was instantiated in the design, it is suggested to set both the MREG and PREG attributes to 1 when performing multiply functions.
Related violations: <none>

DPOP-2#78 Warning
MREG Output pipelining  
DSP u_array/g_pe_row[3].g_pe_pair[4].u_pe/u_dsp48 multiplier stage u_array/g_pe_row[3].g_pe_pair[4].u_pe/u_dsp48/P[47:0] is not pipelined (MREG=0). Pipelining the multiplier function will improve performance and will save significant power so it is suggested whenever possible to fully pipeline this function.  If this multiplier was inferred, it is suggested to describe an additional register stage after this function.  If there is no registered adder/accumulator following the multiply function, two pipeline stages are suggested to allow both the MREG and PREG registers to be used.  If the DSP48 was instantiated in the design, it is suggested to set both the MREG and PREG attributes to 1 when performing multiply functions.
Related violations: <none>

DPOP-2#79 Warning
MREG Output pipelining  
DSP u_array/g_pe_row[3].g_pe_pair[5].u_pe/u_dsp48 multiplier stage u_array/g_pe_row[3].g_pe_pair[5].u_pe/u_dsp48/P[47:0] is not pipelined (MREG=0). Pipelining the multiplier function will improve performance and will save significant power so it is suggested whenever possible to fully pipeline this function.  If this multiplier was inferred, it is suggested to describe an additional register stage after this function.  If there is no registered adder/accumulator following the multiply function, two pipeline stages are suggested to allow both the MREG and PREG registers to be used.  If the DSP48 was instantiated in the design, it is suggested to set both the MREG and PREG attributes to 1 when performing multiply functions.
Related violations: <none>

DPOP-2#80 Warning
MREG Output pipelining  
DSP u_array/g_pe_row[3].g_pe_pair[6].u_pe/u_dsp48 multiplier stage u_array/g_pe_row[3].g_pe_pair[6].u_pe/u_dsp48/P[47:0] is not pipelined (MREG=0). Pipelining the multiplier function will improve performance and will save significant power so it is suggested whenever possible to fully pipeline this function.  If this multiplier was inferred, it is suggested to describe an additional register stage after this function.  If there is no registered adder/accumulator following the multiply function, two pipeline stages are suggested to allow both the MREG and PREG registers to be used.  If the DSP48 was instantiated in the design, it is suggested to set both the MREG and PREG attributes to 1 when performing multiply functions.
Related violations: <none>

DPOP-2#81 Warning
MREG Output pipelining  
DSP u_array/g_pe_row[3].g_pe_pair[7].u_pe/u_dsp48 multiplier stage u_array/g_pe_row[3].g_pe_pair[7].u_pe/u_dsp48/P[47:0] is not pipelined (MREG=0). Pipelining the multiplier function will improve performance and will save significant power so it is suggested whenever possible to fully pipeline this function.  If this multiplier was inferred, it is suggested to describe an additional register stage after this function.  If there is no registered adder/accumulator following the multiply function, two pipeline stages are suggested to allow both the MREG and PREG registers to be used.  If the DSP48 was instantiated in the design, it is suggested to set both the MREG and PREG attributes to 1 when performing multiply functions.
Related violations: <none>

DPOP-2#82 Warning
MREG Output pipelining  
DSP u_array/g_pe_row[4].g_pe_pair[0].u_pe/u_dsp48 multiplier stage u_array/g_pe_row[4].g_pe_pair[0].u_pe/u_dsp48/P[47:0] is not pipelined (MREG=0). Pipelining the multiplier function will improve performance and will save significant power so it is suggested whenever possible to fully pipeline this function.  If this multiplier was inferred, it is suggested to describe an additional register stage after this function.  If there is no registered adder/accumulator following the multiply function, two pipeline stages are suggested to allow both the MREG and PREG registers to be used.  If the DSP48 was instantiated in the design, it is suggested to set both the MREG and PREG attributes to 1 when performing multiply functions.
Related violations: <none>

DPOP-2#83 Warning
MREG Output pipelining  
DSP u_array/g_pe_row[4].g_pe_pair[1].u_pe/u_dsp48 multiplier stage u_array/g_pe_row[4].g_pe_pair[1].u_pe/u_dsp48/P[47:0] is not pipelined (MREG=0). Pipelining the multiplier function will improve performance and will save significant power so it is suggested whenever possible to fully pipeline this function.  If this multiplier was inferred, it is suggested to describe an additional register stage after this function.  If there is no registered adder/accumulator following the multiply function, two pipeline stages are suggested to allow both the MREG and PREG registers to be used.  If the DSP48 was instantiated in the design, it is suggested to set both the MREG and PREG attributes to 1 when performing multiply functions.
Related violations: <none>

DPOP-2#84 Warning
MREG Output pipelining  
DSP u_array/g_pe_row[4].g_pe_pair[2].u_pe/u_dsp48 multiplier stage u_array/g_pe_row[4].g_pe_pair[2].u_pe/u_dsp48/P[47:0] is not pipelined (MREG=0). Pipelining the multiplier function will improve performance and will save significant power so it is suggested whenever possible to fully pipeline this function.  If this multiplier was inferred, it is suggested to describe an additional register stage after this function.  If there is no registered adder/accumulator following the multiply function, two pipeline stages are suggested to allow both the MREG and PREG registers to be used.  If the DSP48 was instantiated in the design, it is suggested to set both the MREG and PREG attributes to 1 when performing multiply functions.
Related violations: <none>

DPOP-2#85 Warning
MREG Output pipelining  
DSP u_array/g_pe_row[4].g_pe_pair[3].u_pe/u_dsp48 multiplier stage u_array/g_pe_row[4].g_pe_pair[3].u_pe/u_dsp48/P[47:0] is not pipelined (MREG=0). Pipelining the multiplier function will improve performance and will save significant power so it is suggested whenever possible to fully pipeline this function.  If this multiplier was inferred, it is suggested to describe an additional register stage after this function.  If there is no registered adder/accumulator following the multiply function, two pipeline stages are suggested to allow both the MREG and PREG registers to be used.  If the DSP48 was instantiated in the design, it is suggested to set both the MREG and PREG attributes to 1 when performing multiply functions.
Related violations: <none>

DPOP-2#86 Warning
MREG Output pipelining  
DSP u_array/g_pe_row[4].g_pe_pair[4].u_pe/u_dsp48 multiplier stage u_array/g_pe_row[4].g_pe_pair[4].u_pe/u_dsp48/P[47:0] is not pipelined (MREG=0). Pipelining the multiplier function will improve performance and will save significant power so it is suggested whenever possible to fully pipeline this function.  If this multiplier was inferred, it is suggested to describe an additional register stage after this function.  If there is no registered adder/accumulator following the multiply function, two pipeline stages are suggested to allow both the MREG and PREG registers to be used.  If the DSP48 was instantiated in the design, it is suggested to set both the MREG and PREG attributes to 1 when performing multiply functions.
Related violations: <none>

DPOP-2#87 Warning
MREG Output pipelining  
DSP u_array/g_pe_row[4].g_pe_pair[5].u_pe/u_dsp48 multiplier stage u_array/g_pe_row[4].g_pe_pair[5].u_pe/u_dsp48/P[47:0] is not pipelined (MREG=0). Pipelining the multiplier function will improve performance and will save significant power so it is suggested whenever possible to fully pipeline this function.  If this multiplier was inferred, it is suggested to describe an additional register stage after this function.  If there is no registered adder/accumulator following the multiply function, two pipeline stages are suggested to allow both the MREG and PREG registers to be used.  If the DSP48 was instantiated in the design, it is suggested to set both the MREG and PREG attributes to 1 when performing multiply functions.
Related violations: <none>

DPOP-2#88 Warning
MREG Output pipelining  
DSP u_array/g_pe_row[4].g_pe_pair[6].u_pe/u_dsp48 multiplier stage u_array/g_pe_row[4].g_pe_pair[6].u_pe/u_dsp48/P[47:0] is not pipelined (MREG=0). Pipelining the multiplier function will improve performance and will save significant power so it is suggested whenever possible to fully pipeline this function.  If this multiplier was inferred, it is suggested to describe an additional register stage after this function.  If there is no registered adder/accumulator following the multiply function, two pipeline stages are suggested to allow both the MREG and PREG registers to be used.  If the DSP48 was instantiated in the design, it is suggested to set both the MREG and PREG attributes to 1 when performing multiply functions.
Related violations: <none>

DPOP-2#89 Warning
MREG Output pipelining  
DSP u_array/g_pe_row[4].g_pe_pair[7].u_pe/u_dsp48 multiplier stage u_array/g_pe_row[4].g_pe_pair[7].u_pe/u_dsp48/P[47:0] is not pipelined (MREG=0). Pipelining the multiplier function will improve performance and will save significant power so it is suggested whenever possible to fully pipeline this function.  If this multiplier was inferred, it is suggested to describe an additional register stage after this function.  If there is no registered adder/accumulator following the multiply function, two pipeline stages are suggested to allow both the MREG and PREG registers to be used.  If the DSP48 was instantiated in the design, it is suggested to set both the MREG and PREG attributes to 1 when performing multiply functions.
Related violations: <none>

DPOP-2#90 Warning
MREG Output pipelining  
DSP u_array/g_pe_row[5].g_pe_pair[0].u_pe/u_dsp48 multiplier stage u_array/g_pe_row[5].g_pe_pair[0].u_pe/u_dsp48/P[47:0] is not pipelined (MREG=0). Pipelining the multiplier function will improve performance and will save significant power so it is suggested whenever possible to fully pipeline this function.  If this multiplier was inferred, it is suggested to describe an additional register stage after this function.  If there is no registered adder/accumulator following the multiply function, two pipeline stages are suggested to allow both the MREG and PREG registers to be used.  If the DSP48 was instantiated in the design, it is suggested to set both the MREG and PREG attributes to 1 when performing multiply functions.
Related violations: <none>

DPOP-2#91 Warning
MREG Output pipelining  
DSP u_array/g_pe_row[5].g_pe_pair[1].u_pe/u_dsp48 multiplier stage u_array/g_pe_row[5].g_pe_pair[1].u_pe/u_dsp48/P[47:0] is not pipelined (MREG=0). Pipelining the multiplier function will improve performance and will save significant power so it is suggested whenever possible to fully pipeline this function.  If this multiplier was inferred, it is suggested to describe an additional register stage after this function.  If there is no registered adder/accumulator following the multiply function, two pipeline stages are suggested to allow both the MREG and PREG registers to be used.  If the DSP48 was instantiated in the design, it is suggested to set both the MREG and PREG attributes to 1 when performing multiply functions.
Related violations: <none>

DPOP-2#92 Warning
MREG Output pipelining  
DSP u_array/g_pe_row[5].g_pe_pair[2].u_pe/u_dsp48 multiplier stage u_array/g_pe_row[5].g_pe_pair[2].u_pe/u_dsp48/P[47:0] is not pipelined (MREG=0). Pipelining the multiplier function will improve performance and will save significant power so it is suggested whenever possible to fully pipeline this function.  If this multiplier was inferred, it is suggested to describe an additional register stage after this function.  If there is no registered adder/accumulator following the multiply function, two pipeline stages are suggested to allow both the MREG and PREG registers to be used.  If the DSP48 was instantiated in the design, it is suggested to set both the MREG and PREG attributes to 1 when performing multiply functions.
Related violations: <none>

DPOP-2#93 Warning
MREG Output pipelining  
DSP u_array/g_pe_row[5].g_pe_pair[3].u_pe/u_dsp48 multiplier stage u_array/g_pe_row[5].g_pe_pair[3].u_pe/u_dsp48/P[47:0] is not pipelined (MREG=0). Pipelining the multiplier function will improve performance and will save significant power so it is suggested whenever possible to fully pipeline this function.  If this multiplier was inferred, it is suggested to describe an additional register stage after this function.  If there is no registered adder/accumulator following the multiply function, two pipeline stages are suggested to allow both the MREG and PREG registers to be used.  If the DSP48 was instantiated in the design, it is suggested to set both the MREG and PREG attributes to 1 when performing multiply functions.
Related violations: <none>

DPOP-2#94 Warning
MREG Output pipelining  
DSP u_array/g_pe_row[5].g_pe_pair[4].u_pe/u_dsp48 multiplier stage u_array/g_pe_row[5].g_pe_pair[4].u_pe/u_dsp48/P[47:0] is not pipelined (MREG=0). Pipelining the multiplier function will improve performance and will save significant power so it is suggested whenever possible to fully pipeline this function.  If this multiplier was inferred, it is suggested to describe an additional register stage after this function.  If there is no registered adder/accumulator following the multiply function, two pipeline stages are suggested to allow both the MREG and PREG registers to be used.  If the DSP48 was instantiated in the design, it is suggested to set both the MREG and PREG attributes to 1 when performing multiply functions.
Related violations: <none>

DPOP-2#95 Warning
MREG Output pipelining  
DSP u_array/g_pe_row[5].g_pe_pair[5].u_pe/u_dsp48 multiplier stage u_array/g_pe_row[5].g_pe_pair[5].u_pe/u_dsp48/P[47:0] is not pipelined (MREG=0). Pipelining the multiplier function will improve performance and will save significant power so it is suggested whenever possible to fully pipeline this function.  If this multiplier was inferred, it is suggested to describe an additional register stage after this function.  If there is no registered adder/accumulator following the multiply function, two pipeline stages are suggested to allow both the MREG and PREG registers to be used.  If the DSP48 was instantiated in the design, it is suggested to set both the MREG and PREG attributes to 1 when performing multiply functions.
Related violations: <none>

DPOP-2#96 Warning
MREG Output pipelining  
DSP u_array/g_pe_row[5].g_pe_pair[6].u_pe/u_dsp48 multiplier stage u_array/g_pe_row[5].g_pe_pair[6].u_pe/u_dsp48/P[47:0] is not pipelined (MREG=0). Pipelining the multiplier function will improve performance and will save significant power so it is suggested whenever possible to fully pipeline this function.  If this multiplier was inferred, it is suggested to describe an additional register stage after this function.  If there is no registered adder/accumulator following the multiply function, two pipeline stages are suggested to allow both the MREG and PREG registers to be used.  If the DSP48 was instantiated in the design, it is suggested to set both the MREG and PREG attributes to 1 when performing multiply functions.
Related violations: <none>

DPOP-2#97 Warning
MREG Output pipelining  
DSP u_array/g_pe_row[5].g_pe_pair[7].u_pe/u_dsp48 multiplier stage u_array/g_pe_row[5].g_pe_pair[7].u_pe/u_dsp48/P[47:0] is not pipelined (MREG=0). Pipelining the multiplier function will improve performance and will save significant power so it is suggested whenever possible to fully pipeline this function.  If this multiplier was inferred, it is suggested to describe an additional register stage after this function.  If there is no registered adder/accumulator following the multiply function, two pipeline stages are suggested to allow both the MREG and PREG registers to be used.  If the DSP48 was instantiated in the design, it is suggested to set both the MREG and PREG attributes to 1 when performing multiply functions.
Related violations: <none>

DPOP-2#98 Warning
MREG Output pipelining  
DSP u_array/g_pe_row[6].g_pe_pair[0].u_pe/u_dsp48 multiplier stage u_array/g_pe_row[6].g_pe_pair[0].u_pe/u_dsp48/P[47:0] is not pipelined (MREG=0). Pipelining the multiplier function will improve performance and will save significant power so it is suggested whenever possible to fully pipeline this function.  If this multiplier was inferred, it is suggested to describe an additional register stage after this function.  If there is no registered adder/accumulator following the multiply function, two pipeline stages are suggested to allow both the MREG and PREG registers to be used.  If the DSP48 was instantiated in the design, it is suggested to set both the MREG and PREG attributes to 1 when performing multiply functions.
Related violations: <none>

DPOP-2#99 Warning
MREG Output pipelining  
DSP u_array/g_pe_row[6].g_pe_pair[1].u_pe/u_dsp48 multiplier stage u_array/g_pe_row[6].g_pe_pair[1].u_pe/u_dsp48/P[47:0] is not pipelined (MREG=0). Pipelining the multiplier function will improve performance and will save significant power so it is suggested whenever possible to fully pipeline this function.  If this multiplier was inferred, it is suggested to describe an additional register stage after this function.  If there is no registered adder/accumulator following the multiply function, two pipeline stages are suggested to allow both the MREG and PREG registers to be used.  If the DSP48 was instantiated in the design, it is suggested to set both the MREG and PREG attributes to 1 when performing multiply functions.
Related violations: <none>

DPOP-2#100 Warning
MREG Output pipelining  
DSP u_array/g_pe_row[6].g_pe_pair[2].u_pe/u_dsp48 multiplier stage u_array/g_pe_row[6].g_pe_pair[2].u_pe/u_dsp48/P[47:0] is not pipelined (MREG=0). Pipelining the multiplier function will improve performance and will save significant power so it is suggested whenever possible to fully pipeline this function.  If this multiplier was inferred, it is suggested to describe an additional register stage after this function.  If there is no registered adder/accumulator following the multiply function, two pipeline stages are suggested to allow both the MREG and PREG registers to be used.  If the DSP48 was instantiated in the design, it is suggested to set both the MREG and PREG attributes to 1 when performing multiply functions.
Related violations: <none>

DPOP-2#101 Warning
MREG Output pipelining  
DSP u_array/g_pe_row[6].g_pe_pair[3].u_pe/u_dsp48 multiplier stage u_array/g_pe_row[6].g_pe_pair[3].u_pe/u_dsp48/P[47:0] is not pipelined (MREG=0). Pipelining the multiplier function will improve performance and will save significant power so it is suggested whenever possible to fully pipeline this function.  If this multiplier was inferred, it is suggested to describe an additional register stage after this function.  If there is no registered adder/accumulator following the multiply function, two pipeline stages are suggested to allow both the MREG and PREG registers to be used.  If the DSP48 was instantiated in the design, it is suggested to set both the MREG and PREG attributes to 1 when performing multiply functions.
Related violations: <none>

DPOP-2#102 Warning
MREG Output pipelining  
DSP u_array/g_pe_row[6].g_pe_pair[4].u_pe/u_dsp48 multiplier stage u_array/g_pe_row[6].g_pe_pair[4].u_pe/u_dsp48/P[47:0] is not pipelined (MREG=0). Pipelining the multiplier function will improve performance and will save significant power so it is suggested whenever possible to fully pipeline this function.  If this multiplier was inferred, it is suggested to describe an additional register stage after this function.  If there is no registered adder/accumulator following the multiply function, two pipeline stages are suggested to allow both the MREG and PREG registers to be used.  If the DSP48 was instantiated in the design, it is suggested to set both the MREG and PREG attributes to 1 when performing multiply functions.
Related violations: <none>

DPOP-2#103 Warning
MREG Output pipelining  
DSP u_array/g_pe_row[6].g_pe_pair[5].u_pe/u_dsp48 multiplier stage u_array/g_pe_row[6].g_pe_pair[5].u_pe/u_dsp48/P[47:0] is not pipelined (MREG=0). Pipelining the multiplier function will improve performance and will save significant power so it is suggested whenever possible to fully pipeline this function.  If this multiplier was inferred, it is suggested to describe an additional register stage after this function.  If there is no registered adder/accumulator following the multiply function, two pipeline stages are suggested to allow both the MREG and PREG registers to be used.  If the DSP48 was instantiated in the design, it is suggested to set both the MREG and PREG attributes to 1 when performing multiply functions.
Related violations: <none>

DPOP-2#104 Warning
MREG Output pipelining  
DSP u_array/g_pe_row[6].g_pe_pair[6].u_pe/u_dsp48 multiplier stage u_array/g_pe_row[6].g_pe_pair[6].u_pe/u_dsp48/P[47:0] is not pipelined (MREG=0). Pipelining the multiplier function will improve performance and will save significant power so it is suggested whenever possible to fully pipeline this function.  If this multiplier was inferred, it is suggested to describe an additional register stage after this function.  If there is no registered adder/accumulator following the multiply function, two pipeline stages are suggested to allow both the MREG and PREG registers to be used.  If the DSP48 was instantiated in the design, it is suggested to set both the MREG and PREG attributes to 1 when performing multiply functions.
Related violations: <none>

DPOP-2#105 Warning
MREG Output pipelining  
DSP u_array/g_pe_row[6].g_pe_pair[7].u_pe/u_dsp48 multiplier stage u_array/g_pe_row[6].g_pe_pair[7].u_pe/u_dsp48/P[47:0] is not pipelined (MREG=0). Pipelining the multiplier function will improve performance and will save significant power so it is suggested whenever possible to fully pipeline this function.  If this multiplier was inferred, it is suggested to describe an additional register stage after this function.  If there is no registered adder/accumulator following the multiply function, two pipeline stages are suggested to allow both the MREG and PREG registers to be used.  If the DSP48 was instantiated in the design, it is suggested to set both the MREG and PREG attributes to 1 when performing multiply functions.
Related violations: <none>

DPOP-2#106 Warning
MREG Output pipelining  
DSP u_array/g_pe_row[7].g_pe_pair[0].u_pe/u_dsp48 multiplier stage u_array/g_pe_row[7].g_pe_pair[0].u_pe/u_dsp48/P[47:0] is not pipelined (MREG=0). Pipelining the multiplier function will improve performance and will save significant power so it is suggested whenever possible to fully pipeline this function.  If this multiplier was inferred, it is suggested to describe an additional register stage after this function.  If there is no registered adder/accumulator following the multiply function, two pipeline stages are suggested to allow both the MREG and PREG registers to be used.  If the DSP48 was instantiated in the design, it is suggested to set both the MREG and PREG attributes to 1 when performing multiply functions.
Related violations: <none>

DPOP-2#107 Warning
MREG Output pipelining  
DSP u_array/g_pe_row[7].g_pe_pair[1].u_pe/u_dsp48 multiplier stage u_array/g_pe_row[7].g_pe_pair[1].u_pe/u_dsp48/P[47:0] is not pipelined (MREG=0). Pipelining the multiplier function will improve performance and will save significant power so it is suggested whenever possible to fully pipeline this function.  If this multiplier was inferred, it is suggested to describe an additional register stage after this function.  If there is no registered adder/accumulator following the multiply function, two pipeline stages are suggested to allow both the MREG and PREG registers to be used.  If the DSP48 was instantiated in the design, it is suggested to set both the MREG and PREG attributes to 1 when performing multiply functions.
Related violations: <none>

DPOP-2#108 Warning
MREG Output pipelining  
DSP u_array/g_pe_row[7].g_pe_pair[2].u_pe/u_dsp48 multiplier stage u_array/g_pe_row[7].g_pe_pair[2].u_pe/u_dsp48/P[47:0] is not pipelined (MREG=0). Pipelining the multiplier function will improve performance and will save significant power so it is suggested whenever possible to fully pipeline this function.  If this multiplier was inferred, it is suggested to describe an additional register stage after this function.  If there is no registered adder/accumulator following the multiply function, two pipeline stages are suggested to allow both the MREG and PREG registers to be used.  If the DSP48 was instantiated in the design, it is suggested to set both the MREG and PREG attributes to 1 when performing multiply functions.
Related violations: <none>

DPOP-2#109 Warning
MREG Output pipelining  
DSP u_array/g_pe_row[7].g_pe_pair[3].u_pe/u_dsp48 multiplier stage u_array/g_pe_row[7].g_pe_pair[3].u_pe/u_dsp48/P[47:0] is not pipelined (MREG=0). Pipelining the multiplier function will improve performance and will save significant power so it is suggested whenever possible to fully pipeline this function.  If this multiplier was inferred, it is suggested to describe an additional register stage after this function.  If there is no registered adder/accumulator following the multiply function, two pipeline stages are suggested to allow both the MREG and PREG registers to be used.  If the DSP48 was instantiated in the design, it is suggested to set both the MREG and PREG attributes to 1 when performing multiply functions.
Related violations: <none>

DPOP-2#110 Warning
MREG Output pipelining  
DSP u_array/g_pe_row[7].g_pe_pair[4].u_pe/u_dsp48 multiplier stage u_array/g_pe_row[7].g_pe_pair[4].u_pe/u_dsp48/P[47:0] is not pipelined (MREG=0). Pipelining the multiplier function will improve performance and will save significant power so it is suggested whenever possible to fully pipeline this function.  If this multiplier was inferred, it is suggested to describe an additional register stage after this function.  If there is no registered adder/accumulator following the multiply function, two pipeline stages are suggested to allow both the MREG and PREG registers to be used.  If the DSP48 was instantiated in the design, it is suggested to set both the MREG and PREG attributes to 1 when performing multiply functions.
Related violations: <none>

DPOP-2#111 Warning
MREG Output pipelining  
DSP u_array/g_pe_row[7].g_pe_pair[5].u_pe/u_dsp48 multiplier stage u_array/g_pe_row[7].g_pe_pair[5].u_pe/u_dsp48/P[47:0] is not pipelined (MREG=0). Pipelining the multiplier function will improve performance and will save significant power so it is suggested whenever possible to fully pipeline this function.  If this multiplier was inferred, it is suggested to describe an additional register stage after this function.  If there is no registered adder/accumulator following the multiply function, two pipeline stages are suggested to allow both the MREG and PREG registers to be used.  If the DSP48 was instantiated in the design, it is suggested to set both the MREG and PREG attributes to 1 when performing multiply functions.
Related violations: <none>

DPOP-2#112 Warning
MREG Output pipelining  
DSP u_array/g_pe_row[7].g_pe_pair[6].u_pe/u_dsp48 multiplier stage u_array/g_pe_row[7].g_pe_pair[6].u_pe/u_dsp48/P[47:0] is not pipelined (MREG=0). Pipelining the multiplier function will improve performance and will save significant power so it is suggested whenever possible to fully pipeline this function.  If this multiplier was inferred, it is suggested to describe an additional register stage after this function.  If there is no registered adder/accumulator following the multiply function, two pipeline stages are suggested to allow both the MREG and PREG registers to be used.  If the DSP48 was instantiated in the design, it is suggested to set both the MREG and PREG attributes to 1 when performing multiply functions.
Related violations: <none>

DPOP-2#113 Warning
MREG Output pipelining  
DSP u_array/g_pe_row[7].g_pe_pair[7].u_pe/u_dsp48 multiplier stage u_array/g_pe_row[7].g_pe_pair[7].u_pe/u_dsp48/P[47:0] is not pipelined (MREG=0). Pipelining the multiplier function will improve performance and will save significant power so it is suggested whenever possible to fully pipeline this function.  If this multiplier was inferred, it is suggested to describe an additional register stage after this function.  If there is no registered adder/accumulator following the multiply function, two pipeline stages are suggested to allow both the MREG and PREG registers to be used.  If the DSP48 was instantiated in the design, it is suggested to set both the MREG and PREG attributes to 1 when performing multiply functions.
Related violations: <none>

DPOP-2#114 Warning
MREG Output pipelining  
DSP u_array/g_pe_row[8].g_pe_pair[0].u_pe/u_dsp48 multiplier stage u_array/g_pe_row[8].g_pe_pair[0].u_pe/u_dsp48/P[47:0] is not pipelined (MREG=0). Pipelining the multiplier function will improve performance and will save significant power so it is suggested whenever possible to fully pipeline this function.  If this multiplier was inferred, it is suggested to describe an additional register stage after this function.  If there is no registered adder/accumulator following the multiply function, two pipeline stages are suggested to allow both the MREG and PREG registers to be used.  If the DSP48 was instantiated in the design, it is suggested to set both the MREG and PREG attributes to 1 when performing multiply functions.
Related violations: <none>

DPOP-2#115 Warning
MREG Output pipelining  
DSP u_array/g_pe_row[8].g_pe_pair[1].u_pe/u_dsp48 multiplier stage u_array/g_pe_row[8].g_pe_pair[1].u_pe/u_dsp48/P[47:0] is not pipelined (MREG=0). Pipelining the multiplier function will improve performance and will save significant power so it is suggested whenever possible to fully pipeline this function.  If this multiplier was inferred, it is suggested to describe an additional register stage after this function.  If there is no registered adder/accumulator following the multiply function, two pipeline stages are suggested to allow both the MREG and PREG registers to be used.  If the DSP48 was instantiated in the design, it is suggested to set both the MREG and PREG attributes to 1 when performing multiply functions.
Related violations: <none>

DPOP-2#116 Warning
MREG Output pipelining  
DSP u_array/g_pe_row[8].g_pe_pair[2].u_pe/u_dsp48 multiplier stage u_array/g_pe_row[8].g_pe_pair[2].u_pe/u_dsp48/P[47:0] is not pipelined (MREG=0). Pipelining the multiplier function will improve performance and will save significant power so it is suggested whenever possible to fully pipeline this function.  If this multiplier was inferred, it is suggested to describe an additional register stage after this function.  If there is no registered adder/accumulator following the multiply function, two pipeline stages are suggested to allow both the MREG and PREG registers to be used.  If the DSP48 was instantiated in the design, it is suggested to set both the MREG and PREG attributes to 1 when performing multiply functions.
Related violations: <none>

DPOP-2#117 Warning
MREG Output pipelining  
DSP u_array/g_pe_row[8].g_pe_pair[3].u_pe/u_dsp48 multiplier stage u_array/g_pe_row[8].g_pe_pair[3].u_pe/u_dsp48/P[47:0] is not pipelined (MREG=0). Pipelining the multiplier function will improve performance and will save significant power so it is suggested whenever possible to fully pipeline this function.  If this multiplier was inferred, it is suggested to describe an additional register stage after this function.  If there is no registered adder/accumulator following the multiply function, two pipeline stages are suggested to allow both the MREG and PREG registers to be used.  If the DSP48 was instantiated in the design, it is suggested to set both the MREG and PREG attributes to 1 when performing multiply functions.
Related violations: <none>

DPOP-2#118 Warning
MREG Output pipelining  
DSP u_array/g_pe_row[8].g_pe_pair[4].u_pe/u_dsp48 multiplier stage u_array/g_pe_row[8].g_pe_pair[4].u_pe/u_dsp48/P[47:0] is not pipelined (MREG=0). Pipelining the multiplier function will improve performance and will save significant power so it is suggested whenever possible to fully pipeline this function.  If this multiplier was inferred, it is suggested to describe an additional register stage after this function.  If there is no registered adder/accumulator following the multiply function, two pipeline stages are suggested to allow both the MREG and PREG registers to be used.  If the DSP48 was instantiated in the design, it is suggested to set both the MREG and PREG attributes to 1 when performing multiply functions.
Related violations: <none>

DPOP-2#119 Warning
MREG Output pipelining  
DSP u_array/g_pe_row[8].g_pe_pair[5].u_pe/u_dsp48 multiplier stage u_array/g_pe_row[8].g_pe_pair[5].u_pe/u_dsp48/P[47:0] is not pipelined (MREG=0). Pipelining the multiplier function will improve performance and will save significant power so it is suggested whenever possible to fully pipeline this function.  If this multiplier was inferred, it is suggested to describe an additional register stage after this function.  If there is no registered adder/accumulator following the multiply function, two pipeline stages are suggested to allow both the MREG and PREG registers to be used.  If the DSP48 was instantiated in the design, it is suggested to set both the MREG and PREG attributes to 1 when performing multiply functions.
Related violations: <none>

DPOP-2#120 Warning
MREG Output pipelining  
DSP u_array/g_pe_row[8].g_pe_pair[6].u_pe/u_dsp48 multiplier stage u_array/g_pe_row[8].g_pe_pair[6].u_pe/u_dsp48/P[47:0] is not pipelined (MREG=0). Pipelining the multiplier function will improve performance and will save significant power so it is suggested whenever possible to fully pipeline this function.  If this multiplier was inferred, it is suggested to describe an additional register stage after this function.  If there is no registered adder/accumulator following the multiply function, two pipeline stages are suggested to allow both the MREG and PREG registers to be used.  If the DSP48 was instantiated in the design, it is suggested to set both the MREG and PREG attributes to 1 when performing multiply functions.
Related violations: <none>

DPOP-2#121 Warning
MREG Output pipelining  
DSP u_array/g_pe_row[8].g_pe_pair[7].u_pe/u_dsp48 multiplier stage u_array/g_pe_row[8].g_pe_pair[7].u_pe/u_dsp48/P[47:0] is not pipelined (MREG=0). Pipelining the multiplier function will improve performance and will save significant power so it is suggested whenever possible to fully pipeline this function.  If this multiplier was inferred, it is suggested to describe an additional register stage after this function.  If there is no registered adder/accumulator following the multiply function, two pipeline stages are suggested to allow both the MREG and PREG registers to be used.  If the DSP48 was instantiated in the design, it is suggested to set both the MREG and PREG attributes to 1 when performing multiply functions.
Related violations: <none>

DPOP-2#122 Warning
MREG Output pipelining  
DSP u_array/g_pe_row[9].g_pe_pair[0].u_pe/u_dsp48 multiplier stage u_array/g_pe_row[9].g_pe_pair[0].u_pe/u_dsp48/P[47:0] is not pipelined (MREG=0). Pipelining the multiplier function will improve performance and will save significant power so it is suggested whenever possible to fully pipeline this function.  If this multiplier was inferred, it is suggested to describe an additional register stage after this function.  If there is no registered adder/accumulator following the multiply function, two pipeline stages are suggested to allow both the MREG and PREG registers to be used.  If the DSP48 was instantiated in the design, it is suggested to set both the MREG and PREG attributes to 1 when performing multiply functions.
Related violations: <none>

DPOP-2#123 Warning
MREG Output pipelining  
DSP u_array/g_pe_row[9].g_pe_pair[1].u_pe/u_dsp48 multiplier stage u_array/g_pe_row[9].g_pe_pair[1].u_pe/u_dsp48/P[47:0] is not pipelined (MREG=0). Pipelining the multiplier function will improve performance and will save significant power so it is suggested whenever possible to fully pipeline this function.  If this multiplier was inferred, it is suggested to describe an additional register stage after this function.  If there is no registered adder/accumulator following the multiply function, two pipeline stages are suggested to allow both the MREG and PREG registers to be used.  If the DSP48 was instantiated in the design, it is suggested to set both the MREG and PREG attributes to 1 when performing multiply functions.
Related violations: <none>

DPOP-2#124 Warning
MREG Output pipelining  
DSP u_array/g_pe_row[9].g_pe_pair[2].u_pe/u_dsp48 multiplier stage u_array/g_pe_row[9].g_pe_pair[2].u_pe/u_dsp48/P[47:0] is not pipelined (MREG=0). Pipelining the multiplier function will improve performance and will save significant power so it is suggested whenever possible to fully pipeline this function.  If this multiplier was inferred, it is suggested to describe an additional register stage after this function.  If there is no registered adder/accumulator following the multiply function, two pipeline stages are suggested to allow both the MREG and PREG registers to be used.  If the DSP48 was instantiated in the design, it is suggested to set both the MREG and PREG attributes to 1 when performing multiply functions.
Related violations: <none>

DPOP-2#125 Warning
MREG Output pipelining  
DSP u_array/g_pe_row[9].g_pe_pair[3].u_pe/u_dsp48 multiplier stage u_array/g_pe_row[9].g_pe_pair[3].u_pe/u_dsp48/P[47:0] is not pipelined (MREG=0). Pipelining the multiplier function will improve performance and will save significant power so it is suggested whenever possible to fully pipeline this function.  If this multiplier was inferred, it is suggested to describe an additional register stage after this function.  If there is no registered adder/accumulator following the multiply function, two pipeline stages are suggested to allow both the MREG and PREG registers to be used.  If the DSP48 was instantiated in the design, it is suggested to set both the MREG and PREG attributes to 1 when performing multiply functions.
Related violations: <none>

DPOP-2#126 Warning
MREG Output pipelining  
DSP u_array/g_pe_row[9].g_pe_pair[4].u_pe/u_dsp48 multiplier stage u_array/g_pe_row[9].g_pe_pair[4].u_pe/u_dsp48/P[47:0] is not pipelined (MREG=0). Pipelining the multiplier function will improve performance and will save significant power so it is suggested whenever possible to fully pipeline this function.  If this multiplier was inferred, it is suggested to describe an additional register stage after this function.  If there is no registered adder/accumulator following the multiply function, two pipeline stages are suggested to allow both the MREG and PREG registers to be used.  If the DSP48 was instantiated in the design, it is suggested to set both the MREG and PREG attributes to 1 when performing multiply functions.
Related violations: <none>

DPOP-2#127 Warning
MREG Output pipelining  
DSP u_array/g_pe_row[9].g_pe_pair[5].u_pe/u_dsp48 multiplier stage u_array/g_pe_row[9].g_pe_pair[5].u_pe/u_dsp48/P[47:0] is not pipelined (MREG=0). Pipelining the multiplier function will improve performance and will save significant power so it is suggested whenever possible to fully pipeline this function.  If this multiplier was inferred, it is suggested to describe an additional register stage after this function.  If there is no registered adder/accumulator following the multiply function, two pipeline stages are suggested to allow both the MREG and PREG registers to be used.  If the DSP48 was instantiated in the design, it is suggested to set both the MREG and PREG attributes to 1 when performing multiply functions.
Related violations: <none>

DPOP-2#128 Warning
MREG Output pipelining  
DSP u_array/g_pe_row[9].g_pe_pair[6].u_pe/u_dsp48 multiplier stage u_array/g_pe_row[9].g_pe_pair[6].u_pe/u_dsp48/P[47:0] is not pipelined (MREG=0). Pipelining the multiplier function will improve performance and will save significant power so it is suggested whenever possible to fully pipeline this function.  If this multiplier was inferred, it is suggested to describe an additional register stage after this function.  If there is no registered adder/accumulator following the multiply function, two pipeline stages are suggested to allow both the MREG and PREG registers to be used.  If the DSP48 was instantiated in the design, it is suggested to set both the MREG and PREG attributes to 1 when performing multiply functions.
Related violations: <none>

DPOP-2#129 Warning
MREG Output pipelining  
DSP u_array/g_pe_row[9].g_pe_pair[7].u_pe/u_dsp48 multiplier stage u_array/g_pe_row[9].g_pe_pair[7].u_pe/u_dsp48/P[47:0] is not pipelined (MREG=0). Pipelining the multiplier function will improve performance and will save significant power so it is suggested whenever possible to fully pipeline this function.  If this multiplier was inferred, it is suggested to describe an additional register stage after this function.  If there is no registered adder/accumulator following the multiply function, two pipeline stages are suggested to allow both the MREG and PREG registers to be used.  If the DSP48 was instantiated in the design, it is suggested to set both the MREG and PREG attributes to 1 when performing multiply functions.
Related violations: <none>

DPOP-2#130 Warning
MREG Output pipelining  
DSP u_array/row_addr_d0_w multiplier stage u_array/row_addr_d0_w/P[47:0] is not pipelined (MREG=0). Pipelining the multiplier function will improve performance and will save significant power so it is suggested whenever possible to fully pipeline this function.  If this multiplier was inferred, it is suggested to describe an additional register stage after this function.  If there is no registered adder/accumulator following the multiply function, two pipeline stages are suggested to allow both the MREG and PREG registers to be used.  If the DSP48 was instantiated in the design, it is suggested to set both the MREG and PREG attributes to 1 when performing multiply functions.
Related violations: <none>

DPOP-2#131 Warning
MREG Output pipelining  
DSP u_array/u_addrgen/in_b2 multiplier stage u_array/u_addrgen/in_b2/P[47:0] is not pipelined (MREG=0). Pipelining the multiplier function will improve performance and will save significant power so it is suggested whenever possible to fully pipeline this function.  If this multiplier was inferred, it is suggested to describe an additional register stage after this function.  If there is no registered adder/accumulator following the multiply function, two pipeline stages are suggested to allow both the MREG and PREG registers to be used.  If the DSP48 was instantiated in the design, it is suggested to set both the MREG and PREG attributes to 1 when performing multiply functions.
Related violations: <none>

DPOP-2#132 Warning
MREG Output pipelining  
DSP u_array/u_addrgen/in_b3 multiplier stage u_array/u_addrgen/in_b3/P[47:0] is not pipelined (MREG=0). Pipelining the multiplier function will improve performance and will save significant power so it is suggested whenever possible to fully pipeline this function.  If this multiplier was inferred, it is suggested to describe an additional register stage after this function.  If there is no registered adder/accumulator following the multiply function, two pipeline stages are suggested to allow both the MREG and PREG registers to be used.  If the DSP48 was instantiated in the design, it is suggested to set both the MREG and PREG attributes to 1 when performing multiply functions.
Related violations: <none>

DPOP-2#133 Warning
MREG Output pipelining  
DSP u_array/u_addrgen/plane_sz multiplier stage u_array/u_addrgen/plane_sz/P[47:0] is not pipelined (MREG=0). Pipelining the multiplier function will improve performance and will save significant power so it is suggested whenever possible to fully pipeline this function.  If this multiplier was inferred, it is suggested to describe an additional register stage after this function.  If there is no registered adder/accumulator following the multiply function, two pipeline stages are suggested to allow both the MREG and PREG registers to be used.  If the DSP48 was instantiated in the design, it is suggested to set both the MREG and PREG attributes to 1 when performing multiply functions.
Related violations: <none>

DPOP-2#134 Warning
MREG Output pipelining  
DSP u_array/u_addrgen/x_addr_w1__0 multiplier stage u_array/u_addrgen/x_addr_w1__0/P[47:0] is not pipelined (MREG=0). Pipelining the multiplier function will improve performance and will save significant power so it is suggested whenever possible to fully pipeline this function.  If this multiplier was inferred, it is suggested to describe an additional register stage after this function.  If there is no registered adder/accumulator following the multiply function, two pipeline stages are suggested to allow both the MREG and PREG registers to be used.  If the DSP48 was instantiated in the design, it is suggested to set both the MREG and PREG attributes to 1 when performing multiply functions.
Related violations: <none>

DPOP-2#135 Warning
MREG Output pipelining  
DSP u_array/u_addrgen/x_addr_w1__1 multiplier stage u_array/u_addrgen/x_addr_w1__1/P[47:0] is not pipelined (MREG=0). Pipelining the multiplier function will improve performance and will save significant power so it is suggested whenever possible to fully pipeline this function.  If this multiplier was inferred, it is suggested to describe an additional register stage after this function.  If there is no registered adder/accumulator following the multiply function, two pipeline stages are suggested to allow both the MREG and PREG registers to be used.  If the DSP48 was instantiated in the design, it is suggested to set both the MREG and PREG attributes to 1 when performing multiply functions.
Related violations: <none>

DPOP-2#136 Warning
MREG Output pipelining  
DSP u_array/u_ctrl/rq_last_w0 multiplier stage u_array/u_ctrl/rq_last_w0/P[47:0] is not pipelined (MREG=0). Pipelining the multiplier function will improve performance and will save significant power so it is suggested whenever possible to fully pipeline this function.  If this multiplier was inferred, it is suggested to describe an additional register stage after this function.  If there is no registered adder/accumulator following the multiply function, two pipeline stages are suggested to allow both the MREG and PREG registers to be used.  If the DSP48 was instantiated in the design, it is suggested to set both the MREG and PREG attributes to 1 when performing multiply functions.
Related violations: <none>

DPOP-2#137 Warning
MREG Output pipelining  
DSP u_array/u_requant/prod multiplier stage u_array/u_requant/prod/P[47:0] is not pipelined (MREG=0). Pipelining the multiplier function will improve performance and will save significant power so it is suggested whenever possible to fully pipeline this function.  If this multiplier was inferred, it is suggested to describe an additional register stage after this function.  If there is no registered adder/accumulator following the multiply function, two pipeline stages are suggested to allow both the MREG and PREG registers to be used.  If the DSP48 was instantiated in the design, it is suggested to set both the MREG and PREG attributes to 1 when performing multiply functions.
Related violations: <none>

DPOP-2#138 Warning
MREG Output pipelining  
DSP u_array/u_requant/prod__0 multiplier stage u_array/u_requant/prod__0/P[47:0] is not pipelined (MREG=0). Pipelining the multiplier function will improve performance and will save significant power so it is suggested whenever possible to fully pipeline this function.  If this multiplier was inferred, it is suggested to describe an additional register stage after this function.  If there is no registered adder/accumulator following the multiply function, two pipeline stages are suggested to allow both the MREG and PREG registers to be used.  If the DSP48 was instantiated in the design, it is suggested to set both the MREG and PREG attributes to 1 when performing multiply functions.
Related violations: <none>

DPOP-2#139 Warning
MREG Output pipelining  
DSP u_array/u_requant/prod__1 multiplier stage u_array/u_requant/prod__1/P[47:0] is not pipelined (MREG=0). Pipelining the multiplier function will improve performance and will save significant power so it is suggested whenever possible to fully pipeline this function.  If this multiplier was inferred, it is suggested to describe an additional register stage after this function.  If there is no registered adder/accumulator following the multiply function, two pipeline stages are suggested to allow both the MREG and PREG registers to be used.  If the DSP48 was instantiated in the design, it is suggested to set both the MREG and PREG attributes to 1 when performing multiply functions.
Related violations: <none>

DPOP-2#140 Warning
MREG Output pipelining  
DSP u_array/u_requant/prod__2 multiplier stage u_array/u_requant/prod__2/P[47:0] is not pipelined (MREG=0). Pipelining the multiplier function will improve performance and will save significant power so it is suggested whenever possible to fully pipeline this function.  If this multiplier was inferred, it is suggested to describe an additional register stage after this function.  If there is no registered adder/accumulator following the multiply function, two pipeline stages are suggested to allow both the MREG and PREG registers to be used.  If the DSP48 was instantiated in the design, it is suggested to set both the MREG and PREG attributes to 1 when performing multiply functions.
Related violations: <none>

REQP-1839#1 Warning
RAMB36 async control check  
The RAMB36E1 u_array/u_xbuf/u_bank0/U0/inst_blk_mem_gen/gnbram.gnativebmg.native_blk_mem_gen/valid.cstr/ramloop[0].ram.r/prim_noinit.ram/DEVICE_7SERIES.NO_BMM_INFO.SDP.SIMPLE_PRIM36.ram has an input control pin u_array/u_xbuf/u_bank0/U0/inst_blk_mem_gen/gnbram.gnativebmg.native_blk_mem_gen/valid.cstr/ramloop[0].ram.r/prim_noinit.ram/DEVICE_7SERIES.NO_BMM_INFO.SDP.SIMPLE_PRIM36.ram/ADDRARDADDR[10] (net: u_array/u_xbuf/u_bank0/U0/inst_blk_mem_gen/gnbram.gnativebmg.native_blk_mem_gen/valid.cstr/ramloop[0].ram.r/prim_noinit.ram/addra[6]) which is driven by a register (u_array/u_addrgen/k_cnt_reg[6]) that has an active asychronous set or reset. This may cause corruption of the memory contents and/or read values when the set/reset is asserted and is not analyzed by the default static timing analysis. It is suggested to eliminate the use of a set/reset to registers driving this RAMB pin or else use a synchronous reset in which the assertion of the reset is timed by default.
Related violations: <none>

REQP-1839#2 Warning
RAMB36 async control check  
The RAMB36E1 u_array/u_xbuf/u_bank0/U0/inst_blk_mem_gen/gnbram.gnativebmg.native_blk_mem_gen/valid.cstr/ramloop[0].ram.r/prim_noinit.ram/DEVICE_7SERIES.NO_BMM_INFO.SDP.SIMPLE_PRIM36.ram has an input control pin u_array/u_xbuf/u_bank0/U0/inst_blk_mem_gen/gnbram.gnativebmg.native_blk_mem_gen/valid.cstr/ramloop[0].ram.r/prim_noinit.ram/DEVICE_7SERIES.NO_BMM_INFO.SDP.SIMPLE_PRIM36.ram/ADDRARDADDR[11] (net: u_array/u_xbuf/u_bank0/U0/inst_blk_mem_gen/gnbram.gnativebmg.native_blk_mem_gen/valid.cstr/ramloop[0].ram.r/prim_noinit.ram/addra[7]) which is driven by a register (u_array/u_addrgen/k_cnt_reg[7]) that has an active asychronous set or reset. This may cause corruption of the memory contents and/or read values when the set/reset is asserted and is not analyzed by the default static timing analysis. It is suggested to eliminate the use of a set/reset to registers driving this RAMB pin or else use a synchronous reset in which the assertion of the reset is timed by default.
Related violations: <none>

REQP-1839#3 Warning
RAMB36 async control check  
The RAMB36E1 u_array/u_xbuf/u_bank0/U0/inst_blk_mem_gen/gnbram.gnativebmg.native_blk_mem_gen/valid.cstr/ramloop[0].ram.r/prim_noinit.ram/DEVICE_7SERIES.NO_BMM_INFO.SDP.SIMPLE_PRIM36.ram has an input control pin u_array/u_xbuf/u_bank0/U0/inst_blk_mem_gen/gnbram.gnativebmg.native_blk_mem_gen/valid.cstr/ramloop[0].ram.r/prim_noinit.ram/DEVICE_7SERIES.NO_BMM_INFO.SDP.SIMPLE_PRIM36.ram/ADDRARDADDR[12] (net: u_array/u_xbuf/u_bank0/U0/inst_blk_mem_gen/gnbram.gnativebmg.native_blk_mem_gen/valid.cstr/ramloop[0].ram.r/prim_noinit.ram/addra[8]) which is driven by a register (u_array/u_addrgen/k_cnt_reg[8]) that has an active asychronous set or reset. This may cause corruption of the memory contents and/or read values when the set/reset is asserted and is not analyzed by the default static timing analysis. It is suggested to eliminate the use of a set/reset to registers driving this RAMB pin or else use a synchronous reset in which the assertion of the reset is timed by default.
Related violations: <none>

REQP-1839#4 Warning
RAMB36 async control check  
The RAMB36E1 u_array/u_xbuf/u_bank0/U0/inst_blk_mem_gen/gnbram.gnativebmg.native_blk_mem_gen/valid.cstr/ramloop[0].ram.r/prim_noinit.ram/DEVICE_7SERIES.NO_BMM_INFO.SDP.SIMPLE_PRIM36.ram has an input control pin u_array/u_xbuf/u_bank0/U0/inst_blk_mem_gen/gnbram.gnativebmg.native_blk_mem_gen/valid.cstr/ramloop[0].ram.r/prim_noinit.ram/DEVICE_7SERIES.NO_BMM_INFO.SDP.SIMPLE_PRIM36.ram/ADDRARDADDR[13] (net: u_array/u_xbuf/u_bank0/U0/inst_blk_mem_gen/gnbram.gnativebmg.native_blk_mem_gen/valid.cstr/ramloop[0].ram.r/prim_noinit.ram/addra[9]) which is driven by a register (u_array/u_addrgen/k_cnt_reg[9]) that has an active asychronous set or reset. This may cause corruption of the memory contents and/or read values when the set/reset is asserted and is not analyzed by the default static timing analysis. It is suggested to eliminate the use of a set/reset to registers driving this RAMB pin or else use a synchronous reset in which the assertion of the reset is timed by default.
Related violations: <none>

REQP-1839#5 Warning
RAMB36 async control check  
The RAMB36E1 u_array/u_xbuf/u_bank0/U0/inst_blk_mem_gen/gnbram.gnativebmg.native_blk_mem_gen/valid.cstr/ramloop[0].ram.r/prim_noinit.ram/DEVICE_7SERIES.NO_BMM_INFO.SDP.SIMPLE_PRIM36.ram has an input control pin u_array/u_xbuf/u_bank0/U0/inst_blk_mem_gen/gnbram.gnativebmg.native_blk_mem_gen/valid.cstr/ramloop[0].ram.r/prim_noinit.ram/DEVICE_7SERIES.NO_BMM_INFO.SDP.SIMPLE_PRIM36.ram/ADDRARDADDR[14] (net: u_array/u_xbuf/u_bank0/U0/inst_blk_mem_gen/gnbram.gnativebmg.native_blk_mem_gen/valid.cstr/ramloop[0].ram.r/prim_noinit.ram/addra[10]) which is driven by a register (u_array/u_addrgen/k_cnt_reg[10]) that has an active asychronous set or reset. This may cause corruption of the memory contents and/or read values when the set/reset is asserted and is not analyzed by the default static timing analysis. It is suggested to eliminate the use of a set/reset to registers driving this RAMB pin or else use a synchronous reset in which the assertion of the reset is timed by default.
Related violations: <none>

REQP-1839#6 Warning
RAMB36 async control check  
The RAMB36E1 u_array/u_xbuf/u_bank0/U0/inst_blk_mem_gen/gnbram.gnativebmg.native_blk_mem_gen/valid.cstr/ramloop[0].ram.r/prim_noinit.ram/DEVICE_7SERIES.NO_BMM_INFO.SDP.SIMPLE_PRIM36.ram has an input control pin u_array/u_xbuf/u_bank0/U0/inst_blk_mem_gen/gnbram.gnativebmg.native_blk_mem_gen/valid.cstr/ramloop[0].ram.r/prim_noinit.ram/DEVICE_7SERIES.NO_BMM_INFO.SDP.SIMPLE_PRIM36.ram/ADDRARDADDR[4] (net: u_array/u_xbuf/u_bank0/U0/inst_blk_mem_gen/gnbram.gnativebmg.native_blk_mem_gen/valid.cstr/ramloop[0].ram.r/prim_noinit.ram/addra[0]) which is driven by a register (u_array/u_addrgen/k_cnt_reg[0]) that has an active asychronous set or reset. This may cause corruption of the memory contents and/or read values when the set/reset is asserted and is not analyzed by the default static timing analysis. It is suggested to eliminate the use of a set/reset to registers driving this RAMB pin or else use a synchronous reset in which the assertion of the reset is timed by default.
Related violations: <none>

REQP-1839#7 Warning
RAMB36 async control check  
The RAMB36E1 u_array/u_xbuf/u_bank0/U0/inst_blk_mem_gen/gnbram.gnativebmg.native_blk_mem_gen/valid.cstr/ramloop[0].ram.r/prim_noinit.ram/DEVICE_7SERIES.NO_BMM_INFO.SDP.SIMPLE_PRIM36.ram has an input control pin u_array/u_xbuf/u_bank0/U0/inst_blk_mem_gen/gnbram.gnativebmg.native_blk_mem_gen/valid.cstr/ramloop[0].ram.r/prim_noinit.ram/DEVICE_7SERIES.NO_BMM_INFO.SDP.SIMPLE_PRIM36.ram/ADDRARDADDR[5] (net: u_array/u_xbuf/u_bank0/U0/inst_blk_mem_gen/gnbram.gnativebmg.native_blk_mem_gen/valid.cstr/ramloop[0].ram.r/prim_noinit.ram/addra[1]) which is driven by a register (u_array/u_addrgen/k_cnt_reg[1]) that has an active asychronous set or reset. This may cause corruption of the memory contents and/or read values when the set/reset is asserted and is not analyzed by the default static timing analysis. It is suggested to eliminate the use of a set/reset to registers driving this RAMB pin or else use a synchronous reset in which the assertion of the reset is timed by default.
Related violations: <none>

REQP-1839#8 Warning
RAMB36 async control check  
The RAMB36E1 u_array/u_xbuf/u_bank0/U0/inst_blk_mem_gen/gnbram.gnativebmg.native_blk_mem_gen/valid.cstr/ramloop[0].ram.r/prim_noinit.ram/DEVICE_7SERIES.NO_BMM_INFO.SDP.SIMPLE_PRIM36.ram has an input control pin u_array/u_xbuf/u_bank0/U0/inst_blk_mem_gen/gnbram.gnativebmg.native_blk_mem_gen/valid.cstr/ramloop[0].ram.r/prim_noinit.ram/DEVICE_7SERIES.NO_BMM_INFO.SDP.SIMPLE_PRIM36.ram/ADDRARDADDR[6] (net: u_array/u_xbuf/u_bank0/U0/inst_blk_mem_gen/gnbram.gnativebmg.native_blk_mem_gen/valid.cstr/ramloop[0].ram.r/prim_noinit.ram/addra[2]) which is driven by a register (u_array/u_addrgen/k_cnt_reg[2]) that has an active asychronous set or reset. This may cause corruption of the memory contents and/or read values when the set/reset is asserted and is not analyzed by the default static timing analysis. It is suggested to eliminate the use of a set/reset to registers driving this RAMB pin or else use a synchronous reset in which the assertion of the reset is timed by default.
Related violations: <none>

REQP-1839#9 Warning
RAMB36 async control check  
The RAMB36E1 u_array/u_xbuf/u_bank0/U0/inst_blk_mem_gen/gnbram.gnativebmg.native_blk_mem_gen/valid.cstr/ramloop[0].ram.r/prim_noinit.ram/DEVICE_7SERIES.NO_BMM_INFO.SDP.SIMPLE_PRIM36.ram has an input control pin u_array/u_xbuf/u_bank0/U0/inst_blk_mem_gen/gnbram.gnativebmg.native_blk_mem_gen/valid.cstr/ramloop[0].ram.r/prim_noinit.ram/DEVICE_7SERIES.NO_BMM_INFO.SDP.SIMPLE_PRIM36.ram/ADDRARDADDR[7] (net: u_array/u_xbuf/u_bank0/U0/inst_blk_mem_gen/gnbram.gnativebmg.native_blk_mem_gen/valid.cstr/ramloop[0].ram.r/prim_noinit.ram/addra[3]) which is driven by a register (u_array/u_addrgen/k_cnt_reg[3]) that has an active asychronous set or reset. This may cause corruption of the memory contents and/or read values when the set/reset is asserted and is not analyzed by the default static timing analysis. It is suggested to eliminate the use of a set/reset to registers driving this RAMB pin or else use a synchronous reset in which the assertion of the reset is timed by default.
Related violations: <none>

REQP-1839#10 Warning
RAMB36 async control check  
The RAMB36E1 u_array/u_xbuf/u_bank0/U0/inst_blk_mem_gen/gnbram.gnativebmg.native_blk_mem_gen/valid.cstr/ramloop[0].ram.r/prim_noinit.ram/DEVICE_7SERIES.NO_BMM_INFO.SDP.SIMPLE_PRIM36.ram has an input control pin u_array/u_xbuf/u_bank0/U0/inst_blk_mem_gen/gnbram.gnativebmg.native_blk_mem_gen/valid.cstr/ramloop[0].ram.r/prim_noinit.ram/DEVICE_7SERIES.NO_BMM_INFO.SDP.SIMPLE_PRIM36.ram/ADDRARDADDR[8] (net: u_array/u_xbuf/u_bank0/U0/inst_blk_mem_gen/gnbram.gnativebmg.native_blk_mem_gen/valid.cstr/ramloop[0].ram.r/prim_noinit.ram/addra[4]) which is driven by a register (u_array/u_addrgen/k_cnt_reg[4]) that has an active asychronous set or reset. This may cause corruption of the memory contents and/or read values when the set/reset is asserted and is not analyzed by the default static timing analysis. It is suggested to eliminate the use of a set/reset to registers driving this RAMB pin or else use a synchronous reset in which the assertion of the reset is timed by default.
Related violations: <none>

REQP-1839#11 Warning
RAMB36 async control check  
The RAMB36E1 u_array/u_xbuf/u_bank0/U0/inst_blk_mem_gen/gnbram.gnativebmg.native_blk_mem_gen/valid.cstr/ramloop[0].ram.r/prim_noinit.ram/DEVICE_7SERIES.NO_BMM_INFO.SDP.SIMPLE_PRIM36.ram has an input control pin u_array/u_xbuf/u_bank0/U0/inst_blk_mem_gen/gnbram.gnativebmg.native_blk_mem_gen/valid.cstr/ramloop[0].ram.r/prim_noinit.ram/DEVICE_7SERIES.NO_BMM_INFO.SDP.SIMPLE_PRIM36.ram/ADDRARDADDR[9] (net: u_array/u_xbuf/u_bank0/U0/inst_blk_mem_gen/gnbram.gnativebmg.native_blk_mem_gen/valid.cstr/ramloop[0].ram.r/prim_noinit.ram/addra[5]) which is driven by a register (u_array/u_addrgen/k_cnt_reg[5]) that has an active asychronous set or reset. This may cause corruption of the memory contents and/or read values when the set/reset is asserted and is not analyzed by the default static timing analysis. It is suggested to eliminate the use of a set/reset to registers driving this RAMB pin or else use a synchronous reset in which the assertion of the reset is timed by default.
Related violations: <none>

REQP-1839#12 Warning
RAMB36 async control check  
The RAMB36E1 u_array/u_xbuf/u_bank0/U0/inst_blk_mem_gen/gnbram.gnativebmg.native_blk_mem_gen/valid.cstr/ramloop[0].ram.r/prim_noinit.ram/DEVICE_7SERIES.NO_BMM_INFO.SDP.SIMPLE_PRIM36.ram has an input control pin u_array/u_xbuf/u_bank0/U0/inst_blk_mem_gen/gnbram.gnativebmg.native_blk_mem_gen/valid.cstr/ramloop[0].ram.r/prim_noinit.ram/DEVICE_7SERIES.NO_BMM_INFO.SDP.SIMPLE_PRIM36.ram/ADDRBWRADDR[10] (net: u_array/u_xbuf/u_bank0/U0/inst_blk_mem_gen/gnbram.gnativebmg.native_blk_mem_gen/valid.cstr/ramloop[0].ram.r/prim_noinit.ram/addrb[6]) which is driven by a register (u_array/u_ctrl/k_cnt_r_reg[6]) that has an active asychronous set or reset. This may cause corruption of the memory contents and/or read values when the set/reset is asserted and is not analyzed by the default static timing analysis. It is suggested to eliminate the use of a set/reset to registers driving this RAMB pin or else use a synchronous reset in which the assertion of the reset is timed by default.
Related violations: <none>

REQP-1839#13 Warning
RAMB36 async control check  
The RAMB36E1 u_array/u_xbuf/u_bank0/U0/inst_blk_mem_gen/gnbram.gnativebmg.native_blk_mem_gen/valid.cstr/ramloop[0].ram.r/prim_noinit.ram/DEVICE_7SERIES.NO_BMM_INFO.SDP.SIMPLE_PRIM36.ram has an input control pin u_array/u_xbuf/u_bank0/U0/inst_blk_mem_gen/gnbram.gnativebmg.native_blk_mem_gen/valid.cstr/ramloop[0].ram.r/prim_noinit.ram/DEVICE_7SERIES.NO_BMM_INFO.SDP.SIMPLE_PRIM36.ram/ADDRBWRADDR[11] (net: u_array/u_xbuf/u_bank0/U0/inst_blk_mem_gen/gnbram.gnativebmg.native_blk_mem_gen/valid.cstr/ramloop[0].ram.r/prim_noinit.ram/addrb[7]) which is driven by a register (u_array/u_ctrl/k_cnt_r_reg[7]) that has an active asychronous set or reset. This may cause corruption of the memory contents and/or read values when the set/reset is asserted and is not analyzed by the default static timing analysis. It is suggested to eliminate the use of a set/reset to registers driving this RAMB pin or else use a synchronous reset in which the assertion of the reset is timed by default.
Related violations: <none>

REQP-1839#14 Warning
RAMB36 async control check  
The RAMB36E1 u_array/u_xbuf/u_bank0/U0/inst_blk_mem_gen/gnbram.gnativebmg.native_blk_mem_gen/valid.cstr/ramloop[0].ram.r/prim_noinit.ram/DEVICE_7SERIES.NO_BMM_INFO.SDP.SIMPLE_PRIM36.ram has an input control pin u_array/u_xbuf/u_bank0/U0/inst_blk_mem_gen/gnbram.gnativebmg.native_blk_mem_gen/valid.cstr/ramloop[0].ram.r/prim_noinit.ram/DEVICE_7SERIES.NO_BMM_INFO.SDP.SIMPLE_PRIM36.ram/ADDRBWRADDR[12] (net: u_array/u_xbuf/u_bank0/U0/inst_blk_mem_gen/gnbram.gnativebmg.native_blk_mem_gen/valid.cstr/ramloop[0].ram.r/prim_noinit.ram/addrb[8]) which is driven by a register (u_array/u_ctrl/k_cnt_r_reg[8]) that has an active asychronous set or reset. This may cause corruption of the memory contents and/or read values when the set/reset is asserted and is not analyzed by the default static timing analysis. It is suggested to eliminate the use of a set/reset to registers driving this RAMB pin or else use a synchronous reset in which the assertion of the reset is timed by default.
Related violations: <none>

REQP-1839#15 Warning
RAMB36 async control check  
The RAMB36E1 u_array/u_xbuf/u_bank0/U0/inst_blk_mem_gen/gnbram.gnativebmg.native_blk_mem_gen/valid.cstr/ramloop[0].ram.r/prim_noinit.ram/DEVICE_7SERIES.NO_BMM_INFO.SDP.SIMPLE_PRIM36.ram has an input control pin u_array/u_xbuf/u_bank0/U0/inst_blk_mem_gen/gnbram.gnativebmg.native_blk_mem_gen/valid.cstr/ramloop[0].ram.r/prim_noinit.ram/DEVICE_7SERIES.NO_BMM_INFO.SDP.SIMPLE_PRIM36.ram/ADDRBWRADDR[13] (net: u_array/u_xbuf/u_bank0/U0/inst_blk_mem_gen/gnbram.gnativebmg.native_blk_mem_gen/valid.cstr/ramloop[0].ram.r/prim_noinit.ram/addrb[9]) which is driven by a register (u_array/u_ctrl/k_cnt_r_reg[9]) that has an active asychronous set or reset. This may cause corruption of the memory contents and/or read values when the set/reset is asserted and is not analyzed by the default static timing analysis. It is suggested to eliminate the use of a set/reset to registers driving this RAMB pin or else use a synchronous reset in which the assertion of the reset is timed by default.
Related violations: <none>

REQP-1839#16 Warning
RAMB36 async control check  
The RAMB36E1 u_array/u_xbuf/u_bank0/U0/inst_blk_mem_gen/gnbram.gnativebmg.native_blk_mem_gen/valid.cstr/ramloop[0].ram.r/prim_noinit.ram/DEVICE_7SERIES.NO_BMM_INFO.SDP.SIMPLE_PRIM36.ram has an input control pin u_array/u_xbuf/u_bank0/U0/inst_blk_mem_gen/gnbram.gnativebmg.native_blk_mem_gen/valid.cstr/ramloop[0].ram.r/prim_noinit.ram/DEVICE_7SERIES.NO_BMM_INFO.SDP.SIMPLE_PRIM36.ram/ADDRBWRADDR[14] (net: u_array/u_xbuf/u_bank0/U0/inst_blk_mem_gen/gnbram.gnativebmg.native_blk_mem_gen/valid.cstr/ramloop[0].ram.r/prim_noinit.ram/addrb[10]) which is driven by a register (u_array/u_ctrl/k_cnt_r_reg[10]) that has an active asychronous set or reset. This may cause corruption of the memory contents and/or read values when the set/reset is asserted and is not analyzed by the default static timing analysis. It is suggested to eliminate the use of a set/reset to registers driving this RAMB pin or else use a synchronous reset in which the assertion of the reset is timed by default.
Related violations: <none>

REQP-1839#17 Warning
RAMB36 async control check  
The RAMB36E1 u_array/u_xbuf/u_bank0/U0/inst_blk_mem_gen/gnbram.gnativebmg.native_blk_mem_gen/valid.cstr/ramloop[0].ram.r/prim_noinit.ram/DEVICE_7SERIES.NO_BMM_INFO.SDP.SIMPLE_PRIM36.ram has an input control pin u_array/u_xbuf/u_bank0/U0/inst_blk_mem_gen/gnbram.gnativebmg.native_blk_mem_gen/valid.cstr/ramloop[0].ram.r/prim_noinit.ram/DEVICE_7SERIES.NO_BMM_INFO.SDP.SIMPLE_PRIM36.ram/ADDRBWRADDR[6] (net: u_array/u_xbuf/u_bank0/U0/inst_blk_mem_gen/gnbram.gnativebmg.native_blk_mem_gen/valid.cstr/ramloop[0].ram.r/prim_noinit.ram/addrb[2]) which is driven by a register (u_array/u_ctrl/k_cnt_r_reg[2]) that has an active asychronous set or reset. This may cause corruption of the memory contents and/or read values when the set/reset is asserted and is not analyzed by the default static timing analysis. It is suggested to eliminate the use of a set/reset to registers driving this RAMB pin or else use a synchronous reset in which the assertion of the reset is timed by default.
Related violations: <none>

REQP-1839#18 Warning
RAMB36 async control check  
The RAMB36E1 u_array/u_xbuf/u_bank0/U0/inst_blk_mem_gen/gnbram.gnativebmg.native_blk_mem_gen/valid.cstr/ramloop[0].ram.r/prim_noinit.ram/DEVICE_7SERIES.NO_BMM_INFO.SDP.SIMPLE_PRIM36.ram has an input control pin u_array/u_xbuf/u_bank0/U0/inst_blk_mem_gen/gnbram.gnativebmg.native_blk_mem_gen/valid.cstr/ramloop[0].ram.r/prim_noinit.ram/DEVICE_7SERIES.NO_BMM_INFO.SDP.SIMPLE_PRIM36.ram/ADDRBWRADDR[7] (net: u_array/u_xbuf/u_bank0/U0/inst_blk_mem_gen/gnbram.gnativebmg.native_blk_mem_gen/valid.cstr/ramloop[0].ram.r/prim_noinit.ram/addrb[3]) which is driven by a register (u_array/u_ctrl/k_cnt_r_reg[3]) that has an active asychronous set or reset. This may cause corruption of the memory contents and/or read values when the set/reset is asserted and is not analyzed by the default static timing analysis. It is suggested to eliminate the use of a set/reset to registers driving this RAMB pin or else use a synchronous reset in which the assertion of the reset is timed by default.
Related violations: <none>

REQP-1839#19 Warning
RAMB36 async control check  
The RAMB36E1 u_array/u_xbuf/u_bank0/U0/inst_blk_mem_gen/gnbram.gnativebmg.native_blk_mem_gen/valid.cstr/ramloop[0].ram.r/prim_noinit.ram/DEVICE_7SERIES.NO_BMM_INFO.SDP.SIMPLE_PRIM36.ram has an input control pin u_array/u_xbuf/u_bank0/U0/inst_blk_mem_gen/gnbram.gnativebmg.native_blk_mem_gen/valid.cstr/ramloop[0].ram.r/prim_noinit.ram/DEVICE_7SERIES.NO_BMM_INFO.SDP.SIMPLE_PRIM36.ram/ADDRBWRADDR[8] (net: u_array/u_xbuf/u_bank0/U0/inst_blk_mem_gen/gnbram.gnativebmg.native_blk_mem_gen/valid.cstr/ramloop[0].ram.r/prim_noinit.ram/addrb[4]) which is driven by a register (u_array/u_ctrl/k_cnt_r_reg[4]) that has an active asychronous set or reset. This may cause corruption of the memory contents and/or read values when the set/reset is asserted and is not analyzed by the default static timing analysis. It is suggested to eliminate the use of a set/reset to registers driving this RAMB pin or else use a synchronous reset in which the assertion of the reset is timed by default.
Related violations: <none>

REQP-1839#20 Warning
RAMB36 async control check  
The RAMB36E1 u_array/u_xbuf/u_bank0/U0/inst_blk_mem_gen/gnbram.gnativebmg.native_blk_mem_gen/valid.cstr/ramloop[0].ram.r/prim_noinit.ram/DEVICE_7SERIES.NO_BMM_INFO.SDP.SIMPLE_PRIM36.ram has an input control pin u_array/u_xbuf/u_bank0/U0/inst_blk_mem_gen/gnbram.gnativebmg.native_blk_mem_gen/valid.cstr/ramloop[0].ram.r/prim_noinit.ram/DEVICE_7SERIES.NO_BMM_INFO.SDP.SIMPLE_PRIM36.ram/ADDRBWRADDR[9] (net: u_array/u_xbuf/u_bank0/U0/inst_blk_mem_gen/gnbram.gnativebmg.native_blk_mem_gen/valid.cstr/ramloop[0].ram.r/prim_noinit.ram/addrb[5]) which is driven by a register (u_array/u_ctrl/k_cnt_r_reg[5]) that has an active asychronous set or reset. This may cause corruption of the memory contents and/or read values when the set/reset is asserted and is not analyzed by the default static timing analysis. It is suggested to eliminate the use of a set/reset to registers driving this RAMB pin or else use a synchronous reset in which the assertion of the reset is timed by default.
Related violations: <none>

RTSTAT-10#1 Warning
No routable loads  
158 net(s) have no routable loads. The problem bus(es) and/or net(s) are u_array/u_dma/m_axi_arlen[1], u_array/u_dma/m_axi_arlen[2],
u_array/u_dma/m_axi_arlen[3], u_array/u_dma/m_axi_arlen[4],
u_array/u_dma/m_axi_arlen[5], u_array/u_dma/m_axi_arlen[6],
u_array/u_dma/m_axi_arlen[7], u_array/u_dma/m_axi_arvalid,
u_array/u_dma/m_axi_rready, u_array/u_dma_wr/m_axi_awlen[7:0],
u_array/u_dma_wr/m_axi_awvalid, u_array/u_dma_wr/m_axi_wdata[63:0],
u_array/u_dma_wr/m_axi_wlast, u_array/u_dma_wr/m_axi_wstrb[6:0],
u_csr/irq_o (the first 15 of 20 listed).
Related violations: <none>

ZPS7-1#1 Warning
PS7 block required  
The PS7 cell must be used in this Zynq design in order to enable correct default configuration.
Related violations: <none>

AVAL-4#1 Advisory
enum_USE_DPORT_FALSE_enum_DREG_ADREG_0_connects_CED_CEAD_RSTD_GND  
u_array/g_pe_row[0].g_pe_pair[0].u_pe/u_dsp48: DSP48E1 is not using the D port (USE_DPORT = FALSE). For improved power characteristics, set DREG and ADREG to '1', tie CED, CEAD, and RSTD to logic '0'.
Related violations: <none>

AVAL-4#2 Advisory
enum_USE_DPORT_FALSE_enum_DREG_ADREG_0_connects_CED_CEAD_RSTD_GND  
u_array/g_pe_row[0].g_pe_pair[1].u_pe/u_dsp48: DSP48E1 is not using the D port (USE_DPORT = FALSE). For improved power characteristics, set DREG and ADREG to '1', tie CED, CEAD, and RSTD to logic '0'.
Related violations: <none>

AVAL-4#3 Advisory
enum_USE_DPORT_FALSE_enum_DREG_ADREG_0_connects_CED_CEAD_RSTD_GND  
u_array/g_pe_row[0].g_pe_pair[2].u_pe/u_dsp48: DSP48E1 is not using the D port (USE_DPORT = FALSE). For improved power characteristics, set DREG and ADREG to '1', tie CED, CEAD, and RSTD to logic '0'.
Related violations: <none>

AVAL-4#4 Advisory
enum_USE_DPORT_FALSE_enum_DREG_ADREG_0_connects_CED_CEAD_RSTD_GND  
u_array/g_pe_row[0].g_pe_pair[3].u_pe/u_dsp48: DSP48E1 is not using the D port (USE_DPORT = FALSE). For improved power characteristics, set DREG and ADREG to '1', tie CED, CEAD, and RSTD to logic '0'.
Related violations: <none>

AVAL-4#5 Advisory
enum_USE_DPORT_FALSE_enum_DREG_ADREG_0_connects_CED_CEAD_RSTD_GND  
u_array/g_pe_row[0].g_pe_pair[4].u_pe/u_dsp48: DSP48E1 is not using the D port (USE_DPORT = FALSE). For improved power characteristics, set DREG and ADREG to '1', tie CED, CEAD, and RSTD to logic '0'.
Related violations: <none>

AVAL-4#6 Advisory
enum_USE_DPORT_FALSE_enum_DREG_ADREG_0_connects_CED_CEAD_RSTD_GND  
u_array/g_pe_row[0].g_pe_pair[5].u_pe/u_dsp48: DSP48E1 is not using the D port (USE_DPORT = FALSE). For improved power characteristics, set DREG and ADREG to '1', tie CED, CEAD, and RSTD to logic '0'.
Related violations: <none>

AVAL-4#7 Advisory
enum_USE_DPORT_FALSE_enum_DREG_ADREG_0_connects_CED_CEAD_RSTD_GND  
u_array/g_pe_row[0].g_pe_pair[6].u_pe/u_dsp48: DSP48E1 is not using the D port (USE_DPORT = FALSE). For improved power characteristics, set DREG and ADREG to '1', tie CED, CEAD, and RSTD to logic '0'.
Related violations: <none>

AVAL-4#8 Advisory
enum_USE_DPORT_FALSE_enum_DREG_ADREG_0_connects_CED_CEAD_RSTD_GND  
u_array/g_pe_row[0].g_pe_pair[7].u_pe/u_dsp48: DSP48E1 is not using the D port (USE_DPORT = FALSE). For improved power characteristics, set DREG and ADREG to '1', tie CED, CEAD, and RSTD to logic '0'.
Related violations: <none>

AVAL-4#9 Advisory
enum_USE_DPORT_FALSE_enum_DREG_ADREG_0_connects_CED_CEAD_RSTD_GND  
u_array/g_pe_row[10].g_pe_pair[0].u_pe/u_dsp48: DSP48E1 is not using the D port (USE_DPORT = FALSE). For improved power characteristics, set DREG and ADREG to '1', tie CED, CEAD, and RSTD to logic '0'.
Related violations: <none>

AVAL-4#10 Advisory
enum_USE_DPORT_FALSE_enum_DREG_ADREG_0_connects_CED_CEAD_RSTD_GND  
u_array/g_pe_row[10].g_pe_pair[1].u_pe/u_dsp48: DSP48E1 is not using the D port (USE_DPORT = FALSE). For improved power characteristics, set DREG and ADREG to '1', tie CED, CEAD, and RSTD to logic '0'.
Related violations: <none>

AVAL-4#11 Advisory
enum_USE_DPORT_FALSE_enum_DREG_ADREG_0_connects_CED_CEAD_RSTD_GND  
u_array/g_pe_row[10].g_pe_pair[2].u_pe/u_dsp48: DSP48E1 is not using the D port (USE_DPORT = FALSE). For improved power characteristics, set DREG and ADREG to '1', tie CED, CEAD, and RSTD to logic '0'.
Related violations: <none>

AVAL-4#12 Advisory
enum_USE_DPORT_FALSE_enum_DREG_ADREG_0_connects_CED_CEAD_RSTD_GND  
u_array/g_pe_row[10].g_pe_pair[3].u_pe/u_dsp48: DSP48E1 is not using the D port (USE_DPORT = FALSE). For improved power characteristics, set DREG and ADREG to '1', tie CED, CEAD, and RSTD to logic '0'.
Related violations: <none>

AVAL-4#13 Advisory
enum_USE_DPORT_FALSE_enum_DREG_ADREG_0_connects_CED_CEAD_RSTD_GND  
u_array/g_pe_row[10].g_pe_pair[4].u_pe/u_dsp48: DSP48E1 is not using the D port (USE_DPORT = FALSE). For improved power characteristics, set DREG and ADREG to '1', tie CED, CEAD, and RSTD to logic '0'.
Related violations: <none>

AVAL-4#14 Advisory
enum_USE_DPORT_FALSE_enum_DREG_ADREG_0_connects_CED_CEAD_RSTD_GND  
u_array/g_pe_row[10].g_pe_pair[5].u_pe/u_dsp48: DSP48E1 is not using the D port (USE_DPORT = FALSE). For improved power characteristics, set DREG and ADREG to '1', tie CED, CEAD, and RSTD to logic '0'.
Related violations: <none>

AVAL-4#15 Advisory
enum_USE_DPORT_FALSE_enum_DREG_ADREG_0_connects_CED_CEAD_RSTD_GND  
u_array/g_pe_row[10].g_pe_pair[6].u_pe/u_dsp48: DSP48E1 is not using the D port (USE_DPORT = FALSE). For improved power characteristics, set DREG and ADREG to '1', tie CED, CEAD, and RSTD to logic '0'.
Related violations: <none>

AVAL-4#16 Advisory
enum_USE_DPORT_FALSE_enum_DREG_ADREG_0_connects_CED_CEAD_RSTD_GND  
u_array/g_pe_row[10].g_pe_pair[7].u_pe/u_dsp48: DSP48E1 is not using the D port (USE_DPORT = FALSE). For improved power characteristics, set DREG and ADREG to '1', tie CED, CEAD, and RSTD to logic '0'.
Related violations: <none>

AVAL-4#17 Advisory
enum_USE_DPORT_FALSE_enum_DREG_ADREG_0_connects_CED_CEAD_RSTD_GND  
u_array/g_pe_row[11].g_pe_pair[0].u_pe/u_dsp48: DSP48E1 is not using the D port (USE_DPORT = FALSE). For improved power characteristics, set DREG and ADREG to '1', tie CED, CEAD, and RSTD to logic '0'.
Related violations: <none>

AVAL-4#18 Advisory
enum_USE_DPORT_FALSE_enum_DREG_ADREG_0_connects_CED_CEAD_RSTD_GND  
u_array/g_pe_row[11].g_pe_pair[1].u_pe/u_dsp48: DSP48E1 is not using the D port (USE_DPORT = FALSE). For improved power characteristics, set DREG and ADREG to '1', tie CED, CEAD, and RSTD to logic '0'.
Related violations: <none>

AVAL-4#19 Advisory
enum_USE_DPORT_FALSE_enum_DREG_ADREG_0_connects_CED_CEAD_RSTD_GND  
u_array/g_pe_row[11].g_pe_pair[2].u_pe/u_dsp48: DSP48E1 is not using the D port (USE_DPORT = FALSE). For improved power characteristics, set DREG and ADREG to '1', tie CED, CEAD, and RSTD to logic '0'.
Related violations: <none>

AVAL-4#20 Advisory
enum_USE_DPORT_FALSE_enum_DREG_ADREG_0_connects_CED_CEAD_RSTD_GND  
u_array/g_pe_row[11].g_pe_pair[3].u_pe/u_dsp48: DSP48E1 is not using the D port (USE_DPORT = FALSE). For improved power characteristics, set DREG and ADREG to '1', tie CED, CEAD, and RSTD to logic '0'.
Related violations: <none>

AVAL-4#21 Advisory
enum_USE_DPORT_FALSE_enum_DREG_ADREG_0_connects_CED_CEAD_RSTD_GND  
u_array/g_pe_row[11].g_pe_pair[4].u_pe/u_dsp48: DSP48E1 is not using the D port (USE_DPORT = FALSE). For improved power characteristics, set DREG and ADREG to '1', tie CED, CEAD, and RSTD to logic '0'.
Related violations: <none>

AVAL-4#22 Advisory
enum_USE_DPORT_FALSE_enum_DREG_ADREG_0_connects_CED_CEAD_RSTD_GND  
u_array/g_pe_row[11].g_pe_pair[5].u_pe/u_dsp48: DSP48E1 is not using the D port (USE_DPORT = FALSE). For improved power characteristics, set DREG and ADREG to '1', tie CED, CEAD, and RSTD to logic '0'.
Related violations: <none>

AVAL-4#23 Advisory
enum_USE_DPORT_FALSE_enum_DREG_ADREG_0_connects_CED_CEAD_RSTD_GND  
u_array/g_pe_row[11].g_pe_pair[6].u_pe/u_dsp48: DSP48E1 is not using the D port (USE_DPORT = FALSE). For improved power characteristics, set DREG and ADREG to '1', tie CED, CEAD, and RSTD to logic '0'.
Related violations: <none>

AVAL-4#24 Advisory
enum_USE_DPORT_FALSE_enum_DREG_ADREG_0_connects_CED_CEAD_RSTD_GND  
u_array/g_pe_row[11].g_pe_pair[7].u_pe/u_dsp48: DSP48E1 is not using the D port (USE_DPORT = FALSE). For improved power characteristics, set DREG and ADREG to '1', tie CED, CEAD, and RSTD to logic '0'.
Related violations: <none>

AVAL-4#25 Advisory
enum_USE_DPORT_FALSE_enum_DREG_ADREG_0_connects_CED_CEAD_RSTD_GND  
u_array/g_pe_row[12].g_pe_pair[0].u_pe/u_dsp48: DSP48E1 is not using the D port (USE_DPORT = FALSE). For improved power characteristics, set DREG and ADREG to '1', tie CED, CEAD, and RSTD to logic '0'.
Related violations: <none>

AVAL-4#26 Advisory
enum_USE_DPORT_FALSE_enum_DREG_ADREG_0_connects_CED_CEAD_RSTD_GND  
u_array/g_pe_row[12].g_pe_pair[1].u_pe/u_dsp48: DSP48E1 is not using the D port (USE_DPORT = FALSE). For improved power characteristics, set DREG and ADREG to '1', tie CED, CEAD, and RSTD to logic '0'.
Related violations: <none>

AVAL-4#27 Advisory
enum_USE_DPORT_FALSE_enum_DREG_ADREG_0_connects_CED_CEAD_RSTD_GND  
u_array/g_pe_row[12].g_pe_pair[2].u_pe/u_dsp48: DSP48E1 is not using the D port (USE_DPORT = FALSE). For improved power characteristics, set DREG and ADREG to '1', tie CED, CEAD, and RSTD to logic '0'.
Related violations: <none>

AVAL-4#28 Advisory
enum_USE_DPORT_FALSE_enum_DREG_ADREG_0_connects_CED_CEAD_RSTD_GND  
u_array/g_pe_row[12].g_pe_pair[3].u_pe/u_dsp48: DSP48E1 is not using the D port (USE_DPORT = FALSE). For improved power characteristics, set DREG and ADREG to '1', tie CED, CEAD, and RSTD to logic '0'.
Related violations: <none>

AVAL-4#29 Advisory
enum_USE_DPORT_FALSE_enum_DREG_ADREG_0_connects_CED_CEAD_RSTD_GND  
u_array/g_pe_row[12].g_pe_pair[4].u_pe/u_dsp48: DSP48E1 is not using the D port (USE_DPORT = FALSE). For improved power characteristics, set DREG and ADREG to '1', tie CED, CEAD, and RSTD to logic '0'.
Related violations: <none>

AVAL-4#30 Advisory
enum_USE_DPORT_FALSE_enum_DREG_ADREG_0_connects_CED_CEAD_RSTD_GND  
u_array/g_pe_row[12].g_pe_pair[5].u_pe/u_dsp48: DSP48E1 is not using the D port (USE_DPORT = FALSE). For improved power characteristics, set DREG and ADREG to '1', tie CED, CEAD, and RSTD to logic '0'.
Related violations: <none>

AVAL-4#31 Advisory
enum_USE_DPORT_FALSE_enum_DREG_ADREG_0_connects_CED_CEAD_RSTD_GND  
u_array/g_pe_row[12].g_pe_pair[6].u_pe/u_dsp48: DSP48E1 is not using the D port (USE_DPORT = FALSE). For improved power characteristics, set DREG and ADREG to '1', tie CED, CEAD, and RSTD to logic '0'.
Related violations: <none>

AVAL-4#32 Advisory
enum_USE_DPORT_FALSE_enum_DREG_ADREG_0_connects_CED_CEAD_RSTD_GND  
u_array/g_pe_row[12].g_pe_pair[7].u_pe/u_dsp48: DSP48E1 is not using the D port (USE_DPORT = FALSE). For improved power characteristics, set DREG and ADREG to '1', tie CED, CEAD, and RSTD to logic '0'.
Related violations: <none>

AVAL-4#33 Advisory
enum_USE_DPORT_FALSE_enum_DREG_ADREG_0_connects_CED_CEAD_RSTD_GND  
u_array/g_pe_row[13].g_pe_pair[0].u_pe/u_dsp48: DSP48E1 is not using the D port (USE_DPORT = FALSE). For improved power characteristics, set DREG and ADREG to '1', tie CED, CEAD, and RSTD to logic '0'.
Related violations: <none>

AVAL-4#34 Advisory
enum_USE_DPORT_FALSE_enum_DREG_ADREG_0_connects_CED_CEAD_RSTD_GND  
u_array/g_pe_row[13].g_pe_pair[1].u_pe/u_dsp48: DSP48E1 is not using the D port (USE_DPORT = FALSE). For improved power characteristics, set DREG and ADREG to '1', tie CED, CEAD, and RSTD to logic '0'.
Related violations: <none>

AVAL-4#35 Advisory
enum_USE_DPORT_FALSE_enum_DREG_ADREG_0_connects_CED_CEAD_RSTD_GND  
u_array/g_pe_row[13].g_pe_pair[2].u_pe/u_dsp48: DSP48E1 is not using the D port (USE_DPORT = FALSE). For improved power characteristics, set DREG and ADREG to '1', tie CED, CEAD, and RSTD to logic '0'.
Related violations: <none>

AVAL-4#36 Advisory
enum_USE_DPORT_FALSE_enum_DREG_ADREG_0_connects_CED_CEAD_RSTD_GND  
u_array/g_pe_row[13].g_pe_pair[3].u_pe/u_dsp48: DSP48E1 is not using the D port (USE_DPORT = FALSE). For improved power characteristics, set DREG and ADREG to '1', tie CED, CEAD, and RSTD to logic '0'.
Related violations: <none>

AVAL-4#37 Advisory
enum_USE_DPORT_FALSE_enum_DREG_ADREG_0_connects_CED_CEAD_RSTD_GND  
u_array/g_pe_row[13].g_pe_pair[4].u_pe/u_dsp48: DSP48E1 is not using the D port (USE_DPORT = FALSE). For improved power characteristics, set DREG and ADREG to '1', tie CED, CEAD, and RSTD to logic '0'.
Related violations: <none>

AVAL-4#38 Advisory
enum_USE_DPORT_FALSE_enum_DREG_ADREG_0_connects_CED_CEAD_RSTD_GND  
u_array/g_pe_row[13].g_pe_pair[5].u_pe/u_dsp48: DSP48E1 is not using the D port (USE_DPORT = FALSE). For improved power characteristics, set DREG and ADREG to '1', tie CED, CEAD, and RSTD to logic '0'.
Related violations: <none>

AVAL-4#39 Advisory
enum_USE_DPORT_FALSE_enum_DREG_ADREG_0_connects_CED_CEAD_RSTD_GND  
u_array/g_pe_row[13].g_pe_pair[6].u_pe/u_dsp48: DSP48E1 is not using the D port (USE_DPORT = FALSE). For improved power characteristics, set DREG and ADREG to '1', tie CED, CEAD, and RSTD to logic '0'.
Related violations: <none>

AVAL-4#40 Advisory
enum_USE_DPORT_FALSE_enum_DREG_ADREG_0_connects_CED_CEAD_RSTD_GND  
u_array/g_pe_row[13].g_pe_pair[7].u_pe/u_dsp48: DSP48E1 is not using the D port (USE_DPORT = FALSE). For improved power characteristics, set DREG and ADREG to '1', tie CED, CEAD, and RSTD to logic '0'.
Related violations: <none>

AVAL-4#41 Advisory
enum_USE_DPORT_FALSE_enum_DREG_ADREG_0_connects_CED_CEAD_RSTD_GND  
u_array/g_pe_row[14].g_pe_pair[0].u_pe/u_dsp48: DSP48E1 is not using the D port (USE_DPORT = FALSE). For improved power characteristics, set DREG and ADREG to '1', tie CED, CEAD, and RSTD to logic '0'.
Related violations: <none>

AVAL-4#42 Advisory
enum_USE_DPORT_FALSE_enum_DREG_ADREG_0_connects_CED_CEAD_RSTD_GND  
u_array/g_pe_row[14].g_pe_pair[1].u_pe/u_dsp48: DSP48E1 is not using the D port (USE_DPORT = FALSE). For improved power characteristics, set DREG and ADREG to '1', tie CED, CEAD, and RSTD to logic '0'.
Related violations: <none>

AVAL-4#43 Advisory
enum_USE_DPORT_FALSE_enum_DREG_ADREG_0_connects_CED_CEAD_RSTD_GND  
u_array/g_pe_row[14].g_pe_pair[2].u_pe/u_dsp48: DSP48E1 is not using the D port (USE_DPORT = FALSE). For improved power characteristics, set DREG and ADREG to '1', tie CED, CEAD, and RSTD to logic '0'.
Related violations: <none>

AVAL-4#44 Advisory
enum_USE_DPORT_FALSE_enum_DREG_ADREG_0_connects_CED_CEAD_RSTD_GND  
u_array/g_pe_row[14].g_pe_pair[3].u_pe/u_dsp48: DSP48E1 is not using the D port (USE_DPORT = FALSE). For improved power characteristics, set DREG and ADREG to '1', tie CED, CEAD, and RSTD to logic '0'.
Related violations: <none>

AVAL-4#45 Advisory
enum_USE_DPORT_FALSE_enum_DREG_ADREG_0_connects_CED_CEAD_RSTD_GND  
u_array/g_pe_row[14].g_pe_pair[4].u_pe/u_dsp48: DSP48E1 is not using the D port (USE_DPORT = FALSE). For improved power characteristics, set DREG and ADREG to '1', tie CED, CEAD, and RSTD to logic '0'.
Related violations: <none>

AVAL-4#46 Advisory
enum_USE_DPORT_FALSE_enum_DREG_ADREG_0_connects_CED_CEAD_RSTD_GND  
u_array/g_pe_row[14].g_pe_pair[5].u_pe/u_dsp48: DSP48E1 is not using the D port (USE_DPORT = FALSE). For improved power characteristics, set DREG and ADREG to '1', tie CED, CEAD, and RSTD to logic '0'.
Related violations: <none>

AVAL-4#47 Advisory
enum_USE_DPORT_FALSE_enum_DREG_ADREG_0_connects_CED_CEAD_RSTD_GND  
u_array/g_pe_row[14].g_pe_pair[6].u_pe/u_dsp48: DSP48E1 is not using the D port (USE_DPORT = FALSE). For improved power characteristics, set DREG and ADREG to '1', tie CED, CEAD, and RSTD to logic '0'.
Related violations: <none>

AVAL-4#48 Advisory
enum_USE_DPORT_FALSE_enum_DREG_ADREG_0_connects_CED_CEAD_RSTD_GND  
u_array/g_pe_row[14].g_pe_pair[7].u_pe/u_dsp48: DSP48E1 is not using the D port (USE_DPORT = FALSE). For improved power characteristics, set DREG and ADREG to '1', tie CED, CEAD, and RSTD to logic '0'.
Related violations: <none>

AVAL-4#49 Advisory
enum_USE_DPORT_FALSE_enum_DREG_ADREG_0_connects_CED_CEAD_RSTD_GND  
u_array/g_pe_row[15].g_pe_pair[0].u_pe/u_dsp48: DSP48E1 is not using the D port (USE_DPORT = FALSE). For improved power characteristics, set DREG and ADREG to '1', tie CED, CEAD, and RSTD to logic '0'.
Related violations: <none>

AVAL-4#50 Advisory
enum_USE_DPORT_FALSE_enum_DREG_ADREG_0_connects_CED_CEAD_RSTD_GND  
u_array/g_pe_row[15].g_pe_pair[1].u_pe/u_dsp48: DSP48E1 is not using the D port (USE_DPORT = FALSE). For improved power characteristics, set DREG and ADREG to '1', tie CED, CEAD, and RSTD to logic '0'.
Related violations: <none>

AVAL-4#51 Advisory
enum_USE_DPORT_FALSE_enum_DREG_ADREG_0_connects_CED_CEAD_RSTD_GND  
u_array/g_pe_row[15].g_pe_pair[2].u_pe/u_dsp48: DSP48E1 is not using the D port (USE_DPORT = FALSE). For improved power characteristics, set DREG and ADREG to '1', tie CED, CEAD, and RSTD to logic '0'.
Related violations: <none>

AVAL-4#52 Advisory
enum_USE_DPORT_FALSE_enum_DREG_ADREG_0_connects_CED_CEAD_RSTD_GND  
u_array/g_pe_row[15].g_pe_pair[3].u_pe/u_dsp48: DSP48E1 is not using the D port (USE_DPORT = FALSE). For improved power characteristics, set DREG and ADREG to '1', tie CED, CEAD, and RSTD to logic '0'.
Related violations: <none>

AVAL-4#53 Advisory
enum_USE_DPORT_FALSE_enum_DREG_ADREG_0_connects_CED_CEAD_RSTD_GND  
u_array/g_pe_row[15].g_pe_pair[4].u_pe/u_dsp48: DSP48E1 is not using the D port (USE_DPORT = FALSE). For improved power characteristics, set DREG and ADREG to '1', tie CED, CEAD, and RSTD to logic '0'.
Related violations: <none>

AVAL-4#54 Advisory
enum_USE_DPORT_FALSE_enum_DREG_ADREG_0_connects_CED_CEAD_RSTD_GND  
u_array/g_pe_row[15].g_pe_pair[5].u_pe/u_dsp48: DSP48E1 is not using the D port (USE_DPORT = FALSE). For improved power characteristics, set DREG and ADREG to '1', tie CED, CEAD, and RSTD to logic '0'.
Related violations: <none>

AVAL-4#55 Advisory
enum_USE_DPORT_FALSE_enum_DREG_ADREG_0_connects_CED_CEAD_RSTD_GND  
u_array/g_pe_row[15].g_pe_pair[6].u_pe/u_dsp48: DSP48E1 is not using the D port (USE_DPORT = FALSE). For improved power characteristics, set DREG and ADREG to '1', tie CED, CEAD, and RSTD to logic '0'.
Related violations: <none>

AVAL-4#56 Advisory
enum_USE_DPORT_FALSE_enum_DREG_ADREG_0_connects_CED_CEAD_RSTD_GND  
u_array/g_pe_row[15].g_pe_pair[7].u_pe/u_dsp48: DSP48E1 is not using the D port (USE_DPORT = FALSE). For improved power characteristics, set DREG and ADREG to '1', tie CED, CEAD, and RSTD to logic '0'.
Related violations: <none>

AVAL-4#57 Advisory
enum_USE_DPORT_FALSE_enum_DREG_ADREG_0_connects_CED_CEAD_RSTD_GND  
u_array/g_pe_row[1].g_pe_pair[0].u_pe/u_dsp48: DSP48E1 is not using the D port (USE_DPORT = FALSE). For improved power characteristics, set DREG and ADREG to '1', tie CED, CEAD, and RSTD to logic '0'.
Related violations: <none>

AVAL-4#58 Advisory
enum_USE_DPORT_FALSE_enum_DREG_ADREG_0_connects_CED_CEAD_RSTD_GND  
u_array/g_pe_row[1].g_pe_pair[1].u_pe/u_dsp48: DSP48E1 is not using the D port (USE_DPORT = FALSE). For improved power characteristics, set DREG and ADREG to '1', tie CED, CEAD, and RSTD to logic '0'.
Related violations: <none>

AVAL-4#59 Advisory
enum_USE_DPORT_FALSE_enum_DREG_ADREG_0_connects_CED_CEAD_RSTD_GND  
u_array/g_pe_row[1].g_pe_pair[2].u_pe/u_dsp48: DSP48E1 is not using the D port (USE_DPORT = FALSE). For improved power characteristics, set DREG and ADREG to '1', tie CED, CEAD, and RSTD to logic '0'.
Related violations: <none>

AVAL-4#60 Advisory
enum_USE_DPORT_FALSE_enum_DREG_ADREG_0_connects_CED_CEAD_RSTD_GND  
u_array/g_pe_row[1].g_pe_pair[3].u_pe/u_dsp48: DSP48E1 is not using the D port (USE_DPORT = FALSE). For improved power characteristics, set DREG and ADREG to '1', tie CED, CEAD, and RSTD to logic '0'.
Related violations: <none>

AVAL-4#61 Advisory
enum_USE_DPORT_FALSE_enum_DREG_ADREG_0_connects_CED_CEAD_RSTD_GND  
u_array/g_pe_row[1].g_pe_pair[4].u_pe/u_dsp48: DSP48E1 is not using the D port (USE_DPORT = FALSE). For improved power characteristics, set DREG and ADREG to '1', tie CED, CEAD, and RSTD to logic '0'.
Related violations: <none>

AVAL-4#62 Advisory
enum_USE_DPORT_FALSE_enum_DREG_ADREG_0_connects_CED_CEAD_RSTD_GND  
u_array/g_pe_row[1].g_pe_pair[5].u_pe/u_dsp48: DSP48E1 is not using the D port (USE_DPORT = FALSE). For improved power characteristics, set DREG and ADREG to '1', tie CED, CEAD, and RSTD to logic '0'.
Related violations: <none>

AVAL-4#63 Advisory
enum_USE_DPORT_FALSE_enum_DREG_ADREG_0_connects_CED_CEAD_RSTD_GND  
u_array/g_pe_row[1].g_pe_pair[6].u_pe/u_dsp48: DSP48E1 is not using the D port (USE_DPORT = FALSE). For improved power characteristics, set DREG and ADREG to '1', tie CED, CEAD, and RSTD to logic '0'.
Related violations: <none>

AVAL-4#64 Advisory
enum_USE_DPORT_FALSE_enum_DREG_ADREG_0_connects_CED_CEAD_RSTD_GND  
u_array/g_pe_row[1].g_pe_pair[7].u_pe/u_dsp48: DSP48E1 is not using the D port (USE_DPORT = FALSE). For improved power characteristics, set DREG and ADREG to '1', tie CED, CEAD, and RSTD to logic '0'.
Related violations: <none>

AVAL-4#65 Advisory
enum_USE_DPORT_FALSE_enum_DREG_ADREG_0_connects_CED_CEAD_RSTD_GND  
u_array/g_pe_row[2].g_pe_pair[0].u_pe/u_dsp48: DSP48E1 is not using the D port (USE_DPORT = FALSE). For improved power characteristics, set DREG and ADREG to '1', tie CED, CEAD, and RSTD to logic '0'.
Related violations: <none>

AVAL-4#66 Advisory
enum_USE_DPORT_FALSE_enum_DREG_ADREG_0_connects_CED_CEAD_RSTD_GND  
u_array/g_pe_row[2].g_pe_pair[1].u_pe/u_dsp48: DSP48E1 is not using the D port (USE_DPORT = FALSE). For improved power characteristics, set DREG and ADREG to '1', tie CED, CEAD, and RSTD to logic '0'.
Related violations: <none>

AVAL-4#67 Advisory
enum_USE_DPORT_FALSE_enum_DREG_ADREG_0_connects_CED_CEAD_RSTD_GND  
u_array/g_pe_row[2].g_pe_pair[2].u_pe/u_dsp48: DSP48E1 is not using the D port (USE_DPORT = FALSE). For improved power characteristics, set DREG and ADREG to '1', tie CED, CEAD, and RSTD to logic '0'.
Related violations: <none>

AVAL-4#68 Advisory
enum_USE_DPORT_FALSE_enum_DREG_ADREG_0_connects_CED_CEAD_RSTD_GND  
u_array/g_pe_row[2].g_pe_pair[3].u_pe/u_dsp48: DSP48E1 is not using the D port (USE_DPORT = FALSE). For improved power characteristics, set DREG and ADREG to '1', tie CED, CEAD, and RSTD to logic '0'.
Related violations: <none>

AVAL-4#69 Advisory
enum_USE_DPORT_FALSE_enum_DREG_ADREG_0_connects_CED_CEAD_RSTD_GND  
u_array/g_pe_row[2].g_pe_pair[4].u_pe/u_dsp48: DSP48E1 is not using the D port (USE_DPORT = FALSE). For improved power characteristics, set DREG and ADREG to '1', tie CED, CEAD, and RSTD to logic '0'.
Related violations: <none>

AVAL-4#70 Advisory
enum_USE_DPORT_FALSE_enum_DREG_ADREG_0_connects_CED_CEAD_RSTD_GND  
u_array/g_pe_row[2].g_pe_pair[5].u_pe/u_dsp48: DSP48E1 is not using the D port (USE_DPORT = FALSE). For improved power characteristics, set DREG and ADREG to '1', tie CED, CEAD, and RSTD to logic '0'.
Related violations: <none>

AVAL-4#71 Advisory
enum_USE_DPORT_FALSE_enum_DREG_ADREG_0_connects_CED_CEAD_RSTD_GND  
u_array/g_pe_row[2].g_pe_pair[6].u_pe/u_dsp48: DSP48E1 is not using the D port (USE_DPORT = FALSE). For improved power characteristics, set DREG and ADREG to '1', tie CED, CEAD, and RSTD to logic '0'.
Related violations: <none>

AVAL-4#72 Advisory
enum_USE_DPORT_FALSE_enum_DREG_ADREG_0_connects_CED_CEAD_RSTD_GND  
u_array/g_pe_row[2].g_pe_pair[7].u_pe/u_dsp48: DSP48E1 is not using the D port (USE_DPORT = FALSE). For improved power characteristics, set DREG and ADREG to '1', tie CED, CEAD, and RSTD to logic '0'.
Related violations: <none>

AVAL-4#73 Advisory
enum_USE_DPORT_FALSE_enum_DREG_ADREG_0_connects_CED_CEAD_RSTD_GND  
u_array/g_pe_row[3].g_pe_pair[0].u_pe/u_dsp48: DSP48E1 is not using the D port (USE_DPORT = FALSE). For improved power characteristics, set DREG and ADREG to '1', tie CED, CEAD, and RSTD to logic '0'.
Related violations: <none>

AVAL-4#74 Advisory
enum_USE_DPORT_FALSE_enum_DREG_ADREG_0_connects_CED_CEAD_RSTD_GND  
u_array/g_pe_row[3].g_pe_pair[1].u_pe/u_dsp48: DSP48E1 is not using the D port (USE_DPORT = FALSE). For improved power characteristics, set DREG and ADREG to '1', tie CED, CEAD, and RSTD to logic '0'.
Related violations: <none>

AVAL-4#75 Advisory
enum_USE_DPORT_FALSE_enum_DREG_ADREG_0_connects_CED_CEAD_RSTD_GND  
u_array/g_pe_row[3].g_pe_pair[2].u_pe/u_dsp48: DSP48E1 is not using the D port (USE_DPORT = FALSE). For improved power characteristics, set DREG and ADREG to '1', tie CED, CEAD, and RSTD to logic '0'.
Related violations: <none>

AVAL-4#76 Advisory
enum_USE_DPORT_FALSE_enum_DREG_ADREG_0_connects_CED_CEAD_RSTD_GND  
u_array/g_pe_row[3].g_pe_pair[3].u_pe/u_dsp48: DSP48E1 is not using the D port (USE_DPORT = FALSE). For improved power characteristics, set DREG and ADREG to '1', tie CED, CEAD, and RSTD to logic '0'.
Related violations: <none>

AVAL-4#77 Advisory
enum_USE_DPORT_FALSE_enum_DREG_ADREG_0_connects_CED_CEAD_RSTD_GND  
u_array/g_pe_row[3].g_pe_pair[4].u_pe/u_dsp48: DSP48E1 is not using the D port (USE_DPORT = FALSE). For improved power characteristics, set DREG and ADREG to '1', tie CED, CEAD, and RSTD to logic '0'.
Related violations: <none>

AVAL-4#78 Advisory
enum_USE_DPORT_FALSE_enum_DREG_ADREG_0_connects_CED_CEAD_RSTD_GND  
u_array/g_pe_row[3].g_pe_pair[5].u_pe/u_dsp48: DSP48E1 is not using the D port (USE_DPORT = FALSE). For improved power characteristics, set DREG and ADREG to '1', tie CED, CEAD, and RSTD to logic '0'.
Related violations: <none>

AVAL-4#79 Advisory
enum_USE_DPORT_FALSE_enum_DREG_ADREG_0_connects_CED_CEAD_RSTD_GND  
u_array/g_pe_row[3].g_pe_pair[6].u_pe/u_dsp48: DSP48E1 is not using the D port (USE_DPORT = FALSE). For improved power characteristics, set DREG and ADREG to '1', tie CED, CEAD, and RSTD to logic '0'.
Related violations: <none>

AVAL-4#80 Advisory
enum_USE_DPORT_FALSE_enum_DREG_ADREG_0_connects_CED_CEAD_RSTD_GND  
u_array/g_pe_row[3].g_pe_pair[7].u_pe/u_dsp48: DSP48E1 is not using the D port (USE_DPORT = FALSE). For improved power characteristics, set DREG and ADREG to '1', tie CED, CEAD, and RSTD to logic '0'.
Related violations: <none>

AVAL-4#81 Advisory
enum_USE_DPORT_FALSE_enum_DREG_ADREG_0_connects_CED_CEAD_RSTD_GND  
u_array/g_pe_row[4].g_pe_pair[0].u_pe/u_dsp48: DSP48E1 is not using the D port (USE_DPORT = FALSE). For improved power characteristics, set DREG and ADREG to '1', tie CED, CEAD, and RSTD to logic '0'.
Related violations: <none>

AVAL-4#82 Advisory
enum_USE_DPORT_FALSE_enum_DREG_ADREG_0_connects_CED_CEAD_RSTD_GND  
u_array/g_pe_row[4].g_pe_pair[1].u_pe/u_dsp48: DSP48E1 is not using the D port (USE_DPORT = FALSE). For improved power characteristics, set DREG and ADREG to '1', tie CED, CEAD, and RSTD to logic '0'.
Related violations: <none>

AVAL-4#83 Advisory
enum_USE_DPORT_FALSE_enum_DREG_ADREG_0_connects_CED_CEAD_RSTD_GND  
u_array/g_pe_row[4].g_pe_pair[2].u_pe/u_dsp48: DSP48E1 is not using the D port (USE_DPORT = FALSE). For improved power characteristics, set DREG and ADREG to '1', tie CED, CEAD, and RSTD to logic '0'.
Related violations: <none>

AVAL-4#84 Advisory
enum_USE_DPORT_FALSE_enum_DREG_ADREG_0_connects_CED_CEAD_RSTD_GND  
u_array/g_pe_row[4].g_pe_pair[3].u_pe/u_dsp48: DSP48E1 is not using the D port (USE_DPORT = FALSE). For improved power characteristics, set DREG and ADREG to '1', tie CED, CEAD, and RSTD to logic '0'.
Related violations: <none>

AVAL-4#85 Advisory
enum_USE_DPORT_FALSE_enum_DREG_ADREG_0_connects_CED_CEAD_RSTD_GND  
u_array/g_pe_row[4].g_pe_pair[4].u_pe/u_dsp48: DSP48E1 is not using the D port (USE_DPORT = FALSE). For improved power characteristics, set DREG and ADREG to '1', tie CED, CEAD, and RSTD to logic '0'.
Related violations: <none>

AVAL-4#86 Advisory
enum_USE_DPORT_FALSE_enum_DREG_ADREG_0_connects_CED_CEAD_RSTD_GND  
u_array/g_pe_row[4].g_pe_pair[5].u_pe/u_dsp48: DSP48E1 is not using the D port (USE_DPORT = FALSE). For improved power characteristics, set DREG and ADREG to '1', tie CED, CEAD, and RSTD to logic '0'.
Related violations: <none>

AVAL-4#87 Advisory
enum_USE_DPORT_FALSE_enum_DREG_ADREG_0_connects_CED_CEAD_RSTD_GND  
u_array/g_pe_row[4].g_pe_pair[6].u_pe/u_dsp48: DSP48E1 is not using the D port (USE_DPORT = FALSE). For improved power characteristics, set DREG and ADREG to '1', tie CED, CEAD, and RSTD to logic '0'.
Related violations: <none>

AVAL-4#88 Advisory
enum_USE_DPORT_FALSE_enum_DREG_ADREG_0_connects_CED_CEAD_RSTD_GND  
u_array/g_pe_row[4].g_pe_pair[7].u_pe/u_dsp48: DSP48E1 is not using the D port (USE_DPORT = FALSE). For improved power characteristics, set DREG and ADREG to '1', tie CED, CEAD, and RSTD to logic '0'.
Related violations: <none>

AVAL-4#89 Advisory
enum_USE_DPORT_FALSE_enum_DREG_ADREG_0_connects_CED_CEAD_RSTD_GND  
u_array/g_pe_row[5].g_pe_pair[0].u_pe/u_dsp48: DSP48E1 is not using the D port (USE_DPORT = FALSE). For improved power characteristics, set DREG and ADREG to '1', tie CED, CEAD, and RSTD to logic '0'.
Related violations: <none>

AVAL-4#90 Advisory
enum_USE_DPORT_FALSE_enum_DREG_ADREG_0_connects_CED_CEAD_RSTD_GND  
u_array/g_pe_row[5].g_pe_pair[1].u_pe/u_dsp48: DSP48E1 is not using the D port (USE_DPORT = FALSE). For improved power characteristics, set DREG and ADREG to '1', tie CED, CEAD, and RSTD to logic '0'.
Related violations: <none>

AVAL-4#91 Advisory
enum_USE_DPORT_FALSE_enum_DREG_ADREG_0_connects_CED_CEAD_RSTD_GND  
u_array/g_pe_row[5].g_pe_pair[2].u_pe/u_dsp48: DSP48E1 is not using the D port (USE_DPORT = FALSE). For improved power characteristics, set DREG and ADREG to '1', tie CED, CEAD, and RSTD to logic '0'.
Related violations: <none>

AVAL-4#92 Advisory
enum_USE_DPORT_FALSE_enum_DREG_ADREG_0_connects_CED_CEAD_RSTD_GND  
u_array/g_pe_row[5].g_pe_pair[3].u_pe/u_dsp48: DSP48E1 is not using the D port (USE_DPORT = FALSE). For improved power characteristics, set DREG and ADREG to '1', tie CED, CEAD, and RSTD to logic '0'.
Related violations: <none>

AVAL-4#93 Advisory
enum_USE_DPORT_FALSE_enum_DREG_ADREG_0_connects_CED_CEAD_RSTD_GND  
u_array/g_pe_row[5].g_pe_pair[4].u_pe/u_dsp48: DSP48E1 is not using the D port (USE_DPORT = FALSE). For improved power characteristics, set DREG and ADREG to '1', tie CED, CEAD, and RSTD to logic '0'.
Related violations: <none>

AVAL-4#94 Advisory
enum_USE_DPORT_FALSE_enum_DREG_ADREG_0_connects_CED_CEAD_RSTD_GND  
u_array/g_pe_row[5].g_pe_pair[5].u_pe/u_dsp48: DSP48E1 is not using the D port (USE_DPORT = FALSE). For improved power characteristics, set DREG and ADREG to '1', tie CED, CEAD, and RSTD to logic '0'.
Related violations: <none>

AVAL-4#95 Advisory
enum_USE_DPORT_FALSE_enum_DREG_ADREG_0_connects_CED_CEAD_RSTD_GND  
u_array/g_pe_row[5].g_pe_pair[6].u_pe/u_dsp48: DSP48E1 is not using the D port (USE_DPORT = FALSE). For improved power characteristics, set DREG and ADREG to '1', tie CED, CEAD, and RSTD to logic '0'.
Related violations: <none>

AVAL-4#96 Advisory
enum_USE_DPORT_FALSE_enum_DREG_ADREG_0_connects_CED_CEAD_RSTD_GND  
u_array/g_pe_row[5].g_pe_pair[7].u_pe/u_dsp48: DSP48E1 is not using the D port (USE_DPORT = FALSE). For improved power characteristics, set DREG and ADREG to '1', tie CED, CEAD, and RSTD to logic '0'.
Related violations: <none>

AVAL-4#97 Advisory
enum_USE_DPORT_FALSE_enum_DREG_ADREG_0_connects_CED_CEAD_RSTD_GND  
u_array/g_pe_row[6].g_pe_pair[0].u_pe/u_dsp48: DSP48E1 is not using the D port (USE_DPORT = FALSE). For improved power characteristics, set DREG and ADREG to '1', tie CED, CEAD, and RSTD to logic '0'.
Related violations: <none>

AVAL-4#98 Advisory
enum_USE_DPORT_FALSE_enum_DREG_ADREG_0_connects_CED_CEAD_RSTD_GND  
u_array/g_pe_row[6].g_pe_pair[1].u_pe/u_dsp48: DSP48E1 is not using the D port (USE_DPORT = FALSE). For improved power characteristics, set DREG and ADREG to '1', tie CED, CEAD, and RSTD to logic '0'.
Related violations: <none>

AVAL-4#99 Advisory
enum_USE_DPORT_FALSE_enum_DREG_ADREG_0_connects_CED_CEAD_RSTD_GND  
u_array/g_pe_row[6].g_pe_pair[2].u_pe/u_dsp48: DSP48E1 is not using the D port (USE_DPORT = FALSE). For improved power characteristics, set DREG and ADREG to '1', tie CED, CEAD, and RSTD to logic '0'.
Related violations: <none>

AVAL-4#100 Advisory
enum_USE_DPORT_FALSE_enum_DREG_ADREG_0_connects_CED_CEAD_RSTD_GND  
u_array/g_pe_row[6].g_pe_pair[3].u_pe/u_dsp48: DSP48E1 is not using the D port (USE_DPORT = FALSE). For improved power characteristics, set DREG and ADREG to '1', tie CED, CEAD, and RSTD to logic '0'.
Related violations: <none>

AVAL-4#101 Advisory
enum_USE_DPORT_FALSE_enum_DREG_ADREG_0_connects_CED_CEAD_RSTD_GND  
u_array/g_pe_row[6].g_pe_pair[4].u_pe/u_dsp48: DSP48E1 is not using the D port (USE_DPORT = FALSE). For improved power characteristics, set DREG and ADREG to '1', tie CED, CEAD, and RSTD to logic '0'.
Related violations: <none>

AVAL-4#102 Advisory
enum_USE_DPORT_FALSE_enum_DREG_ADREG_0_connects_CED_CEAD_RSTD_GND  
u_array/g_pe_row[6].g_pe_pair[5].u_pe/u_dsp48: DSP48E1 is not using the D port (USE_DPORT = FALSE). For improved power characteristics, set DREG and ADREG to '1', tie CED, CEAD, and RSTD to logic '0'.
Related violations: <none>

AVAL-4#103 Advisory
enum_USE_DPORT_FALSE_enum_DREG_ADREG_0_connects_CED_CEAD_RSTD_GND  
u_array/g_pe_row[6].g_pe_pair[6].u_pe/u_dsp48: DSP48E1 is not using the D port (USE_DPORT = FALSE). For improved power characteristics, set DREG and ADREG to '1', tie CED, CEAD, and RSTD to logic '0'.
Related violations: <none>

AVAL-4#104 Advisory
enum_USE_DPORT_FALSE_enum_DREG_ADREG_0_connects_CED_CEAD_RSTD_GND  
u_array/g_pe_row[6].g_pe_pair[7].u_pe/u_dsp48: DSP48E1 is not using the D port (USE_DPORT = FALSE). For improved power characteristics, set DREG and ADREG to '1', tie CED, CEAD, and RSTD to logic '0'.
Related violations: <none>

AVAL-4#105 Advisory
enum_USE_DPORT_FALSE_enum_DREG_ADREG_0_connects_CED_CEAD_RSTD_GND  
u_array/g_pe_row[7].g_pe_pair[0].u_pe/u_dsp48: DSP48E1 is not using the D port (USE_DPORT = FALSE). For improved power characteristics, set DREG and ADREG to '1', tie CED, CEAD, and RSTD to logic '0'.
Related violations: <none>

AVAL-4#106 Advisory
enum_USE_DPORT_FALSE_enum_DREG_ADREG_0_connects_CED_CEAD_RSTD_GND  
u_array/g_pe_row[7].g_pe_pair[1].u_pe/u_dsp48: DSP48E1 is not using the D port (USE_DPORT = FALSE). For improved power characteristics, set DREG and ADREG to '1', tie CED, CEAD, and RSTD to logic '0'.
Related violations: <none>

AVAL-4#107 Advisory
enum_USE_DPORT_FALSE_enum_DREG_ADREG_0_connects_CED_CEAD_RSTD_GND  
u_array/g_pe_row[7].g_pe_pair[2].u_pe/u_dsp48: DSP48E1 is not using the D port (USE_DPORT = FALSE). For improved power characteristics, set DREG and ADREG to '1', tie CED, CEAD, and RSTD to logic '0'.
Related violations: <none>

AVAL-4#108 Advisory
enum_USE_DPORT_FALSE_enum_DREG_ADREG_0_connects_CED_CEAD_RSTD_GND  
u_array/g_pe_row[7].g_pe_pair[3].u_pe/u_dsp48: DSP48E1 is not using the D port (USE_DPORT = FALSE). For improved power characteristics, set DREG and ADREG to '1', tie CED, CEAD, and RSTD to logic '0'.
Related violations: <none>

AVAL-4#109 Advisory
enum_USE_DPORT_FALSE_enum_DREG_ADREG_0_connects_CED_CEAD_RSTD_GND  
u_array/g_pe_row[7].g_pe_pair[4].u_pe/u_dsp48: DSP48E1 is not using the D port (USE_DPORT = FALSE). For improved power characteristics, set DREG and ADREG to '1', tie CED, CEAD, and RSTD to logic '0'.
Related violations: <none>

AVAL-4#110 Advisory
enum_USE_DPORT_FALSE_enum_DREG_ADREG_0_connects_CED_CEAD_RSTD_GND  
u_array/g_pe_row[7].g_pe_pair[5].u_pe/u_dsp48: DSP48E1 is not using the D port (USE_DPORT = FALSE). For improved power characteristics, set DREG and ADREG to '1', tie CED, CEAD, and RSTD to logic '0'.
Related violations: <none>

AVAL-4#111 Advisory
enum_USE_DPORT_FALSE_enum_DREG_ADREG_0_connects_CED_CEAD_RSTD_GND  
u_array/g_pe_row[7].g_pe_pair[6].u_pe/u_dsp48: DSP48E1 is not using the D port (USE_DPORT = FALSE). For improved power characteristics, set DREG and ADREG to '1', tie CED, CEAD, and RSTD to logic '0'.
Related violations: <none>

AVAL-4#112 Advisory
enum_USE_DPORT_FALSE_enum_DREG_ADREG_0_connects_CED_CEAD_RSTD_GND  
u_array/g_pe_row[7].g_pe_pair[7].u_pe/u_dsp48: DSP48E1 is not using the D port (USE_DPORT = FALSE). For improved power characteristics, set DREG and ADREG to '1', tie CED, CEAD, and RSTD to logic '0'.
Related violations: <none>

AVAL-4#113 Advisory
enum_USE_DPORT_FALSE_enum_DREG_ADREG_0_connects_CED_CEAD_RSTD_GND  
u_array/g_pe_row[8].g_pe_pair[0].u_pe/u_dsp48: DSP48E1 is not using the D port (USE_DPORT = FALSE). For improved power characteristics, set DREG and ADREG to '1', tie CED, CEAD, and RSTD to logic '0'.
Related violations: <none>

AVAL-4#114 Advisory
enum_USE_DPORT_FALSE_enum_DREG_ADREG_0_connects_CED_CEAD_RSTD_GND  
u_array/g_pe_row[8].g_pe_pair[1].u_pe/u_dsp48: DSP48E1 is not using the D port (USE_DPORT = FALSE). For improved power characteristics, set DREG and ADREG to '1', tie CED, CEAD, and RSTD to logic '0'.
Related violations: <none>

AVAL-4#115 Advisory
enum_USE_DPORT_FALSE_enum_DREG_ADREG_0_connects_CED_CEAD_RSTD_GND  
u_array/g_pe_row[8].g_pe_pair[2].u_pe/u_dsp48: DSP48E1 is not using the D port (USE_DPORT = FALSE). For improved power characteristics, set DREG and ADREG to '1', tie CED, CEAD, and RSTD to logic '0'.
Related violations: <none>

AVAL-4#116 Advisory
enum_USE_DPORT_FALSE_enum_DREG_ADREG_0_connects_CED_CEAD_RSTD_GND  
u_array/g_pe_row[8].g_pe_pair[3].u_pe/u_dsp48: DSP48E1 is not using the D port (USE_DPORT = FALSE). For improved power characteristics, set DREG and ADREG to '1', tie CED, CEAD, and RSTD to logic '0'.
Related violations: <none>

AVAL-4#117 Advisory
enum_USE_DPORT_FALSE_enum_DREG_ADREG_0_connects_CED_CEAD_RSTD_GND  
u_array/g_pe_row[8].g_pe_pair[4].u_pe/u_dsp48: DSP48E1 is not using the D port (USE_DPORT = FALSE). For improved power characteristics, set DREG and ADREG to '1', tie CED, CEAD, and RSTD to logic '0'.
Related violations: <none>

AVAL-4#118 Advisory
enum_USE_DPORT_FALSE_enum_DREG_ADREG_0_connects_CED_CEAD_RSTD_GND  
u_array/g_pe_row[8].g_pe_pair[5].u_pe/u_dsp48: DSP48E1 is not using the D port (USE_DPORT = FALSE). For improved power characteristics, set DREG and ADREG to '1', tie CED, CEAD, and RSTD to logic '0'.
Related violations: <none>

AVAL-4#119 Advisory
enum_USE_DPORT_FALSE_enum_DREG_ADREG_0_connects_CED_CEAD_RSTD_GND  
u_array/g_pe_row[8].g_pe_pair[6].u_pe/u_dsp48: DSP48E1 is not using the D port (USE_DPORT = FALSE). For improved power characteristics, set DREG and ADREG to '1', tie CED, CEAD, and RSTD to logic '0'.
Related violations: <none>

AVAL-4#120 Advisory
enum_USE_DPORT_FALSE_enum_DREG_ADREG_0_connects_CED_CEAD_RSTD_GND  
u_array/g_pe_row[8].g_pe_pair[7].u_pe/u_dsp48: DSP48E1 is not using the D port (USE_DPORT = FALSE). For improved power characteristics, set DREG and ADREG to '1', tie CED, CEAD, and RSTD to logic '0'.
Related violations: <none>

AVAL-4#121 Advisory
enum_USE_DPORT_FALSE_enum_DREG_ADREG_0_connects_CED_CEAD_RSTD_GND  
u_array/g_pe_row[9].g_pe_pair[0].u_pe/u_dsp48: DSP48E1 is not using the D port (USE_DPORT = FALSE). For improved power characteristics, set DREG and ADREG to '1', tie CED, CEAD, and RSTD to logic '0'.
Related violations: <none>

AVAL-4#122 Advisory
enum_USE_DPORT_FALSE_enum_DREG_ADREG_0_connects_CED_CEAD_RSTD_GND  
u_array/g_pe_row[9].g_pe_pair[1].u_pe/u_dsp48: DSP48E1 is not using the D port (USE_DPORT = FALSE). For improved power characteristics, set DREG and ADREG to '1', tie CED, CEAD, and RSTD to logic '0'.
Related violations: <none>

AVAL-4#123 Advisory
enum_USE_DPORT_FALSE_enum_DREG_ADREG_0_connects_CED_CEAD_RSTD_GND  
u_array/g_pe_row[9].g_pe_pair[2].u_pe/u_dsp48: DSP48E1 is not using the D port (USE_DPORT = FALSE). For improved power characteristics, set DREG and ADREG to '1', tie CED, CEAD, and RSTD to logic '0'.
Related violations: <none>

AVAL-4#124 Advisory
enum_USE_DPORT_FALSE_enum_DREG_ADREG_0_connects_CED_CEAD_RSTD_GND  
u_array/g_pe_row[9].g_pe_pair[3].u_pe/u_dsp48: DSP48E1 is not using the D port (USE_DPORT = FALSE). For improved power characteristics, set DREG and ADREG to '1', tie CED, CEAD, and RSTD to logic '0'.
Related violations: <none>

AVAL-4#125 Advisory
enum_USE_DPORT_FALSE_enum_DREG_ADREG_0_connects_CED_CEAD_RSTD_GND  
u_array/g_pe_row[9].g_pe_pair[4].u_pe/u_dsp48: DSP48E1 is not using the D port (USE_DPORT = FALSE). For improved power characteristics, set DREG and ADREG to '1', tie CED, CEAD, and RSTD to logic '0'.
Related violations: <none>

AVAL-4#126 Advisory
enum_USE_DPORT_FALSE_enum_DREG_ADREG_0_connects_CED_CEAD_RSTD_GND  
u_array/g_pe_row[9].g_pe_pair[5].u_pe/u_dsp48: DSP48E1 is not using the D port (USE_DPORT = FALSE). For improved power characteristics, set DREG and ADREG to '1', tie CED, CEAD, and RSTD to logic '0'.
Related violations: <none>

AVAL-4#127 Advisory
enum_USE_DPORT_FALSE_enum_DREG_ADREG_0_connects_CED_CEAD_RSTD_GND  
u_array/g_pe_row[9].g_pe_pair[6].u_pe/u_dsp48: DSP48E1 is not using the D port (USE_DPORT = FALSE). For improved power characteristics, set DREG and ADREG to '1', tie CED, CEAD, and RSTD to logic '0'.
Related violations: <none>

AVAL-4#128 Advisory
enum_USE_DPORT_FALSE_enum_DREG_ADREG_0_connects_CED_CEAD_RSTD_GND  
u_array/g_pe_row[9].g_pe_pair[7].u_pe/u_dsp48: DSP48E1 is not using the D port (USE_DPORT = FALSE). For improved power characteristics, set DREG and ADREG to '1', tie CED, CEAD, and RSTD to logic '0'.
Related violations: <none>


