
****** Vivado v2025.2 (64-bit)
  **** SW Build 6299465 on Fri Nov 14 19:35:11 GMT 2025
  **** IP Build 6300035 on Fri Nov 14 10:48:45 MST 2025
  **** SharedData Build 6298862 on Thu Nov 13 04:50:51 MST 2025
  **** Start of session at: Fri Sep 18 19:41:23 2026
    ** Copyright 1986-2022 Xilinx, Inc. All Rights Reserved.
    ** Copyright 2022-2025 Advanced Micro Devices, Inc. All Rights Reserved.

source {E:\competition\4_metrics\logs\2026-09-18_yolo_csr_bd_run02_ackfix\synth_bit_ackfix.tcl}
# set projdir  {E:/competition/2_fpga/3_yolo_zynq/proj/axi_test}
# set evidence {E:/competition/4_metrics/logs/2026-09-18_yolo_csr_bd_run02_ackfix}
# proc ees_fail {msg} {
#     set m "EES_VIVADO_RESULT FA"; append m "IL"
#     puts "EES_INFO $msg"
#     puts $m
#     exit 2
# }
# puts "EES_VIVADO_STAGE BIT_OPEN"
EES_VIVADO_STAGE BIT_OPEN
# open_project $projdir/axi_test.xpr
Scanning sources...
Finished scanning sources
WARNING: [Board 49-26] cannot add Board Part xilinx.com:emb-plus-vpr-4616:part0:1.0 available at F:/vivado2025/2025.2/data/xhub/boards\XilinxBoardStore\boards\Xilinx\emb-plus-vpr-4616\1.0\board.xml as part xcve2302-sfva784-2mp-e-s specified in board_part file is either invalid or not available
WARNING: [Board 49-26] cannot add Board Part xilinx.com:emb-plus-vpr-4616:part0:1.1 available at F:/vivado2025/2025.2/data/xhub/boards\XilinxBoardStore\boards\Xilinx\emb-plus-vpr-4616\1.1\board.xml as part xcve2302-sfva784-2mp-e-s specified in board_part file is either invalid or not available
WARNING: [Board 49-26] cannot add Board Part xilinx.com:kcu105:part0:1.6 available at F:/vivado2025/2025.2/data/xhub/boards\XilinxBoardStore\boards\Xilinx\kcu105\1.6\board.xml as part xcku040-ffva1156-2-e specified in board_part file is either invalid or not available
WARNING: [Board 49-26] cannot add Board Part xilinx.com:kcu105:part0:1.7 available at F:/vivado2025/2025.2/data/xhub/boards\XilinxBoardStore\boards\Xilinx\kcu105\1.7\board.xml as part xcku040-ffva1156-2-e specified in board_part file is either invalid or not available
WARNING: [Board 49-26] cannot add Board Part xilinx.com:kcu116:part0:1.4 available at F:/vivado2025/2025.2/data/xhub/boards\XilinxBoardStore\boards\Xilinx\kcu116\1.4\board.xml as part xcku5p-ffvb676-2-e specified in board_part file is either invalid or not available
WARNING: [Board 49-26] cannot add Board Part xilinx.com:kcu116:part0:1.5 available at F:/vivado2025/2025.2/data/xhub/boards\XilinxBoardStore\boards\Xilinx\kcu116\1.5\board.xml as part xcku5p-ffvb676-2-e specified in board_part file is either invalid or not available
WARNING: [Board 49-26] cannot add Board Part xilinx.com:kcu1500:part0:1.2 available at F:/vivado2025/2025.2/data/xhub/boards\XilinxBoardStore\boards\Xilinx\kcu1500\1.2\board.xml as part xcku115-flvb2104-2-e specified in board_part file is either invalid or not available
WARNING: [Board 49-26] cannot add Board Part xilinx.com:scu35:part0:1.0 available at F:/vivado2025/2025.2/data/xhub/boards\XilinxBoardStore\boards\Xilinx\scu35\1.0\board.xml as part xcsu35p-sbvb625-2-e specified in board_part file is either invalid or not available
WARNING: [Board 49-26] cannot add Board Part xilinx.com:v80:part0:1.0 available at F:/vivado2025/2025.2/data/xhub/boards\XilinxBoardStore\boards\Xilinx\v80\1.0\board.xml as part xcv80-lsva4737-2mhp-e-s specified in board_part file is either invalid or not available
WARNING: [Board 49-26] cannot add Board Part xilinx.com:vck190:part0:2.2 available at F:/vivado2025/2025.2/data/xhub/boards\XilinxBoardStore\boards\Xilinx\vck190\production\2.2\board.xml as part xcvc1902-vsva2197-2mp-e-s specified in board_part file is either invalid or not available
WARNING: [Board 49-26] cannot add Board Part xilinx.com:vck190:part0:3.0 available at F:/vivado2025/2025.2/data/xhub/boards\XilinxBoardStore\boards\Xilinx\vck190\production\3.0\board.xml as part xcvc1902-vsva2197-2mp-e-s specified in board_part file is either invalid or not available
WARNING: [Board 49-26] cannot add Board Part xilinx.com:vck190:part0:3.1 available at F:/vivado2025/2025.2/data/xhub/boards\XilinxBoardStore\boards\Xilinx\vck190\production\3.1\board.xml as part xcvc1902-vsva2197-2mp-e-s specified in board_part file is either invalid or not available
WARNING: [Board 49-26] cannot add Board Part xilinx.com:vck190:part0:3.2 available at F:/vivado2025/2025.2/data/xhub/boards\XilinxBoardStore\boards\Xilinx\vck190\production\3.2\board.xml as part xcvc1902-vsva2197-2mp-e-s specified in board_part file is either invalid or not available
WARNING: [Board 49-26] cannot add Board Part xilinx.com:vck190:part0:3.3 available at F:/vivado2025/2025.2/data/xhub/boards\XilinxBoardStore\boards\Xilinx\vck190\production\3.3\board.xml as part xcvc1902-vsva2197-2mp-e-s specified in board_part file is either invalid or not available
WARNING: [Board 49-26] cannot add Board Part xilinx.com:vck190:part0:3.4 available at F:/vivado2025/2025.2/data/xhub/boards\XilinxBoardStore\boards\Xilinx\vck190\production\3.4\board.xml as part xcvc1902-vsva2197-2mp-e-s specified in board_part file is either invalid or not available
WARNING: [Board 49-26] cannot add Board Part xilinx.com:vck190_newl:part0:1.0 available at F:/vivado2025/2025.2/data/xhub/boards\XilinxBoardStore\boards\Xilinx\vck190_newl\production\1.0\board.xml as part xcvc1902-vsva2197-2mp-e-s specified in board_part file is either invalid or not available
WARNING: [Board 49-26] cannot add Board Part xilinx.com:vck190_newl:part0:1.1 available at F:/vivado2025/2025.2/data/xhub/boards\XilinxBoardStore\boards\Xilinx\vck190_newl\production\1.1\board.xml as part xcvc1902-vsva2197-2mp-e-s specified in board_part file is either invalid or not available
WARNING: [Board 49-26] cannot add Board Part xilinx.com:vck190_newl:part0:1.2 available at F:/vivado2025/2025.2/data/xhub/boards\XilinxBoardStore\boards\Xilinx\vck190_newl\production\1.2\board.xml as part xcvc1902-vsva2197-2mp-e-s specified in board_part file is either invalid or not available
WARNING: [Board 49-26] cannot add Board Part xilinx.com:vck190_newl:part0:1.3 available at F:/vivado2025/2025.2/data/xhub/boards\XilinxBoardStore\boards\Xilinx\vck190_newl\production\1.3\board.xml as part xcvc1902-vsva2197-2mp-e-s specified in board_part file is either invalid or not available
WARNING: [Board 49-26] cannot add Board Part xilinx.com:vcu108:part0:1.6 available at F:/vivado2025/2025.2/data/xhub/boards\XilinxBoardStore\boards\Xilinx\vcu108\1.6\board.xml as part xcvu095-ffva2104-2-e specified in board_part file is either invalid or not available
WARNING: [Board 49-26] cannot add Board Part xilinx.com:vcu108:part0:1.7 available at F:/vivado2025/2025.2/data/xhub/boards\XilinxBoardStore\boards\Xilinx\vcu108\1.7\board.xml as part xcvu095-ffva2104-2-e specified in board_part file is either invalid or not available
WARNING: [Board 49-26] cannot add Board Part xilinx.com:vcu110:part0:1.4 available at F:/vivado2025/2025.2/data/xhub/boards\XilinxBoardStore\boards\Xilinx\vcu110\1.4\board.xml as part xcvu190-flgc2104-2-e specified in board_part file is either invalid or not available
WARNING: [Board 49-26] cannot add Board Part xilinx.com:vcu118:part0:2.0 available at F:/vivado2025/2025.2/data/xhub/boards\XilinxBoardStore\boards\Xilinx\vcu118\2.0\board.xml as part xcvu9p-flga2104-2l-e specified in board_part file is either invalid or not available
WARNING: [Board 49-26] cannot add Board Part xilinx.com:vcu118:part0:2.3 available at F:/vivado2025/2025.2/data/xhub/boards\XilinxBoardStore\boards\Xilinx\vcu118\2.3\board.xml as part xcvu9p-flga2104-2l-e specified in board_part file is either invalid or not available
WARNING: [Board 49-26] cannot add Board Part xilinx.com:vcu118:part0:2.4 available at F:/vivado2025/2025.2/data/xhub/boards\XilinxBoardStore\boards\Xilinx\vcu118\2.4\board.xml as part xcvu9p-flga2104-2l-e specified in board_part file is either invalid or not available
WARNING: [Board 49-26] cannot add Board Part xilinx.com:vcu128:part0:1.0 available at F:/vivado2025/2025.2/data/xhub/boards\XilinxBoardStore\boards\Xilinx\vcu128\production\1.0\board.xml as part xcvu37p-fsvh2892-2l-e specified in board_part file is either invalid or not available
WARNING: [Board 49-26] cannot add Board Part xilinx.com:vcu129:part0:1.0 available at F:/vivado2025/2025.2/data/xhub/boards\XilinxBoardStore\boards\Xilinx\vcu129\production\1.0\board.xml as part xcvu29p-fsga2577-2l-e specified in board_part file is either invalid or not available
WARNING: [Board 49-26] cannot add Board Part xilinx.com:vcu1525:part0:1.3 available at F:/vivado2025/2025.2/data/xhub/boards\XilinxBoardStore\boards\Xilinx\vcu1525\1.3\board.xml as part xcvu9p-fsgd2104-2l-e specified in board_part file is either invalid or not available
WARNING: [Board 49-26] cannot add Board Part xilinx.com:vek280:part0:1.0 available at F:/vivado2025/2025.2/data/xhub/boards\XilinxBoardStore\boards\Xilinx\vek280\production\1.0\board.xml as part xcve2802-vsvh1760-2mp-e-s specified in board_part file is either invalid or not available
WARNING: [Board 49-26] cannot add Board Part xilinx.com:vek280:part0:1.1 available at F:/vivado2025/2025.2/data/xhub/boards\XilinxBoardStore\boards\Xilinx\vek280\production\1.1\board.xml as part xcve2802-vsvh1760-2mp-e-s specified in board_part file is either invalid or not available
WARNING: [Board 49-26] cannot add Board Part xilinx.com:vek280:part0:1.2 available at F:/vivado2025/2025.2/data/xhub/boards\XilinxBoardStore\boards\Xilinx\vek280\production\1.2\board.xml as part xcve2802-vsvh1760-2mp-e-s specified in board_part file is either invalid or not available
WARNING: [Board 49-26] cannot add Board Part xilinx.com:vek385:part0:1.0 available at F:/vivado2025/2025.2/data/xhub/boards\XilinxBoardStore\boards\Xilinx\vek385\1.0\board.xml as part xc2ve3858-ssva2112-2mp-e-s specified in board_part file is either invalid or not available
WARNING: [Board 49-26] cannot add Board Part xilinx.com:vek385:part0:1.1 available at F:/vivado2025/2025.2/data/xhub/boards\XilinxBoardStore\boards\Xilinx\vek385\1.1\board.xml as part xc2ve3858-ssva2112-2mp-e-s specified in board_part file is either invalid or not available
WARNING: [Board 49-26] cannot add Board Part xilinx.com:vek385_1:part0:1.0 available at F:/vivado2025/2025.2/data/xhub/boards\XilinxBoardStore\boards\Xilinx\vek385_2\1.0\board.xml as part xc2ve3858-ssva2112-2mp-e-s specified in board_part file is either invalid or not available
WARNING: [Board 49-26] cannot add Board Part xilinx.com:vermeo_t1_rfsoc:part0:1.0 available at F:/vivado2025/2025.2/data/xhub/boards\XilinxBoardStore\boards\Xilinx\vermeo_t1_rfsoc\1.0\board.xml as part xczu21dr-ffvd1156-2l-e specified in board_part file is either invalid or not available
WARNING: [Board 49-26] cannot add Board Part xilinx.com:vhk158:part0:1.0 available at F:/vivado2025/2025.2/data/xhub/boards\XilinxBoardStore\boards\Xilinx\vhk158\production\1.0\board.xml as part xcvh1582-vsva3697-2mp-e-s specified in board_part file is either invalid or not available
WARNING: [Board 49-26] cannot add Board Part xilinx.com:vhk158:part0:1.1 available at F:/vivado2025/2025.2/data/xhub/boards\XilinxBoardStore\boards\Xilinx\vhk158\production\1.1\board.xml as part xcvh1582-vsva3697-2mp-e-s specified in board_part file is either invalid or not available
WARNING: [Board 49-26] cannot add Board Part xilinx.com:vhk158:part0:1.2 available at F:/vivado2025/2025.2/data/xhub/boards\XilinxBoardStore\boards\Xilinx\vhk158\production\1.2\board.xml as part xcvh1582-vsva3697-2mp-e-s specified in board_part file is either invalid or not available
WARNING: [Board 49-26] cannot add Board Part xilinx.com:vmk180:part0:2.2 available at F:/vivado2025/2025.2/data/xhub/boards\XilinxBoardStore\boards\Xilinx\vmk180\production\2.2\board.xml as part xcvm1802-vsva2197-2mp-e-s specified in board_part file is either invalid or not available
WARNING: [Board 49-26] cannot add Board Part xilinx.com:vmk180:part0:3.0 available at F:/vivado2025/2025.2/data/xhub/boards\XilinxBoardStore\boards\Xilinx\vmk180\production\3.0\board.xml as part xcvm1802-vsva2197-2mp-e-s specified in board_part file is either invalid or not available
WARNING: [Board 49-26] cannot add Board Part xilinx.com:vmk180:part0:3.1 available at F:/vivado2025/2025.2/data/xhub/boards\XilinxBoardStore\boards\Xilinx\vmk180\production\3.1\board.xml as part xcvm1802-vsva2197-2mp-e-s specified in board_part file is either invalid or not available
WARNING: [Board 49-26] cannot add Board Part xilinx.com:vmk180:part0:3.2 available at F:/vivado2025/2025.2/data/xhub/boards\XilinxBoardStore\boards\Xilinx\vmk180\production\3.2\board.xml as part xcvm1802-vsva2197-2mp-e-s specified in board_part file is either invalid or not available
WARNING: [Board 49-26] cannot add Board Part xilinx.com:vmk180:part0:3.3 available at F:/vivado2025/2025.2/data/xhub/boards\XilinxBoardStore\boards\Xilinx\vmk180\production\3.3\board.xml as part xcvm1802-vsva2197-2mp-e-s specified in board_part file is either invalid or not available
WARNING: [Board 49-26] cannot add Board Part xilinx.com:vmk180_newl:part0:1.0 available at F:/vivado2025/2025.2/data/xhub/boards\XilinxBoardStore\boards\Xilinx\vmk180_newl\production\1.0\board.xml as part xcvm1802-vsva2197-2mp-e-s specified in board_part file is either invalid or not available
WARNING: [Board 49-26] cannot add Board Part xilinx.com:vmk180_newl:part0:1.1 available at F:/vivado2025/2025.2/data/xhub/boards\XilinxBoardStore\boards\Xilinx\vmk180_newl\production\1.1\board.xml as part xcvm1802-vsva2197-2mp-e-s specified in board_part file is either invalid or not available
WARNING: [Board 49-26] cannot add Board Part xilinx.com:vpk120:part0:1.0 available at F:/vivado2025/2025.2/data/xhub/boards\XilinxBoardStore\boards\Xilinx\vpk120\production\1.0\board.xml as part xcvp1202-vsva2785-2mp-e-s specified in board_part file is either invalid or not available
WARNING: [Board 49-26] cannot add Board Part xilinx.com:vpk120:part0:1.1 available at F:/vivado2025/2025.2/data/xhub/boards\XilinxBoardStore\boards\Xilinx\vpk120\production\1.1\board.xml as part xcvp1202-vsva2785-2mp-e-s specified in board_part file is either invalid or not available
WARNING: [Board 49-26] cannot add Board Part xilinx.com:vpk120:part0:1.2 available at F:/vivado2025/2025.2/data/xhub/boards\XilinxBoardStore\boards\Xilinx\vpk120\production\1.2\board.xml as part xcvp1202-vsva2785-2mp-e-s specified in board_part file is either invalid or not available
WARNING: [Board 49-26] cannot add Board Part xilinx.com:vpk180:part0:1.0 available at F:/vivado2025/2025.2/data/xhub/boards\XilinxBoardStore\boards\Xilinx\vpk180\production\1.0\board.xml as part xcvp1802-lsvc4072-2mp-e-s specified in board_part file is either invalid or not available
WARNING: [Board 49-26] cannot add Board Part xilinx.com:vpk180:part0:1.1 available at F:/vivado2025/2025.2/data/xhub/boards\XilinxBoardStore\boards\Xilinx\vpk180\production\1.1\board.xml as part xcvp1802-lsvc4072-2mp-e-s specified in board_part file is either invalid or not available
WARNING: [Board 49-26] cannot add Board Part xilinx.com:vpk180:part0:1.2 available at F:/vivado2025/2025.2/data/xhub/boards\XilinxBoardStore\boards\Xilinx\vpk180\production\1.2\board.xml as part xcvp1802-lsvc4072-2mp-e-s specified in board_part file is either invalid or not available
WARNING: [Board 49-26] cannot add Board Part xilinx.com:vrk160:part0:1.0 available at F:/vivado2025/2025.2/data/xhub/boards\XilinxBoardStore\boards\Xilinx\vrk160\1.0\board.xml as part xcvr1602-vsva2488-2mp-e-s-es1 specified in board_part file is either invalid or not available
WARNING: [Board 49-26] cannot add Board Part xilinx.com:vrk160:part0:1.1 available at F:/vivado2025/2025.2/data/xhub/boards\XilinxBoardStore\boards\Xilinx\vrk160\1.1\board.xml as part xcvr1602-vsva2488-2mp-e-s-es1 specified in board_part file is either invalid or not available
WARNING: [Board 49-26] cannot add Board Part xilinx.com:zcu111:part0:1.2 available at F:/vivado2025/2025.2/data/xhub/boards\XilinxBoardStore\boards\Xilinx\zcu111\1.2\board.xml as part xczu28dr-ffvg1517-2-e specified in board_part file is either invalid or not available
WARNING: [Board 49-26] cannot add Board Part xilinx.com:zcu111:part0:1.3 available at F:/vivado2025/2025.2/data/xhub/boards\XilinxBoardStore\boards\Xilinx\zcu111\1.3\board.xml as part xczu28dr-ffvg1517-2-e specified in board_part file is either invalid or not available
WARNING: [Board 49-26] cannot add Board Part xilinx.com:zcu111:part0:1.4 available at F:/vivado2025/2025.2/data/xhub/boards\XilinxBoardStore\boards\Xilinx\zcu111\1.4\board.xml as part xczu28dr-ffvg1517-2-e specified in board_part file is either invalid or not available
WARNING: [Board 49-26] cannot add Board Part xilinx.com:zcu1275:part0:1.0 available at F:/vivado2025/2025.2/data/xhub/boards\XilinxBoardStore\boards\Xilinx\zcu1275\1.0\board.xml as part xczu29dr-ffvf1760-2-e specified in board_part file is either invalid or not available
WARNING: [Board 49-26] cannot add Board Part xilinx.com:zcu1285:part0:1.0 available at F:/vivado2025/2025.2/data/xhub/boards\XilinxBoardStore\boards\Xilinx\zcu1285\1.0\board.xml as part xczu39dr-ffvf1760-2-i specified in board_part file is either invalid or not available
WARNING: [Board 49-26] cannot add Board Part xilinx.com:zcu208:part0:2.0 available at F:/vivado2025/2025.2/data/xhub/boards\XilinxBoardStore\boards\Xilinx\zcu208\production\2.0\board.xml as part xczu48dr-fsvg1517-2-e specified in board_part file is either invalid or not available
WARNING: [Board 49-26] cannot add Board Part xilinx.com:zcu208ld:part0:2.0 available at F:/vivado2025/2025.2/data/xhub/boards\XilinxBoardStore\boards\Xilinx\zcu208ld\production\2.0\board.xml as part xczu58dr-fsvg1517-2-i specified in board_part file is either invalid or not available
WARNING: [Board 49-26] cannot add Board Part xilinx.com:zcu216:part0:2.0 available at F:/vivado2025/2025.2/data/xhub/boards\XilinxBoardStore\boards\Xilinx\zcu216\production\2.0\board.xml as part xczu49dr-ffvf1760-2-e specified in board_part file is either invalid or not available
WARNING: [Board 49-26] cannot add Board Part xilinx.com:zcu216ld:part0:2.0 available at F:/vivado2025/2025.2/data/xhub/boards\XilinxBoardStore\boards\Xilinx\zcu216ld\production\2.0\board.xml as part xczu59dr-ffvf1760-2-i specified in board_part file is either invalid or not available
WARNING: [Board 49-26] cannot add Board Part xilinx.com:zcu670:part0:2.0 available at F:/vivado2025/2025.2/data/xhub/boards\XilinxBoardStore\boards\Xilinx\zcu670\2.0\board.xml as part xczu67dr-fsve1156-2-i specified in board_part file is either invalid or not available
WARNING: [Board 49-26] cannot add Board Part xilinx.com:zcu670ld:part0:1.0 available at F:/vivado2025/2025.2/data/xhub/boards\XilinxBoardStore\boards\Xilinx\zcu670ld\1.0\board.xml as part xczu57dr-fsve1156-2-i specified in board_part file is either invalid or not available
WARNING: [Project 1-5713] Board part '' set for the project  is not found. BoardPart property will be unset. Please select board from latest repo build 
INFO: [IP_Flow 19-234] Refreshing IP repositories
INFO: [IP_Flow 19-1704] No user IP repositories specified
INFO: [IP_Flow 19-2313] Loaded Vivado IP repository 'F:/vivado2025/2025.2/Vivado/data/ip'.
WARNING: [IP_Flow 19-3664] IP 'display_test_u_yolo_csr_0' generated file not found 'e:/competition/2_fpga/3_yolo_zynq/proj/axi_test/axi_test.gen/sources_1/bd/display_test/ip/display_test_u_yolo_csr_0/display_test_u_yolo_csr_0.dcp'. Please regenerate to continue.
WARNING: [IP_Flow 19-3664] IP 'display_test_u_yolo_csr_0' generated file not found 'e:/competition/2_fpga/3_yolo_zynq/proj/axi_test/axi_test.gen/sources_1/bd/display_test/ip/display_test_u_yolo_csr_0/display_test_u_yolo_csr_0_sim_netlist.v'. Please regenerate to continue.
WARNING: [IP_Flow 19-3664] IP 'display_test_u_yolo_csr_0' generated file not found 'e:/competition/2_fpga/3_yolo_zynq/proj/axi_test/axi_test.gen/sources_1/bd/display_test/ip/display_test_u_yolo_csr_0/display_test_u_yolo_csr_0_sim_netlist.vhdl'. Please regenerate to continue.
WARNING: [IP_Flow 19-3664] IP 'display_test_u_yolo_csr_0' generated file not found 'e:/competition/2_fpga/3_yolo_zynq/proj/axi_test/axi_test.gen/sources_1/bd/display_test/ip/display_test_u_yolo_csr_0/display_test_u_yolo_csr_0_stub.v'. Please regenerate to continue.
WARNING: [IP_Flow 19-3664] IP 'display_test_u_yolo_csr_0' generated file not found 'e:/competition/2_fpga/3_yolo_zynq/proj/axi_test/axi_test.gen/sources_1/bd/display_test/ip/display_test_u_yolo_csr_0/display_test_u_yolo_csr_0_stub.vhdl'. Please regenerate to continue.
INFO: [Project 1-5698] Found the below utility IPs instantiated in block design E:/competition/2_fpga/3_yolo_zynq/proj/axi_test/axi_test.srcs/sources_1/bd/display_test/display_test.bd which have equivalent inline hdl with improved performance and reduced diskspace.
It is recommended to migrate these utility IPs to inline hdl  using the command upgrade_project -migrate_to_inline_hdl.  The utility IPs may be deprecated in future releases.
More information on inline hdl is available in UG994.
Utility IP Component Instances:
 display_test_vcc_rst_0
# generate_target all [get_files display_test.bd]
INFO: [BD 41-1637] Generated targets are already up-to-date for block design 'display_test' - hence not re-generating.
# set_property top display_test_wrapper [get_filesets sources_1]
# update_compile_order -fileset sources_1
# puts "EES_VIVADO_STAGE RESET_RUNS"
EES_VIVADO_STAGE RESET_RUNS
# reset_run synth_1
WARNING: [Vivado 12-1017] Problems encountered:
1. Failed to delete one or more files in run directory E:/competition/2_fpga/3_yolo_zynq/proj/axi_test/axi_test.runs/synth_1

# reset_run impl_1
# puts "EES_VIVADO_STAGE LAUNCH"
EES_VIVADO_STAGE LAUNCH
# launch_runs impl_1 -to_step write_bitstream -jobs 8
INFO: [IP_Flow 19-4993] Using cached IP synthesis design for IP yolo_ring_bram, cache-ID = 3f7cb2099aa61548; cache size = 1.942 MB.
INFO: [Vivado 12-4149] The synthesis checkpoint for IP 'E:/competition/2_fpga/3_yolo_zynq/rtl/ps_axi_pl/ip/yolo_ring_bram/yolo_ring_bram.xci' is already up-to-date
INFO: [IP_Flow 19-4993] Using cached IP synthesis design for IP yolo_lut_bram, cache-ID = 5dd24f2ed3f3d52a; cache size = 1.942 MB.
INFO: [Vivado 12-4149] The synthesis checkpoint for IP 'E:/competition/2_fpga/3_yolo_zynq/rtl/ps_axi_pl/ip/yolo_lut_bram/yolo_lut_bram.xci' is already up-to-date
INFO: [IP_Flow 19-4993] Using cached IP synthesis design for IP yolo_quant_bram, cache-ID = 5dd24f2ed3f3d52a; cache size = 1.942 MB.
INFO: [Vivado 12-4149] The synthesis checkpoint for IP 'E:/competition/2_fpga/3_yolo_zynq/rtl/ps_axi_pl/ip/yolo_quant_bram/yolo_quant_bram.xci' is already up-to-date
INFO: [IP_Flow 19-4993] Using cached IP synthesis design for IP yolo_buf_bram, cache-ID = 5dd24f2ed3f3d52a; cache size = 1.942 MB.
INFO: [Vivado 12-4149] The synthesis checkpoint for IP 'E:/competition/2_fpga/3_yolo_zynq/rtl/ps_axi_pl/ip/yolo_buf_bram/yolo_buf_bram.xci' is already up-to-date
INFO: [IP_Flow 19-4993] Using cached IP synthesis design for IP yolo_desc_bram, cache-ID = 659ffd6eddd7b9fc; cache size = 1.942 MB.
INFO: [Vivado 12-4149] The synthesis checkpoint for IP 'E:/competition/2_fpga/3_yolo_zynq/rtl/ps_axi_pl/ip/yolo_desc_bram/yolo_desc_bram.xci' is already up-to-date
INFO: [Vivado 12-4149] The synthesis checkpoint for IP 'E:/competition/2_fpga/3_yolo_zynq/rtl/ps_axi_pl/ip/yolo_ring_bram/yolo_ring_bram.xci' is already up-to-date
INFO: [Vivado 12-4149] The synthesis checkpoint for IP 'E:/competition/2_fpga/3_yolo_zynq/rtl/ps_axi_pl/ip/yolo_lut_bram/yolo_lut_bram.xci' is already up-to-date
INFO: [Vivado 12-4149] The synthesis checkpoint for IP 'E:/competition/2_fpga/3_yolo_zynq/rtl/ps_axi_pl/ip/yolo_quant_bram/yolo_quant_bram.xci' is already up-to-date
INFO: [Vivado 12-4149] The synthesis checkpoint for IP 'E:/competition/2_fpga/3_yolo_zynq/rtl/ps_axi_pl/ip/yolo_buf_bram/yolo_buf_bram.xci' is already up-to-date
INFO: [Vivado 12-4149] The synthesis checkpoint for IP 'E:/competition/2_fpga/3_yolo_zynq/rtl/ps_axi_pl/ip/yolo_desc_bram/yolo_desc_bram.xci' is already up-to-date
[Fri Sep 18 19:41:35 2026] Launched display_test_u_yolo_csr_0_synth_1, synth_1...
Run output will be captured here:
display_test_u_yolo_csr_0_synth_1: E:/competition/2_fpga/3_yolo_zynq/proj/axi_test/axi_test.runs/display_test_u_yolo_csr_0_synth_1/runme.log
synth_1: E:/competition/2_fpga/3_yolo_zynq/proj/axi_test/axi_test.runs/synth_1/runme.log
[Fri Sep 18 19:41:35 2026] Launched impl_1...
Run output will be captured here: E:/competition/2_fpga/3_yolo_zynq/proj/axi_test/axi_test.runs/impl_1/runme.log
# wait_on_run impl_1
[Fri Sep 18 19:41:35 2026] Waiting for impl_1 to finish...


*** Running vivado
    with args -log display_test_wrapper.vdi -applog -m64 -product Vivado -messageDb vivado.pb -mode batch -source display_test_wrapper.tcl -notrace



****** Vivado v2025.2 (64-bit)
  **** SW Build 6299465 on Fri Nov 14 19:35:11 GMT 2025
  **** IP Build 6300035 on Fri Nov 14 10:48:45 MST 2025
  **** SharedData Build 6298862 on Thu Nov 13 04:50:51 MST 2025
  **** Start of session at: Fri Sep 18 19:42:46 2026
    ** Copyright 1986-2022 Xilinx, Inc. All Rights Reserved.
    ** Copyright 2022-2025 Advanced Micro Devices, Inc. All Rights Reserved.

source display_test_wrapper.tcl -notrace
Command: link_design -top display_test_wrapper -part xc7z020clg484-1
Design is defaulting to srcset: sources_1
Design is defaulting to constrset: constrs_1
INFO: [Device 21-403] Loading part xc7z020clg484-1
INFO: [Project 1-5699] Read binary netlist with skipMacroContent - 1
INFO: [Project 1-454] Reading design checkpoint 'e:/competition/2_fpga/3_yolo_zynq/proj/axi_test/axi_test.gen/sources_1/bd/display_test/ip/display_test_processing_system7_0_0/display_test_processing_system7_0_0.dcp' for cell 'display_test_i/processing_system7_0'
INFO: [Project 1-454] Reading design checkpoint 'e:/competition/2_fpga/3_yolo_zynq/proj/axi_test/axi_test.gen/sources_1/bd/display_test/ip/display_test_rst_sys_0/display_test_rst_sys_0.dcp' for cell 'display_test_i/rst_sys'
INFO: [Project 1-454] Reading design checkpoint 'e:/competition/2_fpga/3_yolo_zynq/proj/axi_test/axi_test.gen/sources_1/bd/display_test/ip/display_test_u_yolo_csr_0/display_test_u_yolo_csr_0.dcp' for cell 'display_test_i/u_yolo_csr'
INFO: [Project 1-454] Reading design checkpoint 'e:/competition/2_fpga/3_yolo_zynq/proj/axi_test/axi_test.gen/sources_1/bd/display_test/ip/display_test_axi_ic0_imp_auto_pc_0/display_test_axi_ic0_imp_auto_pc_0.dcp' for cell 'display_test_i/axi_ic0/s00_couplers/auto_pc'
INFO: [Project 1-454] Reading design checkpoint 'e:/competition/2_fpga/3_yolo_zynq/rtl/ps_axi_pl/ip/yolo_buf_bram/yolo_buf_bram.dcp' for cell 'display_test_i/u_yolo_csr/inst/u_buf_tbl/u_bram'
INFO: [Project 1-454] Reading design checkpoint 'e:/competition/2_fpga/3_yolo_zynq/rtl/ps_axi_pl/ip/yolo_desc_bram/yolo_desc_bram.dcp' for cell 'display_test_i/u_yolo_csr/inst/u_desc_tbl/u_bram'
INFO: [Project 1-454] Reading design checkpoint 'e:/competition/2_fpga/3_yolo_zynq/rtl/ps_axi_pl/ip/yolo_lut_bram/yolo_lut_bram.dcp' for cell 'display_test_i/u_yolo_csr/inst/u_lut_tbl/u_bram'
INFO: [Project 1-454] Reading design checkpoint 'e:/competition/2_fpga/3_yolo_zynq/rtl/ps_axi_pl/ip/yolo_quant_bram/yolo_quant_bram.dcp' for cell 'display_test_i/u_yolo_csr/inst/u_quant_tbl/u_bram'
INFO: [Project 1-454] Reading design checkpoint 'e:/competition/2_fpga/3_yolo_zynq/rtl/ps_axi_pl/ip/yolo_ring_bram/yolo_ring_bram.dcp' for cell 'display_test_i/u_yolo_csr/inst/u_ring/u_ring_tbl/u_bram'
Netlist sorting complete. Time (s): cpu = 00:00:00 ; elapsed = 00:00:00.066 . Memory (MB): peak = 852.895 ; gain = 0.000
INFO: [Netlist 29-17] Analyzing 136 Unisim elements for replacement
INFO: [Netlist 29-28] Unisim Transformation completed in 1 CPU seconds
INFO: [Project 1-479] Netlist was created with Vivado 2025.2
INFO: [Project 1-570] Preparing netlist for logic optimization
Parsing XDC File [e:/competition/2_fpga/3_yolo_zynq/proj/axi_test/axi_test.gen/sources_1/bd/display_test/ip/display_test_processing_system7_0_0/display_test_processing_system7_0_0.xdc] for cell 'display_test_i/processing_system7_0/inst'
Finished Parsing XDC File [e:/competition/2_fpga/3_yolo_zynq/proj/axi_test/axi_test.gen/sources_1/bd/display_test/ip/display_test_processing_system7_0_0/display_test_processing_system7_0_0.xdc] for cell 'display_test_i/processing_system7_0/inst'
Parsing XDC File [e:/competition/2_fpga/3_yolo_zynq/proj/axi_test/axi_test.gen/sources_1/bd/display_test/ip/display_test_rst_sys_0/display_test_rst_sys_0_board.xdc] for cell 'display_test_i/rst_sys/U0'
Finished Parsing XDC File [e:/competition/2_fpga/3_yolo_zynq/proj/axi_test/axi_test.gen/sources_1/bd/display_test/ip/display_test_rst_sys_0/display_test_rst_sys_0_board.xdc] for cell 'display_test_i/rst_sys/U0'
Parsing XDC File [E:/competition/2_fpga/3_yolo_zynq/proj/axi_test/axi_test.srcs/constrs_1/new/pin_zynq7020_cam.xdc]
WARNING: [Vivado 12-584] No ports matched 'clk_in1_0'. [E:/competition/2_fpga/3_yolo_zynq/proj/axi_test/axi_test.srcs/constrs_1/new/pin_zynq7020_cam.xdc:1]
CRITICAL WARNING: [Common 17-55] 'set_property' expects at least one object. [E:/competition/2_fpga/3_yolo_zynq/proj/axi_test/axi_test.srcs/constrs_1/new/pin_zynq7020_cam.xdc:1]
Resolution: If [get_<value>] was used to populate the object, check to make sure this command returns at least one valid object.
WARNING: [Vivado 12-584] No ports matched 'clk_in1_0'. [E:/competition/2_fpga/3_yolo_zynq/proj/axi_test/axi_test.srcs/constrs_1/new/pin_zynq7020_cam.xdc:2]
CRITICAL WARNING: [Common 17-55] 'set_property' expects at least one object. [E:/competition/2_fpga/3_yolo_zynq/proj/axi_test/axi_test.srcs/constrs_1/new/pin_zynq7020_cam.xdc:2]
Resolution: If [get_<value>] was used to populate the object, check to make sure this command returns at least one valid object.
WARNING: [Vivado 12-584] No ports matched 'clk_in1_0'. [E:/competition/2_fpga/3_yolo_zynq/proj/axi_test/axi_test.srcs/constrs_1/new/pin_zynq7020_cam.xdc:6]
CRITICAL WARNING: [Vivado 12-4739] create_clock:No valid object(s) found for '-objects [get_ports clk_in1_0]'. [E:/competition/2_fpga/3_yolo_zynq/proj/axi_test/axi_test.srcs/constrs_1/new/pin_zynq7020_cam.xdc:6]
Resolution: Check if the specified object(s) exists in the current design. If it does, ensure that the correct design hierarchy was specified for the object. If you are working with clocks, make sure create_clock was used to create the clock object before it is referenced.
WARNING: [Vivado 12-584] No ports matched 'sccb_clk_0'. [E:/competition/2_fpga/3_yolo_zynq/proj/axi_test/axi_test.srcs/constrs_1/new/pin_zynq7020_cam.xdc:8]
CRITICAL WARNING: [Common 17-55] 'set_property' expects at least one object. [E:/competition/2_fpga/3_yolo_zynq/proj/axi_test/axi_test.srcs/constrs_1/new/pin_zynq7020_cam.xdc:8]
Resolution: If [get_<value>] was used to populate the object, check to make sure this command returns at least one valid object.
WARNING: [Vivado 12-584] No ports matched 'sccb_clk_0'. [E:/competition/2_fpga/3_yolo_zynq/proj/axi_test/axi_test.srcs/constrs_1/new/pin_zynq7020_cam.xdc:9]
CRITICAL WARNING: [Common 17-55] 'set_property' expects at least one object. [E:/competition/2_fpga/3_yolo_zynq/proj/axi_test/axi_test.srcs/constrs_1/new/pin_zynq7020_cam.xdc:9]
Resolution: If [get_<value>] was used to populate the object, check to make sure this command returns at least one valid object.
WARNING: [Vivado 12-584] No ports matched 'resetn_0'. [E:/competition/2_fpga/3_yolo_zynq/proj/axi_test/axi_test.srcs/constrs_1/new/pin_zynq7020_cam.xdc:10]
CRITICAL WARNING: [Common 17-55] 'set_property' expects at least one object. [E:/competition/2_fpga/3_yolo_zynq/proj/axi_test/axi_test.srcs/constrs_1/new/pin_zynq7020_cam.xdc:10]
Resolution: If [get_<value>] was used to populate the object, check to make sure this command returns at least one valid object.
WARNING: [Vivado 12-584] No ports matched 'resetn_0'. [E:/competition/2_fpga/3_yolo_zynq/proj/axi_test/axi_test.srcs/constrs_1/new/pin_zynq7020_cam.xdc:11]
CRITICAL WARNING: [Common 17-55] 'set_property' expects at least one object. [E:/competition/2_fpga/3_yolo_zynq/proj/axi_test/axi_test.srcs/constrs_1/new/pin_zynq7020_cam.xdc:11]
Resolution: If [get_<value>] was used to populate the object, check to make sure this command returns at least one valid object.
WARNING: [Vivado 12-584] No ports matched 'cam_data_0[0]'. [E:/competition/2_fpga/3_yolo_zynq/proj/axi_test/axi_test.srcs/constrs_1/new/pin_zynq7020_cam.xdc:12]
CRITICAL WARNING: [Common 17-55] 'set_property' expects at least one object. [E:/competition/2_fpga/3_yolo_zynq/proj/axi_test/axi_test.srcs/constrs_1/new/pin_zynq7020_cam.xdc:12]
Resolution: If [get_<value>] was used to populate the object, check to make sure this command returns at least one valid object.
WARNING: [Vivado 12-584] No ports matched 'cam_data_0[1]'. [E:/competition/2_fpga/3_yolo_zynq/proj/axi_test/axi_test.srcs/constrs_1/new/pin_zynq7020_cam.xdc:13]
CRITICAL WARNING: [Common 17-55] 'set_property' expects at least one object. [E:/competition/2_fpga/3_yolo_zynq/proj/axi_test/axi_test.srcs/constrs_1/new/pin_zynq7020_cam.xdc:13]
Resolution: If [get_<value>] was used to populate the object, check to make sure this command returns at least one valid object.
WARNING: [Vivado 12-584] No ports matched 'cam_data_0[2]'. [E:/competition/2_fpga/3_yolo_zynq/proj/axi_test/axi_test.srcs/constrs_1/new/pin_zynq7020_cam.xdc:14]
CRITICAL WARNING: [Common 17-55] 'set_property' expects at least one object. [E:/competition/2_fpga/3_yolo_zynq/proj/axi_test/axi_test.srcs/constrs_1/new/pin_zynq7020_cam.xdc:14]
Resolution: If [get_<value>] was used to populate the object, check to make sure this command returns at least one valid object.
WARNING: [Vivado 12-584] No ports matched 'cam_data_0[3]'. [E:/competition/2_fpga/3_yolo_zynq/proj/axi_test/axi_test.srcs/constrs_1/new/pin_zynq7020_cam.xdc:15]
CRITICAL WARNING: [Common 17-55] 'set_property' expects at least one object. [E:/competition/2_fpga/3_yolo_zynq/proj/axi_test/axi_test.srcs/constrs_1/new/pin_zynq7020_cam.xdc:15]
Resolution: If [get_<value>] was used to populate the object, check to make sure this command returns at least one valid object.
WARNING: [Vivado 12-584] No ports matched 'cam_data_0[4]'. [E:/competition/2_fpga/3_yolo_zynq/proj/axi_test/axi_test.srcs/constrs_1/new/pin_zynq7020_cam.xdc:16]
CRITICAL WARNING: [Common 17-55] 'set_property' expects at least one object. [E:/competition/2_fpga/3_yolo_zynq/proj/axi_test/axi_test.srcs/constrs_1/new/pin_zynq7020_cam.xdc:16]
Resolution: If [get_<value>] was used to populate the object, check to make sure this command returns at least one valid object.
WARNING: [Vivado 12-584] No ports matched 'cam_data_0[5]'. [E:/competition/2_fpga/3_yolo_zynq/proj/axi_test/axi_test.srcs/constrs_1/new/pin_zynq7020_cam.xdc:17]
CRITICAL WARNING: [Common 17-55] 'set_property' expects at least one object. [E:/competition/2_fpga/3_yolo_zynq/proj/axi_test/axi_test.srcs/constrs_1/new/pin_zynq7020_cam.xdc:17]
Resolution: If [get_<value>] was used to populate the object, check to make sure this command returns at least one valid object.
WARNING: [Vivado 12-584] No ports matched 'cam_data_0[6]'. [E:/competition/2_fpga/3_yolo_zynq/proj/axi_test/axi_test.srcs/constrs_1/new/pin_zynq7020_cam.xdc:18]
CRITICAL WARNING: [Common 17-55] 'set_property' expects at least one object. [E:/competition/2_fpga/3_yolo_zynq/proj/axi_test/axi_test.srcs/constrs_1/new/pin_zynq7020_cam.xdc:18]
Resolution: If [get_<value>] was used to populate the object, check to make sure this command returns at least one valid object.
WARNING: [Vivado 12-584] No ports matched 'cam_data_0[7]'. [E:/competition/2_fpga/3_yolo_zynq/proj/axi_test/axi_test.srcs/constrs_1/new/pin_zynq7020_cam.xdc:19]
CRITICAL WARNING: [Common 17-55] 'set_property' expects at least one object. [E:/competition/2_fpga/3_yolo_zynq/proj/axi_test/axi_test.srcs/constrs_1/new/pin_zynq7020_cam.xdc:19]
Resolution: If [get_<value>] was used to populate the object, check to make sure this command returns at least one valid object.
WARNING: [Vivado 12-584] No ports matched 'cam_data_0[7]'. [E:/competition/2_fpga/3_yolo_zynq/proj/axi_test/axi_test.srcs/constrs_1/new/pin_zynq7020_cam.xdc:20]
CRITICAL WARNING: [Common 17-55] 'set_property' expects at least one object. [E:/competition/2_fpga/3_yolo_zynq/proj/axi_test/axi_test.srcs/constrs_1/new/pin_zynq7020_cam.xdc:20]
Resolution: If [get_<value>] was used to populate the object, check to make sure this command returns at least one valid object.
WARNING: [Vivado 12-584] No ports matched 'cam_data_0[6]'. [E:/competition/2_fpga/3_yolo_zynq/proj/axi_test/axi_test.srcs/constrs_1/new/pin_zynq7020_cam.xdc:21]
CRITICAL WARNING: [Common 17-55] 'set_property' expects at least one object. [E:/competition/2_fpga/3_yolo_zynq/proj/axi_test/axi_test.srcs/constrs_1/new/pin_zynq7020_cam.xdc:21]
Resolution: If [get_<value>] was used to populate the object, check to make sure this command returns at least one valid object.
WARNING: [Vivado 12-584] No ports matched 'cam_data_0[5]'. [E:/competition/2_fpga/3_yolo_zynq/proj/axi_test/axi_test.srcs/constrs_1/new/pin_zynq7020_cam.xdc:22]
CRITICAL WARNING: [Common 17-55] 'set_property' expects at least one object. [E:/competition/2_fpga/3_yolo_zynq/proj/axi_test/axi_test.srcs/constrs_1/new/pin_zynq7020_cam.xdc:22]
Resolution: If [get_<value>] was used to populate the object, check to make sure this command returns at least one valid object.
WARNING: [Vivado 12-584] No ports matched 'cam_data_0[4]'. [E:/competition/2_fpga/3_yolo_zynq/proj/axi_test/axi_test.srcs/constrs_1/new/pin_zynq7020_cam.xdc:23]
CRITICAL WARNING: [Common 17-55] 'set_property' expects at least one object. [E:/competition/2_fpga/3_yolo_zynq/proj/axi_test/axi_test.srcs/constrs_1/new/pin_zynq7020_cam.xdc:23]
Resolution: If [get_<value>] was used to populate the object, check to make sure this command returns at least one valid object.
WARNING: [Vivado 12-584] No ports matched 'cam_data_0[3]'. [E:/competition/2_fpga/3_yolo_zynq/proj/axi_test/axi_test.srcs/constrs_1/new/pin_zynq7020_cam.xdc:24]
CRITICAL WARNING: [Common 17-55] 'set_property' expects at least one object. [E:/competition/2_fpga/3_yolo_zynq/proj/axi_test/axi_test.srcs/constrs_1/new/pin_zynq7020_cam.xdc:24]
Resolution: If [get_<value>] was used to populate the object, check to make sure this command returns at least one valid object.
WARNING: [Vivado 12-584] No ports matched 'cam_data_0[2]'. [E:/competition/2_fpga/3_yolo_zynq/proj/axi_test/axi_test.srcs/constrs_1/new/pin_zynq7020_cam.xdc:25]
CRITICAL WARNING: [Common 17-55] 'set_property' expects at least one object. [E:/competition/2_fpga/3_yolo_zynq/proj/axi_test/axi_test.srcs/constrs_1/new/pin_zynq7020_cam.xdc:25]
Resolution: If [get_<value>] was used to populate the object, check to make sure this command returns at least one valid object.
WARNING: [Vivado 12-584] No ports matched 'cam_data_0[1]'. [E:/competition/2_fpga/3_yolo_zynq/proj/axi_test/axi_test.srcs/constrs_1/new/pin_zynq7020_cam.xdc:26]
CRITICAL WARNING: [Common 17-55] 'set_property' expects at least one object. [E:/competition/2_fpga/3_yolo_zynq/proj/axi_test/axi_test.srcs/constrs_1/new/pin_zynq7020_cam.xdc:26]
Resolution: If [get_<value>] was used to populate the object, check to make sure this command returns at least one valid object.
WARNING: [Vivado 12-584] No ports matched 'cam_data_0[0]'. [E:/competition/2_fpga/3_yolo_zynq/proj/axi_test/axi_test.srcs/constrs_1/new/pin_zynq7020_cam.xdc:27]
CRITICAL WARNING: [Common 17-55] 'set_property' expects at least one object. [E:/competition/2_fpga/3_yolo_zynq/proj/axi_test/axi_test.srcs/constrs_1/new/pin_zynq7020_cam.xdc:27]
Resolution: If [get_<value>] was used to populate the object, check to make sure this command returns at least one valid object.
WARNING: [Vivado 12-584] No ports matched 'cam_href_0'. [E:/competition/2_fpga/3_yolo_zynq/proj/axi_test/axi_test.srcs/constrs_1/new/pin_zynq7020_cam.xdc:28]
CRITICAL WARNING: [Common 17-55] 'set_property' expects at least one object. [E:/competition/2_fpga/3_yolo_zynq/proj/axi_test/axi_test.srcs/constrs_1/new/pin_zynq7020_cam.xdc:28]
Resolution: If [get_<value>] was used to populate the object, check to make sure this command returns at least one valid object.
WARNING: [Vivado 12-584] No ports matched 'cam_pclk_0'. [E:/competition/2_fpga/3_yolo_zynq/proj/axi_test/axi_test.srcs/constrs_1/new/pin_zynq7020_cam.xdc:29]
CRITICAL WARNING: [Common 17-55] 'set_property' expects at least one object. [E:/competition/2_fpga/3_yolo_zynq/proj/axi_test/axi_test.srcs/constrs_1/new/pin_zynq7020_cam.xdc:29]
Resolution: If [get_<value>] was used to populate the object, check to make sure this command returns at least one valid object.
WARNING: [Vivado 12-584] No ports matched 'cam_vsync_0'. [E:/competition/2_fpga/3_yolo_zynq/proj/axi_test/axi_test.srcs/constrs_1/new/pin_zynq7020_cam.xdc:30]
CRITICAL WARNING: [Common 17-55] 'set_property' expects at least one object. [E:/competition/2_fpga/3_yolo_zynq/proj/axi_test/axi_test.srcs/constrs_1/new/pin_zynq7020_cam.xdc:30]
Resolution: If [get_<value>] was used to populate the object, check to make sure this command returns at least one valid object.
WARNING: [Vivado 12-584] No ports matched 'cam_xclk_0'. [E:/competition/2_fpga/3_yolo_zynq/proj/axi_test/axi_test.srcs/constrs_1/new/pin_zynq7020_cam.xdc:31]
CRITICAL WARNING: [Common 17-55] 'set_property' expects at least one object. [E:/competition/2_fpga/3_yolo_zynq/proj/axi_test/axi_test.srcs/constrs_1/new/pin_zynq7020_cam.xdc:31]
Resolution: If [get_<value>] was used to populate the object, check to make sure this command returns at least one valid object.
WARNING: [Vivado 12-584] No ports matched 'cam_pclk_0'. [E:/competition/2_fpga/3_yolo_zynq/proj/axi_test/axi_test.srcs/constrs_1/new/pin_zynq7020_cam.xdc:34]
CRITICAL WARNING: [Vivado 12-4739] create_clock:No valid object(s) found for '-objects [get_ports cam_pclk_0]'. [E:/competition/2_fpga/3_yolo_zynq/proj/axi_test/axi_test.srcs/constrs_1/new/pin_zynq7020_cam.xdc:34]
Resolution: Check if the specified object(s) exists in the current design. If it does, ensure that the correct design hierarchy was specified for the object. If you are working with clocks, make sure create_clock was used to create the clock object before it is referenced.
WARNING: [Vivado 12-584] No ports matched 'sccb_cfg_done_0'. [E:/competition/2_fpga/3_yolo_zynq/proj/axi_test/axi_test.srcs/constrs_1/new/pin_zynq7020_cam.xdc:37]
CRITICAL WARNING: [Common 17-55] 'set_property' expects at least one object. [E:/competition/2_fpga/3_yolo_zynq/proj/axi_test/axi_test.srcs/constrs_1/new/pin_zynq7020_cam.xdc:37]
Resolution: If [get_<value>] was used to populate the object, check to make sure this command returns at least one valid object.
WARNING: [Vivado 12-584] No ports matched 'sccb_data_0'. [E:/competition/2_fpga/3_yolo_zynq/proj/axi_test/axi_test.srcs/constrs_1/new/pin_zynq7020_cam.xdc:38]
CRITICAL WARNING: [Common 17-55] 'set_property' expects at least one object. [E:/competition/2_fpga/3_yolo_zynq/proj/axi_test/axi_test.srcs/constrs_1/new/pin_zynq7020_cam.xdc:38]
Resolution: If [get_<value>] was used to populate the object, check to make sure this command returns at least one valid object.
WARNING: [Vivado 12-584] No ports matched 'cam_href_0'. [E:/competition/2_fpga/3_yolo_zynq/proj/axi_test/axi_test.srcs/constrs_1/new/pin_zynq7020_cam.xdc:39]
CRITICAL WARNING: [Common 17-55] 'set_property' expects at least one object. [E:/competition/2_fpga/3_yolo_zynq/proj/axi_test/axi_test.srcs/constrs_1/new/pin_zynq7020_cam.xdc:39]
Resolution: If [get_<value>] was used to populate the object, check to make sure this command returns at least one valid object.
WARNING: [Vivado 12-584] No ports matched 'cam_pclk_0'. [E:/competition/2_fpga/3_yolo_zynq/proj/axi_test/axi_test.srcs/constrs_1/new/pin_zynq7020_cam.xdc:40]
CRITICAL WARNING: [Common 17-55] 'set_property' expects at least one object. [E:/competition/2_fpga/3_yolo_zynq/proj/axi_test/axi_test.srcs/constrs_1/new/pin_zynq7020_cam.xdc:40]
Resolution: If [get_<value>] was used to populate the object, check to make sure this command returns at least one valid object.
WARNING: [Vivado 12-584] No ports matched 'cam_vsync_0'. [E:/competition/2_fpga/3_yolo_zynq/proj/axi_test/axi_test.srcs/constrs_1/new/pin_zynq7020_cam.xdc:41]
CRITICAL WARNING: [Common 17-55] 'set_property' expects at least one object. [E:/competition/2_fpga/3_yolo_zynq/proj/axi_test/axi_test.srcs/constrs_1/new/pin_zynq7020_cam.xdc:41]
Resolution: If [get_<value>] was used to populate the object, check to make sure this command returns at least one valid object.
WARNING: [Vivado 12-584] No ports matched 'cam_xclk_0'. [E:/competition/2_fpga/3_yolo_zynq/proj/axi_test/axi_test.srcs/constrs_1/new/pin_zynq7020_cam.xdc:42]
CRITICAL WARNING: [Common 17-55] 'set_property' expects at least one object. [E:/competition/2_fpga/3_yolo_zynq/proj/axi_test/axi_test.srcs/constrs_1/new/pin_zynq7020_cam.xdc:42]
Resolution: If [get_<value>] was used to populate the object, check to make sure this command returns at least one valid object.
WARNING: [Vivado 12-584] No ports matched 'sccb_cfg_done_0'. [E:/competition/2_fpga/3_yolo_zynq/proj/axi_test/axi_test.srcs/constrs_1/new/pin_zynq7020_cam.xdc:43]
CRITICAL WARNING: [Common 17-55] 'set_property' expects at least one object. [E:/competition/2_fpga/3_yolo_zynq/proj/axi_test/axi_test.srcs/constrs_1/new/pin_zynq7020_cam.xdc:43]
Resolution: If [get_<value>] was used to populate the object, check to make sure this command returns at least one valid object.
WARNING: [Vivado 12-584] No ports matched 'sccb_data_0'. [E:/competition/2_fpga/3_yolo_zynq/proj/axi_test/axi_test.srcs/constrs_1/new/pin_zynq7020_cam.xdc:44]
CRITICAL WARNING: [Common 17-55] 'set_property' expects at least one object. [E:/competition/2_fpga/3_yolo_zynq/proj/axi_test/axi_test.srcs/constrs_1/new/pin_zynq7020_cam.xdc:44]
Resolution: If [get_<value>] was used to populate the object, check to make sure this command returns at least one valid object.
WARNING: [Vivado 12-584] No ports matched 'HDMI_DATA_0[0]'. [E:/competition/2_fpga/3_yolo_zynq/proj/axi_test/axi_test.srcs/constrs_1/new/pin_zynq7020_cam.xdc:47]
CRITICAL WARNING: [Common 17-55] 'set_property' expects at least one object. [E:/competition/2_fpga/3_yolo_zynq/proj/axi_test/axi_test.srcs/constrs_1/new/pin_zynq7020_cam.xdc:47]
Resolution: If [get_<value>] was used to populate the object, check to make sure this command returns at least one valid object.
WARNING: [Vivado 12-584] No ports matched 'HDMI_DATA_0[1]'. [E:/competition/2_fpga/3_yolo_zynq/proj/axi_test/axi_test.srcs/constrs_1/new/pin_zynq7020_cam.xdc:48]
CRITICAL WARNING: [Common 17-55] 'set_property' expects at least one object. [E:/competition/2_fpga/3_yolo_zynq/proj/axi_test/axi_test.srcs/constrs_1/new/pin_zynq7020_cam.xdc:48]
Resolution: If [get_<value>] was used to populate the object, check to make sure this command returns at least one valid object.
WARNING: [Vivado 12-584] No ports matched 'HDMI_DATA_0[2]'. [E:/competition/2_fpga/3_yolo_zynq/proj/axi_test/axi_test.srcs/constrs_1/new/pin_zynq7020_cam.xdc:49]
CRITICAL WARNING: [Common 17-55] 'set_property' expects at least one object. [E:/competition/2_fpga/3_yolo_zynq/proj/axi_test/axi_test.srcs/constrs_1/new/pin_zynq7020_cam.xdc:49]
Resolution: If [get_<value>] was used to populate the object, check to make sure this command returns at least one valid object.
WARNING: [Vivado 12-584] No ports matched 'HDMI_DATA_0[3]'. [E:/competition/2_fpga/3_yolo_zynq/proj/axi_test/axi_test.srcs/constrs_1/new/pin_zynq7020_cam.xdc:50]
CRITICAL WARNING: [Common 17-55] 'set_property' expects at least one object. [E:/competition/2_fpga/3_yolo_zynq/proj/axi_test/axi_test.srcs/constrs_1/new/pin_zynq7020_cam.xdc:50]
Resolution: If [get_<value>] was used to populate the object, check to make sure this command returns at least one valid object.
WARNING: [Vivado 12-584] No ports matched 'HDMI_DATA_0[4]'. [E:/competition/2_fpga/3_yolo_zynq/proj/axi_test/axi_test.srcs/constrs_1/new/pin_zynq7020_cam.xdc:51]
CRITICAL WARNING: [Common 17-55] 'set_property' expects at least one object. [E:/competition/2_fpga/3_yolo_zynq/proj/axi_test/axi_test.srcs/constrs_1/new/pin_zynq7020_cam.xdc:51]
Resolution: If [get_<value>] was used to populate the object, check to make sure this command returns at least one valid object.
WARNING: [Vivado 12-584] No ports matched 'HDMI_DATA_0[5]'. [E:/competition/2_fpga/3_yolo_zynq/proj/axi_test/axi_test.srcs/constrs_1/new/pin_zynq7020_cam.xdc:52]
CRITICAL WARNING: [Common 17-55] 'set_property' expects at least one object. [E:/competition/2_fpga/3_yolo_zynq/proj/axi_test/axi_test.srcs/constrs_1/new/pin_zynq7020_cam.xdc:52]
Resolution: If [get_<value>] was used to populate the object, check to make sure this command returns at least one valid object.
WARNING: [Vivado 12-584] No ports matched 'HDMI_DATA_0[6]'. [E:/competition/2_fpga/3_yolo_zynq/proj/axi_test/axi_test.srcs/constrs_1/new/pin_zynq7020_cam.xdc:53]
CRITICAL WARNING: [Common 17-55] 'set_property' expects at least one object. [E:/competition/2_fpga/3_yolo_zynq/proj/axi_test/axi_test.srcs/constrs_1/new/pin_zynq7020_cam.xdc:53]
Resolution: If [get_<value>] was used to populate the object, check to make sure this command returns at least one valid object.
WARNING: [Vivado 12-584] No ports matched 'HDMI_DATA_0[7]'. [E:/competition/2_fpga/3_yolo_zynq/proj/axi_test/axi_test.srcs/constrs_1/new/pin_zynq7020_cam.xdc:54]
CRITICAL WARNING: [Common 17-55] 'set_property' expects at least one object. [E:/competition/2_fpga/3_yolo_zynq/proj/axi_test/axi_test.srcs/constrs_1/new/pin_zynq7020_cam.xdc:54]
Resolution: If [get_<value>] was used to populate the object, check to make sure this command returns at least one valid object.
WARNING: [Vivado 12-584] No ports matched 'HDMI_DATA_0[8]'. [E:/competition/2_fpga/3_yolo_zynq/proj/axi_test/axi_test.srcs/constrs_1/new/pin_zynq7020_cam.xdc:55]
CRITICAL WARNING: [Common 17-55] 'set_property' expects at least one object. [E:/competition/2_fpga/3_yolo_zynq/proj/axi_test/axi_test.srcs/constrs_1/new/pin_zynq7020_cam.xdc:55]
Resolution: If [get_<value>] was used to populate the object, check to make sure this command returns at least one valid object.
WARNING: [Vivado 12-584] No ports matched 'HDMI_DATA_0[9]'. [E:/competition/2_fpga/3_yolo_zynq/proj/axi_test/axi_test.srcs/constrs_1/new/pin_zynq7020_cam.xdc:56]
CRITICAL WARNING: [Common 17-55] 'set_property' expects at least one object. [E:/competition/2_fpga/3_yolo_zynq/proj/axi_test/axi_test.srcs/constrs_1/new/pin_zynq7020_cam.xdc:56]
Resolution: If [get_<value>] was used to populate the object, check to make sure this command returns at least one valid object.
WARNING: [Vivado 12-584] No ports matched 'HDMI_DATA_0[10]'. [E:/competition/2_fpga/3_yolo_zynq/proj/axi_test/axi_test.srcs/constrs_1/new/pin_zynq7020_cam.xdc:57]
CRITICAL WARNING: [Common 17-55] 'set_property' expects at least one object. [E:/competition/2_fpga/3_yolo_zynq/proj/axi_test/axi_test.srcs/constrs_1/new/pin_zynq7020_cam.xdc:57]
Resolution: If [get_<value>] was used to populate the object, check to make sure this command returns at least one valid object.
WARNING: [Vivado 12-584] No ports matched 'HDMI_DATA_0[11]'. [E:/competition/2_fpga/3_yolo_zynq/proj/axi_test/axi_test.srcs/constrs_1/new/pin_zynq7020_cam.xdc:58]
CRITICAL WARNING: [Common 17-55] 'set_property' expects at least one object. [E:/competition/2_fpga/3_yolo_zynq/proj/axi_test/axi_test.srcs/constrs_1/new/pin_zynq7020_cam.xdc:58]
Resolution: If [get_<value>] was used to populate the object, check to make sure this command returns at least one valid object.
WARNING: [Vivado 12-584] No ports matched 'HDMI_DATA_0[12]'. [E:/competition/2_fpga/3_yolo_zynq/proj/axi_test/axi_test.srcs/constrs_1/new/pin_zynq7020_cam.xdc:59]
CRITICAL WARNING: [Common 17-55] 'set_property' expects at least one object. [E:/competition/2_fpga/3_yolo_zynq/proj/axi_test/axi_test.srcs/constrs_1/new/pin_zynq7020_cam.xdc:59]
Resolution: If [get_<value>] was used to populate the object, check to make sure this command returns at least one valid object.
WARNING: [Vivado 12-584] No ports matched 'HDMI_DATA_0[13]'. [E:/competition/2_fpga/3_yolo_zynq/proj/axi_test/axi_test.srcs/constrs_1/new/pin_zynq7020_cam.xdc:60]
CRITICAL WARNING: [Common 17-55] 'set_property' expects at least one object. [E:/competition/2_fpga/3_yolo_zynq/proj/axi_test/axi_test.srcs/constrs_1/new/pin_zynq7020_cam.xdc:60]
Resolution: If [get_<value>] was used to populate the object, check to make sure this command returns at least one valid object.
WARNING: [Vivado 12-584] No ports matched 'HDMI_DATA_0[14]'. [E:/competition/2_fpga/3_yolo_zynq/proj/axi_test/axi_test.srcs/constrs_1/new/pin_zynq7020_cam.xdc:61]
CRITICAL WARNING: [Common 17-55] 'set_property' expects at least one object. [E:/competition/2_fpga/3_yolo_zynq/proj/axi_test/axi_test.srcs/constrs_1/new/pin_zynq7020_cam.xdc:61]
Resolution: If [get_<value>] was used to populate the object, check to make sure this command returns at least one valid object.
WARNING: [Vivado 12-584] No ports matched 'HDMI_DATA_0[15]'. [E:/competition/2_fpga/3_yolo_zynq/proj/axi_test/axi_test.srcs/constrs_1/new/pin_zynq7020_cam.xdc:62]
CRITICAL WARNING: [Common 17-55] 'set_property' expects at least one object. [E:/competition/2_fpga/3_yolo_zynq/proj/axi_test/axi_test.srcs/constrs_1/new/pin_zynq7020_cam.xdc:62]
Resolution: If [get_<value>] was used to populate the object, check to make sure this command returns at least one valid object.
WARNING: [Vivado 12-584] No ports matched 'HDMI_INT_0'. [E:/competition/2_fpga/3_yolo_zynq/proj/axi_test/axi_test.srcs/constrs_1/new/pin_zynq7020_cam.xdc:63]
CRITICAL WARNING: [Common 17-55] 'set_property' expects at least one object. [E:/competition/2_fpga/3_yolo_zynq/proj/axi_test/axi_test.srcs/constrs_1/new/pin_zynq7020_cam.xdc:63]
Resolution: If [get_<value>] was used to populate the object, check to make sure this command returns at least one valid object.
WARNING: [Vivado 12-584] No ports matched 'HDMI_SCL_0'. [E:/competition/2_fpga/3_yolo_zynq/proj/axi_test/axi_test.srcs/constrs_1/new/pin_zynq7020_cam.xdc:64]
CRITICAL WARNING: [Common 17-55] 'set_property' expects at least one object. [E:/competition/2_fpga/3_yolo_zynq/proj/axi_test/axi_test.srcs/constrs_1/new/pin_zynq7020_cam.xdc:64]
Resolution: If [get_<value>] was used to populate the object, check to make sure this command returns at least one valid object.
WARNING: [Vivado 12-584] No ports matched 'HDMI_SDA_0'. [E:/competition/2_fpga/3_yolo_zynq/proj/axi_test/axi_test.srcs/constrs_1/new/pin_zynq7020_cam.xdc:65]
CRITICAL WARNING: [Common 17-55] 'set_property' expects at least one object. [E:/competition/2_fpga/3_yolo_zynq/proj/axi_test/axi_test.srcs/constrs_1/new/pin_zynq7020_cam.xdc:65]
Resolution: If [get_<value>] was used to populate the object, check to make sure this command returns at least one valid object.
WARNING: [Vivado 12-584] No ports matched 'HDMI_VSYNC_0'. [E:/competition/2_fpga/3_yolo_zynq/proj/axi_test/axi_test.srcs/constrs_1/new/pin_zynq7020_cam.xdc:66]
CRITICAL WARNING: [Common 17-55] 'set_property' expects at least one object. [E:/competition/2_fpga/3_yolo_zynq/proj/axi_test/axi_test.srcs/constrs_1/new/pin_zynq7020_cam.xdc:66]
Resolution: If [get_<value>] was used to populate the object, check to make sure this command returns at least one valid object.
WARNING: [Vivado 12-584] No ports matched 'HDMI_HSYNC_0'. [E:/competition/2_fpga/3_yolo_zynq/proj/axi_test/axi_test.srcs/constrs_1/new/pin_zynq7020_cam.xdc:67]
CRITICAL WARNING: [Common 17-55] 'set_property' expects at least one object. [E:/competition/2_fpga/3_yolo_zynq/proj/axi_test/axi_test.srcs/constrs_1/new/pin_zynq7020_cam.xdc:67]
Resolution: If [get_<value>] was used to populate the object, check to make sure this command returns at least one valid object.
WARNING: [Vivado 12-584] No ports matched 'HDMI_DE_0'. [E:/competition/2_fpga/3_yolo_zynq/proj/axi_test/axi_test.srcs/constrs_1/new/pin_zynq7020_cam.xdc:68]
CRITICAL WARNING: [Common 17-55] 'set_property' expects at least one object. [E:/competition/2_fpga/3_yolo_zynq/proj/axi_test/axi_test.srcs/constrs_1/new/pin_zynq7020_cam.xdc:68]
Resolution: If [get_<value>] was used to populate the object, check to make sure this command returns at least one valid object.
WARNING: [Vivado 12-584] No ports matched 'HDMI_CLK_0'. [E:/competition/2_fpga/3_yolo_zynq/proj/axi_test/axi_test.srcs/constrs_1/new/pin_zynq7020_cam.xdc:69]
CRITICAL WARNING: [Common 17-55] 'set_property' expects at least one object. [E:/competition/2_fpga/3_yolo_zynq/proj/axi_test/axi_test.srcs/constrs_1/new/pin_zynq7020_cam.xdc:69]
Resolution: If [get_<value>] was used to populate the object, check to make sure this command returns at least one valid object.
WARNING: [Vivado 12-584] No ports matched 'HDMI_DATA_0[0]'. [E:/competition/2_fpga/3_yolo_zynq/proj/axi_test/axi_test.srcs/constrs_1/new/pin_zynq7020_cam.xdc:71]
CRITICAL WARNING: [Common 17-55] 'set_property' expects at least one object. [E:/competition/2_fpga/3_yolo_zynq/proj/axi_test/axi_test.srcs/constrs_1/new/pin_zynq7020_cam.xdc:71]
Resolution: If [get_<value>] was used to populate the object, check to make sure this command returns at least one valid object.
WARNING: [Vivado 12-584] No ports matched 'HDMI_DATA_0[1]'. [E:/competition/2_fpga/3_yolo_zynq/proj/axi_test/axi_test.srcs/constrs_1/new/pin_zynq7020_cam.xdc:72]
CRITICAL WARNING: [Common 17-55] 'set_property' expects at least one object. [E:/competition/2_fpga/3_yolo_zynq/proj/axi_test/axi_test.srcs/constrs_1/new/pin_zynq7020_cam.xdc:72]
Resolution: If [get_<value>] was used to populate the object, check to make sure this command returns at least one valid object.
WARNING: [Vivado 12-584] No ports matched 'HDMI_DATA_0[2]'. [E:/competition/2_fpga/3_yolo_zynq/proj/axi_test/axi_test.srcs/constrs_1/new/pin_zynq7020_cam.xdc:73]
CRITICAL WARNING: [Common 17-55] 'set_property' expects at least one object. [E:/competition/2_fpga/3_yolo_zynq/proj/axi_test/axi_test.srcs/constrs_1/new/pin_zynq7020_cam.xdc:73]
Resolution: If [get_<value>] was used to populate the object, check to make sure this command returns at least one valid object.
WARNING: [Vivado 12-584] No ports matched 'HDMI_DATA_0[3]'. [E:/competition/2_fpga/3_yolo_zynq/proj/axi_test/axi_test.srcs/constrs_1/new/pin_zynq7020_cam.xdc:74]
CRITICAL WARNING: [Common 17-55] 'set_property' expects at least one object. [E:/competition/2_fpga/3_yolo_zynq/proj/axi_test/axi_test.srcs/constrs_1/new/pin_zynq7020_cam.xdc:74]
Resolution: If [get_<value>] was used to populate the object, check to make sure this command returns at least one valid object.
WARNING: [Vivado 12-584] No ports matched 'HDMI_DATA_0[4]'. [E:/competition/2_fpga/3_yolo_zynq/proj/axi_test/axi_test.srcs/constrs_1/new/pin_zynq7020_cam.xdc:75]
CRITICAL WARNING: [Common 17-55] 'set_property' expects at least one object. [E:/competition/2_fpga/3_yolo_zynq/proj/axi_test/axi_test.srcs/constrs_1/new/pin_zynq7020_cam.xdc:75]
Resolution: If [get_<value>] was used to populate the object, check to make sure this command returns at least one valid object.
WARNING: [Vivado 12-584] No ports matched 'HDMI_DATA_0[5]'. [E:/competition/2_fpga/3_yolo_zynq/proj/axi_test/axi_test.srcs/constrs_1/new/pin_zynq7020_cam.xdc:76]
CRITICAL WARNING: [Common 17-55] 'set_property' expects at least one object. [E:/competition/2_fpga/3_yolo_zynq/proj/axi_test/axi_test.srcs/constrs_1/new/pin_zynq7020_cam.xdc:76]
Resolution: If [get_<value>] was used to populate the object, check to make sure this command returns at least one valid object.
WARNING: [Vivado 12-584] No ports matched 'HDMI_DATA_0[6]'. [E:/competition/2_fpga/3_yolo_zynq/proj/axi_test/axi_test.srcs/constrs_1/new/pin_zynq7020_cam.xdc:77]
CRITICAL WARNING: [Common 17-55] 'set_property' expects at least one object. [E:/competition/2_fpga/3_yolo_zynq/proj/axi_test/axi_test.srcs/constrs_1/new/pin_zynq7020_cam.xdc:77]
Resolution: If [get_<value>] was used to populate the object, check to make sure this command returns at least one valid object.
WARNING: [Vivado 12-584] No ports matched 'HDMI_DATA_0[7]'. [E:/competition/2_fpga/3_yolo_zynq/proj/axi_test/axi_test.srcs/constrs_1/new/pin_zynq7020_cam.xdc:78]
CRITICAL WARNING: [Common 17-55] 'set_property' expects at least one object. [E:/competition/2_fpga/3_yolo_zynq/proj/axi_test/axi_test.srcs/constrs_1/new/pin_zynq7020_cam.xdc:78]
Resolution: If [get_<value>] was used to populate the object, check to make sure this command returns at least one valid object.
WARNING: [Vivado 12-584] No ports matched 'HDMI_DATA_0[8]'. [E:/competition/2_fpga/3_yolo_zynq/proj/axi_test/axi_test.srcs/constrs_1/new/pin_zynq7020_cam.xdc:79]
CRITICAL WARNING: [Common 17-55] 'set_property' expects at least one object. [E:/competition/2_fpga/3_yolo_zynq/proj/axi_test/axi_test.srcs/constrs_1/new/pin_zynq7020_cam.xdc:79]
Resolution: If [get_<value>] was used to populate the object, check to make sure this command returns at least one valid object.
WARNING: [Vivado 12-584] No ports matched 'HDMI_DATA_0[9]'. [E:/competition/2_fpga/3_yolo_zynq/proj/axi_test/axi_test.srcs/constrs_1/new/pin_zynq7020_cam.xdc:80]
CRITICAL WARNING: [Common 17-55] 'set_property' expects at least one object. [E:/competition/2_fpga/3_yolo_zynq/proj/axi_test/axi_test.srcs/constrs_1/new/pin_zynq7020_cam.xdc:80]
Resolution: If [get_<value>] was used to populate the object, check to make sure this command returns at least one valid object.
WARNING: [Vivado 12-584] No ports matched 'HDMI_DATA_0[10]'. [E:/competition/2_fpga/3_yolo_zynq/proj/axi_test/axi_test.srcs/constrs_1/new/pin_zynq7020_cam.xdc:81]
CRITICAL WARNING: [Common 17-55] 'set_property' expects at least one object. [E:/competition/2_fpga/3_yolo_zynq/proj/axi_test/axi_test.srcs/constrs_1/new/pin_zynq7020_cam.xdc:81]
Resolution: If [get_<value>] was used to populate the object, check to make sure this command returns at least one valid object.
WARNING: [Vivado 12-584] No ports matched 'HDMI_DATA_0[11]'. [E:/competition/2_fpga/3_yolo_zynq/proj/axi_test/axi_test.srcs/constrs_1/new/pin_zynq7020_cam.xdc:82]
CRITICAL WARNING: [Common 17-55] 'set_property' expects at least one object. [E:/competition/2_fpga/3_yolo_zynq/proj/axi_test/axi_test.srcs/constrs_1/new/pin_zynq7020_cam.xdc:82]
Resolution: If [get_<value>] was used to populate the object, check to make sure this command returns at least one valid object.
WARNING: [Vivado 12-584] No ports matched 'HDMI_DATA_0[12]'. [E:/competition/2_fpga/3_yolo_zynq/proj/axi_test/axi_test.srcs/constrs_1/new/pin_zynq7020_cam.xdc:83]
CRITICAL WARNING: [Common 17-55] 'set_property' expects at least one object. [E:/competition/2_fpga/3_yolo_zynq/proj/axi_test/axi_test.srcs/constrs_1/new/pin_zynq7020_cam.xdc:83]
Resolution: If [get_<value>] was used to populate the object, check to make sure this command returns at least one valid object.
WARNING: [Vivado 12-584] No ports matched 'HDMI_DATA_0[13]'. [E:/competition/2_fpga/3_yolo_zynq/proj/axi_test/axi_test.srcs/constrs_1/new/pin_zynq7020_cam.xdc:84]
CRITICAL WARNING: [Common 17-55] 'set_property' expects at least one object. [E:/competition/2_fpga/3_yolo_zynq/proj/axi_test/axi_test.srcs/constrs_1/new/pin_zynq7020_cam.xdc:84]
Resolution: If [get_<value>] was used to populate the object, check to make sure this command returns at least one valid object.
WARNING: [Vivado 12-584] No ports matched 'HDMI_DATA_0[14]'. [E:/competition/2_fpga/3_yolo_zynq/proj/axi_test/axi_test.srcs/constrs_1/new/pin_zynq7020_cam.xdc:85]
CRITICAL WARNING: [Common 17-55] 'set_property' expects at least one object. [E:/competition/2_fpga/3_yolo_zynq/proj/axi_test/axi_test.srcs/constrs_1/new/pin_zynq7020_cam.xdc:85]
Resolution: If [get_<value>] was used to populate the object, check to make sure this command returns at least one valid object.
WARNING: [Vivado 12-584] No ports matched 'HDMI_DATA_0[15]'. [E:/competition/2_fpga/3_yolo_zynq/proj/axi_test/axi_test.srcs/constrs_1/new/pin_zynq7020_cam.xdc:86]
CRITICAL WARNING: [Common 17-55] 'set_property' expects at least one object. [E:/competition/2_fpga/3_yolo_zynq/proj/axi_test/axi_test.srcs/constrs_1/new/pin_zynq7020_cam.xdc:86]
Resolution: If [get_<value>] was used to populate the object, check to make sure this command returns at least one valid object.
WARNING: [Vivado 12-584] No ports matched 'HDMI_INT_0'. [E:/competition/2_fpga/3_yolo_zynq/proj/axi_test/axi_test.srcs/constrs_1/new/pin_zynq7020_cam.xdc:87]
CRITICAL WARNING: [Common 17-55] 'set_property' expects at least one object. [E:/competition/2_fpga/3_yolo_zynq/proj/axi_test/axi_test.srcs/constrs_1/new/pin_zynq7020_cam.xdc:87]
Resolution: If [get_<value>] was used to populate the object, check to make sure this command returns at least one valid object.
WARNING: [Vivado 12-584] No ports matched 'HDMI_SCL_0'. [E:/competition/2_fpga/3_yolo_zynq/proj/axi_test/axi_test.srcs/constrs_1/new/pin_zynq7020_cam.xdc:88]
CRITICAL WARNING: [Common 17-55] 'set_property' expects at least one object. [E:/competition/2_fpga/3_yolo_zynq/proj/axi_test/axi_test.srcs/constrs_1/new/pin_zynq7020_cam.xdc:88]
Resolution: If [get_<value>] was used to populate the object, check to make sure this command returns at least one valid object.
WARNING: [Vivado 12-584] No ports matched 'HDMI_SDA_0'. [E:/competition/2_fpga/3_yolo_zynq/proj/axi_test/axi_test.srcs/constrs_1/new/pin_zynq7020_cam.xdc:89]
CRITICAL WARNING: [Common 17-55] 'set_property' expects at least one object. [E:/competition/2_fpga/3_yolo_zynq/proj/axi_test/axi_test.srcs/constrs_1/new/pin_zynq7020_cam.xdc:89]
Resolution: If [get_<value>] was used to populate the object, check to make sure this command returns at least one valid object.
WARNING: [Vivado 12-584] No ports matched 'HDMI_VSYNC_0'. [E:/competition/2_fpga/3_yolo_zynq/proj/axi_test/axi_test.srcs/constrs_1/new/pin_zynq7020_cam.xdc:90]
CRITICAL WARNING: [Common 17-55] 'set_property' expects at least one object. [E:/competition/2_fpga/3_yolo_zynq/proj/axi_test/axi_test.srcs/constrs_1/new/pin_zynq7020_cam.xdc:90]
Resolution: If [get_<value>] was used to populate the object, check to make sure this command returns at least one valid object.
WARNING: [Vivado 12-584] No ports matched 'HDMI_HSYNC_0'. [E:/competition/2_fpga/3_yolo_zynq/proj/axi_test/axi_test.srcs/constrs_1/new/pin_zynq7020_cam.xdc:91]
CRITICAL WARNING: [Common 17-55] 'set_property' expects at least one object. [E:/competition/2_fpga/3_yolo_zynq/proj/axi_test/axi_test.srcs/constrs_1/new/pin_zynq7020_cam.xdc:91]
Resolution: If [get_<value>] was used to populate the object, check to make sure this command returns at least one valid object.
WARNING: [Vivado 12-584] No ports matched 'HDMI_DE_0'. [E:/competition/2_fpga/3_yolo_zynq/proj/axi_test/axi_test.srcs/constrs_1/new/pin_zynq7020_cam.xdc:92]
CRITICAL WARNING: [Common 17-55] 'set_property' expects at least one object. [E:/competition/2_fpga/3_yolo_zynq/proj/axi_test/axi_test.srcs/constrs_1/new/pin_zynq7020_cam.xdc:92]
Resolution: If [get_<value>] was used to populate the object, check to make sure this command returns at least one valid object.
WARNING: [Vivado 12-584] No ports matched 'HDMI_CLK_0'. [E:/competition/2_fpga/3_yolo_zynq/proj/axi_test/axi_test.srcs/constrs_1/new/pin_zynq7020_cam.xdc:93]
CRITICAL WARNING: [Common 17-55] 'set_property' expects at least one object. [E:/competition/2_fpga/3_yolo_zynq/proj/axi_test/axi_test.srcs/constrs_1/new/pin_zynq7020_cam.xdc:93]
Resolution: If [get_<value>] was used to populate the object, check to make sure this command returns at least one valid object.
Finished Parsing XDC File [E:/competition/2_fpga/3_yolo_zynq/proj/axi_test/axi_test.srcs/constrs_1/new/pin_zynq7020_cam.xdc]
Parsing XDC File [E:/competition/2_fpga/3_yolo_zynq/proj/axi_test/axi_test.srcs/constrs_1/imports/2_fpga/2_axi_lite_test/proj/action_v1_pins.xdc]
WARNING: [Vivado 12-584] No ports matched 'PL_RS232_TX'. [E:/competition/2_fpga/3_yolo_zynq/proj/axi_test/axi_test.srcs/constrs_1/imports/2_fpga/2_axi_lite_test/proj/action_v1_pins.xdc:2]
CRITICAL WARNING: [Common 17-55] 'set_property' expects at least one object. [E:/competition/2_fpga/3_yolo_zynq/proj/axi_test/axi_test.srcs/constrs_1/imports/2_fpga/2_axi_lite_test/proj/action_v1_pins.xdc:2]
Resolution: If [get_<value>] was used to populate the object, check to make sure this command returns at least one valid object.
WARNING: [Vivado 12-584] No ports matched 'ACTION_LED[0]'. [E:/competition/2_fpga/3_yolo_zynq/proj/axi_test/axi_test.srcs/constrs_1/imports/2_fpga/2_axi_lite_test/proj/action_v1_pins.xdc:3]
CRITICAL WARNING: [Common 17-55] 'set_property' expects at least one object. [E:/competition/2_fpga/3_yolo_zynq/proj/axi_test/axi_test.srcs/constrs_1/imports/2_fpga/2_axi_lite_test/proj/action_v1_pins.xdc:3]
Resolution: If [get_<value>] was used to populate the object, check to make sure this command returns at least one valid object.
WARNING: [Vivado 12-584] No ports matched 'ACTION_LED[1]'. [E:/competition/2_fpga/3_yolo_zynq/proj/axi_test/axi_test.srcs/constrs_1/imports/2_fpga/2_axi_lite_test/proj/action_v1_pins.xdc:4]
CRITICAL WARNING: [Common 17-55] 'set_property' expects at least one object. [E:/competition/2_fpga/3_yolo_zynq/proj/axi_test/axi_test.srcs/constrs_1/imports/2_fpga/2_axi_lite_test/proj/action_v1_pins.xdc:4]
Resolution: If [get_<value>] was used to populate the object, check to make sure this command returns at least one valid object.
WARNING: [Vivado 12-584] No ports matched 'ACTION_LED[2]'. [E:/competition/2_fpga/3_yolo_zynq/proj/axi_test/axi_test.srcs/constrs_1/imports/2_fpga/2_axi_lite_test/proj/action_v1_pins.xdc:5]
CRITICAL WARNING: [Common 17-55] 'set_property' expects at least one object. [E:/competition/2_fpga/3_yolo_zynq/proj/axi_test/axi_test.srcs/constrs_1/imports/2_fpga/2_axi_lite_test/proj/action_v1_pins.xdc:5]
Resolution: If [get_<value>] was used to populate the object, check to make sure this command returns at least one valid object.
WARNING: [Vivado 12-584] No ports matched 'ACTION_LED[3]'. [E:/competition/2_fpga/3_yolo_zynq/proj/axi_test/axi_test.srcs/constrs_1/imports/2_fpga/2_axi_lite_test/proj/action_v1_pins.xdc:6]
CRITICAL WARNING: [Common 17-55] 'set_property' expects at least one object. [E:/competition/2_fpga/3_yolo_zynq/proj/axi_test/axi_test.srcs/constrs_1/imports/2_fpga/2_axi_lite_test/proj/action_v1_pins.xdc:6]
Resolution: If [get_<value>] was used to populate the object, check to make sure this command returns at least one valid object.
WARNING: [Vivado 12-584] No ports matched 'ACTION_LED[4]'. [E:/competition/2_fpga/3_yolo_zynq/proj/axi_test/axi_test.srcs/constrs_1/imports/2_fpga/2_axi_lite_test/proj/action_v1_pins.xdc:7]
CRITICAL WARNING: [Common 17-55] 'set_property' expects at least one object. [E:/competition/2_fpga/3_yolo_zynq/proj/axi_test/axi_test.srcs/constrs_1/imports/2_fpga/2_axi_lite_test/proj/action_v1_pins.xdc:7]
Resolution: If [get_<value>] was used to populate the object, check to make sure this command returns at least one valid object.
WARNING: [Vivado 12-584] No ports matched 'ACTION_LED[5]'. [E:/competition/2_fpga/3_yolo_zynq/proj/axi_test/axi_test.srcs/constrs_1/imports/2_fpga/2_axi_lite_test/proj/action_v1_pins.xdc:8]
CRITICAL WARNING: [Common 17-55] 'set_property' expects at least one object. [E:/competition/2_fpga/3_yolo_zynq/proj/axi_test/axi_test.srcs/constrs_1/imports/2_fpga/2_axi_lite_test/proj/action_v1_pins.xdc:8]
Resolution: If [get_<value>] was used to populate the object, check to make sure this command returns at least one valid object.
WARNING: [Vivado 12-584] No ports matched 'ACTION_LED[6]'. [E:/competition/2_fpga/3_yolo_zynq/proj/axi_test/axi_test.srcs/constrs_1/imports/2_fpga/2_axi_lite_test/proj/action_v1_pins.xdc:9]
CRITICAL WARNING: [Common 17-55] 'set_property' expects at least one object. [E:/competition/2_fpga/3_yolo_zynq/proj/axi_test/axi_test.srcs/constrs_1/imports/2_fpga/2_axi_lite_test/proj/action_v1_pins.xdc:9]
Resolution: If [get_<value>] was used to populate the object, check to make sure this command returns at least one valid object.
WARNING: [Vivado 12-584] No ports matched 'PL_RS232_TX'. [E:/competition/2_fpga/3_yolo_zynq/proj/axi_test/axi_test.srcs/constrs_1/imports/2_fpga/2_axi_lite_test/proj/action_v1_pins.xdc:11]
WARNING: [Vivado 12-584] No ports matched 'ACTION_LED[*]'. [E:/competition/2_fpga/3_yolo_zynq/proj/axi_test/axi_test.srcs/constrs_1/imports/2_fpga/2_axi_lite_test/proj/action_v1_pins.xdc:11]
CRITICAL WARNING: [Vivado 12-4739] set_false_path:No valid object(s) found for '-to [get_ports {PL_RS232_TX {ACTION_LED[*]}}]'. [E:/competition/2_fpga/3_yolo_zynq/proj/axi_test/axi_test.srcs/constrs_1/imports/2_fpga/2_axi_lite_test/proj/action_v1_pins.xdc:11]
Resolution: Check if the specified object(s) exists in the current design. If it does, ensure that the correct design hierarchy was specified for the object. If you are working with clocks, make sure create_clock was used to create the clock object before it is referenced.
Finished Parsing XDC File [E:/competition/2_fpga/3_yolo_zynq/proj/axi_test/axi_test.srcs/constrs_1/imports/2_fpga/2_axi_lite_test/proj/action_v1_pins.xdc]
Parsing XDC File [E:/competition/2_fpga/3_yolo_zynq/proj/axi_test/axi_test.srcs/constrs_1/imports/2_fpga/0_diaplay_test/proj/action_v1_clock_impl.xdc]
WARNING: [Vivado 12-1023] No nets matched for command 'get_nets -hierarchical -filter {NAME =~ *clk_wiz_0/inst/clk_in1_display_test_clk_wiz_0_0}'. [E:/competition/2_fpga/3_yolo_zynq/proj/axi_test/axi_test.srcs/constrs_1/imports/2_fpga/0_diaplay_test/proj/action_v1_clock_impl.xdc:3]
CRITICAL WARNING: [Common 17-55] 'set_property' expects at least one object. [E:/competition/2_fpga/3_yolo_zynq/proj/axi_test/axi_test.srcs/constrs_1/imports/2_fpga/0_diaplay_test/proj/action_v1_clock_impl.xdc:3]
Resolution: If [get_<value>] was used to populate the object, check to make sure this command returns at least one valid object.
WARNING: [Vivado 12-180] No cells matched 'get_cells -hierarchical -filter {REF_NAME == PLLE2_ADV && NAME =~ *clk_wiz_0*}'. [E:/competition/2_fpga/3_yolo_zynq/proj/axi_test/axi_test.srcs/constrs_1/imports/2_fpga/0_diaplay_test/proj/action_v1_clock_impl.xdc:4]
CRITICAL WARNING: [Common 17-55] 'set_property' expects at least one object. [E:/competition/2_fpga/3_yolo_zynq/proj/axi_test/axi_test.srcs/constrs_1/imports/2_fpga/0_diaplay_test/proj/action_v1_clock_impl.xdc:4]
Resolution: If [get_<value>] was used to populate the object, check to make sure this command returns at least one valid object.
WARNING: [Vivado 12-507] No nets matched 'cam_pclk_0_IBUF'. [E:/competition/2_fpga/3_yolo_zynq/proj/axi_test/axi_test.srcs/constrs_1/imports/2_fpga/0_diaplay_test/proj/action_v1_clock_impl.xdc:6]
CRITICAL WARNING: [Common 17-55] 'set_property' expects at least one object. [E:/competition/2_fpga/3_yolo_zynq/proj/axi_test/axi_test.srcs/constrs_1/imports/2_fpga/0_diaplay_test/proj/action_v1_clock_impl.xdc:6]
Resolution: If [get_<value>] was used to populate the object, check to make sure this command returns at least one valid object.
Finished Parsing XDC File [E:/competition/2_fpga/3_yolo_zynq/proj/axi_test/axi_test.srcs/constrs_1/imports/2_fpga/0_diaplay_test/proj/action_v1_clock_impl.xdc]
INFO: [Project 1-1714] 2 XPM XDC files have been applied to the design.
INFO: [Opt 31-138] Pushed 0 inverter(s) to 0 load pin(s).
Netlist sorting complete. Time (s): cpu = 00:00:00 ; elapsed = 00:00:00.001 . Memory (MB): peak = 1540.520 ; gain = 0.000
INFO: [Project 1-111] Unisim Transformation Summary:
No Unisim elements were transformed.

18 Infos, 95 Warnings, 94 Critical Warnings and 0 Errors encountered.
link_design completed successfully
link_design: Time (s): cpu = 00:00:07 ; elapsed = 00:00:08 . Memory (MB): peak = 1540.520 ; gain = 967.133
Command: opt_design
Attempting to get a license for feature 'Implementation' and/or device 'xc7z020'
INFO: [Common 17-349] Got license for feature 'Implementation' and/or device 'xc7z020'
Running DRC as a precondition to command opt_design

Starting DRC Task
INFO: [DRC 23-27] Running DRC with 2 threads
INFO: [Project 1-461] DRC finished with 0 Errors
INFO: [Project 1-462] Please refer to the DRC report (report_drc) for more information.

Time (s): cpu = 00:00:01 ; elapsed = 00:00:00.332 . Memory (MB): peak = 1540.520 ; gain = 0.000

Starting Cache Timing Information Task
INFO: [Timing 38-35] Done setting XDC timing constraints.
Ending Cache Timing Information Task | Checksum: 243a4bb3e

Time (s): cpu = 00:00:00 ; elapsed = 00:00:00.087 . Memory (MB): peak = 1540.520 ; gain = 0.000

Starting Logic Optimization Task

Phase 1 Initialization

Phase 1.1 Core Generation And Design Setup
Phase 1.1 Core Generation And Design Setup | Checksum: 243a4bb3e

Time (s): cpu = 00:00:00 ; elapsed = 00:00:00.004 . Memory (MB): peak = 1973.664 ; gain = 0.000

Phase 1.2 Setup Constraints And Sort Netlist
Phase 1.2 Setup Constraints And Sort Netlist | Checksum: 243a4bb3e

Time (s): cpu = 00:00:00 ; elapsed = 00:00:00.006 . Memory (MB): peak = 1973.664 ; gain = 0.000
Phase 1 Initialization | Checksum: 243a4bb3e

Time (s): cpu = 00:00:00 ; elapsed = 00:00:00.006 . Memory (MB): peak = 1973.664 ; gain = 0.000

Phase 2 Timer Update And Timing Data Collection

Phase 2.1 Detect if minReqCache needed
Phase 2.1 Detect if minReqCache needed | Checksum: 243a4bb3e

Time (s): cpu = 00:00:00 ; elapsed = 00:00:00.014 . Memory (MB): peak = 1974.617 ; gain = 0.953

Phase 2.2 Timer Update
Phase 2.2 Timer Update | Checksum: 243a4bb3e

Time (s): cpu = 00:00:00 ; elapsed = 00:00:00.016 . Memory (MB): peak = 1974.617 ; gain = 0.953
Phase 2 Timer Update And Timing Data Collection | Checksum: 243a4bb3e

Time (s): cpu = 00:00:00 ; elapsed = 00:00:00.017 . Memory (MB): peak = 1974.617 ; gain = 0.953

Phase 3 Retarget
INFO: [Opt 31-1851] Number of loadless carry chains removed were: 0
INFO: [Opt 31-1834] Total Chains To Be Transformed Were: 0 AND Number of Transformed insts Created are: 0
INFO: [Opt 31-138] Pushed 0 inverter(s) to 0 load pin(s).
INFO: [Opt 31-49] Retargeted 0 cell(s).
Phase 3 Retarget | Checksum: 149facf4c

Time (s): cpu = 00:00:00 ; elapsed = 00:00:00.066 . Memory (MB): peak = 1974.617 ; gain = 0.953
Retarget | Checksum: 149facf4c
INFO: [Opt 31-389] Phase Retarget created 3 cells and removed 28 cells

Phase 4 Constant propagation
INFO: [Opt 31-138] Pushed 0 inverter(s) to 0 load pin(s).
Phase 4 Constant propagation | Checksum: 1a77c1d48

Time (s): cpu = 00:00:00 ; elapsed = 00:00:00.080 . Memory (MB): peak = 1974.617 ; gain = 0.953
Constant propagation | Checksum: 1a77c1d48
INFO: [Opt 31-389] Phase Constant propagation created 0 cells and removed 4 cells

Phase 5 Sweep
INFO: [Constraints 18-11670] Building netlist checker database with flags, 0x8
Done building netlist checker database: Time (s): cpu = 00:00:00 ; elapsed = 00:00:00.002 . Memory (MB): peak = 1974.617 ; gain = 0.000
INFO: [Constraints 18-11670] Building netlist checker database with flags, 0x8
Done building netlist checker database: Time (s): cpu = 00:00:00 ; elapsed = 00:00:00.001 . Memory (MB): peak = 1974.617 ; gain = 0.000
Phase 5 Sweep | Checksum: 1d6c1fe96

Time (s): cpu = 00:00:00 ; elapsed = 00:00:00.179 . Memory (MB): peak = 1974.617 ; gain = 0.953
Sweep | Checksum: 1d6c1fe96
INFO: [Opt 31-389] Phase Sweep created 0 cells and removed 132 cells

Phase 6 BUFG optimization
INFO: [Opt 31-194] Inserted BUFG display_test_i/processing_system7_0/inst/FCLK_CLK0_BUFG_inst to drive 1847 load(s) on clock net display_test_i/processing_system7_0/inst/FCLK_CLK0_BUFG
INFO: [Opt 31-193] Inserted 1 BUFG(s) on clock nets
Phase 6 BUFG optimization | Checksum: 163969903

Time (s): cpu = 00:00:00 ; elapsed = 00:00:00.209 . Memory (MB): peak = 1974.617 ; gain = 0.953
BUFG optimization | Checksum: 163969903
INFO: [Opt 31-662] Phase BUFG optimization created 1 cells of which 1 are BUFGs and removed 0 cells.

Phase 7 Shift Register Optimization
INFO: [Opt 31-1064] SRL Remap converted 0 SRLs to 0 registers and converted 0 registers of register chains to 0 SRLs
Phase 7 Shift Register Optimization | Checksum: 163969903

Time (s): cpu = 00:00:00 ; elapsed = 00:00:00.214 . Memory (MB): peak = 1974.617 ; gain = 0.953
Shift Register Optimization | Checksum: 163969903
INFO: [Opt 31-389] Phase Shift Register Optimization created 0 cells and removed 0 cells

Phase 8 Post Processing Netlist
Phase 8 Post Processing Netlist | Checksum: 1d34fcd78

Time (s): cpu = 00:00:00 ; elapsed = 00:00:00.224 . Memory (MB): peak = 1974.617 ; gain = 0.953
Post Processing Netlist | Checksum: 1d34fcd78
INFO: [Opt 31-389] Phase Post Processing Netlist created 0 cells and removed 0 cells

Phase 9 Finalization

Phase 9.1 Finalizing Design Cores and Updating Shapes
Phase 9.1 Finalizing Design Cores and Updating Shapes | Checksum: 1b5dda2a2

Time (s): cpu = 00:00:00 ; elapsed = 00:00:00.312 . Memory (MB): peak = 1974.617 ; gain = 0.953

Phase 9.2 Verifying Netlist Connectivity

Starting Connectivity Check Task

Time (s): cpu = 00:00:00 ; elapsed = 00:00:00.006 . Memory (MB): peak = 1974.617 ; gain = 0.000
Phase 9.2 Verifying Netlist Connectivity | Checksum: 1b5dda2a2

Time (s): cpu = 00:00:00 ; elapsed = 00:00:00.318 . Memory (MB): peak = 1974.617 ; gain = 0.953
Phase 9 Finalization | Checksum: 1b5dda2a2

Time (s): cpu = 00:00:00 ; elapsed = 00:00:00.319 . Memory (MB): peak = 1974.617 ; gain = 0.953
Opt_design Change Summary
=========================


-------------------------------------------------------------------------------------------------------------------------
|  Phase                        |  #Cells created  |  #Cells Removed  |  #Constrained objects preventing optimizations  |
-------------------------------------------------------------------------------------------------------------------------
|  Retarget                     |               3  |              28  |                                              0  |
|  Constant propagation         |               0  |               4  |                                              0  |
|  Sweep                        |               0  |             132  |                                              0  |
|  BUFG optimization            |               1  |               0  |                                              0  |
|  Shift Register Optimization  |               0  |               0  |                                              0  |
|  Post Processing Netlist      |               0  |               0  |                                              0  |
-------------------------------------------------------------------------------------------------------------------------


Ending Logic Optimization Task | Checksum: 1b5dda2a2

Time (s): cpu = 00:00:00 ; elapsed = 00:00:00.320 . Memory (MB): peak = 1974.617 ; gain = 0.953

Starting Power Optimization Task
INFO: [Pwropt 34-132] Skipping clock gating for clocks with a period < 2.00 ns.
INFO: [Pwropt 34-9] Applying IDT optimizations ...
INFO: [Pwropt 34-10] Applying ODC optimizations ...
INFO: [Timing 38-35] Done setting XDC timing constraints.
Running Vector-less Activity Propagation...

Finished Running Vector-less Activity Propagation


Starting PowerOpt Patch Enables Task
INFO: [Pwropt 34-162] WRITE_MODE attribute of 1 BRAM(s) out of a total of 8 has been updated to save power. Run report_power_opt to get a complete listing of the BRAMs updated.
INFO: [Pwropt 34-201] Structural ODC has moved 1 WE to EN ports
Number of BRAM Ports augmented: 0 newly gated: 2 Total Ports: 16
Ending PowerOpt Patch Enables Task | Checksum: aee9f1ab

Time (s): cpu = 00:00:00 ; elapsed = 00:00:00.032 . Memory (MB): peak = 1974.617 ; gain = 0.000
Ending Power Optimization Task | Checksum: aee9f1ab

Time (s): cpu = 00:00:01 ; elapsed = 00:00:00.732 . Memory (MB): peak = 1974.617 ; gain = 0.000

Starting Final Cleanup Task

Starting Logic Optimization Task
INFO: [Timing 38-35] Done setting XDC timing constraints.
Ending Logic Optimization Task | Checksum: 2097515a6

Time (s): cpu = 00:00:00 ; elapsed = 00:00:00.166 . Memory (MB): peak = 2022.809 ; gain = 45.383
Ending Final Cleanup Task | Checksum: 2097515a6

Time (s): cpu = 00:00:03 ; elapsed = 00:00:02 . Memory (MB): peak = 2022.809 ; gain = 48.191
Netlist sorting complete. Time (s): cpu = 00:00:00 ; elapsed = 00:00:00.001 . Memory (MB): peak = 2022.809 ; gain = 0.000
INFO: [Common 17-83] Releasing license: Implementation
47 Infos, 95 Warnings, 94 Critical Warnings and 0 Errors encountered.
opt_design completed successfully
opt_design: Time (s): cpu = 00:00:07 ; elapsed = 00:00:06 . Memory (MB): peak = 2022.809 ; gain = 482.289
INFO: [Vivado 12-24828] Executing command : report_drc -file display_test_wrapper_drc_opted.rpt -pb display_test_wrapper_drc_opted.pb -rpx display_test_wrapper_drc_opted.rpx
Command: report_drc -file display_test_wrapper_drc_opted.rpt -pb display_test_wrapper_drc_opted.pb -rpx display_test_wrapper_drc_opted.rpx
INFO: [IP_Flow 19-1839] IP Catalog is up to date.
INFO: [DRC 23-27] Running DRC with 2 threads
INFO: [Vivado_Tcl 2-168] The results of DRC are in file E:/competition/2_fpga/3_yolo_zynq/proj/axi_test/axi_test.runs/impl_1/display_test_wrapper_drc_opted.rpt.
report_drc completed successfully
INFO: [Timing 38-480] Writing timing data to binary archive.
Wrote PlaceDB: Time (s): cpu = 00:00:00 ; elapsed = 00:00:00 . Memory (MB): peak = 2022.809 ; gain = 0.000
Wrote PulsedLatchDB: Time (s): cpu = 00:00:00 ; elapsed = 00:00:00 . Memory (MB): peak = 2022.809 ; gain = 0.000
Writing XDEF routing.
Write ShapeDB Complete: Time (s): cpu = 00:00:00 ; elapsed = 00:00:00.005 . Memory (MB): peak = 2022.809 ; gain = 0.000
Writing XDEF routing logical nets.
Writing XDEF routing special nets.
Wrote RouteStorage: Time (s): cpu = 00:00:00 ; elapsed = 00:00:00.017 . Memory (MB): peak = 2022.809 ; gain = 0.000
Wrote PlaceStorage: Time (s): cpu = 00:00:00 ; elapsed = 00:00:00.006 . Memory (MB): peak = 2022.809 ; gain = 0.000
Wrote Netlist Cache: Time (s): cpu = 00:00:00 ; elapsed = 00:00:00.001 . Memory (MB): peak = 2022.809 ; gain = 0.000
Wrote Device Cache: Time (s): cpu = 00:00:00 ; elapsed = 00:00:00.007 . Memory (MB): peak = 2022.809 ; gain = 0.000
Write Physdb Complete: Time (s): cpu = 00:00:00 ; elapsed = 00:00:00.035 . Memory (MB): peak = 2022.809 ; gain = 0.000
INFO: [Common 17-1381] The checkpoint 'E:/competition/2_fpga/3_yolo_zynq/proj/axi_test/axi_test.runs/impl_1/display_test_wrapper_opt.dcp' has been generated.
Command: place_design
Attempting to get a license for feature 'Implementation' and/or device 'xc7z020'
INFO: [Common 17-349] Got license for feature 'Implementation' and/or device 'xc7z020'
INFO: [Common 17-83] Releasing license: Implementation
INFO: [DRC 23-27] Running DRC with 2 threads
INFO: [Vivado_Tcl 4-198] DRC finished with 0 Errors
INFO: [Vivado_Tcl 4-199] Please refer to the DRC report (report_drc) for more information.
INFO: [Timing 38-35] Done setting XDC timing constraints.
Running DRC as a precondition to command place_design
INFO: [DRC 23-27] Running DRC with 2 threads
INFO: [Vivado_Tcl 4-198] DRC finished with 0 Errors, 21 Warnings
INFO: [Vivado_Tcl 4-199] Please refer to the DRC report (report_drc) for more information.
INFO: [Place 30-611] Multithreading enabled for place_design using a maximum of 2 CPUs

Starting Placer Task

Phase 1 Placer Initialization

Phase 1.1 Placer Initialization Netlist Sorting
Netlist sorting complete. Time (s): cpu = 00:00:00 ; elapsed = 00:00:00.002 . Memory (MB): peak = 2022.809 ; gain = 0.000
Phase 1.1 Placer Initialization Netlist Sorting | Checksum: 117eceea7

Time (s): cpu = 00:00:00 ; elapsed = 00:00:00.004 . Memory (MB): peak = 2022.809 ; gain = 0.000
Netlist sorting complete. Time (s): cpu = 00:00:00 ; elapsed = 00:00:00.001 . Memory (MB): peak = 2022.809 ; gain = 0.000

Phase 1.2 IO Placement/ Clock Placement/ Build Placer Device
Phase 1.2 IO Placement/ Clock Placement/ Build Placer Device | Checksum: 1a4f4f540

Time (s): cpu = 00:00:01 ; elapsed = 00:00:00.249 . Memory (MB): peak = 2022.809 ; gain = 0.000

Phase 1.3 Build Placer Netlist Model
Phase 1.3 Build Placer Netlist Model | Checksum: 1ae3c2077

Time (s): cpu = 00:00:01 ; elapsed = 00:00:00.597 . Memory (MB): peak = 2022.809 ; gain = 0.000

Phase 1.4 Constrain Clocks/Macros
Phase 1.4 Constrain Clocks/Macros | Checksum: 1ae3c2077

Time (s): cpu = 00:00:01 ; elapsed = 00:00:00.602 . Memory (MB): peak = 2022.809 ; gain = 0.000
Phase 1 Placer Initialization | Checksum: 1ae3c2077

Time (s): cpu = 00:00:01 ; elapsed = 00:00:00.608 . Memory (MB): peak = 2022.809 ; gain = 0.000

Phase 2 Global Placement

Phase 2.1 Floorplanning
Phase 2.1 Floorplanning | Checksum: 242fcab25

Time (s): cpu = 00:00:02 ; elapsed = 00:00:00.760 . Memory (MB): peak = 2022.809 ; gain = 0.000

Phase 2.2 Update Timing before SLR Path Opt
Phase 2.2 Update Timing before SLR Path Opt | Checksum: 17d4d0b1d

Time (s): cpu = 00:00:02 ; elapsed = 00:00:00.901 . Memory (MB): peak = 2022.809 ; gain = 0.000

Phase 2.3 Post-Processing in Floorplanning
Phase 2.3 Post-Processing in Floorplanning | Checksum: 17d4d0b1d

Time (s): cpu = 00:00:02 ; elapsed = 00:00:00.908 . Memory (MB): peak = 2022.809 ; gain = 0.000

Phase 2.4 Global Place Phase1
Phase 2.4 Global Place Phase1 | Checksum: 1a202d951

Time (s): cpu = 00:00:04 ; elapsed = 00:00:02 . Memory (MB): peak = 2022.809 ; gain = 0.000

Phase 2.5 Global Place Phase2

Phase 2.5.1 UpdateTiming Before Physical Synthesis
Phase 2.5.1 UpdateTiming Before Physical Synthesis | Checksum: 1aa4b93f0

Time (s): cpu = 00:00:04 ; elapsed = 00:00:02 . Memory (MB): peak = 2022.809 ; gain = 0.000

Phase 2.5.2 Physical Synthesis In Placer
INFO: [Physopt 32-1035] Found 0 LUTNM shape to break, 36 LUT instances to create LUTNM shape
INFO: [Physopt 32-1044] Break lutnm for timing: one critical 0, two critical 0, total 0, new lutff created 0
INFO: [Physopt 32-1138] End 1 Pass. Optimized 13 nets or LUTs. Breaked 0 LUT, combined 13 existing LUTs and moved 0 existing LUT
INFO: [Physopt 32-65] No nets found for high-fanout optimization.
INFO: [Physopt 32-232] Optimized 0 net. Created 0 new instance.
INFO: [Physopt 32-775] End 1 Pass. Optimized 0 net or cell. Created 0 new cell, deleted 0 existing cell and moved 0 existing cell
INFO: [Physopt 32-670] No setup violation found.  DSP Register Optimization was not performed.
INFO: [Physopt 32-670] No setup violation found.  Shift Register to Pipeline Optimization was not performed.
INFO: [Physopt 32-670] No setup violation found.  Shift Register Optimization was not performed.
INFO: [Physopt 32-670] No setup violation found.  BRAM Register Optimization was not performed.
INFO: [Physopt 32-670] No setup violation found.  URAM Register Optimization was not performed.
INFO: [Physopt 32-949] No candidate nets found for dynamic/static region interface net replication
INFO: [Physopt 32-775] End 1 Pass. Optimized 0 net or cell. Created 0 new cell, deleted 0 existing cell and moved 0 existing cell
Netlist sorting complete. Time (s): cpu = 00:00:00 ; elapsed = 00:00:00 . Memory (MB): peak = 2022.809 ; gain = 0.000

Summary of Physical Synthesis Optimizations
============================================


-----------------------------------------------------------------------------------------------------------------------------------------------------------
|  Optimization                                     |  Added Cells  |  Removed Cells  |  Optimized Cells/Nets  |  Dont Touch  |  Iterations  |  Elapsed   |
-----------------------------------------------------------------------------------------------------------------------------------------------------------
|  LUT Combining                                    |            0  |             13  |                    13  |           0  |           1  |  00:00:00  |
|  Retime                                           |            0  |              0  |                     0  |           0  |           1  |  00:00:00  |
|  Very High Fanout                                 |            0  |              0  |                     0  |           0  |           1  |  00:00:00  |
|  DSP Register                                     |            0  |              0  |                     0  |           0  |           0  |  00:00:00  |
|  Shift Register to Pipeline                       |            0  |              0  |                     0  |           0  |           0  |  00:00:00  |
|  Shift Register                                   |            0  |              0  |                     0  |           0  |           0  |  00:00:00  |
|  BRAM Register                                    |            0  |              0  |                     0  |           0  |           0  |  00:00:00  |
|  URAM Register                                    |            0  |              0  |                     0  |           0  |           0  |  00:00:00  |
|  Dynamic/Static Region Interface Net Replication  |            0  |              0  |                     0  |           0  |           1  |  00:00:00  |
|  Total                                            |            0  |             13  |                    13  |           0  |           4  |  00:00:00  |
-----------------------------------------------------------------------------------------------------------------------------------------------------------


Phase 2.5.2 Physical Synthesis In Placer | Checksum: 20e1adea8

Time (s): cpu = 00:00:05 ; elapsed = 00:00:02 . Memory (MB): peak = 2022.809 ; gain = 0.000
Phase 2.5 Global Place Phase2 | Checksum: 128d93c3d

Time (s): cpu = 00:00:05 ; elapsed = 00:00:02 . Memory (MB): peak = 2022.809 ; gain = 0.000
Phase 2 Global Placement | Checksum: 128d93c3d

Time (s): cpu = 00:00:05 ; elapsed = 00:00:02 . Memory (MB): peak = 2022.809 ; gain = 0.000

Phase 3 Detail Placement

Phase 3.1 Commit Multi Column Macros
Phase 3.1 Commit Multi Column Macros | Checksum: 1c9053c67

Time (s): cpu = 00:00:05 ; elapsed = 00:00:03 . Memory (MB): peak = 2022.809 ; gain = 0.000

Phase 3.2 Commit Most Macros & LUTRAMs
Phase 3.2 Commit Most Macros & LUTRAMs | Checksum: 14ee39f4f

Time (s): cpu = 00:00:05 ; elapsed = 00:00:03 . Memory (MB): peak = 2022.809 ; gain = 0.000

Phase 3.3 Area Swap Optimization
Phase 3.3 Area Swap Optimization | Checksum: 1606a8d12

Time (s): cpu = 00:00:05 ; elapsed = 00:00:03 . Memory (MB): peak = 2022.809 ; gain = 0.000

Phase 3.4 Pipeline Register Optimization
Phase 3.4 Pipeline Register Optimization | Checksum: 124fa7f80

Time (s): cpu = 00:00:05 ; elapsed = 00:00:03 . Memory (MB): peak = 2022.809 ; gain = 0.000

Phase 3.5 Small Shape Detail Placement
Phase 3.5 Small Shape Detail Placement | Checksum: 228670e86

Time (s): cpu = 00:00:06 ; elapsed = 00:00:04 . Memory (MB): peak = 2022.809 ; gain = 0.000

Phase 3.6 Re-assign LUT pins
Phase 3.6 Re-assign LUT pins | Checksum: 234bd292f

Time (s): cpu = 00:00:06 ; elapsed = 00:00:04 . Memory (MB): peak = 2022.809 ; gain = 0.000

Phase 3.7 Pipeline Register Optimization
Phase 3.7 Pipeline Register Optimization | Checksum: 1796d3681

Time (s): cpu = 00:00:06 ; elapsed = 00:00:04 . Memory (MB): peak = 2022.809 ; gain = 0.000
Phase 3 Detail Placement | Checksum: 1796d3681

Time (s): cpu = 00:00:06 ; elapsed = 00:00:04 . Memory (MB): peak = 2022.809 ; gain = 0.000

Phase 4 Post Placement Optimization and Clean-Up

Phase 4.1 Post Commit Optimization
INFO: [Timing 38-35] Done setting XDC timing constraints.

Phase 4.1.1 Post Placement Optimization
Post Placement Optimization Initialization | Checksum: 1c50e940b

Phase 4.1.1.1 BUFG Insertion

Starting Physical Synthesis Task

Phase 1 Physical Synthesis Initialization
INFO: [Physopt 32-721] Multithreading enabled for phys_opt_design using a maximum of 2 CPUs
INFO: [Physopt 32-619] Estimated Timing Summary | WNS=11.457 | TNS=0.000 |
Phase 1 Physical Synthesis Initialization | Checksum: 2186592fb

Time (s): cpu = 00:00:00 ; elapsed = 00:00:00.033 . Memory (MB): peak = 2022.809 ; gain = 0.000
INFO: [Place 46-56] BUFG insertion identified 0 candidate nets. Inserted BUFG: 0, Replicated BUFG Driver: 0, Skipped due to Placement/Routing Conflicts: 0, Skipped due to Timing Degradation: 0, Skipped due to netlist editing failed: 0.
Ending Physical Synthesis Task | Checksum: 1c508e001

Time (s): cpu = 00:00:00 ; elapsed = 00:00:00.040 . Memory (MB): peak = 2022.809 ; gain = 0.000
Phase 4.1.1.1 BUFG Insertion | Checksum: 1c50e940b

Time (s): cpu = 00:00:07 ; elapsed = 00:00:04 . Memory (MB): peak = 2022.809 ; gain = 0.000

Phase 4.1.1.2 Post Placement Timing Optimization
INFO: [Place 30-746] Post Placement Timing Summary WNS=11.457. For the most accurate timing information please run report_timing.
Phase 4.1.1.2 Post Placement Timing Optimization | Checksum: 145d9e630

Time (s): cpu = 00:00:07 ; elapsed = 00:00:04 . Memory (MB): peak = 2022.809 ; gain = 0.000

Time (s): cpu = 00:00:07 ; elapsed = 00:00:04 . Memory (MB): peak = 2022.809 ; gain = 0.000
Phase 4.1 Post Commit Optimization | Checksum: 145d9e630

Time (s): cpu = 00:00:07 ; elapsed = 00:00:04 . Memory (MB): peak = 2022.809 ; gain = 0.000

Phase 4.2 Post Placement Cleanup
Phase 4.2 Post Placement Cleanup | Checksum: 145d9e630

Time (s): cpu = 00:00:07 ; elapsed = 00:00:04 . Memory (MB): peak = 2022.809 ; gain = 0.000

Phase 4.3 Placer Reporting

Phase 4.3.1 Print Estimated Congestion
INFO: [Place 30-612] Post-Placement Estimated Congestion 
 ____________________________________________________
|           | Global Congestion | Short Congestion  |
| Direction | Region Size       | Region Size       |
|___________|___________________|___________________|
|      North|                1x1|                1x1|
|___________|___________________|___________________|
|      South|                1x1|                1x1|
|___________|___________________|___________________|
|       East|                1x1|                1x1|
|___________|___________________|___________________|
|       West|                1x1|                1x1|
|___________|___________________|___________________|

Phase 4.3.1 Print Estimated Congestion | Checksum: 145d9e630

Time (s): cpu = 00:00:07 ; elapsed = 00:00:04 . Memory (MB): peak = 2022.809 ; gain = 0.000
Phase 4.3 Placer Reporting | Checksum: 145d9e630

Time (s): cpu = 00:00:07 ; elapsed = 00:00:04 . Memory (MB): peak = 2022.809 ; gain = 0.000

Phase 4.4 Final Placement Cleanup
Netlist sorting complete. Time (s): cpu = 00:00:00 ; elapsed = 00:00:00.001 . Memory (MB): peak = 2022.809 ; gain = 0.000

Time (s): cpu = 00:00:07 ; elapsed = 00:00:04 . Memory (MB): peak = 2022.809 ; gain = 0.000
Phase 4 Post Placement Optimization and Clean-Up | Checksum: 18e9ac181

Time (s): cpu = 00:00:07 ; elapsed = 00:00:04 . Memory (MB): peak = 2022.809 ; gain = 0.000
Ending Placer Task | Checksum: 11c419453

Time (s): cpu = 00:00:07 ; elapsed = 00:00:04 . Memory (MB): peak = 2022.809 ; gain = 0.000
82 Infos, 95 Warnings, 94 Critical Warnings and 0 Errors encountered.
place_design completed successfully
place_design: Time (s): cpu = 00:00:07 ; elapsed = 00:00:06 . Memory (MB): peak = 2022.809 ; gain = 0.000
INFO: [Vivado 12-24838] Running report commands "report_control_sets, report_io, report_utilization" in parallel.
Running report generation with 2 threads.
INFO: [Vivado 12-24828] Executing command : report_utilization -file display_test_wrapper_utilization_placed.rpt -pb display_test_wrapper_utilization_placed.pb
INFO: [Vivado 12-24828] Executing command : report_control_sets -verbose -file display_test_wrapper_control_sets_placed.rpt
report_control_sets: Time (s): cpu = 00:00:00 ; elapsed = 00:00:00.006 . Memory (MB): peak = 2022.809 ; gain = 0.000
INFO: [Vivado 12-24828] Executing command : report_io -file display_test_wrapper_io_placed.rpt
report_io: Time (s): cpu = 00:00:00 ; elapsed = 00:00:00.064 . Memory (MB): peak = 2022.809 ; gain = 0.000
INFO: [Timing 38-480] Writing timing data to binary archive.
Wrote PlaceDB: Time (s): cpu = 00:00:00 ; elapsed = 00:00:00 . Memory (MB): peak = 2022.809 ; gain = 0.000
Wrote PulsedLatchDB: Time (s): cpu = 00:00:00 ; elapsed = 00:00:00 . Memory (MB): peak = 2022.809 ; gain = 0.000
Writing XDEF routing.
Write ShapeDB Complete: Time (s): cpu = 00:00:00 ; elapsed = 00:00:00.005 . Memory (MB): peak = 2022.809 ; gain = 0.000
Writing XDEF routing logical nets.
Writing XDEF routing special nets.
Wrote RouteStorage: Time (s): cpu = 00:00:00 ; elapsed = 00:00:00.016 . Memory (MB): peak = 2022.809 ; gain = 0.000
Wrote PlaceStorage: Time (s): cpu = 00:00:00 ; elapsed = 00:00:00.076 . Memory (MB): peak = 2022.809 ; gain = 0.000
Wrote Netlist Cache: Time (s): cpu = 00:00:00 ; elapsed = 00:00:00.004 . Memory (MB): peak = 2022.809 ; gain = 0.000
Wrote Device Cache: Time (s): cpu = 00:00:00 ; elapsed = 00:00:00.007 . Memory (MB): peak = 2022.809 ; gain = 0.000
Write Physdb Complete: Time (s): cpu = 00:00:00 ; elapsed = 00:00:00.109 . Memory (MB): peak = 2022.809 ; gain = 0.000
INFO: [Common 17-1381] The checkpoint 'E:/competition/2_fpga/3_yolo_zynq/proj/axi_test/axi_test.runs/impl_1/display_test_wrapper_placed.dcp' has been generated.
Command: phys_opt_design
Attempting to get a license for feature 'Implementation' and/or device 'xc7z020'
INFO: [Common 17-349] Got license for feature 'Implementation' and/or device 'xc7z020'

Starting Initial Update Timing Task

Time (s): cpu = 00:00:00 ; elapsed = 00:00:00.241 . Memory (MB): peak = 2022.809 ; gain = 0.000
INFO: [Vivado_Tcl 4-2279] Estimated Timing Summary | WNS= 11.457 | TNS= 0.000 | 
INFO: [Vivado_Tcl 4-383] Design worst setup slack (WNS) is greater than or equal to 0.000 ns. All physical synthesis setup optimizations will be skipped.
INFO: [Vivado_Tcl 4-232] No setup violation found. The netlist was not modified.
INFO: [Common 17-83] Releasing license: Implementation
93 Infos, 95 Warnings, 94 Critical Warnings and 0 Errors encountered.
phys_opt_design completed successfully
INFO: [Timing 38-480] Writing timing data to binary archive.
Wrote PlaceDB: Time (s): cpu = 00:00:00 ; elapsed = 00:00:00 . Memory (MB): peak = 2022.809 ; gain = 0.000
Wrote PulsedLatchDB: Time (s): cpu = 00:00:00 ; elapsed = 00:00:00 . Memory (MB): peak = 2022.809 ; gain = 0.000
Writing XDEF routing.
Write ShapeDB Complete: Time (s): cpu = 00:00:00 ; elapsed = 00:00:00.007 . Memory (MB): peak = 2022.809 ; gain = 0.000
Writing XDEF routing logical nets.
Writing XDEF routing special nets.
Wrote RouteStorage: Time (s): cpu = 00:00:00 ; elapsed = 00:00:00.019 . Memory (MB): peak = 2022.809 ; gain = 0.000
Wrote PlaceStorage: Time (s): cpu = 00:00:01 ; elapsed = 00:00:00.078 . Memory (MB): peak = 2022.809 ; gain = 0.000
Wrote Netlist Cache: Time (s): cpu = 00:00:00 ; elapsed = 00:00:00.004 . Memory (MB): peak = 2022.809 ; gain = 0.000
Wrote Device Cache: Time (s): cpu = 00:00:00 ; elapsed = 00:00:00.007 . Memory (MB): peak = 2022.809 ; gain = 0.000
Write Physdb Complete: Time (s): cpu = 00:00:01 ; elapsed = 00:00:00.113 . Memory (MB): peak = 2022.809 ; gain = 0.000
INFO: [Common 17-1381] The checkpoint 'E:/competition/2_fpga/3_yolo_zynq/proj/axi_test/axi_test.runs/impl_1/display_test_wrapper_physopt.dcp' has been generated.
Command: route_design
Attempting to get a license for feature 'Implementation' and/or device 'xc7z020'
INFO: [Common 17-349] Got license for feature 'Implementation' and/or device 'xc7z020'


Starting Routing Task
INFO: [Route 35-254] Multithreading enabled for route_design using a maximum of 2 CPUs

Phase 1 Build RT Design
Checksum: PlaceDB: 934a88e8 ConstDB: 0 ShapeSum: 72fd987b RouteDB: 15f972f0
Post Restoration Checksum: NetGraph: dc1e3211 | NumContArr: dbeac19b | Constraints: c2a8fa9d | Timing: c2a8fa9d
Phase 1 Build RT Design | Checksum: 33d5ae8e6

Time (s): cpu = 00:00:14 ; elapsed = 00:00:13 . Memory (MB): peak = 2022.809 ; gain = 0.000

Phase 2 Router Initialization

Phase 2.1 Fix Topology Constraints
Phase 2.1 Fix Topology Constraints | Checksum: 33d5ae8e6

Time (s): cpu = 00:00:14 ; elapsed = 00:00:13 . Memory (MB): peak = 2022.809 ; gain = 0.000

Phase 2.2 Pre Route Cleanup
Phase 2.2 Pre Route Cleanup | Checksum: 33d5ae8e6

Time (s): cpu = 00:00:14 ; elapsed = 00:00:13 . Memory (MB): peak = 2022.809 ; gain = 0.000
 Number of Nodes with overlaps = 0

Phase 2.3 Update Timing
Phase 2.3 Update Timing | Checksum: 1f4167245

Time (s): cpu = 00:00:15 ; elapsed = 00:00:13 . Memory (MB): peak = 2022.809 ; gain = 0.000
INFO: [Route 35-416] Intermediate Timing Summary | WNS=11.571 | TNS=0.000  | WHS=-0.369 | THS=-44.039|


Phase 2.4 Soft Constraint Pins - Fast Budgeting
Phase 2.4 Soft Constraint Pins - Fast Budgeting | Checksum: 1bc1fd858

Time (s): cpu = 00:00:15 ; elapsed = 00:00:13 . Memory (MB): peak = 2022.809 ; gain = 0.000

Router Utilization Summary
  Global Vertical Routing Utilization    = 0 %
  Global Horizontal Routing Utilization  = 0 %
  Routable Net Status*
  *Does not include unroutable nets such as driverless and loadless.
  Run report_route_status for detailed report.
  Number of Failed Nets               = 3266
    (Failed Nets is the sum of unrouted and partially routed nets)
  Number of Unrouted Nets             = 3266
  Number of Partially Routed Nets     = 0
  Number of Node Overlaps             = 0

Phase 2 Router Initialization | Checksum: 172a2bf19

Time (s): cpu = 00:00:15 ; elapsed = 00:00:14 . Memory (MB): peak = 2022.809 ; gain = 0.000

Phase 3 Global Routing
Phase 3 Global Routing | Checksum: 172a2bf19

Time (s): cpu = 00:00:15 ; elapsed = 00:00:14 . Memory (MB): peak = 2022.809 ; gain = 0.000

Phase 4 Initial Routing

Phase 4.1 Initial Net Routing Pass
Phase 4.1 Initial Net Routing Pass | Checksum: 2b2b93de3

Time (s): cpu = 00:00:16 ; elapsed = 00:00:14 . Memory (MB): peak = 2022.809 ; gain = 0.000
Phase 4 Initial Routing | Checksum: 2b2b93de3

Time (s): cpu = 00:00:16 ; elapsed = 00:00:14 . Memory (MB): peak = 2022.809 ; gain = 0.000

Phase 5 Rip-up And Reroute

Phase 5.1 Global Iteration 0
 Number of Nodes with overlaps = 281
 Number of Nodes with overlaps = 1
 Number of Nodes with overlaps = 0
INFO: [Route 35-416] Intermediate Timing Summary | WNS=9.912  | TNS=0.000  | WHS=N/A    | THS=N/A    |

Phase 5.1 Global Iteration 0 | Checksum: 23a5dab68

Time (s): cpu = 00:00:17 ; elapsed = 00:00:15 . Memory (MB): peak = 2022.809 ; gain = 0.000

Phase 5.2 Global Iteration 1
 Number of Nodes with overlaps = 0
INFO: [Route 35-416] Intermediate Timing Summary | WNS=9.912  | TNS=0.000  | WHS=N/A    | THS=N/A    |

Phase 5.2 Global Iteration 1 | Checksum: 2c7043778

Time (s): cpu = 00:00:17 ; elapsed = 00:00:15 . Memory (MB): peak = 2022.809 ; gain = 0.000
Phase 5 Rip-up And Reroute | Checksum: 2c7043778

Time (s): cpu = 00:00:17 ; elapsed = 00:00:15 . Memory (MB): peak = 2022.809 ; gain = 0.000

Phase 6 Delay and Skew Optimization

Phase 6.1 Delay CleanUp
Phase 6.1 Delay CleanUp | Checksum: 2c7043778

Time (s): cpu = 00:00:17 ; elapsed = 00:00:15 . Memory (MB): peak = 2022.809 ; gain = 0.000

Phase 6.2 Clock Skew Optimization
Phase 6.2 Clock Skew Optimization | Checksum: 2c7043778

Time (s): cpu = 00:00:17 ; elapsed = 00:00:15 . Memory (MB): peak = 2022.809 ; gain = 0.000
Phase 6 Delay and Skew Optimization | Checksum: 2c7043778

Time (s): cpu = 00:00:17 ; elapsed = 00:00:15 . Memory (MB): peak = 2022.809 ; gain = 0.000

Phase 7 Post Hold Fix

Phase 7.1 Hold Fix Iter
INFO: [Route 35-416] Intermediate Timing Summary | WNS=10.061 | TNS=0.000  | WHS=0.047  | THS=0.000  |

Phase 7.1 Hold Fix Iter | Checksum: 25f36699a

Time (s): cpu = 00:00:18 ; elapsed = 00:00:15 . Memory (MB): peak = 2022.809 ; gain = 0.000
Phase 7 Post Hold Fix | Checksum: 25f36699a

Time (s): cpu = 00:00:18 ; elapsed = 00:00:15 . Memory (MB): peak = 2022.809 ; gain = 0.000

Phase 8 Route finalize

Router Utilization Summary
  Global Vertical Routing Utilization    = 0.670809 %
  Global Horizontal Routing Utilization  = 0.818796 %
  Routable Net Status*
  *Does not include unroutable nets such as driverless and loadless.
  Run report_route_status for detailed report.
  Number of Failed Nets               = 0
    (Failed Nets is the sum of unrouted and partially routed nets)
  Number of Unrouted Nets             = 0
  Number of Partially Routed Nets     = 0
  Number of Node Overlaps             = 0

Phase 8 Route finalize | Checksum: 25f36699a

Time (s): cpu = 00:00:18 ; elapsed = 00:00:15 . Memory (MB): peak = 2022.809 ; gain = 0.000

Phase 9 Verifying routed nets

 Verification completed successfully
Phase 9 Verifying routed nets | Checksum: 25f36699a

Time (s): cpu = 00:00:18 ; elapsed = 00:00:15 . Memory (MB): peak = 2022.809 ; gain = 0.000

Phase 10 Depositing Routes
Phase 10 Depositing Routes | Checksum: 2a169e18b

Time (s): cpu = 00:00:18 ; elapsed = 00:00:15 . Memory (MB): peak = 2022.809 ; gain = 0.000

Phase 11 Post Process Routing
Phase 11 Post Process Routing | Checksum: 2a169e18b

Time (s): cpu = 00:00:18 ; elapsed = 00:00:15 . Memory (MB): peak = 2022.809 ; gain = 0.000

Phase 12 Post Router Timing
INFO: [Route 35-57] Estimated Timing Summary | WNS=10.061 | TNS=0.000  | WHS=0.047  | THS=0.000  |

INFO: [Route 35-327] The final timing numbers are based on the router estimated timing analysis. For a complete and accurate timing signoff, please run report_timing_summary.
Phase 12 Post Router Timing | Checksum: 2a169e18b

Time (s): cpu = 00:00:18 ; elapsed = 00:00:15 . Memory (MB): peak = 2022.809 ; gain = 0.000
Total Elapsed time in route_design: 15.3 secs

Phase 13 Post-Route Event Processing
Phase 13 Post-Route Event Processing | Checksum: 20e7543d5

Time (s): cpu = 00:00:18 ; elapsed = 00:00:15 . Memory (MB): peak = 2022.809 ; gain = 0.000
INFO: [Route 35-16] Router Completed Successfully
Ending Routing Task | Checksum: 20e7543d5

Time (s): cpu = 00:00:18 ; elapsed = 00:00:15 . Memory (MB): peak = 2022.809 ; gain = 0.000

Routing Is Done.
INFO: [Common 17-83] Releasing license: Implementation
105 Infos, 95 Warnings, 94 Critical Warnings and 0 Errors encountered.
route_design completed successfully
route_design: Time (s): cpu = 00:00:18 ; elapsed = 00:00:15 . Memory (MB): peak = 2022.809 ; gain = 0.000
INFO: [Vivado 12-24828] Executing command : report_drc -file display_test_wrapper_drc_routed.rpt -pb display_test_wrapper_drc_routed.pb -rpx display_test_wrapper_drc_routed.rpx
Command: report_drc -file display_test_wrapper_drc_routed.rpt -pb display_test_wrapper_drc_routed.pb -rpx display_test_wrapper_drc_routed.rpx
INFO: [IP_Flow 19-1839] IP Catalog is up to date.
INFO: [DRC 23-27] Running DRC with 2 threads
INFO: [Vivado_Tcl 2-168] The results of DRC are in file E:/competition/2_fpga/3_yolo_zynq/proj/axi_test/axi_test.runs/impl_1/display_test_wrapper_drc_routed.rpt.
report_drc completed successfully
INFO: [Vivado 12-24828] Executing command : report_methodology -file display_test_wrapper_methodology_drc_routed.rpt -pb display_test_wrapper_methodology_drc_routed.pb -rpx display_test_wrapper_methodology_drc_routed.rpx
Command: report_methodology -file display_test_wrapper_methodology_drc_routed.rpt -pb display_test_wrapper_methodology_drc_routed.pb -rpx display_test_wrapper_methodology_drc_routed.rpx
INFO: [Timing 38-35] Done setting XDC timing constraints.
INFO: [DRC 23-133] Running Methodology with 2 threads
INFO: [Vivado_Tcl 2-1520] The results of Report Methodology are in file E:/competition/2_fpga/3_yolo_zynq/proj/axi_test/axi_test.runs/impl_1/display_test_wrapper_methodology_drc_routed.rpt.
report_methodology completed successfully
INFO: [Vivado 12-24828] Executing command : report_timing_summary -max_paths 10 -routable_nets -report_unconstrained -file display_test_wrapper_timing_summary_routed.rpt -pb display_test_wrapper_timing_summary_routed.pb -rpx display_test_wrapper_timing_summary_routed.rpx -warn_on_violation 
INFO: [Timing 38-35] Done setting XDC timing constraints.
INFO: [Timing 38-91] UpdateTimingParams: Speed grade: -1, Delay Type: min_max.
INFO: [Timing 38-191] Multithreading enabled for timing update using a maximum of 2 CPUs
INFO: [Vivado 12-24838] Running report commands "report_incremental_reuse, report_route_status" in parallel.
Running report generation with 2 threads.
INFO: [Vivado 12-24828] Executing command : report_incremental_reuse -file display_test_wrapper_incremental_reuse_routed.rpt
INFO: [Vivado_Tcl 4-1062] Incremental flow is disabled. No incremental reuse Info to report.
INFO: [Vivado 12-24828] Executing command : report_route_status -file display_test_wrapper_route_status.rpt -pb display_test_wrapper_route_status.pb
INFO: [Vivado 12-24828] Executing command : report_power -file display_test_wrapper_power_routed.rpt -pb display_test_wrapper_power_summary_routed.pb -rpx display_test_wrapper_power_routed.rpx
Command: report_power -file display_test_wrapper_power_routed.rpt -pb display_test_wrapper_power_summary_routed.pb -rpx display_test_wrapper_power_routed.rpx
Running Vector-less Activity Propagation...

Finished Running Vector-less Activity Propagation
122 Infos, 95 Warnings, 94 Critical Warnings and 0 Errors encountered.
report_power completed successfully
INFO: [Vivado 12-24828] Executing command : report_clock_utilization -file display_test_wrapper_clock_utilization_routed.rpt
INFO: [Vivado 12-24828] Executing command : report_bus_skew -warn_on_violation -file display_test_wrapper_bus_skew_routed.rpt -pb display_test_wrapper_bus_skew_routed.pb -rpx display_test_wrapper_bus_skew_routed.rpx
INFO: [Timing 38-91] UpdateTimingParams: Speed grade: -1, Delay Type: min_max.
INFO: [Timing 38-191] Multithreading enabled for timing update using a maximum of 2 CPUs
INFO: [Timing 38-480] Writing timing data to binary archive.
Wrote PlaceDB: Time (s): cpu = 00:00:00 ; elapsed = 00:00:00 . Memory (MB): peak = 2022.809 ; gain = 0.000
Wrote PulsedLatchDB: Time (s): cpu = 00:00:00 ; elapsed = 00:00:00 . Memory (MB): peak = 2022.809 ; gain = 0.000
Writing XDEF routing.
Write ShapeDB Complete: Time (s): cpu = 00:00:00 ; elapsed = 00:00:00.007 . Memory (MB): peak = 2022.809 ; gain = 0.000
Writing XDEF routing logical nets.
Writing XDEF routing special nets.
Wrote RouteStorage: Time (s): cpu = 00:00:01 ; elapsed = 00:00:00.033 . Memory (MB): peak = 2022.809 ; gain = 0.000
Wrote PlaceStorage: Time (s): cpu = 00:00:00 ; elapsed = 00:00:00.070 . Memory (MB): peak = 2022.809 ; gain = 0.000
Wrote Netlist Cache: Time (s): cpu = 00:00:00 ; elapsed = 00:00:00.003 . Memory (MB): peak = 2022.809 ; gain = 0.000
Wrote Device Cache: Time (s): cpu = 00:00:00 ; elapsed = 00:00:00.007 . Memory (MB): peak = 2022.809 ; gain = 0.000
Write Physdb Complete: Time (s): cpu = 00:00:01 ; elapsed = 00:00:00.122 . Memory (MB): peak = 2022.809 ; gain = 0.000
INFO: [Common 17-1381] The checkpoint 'E:/competition/2_fpga/3_yolo_zynq/proj/axi_test/axi_test.runs/impl_1/display_test_wrapper_routed.dcp' has been generated.
Command: write_bitstream -force display_test_wrapper.bit
Attempting to get a license for feature 'Implementation' and/or device 'xc7z020'
INFO: [Common 17-349] Got license for feature 'Implementation' and/or device 'xc7z020'
Running DRC as a precondition to command write_bitstream
INFO: [IP_Flow 19-1839] IP Catalog is up to date.
INFO: [DRC 23-27] Running DRC with 2 threads
INFO: [Vivado 12-3199] DRC finished with 0 Errors
INFO: [Vivado 12-3200] Please refer to the DRC report (report_drc) for more information.
Integrating Hard IP ELF/MEM with the PDI.
INFO: [Designutils 20-2272] Running write_bitstream with 2 threads.
Loading data files...
Loading site data...
Loading route data...
Processing options...
Creating bitmap...
Creating bitstream...
Writing bitstream ./display_test_wrapper.bit...
INFO: [Vivado 12-1842] Bitgen Completed Successfully.
INFO: [Common 17-83] Releasing license: Implementation
136 Infos, 95 Warnings, 94 Critical Warnings and 0 Errors encountered.
write_bitstream completed successfully
write_bitstream: Time (s): cpu = 00:00:08 ; elapsed = 00:00:07 . Memory (MB): peak = 2292.609 ; gain = 269.801
INFO: [Common 17-206] Exiting Vivado at Fri Sep 18 19:43:38 2026...
[Fri Sep 18 19:43:40 2026] impl_1 finished
wait_on_runs: Time (s): cpu = 00:00:00 ; elapsed = 00:02:05 . Memory (MB): peak = 576.703 ; gain = 0.000
# set t0 [clock seconds]
# while {1} {
#     set st [get_property STATUS   [get_runs impl_1]]
#     set pr [get_property PROGRESS [get_runs impl_1]]
#     set done [expr {[string match -nocase "*complete*" $st] && $pr eq "100%"}]
#     set bad  [expr {[string match -nocase "*error*" $st] || \
#                     [string match -nocase "*abort*"   $st]}]
#     if {$done || $bad} { break }
#     if {[clock seconds] - $t0 > 2400} { ees_fail "impl_1 poll timeout STATUS=$st PROGRESS=$pr" }
#     after 10000
# }
# puts "EES_INFO impl_1 STATUS=$st PROGRESS=$pr"
EES_INFO impl_1 STATUS=write_bitstream Complete! PROGRESS=100%
# if {!$done} { ees_fail "impl_1 not complete: $st" }
# set bit "$projdir/axi_test.runs/impl_1/display_test_wrapper.bit"
# if {![file exists $bit] || [file size $bit] == 0} { ees_fail "bit missing: $bit" }
# puts "EES_INFO bit [file size $bit] bytes  mtime [clock format [file mtime $bit]]"
EES_INFO bit 4045696 bytes  mtime Fri Sep 18 19:43:38 +0800 2026
# set hwhsrc "$projdir/axi_test.gen/sources_1/bd/display_test/hw_handoff/display_test.hwh"
# if {![file exists $hwhsrc]} { ees_fail "hwh missing: $hwhsrc" }
# file copy -force $hwhsrc "$evidence/display_test_wrapper.hwh"
# file copy -force $bit "$evidence/display_test_wrapper.bit"
# puts "EES_INFO artifacts copied to $evidence"
EES_INFO artifacts copied to E:/competition/4_metrics/logs/2026-09-18_yolo_csr_bd_run02_ackfix
# puts "EES_VIVADO_STAGE REPORTS"
EES_VIVADO_STAGE REPORTS
# open_run impl_1
INFO: [Device 21-403] Loading part xc7z020clg484-1
Netlist sorting complete. Time (s): cpu = 00:00:00 ; elapsed = 00:00:00.061 . Memory (MB): peak = 834.227 ; gain = 0.000
INFO: [Netlist 29-17] Analyzing 136 Unisim elements for replacement
INFO: [Netlist 29-28] Unisim Transformation completed in 0 CPU seconds
INFO: [Project 1-479] Netlist was created with Vivado 2025.2
INFO: [Project 1-570] Preparing netlist for logic optimization
Read ShapeDB Complete: Time (s): cpu = 00:00:00 ; elapsed = 00:00:00.008 . Memory (MB): peak = 938.551 ; gain = 0.668
INFO: [Timing 38-478] Restoring timing data from binary archive.
INFO: [Timing 38-479] Binary timing data restore complete.
INFO: [Project 1-856] Restoring constraints from binary archive.
INFO: [Project 1-853] Binary constraint restore complete.
INFO: [Designutils 20-5722] Start Reading Physical Databases.
Reading placement.
Read Netlist Cache: Time (s): cpu = 00:00:00 ; elapsed = 00:00:00.004 . Memory (MB): peak = 1540.328 ; gain = 0.000
Reading placer database...
Read Device Cache: Time (s): cpu = 00:00:00 ; elapsed = 00:00:00.013 . Memory (MB): peak = 1540.328 ; gain = 0.000
Read PlaceDB: Time (s): cpu = 00:00:00 ; elapsed = 00:00:00 . Memory (MB): peak = 1540.328 ; gain = 0.000
Read placeStorage: Time (s): cpu = 00:00:00 ; elapsed = 00:00:00.098 . Memory (MB): peak = 1540.328 ; gain = 0.000
Read PulsedLatchDB: Time (s): cpu = 00:00:00 ; elapsed = 00:00:00 . Memory (MB): peak = 1540.328 ; gain = 0.000
Reading routing.
Read RouteStorage: Time (s): cpu = 00:00:00 ; elapsed = 00:00:00.031 . Memory (MB): peak = 1540.328 ; gain = 0.000
Read Physdb Files: Time (s): cpu = 00:00:00 ; elapsed = 00:00:00.157 . Memory (MB): peak = 1540.328 ; gain = 0.000
Restored from archive | CPU: 0.000000 secs | Memory: 0.000000 MB |
Finished XDEF File Restore: Time (s): cpu = 00:00:00 ; elapsed = 00:00:00.191 . Memory (MB): peak = 1540.328 ; gain = 7.961
Netlist sorting complete. Time (s): cpu = 00:00:00 ; elapsed = 00:00:00.001 . Memory (MB): peak = 1540.328 ; gain = 0.000
INFO: [Project 1-111] Unisim Transformation Summary:
No Unisim elements were transformed.

open_run: Time (s): cpu = 00:00:06 ; elapsed = 00:00:07 . Memory (MB): peak = 1540.328 ; gain = 963.625
# report_utilization    -file $evidence/utilization.rpt
# report_timing_summary -file $evidence/timing_summary.rpt
INFO: [Timing 38-91] UpdateTimingParams: Speed grade: -1, Delay Type: min_max.
INFO: [Timing 38-191] Multithreading enabled for timing update using a maximum of 2 CPUs
# set wns [get_property SLACK [get_timing_paths -delay_type max -max_paths 1 -nworst 1]]
# set whs [get_property SLACK [get_timing_paths -delay_type min -max_paths 1 -nworst 1]]
# puts "EES_INFO WNS=$wns  WHS=$whs"
EES_INFO WNS=10.061  WHS=0.047
# close_project
# puts "EES_VIVADO_STAGE BIT_DONE"
EES_VIVADO_STAGE BIT_DONE
# puts "EES_VIVADO_RESULT PASS"
EES_VIVADO_RESULT PASS
INFO: [Common 17-206] Exiting Vivado at Fri Sep 18 19:43:48 2026...


