#-----------------------------------------------------------
# Vivado v2025.2 (64-bit)
# SW Build 6299465 on Fri Nov 14 19:35:11 GMT 2025
# IP Build 6300035 on Fri Nov 14 10:48:45 MST 2025
# SharedData Build 6298862 on Thu Nov 13 04:50:51 MST 2025
# Start of session at: Thu Sep 17 23:08:58 2026
# Process ID         : 51548
# Current directory  : E:/competition/2_fpga/3_yolo_zynq/proj/ooc_gate
# Command line       : vivado.exe -mode batch -source ooc_v28.tcl -nojournal -log ooc_v28_drv.log
# Log file           : E:/competition/2_fpga/3_yolo_zynq/proj/ooc_gate/ooc_v28_drv.log
# Journal file       : 
# Running On         : HC-202510241838
# Platform           : Windows Server 2016 or Windows 10
# Operating System   : 26200
# Processor Detail   : AMD Ryzen 5 9600X 6-Core Processor             
# CPU Frequency      : 3893 MHz
# CPU Physical cores : 6
# CPU Logical cores  : 12
# Host memory        : 33410 MB
# Swap memory        : 21474 MB
# Total Virtual      : 54884 MB
# Available Virtual  : 12999 MB
#-----------------------------------------------------------
source ooc_v28.tcl
# set RTL E:/competition/2_fpga/3_yolo_zynq/rtl
# set IPD E:/competition/2_fpga/3_yolo_zynq/ip
# set OUT E:/competition/2_fpga/3_yolo_zynq/proj/ooc_gate
# set filelist [list \
#     $RTL/yolo_engine_top.v \
#     $RTL/yolo_gemm_array.v \
#     $RTL/yolo_csr.v \
#     $RTL/yolo_ctrl.v \
#     $RTL/yolo_dma.v \
#     $RTL/yolo_dma_wr.v \
#     $RTL/yolo_wbuf.v \
#     $RTL/yolo_xbuf.v \
#     $RTL/yolo_xrowgen.v \
#     $RTL/yolo_pe_pack.v \
#     $RTL/yolo_acc.v \
#     $RTL/yolo_requant.v \
#     $RTL/yolo_silu_lut.v \
# ]
# create_project -in_memory -part xc7z020clg484-1
# read_verilog $filelist
# read_ip $IPD/yolo_wbuf_bmg/yolo_wbuf_bmg.xci
INFO: [IP_Flow 19-234] Refreshing IP repositories
INFO: [IP_Flow 19-1704] No user IP repositories specified
INFO: [IP_Flow 19-2313] Loaded Vivado IP repository 'F:/vivado2025/2025.2/Vivado/data/ip'.
WARNING: [Vivado 12-13650] The IP file 'E:/competition/2_fpga/3_yolo_zynq/ip/yolo_wbuf_bmg/yolo_wbuf_bmg.xci' has been moved from its original location, as a result the outputs for this IP will now be generated in 'e:/competition/2_fpga/3_yolo_zynq/ip/yolo_wbuf_bmg'. Alternatively a copy of the IP can be imported into the project using one of the 'import_ip' or 'import_files' commands.
# generate_target all [get_ips yolo_wbuf_bmg]
# synth_ip [get_ips yolo_wbuf_bmg] -force
INFO: [IP_Flow 19-1686] Generating 'Instantiation Template' target for IP 'yolo_wbuf_bmg'...
INFO: [IP_Flow 19-1686] Generating 'Synthesis' target for IP 'yolo_wbuf_bmg'...
INFO: [IP_Flow 19-1686] Generating 'Simulation' target for IP 'yolo_wbuf_bmg'...
INFO: [IP_Flow 19-1686] Generating 'Miscellaneous' target for IP 'yolo_wbuf_bmg'...
INFO: [IP_Flow 19-1686] Generating 'Change Log' target for IP 'yolo_wbuf_bmg'...
INFO: [IP_Flow 19-234] Refreshing IP repositories
INFO: [IP_Flow 19-1704] No user IP repositories specified
INFO: [IP_Flow 19-2313] Loaded Vivado IP repository 'F:/vivado2025/2025.2/Vivado/data/ip'.
WARNING: [Vivado 12-13650] The IP file 'E:/competition/2_fpga/3_yolo_zynq/ip/yolo_wbuf_bmg/yolo_wbuf_bmg.xci' has been moved from its original location, as a result the outputs for this IP will now be generated in 'e:/competition/2_fpga/3_yolo_zynq/ip/yolo_wbuf_bmg'. Alternatively a copy of the IP can be imported into the project using one of the 'import_ip' or 'import_files' commands.
Command: synth_design -top yolo_wbuf_bmg -part xc7z020clg484-1 -mode out_of_context
Starting synth_design
Attempting to get a license for feature 'Synthesis' and/or device 'xc7z020'
INFO: [Common 17-349] Got license for feature 'Synthesis' and/or device 'xc7z020'
INFO: [Device 21-403] Loading part xc7z020clg484-1
INFO: [Synth 8-7079] Multithreading enabled for synth_design using a maximum of 2 processes.
INFO: [Synth 8-7078] Launching helper process for spawning children vivado processes
INFO: [Synth 8-7075] Helper process launched with PID 56304
---------------------------------------------------------------------------------
Starting RTL Elaboration : Time (s): cpu = 00:00:05 ; elapsed = 00:00:05 . Memory (MB): peak = 1346.426 ; gain = 540.641
---------------------------------------------------------------------------------
INFO: [Synth 8-638] synthesizing module 'yolo_wbuf_bmg' [e:/competition/2_fpga/3_yolo_zynq/ip/yolo_wbuf_bmg/synth/yolo_wbuf_bmg.vhd:72]
	Parameter C_FAMILY bound to: zynq - type: string 
	Parameter C_XDEVICEFAMILY bound to: zynq - type: string 
	Parameter C_ELABORATION_DIR bound to: ./ - type: string 
	Parameter C_INTERFACE_TYPE bound to: 0 - type: integer 
	Parameter C_AXI_TYPE bound to: 1 - type: integer 
	Parameter C_AXI_SLAVE_TYPE bound to: 0 - type: integer 
	Parameter C_USE_BRAM_BLOCK bound to: 0 - type: integer 
	Parameter C_ENABLE_32BIT_ADDRESS bound to: 0 - type: integer 
	Parameter C_CTRL_ECC_ALGO bound to: NONE - type: string 
	Parameter C_HAS_AXI_ID bound to: 0 - type: integer 
	Parameter C_AXI_ID_WIDTH bound to: 4 - type: integer 
	Parameter C_MEM_TYPE bound to: 1 - type: integer 
	Parameter C_BYTE_SIZE bound to: 8 - type: integer 
	Parameter C_ALGORITHM bound to: 1 - type: integer 
	Parameter C_PRIM_TYPE bound to: 1 - type: integer 
	Parameter C_LOAD_INIT_FILE bound to: 0 - type: integer 
	Parameter C_INIT_FILE_NAME bound to: no_coe_file_loaded - type: string 
	Parameter C_INIT_FILE bound to: yolo_wbuf_bmg.mem - type: string 
	Parameter C_USE_DEFAULT_DATA bound to: 0 - type: integer 
	Parameter C_DEFAULT_DATA bound to: 0 - type: string 
	Parameter C_HAS_RSTA bound to: 0 - type: integer 
	Parameter C_RST_PRIORITY_A bound to: CE - type: string 
	Parameter C_RSTRAM_A bound to: 0 - type: integer 
	Parameter C_INITA_VAL bound to: 0 - type: string 
	Parameter C_HAS_ENA bound to: 0 - type: integer 
	Parameter C_HAS_REGCEA bound to: 0 - type: integer 
	Parameter C_USE_BYTE_WEA bound to: 1 - type: integer 
	Parameter C_WEA_WIDTH bound to: 128 - type: integer 
	Parameter C_WRITE_MODE_A bound to: READ_FIRST - type: string 
	Parameter C_WRITE_WIDTH_A bound to: 1024 - type: integer 
	Parameter C_READ_WIDTH_A bound to: 1024 - type: integer 
	Parameter C_WRITE_DEPTH_A bound to: 288 - type: integer 
	Parameter C_READ_DEPTH_A bound to: 288 - type: integer 
	Parameter C_ADDRA_WIDTH bound to: 9 - type: integer 
	Parameter C_HAS_RSTB bound to: 0 - type: integer 
	Parameter C_RST_PRIORITY_B bound to: CE - type: string 
	Parameter C_RSTRAM_B bound to: 0 - type: integer 
	Parameter C_INITB_VAL bound to: 0 - type: string 
	Parameter C_HAS_ENB bound to: 1 - type: integer 
	Parameter C_HAS_REGCEB bound to: 0 - type: integer 
	Parameter C_USE_BYTE_WEB bound to: 1 - type: integer 
	Parameter C_WEB_WIDTH bound to: 128 - type: integer 
	Parameter C_WRITE_MODE_B bound to: WRITE_FIRST - type: string 
	Parameter C_WRITE_WIDTH_B bound to: 1024 - type: integer 
	Parameter C_READ_WIDTH_B bound to: 1024 - type: integer 
	Parameter C_WRITE_DEPTH_B bound to: 288 - type: integer 
	Parameter C_READ_DEPTH_B bound to: 288 - type: integer 
	Parameter C_ADDRB_WIDTH bound to: 9 - type: integer 
	Parameter C_HAS_MEM_OUTPUT_REGS_A bound to: 0 - type: integer 
	Parameter C_HAS_MEM_OUTPUT_REGS_B bound to: 0 - type: integer 
	Parameter C_HAS_MUX_OUTPUT_REGS_A bound to: 0 - type: integer 
	Parameter C_HAS_MUX_OUTPUT_REGS_B bound to: 0 - type: integer 
	Parameter C_MUX_PIPELINE_STAGES bound to: 0 - type: integer 
	Parameter C_HAS_SOFTECC_INPUT_REGS_A bound to: 0 - type: integer 
	Parameter C_HAS_SOFTECC_OUTPUT_REGS_B bound to: 0 - type: integer 
	Parameter C_USE_SOFTECC bound to: 0 - type: integer 
	Parameter C_USE_ECC bound to: 0 - type: integer 
	Parameter C_EN_ECC_PIPE bound to: 0 - type: integer 
	Parameter C_READ_LATENCY_A bound to: 1 - type: integer 
	Parameter C_READ_LATENCY_B bound to: 1 - type: integer 
	Parameter C_HAS_INJECTERR bound to: 0 - type: integer 
	Parameter C_SIM_COLLISION_CHECK bound to: ALL - type: string 
	Parameter C_COMMON_CLK bound to: 0 - type: integer 
	Parameter C_DISABLE_WARN_BHV_COLL bound to: 0 - type: integer 
	Parameter C_EN_SLEEP_PIN bound to: 0 - type: integer 
	Parameter C_USE_URAM bound to: 0 - type: integer 
	Parameter C_EN_RDADDRA_CHG bound to: 0 - type: integer 
	Parameter C_EN_RDADDRB_CHG bound to: 0 - type: integer 
	Parameter C_EN_DEEPSLEEP_PIN bound to: 0 - type: integer 
	Parameter C_EN_SHUTDOWN_PIN bound to: 0 - type: integer 
	Parameter C_EN_SAFETY_CKT bound to: 0 - type: integer 
	Parameter C_DISABLE_WARN_BHV_RANGE bound to: 0 - type: integer 
	Parameter C_COUNT_36K_BRAM bound to: 16 - type: string 
	Parameter C_COUNT_18K_BRAM bound to: 0 - type: string 
	Parameter C_EST_POWER_SUMMARY bound to: Estimated Power for IP     :     117.7028 mW - type: string 
INFO: [Synth 8-3491] module 'blk_mem_gen_v8_4_12' declared at 'e:/competition/2_fpga/3_yolo_zynq/ip/yolo_wbuf_bmg/hdl/blk_mem_gen_v8_4_vhsyn_rfs.vhd:195209' bound to instance 'U0' of component 'blk_mem_gen_v8_4_12' [e:/competition/2_fpga/3_yolo_zynq/ip/yolo_wbuf_bmg/synth/yolo_wbuf_bmg.vhd:244]
INFO: [Synth 8-256] done synthesizing module 'yolo_wbuf_bmg' (0#1) [e:/competition/2_fpga/3_yolo_zynq/ip/yolo_wbuf_bmg/synth/yolo_wbuf_bmg.vhd:72]
INFO: [Synth 8-7129] Port CLKB in module blk_mem_output_block is either unconnected or has no load
INFO: [Synth 8-7129] Port DOUTA_I[1023] in module blk_mem_output_block is either unconnected or has no load
INFO: [Synth 8-7129] Port DOUTA_I[1022] in module blk_mem_output_block is either unconnected or has no load
INFO: [Synth 8-7129] Port DOUTA_I[1021] in module blk_mem_output_block is either unconnected or has no load
INFO: [Synth 8-7129] Port DOUTA_I[1020] in module blk_mem_output_block is either unconnected or has no load
INFO: [Synth 8-7129] Port DOUTA_I[1019] in module blk_mem_output_block is either unconnected or has no load
INFO: [Synth 8-7129] Port DOUTA_I[1018] in module blk_mem_output_block is either unconnected or has no load
INFO: [Synth 8-7129] Port DOUTA_I[1017] in module blk_mem_output_block is either unconnected or has no load
INFO: [Synth 8-7129] Port DOUTA_I[1016] in module blk_mem_output_block is either unconnected or has no load
INFO: [Synth 8-7129] Port DOUTA_I[1015] in module blk_mem_output_block is either unconnected or has no load
INFO: [Synth 8-7129] Port DOUTA_I[1014] in module blk_mem_output_block is either unconnected or has no load
INFO: [Synth 8-7129] Port DOUTA_I[1013] in module blk_mem_output_block is either unconnected or has no load
INFO: [Synth 8-7129] Port DOUTA_I[1012] in module blk_mem_output_block is either unconnected or has no load
INFO: [Synth 8-7129] Port DOUTA_I[1011] in module blk_mem_output_block is either unconnected or has no load
INFO: [Synth 8-7129] Port DOUTA_I[1010] in module blk_mem_output_block is either unconnected or has no load
INFO: [Synth 8-7129] Port DOUTA_I[1009] in module blk_mem_output_block is either unconnected or has no load
INFO: [Synth 8-7129] Port DOUTA_I[1008] in module blk_mem_output_block is either unconnected or has no load
INFO: [Synth 8-7129] Port DOUTA_I[1007] in module blk_mem_output_block is either unconnected or has no load
INFO: [Synth 8-7129] Port DOUTA_I[1006] in module blk_mem_output_block is either unconnected or has no load
INFO: [Synth 8-7129] Port DOUTA_I[1005] in module blk_mem_output_block is either unconnected or has no load
INFO: [Synth 8-7129] Port DOUTA_I[1004] in module blk_mem_output_block is either unconnected or has no load
INFO: [Synth 8-7129] Port DOUTA_I[1003] in module blk_mem_output_block is either unconnected or has no load
INFO: [Synth 8-7129] Port DOUTA_I[1002] in module blk_mem_output_block is either unconnected or has no load
INFO: [Synth 8-7129] Port DOUTA_I[1001] in module blk_mem_output_block is either unconnected or has no load
INFO: [Synth 8-7129] Port DOUTA_I[1000] in module blk_mem_output_block is either unconnected or has no load
INFO: [Synth 8-7129] Port DOUTA_I[999] in module blk_mem_output_block is either unconnected or has no load
INFO: [Synth 8-7129] Port DOUTA_I[998] in module blk_mem_output_block is either unconnected or has no load
INFO: [Synth 8-7129] Port DOUTA_I[997] in module blk_mem_output_block is either unconnected or has no load
INFO: [Synth 8-7129] Port DOUTA_I[996] in module blk_mem_output_block is either unconnected or has no load
INFO: [Synth 8-7129] Port DOUTA_I[995] in module blk_mem_output_block is either unconnected or has no load
INFO: [Synth 8-7129] Port DOUTA_I[994] in module blk_mem_output_block is either unconnected or has no load
INFO: [Synth 8-7129] Port DOUTA_I[993] in module blk_mem_output_block is either unconnected or has no load
INFO: [Synth 8-7129] Port DOUTA_I[992] in module blk_mem_output_block is either unconnected or has no load
INFO: [Synth 8-7129] Port DOUTA_I[991] in module blk_mem_output_block is either unconnected or has no load
INFO: [Synth 8-7129] Port DOUTA_I[990] in module blk_mem_output_block is either unconnected or has no load
INFO: [Synth 8-7129] Port DOUTA_I[989] in module blk_mem_output_block is either unconnected or has no load
INFO: [Synth 8-7129] Port DOUTA_I[988] in module blk_mem_output_block is either unconnected or has no load
INFO: [Synth 8-7129] Port DOUTA_I[987] in module blk_mem_output_block is either unconnected or has no load
INFO: [Synth 8-7129] Port DOUTA_I[986] in module blk_mem_output_block is either unconnected or has no load
INFO: [Synth 8-7129] Port DOUTA_I[985] in module blk_mem_output_block is either unconnected or has no load
INFO: [Synth 8-7129] Port DOUTA_I[984] in module blk_mem_output_block is either unconnected or has no load
INFO: [Synth 8-7129] Port DOUTA_I[983] in module blk_mem_output_block is either unconnected or has no load
INFO: [Synth 8-7129] Port DOUTA_I[982] in module blk_mem_output_block is either unconnected or has no load
INFO: [Synth 8-7129] Port DOUTA_I[981] in module blk_mem_output_block is either unconnected or has no load
INFO: [Synth 8-7129] Port DOUTA_I[980] in module blk_mem_output_block is either unconnected or has no load
INFO: [Synth 8-7129] Port DOUTA_I[979] in module blk_mem_output_block is either unconnected or has no load
INFO: [Synth 8-7129] Port DOUTA_I[978] in module blk_mem_output_block is either unconnected or has no load
INFO: [Synth 8-7129] Port DOUTA_I[977] in module blk_mem_output_block is either unconnected or has no load
INFO: [Synth 8-7129] Port DOUTA_I[976] in module blk_mem_output_block is either unconnected or has no load
INFO: [Synth 8-7129] Port DOUTA_I[975] in module blk_mem_output_block is either unconnected or has no load
INFO: [Synth 8-7129] Port DOUTA_I[974] in module blk_mem_output_block is either unconnected or has no load
INFO: [Synth 8-7129] Port DOUTA_I[973] in module blk_mem_output_block is either unconnected or has no load
INFO: [Synth 8-7129] Port DOUTA_I[972] in module blk_mem_output_block is either unconnected or has no load
INFO: [Synth 8-7129] Port DOUTA_I[971] in module blk_mem_output_block is either unconnected or has no load
INFO: [Synth 8-7129] Port DOUTA_I[970] in module blk_mem_output_block is either unconnected or has no load
INFO: [Synth 8-7129] Port DOUTA_I[969] in module blk_mem_output_block is either unconnected or has no load
INFO: [Synth 8-7129] Port DOUTA_I[968] in module blk_mem_output_block is either unconnected or has no load
INFO: [Synth 8-7129] Port DOUTA_I[967] in module blk_mem_output_block is either unconnected or has no load
INFO: [Synth 8-7129] Port DOUTA_I[966] in module blk_mem_output_block is either unconnected or has no load
INFO: [Synth 8-7129] Port DOUTA_I[965] in module blk_mem_output_block is either unconnected or has no load
INFO: [Synth 8-7129] Port DOUTA_I[964] in module blk_mem_output_block is either unconnected or has no load
INFO: [Synth 8-7129] Port DOUTA_I[963] in module blk_mem_output_block is either unconnected or has no load
INFO: [Synth 8-7129] Port DOUTA_I[962] in module blk_mem_output_block is either unconnected or has no load
INFO: [Synth 8-7129] Port DOUTA_I[961] in module blk_mem_output_block is either unconnected or has no load
INFO: [Synth 8-7129] Port DOUTA_I[960] in module blk_mem_output_block is either unconnected or has no load
INFO: [Synth 8-7129] Port DOUTA_I[959] in module blk_mem_output_block is either unconnected or has no load
INFO: [Synth 8-7129] Port DOUTA_I[958] in module blk_mem_output_block is either unconnected or has no load
INFO: [Synth 8-7129] Port DOUTA_I[957] in module blk_mem_output_block is either unconnected or has no load
INFO: [Synth 8-7129] Port DOUTA_I[956] in module blk_mem_output_block is either unconnected or has no load
INFO: [Synth 8-7129] Port DOUTA_I[955] in module blk_mem_output_block is either unconnected or has no load
INFO: [Synth 8-7129] Port DOUTA_I[954] in module blk_mem_output_block is either unconnected or has no load
INFO: [Synth 8-7129] Port DOUTA_I[953] in module blk_mem_output_block is either unconnected or has no load
INFO: [Synth 8-7129] Port DOUTA_I[952] in module blk_mem_output_block is either unconnected or has no load
INFO: [Synth 8-7129] Port DOUTA_I[951] in module blk_mem_output_block is either unconnected or has no load
INFO: [Synth 8-7129] Port DOUTA_I[950] in module blk_mem_output_block is either unconnected or has no load
INFO: [Synth 8-7129] Port DOUTA_I[949] in module blk_mem_output_block is either unconnected or has no load
INFO: [Synth 8-7129] Port DOUTA_I[948] in module blk_mem_output_block is either unconnected or has no load
INFO: [Synth 8-7129] Port DOUTA_I[947] in module blk_mem_output_block is either unconnected or has no load
INFO: [Synth 8-7129] Port DOUTA_I[946] in module blk_mem_output_block is either unconnected or has no load
INFO: [Synth 8-7129] Port DOUTA_I[945] in module blk_mem_output_block is either unconnected or has no load
INFO: [Synth 8-7129] Port DOUTA_I[944] in module blk_mem_output_block is either unconnected or has no load
INFO: [Synth 8-7129] Port DOUTA_I[943] in module blk_mem_output_block is either unconnected or has no load
INFO: [Synth 8-7129] Port DOUTA_I[942] in module blk_mem_output_block is either unconnected or has no load
INFO: [Synth 8-7129] Port DOUTA_I[941] in module blk_mem_output_block is either unconnected or has no load
INFO: [Synth 8-7129] Port DOUTA_I[940] in module blk_mem_output_block is either unconnected or has no load
INFO: [Synth 8-7129] Port DOUTA_I[939] in module blk_mem_output_block is either unconnected or has no load
INFO: [Synth 8-7129] Port DOUTA_I[938] in module blk_mem_output_block is either unconnected or has no load
INFO: [Synth 8-7129] Port DOUTA_I[937] in module blk_mem_output_block is either unconnected or has no load
INFO: [Synth 8-7129] Port DOUTA_I[936] in module blk_mem_output_block is either unconnected or has no load
INFO: [Synth 8-7129] Port DOUTA_I[935] in module blk_mem_output_block is either unconnected or has no load
INFO: [Synth 8-7129] Port DOUTA_I[934] in module blk_mem_output_block is either unconnected or has no load
INFO: [Synth 8-7129] Port DOUTA_I[933] in module blk_mem_output_block is either unconnected or has no load
INFO: [Synth 8-7129] Port DOUTA_I[932] in module blk_mem_output_block is either unconnected or has no load
INFO: [Synth 8-7129] Port DOUTA_I[931] in module blk_mem_output_block is either unconnected or has no load
INFO: [Synth 8-7129] Port DOUTA_I[930] in module blk_mem_output_block is either unconnected or has no load
INFO: [Synth 8-7129] Port DOUTA_I[929] in module blk_mem_output_block is either unconnected or has no load
INFO: [Synth 8-7129] Port DOUTA_I[928] in module blk_mem_output_block is either unconnected or has no load
INFO: [Synth 8-7129] Port DOUTA_I[927] in module blk_mem_output_block is either unconnected or has no load
INFO: [Synth 8-7129] Port DOUTA_I[926] in module blk_mem_output_block is either unconnected or has no load
INFO: [Synth 8-7129] Port DOUTA_I[925] in module blk_mem_output_block is either unconnected or has no load
INFO: [Common 17-14] Message 'Synth 8-7129' appears 100 times and further instances of the messages will be disabled. Use the Tcl command set_msg_config to change the current settings.
---------------------------------------------------------------------------------
Finished RTL Elaboration : Time (s): cpu = 00:00:12 ; elapsed = 00:00:13 . Memory (MB): peak = 1759.238 ; gain = 953.453
---------------------------------------------------------------------------------
---------------------------------------------------------------------------------
Start Handling Custom Attributes
---------------------------------------------------------------------------------
---------------------------------------------------------------------------------
Finished Handling Custom Attributes : Time (s): cpu = 00:00:12 ; elapsed = 00:00:13 . Memory (MB): peak = 1759.238 ; gain = 953.453
---------------------------------------------------------------------------------
---------------------------------------------------------------------------------
Finished RTL Optimization Phase 1 : Time (s): cpu = 00:00:12 ; elapsed = 00:00:13 . Memory (MB): peak = 1759.238 ; gain = 953.453
---------------------------------------------------------------------------------
Netlist sorting complete. Time (s): cpu = 00:00:00 ; elapsed = 00:00:00.085 . Memory (MB): peak = 1759.238 ; gain = 0.000
INFO: [Netlist 29-17] Analyzing 16 Unisim elements for replacement
INFO: [Netlist 29-28] Unisim Transformation completed in 0 CPU seconds
INFO: [Project 1-570] Preparing netlist for logic optimization

Processing XDC Constraints
Initializing timing engine
Parsing XDC File [e:/competition/2_fpga/3_yolo_zynq/ip/yolo_wbuf_bmg/yolo_wbuf_bmg_ooc.xdc] for cell 'U0'
Finished Parsing XDC File [e:/competition/2_fpga/3_yolo_zynq/ip/yolo_wbuf_bmg/yolo_wbuf_bmg_ooc.xdc] for cell 'U0'
Completed Processing XDC Constraints

Netlist sorting complete. Time (s): cpu = 00:00:00 ; elapsed = 00:00:00 . Memory (MB): peak = 1759.238 ; gain = 0.000
INFO: [Project 1-111] Unisim Transformation Summary:
No Unisim elements were transformed.

Constraint Validation Runtime : Time (s): cpu = 00:00:00 ; elapsed = 00:00:00.076 . Memory (MB): peak = 1759.238 ; gain = 0.000
---------------------------------------------------------------------------------
Finished Constraint Validation : Time (s): cpu = 00:00:19 ; elapsed = 00:00:19 . Memory (MB): peak = 1759.238 ; gain = 953.453
---------------------------------------------------------------------------------
---------------------------------------------------------------------------------
Start Loading Part and Timing Information
---------------------------------------------------------------------------------
Loading part: xc7z020clg484-1
---------------------------------------------------------------------------------
Finished Loading Part and Timing Information : Time (s): cpu = 00:00:19 ; elapsed = 00:00:19 . Memory (MB): peak = 1759.238 ; gain = 953.453
---------------------------------------------------------------------------------
---------------------------------------------------------------------------------
Start Applying 'set_property' XDC Constraints
---------------------------------------------------------------------------------
---------------------------------------------------------------------------------
Finished applying 'set_property' XDC Constraints : Time (s): cpu = 00:00:19 ; elapsed = 00:00:19 . Memory (MB): peak = 1759.238 ; gain = 953.453
---------------------------------------------------------------------------------
---------------------------------------------------------------------------------
Finished RTL Optimization Phase 2 : Time (s): cpu = 00:00:19 ; elapsed = 00:00:20 . Memory (MB): peak = 1759.238 ; gain = 953.453
---------------------------------------------------------------------------------
---------------------------------------------------------------------------------
Start RTL Component Statistics 
---------------------------------------------------------------------------------
---------------------------------------------------------------------------------
Finished RTL Component Statistics 
---------------------------------------------------------------------------------
---------------------------------------------------------------------------------
Start Part Resource Summary
---------------------------------------------------------------------------------
Part Resources:
DSPs: 220 (col length:60)
BRAMs: 280 (col length: RAMB18 60 RAMB36 30)
---------------------------------------------------------------------------------
Finished Part Resource Summary
---------------------------------------------------------------------------------
---------------------------------------------------------------------------------
Start Cross Boundary and Area Optimization
---------------------------------------------------------------------------------
---------------------------------------------------------------------------------
Finished Cross Boundary and Area Optimization : Time (s): cpu = 00:00:20 ; elapsed = 00:00:21 . Memory (MB): peak = 1759.238 ; gain = 953.453
---------------------------------------------------------------------------------
---------------------------------------------------------------------------------
Start Applying XDC Timing Constraints
---------------------------------------------------------------------------------
---------------------------------------------------------------------------------
Finished Applying XDC Timing Constraints : Time (s): cpu = 00:00:24 ; elapsed = 00:00:24 . Memory (MB): peak = 1759.238 ; gain = 953.453
---------------------------------------------------------------------------------
---------------------------------------------------------------------------------
Start Timing Optimization
---------------------------------------------------------------------------------
---------------------------------------------------------------------------------
Finished Timing Optimization : Time (s): cpu = 00:00:24 ; elapsed = 00:00:24 . Memory (MB): peak = 1759.238 ; gain = 953.453
---------------------------------------------------------------------------------
---------------------------------------------------------------------------------
Start Technology Mapping
---------------------------------------------------------------------------------
---------------------------------------------------------------------------------
Finished Technology Mapping : Time (s): cpu = 00:00:24 ; elapsed = 00:00:25 . Memory (MB): peak = 1759.238 ; gain = 953.453
---------------------------------------------------------------------------------
---------------------------------------------------------------------------------
Start IO Insertion
---------------------------------------------------------------------------------
---------------------------------------------------------------------------------
Start Flattening Before IO Insertion
---------------------------------------------------------------------------------
---------------------------------------------------------------------------------
Finished Flattening Before IO Insertion
---------------------------------------------------------------------------------
---------------------------------------------------------------------------------
Start Final Netlist Cleanup
---------------------------------------------------------------------------------
---------------------------------------------------------------------------------
Finished Final Netlist Cleanup
---------------------------------------------------------------------------------
---------------------------------------------------------------------------------
Finished IO Insertion : Time (s): cpu = 00:00:27 ; elapsed = 00:00:28 . Memory (MB): peak = 1968.164 ; gain = 1162.379
---------------------------------------------------------------------------------
---------------------------------------------------------------------------------
Start Renaming Generated Instances
---------------------------------------------------------------------------------
---------------------------------------------------------------------------------
Finished Renaming Generated Instances : Time (s): cpu = 00:00:27 ; elapsed = 00:00:28 . Memory (MB): peak = 1968.164 ; gain = 1162.379
---------------------------------------------------------------------------------
---------------------------------------------------------------------------------
Start Rebuilding User Hierarchy
---------------------------------------------------------------------------------
---------------------------------------------------------------------------------
Finished Rebuilding User Hierarchy : Time (s): cpu = 00:00:27 ; elapsed = 00:00:28 . Memory (MB): peak = 1968.164 ; gain = 1162.379
---------------------------------------------------------------------------------
---------------------------------------------------------------------------------
Start Renaming Generated Ports
---------------------------------------------------------------------------------
---------------------------------------------------------------------------------
Finished Renaming Generated Ports : Time (s): cpu = 00:00:27 ; elapsed = 00:00:28 . Memory (MB): peak = 1968.164 ; gain = 1162.379
---------------------------------------------------------------------------------
---------------------------------------------------------------------------------
Start Handling Custom Attributes
---------------------------------------------------------------------------------
---------------------------------------------------------------------------------
Finished Handling Custom Attributes : Time (s): cpu = 00:00:27 ; elapsed = 00:00:28 . Memory (MB): peak = 1968.164 ; gain = 1162.379
---------------------------------------------------------------------------------
---------------------------------------------------------------------------------
Start Renaming Generated Nets
---------------------------------------------------------------------------------
---------------------------------------------------------------------------------
Finished Renaming Generated Nets : Time (s): cpu = 00:00:27 ; elapsed = 00:00:28 . Memory (MB): peak = 1968.164 ; gain = 1162.379
---------------------------------------------------------------------------------
---------------------------------------------------------------------------------
Start Writing Synthesis Report
---------------------------------------------------------------------------------

Report BlackBoxes: 
+-+--------------+----------+
| |BlackBox name |Instances |
+-+--------------+----------+
+-+--------------+----------+

Report Cell Usage: 
+------+---------+------+
|      |Cell     |Count |
+------+---------+------+
|1     |LUT3     |     1|
|2     |LUT6     |    25|
|3     |RAMB36E1 |    16|
+------+---------+------+
---------------------------------------------------------------------------------
Finished Writing Synthesis Report : Time (s): cpu = 00:00:27 ; elapsed = 00:00:28 . Memory (MB): peak = 1968.164 ; gain = 1162.379
---------------------------------------------------------------------------------
Synthesis finished with 0 errors, 0 critical warnings and 0 warnings.
Synthesis Optimization Runtime : Time (s): cpu = 00:00:12 ; elapsed = 00:00:26 . Memory (MB): peak = 1968.164 ; gain = 1162.379
Synthesis Optimization Complete : Time (s): cpu = 00:00:27 ; elapsed = 00:00:28 . Memory (MB): peak = 1968.164 ; gain = 1162.379
INFO: [Project 1-571] Translating synthesized netlist
Netlist sorting complete. Time (s): cpu = 00:00:00 ; elapsed = 00:00:00.052 . Memory (MB): peak = 1968.164 ; gain = 0.000
INFO: [Netlist 29-17] Analyzing 16 Unisim elements for replacement
INFO: [Netlist 29-28] Unisim Transformation completed in 0 CPU seconds
INFO: [Project 1-570] Preparing netlist for logic optimization
Parsing XDC File [e:/competition/2_fpga/3_yolo_zynq/ip/yolo_wbuf_bmg/yolo_wbuf_bmg_ooc.xdc] for cell 'U0'
INFO: [Vivado 12-4761] HD.CLK_SRC property is set on port clka. The net connecting to the port drives either clock PIN or hierarchical black box. Use the create_clock constraint to create a clock on this port prior to setting HD.CLK_SRC.  [e:/competition/2_fpga/3_yolo_zynq/ip/yolo_wbuf_bmg/yolo_wbuf_bmg_ooc.xdc:54]
INFO: [Vivado 12-4761] HD.CLK_SRC property is set on port clkb. The net connecting to the port drives either clock PIN or hierarchical black box. Use the create_clock constraint to create a clock on this port prior to setting HD.CLK_SRC.  [e:/competition/2_fpga/3_yolo_zynq/ip/yolo_wbuf_bmg/yolo_wbuf_bmg_ooc.xdc:57]
Finished Parsing XDC File [e:/competition/2_fpga/3_yolo_zynq/ip/yolo_wbuf_bmg/yolo_wbuf_bmg_ooc.xdc] for cell 'U0'
INFO: [Opt 31-138] Pushed 0 inverter(s) to 0 load pin(s).
Netlist sorting complete. Time (s): cpu = 00:00:00 ; elapsed = 00:00:00 . Memory (MB): peak = 1981.910 ; gain = 0.000
INFO: [Project 1-111] Unisim Transformation Summary:
No Unisim elements were transformed.

Synth Design complete | Checksum: 91f06a3a
INFO: [Common 17-83] Releasing license: Synthesis
125 Infos, 1 Warnings, 0 Critical Warnings and 0 Errors encountered.
synth_design completed successfully
synth_design: Time (s): cpu = 00:00:30 ; elapsed = 00:00:32 . Memory (MB): peak = 1981.910 ; gain = 1413.301
INFO: [Coretcl 2-1174] Renamed 37 cell refs.
INFO: [Timing 38-480] Writing timing data to binary archive.
INFO: [Common 17-1381] The checkpoint 'e:/competition/2_fpga/3_yolo_zynq/ip/yolo_wbuf_bmg/yolo_wbuf_bmg.dcp' has been generated.
INFO: [Vivado 12-3441] generate_netlist_ip - operation complete
synth_ip: Time (s): cpu = 00:00:31 ; elapsed = 00:00:33 . Memory (MB): peak = 1981.910 ; gain = 1422.250
# read_ip $IPD/yolo_xbuf_bmg/yolo_xbuf_bmg.xci
WARNING: [Vivado 12-13650] The IP file 'E:/competition/2_fpga/3_yolo_zynq/ip/yolo_xbuf_bmg/yolo_xbuf_bmg.xci' has been moved from its original location, as a result the outputs for this IP will now be generated in 'e:/competition/2_fpga/3_yolo_zynq/ip/yolo_xbuf_bmg'. Alternatively a copy of the IP can be imported into the project using one of the 'import_ip' or 'import_files' commands.
# generate_target all [get_ips yolo_xbuf_bmg]
# synth_ip [get_ips yolo_xbuf_bmg] -force
INFO: [IP_Flow 19-1686] Generating 'Instantiation Template' target for IP 'yolo_xbuf_bmg'...
INFO: [IP_Flow 19-1686] Generating 'Synthesis' target for IP 'yolo_xbuf_bmg'...
INFO: [IP_Flow 19-1686] Generating 'Simulation' target for IP 'yolo_xbuf_bmg'...
INFO: [IP_Flow 19-1686] Generating 'Miscellaneous' target for IP 'yolo_xbuf_bmg'...
INFO: [IP_Flow 19-1686] Generating 'Change Log' target for IP 'yolo_xbuf_bmg'...
INFO: [IP_Flow 19-234] Refreshing IP repositories
INFO: [IP_Flow 19-1704] No user IP repositories specified
INFO: [IP_Flow 19-2313] Loaded Vivado IP repository 'F:/vivado2025/2025.2/Vivado/data/ip'.
WARNING: [Vivado 12-13650] The IP file 'E:/competition/2_fpga/3_yolo_zynq/ip/yolo_xbuf_bmg/yolo_xbuf_bmg.xci' has been moved from its original location, as a result the outputs for this IP will now be generated in 'e:/competition/2_fpga/3_yolo_zynq/ip/yolo_xbuf_bmg'. Alternatively a copy of the IP can be imported into the project using one of the 'import_ip' or 'import_files' commands.
Command: synth_design -top yolo_xbuf_bmg -part xc7z020clg484-1 -mode out_of_context
Starting synth_design
Attempting to get a license for feature 'Synthesis' and/or device 'xc7z020'
INFO: [Common 17-349] Got license for feature 'Synthesis' and/or device 'xc7z020'
INFO: [Synth 8-7079] Multithreading enabled for synth_design using a maximum of 2 processes.
---------------------------------------------------------------------------------
Starting RTL Elaboration : Time (s): cpu = 00:00:05 ; elapsed = 00:00:05 . Memory (MB): peak = 1981.910 ; gain = 0.000
---------------------------------------------------------------------------------
INFO: [Synth 8-638] synthesizing module 'yolo_xbuf_bmg' [e:/competition/2_fpga/3_yolo_zynq/ip/yolo_xbuf_bmg/synth/yolo_xbuf_bmg.vhd:72]
	Parameter C_FAMILY bound to: zynq - type: string 
	Parameter C_XDEVICEFAMILY bound to: zynq - type: string 
	Parameter C_ELABORATION_DIR bound to: ./ - type: string 
	Parameter C_INTERFACE_TYPE bound to: 0 - type: integer 
	Parameter C_AXI_TYPE bound to: 1 - type: integer 
	Parameter C_AXI_SLAVE_TYPE bound to: 0 - type: integer 
	Parameter C_USE_BRAM_BLOCK bound to: 0 - type: integer 
	Parameter C_ENABLE_32BIT_ADDRESS bound to: 0 - type: integer 
	Parameter C_CTRL_ECC_ALGO bound to: NONE - type: string 
	Parameter C_HAS_AXI_ID bound to: 0 - type: integer 
	Parameter C_AXI_ID_WIDTH bound to: 4 - type: integer 
	Parameter C_MEM_TYPE bound to: 1 - type: integer 
	Parameter C_BYTE_SIZE bound to: 8 - type: integer 
	Parameter C_ALGORITHM bound to: 1 - type: integer 
	Parameter C_PRIM_TYPE bound to: 1 - type: integer 
	Parameter C_LOAD_INIT_FILE bound to: 0 - type: integer 
	Parameter C_INIT_FILE_NAME bound to: no_coe_file_loaded - type: string 
	Parameter C_INIT_FILE bound to: yolo_xbuf_bmg.mem - type: string 
	Parameter C_USE_DEFAULT_DATA bound to: 0 - type: integer 
	Parameter C_DEFAULT_DATA bound to: 0 - type: string 
	Parameter C_HAS_RSTA bound to: 0 - type: integer 
	Parameter C_RST_PRIORITY_A bound to: CE - type: string 
	Parameter C_RSTRAM_A bound to: 0 - type: integer 
	Parameter C_INITA_VAL bound to: 0 - type: string 
	Parameter C_HAS_ENA bound to: 0 - type: integer 
	Parameter C_HAS_REGCEA bound to: 0 - type: integer 
	Parameter C_USE_BYTE_WEA bound to: 1 - type: integer 
	Parameter C_WEA_WIDTH bound to: 16 - type: integer 
	Parameter C_WRITE_MODE_A bound to: READ_FIRST - type: string 
	Parameter C_WRITE_WIDTH_A bound to: 128 - type: integer 
	Parameter C_READ_WIDTH_A bound to: 128 - type: integer 
	Parameter C_WRITE_DEPTH_A bound to: 2304 - type: integer 
	Parameter C_READ_DEPTH_A bound to: 2304 - type: integer 
	Parameter C_ADDRA_WIDTH bound to: 12 - type: integer 
	Parameter C_HAS_RSTB bound to: 0 - type: integer 
	Parameter C_RST_PRIORITY_B bound to: CE - type: string 
	Parameter C_RSTRAM_B bound to: 0 - type: integer 
	Parameter C_INITB_VAL bound to: 0 - type: string 
	Parameter C_HAS_ENB bound to: 1 - type: integer 
	Parameter C_HAS_REGCEB bound to: 0 - type: integer 
	Parameter C_USE_BYTE_WEB bound to: 1 - type: integer 
	Parameter C_WEB_WIDTH bound to: 16 - type: integer 
	Parameter C_WRITE_MODE_B bound to: WRITE_FIRST - type: string 
	Parameter C_WRITE_WIDTH_B bound to: 128 - type: integer 
	Parameter C_READ_WIDTH_B bound to: 128 - type: integer 
	Parameter C_WRITE_DEPTH_B bound to: 2304 - type: integer 
	Parameter C_READ_DEPTH_B bound to: 2304 - type: integer 
	Parameter C_ADDRB_WIDTH bound to: 12 - type: integer 
	Parameter C_HAS_MEM_OUTPUT_REGS_A bound to: 0 - type: integer 
	Parameter C_HAS_MEM_OUTPUT_REGS_B bound to: 1 - type: integer 
	Parameter C_HAS_MUX_OUTPUT_REGS_A bound to: 0 - type: integer 
	Parameter C_HAS_MUX_OUTPUT_REGS_B bound to: 0 - type: integer 
	Parameter C_MUX_PIPELINE_STAGES bound to: 0 - type: integer 
	Parameter C_HAS_SOFTECC_INPUT_REGS_A bound to: 0 - type: integer 
	Parameter C_HAS_SOFTECC_OUTPUT_REGS_B bound to: 0 - type: integer 
	Parameter C_USE_SOFTECC bound to: 0 - type: integer 
	Parameter C_USE_ECC bound to: 0 - type: integer 
	Parameter C_EN_ECC_PIPE bound to: 0 - type: integer 
	Parameter C_READ_LATENCY_A bound to: 1 - type: integer 
	Parameter C_READ_LATENCY_B bound to: 1 - type: integer 
	Parameter C_HAS_INJECTERR bound to: 0 - type: integer 
	Parameter C_SIM_COLLISION_CHECK bound to: ALL - type: string 
	Parameter C_COMMON_CLK bound to: 0 - type: integer 
	Parameter C_DISABLE_WARN_BHV_COLL bound to: 0 - type: integer 
	Parameter C_EN_SLEEP_PIN bound to: 0 - type: integer 
	Parameter C_USE_URAM bound to: 0 - type: integer 
	Parameter C_EN_RDADDRA_CHG bound to: 0 - type: integer 
	Parameter C_EN_RDADDRB_CHG bound to: 0 - type: integer 
	Parameter C_EN_DEEPSLEEP_PIN bound to: 0 - type: integer 
	Parameter C_EN_SHUTDOWN_PIN bound to: 0 - type: integer 
	Parameter C_EN_SAFETY_CKT bound to: 0 - type: integer 
	Parameter C_DISABLE_WARN_BHV_RANGE bound to: 0 - type: integer 
	Parameter C_COUNT_36K_BRAM bound to: 10 - type: string 
	Parameter C_COUNT_18K_BRAM bound to: 0 - type: string 
	Parameter C_EST_POWER_SUMMARY bound to: Estimated Power for IP     :     39.34036 mW - type: string 
INFO: [Synth 8-3491] module 'blk_mem_gen_v8_4_12' declared at 'e:/competition/2_fpga/3_yolo_zynq/ip/yolo_xbuf_bmg/hdl/blk_mem_gen_v8_4_vhsyn_rfs.vhd:195209' bound to instance 'U0' of component 'blk_mem_gen_v8_4_12' [e:/competition/2_fpga/3_yolo_zynq/ip/yolo_xbuf_bmg/synth/yolo_xbuf_bmg.vhd:244]
INFO: [Synth 8-256] done synthesizing module 'yolo_xbuf_bmg' (0#1) [e:/competition/2_fpga/3_yolo_zynq/ip/yolo_xbuf_bmg/synth/yolo_xbuf_bmg.vhd:72]
INFO: [Synth 8-7129] Port CLKB in module blk_mem_output_block is either unconnected or has no load
INFO: [Synth 8-7129] Port DOUTA_I[127] in module blk_mem_output_block is either unconnected or has no load
INFO: [Synth 8-7129] Port DOUTA_I[126] in module blk_mem_output_block is either unconnected or has no load
INFO: [Synth 8-7129] Port DOUTA_I[125] in module blk_mem_output_block is either unconnected or has no load
INFO: [Synth 8-7129] Port DOUTA_I[124] in module blk_mem_output_block is either unconnected or has no load
INFO: [Synth 8-7129] Port DOUTA_I[123] in module blk_mem_output_block is either unconnected or has no load
INFO: [Synth 8-7129] Port DOUTA_I[122] in module blk_mem_output_block is either unconnected or has no load
INFO: [Synth 8-7129] Port DOUTA_I[121] in module blk_mem_output_block is either unconnected or has no load
INFO: [Synth 8-7129] Port DOUTA_I[120] in module blk_mem_output_block is either unconnected or has no load
INFO: [Synth 8-7129] Port DOUTA_I[119] in module blk_mem_output_block is either unconnected or has no load
INFO: [Synth 8-7129] Port DOUTA_I[118] in module blk_mem_output_block is either unconnected or has no load
INFO: [Synth 8-7129] Port DOUTA_I[117] in module blk_mem_output_block is either unconnected or has no load
INFO: [Synth 8-7129] Port DOUTA_I[116] in module blk_mem_output_block is either unconnected or has no load
INFO: [Synth 8-7129] Port DOUTA_I[115] in module blk_mem_output_block is either unconnected or has no load
INFO: [Synth 8-7129] Port DOUTA_I[114] in module blk_mem_output_block is either unconnected or has no load
INFO: [Synth 8-7129] Port DOUTA_I[113] in module blk_mem_output_block is either unconnected or has no load
INFO: [Synth 8-7129] Port DOUTA_I[112] in module blk_mem_output_block is either unconnected or has no load
INFO: [Synth 8-7129] Port DOUTA_I[111] in module blk_mem_output_block is either unconnected or has no load
INFO: [Synth 8-7129] Port DOUTA_I[110] in module blk_mem_output_block is either unconnected or has no load
INFO: [Synth 8-7129] Port DOUTA_I[109] in module blk_mem_output_block is either unconnected or has no load
INFO: [Synth 8-7129] Port DOUTA_I[108] in module blk_mem_output_block is either unconnected or has no load
INFO: [Synth 8-7129] Port DOUTA_I[107] in module blk_mem_output_block is either unconnected or has no load
INFO: [Synth 8-7129] Port DOUTA_I[106] in module blk_mem_output_block is either unconnected or has no load
INFO: [Synth 8-7129] Port DOUTA_I[105] in module blk_mem_output_block is either unconnected or has no load
INFO: [Synth 8-7129] Port DOUTA_I[104] in module blk_mem_output_block is either unconnected or has no load
INFO: [Synth 8-7129] Port DOUTA_I[103] in module blk_mem_output_block is either unconnected or has no load
INFO: [Synth 8-7129] Port DOUTA_I[102] in module blk_mem_output_block is either unconnected or has no load
INFO: [Synth 8-7129] Port DOUTA_I[101] in module blk_mem_output_block is either unconnected or has no load
INFO: [Synth 8-7129] Port DOUTA_I[100] in module blk_mem_output_block is either unconnected or has no load
INFO: [Synth 8-7129] Port DOUTA_I[99] in module blk_mem_output_block is either unconnected or has no load
INFO: [Synth 8-7129] Port DOUTA_I[98] in module blk_mem_output_block is either unconnected or has no load
INFO: [Synth 8-7129] Port DOUTA_I[97] in module blk_mem_output_block is either unconnected or has no load
INFO: [Synth 8-7129] Port DOUTA_I[96] in module blk_mem_output_block is either unconnected or has no load
INFO: [Synth 8-7129] Port DOUTA_I[95] in module blk_mem_output_block is either unconnected or has no load
INFO: [Synth 8-7129] Port DOUTA_I[94] in module blk_mem_output_block is either unconnected or has no load
INFO: [Synth 8-7129] Port DOUTA_I[93] in module blk_mem_output_block is either unconnected or has no load
INFO: [Synth 8-7129] Port DOUTA_I[92] in module blk_mem_output_block is either unconnected or has no load
INFO: [Synth 8-7129] Port DOUTA_I[91] in module blk_mem_output_block is either unconnected or has no load
INFO: [Synth 8-7129] Port DOUTA_I[90] in module blk_mem_output_block is either unconnected or has no load
INFO: [Synth 8-7129] Port DOUTA_I[89] in module blk_mem_output_block is either unconnected or has no load
INFO: [Synth 8-7129] Port DOUTA_I[88] in module blk_mem_output_block is either unconnected or has no load
INFO: [Synth 8-7129] Port DOUTA_I[87] in module blk_mem_output_block is either unconnected or has no load
INFO: [Synth 8-7129] Port DOUTA_I[86] in module blk_mem_output_block is either unconnected or has no load
INFO: [Synth 8-7129] Port DOUTA_I[85] in module blk_mem_output_block is either unconnected or has no load
INFO: [Synth 8-7129] Port DOUTA_I[84] in module blk_mem_output_block is either unconnected or has no load
INFO: [Synth 8-7129] Port DOUTA_I[83] in module blk_mem_output_block is either unconnected or has no load
INFO: [Synth 8-7129] Port DOUTA_I[82] in module blk_mem_output_block is either unconnected or has no load
INFO: [Synth 8-7129] Port DOUTA_I[81] in module blk_mem_output_block is either unconnected or has no load
INFO: [Synth 8-7129] Port DOUTA_I[80] in module blk_mem_output_block is either unconnected or has no load
INFO: [Synth 8-7129] Port DOUTA_I[79] in module blk_mem_output_block is either unconnected or has no load
INFO: [Synth 8-7129] Port DOUTA_I[78] in module blk_mem_output_block is either unconnected or has no load
INFO: [Synth 8-7129] Port DOUTA_I[77] in module blk_mem_output_block is either unconnected or has no load
INFO: [Synth 8-7129] Port DOUTA_I[76] in module blk_mem_output_block is either unconnected or has no load
INFO: [Synth 8-7129] Port DOUTA_I[75] in module blk_mem_output_block is either unconnected or has no load
INFO: [Synth 8-7129] Port DOUTA_I[74] in module blk_mem_output_block is either unconnected or has no load
INFO: [Synth 8-7129] Port DOUTA_I[73] in module blk_mem_output_block is either unconnected or has no load
INFO: [Synth 8-7129] Port DOUTA_I[72] in module blk_mem_output_block is either unconnected or has no load
INFO: [Synth 8-7129] Port DOUTA_I[71] in module blk_mem_output_block is either unconnected or has no load
INFO: [Synth 8-7129] Port DOUTA_I[70] in module blk_mem_output_block is either unconnected or has no load
INFO: [Synth 8-7129] Port DOUTA_I[69] in module blk_mem_output_block is either unconnected or has no load
INFO: [Synth 8-7129] Port DOUTA_I[68] in module blk_mem_output_block is either unconnected or has no load
INFO: [Synth 8-7129] Port DOUTA_I[67] in module blk_mem_output_block is either unconnected or has no load
INFO: [Synth 8-7129] Port DOUTA_I[66] in module blk_mem_output_block is either unconnected or has no load
INFO: [Synth 8-7129] Port DOUTA_I[65] in module blk_mem_output_block is either unconnected or has no load
INFO: [Synth 8-7129] Port DOUTA_I[64] in module blk_mem_output_block is either unconnected or has no load
INFO: [Synth 8-7129] Port DOUTA_I[63] in module blk_mem_output_block is either unconnected or has no load
INFO: [Synth 8-7129] Port DOUTA_I[62] in module blk_mem_output_block is either unconnected or has no load
INFO: [Synth 8-7129] Port DOUTA_I[61] in module blk_mem_output_block is either unconnected or has no load
INFO: [Synth 8-7129] Port DOUTA_I[60] in module blk_mem_output_block is either unconnected or has no load
INFO: [Synth 8-7129] Port DOUTA_I[59] in module blk_mem_output_block is either unconnected or has no load
INFO: [Synth 8-7129] Port DOUTA_I[58] in module blk_mem_output_block is either unconnected or has no load
INFO: [Synth 8-7129] Port DOUTA_I[57] in module blk_mem_output_block is either unconnected or has no load
INFO: [Synth 8-7129] Port DOUTA_I[56] in module blk_mem_output_block is either unconnected or has no load
INFO: [Synth 8-7129] Port DOUTA_I[55] in module blk_mem_output_block is either unconnected or has no load
INFO: [Synth 8-7129] Port DOUTA_I[54] in module blk_mem_output_block is either unconnected or has no load
INFO: [Synth 8-7129] Port DOUTA_I[53] in module blk_mem_output_block is either unconnected or has no load
INFO: [Synth 8-7129] Port DOUTA_I[52] in module blk_mem_output_block is either unconnected or has no load
INFO: [Synth 8-7129] Port DOUTA_I[51] in module blk_mem_output_block is either unconnected or has no load
INFO: [Synth 8-7129] Port DOUTA_I[50] in module blk_mem_output_block is either unconnected or has no load
INFO: [Synth 8-7129] Port DOUTA_I[49] in module blk_mem_output_block is either unconnected or has no load
INFO: [Synth 8-7129] Port DOUTA_I[48] in module blk_mem_output_block is either unconnected or has no load
INFO: [Synth 8-7129] Port DOUTA_I[47] in module blk_mem_output_block is either unconnected or has no load
INFO: [Synth 8-7129] Port DOUTA_I[46] in module blk_mem_output_block is either unconnected or has no load
INFO: [Synth 8-7129] Port DOUTA_I[45] in module blk_mem_output_block is either unconnected or has no load
INFO: [Synth 8-7129] Port DOUTA_I[44] in module blk_mem_output_block is either unconnected or has no load
INFO: [Synth 8-7129] Port DOUTA_I[43] in module blk_mem_output_block is either unconnected or has no load
INFO: [Synth 8-7129] Port DOUTA_I[42] in module blk_mem_output_block is either unconnected or has no load
INFO: [Synth 8-7129] Port DOUTA_I[41] in module blk_mem_output_block is either unconnected or has no load
INFO: [Synth 8-7129] Port DOUTA_I[40] in module blk_mem_output_block is either unconnected or has no load
INFO: [Synth 8-7129] Port DOUTA_I[39] in module blk_mem_output_block is either unconnected or has no load
INFO: [Synth 8-7129] Port DOUTA_I[38] in module blk_mem_output_block is either unconnected or has no load
INFO: [Synth 8-7129] Port DOUTA_I[37] in module blk_mem_output_block is either unconnected or has no load
INFO: [Synth 8-7129] Port DOUTA_I[36] in module blk_mem_output_block is either unconnected or has no load
INFO: [Synth 8-7129] Port DOUTA_I[35] in module blk_mem_output_block is either unconnected or has no load
INFO: [Synth 8-7129] Port DOUTA_I[34] in module blk_mem_output_block is either unconnected or has no load
INFO: [Synth 8-7129] Port DOUTA_I[33] in module blk_mem_output_block is either unconnected or has no load
INFO: [Synth 8-7129] Port DOUTA_I[32] in module blk_mem_output_block is either unconnected or has no load
INFO: [Synth 8-7129] Port DOUTA_I[31] in module blk_mem_output_block is either unconnected or has no load
INFO: [Synth 8-7129] Port DOUTA_I[30] in module blk_mem_output_block is either unconnected or has no load
INFO: [Synth 8-7129] Port DOUTA_I[29] in module blk_mem_output_block is either unconnected or has no load
INFO: [Common 17-14] Message 'Synth 8-7129' appears 100 times and further instances of the messages will be disabled. Use the Tcl command set_msg_config to change the current settings.
---------------------------------------------------------------------------------
Finished RTL Elaboration : Time (s): cpu = 00:00:11 ; elapsed = 00:00:12 . Memory (MB): peak = 1981.910 ; gain = 0.000
---------------------------------------------------------------------------------
---------------------------------------------------------------------------------
Start Handling Custom Attributes
---------------------------------------------------------------------------------
---------------------------------------------------------------------------------
Finished Handling Custom Attributes : Time (s): cpu = 00:00:12 ; elapsed = 00:00:12 . Memory (MB): peak = 1981.910 ; gain = 0.000
---------------------------------------------------------------------------------
---------------------------------------------------------------------------------
Finished RTL Optimization Phase 1 : Time (s): cpu = 00:00:12 ; elapsed = 00:00:12 . Memory (MB): peak = 1981.910 ; gain = 0.000
---------------------------------------------------------------------------------
Netlist sorting complete. Time (s): cpu = 00:00:00 ; elapsed = 00:00:00.030 . Memory (MB): peak = 1981.910 ; gain = 0.000
INFO: [Netlist 29-17] Analyzing 10 Unisim elements for replacement
INFO: [Netlist 29-28] Unisim Transformation completed in 0 CPU seconds
INFO: [Project 1-570] Preparing netlist for logic optimization

Processing XDC Constraints
Initializing timing engine
Parsing XDC File [e:/competition/2_fpga/3_yolo_zynq/ip/yolo_xbuf_bmg/yolo_xbuf_bmg_ooc.xdc] for cell 'U0'
Finished Parsing XDC File [e:/competition/2_fpga/3_yolo_zynq/ip/yolo_xbuf_bmg/yolo_xbuf_bmg_ooc.xdc] for cell 'U0'
Completed Processing XDC Constraints

Netlist sorting complete. Time (s): cpu = 00:00:00 ; elapsed = 00:00:00 . Memory (MB): peak = 1981.910 ; gain = 0.000
INFO: [Project 1-111] Unisim Transformation Summary:
No Unisim elements were transformed.

Constraint Validation Runtime : Time (s): cpu = 00:00:00 ; elapsed = 00:00:00.025 . Memory (MB): peak = 1981.910 ; gain = 0.000
---------------------------------------------------------------------------------
Finished Constraint Validation : Time (s): cpu = 00:00:17 ; elapsed = 00:00:18 . Memory (MB): peak = 1981.910 ; gain = 0.000
---------------------------------------------------------------------------------
---------------------------------------------------------------------------------
Start Loading Part and Timing Information
---------------------------------------------------------------------------------
Loading part: xc7z020clg484-1
---------------------------------------------------------------------------------
Finished Loading Part and Timing Information : Time (s): cpu = 00:00:17 ; elapsed = 00:00:18 . Memory (MB): peak = 1981.910 ; gain = 0.000
---------------------------------------------------------------------------------
---------------------------------------------------------------------------------
Start Applying 'set_property' XDC Constraints
---------------------------------------------------------------------------------
---------------------------------------------------------------------------------
Finished applying 'set_property' XDC Constraints : Time (s): cpu = 00:00:17 ; elapsed = 00:00:18 . Memory (MB): peak = 1981.910 ; gain = 0.000
---------------------------------------------------------------------------------
---------------------------------------------------------------------------------
Finished RTL Optimization Phase 2 : Time (s): cpu = 00:00:17 ; elapsed = 00:00:18 . Memory (MB): peak = 1981.910 ; gain = 0.000
---------------------------------------------------------------------------------
---------------------------------------------------------------------------------
Start RTL Component Statistics 
---------------------------------------------------------------------------------
---------------------------------------------------------------------------------
Finished RTL Component Statistics 
---------------------------------------------------------------------------------
---------------------------------------------------------------------------------
Start Part Resource Summary
---------------------------------------------------------------------------------
Part Resources:
DSPs: 220 (col length:60)
BRAMs: 280 (col length: RAMB18 60 RAMB36 30)
---------------------------------------------------------------------------------
Finished Part Resource Summary
---------------------------------------------------------------------------------
---------------------------------------------------------------------------------
Start Cross Boundary and Area Optimization
---------------------------------------------------------------------------------
---------------------------------------------------------------------------------
Finished Cross Boundary and Area Optimization : Time (s): cpu = 00:00:18 ; elapsed = 00:00:19 . Memory (MB): peak = 1981.910 ; gain = 0.000
---------------------------------------------------------------------------------
---------------------------------------------------------------------------------
Start Applying XDC Timing Constraints
---------------------------------------------------------------------------------
---------------------------------------------------------------------------------
Finished Applying XDC Timing Constraints : Time (s): cpu = 00:00:22 ; elapsed = 00:00:23 . Memory (MB): peak = 1981.910 ; gain = 0.000
---------------------------------------------------------------------------------
---------------------------------------------------------------------------------
Start Timing Optimization
---------------------------------------------------------------------------------
---------------------------------------------------------------------------------
Finished Timing Optimization : Time (s): cpu = 00:00:22 ; elapsed = 00:00:23 . Memory (MB): peak = 1981.910 ; gain = 0.000
---------------------------------------------------------------------------------
---------------------------------------------------------------------------------
Start Technology Mapping
---------------------------------------------------------------------------------
---------------------------------------------------------------------------------
Finished Technology Mapping : Time (s): cpu = 00:00:22 ; elapsed = 00:00:23 . Memory (MB): peak = 1981.910 ; gain = 0.000
---------------------------------------------------------------------------------
---------------------------------------------------------------------------------
Start IO Insertion
---------------------------------------------------------------------------------
---------------------------------------------------------------------------------
Start Flattening Before IO Insertion
---------------------------------------------------------------------------------
---------------------------------------------------------------------------------
Finished Flattening Before IO Insertion
---------------------------------------------------------------------------------
---------------------------------------------------------------------------------
Start Final Netlist Cleanup
---------------------------------------------------------------------------------
---------------------------------------------------------------------------------
Finished Final Netlist Cleanup
---------------------------------------------------------------------------------
---------------------------------------------------------------------------------
Finished IO Insertion : Time (s): cpu = 00:00:25 ; elapsed = 00:00:26 . Memory (MB): peak = 2038.176 ; gain = 56.266
---------------------------------------------------------------------------------
---------------------------------------------------------------------------------
Start Renaming Generated Instances
---------------------------------------------------------------------------------
---------------------------------------------------------------------------------
Finished Renaming Generated Instances : Time (s): cpu = 00:00:25 ; elapsed = 00:00:26 . Memory (MB): peak = 2038.176 ; gain = 56.266
---------------------------------------------------------------------------------
---------------------------------------------------------------------------------
Start Rebuilding User Hierarchy
---------------------------------------------------------------------------------
---------------------------------------------------------------------------------
Finished Rebuilding User Hierarchy : Time (s): cpu = 00:00:25 ; elapsed = 00:00:26 . Memory (MB): peak = 2038.176 ; gain = 56.266
---------------------------------------------------------------------------------
---------------------------------------------------------------------------------
Start Renaming Generated Ports
---------------------------------------------------------------------------------
---------------------------------------------------------------------------------
Finished Renaming Generated Ports : Time (s): cpu = 00:00:25 ; elapsed = 00:00:26 . Memory (MB): peak = 2038.176 ; gain = 56.266
---------------------------------------------------------------------------------
---------------------------------------------------------------------------------
Start Handling Custom Attributes
---------------------------------------------------------------------------------
---------------------------------------------------------------------------------
Finished Handling Custom Attributes : Time (s): cpu = 00:00:25 ; elapsed = 00:00:26 . Memory (MB): peak = 2038.176 ; gain = 56.266
---------------------------------------------------------------------------------
---------------------------------------------------------------------------------
Start Renaming Generated Nets
---------------------------------------------------------------------------------
---------------------------------------------------------------------------------
Finished Renaming Generated Nets : Time (s): cpu = 00:00:25 ; elapsed = 00:00:26 . Memory (MB): peak = 2038.176 ; gain = 56.266
---------------------------------------------------------------------------------
---------------------------------------------------------------------------------
Start Writing Synthesis Report
---------------------------------------------------------------------------------

Report BlackBoxes: 
+-+--------------+----------+
| |BlackBox name |Instances |
+-+--------------+----------+
+-+--------------+----------+

Report Cell Usage: 
+------+---------+------+
|      |Cell     |Count |
+------+---------+------+
|1     |LUT2     |     1|
|2     |LUT4     |     5|
|3     |LUT5     |   132|
|4     |RAMB36E1 |    10|
|6     |FDRE     |     6|
+------+---------+------+
---------------------------------------------------------------------------------
Finished Writing Synthesis Report : Time (s): cpu = 00:00:25 ; elapsed = 00:00:26 . Memory (MB): peak = 2038.176 ; gain = 56.266
---------------------------------------------------------------------------------
Synthesis finished with 0 errors, 0 critical warnings and 0 warnings.
Synthesis Optimization Runtime : Time (s): cpu = 00:00:12 ; elapsed = 00:00:24 . Memory (MB): peak = 2038.176 ; gain = 56.266
Synthesis Optimization Complete : Time (s): cpu = 00:00:25 ; elapsed = 00:00:26 . Memory (MB): peak = 2038.176 ; gain = 56.266
INFO: [Project 1-571] Translating synthesized netlist
Netlist sorting complete. Time (s): cpu = 00:00:00 ; elapsed = 00:00:00.015 . Memory (MB): peak = 2038.176 ; gain = 0.000
INFO: [Netlist 29-17] Analyzing 10 Unisim elements for replacement
INFO: [Netlist 29-28] Unisim Transformation completed in 0 CPU seconds
INFO: [Project 1-570] Preparing netlist for logic optimization
Parsing XDC File [e:/competition/2_fpga/3_yolo_zynq/ip/yolo_xbuf_bmg/yolo_xbuf_bmg_ooc.xdc] for cell 'U0'
INFO: [Vivado 12-4761] HD.CLK_SRC property is set on port clka. The net connecting to the port drives either clock PIN or hierarchical black box. Use the create_clock constraint to create a clock on this port prior to setting HD.CLK_SRC.  [e:/competition/2_fpga/3_yolo_zynq/ip/yolo_xbuf_bmg/yolo_xbuf_bmg_ooc.xdc:54]
INFO: [Vivado 12-4761] HD.CLK_SRC property is set on port clkb. The net connecting to the port drives either clock PIN or hierarchical black box. Use the create_clock constraint to create a clock on this port prior to setting HD.CLK_SRC.  [e:/competition/2_fpga/3_yolo_zynq/ip/yolo_xbuf_bmg/yolo_xbuf_bmg_ooc.xdc:57]
Finished Parsing XDC File [e:/competition/2_fpga/3_yolo_zynq/ip/yolo_xbuf_bmg/yolo_xbuf_bmg_ooc.xdc] for cell 'U0'
INFO: [Opt 31-138] Pushed 0 inverter(s) to 0 load pin(s).
Netlist sorting complete. Time (s): cpu = 00:00:00 ; elapsed = 00:00:00 . Memory (MB): peak = 2055.922 ; gain = 0.000
INFO: [Project 1-111] Unisim Transformation Summary:
No Unisim elements were transformed.

Synth Design complete | Checksum: 21d2ddd7
INFO: [Common 17-83] Releasing license: Synthesis
122 Infos, 1 Warnings, 0 Critical Warnings and 0 Errors encountered.
synth_design completed successfully
synth_design: Time (s): cpu = 00:00:27 ; elapsed = 00:00:28 . Memory (MB): peak = 2055.922 ; gain = 74.012
INFO: [Coretcl 2-1174] Renamed 26 cell refs.
INFO: [Timing 38-480] Writing timing data to binary archive.
INFO: [Common 17-1381] The checkpoint 'e:/competition/2_fpga/3_yolo_zynq/ip/yolo_xbuf_bmg/yolo_xbuf_bmg.dcp' has been generated.
INFO: [Vivado 12-3441] generate_netlist_ip - operation complete
synth_ip: Time (s): cpu = 00:00:27 ; elapsed = 00:00:29 . Memory (MB): peak = 2055.922 ; gain = 74.012
# synth_design -top yolo_engine_top -part xc7z020clg484-1 -mode out_of_context
Command: synth_design -top yolo_engine_top -part xc7z020clg484-1 -mode out_of_context
Starting synth_design
Attempting to get a license for feature 'Synthesis' and/or device 'xc7z020'
INFO: [Common 17-349] Got license for feature 'Synthesis' and/or device 'xc7z020'
INFO: [Synth 8-7079] Multithreading enabled for synth_design using a maximum of 2 processes.
---------------------------------------------------------------------------------
Starting RTL Elaboration : Time (s): cpu = 00:00:04 ; elapsed = 00:00:04 . Memory (MB): peak = 2055.922 ; gain = 0.000
---------------------------------------------------------------------------------
INFO: [Synth 8-6157] synthesizing module 'yolo_engine_top' [E:/competition/2_fpga/3_yolo_zynq/rtl/yolo_engine_top.v:37]
INFO: [Synth 8-6157] synthesizing module 'yolo_csr' [E:/competition/2_fpga/3_yolo_zynq/rtl/yolo_csr.v:81]
	Parameter C_BASEADDR bound to: 1136721920 - type: integer 
	Parameter OC_AW bound to: 11 - type: integer 
	Parameter N_AW bound to: 16 - type: integer 
	Parameter K_AW bound to: 12 - type: integer 
INFO: [Synth 8-6155] done synthesizing module 'yolo_csr' (0#1) [E:/competition/2_fpga/3_yolo_zynq/rtl/yolo_csr.v:81]
INFO: [Synth 8-6157] synthesizing module 'yolo_gemm_array' [E:/competition/2_fpga/3_yolo_zynq/rtl/yolo_gemm_array.v:172]
	Parameter OC_EDGE bound to: 16 - type: integer 
	Parameter N_EDGE bound to: 16 - type: integer 
	Parameter K_MAX bound to: 2304 - type: integer 
	Parameter AW bound to: 12 - type: integer 
	Parameter ROW_AW bound to: 4 - type: integer 
	Parameter COL_AW bound to: 4 - type: integer 
	Parameter ADDR_W bound to: 32 - type: integer 
	Parameter LEN_W bound to: 24 - type: integer 
	Parameter OC_AW bound to: 11 - type: integer 
	Parameter N_AW bound to: 16 - type: integer 
	Parameter K_AW bound to: 12 - type: integer 
	Parameter TILE_AW bound to: 12 - type: integer 
	Parameter MAX_BURST bound to: 16 - type: integer 
INFO: [Synth 8-6157] synthesizing module 'yolo_pe_pack' [E:/competition/2_fpga/3_yolo_zynq/rtl/yolo_pe_pack.v:96]
INFO: [Synth 8-6157] synthesizing module 'DSP48E1' [F:/vivado2025/2025.2/Vivado/scripts/rt/data/unisim_comp.v:48135]
	Parameter ACASCREG bound to: 1 - type: integer 
	Parameter ADREG bound to: 0 - type: integer 
	Parameter ALUMODEREG bound to: 0 - type: integer 
	Parameter AREG bound to: 1 - type: integer 
	Parameter A_INPUT bound to: DIRECT - type: string 
	Parameter BCASCREG bound to: 1 - type: integer 
	Parameter BREG bound to: 1 - type: integer 
	Parameter B_INPUT bound to: DIRECT - type: string 
	Parameter CARRYINREG bound to: 0 - type: integer 
	Parameter CARRYINSELREG bound to: 0 - type: integer 
	Parameter CREG bound to: 1 - type: integer 
	Parameter DREG bound to: 1 - type: integer 
	Parameter INMODEREG bound to: 0 - type: integer 
	Parameter MREG bound to: 1 - type: integer 
	Parameter OPMODEREG bound to: 0 - type: integer 
	Parameter PREG bound to: 1 - type: integer 
	Parameter USE_DPORT bound to: FALSE - type: string 
	Parameter USE_MULT bound to: MULTIPLY - type: string 
	Parameter USE_PATTERN_DETECT bound to: NO_PATDET - type: string 
	Parameter USE_SIMD bound to: ONE48 - type: string 
INFO: [Synth 8-6155] done synthesizing module 'DSP48E1' (0#1) [F:/vivado2025/2025.2/Vivado/scripts/rt/data/unisim_comp.v:48135]
INFO: [Synth 8-6155] done synthesizing module 'yolo_pe_pack' (0#1) [E:/competition/2_fpga/3_yolo_zynq/rtl/yolo_pe_pack.v:96]
INFO: [Synth 8-6157] synthesizing module 'yolo_acc' [E:/competition/2_fpga/3_yolo_zynq/rtl/yolo_acc.v:30]
	Parameter N_LANES bound to: 8 - type: integer 
	Parameter DATA_W bound to: 32 - type: integer 
INFO: [Synth 8-6155] done synthesizing module 'yolo_acc' (0#1) [E:/competition/2_fpga/3_yolo_zynq/rtl/yolo_acc.v:30]
INFO: [Synth 8-6157] synthesizing module 'yolo_ctrl' [E:/competition/2_fpga/3_yolo_zynq/rtl/yolo_ctrl.v:118]
	Parameter OC_EDGE bound to: 16 - type: integer 
	Parameter N_EDGE bound to: 16 - type: integer 
	Parameter OC_AW bound to: 11 - type: integer 
	Parameter N_AW bound to: 16 - type: integer 
	Parameter K_AW bound to: 12 - type: integer 
	Parameter TILE_AW bound to: 12 - type: integer 
INFO: [Synth 8-6155] done synthesizing module 'yolo_ctrl' (0#1) [E:/competition/2_fpga/3_yolo_zynq/rtl/yolo_ctrl.v:118]
INFO: [Synth 8-6157] synthesizing module 'yolo_dma' [E:/competition/2_fpga/3_yolo_zynq/rtl/yolo_dma.v:122]
	Parameter ADDR_W bound to: 32 - type: integer 
	Parameter LEN_W bound to: 24 - type: integer 
	Parameter MAX_BURST bound to: 16 - type: integer 
	Parameter WIDE bound to: 1 - type: integer 
	Parameter OUTSTANDING bound to: 2 - type: integer 
	Parameter CMD_FIFO_DEPTH bound to: 4 - type: integer 
INFO: [Synth 8-6155] done synthesizing module 'yolo_dma' (0#1) [E:/competition/2_fpga/3_yolo_zynq/rtl/yolo_dma.v:122]
INFO: [Synth 8-6157] synthesizing module 'yolo_wbuf' [E:/competition/2_fpga/3_yolo_zynq/rtl/yolo_wbuf.v:93]
	Parameter N_ROWS bound to: 16 - type: integer 
	Parameter K_MAX bound to: 2304 - type: integer 
	Parameter AW bound to: 12 - type: integer 
	Parameter ROW_AW bound to: 4 - type: integer 
	Parameter BLK_AW bound to: 9 - type: integer 
INFO: [Synth 8-6157] synthesizing module 'yolo_wbuf_bmg' [E:/competition/2_fpga/3_yolo_zynq/proj/ooc_gate/.Xil/Vivado-51548-HC-202510241838/realtime/yolo_wbuf_bmg_stub.v:6]
INFO: [Synth 8-6155] done synthesizing module 'yolo_wbuf_bmg' (0#1) [E:/competition/2_fpga/3_yolo_zynq/proj/ooc_gate/.Xil/Vivado-51548-HC-202510241838/realtime/yolo_wbuf_bmg_stub.v:6]
INFO: [Synth 8-6155] done synthesizing module 'yolo_wbuf' (0#1) [E:/competition/2_fpga/3_yolo_zynq/rtl/yolo_wbuf.v:93]
INFO: [Synth 8-226] default block is never used [E:/competition/2_fpga/3_yolo_zynq/rtl/yolo_gemm_array.v:778]
INFO: [Synth 8-6157] synthesizing module 'yolo_xrowgen' [E:/competition/2_fpga/3_yolo_zynq/rtl/yolo_xrowgen.v:111]
	Parameter N_COLS bound to: 16 - type: integer 
	Parameter ADDR_W bound to: 32 - type: integer 
	Parameter LEN_W bound to: 24 - type: integer 
	Parameter XAW bound to: 12 - type: integer 
INFO: [Synth 8-6155] done synthesizing module 'yolo_xrowgen' (0#1) [E:/competition/2_fpga/3_yolo_zynq/rtl/yolo_xrowgen.v:111]
INFO: [Synth 8-6157] synthesizing module 'yolo_xbuf' [E:/competition/2_fpga/3_yolo_zynq/rtl/yolo_xbuf.v:101]
	Parameter N_COLS bound to: 16 - type: integer 
	Parameter K_MAX bound to: 2304 - type: integer 
	Parameter AW bound to: 12 - type: integer 
	Parameter COL_AW bound to: 4 - type: integer 
INFO: [Synth 8-6157] synthesizing module 'yolo_xbuf_bmg' [E:/competition/2_fpga/3_yolo_zynq/proj/ooc_gate/.Xil/Vivado-51548-HC-202510241838/realtime/yolo_xbuf_bmg_stub.v:6]
INFO: [Synth 8-6155] done synthesizing module 'yolo_xbuf_bmg' (0#1) [E:/competition/2_fpga/3_yolo_zynq/proj/ooc_gate/.Xil/Vivado-51548-HC-202510241838/realtime/yolo_xbuf_bmg_stub.v:6]
INFO: [Synth 8-6155] done synthesizing module 'yolo_xbuf' (0#1) [E:/competition/2_fpga/3_yolo_zynq/rtl/yolo_xbuf.v:101]
INFO: [Synth 8-226] default block is never used [E:/competition/2_fpga/3_yolo_zynq/rtl/yolo_gemm_array.v:1035]
INFO: [Synth 8-6157] synthesizing module 'yolo_requant' [E:/competition/2_fpga/3_yolo_zynq/rtl/yolo_requant.v:144]
	Parameter ACC_W bound to: 32 - type: integer 
INFO: [Synth 8-6155] done synthesizing module 'yolo_requant' (0#1) [E:/competition/2_fpga/3_yolo_zynq/rtl/yolo_requant.v:144]
INFO: [Synth 8-6157] synthesizing module 'yolo_silu_lut' [E:/competition/2_fpga/3_yolo_zynq/rtl/yolo_silu_lut.v:30]
	Parameter DW bound to: 8 - type: integer 
	Parameter AW bound to: 8 - type: integer 
INFO: [Synth 8-6155] done synthesizing module 'yolo_silu_lut' (0#1) [E:/competition/2_fpga/3_yolo_zynq/rtl/yolo_silu_lut.v:30]
INFO: [Synth 8-6157] synthesizing module 'yolo_dma_wr' [E:/competition/2_fpga/3_yolo_zynq/rtl/yolo_dma_wr.v:107]
	Parameter ADDR_W bound to: 32 - type: integer 
	Parameter LEN_W bound to: 24 - type: integer 
	Parameter MAX_BURST bound to: 16 - type: integer 
INFO: [Synth 8-6155] done synthesizing module 'yolo_dma_wr' (0#1) [E:/competition/2_fpga/3_yolo_zynq/rtl/yolo_dma_wr.v:107]
INFO: [Synth 8-226] default block is never used [E:/competition/2_fpga/3_yolo_zynq/rtl/yolo_gemm_array.v:1631]
INFO: [Synth 8-6155] done synthesizing module 'yolo_gemm_array' (0#1) [E:/competition/2_fpga/3_yolo_zynq/rtl/yolo_gemm_array.v:172]
INFO: [Synth 8-6155] done synthesizing module 'yolo_engine_top' (0#1) [E:/competition/2_fpga/3_yolo_zynq/rtl/yolo_engine_top.v:37]
WARNING: [Synth 8-6014] Unused sequential element dtail_r_reg was removed.  [E:/competition/2_fpga/3_yolo_zynq/rtl/yolo_dma.v:253]
WARNING: [Synth 8-6014] Unused sequential element wbuf_r_reg was removed.  [E:/competition/2_fpga/3_yolo_zynq/rtl/yolo_dma.v:277]
WARNING: [Synth 8-6014] Unused sequential element bcnt_r_reg was removed.  [E:/competition/2_fpga/3_yolo_zynq/rtl/yolo_dma.v:278]
WARNING: [Synth 8-6014] Unused sequential element dbytes_r_reg was removed.  [E:/competition/2_fpga/3_yolo_zynq/rtl/yolo_dma.v:279]
WARNING: [Synth 8-7137] Register cf_addr_reg in module yolo_dma has both Set and reset with same priority. This may cause simulation mismatches. Consider rewriting code 
WARNING: [Synth 8-7137] Register cf_len_reg in module yolo_dma has both Set and reset with same priority. This may cause simulation mismatches. Consider rewriting code 
WARNING: [Synth 8-7137] Register sf_len_reg in module yolo_dma has both Set and reset with same priority. This may cause simulation mismatches. Consider rewriting code 
WARNING: [Synth 8-7137] Register blen_q_reg[0] in module yolo_dma has both Set and reset with same priority. This may cause simulation mismatches. Consider rewriting code  [E:/competition/2_fpga/3_yolo_zynq/rtl/yolo_dma.v:335]
WARNING: [Synth 8-7137] Register blen_q_reg[1] in module yolo_dma has both Set and reset with same priority. This may cause simulation mismatches. Consider rewriting code  [E:/competition/2_fpga/3_yolo_zynq/rtl/yolo_dma.v:335]
WARNING: [Synth 8-4767] Trying to implement RAM 'cf_len_reg' in registers. Block RAM or DRAM implementation is not possible; see log for reasons. [E:/competition/2_fpga/3_yolo_zynq/rtl/yolo_dma.v:202]
Reason is one or more of the following :
	1: RAM is sensitive to asynchronous reset signal. this RTL style is not supported. 
WARNING: [Synth 8-4767] Trying to implement RAM 'cf_addr_reg' in registers. Block RAM or DRAM implementation is not possible; see log for reasons. [E:/competition/2_fpga/3_yolo_zynq/rtl/yolo_dma.v:306]
Reason is one or more of the following :
	1: RAM is sensitive to asynchronous reset signal. this RTL style is not supported. 
WARNING: [Synth 8-4767] Trying to implement RAM 'sf_len_reg' in registers. Block RAM or DRAM implementation is not possible; see log for reasons. [E:/competition/2_fpga/3_yolo_zynq/rtl/yolo_dma.v:182]
Reason is one or more of the following :
	1: RAM is sensitive to asynchronous reset signal. this RTL style is not supported. 
WARNING: [Synth 8-6014] Unused sequential element n_start_r_reg was removed.  [E:/competition/2_fpga/3_yolo_zynq/rtl/yolo_xrowgen.v:468]
WARNING: [Synth 8-7137] Register ih_r_reg in module yolo_xrowgen has both Set and reset with same priority. This may cause simulation mismatches. Consider rewriting code  [E:/competition/2_fpga/3_yolo_zynq/rtl/yolo_xrowgen.v:291]
WARNING: [Synth 8-7137] Register iw_r_reg in module yolo_xrowgen has both Set and reset with same priority. This may cause simulation mismatches. Consider rewriting code  [E:/competition/2_fpga/3_yolo_zynq/rtl/yolo_xrowgen.v:293]
WARNING: [Synth 8-7137] Register ow_r_reg in module yolo_xrowgen has both Set and reset with same priority. This may cause simulation mismatches. Consider rewriting code  [E:/competition/2_fpga/3_yolo_zynq/rtl/yolo_xrowgen.v:187]
WARNING: [Synth 8-7137] Register ic_r_reg in module yolo_xrowgen has both Set and reset with same priority. This may cause simulation mismatches. Consider rewriting code  [E:/competition/2_fpga/3_yolo_zynq/rtl/yolo_xrowgen.v:332]
WARNING: [Synth 8-7137] Register kh_r_reg in module yolo_xrowgen has both Set and reset with same priority. This may cause simulation mismatches. Consider rewriting code  [E:/competition/2_fpga/3_yolo_zynq/rtl/yolo_xrowgen.v:333]
WARNING: [Synth 8-7137] Register kw_r_reg in module yolo_xrowgen has both Set and reset with same priority. This may cause simulation mismatches. Consider rewriting code  [E:/competition/2_fpga/3_yolo_zynq/rtl/yolo_xrowgen.v:244]
WARNING: [Synth 8-7137] Register sh_r_reg in module yolo_xrowgen has both Set and reset with same priority. This may cause simulation mismatches. Consider rewriting code  [E:/competition/2_fpga/3_yolo_zynq/rtl/yolo_xrowgen.v:375]
WARNING: [Synth 8-7137] Register sw_r_reg in module yolo_xrowgen has both Set and reset with same priority. This may cause simulation mismatches. Consider rewriting code  [E:/competition/2_fpga/3_yolo_zynq/rtl/yolo_xrowgen.v:278]
WARNING: [Synth 8-7137] Register ph_r_reg in module yolo_xrowgen has both Set and reset with same priority. This may cause simulation mismatches. Consider rewriting code  [E:/competition/2_fpga/3_yolo_zynq/rtl/yolo_xrowgen.v:375]
WARNING: [Synth 8-7137] Register pw_r_reg in module yolo_xrowgen has both Set and reset with same priority. This may cause simulation mismatches. Consider rewriting code  [E:/competition/2_fpga/3_yolo_zynq/rtl/yolo_xrowgen.v:378]
WARNING: [Synth 8-7137] Register k_len_r_reg in module yolo_xrowgen has both Set and reset with same priority. This may cause simulation mismatches. Consider rewriting code  [E:/competition/2_fpga/3_yolo_zynq/rtl/yolo_xrowgen.v:245]
WARNING: [Synth 8-7137] Register n_len_r_reg in module yolo_xrowgen has both Set and reset with same priority. This may cause simulation mismatches. Consider rewriting code  [E:/competition/2_fpga/3_yolo_zynq/rtl/yolo_xrowgen.v:469]
WARNING: [Synth 8-7137] Register first_r_reg in module yolo_xrowgen has both Set and reset with same priority. This may cause simulation mismatches. Consider rewriting code  [E:/competition/2_fpga/3_yolo_zynq/rtl/yolo_xrowgen.v:430]
WARNING: [Synth 8-7137] Register xbase_r_reg in module yolo_xrowgen has both Set and reset with same priority. This may cause simulation mismatches. Consider rewriting code  [E:/competition/2_fpga/3_yolo_zynq/rtl/yolo_xrowgen.v:320]
WARNING: [Synth 8-7137] Register ihiw_r_reg in module yolo_xrowgen has both Set and reset with same priority. This may cause simulation mismatches. Consider rewriting code  [E:/competition/2_fpga/3_yolo_zynq/rtl/yolo_xrowgen.v:472]
WARNING: [Synth 8-7137] Register strb_r_reg in module yolo_xrowgen has both Set and reset with same priority. This may cause simulation mismatches. Consider rewriting code  [E:/competition/2_fpga/3_yolo_zynq/rtl/yolo_xrowgen.v:473]
WARNING: [Synth 8-7137] Register dv_r_reg in module yolo_xrowgen has both Set and reset with same priority. This may cause simulation mismatches. Consider rewriting code  [E:/competition/2_fpga/3_yolo_zynq/rtl/yolo_xrowgen.v:186]
WARNING: [Synth 8-7137] Register rem_r_reg in module yolo_xrowgen has both Set and reset with same priority. This may cause simulation mismatches. Consider rewriting code  [E:/competition/2_fpga/3_yolo_zynq/rtl/yolo_xrowgen.v:186]
WARNING: [Synth 8-7137] Register quo_r_reg in module yolo_xrowgen has both Set and reset with same priority. This may cause simulation mismatches. Consider rewriting code  [E:/competition/2_fpga/3_yolo_zynq/rtl/yolo_xrowgen.v:188]
WARNING: [Synth 8-7137] Register div_i_r_reg in module yolo_xrowgen has both Set and reset with same priority. This may cause simulation mismatches. Consider rewriting code  [E:/competition/2_fpga/3_yolo_zynq/rtl/yolo_xrowgen.v:479]
WARNING: [Synth 8-7137] Register rem_p_r_reg in module yolo_xrowgen has both Set and reset with same priority. This may cause simulation mismatches. Consider rewriting code  [E:/competition/2_fpga/3_yolo_zynq/rtl/yolo_xrowgen.v:371]
WARNING: [Synth 8-7137] Register lb_acc_r_reg in module yolo_xrowgen has both Set and reset with same priority. This may cause simulation mismatches. Consider rewriting code  [E:/competition/2_fpga/3_yolo_zynq/rtl/yolo_xrowgen.v:482]
WARNING: [Synth 8-7137] Register pp_r_reg in module yolo_xrowgen has both Set and reset with same priority. This may cause simulation mismatches. Consider rewriting code  [E:/competition/2_fpga/3_yolo_zynq/rtl/yolo_xrowgen.v:368]
WARNING: [Synth 8-7137] Register pt_vld_r_reg[0] in module yolo_xrowgen has both Set and reset with same priority. This may cause simulation mismatches. Consider rewriting code  [E:/competition/2_fpga/3_yolo_zynq/rtl/yolo_xrowgen.v:289]
WARNING: [Synth 8-7137] Register pt_vld_r_reg[1] in module yolo_xrowgen has both Set and reset with same priority. This may cause simulation mismatches. Consider rewriting code  [E:/competition/2_fpga/3_yolo_zynq/rtl/yolo_xrowgen.v:289]
WARNING: [Synth 8-7137] Register pt_vld_r_reg[2] in module yolo_xrowgen has both Set and reset with same priority. This may cause simulation mismatches. Consider rewriting code  [E:/competition/2_fpga/3_yolo_zynq/rtl/yolo_xrowgen.v:289]
WARNING: [Synth 8-7137] Register pt_vld_r_reg[3] in module yolo_xrowgen has both Set and reset with same priority. This may cause simulation mismatches. Consider rewriting code  [E:/competition/2_fpga/3_yolo_zynq/rtl/yolo_xrowgen.v:289]
WARNING: [Synth 8-7137] Register pt_ih0_r_reg[0] in module yolo_xrowgen has both Set and reset with same priority. This may cause simulation mismatches. Consider rewriting code  [E:/competition/2_fpga/3_yolo_zynq/rtl/yolo_xrowgen.v:273]
WARNING: [Synth 8-7137] Register pt_ih0_r_reg[1] in module yolo_xrowgen has both Set and reset with same priority. This may cause simulation mismatches. Consider rewriting code  [E:/competition/2_fpga/3_yolo_zynq/rtl/yolo_xrowgen.v:273]
WARNING: [Synth 8-7137] Register pt_ih0_r_reg[2] in module yolo_xrowgen has both Set and reset with same priority. This may cause simulation mismatches. Consider rewriting code  [E:/competition/2_fpga/3_yolo_zynq/rtl/yolo_xrowgen.v:273]
WARNING: [Synth 8-7137] Register pt_ih0_r_reg[3] in module yolo_xrowgen has both Set and reset with same priority. This may cause simulation mismatches. Consider rewriting code  [E:/competition/2_fpga/3_yolo_zynq/rtl/yolo_xrowgen.v:273]
WARNING: [Synth 8-7137] Register pt_row0_r_reg[0] in module yolo_xrowgen has both Set and reset with same priority. This may cause simulation mismatches. Consider rewriting code  [E:/competition/2_fpga/3_yolo_zynq/rtl/yolo_xrowgen.v:322]
WARNING: [Synth 8-7137] Register pt_row0_r_reg[1] in module yolo_xrowgen has both Set and reset with same priority. This may cause simulation mismatches. Consider rewriting code  [E:/competition/2_fpga/3_yolo_zynq/rtl/yolo_xrowgen.v:322]
WARNING: [Synth 8-7137] Register pt_row0_r_reg[2] in module yolo_xrowgen has both Set and reset with same priority. This may cause simulation mismatches. Consider rewriting code  [E:/competition/2_fpga/3_yolo_zynq/rtl/yolo_xrowgen.v:322]
WARNING: [Synth 8-7137] Register pt_row0_r_reg[3] in module yolo_xrowgen has both Set and reset with same priority. This may cause simulation mismatches. Consider rewriting code  [E:/competition/2_fpga/3_yolo_zynq/rtl/yolo_xrowgen.v:322]
WARNING: [Synth 8-7137] Register pt_iwlo_r_reg[0] in module yolo_xrowgen has both Set and reset with same priority. This may cause simulation mismatches. Consider rewriting code  [E:/competition/2_fpga/3_yolo_zynq/rtl/yolo_xrowgen.v:277]
WARNING: [Synth 8-7137] Register pt_iwlo_r_reg[1] in module yolo_xrowgen has both Set and reset with same priority. This may cause simulation mismatches. Consider rewriting code  [E:/competition/2_fpga/3_yolo_zynq/rtl/yolo_xrowgen.v:277]
WARNING: [Synth 8-7137] Register pt_iwlo_r_reg[2] in module yolo_xrowgen has both Set and reset with same priority. This may cause simulation mismatches. Consider rewriting code  [E:/competition/2_fpga/3_yolo_zynq/rtl/yolo_xrowgen.v:277]
WARNING: [Synth 8-7137] Register pt_iwlo_r_reg[3] in module yolo_xrowgen has both Set and reset with same priority. This may cause simulation mismatches. Consider rewriting code  [E:/competition/2_fpga/3_yolo_zynq/rtl/yolo_xrowgen.v:277]
WARNING: [Synth 8-7137] Register pt_lane0_r_reg[0] in module yolo_xrowgen has both Set and reset with same priority. This may cause simulation mismatches. Consider rewriting code  [E:/competition/2_fpga/3_yolo_zynq/rtl/yolo_xrowgen.v:393]
WARNING: [Synth 8-7137] Register pt_lane0_r_reg[1] in module yolo_xrowgen has both Set and reset with same priority. This may cause simulation mismatches. Consider rewriting code  [E:/competition/2_fpga/3_yolo_zynq/rtl/yolo_xrowgen.v:393]
WARNING: [Synth 8-7137] Register pt_lane0_r_reg[2] in module yolo_xrowgen has both Set and reset with same priority. This may cause simulation mismatches. Consider rewriting code  [E:/competition/2_fpga/3_yolo_zynq/rtl/yolo_xrowgen.v:393]
WARNING: [Synth 8-7137] Register pt_lane0_r_reg[3] in module yolo_xrowgen has both Set and reset with same priority. This may cause simulation mismatches. Consider rewriting code  [E:/competition/2_fpga/3_yolo_zynq/rtl/yolo_xrowgen.v:393]
WARNING: [Synth 8-7137] Register pt_m_r_reg[0] in module yolo_xrowgen has both Set and reset with same priority. This may cause simulation mismatches. Consider rewriting code  [E:/competition/2_fpga/3_yolo_zynq/rtl/yolo_xrowgen.v:278]
WARNING: [Synth 8-7137] Register pt_m_r_reg[1] in module yolo_xrowgen has both Set and reset with same priority. This may cause simulation mismatches. Consider rewriting code  [E:/competition/2_fpga/3_yolo_zynq/rtl/yolo_xrowgen.v:278]
WARNING: [Synth 8-7137] Register pt_m_r_reg[2] in module yolo_xrowgen has both Set and reset with same priority. This may cause simulation mismatches. Consider rewriting code  [E:/competition/2_fpga/3_yolo_zynq/rtl/yolo_xrowgen.v:278]
WARNING: [Synth 8-7137] Register pt_m_r_reg[3] in module yolo_xrowgen has both Set and reset with same priority. This may cause simulation mismatches. Consider rewriting code  [E:/competition/2_fpga/3_yolo_zynq/rtl/yolo_xrowgen.v:278]
WARNING: [Synth 8-7137] Register cg_active_r_reg in module yolo_xrowgen has both Set and reset with same priority. This may cause simulation mismatches. Consider rewriting code  [E:/competition/2_fpga/3_yolo_zynq/rtl/yolo_xrowgen.v:258]
WARNING: [Synth 8-7137] Register cg_part_pend_r_reg in module yolo_xrowgen has both Set and reset with same priority. This may cause simulation mismatches. Consider rewriting code  [E:/competition/2_fpga/3_yolo_zynq/rtl/yolo_xrowgen.v:258]
WARNING: [Synth 8-7137] Register cg_adv_pend_r_reg in module yolo_xrowgen has both Set and reset with same priority. This may cause simulation mismatches. Consider rewriting code  [E:/competition/2_fpga/3_yolo_zynq/rtl/yolo_xrowgen.v:259]
WARNING: [Synth 8-7137] Register cg_grp_cmd_r_reg in module yolo_xrowgen has both Set and reset with same priority. This may cause simulation mismatches. Consider rewriting code  [E:/competition/2_fpga/3_yolo_zynq/rtl/yolo_xrowgen.v:341]
WARNING: [Synth 8-7137] Register cg_ic_r_reg in module yolo_xrowgen has both Set and reset with same priority. This may cause simulation mismatches. Consider rewriting code  [E:/competition/2_fpga/3_yolo_zynq/rtl/yolo_xrowgen.v:332]
WARNING: [Synth 8-7137] Register cg_kh_r_reg in module yolo_xrowgen has both Set and reset with same priority. This may cause simulation mismatches. Consider rewriting code  [E:/competition/2_fpga/3_yolo_zynq/rtl/yolo_xrowgen.v:273]
WARNING: [Synth 8-7137] Register cg_part_r_reg in module yolo_xrowgen has both Set and reset with same priority. This may cause simulation mismatches. Consider rewriting code  [E:/competition/2_fpga/3_yolo_zynq/rtl/yolo_xrowgen.v:257]
WARNING: [Synth 8-7137] Register cg_cnt_r_reg in module yolo_xrowgen has both Set and reset with same priority. This may cause simulation mismatches. Consider rewriting code  [E:/competition/2_fpga/3_yolo_zynq/rtl/yolo_xrowgen.v:334]
WARNING: [Synth 8-7137] Register cg_plane_r_reg in module yolo_xrowgen has both Set and reset with same priority. This may cause simulation mismatches. Consider rewriting code  [E:/competition/2_fpga/3_yolo_zynq/rtl/yolo_xrowgen.v:321]
WARNING: [Synth 8-7137] Register cg_khiw_r_reg in module yolo_xrowgen has both Set and reset with same priority. This may cause simulation mismatches. Consider rewriting code  [E:/competition/2_fpga/3_yolo_zynq/rtl/yolo_xrowgen.v:323]
WARNING: [Synth 8-7137] Register iq_wp_r_reg in module yolo_xrowgen has both Set and reset with same priority. This may cause simulation mismatches. Consider rewriting code  [E:/competition/2_fpga/3_yolo_zynq/rtl/yolo_xrowgen.v:509]
WARNING: [Synth 8-7137] Register iq_rp_r_reg in module yolo_xrowgen has both Set and reset with same priority. This may cause simulation mismatches. Consider rewriting code  [E:/competition/2_fpga/3_yolo_zynq/rtl/yolo_xrowgen.v:226]
WARNING: [Synth 8-7137] Register widx_r_reg in module yolo_xrowgen has both Set and reset with same priority. This may cause simulation mismatches. Consider rewriting code  [E:/competition/2_fpga/3_yolo_zynq/rtl/yolo_xrowgen.v:360]
WARNING: [Synth 8-7137] Register em_k_r_reg in module yolo_xrowgen has both Set and reset with same priority. This may cause simulation mismatches. Consider rewriting code  [E:/competition/2_fpga/3_yolo_zynq/rtl/yolo_xrowgen.v:245]
WARNING: [Synth 8-7137] Register em_kw_r_reg in module yolo_xrowgen has both Set and reset with same priority. This may cause simulation mismatches. Consider rewriting code  [E:/competition/2_fpga/3_yolo_zynq/rtl/yolo_xrowgen.v:244]
WARNING: [Synth 8-7137] Register em_g_r_reg in module yolo_xrowgen has both Set and reset with same priority. This may cause simulation mismatches. Consider rewriting code  [E:/competition/2_fpga/3_yolo_zynq/rtl/yolo_xrowgen.v:241]
WARNING: [Synth 8-7137] Register em_cnt_r_reg in module yolo_xrowgen has both Set and reset with same priority. This may cause simulation mismatches. Consider rewriting code  [E:/competition/2_fpga/3_yolo_zynq/rtl/yolo_xrowgen.v:334]
WARNING: [Synth 8-7137] Register em_lastb_r_reg in module yolo_xrowgen has both Set and reset with same priority. This may cause simulation mismatches. Consider rewriting code  [E:/competition/2_fpga/3_yolo_zynq/rtl/yolo_xrowgen.v:521]
WARNING: [Synth 8-7137] Register em_done_d_r_reg in module yolo_xrowgen has both Set and reset with same priority. This may cause simulation mismatches. Consider rewriting code  [E:/competition/2_fpga/3_yolo_zynq/rtl/yolo_xrowgen.v:522]
WARNING: [Synth 8-7137] Register em_done_p_r_reg in module yolo_xrowgen has both Set and reset with same priority. This may cause simulation mismatches. Consider rewriting code  [E:/competition/2_fpga/3_yolo_zynq/rtl/yolo_xrowgen.v:523]
WARNING: [Synth 8-7137] Register we_r_reg in module yolo_xrowgen has both Set and reset with same priority. This may cause simulation mismatches. Consider rewriting code  [E:/competition/2_fpga/3_yolo_zynq/rtl/yolo_xrowgen.v:524]
WARNING: [Synth 8-7137] Register oy0_r_reg in module yolo_xrowgen has both Set and reset with same priority. This may cause simulation mismatches. Consider rewriting code  [E:/competition/2_fpga/3_yolo_zynq/rtl/yolo_xrowgen.v:368]
WARNING: [Synth 8-7137] Register ox0_r_reg in module yolo_xrowgen has both Set and reset with same priority. This may cause simulation mismatches. Consider rewriting code  [E:/competition/2_fpga/3_yolo_zynq/rtl/yolo_xrowgen.v:369]
WARNING: [Synth 8-7137] Register pl_last_r_reg in module yolo_xrowgen has both Set and reset with same priority. This may cause simulation mismatches. Consider rewriting code  [E:/competition/2_fpga/3_yolo_zynq/rtl/yolo_xrowgen.v:331]
WARNING: [Synth 8-7137] Register lane_p_r_reg[0] in module yolo_xrowgen has both Set and reset with same priority. This may cause simulation mismatches. Consider rewriting code  [E:/competition/2_fpga/3_yolo_zynq/rtl/yolo_xrowgen.v:578]
WARNING: [Synth 8-7137] Register lane_p_r_reg[1] in module yolo_xrowgen has both Set and reset with same priority. This may cause simulation mismatches. Consider rewriting code  [E:/competition/2_fpga/3_yolo_zynq/rtl/yolo_xrowgen.v:578]
WARNING: [Synth 8-7137] Register lane_p_r_reg[2] in module yolo_xrowgen has both Set and reset with same priority. This may cause simulation mismatches. Consider rewriting code  [E:/competition/2_fpga/3_yolo_zynq/rtl/yolo_xrowgen.v:578]
WARNING: [Synth 8-7137] Register lane_p_r_reg[3] in module yolo_xrowgen has both Set and reset with same priority. This may cause simulation mismatches. Consider rewriting code  [E:/competition/2_fpga/3_yolo_zynq/rtl/yolo_xrowgen.v:578]
WARNING: [Synth 8-7137] Register lane_p_r_reg[4] in module yolo_xrowgen has both Set and reset with same priority. This may cause simulation mismatches. Consider rewriting code  [E:/competition/2_fpga/3_yolo_zynq/rtl/yolo_xrowgen.v:578]
WARNING: [Synth 8-7137] Register lane_p_r_reg[5] in module yolo_xrowgen has both Set and reset with same priority. This may cause simulation mismatches. Consider rewriting code  [E:/competition/2_fpga/3_yolo_zynq/rtl/yolo_xrowgen.v:578]
WARNING: [Synth 8-7137] Register lane_p_r_reg[6] in module yolo_xrowgen has both Set and reset with same priority. This may cause simulation mismatches. Consider rewriting code  [E:/competition/2_fpga/3_yolo_zynq/rtl/yolo_xrowgen.v:578]
WARNING: [Synth 8-7137] Register lane_p_r_reg[7] in module yolo_xrowgen has both Set and reset with same priority. This may cause simulation mismatches. Consider rewriting code  [E:/competition/2_fpga/3_yolo_zynq/rtl/yolo_xrowgen.v:578]
WARNING: [Synth 8-7137] Register lane_p_r_reg[8] in module yolo_xrowgen has both Set and reset with same priority. This may cause simulation mismatches. Consider rewriting code  [E:/competition/2_fpga/3_yolo_zynq/rtl/yolo_xrowgen.v:578]
WARNING: [Synth 8-7137] Register lane_p_r_reg[9] in module yolo_xrowgen has both Set and reset with same priority. This may cause simulation mismatches. Consider rewriting code  [E:/competition/2_fpga/3_yolo_zynq/rtl/yolo_xrowgen.v:578]
WARNING: [Synth 8-7137] Register lane_p_r_reg[10] in module yolo_xrowgen has both Set and reset with same priority. This may cause simulation mismatches. Consider rewriting code  [E:/competition/2_fpga/3_yolo_zynq/rtl/yolo_xrowgen.v:578]
WARNING: [Synth 8-7137] Register lane_p_r_reg[11] in module yolo_xrowgen has both Set and reset with same priority. This may cause simulation mismatches. Consider rewriting code  [E:/competition/2_fpga/3_yolo_zynq/rtl/yolo_xrowgen.v:578]
WARNING: [Synth 8-7137] Register lane_p_r_reg[12] in module yolo_xrowgen has both Set and reset with same priority. This may cause simulation mismatches. Consider rewriting code  [E:/competition/2_fpga/3_yolo_zynq/rtl/yolo_xrowgen.v:578]
WARNING: [Synth 8-7137] Register lane_p_r_reg[13] in module yolo_xrowgen has both Set and reset with same priority. This may cause simulation mismatches. Consider rewriting code  [E:/competition/2_fpga/3_yolo_zynq/rtl/yolo_xrowgen.v:578]
WARNING: [Synth 8-7137] Register lane_p_r_reg[14] in module yolo_xrowgen has both Set and reset with same priority. This may cause simulation mismatches. Consider rewriting code  [E:/competition/2_fpga/3_yolo_zynq/rtl/yolo_xrowgen.v:578]
WARNING: [Synth 8-7137] Register lane_p_r_reg[15] in module yolo_xrowgen has both Set and reset with same priority. This may cause simulation mismatches. Consider rewriting code  [E:/competition/2_fpga/3_yolo_zynq/rtl/yolo_xrowgen.v:578]
WARNING: [Synth 8-7137] Register lane_lsw_r_reg[0] in module yolo_xrowgen has both Set and reset with same priority. This may cause simulation mismatches. Consider rewriting code  [E:/competition/2_fpga/3_yolo_zynq/rtl/yolo_xrowgen.v:579]
WARNING: [Synth 8-7137] Register lane_lsw_r_reg[1] in module yolo_xrowgen has both Set and reset with same priority. This may cause simulation mismatches. Consider rewriting code  [E:/competition/2_fpga/3_yolo_zynq/rtl/yolo_xrowgen.v:579]
WARNING: [Synth 8-7137] Register lane_lsw_r_reg[2] in module yolo_xrowgen has both Set and reset with same priority. This may cause simulation mismatches. Consider rewriting code  [E:/competition/2_fpga/3_yolo_zynq/rtl/yolo_xrowgen.v:579]
WARNING: [Synth 8-7137] Register lane_lsw_r_reg[3] in module yolo_xrowgen has both Set and reset with same priority. This may cause simulation mismatches. Consider rewriting code  [E:/competition/2_fpga/3_yolo_zynq/rtl/yolo_xrowgen.v:579]
WARNING: [Synth 8-7137] Register lane_lsw_r_reg[4] in module yolo_xrowgen has both Set and reset with same priority. This may cause simulation mismatches. Consider rewriting code  [E:/competition/2_fpga/3_yolo_zynq/rtl/yolo_xrowgen.v:579]
WARNING: [Synth 8-7137] Register lane_lsw_r_reg[5] in module yolo_xrowgen has both Set and reset with same priority. This may cause simulation mismatches. Consider rewriting code  [E:/competition/2_fpga/3_yolo_zynq/rtl/yolo_xrowgen.v:579]
WARNING: [Synth 8-7137] Register lane_lsw_r_reg[6] in module yolo_xrowgen has both Set and reset with same priority. This may cause simulation mismatches. Consider rewriting code  [E:/competition/2_fpga/3_yolo_zynq/rtl/yolo_xrowgen.v:579]
WARNING: [Synth 8-7137] Register lane_lsw_r_reg[7] in module yolo_xrowgen has both Set and reset with same priority. This may cause simulation mismatches. Consider rewriting code  [E:/competition/2_fpga/3_yolo_zynq/rtl/yolo_xrowgen.v:579]
INFO: [Common 17-14] Message 'Synth 8-7137' appears 100 times and further instances of the messages will be disabled. Use the Tcl command set_msg_config to change the current settings.
WARNING: [Synth 8-4767] Trying to implement RAM 'iq_g_r_reg' in registers. Block RAM or DRAM implementation is not possible; see log for reasons. [E:/competition/2_fpga/3_yolo_zynq/rtl/yolo_xrowgen.v:604]
Reason is one or more of the following :
	1: RAM is sensitive to asynchronous reset signal. this RTL style is not supported. 
WARNING: [Synth 8-4767] Trying to implement RAM 'iq_p_r_reg' in registers. Block RAM or DRAM implementation is not possible; see log for reasons. [E:/competition/2_fpga/3_yolo_zynq/rtl/yolo_xrowgen.v:605]
Reason is one or more of the following :
	1: RAM is sensitive to asynchronous reset signal. this RTL style is not supported. 
WARNING: [Synth 8-4767] Trying to implement RAM 'iq_last_r_reg' in registers. Block RAM or DRAM implementation is not possible; see log for reasons. [E:/competition/2_fpga/3_yolo_zynq/rtl/yolo_xrowgen.v:687]
Reason is one or more of the following :
	1: RAM is sensitive to asynchronous reset signal. this RTL style is not supported. 
WARNING: [Synth 8-6014] Unused sequential element cfg_oc_total_r_reg was removed.  [E:/competition/2_fpga/3_yolo_zynq/rtl/yolo_gemm_array.v:393]
WARNING: [Synth 8-6014] Unused sequential element row_start_d1_r_reg was removed.  [E:/competition/2_fpga/3_yolo_zynq/rtl/yolo_gemm_array.v:1372]
WARNING: [Synth 8-6014] Unused sequential element row_start_d2_r_reg was removed.  [E:/competition/2_fpga/3_yolo_zynq/rtl/yolo_gemm_array.v:1487]
WARNING: [Synth 8-6014] Unused sequential element row_start_d3_r_reg was removed.  [E:/competition/2_fpga/3_yolo_zynq/rtl/yolo_gemm_array.v:1488]
WARNING: [Synth 8-6014] Unused sequential element row_start_d4_r_reg was removed.  [E:/competition/2_fpga/3_yolo_zynq/rtl/yolo_gemm_array.v:1489]
WARNING: [Synth 8-6014] Unused sequential element row_start_d5_r_reg was removed.  [E:/competition/2_fpga/3_yolo_zynq/rtl/yolo_gemm_array.v:1490]
WARNING: [Synth 8-6014] Unused sequential element row_start_d6_r_reg was removed.  [E:/competition/2_fpga/3_yolo_zynq/rtl/yolo_gemm_array.v:1491]
WARNING: [Synth 8-6014] Unused sequential element row_start_d7_r_reg was removed.  [E:/competition/2_fpga/3_yolo_zynq/rtl/yolo_gemm_array.v:1492]
WARNING: [Synth 8-6014] Unused sequential element row_start_d8_r_reg was removed.  [E:/competition/2_fpga/3_yolo_zynq/rtl/yolo_gemm_array.v:1493]
WARNING: [Synth 8-6014] Unused sequential element row_start_d9_r_reg was removed.  [E:/competition/2_fpga/3_yolo_zynq/rtl/yolo_gemm_array.v:1494]
WARNING: [Synth 8-7129] Port bresp_i[1] in module yolo_dma_wr is either unconnected or has no load
WARNING: [Synth 8-7129] Port bresp_i[0] in module yolo_dma_wr is either unconnected or has no load
WARNING: [Synth 8-7129] Port rlast_i in module yolo_dma is either unconnected or has no load
WARNING: [Synth 8-7129] Port s_axi_awaddr[31] in module yolo_csr is either unconnected or has no load
WARNING: [Synth 8-7129] Port s_axi_awaddr[30] in module yolo_csr is either unconnected or has no load
WARNING: [Synth 8-7129] Port s_axi_awaddr[29] in module yolo_csr is either unconnected or has no load
WARNING: [Synth 8-7129] Port s_axi_awaddr[28] in module yolo_csr is either unconnected or has no load
WARNING: [Synth 8-7129] Port s_axi_awaddr[27] in module yolo_csr is either unconnected or has no load
WARNING: [Synth 8-7129] Port s_axi_awaddr[26] in module yolo_csr is either unconnected or has no load
WARNING: [Synth 8-7129] Port s_axi_awaddr[25] in module yolo_csr is either unconnected or has no load
WARNING: [Synth 8-7129] Port s_axi_awaddr[24] in module yolo_csr is either unconnected or has no load
WARNING: [Synth 8-7129] Port s_axi_awaddr[23] in module yolo_csr is either unconnected or has no load
WARNING: [Synth 8-7129] Port s_axi_awaddr[22] in module yolo_csr is either unconnected or has no load
WARNING: [Synth 8-7129] Port s_axi_awaddr[21] in module yolo_csr is either unconnected or has no load
WARNING: [Synth 8-7129] Port s_axi_awaddr[20] in module yolo_csr is either unconnected or has no load
WARNING: [Synth 8-7129] Port s_axi_awaddr[19] in module yolo_csr is either unconnected or has no load
WARNING: [Synth 8-7129] Port s_axi_awaddr[18] in module yolo_csr is either unconnected or has no load
WARNING: [Synth 8-7129] Port s_axi_awaddr[17] in module yolo_csr is either unconnected or has no load
WARNING: [Synth 8-7129] Port s_axi_awaddr[16] in module yolo_csr is either unconnected or has no load
WARNING: [Synth 8-7129] Port s_axi_awaddr[1] in module yolo_csr is either unconnected or has no load
WARNING: [Synth 8-7129] Port s_axi_awaddr[0] in module yolo_csr is either unconnected or has no load
WARNING: [Synth 8-7129] Port s_axi_awprot[2] in module yolo_csr is either unconnected or has no load
WARNING: [Synth 8-7129] Port s_axi_awprot[1] in module yolo_csr is either unconnected or has no load
WARNING: [Synth 8-7129] Port s_axi_awprot[0] in module yolo_csr is either unconnected or has no load
WARNING: [Synth 8-7129] Port s_axi_araddr[31] in module yolo_csr is either unconnected or has no load
WARNING: [Synth 8-7129] Port s_axi_araddr[30] in module yolo_csr is either unconnected or has no load
WARNING: [Synth 8-7129] Port s_axi_araddr[29] in module yolo_csr is either unconnected or has no load
WARNING: [Synth 8-7129] Port s_axi_araddr[28] in module yolo_csr is either unconnected or has no load
WARNING: [Synth 8-7129] Port s_axi_araddr[27] in module yolo_csr is either unconnected or has no load
WARNING: [Synth 8-7129] Port s_axi_araddr[26] in module yolo_csr is either unconnected or has no load
WARNING: [Synth 8-7129] Port s_axi_araddr[25] in module yolo_csr is either unconnected or has no load
WARNING: [Synth 8-7129] Port s_axi_araddr[24] in module yolo_csr is either unconnected or has no load
WARNING: [Synth 8-7129] Port s_axi_araddr[23] in module yolo_csr is either unconnected or has no load
WARNING: [Synth 8-7129] Port s_axi_araddr[22] in module yolo_csr is either unconnected or has no load
WARNING: [Synth 8-7129] Port s_axi_araddr[21] in module yolo_csr is either unconnected or has no load
WARNING: [Synth 8-7129] Port s_axi_araddr[20] in module yolo_csr is either unconnected or has no load
WARNING: [Synth 8-7129] Port s_axi_araddr[19] in module yolo_csr is either unconnected or has no load
WARNING: [Synth 8-7129] Port s_axi_araddr[18] in module yolo_csr is either unconnected or has no load
WARNING: [Synth 8-7129] Port s_axi_araddr[17] in module yolo_csr is either unconnected or has no load
WARNING: [Synth 8-7129] Port s_axi_araddr[16] in module yolo_csr is either unconnected or has no load
WARNING: [Synth 8-7129] Port s_axi_araddr[1] in module yolo_csr is either unconnected or has no load
WARNING: [Synth 8-7129] Port s_axi_araddr[0] in module yolo_csr is either unconnected or has no load
WARNING: [Synth 8-7129] Port s_axi_arprot[2] in module yolo_csr is either unconnected or has no load
WARNING: [Synth 8-7129] Port s_axi_arprot[1] in module yolo_csr is either unconnected or has no load
WARNING: [Synth 8-7129] Port s_axi_arprot[0] in module yolo_csr is either unconnected or has no load
---------------------------------------------------------------------------------
Finished RTL Elaboration : Time (s): cpu = 00:00:07 ; elapsed = 00:00:07 . Memory (MB): peak = 2055.922 ; gain = 0.000
---------------------------------------------------------------------------------
---------------------------------------------------------------------------------
Start Handling Custom Attributes
---------------------------------------------------------------------------------
---------------------------------------------------------------------------------
Finished Handling Custom Attributes : Time (s): cpu = 00:00:07 ; elapsed = 00:00:07 . Memory (MB): peak = 2055.922 ; gain = 0.000
---------------------------------------------------------------------------------
---------------------------------------------------------------------------------
Finished RTL Optimization Phase 1 : Time (s): cpu = 00:00:07 ; elapsed = 00:00:07 . Memory (MB): peak = 2055.922 ; gain = 0.000
---------------------------------------------------------------------------------
Netlist sorting complete. Time (s): cpu = 00:00:01 ; elapsed = 00:00:00.407 . Memory (MB): peak = 2055.922 ; gain = 0.000
INFO: [Netlist 29-17] Analyzing 128 Unisim elements for replacement
INFO: [Netlist 29-28] Unisim Transformation completed in 0 CPU seconds
INFO: [Project 1-570] Preparing netlist for logic optimization

Processing XDC Constraints
Initializing timing engine
Parsing XDC File [e:/competition/2_fpga/3_yolo_zynq/ip/yolo_wbuf_bmg/yolo_wbuf_bmg/yolo_wbuf_bmg_in_context.xdc] for cell 'u_array/u_wbuf/u_bank0'
Finished Parsing XDC File [e:/competition/2_fpga/3_yolo_zynq/ip/yolo_wbuf_bmg/yolo_wbuf_bmg/yolo_wbuf_bmg_in_context.xdc] for cell 'u_array/u_wbuf/u_bank0'
Parsing XDC File [e:/competition/2_fpga/3_yolo_zynq/ip/yolo_wbuf_bmg/yolo_wbuf_bmg/yolo_wbuf_bmg_in_context.xdc] for cell 'u_array/u_wbuf/u_bank1'
Finished Parsing XDC File [e:/competition/2_fpga/3_yolo_zynq/ip/yolo_wbuf_bmg/yolo_wbuf_bmg/yolo_wbuf_bmg_in_context.xdc] for cell 'u_array/u_wbuf/u_bank1'
Parsing XDC File [e:/competition/2_fpga/3_yolo_zynq/ip/yolo_xbuf_bmg/yolo_xbuf_bmg/yolo_xbuf_bmg_in_context.xdc] for cell 'u_array/u_xbuf/u_bank0'
Finished Parsing XDC File [e:/competition/2_fpga/3_yolo_zynq/ip/yolo_xbuf_bmg/yolo_xbuf_bmg/yolo_xbuf_bmg_in_context.xdc] for cell 'u_array/u_xbuf/u_bank0'
Parsing XDC File [e:/competition/2_fpga/3_yolo_zynq/ip/yolo_xbuf_bmg/yolo_xbuf_bmg/yolo_xbuf_bmg_in_context.xdc] for cell 'u_array/u_xbuf/u_bank1'
Finished Parsing XDC File [e:/competition/2_fpga/3_yolo_zynq/ip/yolo_xbuf_bmg/yolo_xbuf_bmg/yolo_xbuf_bmg_in_context.xdc] for cell 'u_array/u_xbuf/u_bank1'
Completed Processing XDC Constraints

Netlist sorting complete. Time (s): cpu = 00:00:01 ; elapsed = 00:00:00.013 . Memory (MB): peak = 2055.922 ; gain = 0.000
INFO: [Project 1-111] Unisim Transformation Summary:
No Unisim elements were transformed.

Constraint Validation Runtime : Time (s): cpu = 00:00:00 ; elapsed = 00:00:00.204 . Memory (MB): peak = 2055.922 ; gain = 0.000
---------------------------------------------------------------------------------
Finished Constraint Validation : Time (s): cpu = 00:00:17 ; elapsed = 00:00:17 . Memory (MB): peak = 2055.922 ; gain = 0.000
---------------------------------------------------------------------------------
---------------------------------------------------------------------------------
Start Loading Part and Timing Information
---------------------------------------------------------------------------------
Loading part: xc7z020clg484-1
---------------------------------------------------------------------------------
Finished Loading Part and Timing Information : Time (s): cpu = 00:00:17 ; elapsed = 00:00:17 . Memory (MB): peak = 2055.922 ; gain = 0.000
---------------------------------------------------------------------------------
---------------------------------------------------------------------------------
Start Applying 'set_property' XDC Constraints
---------------------------------------------------------------------------------
---------------------------------------------------------------------------------
Finished applying 'set_property' XDC Constraints : Time (s): cpu = 00:00:17 ; elapsed = 00:00:17 . Memory (MB): peak = 2055.922 ; gain = 0.000
---------------------------------------------------------------------------------
INFO: [Synth 8-802] inferred FSM for state register 'state_r_reg' in module 'yolo_ctrl'
INFO: [Synth 8-802] inferred FSM for state register 'phase_r_reg' in module 'yolo_xrowgen'
INFO: [Synth 8-802] inferred FSM for state register 'wldr_state_r_reg' in module 'yolo_gemm_array'
INFO: [Synth 8-802] inferred FSM for state register 'xldr_state_r_reg' in module 'yolo_gemm_array'
INFO: [Synth 8-802] inferred FSM for state register 'seg_state_r_reg' in module 'yolo_gemm_array'
---------------------------------------------------------------------------------------------------
                   State |                     New Encoding |                Previous Encoding 
---------------------------------------------------------------------------------------------------
                  S_IDLE |                          0000001 |                              000
                  S_TILE |                          0010000 |                              001
                     S_K |                          1000000 |                              010
                 S_DRAIN |                          0100000 |                              011
                  S_SNAP |                          0001000 |                              100
                 S_TWAIT |                          0000100 |                              101
                 S_LDONE |                          0000010 |                              110
---------------------------------------------------------------------------------------------------
INFO: [Synth 8-3354] encoded FSM with state register 'state_r_reg' using encoding 'one-hot' in module 'yolo_ctrl'
---------------------------------------------------------------------------------------------------
                   State |                     New Encoding |                Previous Encoding 
---------------------------------------------------------------------------------------------------
                  iSTATE |                              100 |                              000
                   P_DIV |                              000 |                              001
                  P_PART |                              001 |                              010
                  P_LANE |                              010 |                              011
                   P_RUN |                              011 |                              100
*
---------------------------------------------------------------------------------------------------
INFO: [Synth 8-3354] encoded FSM with state register 'phase_r_reg' using encoding 'sequential' in module 'yolo_xrowgen'
---------------------------------------------------------------------------------------------------
                   State |                     New Encoding |                Previous Encoding 
---------------------------------------------------------------------------------------------------
                SEG_IDLE |                               00 |                               00
                SEG_FILL |                               01 |                               01
                 SEG_CMD |                               10 |                               10
                  SEG_DR |                               11 |                               11
---------------------------------------------------------------------------------------------------
INFO: [Synth 8-3354] encoded FSM with state register 'seg_state_r_reg' using encoding 'sequential' in module 'yolo_gemm_array'
---------------------------------------------------------------------------------------------------
                   State |                     New Encoding |                Previous Encoding 
---------------------------------------------------------------------------------------------------
                 S_WIDLE |                               00 |                               00
                 S_WNEXT |                               01 |                               01
                  S_WCHK |                               10 |                               10
                  S_WRUN |                               11 |                               11
---------------------------------------------------------------------------------------------------
INFO: [Synth 8-3354] encoded FSM with state register 'wldr_state_r_reg' using encoding 'sequential' in module 'yolo_gemm_array'
---------------------------------------------------------------------------------------------------
                   State |                     New Encoding |                Previous Encoding 
---------------------------------------------------------------------------------------------------
                 S_XIDLE |                               00 |                               00
                 S_XNEXT |                               01 |                               01
                  S_XCHK |                               10 |                               10
                  S_XRUN |                               11 |                               11
---------------------------------------------------------------------------------------------------
INFO: [Synth 8-3354] encoded FSM with state register 'xldr_state_r_reg' using encoding 'sequential' in module 'yolo_gemm_array'
---------------------------------------------------------------------------------
Finished RTL Optimization Phase 2 : Time (s): cpu = 00:00:20 ; elapsed = 00:00:20 . Memory (MB): peak = 2055.922 ; gain = 0.000
---------------------------------------------------------------------------------
---------------------------------------------------------------------------------
Start RTL Component Statistics 
---------------------------------------------------------------------------------
---------------------------------------------------------------------------------
Finished RTL Component Statistics 
---------------------------------------------------------------------------------
---------------------------------------------------------------------------------
Start Part Resource Summary
---------------------------------------------------------------------------------
Part Resources:
DSPs: 220 (col length:60)
BRAMs: 280 (col length: RAMB18 60 RAMB36 30)
---------------------------------------------------------------------------------
Finished Part Resource Summary
---------------------------------------------------------------------------------
---------------------------------------------------------------------------------
Start Cross Boundary and Area Optimization
---------------------------------------------------------------------------------
INFO: [Synth 8-3333] propagating constant 0 across sequential element (\wo_row_r_reg[4] )
INFO: [Synth 8-12192] Not enough pipeline registers after wide multiplier. Pipeline registers present is 1. Recommended levels of pipeline registers is 4. [E:/competition/2_fpga/3_yolo_zynq/rtl/yolo_requant.v:273]
DSP Report: Generating DSP prod_c_w, operation Mode is: A*B.
DSP Report: operator prod_c_w is absorbed into DSP prod_c_w.
DSP Report: operator prod_c_w is absorbed into DSP prod_c_w.
DSP Report: Generating DSP prod_c_w, operation Mode is: (PCIN>>17)+A*B.
DSP Report: operator prod_c_w is absorbed into DSP prod_c_w.
DSP Report: operator prod_c_w is absorbed into DSP prod_c_w.
DSP Report: Generating DSP prod_c_w, operation Mode is: A*B.
DSP Report: operator prod_c_w is absorbed into DSP prod_c_w.
DSP Report: operator prod_c_w is absorbed into DSP prod_c_w.
DSP Report: Generating DSP prod_c_w, operation Mode is: (PCIN>>17)+A*B.
DSP Report: operator prod_c_w is absorbed into DSP prod_c_w.
DSP Report: operator prod_c_w is absorbed into DSP prod_c_w.
INFO: [Synth 8-3886] merging instance 'wpar_slotw_r_reg[2]' (FDCE) to 'wpar_slotw_r_reg[0]'
INFO: [Synth 8-3333] propagating constant 0 across sequential element (\wpar_slotw_r_reg[0] )
WARNING: [Synth 8-3332] Sequential element (prod_r_reg[47]) is unused and will be removed from module yolo_requant.
WARNING: [Synth 8-3332] Sequential element (prod_r_reg[46]) is unused and will be removed from module yolo_requant.
WARNING: [Synth 8-3332] Sequential element (prod_r_reg[45]) is unused and will be removed from module yolo_requant.
WARNING: [Synth 8-3332] Sequential element (prod_r_reg[44]) is unused and will be removed from module yolo_requant.
WARNING: [Synth 8-3332] Sequential element (prod_r_reg[43]) is unused and will be removed from module yolo_requant.
WARNING: [Synth 8-3332] Sequential element (prod_r_reg[42]) is unused and will be removed from module yolo_requant.
WARNING: [Synth 8-3332] Sequential element (prod_r_reg[41]) is unused and will be removed from module yolo_requant.
WARNING: [Synth 8-3332] Sequential element (prod_r_reg[40]) is unused and will be removed from module yolo_requant.
WARNING: [Synth 8-3332] Sequential element (prod_r_reg[39]) is unused and will be removed from module yolo_requant.
WARNING: [Synth 8-3332] Sequential element (prod_r_reg[38]) is unused and will be removed from module yolo_requant.
WARNING: [Synth 8-3332] Sequential element (prod_r_reg[37]) is unused and will be removed from module yolo_requant.
WARNING: [Synth 8-3332] Sequential element (prod_r_reg[36]) is unused and will be removed from module yolo_requant.
WARNING: [Synth 8-3332] Sequential element (prod_r_reg[35]) is unused and will be removed from module yolo_requant.
WARNING: [Synth 8-3332] Sequential element (prod_r_reg[34]) is unused and will be removed from module yolo_requant.
WARNING: [Synth 8-3332] Sequential element (prod_r_reg[33]) is unused and will be removed from module yolo_requant.
WARNING: [Synth 8-3332] Sequential element (prod_r_reg[32]) is unused and will be removed from module yolo_requant.
WARNING: [Synth 8-3332] Sequential element (prod_r_reg[31]) is unused and will be removed from module yolo_requant.
WARNING: [Synth 8-3332] Sequential element (prod_r_reg[30]) is unused and will be removed from module yolo_requant.
WARNING: [Synth 8-3332] Sequential element (prod_r_reg[29]) is unused and will be removed from module yolo_requant.
WARNING: [Synth 8-3332] Sequential element (prod_r_reg[28]) is unused and will be removed from module yolo_requant.
WARNING: [Synth 8-3332] Sequential element (prod_r_reg[27]) is unused and will be removed from module yolo_requant.
WARNING: [Synth 8-3332] Sequential element (prod_r_reg[26]) is unused and will be removed from module yolo_requant.
WARNING: [Synth 8-3332] Sequential element (prod_r_reg[25]) is unused and will be removed from module yolo_requant.
WARNING: [Synth 8-3332] Sequential element (prod_r_reg[24]) is unused and will be removed from module yolo_requant.
WARNING: [Synth 8-3332] Sequential element (prod_r_reg[23]) is unused and will be removed from module yolo_requant.
WARNING: [Synth 8-3332] Sequential element (prod_r_reg[22]) is unused and will be removed from module yolo_requant.
WARNING: [Synth 8-3332] Sequential element (prod_r_reg[21]) is unused and will be removed from module yolo_requant.
WARNING: [Synth 8-3332] Sequential element (prod_r_reg[20]) is unused and will be removed from module yolo_requant.
WARNING: [Synth 8-3332] Sequential element (prod_r_reg[19]) is unused and will be removed from module yolo_requant.
WARNING: [Synth 8-3332] Sequential element (prod_r_reg[18]) is unused and will be removed from module yolo_requant.
WARNING: [Synth 8-3332] Sequential element (prod_r_reg[17]) is unused and will be removed from module yolo_requant.
WARNING: [Synth 8-3332] Sequential element (prod_r_reg[47]__0) is unused and will be removed from module yolo_requant.
WARNING: [Synth 8-3332] Sequential element (prod_r_reg[46]__0) is unused and will be removed from module yolo_requant.
WARNING: [Synth 8-3332] Sequential element (prod_r_reg[45]__0) is unused and will be removed from module yolo_requant.
WARNING: [Synth 8-3332] Sequential element (prod_r_reg[44]__0) is unused and will be removed from module yolo_requant.
WARNING: [Synth 8-3332] Sequential element (prod_r_reg[43]__0) is unused and will be removed from module yolo_requant.
WARNING: [Synth 8-3332] Sequential element (prod_r_reg[42]__0) is unused and will be removed from module yolo_requant.
WARNING: [Synth 8-3332] Sequential element (prod_r_reg[41]__0) is unused and will be removed from module yolo_requant.
WARNING: [Synth 8-3332] Sequential element (prod_r_reg[40]__0) is unused and will be removed from module yolo_requant.
WARNING: [Synth 8-3332] Sequential element (prod_r_reg[39]__0) is unused and will be removed from module yolo_requant.
WARNING: [Synth 8-3332] Sequential element (prod_r_reg[38]__0) is unused and will be removed from module yolo_requant.
WARNING: [Synth 8-3332] Sequential element (prod_r_reg[37]__0) is unused and will be removed from module yolo_requant.
WARNING: [Synth 8-3332] Sequential element (prod_r_reg[36]__0) is unused and will be removed from module yolo_requant.
WARNING: [Synth 8-3332] Sequential element (prod_r_reg[35]__0) is unused and will be removed from module yolo_requant.
WARNING: [Synth 8-3332] Sequential element (prod_r_reg[34]__0) is unused and will be removed from module yolo_requant.
WARNING: [Synth 8-3332] Sequential element (prod_r_reg[33]__0) is unused and will be removed from module yolo_requant.
WARNING: [Synth 8-3332] Sequential element (prod_r_reg[32]__0) is unused and will be removed from module yolo_requant.
WARNING: [Synth 8-3332] Sequential element (prod_r_reg[31]__0) is unused and will be removed from module yolo_requant.
WARNING: [Synth 8-3332] Sequential element (prod_r_reg[30]__0) is unused and will be removed from module yolo_requant.
WARNING: [Synth 8-3332] Sequential element (prod_r_reg[47]__1) is unused and will be removed from module yolo_requant.
WARNING: [Synth 8-3332] Sequential element (prod_r_reg[46]__1) is unused and will be removed from module yolo_requant.
WARNING: [Synth 8-3332] Sequential element (prod_r_reg[45]__1) is unused and will be removed from module yolo_requant.
WARNING: [Synth 8-3332] Sequential element (prod_r_reg[44]__1) is unused and will be removed from module yolo_requant.
WARNING: [Synth 8-3332] Sequential element (prod_r_reg[43]__1) is unused and will be removed from module yolo_requant.
WARNING: [Synth 8-3332] Sequential element (prod_r_reg[42]__1) is unused and will be removed from module yolo_requant.
WARNING: [Synth 8-3332] Sequential element (prod_r_reg[41]__1) is unused and will be removed from module yolo_requant.
WARNING: [Synth 8-3332] Sequential element (prod_r_reg[40]__1) is unused and will be removed from module yolo_requant.
WARNING: [Synth 8-3332] Sequential element (prod_r_reg[39]__1) is unused and will be removed from module yolo_requant.
WARNING: [Synth 8-3332] Sequential element (prod_r_reg[38]__1) is unused and will be removed from module yolo_requant.
WARNING: [Synth 8-3332] Sequential element (prod_r_reg[37]__1) is unused and will be removed from module yolo_requant.
WARNING: [Synth 8-3332] Sequential element (prod_r_reg[36]__1) is unused and will be removed from module yolo_requant.
WARNING: [Synth 8-3332] Sequential element (prod_r_reg[35]__1) is unused and will be removed from module yolo_requant.
WARNING: [Synth 8-3332] Sequential element (prod_r_reg[34]__1) is unused and will be removed from module yolo_requant.
WARNING: [Synth 8-3332] Sequential element (prod_r_reg[33]__1) is unused and will be removed from module yolo_requant.
WARNING: [Synth 8-3332] Sequential element (prod_r_reg[32]__1) is unused and will be removed from module yolo_requant.
WARNING: [Synth 8-3332] Sequential element (prod_r_reg[31]__1) is unused and will be removed from module yolo_requant.
WARNING: [Synth 8-3332] Sequential element (prod_r_reg[30]__1) is unused and will be removed from module yolo_requant.
WARNING: [Synth 8-3332] Sequential element (prod_r_reg[29]__1) is unused and will be removed from module yolo_requant.
WARNING: [Synth 8-3332] Sequential element (prod_r_reg[28]__1) is unused and will be removed from module yolo_requant.
WARNING: [Synth 8-3332] Sequential element (prod_r_reg[27]__1) is unused and will be removed from module yolo_requant.
WARNING: [Synth 8-3332] Sequential element (prod_r_reg[26]__1) is unused and will be removed from module yolo_requant.
WARNING: [Synth 8-3332] Sequential element (prod_r_reg[25]__1) is unused and will be removed from module yolo_requant.
WARNING: [Synth 8-3332] Sequential element (prod_r_reg[24]__1) is unused and will be removed from module yolo_requant.
WARNING: [Synth 8-3332] Sequential element (prod_r_reg[23]__1) is unused and will be removed from module yolo_requant.
WARNING: [Synth 8-3332] Sequential element (prod_r_reg[22]__1) is unused and will be removed from module yolo_requant.
WARNING: [Synth 8-3332] Sequential element (prod_r_reg[21]__1) is unused and will be removed from module yolo_requant.
WARNING: [Synth 8-3332] Sequential element (prod_r_reg[20]__1) is unused and will be removed from module yolo_requant.
WARNING: [Synth 8-3332] Sequential element (prod_r_reg[19]__1) is unused and will be removed from module yolo_requant.
WARNING: [Synth 8-3332] Sequential element (prod_r_reg[18]__1) is unused and will be removed from module yolo_requant.
WARNING: [Synth 8-3332] Sequential element (prod_r_reg[17]__1) is unused and will be removed from module yolo_requant.
WARNING: [Synth 8-3332] Sequential element (prod_r_reg[47]__2) is unused and will be removed from module yolo_requant.
INFO: [Synth 8-3886] merging instance 'u_requant/himask_r_reg[0]' (FDCE) to 'u_requant/himask_r_reg[1]'
INFO: [Synth 8-3886] merging instance 'u_requant/himask_r_reg[1]' (FDCE) to 'u_requant/himask_r_reg[2]'
INFO: [Synth 8-3886] merging instance 'u_requant/himask_r_reg[2]' (FDCE) to 'u_requant/himask_r_reg[3]'
INFO: [Synth 8-3886] merging instance 'u_requant/himask_r_reg[3]' (FDCE) to 'u_requant/himask_r_reg[4]'
INFO: [Synth 8-3886] merging instance 'u_requant/himask_r_reg[4]' (FDCE) to 'u_requant/himask_r_reg[5]'
INFO: [Synth 8-3886] merging instance 'u_requant/himask_r_reg[5]' (FDCE) to 'u_requant/himask_r_reg[6]'
INFO: [Synth 8-3333] propagating constant 0 across sequential element (u_requant/\himask_r_reg[6] )
DSP Report: Generating DSP row_prod_d2_r0, operation Mode is: A*B.
DSP Report: operator row_prod_d2_r0 is absorbed into DSP row_prod_d2_r0.
DSP Report: Generating DSP wcmd_addr_w1, operation Mode is: A*B.
DSP Report: operator wcmd_addr_w1 is absorbed into DSP wcmd_addr_w1.
DSP Report: Generating DSP p_0_in, operation Mode is: (C:0xffffffffffff)+A*B.
DSP Report: operator p_0_in is absorbed into DSP p_0_in.
DSP Report: operator snap_prod_w is absorbed into DSP p_0_in.
WARNING: [Synth 8-3917] design yolo_gemm_array__GCB7 has port P[3] driven by constant 0
WARNING: [Synth 8-3917] design yolo_gemm_array__GCB7 has port P[2] driven by constant 0
WARNING: [Synth 8-3917] design yolo_gemm_array__GCB7 has port P[1] driven by constant 0
WARNING: [Synth 8-3917] design yolo_gemm_array__GCB7 has port P[0] driven by constant 0
WARNING: [Synth 8-7129] Port rlast_i in module yolo_dma is either unconnected or has no load
WARNING: [Synth 8-7129] Port rlast_i in module yolo_dma__1 is either unconnected or has no load
WARNING: [Synth 8-7129] Port bresp_i[1] in module yolo_dma_wr is either unconnected or has no load
WARNING: [Synth 8-7129] Port bresp_i[0] in module yolo_dma_wr is either unconnected or has no load
WARNING: [Synth 8-13161] RAM (u_wbuf/i_25) is optimized away because it doesn't have any load.
WARNING: [Synth 8-6014] Unused sequential element par_b0_reg was removed. 
INFO: [Synth 8-3886] merging instance 'i_1/n_base_d1_r_reg[3]' (FDCE) to 'i_1/n_base_d1_r_reg[2]'
INFO: [Synth 8-3886] merging instance 'i_1/n_base_d1_r_reg[2]' (FDCE) to 'i_1/n_base_d1_r_reg[1]'
INFO: [Synth 8-3886] merging instance 'i_1/n_base_d1_r_reg[1]' (FDCE) to 'i_1/n_base_d1_r_reg[0]'
INFO: [Synth 8-3333] propagating constant 0 across sequential element (i_1/\n_base_d1_r_reg[0] )
INFO: [Synth 8-3886] merging instance 'u_dma/cf_len_reg[3][23]' (FDE) to 'u_dma/cf_len_reg[3][0]'
INFO: [Synth 8-3886] merging instance 'u_dma/cf_len_reg[2][23]' (FDE) to 'u_dma/cf_len_reg[2][0]'
INFO: [Synth 8-3886] merging instance 'u_dma/cf_len_reg[1][23]' (FDE) to 'u_dma/cf_len_reg[1][0]'
INFO: [Synth 8-3886] merging instance 'u_dma/cf_len_reg[0][23]' (FDE) to 'u_dma/cf_len_reg[0][0]'
INFO: [Synth 8-3886] merging instance 'u_dma/cf_len_reg[3][22]' (FDE) to 'u_dma/cf_len_reg[3][0]'
INFO: [Synth 8-3886] merging instance 'u_dma/cf_len_reg[2][22]' (FDE) to 'u_dma/cf_len_reg[2][0]'
INFO: [Synth 8-3886] merging instance 'u_dma/cf_len_reg[1][22]' (FDE) to 'u_dma/cf_len_reg[1][0]'
INFO: [Synth 8-3886] merging instance 'u_dma/cf_len_reg[0][22]' (FDE) to 'u_dma/cf_len_reg[0][0]'
INFO: [Synth 8-3886] merging instance 'u_dma/cf_len_reg[3][21]' (FDE) to 'u_dma/cf_len_reg[3][0]'
INFO: [Synth 8-3886] merging instance 'u_dma/cf_len_reg[2][21]' (FDE) to 'u_dma/cf_len_reg[2][0]'
INFO: [Synth 8-3886] merging instance 'u_dma/cf_len_reg[1][21]' (FDE) to 'u_dma/cf_len_reg[1][0]'
INFO: [Synth 8-3886] merging instance 'u_dma/cf_len_reg[0][21]' (FDE) to 'u_dma/cf_len_reg[0][0]'
INFO: [Synth 8-3886] merging instance 'u_dma/cf_len_reg[3][20]' (FDE) to 'u_dma/cf_len_reg[3][0]'
INFO: [Synth 8-3886] merging instance 'u_dma/cf_len_reg[2][20]' (FDE) to 'u_dma/cf_len_reg[2][0]'
INFO: [Synth 8-3886] merging instance 'u_dma/cf_len_reg[1][20]' (FDE) to 'u_dma/cf_len_reg[1][0]'
INFO: [Synth 8-3886] merging instance 'u_dma/cf_len_reg[0][20]' (FDE) to 'u_dma/cf_len_reg[0][0]'
INFO: [Synth 8-3886] merging instance 'u_dma/cf_len_reg[3][19]' (FDE) to 'u_dma/cf_len_reg[3][0]'
INFO: [Synth 8-3886] merging instance 'u_dma/cf_len_reg[2][19]' (FDE) to 'u_dma/cf_len_reg[2][0]'
INFO: [Synth 8-3886] merging instance 'u_dma/cf_len_reg[1][19]' (FDE) to 'u_dma/cf_len_reg[1][0]'
INFO: [Synth 8-3886] merging instance 'u_dma/cf_len_reg[0][19]' (FDE) to 'u_dma/cf_len_reg[0][0]'
INFO: [Synth 8-3886] merging instance 'u_dma/cf_len_reg[3][18]' (FDE) to 'u_dma/cf_len_reg[3][0]'
INFO: [Synth 8-3886] merging instance 'u_dma/cf_len_reg[2][18]' (FDE) to 'u_dma/cf_len_reg[2][0]'
INFO: [Synth 8-3886] merging instance 'u_dma/cf_len_reg[1][18]' (FDE) to 'u_dma/cf_len_reg[1][0]'
INFO: [Synth 8-3886] merging instance 'u_dma/cf_len_reg[0][18]' (FDE) to 'u_dma/cf_len_reg[0][0]'
INFO: [Synth 8-3886] merging instance 'u_dma/cf_len_reg[3][17]' (FDE) to 'u_dma/cf_len_reg[3][0]'
INFO: [Synth 8-3886] merging instance 'u_dma/cf_len_reg[2][17]' (FDE) to 'u_dma/cf_len_reg[2][0]'
INFO: [Synth 8-3886] merging instance 'u_dma/cf_len_reg[1][17]' (FDE) to 'u_dma/cf_len_reg[1][0]'
INFO: [Synth 8-3886] merging instance 'u_dma/cf_len_reg[0][17]' (FDE) to 'u_dma/cf_len_reg[0][0]'
INFO: [Synth 8-3886] merging instance 'u_dma/cf_len_reg[3][16]' (FDE) to 'u_dma/cf_len_reg[3][0]'
INFO: [Synth 8-3886] merging instance 'u_dma/cf_len_reg[2][16]' (FDE) to 'u_dma/cf_len_reg[2][0]'
INFO: [Synth 8-3886] merging instance 'u_dma/cf_len_reg[1][16]' (FDE) to 'u_dma/cf_len_reg[1][0]'
INFO: [Synth 8-3886] merging instance 'u_dma/cf_len_reg[0][16]' (FDE) to 'u_dma/cf_len_reg[0][0]'
INFO: [Synth 8-3886] merging instance 'u_dma/cf_len_reg[3][15]' (FDE) to 'u_dma/cf_len_reg[3][0]'
INFO: [Synth 8-3886] merging instance 'u_dma/cf_len_reg[2][15]' (FDE) to 'u_dma/cf_len_reg[2][0]'
INFO: [Synth 8-3886] merging instance 'u_dma/cf_len_reg[1][15]' (FDE) to 'u_dma/cf_len_reg[1][0]'
INFO: [Synth 8-3886] merging instance 'u_dma/cf_len_reg[0][15]' (FDE) to 'u_dma/cf_len_reg[0][0]'
INFO: [Synth 8-3886] merging instance 'u_dma/cf_len_reg[3][14]' (FDE) to 'u_dma/cf_len_reg[3][0]'
INFO: [Synth 8-3886] merging instance 'u_dma/cf_len_reg[2][14]' (FDE) to 'u_dma/cf_len_reg[2][0]'
INFO: [Synth 8-3886] merging instance 'u_dma/cf_len_reg[1][14]' (FDE) to 'u_dma/cf_len_reg[1][0]'
INFO: [Synth 8-3886] merging instance 'u_dma/cf_len_reg[0][14]' (FDE) to 'u_dma/cf_len_reg[0][0]'
INFO: [Synth 8-3886] merging instance 'u_dma/cf_len_reg[3][13]' (FDE) to 'u_dma/cf_len_reg[3][0]'
INFO: [Synth 8-3886] merging instance 'u_dma/cf_len_reg[2][13]' (FDE) to 'u_dma/cf_len_reg[2][0]'
INFO: [Synth 8-3886] merging instance 'u_dma/cf_len_reg[1][13]' (FDE) to 'u_dma/cf_len_reg[1][0]'
INFO: [Synth 8-3886] merging instance 'u_dma/cf_len_reg[0][13]' (FDE) to 'u_dma/cf_len_reg[0][0]'
INFO: [Synth 8-3886] merging instance 'u_dma/cf_len_reg[3][0]' (FDE) to 'u_dma/cf_len_reg[3][1]'
INFO: [Synth 8-3886] merging instance 'u_dma/cf_len_reg[2][0]' (FDE) to 'u_dma/cf_len_reg[2][1]'
INFO: [Synth 8-3886] merging instance 'u_dma/cf_len_reg[1][0]' (FDE) to 'u_dma/cf_len_reg[1][1]'
INFO: [Synth 8-3886] merging instance 'u_dma/cf_len_reg[0][0]' (FDE) to 'u_dma/cf_len_reg[0][1]'
INFO: [Synth 8-3886] merging instance 'u_dma/cf_len_reg[3][1]' (FDE) to 'u_dma/cf_len_reg[3][2]'
INFO: [Synth 8-3886] merging instance 'u_dma/cf_len_reg[2][1]' (FDE) to 'u_dma/cf_len_reg[2][2]'
INFO: [Synth 8-3886] merging instance 'u_dma/cf_len_reg[1][1]' (FDE) to 'u_dma/cf_len_reg[1][2]'
INFO: [Synth 8-3886] merging instance 'u_dma/cf_len_reg[0][1]' (FDE) to 'u_dma/cf_len_reg[0][2]'
INFO: [Synth 8-3333] propagating constant 0 across sequential element (u_dma/\cf_len_reg[3][2] )
INFO: [Synth 8-3333] propagating constant 0 across sequential element (u_dma/\cf_len_reg[2][2] )
INFO: [Synth 8-3333] propagating constant 0 across sequential element (u_dma/\cf_len_reg[1][2] )
INFO: [Synth 8-3333] propagating constant 0 across sequential element (u_dma/\cf_len_reg[0][2] )
INFO: [Synth 8-3886] merging instance 'u_ctrl/oc_tiles_r_reg[11]' (FDCE) to 'u_ctrl/oc_tiles_r_reg[8]'
INFO: [Synth 8-3886] merging instance 'u_ctrl/oc_tiles_r_reg[9]' (FDCE) to 'u_ctrl/oc_tiles_r_reg[8]'
INFO: [Synth 8-3886] merging instance 'u_ctrl/oc_tiles_r_reg[10]' (FDCE) to 'u_ctrl/oc_tiles_r_reg[8]'
INFO: [Synth 8-3333] propagating constant 0 across sequential element (u_ctrl/\oc_tiles_r_reg[8] )
INFO: [Synth 8-3886] merging instance 'oc_g_d1_r_reg[0]' (FDCE) to 'oc_loc_d1_r_reg[0]'
INFO: [Synth 8-3886] merging instance 'oc_g_d1_r_reg[1]' (FDCE) to 'oc_loc_d1_r_reg[1]'
INFO: [Synth 8-3886] merging instance 'oc_g_d1_r_reg[2]' (FDCE) to 'oc_loc_d1_r_reg[2]'
INFO: [Synth 8-3886] merging instance 'oc_g_d1_r_reg[3]' (FDCE) to 'oc_loc_d1_r_reg[3]'
INFO: [Synth 8-3886] merging instance 'u_dma/want2_r_reg[24]' (FDCE) to 'u_dma/want2_r_reg[25]'
INFO: [Synth 8-3886] merging instance 'u_dma/want2_r_reg[25]' (FDCE) to 'u_dma/want2_r_reg[26]'
INFO: [Synth 8-3886] merging instance 'u_dma/want2_r_reg[26]' (FDCE) to 'u_dma/want2_r_reg[27]'
INFO: [Synth 8-3886] merging instance 'u_dma/want2_r_reg[27]' (FDCE) to 'u_dma/want2_r_reg[28]'
INFO: [Synth 8-3886] merging instance 'u_dma/want2_r_reg[28]' (FDCE) to 'u_dma/want2_r_reg[29]'
INFO: [Synth 8-3886] merging instance 'u_dma/want2_r_reg[29]' (FDCE) to 'u_dma/want2_r_reg[30]'
INFO: [Synth 8-3886] merging instance 'u_dma/want2_r_reg[30]' (FDCE) to 'u_dma/want2_r_reg[31]'
INFO: [Synth 8-3333] propagating constant 0 across sequential element (u_dma/\want2_r_reg[31] )
INFO: [Synth 8-3886] merging instance 'u_dma_x/want2_r_reg[24]' (FDCE) to 'u_dma_x/want2_r_reg[25]'
INFO: [Synth 8-3886] merging instance 'u_dma_x/want2_r_reg[25]' (FDCE) to 'u_dma_x/want2_r_reg[26]'
INFO: [Synth 8-3886] merging instance 'u_dma_x/want2_r_reg[26]' (FDCE) to 'u_dma_x/want2_r_reg[27]'
INFO: [Synth 8-3886] merging instance 'u_dma_x/want2_r_reg[27]' (FDCE) to 'u_dma_x/want2_r_reg[28]'
INFO: [Synth 8-3886] merging instance 'u_dma_x/want2_r_reg[28]' (FDCE) to 'u_dma_x/want2_r_reg[29]'
INFO: [Synth 8-3886] merging instance 'u_dma_x/want2_r_reg[29]' (FDCE) to 'u_dma_x/want2_r_reg[30]'
INFO: [Synth 8-3886] merging instance 'u_dma_x/want2_r_reg[30]' (FDCE) to 'u_dma_x/want2_r_reg[31]'
INFO: [Synth 8-3333] propagating constant 0 across sequential element (u_dma_x/\want2_r_reg[31] )
INFO: [Synth 8-3333] propagating constant 0 across sequential element (u_dma_wr/\lo_r_reg[3] )
INFO: [Synth 8-3886] merging instance 'u_dma_wr/want2_r_reg[24]' (FDCE) to 'u_dma_wr/want2_r_reg[25]'
INFO: [Synth 8-3886] merging instance 'u_dma_wr/want2_r_reg[25]' (FDCE) to 'u_dma_wr/want2_r_reg[26]'
INFO: [Synth 8-3886] merging instance 'u_dma_wr/want2_r_reg[26]' (FDCE) to 'u_dma_wr/want2_r_reg[27]'
INFO: [Synth 8-3886] merging instance 'u_dma_wr/want2_r_reg[27]' (FDCE) to 'u_dma_wr/want2_r_reg[28]'
INFO: [Synth 8-3886] merging instance 'u_dma_wr/want2_r_reg[28]' (FDCE) to 'u_dma_wr/want2_r_reg[29]'
INFO: [Synth 8-3886] merging instance 'u_dma_wr/want2_r_reg[29]' (FDCE) to 'u_dma_wr/want2_r_reg[30]'
INFO: [Synth 8-3886] merging instance 'u_dma_wr/want2_r_reg[30]' (FDCE) to 'u_dma_wr/want2_r_reg[31]'
INFO: [Synth 8-3333] propagating constant 0 across sequential element (u_dma_wr/\want2_r_reg[31] )
INFO: [Synth 8-3886] merging instance 'cfg_oc_tiles_r_reg[11]' (FDCE) to 'cfg_oc_tiles_r_reg[10]'
INFO: [Synth 8-3886] merging instance 'cfg_oc_tiles_r_reg[9]' (FDCE) to 'cfg_oc_tiles_r_reg[10]'
INFO: [Synth 8-3886] merging instance 'cfg_oc_tiles_r_reg[10]' (FDCE) to 'cfg_oc_tiles_r_reg[8]'
INFO: [Synth 8-3333] propagating constant 0 across sequential element (\cfg_oc_tiles_r_reg[8] )
INFO: [Synth 8-3886] merging instance 'u_dma/sf_len_reg[3][23]' (FDE) to 'u_dma/sf_len_reg[3][22]'
INFO: [Synth 8-3886] merging instance 'u_dma/sf_len_reg[2][23]' (FDE) to 'u_dma/sf_len_reg[2][22]'
INFO: [Synth 8-3886] merging instance 'u_dma/sf_len_reg[1][23]' (FDE) to 'u_dma/sf_len_reg[1][22]'
INFO: [Synth 8-3886] merging instance 'u_dma/sf_len_reg[0][23]' (FDE) to 'u_dma/sf_len_reg[0][22]'
INFO: [Synth 8-3886] merging instance 'u_dma/sf_len_reg[3][22]' (FDE) to 'u_dma/sf_len_reg[3][21]'
INFO: [Synth 8-3886] merging instance 'u_dma/sf_len_reg[2][22]' (FDE) to 'u_dma/sf_len_reg[2][21]'
INFO: [Synth 8-3886] merging instance 'u_dma/sf_len_reg[1][22]' (FDE) to 'u_dma/sf_len_reg[1][21]'
INFO: [Common 17-14] Message 'Synth 8-3886' appears 100 times and further instances of the messages will be disabled. Use the Tcl command set_msg_config to change the current settings.
INFO: [Common 17-14] Message 'Synth 8-3886' appears 100 times and further instances of the messages will be disabled. Use the Tcl command set_msg_config to change the current settings.
INFO: [Synth 8-3333] propagating constant 0 across sequential element (u_dma/\sf_len_reg[3][2] )
INFO: [Synth 8-3333] propagating constant 0 across sequential element (u_dma/\sf_len_reg[2][2] )
INFO: [Synth 8-3333] propagating constant 0 across sequential element (u_dma/\sf_len_reg[1][2] )
INFO: [Synth 8-3333] propagating constant 0 across sequential element (u_dma/\sf_len_reg[0][2] )
INFO: [Synth 8-3333] propagating constant 0 across sequential element (u_dma/\want2_r_reg[23] )
INFO: [Synth 8-3333] propagating constant 0 across sequential element (u_dma_x/\want2_r_reg[23] )
INFO: [Synth 8-3333] propagating constant 0 across sequential element (u_dma_wr/\want2_r_reg[23] )
---------------------------------------------------------------------------------
Finished Cross Boundary and Area Optimization : Time (s): cpu = 00:00:44 ; elapsed = 00:00:58 . Memory (MB): peak = 2055.922 ; gain = 0.000
---------------------------------------------------------------------------------
 Sort Area is yolo_gemm_array__GCB6 prod_c_w_0 : 0 0 : 3101 5754 : Used 1 time 0
 Sort Area is yolo_gemm_array__GCB6 prod_c_w_0 : 0 1 : 2653 5754 : Used 1 time 0
 Sort Area is yolo_gemm_array__GCB6 prod_c_w_3 : 0 0 : 2759 5302 : Used 1 time 0
 Sort Area is yolo_gemm_array__GCB6 prod_c_w_3 : 0 1 : 2543 5302 : Used 1 time 0
 Sort Area is yolo_xrowgen__GB1 part_row0_w_6 : 0 0 : 2484 2484 : Used 1 time 0
 Sort Area is yolo_gemm_array__GCB7 wcmd_addr_w1_2 : 0 0 : 2043 2043 : Used 1 time 0
 Sort Area is yolo_xrowgen__GB1 ihiw_r0_0 : 0 0 : 1946 1946 : Used 1 time 0
 Sort Area is yolo_gemm_array__GCB7 row_prod_d2_r0_0 : 0 0 : 1946 1946 : Used 1 time 0
 Sort Area is yolo_gemm_array__GCB7 p_0_in_4 : 0 0 : 1096 1096 : Used 1 time 0
 Sort Area is yolo_xrowgen__GB1 p_0_out_2 : 0 0 : 878 878 : Used 1 time 0
 Sort Area is yolo_xrowgen__GB1 dma_hi0_w2_d : 0 0 : 632 695 : Used 1 time 0
 Sort Area is yolo_xrowgen__GB1 dma_hi0_w2_d : 0 1 : 63 695 : Used 1 time 0
 Sort Area is yolo_xrowgen__GB1 dma_hi1_w2_c : 0 0 : 632 695 : Used 1 time 0
 Sort Area is yolo_xrowgen__GB1 dma_hi1_w2_c : 0 1 : 63 695 : Used 1 time 0
 Sort Area is yolo_xrowgen__GB1 dma_hi2_w2_b : 0 0 : 632 695 : Used 1 time 0
 Sort Area is yolo_xrowgen__GB1 dma_hi2_w2_b : 0 1 : 63 695 : Used 1 time 0
 Sort Area is yolo_xrowgen__GB1 dma_hi3_w2_8 : 0 0 : 632 695 : Used 1 time 0
 Sort Area is yolo_xrowgen__GB1 dma_hi3_w2_8 : 0 1 : 63 695 : Used 1 time 0
 Sort Area is yolo_xrowgen__GB1 part_iwlo_w_4 : 0 0 : 684 684 : Used 1 time 0
---------------------------------------------------------------------------------
Start Applying XDC Timing Constraints
---------------------------------------------------------------------------------
---------------------------------------------------------------------------------
Finished Applying XDC Timing Constraints : Time (s): cpu = 00:00:52 ; elapsed = 00:01:06 . Memory (MB): peak = 2055.922 ; gain = 0.000
---------------------------------------------------------------------------------
---------------------------------------------------------------------------------
Start Timing Optimization
---------------------------------------------------------------------------------
---------------------------------------------------------------------------------
Finished Timing Optimization : Time (s): cpu = 00:00:55 ; elapsed = 00:01:09 . Memory (MB): peak = 2060.164 ; gain = 4.242
---------------------------------------------------------------------------------
---------------------------------------------------------------------------------
Start Technology Mapping
---------------------------------------------------------------------------------
INFO: [Common 17-14] Message 'Synth 8-3886' appears 100 times and further instances of the messages will be disabled. Use the Tcl command set_msg_config to change the current settings.
INFO: [Synth 8-5844] Detected registers with asynchronous reset at DSP/BRAM block boundary. Consider using synchronous reset for optimal packing [E:/competition/2_fpga/3_yolo_zynq/rtl/yolo_requant.v:305]
INFO: [Synth 8-5844] Detected registers with asynchronous reset at DSP/BRAM block boundary. Consider using synchronous reset for optimal packing [E:/competition/2_fpga/3_yolo_zynq/rtl/yolo_requant.v:305]
INFO: [Synth 8-5844] Detected registers with asynchronous reset at DSP/BRAM block boundary. Consider using synchronous reset for optimal packing [E:/competition/2_fpga/3_yolo_zynq/rtl/yolo_requant.v:273]
INFO: [Synth 8-5844] Detected registers with asynchronous reset at DSP/BRAM block boundary. Consider using synchronous reset for optimal packing [E:/competition/2_fpga/3_yolo_zynq/rtl/yolo_requant.v:273]
INFO: [Synth 8-5844] Detected registers with asynchronous reset at DSP/BRAM block boundary. Consider using synchronous reset for optimal packing [E:/competition/2_fpga/3_yolo_zynq/rtl/yolo_requant.v:273]
INFO: [Synth 8-5844] Detected registers with asynchronous reset at DSP/BRAM block boundary. Consider using synchronous reset for optimal packing [E:/competition/2_fpga/3_yolo_zynq/rtl/yolo_requant.v:273]
INFO: [Synth 8-5844] Detected registers with asynchronous reset at DSP/BRAM block boundary. Consider using synchronous reset for optimal packing [E:/competition/2_fpga/3_yolo_zynq/rtl/yolo_requant.v:273]
INFO: [Synth 8-5844] Detected registers with asynchronous reset at DSP/BRAM block boundary. Consider using synchronous reset for optimal packing [E:/competition/2_fpga/3_yolo_zynq/rtl/yolo_requant.v:273]
INFO: [Synth 8-5844] Detected registers with asynchronous reset at DSP/BRAM block boundary. Consider using synchronous reset for optimal packing [E:/competition/2_fpga/3_yolo_zynq/rtl/yolo_requant.v:273]
INFO: [Synth 8-5844] Detected registers with asynchronous reset at DSP/BRAM block boundary. Consider using synchronous reset for optimal packing [E:/competition/2_fpga/3_yolo_zynq/rtl/yolo_requant.v:273]
INFO: [Synth 8-5844] Detected registers with asynchronous reset at DSP/BRAM block boundary. Consider using synchronous reset for optimal packing [E:/competition/2_fpga/3_yolo_zynq/rtl/yolo_gemm_array.v:1503]
INFO: [Synth 8-5844] Detected registers with asynchronous reset at DSP/BRAM block boundary. Consider using synchronous reset for optimal packing [E:/competition/2_fpga/3_yolo_zynq/rtl/yolo_gemm_array.v:382]
INFO: [Synth 8-5844] Detected registers with asynchronous reset at DSP/BRAM block boundary. Consider using synchronous reset for optimal packing [E:/competition/2_fpga/3_yolo_zynq/rtl/yolo_gemm_array.v:1376]
INFO: [Synth 8-5844] Detected registers with asynchronous reset at DSP/BRAM block boundary. Consider using synchronous reset for optimal packing [E:/competition/2_fpga/3_yolo_zynq/rtl/yolo_gemm_array.v:1227]
INFO: [Synth 8-5844] Detected registers with asynchronous reset at DSP/BRAM block boundary. Consider using synchronous reset for optimal packing [E:/competition/2_fpga/3_yolo_zynq/rtl/yolo_gemm_array.v:1228]
---------------------------------------------------------------------------------
Finished Technology Mapping : Time (s): cpu = 00:01:01 ; elapsed = 00:01:21 . Memory (MB): peak = 2086.820 ; gain = 30.898
---------------------------------------------------------------------------------
---------------------------------------------------------------------------------
Start IO Insertion
---------------------------------------------------------------------------------
---------------------------------------------------------------------------------
Start Flattening Before IO Insertion
---------------------------------------------------------------------------------
---------------------------------------------------------------------------------
Finished Flattening Before IO Insertion
---------------------------------------------------------------------------------
---------------------------------------------------------------------------------
Start Final Netlist Cleanup
---------------------------------------------------------------------------------
---------------------------------------------------------------------------------
Finished Final Netlist Cleanup
---------------------------------------------------------------------------------
---------------------------------------------------------------------------------
Finished IO Insertion : Time (s): cpu = 00:01:08 ; elapsed = 00:01:29 . Memory (MB): peak = 2285.105 ; gain = 229.184
---------------------------------------------------------------------------------
---------------------------------------------------------------------------------
Start Renaming Generated Instances
---------------------------------------------------------------------------------
---------------------------------------------------------------------------------
Finished Renaming Generated Instances : Time (s): cpu = 00:01:09 ; elapsed = 00:01:29 . Memory (MB): peak = 2285.105 ; gain = 229.184
---------------------------------------------------------------------------------
---------------------------------------------------------------------------------
Start Rebuilding User Hierarchy
---------------------------------------------------------------------------------
---------------------------------------------------------------------------------
Finished Rebuilding User Hierarchy : Time (s): cpu = 00:01:12 ; elapsed = 00:01:33 . Memory (MB): peak = 2316.082 ; gain = 260.160
---------------------------------------------------------------------------------
---------------------------------------------------------------------------------
Start Renaming Generated Ports
---------------------------------------------------------------------------------
---------------------------------------------------------------------------------
Finished Renaming Generated Ports : Time (s): cpu = 00:01:12 ; elapsed = 00:01:33 . Memory (MB): peak = 2316.082 ; gain = 260.160
---------------------------------------------------------------------------------
---------------------------------------------------------------------------------
Start Handling Custom Attributes
---------------------------------------------------------------------------------
---------------------------------------------------------------------------------
Finished Handling Custom Attributes : Time (s): cpu = 00:01:14 ; elapsed = 00:01:35 . Memory (MB): peak = 2316.082 ; gain = 260.160
---------------------------------------------------------------------------------
---------------------------------------------------------------------------------
Start Renaming Generated Nets
---------------------------------------------------------------------------------
---------------------------------------------------------------------------------
Finished Renaming Generated Nets : Time (s): cpu = 00:01:14 ; elapsed = 00:01:35 . Memory (MB): peak = 2316.082 ; gain = 260.160
---------------------------------------------------------------------------------
---------------------------------------------------------------------------------
Start Writing Synthesis Report
---------------------------------------------------------------------------------

DSP Final Report (the ' indicates corresponding REG is set)
+-----------------+-----------------+--------+--------+--------+--------+--------+------+------+------+------+-------+------+------+
|Module Name      | DSP Mapping     | A Size | B Size | C Size | D Size | P Size | AREG | BREG | CREG | DREG | ADREG | MREG | PREG | 
+-----------------+-----------------+--------+--------+--------+--------+--------+------+------+------+------+-------+------+------+
|yolo_gemm_array  | (A*B)'          | 16     | 16     | -      | -      | 32     | 0    | 0    | -    | -    | -     | 0    | 1    | 
|yolo_gemm_array  | A*B             | 17     | 13     | -      | -      | 33     | 0    | 0    | -    | -    | -     | 0    | 0    | 
|yolo_gemm_array  | C+A*B           | 12     | 12     | 48     | -      | 16     | 0    | 0    | 0    | -    | -     | 0    | 0    | 
|yolo_pe_pack     | ((A'*B')')'     | 25     | 18     | -      | -      | 34     | 1    | 1    | -    | -    | -     | 1    | 1    | 
|yolo_pe_pack_31  | ((A'*B')')'     | 25     | 18     | -      | -      | 34     | 1    | 1    | -    | -    | -     | 1    | 1    | 
|yolo_pe_pack_32  | ((A'*B')')'     | 25     | 18     | -      | -      | 34     | 1    | 1    | -    | -    | -     | 1    | 1    | 
|yolo_pe_pack_33  | ((A'*B')')'     | 25     | 18     | -      | -      | 34     | 1    | 1    | -    | -    | -     | 1    | 1    | 
|yolo_pe_pack_34  | ((A'*B')')'     | 25     | 18     | -      | -      | 34     | 1    | 1    | -    | -    | -     | 1    | 1    | 
|yolo_pe_pack_35  | ((A'*B')')'     | 25     | 18     | -      | -      | 34     | 1    | 1    | -    | -    | -     | 1    | 1    | 
|yolo_pe_pack_36  | ((A'*B')')'     | 25     | 18     | -      | -      | 34     | 1    | 1    | -    | -    | -     | 1    | 1    | 
|yolo_pe_pack_37  | ((A'*B')')'     | 25     | 18     | -      | -      | 34     | 1    | 1    | -    | -    | -     | 1    | 1    | 
|yolo_pe_pack_38  | ((A'*B')')'     | 25     | 18     | -      | -      | 34     | 1    | 1    | -    | -    | -     | 1    | 1    | 
|yolo_pe_pack_39  | ((A'*B')')'     | 25     | 18     | -      | -      | 34     | 1    | 1    | -    | -    | -     | 1    | 1    | 
|yolo_pe_pack_40  | ((A'*B')')'     | 25     | 18     | -      | -      | 34     | 1    | 1    | -    | -    | -     | 1    | 1    | 
|yolo_pe_pack_41  | ((A'*B')')'     | 25     | 18     | -      | -      | 34     | 1    | 1    | -    | -    | -     | 1    | 1    | 
|yolo_pe_pack_42  | ((A'*B')')'     | 25     | 18     | -      | -      | 34     | 1    | 1    | -    | -    | -     | 1    | 1    | 
|yolo_pe_pack_43  | ((A'*B')')'     | 25     | 18     | -      | -      | 34     | 1    | 1    | -    | -    | -     | 1    | 1    | 
|yolo_pe_pack_44  | ((A'*B')')'     | 25     | 18     | -      | -      | 34     | 1    | 1    | -    | -    | -     | 1    | 1    | 
|yolo_pe_pack_45  | ((A'*B')')'     | 25     | 18     | -      | -      | 34     | 1    | 1    | -    | -    | -     | 1    | 1    | 
|yolo_pe_pack_46  | ((A'*B')')'     | 25     | 18     | -      | -      | 34     | 1    | 1    | -    | -    | -     | 1    | 1    | 
|yolo_pe_pack_47  | ((A'*B')')'     | 25     | 18     | -      | -      | 34     | 1    | 1    | -    | -    | -     | 1    | 1    | 
|yolo_pe_pack_48  | ((A'*B')')'     | 25     | 18     | -      | -      | 34     | 1    | 1    | -    | -    | -     | 1    | 1    | 
|yolo_pe_pack_49  | ((A'*B')')'     | 25     | 18     | -      | -      | 34     | 1    | 1    | -    | -    | -     | 1    | 1    | 
|yolo_pe_pack_50  | ((A'*B')')'     | 25     | 18     | -      | -      | 34     | 1    | 1    | -    | -    | -     | 1    | 1    | 
|yolo_pe_pack_51  | ((A'*B')')'     | 25     | 18     | -      | -      | 34     | 1    | 1    | -    | -    | -     | 1    | 1    | 
|yolo_pe_pack_52  | ((A'*B')')'     | 25     | 18     | -      | -      | 34     | 1    | 1    | -    | -    | -     | 1    | 1    | 
|yolo_pe_pack_53  | ((A'*B')')'     | 25     | 18     | -      | -      | 34     | 1    | 1    | -    | -    | -     | 1    | 1    | 
|yolo_pe_pack_54  | ((A'*B')')'     | 25     | 18     | -      | -      | 34     | 1    | 1    | -    | -    | -     | 1    | 1    | 
|yolo_pe_pack_55  | ((A'*B')')'     | 25     | 18     | -      | -      | 34     | 1    | 1    | -    | -    | -     | 1    | 1    | 
|yolo_pe_pack_56  | ((A'*B')')'     | 25     | 18     | -      | -      | 34     | 1    | 1    | -    | -    | -     | 1    | 1    | 
|yolo_pe_pack_57  | ((A'*B')')'     | 25     | 18     | -      | -      | 34     | 1    | 1    | -    | -    | -     | 1    | 1    | 
|yolo_pe_pack_58  | ((A'*B')')'     | 25     | 18     | -      | -      | 34     | 1    | 1    | -    | -    | -     | 1    | 1    | 
|yolo_pe_pack_59  | ((A'*B')')'     | 25     | 18     | -      | -      | 34     | 1    | 1    | -    | -    | -     | 1    | 1    | 
|yolo_pe_pack_60  | ((A'*B')')'     | 25     | 18     | -      | -      | 34     | 1    | 1    | -    | -    | -     | 1    | 1    | 
|yolo_pe_pack_61  | ((A'*B')')'     | 25     | 18     | -      | -      | 34     | 1    | 1    | -    | -    | -     | 1    | 1    | 
|yolo_pe_pack_62  | ((A'*B')')'     | 25     | 18     | -      | -      | 34     | 1    | 1    | -    | -    | -     | 1    | 1    | 
|yolo_pe_pack_63  | ((A'*B')')'     | 25     | 18     | -      | -      | 34     | 1    | 1    | -    | -    | -     | 1    | 1    | 
|yolo_pe_pack_64  | ((A'*B')')'     | 25     | 18     | -      | -      | 34     | 1    | 1    | -    | -    | -     | 1    | 1    | 
|yolo_pe_pack_65  | ((A'*B')')'     | 25     | 18     | -      | -      | 34     | 1    | 1    | -    | -    | -     | 1    | 1    | 
|yolo_pe_pack_66  | ((A'*B')')'     | 25     | 18     | -      | -      | 34     | 1    | 1    | -    | -    | -     | 1    | 1    | 
|yolo_pe_pack_67  | ((A'*B')')'     | 25     | 18     | -      | -      | 34     | 1    | 1    | -    | -    | -     | 1    | 1    | 
|yolo_pe_pack_68  | ((A'*B')')'     | 25     | 18     | -      | -      | 34     | 1    | 1    | -    | -    | -     | 1    | 1    | 
|yolo_pe_pack_69  | ((A'*B')')'     | 25     | 18     | -      | -      | 34     | 1    | 1    | -    | -    | -     | 1    | 1    | 
|yolo_pe_pack_70  | ((A'*B')')'     | 25     | 18     | -      | -      | 34     | 1    | 1    | -    | -    | -     | 1    | 1    | 
|yolo_pe_pack_71  | ((A'*B')')'     | 25     | 18     | -      | -      | 34     | 1    | 1    | -    | -    | -     | 1    | 1    | 
|yolo_pe_pack_72  | ((A'*B')')'     | 25     | 18     | -      | -      | 34     | 1    | 1    | -    | -    | -     | 1    | 1    | 
|yolo_pe_pack_73  | ((A'*B')')'     | 25     | 18     | -      | -      | 34     | 1    | 1    | -    | -    | -     | 1    | 1    | 
|yolo_pe_pack_74  | ((A'*B')')'     | 25     | 18     | -      | -      | 34     | 1    | 1    | -    | -    | -     | 1    | 1    | 
|yolo_pe_pack_75  | ((A'*B')')'     | 25     | 18     | -      | -      | 34     | 1    | 1    | -    | -    | -     | 1    | 1    | 
|yolo_pe_pack_76  | ((A'*B')')'     | 25     | 18     | -      | -      | 34     | 1    | 1    | -    | -    | -     | 1    | 1    | 
|yolo_pe_pack_77  | ((A'*B')')'     | 25     | 18     | -      | -      | 34     | 1    | 1    | -    | -    | -     | 1    | 1    | 
|yolo_pe_pack_78  | ((A'*B')')'     | 25     | 18     | -      | -      | 34     | 1    | 1    | -    | -    | -     | 1    | 1    | 
|yolo_pe_pack_79  | ((A'*B')')'     | 25     | 18     | -      | -      | 34     | 1    | 1    | -    | -    | -     | 1    | 1    | 
|yolo_pe_pack_80  | ((A'*B')')'     | 25     | 18     | -      | -      | 34     | 1    | 1    | -    | -    | -     | 1    | 1    | 
|yolo_pe_pack_81  | ((A'*B')')'     | 25     | 18     | -      | -      | 34     | 1    | 1    | -    | -    | -     | 1    | 1    | 
|yolo_pe_pack_82  | ((A'*B')')'     | 25     | 18     | -      | -      | 34     | 1    | 1    | -    | -    | -     | 1    | 1    | 
|yolo_pe_pack_83  | ((A'*B')')'     | 25     | 18     | -      | -      | 34     | 1    | 1    | -    | -    | -     | 1    | 1    | 
|yolo_pe_pack_84  | ((A'*B')')'     | 25     | 18     | -      | -      | 34     | 1    | 1    | -    | -    | -     | 1    | 1    | 
|yolo_pe_pack_85  | ((A'*B')')'     | 25     | 18     | -      | -      | 34     | 1    | 1    | -    | -    | -     | 1    | 1    | 
|yolo_pe_pack_86  | ((A'*B')')'     | 25     | 18     | -      | -      | 34     | 1    | 1    | -    | -    | -     | 1    | 1    | 
|yolo_pe_pack_87  | ((A'*B')')'     | 25     | 18     | -      | -      | 34     | 1    | 1    | -    | -    | -     | 1    | 1    | 
|yolo_pe_pack_88  | ((A'*B')')'     | 25     | 18     | -      | -      | 34     | 1    | 1    | -    | -    | -     | 1    | 1    | 
|yolo_pe_pack_89  | ((A'*B')')'     | 25     | 18     | -      | -      | 34     | 1    | 1    | -    | -    | -     | 1    | 1    | 
|yolo_pe_pack_90  | ((A'*B')')'     | 25     | 18     | -      | -      | 34     | 1    | 1    | -    | -    | -     | 1    | 1    | 
|yolo_pe_pack_91  | ((A'*B')')'     | 25     | 18     | -      | -      | 34     | 1    | 1    | -    | -    | -     | 1    | 1    | 
|yolo_pe_pack_92  | ((A'*B')')'     | 25     | 18     | -      | -      | 34     | 1    | 1    | -    | -    | -     | 1    | 1    | 
|yolo_pe_pack_93  | ((A'*B')')'     | 25     | 18     | -      | -      | 34     | 1    | 1    | -    | -    | -     | 1    | 1    | 
|yolo_pe_pack_94  | ((A'*B')')'     | 25     | 18     | -      | -      | 34     | 1    | 1    | -    | -    | -     | 1    | 1    | 
|yolo_pe_pack_95  | ((A'*B')')'     | 25     | 18     | -      | -      | 34     | 1    | 1    | -    | -    | -     | 1    | 1    | 
|yolo_pe_pack_96  | ((A'*B')')'     | 25     | 18     | -      | -      | 34     | 1    | 1    | -    | -    | -     | 1    | 1    | 
|yolo_pe_pack_97  | ((A'*B')')'     | 25     | 18     | -      | -      | 34     | 1    | 1    | -    | -    | -     | 1    | 1    | 
|yolo_pe_pack_98  | ((A'*B')')'     | 25     | 18     | -      | -      | 34     | 1    | 1    | -    | -    | -     | 1    | 1    | 
|yolo_pe_pack_99  | ((A'*B')')'     | 25     | 18     | -      | -      | 34     | 1    | 1    | -    | -    | -     | 1    | 1    | 
|yolo_pe_pack_100 | ((A'*B')')'     | 25     | 18     | -      | -      | 34     | 1    | 1    | -    | -    | -     | 1    | 1    | 
|yolo_pe_pack_101 | ((A'*B')')'     | 25     | 18     | -      | -      | 34     | 1    | 1    | -    | -    | -     | 1    | 1    | 
|yolo_pe_pack_102 | ((A'*B')')'     | 25     | 18     | -      | -      | 34     | 1    | 1    | -    | -    | -     | 1    | 1    | 
|yolo_pe_pack_103 | ((A'*B')')'     | 25     | 18     | -      | -      | 34     | 1    | 1    | -    | -    | -     | 1    | 1    | 
|yolo_pe_pack_104 | ((A'*B')')'     | 25     | 18     | -      | -      | 34     | 1    | 1    | -    | -    | -     | 1    | 1    | 
|yolo_pe_pack_105 | ((A'*B')')'     | 25     | 18     | -      | -      | 34     | 1    | 1    | -    | -    | -     | 1    | 1    | 
|yolo_pe_pack_106 | ((A'*B')')'     | 25     | 18     | -      | -      | 34     | 1    | 1    | -    | -    | -     | 1    | 1    | 
|yolo_pe_pack_107 | ((A'*B')')'     | 25     | 18     | -      | -      | 34     | 1    | 1    | -    | -    | -     | 1    | 1    | 
|yolo_pe_pack_108 | ((A'*B')')'     | 25     | 18     | -      | -      | 34     | 1    | 1    | -    | -    | -     | 1    | 1    | 
|yolo_pe_pack_109 | ((A'*B')')'     | 25     | 18     | -      | -      | 34     | 1    | 1    | -    | -    | -     | 1    | 1    | 
|yolo_pe_pack_110 | ((A'*B')')'     | 25     | 18     | -      | -      | 34     | 1    | 1    | -    | -    | -     | 1    | 1    | 
|yolo_pe_pack_111 | ((A'*B')')'     | 25     | 18     | -      | -      | 34     | 1    | 1    | -    | -    | -     | 1    | 1    | 
|yolo_pe_pack_112 | ((A'*B')')'     | 25     | 18     | -      | -      | 34     | 1    | 1    | -    | -    | -     | 1    | 1    | 
|yolo_pe_pack_113 | ((A'*B')')'     | 25     | 18     | -      | -      | 34     | 1    | 1    | -    | -    | -     | 1    | 1    | 
|yolo_pe_pack_114 | ((A'*B')')'     | 25     | 18     | -      | -      | 34     | 1    | 1    | -    | -    | -     | 1    | 1    | 
|yolo_pe_pack_115 | ((A'*B')')'     | 25     | 18     | -      | -      | 34     | 1    | 1    | -    | -    | -     | 1    | 1    | 
|yolo_pe_pack_116 | ((A'*B')')'     | 25     | 18     | -      | -      | 34     | 1    | 1    | -    | -    | -     | 1    | 1    | 
|yolo_pe_pack_117 | ((A'*B')')'     | 25     | 18     | -      | -      | 34     | 1    | 1    | -    | -    | -     | 1    | 1    | 
|yolo_pe_pack_118 | ((A'*B')')'     | 25     | 18     | -      | -      | 34     | 1    | 1    | -    | -    | -     | 1    | 1    | 
|yolo_pe_pack_119 | ((A'*B')')'     | 25     | 18     | -      | -      | 34     | 1    | 1    | -    | -    | -     | 1    | 1    | 
|yolo_pe_pack_120 | ((A'*B')')'     | 25     | 18     | -      | -      | 34     | 1    | 1    | -    | -    | -     | 1    | 1    | 
|yolo_pe_pack_121 | ((A'*B')')'     | 25     | 18     | -      | -      | 34     | 1    | 1    | -    | -    | -     | 1    | 1    | 
|yolo_pe_pack_122 | ((A'*B')')'     | 25     | 18     | -      | -      | 34     | 1    | 1    | -    | -    | -     | 1    | 1    | 
|yolo_pe_pack_123 | ((A'*B')')'     | 25     | 18     | -      | -      | 34     | 1    | 1    | -    | -    | -     | 1    | 1    | 
|yolo_pe_pack_124 | ((A'*B')')'     | 25     | 18     | -      | -      | 34     | 1    | 1    | -    | -    | -     | 1    | 1    | 
|yolo_pe_pack_125 | ((A'*B')')'     | 25     | 18     | -      | -      | 34     | 1    | 1    | -    | -    | -     | 1    | 1    | 
|yolo_pe_pack_126 | ((A'*B')')'     | 25     | 18     | -      | -      | 34     | 1    | 1    | -    | -    | -     | 1    | 1    | 
|yolo_pe_pack_127 | ((A'*B')')'     | 25     | 18     | -      | -      | 34     | 1    | 1    | -    | -    | -     | 1    | 1    | 
|yolo_pe_pack_128 | ((A'*B')')'     | 25     | 18     | -      | -      | 34     | 1    | 1    | -    | -    | -     | 1    | 1    | 
|yolo_pe_pack_129 | ((A'*B')')'     | 25     | 18     | -      | -      | 34     | 1    | 1    | -    | -    | -     | 1    | 1    | 
|yolo_pe_pack_130 | ((A'*B')')'     | 25     | 18     | -      | -      | 34     | 1    | 1    | -    | -    | -     | 1    | 1    | 
|yolo_pe_pack_131 | ((A'*B')')'     | 25     | 18     | -      | -      | 34     | 1    | 1    | -    | -    | -     | 1    | 1    | 
|yolo_pe_pack_132 | ((A'*B')')'     | 25     | 18     | -      | -      | 34     | 1    | 1    | -    | -    | -     | 1    | 1    | 
|yolo_pe_pack_133 | ((A'*B')')'     | 25     | 18     | -      | -      | 34     | 1    | 1    | -    | -    | -     | 1    | 1    | 
|yolo_pe_pack_134 | ((A'*B')')'     | 25     | 18     | -      | -      | 34     | 1    | 1    | -    | -    | -     | 1    | 1    | 
|yolo_pe_pack_135 | ((A'*B')')'     | 25     | 18     | -      | -      | 34     | 1    | 1    | -    | -    | -     | 1    | 1    | 
|yolo_pe_pack_136 | ((A'*B')')'     | 25     | 18     | -      | -      | 34     | 1    | 1    | -    | -    | -     | 1    | 1    | 
|yolo_pe_pack_137 | ((A'*B')')'     | 25     | 18     | -      | -      | 34     | 1    | 1    | -    | -    | -     | 1    | 1    | 
|yolo_pe_pack_138 | ((A'*B')')'     | 25     | 18     | -      | -      | 34     | 1    | 1    | -    | -    | -     | 1    | 1    | 
|yolo_pe_pack_139 | ((A'*B')')'     | 25     | 18     | -      | -      | 34     | 1    | 1    | -    | -    | -     | 1    | 1    | 
|yolo_pe_pack_140 | ((A'*B')')'     | 25     | 18     | -      | -      | 34     | 1    | 1    | -    | -    | -     | 1    | 1    | 
|yolo_pe_pack_141 | ((A'*B')')'     | 25     | 18     | -      | -      | 34     | 1    | 1    | -    | -    | -     | 1    | 1    | 
|yolo_pe_pack_142 | ((A'*B')')'     | 25     | 18     | -      | -      | 34     | 1    | 1    | -    | -    | -     | 1    | 1    | 
|yolo_pe_pack_143 | ((A'*B')')'     | 25     | 18     | -      | -      | 34     | 1    | 1    | -    | -    | -     | 1    | 1    | 
|yolo_pe_pack_144 | ((A'*B')')'     | 25     | 18     | -      | -      | 34     | 1    | 1    | -    | -    | -     | 1    | 1    | 
|yolo_pe_pack_145 | ((A'*B')')'     | 25     | 18     | -      | -      | 34     | 1    | 1    | -    | -    | -     | 1    | 1    | 
|yolo_pe_pack_146 | ((A'*B')')'     | 25     | 18     | -      | -      | 34     | 1    | 1    | -    | -    | -     | 1    | 1    | 
|yolo_pe_pack_147 | ((A'*B')')'     | 25     | 18     | -      | -      | 34     | 1    | 1    | -    | -    | -     | 1    | 1    | 
|yolo_pe_pack_148 | ((A'*B')')'     | 25     | 18     | -      | -      | 34     | 1    | 1    | -    | -    | -     | 1    | 1    | 
|yolo_pe_pack_149 | ((A'*B')')'     | 25     | 18     | -      | -      | 34     | 1    | 1    | -    | -    | -     | 1    | 1    | 
|yolo_pe_pack_150 | ((A'*B')')'     | 25     | 18     | -      | -      | 34     | 1    | 1    | -    | -    | -     | 1    | 1    | 
|yolo_pe_pack_151 | ((A'*B')')'     | 25     | 18     | -      | -      | 34     | 1    | 1    | -    | -    | -     | 1    | 1    | 
|yolo_pe_pack_152 | ((A'*B')')'     | 25     | 18     | -      | -      | 34     | 1    | 1    | -    | -    | -     | 1    | 1    | 
|yolo_pe_pack_153 | ((A'*B')')'     | 25     | 18     | -      | -      | 34     | 1    | 1    | -    | -    | -     | 1    | 1    | 
|yolo_pe_pack_154 | ((A'*B')')'     | 25     | 18     | -      | -      | 34     | 1    | 1    | -    | -    | -     | 1    | 1    | 
|yolo_pe_pack_155 | ((A'*B')')'     | 25     | 18     | -      | -      | 34     | 1    | 1    | -    | -    | -     | 1    | 1    | 
|yolo_pe_pack_156 | ((A'*B')')'     | 25     | 18     | -      | -      | 34     | 1    | 1    | -    | -    | -     | 1    | 1    | 
|yolo_pe_pack_157 | ((A'*B')')'     | 25     | 18     | -      | -      | 34     | 1    | 1    | -    | -    | -     | 1    | 1    | 
|yolo_requant     | A*B             | 17     | 18     | -      | -      | 48     | 0    | 0    | -    | -    | -     | 0    | 0    | 
|yolo_requant     | (PCIN>>17+A*B)' | 30     | 18     | -      | -      | 48     | 0    | 0    | -    | -    | -     | 0    | 1    | 
|yolo_requant     | A*B             | 17     | 17     | -      | -      | 48     | 0    | 0    | -    | -    | -     | 0    | 0    | 
|yolo_requant     | (PCIN>>17+A*B)' | 0      | 18     | -      | -      | 48     | 0    | 0    | -    | -    | -     | 0    | 1    | 
|yolo_xrowgen     | (A*B)'          | 16     | 16     | -      | -      | 32     | 0    | 0    | -    | -    | -     | 0    | 1    | 
|yolo_xrowgen     | not(C')+A*B'+1  | 11     | 8      | 8      | -      | 11     | 0    | 1    | 1    | -    | -     | 0    | 0    | 
|yolo_xrowgen     | A*B'            | 16     | 8      | -      | -      | 24     | 0    | 1    | -    | -    | -     | 0    | 0    | 
|yolo_xrowgen     | C+A*B'          | 30     | 16     | 48     | -      | 32     | 0    | 1    | 0    | -    | -     | 0    | 0    | 
|yolo_xrowgen     | D'+A*B'         | 30     | 8      | -      | 5      | 0      | 0    | 1    | -    | 1    | 0     | 0    | 0    | 
|yolo_engine_top  | PCIN+A':B'+C    | 30     | 18     | -      | -      | 11     | 1    | 1    | -    | -    | -     | 0    | 0    | 
|yolo_xrowgen     | D'+A*B'         | 30     | 8      | -      | 5      | 0      | 0    | 1    | -    | 1    | 0     | 0    | 0    | 
|yolo_engine_top  | PCIN+A':B'+C    | 30     | 18     | -      | -      | 11     | 1    | 1    | -    | -    | -     | 0    | 0    | 
|yolo_xrowgen     | D'+A*B'         | 30     | 8      | -      | 5      | 0      | 0    | 1    | -    | 1    | 0     | 0    | 0    | 
|yolo_engine_top  | PCIN+A':B'+C    | 30     | 18     | -      | -      | 11     | 1    | 1    | -    | -    | -     | 0    | 0    | 
|yolo_xrowgen     | D'+A*B'         | 30     | 8      | -      | 5      | 0      | 0    | 1    | -    | 1    | 0     | 0    | 0    | 
|yolo_engine_top  | PCIN+A':B'+C    | 30     | 18     | -      | -      | 11     | 1    | 1    | -    | -    | -     | 0    | 0    | 
+-----------------+-----------------+--------+--------+--------+--------+--------+------+------+------+------+-------+------+------+


Report BlackBoxes: 
+------+--------------+----------+
|      |BlackBox name |Instances |
+------+--------------+----------+
|1     |yolo_wbuf_bmg |         2|
|2     |yolo_xbuf_bmg |         2|
+------+--------------+----------+

Report Cell Usage: 
+------+--------------+------+
|      |Cell          |Count |
+------+--------------+------+
|1     |yolo_wbuf_bmg |     2|
|3     |yolo_xbuf_bmg |     2|
|5     |CARRY4        |  3633|
|6     |DSP48E1       |   147|
|15    |LUT1          |   225|
|16    |LUT2          | 18736|
|17    |LUT3          |  2744|
|18    |LUT4          |  2104|
|19    |LUT5          |  5327|
|20    |LUT6          | 19019|
|21    |MUXF7         |  2317|
|22    |MUXF8         |  1138|
|23    |RAM16X1D      |     1|
|24    |RAM32M        |  1574|
|25    |RAM32X1D      |     2|
|26    |SRL16E        |    45|
|27    |FDCE          | 16587|
|28    |FDPE          |     6|
|29    |FDRE          |  4807|
+------+--------------+------+
---------------------------------------------------------------------------------
Finished Writing Synthesis Report : Time (s): cpu = 00:01:14 ; elapsed = 00:01:35 . Memory (MB): peak = 2316.082 ; gain = 260.160
---------------------------------------------------------------------------------
Synthesis finished with 0 errors, 0 critical warnings and 91 warnings.
Synthesis Optimization Runtime : Time (s): cpu = 00:01:01 ; elapsed = 00:01:30 . Memory (MB): peak = 2316.082 ; gain = 260.160
Synthesis Optimization Complete : Time (s): cpu = 00:01:14 ; elapsed = 00:01:36 . Memory (MB): peak = 2316.082 ; gain = 260.160
INFO: [Project 1-571] Translating synthesized netlist
INFO: [Project 1-454] Reading design checkpoint 'e:/competition/2_fpga/3_yolo_zynq/ip/yolo_wbuf_bmg/yolo_wbuf_bmg.dcp' for cell 'u_array/u_wbuf/u_bank0'
INFO: [Project 1-454] Reading design checkpoint 'e:/competition/2_fpga/3_yolo_zynq/ip/yolo_xbuf_bmg/yolo_xbuf_bmg.dcp' for cell 'u_array/u_xbuf/u_bank0'
Netlist sorting complete. Time (s): cpu = 00:00:00 ; elapsed = 00:00:00.707 . Memory (MB): peak = 2366.000 ; gain = 0.000
INFO: [Netlist 29-17] Analyzing 8864 Unisim elements for replacement
INFO: [Netlist 29-28] Unisim Transformation completed in 2 CPU seconds
INFO: [Project 1-479] Netlist was created with Vivado 2025.2
INFO: [Project 1-570] Preparing netlist for logic optimization
INFO: [Project 1-538] Using original IP XDC constraints instead of the XDC constraints in dcp 'e:/competition/2_fpga/3_yolo_zynq/ip/yolo_wbuf_bmg/yolo_wbuf_bmg.dcp'
INFO: [Project 1-538] Using original IP XDC constraints instead of the XDC constraints in dcp 'e:/competition/2_fpga/3_yolo_zynq/ip/yolo_wbuf_bmg/yolo_wbuf_bmg.dcp'
INFO: [Project 1-538] Using original IP XDC constraints instead of the XDC constraints in dcp 'e:/competition/2_fpga/3_yolo_zynq/ip/yolo_xbuf_bmg/yolo_xbuf_bmg.dcp'
INFO: [Project 1-538] Using original IP XDC constraints instead of the XDC constraints in dcp 'e:/competition/2_fpga/3_yolo_zynq/ip/yolo_xbuf_bmg/yolo_xbuf_bmg.dcp'
INFO: [Opt 31-138] Pushed 0 inverter(s) to 0 load pin(s).
Netlist sorting complete. Time (s): cpu = 00:00:00 ; elapsed = 00:00:00.036 . Memory (MB): peak = 2369.160 ; gain = 0.000
INFO: [Project 1-111] Unisim Transformation Summary:
  A total of 1577 instances were transformed.
  RAM16X1D => RAM32X1D (RAMD32(x2)): 1 instance 
  RAM32M => RAM32M (RAMD32(x6), RAMS32(x2)): 1574 instances
  RAM32X1D => RAM32X1D (RAMD32(x2)): 2 instances

Synth Design complete | Checksum: 2d8a268e
INFO: [Common 17-83] Releasing license: Synthesis
206 Infos, 257 Warnings, 0 Critical Warnings and 0 Errors encountered.
synth_design completed successfully
synth_design: Time (s): cpu = 00:01:26 ; elapsed = 00:01:49 . Memory (MB): peak = 2369.160 ; gain = 313.238
# create_clock -period 6.667 -name clk_i [get_ports clk_i]
# opt_design
Command: opt_design
Attempting to get a license for feature 'Implementation' and/or device 'xc7z020'
INFO: [Common 17-349] Got license for feature 'Implementation' and/or device 'xc7z020'
Running DRC as a precondition to command opt_design

Starting DRC Task
INFO: [DRC 23-27] Running DRC with 2 threads
WARNING: [DRC 23-814] Not all possible (connectivity based) DRCs may have been run because this design is seen as Out of Context.
INFO: [Project 1-461] DRC finished with 0 Errors
INFO: [Project 1-462] Please refer to the DRC report (report_drc) for more information.

Time (s): cpu = 00:00:00 ; elapsed = 00:00:00.620 . Memory (MB): peak = 2369.160 ; gain = 0.000

Starting Cache Timing Information Task
INFO: [Timing 38-35] Done setting XDC timing constraints.
Ending Cache Timing Information Task | Checksum: 166517f2e

Time (s): cpu = 00:00:08 ; elapsed = 00:00:06 . Memory (MB): peak = 2369.160 ; gain = 0.000

Starting Logic Optimization Task

Phase 1 Initialization

Phase 1.1 Core Generation And Design Setup
Phase 1.1 Core Generation And Design Setup | Checksum: 166517f2e

Time (s): cpu = 00:00:00 ; elapsed = 00:00:00.050 . Memory (MB): peak = 2491.703 ; gain = 0.000

Phase 1.2 Setup Constraints And Sort Netlist
Phase 1.2 Setup Constraints And Sort Netlist | Checksum: 166517f2e

Time (s): cpu = 00:00:00 ; elapsed = 00:00:00.115 . Memory (MB): peak = 2491.703 ; gain = 0.000
Phase 1 Initialization | Checksum: 166517f2e

Time (s): cpu = 00:00:00 ; elapsed = 00:00:00.121 . Memory (MB): peak = 2491.703 ; gain = 0.000

Phase 2 Timer Update And Timing Data Collection

Phase 2.1 Detect if minReqCache needed
Phase 2.1 Detect if minReqCache needed | Checksum: 166517f2e

Time (s): cpu = 00:00:01 ; elapsed = 00:00:00.399 . Memory (MB): peak = 2493.938 ; gain = 2.234

Phase 2.2 Timer Update
Phase 2.2 Timer Update | Checksum: 166517f2e

Time (s): cpu = 00:00:01 ; elapsed = 00:00:00.503 . Memory (MB): peak = 2493.938 ; gain = 2.234
Phase 2 Timer Update And Timing Data Collection | Checksum: 166517f2e

Time (s): cpu = 00:00:01 ; elapsed = 00:00:00.516 . Memory (MB): peak = 2493.938 ; gain = 2.234

Phase 3 Retarget
INFO: [Opt 31-1851] Number of loadless carry chains removed were: 0
INFO: [Opt 31-1834] Total Chains To Be Transformed Were: 0 AND Number of Transformed insts Created are: 0
INFO: [Opt 31-1566] Pulled 2 inverters resulting in an inversion of 130 pins
INFO: [Opt 31-138] Pushed 0 inverter(s) to 0 load pin(s).
INFO: [Opt 31-49] Retargeted 0 cell(s).
Phase 3 Retarget | Checksum: 186999ac1

Time (s): cpu = 00:00:02 ; elapsed = 00:00:02 . Memory (MB): peak = 2493.938 ; gain = 2.234
Retarget | Checksum: 186999ac1
INFO: [Opt 31-389] Phase Retarget created 59 cells and removed 109 cells

Phase 4 Constant propagation
INFO: [Opt 31-138] Pushed 2 inverter(s) to 5 load pin(s).
Phase 4 Constant propagation | Checksum: 16335774d

Time (s): cpu = 00:00:03 ; elapsed = 00:00:02 . Memory (MB): peak = 2493.938 ; gain = 2.234
Constant propagation | Checksum: 16335774d
INFO: [Opt 31-389] Phase Constant propagation created 39 cells and removed 56 cells

Phase 5 Sweep
INFO: [Constraints 18-11670] Building netlist checker database with flags, 0x8
Done building netlist checker database: Time (s): cpu = 00:00:00 ; elapsed = 00:00:00.026 . Memory (MB): peak = 2493.938 ; gain = 0.000
INFO: [Constraints 18-11670] Building netlist checker database with flags, 0x8
Done building netlist checker database: Time (s): cpu = 00:00:00 ; elapsed = 00:00:00.027 . Memory (MB): peak = 2493.938 ; gain = 0.000
Phase 5 Sweep | Checksum: c728893d

Time (s): cpu = 00:00:04 ; elapsed = 00:00:03 . Memory (MB): peak = 2493.938 ; gain = 2.234
Sweep | Checksum: c728893d
INFO: [Opt 31-389] Phase Sweep created 0 cells and removed 0 cells

Phase 6 BUFG optimization
Phase 6 BUFG optimization | Checksum: c728893d

Time (s): cpu = 00:00:04 ; elapsed = 00:00:04 . Memory (MB): peak = 2493.938 ; gain = 2.234
BUFG optimization | Checksum: c728893d
INFO: [Opt 31-662] Phase BUFG optimization created 0 cells of which 0 are BUFGs and removed 0 cells.

Phase 7 Shift Register Optimization
INFO: [Opt 31-1064] SRL Remap converted 0 SRLs to 0 registers and converted 0 registers of register chains to 0 SRLs
Phase 7 Shift Register Optimization | Checksum: c728893d

Time (s): cpu = 00:00:04 ; elapsed = 00:00:04 . Memory (MB): peak = 2493.938 ; gain = 2.234
Shift Register Optimization | Checksum: c728893d
INFO: [Opt 31-389] Phase Shift Register Optimization created 0 cells and removed 0 cells

Phase 8 Post Processing Netlist
Phase 8 Post Processing Netlist | Checksum: c728893d

Time (s): cpu = 00:00:05 ; elapsed = 00:00:04 . Memory (MB): peak = 2493.938 ; gain = 2.234
Post Processing Netlist | Checksum: c728893d
INFO: [Opt 31-389] Phase Post Processing Netlist created 0 cells and removed 0 cells

Phase 9 Finalization

Phase 9.1 Finalizing Design Cores and Updating Shapes
Phase 9.1 Finalizing Design Cores and Updating Shapes | Checksum: 13822c8aa

Time (s): cpu = 00:00:06 ; elapsed = 00:00:05 . Memory (MB): peak = 2493.938 ; gain = 2.234

Phase 9.2 Verifying Netlist Connectivity

Starting Connectivity Check Task

Time (s): cpu = 00:00:00 ; elapsed = 00:00:00.116 . Memory (MB): peak = 2493.938 ; gain = 0.000
Phase 9.2 Verifying Netlist Connectivity | Checksum: 13822c8aa

Time (s): cpu = 00:00:06 ; elapsed = 00:00:05 . Memory (MB): peak = 2493.938 ; gain = 2.234
Phase 9 Finalization | Checksum: 13822c8aa

Time (s): cpu = 00:00:06 ; elapsed = 00:00:05 . Memory (MB): peak = 2493.938 ; gain = 2.234
Opt_design Change Summary
=========================


-------------------------------------------------------------------------------------------------------------------------
|  Phase                        |  #Cells created  |  #Cells Removed  |  #Constrained objects preventing optimizations  |
-------------------------------------------------------------------------------------------------------------------------
|  Retarget                     |              59  |             109  |                                              0  |
|  Constant propagation         |              39  |              56  |                                              0  |
|  Sweep                        |               0  |               0  |                                              0  |
|  BUFG optimization            |               0  |               0  |                                              0  |
|  Shift Register Optimization  |               0  |               0  |                                              0  |
|  Post Processing Netlist      |               0  |               0  |                                              0  |
-------------------------------------------------------------------------------------------------------------------------


Ending Logic Optimization Task | Checksum: 13822c8aa

Time (s): cpu = 00:00:06 ; elapsed = 00:00:05 . Memory (MB): peak = 2493.938 ; gain = 2.234

Starting Power Optimization Task
INFO: [Pwropt 34-132] Skipping clock gating for clocks with a period < 2.00 ns.
INFO: [Pwropt 34-9] Applying IDT optimizations ...
INFO: [Pwropt 34-10] Applying ODC optimizations ...
INFO: [Timing 38-35] Done setting XDC timing constraints.
Running Vector-less Activity Propagation...

Finished Running Vector-less Activity Propagation


Starting PowerOpt Patch Enables Task
INFO: [Pwropt 34-162] WRITE_MODE attribute of 0 BRAM(s) out of a total of 52 has been updated to save power. Run report_power_opt to get a complete listing of the BRAMs updated.
INFO: [Pwropt 34-201] Structural ODC has moved 0 WE to EN ports
Number of BRAM Ports augmented: 36 newly gated: 0 Total Ports: 104
Ending PowerOpt Patch Enables Task | Checksum: e67cc123

Time (s): cpu = 00:00:00 ; elapsed = 00:00:00.372 . Memory (MB): peak = 2668.844 ; gain = 0.000
Ending Power Optimization Task | Checksum: e67cc123

Time (s): cpu = 00:00:17 ; elapsed = 00:00:11 . Memory (MB): peak = 2668.844 ; gain = 174.906

Starting Final Cleanup Task
Ending Final Cleanup Task | Checksum: e67cc123

Time (s): cpu = 00:00:00 ; elapsed = 00:00:00.007 . Memory (MB): peak = 2668.844 ; gain = 0.000
Netlist sorting complete. Time (s): cpu = 00:00:00 ; elapsed = 00:00:00.039 . Memory (MB): peak = 2668.844 ; gain = 0.000
INFO: [Common 17-83] Releasing license: Implementation
27 Infos, 1 Warnings, 0 Critical Warnings and 0 Errors encountered.
opt_design completed successfully
opt_design: Time (s): cpu = 00:00:33 ; elapsed = 00:00:26 . Memory (MB): peak = 2668.844 ; gain = 299.684
# place_design -directive Explore
Command: place_design -directive Explore
Attempting to get a license for feature 'Implementation' and/or device 'xc7z020'
INFO: [Common 17-349] Got license for feature 'Implementation' and/or device 'xc7z020'
INFO: [Common 17-83] Releasing license: Implementation
INFO: [DRC 23-27] Running DRC with 2 threads
WARNING: [DRC 23-814] Not all possible (connectivity based) DRCs may have been run because this design is seen as Out of Context.
INFO: [Vivado_Tcl 4-198] DRC finished with 0 Errors
INFO: [Vivado_Tcl 4-199] Please refer to the DRC report (report_drc) for more information.
INFO: [Timing 38-35] Done setting XDC timing constraints.
INFO: [Vivado_Tcl 4-2302] The placer was invoked with the 'Explore' directive.
Running DRC as a precondition to command place_design
INFO: [DRC 23-27] Running DRC with 2 threads
WARNING: [DRC 23-814] Not all possible (connectivity based) DRCs may have been run because this design is seen as Out of Context.
INFO: [Vivado_Tcl 4-198] DRC finished with 0 Errors, 21 Warnings
INFO: [Vivado_Tcl 4-199] Please refer to the DRC report (report_drc) for more information.
INFO: [Place 30-611] Multithreading enabled for place_design using a maximum of 2 CPUs

Starting Placer Task

Phase 1 Placer Initialization

Phase 1.1 Placer Initialization Netlist Sorting
Netlist sorting complete. Time (s): cpu = 00:00:00 ; elapsed = 00:00:00.039 . Memory (MB): peak = 2668.844 ; gain = 0.000
Phase 1.1 Placer Initialization Netlist Sorting | Checksum: 688a063b

Time (s): cpu = 00:00:00 ; elapsed = 00:00:00.050 . Memory (MB): peak = 2668.844 ; gain = 0.000
Netlist sorting complete. Time (s): cpu = 00:00:01 ; elapsed = 00:00:00.039 . Memory (MB): peak = 2668.844 ; gain = 0.000

Phase 1.2 IO Placement/ Clock Placement/ Build Placer Device
Phase 1.2 IO Placement/ Clock Placement/ Build Placer Device | Checksum: 6a9c0fbe

Time (s): cpu = 00:00:05 ; elapsed = 00:00:03 . Memory (MB): peak = 2668.844 ; gain = 0.000

Phase 1.3 Build Placer Netlist Model
Phase 1.3 Build Placer Netlist Model | Checksum: a961c4a9

Time (s): cpu = 00:00:26 ; elapsed = 00:00:19 . Memory (MB): peak = 2668.844 ; gain = 0.000

Phase 1.4 Constrain Clocks/Macros
Phase 1.4 Constrain Clocks/Macros | Checksum: a961c4a9

Time (s): cpu = 00:00:27 ; elapsed = 00:00:19 . Memory (MB): peak = 2668.844 ; gain = 0.000
Phase 1 Placer Initialization | Checksum: a961c4a9

Time (s): cpu = 00:00:27 ; elapsed = 00:00:19 . Memory (MB): peak = 2668.844 ; gain = 0.000

Phase 2 Global Placement

Phase 2.1 Floorplanning
Phase 2.1 Floorplanning | Checksum: 11b25e7e4

Time (s): cpu = 00:00:41 ; elapsed = 00:00:27 . Memory (MB): peak = 2668.844 ; gain = 0.000

Phase 2.2 Update Timing before SLR Path Opt
Phase 2.2 Update Timing before SLR Path Opt | Checksum: 1176f8457

Time (s): cpu = 00:00:53 ; elapsed = 00:00:34 . Memory (MB): peak = 2668.844 ; gain = 0.000

Phase 2.3 Post-Processing in Floorplanning
Phase 2.3 Post-Processing in Floorplanning | Checksum: 101378b27

Time (s): cpu = 00:00:53 ; elapsed = 00:00:34 . Memory (MB): peak = 2668.844 ; gain = 0.000

Phase 2.4 Global Place Phase1
Phase 2.4 Global Place Phase1 | Checksum: e645a23d

Time (s): cpu = 00:02:29 ; elapsed = 00:01:33 . Memory (MB): peak = 2668.844 ; gain = 0.000

Phase 2.5 Global Place Phase2

Phase 2.5.1 UpdateTiming Before Physical Synthesis
Phase 2.5.1 UpdateTiming Before Physical Synthesis | Checksum: 15275fffb

Time (s): cpu = 00:02:40 ; elapsed = 00:01:39 . Memory (MB): peak = 2668.844 ; gain = 0.000

Phase 2.5.2 Physical Synthesis In Placer
INFO: [Physopt 32-1035] Found 595 LUTNM shape to break, 1328 LUT instances to create LUTNM shape
INFO: [Physopt 32-1044] Break lutnm for timing: one critical 34, two critical 561, total 0, new lutff created 0
INFO: [Physopt 32-1138] End 1 Pass. Optimized 630 nets or LUTs. Breaked 0 LUT, combined 630 existing LUTs and moved 0 existing LUT
INFO: [Physopt 32-1408] Pass 1. Identified 2 candidate nets for high-fanout optimization.
INFO: [Physopt 32-81] Processed net u_array/u_xrowgen/em_g_r_reg_n_0. Replicated 76 times.
INFO: [Physopt 32-81] Processed net u_array/u_ctrl/ctrl_snap. Replicated 8 times.
INFO: [Physopt 32-232] Optimized 2 nets. Created 84 new instances.
INFO: [Physopt 32-775] End 1 Pass. Optimized 2 nets or cells. Created 84 new cells, deleted 0 existing cell and moved 0 existing cell
Netlist sorting complete. Time (s): cpu = 00:00:00 ; elapsed = 00:00:00.298 . Memory (MB): peak = 2668.844 ; gain = 0.000
INFO: [Physopt 32-76] Pass 1. Identified 8 candidate nets for fanout optimization.
INFO: [Physopt 32-81] Processed net u_array/u_ctrl/FSM_onehot_state_r_reg[6]_0[4]. Replicated 8 times.
INFO: [Physopt 32-81] Processed net u_array/u_ctrl/k_cnt_r_reg[11]_0[3]. Replicated 9 times.
INFO: [Physopt 32-81] Processed net u_array/u_ctrl/k_cnt_r_reg[11]_0[11]. Replicated 9 times.
INFO: [Physopt 32-81] Processed net u_array/u_ctrl/k_cnt_r_reg[11]_0[5]. Replicated 9 times.
INFO: [Physopt 32-81] Processed net u_array/u_ctrl/k_cnt_r_reg[11]_0[10]. Replicated 9 times.
INFO: [Physopt 32-81] Processed net u_array/u_ctrl/k_cnt_r_reg[11]_0[7]. Replicated 9 times.
INFO: [Physopt 32-81] Processed net u_array/u_ctrl/k_cnt_r_reg[11]_0[9]. Replicated 9 times.
INFO: [Physopt 32-81] Processed net u_array/u_ctrl/k_cnt_r_reg[11]_0[4]. Replicated 9 times.
INFO: [Physopt 32-232] Optimized 8 nets. Created 71 new instances.
INFO: [Physopt 32-775] End 1 Pass. Optimized 8 nets or cells. Created 71 new cells, deleted 0 existing cell and moved 0 existing cell
Netlist sorting complete. Time (s): cpu = 00:00:01 ; elapsed = 00:00:00.284 . Memory (MB): peak = 2668.844 ; gain = 0.000
INFO: [Physopt 32-46] Identified 2 candidate nets for critical-cell optimization.
INFO: [Physopt 32-81] Processed net u_array/u_ctrl/k_cnt_r_reg[11]_0[1]. Replicated 1 times.
INFO: [Physopt 32-81] Processed net u_array/u_ctrl/k_cnt_r_reg[11]_0[0]. Replicated 1 times.
INFO: [Physopt 32-232] Optimized 2 nets. Created 2 new instances.
INFO: [Physopt 32-775] End 1 Pass. Optimized 2 nets or cells. Created 2 new cells, deleted 0 existing cell and moved 0 existing cell
Netlist sorting complete. Time (s): cpu = 00:00:00 ; elapsed = 00:00:00.045 . Memory (MB): peak = 2668.844 ; gain = 0.000
INFO: [Physopt 32-456] No candidate cells for DSP register optimization found in the design.
INFO: [Physopt 32-775] End 2 Pass. Optimized 0 net or cell. Created 0 new cell, deleted 0 existing cell and moved 0 existing cell
INFO: [Physopt 32-1123] No candidate cells found for Shift Register to Pipeline optimization
INFO: [Physopt 32-775] End 2 Pass. Optimized 0 net or cell. Created 0 new cell, deleted 0 existing cell and moved 0 existing cell
INFO: [Physopt 32-1401] No candidate cells found for Shift Register optimization.
INFO: [Physopt 32-677] No candidate cells for Shift Register optimization found in the design
INFO: [Physopt 32-775] End 1 Pass. Optimized 0 net or cell. Created 0 new cell, deleted 0 existing cell and moved 0 existing cell
INFO: [Physopt 32-526] No candidate cells for BRAM register optimization found in the design
INFO: [Physopt 32-775] End 1 Pass. Optimized 0 net or cell. Created 0 new cell, deleted 0 existing cell and moved 0 existing cell
INFO: [Physopt 32-846] No candidate cells for URAM register optimization found in the design
INFO: [Physopt 32-775] End 1 Pass. Optimized 0 net or cell. Created 0 new cell, deleted 0 existing cell and moved 0 existing cell
INFO: [Physopt 32-846] No candidate cells for URAM register optimization found in the design
INFO: [Physopt 32-775] End 1 Pass. Optimized 0 net or cell. Created 0 new cell, deleted 0 existing cell and moved 0 existing cell
INFO: [Physopt 32-949] No candidate nets found for dynamic/static region interface net replication
INFO: [Physopt 32-775] End 1 Pass. Optimized 0 net or cell. Created 0 new cell, deleted 0 existing cell and moved 0 existing cell
Netlist sorting complete. Time (s): cpu = 00:00:00 ; elapsed = 00:00:00.038 . Memory (MB): peak = 2668.844 ; gain = 0.000

Summary of Physical Synthesis Optimizations
============================================


-----------------------------------------------------------------------------------------------------------------------------------------------------------
|  Optimization                                     |  Added Cells  |  Removed Cells  |  Optimized Cells/Nets  |  Dont Touch  |  Iterations  |  Elapsed   |
-----------------------------------------------------------------------------------------------------------------------------------------------------------
|  LUT Combining                                    |            0  |            630  |                   630  |           0  |           1  |  00:00:01  |
|  Retime                                           |            0  |              0  |                     0  |           0  |           1  |  00:00:00  |
|  Very High Fanout                                 |           84  |              0  |                     2  |           0  |           1  |  00:00:03  |
|  Fanout                                           |           71  |              0  |                     8  |           0  |           1  |  00:00:02  |
|  Critical Cell                                    |            2  |              0  |                     2  |           0  |           1  |  00:00:00  |
|  DSP Register                                     |            0  |              0  |                     0  |           0  |           1  |  00:00:00  |
|  Shift Register to Pipeline                       |            0  |              0  |                     0  |           0  |           1  |  00:00:00  |
|  Shift Register                                   |            0  |              0  |                     0  |           0  |           1  |  00:00:00  |
|  BRAM Register                                    |            0  |              0  |                     0  |           0  |           1  |  00:00:00  |
|  URAM Register                                    |            0  |              0  |                     0  |           0  |           1  |  00:00:00  |
|  Dynamic/Static Region Interface Net Replication  |            0  |              0  |                     0  |           0  |           1  |  00:00:00  |
|  Total                                            |          157  |            630  |                   642  |           0  |          11  |  00:00:06  |
-----------------------------------------------------------------------------------------------------------------------------------------------------------


Phase 2.5.2 Physical Synthesis In Placer | Checksum: f7b3fc98

Time (s): cpu = 00:02:56 ; elapsed = 00:01:51 . Memory (MB): peak = 2668.844 ; gain = 0.000
Phase 2.5 Global Place Phase2 | Checksum: a09e3314

Time (s): cpu = 00:02:58 ; elapsed = 00:01:53 . Memory (MB): peak = 2668.844 ; gain = 0.000
Phase 2 Global Placement | Checksum: a09e3314

Time (s): cpu = 00:02:58 ; elapsed = 00:01:53 . Memory (MB): peak = 2668.844 ; gain = 0.000

Phase 3 Detail Placement

Phase 3.1 Commit Multi Column Macros
Phase 3.1 Commit Multi Column Macros | Checksum: 109cad98c

Time (s): cpu = 00:03:08 ; elapsed = 00:01:58 . Memory (MB): peak = 2668.844 ; gain = 0.000

Phase 3.2 Commit Most Macros & LUTRAMs
Phase 3.2 Commit Most Macros & LUTRAMs | Checksum: 17f2fd383

Time (s): cpu = 00:03:29 ; elapsed = 00:02:13 . Memory (MB): peak = 2668.844 ; gain = 0.000

Phase 3.3 Area Swap Optimization
Phase 3.3 Area Swap Optimization | Checksum: 1595a9faa

Time (s): cpu = 00:03:30 ; elapsed = 00:02:14 . Memory (MB): peak = 2668.844 ; gain = 0.000

Phase 3.4 Pipeline Register Optimization
Phase 3.4 Pipeline Register Optimization | Checksum: 13181d565

Time (s): cpu = 00:03:30 ; elapsed = 00:02:14 . Memory (MB): peak = 2668.844 ; gain = 0.000

Phase 3.5 Fast Optimization
Phase 3.5 Fast Optimization | Checksum: 18ca3158f

Time (s): cpu = 00:03:53 ; elapsed = 00:02:29 . Memory (MB): peak = 2668.844 ; gain = 0.000

Phase 3.6 Small Shape Detail Placement
Phase 3.6 Small Shape Detail Placement | Checksum: 162a1d923

Time (s): cpu = 00:04:28 ; elapsed = 00:03:06 . Memory (MB): peak = 2668.844 ; gain = 0.000

Phase 3.7 Re-assign LUT pins
Phase 3.7 Re-assign LUT pins | Checksum: 18272efc5

Time (s): cpu = 00:04:35 ; elapsed = 00:03:12 . Memory (MB): peak = 2668.844 ; gain = 0.000

Phase 3.8 Pipeline Register Optimization
Phase 3.8 Pipeline Register Optimization | Checksum: 161b4daf9

Time (s): cpu = 00:04:36 ; elapsed = 00:03:14 . Memory (MB): peak = 2668.844 ; gain = 0.000
Phase 3 Detail Placement | Checksum: 161b4daf9

Time (s): cpu = 00:04:36 ; elapsed = 00:03:14 . Memory (MB): peak = 2668.844 ; gain = 0.000

Phase 4 Post Placement Optimization and Clean-Up

Phase 4.1 Post Commit Optimization
INFO: [Timing 38-35] Done setting XDC timing constraints.

Phase 4.1.1 Post Placement Optimization
Post Placement Optimization Initialization | Checksum: 1eb63e9f4

Phase 4.1.1.1 BUFG Insertion

Starting Physical Synthesis Task

Phase 1 Physical Synthesis Initialization
INFO: [Physopt 32-721] Multithreading enabled for phys_opt_design using a maximum of 2 CPUs
INFO: [Physopt 32-619] Estimated Timing Summary | WNS=-10.441 | TNS=-23486.678 |
Phase 1 Physical Synthesis Initialization | Checksum: 1d4706e78

Time (s): cpu = 00:00:02 ; elapsed = 00:00:01 . Memory (MB): peak = 2668.844 ; gain = 0.000
INFO: [Place 46-33] Processed net u_array/u_lut/rst_n_0, BUFG insertion was skipped due to placement/routing conflicts.
INFO: [Place 46-56] BUFG insertion identified 1 candidate nets. Inserted BUFG: 0, Replicated BUFG Driver: 0, Skipped due to Placement/Routing Conflicts: 1, Skipped due to Timing Degradation: 0, Skipped due to netlist editing failed: 0.
Ending Physical Synthesis Task | Checksum: 1bd4dd82c

Time (s): cpu = 00:00:04 ; elapsed = 00:00:03 . Memory (MB): peak = 2668.844 ; gain = 0.000
Phase 4.1.1.1 BUFG Insertion | Checksum: 1eb63e9f4

Time (s): cpu = 00:05:05 ; elapsed = 00:03:35 . Memory (MB): peak = 2668.844 ; gain = 0.000

Phase 4.1.1.2 Post Placement Timing Optimization
INFO: [Place 30-746] Post Placement Timing Summary WNS=-9.321. For the most accurate timing information please run report_timing.
Phase 4.1.1.2 Post Placement Timing Optimization | Checksum: 18cee2a41

Time (s): cpu = 00:05:46 ; elapsed = 00:04:08 . Memory (MB): peak = 2668.844 ; gain = 0.000

Time (s): cpu = 00:05:46 ; elapsed = 00:04:08 . Memory (MB): peak = 2668.844 ; gain = 0.000
Phase 4.1 Post Commit Optimization | Checksum: 18cee2a41

Time (s): cpu = 00:05:46 ; elapsed = 00:04:08 . Memory (MB): peak = 2668.844 ; gain = 0.000

Phase 4.2 Post Placement Cleanup
Phase 4.2 Post Placement Cleanup | Checksum: 18cee2a41

Time (s): cpu = 00:05:47 ; elapsed = 00:04:09 . Memory (MB): peak = 2668.844 ; gain = 0.000

Phase 4.3 Placer Reporting

Phase 4.3.1 Print Estimated Congestion
INFO: [Place 30-612] Post-Placement Estimated Congestion 
 ____________________________________________________
|           | Global Congestion | Short Congestion  |
| Direction | Region Size       | Region Size       |
|___________|___________________|___________________|
|      North|                2x2|                8x8|
|___________|___________________|___________________|
|      South|              16x16|                8x8|
|___________|___________________|___________________|
|       East|                8x8|                8x8|
|___________|___________________|___________________|
|       West|                4x4|                8x8|
|___________|___________________|___________________|

Phase 4.3.1 Print Estimated Congestion | Checksum: 18cee2a41

Time (s): cpu = 00:05:48 ; elapsed = 00:04:10 . Memory (MB): peak = 2668.844 ; gain = 0.000
Phase 4.3 Placer Reporting | Checksum: 18cee2a41

Time (s): cpu = 00:05:48 ; elapsed = 00:04:10 . Memory (MB): peak = 2668.844 ; gain = 0.000

Phase 4.4 Final Placement Cleanup
Netlist sorting complete. Time (s): cpu = 00:00:00 ; elapsed = 00:00:00.071 . Memory (MB): peak = 2668.844 ; gain = 0.000

Time (s): cpu = 00:05:48 ; elapsed = 00:04:10 . Memory (MB): peak = 2668.844 ; gain = 0.000
Phase 4 Post Placement Optimization and Clean-Up | Checksum: 1a87ca02c

Time (s): cpu = 00:05:48 ; elapsed = 00:04:10 . Memory (MB): peak = 2668.844 ; gain = 0.000
Ending Placer Task | Checksum: c1a8c988

Time (s): cpu = 00:05:49 ; elapsed = 00:04:10 . Memory (MB): peak = 2668.844 ; gain = 0.000
57 Infos, 2 Warnings, 0 Critical Warnings and 0 Errors encountered.
place_design completed successfully
place_design: Time (s): cpu = 00:05:57 ; elapsed = 00:04:16 . Memory (MB): peak = 2668.844 ; gain = 0.000
# phys_opt_design -directive AggressiveExplore
Command: phys_opt_design -directive AggressiveExplore
Attempting to get a license for feature 'Implementation' and/or device 'xc7z020'
INFO: [Common 17-349] Got license for feature 'Implementation' and/or device 'xc7z020'
INFO: [Vivado_Tcl 4-137] Directive used for phys_opt_design is: AggressiveExplore

Starting Initial Update Timing Task
WARNING: [Timing 38-242] The property HD.CLK_SRC of clock port "clk_i" is not set. In out-of-context mode, this prevents timing estimation for clock delay/skew
Resolution: Set the HD.CLK_SRC property of the out-of-context port to the location of the clock buffer instance in the top-level design

Time (s): cpu = 00:00:17 ; elapsed = 00:00:11 . Memory (MB): peak = 2668.844 ; gain = 0.000
INFO: [Vivado_Tcl 4-1435] PhysOpt_Tcl_Interface Runtime Before Starting Physical Synthesis Task | CPU: 18.00s |  WALL: 11.41s
Netlist sorting complete. Time (s): cpu = 00:00:00 ; elapsed = 00:00:00.062 . Memory (MB): peak = 2668.844 ; gain = 0.000

Starting Physical Synthesis Task

Phase 1 Physical Synthesis Initialization
INFO: [Physopt 32-721] Multithreading enabled for phys_opt_design using a maximum of 2 CPUs
INFO: [Physopt 32-619] Estimated Timing Summary | WNS=-9.321 | TNS=-23256.694 |
Phase 1 Physical Synthesis Initialization | Checksum: 18a98c245

Time (s): cpu = 00:00:09 ; elapsed = 00:00:09 . Memory (MB): peak = 2668.844 ; gain = 0.000

Phase 2 SLR Crossing Optimization
Phase 2 SLR Crossing Optimization | Checksum: 18a98c245

Time (s): cpu = 00:00:10 ; elapsed = 00:00:09 . Memory (MB): peak = 2668.844 ; gain = 0.000
INFO: [Physopt 32-619] Estimated Timing Summary | WNS=-9.321 | TNS=-23256.694 |

Phase 3 Fanout Optimization
INFO: [Physopt 32-76] Pass 1. Identified 6 candidate nets for fanout optimization.
INFO: [Physopt 32-81] Processed net u_array/u_xrowgen/pp_r_reg_n_0_[1]. Replicated 3 times.
INFO: [Physopt 32-572] Net u_array/u_xrowgen/pp_r_reg_n_0_[0] was not replicated.
Resolution: phys_opt_design can be forced to replicate a net driver using the option -force_replication_on_nets <list of net objects>.
INFO: [Physopt 32-601] Processed net u_array/u_dma_x/cf_len[1][5]_i_1_n_0. Net driver u_array/u_dma_x/cf_len[1][5]_i_1 was replaced.
INFO: [Physopt 32-572] Net u_array/u_xrowgen/cg_ic_r[0]_i_1_n_0 was not replicated.
Resolution: phys_opt_design can be forced to replicate a net driver using the option -force_replication_on_nets <list of net objects>.
INFO: [Physopt 32-572] Net u_array/u_dma_x/cf_len[2][5]_i_1_n_0 was not replicated.
Resolution: phys_opt_design can be forced to replicate a net driver using the option -force_replication_on_nets <list of net objects>.
INFO: [Physopt 32-572] Net u_array/u_dma_x/cf_len[0][5]_i_1_n_0 was not replicated.
Resolution: phys_opt_design can be forced to replicate a net driver using the option -force_replication_on_nets <list of net objects>.
INFO: [Physopt 32-232] Optimized 2 nets. Created 3 new instances.
INFO: [Physopt 32-775] End 1 Pass. Optimized 2 nets or cells. Created 3 new cells, deleted 0 existing cell and moved 0 existing cell
INFO: [Physopt 32-619] Estimated Timing Summary | WNS=-9.321 | TNS=-23237.146 |
Netlist sorting complete. Time (s): cpu = 00:00:00 ; elapsed = 00:00:00.219 . Memory (MB): peak = 2668.844 ; gain = 0.000
Phase 3 Fanout Optimization | Checksum: 1b7738e3f

Time (s): cpu = 00:00:14 ; elapsed = 00:00:13 . Memory (MB): peak = 2668.844 ; gain = 0.000

Phase 4 Single Cell Placement Optimization
INFO: [Physopt 32-660] Identified 250 candidate nets for placement-based optimization.
INFO: [Physopt 32-662] Processed net u_array/u_xrowgen/cg_khiw_r[15]_i_2_n_0.  Did not re-place instance u_array/u_xrowgen/cg_khiw_r[15]_i_2
INFO: [Physopt 32-662] Processed net u_array/u_xrowgen/cg_khiw_r[15]_i_1_n_0.  Did not re-place instance u_array/u_xrowgen/cg_khiw_r[15]_i_1
INFO: [Physopt 32-662] Processed net u_array/u_xrowgen/adv_now_w.  Did not re-place instance u_array/u_xrowgen/cg_cnt_r[0]_i_2
INFO: [Physopt 32-662] Processed net u_array/u_xrowgen/dma_cur_w.  Did not re-place instance u_array/u_xrowgen/cg_grp_cmd_r_i_2
INFO: [Physopt 32-662] Processed net u_array/u_xrowgen/cmd_valid_o.  Did not re-place instance u_array/u_xrowgen/cf_wp_r[1]_i_2
INFO: [Physopt 32-662] Processed net u_array/u_dma_x/iq_push_w.  Did not re-place instance u_array/u_dma_x/iq_cnt_r[3]_i_3
INFO: [Physopt 32-662] Processed net u_array/u_xrowgen/p_169_in.  Did not re-place instance u_array/u_xrowgen/cg_cnt_r[0]_i_3
INFO: [Physopt 32-662] Processed net u_array/u_xrowgen/dma2_w.  Did not re-place instance u_array/u_xrowgen/iq_last_r[7][0]_i_4
INFO: [Physopt 32-663] Processed net u_array/u_xrowgen/cg_khiw_r_reg_n_0_[13].  Re-placed instance u_array/u_xrowgen/cg_khiw_r_reg[13]
INFO: [Physopt 32-662] Processed net u_array/u_xrowgen/iq_last_r[7][0]_i_203_n_0.  Did not re-place instance u_array/u_xrowgen/iq_last_r[7][0]_i_203
INFO: [Physopt 32-663] Processed net u_array/u_xrowgen/cg_khiw_r_reg_n_0_[12].  Re-placed instance u_array/u_xrowgen/cg_khiw_r_reg[12]
INFO: [Physopt 32-663] Processed net u_array/u_xrowgen/cg_khiw_r_reg_n_0_[14].  Re-placed instance u_array/u_xrowgen/cg_khiw_r_reg[14]
INFO: [Physopt 32-663] Processed net u_array/u_xrowgen/cg_khiw_r_reg_n_0_[15].  Re-placed instance u_array/u_xrowgen/cg_khiw_r_reg[15]
INFO: [Physopt 32-662] Processed net u_array/u_xrowgen/dma0_w.  Did not re-place instance u_array/u_xrowgen/iq_last_r[7][0]_i_2
INFO: [Physopt 32-662] Processed net u_array/u_xrowgen/iq_last_r[7][0]_i_169_n_0.  Did not re-place instance u_array/u_xrowgen/iq_last_r[7][0]_i_169
INFO: [Physopt 32-662] Processed net u_array/u_xrowgen/dma3_w.  Did not re-place instance u_array/u_xrowgen/iq_last_r[7][0]_i_5
INFO: [Physopt 32-662] Processed net u_array/u_xrowgen/iq_last_r[7][0]_i_217_n_0.  Did not re-place instance u_array/u_xrowgen/iq_last_r[7][0]_i_217
INFO: [Physopt 32-662] Processed net u_array/u_xrowgen/iq_last_r[7][0]_i_202_n_0.  Did not re-place instance u_array/u_xrowgen/iq_last_r[7][0]_i_202
INFO: [Physopt 32-662] Processed net u_array/u_xrowgen/iq_last_r[7][0]_i_133_n_0.  Did not re-place instance u_array/u_xrowgen/iq_last_r[7][0]_i_133
INFO: [Physopt 32-662] Processed net u_array/u_xrowgen/iq_last_r[7][0]_i_78_n_0.  Did not re-place instance u_array/u_xrowgen/iq_last_r[7][0]_i_78
INFO: [Physopt 32-662] Processed net u_array/u_xrowgen/iq_last_r[7][0]_i_157_n_0.  Did not re-place instance u_array/u_xrowgen/iq_last_r[7][0]_i_157
INFO: [Physopt 32-663] Processed net u_array/u_xrowgen/cg_khiw_r_reg_n_0_[10].  Re-placed instance u_array/u_xrowgen/cg_khiw_r_reg[10]
INFO: [Physopt 32-663] Processed net u_array/u_xrowgen/cg_khiw_r_reg_n_0_[11].  Re-placed instance u_array/u_xrowgen/cg_khiw_r_reg[11]
INFO: [Physopt 32-663] Processed net u_array/u_xrowgen/cg_khiw_r_reg_n_0_[8].  Re-placed instance u_array/u_xrowgen/cg_khiw_r_reg[8]
INFO: [Physopt 32-663] Processed net u_array/u_xrowgen/cg_khiw_r_reg_n_0_[9].  Re-placed instance u_array/u_xrowgen/cg_khiw_r_reg[9]
INFO: [Physopt 32-662] Processed net u_array/u_xrowgen/iq_last_r[7][0]_i_216_n_0.  Did not re-place instance u_array/u_xrowgen/iq_last_r[7][0]_i_216
INFO: [Physopt 32-663] Processed net u_array/u_xrowgen/cg_khiw_r_reg_n_0_[4].  Re-placed instance u_array/u_xrowgen/cg_khiw_r_reg[4]
INFO: [Physopt 32-663] Processed net u_array/u_xrowgen/cg_khiw_r_reg_n_0_[5].  Re-placed instance u_array/u_xrowgen/cg_khiw_r_reg[5]
INFO: [Physopt 32-662] Processed net u_array/u_xrowgen/cg_khiw_r_reg_n_0_[6].  Did not re-place instance u_array/u_xrowgen/cg_khiw_r_reg[6]
INFO: [Physopt 32-662] Processed net u_array/u_xrowgen/cg_khiw_r_reg_n_0_[7].  Did not re-place instance u_array/u_xrowgen/cg_khiw_r_reg[7]
INFO: [Physopt 32-662] Processed net u_array/u_xrowgen/iq_last_r[7][0]_i_204_n_0.  Did not re-place instance u_array/u_xrowgen/iq_last_r[7][0]_i_204
INFO: [Physopt 32-662] Processed net u_array/u_xrowgen/iq_last_r[7][0]_i_132_n_0.  Did not re-place instance u_array/u_xrowgen/iq_last_r[7][0]_i_132
INFO: [Physopt 32-662] Processed net u_array/u_xrowgen/dma1_w.  Did not re-place instance u_array/u_xrowgen/iq_last_r[7][0]_i_3
INFO: [Physopt 32-662] Processed net u_array/u_xrowgen/iq_last_r[7][0]_i_168_n_0.  Did not re-place instance u_array/u_xrowgen/iq_last_r[7][0]_i_168
INFO: [Physopt 32-662] Processed net u_array/u_xrowgen/iq_last_r[7][0]_i_182_n_0.  Did not re-place instance u_array/u_xrowgen/iq_last_r[7][0]_i_182
INFO: [Physopt 32-662] Processed net u_array/u_xrowgen/iq_last_r[7][0]_i_134_n_0.  Did not re-place instance u_array/u_xrowgen/iq_last_r[7][0]_i_134
INFO: [Physopt 32-662] Processed net u_array/u_xrowgen/cg_khiw_r_reg_n_0_[1].  Did not re-place instance u_array/u_xrowgen/cg_khiw_r_reg[1]
INFO: [Physopt 32-662] Processed net u_array/u_xrowgen/cg_khiw_r_reg_n_0_[2].  Did not re-place instance u_array/u_xrowgen/cg_khiw_r_reg[2]
INFO: [Physopt 32-662] Processed net u_array/u_xrowgen/cg_khiw_r_reg_n_0_[3].  Did not re-place instance u_array/u_xrowgen/cg_khiw_r_reg[3]
INFO: [Physopt 32-662] Processed net u_array/u_xrowgen/cg_khiw_r_reg_n_0_[0].  Did not re-place instance u_array/u_xrowgen/cg_khiw_r_reg[0]
INFO: [Physopt 32-662] Processed net u_array/u_xrowgen/iq_last_r[7][0]_i_201_n_0.  Did not re-place instance u_array/u_xrowgen/iq_last_r[7][0]_i_201
INFO: [Physopt 32-662] Processed net u_array/u_xrowgen/part_ih0_w[17].  Did not re-place instance u_array/u_xrowgen/part_row0_w_i_1
INFO: [Physopt 32-662] Processed net u_array/u_xrowgen/oy0_r__0[0].  Did not re-place instance u_array/u_xrowgen/oy0_r_reg[0]
INFO: [Physopt 32-662] Processed net u_array/u_xrowgen/p_0_out_i_6_n_0.  Did not re-place instance u_array/u_xrowgen/p_0_out_i_6
INFO: [Physopt 32-662] Processed net u_array/u_xrowgen/part_row0_w_i_23_n_0.  Did not re-place instance u_array/u_xrowgen/part_row0_w_i_23
INFO: [Physopt 32-663] Processed net u_array/u_xrowgen/pt_row0_r_reg[1]_92[16].  Re-placed instance u_array/u_xrowgen/pt_row0_r_reg[1][16]
INFO: [Physopt 32-663] Processed net u_array/u_xrowgen/pt_row0_r_reg[3]_90[30].  Re-placed instance u_array/u_xrowgen/pt_row0_r_reg[3][30]
INFO: [Physopt 32-663] Processed net u_array/u_xrowgen/pt_row0_r_reg[3]_90[10].  Re-placed instance u_array/u_xrowgen/pt_row0_r_reg[3][10]
INFO: [Physopt 32-662] Processed net u_array/u_xrowgen/iq_last_r[7][0]_i_181_n_0.  Did not re-place instance u_array/u_xrowgen/iq_last_r[7][0]_i_181
INFO: [Physopt 32-662] Processed net u_array/u_xrowgen/iq_last_r[7][0]_i_77_n_0.  Did not re-place instance u_array/u_xrowgen/iq_last_r[7][0]_i_77
INFO: [Physopt 32-662] Processed net u_array/u_xrowgen/iq_last_r[7][0]_i_156_n_0.  Did not re-place instance u_array/u_xrowgen/iq_last_r[7][0]_i_156
INFO: [Physopt 32-662] Processed net u_array/u_xrowgen/part_row0_w_i_22_n_0.  Did not re-place instance u_array/u_xrowgen/part_row0_w_i_22
INFO: [Physopt 32-662] Processed net u_array/u_xrowgen/iq_last_r[7][0]_i_166_n_0.  Did not re-place instance u_array/u_xrowgen/iq_last_r[7][0]_i_166
INFO: [Physopt 32-662] Processed net u_array/u_xrowgen/iq_last_r[7][0]_i_214_n_0.  Did not re-place instance u_array/u_xrowgen/iq_last_r[7][0]_i_214
INFO: [Physopt 32-662] Processed net u_array/u_xrowgen/iq_last_r[7][0]_i_167_n_0.  Did not re-place instance u_array/u_xrowgen/iq_last_r[7][0]_i_167
INFO: [Physopt 32-662] Processed net u_array/u_xrowgen/iq_last_r[7][0]_i_131_n_0.  Did not re-place instance u_array/u_xrowgen/iq_last_r[7][0]_i_131
INFO: [Physopt 32-662] Processed net u_array/u_xrowgen/iq_last_r[7][0]_i_215_n_0.  Did not re-place instance u_array/u_xrowgen/iq_last_r[7][0]_i_215
INFO: [Physopt 32-662] Processed net u_array/u_xrowgen/pt_row0_r_reg[0]_93[17].  Did not re-place instance u_array/u_xrowgen/pt_row0_r_reg[0][17]
INFO: [Physopt 32-662] Processed net u_array/u_xrowgen/part_row0_w_i_19_n_0.  Did not re-place instance u_array/u_xrowgen/part_row0_w_i_19
INFO: [Physopt 32-662] Processed net u_array/u_xrowgen/iq_last_r[7][0]_i_180_n_0.  Did not re-place instance u_array/u_xrowgen/iq_last_r[7][0]_i_180
INFO: [Physopt 32-662] Processed net u_array/u_xrowgen/iq_last_r[7][0]_i_100_n_0.  Did not re-place instance u_array/u_xrowgen/iq_last_r[7][0]_i_100
INFO: [Physopt 32-662] Processed net u_array/u_xrowgen/pt_row0_r_reg[0]_93[16].  Did not re-place instance u_array/u_xrowgen/pt_row0_r_reg[0][16]
INFO: [Physopt 32-662] Processed net u_array/u_xrowgen/part_row0_w_i_21_n_0.  Did not re-place instance u_array/u_xrowgen/part_row0_w_i_21
INFO: [Physopt 32-662] Processed net u_array/u_xrowgen/pt_row0_r_reg[1]_92[30].  Did not re-place instance u_array/u_xrowgen/pt_row0_r_reg[1][30]
INFO: [Physopt 32-662] Processed net u_array/u_xrowgen/part_row0_w_i_18_n_0.  Did not re-place instance u_array/u_xrowgen/part_row0_w_i_18
INFO: [Physopt 32-662] Processed net u_array/u_xrowgen/p_0_out_i_5_n_0.  Did not re-place instance u_array/u_xrowgen/p_0_out_i_5
INFO: [Physopt 32-662] Processed net u_array/u_xrowgen/pp_r_reg_n_0_[1]_repN.  Did not re-place instance u_array/u_xrowgen/pp_r_reg[1]_replica
INFO: [Physopt 32-662] Processed net u_array/u_xrowgen/pp_r_reg_n_0_[0].  Did not re-place instance u_array/u_xrowgen/pp_r_reg[0]
INFO: [Physopt 32-662] Processed net u_array/u_xrowgen/cg_disp_w.  Did not re-place instance u_array/u_xrowgen/st_skew_r[1][0][2]_i_3
INFO: [Physopt 32-662] Processed net u_array/u_xrowgen/cg_part_pend_r1.  Did not re-place instance u_array/u_xrowgen/cg_part_pend_r_i_4
INFO: [Physopt 32-662] Processed net u_array/u_xrowgen/cg_part_pend_r_i_1_n_0.  Did not re-place instance u_array/u_xrowgen/cg_part_pend_r_i_1
INFO: [Physopt 32-662] Processed net u_array/u_xrowgen/cg_part_pend_r_i_2_n_0.  Did not re-place instance u_array/u_xrowgen/cg_part_pend_r_i_2
INFO: [Physopt 32-662] Processed net u_array/u_xrowgen/iq_last_r[7][0]_i_75_n_0.  Did not re-place instance u_array/u_xrowgen/iq_last_r[7][0]_i_75
INFO: [Physopt 32-662] Processed net u_array/u_xrowgen/cg_part_pend_r_reg_n_0.  Did not re-place instance u_array/u_xrowgen/cg_part_pend_r_reg
INFO: [Physopt 32-662] Processed net u_array/u_xrowgen/iq_p_r[7][1]_i_2_n_0.  Did not re-place instance u_array/u_xrowgen/iq_p_r[7][1]_i_2
INFO: [Physopt 32-662] Processed net u_array/u_xrowgen/iq_p_r[3][1]_i_1_n_0.  Did not re-place instance u_array/u_xrowgen/iq_p_r[3][1]_i_1
INFO: [Physopt 32-662] Processed net u_array/u_xrowgen/iq_g_r_reg[3]_60.  Did not re-place instance u_array/u_xrowgen/iq_g_r_reg[3][0]
INFO: [Physopt 32-662] Processed net u_array/u_xrowgen/iq_p_r_reg[3]_52[0].  Did not re-place instance u_array/u_xrowgen/iq_p_r_reg[3][0]
INFO: [Physopt 32-662] Processed net u_array/u_xrowgen/iq_p_r_reg[3]_52[1].  Did not re-place instance u_array/u_xrowgen/iq_p_r_reg[3][1]
INFO: [Physopt 32-662] Processed net u_array/u_xrowgen/iq_last_r_reg[3]_68.  Did not re-place instance u_array/u_xrowgen/iq_last_r_reg[3][0]
INFO: [Physopt 32-662] Processed net u_array/u_xrowgen/iq_last_r[7][0]_i_154_n_0.  Did not re-place instance u_array/u_xrowgen/iq_last_r[7][0]_i_154
INFO: [Physopt 32-662] Processed net u_array/u_xrowgen/oy0_r__0[1].  Did not re-place instance u_array/u_xrowgen/oy0_r_reg[1]
INFO: [Physopt 32-662] Processed net u_array/u_xrowgen/iq_last_r[7][0]_i_76_n_0.  Did not re-place instance u_array/u_xrowgen/iq_last_r[7][0]_i_76
INFO: [Physopt 32-662] Processed net u_array/u_xrowgen/iq_last_r[7][0]_i_155_n_0.  Did not re-place instance u_array/u_xrowgen/iq_last_r[7][0]_i_155
INFO: [Physopt 32-662] Processed net u_array/u_xrowgen/pt_row0_r_reg[2]_91[10].  Did not re-place instance u_array/u_xrowgen/pt_row0_r_reg[2][10]
INFO: [Physopt 32-662] Processed net u_array/u_xrowgen/pt_row0_r_reg[2]_91[27].  Did not re-place instance u_array/u_xrowgen/pt_row0_r_reg[2][27]
INFO: [Physopt 32-662] Processed net u_array/u_xrowgen/pt_row0_r_reg[2]_91[20].  Did not re-place instance u_array/u_xrowgen/pt_row0_r_reg[2][20]
INFO: [Physopt 32-662] Processed net u_array/u_xrowgen/part_row0_w_i_15_n_0.  Did not re-place instance u_array/u_xrowgen/part_row0_w_i_15
INFO: [Physopt 32-662] Processed net u_array/u_xrowgen/st_skew_r[1][1][2]_i_2_n_0.  Did not re-place instance u_array/u_xrowgen/st_skew_r[1][1][2]_i_2
INFO: [Physopt 32-662] Processed net u_array/u_xrowgen/st_skew_r_reg_n_0_[1][1][1].  Did not re-place instance u_array/u_xrowgen/st_skew_r_reg[1][1][1]
INFO: [Physopt 32-662] Processed net u_array/u_xrowgen/st_skew_r[1][1][1]_i_1_n_0.  Did not re-place instance u_array/u_xrowgen/st_skew_r[1][1][1]_i_1
INFO: [Physopt 32-662] Processed net u_array/u_xrowgen/st_skew_r[1][1][2]_i_3_n_0.  Did not re-place instance u_array/u_xrowgen/st_skew_r[1][1][2]_i_3
INFO: [Physopt 32-662] Processed net u_array/u_xrowgen/st_skew_r_reg_n_0_[1][1][0].  Did not re-place instance u_array/u_xrowgen/st_skew_r_reg[1][1][0]
INFO: [Physopt 32-662] Processed net u_array/u_xrowgen/st_skew_r[1][1][0]_i_1_n_0.  Did not re-place instance u_array/u_xrowgen/st_skew_r[1][1][0]_i_1
INFO: [Physopt 32-662] Processed net u_array/u_xrowgen/iq_last_r[7][0]_i_99_n_0.  Did not re-place instance u_array/u_xrowgen/iq_last_r[7][0]_i_99
INFO: [Physopt 32-663] Processed net u_array/u_xrowgen/oy0_r__0[9].  Re-placed instance u_array/u_xrowgen/oy0_r_reg[9]
INFO: [Physopt 32-662] Processed net u_array/u_xrowgen/iq_p_r[4][1]_i_1_n_0.  Did not re-place instance u_array/u_xrowgen/iq_p_r[4][1]_i_1
INFO: [Physopt 32-662] Processed net u_array/u_xrowgen/iq_g_r_reg[4]_59.  Did not re-place instance u_array/u_xrowgen/iq_g_r_reg[4][0]
INFO: [Physopt 32-662] Processed net u_array/u_xrowgen/iq_p_r_reg[4]_51[0].  Did not re-place instance u_array/u_xrowgen/iq_p_r_reg[4][0]
INFO: [Physopt 32-662] Processed net u_array/u_xrowgen/iq_p_r_reg[4]_51[1].  Did not re-place instance u_array/u_xrowgen/iq_p_r_reg[4][1]
INFO: [Physopt 32-662] Processed net u_array/u_xrowgen/iq_last_r_reg[4]_67.  Did not re-place instance u_array/u_xrowgen/iq_last_r_reg[4][0]
INFO: [Physopt 32-662] Processed net u_array/u_xrowgen/part_row0_w_i_20_n_0.  Did not re-place instance u_array/u_xrowgen/part_row0_w_i_20
INFO: [Physopt 32-662] Processed net u_array/u_xrowgen/part_row0_w_i_17_n_0.  Did not re-place instance u_array/u_xrowgen/part_row0_w_i_17
INFO: [Physopt 32-663] Processed net u_array/u_xrowgen/oy0_r__0[4].  Re-placed instance u_array/u_xrowgen/oy0_r_reg[4]
INFO: [Physopt 32-662] Processed net u_array/u_xrowgen/pt_row0_r_reg[1]_92[29].  Did not re-place instance u_array/u_xrowgen/pt_row0_r_reg[1][29]
INFO: [Physopt 32-662] Processed net u_array/u_xrowgen/oy0_r__0[3].  Did not re-place instance u_array/u_xrowgen/oy0_r_reg[3]
INFO: [Physopt 32-662] Processed net u_array/u_xrowgen/pt_row0_r_reg[1]_92[23].  Did not re-place instance u_array/u_xrowgen/pt_row0_r_reg[1][23]
INFO: [Physopt 32-662] Processed net u_array/u_xrowgen/pt_row0_r_reg[1]_92[26].  Did not re-place instance u_array/u_xrowgen/pt_row0_r_reg[1][26]
INFO: [Physopt 32-662] Processed net u_array/u_xrowgen/st_skew_r_reg_n_0_[1][1][2].  Did not re-place instance u_array/u_xrowgen/st_skew_r_reg[1][1][2]
INFO: [Physopt 32-662] Processed net u_array/u_xrowgen/pt_row0_r_reg[1]_92[8].  Did not re-place instance u_array/u_xrowgen/pt_row0_r_reg[1][8]
INFO: [Physopt 32-662] Processed net u_array/u_xrowgen/st_skew_r[1][1][2]_i_1_n_0.  Did not re-place instance u_array/u_xrowgen/st_skew_r[1][1][2]_i_1
INFO: [Physopt 32-662] Processed net u_array/u_xrowgen/part_row0_w_i_14_n_0.  Did not re-place instance u_array/u_xrowgen/part_row0_w_i_14
INFO: [Physopt 32-663] Processed net u_array/u_xrowgen/pt_row0_r_reg[0]_93[12].  Re-placed instance u_array/u_xrowgen/pt_row0_r_reg[0][12]
INFO: [Physopt 32-662] Processed net u_array/u_xrowgen/st_skew_r_reg_n_0_[1][2][2].  Did not re-place instance u_array/u_xrowgen/st_skew_r_reg[1][2][2]
INFO: [Physopt 32-662] Processed net u_array/u_xrowgen/st_skew_r[1][2][2]_i_2_n_0.  Did not re-place instance u_array/u_xrowgen/st_skew_r[1][2][2]_i_2
INFO: [Physopt 32-662] Processed net u_array/u_xrowgen/iq_last_r[7][0]_i_101_n_0.  Did not re-place instance u_array/u_xrowgen/iq_last_r[7][0]_i_101
INFO: [Physopt 32-662] Processed net u_array/u_xrowgen/st_skew_r[1][2][2]_i_1_n_0.  Did not re-place instance u_array/u_xrowgen/st_skew_r[1][2][2]_i_1
INFO: [Physopt 32-662] Processed net u_array/u_xrowgen/st_skew_r[1][2][2]_i_3_n_0.  Did not re-place instance u_array/u_xrowgen/st_skew_r[1][2][2]_i_3
INFO: [Physopt 32-662] Processed net u_array/u_xrowgen/pt_row0_r_reg[2]_91[29].  Did not re-place instance u_array/u_xrowgen/pt_row0_r_reg[2][29]
INFO: [Physopt 32-663] Processed net u_array/u_xrowgen/pt_row0_r_reg[2]_91[8].  Re-placed instance u_array/u_xrowgen/pt_row0_r_reg[2][8]
INFO: [Physopt 32-662] Processed net u_array/u_xrowgen/pt_row0_r_reg[3]_90[6].  Did not re-place instance u_array/u_xrowgen/pt_row0_r_reg[3][6]
INFO: [Physopt 32-662] Processed net u_array/u_xrowgen/pt_row0_r_reg[2]_91[1].  Did not re-place instance u_array/u_xrowgen/pt_row0_r_reg[2][1]
INFO: [Physopt 32-662] Processed net u_array/u_xrowgen/iq_last_r[7][0]_i_179_n_0.  Did not re-place instance u_array/u_xrowgen/iq_last_r[7][0]_i_179
INFO: [Physopt 32-662] Processed net u_array/u_xrowgen/pt_row0_r_reg[2]_91[12].  Did not re-place instance u_array/u_xrowgen/pt_row0_r_reg[2][12]
INFO: [Physopt 32-662] Processed net u_array/u_xrowgen/pt_row0_r_reg[2]_91[7].  Did not re-place instance u_array/u_xrowgen/pt_row0_r_reg[2][7]
INFO: [Physopt 32-662] Processed net u_array/u_xrowgen/pt_row0_r_reg[3]_90[26].  Did not re-place instance u_array/u_xrowgen/pt_row0_r_reg[3][26]
INFO: [Physopt 32-663] Processed net u_array/u_xrowgen/pt_row0_r_reg[3]_90[2].  Re-placed instance u_array/u_xrowgen/pt_row0_r_reg[3][2]
INFO: [Physopt 32-662] Processed net u_array/u_xrowgen/pt_row0_r_reg[3]_90[4].  Did not re-place instance u_array/u_xrowgen/pt_row0_r_reg[3][4]
INFO: [Physopt 32-663] Processed net u_array/u_xrowgen/pt_row0_r_reg[3]_90[20].  Re-placed instance u_array/u_xrowgen/pt_row0_r_reg[3][20]
INFO: [Physopt 32-662] Processed net u_array/u_xrowgen/oy0_r__0[2].  Did not re-place instance u_array/u_xrowgen/oy0_r_reg[2]
INFO: [Physopt 32-662] Processed net u_array/u_xrowgen/st_skew_r[1][3][2]_i_2_n_0.  Did not re-place instance u_array/u_xrowgen/st_skew_r[1][3][2]_i_2
INFO: [Physopt 32-662] Processed net u_array/u_xrowgen/st_skew_r_reg_n_0_[1][3][0].  Did not re-place instance u_array/u_xrowgen/st_skew_r_reg[1][3][0]
INFO: [Physopt 32-662] Processed net u_array/u_xrowgen/st_skew_r[1][3][0]_i_1_n_0.  Did not re-place instance u_array/u_xrowgen/st_skew_r[1][3][0]_i_1
INFO: [Physopt 32-662] Processed net u_array/u_xrowgen/st_skew_r[1][3][2]_i_3_n_0.  Did not re-place instance u_array/u_xrowgen/st_skew_r[1][3][2]_i_3
INFO: [Physopt 32-662] Processed net u_array/u_xrowgen/st_skew_r_reg_n_0_[1][3][1].  Did not re-place instance u_array/u_xrowgen/st_skew_r_reg[1][3][1]
INFO: [Physopt 32-662] Processed net u_array/u_xrowgen/st_skew_r[1][3][1]_i_1_n_0.  Did not re-place instance u_array/u_xrowgen/st_skew_r[1][3][1]_i_1
INFO: [Physopt 32-662] Processed net u_array/u_xrowgen/st_skew_r_reg_n_0_[1][3][2].  Did not re-place instance u_array/u_xrowgen/st_skew_r_reg[1][3][2]
INFO: [Physopt 32-662] Processed net u_array/u_xrowgen/st_skew_r[1][3][2]_i_1_n_0.  Did not re-place instance u_array/u_xrowgen/st_skew_r[1][3][2]_i_1
INFO: [Physopt 32-662] Processed net u_array/u_xrowgen/pt_row0_r_reg[0]_93[5].  Did not re-place instance u_array/u_xrowgen/pt_row0_r_reg[0][5]
INFO: [Physopt 32-662] Processed net u_array/u_xrowgen/part_row0_w_i_11_n_0.  Did not re-place instance u_array/u_xrowgen/part_row0_w_i_11
INFO: [Physopt 32-662] Processed net u_array/u_xrowgen/pt_row0_r_reg[2]_91[0].  Did not re-place instance u_array/u_xrowgen/pt_row0_r_reg[2][0]
INFO: [Physopt 32-662] Processed net u_array/u_xrowgen/iq_p_r[6][1]_i_1_n_0.  Did not re-place instance u_array/u_xrowgen/iq_p_r[6][1]_i_1
INFO: [Physopt 32-662] Processed net u_array/u_xrowgen/iq_g_r_reg[6]_57.  Did not re-place instance u_array/u_xrowgen/iq_g_r_reg[6][0]
INFO: [Physopt 32-662] Processed net u_array/u_xrowgen/iq_p_r_reg[6]_49[0].  Did not re-place instance u_array/u_xrowgen/iq_p_r_reg[6][0]
INFO: [Physopt 32-662] Processed net u_array/u_xrowgen/iq_p_r_reg[6]_49[1].  Did not re-place instance u_array/u_xrowgen/iq_p_r_reg[6][1]
INFO: [Physopt 32-662] Processed net u_array/u_xrowgen/iq_last_r_reg[6]_65.  Did not re-place instance u_array/u_xrowgen/iq_last_r_reg[6][0]
INFO: [Physopt 32-662] Processed net u_array/u_xrowgen/pt_row0_r_reg[2]_91[3].  Did not re-place instance u_array/u_xrowgen/pt_row0_r_reg[2][3]
INFO: [Physopt 32-662] Processed net u_array/u_xrowgen/iq_p_r[2][1]_i_1_n_0.  Did not re-place instance u_array/u_xrowgen/iq_p_r[2][1]_i_1
INFO: [Physopt 32-662] Processed net u_array/u_xrowgen/iq_g_r_reg[2]_61.  Did not re-place instance u_array/u_xrowgen/iq_g_r_reg[2][0]
INFO: [Physopt 32-662] Processed net u_array/u_xrowgen/iq_p_r_reg[2]_53[0].  Did not re-place instance u_array/u_xrowgen/iq_p_r_reg[2][0]
INFO: [Physopt 32-662] Processed net u_array/u_xrowgen/iq_p_r_reg[2]_53[1].  Did not re-place instance u_array/u_xrowgen/iq_p_r_reg[2][1]
INFO: [Physopt 32-662] Processed net u_array/u_xrowgen/iq_last_r_reg[2]_69.  Did not re-place instance u_array/u_xrowgen/iq_last_r_reg[2][0]
INFO: [Physopt 32-662] Processed net u_array/u_xrowgen/pt_row0_r_reg[2]_91[21].  Did not re-place instance u_array/u_xrowgen/pt_row0_r_reg[2][21]
INFO: [Physopt 32-662] Processed net u_array/u_xrowgen/pt_row0_r_reg[2]_91[2].  Did not re-place instance u_array/u_xrowgen/pt_row0_r_reg[2][2]
INFO: [Physopt 32-662] Processed net u_array/u_xrowgen/part_row0_w_i_16_n_0.  Did not re-place instance u_array/u_xrowgen/part_row0_w_i_16
INFO: [Physopt 32-662] Processed net u_array/u_xrowgen/pt_row0_r_reg[3]_90[23].  Did not re-place instance u_array/u_xrowgen/pt_row0_r_reg[3][23]
INFO: [Physopt 32-662] Processed net u_array/u_xrowgen/iq_p_r[1][1]_i_1_n_0.  Did not re-place instance u_array/u_xrowgen/iq_p_r[1][1]_i_1
INFO: [Physopt 32-662] Processed net u_array/u_xrowgen/iq_g_r_reg[1]_62.  Did not re-place instance u_array/u_xrowgen/iq_g_r_reg[1][0]
INFO: [Physopt 32-662] Processed net u_array/u_xrowgen/iq_p_r_reg[1]_54[0].  Did not re-place instance u_array/u_xrowgen/iq_p_r_reg[1][0]
INFO: [Physopt 32-662] Processed net u_array/u_xrowgen/iq_p_r_reg[1]_54[1].  Did not re-place instance u_array/u_xrowgen/iq_p_r_reg[1][1]
INFO: [Physopt 32-662] Processed net u_array/u_xrowgen/part_row0_w_i_13_n_0.  Did not re-place instance u_array/u_xrowgen/part_row0_w_i_13
INFO: [Physopt 32-662] Processed net u_array/u_xrowgen/iq_last_r_reg[1]_70.  Did not re-place instance u_array/u_xrowgen/iq_last_r_reg[1][0]
INFO: [Physopt 32-663] Processed net u_array/u_xrowgen/oy0_r__0[8].  Re-placed instance u_array/u_xrowgen/oy0_r_reg[8]
INFO: [Physopt 32-662] Processed net u_array/u_xrowgen/pt_row0_r_reg[1]_92[5].  Did not re-place instance u_array/u_xrowgen/pt_row0_r_reg[1][5]
INFO: [Physopt 32-662] Processed net u_array/u_xrowgen/pt_row0_r_reg[1]_92[7].  Did not re-place instance u_array/u_xrowgen/pt_row0_r_reg[1][7]
INFO: [Physopt 32-662] Processed net u_array/u_xrowgen/pt_row0_r_reg[1]_92[22].  Did not re-place instance u_array/u_xrowgen/pt_row0_r_reg[1][22]
INFO: [Physopt 32-662] Processed net u_array/u_xrowgen/pt_row0_r_reg[3]_90[7].  Did not re-place instance u_array/u_xrowgen/pt_row0_r_reg[3][7]
INFO: [Physopt 32-662] Processed net u_array/u_xrowgen/pt_row0_r_reg[3]_90[12].  Did not re-place instance u_array/u_xrowgen/pt_row0_r_reg[3][12]
INFO: [Physopt 32-663] Processed net u_array/u_xrowgen/pt_row0_r_reg[3]_90[24].  Re-placed instance u_array/u_xrowgen/pt_row0_r_reg[3][24]
INFO: [Physopt 32-662] Processed net u_array/u_xrowgen/part_row0_w_i_10_n_0.  Did not re-place instance u_array/u_xrowgen/part_row0_w_i_10
INFO: [Physopt 32-662] Processed net u_array/u_xrowgen/cg_adv_pend_r_i_2_n_0.  Did not re-place instance u_array/u_xrowgen/cg_adv_pend_r_i_2
INFO: [Physopt 32-663] Processed net u_array/u_xrowgen/pt_row0_r_reg[2]_91[31].  Re-placed instance u_array/u_xrowgen/pt_row0_r_reg[2][31]
INFO: [Physopt 32-662] Processed net u_array/u_xrowgen/pt_row0_r_reg[1]_92[31].  Did not re-place instance u_array/u_xrowgen/pt_row0_r_reg[1][31]
INFO: [Physopt 32-663] Processed net u_array/u_xrowgen/pt_row0_r_reg[3]_90[21].  Re-placed instance u_array/u_xrowgen/pt_row0_r_reg[3][21]
INFO: [Physopt 32-662] Processed net u_array/u_xrowgen/st_skew_r_reg_n_0_[1][2][1].  Did not re-place instance u_array/u_xrowgen/st_skew_r_reg[1][2][1]
INFO: [Physopt 32-662] Processed net u_array/u_xrowgen/st_skew_r[1][2][1]_i_1_n_0.  Did not re-place instance u_array/u_xrowgen/st_skew_r[1][2][1]_i_1
INFO: [Physopt 32-663] Processed net u_array/u_xrowgen/pt_row0_r_reg[0]_93[22].  Re-placed instance u_array/u_xrowgen/pt_row0_r_reg[0][22]
INFO: [Physopt 32-662] Processed net u_array/u_xrowgen/pt_row0_r_reg[0]_93[28].  Did not re-place instance u_array/u_xrowgen/pt_row0_r_reg[0][28]
INFO: [Physopt 32-662] Processed net u_array/u_xrowgen/iq_last_r[7][0]_i_98_n_0.  Did not re-place instance u_array/u_xrowgen/iq_last_r[7][0]_i_98
INFO: [Physopt 32-663] Processed net u_array/u_xrowgen/pt_row0_r_reg[0]_93[11].  Re-placed instance u_array/u_xrowgen/pt_row0_r_reg[0][11]
INFO: [Physopt 32-663] Processed net u_array/u_xrowgen/cg_kh_r_reg_n_0_[2].  Re-placed instance u_array/u_xrowgen/cg_kh_r_reg[2]
INFO: [Physopt 32-663] Processed net u_array/u_xrowgen/cg_kh_r_reg_n_0_[4].  Re-placed instance u_array/u_xrowgen/cg_kh_r_reg[4]
INFO: [Physopt 32-662] Processed net u_array/u_xrowgen/cg_kh_r_reg_n_0_[6].  Did not re-place instance u_array/u_xrowgen/cg_kh_r_reg[6]
INFO: [Physopt 32-662] Processed net u_array/u_xrowgen/cg_kh_r_reg_n_0_[7].  Did not re-place instance u_array/u_xrowgen/cg_kh_r_reg[7]
INFO: [Physopt 32-662] Processed net u_array/u_xrowgen/st_skew_r_reg[0][0]_8[2].  Did not re-place instance u_array/u_xrowgen/st_skew_r_reg[0][0][2]
INFO: [Physopt 32-662] Processed net u_array/u_xrowgen/st_skew_r[0][0][2]_i_2_n_0.  Did not re-place instance u_array/u_xrowgen/st_skew_r[0][0][2]_i_2
INFO: [Physopt 32-662] Processed net u_array/u_xrowgen/st_skew_r[0][0][2]_i_1_n_0.  Did not re-place instance u_array/u_xrowgen/st_skew_r[0][0][2]_i_1
INFO: [Physopt 32-662] Processed net u_array/u_xrowgen/st_skew_r[0][0][2]_i_3_n_0.  Did not re-place instance u_array/u_xrowgen/st_skew_r[0][0][2]_i_3
INFO: [Physopt 32-662] Processed net u_array/u_xrowgen/st_skew_r_reg[0][2]_6[1].  Did not re-place instance u_array/u_xrowgen/st_skew_r_reg[0][2][1]
INFO: [Physopt 32-662] Processed net u_array/u_xrowgen/st_skew_r[0][2][2]_i_2_n_0.  Did not re-place instance u_array/u_xrowgen/st_skew_r[0][2][2]_i_2
INFO: [Physopt 32-662] Processed net u_array/u_xrowgen/st_skew_r[0][2][1]_i_1_n_0.  Did not re-place instance u_array/u_xrowgen/st_skew_r[0][2][1]_i_1
INFO: [Physopt 32-663] Processed net u_array/u_xrowgen/st_skew_r[0][2][2]_i_3_n_0.  Re-placed instance u_array/u_xrowgen/st_skew_r[0][2][2]_i_3
INFO: [Physopt 32-662] Processed net u_array/u_xrowgen/st_skew_r_reg_n_0_[1][2][0].  Did not re-place instance u_array/u_xrowgen/st_skew_r_reg[1][2][0]
INFO: [Physopt 32-662] Processed net u_array/u_xrowgen/st_skew_r[1][2][0]_i_1_n_0.  Did not re-place instance u_array/u_xrowgen/st_skew_r[1][2][0]_i_1
INFO: [Physopt 32-662] Processed net u_array/u_xrowgen/pt_row0_r_reg[1]_92[14].  Did not re-place instance u_array/u_xrowgen/pt_row0_r_reg[1][14]
INFO: [Physopt 32-662] Processed net u_array/u_xrowgen/oy0_r__0[5].  Did not re-place instance u_array/u_xrowgen/oy0_r_reg[5]
INFO: [Physopt 32-662] Processed net u_array/u_xrowgen/st_skew_r_reg[0][2]_6[2].  Did not re-place instance u_array/u_xrowgen/st_skew_r_reg[0][2][2]
INFO: [Physopt 32-662] Processed net u_array/u_xrowgen/st_skew_r[0][2][2]_i_1_n_0.  Did not re-place instance u_array/u_xrowgen/st_skew_r[0][2][2]_i_1
INFO: [Physopt 32-662] Processed net u_array/u_xrowgen/pt_row0_r_reg[1]_92[25].  Did not re-place instance u_array/u_xrowgen/pt_row0_r_reg[1][25]
INFO: [Physopt 32-662] Processed net u_array/u_xrowgen/st_skew_r[0][3][2]_i_2_n_0.  Did not re-place instance u_array/u_xrowgen/st_skew_r[0][3][2]_i_2
INFO: [Physopt 32-662] Processed net u_array/u_xrowgen/st_skew_r_reg[0][3]_5[1].  Did not re-place instance u_array/u_xrowgen/st_skew_r_reg[0][3][1]
INFO: [Physopt 32-662] Processed net u_array/u_xrowgen/st_skew_r[0][3][1]_i_1_n_0.  Did not re-place instance u_array/u_xrowgen/st_skew_r[0][3][1]_i_1
INFO: [Physopt 32-662] Processed net u_array/u_xrowgen/st_skew_r[0][3][2]_i_3_n_0.  Did not re-place instance u_array/u_xrowgen/st_skew_r[0][3][2]_i_3
INFO: [Physopt 32-662] Processed net u_array/u_xrowgen/st_skew_r_reg[0][3]_5[2].  Did not re-place instance u_array/u_xrowgen/st_skew_r_reg[0][3][2]
INFO: [Physopt 32-662] Processed net u_array/u_xrowgen/st_skew_r[0][3][2]_i_1_n_0.  Did not re-place instance u_array/u_xrowgen/st_skew_r[0][3][2]_i_1
INFO: [Physopt 32-662] Processed net u_array/u_xrowgen/st_skew_r[0][1][2]_i_2_n_0.  Did not re-place instance u_array/u_xrowgen/st_skew_r[0][1][2]_i_2
INFO: [Physopt 32-662] Processed net u_array/u_xrowgen/st_skew_r_reg[0][1]_7[1].  Did not re-place instance u_array/u_xrowgen/st_skew_r_reg[0][1][1]
INFO: [Physopt 32-662] Processed net u_array/u_xrowgen/st_skew_r[0][1][1]_i_1_n_0.  Did not re-place instance u_array/u_xrowgen/st_skew_r[0][1][1]_i_1
INFO: [Physopt 32-663] Processed net u_array/u_xrowgen/st_skew_r[0][1][2]_i_3_n_0.  Re-placed instance u_array/u_xrowgen/st_skew_r[0][1][2]_i_3
INFO: [Physopt 32-662] Processed net u_array/u_xrowgen/st_skew_r_reg[0][1]_7[0].  Did not re-place instance u_array/u_xrowgen/st_skew_r_reg[0][1][0]
INFO: [Physopt 32-662] Processed net u_array/u_xrowgen/st_skew_r[0][1][0]_i_1_n_0.  Did not re-place instance u_array/u_xrowgen/st_skew_r[0][1][0]_i_1
INFO: [Physopt 32-662] Processed net u_array/u_xrowgen/pt_row0_r_reg[1]_92[10].  Did not re-place instance u_array/u_xrowgen/pt_row0_r_reg[1][10]
INFO: [Physopt 32-662] Processed net u_array/u_xrowgen/iq_p_r[5][1]_i_1_n_0.  Did not re-place instance u_array/u_xrowgen/iq_p_r[5][1]_i_1
INFO: [Physopt 32-662] Processed net u_array/u_xrowgen/iq_g_r_reg[5]_58.  Did not re-place instance u_array/u_xrowgen/iq_g_r_reg[5][0]
INFO: [Physopt 32-662] Processed net u_array/u_xrowgen/iq_p_r_reg[5]_50[0].  Did not re-place instance u_array/u_xrowgen/iq_p_r_reg[5][0]
INFO: [Physopt 32-662] Processed net u_array/u_xrowgen/iq_p_r_reg[5]_50[1].  Did not re-place instance u_array/u_xrowgen/iq_p_r_reg[5][1]
INFO: [Physopt 32-662] Processed net u_array/u_xrowgen/iq_last_r_reg[5]_66.  Did not re-place instance u_array/u_xrowgen/iq_last_r_reg[5][0]
INFO: [Physopt 32-662] Processed net u_array/u_xrowgen/pt_row0_r_reg[1]_92[9].  Did not re-place instance u_array/u_xrowgen/pt_row0_r_reg[1][9]
INFO: [Physopt 32-662] Processed net u_array/u_xrowgen/part_row0_w_i_12_n_0.  Did not re-place instance u_array/u_xrowgen/part_row0_w_i_12
INFO: [Physopt 32-662] Processed net u_array/u_xrowgen/part_row0_w_i_9_n_0.  Did not re-place instance u_array/u_xrowgen/part_row0_w_i_9
INFO: [Physopt 32-663] Processed net u_array/u_xrowgen/pt_row0_r_reg[2]_91[14].  Re-placed instance u_array/u_xrowgen/pt_row0_r_reg[2][14]
INFO: [Physopt 32-663] Processed net u_array/u_xrowgen/pt_row0_r_reg[3]_90[1].  Re-placed instance u_array/u_xrowgen/pt_row0_r_reg[3][1]
INFO: [Physopt 32-663] Processed net u_array/u_xrowgen/pt_row0_r_reg[2]_91[13].  Re-placed instance u_array/u_xrowgen/pt_row0_r_reg[2][13]
INFO: [Physopt 32-662] Processed net u_array/u_xrowgen/st_skew_r_reg[0][2]_6[0].  Did not re-place instance u_array/u_xrowgen/st_skew_r_reg[0][2][0]
INFO: [Physopt 32-662] Processed net u_array/u_xrowgen/st_skew_r[0][2][0]_i_1_n_0.  Did not re-place instance u_array/u_xrowgen/st_skew_r[0][2][0]_i_1
INFO: [Physopt 32-662] Processed net u_array/u_xrowgen/st_skew_r_reg[0][1]_7[2].  Did not re-place instance u_array/u_xrowgen/st_skew_r_reg[0][1][2]
INFO: [Physopt 32-663] Processed net u_array/u_xrowgen/oy0_r__0[12].  Re-placed instance u_array/u_xrowgen/oy0_r_reg[12]
INFO: [Physopt 32-662] Processed net u_array/u_xrowgen/st_skew_r[0][1][2]_i_1_n_0.  Did not re-place instance u_array/u_xrowgen/st_skew_r[0][1][2]_i_1
INFO: [Physopt 32-662] Processed net u_array/u_xrowgen/iq_p_r[0][1]_i_1_n_0.  Did not re-place instance u_array/u_xrowgen/iq_p_r[0][1]_i_1
INFO: [Physopt 32-662] Processed net u_array/u_xrowgen/iq_g_r_reg[0]_63.  Did not re-place instance u_array/u_xrowgen/iq_g_r_reg[0][0]
INFO: [Physopt 32-662] Processed net u_array/u_xrowgen/iq_p_r_reg[0]_55[0].  Did not re-place instance u_array/u_xrowgen/iq_p_r_reg[0][0]
INFO: [Physopt 32-662] Processed net u_array/u_xrowgen/iq_p_r_reg[0]_55[1].  Did not re-place instance u_array/u_xrowgen/iq_p_r_reg[0][1]
INFO: [Physopt 32-662] Processed net u_array/u_xrowgen/iq_last_r_reg[0]_71.  Did not re-place instance u_array/u_xrowgen/iq_last_r_reg[0][0]
INFO: [Physopt 32-663] Processed net u_array/u_xrowgen/pt_row0_r_reg[0]_93[15].  Re-placed instance u_array/u_xrowgen/pt_row0_r_reg[0][15]
INFO: [Physopt 32-663] Processed net u_array/u_xrowgen/pt_row0_r_reg[0]_93[1].  Re-placed instance u_array/u_xrowgen/pt_row0_r_reg[0][1]
INFO: [Physopt 32-662] Processed net u_array/u_xrowgen/pt_row0_r_reg[3]_90[5].  Did not re-place instance u_array/u_xrowgen/pt_row0_r_reg[3][5]
INFO: [Physopt 32-663] Processed net u_array/u_xrowgen/pt_row0_r_reg[1]_92[17].  Re-placed instance u_array/u_xrowgen/pt_row0_r_reg[1][17]
INFO: [Physopt 32-663] Processed net u_array/u_xrowgen/pt_row0_r_reg[0]_93[0].  Re-placed instance u_array/u_xrowgen/pt_row0_r_reg[0][0]
INFO: [Physopt 32-662] Processed net u_array/u_xrowgen/iq_p_r[7][1]_i_1_n_0.  Did not re-place instance u_array/u_xrowgen/iq_p_r[7][1]_i_1
INFO: [Physopt 32-662] Processed net u_array/u_xrowgen/iq_g_r_reg[7]_56.  Did not re-place instance u_array/u_xrowgen/iq_g_r_reg[7][0]
INFO: [Physopt 32-662] Processed net u_array/u_xrowgen/iq_p_r_reg[7]_48[0].  Did not re-place instance u_array/u_xrowgen/iq_p_r_reg[7][0]
INFO: [Physopt 32-662] Processed net u_array/u_xrowgen/iq_p_r_reg[7]_48[1].  Did not re-place instance u_array/u_xrowgen/iq_p_r_reg[7][1]
INFO: [Physopt 32-662] Processed net u_array/u_xrowgen/iq_last_r_reg[7]_64.  Did not re-place instance u_array/u_xrowgen/iq_last_r_reg[7][0]
INFO: [Physopt 32-663] Processed net u_array/u_xrowgen/pt_row0_r_reg[0]_93[2].  Re-placed instance u_array/u_xrowgen/pt_row0_r_reg[0][2]
INFO: [Physopt 32-663] Processed net u_array/u_xrowgen/pt_row0_r_reg[3]_90[3].  Re-placed instance u_array/u_xrowgen/pt_row0_r_reg[3][3]
INFO: [Physopt 32-663] Processed net u_array/u_xrowgen/pt_row0_r_reg[2]_91[28].  Re-placed instance u_array/u_xrowgen/pt_row0_r_reg[2][28]
INFO: [Physopt 32-662] Processed net u_array/u_xrowgen/cg_part_r_reg_n_0_[0].  Did not re-place instance u_array/u_xrowgen/cg_part_r_reg[0]
INFO: [Physopt 32-662] Processed net u_array/u_xrowgen/cg_part_r[1]_i_2_n_0.  Did not re-place instance u_array/u_xrowgen/cg_part_r[1]_i_2
INFO: [Physopt 32-662] Processed net u_array/u_xrowgen/cg_part_r[0]_i_1_n_0.  Did not re-place instance u_array/u_xrowgen/cg_part_r[0]_i_1
INFO: [Physopt 32-662] Processed net u_array/u_xrowgen/cg_part_r[1]_i_3_n_0.  Did not re-place instance u_array/u_xrowgen/cg_part_r[1]_i_3
INFO: [Physopt 32-661] Optimized 40 nets.  Re-placed 40 instances.
INFO: [Physopt 32-775] End 1 Pass. Optimized 40 nets or cells. Created 0 new cell, deleted 0 existing cell and moved 40 existing cells
INFO: [Physopt 32-619] Estimated Timing Summary | WNS=-9.178 | TNS=-23231.725 |
Netlist sorting complete. Time (s): cpu = 00:00:00 ; elapsed = 00:00:00.054 . Memory (MB): peak = 2668.844 ; gain = 0.000
Phase 4 Single Cell Placement Optimization | Checksum: 19d26bb80

Time (s): cpu = 00:00:31 ; elapsed = 00:00:24 . Memory (MB): peak = 2668.844 ; gain = 0.000

Phase 5 Multi Cell Placement Optimization
INFO: [Physopt 32-660] Identified 100 candidate nets for placement-based optimization.
INFO: [Physopt 32-662] Processed net u_array/u_xrowgen/cg_khiw_r[15]_i_2_n_0.  Did not re-place instance u_array/u_xrowgen/cg_khiw_r[15]_i_2/O
INFO: [Physopt 32-662] Processed net u_array/u_xrowgen/adv_now_w.  Did not re-place instance u_array/u_xrowgen/cg_cnt_r[0]_i_2/O
INFO: [Physopt 32-662] Processed net u_array/u_xrowgen/dma_cur_w.  Did not re-place instance u_array/u_xrowgen/cg_grp_cmd_r_i_2/O
INFO: [Physopt 32-662] Processed net u_array/u_xrowgen/cmd_valid_o.  Did not re-place instance u_array/u_xrowgen/cf_wp_r[1]_i_2/O
INFO: [Physopt 32-662] Processed net u_array/u_dma_x/iq_push_w.  Did not re-place instance u_array/u_dma_x/iq_cnt_r[3]_i_3/O
INFO: [Physopt 32-662] Processed net u_array/u_xrowgen/p_169_in.  Did not re-place instance u_array/u_xrowgen/cg_cnt_r[0]_i_3/O
INFO: [Physopt 32-662] Processed net u_array/u_xrowgen/dma2_w.  Did not re-place instance u_array/u_xrowgen/iq_last_r[7][0]_i_4/O
INFO: [Physopt 32-662] Processed net u_array/u_xrowgen/dma0_w.  Did not re-place instance u_array/u_xrowgen/iq_last_r[7][0]_i_2/O
INFO: [Physopt 32-662] Processed net u_array/u_xrowgen/dma3_w.  Did not re-place instance u_array/u_xrowgen/iq_last_r[7][0]_i_5/O
INFO: [Physopt 32-662] Processed net u_array/u_xrowgen/cg_khiw_r_reg_n_0_[1].  Did not re-place instance u_array/u_xrowgen/cg_khiw_r_reg[1]/Q
INFO: [Physopt 32-662] Processed net u_array/u_xrowgen/dma1_w.  Did not re-place instance u_array/u_xrowgen/iq_last_r[7][0]_i_3/O
INFO: [Physopt 32-663] Processed net u_array/u_xrowgen/oy0_r__0[0].  Re-placed instance u_array/u_xrowgen/oy0_r_reg[0]/Q
INFO: [Physopt 32-662] Processed net u_array/u_xrowgen/pt_row0_r_reg[0]_93[17].  Did not re-place instance u_array/u_xrowgen/pt_row0_r_reg[0][17]/Q
INFO: [Physopt 32-663] Processed net u_array/u_xrowgen/pt_row0_r_reg[0]_93[16].  Re-placed instance u_array/u_xrowgen/pt_row0_r_reg[0][16]/Q
INFO: [Physopt 32-662] Processed net u_array/u_xrowgen/pt_row0_r_reg[1]_92[16].  Did not re-place instance u_array/u_xrowgen/pt_row0_r_reg[1][16]/Q
INFO: [Physopt 32-662] Processed net u_array/u_xrowgen/pt_row0_r_reg[1]_92[30].  Did not re-place instance u_array/u_xrowgen/pt_row0_r_reg[1][30]/Q
INFO: [Physopt 32-663] Processed net u_array/u_xrowgen/cg_part_pend_r1.  Re-placed instance u_array/u_xrowgen/cg_part_pend_r_i_4/O
INFO: [Physopt 32-662] Processed net u_array/u_xrowgen/cg_part_pend_r_i_1_n_0.  Did not re-place instance u_array/u_xrowgen/cg_part_pend_r_i_1/O
INFO: [Physopt 32-662] Processed net u_array/u_xrowgen/cg_part_pend_r_i_2_n_0.  Did not re-place instance u_array/u_xrowgen/cg_part_pend_r_i_2/O
INFO: [Physopt 32-662] Processed net u_array/u_xrowgen/iq_p_r[7][1]_i_2_n_0.  Did not re-place instance u_array/u_xrowgen/iq_p_r[7][1]_i_2/O
INFO: [Physopt 32-662] Processed net u_array/u_xrowgen/iq_p_r[3][1]_i_1_n_0.  Did not re-place instance u_array/u_xrowgen/iq_p_r[3][1]_i_1/O
INFO: [Physopt 32-662] Processed net u_array/u_xrowgen/iq_g_r_reg[3]_60.  Did not re-place instance u_array/u_xrowgen/iq_g_r_reg[3][0]/Q
INFO: [Physopt 32-662] Processed net u_array/u_xrowgen/iq_last_r_reg[3]_68.  Did not re-place instance u_array/u_xrowgen/iq_last_r_reg[3][0]/Q
INFO: [Physopt 32-663] Processed net u_array/u_xrowgen/pt_row0_r_reg[2]_91[10].  Re-placed instance u_array/u_xrowgen/pt_row0_r_reg[2][10]/Q
INFO: [Physopt 32-663] Processed net u_array/u_xrowgen/pt_row0_r_reg[2]_91[27].  Re-placed instance u_array/u_xrowgen/pt_row0_r_reg[2][27]/Q
INFO: [Physopt 32-663] Processed net u_array/u_xrowgen/pt_row0_r_reg[2]_91[20].  Re-placed instance u_array/u_xrowgen/pt_row0_r_reg[2][20]/Q
INFO: [Physopt 32-662] Processed net u_array/u_xrowgen/st_skew_r[1][1][2]_i_2_n_0.  Did not re-place instance u_array/u_xrowgen/st_skew_r[1][1][2]_i_2/O
INFO: [Physopt 32-662] Processed net u_array/u_xrowgen/st_skew_r[1][1][1]_i_1_n_0.  Did not re-place instance u_array/u_xrowgen/st_skew_r[1][1][1]_i_1/O
INFO: [Physopt 32-662] Processed net u_array/u_xrowgen/st_skew_r[1][1][2]_i_3_n_0.  Did not re-place instance u_array/u_xrowgen/st_skew_r[1][1][2]_i_3/O
INFO: [Physopt 32-662] Processed net u_array/u_xrowgen/st_skew_r[1][1][0]_i_1_n_0.  Did not re-place instance u_array/u_xrowgen/st_skew_r[1][1][0]_i_1/O
INFO: [Physopt 32-662] Processed net u_array/u_xrowgen/iq_p_r[4][1]_i_1_n_0.  Did not re-place instance u_array/u_xrowgen/iq_p_r[4][1]_i_1/O
INFO: [Physopt 32-662] Processed net u_array/u_xrowgen/iq_g_r_reg[4]_59.  Did not re-place instance u_array/u_xrowgen/iq_g_r_reg[4][0]/Q
INFO: [Physopt 32-662] Processed net u_array/u_xrowgen/iq_last_r_reg[4]_67.  Did not re-place instance u_array/u_xrowgen/iq_last_r_reg[4][0]/Q
INFO: [Physopt 32-662] Processed net u_array/u_xrowgen/pt_row0_r_reg[1]_92[29].  Did not re-place instance u_array/u_xrowgen/pt_row0_r_reg[1][29]/Q
INFO: [Physopt 32-662] Processed net u_array/u_xrowgen/pp_r_reg_n_0_[1]_repN.  Did not re-place instance u_array/u_xrowgen/pp_r_reg[1]_replica/Q
INFO: [Physopt 32-662] Processed net u_array/u_xrowgen/pp_r_reg_n_0_[0].  Did not re-place instance u_array/u_xrowgen/pp_r_reg[0]/Q
INFO: [Physopt 32-663] Processed net u_array/u_xrowgen/pt_row0_r_reg[1]_92[23].  Re-placed instance u_array/u_xrowgen/pt_row0_r_reg[1][23]/Q
INFO: [Physopt 32-662] Processed net u_array/u_xrowgen/pt_row0_r_reg[1]_92[26].  Did not re-place instance u_array/u_xrowgen/pt_row0_r_reg[1][26]/Q
INFO: [Physopt 32-662] Processed net u_array/u_xrowgen/pt_row0_r_reg[1]_92[8].  Did not re-place instance u_array/u_xrowgen/pt_row0_r_reg[1][8]/Q
INFO: [Physopt 32-662] Processed net u_array/u_xrowgen/st_skew_r[1][1][2]_i_1_n_0.  Did not re-place instance u_array/u_xrowgen/st_skew_r[1][1][2]_i_1/O
INFO: [Physopt 32-662] Processed net u_array/u_xrowgen/oy0_r__0[1].  Did not re-place instance u_array/u_xrowgen/oy0_r_reg[1]/Q
INFO: [Physopt 32-662] Processed net u_array/u_xrowgen/st_skew_r[1][2][2]_i_2_n_0.  Did not re-place instance u_array/u_xrowgen/st_skew_r[1][2][2]_i_2/O
INFO: [Physopt 32-661] Optimized 7 nets.  Re-placed 15 instances.
INFO: [Physopt 32-775] End 1 Pass. Optimized 7 nets or cells. Created 0 new cell, deleted 0 existing cell and moved 15 existing cells
INFO: [Physopt 32-619] Estimated Timing Summary | WNS=-9.178 | TNS=-23241.040 |
Netlist sorting complete. Time (s): cpu = 00:00:00 ; elapsed = 00:00:00.060 . Memory (MB): peak = 2668.844 ; gain = 0.000
Phase 5 Multi Cell Placement Optimization | Checksum: 1f58f00c5

Time (s): cpu = 00:00:46 ; elapsed = 00:00:35 . Memory (MB): peak = 2668.844 ; gain = 0.000

Phase 6 Rewire
INFO: [Physopt 32-246] Starting Signal Push optimization...
INFO: [Physopt 32-77] Pass 1. Identified 7 candidate nets for rewire optimization.
INFO: [Physopt 32-134] Processed net u_array/u_xrowgen/iq_p_r[7][1]_i_2_n_0. Rewiring did not optimize the net.
INFO: [Physopt 32-242] Processed net u_array/u_xrowgen/st_skew_r[1][1][2]_i_3_n_0. Rewired (signal push) u_array/u_xrowgen/cg_disp_w to 1 loads. Replicated 0 times.
INFO: [Physopt 32-134] Processed net u_array/u_xrowgen/st_skew_r[1][2][2]_i_3_n_0. Rewiring did not optimize the net.
INFO: [Physopt 32-242] Processed net u_array/u_xrowgen/st_skew_r[1][3][2]_i_3_n_0. Rewired (signal push) u_array/u_xrowgen/cg_disp_w to 1 loads. Replicated 0 times.
INFO: [Physopt 32-134] Processed net u_array/u_xrowgen/st_skew_r[0][0][2]_i_3_n_0. Rewiring did not optimize the net.
INFO: [Physopt 32-242] Processed net u_array/u_xrowgen/st_skew_r[0][3][2]_i_3_n_0. Rewired (signal push) u_array/u_xrowgen/cg_disp_w to 1 loads. Replicated 0 times.
INFO: [Physopt 32-242] Processed net u_array/u_xrowgen/st_skew_r[0][1][2]_i_3_n_0. Rewired (signal push) u_array/u_xrowgen/cg_disp_w to 1 loads. Replicated 0 times.
INFO: [Physopt 32-232] Optimized 4 nets. Created 0 new instance.
INFO: [Physopt 32-775] End 1 Pass. Optimized 4 nets or cells. Created 0 new cell, deleted 0 existing cell and moved 0 existing cell
Netlist sorting complete. Time (s): cpu = 00:00:00 ; elapsed = 00:00:00.180 . Memory (MB): peak = 2668.844 ; gain = 0.000
INFO: [Physopt 32-619] Estimated Timing Summary | WNS=-9.178 | TNS=-23239.898 |
Netlist sorting complete. Time (s): cpu = 00:00:00 ; elapsed = 00:00:00.055 . Memory (MB): peak = 2668.844 ; gain = 0.000
Phase 6 Rewire | Checksum: 203629f63

Time (s): cpu = 00:00:48 ; elapsed = 00:00:37 . Memory (MB): peak = 2668.844 ; gain = 0.000

Phase 7 Critical Cell Optimization
INFO: [Physopt 32-46] Identified 30 candidate nets for critical-cell optimization.
INFO: [Physopt 32-572] Net u_array/u_xrowgen/cg_khiw_r[15]_i_2_n_0 was not replicated.
Resolution: phys_opt_design can be forced to replicate a net driver using the option -force_replication_on_nets <list of net objects>.
INFO: [Physopt 32-572] Net u_array/u_xrowgen/cg_khiw_r[15]_i_1_n_0 was not replicated.
Resolution: phys_opt_design can be forced to replicate a net driver using the option -force_replication_on_nets <list of net objects>.
INFO: [Physopt 32-572] Net u_array/u_xrowgen/adv_now_w was not replicated.
Resolution: phys_opt_design can be forced to replicate a net driver using the option -force_replication_on_nets <list of net objects>.
INFO: [Physopt 32-572] Net u_array/u_xrowgen/dma_cur_w was not replicated.
Resolution: phys_opt_design can be forced to replicate a net driver using the option -force_replication_on_nets <list of net objects>.
INFO: [Physopt 32-572] Net u_array/u_xrowgen/cmd_valid_o was not replicated.
Resolution: phys_opt_design can be forced to replicate a net driver using the option -force_replication_on_nets <list of net objects>.
INFO: [Physopt 32-572] Net u_array/u_dma_x/iq_push_w was not replicated.
Resolution: phys_opt_design can be forced to replicate a net driver using the option -force_replication_on_nets <list of net objects>.
INFO: [Physopt 32-572] Net u_array/u_xrowgen/p_169_in was not replicated.
Resolution: phys_opt_design can be forced to replicate a net driver using the option -force_replication_on_nets <list of net objects>.
INFO: [Physopt 32-572] Net u_array/u_xrowgen/dma2_w was not replicated.
Resolution: phys_opt_design can be forced to replicate a net driver using the option -force_replication_on_nets <list of net objects>.
INFO: [Physopt 32-572] Net u_array/u_xrowgen/dma0_w was not replicated.
Resolution: phys_opt_design can be forced to replicate a net driver using the option -force_replication_on_nets <list of net objects>.
INFO: [Physopt 32-572] Net u_array/u_xrowgen/dma3_w was not replicated.
Resolution: phys_opt_design can be forced to replicate a net driver using the option -force_replication_on_nets <list of net objects>.
INFO: [Physopt 32-572] Net u_array/u_xrowgen/dma1_w was not replicated.
Resolution: phys_opt_design can be forced to replicate a net driver using the option -force_replication_on_nets <list of net objects>.
INFO: [Physopt 32-572] Net u_array/u_xrowgen/part_ih0_w[17] was not replicated.
Resolution: phys_opt_design can be forced to replicate a net driver using the option -force_replication_on_nets <list of net objects>.
INFO: [Physopt 32-601] Processed net u_array/u_xrowgen/oy0_r__0[0]. Net driver u_array/u_xrowgen/oy0_r_reg[0] was replaced.
INFO: [Physopt 32-572] Net u_array/u_xrowgen/cg_disp_w was not replicated.
Resolution: phys_opt_design can be forced to replicate a net driver using the option -force_replication_on_nets <list of net objects>.
INFO: [Physopt 32-572] Net u_array/u_xrowgen/iq_p_r[7][1]_i_2_n_0 was not replicated.
Resolution: phys_opt_design can be forced to replicate a net driver using the option -force_replication_on_nets <list of net objects>.
INFO: [Physopt 32-572] Net u_array/u_xrowgen/iq_p_r[3][1]_i_1_n_0 was not replicated.
Resolution: phys_opt_design can be forced to replicate a net driver using the option -force_replication_on_nets <list of net objects>.
INFO: [Physopt 32-572] Net u_array/u_xrowgen/iq_p_r[4][1]_i_1_n_0 was not replicated.
Resolution: phys_opt_design can be forced to replicate a net driver using the option -force_replication_on_nets <list of net objects>.
INFO: [Physopt 32-572] Net u_array/u_xrowgen/oy0_r__0[1] was not replicated.
Resolution: phys_opt_design can be forced to replicate a net driver using the option -force_replication_on_nets <list of net objects>.
INFO: [Physopt 32-572] Net u_array/u_xrowgen/st_skew_r[1][2][2]_i_2_n_0 was not replicated.
Resolution: phys_opt_design can be forced to replicate a net driver using the option -force_replication_on_nets <list of net objects>.
INFO: [Physopt 32-572] Net u_array/u_xrowgen/cg_part_pend_r1 was not replicated.
Resolution: phys_opt_design can be forced to replicate a net driver using the option -force_replication_on_nets <list of net objects>.
INFO: [Physopt 32-572] Net u_array/u_xrowgen/st_skew_r[1][1][2]_i_2_n_0 was not replicated.
Resolution: phys_opt_design can be forced to replicate a net driver using the option -force_replication_on_nets <list of net objects>.
INFO: [Physopt 32-572] Net u_array/u_xrowgen/iq_p_r[6][1]_i_1_n_0 was not replicated.
Resolution: phys_opt_design can be forced to replicate a net driver using the option -force_replication_on_nets <list of net objects>.
INFO: [Physopt 32-572] Net u_array/u_xrowgen/iq_p_r[2][1]_i_1_n_0 was not replicated.
Resolution: phys_opt_design can be forced to replicate a net driver using the option -force_replication_on_nets <list of net objects>.
INFO: [Physopt 32-572] Net u_array/u_xrowgen/iq_p_r[1][1]_i_1_n_0 was not replicated.
Resolution: phys_opt_design can be forced to replicate a net driver using the option -force_replication_on_nets <list of net objects>.
INFO: [Physopt 32-572] Net u_array/u_xrowgen/st_skew_r[1][3][2]_i_2_n_0 was not replicated.
Resolution: phys_opt_design can be forced to replicate a net driver using the option -force_replication_on_nets <list of net objects>.
INFO: [Physopt 32-572] Net u_array/u_xrowgen/st_skew_r[0][0][2]_i_2_n_0 was not replicated.
Resolution: phys_opt_design can be forced to replicate a net driver using the option -force_replication_on_nets <list of net objects>.
INFO: [Physopt 32-572] Net u_array/u_xrowgen/iq_p_r[5][1]_i_1_n_0 was not replicated.
Resolution: phys_opt_design can be forced to replicate a net driver using the option -force_replication_on_nets <list of net objects>.
INFO: [Physopt 32-232] Optimized 1 net. Created 0 new instance.
INFO: [Physopt 32-775] End 1 Pass. Optimized 1 net or cell. Created 0 new cell, deleted 0 existing cell and moved 0 existing cell
INFO: [Physopt 32-619] Estimated Timing Summary | WNS=-9.178 | TNS=-23219.898 |
Netlist sorting complete. Time (s): cpu = 00:00:00 ; elapsed = 00:00:00.240 . Memory (MB): peak = 2668.844 ; gain = 0.000
Phase 7 Critical Cell Optimization | Checksum: 1ed1da5d5

Time (s): cpu = 00:01:08 ; elapsed = 00:00:51 . Memory (MB): peak = 2668.844 ; gain = 0.000

Phase 8 Fanout Optimization
INFO: [Physopt 32-76] Pass 1. Identified 3 candidate nets for fanout optimization.
INFO: [Physopt 32-81] Processed net u_array/u_xrowgen/pp_r_reg_n_0_[0]. Replicated 3 times.
INFO: [Physopt 32-572] Net u_array/u_dma_x/cf_len[1][5]_i_1_n_0 was not replicated.
Resolution: phys_opt_design can be forced to replicate a net driver using the option -force_replication_on_nets <list of net objects>.
INFO: [Physopt 32-572] Net u_array/u_dma_x/cf_len[3][5]_i_1_n_0 was not replicated.
Resolution: phys_opt_design can be forced to replicate a net driver using the option -force_replication_on_nets <list of net objects>.
INFO: [Physopt 32-232] Optimized 1 net. Created 3 new instances.
INFO: [Physopt 32-775] End 1 Pass. Optimized 1 net or cell. Created 3 new cells, deleted 0 existing cell and moved 0 existing cell
INFO: [Physopt 32-619] Estimated Timing Summary | WNS=-9.178 | TNS=-22912.043 |
Netlist sorting complete. Time (s): cpu = 00:00:00 ; elapsed = 00:00:00.214 . Memory (MB): peak = 2668.844 ; gain = 0.000
Phase 8 Fanout Optimization | Checksum: 1a0ed4faa

Time (s): cpu = 00:01:10 ; elapsed = 00:00:53 . Memory (MB): peak = 2668.844 ; gain = 0.000

Phase 9 Single Cell Placement Optimization
INFO: [Physopt 32-660] Identified 250 candidate nets for placement-based optimization.
INFO: [Physopt 32-662] Processed net u_array/u_xrowgen/cg_khiw_r[15]_i_2_n_0.  Did not re-place instance u_array/u_xrowgen/cg_khiw_r[15]_i_2
INFO: [Physopt 32-662] Processed net u_array/u_xrowgen/cg_khiw_r[15]_i_1_n_0.  Did not re-place instance u_array/u_xrowgen/cg_khiw_r[15]_i_1
INFO: [Physopt 32-662] Processed net u_array/u_xrowgen/adv_now_w.  Did not re-place instance u_array/u_xrowgen/cg_cnt_r[0]_i_2
INFO: [Physopt 32-662] Processed net u_array/u_xrowgen/dma_cur_w.  Did not re-place instance u_array/u_xrowgen/cg_grp_cmd_r_i_2
INFO: [Physopt 32-662] Processed net u_array/u_xrowgen/cmd_valid_o.  Did not re-place instance u_array/u_xrowgen/cf_wp_r[1]_i_2
INFO: [Physopt 32-662] Processed net u_array/u_dma_x/iq_push_w.  Did not re-place instance u_array/u_dma_x/iq_cnt_r[3]_i_3
INFO: [Physopt 32-662] Processed net u_array/u_xrowgen/p_169_in.  Did not re-place instance u_array/u_xrowgen/cg_cnt_r[0]_i_3
INFO: [Physopt 32-662] Processed net u_array/u_xrowgen/dma2_w.  Did not re-place instance u_array/u_xrowgen/iq_last_r[7][0]_i_4
INFO: [Physopt 32-662] Processed net u_array/u_xrowgen/iq_last_r[7][0]_i_203_n_0.  Did not re-place instance u_array/u_xrowgen/iq_last_r[7][0]_i_203
INFO: [Physopt 32-662] Processed net u_array/u_xrowgen/cg_khiw_r_reg_n_0_[6].  Did not re-place instance u_array/u_xrowgen/cg_khiw_r_reg[6]
INFO: [Physopt 32-662] Processed net u_array/u_xrowgen/cg_khiw_r_reg_n_0_[7].  Did not re-place instance u_array/u_xrowgen/cg_khiw_r_reg[7]
INFO: [Physopt 32-662] Processed net u_array/u_xrowgen/cg_khiw_r_reg_n_0_[15].  Did not re-place instance u_array/u_xrowgen/cg_khiw_r_reg[15]
INFO: [Physopt 32-662] Processed net u_array/u_xrowgen/cg_khiw_r_reg_n_0_[10].  Did not re-place instance u_array/u_xrowgen/cg_khiw_r_reg[10]
INFO: [Physopt 32-662] Processed net u_array/u_xrowgen/cg_khiw_r_reg_n_0_[11].  Did not re-place instance u_array/u_xrowgen/cg_khiw_r_reg[11]
INFO: [Physopt 32-662] Processed net u_array/u_xrowgen/dma0_w.  Did not re-place instance u_array/u_xrowgen/iq_last_r[7][0]_i_2
INFO: [Physopt 32-662] Processed net u_array/u_xrowgen/iq_last_r[7][0]_i_169_n_0.  Did not re-place instance u_array/u_xrowgen/iq_last_r[7][0]_i_169
INFO: [Physopt 32-662] Processed net u_array/u_xrowgen/dma3_w.  Did not re-place instance u_array/u_xrowgen/iq_last_r[7][0]_i_5
INFO: [Physopt 32-662] Processed net u_array/u_xrowgen/iq_last_r[7][0]_i_217_n_0.  Did not re-place instance u_array/u_xrowgen/iq_last_r[7][0]_i_217
INFO: [Physopt 32-662] Processed net u_array/u_xrowgen/cg_khiw_r_reg_n_0_[13].  Did not re-place instance u_array/u_xrowgen/cg_khiw_r_reg[13]
INFO: [Physopt 32-662] Processed net u_array/u_xrowgen/cg_khiw_r_reg_n_0_[14].  Did not re-place instance u_array/u_xrowgen/cg_khiw_r_reg[14]
INFO: [Physopt 32-662] Processed net u_array/u_xrowgen/cg_khiw_r_reg_n_0_[12].  Did not re-place instance u_array/u_xrowgen/cg_khiw_r_reg[12]
INFO: [Physopt 32-662] Processed net u_array/u_xrowgen/cg_khiw_r_reg_n_0_[4].  Did not re-place instance u_array/u_xrowgen/cg_khiw_r_reg[4]
INFO: [Physopt 32-662] Processed net u_array/u_xrowgen/cg_khiw_r_reg_n_0_[5].  Did not re-place instance u_array/u_xrowgen/cg_khiw_r_reg[5]
INFO: [Physopt 32-662] Processed net u_array/u_xrowgen/cg_khiw_r_reg_n_0_[8].  Did not re-place instance u_array/u_xrowgen/cg_khiw_r_reg[8]
INFO: [Physopt 32-662] Processed net u_array/u_xrowgen/cg_khiw_r_reg_n_0_[9].  Did not re-place instance u_array/u_xrowgen/cg_khiw_r_reg[9]
INFO: [Physopt 32-662] Processed net u_array/u_xrowgen/iq_last_r[7][0]_i_202_n_0.  Did not re-place instance u_array/u_xrowgen/iq_last_r[7][0]_i_202
INFO: [Physopt 32-662] Processed net u_array/u_xrowgen/iq_last_r[7][0]_i_133_n_0.  Did not re-place instance u_array/u_xrowgen/iq_last_r[7][0]_i_133
INFO: [Physopt 32-662] Processed net u_array/u_xrowgen/iq_last_r[7][0]_i_78_n_0.  Did not re-place instance u_array/u_xrowgen/iq_last_r[7][0]_i_78
INFO: [Physopt 32-662] Processed net u_array/u_xrowgen/iq_last_r[7][0]_i_157_n_0.  Did not re-place instance u_array/u_xrowgen/iq_last_r[7][0]_i_157
INFO: [Physopt 32-662] Processed net u_array/u_xrowgen/cg_khiw_r_reg_n_0_[1].  Did not re-place instance u_array/u_xrowgen/cg_khiw_r_reg[1]
INFO: [Physopt 32-662] Processed net u_array/u_xrowgen/cg_khiw_r_reg_n_0_[2].  Did not re-place instance u_array/u_xrowgen/cg_khiw_r_reg[2]
INFO: [Physopt 32-662] Processed net u_array/u_xrowgen/cg_khiw_r_reg_n_0_[3].  Did not re-place instance u_array/u_xrowgen/cg_khiw_r_reg[3]
INFO: [Physopt 32-662] Processed net u_array/u_xrowgen/cg_khiw_r_reg_n_0_[0].  Did not re-place instance u_array/u_xrowgen/cg_khiw_r_reg[0]
INFO: [Physopt 32-662] Processed net u_array/u_xrowgen/iq_last_r[7][0]_i_216_n_0.  Did not re-place instance u_array/u_xrowgen/iq_last_r[7][0]_i_216
INFO: [Physopt 32-662] Processed net u_array/u_xrowgen/iq_last_r[7][0]_i_204_n_0.  Did not re-place instance u_array/u_xrowgen/iq_last_r[7][0]_i_204
INFO: [Physopt 32-662] Processed net u_array/u_xrowgen/iq_last_r[7][0]_i_132_n_0.  Did not re-place instance u_array/u_xrowgen/iq_last_r[7][0]_i_132
INFO: [Physopt 32-662] Processed net u_array/u_xrowgen/dma1_w.  Did not re-place instance u_array/u_xrowgen/iq_last_r[7][0]_i_3
INFO: [Physopt 32-662] Processed net u_array/u_xrowgen/iq_last_r[7][0]_i_168_n_0.  Did not re-place instance u_array/u_xrowgen/iq_last_r[7][0]_i_168
INFO: [Physopt 32-662] Processed net u_array/u_xrowgen/iq_last_r[7][0]_i_182_n_0.  Did not re-place instance u_array/u_xrowgen/iq_last_r[7][0]_i_182
INFO: [Physopt 32-662] Processed net u_array/u_xrowgen/iq_last_r[7][0]_i_134_n_0.  Did not re-place instance u_array/u_xrowgen/iq_last_r[7][0]_i_134
INFO: [Physopt 32-662] Processed net u_array/u_xrowgen/iq_last_r[7][0]_i_201_n_0.  Did not re-place instance u_array/u_xrowgen/iq_last_r[7][0]_i_201
INFO: [Physopt 32-662] Processed net u_array/u_xrowgen/iq_last_r[7][0]_i_181_n_0.  Did not re-place instance u_array/u_xrowgen/iq_last_r[7][0]_i_181
INFO: [Physopt 32-662] Processed net u_array/u_xrowgen/iq_last_r[7][0]_i_77_n_0.  Did not re-place instance u_array/u_xrowgen/iq_last_r[7][0]_i_77
INFO: [Physopt 32-662] Processed net u_array/u_xrowgen/cg_disp_w.  Did not re-place instance u_array/u_xrowgen/st_skew_r[1][0][2]_i_3
INFO: [Physopt 32-662] Processed net u_array/u_xrowgen/iq_p_r[7][1]_i_2_n_0.  Did not re-place instance u_array/u_xrowgen/iq_p_r[7][1]_i_2
INFO: [Physopt 32-662] Processed net u_array/u_xrowgen/iq_p_r[3][1]_i_1_n_0.  Did not re-place instance u_array/u_xrowgen/iq_p_r[3][1]_i_1
INFO: [Physopt 32-662] Processed net u_array/u_xrowgen/iq_g_r_reg[3]_60.  Did not re-place instance u_array/u_xrowgen/iq_g_r_reg[3][0]
INFO: [Physopt 32-662] Processed net u_array/u_xrowgen/iq_last_r[7][0]_i_156_n_0.  Did not re-place instance u_array/u_xrowgen/iq_last_r[7][0]_i_156
INFO: [Physopt 32-662] Processed net u_array/u_xrowgen/iq_p_r_reg[3]_52[0].  Did not re-place instance u_array/u_xrowgen/iq_p_r_reg[3][0]
INFO: [Physopt 32-662] Processed net u_array/u_xrowgen/iq_p_r_reg[3]_52[1].  Did not re-place instance u_array/u_xrowgen/iq_p_r_reg[3][1]
INFO: [Physopt 32-662] Processed net u_array/u_xrowgen/iq_last_r_reg[3]_68.  Did not re-place instance u_array/u_xrowgen/iq_last_r_reg[3][0]
INFO: [Physopt 32-662] Processed net u_array/u_xrowgen/iq_last_r[7][0]_i_166_n_0.  Did not re-place instance u_array/u_xrowgen/iq_last_r[7][0]_i_166
INFO: [Physopt 32-662] Processed net u_array/u_xrowgen/iq_last_r[7][0]_i_214_n_0.  Did not re-place instance u_array/u_xrowgen/iq_last_r[7][0]_i_214
INFO: [Physopt 32-662] Processed net u_array/u_xrowgen/iq_last_r[7][0]_i_167_n_0.  Did not re-place instance u_array/u_xrowgen/iq_last_r[7][0]_i_167
INFO: [Physopt 32-662] Processed net u_array/u_xrowgen/iq_last_r[7][0]_i_131_n_0.  Did not re-place instance u_array/u_xrowgen/iq_last_r[7][0]_i_131
INFO: [Physopt 32-662] Processed net u_array/u_xrowgen/iq_last_r[7][0]_i_215_n_0.  Did not re-place instance u_array/u_xrowgen/iq_last_r[7][0]_i_215
INFO: [Physopt 32-662] Processed net u_array/u_xrowgen/part_ih0_w[17].  Did not re-place instance u_array/u_xrowgen/part_row0_w_i_1
INFO: [Physopt 32-662] Processed net u_array/u_xrowgen/oy0_r__0[0].  Did not re-place instance u_array/u_xrowgen/oy0_r_reg[0]
INFO: [Physopt 32-662] Processed net u_array/u_xrowgen/p_0_out_i_6_n_0.  Did not re-place instance u_array/u_xrowgen/p_0_out_i_6
INFO: [Physopt 32-662] Processed net u_array/u_xrowgen/part_row0_w_i_23_n_0.  Did not re-place instance u_array/u_xrowgen/part_row0_w_i_23
INFO: [Physopt 32-663] Processed net u_array/u_xrowgen/pt_row0_r_reg[0]_93[17].  Re-placed instance u_array/u_xrowgen/pt_row0_r_reg[0][17]
INFO: [Physopt 32-662] Processed net u_array/u_xrowgen/iq_p_r[4][1]_i_1_n_0.  Did not re-place instance u_array/u_xrowgen/iq_p_r[4][1]_i_1
INFO: [Physopt 32-662] Processed net u_array/u_xrowgen/iq_g_r_reg[4]_59.  Did not re-place instance u_array/u_xrowgen/iq_g_r_reg[4][0]
INFO: [Physopt 32-662] Processed net u_array/u_xrowgen/iq_p_r_reg[4]_51[0].  Did not re-place instance u_array/u_xrowgen/iq_p_r_reg[4][0]
INFO: [Physopt 32-662] Processed net u_array/u_xrowgen/iq_p_r_reg[4]_51[1].  Did not re-place instance u_array/u_xrowgen/iq_p_r_reg[4][1]
INFO: [Physopt 32-662] Processed net u_array/u_xrowgen/iq_last_r_reg[4]_67.  Did not re-place instance u_array/u_xrowgen/iq_last_r_reg[4][0]
INFO: [Physopt 32-662] Processed net u_array/u_xrowgen/iq_last_r[7][0]_i_180_n_0.  Did not re-place instance u_array/u_xrowgen/iq_last_r[7][0]_i_180
INFO: [Physopt 32-662] Processed net u_array/u_xrowgen/p_0_out_i_5_n_0.  Did not re-place instance u_array/u_xrowgen/p_0_out_i_5
INFO: [Physopt 32-662] Processed net u_array/u_xrowgen/pp_r_reg_n_0_[1]_repN.  Did not re-place instance u_array/u_xrowgen/pp_r_reg[1]_replica
INFO: [Physopt 32-662] Processed net u_array/u_xrowgen/pt_row0_r_reg[1]_92[16].  Did not re-place instance u_array/u_xrowgen/pt_row0_r_reg[1][16]
INFO: [Physopt 32-662] Processed net u_array/u_xrowgen/iq_last_r[7][0]_i_100_n_0.  Did not re-place instance u_array/u_xrowgen/iq_last_r[7][0]_i_100
INFO: [Physopt 32-662] Processed net u_array/u_xrowgen/part_row0_w_i_22_n_0.  Did not re-place instance u_array/u_xrowgen/part_row0_w_i_22
INFO: [Physopt 32-662] Processed net u_array/u_xrowgen/oy0_r__0[1].  Did not re-place instance u_array/u_xrowgen/oy0_r_reg[1]
INFO: [Physopt 32-662] Processed net u_array/u_xrowgen/pt_row0_r_reg[1]_92[30].  Did not re-place instance u_array/u_xrowgen/pt_row0_r_reg[1][30]
INFO: [Physopt 32-662] Processed net u_array/u_xrowgen/st_skew_r_reg_n_0_[1][2][2].  Did not re-place instance u_array/u_xrowgen/st_skew_r_reg[1][2][2]
INFO: [Physopt 32-662] Processed net u_array/u_xrowgen/st_skew_r[1][2][2]_i_2_n_0.  Did not re-place instance u_array/u_xrowgen/st_skew_r[1][2][2]_i_2
INFO: [Physopt 32-662] Processed net u_array/u_xrowgen/st_skew_r[1][2][2]_i_1_n_0.  Did not re-place instance u_array/u_xrowgen/st_skew_r[1][2][2]_i_1
INFO: [Physopt 32-662] Processed net u_array/u_xrowgen/st_skew_r[1][2][2]_i_3_n_0.  Did not re-place instance u_array/u_xrowgen/st_skew_r[1][2][2]_i_3
INFO: [Physopt 32-662] Processed net u_array/u_xrowgen/cg_part_pend_r1.  Did not re-place instance u_array/u_xrowgen/cg_part_pend_r_i_4
INFO: [Physopt 32-662] Processed net u_array/u_xrowgen/cg_part_pend_r_i_1_n_0.  Did not re-place instance u_array/u_xrowgen/cg_part_pend_r_i_1
INFO: [Physopt 32-662] Processed net u_array/u_xrowgen/cg_part_pend_r_i_2_n_0.  Did not re-place instance u_array/u_xrowgen/cg_part_pend_r_i_2
INFO: [Physopt 32-662] Processed net u_array/u_xrowgen/cg_part_pend_r_reg_n_0.  Did not re-place instance u_array/u_xrowgen/cg_part_pend_r_reg
INFO: [Physopt 32-662] Processed net u_array/u_xrowgen/st_skew_r[1][1][2]_i_2_n_0.  Did not re-place instance u_array/u_xrowgen/st_skew_r[1][1][2]_i_2_rewire
INFO: [Physopt 32-662] Processed net u_array/u_xrowgen/st_skew_r_reg_n_0_[1][1][1].  Did not re-place instance u_array/u_xrowgen/st_skew_r_reg[1][1][1]
INFO: [Physopt 32-662] Processed net u_array/u_xrowgen/st_skew_r[1][1][1]_i_1_n_0.  Did not re-place instance u_array/u_xrowgen/st_skew_r[1][1][1]_i_1
INFO: [Physopt 32-662] Processed net u_array/u_xrowgen/st_skew_r_reg_n_0_[1][1][0].  Did not re-place instance u_array/u_xrowgen/st_skew_r_reg[1][1][0]
INFO: [Physopt 32-662] Processed net u_array/u_xrowgen/st_skew_r[1][1][0]_i_1_n_0.  Did not re-place instance u_array/u_xrowgen/st_skew_r[1][1][0]_i_1
INFO: [Physopt 32-662] Processed net u_array/u_xrowgen/iq_last_r[7][0]_i_75_n_0.  Did not re-place instance u_array/u_xrowgen/iq_last_r[7][0]_i_75
INFO: [Physopt 32-662] Processed net u_array/u_xrowgen/iq_last_r[7][0]_i_154_n_0.  Did not re-place instance u_array/u_xrowgen/iq_last_r[7][0]_i_154
INFO: [Physopt 32-662] Processed net u_array/u_xrowgen/iq_last_r[7][0]_i_76_n_0.  Did not re-place instance u_array/u_xrowgen/iq_last_r[7][0]_i_76
INFO: [Physopt 32-662] Processed net u_array/u_xrowgen/iq_last_r[7][0]_i_155_n_0.  Did not re-place instance u_array/u_xrowgen/iq_last_r[7][0]_i_155
INFO: [Physopt 32-662] Processed net u_array/u_xrowgen/part_row0_w_i_19_n_0.  Did not re-place instance u_array/u_xrowgen/part_row0_w_i_19
INFO: [Physopt 32-662] Processed net u_array/u_xrowgen/iq_p_r[6][1]_i_1_n_0.  Did not re-place instance u_array/u_xrowgen/iq_p_r[6][1]_i_1
INFO: [Physopt 32-662] Processed net u_array/u_xrowgen/iq_g_r_reg[6]_57.  Did not re-place instance u_array/u_xrowgen/iq_g_r_reg[6][0]
INFO: [Physopt 32-662] Processed net u_array/u_xrowgen/iq_p_r_reg[6]_49[0].  Did not re-place instance u_array/u_xrowgen/iq_p_r_reg[6][0]
INFO: [Physopt 32-662] Processed net u_array/u_xrowgen/iq_p_r_reg[6]_49[1].  Did not re-place instance u_array/u_xrowgen/iq_p_r_reg[6][1]
INFO: [Physopt 32-662] Processed net u_array/u_xrowgen/iq_last_r_reg[6]_65.  Did not re-place instance u_array/u_xrowgen/iq_last_r_reg[6][0]
INFO: [Physopt 32-662] Processed net u_array/u_xrowgen/iq_p_r[2][1]_i_1_n_0.  Did not re-place instance u_array/u_xrowgen/iq_p_r[2][1]_i_1
INFO: [Physopt 32-662] Processed net u_array/u_xrowgen/iq_g_r_reg[2]_61.  Did not re-place instance u_array/u_xrowgen/iq_g_r_reg[2][0]
INFO: [Physopt 32-662] Processed net u_array/u_xrowgen/iq_p_r_reg[2]_53[0].  Did not re-place instance u_array/u_xrowgen/iq_p_r_reg[2][0]
INFO: [Physopt 32-662] Processed net u_array/u_xrowgen/iq_p_r_reg[2]_53[1].  Did not re-place instance u_array/u_xrowgen/iq_p_r_reg[2][1]
INFO: [Physopt 32-662] Processed net u_array/u_xrowgen/iq_last_r_reg[2]_69.  Did not re-place instance u_array/u_xrowgen/iq_last_r_reg[2][0]
INFO: [Physopt 32-662] Processed net u_array/u_xrowgen/st_skew_r_reg_n_0_[1][1][2].  Did not re-place instance u_array/u_xrowgen/st_skew_r_reg[1][1][2]
INFO: [Physopt 32-662] Processed net u_array/u_xrowgen/st_skew_r[1][1][2]_i_1_n_0.  Did not re-place instance u_array/u_xrowgen/st_skew_r[1][1][2]_i_1
INFO: [Physopt 32-662] Processed net u_array/u_xrowgen/oy0_r__0[3].  Did not re-place instance u_array/u_xrowgen/oy0_r_reg[3]
INFO: [Physopt 32-662] Processed net u_array/u_xrowgen/part_row0_w_i_21_n_0.  Did not re-place instance u_array/u_xrowgen/part_row0_w_i_21
INFO: [Physopt 32-662] Processed net u_array/u_xrowgen/iq_p_r[1][1]_i_1_n_0.  Did not re-place instance u_array/u_xrowgen/iq_p_r[1][1]_i_1
INFO: [Physopt 32-662] Processed net u_array/u_xrowgen/iq_g_r_reg[1]_62.  Did not re-place instance u_array/u_xrowgen/iq_g_r_reg[1][0]
INFO: [Physopt 32-662] Processed net u_array/u_xrowgen/iq_p_r_reg[1]_54[0].  Did not re-place instance u_array/u_xrowgen/iq_p_r_reg[1][0]
INFO: [Physopt 32-662] Processed net u_array/u_xrowgen/iq_p_r_reg[1]_54[1].  Did not re-place instance u_array/u_xrowgen/iq_p_r_reg[1][1]
INFO: [Physopt 32-662] Processed net u_array/u_xrowgen/iq_last_r_reg[1]_70.  Did not re-place instance u_array/u_xrowgen/iq_last_r_reg[1][0]
INFO: [Physopt 32-662] Processed net u_array/u_xrowgen/st_skew_r[1][3][2]_i_2_n_0.  Did not re-place instance u_array/u_xrowgen/st_skew_r[1][3][2]_i_2_rewire
INFO: [Physopt 32-662] Processed net u_array/u_xrowgen/st_skew_r_reg_n_0_[1][3][0].  Did not re-place instance u_array/u_xrowgen/st_skew_r_reg[1][3][0]
INFO: [Physopt 32-662] Processed net u_array/u_xrowgen/st_skew_r[1][3][0]_i_1_n_0.  Did not re-place instance u_array/u_xrowgen/st_skew_r[1][3][0]_i_1
INFO: [Physopt 32-662] Processed net u_array/u_xrowgen/st_skew_r_reg_n_0_[1][3][1].  Did not re-place instance u_array/u_xrowgen/st_skew_r_reg[1][3][1]
INFO: [Physopt 32-662] Processed net u_array/u_xrowgen/st_skew_r[1][3][1]_i_1_n_0.  Did not re-place instance u_array/u_xrowgen/st_skew_r[1][3][1]_i_1
INFO: [Physopt 32-662] Processed net u_array/u_xrowgen/st_skew_r_reg_n_0_[1][3][2].  Did not re-place instance u_array/u_xrowgen/st_skew_r_reg[1][3][2]
INFO: [Physopt 32-662] Processed net u_array/u_xrowgen/iq_last_r[7][0]_i_99_n_0.  Did not re-place instance u_array/u_xrowgen/iq_last_r[7][0]_i_99
INFO: [Physopt 32-662] Processed net u_array/u_xrowgen/st_skew_r[1][3][2]_i_1_n_0.  Did not re-place instance u_array/u_xrowgen/st_skew_r[1][3][2]_i_1
INFO: [Physopt 32-662] Processed net u_array/u_xrowgen/part_row0_w_i_18_n_0.  Did not re-place instance u_array/u_xrowgen/part_row0_w_i_18
INFO: [Physopt 32-662] Processed net u_array/u_xrowgen/pt_row0_r_reg[1]_92[29].  Did not re-place instance u_array/u_xrowgen/pt_row0_r_reg[1][29]
INFO: [Physopt 32-662] Processed net u_array/u_xrowgen/pt_row0_r_reg[1]_92[26].  Did not re-place instance u_array/u_xrowgen/pt_row0_r_reg[1][26]
INFO: [Physopt 32-662] Processed net u_array/u_xrowgen/oy0_r__0[4].  Did not re-place instance u_array/u_xrowgen/oy0_r_reg[4]
INFO: [Physopt 32-662] Processed net u_array/u_xrowgen/pt_row0_r_reg[1]_92[8].  Did not re-place instance u_array/u_xrowgen/pt_row0_r_reg[1][8]
INFO: [Physopt 32-662] Processed net u_array/u_xrowgen/st_skew_r_reg_n_0_[1][2][1].  Did not re-place instance u_array/u_xrowgen/st_skew_r_reg[1][2][1]
INFO: [Physopt 32-662] Processed net u_array/u_xrowgen/oy0_r__0[2].  Did not re-place instance u_array/u_xrowgen/oy0_r_reg[2]
INFO: [Physopt 32-662] Processed net u_array/u_xrowgen/st_skew_r[1][2][1]_i_1_n_0.  Did not re-place instance u_array/u_xrowgen/st_skew_r[1][2][1]_i_1
INFO: [Physopt 32-662] Processed net u_array/u_xrowgen/pt_row0_r_reg[2]_91[29].  Did not re-place instance u_array/u_xrowgen/pt_row0_r_reg[2][29]
INFO: [Physopt 32-663] Processed net u_array/u_xrowgen/pt_row0_r_reg[3]_90[6].  Re-placed instance u_array/u_xrowgen/pt_row0_r_reg[3][6]
INFO: [Physopt 32-662] Processed net u_array/u_xrowgen/cg_kh_r_reg_n_0_[6].  Did not re-place instance u_array/u_xrowgen/cg_kh_r_reg[6]
INFO: [Physopt 32-662] Processed net u_array/u_xrowgen/cg_kh_r_reg_n_0_[7].  Did not re-place instance u_array/u_xrowgen/cg_kh_r_reg[7]
INFO: [Physopt 32-663] Processed net u_array/u_xrowgen/pt_row0_r_reg[2]_91[1].  Re-placed instance u_array/u_xrowgen/pt_row0_r_reg[2][1]
INFO: [Physopt 32-662] Processed net u_array/u_xrowgen/pt_row0_r_reg[2]_91[12].  Did not re-place instance u_array/u_xrowgen/pt_row0_r_reg[2][12]
INFO: [Physopt 32-663] Processed net u_array/u_xrowgen/pt_row0_r_reg[2]_91[7].  Re-placed instance u_array/u_xrowgen/pt_row0_r_reg[2][7]
INFO: [Physopt 32-662] Processed net u_array/u_xrowgen/iq_last_r[7][0]_i_101_n_0.  Did not re-place instance u_array/u_xrowgen/iq_last_r[7][0]_i_101
INFO: [Physopt 32-662] Processed net u_array/u_xrowgen/pt_row0_r_reg[3]_90[26].  Did not re-place instance u_array/u_xrowgen/pt_row0_r_reg[3][26]
INFO: [Physopt 32-662] Processed net u_array/u_xrowgen/st_skew_r_reg[0][0]_8[2].  Did not re-place instance u_array/u_xrowgen/st_skew_r_reg[0][0][2]
INFO: [Physopt 32-662] Processed net u_array/u_xrowgen/st_skew_r[0][0][2]_i_2_n_0.  Did not re-place instance u_array/u_xrowgen/st_skew_r[0][0][2]_i_2
INFO: [Physopt 32-662] Processed net u_array/u_xrowgen/st_skew_r[0][0][2]_i_1_n_0.  Did not re-place instance u_array/u_xrowgen/st_skew_r[0][0][2]_i_1
INFO: [Physopt 32-662] Processed net u_array/u_xrowgen/st_skew_r[0][0][2]_i_3_n_0.  Did not re-place instance u_array/u_xrowgen/st_skew_r[0][0][2]_i_3
INFO: [Physopt 32-662] Processed net u_array/u_xrowgen/pt_row0_r_reg[3]_90[4].  Did not re-place instance u_array/u_xrowgen/pt_row0_r_reg[3][4]
INFO: [Physopt 32-662] Processed net u_array/u_xrowgen/iq_last_r[7][0]_i_179_n_0.  Did not re-place instance u_array/u_xrowgen/iq_last_r[7][0]_i_179
INFO: [Physopt 32-662] Processed net u_array/u_xrowgen/part_row0_w_i_15_n_0.  Did not re-place instance u_array/u_xrowgen/part_row0_w_i_15
INFO: [Physopt 32-662] Processed net u_array/u_xrowgen/st_skew_r_reg_n_0_[1][2][0].  Did not re-place instance u_array/u_xrowgen/st_skew_r_reg[1][2][0]
INFO: [Physopt 32-663] Processed net u_array/u_xrowgen/oy0_r__0[10].  Re-placed instance u_array/u_xrowgen/oy0_r_reg[10]
INFO: [Physopt 32-662] Processed net u_array/u_xrowgen/st_skew_r[1][2][0]_i_1_n_0.  Did not re-place instance u_array/u_xrowgen/st_skew_r[1][2][0]_i_1
INFO: [Physopt 32-662] Processed net u_array/u_xrowgen/pp_r_reg_n_0_[0]_repN.  Did not re-place instance u_array/u_xrowgen/pp_r_reg[0]_replica
INFO: [Physopt 32-662] Processed net u_array/u_xrowgen/pt_row0_r_reg[0]_93[5].  Did not re-place instance u_array/u_xrowgen/pt_row0_r_reg[0][5]
INFO: [Physopt 32-662] Processed net u_array/u_xrowgen/pt_row0_r_reg[2]_91[0].  Did not re-place instance u_array/u_xrowgen/pt_row0_r_reg[2][0]
INFO: [Physopt 32-662] Processed net u_array/u_xrowgen/pt_row0_r_reg[2]_91[20].  Did not re-place instance u_array/u_xrowgen/pt_row0_r_reg[2][20]
INFO: [Physopt 32-662] Processed net u_array/u_xrowgen/pt_row0_r_reg[2]_91[3].  Did not re-place instance u_array/u_xrowgen/pt_row0_r_reg[2][3]
INFO: [Physopt 32-662] Processed net u_array/u_xrowgen/iq_p_r[5][1]_i_1_n_0.  Did not re-place instance u_array/u_xrowgen/iq_p_r[5][1]_i_1
INFO: [Physopt 32-662] Processed net u_array/u_xrowgen/iq_g_r_reg[5]_58.  Did not re-place instance u_array/u_xrowgen/iq_g_r_reg[5][0]
INFO: [Physopt 32-662] Processed net u_array/u_xrowgen/iq_p_r_reg[5]_50[0].  Did not re-place instance u_array/u_xrowgen/iq_p_r_reg[5][0]
INFO: [Physopt 32-662] Processed net u_array/u_xrowgen/iq_p_r_reg[5]_50[1].  Did not re-place instance u_array/u_xrowgen/iq_p_r_reg[5][1]
INFO: [Physopt 32-662] Processed net u_array/u_xrowgen/part_row0_w_i_20_n_0.  Did not re-place instance u_array/u_xrowgen/part_row0_w_i_20
INFO: [Physopt 32-662] Processed net u_array/u_xrowgen/iq_last_r_reg[5]_66.  Did not re-place instance u_array/u_xrowgen/iq_last_r_reg[5][0]
INFO: [Physopt 32-662] Processed net u_array/u_xrowgen/oy0_r__0[9].  Did not re-place instance u_array/u_xrowgen/oy0_r_reg[9]
INFO: [Physopt 32-662] Processed net u_array/u_xrowgen/part_row0_w_i_17_n_0.  Did not re-place instance u_array/u_xrowgen/part_row0_w_i_17
INFO: [Physopt 32-663] Processed net u_array/u_xrowgen/pt_row0_r_reg[2]_91[21].  Re-placed instance u_array/u_xrowgen/pt_row0_r_reg[2][21]
INFO: [Physopt 32-662] Processed net u_array/u_xrowgen/pt_row0_r_reg[2]_91[2].  Did not re-place instance u_array/u_xrowgen/pt_row0_r_reg[2][2]
INFO: [Physopt 32-662] Processed net u_array/u_xrowgen/pt_row0_r_reg[3]_90[23].  Did not re-place instance u_array/u_xrowgen/pt_row0_r_reg[3][23]
INFO: [Physopt 32-662] Processed net u_array/u_xrowgen/pt_row0_r_reg[1]_92[5].  Did not re-place instance u_array/u_xrowgen/pt_row0_r_reg[1][5]
INFO: [Physopt 32-662] Processed net u_array/u_xrowgen/iq_p_r[0][1]_i_1_n_0.  Did not re-place instance u_array/u_xrowgen/iq_p_r[0][1]_i_1
INFO: [Physopt 32-662] Processed net u_array/u_xrowgen/iq_g_r_reg[0]_63.  Did not re-place instance u_array/u_xrowgen/iq_g_r_reg[0][0]
INFO: [Physopt 32-662] Processed net u_array/u_xrowgen/iq_p_r_reg[0]_55[0].  Did not re-place instance u_array/u_xrowgen/iq_p_r_reg[0][0]
INFO: [Physopt 32-662] Processed net u_array/u_xrowgen/iq_p_r_reg[0]_55[1].  Did not re-place instance u_array/u_xrowgen/iq_p_r_reg[0][1]
INFO: [Physopt 32-662] Processed net u_array/u_xrowgen/part_row0_w_i_14_n_0.  Did not re-place instance u_array/u_xrowgen/part_row0_w_i_14
INFO: [Physopt 32-662] Processed net u_array/u_xrowgen/pt_row0_r_reg[1]_92[7].  Did not re-place instance u_array/u_xrowgen/pt_row0_r_reg[1][7]
INFO: [Physopt 32-662] Processed net u_array/u_xrowgen/iq_last_r_reg[0]_71.  Did not re-place instance u_array/u_xrowgen/iq_last_r_reg[0][0]
INFO: [Physopt 32-662] Processed net u_array/u_xrowgen/pt_row0_r_reg[3]_90[2].  Did not re-place instance u_array/u_xrowgen/pt_row0_r_reg[3][2]
INFO: [Physopt 32-662] Processed net u_array/u_xrowgen/pt_row0_r_reg[1]_92[22].  Did not re-place instance u_array/u_xrowgen/pt_row0_r_reg[1][22]
INFO: [Physopt 32-662] Processed net u_array/u_xrowgen/pt_row0_r_reg[3]_90[10].  Did not re-place instance u_array/u_xrowgen/pt_row0_r_reg[3][10]
INFO: [Physopt 32-662] Processed net u_array/u_xrowgen/pt_row0_r_reg[3]_90[7].  Did not re-place instance u_array/u_xrowgen/pt_row0_r_reg[3][7]
INFO: [Physopt 32-662] Processed net u_array/u_xrowgen/pt_row0_r_reg[3]_90[30].  Did not re-place instance u_array/u_xrowgen/pt_row0_r_reg[3][30]
INFO: [Physopt 32-662] Processed net u_array/u_xrowgen/pt_row0_r_reg[3]_90[12].  Did not re-place instance u_array/u_xrowgen/pt_row0_r_reg[3][12]
INFO: [Physopt 32-662] Processed net u_array/u_xrowgen/pt_row0_r_reg[1]_92[31].  Did not re-place instance u_array/u_xrowgen/pt_row0_r_reg[1][31]
INFO: [Physopt 32-662] Processed net u_array/u_xrowgen/pt_row0_r_reg[3]_90[24].  Did not re-place instance u_array/u_xrowgen/pt_row0_r_reg[3][24]
INFO: [Physopt 32-662] Processed net u_array/u_xrowgen/iq_p_r[7][1]_i_1_n_0.  Did not re-place instance u_array/u_xrowgen/iq_p_r[7][1]_i_1
INFO: [Physopt 32-662] Processed net u_array/u_xrowgen/iq_g_r_reg[7]_56.  Did not re-place instance u_array/u_xrowgen/iq_g_r_reg[7][0]
INFO: [Physopt 32-662] Processed net u_array/u_xrowgen/iq_p_r_reg[7]_48[0].  Did not re-place instance u_array/u_xrowgen/iq_p_r_reg[7][0]
INFO: [Physopt 32-662] Processed net u_array/u_xrowgen/iq_p_r_reg[7]_48[1].  Did not re-place instance u_array/u_xrowgen/iq_p_r_reg[7][1]
INFO: [Physopt 32-662] Processed net u_array/u_xrowgen/iq_last_r_reg[7]_64.  Did not re-place instance u_array/u_xrowgen/iq_last_r_reg[7][0]
INFO: [Physopt 32-662] Processed net u_array/u_xrowgen/pt_row0_r_reg[2]_91[31].  Did not re-place instance u_array/u_xrowgen/pt_row0_r_reg[2][31]
INFO: [Physopt 32-662] Processed net u_array/u_xrowgen/pt_row0_r_reg[0]_93[28].  Did not re-place instance u_array/u_xrowgen/pt_row0_r_reg[0][28]
INFO: [Physopt 32-662] Processed net u_array/u_xrowgen/cg_part_pend_r.  Did not re-place instance u_array/u_xrowgen/cg_part_pend_r_i_3
INFO: [Physopt 32-662] Processed net u_array/u_xrowgen/cg_part_r_reg_n_0_[0].  Did not re-place instance u_array/u_xrowgen/cg_part_r_reg[0]
INFO: [Physopt 32-662] Processed net u_array/u_xrowgen/cg_part_r[1]_i_2_n_0.  Did not re-place instance u_array/u_xrowgen/cg_part_r[1]_i_2
INFO: [Physopt 32-662] Processed net u_array/u_xrowgen/cg_part_r[0]_i_1_n_0.  Did not re-place instance u_array/u_xrowgen/cg_part_r[0]_i_1
INFO: [Physopt 32-662] Processed net u_array/u_xrowgen/cg_part_r[1]_i_3_n_0.  Did not re-place instance u_array/u_xrowgen/cg_part_r[1]_i_3
INFO: [Physopt 32-662] Processed net u_array/u_xrowgen/st_skew_r[0][3][2]_i_2_n_0.  Did not re-place instance u_array/u_xrowgen/st_skew_r[0][3][2]_i_2_rewire
INFO: [Physopt 32-662] Processed net u_array/u_xrowgen/st_skew_r_reg[0][3]_5[1].  Did not re-place instance u_array/u_xrowgen/st_skew_r_reg[0][3][1]
INFO: [Physopt 32-662] Processed net u_array/u_xrowgen/st_skew_r[0][3][1]_i_1_n_0.  Did not re-place instance u_array/u_xrowgen/st_skew_r[0][3][1]_i_1
INFO: [Physopt 32-662] Processed net u_array/u_xrowgen/st_skew_r_reg[0][3]_5[2].  Did not re-place instance u_array/u_xrowgen/st_skew_r_reg[0][3][2]
INFO: [Physopt 32-662] Processed net u_array/u_xrowgen/st_skew_r[0][3][2]_i_1_n_0.  Did not re-place instance u_array/u_xrowgen/st_skew_r[0][3][2]_i_1
INFO: [Physopt 32-662] Processed net u_array/u_xrowgen/oy0_r__0[5].  Did not re-place instance u_array/u_xrowgen/oy0_r_reg[5]
INFO: [Physopt 32-662] Processed net u_array/u_xrowgen/iq_last_r[7][0]_i_98_n_0.  Did not re-place instance u_array/u_xrowgen/iq_last_r[7][0]_i_98
INFO: [Physopt 32-662] Processed net u_array/u_xrowgen/pt_row0_r_reg[3]_90[20].  Did not re-place instance u_array/u_xrowgen/pt_row0_r_reg[3][20]
INFO: [Physopt 32-662] Processed net u_array/u_xrowgen/part_row0_w_i_11_n_0.  Did not re-place instance u_array/u_xrowgen/part_row0_w_i_11
INFO: [Physopt 32-662] Processed net u_array/u_xrowgen/oy0_r__0[8].  Did not re-place instance u_array/u_xrowgen/oy0_r_reg[8]
INFO: [Physopt 32-662] Processed net u_array/u_xrowgen/pt_row0_r_reg[1]_92[14].  Did not re-place instance u_array/u_xrowgen/pt_row0_r_reg[1][14]
INFO: [Physopt 32-662] Processed net u_array/u_xrowgen/part_row0_w_i_16_n_0.  Did not re-place instance u_array/u_xrowgen/part_row0_w_i_16
INFO: [Physopt 32-662] Processed net u_array/u_xrowgen/part_row0_w_i_13_n_0.  Did not re-place instance u_array/u_xrowgen/part_row0_w_i_13
INFO: [Physopt 32-662] Processed net u_array/u_xrowgen/pt_row0_r_reg[1]_92[25].  Did not re-place instance u_array/u_xrowgen/pt_row0_r_reg[1][25]
INFO: [Physopt 32-662] Processed net u_array/u_xrowgen/cg_part_r_reg_n_0_[1].  Did not re-place instance u_array/u_xrowgen/cg_part_r_reg[1]
INFO: [Physopt 32-662] Processed net u_array/u_xrowgen/cg_part_r[1]_i_1_n_0.  Did not re-place instance u_array/u_xrowgen/cg_part_r[1]_i_1
INFO: [Physopt 32-662] Processed net u_array/u_xrowgen/pt_row0_r_reg[1]_92[10].  Did not re-place instance u_array/u_xrowgen/pt_row0_r_reg[1][10]
INFO: [Physopt 32-662] Processed net u_array/u_xrowgen/cg_adv_pend_r_i_2_n_0.  Did not re-place instance u_array/u_xrowgen/cg_adv_pend_r_i_2
INFO: [Physopt 32-662] Processed net u_array/u_xrowgen/pt_row0_r_reg[1]_92[9].  Did not re-place instance u_array/u_xrowgen/pt_row0_r_reg[1][9]
INFO: [Physopt 32-662] Processed net u_array/u_xrowgen/part_row0_w_i_10_n_0.  Did not re-place instance u_array/u_xrowgen/part_row0_w_i_10
INFO: [Physopt 32-662] Processed net u_array/u_xrowgen/pt_row0_r_reg[3]_90[21].  Did not re-place instance u_array/u_xrowgen/pt_row0_r_reg[3][21]
INFO: [Physopt 32-662] Processed net u_array/u_xrowgen/st_skew_r_reg[0][0]_8[0].  Did not re-place instance u_array/u_xrowgen/st_skew_r_reg[0][0][0]
INFO: [Physopt 32-663] Processed net u_array/u_xrowgen/st_skew_r[0][0][0]_i_1_n_0.  Re-placed instance u_array/u_xrowgen/st_skew_r[0][0][0]_i_1
INFO: [Physopt 32-662] Processed net u_array/u_xrowgen/pt_row0_r_reg[3]_90[1].  Did not re-place instance u_array/u_xrowgen/pt_row0_r_reg[3][1]
INFO: [Physopt 32-662] Processed net u_array/u_xrowgen/st_skew_r_reg[0][2]_6[1].  Did not re-place instance u_array/u_xrowgen/st_skew_r_reg[0][2][1]
INFO: [Physopt 32-662] Processed net u_array/u_xrowgen/st_skew_r[0][2][2]_i_2_n_0.  Did not re-place instance u_array/u_xrowgen/st_skew_r[0][2][2]_i_2
INFO: [Physopt 32-662] Processed net u_array/u_xrowgen/st_skew_r[0][2][1]_i_1_n_0.  Did not re-place instance u_array/u_xrowgen/st_skew_r[0][2][1]_i_1
INFO: [Physopt 32-662] Processed net u_array/u_xrowgen/st_skew_r[0][2][2]_i_3_n_0.  Did not re-place instance u_array/u_xrowgen/st_skew_r[0][2][2]_i_3
INFO: [Physopt 32-662] Processed net u_array/u_xrowgen/pt_row0_r_reg[2]_91[10].  Did not re-place instance u_array/u_xrowgen/pt_row0_r_reg[2][10]
INFO: [Physopt 32-662] Processed net u_array/u_xrowgen/st_skew_r_reg[0][2]_6[2].  Did not re-place instance u_array/u_xrowgen/st_skew_r_reg[0][2][2]
INFO: [Physopt 32-662] Processed net u_array/u_xrowgen/st_skew_r[0][2][2]_i_1_n_0.  Did not re-place instance u_array/u_xrowgen/st_skew_r[0][2][2]_i_1
INFO: [Physopt 32-662] Processed net u_array/u_xrowgen/pt_row0_r_reg[2]_91[14].  Did not re-place instance u_array/u_xrowgen/pt_row0_r_reg[2][14]
INFO: [Physopt 32-662] Processed net u_array/u_xrowgen/pt_row0_r_reg[0]_93[15].  Did not re-place instance u_array/u_xrowgen/pt_row0_r_reg[0][15]
INFO: [Physopt 32-662] Processed net u_array/u_xrowgen/pt_row0_r_reg[2]_91[8].  Did not re-place instance u_array/u_xrowgen/pt_row0_r_reg[2][8]
INFO: [Physopt 32-662] Processed net u_array/u_xrowgen/pt_row0_r_reg[3]_90[5].  Did not re-place instance u_array/u_xrowgen/pt_row0_r_reg[3][5]
INFO: [Physopt 32-662] Processed net u_array/u_xrowgen/oy0_r__0[6].  Did not re-place instance u_array/u_xrowgen/oy0_r_reg[6]
INFO: [Physopt 32-662] Processed net u_array/u_xrowgen/st_skew_r_reg[0][2]_6[0].  Did not re-place instance u_array/u_xrowgen/st_skew_r_reg[0][2][0]
INFO: [Physopt 32-662] Processed net u_array/u_xrowgen/st_skew_r[0][2][0]_i_1_n_0.  Did not re-place instance u_array/u_xrowgen/st_skew_r[0][2][0]_i_1
INFO: [Physopt 32-662] Processed net u_array/u_xrowgen/st_skew_r_reg[0][0]_8[1].  Did not re-place instance u_array/u_xrowgen/st_skew_r_reg[0][0][1]
INFO: [Physopt 32-662] Processed net u_array/u_xrowgen/st_skew_r[0][0][1]_i_1_n_0.  Did not re-place instance u_array/u_xrowgen/st_skew_r[0][0][1]_i_1
INFO: [Physopt 32-662] Processed net u_array/u_dma_x/cf_len[1][5]_i_1_n_0.  Did not re-place instance u_array/u_dma_x/cf_len[1][5]_i_1
INFO: [Physopt 32-662] Processed net u_array/u_dma_x/p_0_in_0[1].  Did not re-place instance u_array/u_dma_x/cf_len[0][5]_i_3
INFO: [Physopt 32-663] Processed net u_array/u_dma_x/cf_len_reg[1]_107[5].  Re-placed instance u_array/u_dma_x/cf_len_reg[1][5]
INFO: [Physopt 32-663] Processed net u_array/u_dma_x/cf_addr_reg[1]_111[11].  Re-placed instance u_array/u_dma_x/cf_addr_reg[1][11]
INFO: [Physopt 32-663] Processed net u_array/u_dma_x/cf_addr_reg[1]_111[17].  Re-placed instance u_array/u_dma_x/cf_addr_reg[1][17]
INFO: [Physopt 32-663] Processed net u_array/u_dma_x/cf_addr_reg[1]_111[5].  Re-placed instance u_array/u_dma_x/cf_addr_reg[1][5]
INFO: [Physopt 32-662] Processed net u_array/u_xrowgen/pt_row0_r_reg[1]_92[17].  Did not re-place instance u_array/u_xrowgen/pt_row0_r_reg[1][17]
INFO: [Physopt 32-663] Processed net u_array/u_dma_x/cf_addr_reg[1]_111[12].  Re-placed instance u_array/u_dma_x/cf_addr_reg[1][12]
INFO: [Physopt 32-663] Processed net u_array/u_dma_x/cf_addr_reg[1]_111[13].  Re-placed instance u_array/u_dma_x/cf_addr_reg[1][13]
INFO: [Physopt 32-663] Processed net u_array/u_dma_x/cf_addr_reg[1]_111[29].  Re-placed instance u_array/u_dma_x/cf_addr_reg[1][29]
INFO: [Physopt 32-663] Processed net u_array/u_dma_x/cf_addr_reg[1]_111[7].  Re-placed instance u_array/u_dma_x/cf_addr_reg[1][7]
INFO: [Physopt 32-662] Processed net u_array/u_xrowgen/cg_kh_r_reg_n_0_[0].  Did not re-place instance u_array/u_xrowgen/cg_kh_r_reg[0]
INFO: [Physopt 32-662] Processed net u_array/u_xrowgen/cg_kh_r_reg_n_0_[1].  Did not re-place instance u_array/u_xrowgen/cg_kh_r_reg[1]
INFO: [Physopt 32-662] Processed net u_array/u_xrowgen/cg_kh_r_reg_n_0_[2].  Did not re-place instance u_array/u_xrowgen/cg_kh_r_reg[2]
INFO: [Physopt 32-662] Processed net u_array/u_xrowgen/cg_kh_r_reg_n_0_[4].  Did not re-place instance u_array/u_xrowgen/cg_kh_r_reg[4]
INFO: [Physopt 32-662] Processed net u_array/u_xrowgen/cg_kh_r_reg_n_0_[5].  Did not re-place instance u_array/u_xrowgen/cg_kh_r_reg[5]
INFO: [Physopt 32-662] Processed net u_array/u_xrowgen/cg_kh_r_reg_n_0_[3].  Did not re-place instance u_array/u_xrowgen/cg_kh_r_reg[3]
INFO: [Physopt 32-662] Processed net u_array/u_xrowgen/st_skew_r[0][1][2]_i_2_n_0.  Did not re-place instance u_array/u_xrowgen/st_skew_r[0][1][2]_i_2_rewire
INFO: [Physopt 32-662] Processed net u_array/u_xrowgen/st_skew_r_reg[0][1]_7[1].  Did not re-place instance u_array/u_xrowgen/st_skew_r_reg[0][1][1]
INFO: [Physopt 32-662] Processed net u_array/u_xrowgen/st_skew_r[0][1][1]_i_1_n_0.  Did not re-place instance u_array/u_xrowgen/st_skew_r[0][1][1]_i_1
INFO: [Physopt 32-661] Optimized 15 nets.  Re-placed 15 instances.
INFO: [Physopt 32-775] End 1 Pass. Optimized 15 nets or cells. Created 0 new cell, deleted 0 existing cell and moved 15 existing cells
INFO: [Physopt 32-619] Estimated Timing Summary | WNS=-9.178 | TNS=-22908.664 |
Netlist sorting complete. Time (s): cpu = 00:00:00 ; elapsed = 00:00:00.054 . Memory (MB): peak = 2668.844 ; gain = 0.000
Phase 9 Single Cell Placement Optimization | Checksum: 114244b55

Time (s): cpu = 00:01:28 ; elapsed = 00:01:04 . Memory (MB): peak = 2668.844 ; gain = 0.000

Phase 10 Multi Cell Placement Optimization
INFO: [Physopt 32-660] Identified 100 candidate nets for placement-based optimization.
INFO: [Physopt 32-662] Processed net u_array/u_xrowgen/cg_khiw_r[15]_i_2_n_0.  Did not re-place instance u_array/u_xrowgen/cg_khiw_r[15]_i_2/O
INFO: [Physopt 32-662] Processed net u_array/u_xrowgen/adv_now_w.  Did not re-place instance u_array/u_xrowgen/cg_cnt_r[0]_i_2/O
INFO: [Physopt 32-662] Processed net u_array/u_xrowgen/dma_cur_w.  Did not re-place instance u_array/u_xrowgen/cg_grp_cmd_r_i_2/O
INFO: [Physopt 32-662] Processed net u_array/u_xrowgen/cmd_valid_o.  Did not re-place instance u_array/u_xrowgen/cf_wp_r[1]_i_2/O
INFO: [Physopt 32-662] Processed net u_array/u_dma_x/iq_push_w.  Did not re-place instance u_array/u_dma_x/iq_cnt_r[3]_i_3/O
INFO: [Physopt 32-662] Processed net u_array/u_xrowgen/p_169_in.  Did not re-place instance u_array/u_xrowgen/cg_cnt_r[0]_i_3/O
INFO: [Physopt 32-662] Processed net u_array/u_xrowgen/dma2_w.  Did not re-place instance u_array/u_xrowgen/iq_last_r[7][0]_i_4/O
INFO: [Physopt 32-662] Processed net u_array/u_xrowgen/dma0_w.  Did not re-place instance u_array/u_xrowgen/iq_last_r[7][0]_i_2/O
INFO: [Physopt 32-662] Processed net u_array/u_xrowgen/dma3_w.  Did not re-place instance u_array/u_xrowgen/iq_last_r[7][0]_i_5/O
INFO: [Physopt 32-662] Processed net u_array/u_xrowgen/cg_khiw_r_reg_n_0_[1].  Did not re-place instance u_array/u_xrowgen/cg_khiw_r_reg[1]/Q
INFO: [Physopt 32-662] Processed net u_array/u_xrowgen/dma1_w.  Did not re-place instance u_array/u_xrowgen/iq_last_r[7][0]_i_3/O
INFO: [Physopt 32-662] Processed net u_array/u_xrowgen/cg_disp_w.  Did not re-place instance u_array/u_xrowgen/st_skew_r[1][0][2]_i_3/O
INFO: [Physopt 32-662] Processed net u_array/u_xrowgen/iq_p_r[7][1]_i_2_n_0.  Did not re-place instance u_array/u_xrowgen/iq_p_r[7][1]_i_2/O
INFO: [Physopt 32-662] Processed net u_array/u_xrowgen/iq_p_r[3][1]_i_1_n_0.  Did not re-place instance u_array/u_xrowgen/iq_p_r[3][1]_i_1/O
INFO: [Physopt 32-662] Processed net u_array/u_xrowgen/iq_g_r_reg[3]_60.  Did not re-place instance u_array/u_xrowgen/iq_g_r_reg[3][0]/Q
INFO: [Physopt 32-662] Processed net u_array/u_xrowgen/iq_last_r_reg[3]_68.  Did not re-place instance u_array/u_xrowgen/iq_last_r_reg[3][0]/Q
INFO: [Physopt 32-663] Processed net u_array/u_xrowgen/iq_p_r[4][1]_i_1_n_0.  Re-placed instance u_array/u_xrowgen/iq_p_r[4][1]_i_1/O
INFO: [Physopt 32-662] Processed net u_array/u_xrowgen/iq_g_r_reg[4]_59.  Did not re-place instance u_array/u_xrowgen/iq_g_r_reg[4][0]/Q
INFO: [Physopt 32-662] Processed net u_array/u_xrowgen/iq_last_r_reg[4]_67.  Did not re-place instance u_array/u_xrowgen/iq_last_r_reg[4][0]/Q
INFO: [Physopt 32-662] Processed net u_array/u_xrowgen/oy0_r__0[0].  Did not re-place instance u_array/u_xrowgen/oy0_r_reg[0]/Q
INFO: [Physopt 32-662] Processed net u_array/u_xrowgen/pt_row0_r_reg[1]_92[16].  Did not re-place instance u_array/u_xrowgen/pt_row0_r_reg[1][16]/Q
INFO: [Physopt 32-662] Processed net u_array/u_xrowgen/pt_row0_r_reg[0]_93[17].  Did not re-place instance u_array/u_xrowgen/pt_row0_r_reg[0][17]/Q
INFO: [Physopt 32-662] Processed net u_array/u_xrowgen/pt_row0_r_reg[1]_92[30].  Did not re-place instance u_array/u_xrowgen/pt_row0_r_reg[1][30]/Q
INFO: [Physopt 32-662] Processed net u_array/u_xrowgen/st_skew_r[1][2][2]_i_2_n_0.  Did not re-place instance u_array/u_xrowgen/st_skew_r[1][2][2]_i_2/O
INFO: [Physopt 32-662] Processed net u_array/u_xrowgen/st_skew_r[1][2][2]_i_1_n_0.  Did not re-place instance u_array/u_xrowgen/st_skew_r[1][2][2]_i_1/O
INFO: [Physopt 32-662] Processed net u_array/u_xrowgen/st_skew_r[1][2][2]_i_3_n_0.  Did not re-place instance u_array/u_xrowgen/st_skew_r[1][2][2]_i_3/O
INFO: [Physopt 32-662] Processed net u_array/u_xrowgen/cg_part_pend_r1.  Did not re-place instance u_array/u_xrowgen/cg_part_pend_r_i_4/O
INFO: [Physopt 32-662] Processed net u_array/u_xrowgen/cg_part_pend_r_i_1_n_0.  Did not re-place instance u_array/u_xrowgen/cg_part_pend_r_i_1/O
INFO: [Physopt 32-662] Processed net u_array/u_xrowgen/cg_part_pend_r_i_2_n_0.  Did not re-place instance u_array/u_xrowgen/cg_part_pend_r_i_2/O
INFO: [Physopt 32-662] Processed net u_array/u_xrowgen/pp_r_reg_n_0_[1]_repN.  Did not re-place instance u_array/u_xrowgen/pp_r_reg[1]_replica/Q
INFO: [Physopt 32-662] Processed net u_array/u_xrowgen/st_skew_r[1][1][2]_i_2_n_0.  Did not re-place instance u_array/u_xrowgen/st_skew_r[1][1][2]_i_2_rewire/O
INFO: [Physopt 32-662] Processed net u_array/u_xrowgen/st_skew_r[1][1][1]_i_1_n_0.  Did not re-place instance u_array/u_xrowgen/st_skew_r[1][1][1]_i_1/O
INFO: [Physopt 32-662] Processed net u_array/u_xrowgen/st_skew_r[1][1][0]_i_1_n_0.  Did not re-place instance u_array/u_xrowgen/st_skew_r[1][1][0]_i_1/O
INFO: [Physopt 32-662] Processed net u_array/u_xrowgen/oy0_r__0[1].  Did not re-place instance u_array/u_xrowgen/oy0_r_reg[1]/Q
INFO: [Physopt 32-662] Processed net u_array/u_xrowgen/iq_p_r[6][1]_i_1_n_0.  Did not re-place instance u_array/u_xrowgen/iq_p_r[6][1]_i_1/O
INFO: [Physopt 32-663] Processed net u_array/u_xrowgen/iq_g_r_reg[6]_57.  Re-placed instance u_array/u_xrowgen/iq_g_r_reg[6][0]/Q
INFO: [Physopt 32-663] Processed net u_array/u_xrowgen/iq_last_r_reg[6]_65.  Re-placed instance u_array/u_xrowgen/iq_last_r_reg[6][0]/Q
INFO: [Physopt 32-662] Processed net u_array/u_xrowgen/iq_p_r[2][1]_i_1_n_0.  Did not re-place instance u_array/u_xrowgen/iq_p_r[2][1]_i_1/O
INFO: [Physopt 32-662] Processed net u_array/u_xrowgen/iq_g_r_reg[2]_61.  Did not re-place instance u_array/u_xrowgen/iq_g_r_reg[2][0]/Q
INFO: [Physopt 32-661] Optimized 3 nets.  Re-placed 9 instances.
INFO: [Physopt 32-775] End 1 Pass. Optimized 3 nets or cells. Created 0 new cell, deleted 0 existing cell and moved 9 existing cells
INFO: [Physopt 32-619] Estimated Timing Summary | WNS=-9.178 | TNS=-22908.613 |
Netlist sorting complete. Time (s): cpu = 00:00:00 ; elapsed = 00:00:00.056 . Memory (MB): peak = 2668.844 ; gain = 0.000
Phase 10 Multi Cell Placement Optimization | Checksum: 11f232692

Time (s): cpu = 00:01:46 ; elapsed = 00:01:17 . Memory (MB): peak = 2668.844 ; gain = 0.000

Phase 11 Rewire
INFO: [Physopt 32-246] Starting Signal Push optimization...
INFO: [Physopt 32-241] No nets found for rewiring () optimization.
INFO: [Physopt 32-232] Optimized 0 net. Created 0 new instance.
INFO: [Physopt 32-775] End 1 Pass. Optimized 0 net or cell. Created 0 new cell, deleted 0 existing cell and moved 0 existing cell
Netlist sorting complete. Time (s): cpu = 00:00:00 ; elapsed = 00:00:00.055 . Memory (MB): peak = 2668.844 ; gain = 0.000
Phase 11 Rewire | Checksum: 11f232692

Time (s): cpu = 00:01:46 ; elapsed = 00:01:18 . Memory (MB): peak = 2668.844 ; gain = 0.000

Phase 12 Critical Cell Optimization
INFO: [Physopt 32-46] Identified 9 candidate nets for critical-cell optimization.
INFO: [Physopt 32-572] Net u_array/u_xrowgen/part_ih0_w[17] was not replicated.
Resolution: phys_opt_design can be forced to replicate a net driver using the option -force_replication_on_nets <list of net objects>.
INFO: [Physopt 32-572] Net u_array/u_xrowgen/oy0_r__0[0] was not replicated.
Resolution: phys_opt_design can be forced to replicate a net driver using the option -force_replication_on_nets <list of net objects>.
INFO: [Physopt 32-572] Net u_array/u_xrowgen/iq_p_r[4][1]_i_1_n_0 was not replicated.
Resolution: phys_opt_design can be forced to replicate a net driver using the option -force_replication_on_nets <list of net objects>.
INFO: [Physopt 32-572] Net u_array/u_xrowgen/oy0_r__0[1] was not replicated.
Resolution: phys_opt_design can be forced to replicate a net driver using the option -force_replication_on_nets <list of net objects>.
INFO: [Physopt 32-572] Net u_array/u_xrowgen/st_skew_r[0][3][2]_i_2_n_0 was not replicated.
Resolution: phys_opt_design can be forced to replicate a net driver using the option -force_replication_on_nets <list of net objects>.
INFO: [Physopt 32-572] Net u_array/u_xrowgen/cg_adv_pend_r_i_2_n_0 was not replicated.
Resolution: phys_opt_design can be forced to replicate a net driver using the option -force_replication_on_nets <list of net objects>.
INFO: [Physopt 32-232] Optimized 0 net. Created 0 new instance.
INFO: [Physopt 32-775] End 1 Pass. Optimized 0 net or cell. Created 0 new cell, deleted 0 existing cell and moved 0 existing cell
Netlist sorting complete. Time (s): cpu = 00:00:00 ; elapsed = 00:00:00.140 . Memory (MB): peak = 2668.844 ; gain = 0.000
Phase 12 Critical Cell Optimization | Checksum: 16cc6394d

Time (s): cpu = 00:01:50 ; elapsed = 00:01:20 . Memory (MB): peak = 2668.844 ; gain = 0.000

Phase 13 SLR Crossing Optimization
Phase 13 SLR Crossing Optimization | Checksum: 16cc6394d

Time (s): cpu = 00:01:50 ; elapsed = 00:01:20 . Memory (MB): peak = 2668.844 ; gain = 0.000

Phase 14 Fanout Optimization
INFO: [Physopt 32-76] Pass 1. Identified 1 candidate net for fanout optimization.
INFO: [Physopt 32-81] Processed net u_array/u_dma_x/cf_len[1][5]_i_1_n_0. Replicated 1 times.
INFO: [Physopt 32-232] Optimized 1 net. Created 1 new instance.
INFO: [Physopt 32-775] End 1 Pass. Optimized 1 net or cell. Created 1 new cell, deleted 0 existing cell and moved 0 existing cell
INFO: [Physopt 32-619] Estimated Timing Summary | WNS=-9.178 | TNS=-22903.856 |
Netlist sorting complete. Time (s): cpu = 00:00:00 ; elapsed = 00:00:00.151 . Memory (MB): peak = 2668.844 ; gain = 0.000
Phase 14 Fanout Optimization | Checksum: 26d210ea2

Time (s): cpu = 00:01:51 ; elapsed = 00:01:21 . Memory (MB): peak = 2668.844 ; gain = 0.000

Phase 15 Single Cell Placement Optimization
INFO: [Physopt 32-660] Identified 250 candidate nets for placement-based optimization.
INFO: [Physopt 32-662] Processed net u_array/u_xrowgen/cg_khiw_r[15]_i_2_n_0.  Did not re-place instance u_array/u_xrowgen/cg_khiw_r[15]_i_2
INFO: [Physopt 32-662] Processed net u_array/u_xrowgen/cg_khiw_r[15]_i_1_n_0.  Did not re-place instance u_array/u_xrowgen/cg_khiw_r[15]_i_1
INFO: [Physopt 32-662] Processed net u_array/u_xrowgen/adv_now_w.  Did not re-place instance u_array/u_xrowgen/cg_cnt_r[0]_i_2
INFO: [Physopt 32-662] Processed net u_array/u_xrowgen/dma_cur_w.  Did not re-place instance u_array/u_xrowgen/cg_grp_cmd_r_i_2
INFO: [Physopt 32-662] Processed net u_array/u_xrowgen/cmd_valid_o.  Did not re-place instance u_array/u_xrowgen/cf_wp_r[1]_i_2
INFO: [Physopt 32-662] Processed net u_array/u_dma_x/iq_push_w.  Did not re-place instance u_array/u_dma_x/iq_cnt_r[3]_i_3
INFO: [Physopt 32-662] Processed net u_array/u_xrowgen/p_169_in.  Did not re-place instance u_array/u_xrowgen/cg_cnt_r[0]_i_3
INFO: [Physopt 32-662] Processed net u_array/u_xrowgen/dma2_w.  Did not re-place instance u_array/u_xrowgen/iq_last_r[7][0]_i_4
INFO: [Physopt 32-662] Processed net u_array/u_xrowgen/iq_last_r[7][0]_i_203_n_0.  Did not re-place instance u_array/u_xrowgen/iq_last_r[7][0]_i_203
INFO: [Physopt 32-662] Processed net u_array/u_xrowgen/cg_khiw_r_reg_n_0_[6].  Did not re-place instance u_array/u_xrowgen/cg_khiw_r_reg[6]
INFO: [Physopt 32-662] Processed net u_array/u_xrowgen/cg_khiw_r_reg_n_0_[7].  Did not re-place instance u_array/u_xrowgen/cg_khiw_r_reg[7]
INFO: [Physopt 32-662] Processed net u_array/u_xrowgen/cg_khiw_r_reg_n_0_[15].  Did not re-place instance u_array/u_xrowgen/cg_khiw_r_reg[15]
INFO: [Physopt 32-662] Processed net u_array/u_xrowgen/cg_khiw_r_reg_n_0_[10].  Did not re-place instance u_array/u_xrowgen/cg_khiw_r_reg[10]
INFO: [Physopt 32-662] Processed net u_array/u_xrowgen/cg_khiw_r_reg_n_0_[11].  Did not re-place instance u_array/u_xrowgen/cg_khiw_r_reg[11]
INFO: [Physopt 32-662] Processed net u_array/u_xrowgen/dma0_w.  Did not re-place instance u_array/u_xrowgen/iq_last_r[7][0]_i_2
INFO: [Physopt 32-662] Processed net u_array/u_xrowgen/iq_last_r[7][0]_i_169_n_0.  Did not re-place instance u_array/u_xrowgen/iq_last_r[7][0]_i_169
INFO: [Physopt 32-662] Processed net u_array/u_xrowgen/dma3_w.  Did not re-place instance u_array/u_xrowgen/iq_last_r[7][0]_i_5
INFO: [Physopt 32-662] Processed net u_array/u_xrowgen/iq_last_r[7][0]_i_217_n_0.  Did not re-place instance u_array/u_xrowgen/iq_last_r[7][0]_i_217
INFO: [Physopt 32-662] Processed net u_array/u_xrowgen/cg_khiw_r_reg_n_0_[13].  Did not re-place instance u_array/u_xrowgen/cg_khiw_r_reg[13]
INFO: [Physopt 32-662] Processed net u_array/u_xrowgen/cg_khiw_r_reg_n_0_[14].  Did not re-place instance u_array/u_xrowgen/cg_khiw_r_reg[14]
INFO: [Physopt 32-662] Processed net u_array/u_xrowgen/cg_khiw_r_reg_n_0_[12].  Did not re-place instance u_array/u_xrowgen/cg_khiw_r_reg[12]
INFO: [Physopt 32-662] Processed net u_array/u_xrowgen/cg_khiw_r_reg_n_0_[4].  Did not re-place instance u_array/u_xrowgen/cg_khiw_r_reg[4]
INFO: [Physopt 32-662] Processed net u_array/u_xrowgen/cg_khiw_r_reg_n_0_[5].  Did not re-place instance u_array/u_xrowgen/cg_khiw_r_reg[5]
INFO: [Physopt 32-662] Processed net u_array/u_xrowgen/cg_khiw_r_reg_n_0_[8].  Did not re-place instance u_array/u_xrowgen/cg_khiw_r_reg[8]
INFO: [Physopt 32-662] Processed net u_array/u_xrowgen/cg_khiw_r_reg_n_0_[9].  Did not re-place instance u_array/u_xrowgen/cg_khiw_r_reg[9]
INFO: [Physopt 32-662] Processed net u_array/u_xrowgen/iq_last_r[7][0]_i_202_n_0.  Did not re-place instance u_array/u_xrowgen/iq_last_r[7][0]_i_202
INFO: [Physopt 32-662] Processed net u_array/u_xrowgen/iq_last_r[7][0]_i_133_n_0.  Did not re-place instance u_array/u_xrowgen/iq_last_r[7][0]_i_133
INFO: [Physopt 32-662] Processed net u_array/u_xrowgen/iq_last_r[7][0]_i_78_n_0.  Did not re-place instance u_array/u_xrowgen/iq_last_r[7][0]_i_78
INFO: [Physopt 32-662] Processed net u_array/u_xrowgen/iq_last_r[7][0]_i_157_n_0.  Did not re-place instance u_array/u_xrowgen/iq_last_r[7][0]_i_157
INFO: [Physopt 32-662] Processed net u_array/u_xrowgen/cg_khiw_r_reg_n_0_[1].  Did not re-place instance u_array/u_xrowgen/cg_khiw_r_reg[1]
INFO: [Physopt 32-662] Processed net u_array/u_xrowgen/cg_khiw_r_reg_n_0_[2].  Did not re-place instance u_array/u_xrowgen/cg_khiw_r_reg[2]
INFO: [Physopt 32-662] Processed net u_array/u_xrowgen/cg_khiw_r_reg_n_0_[3].  Did not re-place instance u_array/u_xrowgen/cg_khiw_r_reg[3]
INFO: [Physopt 32-662] Processed net u_array/u_xrowgen/cg_khiw_r_reg_n_0_[0].  Did not re-place instance u_array/u_xrowgen/cg_khiw_r_reg[0]
INFO: [Physopt 32-662] Processed net u_array/u_xrowgen/iq_last_r[7][0]_i_216_n_0.  Did not re-place instance u_array/u_xrowgen/iq_last_r[7][0]_i_216
INFO: [Physopt 32-662] Processed net u_array/u_xrowgen/iq_last_r[7][0]_i_204_n_0.  Did not re-place instance u_array/u_xrowgen/iq_last_r[7][0]_i_204
INFO: [Physopt 32-662] Processed net u_array/u_xrowgen/iq_last_r[7][0]_i_132_n_0.  Did not re-place instance u_array/u_xrowgen/iq_last_r[7][0]_i_132
INFO: [Physopt 32-662] Processed net u_array/u_xrowgen/dma1_w.  Did not re-place instance u_array/u_xrowgen/iq_last_r[7][0]_i_3
INFO: [Physopt 32-662] Processed net u_array/u_xrowgen/iq_last_r[7][0]_i_168_n_0.  Did not re-place instance u_array/u_xrowgen/iq_last_r[7][0]_i_168
INFO: [Physopt 32-662] Processed net u_array/u_xrowgen/iq_last_r[7][0]_i_182_n_0.  Did not re-place instance u_array/u_xrowgen/iq_last_r[7][0]_i_182
INFO: [Physopt 32-662] Processed net u_array/u_xrowgen/iq_last_r[7][0]_i_134_n_0.  Did not re-place instance u_array/u_xrowgen/iq_last_r[7][0]_i_134
INFO: [Physopt 32-662] Processed net u_array/u_xrowgen/iq_last_r[7][0]_i_201_n_0.  Did not re-place instance u_array/u_xrowgen/iq_last_r[7][0]_i_201
INFO: [Physopt 32-662] Processed net u_array/u_xrowgen/iq_last_r[7][0]_i_181_n_0.  Did not re-place instance u_array/u_xrowgen/iq_last_r[7][0]_i_181
INFO: [Physopt 32-662] Processed net u_array/u_xrowgen/iq_last_r[7][0]_i_77_n_0.  Did not re-place instance u_array/u_xrowgen/iq_last_r[7][0]_i_77
INFO: [Physopt 32-662] Processed net u_array/u_xrowgen/cg_disp_w.  Did not re-place instance u_array/u_xrowgen/st_skew_r[1][0][2]_i_3
INFO: [Physopt 32-662] Processed net u_array/u_xrowgen/iq_p_r[7][1]_i_2_n_0.  Did not re-place instance u_array/u_xrowgen/iq_p_r[7][1]_i_2
INFO: [Physopt 32-662] Processed net u_array/u_xrowgen/iq_p_r[3][1]_i_1_n_0.  Did not re-place instance u_array/u_xrowgen/iq_p_r[3][1]_i_1
INFO: [Physopt 32-662] Processed net u_array/u_xrowgen/iq_g_r_reg[3]_60.  Did not re-place instance u_array/u_xrowgen/iq_g_r_reg[3][0]
INFO: [Physopt 32-662] Processed net u_array/u_xrowgen/iq_last_r[7][0]_i_156_n_0.  Did not re-place instance u_array/u_xrowgen/iq_last_r[7][0]_i_156
INFO: [Physopt 32-662] Processed net u_array/u_xrowgen/iq_p_r_reg[3]_52[0].  Did not re-place instance u_array/u_xrowgen/iq_p_r_reg[3][0]
INFO: [Physopt 32-662] Processed net u_array/u_xrowgen/iq_p_r_reg[3]_52[1].  Did not re-place instance u_array/u_xrowgen/iq_p_r_reg[3][1]
INFO: [Physopt 32-662] Processed net u_array/u_xrowgen/iq_last_r_reg[3]_68.  Did not re-place instance u_array/u_xrowgen/iq_last_r_reg[3][0]
INFO: [Physopt 32-662] Processed net u_array/u_xrowgen/iq_last_r[7][0]_i_166_n_0.  Did not re-place instance u_array/u_xrowgen/iq_last_r[7][0]_i_166
INFO: [Physopt 32-662] Processed net u_array/u_xrowgen/iq_last_r[7][0]_i_214_n_0.  Did not re-place instance u_array/u_xrowgen/iq_last_r[7][0]_i_214
INFO: [Physopt 32-662] Processed net u_array/u_xrowgen/iq_last_r[7][0]_i_167_n_0.  Did not re-place instance u_array/u_xrowgen/iq_last_r[7][0]_i_167
INFO: [Physopt 32-662] Processed net u_array/u_xrowgen/iq_last_r[7][0]_i_131_n_0.  Did not re-place instance u_array/u_xrowgen/iq_last_r[7][0]_i_131
INFO: [Physopt 32-662] Processed net u_array/u_xrowgen/iq_last_r[7][0]_i_215_n_0.  Did not re-place instance u_array/u_xrowgen/iq_last_r[7][0]_i_215
INFO: [Physopt 32-662] Processed net u_array/u_xrowgen/iq_last_r[7][0]_i_180_n_0.  Did not re-place instance u_array/u_xrowgen/iq_last_r[7][0]_i_180
INFO: [Physopt 32-662] Processed net u_array/u_xrowgen/part_ih0_w[17].  Did not re-place instance u_array/u_xrowgen/part_row0_w_i_1
INFO: [Physopt 32-662] Processed net u_array/u_xrowgen/oy0_r__0[0].  Did not re-place instance u_array/u_xrowgen/oy0_r_reg[0]
INFO: [Physopt 32-662] Processed net u_array/u_xrowgen/p_0_out_i_6_n_0.  Did not re-place instance u_array/u_xrowgen/p_0_out_i_6
INFO: [Physopt 32-662] Processed net u_array/u_xrowgen/part_row0_w_i_23_n_0.  Did not re-place instance u_array/u_xrowgen/part_row0_w_i_23
INFO: [Physopt 32-662] Processed net u_array/u_xrowgen/pt_row0_r_reg[1]_92[16].  Did not re-place instance u_array/u_xrowgen/pt_row0_r_reg[1][16]
INFO: [Physopt 32-662] Processed net u_array/u_xrowgen/iq_last_r[7][0]_i_100_n_0.  Did not re-place instance u_array/u_xrowgen/iq_last_r[7][0]_i_100
INFO: [Physopt 32-662] Processed net u_array/u_xrowgen/pt_row0_r_reg[0]_93[17].  Did not re-place instance u_array/u_xrowgen/pt_row0_r_reg[0][17]
INFO: [Physopt 32-662] Processed net u_array/u_xrowgen/iq_p_r[4][1]_i_1_n_0.  Did not re-place instance u_array/u_xrowgen/iq_p_r[4][1]_i_1
INFO: [Physopt 32-662] Processed net u_array/u_xrowgen/iq_g_r_reg[4]_59.  Did not re-place instance u_array/u_xrowgen/iq_g_r_reg[4][0]
INFO: [Physopt 32-662] Processed net u_array/u_xrowgen/iq_p_r_reg[4]_51[0].  Did not re-place instance u_array/u_xrowgen/iq_p_r_reg[4][0]
INFO: [Physopt 32-662] Processed net u_array/u_xrowgen/iq_p_r_reg[4]_51[1].  Did not re-place instance u_array/u_xrowgen/iq_p_r_reg[4][1]
INFO: [Physopt 32-662] Processed net u_array/u_xrowgen/iq_last_r_reg[4]_67.  Did not re-place instance u_array/u_xrowgen/iq_last_r_reg[4][0]
INFO: [Physopt 32-662] Processed net u_array/u_xrowgen/pt_row0_r_reg[1]_92[30].  Did not re-place instance u_array/u_xrowgen/pt_row0_r_reg[1][30]
INFO: [Physopt 32-662] Processed net u_array/u_xrowgen/st_skew_r_reg_n_0_[1][2][2].  Did not re-place instance u_array/u_xrowgen/st_skew_r_reg[1][2][2]
INFO: [Physopt 32-662] Processed net u_array/u_xrowgen/st_skew_r[1][2][2]_i_2_n_0.  Did not re-place instance u_array/u_xrowgen/st_skew_r[1][2][2]_i_2
INFO: [Physopt 32-662] Processed net u_array/u_xrowgen/st_skew_r[1][2][2]_i_1_n_0.  Did not re-place instance u_array/u_xrowgen/st_skew_r[1][2][2]_i_1
INFO: [Physopt 32-662] Processed net u_array/u_xrowgen/st_skew_r[1][2][2]_i_3_n_0.  Did not re-place instance u_array/u_xrowgen/st_skew_r[1][2][2]_i_3
INFO: [Physopt 32-662] Processed net u_array/u_xrowgen/cg_part_pend_r1.  Did not re-place instance u_array/u_xrowgen/cg_part_pend_r_i_4
INFO: [Physopt 32-662] Processed net u_array/u_xrowgen/cg_part_pend_r_i_1_n_0.  Did not re-place instance u_array/u_xrowgen/cg_part_pend_r_i_1
INFO: [Physopt 32-662] Processed net u_array/u_xrowgen/cg_part_pend_r_i_2_n_0.  Did not re-place instance u_array/u_xrowgen/cg_part_pend_r_i_2
INFO: [Physopt 32-662] Processed net u_array/u_xrowgen/cg_part_pend_r_reg_n_0.  Did not re-place instance u_array/u_xrowgen/cg_part_pend_r_reg
INFO: [Physopt 32-662] Processed net u_array/u_xrowgen/p_0_out_i_5_n_0.  Did not re-place instance u_array/u_xrowgen/p_0_out_i_5
INFO: [Physopt 32-662] Processed net u_array/u_xrowgen/pp_r_reg_n_0_[1]_repN.  Did not re-place instance u_array/u_xrowgen/pp_r_reg[1]_replica
INFO: [Physopt 32-662] Processed net u_array/u_xrowgen/st_skew_r[1][1][2]_i_2_n_0.  Did not re-place instance u_array/u_xrowgen/st_skew_r[1][1][2]_i_2_rewire
INFO: [Physopt 32-662] Processed net u_array/u_xrowgen/st_skew_r_reg_n_0_[1][1][1].  Did not re-place instance u_array/u_xrowgen/st_skew_r_reg[1][1][1]
INFO: [Physopt 32-662] Processed net u_array/u_xrowgen/st_skew_r[1][1][1]_i_1_n_0.  Did not re-place instance u_array/u_xrowgen/st_skew_r[1][1][1]_i_1
INFO: [Physopt 32-662] Processed net u_array/u_xrowgen/st_skew_r_reg_n_0_[1][1][0].  Did not re-place instance u_array/u_xrowgen/st_skew_r_reg[1][1][0]
INFO: [Physopt 32-662] Processed net u_array/u_xrowgen/st_skew_r[1][1][0]_i_1_n_0.  Did not re-place instance u_array/u_xrowgen/st_skew_r[1][1][0]_i_1
INFO: [Physopt 32-662] Processed net u_array/u_xrowgen/iq_last_r[7][0]_i_75_n_0.  Did not re-place instance u_array/u_xrowgen/iq_last_r[7][0]_i_75
INFO: [Physopt 32-662] Processed net u_array/u_xrowgen/part_row0_w_i_22_n_0.  Did not re-place instance u_array/u_xrowgen/part_row0_w_i_22
INFO: [Physopt 32-662] Processed net u_array/u_xrowgen/iq_last_r[7][0]_i_154_n_0.  Did not re-place instance u_array/u_xrowgen/iq_last_r[7][0]_i_154
INFO: [Physopt 32-662] Processed net u_array/u_xrowgen/oy0_r__0[1].  Did not re-place instance u_array/u_xrowgen/oy0_r_reg[1]
INFO: [Physopt 32-662] Processed net u_array/u_xrowgen/iq_last_r[7][0]_i_76_n_0.  Did not re-place instance u_array/u_xrowgen/iq_last_r[7][0]_i_76
INFO: [Physopt 32-662] Processed net u_array/u_xrowgen/iq_last_r[7][0]_i_155_n_0.  Did not re-place instance u_array/u_xrowgen/iq_last_r[7][0]_i_155
INFO: [Physopt 32-662] Processed net u_array/u_xrowgen/iq_p_r[6][1]_i_1_n_0.  Did not re-place instance u_array/u_xrowgen/iq_p_r[6][1]_i_1
INFO: [Physopt 32-663] Processed net u_array/u_xrowgen/iq_p_r_reg[6]_49[0].  Re-placed instance u_array/u_xrowgen/iq_p_r_reg[6][0]
INFO: [Physopt 32-663] Processed net u_array/u_xrowgen/iq_p_r_reg[6]_49[1].  Re-placed instance u_array/u_xrowgen/iq_p_r_reg[6][1]
INFO: [Physopt 32-662] Processed net u_array/u_xrowgen/iq_p_r[2][1]_i_1_n_0.  Did not re-place instance u_array/u_xrowgen/iq_p_r[2][1]_i_1
INFO: [Physopt 32-662] Processed net u_array/u_xrowgen/iq_g_r_reg[2]_61.  Did not re-place instance u_array/u_xrowgen/iq_g_r_reg[2][0]
INFO: [Physopt 32-662] Processed net u_array/u_xrowgen/iq_p_r_reg[2]_53[0].  Did not re-place instance u_array/u_xrowgen/iq_p_r_reg[2][0]
INFO: [Physopt 32-662] Processed net u_array/u_xrowgen/iq_p_r_reg[2]_53[1].  Did not re-place instance u_array/u_xrowgen/iq_p_r_reg[2][1]
INFO: [Physopt 32-662] Processed net u_array/u_xrowgen/iq_last_r_reg[2]_69.  Did not re-place instance u_array/u_xrowgen/iq_last_r_reg[2][0]
INFO: [Physopt 32-662] Processed net u_array/u_xrowgen/st_skew_r_reg_n_0_[1][1][2].  Did not re-place instance u_array/u_xrowgen/st_skew_r_reg[1][1][2]
INFO: [Physopt 32-662] Processed net u_array/u_xrowgen/st_skew_r[1][1][2]_i_1_n_0.  Did not re-place instance u_array/u_xrowgen/st_skew_r[1][1][2]_i_1
INFO: [Physopt 32-662] Processed net u_array/u_xrowgen/iq_p_r[1][1]_i_1_n_0.  Did not re-place instance u_array/u_xrowgen/iq_p_r[1][1]_i_1
INFO: [Physopt 32-663] Processed net u_array/u_xrowgen/iq_g_r_reg[1]_62.  Re-placed instance u_array/u_xrowgen/iq_g_r_reg[1][0]
INFO: [Physopt 32-663] Processed net u_array/u_xrowgen/iq_p_r_reg[1]_54[0].  Re-placed instance u_array/u_xrowgen/iq_p_r_reg[1][0]
INFO: [Physopt 32-663] Processed net u_array/u_xrowgen/iq_p_r_reg[1]_54[1].  Re-placed instance u_array/u_xrowgen/iq_p_r_reg[1][1]
INFO: [Physopt 32-663] Processed net u_array/u_xrowgen/iq_last_r_reg[1]_70.  Re-placed instance u_array/u_xrowgen/iq_last_r_reg[1][0]
INFO: [Physopt 32-662] Processed net u_array/u_xrowgen/st_skew_r[1][3][2]_i_2_n_0.  Did not re-place instance u_array/u_xrowgen/st_skew_r[1][3][2]_i_2_rewire
INFO: [Physopt 32-662] Processed net u_array/u_xrowgen/st_skew_r_reg_n_0_[1][3][0].  Did not re-place instance u_array/u_xrowgen/st_skew_r_reg[1][3][0]
INFO: [Physopt 32-662] Processed net u_array/u_xrowgen/st_skew_r[1][3][0]_i_1_n_0.  Did not re-place instance u_array/u_xrowgen/st_skew_r[1][3][0]_i_1
INFO: [Physopt 32-662] Processed net u_array/u_xrowgen/st_skew_r_reg_n_0_[1][3][1].  Did not re-place instance u_array/u_xrowgen/st_skew_r_reg[1][3][1]
INFO: [Physopt 32-662] Processed net u_array/u_xrowgen/st_skew_r[1][3][1]_i_1_n_0.  Did not re-place instance u_array/u_xrowgen/st_skew_r[1][3][1]_i_1
INFO: [Physopt 32-662] Processed net u_array/u_xrowgen/st_skew_r_reg_n_0_[1][3][2].  Did not re-place instance u_array/u_xrowgen/st_skew_r_reg[1][3][2]
INFO: [Physopt 32-662] Processed net u_array/u_xrowgen/iq_last_r[7][0]_i_99_n_0.  Did not re-place instance u_array/u_xrowgen/iq_last_r[7][0]_i_99
INFO: [Physopt 32-662] Processed net u_array/u_xrowgen/st_skew_r[1][3][2]_i_1_n_0.  Did not re-place instance u_array/u_xrowgen/st_skew_r[1][3][2]_i_1
INFO: [Physopt 32-662] Processed net u_array/u_xrowgen/part_row0_w_i_19_n_0.  Did not re-place instance u_array/u_xrowgen/part_row0_w_i_19
INFO: [Physopt 32-662] Processed net u_array/u_xrowgen/pt_row0_r_reg[1]_92[29].  Did not re-place instance u_array/u_xrowgen/pt_row0_r_reg[1][29]
INFO: [Physopt 32-662] Processed net u_array/u_xrowgen/pt_row0_r_reg[1]_92[26].  Did not re-place instance u_array/u_xrowgen/pt_row0_r_reg[1][26]
INFO: [Physopt 32-662] Processed net u_array/u_xrowgen/pt_row0_r_reg[1]_92[8].  Did not re-place instance u_array/u_xrowgen/pt_row0_r_reg[1][8]
INFO: [Physopt 32-662] Processed net u_array/u_xrowgen/oy0_r__0[3].  Did not re-place instance u_array/u_xrowgen/oy0_r_reg[3]
INFO: [Physopt 32-662] Processed net u_array/u_xrowgen/part_row0_w_i_21_n_0.  Did not re-place instance u_array/u_xrowgen/part_row0_w_i_21
INFO: [Physopt 32-662] Processed net u_array/u_xrowgen/st_skew_r_reg_n_0_[1][2][1].  Did not re-place instance u_array/u_xrowgen/st_skew_r_reg[1][2][1]
INFO: [Physopt 32-662] Processed net u_array/u_xrowgen/st_skew_r[1][2][1]_i_1_n_0.  Did not re-place instance u_array/u_xrowgen/st_skew_r[1][2][1]_i_1
INFO: [Physopt 32-662] Processed net u_array/u_xrowgen/pt_row0_r_reg[2]_91[29].  Did not re-place instance u_array/u_xrowgen/pt_row0_r_reg[2][29]
INFO: [Physopt 32-662] Processed net u_array/u_xrowgen/cg_kh_r_reg_n_0_[6].  Did not re-place instance u_array/u_xrowgen/cg_kh_r_reg[6]
INFO: [Physopt 32-662] Processed net u_array/u_xrowgen/cg_kh_r_reg_n_0_[7].  Did not re-place instance u_array/u_xrowgen/cg_kh_r_reg[7]
INFO: [Physopt 32-662] Processed net u_array/u_xrowgen/pt_row0_r_reg[2]_91[12].  Did not re-place instance u_array/u_xrowgen/pt_row0_r_reg[2][12]
INFO: [Physopt 32-662] Processed net u_array/u_xrowgen/iq_last_r[7][0]_i_101_n_0.  Did not re-place instance u_array/u_xrowgen/iq_last_r[7][0]_i_101
INFO: [Physopt 32-662] Processed net u_array/u_xrowgen/pt_row0_r_reg[3]_90[26].  Did not re-place instance u_array/u_xrowgen/pt_row0_r_reg[3][26]
INFO: [Physopt 32-662] Processed net u_array/u_xrowgen/st_skew_r_reg[0][0]_8[2].  Did not re-place instance u_array/u_xrowgen/st_skew_r_reg[0][0][2]
INFO: [Physopt 32-662] Processed net u_array/u_xrowgen/st_skew_r[0][0][2]_i_2_n_0.  Did not re-place instance u_array/u_xrowgen/st_skew_r[0][0][2]_i_2
INFO: [Physopt 32-662] Processed net u_array/u_xrowgen/st_skew_r[0][0][2]_i_1_n_0.  Did not re-place instance u_array/u_xrowgen/st_skew_r[0][0][2]_i_1
INFO: [Physopt 32-662] Processed net u_array/u_xrowgen/st_skew_r[0][0][2]_i_3_n_0.  Did not re-place instance u_array/u_xrowgen/st_skew_r[0][0][2]_i_3
INFO: [Physopt 32-662] Processed net u_array/u_xrowgen/part_row0_w_i_18_n_0.  Did not re-place instance u_array/u_xrowgen/part_row0_w_i_18
INFO: [Physopt 32-662] Processed net u_array/u_xrowgen/pt_row0_r_reg[3]_90[4].  Did not re-place instance u_array/u_xrowgen/pt_row0_r_reg[3][4]
INFO: [Physopt 32-662] Processed net u_array/u_xrowgen/pt_row0_r_reg[2]_91[7].  Did not re-place instance u_array/u_xrowgen/pt_row0_r_reg[2][7]
INFO: [Physopt 32-662] Processed net u_array/u_xrowgen/iq_last_r[7][0]_i_179_n_0.  Did not re-place instance u_array/u_xrowgen/iq_last_r[7][0]_i_179
INFO: [Physopt 32-662] Processed net u_array/u_xrowgen/oy0_r__0[4].  Did not re-place instance u_array/u_xrowgen/oy0_r_reg[4]
INFO: [Physopt 32-662] Processed net u_array/u_xrowgen/st_skew_r_reg_n_0_[1][2][0].  Did not re-place instance u_array/u_xrowgen/st_skew_r_reg[1][2][0]
INFO: [Physopt 32-662] Processed net u_array/u_xrowgen/st_skew_r[1][2][0]_i_1_n_0.  Did not re-place instance u_array/u_xrowgen/st_skew_r[1][2][0]_i_1
INFO: [Physopt 32-662] Processed net u_array/u_xrowgen/oy0_r__0[2].  Did not re-place instance u_array/u_xrowgen/oy0_r_reg[2]
INFO: [Physopt 32-662] Processed net u_array/u_xrowgen/pt_row0_r_reg[0]_93[5].  Did not re-place instance u_array/u_xrowgen/pt_row0_r_reg[0][5]
INFO: [Physopt 32-662] Processed net u_array/u_xrowgen/pt_row0_r_reg[2]_91[0].  Did not re-place instance u_array/u_xrowgen/pt_row0_r_reg[2][0]
INFO: [Physopt 32-662] Processed net u_array/u_xrowgen/pt_row0_r_reg[2]_91[20].  Did not re-place instance u_array/u_xrowgen/pt_row0_r_reg[2][20]
INFO: [Physopt 32-663] Processed net u_array/u_xrowgen/pt_row0_r_reg[2]_91[3].  Re-placed instance u_array/u_xrowgen/pt_row0_r_reg[2][3]
INFO: [Physopt 32-662] Processed net u_array/u_xrowgen/iq_p_r[5][1]_i_1_n_0.  Did not re-place instance u_array/u_xrowgen/iq_p_r[5][1]_i_1
INFO: [Physopt 32-663] Processed net u_array/u_xrowgen/iq_g_r_reg[5]_58.  Re-placed instance u_array/u_xrowgen/iq_g_r_reg[5][0]
INFO: [Physopt 32-663] Processed net u_array/u_xrowgen/iq_p_r_reg[5]_50[0].  Re-placed instance u_array/u_xrowgen/iq_p_r_reg[5][0]
INFO: [Physopt 32-663] Processed net u_array/u_xrowgen/iq_p_r_reg[5]_50[1].  Re-placed instance u_array/u_xrowgen/iq_p_r_reg[5][1]
INFO: [Physopt 32-663] Processed net u_array/u_xrowgen/iq_last_r_reg[5]_66.  Re-placed instance u_array/u_xrowgen/iq_last_r_reg[5][0]
INFO: [Physopt 32-662] Processed net u_array/u_xrowgen/pt_row0_r_reg[2]_91[1].  Did not re-place instance u_array/u_xrowgen/pt_row0_r_reg[2][1]
INFO: [Physopt 32-662] Processed net u_array/u_xrowgen/pt_row0_r_reg[3]_90[6].  Did not re-place instance u_array/u_xrowgen/pt_row0_r_reg[3][6]
INFO: [Physopt 32-662] Processed net u_array/u_xrowgen/pt_row0_r_reg[2]_91[2].  Did not re-place instance u_array/u_xrowgen/pt_row0_r_reg[2][2]
INFO: [Physopt 32-662] Processed net u_array/u_xrowgen/iq_g_r_reg[6]_57.  Did not re-place instance u_array/u_xrowgen/iq_g_r_reg[6][0]
INFO: [Physopt 32-662] Processed net u_array/u_xrowgen/iq_last_r_reg[6]_65.  Did not re-place instance u_array/u_xrowgen/iq_last_r_reg[6][0]
INFO: [Physopt 32-662] Processed net u_array/u_xrowgen/pt_row0_r_reg[2]_91[21].  Did not re-place instance u_array/u_xrowgen/pt_row0_r_reg[2][21]
INFO: [Physopt 32-662] Processed net u_array/u_xrowgen/pt_row0_r_reg[3]_90[23].  Did not re-place instance u_array/u_xrowgen/pt_row0_r_reg[3][23]
INFO: [Physopt 32-662] Processed net u_array/u_xrowgen/part_row0_w_i_15_n_0.  Did not re-place instance u_array/u_xrowgen/part_row0_w_i_15
INFO: [Physopt 32-662] Processed net u_array/u_xrowgen/pt_row0_r_reg[1]_92[5].  Did not re-place instance u_array/u_xrowgen/pt_row0_r_reg[1][5]
INFO: [Physopt 32-662] Processed net u_array/u_xrowgen/pp_r_reg_n_0_[0]_repN.  Did not re-place instance u_array/u_xrowgen/pp_r_reg[0]_replica
INFO: [Physopt 32-662] Processed net u_array/u_xrowgen/iq_p_r[0][1]_i_1_n_0.  Did not re-place instance u_array/u_xrowgen/iq_p_r[0][1]_i_1
INFO: [Physopt 32-662] Processed net u_array/u_xrowgen/iq_g_r_reg[0]_63.  Did not re-place instance u_array/u_xrowgen/iq_g_r_reg[0][0]
INFO: [Physopt 32-662] Processed net u_array/u_xrowgen/iq_p_r_reg[0]_55[0].  Did not re-place instance u_array/u_xrowgen/iq_p_r_reg[0][0]
INFO: [Physopt 32-662] Processed net u_array/u_xrowgen/iq_p_r_reg[0]_55[1].  Did not re-place instance u_array/u_xrowgen/iq_p_r_reg[0][1]
INFO: [Physopt 32-662] Processed net u_array/u_xrowgen/pt_row0_r_reg[1]_92[7].  Did not re-place instance u_array/u_xrowgen/pt_row0_r_reg[1][7]
INFO: [Physopt 32-662] Processed net u_array/u_xrowgen/iq_last_r_reg[0]_71.  Did not re-place instance u_array/u_xrowgen/iq_last_r_reg[0][0]
INFO: [Physopt 32-662] Processed net u_array/u_xrowgen/pt_row0_r_reg[3]_90[2].  Did not re-place instance u_array/u_xrowgen/pt_row0_r_reg[3][2]
INFO: [Physopt 32-662] Processed net u_array/u_xrowgen/pt_row0_r_reg[1]_92[22].  Did not re-place instance u_array/u_xrowgen/pt_row0_r_reg[1][22]
INFO: [Physopt 32-662] Processed net u_array/u_xrowgen/pt_row0_r_reg[3]_90[10].  Did not re-place instance u_array/u_xrowgen/pt_row0_r_reg[3][10]
INFO: [Physopt 32-662] Processed net u_array/u_xrowgen/pt_row0_r_reg[3]_90[7].  Did not re-place instance u_array/u_xrowgen/pt_row0_r_reg[3][7]
INFO: [Physopt 32-662] Processed net u_array/u_xrowgen/pt_row0_r_reg[3]_90[30].  Did not re-place instance u_array/u_xrowgen/pt_row0_r_reg[3][30]
INFO: [Physopt 32-662] Processed net u_array/u_xrowgen/pt_row0_r_reg[3]_90[12].  Did not re-place instance u_array/u_xrowgen/pt_row0_r_reg[3][12]
INFO: [Physopt 32-662] Processed net u_array/u_xrowgen/part_row0_w_i_20_n_0.  Did not re-place instance u_array/u_xrowgen/part_row0_w_i_20
INFO: [Physopt 32-662] Processed net u_array/u_xrowgen/oy0_r__0[9].  Did not re-place instance u_array/u_xrowgen/oy0_r_reg[9]
INFO: [Physopt 32-662] Processed net u_array/u_xrowgen/part_row0_w_i_17_n_0.  Did not re-place instance u_array/u_xrowgen/part_row0_w_i_17
INFO: [Physopt 32-662] Processed net u_array/u_xrowgen/pt_row0_r_reg[1]_92[31].  Did not re-place instance u_array/u_xrowgen/pt_row0_r_reg[1][31]
INFO: [Physopt 32-662] Processed net u_array/u_xrowgen/pt_row0_r_reg[3]_90[24].  Did not re-place instance u_array/u_xrowgen/pt_row0_r_reg[3][24]
INFO: [Physopt 32-662] Processed net u_array/u_xrowgen/iq_p_r[7][1]_i_1_n_0.  Did not re-place instance u_array/u_xrowgen/iq_p_r[7][1]_i_1
INFO: [Physopt 32-662] Processed net u_array/u_xrowgen/iq_g_r_reg[7]_56.  Did not re-place instance u_array/u_xrowgen/iq_g_r_reg[7][0]
INFO: [Physopt 32-662] Processed net u_array/u_xrowgen/iq_p_r_reg[7]_48[0].  Did not re-place instance u_array/u_xrowgen/iq_p_r_reg[7][0]
INFO: [Physopt 32-662] Processed net u_array/u_xrowgen/iq_p_r_reg[7]_48[1].  Did not re-place instance u_array/u_xrowgen/iq_p_r_reg[7][1]
INFO: [Physopt 32-662] Processed net u_array/u_xrowgen/iq_last_r_reg[7]_64.  Did not re-place instance u_array/u_xrowgen/iq_last_r_reg[7][0]
INFO: [Physopt 32-662] Processed net u_array/u_xrowgen/pt_row0_r_reg[2]_91[31].  Did not re-place instance u_array/u_xrowgen/pt_row0_r_reg[2][31]
INFO: [Physopt 32-662] Processed net u_array/u_xrowgen/pt_row0_r_reg[0]_93[28].  Did not re-place instance u_array/u_xrowgen/pt_row0_r_reg[0][28]
INFO: [Physopt 32-662] Processed net u_array/u_xrowgen/cg_part_pend_r.  Did not re-place instance u_array/u_xrowgen/cg_part_pend_r_i_3
INFO: [Physopt 32-662] Processed net u_array/u_xrowgen/part_row0_w_i_14_n_0.  Did not re-place instance u_array/u_xrowgen/part_row0_w_i_14
INFO: [Physopt 32-662] Processed net u_array/u_xrowgen/cg_part_r_reg_n_0_[0].  Did not re-place instance u_array/u_xrowgen/cg_part_r_reg[0]
INFO: [Physopt 32-662] Processed net u_array/u_xrowgen/cg_part_r[1]_i_2_n_0.  Did not re-place instance u_array/u_xrowgen/cg_part_r[1]_i_2
INFO: [Physopt 32-662] Processed net u_array/u_xrowgen/cg_part_r[0]_i_1_n_0.  Did not re-place instance u_array/u_xrowgen/cg_part_r[0]_i_1
INFO: [Physopt 32-662] Processed net u_array/u_xrowgen/cg_part_r[1]_i_3_n_0.  Did not re-place instance u_array/u_xrowgen/cg_part_r[1]_i_3
INFO: [Physopt 32-662] Processed net u_array/u_xrowgen/st_skew_r[0][3][2]_i_2_n_0.  Did not re-place instance u_array/u_xrowgen/st_skew_r[0][3][2]_i_2_rewire
INFO: [Physopt 32-662] Processed net u_array/u_xrowgen/st_skew_r_reg[0][3]_5[1].  Did not re-place instance u_array/u_xrowgen/st_skew_r_reg[0][3][1]
INFO: [Physopt 32-662] Processed net u_array/u_xrowgen/st_skew_r[0][3][1]_i_1_n_0.  Did not re-place instance u_array/u_xrowgen/st_skew_r[0][3][1]_i_1
INFO: [Physopt 32-662] Processed net u_array/u_xrowgen/st_skew_r_reg[0][3]_5[2].  Did not re-place instance u_array/u_xrowgen/st_skew_r_reg[0][3][2]
INFO: [Physopt 32-662] Processed net u_array/u_xrowgen/st_skew_r[0][3][2]_i_1_n_0.  Did not re-place instance u_array/u_xrowgen/st_skew_r[0][3][2]_i_1
INFO: [Physopt 32-662] Processed net u_array/u_xrowgen/iq_last_r[7][0]_i_98_n_0.  Did not re-place instance u_array/u_xrowgen/iq_last_r[7][0]_i_98
INFO: [Physopt 32-662] Processed net u_array/u_xrowgen/pt_row0_r_reg[3]_90[20].  Did not re-place instance u_array/u_xrowgen/pt_row0_r_reg[3][20]
INFO: [Physopt 32-662] Processed net u_array/u_xrowgen/pt_row0_r_reg[1]_92[14].  Did not re-place instance u_array/u_xrowgen/pt_row0_r_reg[1][14]
INFO: [Physopt 32-662] Processed net u_array/u_xrowgen/pt_row0_r_reg[1]_92[25].  Did not re-place instance u_array/u_xrowgen/pt_row0_r_reg[1][25]
INFO: [Physopt 32-662] Processed net u_array/u_xrowgen/cg_part_r_reg_n_0_[1].  Did not re-place instance u_array/u_xrowgen/cg_part_r_reg[1]
INFO: [Physopt 32-662] Processed net u_array/u_xrowgen/cg_part_r[1]_i_1_n_0.  Did not re-place instance u_array/u_xrowgen/cg_part_r[1]_i_1
INFO: [Physopt 32-662] Processed net u_array/u_xrowgen/oy0_r__0[5].  Did not re-place instance u_array/u_xrowgen/oy0_r_reg[5]
INFO: [Physopt 32-662] Processed net u_array/u_xrowgen/pt_row0_r_reg[1]_92[10].  Did not re-place instance u_array/u_xrowgen/pt_row0_r_reg[1][10]
INFO: [Physopt 32-662] Processed net u_array/u_xrowgen/cg_adv_pend_r_i_2_n_0.  Did not re-place instance u_array/u_xrowgen/cg_adv_pend_r_i_2
INFO: [Physopt 32-662] Processed net u_array/u_xrowgen/pt_row0_r_reg[1]_92[9].  Did not re-place instance u_array/u_xrowgen/pt_row0_r_reg[1][9]
INFO: [Physopt 32-662] Processed net u_array/u_xrowgen/part_row0_w_i_11_n_0.  Did not re-place instance u_array/u_xrowgen/part_row0_w_i_11
INFO: [Physopt 32-662] Processed net u_array/u_xrowgen/pt_row0_r_reg[3]_90[21].  Did not re-place instance u_array/u_xrowgen/pt_row0_r_reg[3][21]
INFO: [Physopt 32-662] Processed net u_array/u_xrowgen/pt_row0_r_reg[3]_90[1].  Did not re-place instance u_array/u_xrowgen/pt_row0_r_reg[3][1]
INFO: [Physopt 32-662] Processed net u_array/u_xrowgen/st_skew_r_reg[0][2]_6[1].  Did not re-place instance u_array/u_xrowgen/st_skew_r_reg[0][2][1]
INFO: [Physopt 32-662] Processed net u_array/u_xrowgen/st_skew_r[0][2][2]_i_2_n_0.  Did not re-place instance u_array/u_xrowgen/st_skew_r[0][2][2]_i_2
INFO: [Physopt 32-662] Processed net u_array/u_xrowgen/st_skew_r[0][2][1]_i_1_n_0.  Did not re-place instance u_array/u_xrowgen/st_skew_r[0][2][1]_i_1
INFO: [Physopt 32-662] Processed net u_array/u_xrowgen/st_skew_r[0][2][2]_i_3_n_0.  Did not re-place instance u_array/u_xrowgen/st_skew_r[0][2][2]_i_3
INFO: [Physopt 32-662] Processed net u_array/u_xrowgen/oy0_r__0[8].  Did not re-place instance u_array/u_xrowgen/oy0_r_reg[8]
INFO: [Physopt 32-662] Processed net u_array/u_xrowgen/st_skew_r_reg[0][0]_8[0].  Did not re-place instance u_array/u_xrowgen/st_skew_r_reg[0][0][0]
INFO: [Physopt 32-662] Processed net u_array/u_xrowgen/pt_row0_r_reg[2]_91[10].  Did not re-place instance u_array/u_xrowgen/pt_row0_r_reg[2][10]
INFO: [Physopt 32-662] Processed net u_array/u_xrowgen/st_skew_r[0][0][0]_i_1_n_0.  Did not re-place instance u_array/u_xrowgen/st_skew_r[0][0][0]_i_1
INFO: [Physopt 32-662] Processed net u_array/u_xrowgen/st_skew_r_reg[0][2]_6[2].  Did not re-place instance u_array/u_xrowgen/st_skew_r_reg[0][2][2]
INFO: [Physopt 32-662] Processed net u_array/u_xrowgen/st_skew_r[0][2][2]_i_1_n_0.  Did not re-place instance u_array/u_xrowgen/st_skew_r[0][2][2]_i_1
INFO: [Physopt 32-662] Processed net u_array/u_xrowgen/part_row0_w_i_16_n_0.  Did not re-place instance u_array/u_xrowgen/part_row0_w_i_16
INFO: [Physopt 32-662] Processed net u_array/u_xrowgen/part_row0_w_i_13_n_0.  Did not re-place instance u_array/u_xrowgen/part_row0_w_i_13
INFO: [Physopt 32-662] Processed net u_array/u_xrowgen/pt_row0_r_reg[2]_91[14].  Did not re-place instance u_array/u_xrowgen/pt_row0_r_reg[2][14]
INFO: [Physopt 32-662] Processed net u_array/u_xrowgen/st_skew_r_reg[0][0]_8[1].  Did not re-place instance u_array/u_xrowgen/st_skew_r_reg[0][0][1]
INFO: [Physopt 32-662] Processed net u_array/u_xrowgen/st_skew_r[0][0][1]_i_1_n_0.  Did not re-place instance u_array/u_xrowgen/st_skew_r[0][0][1]_i_1
INFO: [Physopt 32-662] Processed net u_array/u_xrowgen/pt_row0_r_reg[0]_93[15].  Did not re-place instance u_array/u_xrowgen/pt_row0_r_reg[0][15]
INFO: [Physopt 32-662] Processed net u_array/u_xrowgen/pt_row0_r_reg[2]_91[8].  Did not re-place instance u_array/u_xrowgen/pt_row0_r_reg[2][8]
INFO: [Physopt 32-662] Processed net u_array/u_xrowgen/pt_row0_r_reg[3]_90[5].  Did not re-place instance u_array/u_xrowgen/pt_row0_r_reg[3][5]
INFO: [Physopt 32-662] Processed net u_array/u_xrowgen/part_row0_w_i_10_n_0.  Did not re-place instance u_array/u_xrowgen/part_row0_w_i_10
INFO: [Physopt 32-662] Processed net u_array/u_xrowgen/st_skew_r_reg[0][2]_6[0].  Did not re-place instance u_array/u_xrowgen/st_skew_r_reg[0][2][0]
INFO: [Physopt 32-662] Processed net u_array/u_xrowgen/st_skew_r[0][2][0]_i_1_n_0.  Did not re-place instance u_array/u_xrowgen/st_skew_r[0][2][0]_i_1
INFO: [Physopt 32-662] Processed net u_array/u_xrowgen/pt_row0_r_reg[1]_92[17].  Did not re-place instance u_array/u_xrowgen/pt_row0_r_reg[1][17]
INFO: [Physopt 32-662] Processed net u_array/u_xrowgen/oy0_r__0[10].  Did not re-place instance u_array/u_xrowgen/oy0_r_reg[10]
INFO: [Physopt 32-662] Processed net u_array/u_xrowgen/cg_kh_r_reg_n_0_[0].  Did not re-place instance u_array/u_xrowgen/cg_kh_r_reg[0]
INFO: [Physopt 32-662] Processed net u_array/u_xrowgen/cg_kh_r_reg_n_0_[1].  Did not re-place instance u_array/u_xrowgen/cg_kh_r_reg[1]
INFO: [Physopt 32-662] Processed net u_array/u_xrowgen/cg_kh_r_reg_n_0_[2].  Did not re-place instance u_array/u_xrowgen/cg_kh_r_reg[2]
INFO: [Physopt 32-662] Processed net u_array/u_xrowgen/cg_kh_r_reg_n_0_[4].  Did not re-place instance u_array/u_xrowgen/cg_kh_r_reg[4]
INFO: [Physopt 32-662] Processed net u_array/u_xrowgen/cg_kh_r_reg_n_0_[5].  Did not re-place instance u_array/u_xrowgen/cg_kh_r_reg[5]
INFO: [Physopt 32-662] Processed net u_array/u_xrowgen/cg_kh_r_reg_n_0_[3].  Did not re-place instance u_array/u_xrowgen/cg_kh_r_reg[3]
INFO: [Physopt 32-662] Processed net u_array/u_xrowgen/st_skew_r[0][1][2]_i_2_n_0.  Did not re-place instance u_array/u_xrowgen/st_skew_r[0][1][2]_i_2_rewire
INFO: [Physopt 32-662] Processed net u_array/u_xrowgen/st_skew_r_reg[0][1]_7[1].  Did not re-place instance u_array/u_xrowgen/st_skew_r_reg[0][1][1]
INFO: [Physopt 32-662] Processed net u_array/u_xrowgen/st_skew_r[0][1][1]_i_1_n_0.  Did not re-place instance u_array/u_xrowgen/st_skew_r[0][1][1]_i_1
INFO: [Physopt 32-662] Processed net u_array/u_xrowgen/st_skew_r_reg[0][3]_5[0].  Did not re-place instance u_array/u_xrowgen/st_skew_r_reg[0][3][0]
INFO: [Physopt 32-662] Processed net u_array/u_xrowgen/st_skew_r[0][3][0]_i_1_n_0.  Did not re-place instance u_array/u_xrowgen/st_skew_r[0][3][0]_i_1
INFO: [Physopt 32-662] Processed net u_array/u_xrowgen/st_skew_r_reg[0][1]_7[0].  Did not re-place instance u_array/u_xrowgen/st_skew_r_reg[0][1][0]
INFO: [Physopt 32-662] Processed net u_array/u_xrowgen/pt_row0_r_reg[0]_93[9].  Did not re-place instance u_array/u_xrowgen/pt_row0_r_reg[0][9]
INFO: [Physopt 32-662] Processed net u_array/u_xrowgen/st_skew_r[0][1][0]_i_1_n_0.  Did not re-place instance u_array/u_xrowgen/st_skew_r[0][1][0]_i_1
INFO: [Physopt 32-663] Processed net u_array/u_xrowgen/pt_row0_r_reg[3]_90[8].  Re-placed instance u_array/u_xrowgen/pt_row0_r_reg[3][8]
INFO: [Physopt 32-662] Processed net u_array/u_xrowgen/oy0_r__0[6].  Did not re-place instance u_array/u_xrowgen/oy0_r_reg[6]
INFO: [Physopt 32-663] Processed net u_array/u_xrowgen/pt_row0_r_reg[0]_93[3].  Re-placed instance u_array/u_xrowgen/pt_row0_r_reg[0][3]
INFO: [Physopt 32-662] Processed net u_array/u_xrowgen/pt_row0_r_reg[2]_91[13].  Did not re-place instance u_array/u_xrowgen/pt_row0_r_reg[2][13]
INFO: [Physopt 32-663] Processed net u_array/u_xrowgen/pt_row0_r_reg[2]_91[9].  Re-placed instance u_array/u_xrowgen/pt_row0_r_reg[2][9]
INFO: [Physopt 32-662] Processed net u_array/u_xrowgen/cg_ic_r[0]_i_1_n_0.  Did not re-place instance u_array/u_xrowgen/cg_ic_r[0]_i_1
INFO: [Physopt 32-661] Optimized 14 nets.  Re-placed 14 instances.
INFO: [Physopt 32-775] End 1 Pass. Optimized 14 nets or cells. Created 0 new cell, deleted 0 existing cell and moved 14 existing cells
INFO: [Physopt 32-619] Estimated Timing Summary | WNS=-9.178 | TNS=-22901.462 |
Netlist sorting complete. Time (s): cpu = 00:00:01 ; elapsed = 00:00:00.053 . Memory (MB): peak = 2668.844 ; gain = 0.000
Phase 15 Single Cell Placement Optimization | Checksum: 20e5d7ea4

Time (s): cpu = 00:02:10 ; elapsed = 00:01:33 . Memory (MB): peak = 2668.844 ; gain = 0.000

Phase 16 Multi Cell Placement Optimization
INFO: [Physopt 32-660] Identified 100 candidate nets for placement-based optimization.
INFO: [Physopt 32-662] Processed net u_array/u_xrowgen/cg_khiw_r[15]_i_2_n_0.  Did not re-place instance u_array/u_xrowgen/cg_khiw_r[15]_i_2/O
INFO: [Physopt 32-662] Processed net u_array/u_xrowgen/adv_now_w.  Did not re-place instance u_array/u_xrowgen/cg_cnt_r[0]_i_2/O
INFO: [Physopt 32-662] Processed net u_array/u_xrowgen/dma_cur_w.  Did not re-place instance u_array/u_xrowgen/cg_grp_cmd_r_i_2/O
INFO: [Physopt 32-662] Processed net u_array/u_xrowgen/cmd_valid_o.  Did not re-place instance u_array/u_xrowgen/cf_wp_r[1]_i_2/O
INFO: [Physopt 32-662] Processed net u_array/u_dma_x/iq_push_w.  Did not re-place instance u_array/u_dma_x/iq_cnt_r[3]_i_3/O
INFO: [Physopt 32-662] Processed net u_array/u_xrowgen/p_169_in.  Did not re-place instance u_array/u_xrowgen/cg_cnt_r[0]_i_3/O
INFO: [Physopt 32-662] Processed net u_array/u_xrowgen/dma2_w.  Did not re-place instance u_array/u_xrowgen/iq_last_r[7][0]_i_4/O
INFO: [Physopt 32-662] Processed net u_array/u_xrowgen/dma0_w.  Did not re-place instance u_array/u_xrowgen/iq_last_r[7][0]_i_2/O
INFO: [Physopt 32-662] Processed net u_array/u_xrowgen/dma3_w.  Did not re-place instance u_array/u_xrowgen/iq_last_r[7][0]_i_5/O
INFO: [Physopt 32-662] Processed net u_array/u_xrowgen/cg_khiw_r_reg_n_0_[1].  Did not re-place instance u_array/u_xrowgen/cg_khiw_r_reg[1]/Q
INFO: [Physopt 32-662] Processed net u_array/u_xrowgen/dma1_w.  Did not re-place instance u_array/u_xrowgen/iq_last_r[7][0]_i_3/O
INFO: [Physopt 32-662] Processed net u_array/u_xrowgen/cg_disp_w.  Did not re-place instance u_array/u_xrowgen/st_skew_r[1][0][2]_i_3/O
INFO: [Physopt 32-662] Processed net u_array/u_xrowgen/iq_p_r[7][1]_i_2_n_0.  Did not re-place instance u_array/u_xrowgen/iq_p_r[7][1]_i_2/O
INFO: [Physopt 32-662] Processed net u_array/u_xrowgen/iq_p_r[3][1]_i_1_n_0.  Did not re-place instance u_array/u_xrowgen/iq_p_r[3][1]_i_1/O
INFO: [Physopt 32-662] Processed net u_array/u_xrowgen/iq_g_r_reg[3]_60.  Did not re-place instance u_array/u_xrowgen/iq_g_r_reg[3][0]/Q
INFO: [Physopt 32-662] Processed net u_array/u_xrowgen/iq_last_r_reg[3]_68.  Did not re-place instance u_array/u_xrowgen/iq_last_r_reg[3][0]/Q
INFO: [Physopt 32-662] Processed net u_array/u_xrowgen/oy0_r__0[0].  Did not re-place instance u_array/u_xrowgen/oy0_r_reg[0]/Q
INFO: [Physopt 32-662] Processed net u_array/u_xrowgen/pt_row0_r_reg[1]_92[16].  Did not re-place instance u_array/u_xrowgen/pt_row0_r_reg[1][16]/Q
INFO: [Physopt 32-662] Processed net u_array/u_xrowgen/pt_row0_r_reg[0]_93[17].  Did not re-place instance u_array/u_xrowgen/pt_row0_r_reg[0][17]/Q
INFO: [Physopt 32-662] Processed net u_array/u_xrowgen/iq_p_r[4][1]_i_1_n_0.  Did not re-place instance u_array/u_xrowgen/iq_p_r[4][1]_i_1/O
INFO: [Physopt 32-662] Processed net u_array/u_xrowgen/iq_g_r_reg[4]_59.  Did not re-place instance u_array/u_xrowgen/iq_g_r_reg[4][0]/Q
INFO: [Physopt 32-662] Processed net u_array/u_xrowgen/iq_last_r_reg[4]_67.  Did not re-place instance u_array/u_xrowgen/iq_last_r_reg[4][0]/Q
INFO: [Physopt 32-662] Processed net u_array/u_xrowgen/pt_row0_r_reg[1]_92[30].  Did not re-place instance u_array/u_xrowgen/pt_row0_r_reg[1][30]/Q
INFO: [Physopt 32-662] Processed net u_array/u_xrowgen/st_skew_r[1][2][2]_i_2_n_0.  Did not re-place instance u_array/u_xrowgen/st_skew_r[1][2][2]_i_2/O
INFO: [Physopt 32-662] Processed net u_array/u_xrowgen/st_skew_r[1][2][2]_i_1_n_0.  Did not re-place instance u_array/u_xrowgen/st_skew_r[1][2][2]_i_1/O
INFO: [Physopt 32-662] Processed net u_array/u_xrowgen/st_skew_r[1][2][2]_i_3_n_0.  Did not re-place instance u_array/u_xrowgen/st_skew_r[1][2][2]_i_3/O
INFO: [Physopt 32-662] Processed net u_array/u_xrowgen/cg_part_pend_r1.  Did not re-place instance u_array/u_xrowgen/cg_part_pend_r_i_4/O
INFO: [Physopt 32-662] Processed net u_array/u_xrowgen/cg_part_pend_r_i_1_n_0.  Did not re-place instance u_array/u_xrowgen/cg_part_pend_r_i_1/O
INFO: [Physopt 32-662] Processed net u_array/u_xrowgen/cg_part_pend_r_i_2_n_0.  Did not re-place instance u_array/u_xrowgen/cg_part_pend_r_i_2/O
INFO: [Physopt 32-662] Processed net u_array/u_xrowgen/pp_r_reg_n_0_[1]_repN.  Did not re-place instance u_array/u_xrowgen/pp_r_reg[1]_replica/Q
INFO: [Physopt 32-662] Processed net u_array/u_xrowgen/st_skew_r[1][1][2]_i_2_n_0.  Did not re-place instance u_array/u_xrowgen/st_skew_r[1][1][2]_i_2_rewire/O
INFO: [Physopt 32-662] Processed net u_array/u_xrowgen/st_skew_r[1][1][1]_i_1_n_0.  Did not re-place instance u_array/u_xrowgen/st_skew_r[1][1][1]_i_1/O
INFO: [Physopt 32-662] Processed net u_array/u_xrowgen/st_skew_r[1][1][0]_i_1_n_0.  Did not re-place instance u_array/u_xrowgen/st_skew_r[1][1][0]_i_1/O
INFO: [Physopt 32-662] Processed net u_array/u_xrowgen/oy0_r__0[1].  Did not re-place instance u_array/u_xrowgen/oy0_r_reg[1]/Q
INFO: [Physopt 32-662] Processed net u_array/u_xrowgen/iq_p_r[2][1]_i_1_n_0.  Did not re-place instance u_array/u_xrowgen/iq_p_r[2][1]_i_1/O
INFO: [Physopt 32-662] Processed net u_array/u_xrowgen/iq_g_r_reg[2]_61.  Did not re-place instance u_array/u_xrowgen/iq_g_r_reg[2][0]/Q
INFO: [Physopt 32-662] Processed net u_array/u_xrowgen/iq_last_r_reg[2]_69.  Did not re-place instance u_array/u_xrowgen/iq_last_r_reg[2][0]/Q
INFO: [Physopt 32-662] Processed net u_array/u_xrowgen/st_skew_r[1][1][2]_i_1_n_0.  Did not re-place instance u_array/u_xrowgen/st_skew_r[1][1][2]_i_1/O
INFO: [Physopt 32-662] Processed net u_array/u_xrowgen/st_skew_r[1][3][2]_i_2_n_0.  Did not re-place instance u_array/u_xrowgen/st_skew_r[1][3][2]_i_2_rewire/O
INFO: [Physopt 32-661] Optimized 0 net.  Re-placed 0 instance.
INFO: [Physopt 32-775] End 1 Pass. Optimized 0 net or cell. Created 0 new cell, deleted 0 existing cell and moved 0 existing cell
Netlist sorting complete. Time (s): cpu = 00:00:00 ; elapsed = 00:00:00.053 . Memory (MB): peak = 2668.844 ; gain = 0.000
Phase 16 Multi Cell Placement Optimization | Checksum: 1d917ebec

Time (s): cpu = 00:02:28 ; elapsed = 00:01:46 . Memory (MB): peak = 2668.844 ; gain = 0.000

Phase 17 Rewire
INFO: [Physopt 32-246] Starting Signal Push optimization...
INFO: [Physopt 32-241] No nets found for rewiring () optimization.
INFO: [Physopt 32-232] Optimized 0 net. Created 0 new instance.
INFO: [Physopt 32-775] End 1 Pass. Optimized 0 net or cell. Created 0 new cell, deleted 0 existing cell and moved 0 existing cell
Netlist sorting complete. Time (s): cpu = 00:00:00 ; elapsed = 00:00:00.053 . Memory (MB): peak = 2668.844 ; gain = 0.000
Phase 17 Rewire | Checksum: 1d917ebec

Time (s): cpu = 00:02:28 ; elapsed = 00:01:47 . Memory (MB): peak = 2668.844 ; gain = 0.000

Phase 18 Critical Cell Optimization
INFO: [Physopt 32-46] Identified 5 candidate nets for critical-cell optimization.
INFO: [Physopt 32-572] Net u_array/u_xrowgen/iq_p_r[6][1]_i_1_n_0 was not replicated.
Resolution: phys_opt_design can be forced to replicate a net driver using the option -force_replication_on_nets <list of net objects>.
INFO: [Physopt 32-572] Net u_array/u_xrowgen/iq_p_r[1][1]_i_1_n_0 was not replicated.
Resolution: phys_opt_design can be forced to replicate a net driver using the option -force_replication_on_nets <list of net objects>.
INFO: [Physopt 32-232] Optimized 0 net. Created 0 new instance.
INFO: [Physopt 32-775] End 1 Pass. Optimized 0 net or cell. Created 0 new cell, deleted 0 existing cell and moved 0 existing cell
Netlist sorting complete. Time (s): cpu = 00:00:00 ; elapsed = 00:00:00.054 . Memory (MB): peak = 2668.844 ; gain = 0.000
Phase 18 Critical Cell Optimization | Checksum: 2789f3203

Time (s): cpu = 00:02:29 ; elapsed = 00:01:48 . Memory (MB): peak = 2668.844 ; gain = 0.000

Phase 19 DSP Register Optimization
INFO: [Physopt 32-456] No candidate cells for DSP register optimization found in the design.
INFO: [Physopt 32-775] End 1 Pass. Optimized 0 net or cell. Created 0 new cell, deleted 0 existing cell and moved 0 existing cell
Phase 19 DSP Register Optimization | Checksum: 2789f3203

Time (s): cpu = 00:02:29 ; elapsed = 00:01:48 . Memory (MB): peak = 2668.844 ; gain = 0.000

Phase 20 BRAM Register Optimization
INFO: [Physopt 32-526] No candidate cells for BRAM register optimization found in the design
INFO: [Physopt 32-775] End 1 Pass. Optimized 0 net or cell. Created 0 new cell, deleted 0 existing cell and moved 0 existing cell
Phase 20 BRAM Register Optimization | Checksum: 2789f3203

Time (s): cpu = 00:02:29 ; elapsed = 00:01:48 . Memory (MB): peak = 2668.844 ; gain = 0.000

Phase 21 URAM Register Optimization
INFO: [Physopt 32-846] No candidate cells for URAM register optimization found in the design
INFO: [Physopt 32-775] End 1 Pass. Optimized 0 net or cell. Created 0 new cell, deleted 0 existing cell and moved 0 existing cell
INFO: [Physopt 32-846] No candidate cells for URAM register optimization found in the design
INFO: [Physopt 32-775] End 1 Pass. Optimized 0 net or cell. Created 0 new cell, deleted 0 existing cell and moved 0 existing cell
Phase 21 URAM Register Optimization | Checksum: 2789f3203

Time (s): cpu = 00:02:29 ; elapsed = 00:01:48 . Memory (MB): peak = 2668.844 ; gain = 0.000

Phase 22 Shift Register Optimization
INFO: [Physopt 32-1401] No candidate cells found for Shift Register optimization.
INFO: [Physopt 32-677] No candidate cells for Shift Register optimization found in the design
INFO: [Physopt 32-775] End 1 Pass. Optimized 0 net or cell. Created 0 new cell, deleted 0 existing cell and moved 0 existing cell
Phase 22 Shift Register Optimization | Checksum: 2789f3203

Time (s): cpu = 00:02:29 ; elapsed = 00:01:48 . Memory (MB): peak = 2668.844 ; gain = 0.000

Phase 23 DSP Register Optimization
INFO: [Physopt 32-456] No candidate cells for DSP register optimization found in the design.
INFO: [Physopt 32-775] End 1 Pass. Optimized 0 net or cell. Created 0 new cell, deleted 0 existing cell and moved 0 existing cell
Phase 23 DSP Register Optimization | Checksum: 2789f3203

Time (s): cpu = 00:02:29 ; elapsed = 00:01:48 . Memory (MB): peak = 2668.844 ; gain = 0.000

Phase 24 BRAM Register Optimization
INFO: [Physopt 32-526] No candidate cells for BRAM register optimization found in the design
INFO: [Physopt 32-775] End 1 Pass. Optimized 0 net or cell. Created 0 new cell, deleted 0 existing cell and moved 0 existing cell
Phase 24 BRAM Register Optimization | Checksum: 2789f3203

Time (s): cpu = 00:02:29 ; elapsed = 00:01:48 . Memory (MB): peak = 2668.844 ; gain = 0.000

Phase 25 URAM Register Optimization
INFO: [Physopt 32-846] No candidate cells for URAM register optimization found in the design
INFO: [Physopt 32-775] End 1 Pass. Optimized 0 net or cell. Created 0 new cell, deleted 0 existing cell and moved 0 existing cell
INFO: [Physopt 32-846] No candidate cells for URAM register optimization found in the design
INFO: [Physopt 32-775] End 1 Pass. Optimized 0 net or cell. Created 0 new cell, deleted 0 existing cell and moved 0 existing cell
Phase 25 URAM Register Optimization | Checksum: 2789f3203

Time (s): cpu = 00:02:29 ; elapsed = 00:01:48 . Memory (MB): peak = 2668.844 ; gain = 0.000

Phase 26 Shift Register Optimization
INFO: [Physopt 32-1401] No candidate cells found for Shift Register optimization.
INFO: [Physopt 32-677] No candidate cells for Shift Register optimization found in the design
INFO: [Physopt 32-775] End 1 Pass. Optimized 0 net or cell. Created 0 new cell, deleted 0 existing cell and moved 0 existing cell
Phase 26 Shift Register Optimization | Checksum: 2789f3203

Time (s): cpu = 00:02:29 ; elapsed = 00:01:48 . Memory (MB): peak = 2668.844 ; gain = 0.000

Phase 27 Critical Pin Optimization
INFO: [Physopt 32-606] Identified 45 candidate nets for critical-pin optimization.
INFO: [Physopt 32-608] Optimized 6 nets.  Swapped 138 pins.
INFO: [Physopt 32-775] End 1 Pass. Optimized 6 nets or cells. Created 0 new cell, deleted 0 existing cell and moved 138 existing cells
INFO: [Physopt 32-619] Estimated Timing Summary | WNS=-8.948 | TNS=-22820.921 |
Netlist sorting complete. Time (s): cpu = 00:00:00 ; elapsed = 00:00:00.053 . Memory (MB): peak = 2668.844 ; gain = 0.000
Phase 27 Critical Pin Optimization | Checksum: 2789f3203

Time (s): cpu = 00:02:30 ; elapsed = 00:01:48 . Memory (MB): peak = 2668.844 ; gain = 0.000

Phase 28 Very High Fanout Optimization
INFO: [Physopt 32-1132] Very high fanout net 'u_array/sh_wr_r' is not considered as a candidate in VHFN optimization. The fanout considered for this optimization is changed from 338 to 67 due to a timing constraint or macro primitives that prevent optimization on all of the loads. To force replication, set the FORCE_MAX_FANOUT property on the net to a number less than 67.
INFO: [Physopt 32-1132] Very high fanout net 'u_array/sh_wr_r_reg_rep_n_0' is not considered as a candidate in VHFN optimization. The fanout considered for this optimization is changed from 512 to 65 due to a timing constraint or macro primitives that prevent optimization on all of the loads. To force replication, set the FORCE_MAX_FANOUT property on the net to a number less than 65.
INFO: [Physopt 32-1132] Very high fanout net 'u_array/sh_wr_r_reg_rep__0_n_0' is not considered as a candidate in VHFN optimization. The fanout considered for this optimization is changed from 512 to 65 due to a timing constraint or macro primitives that prevent optimization on all of the loads. To force replication, set the FORCE_MAX_FANOUT property on the net to a number less than 65.
INFO: [Physopt 32-1132] Very high fanout net 'u_array/sh_wr_r_reg_rep__1_n_0' is not considered as a candidate in VHFN optimization. The fanout considered for this optimization is changed from 512 to 65 due to a timing constraint or macro primitives that prevent optimization on all of the loads. To force replication, set the FORCE_MAX_FANOUT property on the net to a number less than 65.
INFO: [Physopt 32-1132] Very high fanout net 'u_array/sh_wr_r_reg_rep__10_n_0' is not considered as a candidate in VHFN optimization. The fanout considered for this optimization is changed from 512 to 65 due to a timing constraint or macro primitives that prevent optimization on all of the loads. To force replication, set the FORCE_MAX_FANOUT property on the net to a number less than 65.
INFO: [Physopt 32-1132] Very high fanout net 'u_array/sh_wr_r_reg_rep__11_n_0' is not considered as a candidate in VHFN optimization. The fanout considered for this optimization is changed from 512 to 65 due to a timing constraint or macro primitives that prevent optimization on all of the loads. To force replication, set the FORCE_MAX_FANOUT property on the net to a number less than 65.
INFO: [Physopt 32-1132] Very high fanout net 'u_array/sh_wr_r_reg_rep__12_n_0' is not considered as a candidate in VHFN optimization. The fanout considered for this optimization is changed from 512 to 65 due to a timing constraint or macro primitives that prevent optimization on all of the loads. To force replication, set the FORCE_MAX_FANOUT property on the net to a number less than 65.
INFO: [Physopt 32-1132] Very high fanout net 'u_array/sh_wr_r_reg_rep__13_n_0' is not considered as a candidate in VHFN optimization. The fanout considered for this optimization is changed from 512 to 65 due to a timing constraint or macro primitives that prevent optimization on all of the loads. To force replication, set the FORCE_MAX_FANOUT property on the net to a number less than 65.
INFO: [Physopt 32-1132] Very high fanout net 'u_array/sh_wr_r_reg_rep__14_n_0' is not considered as a candidate in VHFN optimization. The fanout considered for this optimization is changed from 512 to 65 due to a timing constraint or macro primitives that prevent optimization on all of the loads. To force replication, set the FORCE_MAX_FANOUT property on the net to a number less than 65.
INFO: [Physopt 32-1132] Very high fanout net 'u_array/sh_wr_r_reg_rep__15_n_0' is not considered as a candidate in VHFN optimization. The fanout considered for this optimization is changed from 512 to 65 due to a timing constraint or macro primitives that prevent optimization on all of the loads. To force replication, set the FORCE_MAX_FANOUT property on the net to a number less than 65.
INFO: [Physopt 32-1132] Very high fanout net 'u_array/sh_wr_r_reg_rep__16_n_0' is not considered as a candidate in VHFN optimization. The fanout considered for this optimization is changed from 512 to 65 due to a timing constraint or macro primitives that prevent optimization on all of the loads. To force replication, set the FORCE_MAX_FANOUT property on the net to a number less than 65.
INFO: [Physopt 32-1132] Very high fanout net 'u_array/sh_wr_r_reg_rep__17_n_0' is not considered as a candidate in VHFN optimization. The fanout considered for this optimization is changed from 512 to 65 due to a timing constraint or macro primitives that prevent optimization on all of the loads. To force replication, set the FORCE_MAX_FANOUT property on the net to a number less than 65.
INFO: [Physopt 32-1132] Very high fanout net 'u_array/sh_wr_r_reg_rep__18_n_0' is not considered as a candidate in VHFN optimization. The fanout considered for this optimization is changed from 512 to 65 due to a timing constraint or macro primitives that prevent optimization on all of the loads. To force replication, set the FORCE_MAX_FANOUT property on the net to a number less than 65.
INFO: [Physopt 32-1132] Very high fanout net 'u_array/sh_wr_r_reg_rep__19_n_0' is not considered as a candidate in VHFN optimization. The fanout considered for this optimization is changed from 512 to 65 due to a timing constraint or macro primitives that prevent optimization on all of the loads. To force replication, set the FORCE_MAX_FANOUT property on the net to a number less than 65.
INFO: [Physopt 32-1132] Very high fanout net 'u_array/sh_wr_r_reg_rep__2_n_0' is not considered as a candidate in VHFN optimization. The fanout considered for this optimization is changed from 512 to 65 due to a timing constraint or macro primitives that prevent optimization on all of the loads. To force replication, set the FORCE_MAX_FANOUT property on the net to a number less than 65.
INFO: [Physopt 32-1132] Very high fanout net 'u_array/sh_wr_r_reg_rep__20_n_0' is not considered as a candidate in VHFN optimization. The fanout considered for this optimization is changed from 512 to 65 due to a timing constraint or macro primitives that prevent optimization on all of the loads. To force replication, set the FORCE_MAX_FANOUT property on the net to a number less than 65.
INFO: [Physopt 32-1132] Very high fanout net 'u_array/sh_wr_r_reg_rep__21_n_0' is not considered as a candidate in VHFN optimization. The fanout considered for this optimization is changed from 512 to 65 due to a timing constraint or macro primitives that prevent optimization on all of the loads. To force replication, set the FORCE_MAX_FANOUT property on the net to a number less than 65.
INFO: [Physopt 32-1132] Very high fanout net 'u_array/sh_wr_r_reg_rep__22_n_0' is not considered as a candidate in VHFN optimization. The fanout considered for this optimization is changed from 512 to 65 due to a timing constraint or macro primitives that prevent optimization on all of the loads. To force replication, set the FORCE_MAX_FANOUT property on the net to a number less than 65.
INFO: [Physopt 32-1132] Very high fanout net 'u_array/sh_wr_r_reg_rep__3_n_0' is not considered as a candidate in VHFN optimization. The fanout considered for this optimization is changed from 512 to 65 due to a timing constraint or macro primitives that prevent optimization on all of the loads. To force replication, set the FORCE_MAX_FANOUT property on the net to a number less than 65.
INFO: [Physopt 32-1132] Very high fanout net 'u_array/sh_wr_r_reg_rep__4_n_0' is not considered as a candidate in VHFN optimization. The fanout considered for this optimization is changed from 512 to 65 due to a timing constraint or macro primitives that prevent optimization on all of the loads. To force replication, set the FORCE_MAX_FANOUT property on the net to a number less than 65.
INFO: [Physopt 32-1132] Very high fanout net 'u_array/sh_wr_r_reg_rep__5_n_0' is not considered as a candidate in VHFN optimization. The fanout considered for this optimization is changed from 512 to 65 due to a timing constraint or macro primitives that prevent optimization on all of the loads. To force replication, set the FORCE_MAX_FANOUT property on the net to a number less than 65.
INFO: [Physopt 32-1132] Very high fanout net 'u_array/sh_wr_r_reg_rep__6_n_0' is not considered as a candidate in VHFN optimization. The fanout considered for this optimization is changed from 512 to 65 due to a timing constraint or macro primitives that prevent optimization on all of the loads. To force replication, set the FORCE_MAX_FANOUT property on the net to a number less than 65.
INFO: [Physopt 32-1132] Very high fanout net 'u_array/sh_wr_r_reg_rep__7_n_0' is not considered as a candidate in VHFN optimization. The fanout considered for this optimization is changed from 512 to 65 due to a timing constraint or macro primitives that prevent optimization on all of the loads. To force replication, set the FORCE_MAX_FANOUT property on the net to a number less than 65.
INFO: [Physopt 32-1132] Very high fanout net 'u_array/sh_wr_r_reg_rep__8_n_0' is not considered as a candidate in VHFN optimization. The fanout considered for this optimization is changed from 512 to 65 due to a timing constraint or macro primitives that prevent optimization on all of the loads. To force replication, set the FORCE_MAX_FANOUT property on the net to a number less than 65.
INFO: [Physopt 32-1132] Very high fanout net 'u_array/sh_wr_r_reg_rep__9_n_0' is not considered as a candidate in VHFN optimization. The fanout considered for this optimization is changed from 512 to 65 due to a timing constraint or macro primitives that prevent optimization on all of the loads. To force replication, set the FORCE_MAX_FANOUT property on the net to a number less than 65.
INFO: [Physopt 32-1132] Very high fanout net 'u_array/u_ctrl/ctrl_snap' is not considered as a candidate in VHFN optimization. The fanout considered for this optimization is changed from 1339 to 171 due to a timing constraint or macro primitives that prevent optimization on all of the loads. To force replication, set the FORCE_MAX_FANOUT property on the net to a number less than 171.
INFO: [Physopt 32-1132] Very high fanout net 'u_array/u_ctrl/ctrl_snap_repN' is not considered as a candidate in VHFN optimization. The fanout considered for this optimization is changed from 1262 to 164 due to a timing constraint or macro primitives that prevent optimization on all of the loads. To force replication, set the FORCE_MAX_FANOUT property on the net to a number less than 164.
INFO: [Physopt 32-1132] Very high fanout net 'u_array/u_ctrl/ctrl_snap_repN_1' is not considered as a candidate in VHFN optimization. The fanout considered for this optimization is changed from 1279 to 167 due to a timing constraint or macro primitives that prevent optimization on all of the loads. To force replication, set the FORCE_MAX_FANOUT property on the net to a number less than 167.
INFO: [Physopt 32-1132] Very high fanout net 'u_array/u_ctrl/ctrl_snap_repN_2' is not considered as a candidate in VHFN optimization. The fanout considered for this optimization is changed from 1181 to 153 due to a timing constraint or macro primitives that prevent optimization on all of the loads. To force replication, set the FORCE_MAX_FANOUT property on the net to a number less than 153.
INFO: [Physopt 32-1132] Very high fanout net 'u_array/u_ctrl/ctrl_snap_repN_3' is not considered as a candidate in VHFN optimization. The fanout considered for this optimization is changed from 1811 to 230 due to a timing constraint or macro primitives that prevent optimization on all of the loads. To force replication, set the FORCE_MAX_FANOUT property on the net to a number less than 230.
INFO: [Physopt 32-1132] Very high fanout net 'u_array/u_ctrl/ctrl_snap_repN_4' is not considered as a candidate in VHFN optimization. The fanout considered for this optimization is changed from 1226 to 156 due to a timing constraint or macro primitives that prevent optimization on all of the loads. To force replication, set the FORCE_MAX_FANOUT property on the net to a number less than 156.
INFO: [Physopt 32-1132] Very high fanout net 'u_array/u_ctrl/ctrl_snap_repN_5' is not considered as a candidate in VHFN optimization. The fanout considered for this optimization is changed from 1427 to 181 due to a timing constraint or macro primitives that prevent optimization on all of the loads. To force replication, set the FORCE_MAX_FANOUT property on the net to a number less than 181.
INFO: [Physopt 32-1132] Very high fanout net 'u_array/u_ctrl/ctrl_snap_repN_6' is not considered as a candidate in VHFN optimization. The fanout considered for this optimization is changed from 1616 to 203 due to a timing constraint or macro primitives that prevent optimization on all of the loads. To force replication, set the FORCE_MAX_FANOUT property on the net to a number less than 203.
INFO: [Physopt 32-1132] Very high fanout net 'u_array/u_ctrl/ctrl_snap_repN_7' is not considered as a candidate in VHFN optimization. The fanout considered for this optimization is changed from 1486 to 190 due to a timing constraint or macro primitives that prevent optimization on all of the loads. To force replication, set the FORCE_MAX_FANOUT property on the net to a number less than 190.
INFO: [Physopt 32-1408] Pass 1. Identified 79 candidate nets for high-fanout optimization.
INFO: [Physopt 32-232] Optimized 0 net. Created 0 new instance.
INFO: [Physopt 32-775] End 1 Pass. Optimized 0 net or cell. Created 0 new cell, deleted 0 existing cell and moved 0 existing cell
Phase 28 Very High Fanout Optimization | Checksum: 2789f3203

Time (s): cpu = 00:02:30 ; elapsed = 00:01:49 . Memory (MB): peak = 2668.844 ; gain = 0.000

Phase 29 Single Cell Placement Optimization
INFO: [Physopt 32-660] Identified 250 candidate nets for placement-based optimization.
INFO: [Physopt 32-662] Processed net u_array/u_xrowgen/cg_khiw_r[15]_i_2_n_0.  Did not re-place instance u_array/u_xrowgen/cg_khiw_r[15]_i_2
INFO: [Physopt 32-662] Processed net u_array/u_xrowgen/cg_khiw_r[15]_i_1_n_0.  Did not re-place instance u_array/u_xrowgen/cg_khiw_r[15]_i_1
INFO: [Physopt 32-662] Processed net u_array/u_xrowgen/adv_now_w.  Did not re-place instance u_array/u_xrowgen/cg_cnt_r[0]_i_2
INFO: [Physopt 32-662] Processed net u_array/u_xrowgen/dma_cur_w.  Did not re-place instance u_array/u_xrowgen/cg_grp_cmd_r_i_2
INFO: [Physopt 32-662] Processed net u_array/u_xrowgen/cmd_valid_o.  Did not re-place instance u_array/u_xrowgen/cf_wp_r[1]_i_2
INFO: [Physopt 32-662] Processed net u_array/u_dma_x/iq_push_w.  Did not re-place instance u_array/u_dma_x/iq_cnt_r[3]_i_3
INFO: [Physopt 32-662] Processed net u_array/u_xrowgen/p_169_in.  Did not re-place instance u_array/u_xrowgen/cg_cnt_r[0]_i_3
INFO: [Physopt 32-662] Processed net u_array/u_xrowgen/dma2_w.  Did not re-place instance u_array/u_xrowgen/iq_last_r[7][0]_i_4
INFO: [Physopt 32-662] Processed net u_array/u_xrowgen/iq_last_r[7][0]_i_203_n_0.  Did not re-place instance u_array/u_xrowgen/iq_last_r[7][0]_i_203
INFO: [Physopt 32-662] Processed net u_array/u_xrowgen/cg_khiw_r_reg_n_0_[6].  Did not re-place instance u_array/u_xrowgen/cg_khiw_r_reg[6]
INFO: [Physopt 32-662] Processed net u_array/u_xrowgen/cg_khiw_r_reg_n_0_[7].  Did not re-place instance u_array/u_xrowgen/cg_khiw_r_reg[7]
INFO: [Physopt 32-662] Processed net u_array/u_xrowgen/dma3_w.  Did not re-place instance u_array/u_xrowgen/iq_last_r[7][0]_i_5
INFO: [Physopt 32-662] Processed net u_array/u_xrowgen/iq_last_r[7][0]_i_217_n_0.  Did not re-place instance u_array/u_xrowgen/iq_last_r[7][0]_i_217
INFO: [Physopt 32-662] Processed net u_array/u_xrowgen/cg_khiw_r_reg_n_0_[15].  Did not re-place instance u_array/u_xrowgen/cg_khiw_r_reg[15]
INFO: [Physopt 32-662] Processed net u_array/u_xrowgen/cg_khiw_r_reg_n_0_[10].  Did not re-place instance u_array/u_xrowgen/cg_khiw_r_reg[10]
INFO: [Physopt 32-662] Processed net u_array/u_xrowgen/cg_khiw_r_reg_n_0_[11].  Did not re-place instance u_array/u_xrowgen/cg_khiw_r_reg[11]
INFO: [Physopt 32-662] Processed net u_array/u_xrowgen/dma0_w.  Did not re-place instance u_array/u_xrowgen/iq_last_r[7][0]_i_2
INFO: [Physopt 32-662] Processed net u_array/u_xrowgen/iq_last_r[7][0]_i_169_n_0.  Did not re-place instance u_array/u_xrowgen/iq_last_r[7][0]_i_169
INFO: [Physopt 32-662] Processed net u_array/u_xrowgen/cg_khiw_r_reg_n_0_[13].  Did not re-place instance u_array/u_xrowgen/cg_khiw_r_reg[13]
INFO: [Physopt 32-662] Processed net u_array/u_xrowgen/cg_khiw_r_reg_n_0_[14].  Did not re-place instance u_array/u_xrowgen/cg_khiw_r_reg[14]
INFO: [Physopt 32-662] Processed net u_array/u_xrowgen/cg_khiw_r_reg_n_0_[12].  Did not re-place instance u_array/u_xrowgen/cg_khiw_r_reg[12]
INFO: [Physopt 32-662] Processed net u_array/u_xrowgen/cg_khiw_r_reg_n_0_[4].  Did not re-place instance u_array/u_xrowgen/cg_khiw_r_reg[4]
INFO: [Physopt 32-662] Processed net u_array/u_xrowgen/cg_khiw_r_reg_n_0_[5].  Did not re-place instance u_array/u_xrowgen/cg_khiw_r_reg[5]
INFO: [Physopt 32-662] Processed net u_array/u_xrowgen/cg_khiw_r_reg_n_0_[8].  Did not re-place instance u_array/u_xrowgen/cg_khiw_r_reg[8]
INFO: [Physopt 32-662] Processed net u_array/u_xrowgen/cg_khiw_r_reg_n_0_[9].  Did not re-place instance u_array/u_xrowgen/cg_khiw_r_reg[9]
INFO: [Physopt 32-662] Processed net u_array/u_xrowgen/iq_last_r[7][0]_i_202_n_0.  Did not re-place instance u_array/u_xrowgen/iq_last_r[7][0]_i_202
INFO: [Physopt 32-662] Processed net u_array/u_xrowgen/iq_last_r[7][0]_i_133_n_0.  Did not re-place instance u_array/u_xrowgen/iq_last_r[7][0]_i_133
INFO: [Physopt 32-662] Processed net u_array/u_xrowgen/iq_last_r[7][0]_i_157_n_0.  Did not re-place instance u_array/u_xrowgen/iq_last_r[7][0]_i_157
INFO: [Physopt 32-662] Processed net u_array/u_xrowgen/iq_last_r[7][0]_i_216_n_0.  Did not re-place instance u_array/u_xrowgen/iq_last_r[7][0]_i_216
INFO: [Physopt 32-662] Processed net u_array/u_xrowgen/cg_khiw_r_reg_n_0_[1].  Did not re-place instance u_array/u_xrowgen/cg_khiw_r_reg[1]
INFO: [Physopt 32-662] Processed net u_array/u_xrowgen/cg_khiw_r_reg_n_0_[2].  Did not re-place instance u_array/u_xrowgen/cg_khiw_r_reg[2]
INFO: [Physopt 32-662] Processed net u_array/u_xrowgen/cg_khiw_r_reg_n_0_[3].  Did not re-place instance u_array/u_xrowgen/cg_khiw_r_reg[3]
INFO: [Physopt 32-662] Processed net u_array/u_xrowgen/cg_khiw_r_reg_n_0_[0].  Did not re-place instance u_array/u_xrowgen/cg_khiw_r_reg[0]
INFO: [Physopt 32-662] Processed net u_array/u_xrowgen/iq_last_r[7][0]_i_204_n_0.  Did not re-place instance u_array/u_xrowgen/iq_last_r[7][0]_i_204
INFO: [Physopt 32-662] Processed net u_array/u_xrowgen/iq_last_r[7][0]_i_78_n_0.  Did not re-place instance u_array/u_xrowgen/iq_last_r[7][0]_i_78
INFO: [Physopt 32-662] Processed net u_array/u_xrowgen/iq_last_r[7][0]_i_132_n_0.  Did not re-place instance u_array/u_xrowgen/iq_last_r[7][0]_i_132
INFO: [Physopt 32-662] Processed net u_array/u_xrowgen/part_ih0_w[17].  Did not re-place instance u_array/u_xrowgen/part_row0_w_i_1
INFO: [Physopt 32-662] Processed net u_array/u_xrowgen/oy0_r__0[0].  Did not re-place instance u_array/u_xrowgen/oy0_r_reg[0]
INFO: [Physopt 32-662] Processed net u_array/u_xrowgen/p_0_out_i_6_n_0.  Did not re-place instance u_array/u_xrowgen/p_0_out_i_6
INFO: [Physopt 32-662] Processed net u_array/u_xrowgen/part_row0_w_i_23_n_0.  Did not re-place instance u_array/u_xrowgen/part_row0_w_i_23
INFO: [Physopt 32-662] Processed net u_array/u_xrowgen/pt_row0_r_reg[1]_92[16].  Did not re-place instance u_array/u_xrowgen/pt_row0_r_reg[1][16]
INFO: [Physopt 32-662] Processed net u_array/u_xrowgen/dma1_w.  Did not re-place instance u_array/u_xrowgen/iq_last_r[7][0]_i_3
INFO: [Physopt 32-662] Processed net u_array/u_xrowgen/iq_last_r[7][0]_i_182_n_0.  Did not re-place instance u_array/u_xrowgen/iq_last_r[7][0]_i_182
INFO: [Physopt 32-662] Processed net u_array/u_xrowgen/pt_row0_r_reg[0]_93[17].  Did not re-place instance u_array/u_xrowgen/pt_row0_r_reg[0][17]
INFO: [Physopt 32-662] Processed net u_array/u_xrowgen/pt_row0_r_reg[1]_92[30].  Did not re-place instance u_array/u_xrowgen/pt_row0_r_reg[1][30]
INFO: [Physopt 32-662] Processed net u_array/u_xrowgen/p_0_out_i_5_n_0.  Did not re-place instance u_array/u_xrowgen/p_0_out_i_5
INFO: [Physopt 32-662] Processed net u_array/u_xrowgen/pp_r_reg_n_0_[1]_repN.  Did not re-place instance u_array/u_xrowgen/pp_r_reg[1]_replica
INFO: [Physopt 32-662] Processed net u_array/u_xrowgen/iq_last_r[7][0]_i_134_n_0.  Did not re-place instance u_array/u_xrowgen/iq_last_r[7][0]_i_134
INFO: [Physopt 32-662] Processed net u_array/u_xrowgen/part_row0_w_i_22_n_0.  Did not re-place instance u_array/u_xrowgen/part_row0_w_i_22
INFO: [Physopt 32-662] Processed net u_array/u_xrowgen/oy0_r__0[1].  Did not re-place instance u_array/u_xrowgen/oy0_r_reg[1]
INFO: [Physopt 32-662] Processed net u_array/u_xrowgen/iq_last_r[7][0]_i_201_n_0.  Did not re-place instance u_array/u_xrowgen/iq_last_r[7][0]_i_201
INFO: [Physopt 32-662] Processed net u_array/u_xrowgen/iq_last_r[7][0]_i_168_n_0.  Did not re-place instance u_array/u_xrowgen/iq_last_r[7][0]_i_168
INFO: [Physopt 32-662] Processed net u_array/u_xrowgen/iq_last_r[7][0]_i_181_n_0.  Did not re-place instance u_array/u_xrowgen/iq_last_r[7][0]_i_181
INFO: [Physopt 32-662] Processed net u_array/u_xrowgen/part_row0_w_i_19_n_0.  Did not re-place instance u_array/u_xrowgen/part_row0_w_i_19
INFO: [Physopt 32-662] Processed net u_array/u_xrowgen/pt_row0_r_reg[1]_92[29].  Did not re-place instance u_array/u_xrowgen/pt_row0_r_reg[1][29]
INFO: [Physopt 32-662] Processed net u_array/u_xrowgen/iq_last_r[7][0]_i_156_n_0.  Did not re-place instance u_array/u_xrowgen/iq_last_r[7][0]_i_156
INFO: [Physopt 32-662] Processed net u_array/u_xrowgen/pt_row0_r_reg[1]_92[26].  Did not re-place instance u_array/u_xrowgen/pt_row0_r_reg[1][26]
INFO: [Physopt 32-662] Processed net u_array/u_xrowgen/pt_row0_r_reg[1]_92[8].  Did not re-place instance u_array/u_xrowgen/pt_row0_r_reg[1][8]
INFO: [Physopt 32-662] Processed net u_array/u_xrowgen/oy0_r__0[3].  Did not re-place instance u_array/u_xrowgen/oy0_r_reg[3]
INFO: [Physopt 32-662] Processed net u_array/u_xrowgen/part_row0_w_i_21_n_0.  Did not re-place instance u_array/u_xrowgen/part_row0_w_i_21
INFO: [Physopt 32-662] Processed net u_array/u_xrowgen/pt_row0_r_reg[2]_91[29].  Did not re-place instance u_array/u_xrowgen/pt_row0_r_reg[2][29]
INFO: [Physopt 32-662] Processed net u_array/u_xrowgen/iq_last_r[7][0]_i_214_n_0.  Did not re-place instance u_array/u_xrowgen/iq_last_r[7][0]_i_214
INFO: [Physopt 32-662] Processed net u_array/u_xrowgen/pt_row0_r_reg[2]_91[12].  Did not re-place instance u_array/u_xrowgen/pt_row0_r_reg[2][12]
INFO: [Physopt 32-662] Processed net u_array/u_xrowgen/pt_row0_r_reg[3]_90[26].  Did not re-place instance u_array/u_xrowgen/pt_row0_r_reg[3][26]
INFO: [Physopt 32-662] Processed net u_array/u_xrowgen/part_row0_w_i_18_n_0.  Did not re-place instance u_array/u_xrowgen/part_row0_w_i_18
INFO: [Physopt 32-662] Processed net u_array/u_xrowgen/pt_row0_r_reg[3]_90[4].  Did not re-place instance u_array/u_xrowgen/pt_row0_r_reg[3][4]
INFO: [Physopt 32-662] Processed net u_array/u_xrowgen/iq_last_r[7][0]_i_215_n_0.  Did not re-place instance u_array/u_xrowgen/iq_last_r[7][0]_i_215
INFO: [Physopt 32-662] Processed net u_array/u_xrowgen/pt_row0_r_reg[2]_91[7].  Did not re-place instance u_array/u_xrowgen/pt_row0_r_reg[2][7]
INFO: [Physopt 32-662] Processed net u_array/u_xrowgen/iq_last_r[7][0]_i_77_n_0.  Did not re-place instance u_array/u_xrowgen/iq_last_r[7][0]_i_77
INFO: [Physopt 32-662] Processed net u_array/u_xrowgen/iq_last_r[7][0]_i_131_n_0.  Did not re-place instance u_array/u_xrowgen/iq_last_r[7][0]_i_131
INFO: [Physopt 32-662] Processed net u_array/u_xrowgen/oy0_r__0[4].  Did not re-place instance u_array/u_xrowgen/oy0_r_reg[4]
INFO: [Physopt 32-662] Processed net u_array/u_xrowgen/cg_disp_w.  Did not re-place instance u_array/u_xrowgen/st_skew_r[1][0][2]_i_3
INFO: [Physopt 32-662] Processed net u_array/u_xrowgen/st_skew_r_reg[0][2]_6[2].  Did not re-place instance u_array/u_xrowgen/st_skew_r_reg[0][2][2]
INFO: [Physopt 32-662] Processed net u_array/u_xrowgen/st_skew_r[0][2][2]_i_2_n_0.  Did not re-place instance u_array/u_xrowgen/st_skew_r[0][2][2]_i_2
INFO: [Physopt 32-663] Processed net u_array/u_xrowgen/st_skew_r[0][2][2]_i_1_n_0.  Re-placed instance u_array/u_xrowgen/st_skew_r[0][2][2]_i_1
INFO: [Physopt 32-662] Processed net u_array/u_xrowgen/st_skew_r[0][2][2]_i_3_n_0.  Did not re-place instance u_array/u_xrowgen/st_skew_r[0][2][2]_i_3
INFO: [Physopt 32-662] Processed net u_array/u_xrowgen/oy0_r__0[2].  Did not re-place instance u_array/u_xrowgen/oy0_r_reg[2]
INFO: [Physopt 32-662] Processed net u_array/u_xrowgen/pt_row0_r_reg[0]_93[5].  Did not re-place instance u_array/u_xrowgen/pt_row0_r_reg[0][5]
INFO: [Physopt 32-662] Processed net u_array/u_xrowgen/pt_row0_r_reg[2]_91[0].  Did not re-place instance u_array/u_xrowgen/pt_row0_r_reg[2][0]
INFO: [Physopt 32-662] Processed net u_array/u_xrowgen/pt_row0_r_reg[2]_91[20].  Did not re-place instance u_array/u_xrowgen/pt_row0_r_reg[2][20]
INFO: [Physopt 32-662] Processed net u_array/u_xrowgen/iq_last_r[7][0]_i_180_n_0.  Did not re-place instance u_array/u_xrowgen/iq_last_r[7][0]_i_180
INFO: [Physopt 32-662] Processed net u_array/u_xrowgen/iq_last_r[7][0]_i_166_n_0.  Did not re-place instance u_array/u_xrowgen/iq_last_r[7][0]_i_166
INFO: [Physopt 32-662] Processed net u_array/u_xrowgen/pt_row0_r_reg[2]_91[1].  Did not re-place instance u_array/u_xrowgen/pt_row0_r_reg[2][1]
INFO: [Physopt 32-662] Processed net u_array/u_xrowgen/pt_row0_r_reg[3]_90[6].  Did not re-place instance u_array/u_xrowgen/pt_row0_r_reg[3][6]
INFO: [Physopt 32-662] Processed net u_array/u_xrowgen/pt_row0_r_reg[2]_91[2].  Did not re-place instance u_array/u_xrowgen/pt_row0_r_reg[2][2]
INFO: [Physopt 32-662] Processed net u_array/u_xrowgen/iq_last_r[7][0]_i_100_n_0.  Did not re-place instance u_array/u_xrowgen/iq_last_r[7][0]_i_100
INFO: [Physopt 32-662] Processed net u_array/u_xrowgen/iq_last_r[7][0]_i_167_n_0.  Did not re-place instance u_array/u_xrowgen/iq_last_r[7][0]_i_167
INFO: [Physopt 32-662] Processed net u_array/u_xrowgen/pt_row0_r_reg[2]_91[21].  Did not re-place instance u_array/u_xrowgen/pt_row0_r_reg[2][21]
INFO: [Physopt 32-662] Processed net u_array/u_xrowgen/pt_row0_r_reg[3]_90[23].  Did not re-place instance u_array/u_xrowgen/pt_row0_r_reg[3][23]
INFO: [Physopt 32-662] Processed net u_array/u_xrowgen/part_row0_w_i_15_n_0.  Did not re-place instance u_array/u_xrowgen/part_row0_w_i_15
INFO: [Physopt 32-662] Processed net u_array/u_xrowgen/pt_row0_r_reg[2]_91[3].  Did not re-place instance u_array/u_xrowgen/pt_row0_r_reg[2][3]
INFO: [Physopt 32-662] Processed net u_array/u_xrowgen/pt_row0_r_reg[1]_92[5].  Did not re-place instance u_array/u_xrowgen/pt_row0_r_reg[1][5]
INFO: [Physopt 32-662] Processed net u_array/u_xrowgen/pp_r_reg_n_0_[0]_repN.  Did not re-place instance u_array/u_xrowgen/pp_r_reg[0]_replica
INFO: [Physopt 32-662] Processed net u_array/u_xrowgen/pt_row0_r_reg[1]_92[7].  Did not re-place instance u_array/u_xrowgen/pt_row0_r_reg[1][7]
INFO: [Physopt 32-662] Processed net u_array/u_xrowgen/pt_row0_r_reg[3]_90[2].  Did not re-place instance u_array/u_xrowgen/pt_row0_r_reg[3][2]
INFO: [Physopt 32-662] Processed net u_array/u_xrowgen/pt_row0_r_reg[1]_92[22].  Did not re-place instance u_array/u_xrowgen/pt_row0_r_reg[1][22]
INFO: [Physopt 32-662] Processed net u_array/u_xrowgen/pt_row0_r_reg[3]_90[10].  Did not re-place instance u_array/u_xrowgen/pt_row0_r_reg[3][10]
INFO: [Physopt 32-662] Processed net u_array/u_xrowgen/pt_row0_r_reg[3]_90[7].  Did not re-place instance u_array/u_xrowgen/pt_row0_r_reg[3][7]
INFO: [Physopt 32-662] Processed net u_array/u_xrowgen/pt_row0_r_reg[3]_90[30].  Did not re-place instance u_array/u_xrowgen/pt_row0_r_reg[3][30]
INFO: [Physopt 32-662] Processed net u_array/u_xrowgen/pt_row0_r_reg[3]_90[12].  Did not re-place instance u_array/u_xrowgen/pt_row0_r_reg[3][12]
INFO: [Physopt 32-662] Processed net u_array/u_xrowgen/cg_part_pend_r1.  Did not re-place instance u_array/u_xrowgen/cg_part_pend_r_i_4
INFO: [Physopt 32-662] Processed net u_array/u_xrowgen/cg_part_pend_r_i_1_n_0.  Did not re-place instance u_array/u_xrowgen/cg_part_pend_r_i_1
INFO: [Physopt 32-662] Processed net u_array/u_xrowgen/cg_part_pend_r_i_2_n_0.  Did not re-place instance u_array/u_xrowgen/cg_part_pend_r_i_2
INFO: [Physopt 32-662] Processed net u_array/u_xrowgen/part_row0_w_i_20_n_0.  Did not re-place instance u_array/u_xrowgen/part_row0_w_i_20
INFO: [Physopt 32-662] Processed net u_array/u_xrowgen/cg_part_pend_r_reg_n_0.  Did not re-place instance u_array/u_xrowgen/cg_part_pend_r_reg
INFO: [Physopt 32-662] Processed net u_array/u_xrowgen/oy0_r__0[9].  Did not re-place instance u_array/u_xrowgen/oy0_r_reg[9]
INFO: [Physopt 32-662] Processed net u_array/u_xrowgen/part_row0_w_i_17_n_0.  Did not re-place instance u_array/u_xrowgen/part_row0_w_i_17
INFO: [Physopt 32-662] Processed net u_array/u_xrowgen/pt_row0_r_reg[1]_92[31].  Did not re-place instance u_array/u_xrowgen/pt_row0_r_reg[1][31]
INFO: [Physopt 32-662] Processed net u_array/u_xrowgen/pt_row0_r_reg[3]_90[24].  Did not re-place instance u_array/u_xrowgen/pt_row0_r_reg[3][24]
INFO: [Physopt 32-662] Processed net u_array/u_xrowgen/iq_last_r[7][0]_i_154_n_0.  Did not re-place instance u_array/u_xrowgen/iq_last_r[7][0]_i_154
INFO: [Physopt 32-662] Processed net u_array/u_xrowgen/pt_row0_r_reg[2]_91[31].  Did not re-place instance u_array/u_xrowgen/pt_row0_r_reg[2][31]
INFO: [Physopt 32-662] Processed net u_array/u_xrowgen/st_skew_r[1][1][2]_i_2_n_0.  Did not re-place instance u_array/u_xrowgen/st_skew_r[1][1][2]_i_2_rewire
INFO: [Physopt 32-662] Processed net u_array/u_xrowgen/st_skew_r_reg_n_0_[1][1][1].  Did not re-place instance u_array/u_xrowgen/st_skew_r_reg[1][1][1]
INFO: [Physopt 32-662] Processed net u_array/u_xrowgen/st_skew_r[1][1][1]_i_1_n_0.  Did not re-place instance u_array/u_xrowgen/st_skew_r[1][1][1]_i_1
INFO: [Physopt 32-662] Processed net u_array/u_xrowgen/pt_row0_r_reg[0]_93[28].  Did not re-place instance u_array/u_xrowgen/pt_row0_r_reg[0][28]
INFO: [Physopt 32-662] Processed net u_array/u_xrowgen/st_skew_r_reg_n_0_[1][1][0].  Did not re-place instance u_array/u_xrowgen/st_skew_r_reg[1][1][0]
INFO: [Physopt 32-662] Processed net u_array/u_xrowgen/st_skew_r[1][1][0]_i_1_n_0.  Did not re-place instance u_array/u_xrowgen/st_skew_r[1][1][0]_i_1
INFO: [Physopt 32-662] Processed net u_array/u_xrowgen/part_row0_w_i_14_n_0.  Did not re-place instance u_array/u_xrowgen/part_row0_w_i_14
INFO: [Physopt 32-662] Processed net u_array/u_xrowgen/iq_last_r[7][0]_i_155_n_0.  Did not re-place instance u_array/u_xrowgen/iq_last_r[7][0]_i_155
INFO: [Physopt 32-662] Processed net u_array/u_xrowgen/pt_row0_r_reg[3]_90[20].  Did not re-place instance u_array/u_xrowgen/pt_row0_r_reg[3][20]
INFO: [Physopt 32-662] Processed net u_array/u_xrowgen/pt_row0_r_reg[1]_92[14].  Did not re-place instance u_array/u_xrowgen/pt_row0_r_reg[1][14]
INFO: [Physopt 32-662] Processed net u_array/u_xrowgen/st_skew_r_reg_n_0_[1][1][2].  Did not re-place instance u_array/u_xrowgen/st_skew_r_reg[1][1][2]
INFO: [Physopt 32-662] Processed net u_array/u_xrowgen/st_skew_r[1][1][2]_i_1_n_0.  Did not re-place instance u_array/u_xrowgen/st_skew_r[1][1][2]_i_1
INFO: [Physopt 32-662] Processed net u_array/u_xrowgen/iq_last_r[7][0]_i_75_n_0.  Did not re-place instance u_array/u_xrowgen/iq_last_r[7][0]_i_75
INFO: [Physopt 32-662] Processed net u_array/u_xrowgen/iq_last_r[7][0]_i_99_n_0.  Did not re-place instance u_array/u_xrowgen/iq_last_r[7][0]_i_99
INFO: [Physopt 32-662] Processed net u_array/u_xrowgen/pt_row0_r_reg[1]_92[25].  Did not re-place instance u_array/u_xrowgen/pt_row0_r_reg[1][25]
INFO: [Physopt 32-662] Processed net u_array/u_xrowgen/iq_last_r[7][0]_i_76_n_0.  Did not re-place instance u_array/u_xrowgen/iq_last_r[7][0]_i_76
INFO: [Physopt 32-662] Processed net u_array/u_xrowgen/oy0_r__0[5].  Did not re-place instance u_array/u_xrowgen/oy0_r_reg[5]
INFO: [Physopt 32-662] Processed net u_array/u_xrowgen/pt_row0_r_reg[1]_92[10].  Did not re-place instance u_array/u_xrowgen/pt_row0_r_reg[1][10]
INFO: [Physopt 32-662] Processed net u_array/u_xrowgen/st_skew_r[1][3][2]_i_2_n_0.  Did not re-place instance u_array/u_xrowgen/st_skew_r[1][3][2]_i_2_rewire
INFO: [Physopt 32-662] Processed net u_array/u_xrowgen/st_skew_r_reg_n_0_[1][3][0].  Did not re-place instance u_array/u_xrowgen/st_skew_r_reg[1][3][0]
INFO: [Physopt 32-662] Processed net u_array/u_xrowgen/st_skew_r[1][3][0]_i_1_n_0.  Did not re-place instance u_array/u_xrowgen/st_skew_r[1][3][0]_i_1
INFO: [Physopt 32-662] Processed net u_array/u_xrowgen/st_skew_r_reg_n_0_[1][3][1].  Did not re-place instance u_array/u_xrowgen/st_skew_r_reg[1][3][1]
INFO: [Physopt 32-662] Processed net u_array/u_xrowgen/st_skew_r[1][3][1]_i_1_n_0.  Did not re-place instance u_array/u_xrowgen/st_skew_r[1][3][1]_i_1
INFO: [Physopt 32-662] Processed net u_array/u_xrowgen/pt_row0_r_reg[1]_92[9].  Did not re-place instance u_array/u_xrowgen/pt_row0_r_reg[1][9]
INFO: [Physopt 32-662] Processed net u_array/u_xrowgen/st_skew_r_reg_n_0_[1][3][2].  Did not re-place instance u_array/u_xrowgen/st_skew_r_reg[1][3][2]
INFO: [Physopt 32-662] Processed net u_array/u_xrowgen/st_skew_r[1][3][2]_i_1_n_0.  Did not re-place instance u_array/u_xrowgen/st_skew_r[1][3][2]_i_1
INFO: [Physopt 32-662] Processed net u_array/u_xrowgen/part_row0_w_i_11_n_0.  Did not re-place instance u_array/u_xrowgen/part_row0_w_i_11
INFO: [Physopt 32-662] Processed net u_array/u_xrowgen/pt_row0_r_reg[3]_90[21].  Did not re-place instance u_array/u_xrowgen/pt_row0_r_reg[3][21]
INFO: [Physopt 32-662] Processed net u_array/u_xrowgen/pt_row0_r_reg[3]_90[1].  Did not re-place instance u_array/u_xrowgen/pt_row0_r_reg[3][1]
INFO: [Physopt 32-662] Processed net u_array/u_xrowgen/oy0_r__0[8].  Did not re-place instance u_array/u_xrowgen/oy0_r_reg[8]
INFO: [Physopt 32-662] Processed net u_array/u_xrowgen/pt_row0_r_reg[2]_91[10].  Did not re-place instance u_array/u_xrowgen/pt_row0_r_reg[2][10]
INFO: [Physopt 32-662] Processed net u_array/u_xrowgen/part_row0_w_i_16_n_0.  Did not re-place instance u_array/u_xrowgen/part_row0_w_i_16
INFO: [Physopt 32-662] Processed net u_array/u_xrowgen/part_row0_w_i_13_n_0.  Did not re-place instance u_array/u_xrowgen/part_row0_w_i_13
INFO: [Physopt 32-662] Processed net u_array/u_xrowgen/st_skew_r_reg_n_0_[1][2][1].  Did not re-place instance u_array/u_xrowgen/st_skew_r_reg[1][2][1]
INFO: [Physopt 32-662] Processed net u_array/u_xrowgen/st_skew_r[1][2][2]_i_2_n_0.  Did not re-place instance u_array/u_xrowgen/st_skew_r[1][2][2]_i_2
INFO: [Physopt 32-662] Processed net u_array/u_xrowgen/iq_last_r[7][0]_i_101_n_0.  Did not re-place instance u_array/u_xrowgen/iq_last_r[7][0]_i_101
INFO: [Physopt 32-662] Processed net u_array/u_xrowgen/st_skew_r[1][2][1]_i_1_n_0.  Did not re-place instance u_array/u_xrowgen/st_skew_r[1][2][1]_i_1
INFO: [Physopt 32-662] Processed net u_array/u_xrowgen/st_skew_r[1][2][2]_i_3_n_0.  Did not re-place instance u_array/u_xrowgen/st_skew_r[1][2][2]_i_3
INFO: [Physopt 32-662] Processed net u_array/u_xrowgen/pt_row0_r_reg[2]_91[14].  Did not re-place instance u_array/u_xrowgen/pt_row0_r_reg[2][14]
INFO: [Physopt 32-662] Processed net u_array/u_xrowgen/pt_row0_r_reg[0]_93[15].  Did not re-place instance u_array/u_xrowgen/pt_row0_r_reg[0][15]
INFO: [Physopt 32-662] Processed net u_array/u_xrowgen/iq_last_r[7][0]_i_179_n_0.  Did not re-place instance u_array/u_xrowgen/iq_last_r[7][0]_i_179
INFO: [Physopt 32-662] Processed net u_array/u_xrowgen/pt_row0_r_reg[2]_91[8].  Did not re-place instance u_array/u_xrowgen/pt_row0_r_reg[2][8]
INFO: [Physopt 32-662] Processed net u_array/u_xrowgen/cg_kh_r_reg_n_0_[6].  Did not re-place instance u_array/u_xrowgen/cg_kh_r_reg[6]
INFO: [Physopt 32-662] Processed net u_array/u_xrowgen/cg_kh_r_reg_n_0_[7].  Did not re-place instance u_array/u_xrowgen/cg_kh_r_reg[7]
INFO: [Physopt 32-662] Processed net u_array/u_xrowgen/pt_row0_r_reg[3]_90[5].  Did not re-place instance u_array/u_xrowgen/pt_row0_r_reg[3][5]
INFO: [Physopt 32-662] Processed net u_array/u_xrowgen/st_skew_r_reg[0][0]_8[2].  Did not re-place instance u_array/u_xrowgen/st_skew_r_reg[0][0][2]
INFO: [Physopt 32-662] Processed net u_array/u_xrowgen/st_skew_r[0][0][2]_i_2_n_0.  Did not re-place instance u_array/u_xrowgen/st_skew_r[0][0][2]_i_2
INFO: [Physopt 32-662] Processed net u_array/u_xrowgen/st_skew_r[0][0][2]_i_1_n_0.  Did not re-place instance u_array/u_xrowgen/st_skew_r[0][0][2]_i_1
INFO: [Physopt 32-662] Processed net u_array/u_xrowgen/st_skew_r[0][0][2]_i_3_n_0.  Did not re-place instance u_array/u_xrowgen/st_skew_r[0][0][2]_i_3
INFO: [Physopt 32-662] Processed net u_array/u_xrowgen/part_row0_w_i_10_n_0.  Did not re-place instance u_array/u_xrowgen/part_row0_w_i_10
INFO: [Physopt 32-662] Processed net u_array/u_xrowgen/pt_row0_r_reg[1]_92[17].  Did not re-place instance u_array/u_xrowgen/pt_row0_r_reg[1][17]
INFO: [Physopt 32-662] Processed net u_array/u_xrowgen/iq_p_r[7][1]_i_2_n_0.  Did not re-place instance u_array/u_xrowgen/iq_p_r[7][1]_i_2
INFO: [Physopt 32-662] Processed net u_array/u_xrowgen/iq_p_r[3][1]_i_1_n_0.  Did not re-place instance u_array/u_xrowgen/iq_p_r[3][1]_i_1
INFO: [Physopt 32-662] Processed net u_array/u_xrowgen/iq_g_r_reg[3]_60.  Did not re-place instance u_array/u_xrowgen/iq_g_r_reg[3][0]
INFO: [Physopt 32-662] Processed net u_array/u_xrowgen/iq_p_r_reg[3]_52[0].  Did not re-place instance u_array/u_xrowgen/iq_p_r_reg[3][0]
INFO: [Physopt 32-662] Processed net u_array/u_xrowgen/iq_p_r_reg[3]_52[1].  Did not re-place instance u_array/u_xrowgen/iq_p_r_reg[3][1]
INFO: [Physopt 32-662] Processed net u_array/u_xrowgen/iq_last_r_reg[3]_68.  Did not re-place instance u_array/u_xrowgen/iq_last_r_reg[3][0]
INFO: [Physopt 32-662] Processed net u_array/u_xrowgen/st_skew_r_reg_n_0_[1][2][0].  Did not re-place instance u_array/u_xrowgen/st_skew_r_reg[1][2][0]
INFO: [Physopt 32-662] Processed net u_array/u_xrowgen/st_skew_r[1][2][0]_i_1_n_0.  Did not re-place instance u_array/u_xrowgen/st_skew_r[1][2][0]_i_1
INFO: [Physopt 32-662] Processed net u_array/u_xrowgen/oy0_r__0[10].  Did not re-place instance u_array/u_xrowgen/oy0_r_reg[10]
INFO: [Physopt 32-662] Processed net u_array/u_xrowgen/pt_row0_r_reg[0]_93[9].  Did not re-place instance u_array/u_xrowgen/pt_row0_r_reg[0][9]
INFO: [Physopt 32-662] Processed net u_array/u_xrowgen/oy0_r__0[6].  Did not re-place instance u_array/u_xrowgen/oy0_r_reg[6]
INFO: [Physopt 32-662] Processed net u_array/u_xrowgen/pt_row0_r_reg[2]_91[13].  Did not re-place instance u_array/u_xrowgen/pt_row0_r_reg[2][13]
INFO: [Physopt 32-663] Processed net u_array/u_xrowgen/pt_row0_r_reg[1]_92[27].  Re-placed instance u_array/u_xrowgen/pt_row0_r_reg[1][27]
INFO: [Physopt 32-662] Processed net u_array/u_xrowgen/pt_row0_r_reg[0]_93[11].  Did not re-place instance u_array/u_xrowgen/pt_row0_r_reg[0][11]
INFO: [Physopt 32-662] Processed net u_array/u_xrowgen/pt_row0_r_reg[2]_91[27].  Did not re-place instance u_array/u_xrowgen/pt_row0_r_reg[2][27]
INFO: [Physopt 32-662] Processed net u_array/u_xrowgen/pt_row0_r_reg[3]_90[8].  Did not re-place instance u_array/u_xrowgen/pt_row0_r_reg[3][8]
INFO: [Physopt 32-663] Processed net u_array/u_xrowgen/pt_row0_r_reg[0]_93[10].  Re-placed instance u_array/u_xrowgen/pt_row0_r_reg[0][10]
INFO: [Physopt 32-663] Processed net u_array/u_xrowgen/pt_row0_r_reg[0]_93[26].  Re-placed instance u_array/u_xrowgen/pt_row0_r_reg[0][26]
INFO: [Physopt 32-662] Processed net u_array/u_xrowgen/pt_row0_r_reg[0]_93[6].  Did not re-place instance u_array/u_xrowgen/pt_row0_r_reg[0][6]
INFO: [Physopt 32-663] Processed net u_array/u_xrowgen/pt_row0_r_reg[2]_91[30].  Re-placed instance u_array/u_xrowgen/pt_row0_r_reg[2][30]
INFO: [Physopt 32-662] Processed net u_array/u_xrowgen/pt_row0_r_reg[2]_91[9].  Did not re-place instance u_array/u_xrowgen/pt_row0_r_reg[2][9]
INFO: [Physopt 32-663] Processed net u_array/u_xrowgen/pt_row0_r_reg[0]_93[20].  Re-placed instance u_array/u_xrowgen/pt_row0_r_reg[0][20]
INFO: [Physopt 32-663] Processed net u_array/u_xrowgen/pt_row0_r_reg[0]_93[30].  Re-placed instance u_array/u_xrowgen/pt_row0_r_reg[0][30]
INFO: [Physopt 32-663] Processed net u_array/u_xrowgen/pt_row0_r_reg[0]_93[4].  Re-placed instance u_array/u_xrowgen/pt_row0_r_reg[0][4]
INFO: [Physopt 32-662] Processed net u_array/u_xrowgen/oy0_r__0[7].  Did not re-place instance u_array/u_xrowgen/oy0_r_reg[7]
INFO: [Physopt 32-662] Processed net u_array/u_xrowgen/part_row0_w_i_12_n_0.  Did not re-place instance u_array/u_xrowgen/part_row0_w_i_12
INFO: [Physopt 32-662] Processed net u_array/u_xrowgen/part_row0_w_i_9_n_0.  Did not re-place instance u_array/u_xrowgen/part_row0_w_i_9
INFO: [Physopt 32-663] Processed net u_array/u_xrowgen/pt_row0_r_reg[2]_91[25].  Re-placed instance u_array/u_xrowgen/pt_row0_r_reg[2][25]
INFO: [Physopt 32-663] Processed net u_array/u_xrowgen/pt_row0_r_reg[0]_93[31].  Re-placed instance u_array/u_xrowgen/pt_row0_r_reg[0][31]
INFO: [Physopt 32-662] Processed net u_array/u_xrowgen/pt_row0_r_reg[2]_91[22].  Did not re-place instance u_array/u_xrowgen/pt_row0_r_reg[2][22]
INFO: [Physopt 32-663] Processed net u_array/u_xrowgen/pt_row0_r_reg[0]_93[25].  Re-placed instance u_array/u_xrowgen/pt_row0_r_reg[0][25]
INFO: [Physopt 32-663] Processed net u_array/u_xrowgen/pt_row0_r_reg[2]_91[15].  Re-placed instance u_array/u_xrowgen/pt_row0_r_reg[2][15]
INFO: [Physopt 32-662] Processed net u_array/u_xrowgen/pt_row0_r_reg[2]_91[4].  Did not re-place instance u_array/u_xrowgen/pt_row0_r_reg[2][4]
INFO: [Physopt 32-662] Processed net u_array/u_xrowgen/pt_row0_r_reg[2]_91[11].  Did not re-place instance u_array/u_xrowgen/pt_row0_r_reg[2][11]
INFO: [Physopt 32-662] Processed net u_array/u_xrowgen/pt_row0_r_reg[0]_93[29].  Did not re-place instance u_array/u_xrowgen/pt_row0_r_reg[0][29]
INFO: [Physopt 32-662] Processed net u_array/u_xrowgen/pt_row0_r_reg[0]_93[2].  Did not re-place instance u_array/u_xrowgen/pt_row0_r_reg[0][2]
INFO: [Physopt 32-663] Processed net u_array/u_xrowgen/pt_row0_r_reg[0]_93[21].  Re-placed instance u_array/u_xrowgen/pt_row0_r_reg[0][21]
INFO: [Physopt 32-663] Processed net u_array/u_xrowgen/pt_row0_r_reg[0]_93[24].  Re-placed instance u_array/u_xrowgen/pt_row0_r_reg[0][24]
INFO: [Physopt 32-662] Processed net u_array/u_xrowgen/iq_last_r[7][0]_i_98_n_0.  Did not re-place instance u_array/u_xrowgen/iq_last_r[7][0]_i_98
INFO: [Physopt 32-662] Processed net u_array/u_xrowgen/pt_row0_r_reg[1]_92[0].  Did not re-place instance u_array/u_xrowgen/pt_row0_r_reg[1][0]
INFO: [Physopt 32-662] Processed net u_array/u_xrowgen/pt_row0_r_reg[1]_92[4].  Did not re-place instance u_array/u_xrowgen/pt_row0_r_reg[1][4]
INFO: [Physopt 32-662] Processed net u_array/u_xrowgen/pt_row0_r_reg[0]_93[18].  Did not re-place instance u_array/u_xrowgen/pt_row0_r_reg[0][18]
INFO: [Physopt 32-662] Processed net u_array/u_xrowgen/pt_row0_r_reg[2]_91[24].  Did not re-place instance u_array/u_xrowgen/pt_row0_r_reg[2][24]
INFO: [Physopt 32-663] Processed net u_array/u_xrowgen/pt_row0_r_reg[2]_91[6].  Re-placed instance u_array/u_xrowgen/pt_row0_r_reg[2][6]
INFO: [Physopt 32-662] Processed net u_array/u_xrowgen/cg_part_pend_r.  Did not re-place instance u_array/u_xrowgen/cg_part_pend_r_i_3
INFO: [Physopt 32-663] Processed net u_array/u_xrowgen/pt_row0_r_reg[3]_90[16].  Re-placed instance u_array/u_xrowgen/pt_row0_r_reg[3][16]
INFO: [Physopt 32-662] Processed net u_array/u_xrowgen/pt_row0_r_reg[2]_91[28].  Did not re-place instance u_array/u_xrowgen/pt_row0_r_reg[2][28]
INFO: [Physopt 32-663] Processed net u_array/u_xrowgen/pt_row0_r_reg[2]_91[19].  Re-placed instance u_array/u_xrowgen/pt_row0_r_reg[2][19]
INFO: [Physopt 32-662] Processed net u_array/u_xrowgen/cg_part_r_reg_n_0_[0].  Did not re-place instance u_array/u_xrowgen/cg_part_r_reg[0]
INFO: [Physopt 32-662] Processed net u_array/u_xrowgen/iq_p_r[4][1]_i_1_n_0.  Did not re-place instance u_array/u_xrowgen/iq_p_r[4][1]_i_1
INFO: [Physopt 32-662] Processed net u_array/u_xrowgen/cg_part_r[1]_i_2_n_0.  Did not re-place instance u_array/u_xrowgen/cg_part_r[1]_i_2
INFO: [Physopt 32-662] Processed net u_array/u_xrowgen/iq_g_r_reg[4]_59.  Did not re-place instance u_array/u_xrowgen/iq_g_r_reg[4][0]
INFO: [Physopt 32-662] Processed net u_array/u_xrowgen/cg_part_r[0]_i_1_n_0.  Did not re-place instance u_array/u_xrowgen/cg_part_r[0]_i_1
INFO: [Physopt 32-662] Processed net u_array/u_xrowgen/cg_part_r[1]_i_3_n_0.  Did not re-place instance u_array/u_xrowgen/cg_part_r[1]_i_3
INFO: [Physopt 32-662] Processed net u_array/u_xrowgen/iq_p_r_reg[4]_51[0].  Did not re-place instance u_array/u_xrowgen/iq_p_r_reg[4][0]
INFO: [Physopt 32-662] Processed net u_array/u_xrowgen/iq_p_r_reg[4]_51[1].  Did not re-place instance u_array/u_xrowgen/iq_p_r_reg[4][1]
INFO: [Physopt 32-662] Processed net u_array/u_xrowgen/iq_last_r_reg[4]_67.  Did not re-place instance u_array/u_xrowgen/iq_last_r_reg[4][0]
INFO: [Physopt 32-663] Processed net u_array/u_xrowgen/pt_row0_r_reg[1]_92[19].  Re-placed instance u_array/u_xrowgen/pt_row0_r_reg[1][19]
INFO: [Physopt 32-662] Processed net u_array/u_xrowgen/pt_row0_r_reg[2]_91[26].  Did not re-place instance u_array/u_xrowgen/pt_row0_r_reg[2][26]
INFO: [Physopt 32-662] Processed net u_array/u_xrowgen/st_skew_r[0][3][2]_i_2_n_0.  Did not re-place instance u_array/u_xrowgen/st_skew_r[0][3][2]_i_2_rewire
INFO: [Physopt 32-662] Processed net u_array/u_xrowgen/st_skew_r_reg[0][3]_5[1].  Did not re-place instance u_array/u_xrowgen/st_skew_r_reg[0][3][1]
INFO: [Physopt 32-662] Processed net u_array/u_xrowgen/st_skew_r[0][3][1]_i_1_n_0.  Did not re-place instance u_array/u_xrowgen/st_skew_r[0][3][1]_i_1
INFO: [Physopt 32-663] Processed net u_array/u_xrowgen/pt_row0_r_reg[3]_90[28].  Re-placed instance u_array/u_xrowgen/pt_row0_r_reg[3][28]
INFO: [Physopt 32-662] Processed net u_array/u_xrowgen/st_skew_r_reg[0][3]_5[2].  Did not re-place instance u_array/u_xrowgen/st_skew_r_reg[0][3][2]
INFO: [Physopt 32-663] Processed net u_array/u_xrowgen/pt_row0_r_reg[3]_90[14].  Re-placed instance u_array/u_xrowgen/pt_row0_r_reg[3][14]
INFO: [Physopt 32-662] Processed net u_array/u_xrowgen/st_skew_r[0][3][2]_i_1_n_0.  Did not re-place instance u_array/u_xrowgen/st_skew_r[0][3][2]_i_1
INFO: [Physopt 32-662] Processed net u_array/u_xrowgen/pt_row0_r_reg[2]_91[16].  Did not re-place instance u_array/u_xrowgen/pt_row0_r_reg[2][16]
INFO: [Physopt 32-663] Processed net u_array/u_xrowgen/pt_row0_r_reg[3]_90[15].  Re-placed instance u_array/u_xrowgen/pt_row0_r_reg[3][15]
INFO: [Common 17-14] Message 'Physopt 32-663' appears 100 times and further instances of the messages will be disabled. Use the Tcl command set_msg_config to change the current settings.
INFO: [Physopt 32-662] Processed net u_array/u_xrowgen/pt_row0_r_reg[0]_93[0].  Did not re-place instance u_array/u_xrowgen/pt_row0_r_reg[0][0]
INFO: [Physopt 32-662] Processed net u_array/u_xrowgen/pt_row0_r_reg[0]_93[13].  Did not re-place instance u_array/u_xrowgen/pt_row0_r_reg[0][13]
INFO: [Physopt 32-662] Processed net u_array/u_xrowgen/pt_row0_r_reg[0]_93[3].  Did not re-place instance u_array/u_xrowgen/pt_row0_r_reg[0][3]
INFO: [Physopt 32-662] Processed net u_array/u_xrowgen/pt_row0_r_reg[0]_93[12].  Did not re-place instance u_array/u_xrowgen/pt_row0_r_reg[0][12]
INFO: [Physopt 32-662] Processed net u_array/u_xrowgen/pt_row0_r_reg[0]_93[27].  Did not re-place instance u_array/u_xrowgen/pt_row0_r_reg[0][27]
INFO: [Physopt 32-662] Processed net u_array/u_xrowgen/pt_row0_r_reg[0]_93[16].  Did not re-place instance u_array/u_xrowgen/pt_row0_r_reg[0][16]
INFO: [Physopt 32-662] Processed net u_array/u_xrowgen/pt_row0_r_reg[3]_90[3].  Did not re-place instance u_array/u_xrowgen/pt_row0_r_reg[3][3]
INFO: [Physopt 32-662] Processed net u_array/u_xrowgen/pt_row0_r_reg[1]_92[28].  Did not re-place instance u_array/u_xrowgen/pt_row0_r_reg[1][28]
INFO: [Physopt 32-662] Processed net u_array/u_xrowgen/pt_row0_r_reg[0]_93[1].  Did not re-place instance u_array/u_xrowgen/pt_row0_r_reg[0][1]
INFO: [Physopt 32-662] Processed net u_array/u_xrowgen/pt_row0_r_reg[0]_93[22].  Did not re-place instance u_array/u_xrowgen/pt_row0_r_reg[0][22]
INFO: [Physopt 32-662] Processed net u_array/u_xrowgen/pt_row0_r_reg[1]_92[24].  Did not re-place instance u_array/u_xrowgen/pt_row0_r_reg[1][24]
INFO: [Physopt 32-662] Processed net u_array/u_xrowgen/pt_row0_r_reg[1]_92[15].  Did not re-place instance u_array/u_xrowgen/pt_row0_r_reg[1][15]
INFO: [Physopt 32-661] Optimized 29 nets.  Re-placed 29 instances.
INFO: [Physopt 32-775] End 1 Pass. Optimized 29 nets or cells. Created 0 new cell, deleted 0 existing cell and moved 29 existing cells
INFO: [Physopt 32-619] Estimated Timing Summary | WNS=-8.948 | TNS=-22824.361 |
Netlist sorting complete. Time (s): cpu = 00:00:00 ; elapsed = 00:00:00.053 . Memory (MB): peak = 2668.844 ; gain = 0.000
Phase 29 Single Cell Placement Optimization | Checksum: 26434e261

Time (s): cpu = 00:02:47 ; elapsed = 00:02:00 . Memory (MB): peak = 2668.844 ; gain = 0.000

Phase 30 Multi Cell Placement Optimization
INFO: [Physopt 32-660] Identified 100 candidate nets for placement-based optimization.
INFO: [Physopt 32-662] Processed net u_array/u_xrowgen/cg_khiw_r[15]_i_2_n_0.  Did not re-place instance u_array/u_xrowgen/cg_khiw_r[15]_i_2/O
INFO: [Physopt 32-662] Processed net u_array/u_xrowgen/adv_now_w.  Did not re-place instance u_array/u_xrowgen/cg_cnt_r[0]_i_2/O
INFO: [Physopt 32-662] Processed net u_array/u_xrowgen/dma_cur_w.  Did not re-place instance u_array/u_xrowgen/cg_grp_cmd_r_i_2/O
INFO: [Physopt 32-662] Processed net u_array/u_xrowgen/cmd_valid_o.  Did not re-place instance u_array/u_xrowgen/cf_wp_r[1]_i_2/O
INFO: [Physopt 32-662] Processed net u_array/u_dma_x/iq_push_w.  Did not re-place instance u_array/u_dma_x/iq_cnt_r[3]_i_3/O
INFO: [Physopt 32-662] Processed net u_array/u_xrowgen/p_169_in.  Did not re-place instance u_array/u_xrowgen/cg_cnt_r[0]_i_3/O
INFO: [Physopt 32-662] Processed net u_array/u_xrowgen/dma2_w.  Did not re-place instance u_array/u_xrowgen/iq_last_r[7][0]_i_4/O
INFO: [Physopt 32-662] Processed net u_array/u_xrowgen/dma3_w.  Did not re-place instance u_array/u_xrowgen/iq_last_r[7][0]_i_5/O
INFO: [Physopt 32-662] Processed net u_array/u_xrowgen/dma0_w.  Did not re-place instance u_array/u_xrowgen/iq_last_r[7][0]_i_2/O
INFO: [Physopt 32-662] Processed net u_array/u_xrowgen/cg_khiw_r_reg_n_0_[1].  Did not re-place instance u_array/u_xrowgen/cg_khiw_r_reg[1]/Q
INFO: [Physopt 32-662] Processed net u_array/u_xrowgen/oy0_r__0[0].  Did not re-place instance u_array/u_xrowgen/oy0_r_reg[0]/Q
INFO: [Physopt 32-662] Processed net u_array/u_xrowgen/pt_row0_r_reg[1]_92[16].  Did not re-place instance u_array/u_xrowgen/pt_row0_r_reg[1][16]/Q
INFO: [Physopt 32-662] Processed net u_array/u_xrowgen/dma1_w.  Did not re-place instance u_array/u_xrowgen/iq_last_r[7][0]_i_3/O
INFO: [Physopt 32-662] Processed net u_array/u_xrowgen/pt_row0_r_reg[0]_93[17].  Did not re-place instance u_array/u_xrowgen/pt_row0_r_reg[0][17]/Q
INFO: [Physopt 32-662] Processed net u_array/u_xrowgen/pt_row0_r_reg[1]_92[30].  Did not re-place instance u_array/u_xrowgen/pt_row0_r_reg[1][30]/Q
INFO: [Physopt 32-662] Processed net u_array/u_xrowgen/pp_r_reg_n_0_[1]_repN.  Did not re-place instance u_array/u_xrowgen/pp_r_reg[1]_replica/Q
INFO: [Physopt 32-662] Processed net u_array/u_xrowgen/oy0_r__0[1].  Did not re-place instance u_array/u_xrowgen/oy0_r_reg[1]/Q
INFO: [Physopt 32-662] Processed net u_array/u_xrowgen/pt_row0_r_reg[1]_92[29].  Did not re-place instance u_array/u_xrowgen/pt_row0_r_reg[1][29]/Q
INFO: [Physopt 32-662] Processed net u_array/u_xrowgen/pt_row0_r_reg[1]_92[26].  Did not re-place instance u_array/u_xrowgen/pt_row0_r_reg[1][26]/Q
INFO: [Physopt 32-662] Processed net u_array/u_xrowgen/pt_row0_r_reg[1]_92[8].  Did not re-place instance u_array/u_xrowgen/pt_row0_r_reg[1][8]/Q
INFO: [Physopt 32-662] Processed net u_array/u_xrowgen/pt_row0_r_reg[2]_91[29].  Did not re-place instance u_array/u_xrowgen/pt_row0_r_reg[2][29]/Q
INFO: [Physopt 32-662] Processed net u_array/u_xrowgen/pt_row0_r_reg[2]_91[12].  Did not re-place instance u_array/u_xrowgen/pt_row0_r_reg[2][12]/Q
INFO: [Physopt 32-662] Processed net u_array/u_xrowgen/pt_row0_r_reg[2]_91[7].  Did not re-place instance u_array/u_xrowgen/pt_row0_r_reg[2][7]/Q
INFO: [Physopt 32-662] Processed net u_array/u_xrowgen/pt_row0_r_reg[0]_93[5].  Did not re-place instance u_array/u_xrowgen/pt_row0_r_reg[0][5]/Q
INFO: [Physopt 32-662] Processed net u_array/u_xrowgen/pt_row0_r_reg[2]_91[0].  Did not re-place instance u_array/u_xrowgen/pt_row0_r_reg[2][0]/Q
INFO: [Physopt 32-662] Processed net u_array/u_xrowgen/pt_row0_r_reg[2]_91[20].  Did not re-place instance u_array/u_xrowgen/pt_row0_r_reg[2][20]/Q
INFO: [Physopt 32-662] Processed net u_array/u_xrowgen/pt_row0_r_reg[2]_91[1].  Did not re-place instance u_array/u_xrowgen/pt_row0_r_reg[2][1]/Q
INFO: [Physopt 32-662] Processed net u_array/u_xrowgen/pt_row0_r_reg[3]_90[6].  Did not re-place instance u_array/u_xrowgen/pt_row0_r_reg[3][6]/Q
INFO: [Physopt 32-662] Processed net u_array/u_xrowgen/pt_row0_r_reg[2]_91[2].  Did not re-place instance u_array/u_xrowgen/pt_row0_r_reg[2][2]/Q
INFO: [Physopt 32-662] Processed net u_array/u_xrowgen/pt_row0_r_reg[2]_91[21].  Did not re-place instance u_array/u_xrowgen/pt_row0_r_reg[2][21]/Q
INFO: [Physopt 32-662] Processed net u_array/u_xrowgen/pt_row0_r_reg[3]_90[23].  Did not re-place instance u_array/u_xrowgen/pt_row0_r_reg[3][23]/Q
INFO: [Physopt 32-662] Processed net u_array/u_xrowgen/pt_row0_r_reg[2]_91[3].  Did not re-place instance u_array/u_xrowgen/pt_row0_r_reg[2][3]/Q
INFO: [Physopt 32-662] Processed net u_array/u_xrowgen/pt_row0_r_reg[1]_92[5].  Did not re-place instance u_array/u_xrowgen/pt_row0_r_reg[1][5]/Q
INFO: [Physopt 32-662] Processed net u_array/u_xrowgen/pp_r_reg_n_0_[0]_repN.  Did not re-place instance u_array/u_xrowgen/pp_r_reg[0]_replica/Q
INFO: [Physopt 32-662] Processed net u_array/u_xrowgen/pt_row0_r_reg[1]_92[7].  Did not re-place instance u_array/u_xrowgen/pt_row0_r_reg[1][7]/Q
INFO: [Physopt 32-662] Processed net u_array/u_xrowgen/pt_row0_r_reg[3]_90[2].  Did not re-place instance u_array/u_xrowgen/pt_row0_r_reg[3][2]/Q
INFO: [Physopt 32-662] Processed net u_array/u_xrowgen/cg_disp_w.  Did not re-place instance u_array/u_xrowgen/st_skew_r[1][0][2]_i_3/O
INFO: [Physopt 32-662] Processed net u_array/u_xrowgen/st_skew_r[1][2][2]_i_2_n_0.  Did not re-place instance u_array/u_xrowgen/st_skew_r[1][2][2]_i_2/O
INFO: [Physopt 32-662] Processed net u_array/u_xrowgen/st_skew_r[1][2][2]_i_1_n_0.  Did not re-place instance u_array/u_xrowgen/st_skew_r[1][2][2]_i_1/O
INFO: [Physopt 32-662] Processed net u_array/u_xrowgen/st_skew_r[1][2][2]_i_3_n_0.  Did not re-place instance u_array/u_xrowgen/st_skew_r[1][2][2]_i_3/O
INFO: [Physopt 32-662] Processed net u_array/u_xrowgen/pt_row0_r_reg[1]_92[22].  Did not re-place instance u_array/u_xrowgen/pt_row0_r_reg[1][22]/Q
INFO: [Physopt 32-662] Processed net u_array/u_xrowgen/pt_row0_r_reg[3]_90[10].  Did not re-place instance u_array/u_xrowgen/pt_row0_r_reg[3][10]/Q
INFO: [Physopt 32-662] Processed net u_array/u_xrowgen/pt_row0_r_reg[3]_90[30].  Did not re-place instance u_array/u_xrowgen/pt_row0_r_reg[3][30]/Q
INFO: [Physopt 32-662] Processed net u_array/u_xrowgen/pt_row0_r_reg[3]_90[12].  Did not re-place instance u_array/u_xrowgen/pt_row0_r_reg[3][12]/Q
INFO: [Physopt 32-661] Optimized 3 nets.  Re-placed 6 instances.
INFO: [Physopt 32-775] End 1 Pass. Optimized 3 nets or cells. Created 0 new cell, deleted 0 existing cell and moved 6 existing cells
INFO: [Physopt 32-619] Estimated Timing Summary | WNS=-8.948 | TNS=-22835.440 |
Netlist sorting complete. Time (s): cpu = 00:00:00 ; elapsed = 00:00:00.055 . Memory (MB): peak = 2668.844 ; gain = 0.000
Phase 30 Multi Cell Placement Optimization | Checksum: 2803fc23b

Time (s): cpu = 00:02:57 ; elapsed = 00:02:07 . Memory (MB): peak = 2668.844 ; gain = 0.000

Phase 31 SLR Crossing Optimization
Phase 31 SLR Crossing Optimization | Checksum: 2803fc23b

Time (s): cpu = 00:02:57 ; elapsed = 00:02:07 . Memory (MB): peak = 2668.844 ; gain = 0.000

Phase 32 Critical Path Optimization
INFO: [Physopt 32-619] Estimated Timing Summary | WNS=-8.948 | TNS=-22835.440 |
INFO: [Physopt 32-702] Processed net u_array/u_xrowgen/cg_khiw_r_reg_n_0_[6]. Optimizations did not improve timing on the net.
INFO: [Physopt 32-702] Processed net u_array/u_xrowgen/dma_hi2_w2_n_106. Optimizations did not improve timing on the net.
INFO: [Physopt 32-710] Processed net u_array/u_xrowgen/cg_khiw_r[15]_i_1_n_0. Critical path length was reduced through logic transformation on cell u_array/u_xrowgen/cg_khiw_r[15]_i_1_comp.
INFO: [Physopt 32-735] Processed net u_array/u_xrowgen/cg_khiw_r[15]_i_2_n_0. Optimization improves timing on the net.
INFO: [Physopt 32-619] Estimated Timing Summary | WNS=-8.719 | TNS=-22830.707 |
INFO: [Physopt 32-702] Processed net u_array/u_xrowgen/pt_row0_r_reg[1]_92[16]. Optimizations did not improve timing on the net.
INFO: [Physopt 32-702] Processed net u_array/u_xrowgen/oy0_r__0[0]. Optimizations did not improve timing on the net.
INFO: [Physopt 32-702] Processed net u_array/u_xrowgen/part_ih0_w[17]. Optimizations did not improve timing on the net.
INFO: [Physopt 32-702] Processed net u_array/u_xrowgen/part_row0_w_i_2_n_2. Optimizations did not improve timing on the net.
INFO: [Physopt 32-702] Processed net u_array/u_xrowgen/part_row0_w_i_3_n_0. Optimizations did not improve timing on the net.
INFO: [Physopt 32-702] Processed net u_array/u_xrowgen/part_row0_w_i_4_n_0. Optimizations did not improve timing on the net.
INFO: [Physopt 32-702] Processed net u_array/u_xrowgen/part_row0_w_i_5_n_0. Optimizations did not improve timing on the net.
INFO: [Physopt 32-702] Processed net u_array/u_xrowgen/part_row0_w_i_6_n_0. Optimizations did not improve timing on the net.
INFO: [Physopt 32-702] Processed net u_array/u_xrowgen/part_row0_w_i_23_n_0. Optimizations did not improve timing on the net.
INFO: [Physopt 32-702] Processed net u_array/u_xrowgen/part_row0_w__0[16]. Optimizations did not improve timing on the net.
INFO: [Physopt 32-702] Processed net u_array/u_xrowgen/p_0_out_i_1_n_4. Optimizations did not improve timing on the net.
INFO: [Physopt 32-702] Processed net u_array/u_xrowgen/p_0_out_i_2_n_0. Optimizations did not improve timing on the net.
INFO: [Physopt 32-702] Processed net u_array/u_xrowgen/p_0_out_i_3_n_0. Optimizations did not improve timing on the net.
INFO: [Physopt 32-702] Processed net u_array/u_xrowgen/p_0_out_i_4_n_0. Optimizations did not improve timing on the net.
INFO: [Physopt 32-702] Processed net u_array/u_xrowgen/p_0_out_i_6_n_0. Optimizations did not improve timing on the net.
INFO: [Physopt 32-702] Processed net u_array/u_xrowgen/p_0_out_n_105. Optimizations did not improve timing on the net.
INFO: [Physopt 32-702] Processed net u_array/u_xrowgen/pt_row0_r_reg[1]_92[16]. Optimizations did not improve timing on the net.
INFO: [Physopt 32-702] Processed net u_array/u_xrowgen/oy0_r__0[0]. Optimizations did not improve timing on the net.
INFO: [Physopt 32-702] Processed net u_array/u_xrowgen/part_ih0_w[17]. Optimizations did not improve timing on the net.
INFO: [Physopt 32-702] Processed net u_array/u_xrowgen/part_row0_w_i_2_n_2. Optimizations did not improve timing on the net.
INFO: [Physopt 32-702] Processed net u_array/u_xrowgen/part_row0_w_i_23_n_0. Optimizations did not improve timing on the net.
INFO: [Physopt 32-702] Processed net u_array/u_xrowgen/part_row0_w__0[16]. Optimizations did not improve timing on the net.
INFO: [Physopt 32-702] Processed net u_array/u_xrowgen/p_0_out_i_1_n_4. Optimizations did not improve timing on the net.
INFO: [Physopt 32-702] Processed net u_array/u_xrowgen/p_0_out_i_6_n_0. Optimizations did not improve timing on the net.
INFO: [Physopt 32-702] Processed net u_array/u_xrowgen/p_0_out_n_105. Optimizations did not improve timing on the net.
INFO: [Physopt 32-619] Estimated Timing Summary | WNS=-8.719 | TNS=-22830.707 |
Netlist sorting complete. Time (s): cpu = 00:00:00 ; elapsed = 00:00:00.237 . Memory (MB): peak = 2668.844 ; gain = 0.000
Phase 32 Critical Path Optimization | Checksum: 2803fc23b

Time (s): cpu = 00:03:04 ; elapsed = 00:02:12 . Memory (MB): peak = 2668.844 ; gain = 0.000

Phase 33 Critical Path Optimization
INFO: [Physopt 32-619] Estimated Timing Summary | WNS=-8.719 | TNS=-22830.707 |
INFO: [Physopt 32-702] Processed net u_array/u_xrowgen/pt_row0_r_reg[1]_92[16]. Optimizations did not improve timing on the net.
INFO: [Physopt 32-702] Processed net u_array/u_xrowgen/oy0_r__0[0]. Optimizations did not improve timing on the net.
INFO: [Physopt 32-702] Processed net u_array/u_xrowgen/part_ih0_w[17]. Optimizations did not improve timing on the net.
INFO: [Physopt 32-702] Processed net u_array/u_xrowgen/part_row0_w_i_2_n_2. Optimizations did not improve timing on the net.
INFO: [Physopt 32-702] Processed net u_array/u_xrowgen/part_row0_w_i_3_n_0. Optimizations did not improve timing on the net.
INFO: [Physopt 32-702] Processed net u_array/u_xrowgen/part_row0_w_i_4_n_0. Optimizations did not improve timing on the net.
INFO: [Physopt 32-702] Processed net u_array/u_xrowgen/part_row0_w_i_5_n_0. Optimizations did not improve timing on the net.
INFO: [Physopt 32-702] Processed net u_array/u_xrowgen/part_row0_w_i_6_n_0. Optimizations did not improve timing on the net.
INFO: [Physopt 32-702] Processed net u_array/u_xrowgen/part_row0_w_i_23_n_0. Optimizations did not improve timing on the net.
INFO: [Physopt 32-702] Processed net u_array/u_xrowgen/part_row0_w__0[16]. Optimizations did not improve timing on the net.
INFO: [Physopt 32-702] Processed net u_array/u_xrowgen/p_0_out_i_1_n_4. Optimizations did not improve timing on the net.
INFO: [Physopt 32-702] Processed net u_array/u_xrowgen/p_0_out_i_2_n_0. Optimizations did not improve timing on the net.
INFO: [Physopt 32-702] Processed net u_array/u_xrowgen/p_0_out_i_3_n_0. Optimizations did not improve timing on the net.
INFO: [Physopt 32-702] Processed net u_array/u_xrowgen/p_0_out_i_4_n_0. Optimizations did not improve timing on the net.
INFO: [Physopt 32-702] Processed net u_array/u_xrowgen/p_0_out_i_6_n_0. Optimizations did not improve timing on the net.
INFO: [Physopt 32-702] Processed net u_array/u_xrowgen/p_0_out_n_105. Optimizations did not improve timing on the net.
INFO: [Physopt 32-702] Processed net u_array/u_xrowgen/pt_row0_r_reg[1]_92[16]. Optimizations did not improve timing on the net.
INFO: [Physopt 32-702] Processed net u_array/u_xrowgen/oy0_r__0[0]. Optimizations did not improve timing on the net.
INFO: [Physopt 32-702] Processed net u_array/u_xrowgen/part_ih0_w[17]. Optimizations did not improve timing on the net.
INFO: [Physopt 32-702] Processed net u_array/u_xrowgen/part_row0_w_i_2_n_2. Optimizations did not improve timing on the net.
INFO: [Physopt 32-702] Processed net u_array/u_xrowgen/part_row0_w_i_23_n_0. Optimizations did not improve timing on the net.
INFO: [Physopt 32-702] Processed net u_array/u_xrowgen/part_row0_w__0[16]. Optimizations did not improve timing on the net.
INFO: [Physopt 32-702] Processed net u_array/u_xrowgen/p_0_out_i_1_n_4. Optimizations did not improve timing on the net.
INFO: [Physopt 32-702] Processed net u_array/u_xrowgen/p_0_out_i_6_n_0. Optimizations did not improve timing on the net.
INFO: [Physopt 32-702] Processed net u_array/u_xrowgen/p_0_out_n_105. Optimizations did not improve timing on the net.
INFO: [Physopt 32-619] Estimated Timing Summary | WNS=-8.719 | TNS=-22830.707 |
Netlist sorting complete. Time (s): cpu = 00:00:00 ; elapsed = 00:00:00.145 . Memory (MB): peak = 2668.844 ; gain = 0.000
Phase 33 Critical Path Optimization | Checksum: 2803fc23b

Time (s): cpu = 00:03:08 ; elapsed = 00:02:15 . Memory (MB): peak = 2668.844 ; gain = 0.000

Phase 34 BRAM Enable Optimization
Phase 34 BRAM Enable Optimization | Checksum: 2803fc23b

Time (s): cpu = 00:03:08 ; elapsed = 00:02:15 . Memory (MB): peak = 2668.844 ; gain = 0.000
INFO: [Physopt 32-960] Skip hold-fix as initial WHS does not violate hold threshold 250 ps
Netlist sorting complete. Time (s): cpu = 00:00:00 ; elapsed = 00:00:00.052 . Memory (MB): peak = 2668.844 ; gain = 0.000
INFO: [Physopt 32-603] Post Physical Optimization Timing Summary | WNS=-8.719 | TNS=-22830.707 |

Summary of Physical Synthesis Optimizations
============================================


----------------------------------------------------------------------------------------------------------------------------------------------------------------------
|  Optimization            |  WNS Gain (ns)  |  TNS Gain (ns)  |  Added Cells  |  Removed Cells  |  Optimized Cells/Nets  |  Dont Touch  |  Iterations  |  Elapsed   |
----------------------------------------------------------------------------------------------------------------------------------------------------------------------
|  Fanout                  |          0.000  |        332.160  |            7  |              0  |                     4  |           0  |           3  |  00:00:05  |
|  Single Cell Placement   |          0.143  |          7.754  |            0  |              0  |                    98  |           0  |           4  |  00:00:46  |
|  Multi Cell Placement    |          0.000  |        -20.293  |            0  |              0  |                    13  |           0  |           4  |  00:00:44  |
|  Rewire                  |          0.000  |          3.427  |            0  |              0  |                     4  |           0  |           3  |  00:00:02  |
|  Critical Cell           |          0.000  |         59.999  |            0  |              0  |                     1  |           0  |           3  |  00:00:17  |
|  SLR Crossing            |          0.000  |          0.000  |            0  |              0  |                     0  |           0  |           3  |  00:00:00  |
|  DSP Register            |          0.000  |          0.000  |            0  |              0  |                     0  |           0  |           2  |  00:00:00  |
|  BRAM Register           |          0.000  |          0.000  |            0  |              0  |                     0  |           0  |           2  |  00:00:00  |
|  URAM Register           |          0.000  |          0.000  |            0  |              0  |                     0  |           0  |           2  |  00:00:00  |
|  Shift Register          |          0.000  |          0.000  |            0  |              0  |                     0  |           0  |           2  |  00:00:00  |
|  Critical Pin            |          0.230  |         80.541  |            0  |              0  |                     6  |           0  |           1  |  00:00:00  |
|  Very High Fanout        |          0.000  |          0.000  |            0  |              0  |                     0  |           0  |           1  |  00:00:00  |
|  BRAM Enable             |          0.000  |          0.000  |            0  |              0  |                     0  |           0  |           1  |  00:00:00  |
|  Critical Path           |          0.229  |          4.733  |            0  |              0  |                     1  |           0  |           2  |  00:00:08  |
|  Total                   |          0.602  |        468.322  |            7  |              0  |                   127  |           0  |          33  |  00:02:04  |
----------------------------------------------------------------------------------------------------------------------------------------------------------------------


Netlist sorting complete. Time (s): cpu = 00:00:00 ; elapsed = 00:00:00.056 . Memory (MB): peak = 2668.844 ; gain = 0.000
Ending Physical Synthesis Task | Checksum: 1509e2fc9

Time (s): cpu = 00:03:09 ; elapsed = 00:02:16 . Memory (MB): peak = 2668.844 ; gain = 0.000
INFO: [Common 17-83] Releasing license: Implementation
1406 Infos, 1 Warnings, 0 Critical Warnings and 0 Errors encountered.
phys_opt_design completed successfully
phys_opt_design: Time (s): cpu = 00:03:26 ; elapsed = 00:02:28 . Memory (MB): peak = 2668.844 ; gain = 0.000
# route_design -directive AggressiveExplore
Command: route_design -directive AggressiveExplore
Attempting to get a license for feature 'Implementation' and/or device 'xc7z020'
INFO: [Common 17-349] Got license for feature 'Implementation' and/or device 'xc7z020'
INFO: [DRC 23-27] Running DRC with 2 threads
WARNING: [DRC 23-814] Not all possible (connectivity based) DRCs may have been run because this design is seen as Out of Context.
INFO: [Vivado_Tcl 4-198] DRC finished with 0 Errors
INFO: [Vivado_Tcl 4-199] Please refer to the DRC report (report_drc) for more information.


Starting Routing Task
INFO: [Route 35-270] Using Router directive 'AggressiveExplore'.
INFO: [Route 35-254] Multithreading enabled for route_design using a maximum of 2 CPUs

Phase 1 Build RT Design
Checksum: PlaceDB: 8767ac48 ConstDB: 0 ShapeSum: aa4c204c RouteDB: 15f972f0
WARNING: [Route 35-197] Clock port "clk_i" does not have an associated HD.CLK_SRC. Without this constraint, timing analysis may not be accurate and upstream checks cannot be done to ensure correct clock placement.
WARNING: [Route 35-198] Port "s_axi_wdata[2]" does not have an associated HD.PARTPIN_LOCS, which will prevent the partial routing of the signal "s_axi_wdata[2]". Without this partial route, timing analysis to/from this port will not be accurate, and no routing information for this port can be exported.
WARNING: [Route 35-198] Port "rst_n" does not have an associated HD.PARTPIN_LOCS, which will prevent the partial routing of the signal "rst_n". Without this partial route, timing analysis to/from this port will not be accurate, and no routing information for this port can be exported.
WARNING: [Route 35-198] Port "s_axi_awaddr[7]" does not have an associated HD.PARTPIN_LOCS, which will prevent the partial routing of the signal "s_axi_awaddr[7]". Without this partial route, timing analysis to/from this port will not be accurate, and no routing information for this port can be exported.
WARNING: [Route 35-198] Port "s_axi_awaddr[6]" does not have an associated HD.PARTPIN_LOCS, which will prevent the partial routing of the signal "s_axi_awaddr[6]". Without this partial route, timing analysis to/from this port will not be accurate, and no routing information for this port can be exported.
WARNING: [Route 35-198] Port "s_axi_awaddr[8]" does not have an associated HD.PARTPIN_LOCS, which will prevent the partial routing of the signal "s_axi_awaddr[8]". Without this partial route, timing analysis to/from this port will not be accurate, and no routing information for this port can be exported.
WARNING: [Route 35-198] Port "s_axi_wdata[5]" does not have an associated HD.PARTPIN_LOCS, which will prevent the partial routing of the signal "s_axi_wdata[5]". Without this partial route, timing analysis to/from this port will not be accurate, and no routing information for this port can be exported.
WARNING: [Route 35-198] Port "s_axi_wdata[3]" does not have an associated HD.PARTPIN_LOCS, which will prevent the partial routing of the signal "s_axi_wdata[3]". Without this partial route, timing analysis to/from this port will not be accurate, and no routing information for this port can be exported.
WARNING: [Route 35-198] Port "x_m_axi_rdata[48]" does not have an associated HD.PARTPIN_LOCS, which will prevent the partial routing of the signal "x_m_axi_rdata[48]". Without this partial route, timing analysis to/from this port will not be accurate, and no routing information for this port can be exported.
WARNING: [Route 35-198] Port "x_m_axi_rdata[16]" does not have an associated HD.PARTPIN_LOCS, which will prevent the partial routing of the signal "x_m_axi_rdata[16]". Without this partial route, timing analysis to/from this port will not be accurate, and no routing information for this port can be exported.
WARNING: [Route 35-198] Port "x_m_axi_rdata[1]" does not have an associated HD.PARTPIN_LOCS, which will prevent the partial routing of the signal "x_m_axi_rdata[1]". Without this partial route, timing analysis to/from this port will not be accurate, and no routing information for this port can be exported.
WARNING: [Route 35-198] Port "x_m_axi_rdata[0]" does not have an associated HD.PARTPIN_LOCS, which will prevent the partial routing of the signal "x_m_axi_rdata[0]". Without this partial route, timing analysis to/from this port will not be accurate, and no routing information for this port can be exported.
WARNING: [Route 35-198] Port "x_m_axi_rdata[49]" does not have an associated HD.PARTPIN_LOCS, which will prevent the partial routing of the signal "x_m_axi_rdata[49]". Without this partial route, timing analysis to/from this port will not be accurate, and no routing information for this port can be exported.
WARNING: [Route 35-198] Port "x_m_axi_rdata[33]" does not have an associated HD.PARTPIN_LOCS, which will prevent the partial routing of the signal "x_m_axi_rdata[33]". Without this partial route, timing analysis to/from this port will not be accurate, and no routing information for this port can be exported.
WARNING: [Route 35-198] Port "x_m_axi_rdata[32]" does not have an associated HD.PARTPIN_LOCS, which will prevent the partial routing of the signal "x_m_axi_rdata[32]". Without this partial route, timing analysis to/from this port will not be accurate, and no routing information for this port can be exported.
WARNING: [Route 35-198] Port "x_m_axi_rdata[17]" does not have an associated HD.PARTPIN_LOCS, which will prevent the partial routing of the signal "x_m_axi_rdata[17]". Without this partial route, timing analysis to/from this port will not be accurate, and no routing information for this port can be exported.
WARNING: [Route 35-198] Port "s_axi_awaddr[5]" does not have an associated HD.PARTPIN_LOCS, which will prevent the partial routing of the signal "s_axi_awaddr[5]". Without this partial route, timing analysis to/from this port will not be accurate, and no routing information for this port can be exported.
WARNING: [Route 35-198] Port "s_axi_awaddr[4]" does not have an associated HD.PARTPIN_LOCS, which will prevent the partial routing of the signal "s_axi_awaddr[4]". Without this partial route, timing analysis to/from this port will not be accurate, and no routing information for this port can be exported.
WARNING: [Route 35-198] Port "s_axi_wdata[0]" does not have an associated HD.PARTPIN_LOCS, which will prevent the partial routing of the signal "s_axi_wdata[0]". Without this partial route, timing analysis to/from this port will not be accurate, and no routing information for this port can be exported.
WARNING: [Route 35-198] Port "s_axi_wdata[1]" does not have an associated HD.PARTPIN_LOCS, which will prevent the partial routing of the signal "s_axi_wdata[1]". Without this partial route, timing analysis to/from this port will not be accurate, and no routing information for this port can be exported.
WARNING: [Route 35-198] Port "x_m_axi_arready" does not have an associated HD.PARTPIN_LOCS, which will prevent the partial routing of the signal "x_m_axi_arready". Without this partial route, timing analysis to/from this port will not be accurate, and no routing information for this port can be exported.
WARNING: [Route 35-198] Port "s_axi_wdata[4]" does not have an associated HD.PARTPIN_LOCS, which will prevent the partial routing of the signal "s_axi_wdata[4]". Without this partial route, timing analysis to/from this port will not be accurate, and no routing information for this port can be exported.
WARNING: [Route 35-198] Port "s_axi_wdata[7]" does not have an associated HD.PARTPIN_LOCS, which will prevent the partial routing of the signal "s_axi_wdata[7]". Without this partial route, timing analysis to/from this port will not be accurate, and no routing information for this port can be exported.
WARNING: [Route 35-198] Port "s_axi_awaddr[3]" does not have an associated HD.PARTPIN_LOCS, which will prevent the partial routing of the signal "s_axi_awaddr[3]". Without this partial route, timing analysis to/from this port will not be accurate, and no routing information for this port can be exported.
WARNING: [Route 35-198] Port "s_axi_awaddr[2]" does not have an associated HD.PARTPIN_LOCS, which will prevent the partial routing of the signal "s_axi_awaddr[2]". Without this partial route, timing analysis to/from this port will not be accurate, and no routing information for this port can be exported.
WARNING: [Route 35-198] Port "s_axi_wdata[6]" does not have an associated HD.PARTPIN_LOCS, which will prevent the partial routing of the signal "s_axi_wdata[6]". Without this partial route, timing analysis to/from this port will not be accurate, and no routing information for this port can be exported.
WARNING: [Route 35-198] Port "x_m_axi_rvalid" does not have an associated HD.PARTPIN_LOCS, which will prevent the partial routing of the signal "x_m_axi_rvalid". Without this partial route, timing analysis to/from this port will not be accurate, and no routing information for this port can be exported.
WARNING: [Route 35-198] Port "x_m_axi_rdata[9]" does not have an associated HD.PARTPIN_LOCS, which will prevent the partial routing of the signal "x_m_axi_rdata[9]". Without this partial route, timing analysis to/from this port will not be accurate, and no routing information for this port can be exported.
WARNING: [Route 35-198] Port "s_axi_wdata[11]" does not have an associated HD.PARTPIN_LOCS, which will prevent the partial routing of the signal "s_axi_wdata[11]". Without this partial route, timing analysis to/from this port will not be accurate, and no routing information for this port can be exported.
WARNING: [Route 35-198] Port "s_axi_wdata[10]" does not have an associated HD.PARTPIN_LOCS, which will prevent the partial routing of the signal "s_axi_wdata[10]". Without this partial route, timing analysis to/from this port will not be accurate, and no routing information for this port can be exported.
WARNING: [Route 35-198] Port "s_axi_wdata[15]" does not have an associated HD.PARTPIN_LOCS, which will prevent the partial routing of the signal "s_axi_wdata[15]". Without this partial route, timing analysis to/from this port will not be accurate, and no routing information for this port can be exported.
WARNING: [Route 35-198] Port "s_axi_wdata[13]" does not have an associated HD.PARTPIN_LOCS, which will prevent the partial routing of the signal "s_axi_wdata[13]". Without this partial route, timing analysis to/from this port will not be accurate, and no routing information for this port can be exported.
WARNING: [Route 35-198] Port "s_axi_wdata[29]" does not have an associated HD.PARTPIN_LOCS, which will prevent the partial routing of the signal "s_axi_wdata[29]". Without this partial route, timing analysis to/from this port will not be accurate, and no routing information for this port can be exported.
WARNING: [Route 35-198] Port "s_axi_wdata[27]" does not have an associated HD.PARTPIN_LOCS, which will prevent the partial routing of the signal "s_axi_wdata[27]". Without this partial route, timing analysis to/from this port will not be accurate, and no routing information for this port can be exported.
WARNING: [Route 35-198] Port "s_axi_wdata[25]" does not have an associated HD.PARTPIN_LOCS, which will prevent the partial routing of the signal "s_axi_wdata[25]". Without this partial route, timing analysis to/from this port will not be accurate, and no routing information for this port can be exported.
WARNING: [Route 35-198] Port "x_m_axi_rdata[57]" does not have an associated HD.PARTPIN_LOCS, which will prevent the partial routing of the signal "x_m_axi_rdata[57]". Without this partial route, timing analysis to/from this port will not be accurate, and no routing information for this port can be exported.
WARNING: [Route 35-198] Port "x_m_axi_rdata[56]" does not have an associated HD.PARTPIN_LOCS, which will prevent the partial routing of the signal "x_m_axi_rdata[56]". Without this partial route, timing analysis to/from this port will not be accurate, and no routing information for this port can be exported.
WARNING: [Route 35-198] Port "x_m_axi_rdata[41]" does not have an associated HD.PARTPIN_LOCS, which will prevent the partial routing of the signal "x_m_axi_rdata[41]". Without this partial route, timing analysis to/from this port will not be accurate, and no routing information for this port can be exported.
WARNING: [Route 35-198] Port "x_m_axi_rdata[40]" does not have an associated HD.PARTPIN_LOCS, which will prevent the partial routing of the signal "x_m_axi_rdata[40]". Without this partial route, timing analysis to/from this port will not be accurate, and no routing information for this port can be exported.
WARNING: [Route 35-198] Port "s_axi_awaddr[9]" does not have an associated HD.PARTPIN_LOCS, which will prevent the partial routing of the signal "s_axi_awaddr[9]". Without this partial route, timing analysis to/from this port will not be accurate, and no routing information for this port can be exported.
WARNING: [Route 35-198] Port "x_m_axi_rdata[25]" does not have an associated HD.PARTPIN_LOCS, which will prevent the partial routing of the signal "x_m_axi_rdata[25]". Without this partial route, timing analysis to/from this port will not be accurate, and no routing information for this port can be exported.
WARNING: [Route 35-198] Port "x_m_axi_rdata[24]" does not have an associated HD.PARTPIN_LOCS, which will prevent the partial routing of the signal "x_m_axi_rdata[24]". Without this partial route, timing analysis to/from this port will not be accurate, and no routing information for this port can be exported.
WARNING: [Route 35-198] Port "s_axi_araddr[4]" does not have an associated HD.PARTPIN_LOCS, which will prevent the partial routing of the signal "s_axi_araddr[4]". Without this partial route, timing analysis to/from this port will not be accurate, and no routing information for this port can be exported.
WARNING: [Route 35-198] Port "s_axi_araddr[5]" does not have an associated HD.PARTPIN_LOCS, which will prevent the partial routing of the signal "s_axi_araddr[5]". Without this partial route, timing analysis to/from this port will not be accurate, and no routing information for this port can be exported.
WARNING: [Route 35-198] Port "s_axi_araddr[2]" does not have an associated HD.PARTPIN_LOCS, which will prevent the partial routing of the signal "s_axi_araddr[2]". Without this partial route, timing analysis to/from this port will not be accurate, and no routing information for this port can be exported.
WARNING: [Route 35-198] Port "s_axi_araddr[3]" does not have an associated HD.PARTPIN_LOCS, which will prevent the partial routing of the signal "s_axi_araddr[3]". Without this partial route, timing analysis to/from this port will not be accurate, and no routing information for this port can be exported.
WARNING: [Route 35-198] Port "s_axi_wdata[14]" does not have an associated HD.PARTPIN_LOCS, which will prevent the partial routing of the signal "s_axi_wdata[14]". Without this partial route, timing analysis to/from this port will not be accurate, and no routing information for this port can be exported.
WARNING: [Route 35-198] Port "s_axi_wdata[12]" does not have an associated HD.PARTPIN_LOCS, which will prevent the partial routing of the signal "s_axi_wdata[12]". Without this partial route, timing analysis to/from this port will not be accurate, and no routing information for this port can be exported.
WARNING: [Route 35-198] Port "s_axi_wdata[9]" does not have an associated HD.PARTPIN_LOCS, which will prevent the partial routing of the signal "s_axi_wdata[9]". Without this partial route, timing analysis to/from this port will not be accurate, and no routing information for this port can be exported.
WARNING: [Route 35-198] Port "s_axi_wdata[8]" does not have an associated HD.PARTPIN_LOCS, which will prevent the partial routing of the signal "s_axi_wdata[8]". Without this partial route, timing analysis to/from this port will not be accurate, and no routing information for this port can be exported.
WARNING: [Route 35-198] Port "s_axi_wdata[23]" does not have an associated HD.PARTPIN_LOCS, which will prevent the partial routing of the signal "s_axi_wdata[23]". Without this partial route, timing analysis to/from this port will not be accurate, and no routing information for this port can be exported.
WARNING: [Route 35-198] Port "s_axi_wstrb[2]" does not have an associated HD.PARTPIN_LOCS, which will prevent the partial routing of the signal "s_axi_wstrb[2]". Without this partial route, timing analysis to/from this port will not be accurate, and no routing information for this port can be exported.
WARNING: [Route 35-198] Port "s_axi_wstrb[0]" does not have an associated HD.PARTPIN_LOCS, which will prevent the partial routing of the signal "s_axi_wstrb[0]". Without this partial route, timing analysis to/from this port will not be accurate, and no routing information for this port can be exported.
WARNING: [Route 35-198] Port "s_axi_arvalid" does not have an associated HD.PARTPIN_LOCS, which will prevent the partial routing of the signal "s_axi_arvalid". Without this partial route, timing analysis to/from this port will not be accurate, and no routing information for this port can be exported.
WARNING: [Route 35-198] Port "s_axi_rready" does not have an associated HD.PARTPIN_LOCS, which will prevent the partial routing of the signal "s_axi_rready". Without this partial route, timing analysis to/from this port will not be accurate, and no routing information for this port can be exported.
WARNING: [Route 35-198] Port "s_axi_wstrb[1]" does not have an associated HD.PARTPIN_LOCS, which will prevent the partial routing of the signal "s_axi_wstrb[1]". Without this partial route, timing analysis to/from this port will not be accurate, and no routing information for this port can be exported.
WARNING: [Route 35-198] Port "s_axi_awaddr[10]" does not have an associated HD.PARTPIN_LOCS, which will prevent the partial routing of the signal "s_axi_awaddr[10]". Without this partial route, timing analysis to/from this port will not be accurate, and no routing information for this port can be exported.
WARNING: [Route 35-198] Port "s_axi_awaddr[11]" does not have an associated HD.PARTPIN_LOCS, which will prevent the partial routing of the signal "s_axi_awaddr[11]". Without this partial route, timing analysis to/from this port will not be accurate, and no routing information for this port can be exported.
WARNING: [Route 35-198] Port "s_axi_wdata[31]" does not have an associated HD.PARTPIN_LOCS, which will prevent the partial routing of the signal "s_axi_wdata[31]". Without this partial route, timing analysis to/from this port will not be accurate, and no routing information for this port can be exported.
WARNING: [Route 35-198] Port "s_axi_wdata[30]" does not have an associated HD.PARTPIN_LOCS, which will prevent the partial routing of the signal "s_axi_wdata[30]". Without this partial route, timing analysis to/from this port will not be accurate, and no routing information for this port can be exported.
WARNING: [Route 35-198] Port "s_axi_wdata[26]" does not have an associated HD.PARTPIN_LOCS, which will prevent the partial routing of the signal "s_axi_wdata[26]". Without this partial route, timing analysis to/from this port will not be accurate, and no routing information for this port can be exported.
WARNING: [Route 35-198] Port "s_axi_araddr[14]" does not have an associated HD.PARTPIN_LOCS, which will prevent the partial routing of the signal "s_axi_araddr[14]". Without this partial route, timing analysis to/from this port will not be accurate, and no routing information for this port can be exported.
WARNING: [Route 35-198] Port "s_axi_araddr[12]" does not have an associated HD.PARTPIN_LOCS, which will prevent the partial routing of the signal "s_axi_araddr[12]". Without this partial route, timing analysis to/from this port will not be accurate, and no routing information for this port can be exported.
WARNING: [Route 35-198] Port "s_axi_araddr[8]" does not have an associated HD.PARTPIN_LOCS, which will prevent the partial routing of the signal "s_axi_araddr[8]". Without this partial route, timing analysis to/from this port will not be accurate, and no routing information for this port can be exported.
WARNING: [Route 35-198] Port "s_axi_araddr[13]" does not have an associated HD.PARTPIN_LOCS, which will prevent the partial routing of the signal "s_axi_araddr[13]". Without this partial route, timing analysis to/from this port will not be accurate, and no routing information for this port can be exported.
WARNING: [Route 35-198] Port "s_axi_araddr[9]" does not have an associated HD.PARTPIN_LOCS, which will prevent the partial routing of the signal "s_axi_araddr[9]". Without this partial route, timing analysis to/from this port will not be accurate, and no routing information for this port can be exported.
WARNING: [Route 35-198] Port "s_axi_araddr[10]" does not have an associated HD.PARTPIN_LOCS, which will prevent the partial routing of the signal "s_axi_araddr[10]". Without this partial route, timing analysis to/from this port will not be accurate, and no routing information for this port can be exported.
WARNING: [Route 35-198] Port "s_axi_awaddr[15]" does not have an associated HD.PARTPIN_LOCS, which will prevent the partial routing of the signal "s_axi_awaddr[15]". Without this partial route, timing analysis to/from this port will not be accurate, and no routing information for this port can be exported.
WARNING: [Route 35-198] Port "s_axi_awaddr[12]" does not have an associated HD.PARTPIN_LOCS, which will prevent the partial routing of the signal "s_axi_awaddr[12]". Without this partial route, timing analysis to/from this port will not be accurate, and no routing information for this port can be exported.
WARNING: [Route 35-198] Port "s_axi_awaddr[14]" does not have an associated HD.PARTPIN_LOCS, which will prevent the partial routing of the signal "s_axi_awaddr[14]". Without this partial route, timing analysis to/from this port will not be accurate, and no routing information for this port can be exported.
WARNING: [Route 35-198] Port "s_axi_awaddr[13]" does not have an associated HD.PARTPIN_LOCS, which will prevent the partial routing of the signal "s_axi_awaddr[13]". Without this partial route, timing analysis to/from this port will not be accurate, and no routing information for this port can be exported.
WARNING: [Route 35-198] Port "s_axi_wdata[24]" does not have an associated HD.PARTPIN_LOCS, which will prevent the partial routing of the signal "s_axi_wdata[24]". Without this partial route, timing analysis to/from this port will not be accurate, and no routing information for this port can be exported.
WARNING: [Route 35-198] Port "s_axi_wstrb[3]" does not have an associated HD.PARTPIN_LOCS, which will prevent the partial routing of the signal "s_axi_wstrb[3]". Without this partial route, timing analysis to/from this port will not be accurate, and no routing information for this port can be exported.
WARNING: [Route 35-198] Port "s_axi_wdata[28]" does not have an associated HD.PARTPIN_LOCS, which will prevent the partial routing of the signal "s_axi_wdata[28]". Without this partial route, timing analysis to/from this port will not be accurate, and no routing information for this port can be exported.
WARNING: [Route 35-198] Port "s_axi_araddr[6]" does not have an associated HD.PARTPIN_LOCS, which will prevent the partial routing of the signal "s_axi_araddr[6]". Without this partial route, timing analysis to/from this port will not be accurate, and no routing information for this port can be exported.
WARNING: [Route 35-198] Port "s_axi_araddr[15]" does not have an associated HD.PARTPIN_LOCS, which will prevent the partial routing of the signal "s_axi_araddr[15]". Without this partial route, timing analysis to/from this port will not be accurate, and no routing information for this port can be exported.
WARNING: [Route 35-198] Port "s_axi_araddr[11]" does not have an associated HD.PARTPIN_LOCS, which will prevent the partial routing of the signal "s_axi_araddr[11]". Without this partial route, timing analysis to/from this port will not be accurate, and no routing information for this port can be exported.
WARNING: [Route 35-198] Port "s_axi_araddr[7]" does not have an associated HD.PARTPIN_LOCS, which will prevent the partial routing of the signal "s_axi_araddr[7]". Without this partial route, timing analysis to/from this port will not be accurate, and no routing information for this port can be exported.
WARNING: [Route 35-198] Port "s_axi_wvalid" does not have an associated HD.PARTPIN_LOCS, which will prevent the partial routing of the signal "s_axi_wvalid". Without this partial route, timing analysis to/from this port will not be accurate, and no routing information for this port can be exported.
WARNING: [Route 35-198] Port "s_axi_awvalid" does not have an associated HD.PARTPIN_LOCS, which will prevent the partial routing of the signal "s_axi_awvalid". Without this partial route, timing analysis to/from this port will not be accurate, and no routing information for this port can be exported.
WARNING: [Route 35-198] Port "s_axi_bready" does not have an associated HD.PARTPIN_LOCS, which will prevent the partial routing of the signal "s_axi_bready". Without this partial route, timing analysis to/from this port will not be accurate, and no routing information for this port can be exported.
WARNING: [Route 35-198] Port "x_m_axi_rdata[21]" does not have an associated HD.PARTPIN_LOCS, which will prevent the partial routing of the signal "x_m_axi_rdata[21]". Without this partial route, timing analysis to/from this port will not be accurate, and no routing information for this port can be exported.
WARNING: [Route 35-198] Port "x_m_axi_rdata[8]" does not have an associated HD.PARTPIN_LOCS, which will prevent the partial routing of the signal "x_m_axi_rdata[8]". Without this partial route, timing analysis to/from this port will not be accurate, and no routing information for this port can be exported.
WARNING: [Route 35-198] Port "x_m_axi_rdata[5]" does not have an associated HD.PARTPIN_LOCS, which will prevent the partial routing of the signal "x_m_axi_rdata[5]". Without this partial route, timing analysis to/from this port will not be accurate, and no routing information for this port can be exported.
WARNING: [Route 35-198] Port "x_m_axi_rdata[4]" does not have an associated HD.PARTPIN_LOCS, which will prevent the partial routing of the signal "x_m_axi_rdata[4]". Without this partial route, timing analysis to/from this port will not be accurate, and no routing information for this port can be exported.
WARNING: [Route 35-198] Port "s_axi_wdata[22]" does not have an associated HD.PARTPIN_LOCS, which will prevent the partial routing of the signal "s_axi_wdata[22]". Without this partial route, timing analysis to/from this port will not be accurate, and no routing information for this port can be exported.
WARNING: [Route 35-198] Port "s_axi_wdata[19]" does not have an associated HD.PARTPIN_LOCS, which will prevent the partial routing of the signal "s_axi_wdata[19]". Without this partial route, timing analysis to/from this port will not be accurate, and no routing information for this port can be exported.
WARNING: [Route 35-198] Port "s_axi_wdata[18]" does not have an associated HD.PARTPIN_LOCS, which will prevent the partial routing of the signal "s_axi_wdata[18]". Without this partial route, timing analysis to/from this port will not be accurate, and no routing information for this port can be exported.
WARNING: [Route 35-198] Port "s_axi_wdata[16]" does not have an associated HD.PARTPIN_LOCS, which will prevent the partial routing of the signal "s_axi_wdata[16]". Without this partial route, timing analysis to/from this port will not be accurate, and no routing information for this port can be exported.
WARNING: [Route 35-198] Port "s_axi_wdata[21]" does not have an associated HD.PARTPIN_LOCS, which will prevent the partial routing of the signal "s_axi_wdata[21]". Without this partial route, timing analysis to/from this port will not be accurate, and no routing information for this port can be exported.
WARNING: [Route 35-198] Port "s_axi_wdata[20]" does not have an associated HD.PARTPIN_LOCS, which will prevent the partial routing of the signal "s_axi_wdata[20]". Without this partial route, timing analysis to/from this port will not be accurate, and no routing information for this port can be exported.
WARNING: [Route 35-198] Port "s_axi_wdata[17]" does not have an associated HD.PARTPIN_LOCS, which will prevent the partial routing of the signal "s_axi_wdata[17]". Without this partial route, timing analysis to/from this port will not be accurate, and no routing information for this port can be exported.
WARNING: [Route 35-198] Port "x_m_axi_rdata[20]" does not have an associated HD.PARTPIN_LOCS, which will prevent the partial routing of the signal "x_m_axi_rdata[20]". Without this partial route, timing analysis to/from this port will not be accurate, and no routing information for this port can be exported.
WARNING: [Route 35-198] Port "m_axi_awready" does not have an associated HD.PARTPIN_LOCS, which will prevent the partial routing of the signal "m_axi_awready". Without this partial route, timing analysis to/from this port will not be accurate, and no routing information for this port can be exported.
WARNING: [Route 35-198] Port "m_axi_wready" does not have an associated HD.PARTPIN_LOCS, which will prevent the partial routing of the signal "m_axi_wready". Without this partial route, timing analysis to/from this port will not be accurate, and no routing information for this port can be exported.
WARNING: [Route 35-198] Port "m_axi_bvalid" does not have an associated HD.PARTPIN_LOCS, which will prevent the partial routing of the signal "m_axi_bvalid". Without this partial route, timing analysis to/from this port will not be accurate, and no routing information for this port can be exported.
WARNING: [Route 35-198] Port "x_m_axi_rdata[37]" does not have an associated HD.PARTPIN_LOCS, which will prevent the partial routing of the signal "x_m_axi_rdata[37]". Without this partial route, timing analysis to/from this port will not be accurate, and no routing information for this port can be exported.
WARNING: [Route 35-198] Port "x_m_axi_rdata[36]" does not have an associated HD.PARTPIN_LOCS, which will prevent the partial routing of the signal "x_m_axi_rdata[36]". Without this partial route, timing analysis to/from this port will not be accurate, and no routing information for this port can be exported.
WARNING: [Route 35-198] Port "x_m_axi_rdata[30]" does not have an associated HD.PARTPIN_LOCS, which will prevent the partial routing of the signal "x_m_axi_rdata[30]". Without this partial route, timing analysis to/from this port will not be accurate, and no routing information for this port can be exported.
WARNING: [Route 35-198] Port "m_axi_rvalid" does not have an associated HD.PARTPIN_LOCS, which will prevent the partial routing of the signal "m_axi_rvalid". Without this partial route, timing analysis to/from this port will not be accurate, and no routing information for this port can be exported.
WARNING: [Route 35-198] Port "m_axi_arready" does not have an associated HD.PARTPIN_LOCS, which will prevent the partial routing of the signal "m_axi_arready". Without this partial route, timing analysis to/from this port will not be accurate, and no routing information for this port can be exported.
INFO: [Common 17-14] Message 'Route 35-198' appears 100 times and further instances of the messages will be disabled. Use the Tcl command set_msg_config to change the current settings.
WARNING: [Constraints 18-8777] Unable to split tiles. All required files are not available.
Post Restoration Checksum: NetGraph: 8d272cc9 | NumContArr: fa3c9c6e | Constraints: c2a8fa9d | Timing: c2a8fa9d
Phase 1 Build RT Design | Checksum: 30cb5be71

Time (s): cpu = 00:00:45 ; elapsed = 00:00:34 . Memory (MB): peak = 2668.844 ; gain = 0.000

Phase 2 Router Initialization

Phase 2.1 Fix Topology Constraints
Phase 2.1 Fix Topology Constraints | Checksum: 30cb5be71

Time (s): cpu = 00:00:46 ; elapsed = 00:00:34 . Memory (MB): peak = 2668.844 ; gain = 0.000

Phase 2.2 Pre Route Cleanup
Phase 2.2 Pre Route Cleanup | Checksum: 30cb5be71

Time (s): cpu = 00:00:46 ; elapsed = 00:00:34 . Memory (MB): peak = 2668.844 ; gain = 0.000
 Number of Nodes with overlaps = 0

Phase 2.3 Update Timing
Phase 2.3 Update Timing | Checksum: 26de3663f

Time (s): cpu = 00:01:12 ; elapsed = 00:00:51 . Memory (MB): peak = 2741.570 ; gain = 72.727
INFO: [Route 35-416] Intermediate Timing Summary | WNS=-8.617 | TNS=-20318.225| WHS=-0.059 | THS=-0.059 |


Phase 2.4 Soft Constraint Pins - Fast Budgeting
Phase 2.4 Soft Constraint Pins - Fast Budgeting | Checksum: 24185cd3d

Time (s): cpu = 00:01:23 ; elapsed = 00:00:59 . Memory (MB): peak = 3050.582 ; gain = 381.738

Router Utilization Summary
  Global Vertical Routing Utilization    = 0 %
  Global Horizontal Routing Utilization  = 0 %
  Routable Net Status*
  *Does not include unroutable nets such as driverless and loadless.
  Run report_route_status for detailed report.
  Number of Failed Nets               = 76475
    (Failed Nets is the sum of unrouted and partially routed nets)
  Number of Unrouted Nets             = 76475
  Number of Partially Routed Nets     = 0
  Number of Node Overlaps             = 0

Phase 2 Router Initialization | Checksum: 1ae07a865

Time (s): cpu = 00:01:24 ; elapsed = 00:00:59 . Memory (MB): peak = 3050.582 ; gain = 381.738

Phase 3 Global Routing
Phase 3 Global Routing | Checksum: 1ae07a865

Time (s): cpu = 00:01:24 ; elapsed = 00:00:59 . Memory (MB): peak = 3050.582 ; gain = 381.738

Phase 4 Initial Routing

Phase 4.1 Initial Net Routing Pass
Phase 4.1 Initial Net Routing Pass | Checksum: 2bc170aaf

Time (s): cpu = 00:01:49 ; elapsed = 00:01:14 . Memory (MB): peak = 3050.582 ; gain = 381.738
Phase 4 Initial Routing | Checksum: 2bc170aaf

Time (s): cpu = 00:01:49 ; elapsed = 00:01:14 . Memory (MB): peak = 3050.582 ; gain = 381.738

Phase 5 Rip-up And Reroute

Phase 5.1 Global Iteration 0
 Number of Nodes with overlaps = 19513
 Number of Nodes with overlaps = 1849
 Number of Nodes with overlaps = 368
 Number of Nodes with overlaps = 95
 Number of Nodes with overlaps = 26
 Number of Nodes with overlaps = 14
 Number of Nodes with overlaps = 9
 Number of Nodes with overlaps = 5
 Number of Nodes with overlaps = 2
 Number of Nodes with overlaps = 1
 Number of Nodes with overlaps = 0
INFO: [Route 35-416] Intermediate Timing Summary | WNS=-8.755 | TNS=-52807.245| WHS=N/A    | THS=N/A    |

Phase 5.1 Global Iteration 0 | Checksum: 252d51269

Time (s): cpu = 00:07:06 ; elapsed = 00:05:32 . Memory (MB): peak = 3050.582 ; gain = 381.738

Phase 5.2 Global Iteration 1
 Number of Nodes with overlaps = 276
 Number of Nodes with overlaps = 90
 Number of Nodes with overlaps = 22
 Number of Nodes with overlaps = 7
 Number of Nodes with overlaps = 4
 Number of Nodes with overlaps = 2
 Number of Nodes with overlaps = 1
 Number of Nodes with overlaps = 2
 Number of Nodes with overlaps = 1
 Number of Nodes with overlaps = 0
INFO: [Route 35-416] Intermediate Timing Summary | WNS=-9.296 | TNS=-49922.362| WHS=N/A    | THS=N/A    |

Phase 5.2 Global Iteration 1 | Checksum: 22d779475

Time (s): cpu = 00:08:44 ; elapsed = 00:07:00 . Memory (MB): peak = 3050.582 ; gain = 381.738
Phase 5 Rip-up And Reroute | Checksum: 22d779475

Time (s): cpu = 00:08:44 ; elapsed = 00:07:00 . Memory (MB): peak = 3050.582 ; gain = 381.738

Phase 6 Delay and Skew Optimization

Phase 6.1 Delay CleanUp

Phase 6.1.1 Update Timing
Phase 6.1.1 Update Timing | Checksum: 265cb3e1c

Time (s): cpu = 00:08:47 ; elapsed = 00:07:02 . Memory (MB): peak = 3050.582 ; gain = 381.738
INFO: [Route 35-416] Intermediate Timing Summary | WNS=-8.755 | TNS=-52807.245| WHS=N/A    | THS=N/A    |

 Number of Nodes with overlaps = 0
Phase 6.1 Delay CleanUp | Checksum: 1d200ae4f

Time (s): cpu = 00:08:48 ; elapsed = 00:07:03 . Memory (MB): peak = 3050.582 ; gain = 381.738

Phase 6.2 Clock Skew Optimization
Phase 6.2 Clock Skew Optimization | Checksum: 1d200ae4f

Time (s): cpu = 00:08:48 ; elapsed = 00:07:03 . Memory (MB): peak = 3050.582 ; gain = 381.738
Phase 6 Delay and Skew Optimization | Checksum: 1d200ae4f

Time (s): cpu = 00:08:49 ; elapsed = 00:07:03 . Memory (MB): peak = 3050.582 ; gain = 381.738

Phase 7 Post Hold Fix

Phase 7.1 Hold Fix Iter
INFO: [Route 35-416] Intermediate Timing Summary | WNS=-8.755 | TNS=-52807.241| WHS=0.040  | THS=0.000  |

Phase 7.1 Hold Fix Iter | Checksum: 2100a6ec4

Time (s): cpu = 00:08:52 ; elapsed = 00:07:05 . Memory (MB): peak = 3050.582 ; gain = 381.738
Phase 7 Post Hold Fix | Checksum: 2100a6ec4

Time (s): cpu = 00:08:52 ; elapsed = 00:07:05 . Memory (MB): peak = 3050.582 ; gain = 381.738

Phase 8 Timing Verification

Phase 8.1 Update Timing
Phase 8.1 Update Timing | Checksum: 1c877016b

Time (s): cpu = 00:09:03 ; elapsed = 00:07:11 . Memory (MB): peak = 3050.582 ; gain = 381.738
INFO: [Route 35-416] Intermediate Timing Summary | WNS=-8.755 | TNS=-52807.241| WHS=0.040  | THS=0.000  |

Phase 8 Timing Verification | Checksum: 1c877016b

Time (s): cpu = 00:09:03 ; elapsed = 00:07:11 . Memory (MB): peak = 3050.582 ; gain = 381.738

Phase 9 Route finalize

Router Utilization Summary
  Global Vertical Routing Utilization    = 46.5269 %
  Global Horizontal Routing Utilization  = 46.8446 %
  Routable Net Status*
  *Does not include unroutable nets such as driverless and loadless.
  Run report_route_status for detailed report.
  Number of Failed Nets               = 0
    (Failed Nets is the sum of unrouted and partially routed nets)
  Number of Unrouted Nets             = 0
  Number of Partially Routed Nets     = 0
  Number of Node Overlaps             = 0


--GLOBAL Congestion:
Utilization threshold used for congestion level computation: 0.85
Congestion Report
North Dir 8x8 Area, Max Cong = 89.5129%, Congestion bounded by tiles (Lower Left Tile -> Upper Right Tile):
   INT_L_X32Y62 -> INT_R_X39Y69
   INT_L_X40Y62 -> INT_FEEDTHRU_2_X118Y72
   INT_L_X24Y54 -> INT_R_X31Y61
   INT_L_X32Y54 -> INT_R_X39Y61
   INT_L_X40Y54 -> INT_FEEDTHRU_2_X118Y64
South Dir 4x4 Area, Max Cong = 87.3874%, Congestion bounded by tiles (Lower Left Tile -> Upper Right Tile):
   INT_L_X52Y14 -> INT_R_X55Y17
   INT_L_X52Y10 -> INT_R_X55Y13
East Dir 4x4 Area, Max Cong = 92.9228%, Congestion bounded by tiles (Lower Left Tile -> Upper Right Tile):
   INT_L_X48Y14 -> INT_R_X51Y17
   INT_L_X52Y14 -> INT_R_X55Y17
   INT_L_X48Y10 -> INT_R_X51Y13
   INT_L_X48Y6 -> INT_R_X51Y9
   INT_L_X48Y2 -> INT_R_X51Y5
West Dir 4x4 Area, Max Cong = 90.1654%, Congestion bounded by tiles (Lower Left Tile -> Upper Right Tile):
   INT_L_X56Y22 -> INT_R_X59Y25
   INT_L_X56Y18 -> INT_R_X59Y21
   INT_L_X56Y14 -> INT_R_X59Y17
   INT_L_X56Y10 -> INT_R_X59Y13
   INT_L_X56Y6 -> INT_R_X59Y9

------------------------------
Reporting congestion hotspots
------------------------------
Direction: North
----------------
Congested clusters found at Level 3
Effective congestion level: 4 Aspect Ratio: 0.5 Sparse Ratio: 1.75
Direction: South
----------------
Congested clusters found at Level 1
Effective congestion level: 3 Aspect Ratio: 1 Sparse Ratio: 1.0625
Direction: East
----------------
Congested clusters found at Level 1
Effective congestion level: 3 Aspect Ratio: 0.636364 Sparse Ratio: 2.1875
Direction: West
----------------
Congested clusters found at Level 2
Effective congestion level: 4 Aspect Ratio: 0.333333 Sparse Ratio: 0.5625

Phase 9 Route finalize | Checksum: 1c877016b

Time (s): cpu = 00:09:03 ; elapsed = 00:07:11 . Memory (MB): peak = 3050.582 ; gain = 381.738

Phase 10 Verifying routed nets

 Verification completed successfully
Phase 10 Verifying routed nets | Checksum: 1c877016b

Time (s): cpu = 00:09:04 ; elapsed = 00:07:12 . Memory (MB): peak = 3050.582 ; gain = 381.738

Phase 11 Depositing Routes
Phase 11 Depositing Routes | Checksum: 135ee9988

Time (s): cpu = 00:09:14 ; elapsed = 00:07:21 . Memory (MB): peak = 3050.582 ; gain = 381.738

Phase 12 Incr Placement Change
Netlist sorting complete. Time (s): cpu = 00:00:00 ; elapsed = 00:00:00.051 . Memory (MB): peak = 3050.582 ; gain = 0.000
WARNING: [Place 30-34] Design utilization is very high. Please run report_utilization command to see design utilization.
INFO: [Place 30-746] Post Placement Timing Summary WNS=-8.719. For the most accurate timing information please run report_timing.
Ending IncrPlace Task | Checksum: 17447295e

Time (s): cpu = 00:01:20 ; elapsed = 00:01:03 . Memory (MB): peak = 3050.582 ; gain = 0.000
Phase 12 Incr Placement Change | Checksum: 17447295e

Time (s): cpu = 00:10:34 ; elapsed = 00:08:25 . Memory (MB): peak = 3050.582 ; gain = 381.738

Phase 13 Build RT Design
Checksum: PlaceDB: b5a1ded6 ConstDB: 0 ShapeSum: 47d6a293 RouteDB: 76cea7f5
WARNING: [Route 35-197] Clock port "clk_i" does not have an associated HD.CLK_SRC. Without this constraint, timing analysis may not be accurate and upstream checks cannot be done to ensure correct clock placement.
Post Restoration Checksum: NetGraph: dd51dd94 | NumContArr: 9c2bcf7a | Constraints: c2a8fa9d | Timing: c2a8fa9d
Phase 13 Build RT Design | Checksum: 2fecfa248

Time (s): cpu = 00:11:01 ; elapsed = 00:08:42 . Memory (MB): peak = 3050.582 ; gain = 381.738

Phase 14 Router Initialization

Phase 14.1 Fix Topology Constraints
Phase 14.1 Fix Topology Constraints | Checksum: 2fecfa248

Time (s): cpu = 00:11:02 ; elapsed = 00:08:43 . Memory (MB): peak = 3050.582 ; gain = 381.738

Phase 14.2 Pre Route Cleanup
Phase 14.2 Pre Route Cleanup | Checksum: 1c451d417

Time (s): cpu = 00:11:02 ; elapsed = 00:08:43 . Memory (MB): peak = 3050.582 ; gain = 381.738
 Number of Nodes with overlaps = 0

Phase 14.3 Update Timing
Phase 14.3 Update Timing | Checksum: 1d14335d7

Time (s): cpu = 00:11:37 ; elapsed = 00:09:05 . Memory (MB): peak = 3051.938 ; gain = 383.094
INFO: [Route 35-416] Intermediate Timing Summary | WNS=-8.686 | TNS=-52892.220| WHS=-0.059 | THS=-0.059 |


Phase 14.4 Soft Constraint Pins - Fast Budgeting
Phase 14.4 Soft Constraint Pins - Fast Budgeting | Checksum: 25043753d

Time (s): cpu = 00:11:49 ; elapsed = 00:09:13 . Memory (MB): peak = 3329.926 ; gain = 661.082

Router Utilization Summary
  Global Vertical Routing Utilization    = 46.5102 %
  Global Horizontal Routing Utilization  = 46.8165 %
  Routable Net Status*
  *Does not include unroutable nets such as driverless and loadless.
  Run report_route_status for detailed report.
  Number of Failed Nets               = 92
    (Failed Nets is the sum of unrouted and partially routed nets)
  Number of Unrouted Nets             = 47
  Number of Partially Routed Nets     = 45
  Number of Node Overlaps             = 0

Phase 14 Router Initialization | Checksum: 25043753d

Time (s): cpu = 00:11:50 ; elapsed = 00:09:14 . Memory (MB): peak = 3329.926 ; gain = 661.082

Phase 15 Global Routing
Phase 15 Global Routing | Checksum: 25043753d

Time (s): cpu = 00:11:50 ; elapsed = 00:09:14 . Memory (MB): peak = 3329.926 ; gain = 661.082

Phase 16 Initial Routing

Phase 16.1 Initial Net Routing Pass
Phase 16.1 Initial Net Routing Pass | Checksum: 238dc6cde

Time (s): cpu = 00:11:51 ; elapsed = 00:09:14 . Memory (MB): peak = 3329.926 ; gain = 661.082
Phase 16 Initial Routing | Checksum: 238dc6cde

Time (s): cpu = 00:11:51 ; elapsed = 00:09:15 . Memory (MB): peak = 3329.926 ; gain = 661.082

Phase 17 Rip-up And Reroute

Phase 17.1 Global Iteration 0
 Number of Nodes with overlaps = 231
 Number of Nodes with overlaps = 29
 Number of Nodes with overlaps = 3
 Number of Nodes with overlaps = 2
 Number of Nodes with overlaps = 2
 Number of Nodes with overlaps = 1
 Number of Nodes with overlaps = 0
INFO: [Route 35-416] Intermediate Timing Summary | WNS=-8.808 | TNS=-53039.679| WHS=N/A    | THS=N/A    |

Phase 17.1 Global Iteration 0 | Checksum: 248569f30

Time (s): cpu = 00:12:28 ; elapsed = 00:09:43 . Memory (MB): peak = 3329.926 ; gain = 661.082

Phase 17.2 Global Iteration 1
 Number of Nodes with overlaps = 337
 Number of Nodes with overlaps = 334
 Number of Nodes with overlaps = 246
 Number of Nodes with overlaps = 653
 Number of Nodes with overlaps = 137
 Number of Nodes with overlaps = 60
 Number of Nodes with overlaps = 32
 Number of Nodes with overlaps = 21
 Number of Nodes with overlaps = 13
 Number of Nodes with overlaps = 7
 Number of Nodes with overlaps = 6
 Number of Nodes with overlaps = 6
 Number of Nodes with overlaps = 2
 Number of Nodes with overlaps = 1
 Number of Nodes with overlaps = 0
INFO: [Route 35-416] Intermediate Timing Summary | WNS=-9.225 | TNS=-43845.914| WHS=N/A    | THS=N/A    |

Phase 17.2 Global Iteration 1 | Checksum: 1b7b94761

Time (s): cpu = 00:19:10 ; elapsed = 00:14:54 . Memory (MB): peak = 3329.926 ; gain = 661.082
Phase 17 Rip-up And Reroute | Checksum: 1b7b94761

Time (s): cpu = 00:19:10 ; elapsed = 00:14:54 . Memory (MB): peak = 3329.926 ; gain = 661.082

Phase 18 Delay and Skew Optimization

Phase 18.1 Delay CleanUp

Phase 18.1.1 Update Timing
Phase 18.1.1 Update Timing | Checksum: 1633f1f11

Time (s): cpu = 00:19:13 ; elapsed = 00:14:55 . Memory (MB): peak = 3329.926 ; gain = 661.082
INFO: [Route 35-416] Intermediate Timing Summary | WNS=-8.808 | TNS=-53039.679| WHS=N/A    | THS=N/A    |

 Number of Nodes with overlaps = 0
Phase 18.1 Delay CleanUp | Checksum: 15149f19b

Time (s): cpu = 00:19:13 ; elapsed = 00:14:56 . Memory (MB): peak = 3329.926 ; gain = 661.082

Phase 18.2 Clock Skew Optimization
Phase 18.2 Clock Skew Optimization | Checksum: 15149f19b

Time (s): cpu = 00:19:14 ; elapsed = 00:14:56 . Memory (MB): peak = 3329.926 ; gain = 661.082
Phase 18 Delay and Skew Optimization | Checksum: 15149f19b

Time (s): cpu = 00:19:14 ; elapsed = 00:14:56 . Memory (MB): peak = 3329.926 ; gain = 661.082

Phase 19 Post Hold Fix

Phase 19.1 Hold Fix Iter
INFO: [Route 35-416] Intermediate Timing Summary | WNS=-8.808 | TNS=-53039.508| WHS=0.040  | THS=0.000  |

Phase 19.1 Hold Fix Iter | Checksum: 1e99947bf

Time (s): cpu = 00:19:16 ; elapsed = 00:14:57 . Memory (MB): peak = 3329.926 ; gain = 661.082
Phase 19 Post Hold Fix | Checksum: 1e99947bf

Time (s): cpu = 00:19:16 ; elapsed = 00:14:57 . Memory (MB): peak = 3329.926 ; gain = 661.082

Phase 20 Timing Verification

Phase 20.1 Update Timing
Phase 20.1 Update Timing | Checksum: 19c033f6f

Time (s): cpu = 00:19:24 ; elapsed = 00:15:02 . Memory (MB): peak = 3329.926 ; gain = 661.082
INFO: [Route 35-416] Intermediate Timing Summary | WNS=-8.808 | TNS=-53039.508| WHS=0.040  | THS=0.000  |

Phase 20 Timing Verification | Checksum: 19c033f6f

Time (s): cpu = 00:19:24 ; elapsed = 00:15:02 . Memory (MB): peak = 3329.926 ; gain = 661.082

Phase 21 Reset Design
INFO: [Route 35-307] 76613 nets already restored were skipped.
Post Restoration Checksum: NetGraph: 983e0f96 | NumContArr: 8fb57240 | Constraints: c2a8fa9d | Timing: 5b5ad76

Phase 21.1 Create Timer
Phase 21.1 Create Timer | Checksum: 1f05229e9

Time (s): cpu = 00:19:25 ; elapsed = 00:15:02 . Memory (MB): peak = 3329.926 ; gain = 661.082
Phase 21 Reset Design | Checksum: 1f05229e9

Time (s): cpu = 00:19:35 ; elapsed = 00:15:08 . Memory (MB): peak = 3329.926 ; gain = 661.082
INFO: [Route 72-16] Aggressive Explore Summary
+======+========+=====+=======+=====+========+==============+===================+
| Pass |  WNS   | TNS |  WHS  | THS | Status | Elapsed Time | Solution Selected |
+======+========+=====+=======+=====+========+==============+===================+
|  1   | -8.755 |  -  | 0.040 |  -  |  Pass  |   00:06:47   |         x         |
|  2   | -8.808 |  -  | 0.040 |  -  |  Fail  |   00:06:19   |                   |
+------+--------+-----+-------+-----+--------+--------------+-------------------+


Phase 22 Post Process Routing
Phase 22 Post Process Routing | Checksum: 1f05229e9

Time (s): cpu = 00:19:37 ; elapsed = 00:15:09 . Memory (MB): peak = 3329.926 ; gain = 661.082

Phase 23 Post Router Timing
WARNING: [Timing 38-242] The property HD.CLK_SRC of clock port "clk_i" is not set. In out-of-context mode, this prevents timing estimation for clock delay/skew
Resolution: Set the HD.CLK_SRC property of the out-of-context port to the location of the clock buffer instance in the top-level design
INFO: [Route 35-20] Post Routing Timing Summary | WNS=-8.750 | TNS=-52830.828| WHS=0.040  | THS=0.000  |

Phase 23 Post Router Timing | Checksum: 24c084090

Time (s): cpu = 00:19:58 ; elapsed = 00:15:20 . Memory (MB): peak = 3329.926 ; gain = 661.082
CRITICAL WARNING: [Route 35-39] The design did not meet timing requirements. Please run report_timing_summary for detailed reports.
Resolution: Verify that the timing was met or had small violations at all previous steps (synthesis, placement, power_opt, and phys_opt). Run report_timing_summary and analyze individual timing paths.
INFO: [Route 35-253] TNS is the sum of the worst slack violation on every endpoint in the design. Review the paths with the biggest WNS violations in the timing reports and modify your constraints or your design to improve both WNS and TNS.
Total Elapsed time in route_design: 920.587 secs

Phase 24 Post-Route Event Processing
Phase 24 Post-Route Event Processing | Checksum: bfa04968

Time (s): cpu = 00:19:58 ; elapsed = 00:15:21 . Memory (MB): peak = 3329.926 ; gain = 661.082
INFO: [Route 35-16] Router Completed Successfully
Ending Routing Task | Checksum: bfa04968

Time (s): cpu = 00:19:58 ; elapsed = 00:15:21 . Memory (MB): peak = 3329.926 ; gain = 661.082

Routing Is Done.
INFO: [Common 17-83] Releasing license: Implementation
26 Infos, 106 Warnings, 1 Critical Warnings and 0 Errors encountered.
route_design completed successfully
route_design: Time (s): cpu = 00:20:00 ; elapsed = 00:15:22 . Memory (MB): peak = 3329.926 ; gain = 661.082
# report_utilization    -file $OUT/ooc_v28_utilization.rpt
# report_timing_summary -file $OUT/ooc_v28_timing.rpt
INFO: [Timing 38-91] UpdateTimingParams: Speed grade: -1, Delay Type: min_max.
INFO: [Timing 38-191] Multithreading enabled for timing update using a maximum of 2 CPUs
WARNING: [Timing 38-242] The property HD.CLK_SRC of clock port "clk_i" is not set. In out-of-context mode, this prevents timing estimation for clock delay/skew
Resolution: Set the HD.CLK_SRC property of the out-of-context port to the location of the clock buffer instance in the top-level design
report_timing_summary: Time (s): cpu = 00:00:22 ; elapsed = 00:00:14 . Memory (MB): peak = 3329.926 ; gain = 0.000
# report_drc            -file $OUT/ooc_v28_drc.rpt
Command: report_drc -file E:/competition/2_fpga/3_yolo_zynq/proj/ooc_gate/ooc_v28_drc.rpt
INFO: [IP_Flow 19-1839] IP Catalog is up to date.
INFO: [DRC 23-27] Running DRC with 2 threads
WARNING: [DRC 23-814] Not all possible (connectivity based) DRCs may have been run because this design is seen as Out of Context.
INFO: [Vivado_Tcl 2-168] The results of DRC are in file E:/competition/2_fpga/3_yolo_zynq/proj/ooc_gate/ooc_v28_drc.rpt.
report_drc completed successfully
report_drc: Time (s): cpu = 00:00:12 ; elapsed = 00:00:07 . Memory (MB): peak = 3329.926 ; gain = 0.000
# report_route_status   -file $OUT/ooc_v28_route_status.rpt
# write_checkpoint      -force $OUT/ooc_v28_routed.dcp
INFO: [Timing 38-480] Writing timing data to binary archive.
Wrote PlaceDB: Time (s): cpu = 00:00:00 ; elapsed = 00:00:00 . Memory (MB): peak = 3329.926 ; gain = 0.000
Wrote PulsedLatchDB: Time (s): cpu = 00:00:00 ; elapsed = 00:00:00 . Memory (MB): peak = 3329.926 ; gain = 0.000
Writing XDEF routing.
Writing XDEF routing logical nets.
Write ShapeDB Complete: Time (s): cpu = 00:00:00 ; elapsed = 00:00:00.145 . Memory (MB): peak = 3329.926 ; gain = 0.000
Writing XDEF routing special nets.
Wrote RouteStorage: Time (s): cpu = 00:00:03 ; elapsed = 00:00:00.781 . Memory (MB): peak = 3329.926 ; gain = 0.000
Wrote PlaceStorage: Time (s): cpu = 00:00:04 ; elapsed = 00:00:02 . Memory (MB): peak = 3329.926 ; gain = 0.000
Wrote Netlist Cache: Time (s): cpu = 00:00:00 ; elapsed = 00:00:00.082 . Memory (MB): peak = 3329.926 ; gain = 0.000
Wrote Device Cache: Time (s): cpu = 00:00:00 ; elapsed = 00:00:00.009 . Memory (MB): peak = 3329.926 ; gain = 0.000
Write Physdb Complete: Time (s): cpu = 00:00:07 ; elapsed = 00:00:03 . Memory (MB): peak = 3329.926 ; gain = 0.000
INFO: [Common 17-1381] The checkpoint 'E:/competition/2_fpga/3_yolo_zynq/proj/ooc_gate/ooc_v28_routed.dcp' has been generated.
# set ndsp   [llength [get_cells -hier -filter {REF_NAME =~ DSP48E1}]]
# set nbram36 [llength [get_cells -hier -filter {REF_NAME =~ RAMB36E1}]]
WARNING: [Vivado 12-180] No cells matched 'get_cells -hier -filter {REF_NAME =~ RAMB18E1}'.
# set nbram18 [llength [get_cells -hier -filter {REF_NAME =~ RAMB18E1}]]
# puts "OOC_V28_RES dsp48e1=$ndsp ramb36=$nbram36 ramb18=$nbram18"
OOC_V28_RES dsp48e1=147 ramb36=52 ramb18=0
# report_timing -max_paths 10 -path_type summary \
#     -file $OUT/ooc_v28_top10.rpt
INFO: [Timing 38-91] UpdateTimingParams: Speed grade: -1, Delay Type: max.
INFO: [Timing 38-191] Multithreading enabled for timing update using a maximum of 2 CPUs
INFO: [Timing 38-78] ReportTimingParams: -max_paths 10 -nworst 1 -delay_type max -sort_by slack.
# set wns [get_property SLACK [get_timing_paths -delay_type max -max_paths 1]]
# set whs [get_property SLACK [get_timing_paths -delay_type min -max_paths 1]]
# set fmax [expr {1000.0 / (6.667 - $wns)}]
# if {$wns >= 0} {
#     puts "GEMM16_OOC_TIMING_PASS wns_ns=$wns whs_ns=$whs fmax_mhz=$fmax target_mhz=150.0"
# } else {
#     puts "GEMM16_OOC_TIMING_FAIL wns_ns=$wns whs_ns=$whs fmax_mhz=$fmax target_mhz=150.0"
# }
GEMM16_OOC_TIMING_FAIL wns_ns=-8.750 whs_ns=0.040 fmax_mhz=64.86346241162353 target_mhz=150.0
INFO: [Common 17-206] Exiting Vivado at Thu Sep 17 23:34:54 2026...
