
****** Vivado v2025.2 (64-bit)
  **** SW Build 6299465 on Fri Nov 14 19:35:11 GMT 2025
  **** IP Build 6300035 on Fri Nov 14 10:48:45 MST 2025
  **** SharedData Build 6298862 on Thu Nov 13 04:50:51 MST 2025
  **** Start of session at: Sat Sep 19 14:04:57 2026
    ** Copyright 1986-2022 Xilinx, Inc. All Rights Reserved.
    ** Copyright 2022-2025 Advanced Micro Devices, Inc. All Rights Reserved.

source syn_gemm_core_bmg_ooc.tcl -notrace
EES_SYNTH_STAGE READ_SOURCES
INFO: [IP_Flow 19-234] Refreshing IP repositories
INFO: [IP_Flow 19-1704] No user IP repositories specified
INFO: [IP_Flow 19-2313] Loaded Vivado IP repository 'F:/vivado2025/2025.2/Vivado/data/ip'.
WARNING: [Vivado 12-13650] The IP file 'E:/competition/2_fpga/3_yolo_zynq/rtl/GEMM/ip/gemm_bm_w_g0/gemm_bm_w_g0.xci' has been moved from its original location, as a result the outputs for this IP will now be generated in 'e:/competition/2_fpga/3_yolo_zynq/rtl/GEMM/ip/gemm_bm_w_g0'. Alternatively a copy of the IP can be imported into the project using one of the 'import_ip' or 'import_files' commands.
WARNING: [Vivado 12-13650] The IP file 'E:/competition/2_fpga/3_yolo_zynq/rtl/GEMM/ip/gemm_bm_w_g1/gemm_bm_w_g1.xci' has been moved from its original location, as a result the outputs for this IP will now be generated in 'e:/competition/2_fpga/3_yolo_zynq/rtl/GEMM/ip/gemm_bm_w_g1'. Alternatively a copy of the IP can be imported into the project using one of the 'import_ip' or 'import_files' commands.
WARNING: [Vivado 12-13650] The IP file 'E:/competition/2_fpga/3_yolo_zynq/rtl/GEMM/ip/gemm_bm_x_g0/gemm_bm_x_g0.xci' has been moved from its original location, as a result the outputs for this IP will now be generated in 'e:/competition/2_fpga/3_yolo_zynq/rtl/GEMM/ip/gemm_bm_x_g0'. Alternatively a copy of the IP can be imported into the project using one of the 'import_ip' or 'import_files' commands.
WARNING: [Vivado 12-13650] The IP file 'E:/competition/2_fpga/3_yolo_zynq/rtl/GEMM/ip/gemm_bm_x_g1/gemm_bm_x_g1.xci' has been moved from its original location, as a result the outputs for this IP will now be generated in 'e:/competition/2_fpga/3_yolo_zynq/rtl/GEMM/ip/gemm_bm_x_g1'. Alternatively a copy of the IP can be imported into the project using one of the 'import_ip' or 'import_files' commands.
WARNING: [Vivado 12-13650] The IP file 'E:/competition/2_fpga/3_yolo_zynq/rtl/GEMM/ip/gemm_bm_lut/gemm_bm_lut.xci' has been moved from its original location, as a result the outputs for this IP will now be generated in 'e:/competition/2_fpga/3_yolo_zynq/rtl/GEMM/ip/gemm_bm_lut'. Alternatively a copy of the IP can be imported into the project using one of the 'import_ip' or 'import_files' commands.
EES_SYNTH_STAGE IP_SYNTH_OOC
CRITICAL WARNING: [filemgmt 20-1365] Unable to generate target(s) for the following file is locked: E:/competition/2_fpga/3_yolo_zynq/rtl/GEMM/ip/gemm_bm_lut/gemm_bm_lut.xci
Locked reason: 
* Current project part 'xc7vx485tffg1157-1' and the part 'xc7z020clg484-1' used to customize the IP 'gemm_bm_lut' do not match.
CRITICAL WARNING: [filemgmt 20-1365] Unable to generate target(s) for the following file is locked: E:/competition/2_fpga/3_yolo_zynq/rtl/GEMM/ip/gemm_bm_w_g0/gemm_bm_w_g0.xci
Locked reason: 
* Current project part 'xc7vx485tffg1157-1' and the part 'xc7z020clg484-1' used to customize the IP 'gemm_bm_w_g0' do not match.
CRITICAL WARNING: [filemgmt 20-1365] Unable to generate target(s) for the following file is locked: E:/competition/2_fpga/3_yolo_zynq/rtl/GEMM/ip/gemm_bm_w_g1/gemm_bm_w_g1.xci
Locked reason: 
* Current project part 'xc7vx485tffg1157-1' and the part 'xc7z020clg484-1' used to customize the IP 'gemm_bm_w_g1' do not match.
CRITICAL WARNING: [filemgmt 20-1365] Unable to generate target(s) for the following file is locked: E:/competition/2_fpga/3_yolo_zynq/rtl/GEMM/ip/gemm_bm_x_g0/gemm_bm_x_g0.xci
Locked reason: 
* Current project part 'xc7vx485tffg1157-1' and the part 'xc7z020clg484-1' used to customize the IP 'gemm_bm_x_g0' do not match.
CRITICAL WARNING: [filemgmt 20-1365] Unable to generate target(s) for the following file is locked: E:/competition/2_fpga/3_yolo_zynq/rtl/GEMM/ip/gemm_bm_x_g1/gemm_bm_x_g1.xci
Locked reason: 
* Current project part 'xc7vx485tffg1157-1' and the part 'xc7z020clg484-1' used to customize the IP 'gemm_bm_x_g1' do not match.
INFO: [IP_Flow 19-234] Refreshing IP repositories
INFO: [IP_Flow 19-1704] No user IP repositories specified
INFO: [IP_Flow 19-2313] Loaded Vivado IP repository 'F:/vivado2025/2025.2/Vivado/data/ip'.
WARNING: [Vivado 12-13650] The IP file 'E:/competition/2_fpga/3_yolo_zynq/rtl/GEMM/ip/gemm_bm_lut/gemm_bm_lut.xci' has been moved from its original location, as a result the outputs for this IP will now be generated in 'e:/competition/2_fpga/3_yolo_zynq/rtl/GEMM/ip/gemm_bm_lut'. Alternatively a copy of the IP can be imported into the project using one of the 'import_ip' or 'import_files' commands.
Command: synth_design -top gemm_bm_lut -part xc7z020clg484-1 -mode out_of_context
Starting synth_design
Attempting to get a license for feature 'Synthesis' and/or device 'xc7z020'
INFO: [Common 17-349] Got license for feature 'Synthesis' and/or device 'xc7z020'
INFO: [Device 21-403] Loading part xc7z020clg484-1
INFO: [Synth 8-7079] Multithreading enabled for synth_design using a maximum of 2 processes.
INFO: [Synth 8-7078] Launching helper process for spawning children vivado processes
INFO: [Synth 8-7075] Helper process launched with PID 50296
---------------------------------------------------------------------------------
Starting RTL Elaboration : Time (s): cpu = 00:00:05 ; elapsed = 00:00:05 . Memory (MB): peak = 1355.820 ; gain = 540.113
---------------------------------------------------------------------------------
INFO: [Synth 8-638] synthesizing module 'gemm_bm_lut' [e:/competition/2_fpga/3_yolo_zynq/rtl/GEMM/ip/gemm_bm_lut/synth/gemm_bm_lut.vhd:73]
	Parameter C_FAMILY bound to: zynq - type: string 
	Parameter C_XDEVICEFAMILY bound to: zynq - type: string 
	Parameter C_ELABORATION_DIR bound to: ./ - type: string 
	Parameter C_INTERFACE_TYPE bound to: 0 - type: integer 
	Parameter C_AXI_TYPE bound to: 1 - type: integer 
	Parameter C_AXI_SLAVE_TYPE bound to: 0 - type: integer 
	Parameter C_USE_BRAM_BLOCK bound to: 0 - type: integer 
	Parameter C_ENABLE_32BIT_ADDRESS bound to: 0 - type: integer 
	Parameter C_CTRL_ECC_ALGO bound to: NONE - type: string 
	Parameter C_HAS_AXI_ID bound to: 0 - type: integer 
	Parameter C_AXI_ID_WIDTH bound to: 4 - type: integer 
	Parameter C_MEM_TYPE bound to: 1 - type: integer 
	Parameter C_BYTE_SIZE bound to: 9 - type: integer 
	Parameter C_ALGORITHM bound to: 1 - type: integer 
	Parameter C_PRIM_TYPE bound to: 1 - type: integer 
	Parameter C_LOAD_INIT_FILE bound to: 0 - type: integer 
	Parameter C_INIT_FILE_NAME bound to: no_coe_file_loaded - type: string 
	Parameter C_INIT_FILE bound to: gemm_bm_lut.mem - type: string 
	Parameter C_USE_DEFAULT_DATA bound to: 0 - type: integer 
	Parameter C_DEFAULT_DATA bound to: 0 - type: string 
	Parameter C_HAS_RSTA bound to: 0 - type: integer 
	Parameter C_RST_PRIORITY_A bound to: CE - type: string 
	Parameter C_RSTRAM_A bound to: 0 - type: integer 
	Parameter C_INITA_VAL bound to: 0 - type: string 
	Parameter C_HAS_ENA bound to: 1 - type: integer 
	Parameter C_HAS_REGCEA bound to: 0 - type: integer 
	Parameter C_USE_BYTE_WEA bound to: 0 - type: integer 
	Parameter C_WEA_WIDTH bound to: 1 - type: integer 
	Parameter C_WRITE_MODE_A bound to: NO_CHANGE - type: string 
	Parameter C_WRITE_WIDTH_A bound to: 8 - type: integer 
	Parameter C_READ_WIDTH_A bound to: 8 - type: integer 
	Parameter C_WRITE_DEPTH_A bound to: 256 - type: integer 
	Parameter C_READ_DEPTH_A bound to: 256 - type: integer 
	Parameter C_ADDRA_WIDTH bound to: 8 - type: integer 
	Parameter C_HAS_RSTB bound to: 0 - type: integer 
	Parameter C_RST_PRIORITY_B bound to: CE - type: string 
	Parameter C_RSTRAM_B bound to: 0 - type: integer 
	Parameter C_INITB_VAL bound to: 0 - type: string 
	Parameter C_HAS_ENB bound to: 1 - type: integer 
	Parameter C_HAS_REGCEB bound to: 0 - type: integer 
	Parameter C_USE_BYTE_WEB bound to: 0 - type: integer 
	Parameter C_WEB_WIDTH bound to: 1 - type: integer 
	Parameter C_WRITE_MODE_B bound to: WRITE_FIRST - type: string 
	Parameter C_WRITE_WIDTH_B bound to: 8 - type: integer 
	Parameter C_READ_WIDTH_B bound to: 8 - type: integer 
	Parameter C_WRITE_DEPTH_B bound to: 256 - type: integer 
	Parameter C_READ_DEPTH_B bound to: 256 - type: integer 
	Parameter C_ADDRB_WIDTH bound to: 8 - type: integer 
	Parameter C_HAS_MEM_OUTPUT_REGS_A bound to: 0 - type: integer 
	Parameter C_HAS_MEM_OUTPUT_REGS_B bound to: 0 - type: integer 
	Parameter C_HAS_MUX_OUTPUT_REGS_A bound to: 0 - type: integer 
	Parameter C_HAS_MUX_OUTPUT_REGS_B bound to: 0 - type: integer 
	Parameter C_MUX_PIPELINE_STAGES bound to: 0 - type: integer 
	Parameter C_HAS_SOFTECC_INPUT_REGS_A bound to: 0 - type: integer 
	Parameter C_HAS_SOFTECC_OUTPUT_REGS_B bound to: 0 - type: integer 
	Parameter C_USE_SOFTECC bound to: 0 - type: integer 
	Parameter C_USE_ECC bound to: 0 - type: integer 
	Parameter C_EN_ECC_PIPE bound to: 0 - type: integer 
	Parameter C_READ_LATENCY_A bound to: 1 - type: integer 
	Parameter C_READ_LATENCY_B bound to: 1 - type: integer 
	Parameter C_HAS_INJECTERR bound to: 0 - type: integer 
	Parameter C_SIM_COLLISION_CHECK bound to: ALL - type: string 
	Parameter C_COMMON_CLK bound to: 0 - type: integer 
	Parameter C_DISABLE_WARN_BHV_COLL bound to: 0 - type: integer 
	Parameter C_EN_SLEEP_PIN bound to: 0 - type: integer 
	Parameter C_USE_URAM bound to: 0 - type: integer 
	Parameter C_EN_RDADDRA_CHG bound to: 0 - type: integer 
	Parameter C_EN_RDADDRB_CHG bound to: 0 - type: integer 
	Parameter C_EN_DEEPSLEEP_PIN bound to: 0 - type: integer 
	Parameter C_EN_SHUTDOWN_PIN bound to: 0 - type: integer 
	Parameter C_EN_SAFETY_CKT bound to: 0 - type: integer 
	Parameter C_DISABLE_WARN_BHV_RANGE bound to: 0 - type: integer 
	Parameter C_COUNT_36K_BRAM bound to: 0 - type: string 
	Parameter C_COUNT_18K_BRAM bound to: 1 - type: string 
	Parameter C_EST_POWER_SUMMARY bound to: Estimated Power for IP     :     2.68455 mW - type: string 
INFO: [Synth 8-3491] module 'blk_mem_gen_v8_4_12' declared at 'e:/competition/2_fpga/3_yolo_zynq/rtl/GEMM/ip/gemm_bm_lut/hdl/blk_mem_gen_v8_4_vhsyn_rfs.vhd:195209' bound to instance 'U0' of component 'blk_mem_gen_v8_4_12' [e:/competition/2_fpga/3_yolo_zynq/rtl/GEMM/ip/gemm_bm_lut/synth/gemm_bm_lut.vhd:246]
INFO: [Synth 8-256] done synthesizing module 'gemm_bm_lut' (0#1) [e:/competition/2_fpga/3_yolo_zynq/rtl/GEMM/ip/gemm_bm_lut/synth/gemm_bm_lut.vhd:73]
INFO: [Synth 8-7129] Port CLKB in module blk_mem_output_block is either unconnected or has no load
INFO: [Synth 8-7129] Port DOUTA_I[7] in module blk_mem_output_block is either unconnected or has no load
INFO: [Synth 8-7129] Port DOUTA_I[6] in module blk_mem_output_block is either unconnected or has no load
INFO: [Synth 8-7129] Port DOUTA_I[5] in module blk_mem_output_block is either unconnected or has no load
INFO: [Synth 8-7129] Port DOUTA_I[4] in module blk_mem_output_block is either unconnected or has no load
INFO: [Synth 8-7129] Port DOUTA_I[3] in module blk_mem_output_block is either unconnected or has no load
INFO: [Synth 8-7129] Port DOUTA_I[2] in module blk_mem_output_block is either unconnected or has no load
INFO: [Synth 8-7129] Port DOUTA_I[1] in module blk_mem_output_block is either unconnected or has no load
INFO: [Synth 8-7129] Port DOUTA_I[0] in module blk_mem_output_block is either unconnected or has no load
INFO: [Synth 8-7129] Port SBITERR_I in module blk_mem_output_block is either unconnected or has no load
INFO: [Synth 8-7129] Port DBITERR_I in module blk_mem_output_block is either unconnected or has no load
INFO: [Synth 8-7129] Port RDADDRECC_I[7] in module blk_mem_output_block is either unconnected or has no load
INFO: [Synth 8-7129] Port RDADDRECC_I[6] in module blk_mem_output_block is either unconnected or has no load
INFO: [Synth 8-7129] Port RDADDRECC_I[5] in module blk_mem_output_block is either unconnected or has no load
INFO: [Synth 8-7129] Port RDADDRECC_I[4] in module blk_mem_output_block is either unconnected or has no load
INFO: [Synth 8-7129] Port RDADDRECC_I[3] in module blk_mem_output_block is either unconnected or has no load
INFO: [Synth 8-7129] Port RDADDRECC_I[2] in module blk_mem_output_block is either unconnected or has no load
INFO: [Synth 8-7129] Port RDADDRECC_I[1] in module blk_mem_output_block is either unconnected or has no load
INFO: [Synth 8-7129] Port RDADDRECC_I[0] in module blk_mem_output_block is either unconnected or has no load
INFO: [Synth 8-7129] Port DOUTA[35] in module blk_mem_gen_prim_wrapper is either unconnected or has no load
INFO: [Synth 8-7129] Port DOUTA[34] in module blk_mem_gen_prim_wrapper is either unconnected or has no load
INFO: [Synth 8-7129] Port DOUTA[33] in module blk_mem_gen_prim_wrapper is either unconnected or has no load
INFO: [Synth 8-7129] Port DOUTA[32] in module blk_mem_gen_prim_wrapper is either unconnected or has no load
INFO: [Synth 8-7129] Port DOUTA[31] in module blk_mem_gen_prim_wrapper is either unconnected or has no load
INFO: [Synth 8-7129] Port DOUTA[30] in module blk_mem_gen_prim_wrapper is either unconnected or has no load
INFO: [Synth 8-7129] Port DOUTA[29] in module blk_mem_gen_prim_wrapper is either unconnected or has no load
INFO: [Synth 8-7129] Port DOUTA[28] in module blk_mem_gen_prim_wrapper is either unconnected or has no load
INFO: [Synth 8-7129] Port DOUTA[27] in module blk_mem_gen_prim_wrapper is either unconnected or has no load
INFO: [Synth 8-7129] Port DOUTA[26] in module blk_mem_gen_prim_wrapper is either unconnected or has no load
INFO: [Synth 8-7129] Port DOUTA[25] in module blk_mem_gen_prim_wrapper is either unconnected or has no load
INFO: [Synth 8-7129] Port DOUTA[24] in module blk_mem_gen_prim_wrapper is either unconnected or has no load
INFO: [Synth 8-7129] Port DOUTA[23] in module blk_mem_gen_prim_wrapper is either unconnected or has no load
INFO: [Synth 8-7129] Port DOUTA[22] in module blk_mem_gen_prim_wrapper is either unconnected or has no load
INFO: [Synth 8-7129] Port DOUTA[21] in module blk_mem_gen_prim_wrapper is either unconnected or has no load
INFO: [Synth 8-7129] Port DOUTA[20] in module blk_mem_gen_prim_wrapper is either unconnected or has no load
INFO: [Synth 8-7129] Port DOUTA[19] in module blk_mem_gen_prim_wrapper is either unconnected or has no load
INFO: [Synth 8-7129] Port DOUTA[18] in module blk_mem_gen_prim_wrapper is either unconnected or has no load
INFO: [Synth 8-7129] Port DOUTA[17] in module blk_mem_gen_prim_wrapper is either unconnected or has no load
INFO: [Synth 8-7129] Port DOUTA[16] in module blk_mem_gen_prim_wrapper is either unconnected or has no load
INFO: [Synth 8-7129] Port DOUTA[15] in module blk_mem_gen_prim_wrapper is either unconnected or has no load
INFO: [Synth 8-7129] Port DOUTA[14] in module blk_mem_gen_prim_wrapper is either unconnected or has no load
INFO: [Synth 8-7129] Port DOUTA[13] in module blk_mem_gen_prim_wrapper is either unconnected or has no load
INFO: [Synth 8-7129] Port DOUTA[12] in module blk_mem_gen_prim_wrapper is either unconnected or has no load
INFO: [Synth 8-7129] Port DOUTA[11] in module blk_mem_gen_prim_wrapper is either unconnected or has no load
INFO: [Synth 8-7129] Port DOUTA[10] in module blk_mem_gen_prim_wrapper is either unconnected or has no load
INFO: [Synth 8-7129] Port DOUTA[9] in module blk_mem_gen_prim_wrapper is either unconnected or has no load
INFO: [Synth 8-7129] Port DOUTA[8] in module blk_mem_gen_prim_wrapper is either unconnected or has no load
INFO: [Synth 8-7129] Port DOUTA[7] in module blk_mem_gen_prim_wrapper is either unconnected or has no load
INFO: [Synth 8-7129] Port DOUTA[6] in module blk_mem_gen_prim_wrapper is either unconnected or has no load
INFO: [Synth 8-7129] Port DOUTA[5] in module blk_mem_gen_prim_wrapper is either unconnected or has no load
INFO: [Synth 8-7129] Port DOUTA[4] in module blk_mem_gen_prim_wrapper is either unconnected or has no load
INFO: [Synth 8-7129] Port DOUTA[3] in module blk_mem_gen_prim_wrapper is either unconnected or has no load
INFO: [Synth 8-7129] Port DOUTA[2] in module blk_mem_gen_prim_wrapper is either unconnected or has no load
INFO: [Synth 8-7129] Port DOUTA[1] in module blk_mem_gen_prim_wrapper is either unconnected or has no load
INFO: [Synth 8-7129] Port DOUTA[0] in module blk_mem_gen_prim_wrapper is either unconnected or has no load
INFO: [Synth 8-7129] Port SBITERR in module blk_mem_gen_prim_wrapper is either unconnected or has no load
INFO: [Synth 8-7129] Port DBITERR in module blk_mem_gen_prim_wrapper is either unconnected or has no load
INFO: [Synth 8-7129] Port SSRA in module blk_mem_gen_prim_wrapper is either unconnected or has no load
INFO: [Synth 8-7129] Port REGCEA in module blk_mem_gen_prim_wrapper is either unconnected or has no load
INFO: [Synth 8-7129] Port SSRB in module blk_mem_gen_prim_wrapper is either unconnected or has no load
INFO: [Synth 8-7129] Port WEB[0] in module blk_mem_gen_prim_wrapper is either unconnected or has no load
INFO: [Synth 8-7129] Port DINB[35] in module blk_mem_gen_prim_wrapper is either unconnected or has no load
INFO: [Synth 8-7129] Port DINB[34] in module blk_mem_gen_prim_wrapper is either unconnected or has no load
INFO: [Synth 8-7129] Port DINB[33] in module blk_mem_gen_prim_wrapper is either unconnected or has no load
INFO: [Synth 8-7129] Port DINB[32] in module blk_mem_gen_prim_wrapper is either unconnected or has no load
INFO: [Synth 8-7129] Port DINB[31] in module blk_mem_gen_prim_wrapper is either unconnected or has no load
INFO: [Synth 8-7129] Port DINB[30] in module blk_mem_gen_prim_wrapper is either unconnected or has no load
INFO: [Synth 8-7129] Port DINB[29] in module blk_mem_gen_prim_wrapper is either unconnected or has no load
INFO: [Synth 8-7129] Port DINB[28] in module blk_mem_gen_prim_wrapper is either unconnected or has no load
INFO: [Synth 8-7129] Port DINB[27] in module blk_mem_gen_prim_wrapper is either unconnected or has no load
INFO: [Synth 8-7129] Port DINB[26] in module blk_mem_gen_prim_wrapper is either unconnected or has no load
INFO: [Synth 8-7129] Port DINB[25] in module blk_mem_gen_prim_wrapper is either unconnected or has no load
INFO: [Synth 8-7129] Port DINB[24] in module blk_mem_gen_prim_wrapper is either unconnected or has no load
INFO: [Synth 8-7129] Port DINB[23] in module blk_mem_gen_prim_wrapper is either unconnected or has no load
INFO: [Synth 8-7129] Port DINB[22] in module blk_mem_gen_prim_wrapper is either unconnected or has no load
INFO: [Synth 8-7129] Port DINB[21] in module blk_mem_gen_prim_wrapper is either unconnected or has no load
INFO: [Synth 8-7129] Port DINB[20] in module blk_mem_gen_prim_wrapper is either unconnected or has no load
INFO: [Synth 8-7129] Port DINB[19] in module blk_mem_gen_prim_wrapper is either unconnected or has no load
INFO: [Synth 8-7129] Port DINB[18] in module blk_mem_gen_prim_wrapper is either unconnected or has no load
INFO: [Synth 8-7129] Port DINB[17] in module blk_mem_gen_prim_wrapper is either unconnected or has no load
INFO: [Synth 8-7129] Port DINB[16] in module blk_mem_gen_prim_wrapper is either unconnected or has no load
INFO: [Synth 8-7129] Port DINB[15] in module blk_mem_gen_prim_wrapper is either unconnected or has no load
INFO: [Synth 8-7129] Port DINB[14] in module blk_mem_gen_prim_wrapper is either unconnected or has no load
INFO: [Synth 8-7129] Port DINB[13] in module blk_mem_gen_prim_wrapper is either unconnected or has no load
INFO: [Synth 8-7129] Port DINB[12] in module blk_mem_gen_prim_wrapper is either unconnected or has no load
INFO: [Synth 8-7129] Port DINB[11] in module blk_mem_gen_prim_wrapper is either unconnected or has no load
INFO: [Synth 8-7129] Port DINB[10] in module blk_mem_gen_prim_wrapper is either unconnected or has no load
INFO: [Synth 8-7129] Port DINB[9] in module blk_mem_gen_prim_wrapper is either unconnected or has no load
INFO: [Synth 8-7129] Port DINB[8] in module blk_mem_gen_prim_wrapper is either unconnected or has no load
INFO: [Synth 8-7129] Port DINB[7] in module blk_mem_gen_prim_wrapper is either unconnected or has no load
INFO: [Synth 8-7129] Port DINB[6] in module blk_mem_gen_prim_wrapper is either unconnected or has no load
INFO: [Synth 8-7129] Port DINB[5] in module blk_mem_gen_prim_wrapper is either unconnected or has no load
INFO: [Synth 8-7129] Port DINB[4] in module blk_mem_gen_prim_wrapper is either unconnected or has no load
INFO: [Synth 8-7129] Port DINB[3] in module blk_mem_gen_prim_wrapper is either unconnected or has no load
INFO: [Synth 8-7129] Port DINB[2] in module blk_mem_gen_prim_wrapper is either unconnected or has no load
INFO: [Synth 8-7129] Port DINB[1] in module blk_mem_gen_prim_wrapper is either unconnected or has no load
INFO: [Synth 8-7129] Port DINB[0] in module blk_mem_gen_prim_wrapper is either unconnected or has no load
INFO: [Synth 8-7129] Port SLEEP in module blk_mem_gen_prim_wrapper is either unconnected or has no load
INFO: [Synth 8-7129] Port INJECTSBITERR in module blk_mem_gen_prim_wrapper is either unconnected or has no load
INFO: [Synth 8-7129] Port INJECTDBITERR in module blk_mem_gen_prim_wrapper is either unconnected or has no load
INFO: [Common 17-14] Message 'Synth 8-7129' appears 100 times and further instances of the messages will be disabled. Use the Tcl command set_msg_config to change the current settings.
---------------------------------------------------------------------------------
Finished RTL Elaboration : Time (s): cpu = 00:00:10 ; elapsed = 00:00:10 . Memory (MB): peak = 1733.324 ; gain = 917.617
---------------------------------------------------------------------------------
---------------------------------------------------------------------------------
Start Handling Custom Attributes
---------------------------------------------------------------------------------
---------------------------------------------------------------------------------
Finished Handling Custom Attributes : Time (s): cpu = 00:00:10 ; elapsed = 00:00:10 . Memory (MB): peak = 1733.324 ; gain = 917.617
---------------------------------------------------------------------------------
---------------------------------------------------------------------------------
Finished RTL Optimization Phase 1 : Time (s): cpu = 00:00:10 ; elapsed = 00:00:10 . Memory (MB): peak = 1733.324 ; gain = 917.617
---------------------------------------------------------------------------------
Netlist sorting complete. Time (s): cpu = 00:00:00 ; elapsed = 00:00:00.004 . Memory (MB): peak = 1733.324 ; gain = 0.000
INFO: [Netlist 29-17] Analyzing 1 Unisim elements for replacement
INFO: [Netlist 29-28] Unisim Transformation completed in 0 CPU seconds
INFO: [Project 1-570] Preparing netlist for logic optimization

Processing XDC Constraints
Initializing timing engine
Parsing XDC File [e:/competition/2_fpga/3_yolo_zynq/rtl/GEMM/ip/gemm_bm_lut/gemm_bm_lut_ooc.xdc] for cell 'U0'
Finished Parsing XDC File [e:/competition/2_fpga/3_yolo_zynq/rtl/GEMM/ip/gemm_bm_lut/gemm_bm_lut_ooc.xdc] for cell 'U0'
Completed Processing XDC Constraints

Netlist sorting complete. Time (s): cpu = 00:00:00 ; elapsed = 00:00:00 . Memory (MB): peak = 1733.324 ; gain = 0.000
INFO: [Project 1-111] Unisim Transformation Summary:
No Unisim elements were transformed.

Constraint Validation Runtime : Time (s): cpu = 00:00:00 ; elapsed = 00:00:00.017 . Memory (MB): peak = 1733.324 ; gain = 0.000
---------------------------------------------------------------------------------
Finished Constraint Validation : Time (s): cpu = 00:00:15 ; elapsed = 00:00:15 . Memory (MB): peak = 1733.324 ; gain = 917.617
---------------------------------------------------------------------------------
---------------------------------------------------------------------------------
Start Loading Part and Timing Information
---------------------------------------------------------------------------------
Loading part: xc7z020clg484-1
---------------------------------------------------------------------------------
Finished Loading Part and Timing Information : Time (s): cpu = 00:00:15 ; elapsed = 00:00:15 . Memory (MB): peak = 1733.324 ; gain = 917.617
---------------------------------------------------------------------------------
---------------------------------------------------------------------------------
Start Applying 'set_property' XDC Constraints
---------------------------------------------------------------------------------
---------------------------------------------------------------------------------
Finished applying 'set_property' XDC Constraints : Time (s): cpu = 00:00:15 ; elapsed = 00:00:15 . Memory (MB): peak = 1733.324 ; gain = 917.617
---------------------------------------------------------------------------------
---------------------------------------------------------------------------------
Finished RTL Optimization Phase 2 : Time (s): cpu = 00:00:15 ; elapsed = 00:00:15 . Memory (MB): peak = 1733.324 ; gain = 917.617
---------------------------------------------------------------------------------
---------------------------------------------------------------------------------
Start RTL Component Statistics 
---------------------------------------------------------------------------------
---------------------------------------------------------------------------------
Finished RTL Component Statistics 
---------------------------------------------------------------------------------
---------------------------------------------------------------------------------
Start Part Resource Summary
---------------------------------------------------------------------------------
Part Resources:
DSPs: 220 (col length:60)
BRAMs: 280 (col length: RAMB18 60 RAMB36 30)
---------------------------------------------------------------------------------
Finished Part Resource Summary
---------------------------------------------------------------------------------
---------------------------------------------------------------------------------
Start Cross Boundary and Area Optimization
---------------------------------------------------------------------------------
---------------------------------------------------------------------------------
Finished Cross Boundary and Area Optimization : Time (s): cpu = 00:00:16 ; elapsed = 00:00:16 . Memory (MB): peak = 1733.324 ; gain = 917.617
---------------------------------------------------------------------------------
---------------------------------------------------------------------------------
Start Applying XDC Timing Constraints
---------------------------------------------------------------------------------
---------------------------------------------------------------------------------
Finished Applying XDC Timing Constraints : Time (s): cpu = 00:00:20 ; elapsed = 00:00:20 . Memory (MB): peak = 1733.324 ; gain = 917.617
---------------------------------------------------------------------------------
---------------------------------------------------------------------------------
Start Timing Optimization
---------------------------------------------------------------------------------
---------------------------------------------------------------------------------
Finished Timing Optimization : Time (s): cpu = 00:00:20 ; elapsed = 00:00:20 . Memory (MB): peak = 1733.324 ; gain = 917.617
---------------------------------------------------------------------------------
---------------------------------------------------------------------------------
Start Technology Mapping
---------------------------------------------------------------------------------
---------------------------------------------------------------------------------
Finished Technology Mapping : Time (s): cpu = 00:00:20 ; elapsed = 00:00:20 . Memory (MB): peak = 1733.324 ; gain = 917.617
---------------------------------------------------------------------------------
---------------------------------------------------------------------------------
Start IO Insertion
---------------------------------------------------------------------------------
---------------------------------------------------------------------------------
Start Flattening Before IO Insertion
---------------------------------------------------------------------------------
---------------------------------------------------------------------------------
Finished Flattening Before IO Insertion
---------------------------------------------------------------------------------
---------------------------------------------------------------------------------
Start Final Netlist Cleanup
---------------------------------------------------------------------------------
---------------------------------------------------------------------------------
Finished Final Netlist Cleanup
---------------------------------------------------------------------------------
---------------------------------------------------------------------------------
Finished IO Insertion : Time (s): cpu = 00:00:22 ; elapsed = 00:00:23 . Memory (MB): peak = 1953.977 ; gain = 1138.270
---------------------------------------------------------------------------------
---------------------------------------------------------------------------------
Start Renaming Generated Instances
---------------------------------------------------------------------------------
---------------------------------------------------------------------------------
Finished Renaming Generated Instances : Time (s): cpu = 00:00:22 ; elapsed = 00:00:23 . Memory (MB): peak = 1953.977 ; gain = 1138.270
---------------------------------------------------------------------------------
---------------------------------------------------------------------------------
Start Rebuilding User Hierarchy
---------------------------------------------------------------------------------
---------------------------------------------------------------------------------
Finished Rebuilding User Hierarchy : Time (s): cpu = 00:00:22 ; elapsed = 00:00:23 . Memory (MB): peak = 1953.977 ; gain = 1138.270
---------------------------------------------------------------------------------
---------------------------------------------------------------------------------
Start Renaming Generated Ports
---------------------------------------------------------------------------------
---------------------------------------------------------------------------------
Finished Renaming Generated Ports : Time (s): cpu = 00:00:22 ; elapsed = 00:00:23 . Memory (MB): peak = 1953.977 ; gain = 1138.270
---------------------------------------------------------------------------------
---------------------------------------------------------------------------------
Start Handling Custom Attributes
---------------------------------------------------------------------------------
---------------------------------------------------------------------------------
Finished Handling Custom Attributes : Time (s): cpu = 00:00:22 ; elapsed = 00:00:23 . Memory (MB): peak = 1953.977 ; gain = 1138.270
---------------------------------------------------------------------------------
---------------------------------------------------------------------------------
Start Renaming Generated Nets
---------------------------------------------------------------------------------
---------------------------------------------------------------------------------
Finished Renaming Generated Nets : Time (s): cpu = 00:00:22 ; elapsed = 00:00:23 . Memory (MB): peak = 1953.977 ; gain = 1138.270
---------------------------------------------------------------------------------
---------------------------------------------------------------------------------
Start Writing Synthesis Report
---------------------------------------------------------------------------------

Report BlackBoxes: 
+-+--------------+----------+
| |BlackBox name |Instances |
+-+--------------+----------+
+-+--------------+----------+

Report Cell Usage: 
+------+---------+------+
|      |Cell     |Count |
+------+---------+------+
|1     |RAMB18E1 |     1|
+------+---------+------+
---------------------------------------------------------------------------------
Finished Writing Synthesis Report : Time (s): cpu = 00:00:22 ; elapsed = 00:00:23 . Memory (MB): peak = 1953.977 ; gain = 1138.270
---------------------------------------------------------------------------------
Synthesis finished with 0 errors, 0 critical warnings and 0 warnings.
Synthesis Optimization Runtime : Time (s): cpu = 00:00:11 ; elapsed = 00:00:21 . Memory (MB): peak = 1953.977 ; gain = 1138.270
Synthesis Optimization Complete : Time (s): cpu = 00:00:22 ; elapsed = 00:00:23 . Memory (MB): peak = 1953.977 ; gain = 1138.270
INFO: [Project 1-571] Translating synthesized netlist
Netlist sorting complete. Time (s): cpu = 00:00:00 ; elapsed = 00:00:00.001 . Memory (MB): peak = 1953.977 ; gain = 0.000
INFO: [Netlist 29-17] Analyzing 1 Unisim elements for replacement
INFO: [Netlist 29-28] Unisim Transformation completed in 0 CPU seconds
INFO: [Project 1-570] Preparing netlist for logic optimization
Parsing XDC File [e:/competition/2_fpga/3_yolo_zynq/rtl/GEMM/ip/gemm_bm_lut/gemm_bm_lut_ooc.xdc] for cell 'U0'
INFO: [Vivado 12-4761] HD.CLK_SRC property is set on port clka. The net connecting to the port drives either clock PIN or hierarchical black box. Use the create_clock constraint to create a clock on this port prior to setting HD.CLK_SRC.  [e:/competition/2_fpga/3_yolo_zynq/rtl/GEMM/ip/gemm_bm_lut/gemm_bm_lut_ooc.xdc:54]
INFO: [Vivado 12-4761] HD.CLK_SRC property is set on port clkb. The net connecting to the port drives either clock PIN or hierarchical black box. Use the create_clock constraint to create a clock on this port prior to setting HD.CLK_SRC.  [e:/competition/2_fpga/3_yolo_zynq/rtl/GEMM/ip/gemm_bm_lut/gemm_bm_lut_ooc.xdc:57]
Finished Parsing XDC File [e:/competition/2_fpga/3_yolo_zynq/rtl/GEMM/ip/gemm_bm_lut/gemm_bm_lut_ooc.xdc] for cell 'U0'
INFO: [Opt 31-138] Pushed 0 inverter(s) to 0 load pin(s).
Netlist sorting complete. Time (s): cpu = 00:00:00 ; elapsed = 00:00:00 . Memory (MB): peak = 1966.816 ; gain = 0.000
INFO: [Project 1-111] Unisim Transformation Summary:
No Unisim elements were transformed.

Synth Design complete | Checksum: 56061bc
INFO: [Common 17-83] Releasing license: Synthesis
128 Infos, 6 Warnings, 5 Critical Warnings and 0 Errors encountered.
synth_design completed successfully
synth_design: Time (s): cpu = 00:00:25 ; elapsed = 00:00:26 . Memory (MB): peak = 1966.816 ; gain = 1383.547
INFO: [Coretcl 2-1174] Renamed 6 cell refs.
INFO: [Timing 38-480] Writing timing data to binary archive.
INFO: [Common 17-1381] The checkpoint 'e:/competition/2_fpga/3_yolo_zynq/rtl/GEMM/ip/gemm_bm_lut/gemm_bm_lut.dcp' has been generated.
INFO: [IP_Flow 19-234] Refreshing IP repositories
INFO: [IP_Flow 19-1704] No user IP repositories specified
INFO: [IP_Flow 19-2313] Loaded Vivado IP repository 'F:/vivado2025/2025.2/Vivado/data/ip'.
WARNING: [Vivado 12-13650] The IP file 'E:/competition/2_fpga/3_yolo_zynq/rtl/GEMM/ip/gemm_bm_w_g0/gemm_bm_w_g0.xci' has been moved from its original location, as a result the outputs for this IP will now be generated in 'e:/competition/2_fpga/3_yolo_zynq/rtl/GEMM/ip/gemm_bm_w_g0'. Alternatively a copy of the IP can be imported into the project using one of the 'import_ip' or 'import_files' commands.
Command: synth_design -top gemm_bm_w_g0 -part xc7z020clg484-1 -mode out_of_context
Starting synth_design
Attempting to get a license for feature 'Synthesis' and/or device 'xc7z020'
INFO: [Common 17-349] Got license for feature 'Synthesis' and/or device 'xc7z020'
INFO: [Synth 8-7079] Multithreading enabled for synth_design using a maximum of 2 processes.
---------------------------------------------------------------------------------
Starting RTL Elaboration : Time (s): cpu = 00:00:04 ; elapsed = 00:00:05 . Memory (MB): peak = 1966.816 ; gain = 0.000
---------------------------------------------------------------------------------
INFO: [Synth 8-638] synthesizing module 'gemm_bm_w_g0' [e:/competition/2_fpga/3_yolo_zynq/rtl/GEMM/ip/gemm_bm_w_g0/synth/gemm_bm_w_g0.vhd:76]
	Parameter C_FAMILY bound to: zynq - type: string 
	Parameter C_XDEVICEFAMILY bound to: zynq - type: string 
	Parameter C_ELABORATION_DIR bound to: ./ - type: string 
	Parameter C_INTERFACE_TYPE bound to: 0 - type: integer 
	Parameter C_AXI_TYPE bound to: 1 - type: integer 
	Parameter C_AXI_SLAVE_TYPE bound to: 0 - type: integer 
	Parameter C_USE_BRAM_BLOCK bound to: 0 - type: integer 
	Parameter C_ENABLE_32BIT_ADDRESS bound to: 0 - type: integer 
	Parameter C_CTRL_ECC_ALGO bound to: NONE - type: string 
	Parameter C_HAS_AXI_ID bound to: 0 - type: integer 
	Parameter C_AXI_ID_WIDTH bound to: 4 - type: integer 
	Parameter C_MEM_TYPE bound to: 2 - type: integer 
	Parameter C_BYTE_SIZE bound to: 8 - type: integer 
	Parameter C_ALGORITHM bound to: 1 - type: integer 
	Parameter C_PRIM_TYPE bound to: 1 - type: integer 
	Parameter C_LOAD_INIT_FILE bound to: 0 - type: integer 
	Parameter C_INIT_FILE_NAME bound to: no_coe_file_loaded - type: string 
	Parameter C_INIT_FILE bound to: gemm_bm_w_g0.mem - type: string 
	Parameter C_USE_DEFAULT_DATA bound to: 0 - type: integer 
	Parameter C_DEFAULT_DATA bound to: 0 - type: string 
	Parameter C_HAS_RSTA bound to: 0 - type: integer 
	Parameter C_RST_PRIORITY_A bound to: CE - type: string 
	Parameter C_RSTRAM_A bound to: 0 - type: integer 
	Parameter C_INITA_VAL bound to: 0 - type: string 
	Parameter C_HAS_ENA bound to: 1 - type: integer 
	Parameter C_HAS_REGCEA bound to: 0 - type: integer 
	Parameter C_USE_BYTE_WEA bound to: 1 - type: integer 
	Parameter C_WEA_WIDTH bound to: 8 - type: integer 
	Parameter C_WRITE_MODE_A bound to: WRITE_FIRST - type: string 
	Parameter C_WRITE_WIDTH_A bound to: 64 - type: integer 
	Parameter C_READ_WIDTH_A bound to: 64 - type: integer 
	Parameter C_WRITE_DEPTH_A bound to: 1024 - type: integer 
	Parameter C_READ_DEPTH_A bound to: 1024 - type: integer 
	Parameter C_ADDRA_WIDTH bound to: 10 - type: integer 
	Parameter C_HAS_RSTB bound to: 0 - type: integer 
	Parameter C_RST_PRIORITY_B bound to: CE - type: string 
	Parameter C_RSTRAM_B bound to: 0 - type: integer 
	Parameter C_INITB_VAL bound to: 0 - type: string 
	Parameter C_HAS_ENB bound to: 1 - type: integer 
	Parameter C_HAS_REGCEB bound to: 0 - type: integer 
	Parameter C_USE_BYTE_WEB bound to: 1 - type: integer 
	Parameter C_WEB_WIDTH bound to: 8 - type: integer 
	Parameter C_WRITE_MODE_B bound to: WRITE_FIRST - type: string 
	Parameter C_WRITE_WIDTH_B bound to: 64 - type: integer 
	Parameter C_READ_WIDTH_B bound to: 64 - type: integer 
	Parameter C_WRITE_DEPTH_B bound to: 1024 - type: integer 
	Parameter C_READ_DEPTH_B bound to: 1024 - type: integer 
	Parameter C_ADDRB_WIDTH bound to: 10 - type: integer 
	Parameter C_HAS_MEM_OUTPUT_REGS_A bound to: 0 - type: integer 
	Parameter C_HAS_MEM_OUTPUT_REGS_B bound to: 0 - type: integer 
	Parameter C_HAS_MUX_OUTPUT_REGS_A bound to: 0 - type: integer 
	Parameter C_HAS_MUX_OUTPUT_REGS_B bound to: 0 - type: integer 
	Parameter C_MUX_PIPELINE_STAGES bound to: 0 - type: integer 
	Parameter C_HAS_SOFTECC_INPUT_REGS_A bound to: 0 - type: integer 
	Parameter C_HAS_SOFTECC_OUTPUT_REGS_B bound to: 0 - type: integer 
	Parameter C_USE_SOFTECC bound to: 0 - type: integer 
	Parameter C_USE_ECC bound to: 0 - type: integer 
	Parameter C_EN_ECC_PIPE bound to: 0 - type: integer 
	Parameter C_READ_LATENCY_A bound to: 1 - type: integer 
	Parameter C_READ_LATENCY_B bound to: 1 - type: integer 
	Parameter C_HAS_INJECTERR bound to: 0 - type: integer 
	Parameter C_SIM_COLLISION_CHECK bound to: ALL - type: string 
	Parameter C_COMMON_CLK bound to: 0 - type: integer 
	Parameter C_DISABLE_WARN_BHV_COLL bound to: 0 - type: integer 
	Parameter C_EN_SLEEP_PIN bound to: 0 - type: integer 
	Parameter C_USE_URAM bound to: 0 - type: integer 
	Parameter C_EN_RDADDRA_CHG bound to: 0 - type: integer 
	Parameter C_EN_RDADDRB_CHG bound to: 0 - type: integer 
	Parameter C_EN_DEEPSLEEP_PIN bound to: 0 - type: integer 
	Parameter C_EN_SHUTDOWN_PIN bound to: 0 - type: integer 
	Parameter C_EN_SAFETY_CKT bound to: 0 - type: integer 
	Parameter C_DISABLE_WARN_BHV_RANGE bound to: 0 - type: integer 
	Parameter C_COUNT_36K_BRAM bound to: 2 - type: string 
	Parameter C_COUNT_18K_BRAM bound to: 0 - type: string 
	Parameter C_EST_POWER_SUMMARY bound to: Estimated Power for IP     :     11.859801 mW - type: string 
INFO: [Synth 8-3491] module 'blk_mem_gen_v8_4_12' declared at 'e:/competition/2_fpga/3_yolo_zynq/rtl/GEMM/ip/gemm_bm_w_g0/hdl/blk_mem_gen_v8_4_vhsyn_rfs.vhd:195209' bound to instance 'U0' of component 'blk_mem_gen_v8_4_12' [e:/competition/2_fpga/3_yolo_zynq/rtl/GEMM/ip/gemm_bm_w_g0/synth/gemm_bm_w_g0.vhd:252]
INFO: [Synth 8-256] done synthesizing module 'gemm_bm_w_g0' (0#1) [e:/competition/2_fpga/3_yolo_zynq/rtl/GEMM/ip/gemm_bm_w_g0/synth/gemm_bm_w_g0.vhd:76]
INFO: [Synth 8-7129] Port CLKB in module blk_mem_output_block is either unconnected or has no load
INFO: [Synth 8-7129] Port SBITERR_I in module blk_mem_output_block is either unconnected or has no load
INFO: [Synth 8-7129] Port DBITERR_I in module blk_mem_output_block is either unconnected or has no load
INFO: [Synth 8-7129] Port RDADDRECC_I[9] in module blk_mem_output_block is either unconnected or has no load
INFO: [Synth 8-7129] Port RDADDRECC_I[8] in module blk_mem_output_block is either unconnected or has no load
INFO: [Synth 8-7129] Port RDADDRECC_I[7] in module blk_mem_output_block is either unconnected or has no load
INFO: [Synth 8-7129] Port RDADDRECC_I[6] in module blk_mem_output_block is either unconnected or has no load
INFO: [Synth 8-7129] Port RDADDRECC_I[5] in module blk_mem_output_block is either unconnected or has no load
INFO: [Synth 8-7129] Port RDADDRECC_I[4] in module blk_mem_output_block is either unconnected or has no load
INFO: [Synth 8-7129] Port RDADDRECC_I[3] in module blk_mem_output_block is either unconnected or has no load
INFO: [Synth 8-7129] Port RDADDRECC_I[2] in module blk_mem_output_block is either unconnected or has no load
INFO: [Synth 8-7129] Port RDADDRECC_I[1] in module blk_mem_output_block is either unconnected or has no load
INFO: [Synth 8-7129] Port RDADDRECC_I[0] in module blk_mem_output_block is either unconnected or has no load
INFO: [Synth 8-7129] Port SBITERR in module blk_mem_gen_prim_wrapper__parameterized0 is either unconnected or has no load
INFO: [Synth 8-7129] Port DBITERR in module blk_mem_gen_prim_wrapper__parameterized0 is either unconnected or has no load
INFO: [Synth 8-7129] Port SSRA in module blk_mem_gen_prim_wrapper__parameterized0 is either unconnected or has no load
INFO: [Synth 8-7129] Port SSRB in module blk_mem_gen_prim_wrapper__parameterized0 is either unconnected or has no load
INFO: [Synth 8-7129] Port SLEEP in module blk_mem_gen_prim_wrapper__parameterized0 is either unconnected or has no load
INFO: [Synth 8-7129] Port INJECTSBITERR in module blk_mem_gen_prim_wrapper__parameterized0 is either unconnected or has no load
INFO: [Synth 8-7129] Port INJECTDBITERR in module blk_mem_gen_prim_wrapper__parameterized0 is either unconnected or has no load
INFO: [Synth 8-7129] Port ECCPIPECE in module blk_mem_gen_prim_wrapper__parameterized0 is either unconnected or has no load
INFO: [Synth 8-7129] Port SBITERR in module blk_mem_gen_prim_wrapper is either unconnected or has no load
INFO: [Synth 8-7129] Port DBITERR in module blk_mem_gen_prim_wrapper is either unconnected or has no load
INFO: [Synth 8-7129] Port SSRA in module blk_mem_gen_prim_wrapper is either unconnected or has no load
INFO: [Synth 8-7129] Port SSRB in module blk_mem_gen_prim_wrapper is either unconnected or has no load
INFO: [Synth 8-7129] Port SLEEP in module blk_mem_gen_prim_wrapper is either unconnected or has no load
INFO: [Synth 8-7129] Port INJECTSBITERR in module blk_mem_gen_prim_wrapper is either unconnected or has no load
INFO: [Synth 8-7129] Port INJECTDBITERR in module blk_mem_gen_prim_wrapper is either unconnected or has no load
INFO: [Synth 8-7129] Port ECCPIPECE in module blk_mem_gen_prim_wrapper is either unconnected or has no load
INFO: [Synth 8-7129] Port REGCEA[0] in module blk_mem_gen_generic_cstr is either unconnected or has no load
INFO: [Synth 8-7129] Port REGCEB[0] in module blk_mem_gen_generic_cstr is either unconnected or has no load
INFO: [Synth 8-7129] Port INJECTSBITERR in module blk_mem_gen_generic_cstr is either unconnected or has no load
INFO: [Synth 8-7129] Port INJECTDBITERR in module blk_mem_gen_generic_cstr is either unconnected or has no load
INFO: [Synth 8-7129] Port RSTA in module blk_mem_input_block is either unconnected or has no load
INFO: [Synth 8-7129] Port REGCEA in module blk_mem_input_block is either unconnected or has no load
INFO: [Synth 8-7129] Port RSTB in module blk_mem_input_block is either unconnected or has no load
INFO: [Synth 8-7129] Port REGCEB in module blk_mem_input_block is either unconnected or has no load
INFO: [Synth 8-7129] Port INJECTDBITERR in module blk_mem_input_block is either unconnected or has no load
INFO: [Synth 8-7129] Port INJECTSBITERR in module blk_mem_input_block is either unconnected or has no load
INFO: [Synth 8-7129] Port S_AClk in module blk_mem_gen_v8_4_12_synth is either unconnected or has no load
INFO: [Synth 8-7129] Port S_ARESETN in module blk_mem_gen_v8_4_12_synth is either unconnected or has no load
INFO: [Synth 8-7129] Port S_AXI_AWID[3] in module blk_mem_gen_v8_4_12_synth is either unconnected or has no load
INFO: [Synth 8-7129] Port S_AXI_AWID[2] in module blk_mem_gen_v8_4_12_synth is either unconnected or has no load
INFO: [Synth 8-7129] Port S_AXI_AWID[1] in module blk_mem_gen_v8_4_12_synth is either unconnected or has no load
INFO: [Synth 8-7129] Port S_AXI_AWID[0] in module blk_mem_gen_v8_4_12_synth is either unconnected or has no load
INFO: [Synth 8-7129] Port S_AXI_AWADDR[31] in module blk_mem_gen_v8_4_12_synth is either unconnected or has no load
INFO: [Synth 8-7129] Port S_AXI_AWADDR[30] in module blk_mem_gen_v8_4_12_synth is either unconnected or has no load
INFO: [Synth 8-7129] Port S_AXI_AWADDR[29] in module blk_mem_gen_v8_4_12_synth is either unconnected or has no load
INFO: [Synth 8-7129] Port S_AXI_AWADDR[28] in module blk_mem_gen_v8_4_12_synth is either unconnected or has no load
INFO: [Synth 8-7129] Port S_AXI_AWADDR[27] in module blk_mem_gen_v8_4_12_synth is either unconnected or has no load
INFO: [Synth 8-7129] Port S_AXI_AWADDR[26] in module blk_mem_gen_v8_4_12_synth is either unconnected or has no load
INFO: [Synth 8-7129] Port S_AXI_AWADDR[25] in module blk_mem_gen_v8_4_12_synth is either unconnected or has no load
INFO: [Synth 8-7129] Port S_AXI_AWADDR[24] in module blk_mem_gen_v8_4_12_synth is either unconnected or has no load
INFO: [Synth 8-7129] Port S_AXI_AWADDR[23] in module blk_mem_gen_v8_4_12_synth is either unconnected or has no load
INFO: [Synth 8-7129] Port S_AXI_AWADDR[22] in module blk_mem_gen_v8_4_12_synth is either unconnected or has no load
INFO: [Synth 8-7129] Port S_AXI_AWADDR[21] in module blk_mem_gen_v8_4_12_synth is either unconnected or has no load
INFO: [Synth 8-7129] Port S_AXI_AWADDR[20] in module blk_mem_gen_v8_4_12_synth is either unconnected or has no load
INFO: [Synth 8-7129] Port S_AXI_AWADDR[19] in module blk_mem_gen_v8_4_12_synth is either unconnected or has no load
INFO: [Synth 8-7129] Port S_AXI_AWADDR[18] in module blk_mem_gen_v8_4_12_synth is either unconnected or has no load
INFO: [Synth 8-7129] Port S_AXI_AWADDR[17] in module blk_mem_gen_v8_4_12_synth is either unconnected or has no load
INFO: [Synth 8-7129] Port S_AXI_AWADDR[16] in module blk_mem_gen_v8_4_12_synth is either unconnected or has no load
INFO: [Synth 8-7129] Port S_AXI_AWADDR[15] in module blk_mem_gen_v8_4_12_synth is either unconnected or has no load
INFO: [Synth 8-7129] Port S_AXI_AWADDR[14] in module blk_mem_gen_v8_4_12_synth is either unconnected or has no load
INFO: [Synth 8-7129] Port S_AXI_AWADDR[13] in module blk_mem_gen_v8_4_12_synth is either unconnected or has no load
INFO: [Synth 8-7129] Port S_AXI_AWADDR[12] in module blk_mem_gen_v8_4_12_synth is either unconnected or has no load
INFO: [Synth 8-7129] Port S_AXI_AWADDR[11] in module blk_mem_gen_v8_4_12_synth is either unconnected or has no load
INFO: [Synth 8-7129] Port S_AXI_AWADDR[10] in module blk_mem_gen_v8_4_12_synth is either unconnected or has no load
INFO: [Synth 8-7129] Port S_AXI_AWADDR[9] in module blk_mem_gen_v8_4_12_synth is either unconnected or has no load
INFO: [Synth 8-7129] Port S_AXI_AWADDR[8] in module blk_mem_gen_v8_4_12_synth is either unconnected or has no load
INFO: [Synth 8-7129] Port S_AXI_AWADDR[7] in module blk_mem_gen_v8_4_12_synth is either unconnected or has no load
INFO: [Synth 8-7129] Port S_AXI_AWADDR[6] in module blk_mem_gen_v8_4_12_synth is either unconnected or has no load
INFO: [Synth 8-7129] Port S_AXI_AWADDR[5] in module blk_mem_gen_v8_4_12_synth is either unconnected or has no load
INFO: [Synth 8-7129] Port S_AXI_AWADDR[4] in module blk_mem_gen_v8_4_12_synth is either unconnected or has no load
INFO: [Synth 8-7129] Port S_AXI_AWADDR[3] in module blk_mem_gen_v8_4_12_synth is either unconnected or has no load
INFO: [Synth 8-7129] Port S_AXI_AWADDR[2] in module blk_mem_gen_v8_4_12_synth is either unconnected or has no load
INFO: [Synth 8-7129] Port S_AXI_AWADDR[1] in module blk_mem_gen_v8_4_12_synth is either unconnected or has no load
INFO: [Synth 8-7129] Port S_AXI_AWADDR[0] in module blk_mem_gen_v8_4_12_synth is either unconnected or has no load
INFO: [Synth 8-7129] Port S_AXI_AWLEN[7] in module blk_mem_gen_v8_4_12_synth is either unconnected or has no load
INFO: [Synth 8-7129] Port S_AXI_AWLEN[6] in module blk_mem_gen_v8_4_12_synth is either unconnected or has no load
INFO: [Synth 8-7129] Port S_AXI_AWLEN[5] in module blk_mem_gen_v8_4_12_synth is either unconnected or has no load
INFO: [Synth 8-7129] Port S_AXI_AWLEN[4] in module blk_mem_gen_v8_4_12_synth is either unconnected or has no load
INFO: [Synth 8-7129] Port S_AXI_AWLEN[3] in module blk_mem_gen_v8_4_12_synth is either unconnected or has no load
INFO: [Synth 8-7129] Port S_AXI_AWLEN[2] in module blk_mem_gen_v8_4_12_synth is either unconnected or has no load
INFO: [Synth 8-7129] Port S_AXI_AWLEN[1] in module blk_mem_gen_v8_4_12_synth is either unconnected or has no load
INFO: [Synth 8-7129] Port S_AXI_AWLEN[0] in module blk_mem_gen_v8_4_12_synth is either unconnected or has no load
INFO: [Synth 8-7129] Port S_AXI_AWSIZE[2] in module blk_mem_gen_v8_4_12_synth is either unconnected or has no load
INFO: [Synth 8-7129] Port S_AXI_AWSIZE[1] in module blk_mem_gen_v8_4_12_synth is either unconnected or has no load
INFO: [Synth 8-7129] Port S_AXI_AWSIZE[0] in module blk_mem_gen_v8_4_12_synth is either unconnected or has no load
INFO: [Synth 8-7129] Port S_AXI_AWBURST[1] in module blk_mem_gen_v8_4_12_synth is either unconnected or has no load
INFO: [Synth 8-7129] Port S_AXI_AWBURST[0] in module blk_mem_gen_v8_4_12_synth is either unconnected or has no load
INFO: [Synth 8-7129] Port S_AXI_AWVALID in module blk_mem_gen_v8_4_12_synth is either unconnected or has no load
INFO: [Synth 8-7129] Port S_AXI_WDATA[63] in module blk_mem_gen_v8_4_12_synth is either unconnected or has no load
INFO: [Synth 8-7129] Port S_AXI_WDATA[62] in module blk_mem_gen_v8_4_12_synth is either unconnected or has no load
INFO: [Synth 8-7129] Port S_AXI_WDATA[61] in module blk_mem_gen_v8_4_12_synth is either unconnected or has no load
INFO: [Synth 8-7129] Port S_AXI_WDATA[60] in module blk_mem_gen_v8_4_12_synth is either unconnected or has no load
INFO: [Synth 8-7129] Port S_AXI_WDATA[59] in module blk_mem_gen_v8_4_12_synth is either unconnected or has no load
INFO: [Synth 8-7129] Port S_AXI_WDATA[58] in module blk_mem_gen_v8_4_12_synth is either unconnected or has no load
INFO: [Synth 8-7129] Port S_AXI_WDATA[57] in module blk_mem_gen_v8_4_12_synth is either unconnected or has no load
INFO: [Synth 8-7129] Port S_AXI_WDATA[56] in module blk_mem_gen_v8_4_12_synth is either unconnected or has no load
INFO: [Synth 8-7129] Port S_AXI_WDATA[55] in module blk_mem_gen_v8_4_12_synth is either unconnected or has no load
INFO: [Common 17-14] Message 'Synth 8-7129' appears 100 times and further instances of the messages will be disabled. Use the Tcl command set_msg_config to change the current settings.
---------------------------------------------------------------------------------
Finished RTL Elaboration : Time (s): cpu = 00:00:09 ; elapsed = 00:00:10 . Memory (MB): peak = 1966.816 ; gain = 0.000
---------------------------------------------------------------------------------
---------------------------------------------------------------------------------
Start Handling Custom Attributes
---------------------------------------------------------------------------------
---------------------------------------------------------------------------------
Finished Handling Custom Attributes : Time (s): cpu = 00:00:09 ; elapsed = 00:00:10 . Memory (MB): peak = 1966.816 ; gain = 0.000
---------------------------------------------------------------------------------
---------------------------------------------------------------------------------
Finished RTL Optimization Phase 1 : Time (s): cpu = 00:00:09 ; elapsed = 00:00:10 . Memory (MB): peak = 1966.816 ; gain = 0.000
---------------------------------------------------------------------------------
Netlist sorting complete. Time (s): cpu = 00:00:00 ; elapsed = 00:00:00.012 . Memory (MB): peak = 1966.816 ; gain = 0.000
INFO: [Netlist 29-17] Analyzing 2 Unisim elements for replacement
INFO: [Netlist 29-28] Unisim Transformation completed in 0 CPU seconds
INFO: [Project 1-570] Preparing netlist for logic optimization

Processing XDC Constraints
Initializing timing engine
Parsing XDC File [e:/competition/2_fpga/3_yolo_zynq/rtl/GEMM/ip/gemm_bm_w_g0/gemm_bm_w_g0_ooc.xdc] for cell 'U0'
Finished Parsing XDC File [e:/competition/2_fpga/3_yolo_zynq/rtl/GEMM/ip/gemm_bm_w_g0/gemm_bm_w_g0_ooc.xdc] for cell 'U0'
Completed Processing XDC Constraints

Netlist sorting complete. Time (s): cpu = 00:00:00 ; elapsed = 00:00:00 . Memory (MB): peak = 1966.816 ; gain = 0.000
INFO: [Project 1-111] Unisim Transformation Summary:
No Unisim elements were transformed.

Constraint Validation Runtime : Time (s): cpu = 00:00:00 ; elapsed = 00:00:00.012 . Memory (MB): peak = 1966.816 ; gain = 0.000
---------------------------------------------------------------------------------
Finished Constraint Validation : Time (s): cpu = 00:00:14 ; elapsed = 00:00:15 . Memory (MB): peak = 1966.816 ; gain = 0.000
---------------------------------------------------------------------------------
---------------------------------------------------------------------------------
Start Loading Part and Timing Information
---------------------------------------------------------------------------------
Loading part: xc7z020clg484-1
---------------------------------------------------------------------------------
Finished Loading Part and Timing Information : Time (s): cpu = 00:00:14 ; elapsed = 00:00:15 . Memory (MB): peak = 1966.816 ; gain = 0.000
---------------------------------------------------------------------------------
---------------------------------------------------------------------------------
Start Applying 'set_property' XDC Constraints
---------------------------------------------------------------------------------
---------------------------------------------------------------------------------
Finished applying 'set_property' XDC Constraints : Time (s): cpu = 00:00:14 ; elapsed = 00:00:15 . Memory (MB): peak = 1966.816 ; gain = 0.000
---------------------------------------------------------------------------------
---------------------------------------------------------------------------------
Finished RTL Optimization Phase 2 : Time (s): cpu = 00:00:14 ; elapsed = 00:00:15 . Memory (MB): peak = 1966.816 ; gain = 0.000
---------------------------------------------------------------------------------
---------------------------------------------------------------------------------
Start RTL Component Statistics 
---------------------------------------------------------------------------------
---------------------------------------------------------------------------------
Finished RTL Component Statistics 
---------------------------------------------------------------------------------
---------------------------------------------------------------------------------
Start Part Resource Summary
---------------------------------------------------------------------------------
Part Resources:
DSPs: 220 (col length:60)
BRAMs: 280 (col length: RAMB18 60 RAMB36 30)
---------------------------------------------------------------------------------
Finished Part Resource Summary
---------------------------------------------------------------------------------
---------------------------------------------------------------------------------
Start Cross Boundary and Area Optimization
---------------------------------------------------------------------------------
---------------------------------------------------------------------------------
Finished Cross Boundary and Area Optimization : Time (s): cpu = 00:00:15 ; elapsed = 00:00:16 . Memory (MB): peak = 1966.816 ; gain = 0.000
---------------------------------------------------------------------------------
---------------------------------------------------------------------------------
Start Applying XDC Timing Constraints
---------------------------------------------------------------------------------
---------------------------------------------------------------------------------
Finished Applying XDC Timing Constraints : Time (s): cpu = 00:00:19 ; elapsed = 00:00:19 . Memory (MB): peak = 1966.816 ; gain = 0.000
---------------------------------------------------------------------------------
---------------------------------------------------------------------------------
Start Timing Optimization
---------------------------------------------------------------------------------
---------------------------------------------------------------------------------
Finished Timing Optimization : Time (s): cpu = 00:00:19 ; elapsed = 00:00:19 . Memory (MB): peak = 1966.816 ; gain = 0.000
---------------------------------------------------------------------------------
---------------------------------------------------------------------------------
Start Technology Mapping
---------------------------------------------------------------------------------
---------------------------------------------------------------------------------
Finished Technology Mapping : Time (s): cpu = 00:00:19 ; elapsed = 00:00:19 . Memory (MB): peak = 1966.816 ; gain = 0.000
---------------------------------------------------------------------------------
---------------------------------------------------------------------------------
Start IO Insertion
---------------------------------------------------------------------------------
---------------------------------------------------------------------------------
Start Flattening Before IO Insertion
---------------------------------------------------------------------------------
---------------------------------------------------------------------------------
Finished Flattening Before IO Insertion
---------------------------------------------------------------------------------
---------------------------------------------------------------------------------
Start Final Netlist Cleanup
---------------------------------------------------------------------------------
---------------------------------------------------------------------------------
Finished Final Netlist Cleanup
---------------------------------------------------------------------------------
---------------------------------------------------------------------------------
Finished IO Insertion : Time (s): cpu = 00:00:21 ; elapsed = 00:00:22 . Memory (MB): peak = 2009.031 ; gain = 42.215
---------------------------------------------------------------------------------
---------------------------------------------------------------------------------
Start Renaming Generated Instances
---------------------------------------------------------------------------------
---------------------------------------------------------------------------------
Finished Renaming Generated Instances : Time (s): cpu = 00:00:21 ; elapsed = 00:00:22 . Memory (MB): peak = 2009.031 ; gain = 42.215
---------------------------------------------------------------------------------
---------------------------------------------------------------------------------
Start Rebuilding User Hierarchy
---------------------------------------------------------------------------------
---------------------------------------------------------------------------------
Finished Rebuilding User Hierarchy : Time (s): cpu = 00:00:21 ; elapsed = 00:00:22 . Memory (MB): peak = 2009.031 ; gain = 42.215
---------------------------------------------------------------------------------
---------------------------------------------------------------------------------
Start Renaming Generated Ports
---------------------------------------------------------------------------------
---------------------------------------------------------------------------------
Finished Renaming Generated Ports : Time (s): cpu = 00:00:21 ; elapsed = 00:00:22 . Memory (MB): peak = 2009.031 ; gain = 42.215
---------------------------------------------------------------------------------
---------------------------------------------------------------------------------
Start Handling Custom Attributes
---------------------------------------------------------------------------------
---------------------------------------------------------------------------------
Finished Handling Custom Attributes : Time (s): cpu = 00:00:21 ; elapsed = 00:00:22 . Memory (MB): peak = 2009.031 ; gain = 42.215
---------------------------------------------------------------------------------
---------------------------------------------------------------------------------
Start Renaming Generated Nets
---------------------------------------------------------------------------------
---------------------------------------------------------------------------------
Finished Renaming Generated Nets : Time (s): cpu = 00:00:21 ; elapsed = 00:00:22 . Memory (MB): peak = 2009.031 ; gain = 42.215
---------------------------------------------------------------------------------
---------------------------------------------------------------------------------
Start Writing Synthesis Report
---------------------------------------------------------------------------------

Report BlackBoxes: 
+-+--------------+----------+
| |BlackBox name |Instances |
+-+--------------+----------+
+-+--------------+----------+

Report Cell Usage: 
+------+---------+------+
|      |Cell     |Count |
+------+---------+------+
|1     |RAMB36E1 |     2|
+------+---------+------+
---------------------------------------------------------------------------------
Finished Writing Synthesis Report : Time (s): cpu = 00:00:21 ; elapsed = 00:00:22 . Memory (MB): peak = 2009.031 ; gain = 42.215
---------------------------------------------------------------------------------
Synthesis finished with 0 errors, 0 critical warnings and 0 warnings.
Synthesis Optimization Runtime : Time (s): cpu = 00:00:10 ; elapsed = 00:00:21 . Memory (MB): peak = 2009.031 ; gain = 42.215
Synthesis Optimization Complete : Time (s): cpu = 00:00:21 ; elapsed = 00:00:22 . Memory (MB): peak = 2009.031 ; gain = 42.215
INFO: [Project 1-571] Translating synthesized netlist
Netlist sorting complete. Time (s): cpu = 00:00:00 ; elapsed = 00:00:00.008 . Memory (MB): peak = 2009.031 ; gain = 0.000
INFO: [Netlist 29-17] Analyzing 2 Unisim elements for replacement
INFO: [Netlist 29-28] Unisim Transformation completed in 0 CPU seconds
INFO: [Project 1-570] Preparing netlist for logic optimization
Parsing XDC File [e:/competition/2_fpga/3_yolo_zynq/rtl/GEMM/ip/gemm_bm_w_g0/gemm_bm_w_g0_ooc.xdc] for cell 'U0'
INFO: [Vivado 12-4761] HD.CLK_SRC property is set on port clka. The net connecting to the port drives either clock PIN or hierarchical black box. Use the create_clock constraint to create a clock on this port prior to setting HD.CLK_SRC.  [e:/competition/2_fpga/3_yolo_zynq/rtl/GEMM/ip/gemm_bm_w_g0/gemm_bm_w_g0_ooc.xdc:54]
INFO: [Vivado 12-4761] HD.CLK_SRC property is set on port clkb. The net connecting to the port drives either clock PIN or hierarchical black box. Use the create_clock constraint to create a clock on this port prior to setting HD.CLK_SRC.  [e:/competition/2_fpga/3_yolo_zynq/rtl/GEMM/ip/gemm_bm_w_g0/gemm_bm_w_g0_ooc.xdc:57]
Finished Parsing XDC File [e:/competition/2_fpga/3_yolo_zynq/rtl/GEMM/ip/gemm_bm_w_g0/gemm_bm_w_g0_ooc.xdc] for cell 'U0'
INFO: [Opt 31-138] Pushed 0 inverter(s) to 0 load pin(s).
Netlist sorting complete. Time (s): cpu = 00:00:00 ; elapsed = 00:00:00 . Memory (MB): peak = 2025.773 ; gain = 0.000
INFO: [Project 1-111] Unisim Transformation Summary:
No Unisim elements were transformed.

Synth Design complete | Checksum: 1ceecc1
INFO: [Common 17-83] Releasing license: Synthesis
253 Infos, 7 Warnings, 5 Critical Warnings and 0 Errors encountered.
synth_design completed successfully
synth_design: Time (s): cpu = 00:00:23 ; elapsed = 00:00:24 . Memory (MB): peak = 2025.773 ; gain = 58.957
INFO: [Coretcl 2-1174] Renamed 8 cell refs.
INFO: [Timing 38-480] Writing timing data to binary archive.
INFO: [Common 17-1381] The checkpoint 'e:/competition/2_fpga/3_yolo_zynq/rtl/GEMM/ip/gemm_bm_w_g0/gemm_bm_w_g0.dcp' has been generated.
INFO: [IP_Flow 19-234] Refreshing IP repositories
INFO: [IP_Flow 19-1704] No user IP repositories specified
INFO: [IP_Flow 19-2313] Loaded Vivado IP repository 'F:/vivado2025/2025.2/Vivado/data/ip'.
WARNING: [Vivado 12-13650] The IP file 'E:/competition/2_fpga/3_yolo_zynq/rtl/GEMM/ip/gemm_bm_w_g1/gemm_bm_w_g1.xci' has been moved from its original location, as a result the outputs for this IP will now be generated in 'e:/competition/2_fpga/3_yolo_zynq/rtl/GEMM/ip/gemm_bm_w_g1'. Alternatively a copy of the IP can be imported into the project using one of the 'import_ip' or 'import_files' commands.
Command: synth_design -top gemm_bm_w_g1 -part xc7z020clg484-1 -mode out_of_context
Starting synth_design
Attempting to get a license for feature 'Synthesis' and/or device 'xc7z020'
INFO: [Common 17-349] Got license for feature 'Synthesis' and/or device 'xc7z020'
INFO: [Synth 8-7079] Multithreading enabled for synth_design using a maximum of 2 processes.
---------------------------------------------------------------------------------
Starting RTL Elaboration : Time (s): cpu = 00:00:04 ; elapsed = 00:00:05 . Memory (MB): peak = 2025.773 ; gain = 0.000
---------------------------------------------------------------------------------
INFO: [Synth 8-638] synthesizing module 'gemm_bm_w_g1' [e:/competition/2_fpga/3_yolo_zynq/rtl/GEMM/ip/gemm_bm_w_g1/synth/gemm_bm_w_g1.vhd:76]
	Parameter C_FAMILY bound to: zynq - type: string 
	Parameter C_XDEVICEFAMILY bound to: zynq - type: string 
	Parameter C_ELABORATION_DIR bound to: ./ - type: string 
	Parameter C_INTERFACE_TYPE bound to: 0 - type: integer 
	Parameter C_AXI_TYPE bound to: 1 - type: integer 
	Parameter C_AXI_SLAVE_TYPE bound to: 0 - type: integer 
	Parameter C_USE_BRAM_BLOCK bound to: 0 - type: integer 
	Parameter C_ENABLE_32BIT_ADDRESS bound to: 0 - type: integer 
	Parameter C_CTRL_ECC_ALGO bound to: NONE - type: string 
	Parameter C_HAS_AXI_ID bound to: 0 - type: integer 
	Parameter C_AXI_ID_WIDTH bound to: 4 - type: integer 
	Parameter C_MEM_TYPE bound to: 2 - type: integer 
	Parameter C_BYTE_SIZE bound to: 8 - type: integer 
	Parameter C_ALGORITHM bound to: 1 - type: integer 
	Parameter C_PRIM_TYPE bound to: 1 - type: integer 
	Parameter C_LOAD_INIT_FILE bound to: 0 - type: integer 
	Parameter C_INIT_FILE_NAME bound to: no_coe_file_loaded - type: string 
	Parameter C_INIT_FILE bound to: gemm_bm_w_g1.mem - type: string 
	Parameter C_USE_DEFAULT_DATA bound to: 0 - type: integer 
	Parameter C_DEFAULT_DATA bound to: 0 - type: string 
	Parameter C_HAS_RSTA bound to: 0 - type: integer 
	Parameter C_RST_PRIORITY_A bound to: CE - type: string 
	Parameter C_RSTRAM_A bound to: 0 - type: integer 
	Parameter C_INITA_VAL bound to: 0 - type: string 
	Parameter C_HAS_ENA bound to: 1 - type: integer 
	Parameter C_HAS_REGCEA bound to: 0 - type: integer 
	Parameter C_USE_BYTE_WEA bound to: 1 - type: integer 
	Parameter C_WEA_WIDTH bound to: 8 - type: integer 
	Parameter C_WRITE_MODE_A bound to: WRITE_FIRST - type: string 
	Parameter C_WRITE_WIDTH_A bound to: 64 - type: integer 
	Parameter C_READ_WIDTH_A bound to: 64 - type: integer 
	Parameter C_WRITE_DEPTH_A bound to: 1024 - type: integer 
	Parameter C_READ_DEPTH_A bound to: 1024 - type: integer 
	Parameter C_ADDRA_WIDTH bound to: 10 - type: integer 
	Parameter C_HAS_RSTB bound to: 0 - type: integer 
	Parameter C_RST_PRIORITY_B bound to: CE - type: string 
	Parameter C_RSTRAM_B bound to: 0 - type: integer 
	Parameter C_INITB_VAL bound to: 0 - type: string 
	Parameter C_HAS_ENB bound to: 1 - type: integer 
	Parameter C_HAS_REGCEB bound to: 0 - type: integer 
	Parameter C_USE_BYTE_WEB bound to: 1 - type: integer 
	Parameter C_WEB_WIDTH bound to: 8 - type: integer 
	Parameter C_WRITE_MODE_B bound to: WRITE_FIRST - type: string 
	Parameter C_WRITE_WIDTH_B bound to: 64 - type: integer 
	Parameter C_READ_WIDTH_B bound to: 64 - type: integer 
	Parameter C_WRITE_DEPTH_B bound to: 1024 - type: integer 
	Parameter C_READ_DEPTH_B bound to: 1024 - type: integer 
	Parameter C_ADDRB_WIDTH bound to: 10 - type: integer 
	Parameter C_HAS_MEM_OUTPUT_REGS_A bound to: 0 - type: integer 
	Parameter C_HAS_MEM_OUTPUT_REGS_B bound to: 0 - type: integer 
	Parameter C_HAS_MUX_OUTPUT_REGS_A bound to: 0 - type: integer 
	Parameter C_HAS_MUX_OUTPUT_REGS_B bound to: 0 - type: integer 
	Parameter C_MUX_PIPELINE_STAGES bound to: 0 - type: integer 
	Parameter C_HAS_SOFTECC_INPUT_REGS_A bound to: 0 - type: integer 
	Parameter C_HAS_SOFTECC_OUTPUT_REGS_B bound to: 0 - type: integer 
	Parameter C_USE_SOFTECC bound to: 0 - type: integer 
	Parameter C_USE_ECC bound to: 0 - type: integer 
	Parameter C_EN_ECC_PIPE bound to: 0 - type: integer 
	Parameter C_READ_LATENCY_A bound to: 1 - type: integer 
	Parameter C_READ_LATENCY_B bound to: 1 - type: integer 
	Parameter C_HAS_INJECTERR bound to: 0 - type: integer 
	Parameter C_SIM_COLLISION_CHECK bound to: ALL - type: string 
	Parameter C_COMMON_CLK bound to: 0 - type: integer 
	Parameter C_DISABLE_WARN_BHV_COLL bound to: 0 - type: integer 
	Parameter C_EN_SLEEP_PIN bound to: 0 - type: integer 
	Parameter C_USE_URAM bound to: 0 - type: integer 
	Parameter C_EN_RDADDRA_CHG bound to: 0 - type: integer 
	Parameter C_EN_RDADDRB_CHG bound to: 0 - type: integer 
	Parameter C_EN_DEEPSLEEP_PIN bound to: 0 - type: integer 
	Parameter C_EN_SHUTDOWN_PIN bound to: 0 - type: integer 
	Parameter C_EN_SAFETY_CKT bound to: 0 - type: integer 
	Parameter C_DISABLE_WARN_BHV_RANGE bound to: 0 - type: integer 
	Parameter C_COUNT_36K_BRAM bound to: 2 - type: string 
	Parameter C_COUNT_18K_BRAM bound to: 0 - type: string 
	Parameter C_EST_POWER_SUMMARY bound to: Estimated Power for IP     :     11.859801 mW - type: string 
INFO: [Synth 8-3491] module 'blk_mem_gen_v8_4_12' declared at 'e:/competition/2_fpga/3_yolo_zynq/rtl/GEMM/ip/gemm_bm_w_g1/hdl/blk_mem_gen_v8_4_vhsyn_rfs.vhd:195209' bound to instance 'U0' of component 'blk_mem_gen_v8_4_12' [e:/competition/2_fpga/3_yolo_zynq/rtl/GEMM/ip/gemm_bm_w_g1/synth/gemm_bm_w_g1.vhd:252]
INFO: [Synth 8-256] done synthesizing module 'gemm_bm_w_g1' (0#1) [e:/competition/2_fpga/3_yolo_zynq/rtl/GEMM/ip/gemm_bm_w_g1/synth/gemm_bm_w_g1.vhd:76]
INFO: [Synth 8-7129] Port CLKB in module blk_mem_output_block is either unconnected or has no load
INFO: [Synth 8-7129] Port SBITERR_I in module blk_mem_output_block is either unconnected or has no load
INFO: [Synth 8-7129] Port DBITERR_I in module blk_mem_output_block is either unconnected or has no load
INFO: [Synth 8-7129] Port RDADDRECC_I[9] in module blk_mem_output_block is either unconnected or has no load
INFO: [Synth 8-7129] Port RDADDRECC_I[8] in module blk_mem_output_block is either unconnected or has no load
INFO: [Synth 8-7129] Port RDADDRECC_I[7] in module blk_mem_output_block is either unconnected or has no load
INFO: [Synth 8-7129] Port RDADDRECC_I[6] in module blk_mem_output_block is either unconnected or has no load
INFO: [Synth 8-7129] Port RDADDRECC_I[5] in module blk_mem_output_block is either unconnected or has no load
INFO: [Synth 8-7129] Port RDADDRECC_I[4] in module blk_mem_output_block is either unconnected or has no load
INFO: [Synth 8-7129] Port RDADDRECC_I[3] in module blk_mem_output_block is either unconnected or has no load
INFO: [Synth 8-7129] Port RDADDRECC_I[2] in module blk_mem_output_block is either unconnected or has no load
INFO: [Synth 8-7129] Port RDADDRECC_I[1] in module blk_mem_output_block is either unconnected or has no load
INFO: [Synth 8-7129] Port RDADDRECC_I[0] in module blk_mem_output_block is either unconnected or has no load
INFO: [Synth 8-7129] Port SBITERR in module blk_mem_gen_prim_wrapper__parameterized0 is either unconnected or has no load
INFO: [Synth 8-7129] Port DBITERR in module blk_mem_gen_prim_wrapper__parameterized0 is either unconnected or has no load
INFO: [Synth 8-7129] Port SSRA in module blk_mem_gen_prim_wrapper__parameterized0 is either unconnected or has no load
INFO: [Synth 8-7129] Port SSRB in module blk_mem_gen_prim_wrapper__parameterized0 is either unconnected or has no load
INFO: [Synth 8-7129] Port SLEEP in module blk_mem_gen_prim_wrapper__parameterized0 is either unconnected or has no load
INFO: [Synth 8-7129] Port INJECTSBITERR in module blk_mem_gen_prim_wrapper__parameterized0 is either unconnected or has no load
INFO: [Synth 8-7129] Port INJECTDBITERR in module blk_mem_gen_prim_wrapper__parameterized0 is either unconnected or has no load
INFO: [Synth 8-7129] Port ECCPIPECE in module blk_mem_gen_prim_wrapper__parameterized0 is either unconnected or has no load
INFO: [Synth 8-7129] Port SBITERR in module blk_mem_gen_prim_wrapper is either unconnected or has no load
INFO: [Synth 8-7129] Port DBITERR in module blk_mem_gen_prim_wrapper is either unconnected or has no load
INFO: [Synth 8-7129] Port SSRA in module blk_mem_gen_prim_wrapper is either unconnected or has no load
INFO: [Synth 8-7129] Port SSRB in module blk_mem_gen_prim_wrapper is either unconnected or has no load
INFO: [Synth 8-7129] Port SLEEP in module blk_mem_gen_prim_wrapper is either unconnected or has no load
INFO: [Synth 8-7129] Port INJECTSBITERR in module blk_mem_gen_prim_wrapper is either unconnected or has no load
INFO: [Synth 8-7129] Port INJECTDBITERR in module blk_mem_gen_prim_wrapper is either unconnected or has no load
INFO: [Synth 8-7129] Port ECCPIPECE in module blk_mem_gen_prim_wrapper is either unconnected or has no load
INFO: [Synth 8-7129] Port REGCEA[0] in module blk_mem_gen_generic_cstr is either unconnected or has no load
INFO: [Synth 8-7129] Port REGCEB[0] in module blk_mem_gen_generic_cstr is either unconnected or has no load
INFO: [Synth 8-7129] Port INJECTSBITERR in module blk_mem_gen_generic_cstr is either unconnected or has no load
INFO: [Synth 8-7129] Port INJECTDBITERR in module blk_mem_gen_generic_cstr is either unconnected or has no load
INFO: [Synth 8-7129] Port RSTA in module blk_mem_input_block is either unconnected or has no load
INFO: [Synth 8-7129] Port REGCEA in module blk_mem_input_block is either unconnected or has no load
INFO: [Synth 8-7129] Port RSTB in module blk_mem_input_block is either unconnected or has no load
INFO: [Synth 8-7129] Port REGCEB in module blk_mem_input_block is either unconnected or has no load
INFO: [Synth 8-7129] Port INJECTDBITERR in module blk_mem_input_block is either unconnected or has no load
INFO: [Synth 8-7129] Port INJECTSBITERR in module blk_mem_input_block is either unconnected or has no load
INFO: [Synth 8-7129] Port S_AClk in module blk_mem_gen_v8_4_12_synth is either unconnected or has no load
INFO: [Synth 8-7129] Port S_ARESETN in module blk_mem_gen_v8_4_12_synth is either unconnected or has no load
INFO: [Synth 8-7129] Port S_AXI_AWID[3] in module blk_mem_gen_v8_4_12_synth is either unconnected or has no load
INFO: [Synth 8-7129] Port S_AXI_AWID[2] in module blk_mem_gen_v8_4_12_synth is either unconnected or has no load
INFO: [Synth 8-7129] Port S_AXI_AWID[1] in module blk_mem_gen_v8_4_12_synth is either unconnected or has no load
INFO: [Synth 8-7129] Port S_AXI_AWID[0] in module blk_mem_gen_v8_4_12_synth is either unconnected or has no load
INFO: [Synth 8-7129] Port S_AXI_AWADDR[31] in module blk_mem_gen_v8_4_12_synth is either unconnected or has no load
INFO: [Synth 8-7129] Port S_AXI_AWADDR[30] in module blk_mem_gen_v8_4_12_synth is either unconnected or has no load
INFO: [Synth 8-7129] Port S_AXI_AWADDR[29] in module blk_mem_gen_v8_4_12_synth is either unconnected or has no load
INFO: [Synth 8-7129] Port S_AXI_AWADDR[28] in module blk_mem_gen_v8_4_12_synth is either unconnected or has no load
INFO: [Synth 8-7129] Port S_AXI_AWADDR[27] in module blk_mem_gen_v8_4_12_synth is either unconnected or has no load
INFO: [Synth 8-7129] Port S_AXI_AWADDR[26] in module blk_mem_gen_v8_4_12_synth is either unconnected or has no load
INFO: [Synth 8-7129] Port S_AXI_AWADDR[25] in module blk_mem_gen_v8_4_12_synth is either unconnected or has no load
INFO: [Synth 8-7129] Port S_AXI_AWADDR[24] in module blk_mem_gen_v8_4_12_synth is either unconnected or has no load
INFO: [Synth 8-7129] Port S_AXI_AWADDR[23] in module blk_mem_gen_v8_4_12_synth is either unconnected or has no load
INFO: [Synth 8-7129] Port S_AXI_AWADDR[22] in module blk_mem_gen_v8_4_12_synth is either unconnected or has no load
INFO: [Synth 8-7129] Port S_AXI_AWADDR[21] in module blk_mem_gen_v8_4_12_synth is either unconnected or has no load
INFO: [Synth 8-7129] Port S_AXI_AWADDR[20] in module blk_mem_gen_v8_4_12_synth is either unconnected or has no load
INFO: [Synth 8-7129] Port S_AXI_AWADDR[19] in module blk_mem_gen_v8_4_12_synth is either unconnected or has no load
INFO: [Synth 8-7129] Port S_AXI_AWADDR[18] in module blk_mem_gen_v8_4_12_synth is either unconnected or has no load
INFO: [Synth 8-7129] Port S_AXI_AWADDR[17] in module blk_mem_gen_v8_4_12_synth is either unconnected or has no load
INFO: [Synth 8-7129] Port S_AXI_AWADDR[16] in module blk_mem_gen_v8_4_12_synth is either unconnected or has no load
INFO: [Synth 8-7129] Port S_AXI_AWADDR[15] in module blk_mem_gen_v8_4_12_synth is either unconnected or has no load
INFO: [Synth 8-7129] Port S_AXI_AWADDR[14] in module blk_mem_gen_v8_4_12_synth is either unconnected or has no load
INFO: [Synth 8-7129] Port S_AXI_AWADDR[13] in module blk_mem_gen_v8_4_12_synth is either unconnected or has no load
INFO: [Synth 8-7129] Port S_AXI_AWADDR[12] in module blk_mem_gen_v8_4_12_synth is either unconnected or has no load
INFO: [Synth 8-7129] Port S_AXI_AWADDR[11] in module blk_mem_gen_v8_4_12_synth is either unconnected or has no load
INFO: [Synth 8-7129] Port S_AXI_AWADDR[10] in module blk_mem_gen_v8_4_12_synth is either unconnected or has no load
INFO: [Synth 8-7129] Port S_AXI_AWADDR[9] in module blk_mem_gen_v8_4_12_synth is either unconnected or has no load
INFO: [Synth 8-7129] Port S_AXI_AWADDR[8] in module blk_mem_gen_v8_4_12_synth is either unconnected or has no load
INFO: [Synth 8-7129] Port S_AXI_AWADDR[7] in module blk_mem_gen_v8_4_12_synth is either unconnected or has no load
INFO: [Synth 8-7129] Port S_AXI_AWADDR[6] in module blk_mem_gen_v8_4_12_synth is either unconnected or has no load
INFO: [Synth 8-7129] Port S_AXI_AWADDR[5] in module blk_mem_gen_v8_4_12_synth is either unconnected or has no load
INFO: [Synth 8-7129] Port S_AXI_AWADDR[4] in module blk_mem_gen_v8_4_12_synth is either unconnected or has no load
INFO: [Synth 8-7129] Port S_AXI_AWADDR[3] in module blk_mem_gen_v8_4_12_synth is either unconnected or has no load
INFO: [Synth 8-7129] Port S_AXI_AWADDR[2] in module blk_mem_gen_v8_4_12_synth is either unconnected or has no load
INFO: [Synth 8-7129] Port S_AXI_AWADDR[1] in module blk_mem_gen_v8_4_12_synth is either unconnected or has no load
INFO: [Synth 8-7129] Port S_AXI_AWADDR[0] in module blk_mem_gen_v8_4_12_synth is either unconnected or has no load
INFO: [Synth 8-7129] Port S_AXI_AWLEN[7] in module blk_mem_gen_v8_4_12_synth is either unconnected or has no load
INFO: [Synth 8-7129] Port S_AXI_AWLEN[6] in module blk_mem_gen_v8_4_12_synth is either unconnected or has no load
INFO: [Synth 8-7129] Port S_AXI_AWLEN[5] in module blk_mem_gen_v8_4_12_synth is either unconnected or has no load
INFO: [Synth 8-7129] Port S_AXI_AWLEN[4] in module blk_mem_gen_v8_4_12_synth is either unconnected or has no load
INFO: [Synth 8-7129] Port S_AXI_AWLEN[3] in module blk_mem_gen_v8_4_12_synth is either unconnected or has no load
INFO: [Synth 8-7129] Port S_AXI_AWLEN[2] in module blk_mem_gen_v8_4_12_synth is either unconnected or has no load
INFO: [Synth 8-7129] Port S_AXI_AWLEN[1] in module blk_mem_gen_v8_4_12_synth is either unconnected or has no load
INFO: [Synth 8-7129] Port S_AXI_AWLEN[0] in module blk_mem_gen_v8_4_12_synth is either unconnected or has no load
INFO: [Synth 8-7129] Port S_AXI_AWSIZE[2] in module blk_mem_gen_v8_4_12_synth is either unconnected or has no load
INFO: [Synth 8-7129] Port S_AXI_AWSIZE[1] in module blk_mem_gen_v8_4_12_synth is either unconnected or has no load
INFO: [Synth 8-7129] Port S_AXI_AWSIZE[0] in module blk_mem_gen_v8_4_12_synth is either unconnected or has no load
INFO: [Synth 8-7129] Port S_AXI_AWBURST[1] in module blk_mem_gen_v8_4_12_synth is either unconnected or has no load
INFO: [Synth 8-7129] Port S_AXI_AWBURST[0] in module blk_mem_gen_v8_4_12_synth is either unconnected or has no load
INFO: [Synth 8-7129] Port S_AXI_AWVALID in module blk_mem_gen_v8_4_12_synth is either unconnected or has no load
INFO: [Synth 8-7129] Port S_AXI_WDATA[63] in module blk_mem_gen_v8_4_12_synth is either unconnected or has no load
INFO: [Synth 8-7129] Port S_AXI_WDATA[62] in module blk_mem_gen_v8_4_12_synth is either unconnected or has no load
INFO: [Synth 8-7129] Port S_AXI_WDATA[61] in module blk_mem_gen_v8_4_12_synth is either unconnected or has no load
INFO: [Synth 8-7129] Port S_AXI_WDATA[60] in module blk_mem_gen_v8_4_12_synth is either unconnected or has no load
INFO: [Synth 8-7129] Port S_AXI_WDATA[59] in module blk_mem_gen_v8_4_12_synth is either unconnected or has no load
INFO: [Synth 8-7129] Port S_AXI_WDATA[58] in module blk_mem_gen_v8_4_12_synth is either unconnected or has no load
INFO: [Synth 8-7129] Port S_AXI_WDATA[57] in module blk_mem_gen_v8_4_12_synth is either unconnected or has no load
INFO: [Synth 8-7129] Port S_AXI_WDATA[56] in module blk_mem_gen_v8_4_12_synth is either unconnected or has no load
INFO: [Synth 8-7129] Port S_AXI_WDATA[55] in module blk_mem_gen_v8_4_12_synth is either unconnected or has no load
INFO: [Common 17-14] Message 'Synth 8-7129' appears 100 times and further instances of the messages will be disabled. Use the Tcl command set_msg_config to change the current settings.
---------------------------------------------------------------------------------
Finished RTL Elaboration : Time (s): cpu = 00:00:09 ; elapsed = 00:00:10 . Memory (MB): peak = 2025.773 ; gain = 0.000
---------------------------------------------------------------------------------
---------------------------------------------------------------------------------
Start Handling Custom Attributes
---------------------------------------------------------------------------------
---------------------------------------------------------------------------------
Finished Handling Custom Attributes : Time (s): cpu = 00:00:09 ; elapsed = 00:00:10 . Memory (MB): peak = 2025.773 ; gain = 0.000
---------------------------------------------------------------------------------
---------------------------------------------------------------------------------
Finished RTL Optimization Phase 1 : Time (s): cpu = 00:00:09 ; elapsed = 00:00:10 . Memory (MB): peak = 2025.773 ; gain = 0.000
---------------------------------------------------------------------------------
Netlist sorting complete. Time (s): cpu = 00:00:00 ; elapsed = 00:00:00.013 . Memory (MB): peak = 2025.773 ; gain = 0.000
INFO: [Netlist 29-17] Analyzing 2 Unisim elements for replacement
INFO: [Netlist 29-28] Unisim Transformation completed in 0 CPU seconds
INFO: [Project 1-570] Preparing netlist for logic optimization

Processing XDC Constraints
Initializing timing engine
Parsing XDC File [e:/competition/2_fpga/3_yolo_zynq/rtl/GEMM/ip/gemm_bm_w_g1/gemm_bm_w_g1_ooc.xdc] for cell 'U0'
Finished Parsing XDC File [e:/competition/2_fpga/3_yolo_zynq/rtl/GEMM/ip/gemm_bm_w_g1/gemm_bm_w_g1_ooc.xdc] for cell 'U0'
Completed Processing XDC Constraints

Netlist sorting complete. Time (s): cpu = 00:00:00 ; elapsed = 00:00:00 . Memory (MB): peak = 2025.773 ; gain = 0.000
INFO: [Project 1-111] Unisim Transformation Summary:
No Unisim elements were transformed.

Constraint Validation Runtime : Time (s): cpu = 00:00:00 ; elapsed = 00:00:00.012 . Memory (MB): peak = 2025.773 ; gain = 0.000
---------------------------------------------------------------------------------
Finished Constraint Validation : Time (s): cpu = 00:00:14 ; elapsed = 00:00:15 . Memory (MB): peak = 2025.773 ; gain = 0.000
---------------------------------------------------------------------------------
---------------------------------------------------------------------------------
Start Loading Part and Timing Information
---------------------------------------------------------------------------------
Loading part: xc7z020clg484-1
---------------------------------------------------------------------------------
Finished Loading Part and Timing Information : Time (s): cpu = 00:00:14 ; elapsed = 00:00:15 . Memory (MB): peak = 2025.773 ; gain = 0.000
---------------------------------------------------------------------------------
---------------------------------------------------------------------------------
Start Applying 'set_property' XDC Constraints
---------------------------------------------------------------------------------
---------------------------------------------------------------------------------
Finished applying 'set_property' XDC Constraints : Time (s): cpu = 00:00:14 ; elapsed = 00:00:15 . Memory (MB): peak = 2025.773 ; gain = 0.000
---------------------------------------------------------------------------------
---------------------------------------------------------------------------------
Finished RTL Optimization Phase 2 : Time (s): cpu = 00:00:14 ; elapsed = 00:00:15 . Memory (MB): peak = 2025.773 ; gain = 0.000
---------------------------------------------------------------------------------
---------------------------------------------------------------------------------
Start RTL Component Statistics 
---------------------------------------------------------------------------------
---------------------------------------------------------------------------------
Finished RTL Component Statistics 
---------------------------------------------------------------------------------
---------------------------------------------------------------------------------
Start Part Resource Summary
---------------------------------------------------------------------------------
Part Resources:
DSPs: 220 (col length:60)
BRAMs: 280 (col length: RAMB18 60 RAMB36 30)
---------------------------------------------------------------------------------
Finished Part Resource Summary
---------------------------------------------------------------------------------
---------------------------------------------------------------------------------
Start Cross Boundary and Area Optimization
---------------------------------------------------------------------------------
---------------------------------------------------------------------------------
Finished Cross Boundary and Area Optimization : Time (s): cpu = 00:00:15 ; elapsed = 00:00:16 . Memory (MB): peak = 2025.773 ; gain = 0.000
---------------------------------------------------------------------------------
---------------------------------------------------------------------------------
Start Applying XDC Timing Constraints
---------------------------------------------------------------------------------
---------------------------------------------------------------------------------
Finished Applying XDC Timing Constraints : Time (s): cpu = 00:00:19 ; elapsed = 00:00:19 . Memory (MB): peak = 2025.773 ; gain = 0.000
---------------------------------------------------------------------------------
---------------------------------------------------------------------------------
Start Timing Optimization
---------------------------------------------------------------------------------
---------------------------------------------------------------------------------
Finished Timing Optimization : Time (s): cpu = 00:00:19 ; elapsed = 00:00:19 . Memory (MB): peak = 2025.773 ; gain = 0.000
---------------------------------------------------------------------------------
---------------------------------------------------------------------------------
Start Technology Mapping
---------------------------------------------------------------------------------
---------------------------------------------------------------------------------
Finished Technology Mapping : Time (s): cpu = 00:00:19 ; elapsed = 00:00:19 . Memory (MB): peak = 2025.773 ; gain = 0.000
---------------------------------------------------------------------------------
---------------------------------------------------------------------------------
Start IO Insertion
---------------------------------------------------------------------------------
---------------------------------------------------------------------------------
Start Flattening Before IO Insertion
---------------------------------------------------------------------------------
---------------------------------------------------------------------------------
Finished Flattening Before IO Insertion
---------------------------------------------------------------------------------
---------------------------------------------------------------------------------
Start Final Netlist Cleanup
---------------------------------------------------------------------------------
---------------------------------------------------------------------------------
Finished Final Netlist Cleanup
---------------------------------------------------------------------------------
---------------------------------------------------------------------------------
Finished IO Insertion : Time (s): cpu = 00:00:21 ; elapsed = 00:00:22 . Memory (MB): peak = 2051.449 ; gain = 25.676
---------------------------------------------------------------------------------
---------------------------------------------------------------------------------
Start Renaming Generated Instances
---------------------------------------------------------------------------------
---------------------------------------------------------------------------------
Finished Renaming Generated Instances : Time (s): cpu = 00:00:21 ; elapsed = 00:00:22 . Memory (MB): peak = 2051.449 ; gain = 25.676
---------------------------------------------------------------------------------
---------------------------------------------------------------------------------
Start Rebuilding User Hierarchy
---------------------------------------------------------------------------------
---------------------------------------------------------------------------------
Finished Rebuilding User Hierarchy : Time (s): cpu = 00:00:21 ; elapsed = 00:00:22 . Memory (MB): peak = 2051.449 ; gain = 25.676
---------------------------------------------------------------------------------
---------------------------------------------------------------------------------
Start Renaming Generated Ports
---------------------------------------------------------------------------------
---------------------------------------------------------------------------------
Finished Renaming Generated Ports : Time (s): cpu = 00:00:21 ; elapsed = 00:00:22 . Memory (MB): peak = 2051.449 ; gain = 25.676
---------------------------------------------------------------------------------
---------------------------------------------------------------------------------
Start Handling Custom Attributes
---------------------------------------------------------------------------------
---------------------------------------------------------------------------------
Finished Handling Custom Attributes : Time (s): cpu = 00:00:21 ; elapsed = 00:00:22 . Memory (MB): peak = 2051.449 ; gain = 25.676
---------------------------------------------------------------------------------
---------------------------------------------------------------------------------
Start Renaming Generated Nets
---------------------------------------------------------------------------------
---------------------------------------------------------------------------------
Finished Renaming Generated Nets : Time (s): cpu = 00:00:21 ; elapsed = 00:00:22 . Memory (MB): peak = 2051.449 ; gain = 25.676
---------------------------------------------------------------------------------
---------------------------------------------------------------------------------
Start Writing Synthesis Report
---------------------------------------------------------------------------------

Report BlackBoxes: 
+-+--------------+----------+
| |BlackBox name |Instances |
+-+--------------+----------+
+-+--------------+----------+

Report Cell Usage: 
+------+---------+------+
|      |Cell     |Count |
+------+---------+------+
|1     |RAMB36E1 |     2|
+------+---------+------+
---------------------------------------------------------------------------------
Finished Writing Synthesis Report : Time (s): cpu = 00:00:21 ; elapsed = 00:00:22 . Memory (MB): peak = 2051.449 ; gain = 25.676
---------------------------------------------------------------------------------
Synthesis finished with 0 errors, 0 critical warnings and 0 warnings.
Synthesis Optimization Runtime : Time (s): cpu = 00:00:10 ; elapsed = 00:00:21 . Memory (MB): peak = 2051.449 ; gain = 25.676
Synthesis Optimization Complete : Time (s): cpu = 00:00:21 ; elapsed = 00:00:22 . Memory (MB): peak = 2051.449 ; gain = 25.676
INFO: [Project 1-571] Translating synthesized netlist
Netlist sorting complete. Time (s): cpu = 00:00:00 ; elapsed = 00:00:00.009 . Memory (MB): peak = 2051.449 ; gain = 0.000
INFO: [Netlist 29-17] Analyzing 2 Unisim elements for replacement
INFO: [Netlist 29-28] Unisim Transformation completed in 0 CPU seconds
INFO: [Project 1-570] Preparing netlist for logic optimization
Parsing XDC File [e:/competition/2_fpga/3_yolo_zynq/rtl/GEMM/ip/gemm_bm_w_g1/gemm_bm_w_g1_ooc.xdc] for cell 'U0'
INFO: [Vivado 12-4761] HD.CLK_SRC property is set on port clka. The net connecting to the port drives either clock PIN or hierarchical black box. Use the create_clock constraint to create a clock on this port prior to setting HD.CLK_SRC.  [e:/competition/2_fpga/3_yolo_zynq/rtl/GEMM/ip/gemm_bm_w_g1/gemm_bm_w_g1_ooc.xdc:54]
INFO: [Vivado 12-4761] HD.CLK_SRC property is set on port clkb. The net connecting to the port drives either clock PIN or hierarchical black box. Use the create_clock constraint to create a clock on this port prior to setting HD.CLK_SRC.  [e:/competition/2_fpga/3_yolo_zynq/rtl/GEMM/ip/gemm_bm_w_g1/gemm_bm_w_g1_ooc.xdc:57]
Finished Parsing XDC File [e:/competition/2_fpga/3_yolo_zynq/rtl/GEMM/ip/gemm_bm_w_g1/gemm_bm_w_g1_ooc.xdc] for cell 'U0'
INFO: [Opt 31-138] Pushed 0 inverter(s) to 0 load pin(s).
Netlist sorting complete. Time (s): cpu = 00:00:00 ; elapsed = 00:00:00 . Memory (MB): peak = 2068.180 ; gain = 0.000
INFO: [Project 1-111] Unisim Transformation Summary:
No Unisim elements were transformed.

Synth Design complete | Checksum: 8e54a25c
INFO: [Common 17-83] Releasing license: Synthesis
378 Infos, 8 Warnings, 5 Critical Warnings and 0 Errors encountered.
synth_design completed successfully
synth_design: Time (s): cpu = 00:00:23 ; elapsed = 00:00:24 . Memory (MB): peak = 2068.180 ; gain = 42.406
INFO: [Coretcl 2-1174] Renamed 8 cell refs.
INFO: [Timing 38-480] Writing timing data to binary archive.
INFO: [Common 17-1381] The checkpoint 'e:/competition/2_fpga/3_yolo_zynq/rtl/GEMM/ip/gemm_bm_w_g1/gemm_bm_w_g1.dcp' has been generated.
INFO: [IP_Flow 19-234] Refreshing IP repositories
INFO: [IP_Flow 19-1704] No user IP repositories specified
INFO: [IP_Flow 19-2313] Loaded Vivado IP repository 'F:/vivado2025/2025.2/Vivado/data/ip'.
WARNING: [Vivado 12-13650] The IP file 'E:/competition/2_fpga/3_yolo_zynq/rtl/GEMM/ip/gemm_bm_x_g0/gemm_bm_x_g0.xci' has been moved from its original location, as a result the outputs for this IP will now be generated in 'e:/competition/2_fpga/3_yolo_zynq/rtl/GEMM/ip/gemm_bm_x_g0'. Alternatively a copy of the IP can be imported into the project using one of the 'import_ip' or 'import_files' commands.
Command: synth_design -top gemm_bm_x_g0 -part xc7z020clg484-1 -mode out_of_context
Starting synth_design
Attempting to get a license for feature 'Synthesis' and/or device 'xc7z020'
INFO: [Common 17-349] Got license for feature 'Synthesis' and/or device 'xc7z020'
INFO: [Synth 8-7079] Multithreading enabled for synth_design using a maximum of 2 processes.
---------------------------------------------------------------------------------
Starting RTL Elaboration : Time (s): cpu = 00:00:04 ; elapsed = 00:00:05 . Memory (MB): peak = 2068.180 ; gain = 0.000
---------------------------------------------------------------------------------
INFO: [Synth 8-638] synthesizing module 'gemm_bm_x_g0' [e:/competition/2_fpga/3_yolo_zynq/rtl/GEMM/ip/gemm_bm_x_g0/synth/gemm_bm_x_g0.vhd:76]
	Parameter C_FAMILY bound to: zynq - type: string 
	Parameter C_XDEVICEFAMILY bound to: zynq - type: string 
	Parameter C_ELABORATION_DIR bound to: ./ - type: string 
	Parameter C_INTERFACE_TYPE bound to: 0 - type: integer 
	Parameter C_AXI_TYPE bound to: 1 - type: integer 
	Parameter C_AXI_SLAVE_TYPE bound to: 0 - type: integer 
	Parameter C_USE_BRAM_BLOCK bound to: 0 - type: integer 
	Parameter C_ENABLE_32BIT_ADDRESS bound to: 0 - type: integer 
	Parameter C_CTRL_ECC_ALGO bound to: NONE - type: string 
	Parameter C_HAS_AXI_ID bound to: 0 - type: integer 
	Parameter C_AXI_ID_WIDTH bound to: 4 - type: integer 
	Parameter C_MEM_TYPE bound to: 2 - type: integer 
	Parameter C_BYTE_SIZE bound to: 8 - type: integer 
	Parameter C_ALGORITHM bound to: 1 - type: integer 
	Parameter C_PRIM_TYPE bound to: 1 - type: integer 
	Parameter C_LOAD_INIT_FILE bound to: 0 - type: integer 
	Parameter C_INIT_FILE_NAME bound to: no_coe_file_loaded - type: string 
	Parameter C_INIT_FILE bound to: gemm_bm_x_g0.mem - type: string 
	Parameter C_USE_DEFAULT_DATA bound to: 0 - type: integer 
	Parameter C_DEFAULT_DATA bound to: 0 - type: string 
	Parameter C_HAS_RSTA bound to: 0 - type: integer 
	Parameter C_RST_PRIORITY_A bound to: CE - type: string 
	Parameter C_RSTRAM_A bound to: 0 - type: integer 
	Parameter C_INITA_VAL bound to: 0 - type: string 
	Parameter C_HAS_ENA bound to: 1 - type: integer 
	Parameter C_HAS_REGCEA bound to: 0 - type: integer 
	Parameter C_USE_BYTE_WEA bound to: 1 - type: integer 
	Parameter C_WEA_WIDTH bound to: 16 - type: integer 
	Parameter C_WRITE_MODE_A bound to: WRITE_FIRST - type: string 
	Parameter C_WRITE_WIDTH_A bound to: 128 - type: integer 
	Parameter C_READ_WIDTH_A bound to: 128 - type: integer 
	Parameter C_WRITE_DEPTH_A bound to: 1024 - type: integer 
	Parameter C_READ_DEPTH_A bound to: 1024 - type: integer 
	Parameter C_ADDRA_WIDTH bound to: 10 - type: integer 
	Parameter C_HAS_RSTB bound to: 0 - type: integer 
	Parameter C_RST_PRIORITY_B bound to: CE - type: string 
	Parameter C_RSTRAM_B bound to: 0 - type: integer 
	Parameter C_INITB_VAL bound to: 0 - type: string 
	Parameter C_HAS_ENB bound to: 1 - type: integer 
	Parameter C_HAS_REGCEB bound to: 0 - type: integer 
	Parameter C_USE_BYTE_WEB bound to: 1 - type: integer 
	Parameter C_WEB_WIDTH bound to: 16 - type: integer 
	Parameter C_WRITE_MODE_B bound to: WRITE_FIRST - type: string 
	Parameter C_WRITE_WIDTH_B bound to: 128 - type: integer 
	Parameter C_READ_WIDTH_B bound to: 128 - type: integer 
	Parameter C_WRITE_DEPTH_B bound to: 1024 - type: integer 
	Parameter C_READ_DEPTH_B bound to: 1024 - type: integer 
	Parameter C_ADDRB_WIDTH bound to: 10 - type: integer 
	Parameter C_HAS_MEM_OUTPUT_REGS_A bound to: 0 - type: integer 
	Parameter C_HAS_MEM_OUTPUT_REGS_B bound to: 0 - type: integer 
	Parameter C_HAS_MUX_OUTPUT_REGS_A bound to: 0 - type: integer 
	Parameter C_HAS_MUX_OUTPUT_REGS_B bound to: 0 - type: integer 
	Parameter C_MUX_PIPELINE_STAGES bound to: 0 - type: integer 
	Parameter C_HAS_SOFTECC_INPUT_REGS_A bound to: 0 - type: integer 
	Parameter C_HAS_SOFTECC_OUTPUT_REGS_B bound to: 0 - type: integer 
	Parameter C_USE_SOFTECC bound to: 0 - type: integer 
	Parameter C_USE_ECC bound to: 0 - type: integer 
	Parameter C_EN_ECC_PIPE bound to: 0 - type: integer 
	Parameter C_READ_LATENCY_A bound to: 1 - type: integer 
	Parameter C_READ_LATENCY_B bound to: 1 - type: integer 
	Parameter C_HAS_INJECTERR bound to: 0 - type: integer 
	Parameter C_SIM_COLLISION_CHECK bound to: ALL - type: string 
	Parameter C_COMMON_CLK bound to: 0 - type: integer 
	Parameter C_DISABLE_WARN_BHV_COLL bound to: 0 - type: integer 
	Parameter C_EN_SLEEP_PIN bound to: 0 - type: integer 
	Parameter C_USE_URAM bound to: 0 - type: integer 
	Parameter C_EN_RDADDRA_CHG bound to: 0 - type: integer 
	Parameter C_EN_RDADDRB_CHG bound to: 0 - type: integer 
	Parameter C_EN_DEEPSLEEP_PIN bound to: 0 - type: integer 
	Parameter C_EN_SHUTDOWN_PIN bound to: 0 - type: integer 
	Parameter C_EN_SAFETY_CKT bound to: 0 - type: integer 
	Parameter C_DISABLE_WARN_BHV_RANGE bound to: 0 - type: integer 
	Parameter C_COUNT_36K_BRAM bound to: 4 - type: string 
	Parameter C_COUNT_18K_BRAM bound to: 0 - type: string 
	Parameter C_EST_POWER_SUMMARY bound to: Estimated Power for IP     :     23.719602 mW - type: string 
INFO: [Synth 8-3491] module 'blk_mem_gen_v8_4_12' declared at 'e:/competition/2_fpga/3_yolo_zynq/rtl/GEMM/ip/gemm_bm_x_g0/hdl/blk_mem_gen_v8_4_vhsyn_rfs.vhd:195209' bound to instance 'U0' of component 'blk_mem_gen_v8_4_12' [e:/competition/2_fpga/3_yolo_zynq/rtl/GEMM/ip/gemm_bm_x_g0/synth/gemm_bm_x_g0.vhd:252]
INFO: [Synth 8-256] done synthesizing module 'gemm_bm_x_g0' (0#1) [e:/competition/2_fpga/3_yolo_zynq/rtl/GEMM/ip/gemm_bm_x_g0/synth/gemm_bm_x_g0.vhd:76]
INFO: [Synth 8-7129] Port CLKB in module blk_mem_output_block is either unconnected or has no load
INFO: [Synth 8-7129] Port SBITERR_I in module blk_mem_output_block is either unconnected or has no load
INFO: [Synth 8-7129] Port DBITERR_I in module blk_mem_output_block is either unconnected or has no load
INFO: [Synth 8-7129] Port RDADDRECC_I[9] in module blk_mem_output_block is either unconnected or has no load
INFO: [Synth 8-7129] Port RDADDRECC_I[8] in module blk_mem_output_block is either unconnected or has no load
INFO: [Synth 8-7129] Port RDADDRECC_I[7] in module blk_mem_output_block is either unconnected or has no load
INFO: [Synth 8-7129] Port RDADDRECC_I[6] in module blk_mem_output_block is either unconnected or has no load
INFO: [Synth 8-7129] Port RDADDRECC_I[5] in module blk_mem_output_block is either unconnected or has no load
INFO: [Synth 8-7129] Port RDADDRECC_I[4] in module blk_mem_output_block is either unconnected or has no load
INFO: [Synth 8-7129] Port RDADDRECC_I[3] in module blk_mem_output_block is either unconnected or has no load
INFO: [Synth 8-7129] Port RDADDRECC_I[2] in module blk_mem_output_block is either unconnected or has no load
INFO: [Synth 8-7129] Port RDADDRECC_I[1] in module blk_mem_output_block is either unconnected or has no load
INFO: [Synth 8-7129] Port RDADDRECC_I[0] in module blk_mem_output_block is either unconnected or has no load
INFO: [Synth 8-7129] Port SBITERR in module blk_mem_gen_prim_wrapper__parameterized2 is either unconnected or has no load
INFO: [Synth 8-7129] Port DBITERR in module blk_mem_gen_prim_wrapper__parameterized2 is either unconnected or has no load
INFO: [Synth 8-7129] Port SSRA in module blk_mem_gen_prim_wrapper__parameterized2 is either unconnected or has no load
INFO: [Synth 8-7129] Port SSRB in module blk_mem_gen_prim_wrapper__parameterized2 is either unconnected or has no load
INFO: [Synth 8-7129] Port SLEEP in module blk_mem_gen_prim_wrapper__parameterized2 is either unconnected or has no load
INFO: [Synth 8-7129] Port INJECTSBITERR in module blk_mem_gen_prim_wrapper__parameterized2 is either unconnected or has no load
INFO: [Synth 8-7129] Port INJECTDBITERR in module blk_mem_gen_prim_wrapper__parameterized2 is either unconnected or has no load
INFO: [Synth 8-7129] Port ECCPIPECE in module blk_mem_gen_prim_wrapper__parameterized2 is either unconnected or has no load
INFO: [Synth 8-7129] Port SBITERR in module blk_mem_gen_prim_wrapper__parameterized1 is either unconnected or has no load
INFO: [Synth 8-7129] Port DBITERR in module blk_mem_gen_prim_wrapper__parameterized1 is either unconnected or has no load
INFO: [Synth 8-7129] Port SSRA in module blk_mem_gen_prim_wrapper__parameterized1 is either unconnected or has no load
INFO: [Synth 8-7129] Port SSRB in module blk_mem_gen_prim_wrapper__parameterized1 is either unconnected or has no load
INFO: [Synth 8-7129] Port SLEEP in module blk_mem_gen_prim_wrapper__parameterized1 is either unconnected or has no load
INFO: [Synth 8-7129] Port INJECTSBITERR in module blk_mem_gen_prim_wrapper__parameterized1 is either unconnected or has no load
INFO: [Synth 8-7129] Port INJECTDBITERR in module blk_mem_gen_prim_wrapper__parameterized1 is either unconnected or has no load
INFO: [Synth 8-7129] Port ECCPIPECE in module blk_mem_gen_prim_wrapper__parameterized1 is either unconnected or has no load
INFO: [Synth 8-7129] Port SBITERR in module blk_mem_gen_prim_wrapper__parameterized0 is either unconnected or has no load
INFO: [Synth 8-7129] Port DBITERR in module blk_mem_gen_prim_wrapper__parameterized0 is either unconnected or has no load
INFO: [Synth 8-7129] Port SSRA in module blk_mem_gen_prim_wrapper__parameterized0 is either unconnected or has no load
INFO: [Synth 8-7129] Port SSRB in module blk_mem_gen_prim_wrapper__parameterized0 is either unconnected or has no load
INFO: [Synth 8-7129] Port SLEEP in module blk_mem_gen_prim_wrapper__parameterized0 is either unconnected or has no load
INFO: [Synth 8-7129] Port INJECTSBITERR in module blk_mem_gen_prim_wrapper__parameterized0 is either unconnected or has no load
INFO: [Synth 8-7129] Port INJECTDBITERR in module blk_mem_gen_prim_wrapper__parameterized0 is either unconnected or has no load
INFO: [Synth 8-7129] Port ECCPIPECE in module blk_mem_gen_prim_wrapper__parameterized0 is either unconnected or has no load
INFO: [Synth 8-7129] Port SBITERR in module blk_mem_gen_prim_wrapper is either unconnected or has no load
INFO: [Synth 8-7129] Port DBITERR in module blk_mem_gen_prim_wrapper is either unconnected or has no load
INFO: [Synth 8-7129] Port SSRA in module blk_mem_gen_prim_wrapper is either unconnected or has no load
INFO: [Synth 8-7129] Port SSRB in module blk_mem_gen_prim_wrapper is either unconnected or has no load
INFO: [Synth 8-7129] Port SLEEP in module blk_mem_gen_prim_wrapper is either unconnected or has no load
INFO: [Synth 8-7129] Port INJECTSBITERR in module blk_mem_gen_prim_wrapper is either unconnected or has no load
INFO: [Synth 8-7129] Port INJECTDBITERR in module blk_mem_gen_prim_wrapper is either unconnected or has no load
INFO: [Synth 8-7129] Port ECCPIPECE in module blk_mem_gen_prim_wrapper is either unconnected or has no load
INFO: [Synth 8-7129] Port REGCEA[0] in module blk_mem_gen_generic_cstr is either unconnected or has no load
INFO: [Synth 8-7129] Port REGCEB[0] in module blk_mem_gen_generic_cstr is either unconnected or has no load
INFO: [Synth 8-7129] Port INJECTSBITERR in module blk_mem_gen_generic_cstr is either unconnected or has no load
INFO: [Synth 8-7129] Port INJECTDBITERR in module blk_mem_gen_generic_cstr is either unconnected or has no load
INFO: [Synth 8-7129] Port RSTA in module blk_mem_input_block is either unconnected or has no load
INFO: [Synth 8-7129] Port REGCEA in module blk_mem_input_block is either unconnected or has no load
INFO: [Synth 8-7129] Port RSTB in module blk_mem_input_block is either unconnected or has no load
INFO: [Synth 8-7129] Port REGCEB in module blk_mem_input_block is either unconnected or has no load
INFO: [Synth 8-7129] Port INJECTDBITERR in module blk_mem_input_block is either unconnected or has no load
INFO: [Synth 8-7129] Port INJECTSBITERR in module blk_mem_input_block is either unconnected or has no load
INFO: [Synth 8-7129] Port S_AClk in module blk_mem_gen_v8_4_12_synth is either unconnected or has no load
INFO: [Synth 8-7129] Port S_ARESETN in module blk_mem_gen_v8_4_12_synth is either unconnected or has no load
INFO: [Synth 8-7129] Port S_AXI_AWID[3] in module blk_mem_gen_v8_4_12_synth is either unconnected or has no load
INFO: [Synth 8-7129] Port S_AXI_AWID[2] in module blk_mem_gen_v8_4_12_synth is either unconnected or has no load
INFO: [Synth 8-7129] Port S_AXI_AWID[1] in module blk_mem_gen_v8_4_12_synth is either unconnected or has no load
INFO: [Synth 8-7129] Port S_AXI_AWID[0] in module blk_mem_gen_v8_4_12_synth is either unconnected or has no load
INFO: [Synth 8-7129] Port S_AXI_AWADDR[31] in module blk_mem_gen_v8_4_12_synth is either unconnected or has no load
INFO: [Synth 8-7129] Port S_AXI_AWADDR[30] in module blk_mem_gen_v8_4_12_synth is either unconnected or has no load
INFO: [Synth 8-7129] Port S_AXI_AWADDR[29] in module blk_mem_gen_v8_4_12_synth is either unconnected or has no load
INFO: [Synth 8-7129] Port S_AXI_AWADDR[28] in module blk_mem_gen_v8_4_12_synth is either unconnected or has no load
INFO: [Synth 8-7129] Port S_AXI_AWADDR[27] in module blk_mem_gen_v8_4_12_synth is either unconnected or has no load
INFO: [Synth 8-7129] Port S_AXI_AWADDR[26] in module blk_mem_gen_v8_4_12_synth is either unconnected or has no load
INFO: [Synth 8-7129] Port S_AXI_AWADDR[25] in module blk_mem_gen_v8_4_12_synth is either unconnected or has no load
INFO: [Synth 8-7129] Port S_AXI_AWADDR[24] in module blk_mem_gen_v8_4_12_synth is either unconnected or has no load
INFO: [Synth 8-7129] Port S_AXI_AWADDR[23] in module blk_mem_gen_v8_4_12_synth is either unconnected or has no load
INFO: [Synth 8-7129] Port S_AXI_AWADDR[22] in module blk_mem_gen_v8_4_12_synth is either unconnected or has no load
INFO: [Synth 8-7129] Port S_AXI_AWADDR[21] in module blk_mem_gen_v8_4_12_synth is either unconnected or has no load
INFO: [Synth 8-7129] Port S_AXI_AWADDR[20] in module blk_mem_gen_v8_4_12_synth is either unconnected or has no load
INFO: [Synth 8-7129] Port S_AXI_AWADDR[19] in module blk_mem_gen_v8_4_12_synth is either unconnected or has no load
INFO: [Synth 8-7129] Port S_AXI_AWADDR[18] in module blk_mem_gen_v8_4_12_synth is either unconnected or has no load
INFO: [Synth 8-7129] Port S_AXI_AWADDR[17] in module blk_mem_gen_v8_4_12_synth is either unconnected or has no load
INFO: [Synth 8-7129] Port S_AXI_AWADDR[16] in module blk_mem_gen_v8_4_12_synth is either unconnected or has no load
INFO: [Synth 8-7129] Port S_AXI_AWADDR[15] in module blk_mem_gen_v8_4_12_synth is either unconnected or has no load
INFO: [Synth 8-7129] Port S_AXI_AWADDR[14] in module blk_mem_gen_v8_4_12_synth is either unconnected or has no load
INFO: [Synth 8-7129] Port S_AXI_AWADDR[13] in module blk_mem_gen_v8_4_12_synth is either unconnected or has no load
INFO: [Synth 8-7129] Port S_AXI_AWADDR[12] in module blk_mem_gen_v8_4_12_synth is either unconnected or has no load
INFO: [Synth 8-7129] Port S_AXI_AWADDR[11] in module blk_mem_gen_v8_4_12_synth is either unconnected or has no load
INFO: [Synth 8-7129] Port S_AXI_AWADDR[10] in module blk_mem_gen_v8_4_12_synth is either unconnected or has no load
INFO: [Synth 8-7129] Port S_AXI_AWADDR[9] in module blk_mem_gen_v8_4_12_synth is either unconnected or has no load
INFO: [Synth 8-7129] Port S_AXI_AWADDR[8] in module blk_mem_gen_v8_4_12_synth is either unconnected or has no load
INFO: [Synth 8-7129] Port S_AXI_AWADDR[7] in module blk_mem_gen_v8_4_12_synth is either unconnected or has no load
INFO: [Synth 8-7129] Port S_AXI_AWADDR[6] in module blk_mem_gen_v8_4_12_synth is either unconnected or has no load
INFO: [Synth 8-7129] Port S_AXI_AWADDR[5] in module blk_mem_gen_v8_4_12_synth is either unconnected or has no load
INFO: [Synth 8-7129] Port S_AXI_AWADDR[4] in module blk_mem_gen_v8_4_12_synth is either unconnected or has no load
INFO: [Synth 8-7129] Port S_AXI_AWADDR[3] in module blk_mem_gen_v8_4_12_synth is either unconnected or has no load
INFO: [Synth 8-7129] Port S_AXI_AWADDR[2] in module blk_mem_gen_v8_4_12_synth is either unconnected or has no load
INFO: [Synth 8-7129] Port S_AXI_AWADDR[1] in module blk_mem_gen_v8_4_12_synth is either unconnected or has no load
INFO: [Synth 8-7129] Port S_AXI_AWADDR[0] in module blk_mem_gen_v8_4_12_synth is either unconnected or has no load
INFO: [Synth 8-7129] Port S_AXI_AWLEN[7] in module blk_mem_gen_v8_4_12_synth is either unconnected or has no load
INFO: [Synth 8-7129] Port S_AXI_AWLEN[6] in module blk_mem_gen_v8_4_12_synth is either unconnected or has no load
INFO: [Synth 8-7129] Port S_AXI_AWLEN[5] in module blk_mem_gen_v8_4_12_synth is either unconnected or has no load
INFO: [Synth 8-7129] Port S_AXI_AWLEN[4] in module blk_mem_gen_v8_4_12_synth is either unconnected or has no load
INFO: [Synth 8-7129] Port S_AXI_AWLEN[3] in module blk_mem_gen_v8_4_12_synth is either unconnected or has no load
INFO: [Synth 8-7129] Port S_AXI_AWLEN[2] in module blk_mem_gen_v8_4_12_synth is either unconnected or has no load
INFO: [Synth 8-7129] Port S_AXI_AWLEN[1] in module blk_mem_gen_v8_4_12_synth is either unconnected or has no load
INFO: [Common 17-14] Message 'Synth 8-7129' appears 100 times and further instances of the messages will be disabled. Use the Tcl command set_msg_config to change the current settings.
---------------------------------------------------------------------------------
Finished RTL Elaboration : Time (s): cpu = 00:00:09 ; elapsed = 00:00:10 . Memory (MB): peak = 2068.180 ; gain = 0.000
---------------------------------------------------------------------------------
---------------------------------------------------------------------------------
Start Handling Custom Attributes
---------------------------------------------------------------------------------
---------------------------------------------------------------------------------
Finished Handling Custom Attributes : Time (s): cpu = 00:00:10 ; elapsed = 00:00:10 . Memory (MB): peak = 2068.180 ; gain = 0.000
---------------------------------------------------------------------------------
---------------------------------------------------------------------------------
Finished RTL Optimization Phase 1 : Time (s): cpu = 00:00:10 ; elapsed = 00:00:10 . Memory (MB): peak = 2068.180 ; gain = 0.000
---------------------------------------------------------------------------------
Netlist sorting complete. Time (s): cpu = 00:00:00 ; elapsed = 00:00:00.018 . Memory (MB): peak = 2068.180 ; gain = 0.000
INFO: [Netlist 29-17] Analyzing 4 Unisim elements for replacement
INFO: [Netlist 29-28] Unisim Transformation completed in 0 CPU seconds
INFO: [Project 1-570] Preparing netlist for logic optimization

Processing XDC Constraints
Initializing timing engine
Parsing XDC File [e:/competition/2_fpga/3_yolo_zynq/rtl/GEMM/ip/gemm_bm_x_g0/gemm_bm_x_g0_ooc.xdc] for cell 'U0'
Finished Parsing XDC File [e:/competition/2_fpga/3_yolo_zynq/rtl/GEMM/ip/gemm_bm_x_g0/gemm_bm_x_g0_ooc.xdc] for cell 'U0'
Completed Processing XDC Constraints

Netlist sorting complete. Time (s): cpu = 00:00:00 ; elapsed = 00:00:00 . Memory (MB): peak = 2068.180 ; gain = 0.000
INFO: [Project 1-111] Unisim Transformation Summary:
No Unisim elements were transformed.

Constraint Validation Runtime : Time (s): cpu = 00:00:00 ; elapsed = 00:00:00.019 . Memory (MB): peak = 2068.180 ; gain = 0.000
---------------------------------------------------------------------------------
Finished Constraint Validation : Time (s): cpu = 00:00:14 ; elapsed = 00:00:15 . Memory (MB): peak = 2068.180 ; gain = 0.000
---------------------------------------------------------------------------------
---------------------------------------------------------------------------------
Start Loading Part and Timing Information
---------------------------------------------------------------------------------
Loading part: xc7z020clg484-1
---------------------------------------------------------------------------------
Finished Loading Part and Timing Information : Time (s): cpu = 00:00:14 ; elapsed = 00:00:15 . Memory (MB): peak = 2068.180 ; gain = 0.000
---------------------------------------------------------------------------------
---------------------------------------------------------------------------------
Start Applying 'set_property' XDC Constraints
---------------------------------------------------------------------------------
---------------------------------------------------------------------------------
Finished applying 'set_property' XDC Constraints : Time (s): cpu = 00:00:14 ; elapsed = 00:00:15 . Memory (MB): peak = 2068.180 ; gain = 0.000
---------------------------------------------------------------------------------
---------------------------------------------------------------------------------
Finished RTL Optimization Phase 2 : Time (s): cpu = 00:00:15 ; elapsed = 00:00:15 . Memory (MB): peak = 2068.180 ; gain = 0.000
---------------------------------------------------------------------------------
---------------------------------------------------------------------------------
Start RTL Component Statistics 
---------------------------------------------------------------------------------
---------------------------------------------------------------------------------
Finished RTL Component Statistics 
---------------------------------------------------------------------------------
---------------------------------------------------------------------------------
Start Part Resource Summary
---------------------------------------------------------------------------------
Part Resources:
DSPs: 220 (col length:60)
BRAMs: 280 (col length: RAMB18 60 RAMB36 30)
---------------------------------------------------------------------------------
Finished Part Resource Summary
---------------------------------------------------------------------------------
---------------------------------------------------------------------------------
Start Cross Boundary and Area Optimization
---------------------------------------------------------------------------------
---------------------------------------------------------------------------------
Finished Cross Boundary and Area Optimization : Time (s): cpu = 00:00:16 ; elapsed = 00:00:16 . Memory (MB): peak = 2068.180 ; gain = 0.000
---------------------------------------------------------------------------------
---------------------------------------------------------------------------------
Start Applying XDC Timing Constraints
---------------------------------------------------------------------------------
---------------------------------------------------------------------------------
Finished Applying XDC Timing Constraints : Time (s): cpu = 00:00:19 ; elapsed = 00:00:20 . Memory (MB): peak = 2068.180 ; gain = 0.000
---------------------------------------------------------------------------------
---------------------------------------------------------------------------------
Start Timing Optimization
---------------------------------------------------------------------------------
---------------------------------------------------------------------------------
Finished Timing Optimization : Time (s): cpu = 00:00:19 ; elapsed = 00:00:20 . Memory (MB): peak = 2068.180 ; gain = 0.000
---------------------------------------------------------------------------------
---------------------------------------------------------------------------------
Start Technology Mapping
---------------------------------------------------------------------------------
---------------------------------------------------------------------------------
Finished Technology Mapping : Time (s): cpu = 00:00:19 ; elapsed = 00:00:20 . Memory (MB): peak = 2068.180 ; gain = 0.000
---------------------------------------------------------------------------------
---------------------------------------------------------------------------------
Start IO Insertion
---------------------------------------------------------------------------------
---------------------------------------------------------------------------------
Start Flattening Before IO Insertion
---------------------------------------------------------------------------------
---------------------------------------------------------------------------------
Finished Flattening Before IO Insertion
---------------------------------------------------------------------------------
---------------------------------------------------------------------------------
Start Final Netlist Cleanup
---------------------------------------------------------------------------------
---------------------------------------------------------------------------------
Finished Final Netlist Cleanup
---------------------------------------------------------------------------------
---------------------------------------------------------------------------------
Finished IO Insertion : Time (s): cpu = 00:00:22 ; elapsed = 00:00:22 . Memory (MB): peak = 2098.781 ; gain = 30.602
---------------------------------------------------------------------------------
---------------------------------------------------------------------------------
Start Renaming Generated Instances
---------------------------------------------------------------------------------
---------------------------------------------------------------------------------
Finished Renaming Generated Instances : Time (s): cpu = 00:00:22 ; elapsed = 00:00:22 . Memory (MB): peak = 2098.781 ; gain = 30.602
---------------------------------------------------------------------------------
---------------------------------------------------------------------------------
Start Rebuilding User Hierarchy
---------------------------------------------------------------------------------
---------------------------------------------------------------------------------
Finished Rebuilding User Hierarchy : Time (s): cpu = 00:00:22 ; elapsed = 00:00:22 . Memory (MB): peak = 2098.781 ; gain = 30.602
---------------------------------------------------------------------------------
---------------------------------------------------------------------------------
Start Renaming Generated Ports
---------------------------------------------------------------------------------
---------------------------------------------------------------------------------
Finished Renaming Generated Ports : Time (s): cpu = 00:00:22 ; elapsed = 00:00:22 . Memory (MB): peak = 2098.781 ; gain = 30.602
---------------------------------------------------------------------------------
---------------------------------------------------------------------------------
Start Handling Custom Attributes
---------------------------------------------------------------------------------
---------------------------------------------------------------------------------
Finished Handling Custom Attributes : Time (s): cpu = 00:00:22 ; elapsed = 00:00:22 . Memory (MB): peak = 2098.781 ; gain = 30.602
---------------------------------------------------------------------------------
---------------------------------------------------------------------------------
Start Renaming Generated Nets
---------------------------------------------------------------------------------
---------------------------------------------------------------------------------
Finished Renaming Generated Nets : Time (s): cpu = 00:00:22 ; elapsed = 00:00:22 . Memory (MB): peak = 2098.781 ; gain = 30.602
---------------------------------------------------------------------------------
---------------------------------------------------------------------------------
Start Writing Synthesis Report
---------------------------------------------------------------------------------

Report BlackBoxes: 
+-+--------------+----------+
| |BlackBox name |Instances |
+-+--------------+----------+
+-+--------------+----------+

Report Cell Usage: 
+------+---------+------+
|      |Cell     |Count |
+------+---------+------+
|1     |RAMB36E1 |     4|
+------+---------+------+
---------------------------------------------------------------------------------
Finished Writing Synthesis Report : Time (s): cpu = 00:00:22 ; elapsed = 00:00:22 . Memory (MB): peak = 2098.781 ; gain = 30.602
---------------------------------------------------------------------------------
Synthesis finished with 0 errors, 0 critical warnings and 0 warnings.
Synthesis Optimization Runtime : Time (s): cpu = 00:00:11 ; elapsed = 00:00:21 . Memory (MB): peak = 2098.781 ; gain = 30.602
Synthesis Optimization Complete : Time (s): cpu = 00:00:22 ; elapsed = 00:00:22 . Memory (MB): peak = 2098.781 ; gain = 30.602
INFO: [Project 1-571] Translating synthesized netlist
Netlist sorting complete. Time (s): cpu = 00:00:00 ; elapsed = 00:00:00.013 . Memory (MB): peak = 2098.781 ; gain = 0.000
INFO: [Netlist 29-17] Analyzing 4 Unisim elements for replacement
INFO: [Netlist 29-28] Unisim Transformation completed in 0 CPU seconds
INFO: [Project 1-570] Preparing netlist for logic optimization
Parsing XDC File [e:/competition/2_fpga/3_yolo_zynq/rtl/GEMM/ip/gemm_bm_x_g0/gemm_bm_x_g0_ooc.xdc] for cell 'U0'
INFO: [Vivado 12-4761] HD.CLK_SRC property is set on port clka. The net connecting to the port drives either clock PIN or hierarchical black box. Use the create_clock constraint to create a clock on this port prior to setting HD.CLK_SRC.  [e:/competition/2_fpga/3_yolo_zynq/rtl/GEMM/ip/gemm_bm_x_g0/gemm_bm_x_g0_ooc.xdc:54]
INFO: [Vivado 12-4761] HD.CLK_SRC property is set on port clkb. The net connecting to the port drives either clock PIN or hierarchical black box. Use the create_clock constraint to create a clock on this port prior to setting HD.CLK_SRC.  [e:/competition/2_fpga/3_yolo_zynq/rtl/GEMM/ip/gemm_bm_x_g0/gemm_bm_x_g0_ooc.xdc:57]
Finished Parsing XDC File [e:/competition/2_fpga/3_yolo_zynq/rtl/GEMM/ip/gemm_bm_x_g0/gemm_bm_x_g0_ooc.xdc] for cell 'U0'
INFO: [Opt 31-138] Pushed 0 inverter(s) to 0 load pin(s).
Netlist sorting complete. Time (s): cpu = 00:00:00 ; elapsed = 00:00:00 . Memory (MB): peak = 2114.539 ; gain = 0.000
INFO: [Project 1-111] Unisim Transformation Summary:
No Unisim elements were transformed.

Synth Design complete | Checksum: a26509eb
INFO: [Common 17-83] Releasing license: Synthesis
503 Infos, 9 Warnings, 5 Critical Warnings and 0 Errors encountered.
synth_design completed successfully
synth_design: Time (s): cpu = 00:00:23 ; elapsed = 00:00:24 . Memory (MB): peak = 2114.539 ; gain = 46.359
INFO: [Coretcl 2-1174] Renamed 12 cell refs.
INFO: [Timing 38-480] Writing timing data to binary archive.
INFO: [Common 17-1381] The checkpoint 'e:/competition/2_fpga/3_yolo_zynq/rtl/GEMM/ip/gemm_bm_x_g0/gemm_bm_x_g0.dcp' has been generated.
INFO: [IP_Flow 19-234] Refreshing IP repositories
INFO: [IP_Flow 19-1704] No user IP repositories specified
INFO: [IP_Flow 19-2313] Loaded Vivado IP repository 'F:/vivado2025/2025.2/Vivado/data/ip'.
WARNING: [Vivado 12-13650] The IP file 'E:/competition/2_fpga/3_yolo_zynq/rtl/GEMM/ip/gemm_bm_x_g1/gemm_bm_x_g1.xci' has been moved from its original location, as a result the outputs for this IP will now be generated in 'e:/competition/2_fpga/3_yolo_zynq/rtl/GEMM/ip/gemm_bm_x_g1'. Alternatively a copy of the IP can be imported into the project using one of the 'import_ip' or 'import_files' commands.
Command: synth_design -top gemm_bm_x_g1 -part xc7z020clg484-1 -mode out_of_context
Starting synth_design
Attempting to get a license for feature 'Synthesis' and/or device 'xc7z020'
INFO: [Common 17-349] Got license for feature 'Synthesis' and/or device 'xc7z020'
INFO: [Synth 8-7079] Multithreading enabled for synth_design using a maximum of 2 processes.
---------------------------------------------------------------------------------
Starting RTL Elaboration : Time (s): cpu = 00:00:05 ; elapsed = 00:00:05 . Memory (MB): peak = 2114.539 ; gain = 0.000
---------------------------------------------------------------------------------
INFO: [Synth 8-638] synthesizing module 'gemm_bm_x_g1' [e:/competition/2_fpga/3_yolo_zynq/rtl/GEMM/ip/gemm_bm_x_g1/synth/gemm_bm_x_g1.vhd:76]
	Parameter C_FAMILY bound to: zynq - type: string 
	Parameter C_XDEVICEFAMILY bound to: zynq - type: string 
	Parameter C_ELABORATION_DIR bound to: ./ - type: string 
	Parameter C_INTERFACE_TYPE bound to: 0 - type: integer 
	Parameter C_AXI_TYPE bound to: 1 - type: integer 
	Parameter C_AXI_SLAVE_TYPE bound to: 0 - type: integer 
	Parameter C_USE_BRAM_BLOCK bound to: 0 - type: integer 
	Parameter C_ENABLE_32BIT_ADDRESS bound to: 0 - type: integer 
	Parameter C_CTRL_ECC_ALGO bound to: NONE - type: string 
	Parameter C_HAS_AXI_ID bound to: 0 - type: integer 
	Parameter C_AXI_ID_WIDTH bound to: 4 - type: integer 
	Parameter C_MEM_TYPE bound to: 2 - type: integer 
	Parameter C_BYTE_SIZE bound to: 8 - type: integer 
	Parameter C_ALGORITHM bound to: 1 - type: integer 
	Parameter C_PRIM_TYPE bound to: 1 - type: integer 
	Parameter C_LOAD_INIT_FILE bound to: 0 - type: integer 
	Parameter C_INIT_FILE_NAME bound to: no_coe_file_loaded - type: string 
	Parameter C_INIT_FILE bound to: gemm_bm_x_g1.mem - type: string 
	Parameter C_USE_DEFAULT_DATA bound to: 0 - type: integer 
	Parameter C_DEFAULT_DATA bound to: 0 - type: string 
	Parameter C_HAS_RSTA bound to: 0 - type: integer 
	Parameter C_RST_PRIORITY_A bound to: CE - type: string 
	Parameter C_RSTRAM_A bound to: 0 - type: integer 
	Parameter C_INITA_VAL bound to: 0 - type: string 
	Parameter C_HAS_ENA bound to: 1 - type: integer 
	Parameter C_HAS_REGCEA bound to: 0 - type: integer 
	Parameter C_USE_BYTE_WEA bound to: 1 - type: integer 
	Parameter C_WEA_WIDTH bound to: 16 - type: integer 
	Parameter C_WRITE_MODE_A bound to: WRITE_FIRST - type: string 
	Parameter C_WRITE_WIDTH_A bound to: 128 - type: integer 
	Parameter C_READ_WIDTH_A bound to: 128 - type: integer 
	Parameter C_WRITE_DEPTH_A bound to: 1024 - type: integer 
	Parameter C_READ_DEPTH_A bound to: 1024 - type: integer 
	Parameter C_ADDRA_WIDTH bound to: 10 - type: integer 
	Parameter C_HAS_RSTB bound to: 0 - type: integer 
	Parameter C_RST_PRIORITY_B bound to: CE - type: string 
	Parameter C_RSTRAM_B bound to: 0 - type: integer 
	Parameter C_INITB_VAL bound to: 0 - type: string 
	Parameter C_HAS_ENB bound to: 1 - type: integer 
	Parameter C_HAS_REGCEB bound to: 0 - type: integer 
	Parameter C_USE_BYTE_WEB bound to: 1 - type: integer 
	Parameter C_WEB_WIDTH bound to: 16 - type: integer 
	Parameter C_WRITE_MODE_B bound to: WRITE_FIRST - type: string 
	Parameter C_WRITE_WIDTH_B bound to: 128 - type: integer 
	Parameter C_READ_WIDTH_B bound to: 128 - type: integer 
	Parameter C_WRITE_DEPTH_B bound to: 1024 - type: integer 
	Parameter C_READ_DEPTH_B bound to: 1024 - type: integer 
	Parameter C_ADDRB_WIDTH bound to: 10 - type: integer 
	Parameter C_HAS_MEM_OUTPUT_REGS_A bound to: 0 - type: integer 
	Parameter C_HAS_MEM_OUTPUT_REGS_B bound to: 0 - type: integer 
	Parameter C_HAS_MUX_OUTPUT_REGS_A bound to: 0 - type: integer 
	Parameter C_HAS_MUX_OUTPUT_REGS_B bound to: 0 - type: integer 
	Parameter C_MUX_PIPELINE_STAGES bound to: 0 - type: integer 
	Parameter C_HAS_SOFTECC_INPUT_REGS_A bound to: 0 - type: integer 
	Parameter C_HAS_SOFTECC_OUTPUT_REGS_B bound to: 0 - type: integer 
	Parameter C_USE_SOFTECC bound to: 0 - type: integer 
	Parameter C_USE_ECC bound to: 0 - type: integer 
	Parameter C_EN_ECC_PIPE bound to: 0 - type: integer 
	Parameter C_READ_LATENCY_A bound to: 1 - type: integer 
	Parameter C_READ_LATENCY_B bound to: 1 - type: integer 
	Parameter C_HAS_INJECTERR bound to: 0 - type: integer 
	Parameter C_SIM_COLLISION_CHECK bound to: ALL - type: string 
	Parameter C_COMMON_CLK bound to: 0 - type: integer 
	Parameter C_DISABLE_WARN_BHV_COLL bound to: 0 - type: integer 
	Parameter C_EN_SLEEP_PIN bound to: 0 - type: integer 
	Parameter C_USE_URAM bound to: 0 - type: integer 
	Parameter C_EN_RDADDRA_CHG bound to: 0 - type: integer 
	Parameter C_EN_RDADDRB_CHG bound to: 0 - type: integer 
	Parameter C_EN_DEEPSLEEP_PIN bound to: 0 - type: integer 
	Parameter C_EN_SHUTDOWN_PIN bound to: 0 - type: integer 
	Parameter C_EN_SAFETY_CKT bound to: 0 - type: integer 
	Parameter C_DISABLE_WARN_BHV_RANGE bound to: 0 - type: integer 
	Parameter C_COUNT_36K_BRAM bound to: 4 - type: string 
	Parameter C_COUNT_18K_BRAM bound to: 0 - type: string 
	Parameter C_EST_POWER_SUMMARY bound to: Estimated Power for IP     :     23.719602 mW - type: string 
INFO: [Synth 8-3491] module 'blk_mem_gen_v8_4_12' declared at 'e:/competition/2_fpga/3_yolo_zynq/rtl/GEMM/ip/gemm_bm_x_g1/hdl/blk_mem_gen_v8_4_vhsyn_rfs.vhd:195209' bound to instance 'U0' of component 'blk_mem_gen_v8_4_12' [e:/competition/2_fpga/3_yolo_zynq/rtl/GEMM/ip/gemm_bm_x_g1/synth/gemm_bm_x_g1.vhd:252]
INFO: [Synth 8-256] done synthesizing module 'gemm_bm_x_g1' (0#1) [e:/competition/2_fpga/3_yolo_zynq/rtl/GEMM/ip/gemm_bm_x_g1/synth/gemm_bm_x_g1.vhd:76]
INFO: [Synth 8-7129] Port CLKB in module blk_mem_output_block is either unconnected or has no load
INFO: [Synth 8-7129] Port SBITERR_I in module blk_mem_output_block is either unconnected or has no load
INFO: [Synth 8-7129] Port DBITERR_I in module blk_mem_output_block is either unconnected or has no load
INFO: [Synth 8-7129] Port RDADDRECC_I[9] in module blk_mem_output_block is either unconnected or has no load
INFO: [Synth 8-7129] Port RDADDRECC_I[8] in module blk_mem_output_block is either unconnected or has no load
INFO: [Synth 8-7129] Port RDADDRECC_I[7] in module blk_mem_output_block is either unconnected or has no load
INFO: [Synth 8-7129] Port RDADDRECC_I[6] in module blk_mem_output_block is either unconnected or has no load
INFO: [Synth 8-7129] Port RDADDRECC_I[5] in module blk_mem_output_block is either unconnected or has no load
INFO: [Synth 8-7129] Port RDADDRECC_I[4] in module blk_mem_output_block is either unconnected or has no load
INFO: [Synth 8-7129] Port RDADDRECC_I[3] in module blk_mem_output_block is either unconnected or has no load
INFO: [Synth 8-7129] Port RDADDRECC_I[2] in module blk_mem_output_block is either unconnected or has no load
INFO: [Synth 8-7129] Port RDADDRECC_I[1] in module blk_mem_output_block is either unconnected or has no load
INFO: [Synth 8-7129] Port RDADDRECC_I[0] in module blk_mem_output_block is either unconnected or has no load
INFO: [Synth 8-7129] Port SBITERR in module blk_mem_gen_prim_wrapper__parameterized2 is either unconnected or has no load
INFO: [Synth 8-7129] Port DBITERR in module blk_mem_gen_prim_wrapper__parameterized2 is either unconnected or has no load
INFO: [Synth 8-7129] Port SSRA in module blk_mem_gen_prim_wrapper__parameterized2 is either unconnected or has no load
INFO: [Synth 8-7129] Port SSRB in module blk_mem_gen_prim_wrapper__parameterized2 is either unconnected or has no load
INFO: [Synth 8-7129] Port SLEEP in module blk_mem_gen_prim_wrapper__parameterized2 is either unconnected or has no load
INFO: [Synth 8-7129] Port INJECTSBITERR in module blk_mem_gen_prim_wrapper__parameterized2 is either unconnected or has no load
INFO: [Synth 8-7129] Port INJECTDBITERR in module blk_mem_gen_prim_wrapper__parameterized2 is either unconnected or has no load
INFO: [Synth 8-7129] Port ECCPIPECE in module blk_mem_gen_prim_wrapper__parameterized2 is either unconnected or has no load
INFO: [Synth 8-7129] Port SBITERR in module blk_mem_gen_prim_wrapper__parameterized1 is either unconnected or has no load
INFO: [Synth 8-7129] Port DBITERR in module blk_mem_gen_prim_wrapper__parameterized1 is either unconnected or has no load
INFO: [Synth 8-7129] Port SSRA in module blk_mem_gen_prim_wrapper__parameterized1 is either unconnected or has no load
INFO: [Synth 8-7129] Port SSRB in module blk_mem_gen_prim_wrapper__parameterized1 is either unconnected or has no load
INFO: [Synth 8-7129] Port SLEEP in module blk_mem_gen_prim_wrapper__parameterized1 is either unconnected or has no load
INFO: [Synth 8-7129] Port INJECTSBITERR in module blk_mem_gen_prim_wrapper__parameterized1 is either unconnected or has no load
INFO: [Synth 8-7129] Port INJECTDBITERR in module blk_mem_gen_prim_wrapper__parameterized1 is either unconnected or has no load
INFO: [Synth 8-7129] Port ECCPIPECE in module blk_mem_gen_prim_wrapper__parameterized1 is either unconnected or has no load
INFO: [Synth 8-7129] Port SBITERR in module blk_mem_gen_prim_wrapper__parameterized0 is either unconnected or has no load
INFO: [Synth 8-7129] Port DBITERR in module blk_mem_gen_prim_wrapper__parameterized0 is either unconnected or has no load
INFO: [Synth 8-7129] Port SSRA in module blk_mem_gen_prim_wrapper__parameterized0 is either unconnected or has no load
INFO: [Synth 8-7129] Port SSRB in module blk_mem_gen_prim_wrapper__parameterized0 is either unconnected or has no load
INFO: [Synth 8-7129] Port SLEEP in module blk_mem_gen_prim_wrapper__parameterized0 is either unconnected or has no load
INFO: [Synth 8-7129] Port INJECTSBITERR in module blk_mem_gen_prim_wrapper__parameterized0 is either unconnected or has no load
INFO: [Synth 8-7129] Port INJECTDBITERR in module blk_mem_gen_prim_wrapper__parameterized0 is either unconnected or has no load
INFO: [Synth 8-7129] Port ECCPIPECE in module blk_mem_gen_prim_wrapper__parameterized0 is either unconnected or has no load
INFO: [Synth 8-7129] Port SBITERR in module blk_mem_gen_prim_wrapper is either unconnected or has no load
INFO: [Synth 8-7129] Port DBITERR in module blk_mem_gen_prim_wrapper is either unconnected or has no load
INFO: [Synth 8-7129] Port SSRA in module blk_mem_gen_prim_wrapper is either unconnected or has no load
INFO: [Synth 8-7129] Port SSRB in module blk_mem_gen_prim_wrapper is either unconnected or has no load
INFO: [Synth 8-7129] Port SLEEP in module blk_mem_gen_prim_wrapper is either unconnected or has no load
INFO: [Synth 8-7129] Port INJECTSBITERR in module blk_mem_gen_prim_wrapper is either unconnected or has no load
INFO: [Synth 8-7129] Port INJECTDBITERR in module blk_mem_gen_prim_wrapper is either unconnected or has no load
INFO: [Synth 8-7129] Port ECCPIPECE in module blk_mem_gen_prim_wrapper is either unconnected or has no load
INFO: [Synth 8-7129] Port REGCEA[0] in module blk_mem_gen_generic_cstr is either unconnected or has no load
INFO: [Synth 8-7129] Port REGCEB[0] in module blk_mem_gen_generic_cstr is either unconnected or has no load
INFO: [Synth 8-7129] Port INJECTSBITERR in module blk_mem_gen_generic_cstr is either unconnected or has no load
INFO: [Synth 8-7129] Port INJECTDBITERR in module blk_mem_gen_generic_cstr is either unconnected or has no load
INFO: [Synth 8-7129] Port RSTA in module blk_mem_input_block is either unconnected or has no load
INFO: [Synth 8-7129] Port REGCEA in module blk_mem_input_block is either unconnected or has no load
INFO: [Synth 8-7129] Port RSTB in module blk_mem_input_block is either unconnected or has no load
INFO: [Synth 8-7129] Port REGCEB in module blk_mem_input_block is either unconnected or has no load
INFO: [Synth 8-7129] Port INJECTDBITERR in module blk_mem_input_block is either unconnected or has no load
INFO: [Synth 8-7129] Port INJECTSBITERR in module blk_mem_input_block is either unconnected or has no load
INFO: [Synth 8-7129] Port S_AClk in module blk_mem_gen_v8_4_12_synth is either unconnected or has no load
INFO: [Synth 8-7129] Port S_ARESETN in module blk_mem_gen_v8_4_12_synth is either unconnected or has no load
INFO: [Synth 8-7129] Port S_AXI_AWID[3] in module blk_mem_gen_v8_4_12_synth is either unconnected or has no load
INFO: [Synth 8-7129] Port S_AXI_AWID[2] in module blk_mem_gen_v8_4_12_synth is either unconnected or has no load
INFO: [Synth 8-7129] Port S_AXI_AWID[1] in module blk_mem_gen_v8_4_12_synth is either unconnected or has no load
INFO: [Synth 8-7129] Port S_AXI_AWID[0] in module blk_mem_gen_v8_4_12_synth is either unconnected or has no load
INFO: [Synth 8-7129] Port S_AXI_AWADDR[31] in module blk_mem_gen_v8_4_12_synth is either unconnected or has no load
INFO: [Synth 8-7129] Port S_AXI_AWADDR[30] in module blk_mem_gen_v8_4_12_synth is either unconnected or has no load
INFO: [Synth 8-7129] Port S_AXI_AWADDR[29] in module blk_mem_gen_v8_4_12_synth is either unconnected or has no load
INFO: [Synth 8-7129] Port S_AXI_AWADDR[28] in module blk_mem_gen_v8_4_12_synth is either unconnected or has no load
INFO: [Synth 8-7129] Port S_AXI_AWADDR[27] in module blk_mem_gen_v8_4_12_synth is either unconnected or has no load
INFO: [Synth 8-7129] Port S_AXI_AWADDR[26] in module blk_mem_gen_v8_4_12_synth is either unconnected or has no load
INFO: [Synth 8-7129] Port S_AXI_AWADDR[25] in module blk_mem_gen_v8_4_12_synth is either unconnected or has no load
INFO: [Synth 8-7129] Port S_AXI_AWADDR[24] in module blk_mem_gen_v8_4_12_synth is either unconnected or has no load
INFO: [Synth 8-7129] Port S_AXI_AWADDR[23] in module blk_mem_gen_v8_4_12_synth is either unconnected or has no load
INFO: [Synth 8-7129] Port S_AXI_AWADDR[22] in module blk_mem_gen_v8_4_12_synth is either unconnected or has no load
INFO: [Synth 8-7129] Port S_AXI_AWADDR[21] in module blk_mem_gen_v8_4_12_synth is either unconnected or has no load
INFO: [Synth 8-7129] Port S_AXI_AWADDR[20] in module blk_mem_gen_v8_4_12_synth is either unconnected or has no load
INFO: [Synth 8-7129] Port S_AXI_AWADDR[19] in module blk_mem_gen_v8_4_12_synth is either unconnected or has no load
INFO: [Synth 8-7129] Port S_AXI_AWADDR[18] in module blk_mem_gen_v8_4_12_synth is either unconnected or has no load
INFO: [Synth 8-7129] Port S_AXI_AWADDR[17] in module blk_mem_gen_v8_4_12_synth is either unconnected or has no load
INFO: [Synth 8-7129] Port S_AXI_AWADDR[16] in module blk_mem_gen_v8_4_12_synth is either unconnected or has no load
INFO: [Synth 8-7129] Port S_AXI_AWADDR[15] in module blk_mem_gen_v8_4_12_synth is either unconnected or has no load
INFO: [Synth 8-7129] Port S_AXI_AWADDR[14] in module blk_mem_gen_v8_4_12_synth is either unconnected or has no load
INFO: [Synth 8-7129] Port S_AXI_AWADDR[13] in module blk_mem_gen_v8_4_12_synth is either unconnected or has no load
INFO: [Synth 8-7129] Port S_AXI_AWADDR[12] in module blk_mem_gen_v8_4_12_synth is either unconnected or has no load
INFO: [Synth 8-7129] Port S_AXI_AWADDR[11] in module blk_mem_gen_v8_4_12_synth is either unconnected or has no load
INFO: [Synth 8-7129] Port S_AXI_AWADDR[10] in module blk_mem_gen_v8_4_12_synth is either unconnected or has no load
INFO: [Synth 8-7129] Port S_AXI_AWADDR[9] in module blk_mem_gen_v8_4_12_synth is either unconnected or has no load
INFO: [Synth 8-7129] Port S_AXI_AWADDR[8] in module blk_mem_gen_v8_4_12_synth is either unconnected or has no load
INFO: [Synth 8-7129] Port S_AXI_AWADDR[7] in module blk_mem_gen_v8_4_12_synth is either unconnected or has no load
INFO: [Synth 8-7129] Port S_AXI_AWADDR[6] in module blk_mem_gen_v8_4_12_synth is either unconnected or has no load
INFO: [Synth 8-7129] Port S_AXI_AWADDR[5] in module blk_mem_gen_v8_4_12_synth is either unconnected or has no load
INFO: [Synth 8-7129] Port S_AXI_AWADDR[4] in module blk_mem_gen_v8_4_12_synth is either unconnected or has no load
INFO: [Synth 8-7129] Port S_AXI_AWADDR[3] in module blk_mem_gen_v8_4_12_synth is either unconnected or has no load
INFO: [Synth 8-7129] Port S_AXI_AWADDR[2] in module blk_mem_gen_v8_4_12_synth is either unconnected or has no load
INFO: [Synth 8-7129] Port S_AXI_AWADDR[1] in module blk_mem_gen_v8_4_12_synth is either unconnected or has no load
INFO: [Synth 8-7129] Port S_AXI_AWADDR[0] in module blk_mem_gen_v8_4_12_synth is either unconnected or has no load
INFO: [Synth 8-7129] Port S_AXI_AWLEN[7] in module blk_mem_gen_v8_4_12_synth is either unconnected or has no load
INFO: [Synth 8-7129] Port S_AXI_AWLEN[6] in module blk_mem_gen_v8_4_12_synth is either unconnected or has no load
INFO: [Synth 8-7129] Port S_AXI_AWLEN[5] in module blk_mem_gen_v8_4_12_synth is either unconnected or has no load
INFO: [Synth 8-7129] Port S_AXI_AWLEN[4] in module blk_mem_gen_v8_4_12_synth is either unconnected or has no load
INFO: [Synth 8-7129] Port S_AXI_AWLEN[3] in module blk_mem_gen_v8_4_12_synth is either unconnected or has no load
INFO: [Synth 8-7129] Port S_AXI_AWLEN[2] in module blk_mem_gen_v8_4_12_synth is either unconnected or has no load
INFO: [Synth 8-7129] Port S_AXI_AWLEN[1] in module blk_mem_gen_v8_4_12_synth is either unconnected or has no load
INFO: [Common 17-14] Message 'Synth 8-7129' appears 100 times and further instances of the messages will be disabled. Use the Tcl command set_msg_config to change the current settings.
---------------------------------------------------------------------------------
Finished RTL Elaboration : Time (s): cpu = 00:00:10 ; elapsed = 00:00:10 . Memory (MB): peak = 2114.539 ; gain = 0.000
---------------------------------------------------------------------------------
---------------------------------------------------------------------------------
Start Handling Custom Attributes
---------------------------------------------------------------------------------
---------------------------------------------------------------------------------
Finished Handling Custom Attributes : Time (s): cpu = 00:00:10 ; elapsed = 00:00:10 . Memory (MB): peak = 2114.539 ; gain = 0.000
---------------------------------------------------------------------------------
---------------------------------------------------------------------------------
Finished RTL Optimization Phase 1 : Time (s): cpu = 00:00:10 ; elapsed = 00:00:10 . Memory (MB): peak = 2114.539 ; gain = 0.000
---------------------------------------------------------------------------------
Netlist sorting complete. Time (s): cpu = 00:00:00 ; elapsed = 00:00:00.018 . Memory (MB): peak = 2114.539 ; gain = 0.000
INFO: [Netlist 29-17] Analyzing 4 Unisim elements for replacement
INFO: [Netlist 29-28] Unisim Transformation completed in 0 CPU seconds
INFO: [Project 1-570] Preparing netlist for logic optimization

Processing XDC Constraints
Initializing timing engine
Parsing XDC File [e:/competition/2_fpga/3_yolo_zynq/rtl/GEMM/ip/gemm_bm_x_g1/gemm_bm_x_g1_ooc.xdc] for cell 'U0'
Finished Parsing XDC File [e:/competition/2_fpga/3_yolo_zynq/rtl/GEMM/ip/gemm_bm_x_g1/gemm_bm_x_g1_ooc.xdc] for cell 'U0'
Completed Processing XDC Constraints

Netlist sorting complete. Time (s): cpu = 00:00:00 ; elapsed = 00:00:00 . Memory (MB): peak = 2114.539 ; gain = 0.000
INFO: [Project 1-111] Unisim Transformation Summary:
No Unisim elements were transformed.

Constraint Validation Runtime : Time (s): cpu = 00:00:00 ; elapsed = 00:00:00.023 . Memory (MB): peak = 2114.539 ; gain = 0.000
---------------------------------------------------------------------------------
Finished Constraint Validation : Time (s): cpu = 00:00:15 ; elapsed = 00:00:15 . Memory (MB): peak = 2114.539 ; gain = 0.000
---------------------------------------------------------------------------------
---------------------------------------------------------------------------------
Start Loading Part and Timing Information
---------------------------------------------------------------------------------
Loading part: xc7z020clg484-1
---------------------------------------------------------------------------------
Finished Loading Part and Timing Information : Time (s): cpu = 00:00:15 ; elapsed = 00:00:15 . Memory (MB): peak = 2114.539 ; gain = 0.000
---------------------------------------------------------------------------------
---------------------------------------------------------------------------------
Start Applying 'set_property' XDC Constraints
---------------------------------------------------------------------------------
---------------------------------------------------------------------------------
Finished applying 'set_property' XDC Constraints : Time (s): cpu = 00:00:15 ; elapsed = 00:00:15 . Memory (MB): peak = 2114.539 ; gain = 0.000
---------------------------------------------------------------------------------
---------------------------------------------------------------------------------
Finished RTL Optimization Phase 2 : Time (s): cpu = 00:00:15 ; elapsed = 00:00:15 . Memory (MB): peak = 2114.539 ; gain = 0.000
---------------------------------------------------------------------------------
---------------------------------------------------------------------------------
Start RTL Component Statistics 
---------------------------------------------------------------------------------
---------------------------------------------------------------------------------
Finished RTL Component Statistics 
---------------------------------------------------------------------------------
---------------------------------------------------------------------------------
Start Part Resource Summary
---------------------------------------------------------------------------------
Part Resources:
DSPs: 220 (col length:60)
BRAMs: 280 (col length: RAMB18 60 RAMB36 30)
---------------------------------------------------------------------------------
Finished Part Resource Summary
---------------------------------------------------------------------------------
---------------------------------------------------------------------------------
Start Cross Boundary and Area Optimization
---------------------------------------------------------------------------------
---------------------------------------------------------------------------------
Finished Cross Boundary and Area Optimization : Time (s): cpu = 00:00:16 ; elapsed = 00:00:16 . Memory (MB): peak = 2114.539 ; gain = 0.000
---------------------------------------------------------------------------------
---------------------------------------------------------------------------------
Start Applying XDC Timing Constraints
---------------------------------------------------------------------------------
---------------------------------------------------------------------------------
Finished Applying XDC Timing Constraints : Time (s): cpu = 00:00:20 ; elapsed = 00:00:20 . Memory (MB): peak = 2114.539 ; gain = 0.000
---------------------------------------------------------------------------------
---------------------------------------------------------------------------------
Start Timing Optimization
---------------------------------------------------------------------------------
---------------------------------------------------------------------------------
Finished Timing Optimization : Time (s): cpu = 00:00:20 ; elapsed = 00:00:20 . Memory (MB): peak = 2114.539 ; gain = 0.000
---------------------------------------------------------------------------------
---------------------------------------------------------------------------------
Start Technology Mapping
---------------------------------------------------------------------------------
---------------------------------------------------------------------------------
Finished Technology Mapping : Time (s): cpu = 00:00:20 ; elapsed = 00:00:20 . Memory (MB): peak = 2114.539 ; gain = 0.000
---------------------------------------------------------------------------------
---------------------------------------------------------------------------------
Start IO Insertion
---------------------------------------------------------------------------------
---------------------------------------------------------------------------------
Start Flattening Before IO Insertion
---------------------------------------------------------------------------------
---------------------------------------------------------------------------------
Finished Flattening Before IO Insertion
---------------------------------------------------------------------------------
---------------------------------------------------------------------------------
Start Final Netlist Cleanup
---------------------------------------------------------------------------------
---------------------------------------------------------------------------------
Finished Final Netlist Cleanup
---------------------------------------------------------------------------------
---------------------------------------------------------------------------------
Finished IO Insertion : Time (s): cpu = 00:00:22 ; elapsed = 00:00:22 . Memory (MB): peak = 2148.211 ; gain = 33.672
---------------------------------------------------------------------------------
---------------------------------------------------------------------------------
Start Renaming Generated Instances
---------------------------------------------------------------------------------
---------------------------------------------------------------------------------
Finished Renaming Generated Instances : Time (s): cpu = 00:00:22 ; elapsed = 00:00:22 . Memory (MB): peak = 2148.211 ; gain = 33.672
---------------------------------------------------------------------------------
---------------------------------------------------------------------------------
Start Rebuilding User Hierarchy
---------------------------------------------------------------------------------
---------------------------------------------------------------------------------
Finished Rebuilding User Hierarchy : Time (s): cpu = 00:00:22 ; elapsed = 00:00:22 . Memory (MB): peak = 2148.211 ; gain = 33.672
---------------------------------------------------------------------------------
---------------------------------------------------------------------------------
Start Renaming Generated Ports
---------------------------------------------------------------------------------
---------------------------------------------------------------------------------
Finished Renaming Generated Ports : Time (s): cpu = 00:00:22 ; elapsed = 00:00:22 . Memory (MB): peak = 2148.211 ; gain = 33.672
---------------------------------------------------------------------------------
---------------------------------------------------------------------------------
Start Handling Custom Attributes
---------------------------------------------------------------------------------
---------------------------------------------------------------------------------
Finished Handling Custom Attributes : Time (s): cpu = 00:00:22 ; elapsed = 00:00:22 . Memory (MB): peak = 2148.211 ; gain = 33.672
---------------------------------------------------------------------------------
---------------------------------------------------------------------------------
Start Renaming Generated Nets
---------------------------------------------------------------------------------
---------------------------------------------------------------------------------
Finished Renaming Generated Nets : Time (s): cpu = 00:00:22 ; elapsed = 00:00:22 . Memory (MB): peak = 2148.211 ; gain = 33.672
---------------------------------------------------------------------------------
---------------------------------------------------------------------------------
Start Writing Synthesis Report
---------------------------------------------------------------------------------

Report BlackBoxes: 
+-+--------------+----------+
| |BlackBox name |Instances |
+-+--------------+----------+
+-+--------------+----------+

Report Cell Usage: 
+------+---------+------+
|      |Cell     |Count |
+------+---------+------+
|1     |RAMB36E1 |     4|
+------+---------+------+
---------------------------------------------------------------------------------
Finished Writing Synthesis Report : Time (s): cpu = 00:00:22 ; elapsed = 00:00:22 . Memory (MB): peak = 2148.211 ; gain = 33.672
---------------------------------------------------------------------------------
Synthesis finished with 0 errors, 0 critical warnings and 0 warnings.
Synthesis Optimization Runtime : Time (s): cpu = 00:00:11 ; elapsed = 00:00:21 . Memory (MB): peak = 2148.211 ; gain = 33.672
Synthesis Optimization Complete : Time (s): cpu = 00:00:22 ; elapsed = 00:00:22 . Memory (MB): peak = 2148.211 ; gain = 33.672
INFO: [Project 1-571] Translating synthesized netlist
Netlist sorting complete. Time (s): cpu = 00:00:00 ; elapsed = 00:00:00.013 . Memory (MB): peak = 2148.211 ; gain = 0.000
INFO: [Netlist 29-17] Analyzing 4 Unisim elements for replacement
INFO: [Netlist 29-28] Unisim Transformation completed in 0 CPU seconds
INFO: [Project 1-570] Preparing netlist for logic optimization
Parsing XDC File [e:/competition/2_fpga/3_yolo_zynq/rtl/GEMM/ip/gemm_bm_x_g1/gemm_bm_x_g1_ooc.xdc] for cell 'U0'
INFO: [Vivado 12-4761] HD.CLK_SRC property is set on port clka. The net connecting to the port drives either clock PIN or hierarchical black box. Use the create_clock constraint to create a clock on this port prior to setting HD.CLK_SRC.  [e:/competition/2_fpga/3_yolo_zynq/rtl/GEMM/ip/gemm_bm_x_g1/gemm_bm_x_g1_ooc.xdc:54]
INFO: [Vivado 12-4761] HD.CLK_SRC property is set on port clkb. The net connecting to the port drives either clock PIN or hierarchical black box. Use the create_clock constraint to create a clock on this port prior to setting HD.CLK_SRC.  [e:/competition/2_fpga/3_yolo_zynq/rtl/GEMM/ip/gemm_bm_x_g1/gemm_bm_x_g1_ooc.xdc:57]
Finished Parsing XDC File [e:/competition/2_fpga/3_yolo_zynq/rtl/GEMM/ip/gemm_bm_x_g1/gemm_bm_x_g1_ooc.xdc] for cell 'U0'
INFO: [Opt 31-138] Pushed 0 inverter(s) to 0 load pin(s).
Netlist sorting complete. Time (s): cpu = 00:00:00 ; elapsed = 00:00:00 . Memory (MB): peak = 2163.953 ; gain = 0.000
INFO: [Project 1-111] Unisim Transformation Summary:
No Unisim elements were transformed.

Synth Design complete | Checksum: 60424537
INFO: [Common 17-83] Releasing license: Synthesis
628 Infos, 10 Warnings, 5 Critical Warnings and 0 Errors encountered.
synth_design completed successfully
synth_design: Time (s): cpu = 00:00:24 ; elapsed = 00:00:24 . Memory (MB): peak = 2163.953 ; gain = 49.414
INFO: [Coretcl 2-1174] Renamed 12 cell refs.
INFO: [Timing 38-480] Writing timing data to binary archive.
INFO: [Common 17-1381] The checkpoint 'e:/competition/2_fpga/3_yolo_zynq/rtl/GEMM/ip/gemm_bm_x_g1/gemm_bm_x_g1.dcp' has been generated.
INFO: [Vivado 12-3441] generate_netlist_ip - operation complete
synth_ip: Time (s): cpu = 00:02:02 ; elapsed = 00:02:06 . Memory (MB): peak = 2163.953 ; gain = 1580.707
EES_SYNTH_STAGE BEGIN_BMG (Kc logical, period=10.000ns)
Command: synth_design -top yolo_gemm_core -part xc7z020clg484-1 -mode out_of_context -generic {P_TO=8 P_TN=16}
Starting synth_design
WARNING: [IP_Flow 19-2162] IP 'gemm_bm_w_g0' is locked:
* Current project part 'xc7vx485tffg1157-1' and the part 'xc7z020clg484-1' used to customize the IP 'gemm_bm_w_g0' do not match.
WARNING: [IP_Flow 19-2162] IP 'gemm_bm_w_g1' is locked:
* Current project part 'xc7vx485tffg1157-1' and the part 'xc7z020clg484-1' used to customize the IP 'gemm_bm_w_g1' do not match.
WARNING: [IP_Flow 19-2162] IP 'gemm_bm_x_g0' is locked:
* Current project part 'xc7vx485tffg1157-1' and the part 'xc7z020clg484-1' used to customize the IP 'gemm_bm_x_g0' do not match.
WARNING: [IP_Flow 19-2162] IP 'gemm_bm_x_g1' is locked:
* Current project part 'xc7vx485tffg1157-1' and the part 'xc7z020clg484-1' used to customize the IP 'gemm_bm_x_g1' do not match.
WARNING: [IP_Flow 19-2162] IP 'gemm_bm_lut' is locked:
* Current project part 'xc7vx485tffg1157-1' and the part 'xc7z020clg484-1' used to customize the IP 'gemm_bm_lut' do not match.
Attempting to get a license for feature 'Synthesis' and/or device 'xc7z020'
INFO: [Common 17-349] Got license for feature 'Synthesis' and/or device 'xc7z020'
INFO: [Synth 8-7079] Multithreading enabled for synth_design using a maximum of 2 processes.
---------------------------------------------------------------------------------
Starting RTL Elaboration : Time (s): cpu = 00:00:03 ; elapsed = 00:00:03 . Memory (MB): peak = 2163.953 ; gain = 0.000
---------------------------------------------------------------------------------
INFO: [Synth 8-6157] synthesizing module 'yolo_gemm_core' [E:/competition/2_fpga/3_yolo_zynq/rtl/GEMM/yolo_gemm_core.sv:31]
	Parameter P_TO bound to: 8 - type: integer 
	Parameter P_TN bound to: 16 - type: integer 
INFO: [Synth 8-6157] synthesizing module 'yolo_gemm_bank' [E:/competition/2_fpga/3_yolo_zynq/rtl/GEMM/yolo_gemm_bank.sv:73]
INFO: [Synth 8-6157] synthesizing module 'gemm_bm_w_g0' [E:/competition/4_metrics/logs/2026-09-19_yolo_gemm_ip_run16_ooc_syn_bmg/.Xil/Vivado-36804-HC-202510241838/realtime/gemm_bm_w_g0_stub.v:6]
INFO: [Synth 8-6155] done synthesizing module 'gemm_bm_w_g0' (0#1) [E:/competition/4_metrics/logs/2026-09-19_yolo_gemm_ip_run16_ooc_syn_bmg/.Xil/Vivado-36804-HC-202510241838/realtime/gemm_bm_w_g0_stub.v:6]
INFO: [Synth 8-6157] synthesizing module 'gemm_bm_w_g1' [E:/competition/4_metrics/logs/2026-09-19_yolo_gemm_ip_run16_ooc_syn_bmg/.Xil/Vivado-36804-HC-202510241838/realtime/gemm_bm_w_g1_stub.v:6]
INFO: [Synth 8-6155] done synthesizing module 'gemm_bm_w_g1' (0#1) [E:/competition/4_metrics/logs/2026-09-19_yolo_gemm_ip_run16_ooc_syn_bmg/.Xil/Vivado-36804-HC-202510241838/realtime/gemm_bm_w_g1_stub.v:6]
INFO: [Synth 8-6157] synthesizing module 'gemm_bm_x_g0' [E:/competition/4_metrics/logs/2026-09-19_yolo_gemm_ip_run16_ooc_syn_bmg/.Xil/Vivado-36804-HC-202510241838/realtime/gemm_bm_x_g0_stub.v:6]
INFO: [Synth 8-6155] done synthesizing module 'gemm_bm_x_g0' (0#1) [E:/competition/4_metrics/logs/2026-09-19_yolo_gemm_ip_run16_ooc_syn_bmg/.Xil/Vivado-36804-HC-202510241838/realtime/gemm_bm_x_g0_stub.v:6]
INFO: [Synth 8-6157] synthesizing module 'gemm_bm_x_g1' [E:/competition/4_metrics/logs/2026-09-19_yolo_gemm_ip_run16_ooc_syn_bmg/.Xil/Vivado-36804-HC-202510241838/realtime/gemm_bm_x_g1_stub.v:6]
INFO: [Synth 8-6155] done synthesizing module 'gemm_bm_x_g1' (0#1) [E:/competition/4_metrics/logs/2026-09-19_yolo_gemm_ip_run16_ooc_syn_bmg/.Xil/Vivado-36804-HC-202510241838/realtime/gemm_bm_x_g1_stub.v:6]
INFO: [Synth 8-6155] done synthesizing module 'yolo_gemm_bank' (0#1) [E:/competition/2_fpga/3_yolo_zynq/rtl/GEMM/yolo_gemm_bank.sv:73]
INFO: [Synth 8-6157] synthesizing module 'yolo_gemm_feeder' [E:/competition/2_fpga/3_yolo_zynq/rtl/GEMM/yolo_gemm_feeder.sv:45]
	Parameter P_TO bound to: 8 - type: integer 
	Parameter P_TN bound to: 16 - type: integer 
INFO: [Synth 8-6155] done synthesizing module 'yolo_gemm_feeder' (0#1) [E:/competition/2_fpga/3_yolo_zynq/rtl/GEMM/yolo_gemm_feeder.sv:45]
INFO: [Synth 8-6157] synthesizing module 'yolo_gemm_array' [E:/competition/2_fpga/3_yolo_zynq/rtl/GEMM/yolo_gemm_array.sv:76]
	Parameter P_TO bound to: 8 - type: integer 
	Parameter P_TN bound to: 16 - type: integer 
INFO: [Synth 8-6157] synthesizing module 'yolo_mac_cell' [E:/competition/2_fpga/3_yolo_zynq/rtl/GEMM/yolo_mac_cell.sv:47]
INFO: [Synth 8-6157] synthesizing module 'yolo_pe_core' [E:/competition/2_fpga/3_yolo_zynq/rtl/GEMM/yolo_pe_core.sv:45]
INFO: [Synth 8-6157] synthesizing module 'yolo_pe_pack' [E:/competition/2_fpga/3_yolo_zynq/rtl/yolo_pe_pack.v:96]
INFO: [Synth 8-6157] synthesizing module 'DSP48E1' [F:/vivado2025/2025.2/Vivado/scripts/rt/data/unisim_comp.v:48135]
	Parameter ACASCREG bound to: 1 - type: integer 
	Parameter ADREG bound to: 0 - type: integer 
	Parameter ALUMODEREG bound to: 0 - type: integer 
	Parameter AREG bound to: 1 - type: integer 
	Parameter A_INPUT bound to: DIRECT - type: string 
	Parameter BCASCREG bound to: 1 - type: integer 
	Parameter BREG bound to: 1 - type: integer 
	Parameter B_INPUT bound to: DIRECT - type: string 
	Parameter CARRYINREG bound to: 0 - type: integer 
	Parameter CARRYINSELREG bound to: 0 - type: integer 
	Parameter CREG bound to: 1 - type: integer 
	Parameter DREG bound to: 1 - type: integer 
	Parameter INMODEREG bound to: 0 - type: integer 
	Parameter MREG bound to: 1 - type: integer 
	Parameter OPMODEREG bound to: 0 - type: integer 
	Parameter PREG bound to: 1 - type: integer 
	Parameter USE_DPORT bound to: FALSE - type: string 
	Parameter USE_MULT bound to: MULTIPLY - type: string 
	Parameter USE_PATTERN_DETECT bound to: NO_PATDET - type: string 
	Parameter USE_SIMD bound to: ONE48 - type: string 
INFO: [Synth 8-6155] done synthesizing module 'DSP48E1' (0#1) [F:/vivado2025/2025.2/Vivado/scripts/rt/data/unisim_comp.v:48135]
INFO: [Synth 8-6155] done synthesizing module 'yolo_pe_pack' (0#1) [E:/competition/2_fpga/3_yolo_zynq/rtl/yolo_pe_pack.v:96]
INFO: [Synth 8-6155] done synthesizing module 'yolo_pe_core' (0#1) [E:/competition/2_fpga/3_yolo_zynq/rtl/GEMM/yolo_pe_core.sv:45]
INFO: [Synth 8-6157] synthesizing module 'yolo_acc_dual' [E:/competition/2_fpga/3_yolo_zynq/rtl/GEMM/yolo_acc_dual.sv:47]
INFO: [Synth 8-6155] done synthesizing module 'yolo_acc_dual' (0#1) [E:/competition/2_fpga/3_yolo_zynq/rtl/GEMM/yolo_acc_dual.sv:47]
INFO: [Synth 8-6155] done synthesizing module 'yolo_mac_cell' (0#1) [E:/competition/2_fpga/3_yolo_zynq/rtl/GEMM/yolo_mac_cell.sv:47]
INFO: [Synth 8-6157] synthesizing module 'yolo_gemm_tail' [E:/competition/2_fpga/3_yolo_zynq/rtl/GEMM/yolo_gemm_tail.sv:62]
	Parameter R bound to: 1 - type: integer 
INFO: [Synth 8-6157] synthesizing module 'gemm_bm_lut' [E:/competition/4_metrics/logs/2026-09-19_yolo_gemm_ip_run16_ooc_syn_bmg/.Xil/Vivado-36804-HC-202510241838/realtime/gemm_bm_lut_stub.v:6]
INFO: [Synth 8-6155] done synthesizing module 'gemm_bm_lut' (0#1) [E:/competition/4_metrics/logs/2026-09-19_yolo_gemm_ip_run16_ooc_syn_bmg/.Xil/Vivado-36804-HC-202510241838/realtime/gemm_bm_lut_stub.v:6]
INFO: [Synth 8-6155] done synthesizing module 'yolo_gemm_tail' (0#1) [E:/competition/2_fpga/3_yolo_zynq/rtl/GEMM/yolo_gemm_tail.sv:62]
INFO: [Synth 8-6155] done synthesizing module 'yolo_gemm_array' (0#1) [E:/competition/2_fpga/3_yolo_zynq/rtl/GEMM/yolo_gemm_array.sv:76]
INFO: [Synth 8-6155] done synthesizing module 'yolo_gemm_core' (0#1) [E:/competition/2_fpga/3_yolo_zynq/rtl/GEMM/yolo_gemm_core.sv:31]
WARNING: [Synth 8-7129] Port w_raddr_i[12] in module yolo_gemm_bank is either unconnected or has no load
WARNING: [Synth 8-7129] Port w_raddr_i[11] in module yolo_gemm_bank is either unconnected or has no load
WARNING: [Synth 8-7129] Port w_raddr_i[10] in module yolo_gemm_bank is either unconnected or has no load
WARNING: [Synth 8-7129] Port x_raddr_i[12] in module yolo_gemm_bank is either unconnected or has no load
WARNING: [Synth 8-7129] Port x_raddr_i[11] in module yolo_gemm_bank is either unconnected or has no load
WARNING: [Synth 8-7129] Port x_raddr_i[10] in module yolo_gemm_bank is either unconnected or has no load
---------------------------------------------------------------------------------
Finished RTL Elaboration : Time (s): cpu = 00:00:05 ; elapsed = 00:00:05 . Memory (MB): peak = 2163.953 ; gain = 0.000
---------------------------------------------------------------------------------
---------------------------------------------------------------------------------
Start Handling Custom Attributes
---------------------------------------------------------------------------------
---------------------------------------------------------------------------------
Finished Handling Custom Attributes : Time (s): cpu = 00:00:05 ; elapsed = 00:00:05 . Memory (MB): peak = 2163.953 ; gain = 0.000
---------------------------------------------------------------------------------
---------------------------------------------------------------------------------
Finished RTL Optimization Phase 1 : Time (s): cpu = 00:00:05 ; elapsed = 00:00:05 . Memory (MB): peak = 2163.953 ; gain = 0.000
---------------------------------------------------------------------------------
Netlist sorting complete. Time (s): cpu = 00:00:01 ; elapsed = 00:00:00.156 . Memory (MB): peak = 2163.953 ; gain = 0.000
INFO: [Netlist 29-17] Analyzing 64 Unisim elements for replacement
INFO: [Netlist 29-28] Unisim Transformation completed in 0 CPU seconds
INFO: [Project 1-570] Preparing netlist for logic optimization

Processing XDC Constraints
Initializing timing engine
Parsing XDC File [e:/competition/2_fpga/3_yolo_zynq/rtl/GEMM/ip/gemm_bm_w_g0/gemm_bm_w_g0/gemm_bm_w_g0_in_context.xdc] for cell 'u_bank/u_w_g0'
Finished Parsing XDC File [e:/competition/2_fpga/3_yolo_zynq/rtl/GEMM/ip/gemm_bm_w_g0/gemm_bm_w_g0/gemm_bm_w_g0_in_context.xdc] for cell 'u_bank/u_w_g0'
Parsing XDC File [e:/competition/2_fpga/3_yolo_zynq/rtl/GEMM/ip/gemm_bm_w_g1/gemm_bm_w_g1/gemm_bm_w_g1_in_context.xdc] for cell 'u_bank/u_w_g1'
Finished Parsing XDC File [e:/competition/2_fpga/3_yolo_zynq/rtl/GEMM/ip/gemm_bm_w_g1/gemm_bm_w_g1/gemm_bm_w_g1_in_context.xdc] for cell 'u_bank/u_w_g1'
Parsing XDC File [e:/competition/2_fpga/3_yolo_zynq/rtl/GEMM/ip/gemm_bm_x_g0/gemm_bm_x_g0/gemm_bm_x_g0_in_context.xdc] for cell 'u_bank/u_x_g0'
Finished Parsing XDC File [e:/competition/2_fpga/3_yolo_zynq/rtl/GEMM/ip/gemm_bm_x_g0/gemm_bm_x_g0/gemm_bm_x_g0_in_context.xdc] for cell 'u_bank/u_x_g0'
Parsing XDC File [e:/competition/2_fpga/3_yolo_zynq/rtl/GEMM/ip/gemm_bm_x_g1/gemm_bm_x_g1/gemm_bm_x_g1_in_context.xdc] for cell 'u_bank/u_x_g1'
Finished Parsing XDC File [e:/competition/2_fpga/3_yolo_zynq/rtl/GEMM/ip/gemm_bm_x_g1/gemm_bm_x_g1/gemm_bm_x_g1_in_context.xdc] for cell 'u_bank/u_x_g1'
Parsing XDC File [e:/competition/2_fpga/3_yolo_zynq/rtl/GEMM/ip/gemm_bm_lut/gemm_bm_lut/gemm_bm_lut_in_context.xdc] for cell 'u_array/u_tail/lane[0].u_lut_bmg'
Finished Parsing XDC File [e:/competition/2_fpga/3_yolo_zynq/rtl/GEMM/ip/gemm_bm_lut/gemm_bm_lut/gemm_bm_lut_in_context.xdc] for cell 'u_array/u_tail/lane[0].u_lut_bmg'
Completed Processing XDC Constraints

Netlist sorting complete. Time (s): cpu = 00:00:00 ; elapsed = 00:00:00.005 . Memory (MB): peak = 2163.953 ; gain = 0.000
INFO: [Project 1-111] Unisim Transformation Summary:
No Unisim elements were transformed.

Constraint Validation Runtime : Time (s): cpu = 00:00:01 ; elapsed = 00:00:00.061 . Memory (MB): peak = 2163.953 ; gain = 0.000
---------------------------------------------------------------------------------
Finished Constraint Validation : Time (s): cpu = 00:00:11 ; elapsed = 00:00:11 . Memory (MB): peak = 2163.953 ; gain = 0.000
---------------------------------------------------------------------------------
---------------------------------------------------------------------------------
Start Loading Part and Timing Information
---------------------------------------------------------------------------------
Loading part: xc7z020clg484-1
---------------------------------------------------------------------------------
Finished Loading Part and Timing Information : Time (s): cpu = 00:00:11 ; elapsed = 00:00:11 . Memory (MB): peak = 2163.953 ; gain = 0.000
---------------------------------------------------------------------------------
---------------------------------------------------------------------------------
Start Applying 'set_property' XDC Constraints
---------------------------------------------------------------------------------
---------------------------------------------------------------------------------
Finished applying 'set_property' XDC Constraints : Time (s): cpu = 00:00:11 ; elapsed = 00:00:11 . Memory (MB): peak = 2163.953 ; gain = 0.000
---------------------------------------------------------------------------------
INFO: [Synth 8-802] inferred FSM for state register 'state_reg' in module 'yolo_gemm_array'
---------------------------------------------------------------------------------------------------
                   State |                     New Encoding |                Previous Encoding 
---------------------------------------------------------------------------------------------------
                  S_IDLE |                              000 |                              000
                 S_ISSUE |                              101 |                              010
                 S_DRAIN |                              011 |                              011
                  S_TAIL |                              010 |                              100
                 S_TAILW |                              001 |                              101
                  S_WAIT |                              100 |                              001
---------------------------------------------------------------------------------------------------
INFO: [Synth 8-3354] encoded FSM with state register 'state_reg' using encoding 'sequential' in module 'yolo_gemm_array'
---------------------------------------------------------------------------------
Finished RTL Optimization Phase 2 : Time (s): cpu = 00:00:12 ; elapsed = 00:00:11 . Memory (MB): peak = 2163.953 ; gain = 0.000
---------------------------------------------------------------------------------
---------------------------------------------------------------------------------
Start RTL Component Statistics 
---------------------------------------------------------------------------------
---------------------------------------------------------------------------------
Finished RTL Component Statistics 
---------------------------------------------------------------------------------
---------------------------------------------------------------------------------
Start Part Resource Summary
---------------------------------------------------------------------------------
Part Resources:
DSPs: 220 (col length:60)
BRAMs: 280 (col length: RAMB18 60 RAMB36 30)
---------------------------------------------------------------------------------
Finished Part Resource Summary
---------------------------------------------------------------------------------
---------------------------------------------------------------------------------
Start Cross Boundary and Area Optimization
---------------------------------------------------------------------------------
WARNING: [Synth 8-3332] Sequential element (prod_r_reg[0][47]) is unused and will be removed from module yolo_gemm_tail.
WARNING: [Synth 8-3332] Sequential element (prod_r_reg[0][46]) is unused and will be removed from module yolo_gemm_tail.
WARNING: [Synth 8-3332] Sequential element (prod_r_reg[0][45]) is unused and will be removed from module yolo_gemm_tail.
WARNING: [Synth 8-3332] Sequential element (prod_r_reg[0][44]) is unused and will be removed from module yolo_gemm_tail.
WARNING: [Synth 8-3332] Sequential element (prod_r_reg[0][43]) is unused and will be removed from module yolo_gemm_tail.
WARNING: [Synth 8-3332] Sequential element (prod_r_reg[0][42]) is unused and will be removed from module yolo_gemm_tail.
WARNING: [Synth 8-3332] Sequential element (prod_r_reg[0][41]) is unused and will be removed from module yolo_gemm_tail.
WARNING: [Synth 8-3332] Sequential element (prod_r_reg[0][40]) is unused and will be removed from module yolo_gemm_tail.
WARNING: [Synth 8-3332] Sequential element (prod_r_reg[0][39]) is unused and will be removed from module yolo_gemm_tail.
WARNING: [Synth 8-3332] Sequential element (prod_r_reg[0][38]) is unused and will be removed from module yolo_gemm_tail.
WARNING: [Synth 8-3332] Sequential element (prod_r_reg[0][37]) is unused and will be removed from module yolo_gemm_tail.
WARNING: [Synth 8-3332] Sequential element (prod_r_reg[0][36]) is unused and will be removed from module yolo_gemm_tail.
WARNING: [Synth 8-3332] Sequential element (prod_r_reg[0][35]) is unused and will be removed from module yolo_gemm_tail.
WARNING: [Synth 8-3332] Sequential element (prod_r_reg[0][34]) is unused and will be removed from module yolo_gemm_tail.
WARNING: [Synth 8-3332] Sequential element (prod_r_reg[0][33]) is unused and will be removed from module yolo_gemm_tail.
WARNING: [Synth 8-3332] Sequential element (prod_r_reg[0][32]) is unused and will be removed from module yolo_gemm_tail.
WARNING: [Synth 8-3332] Sequential element (prod_r_reg[0][31]) is unused and will be removed from module yolo_gemm_tail.
WARNING: [Synth 8-3332] Sequential element (prod_r_reg[0][30]) is unused and will be removed from module yolo_gemm_tail.
WARNING: [Synth 8-3332] Sequential element (prod_r_reg[0][29]) is unused and will be removed from module yolo_gemm_tail.
WARNING: [Synth 8-3332] Sequential element (prod_r_reg[0][28]) is unused and will be removed from module yolo_gemm_tail.
WARNING: [Synth 8-3332] Sequential element (prod_r_reg[0][27]) is unused and will be removed from module yolo_gemm_tail.
WARNING: [Synth 8-3332] Sequential element (prod_r_reg[0][26]) is unused and will be removed from module yolo_gemm_tail.
WARNING: [Synth 8-3332] Sequential element (prod_r_reg[0][25]) is unused and will be removed from module yolo_gemm_tail.
WARNING: [Synth 8-3332] Sequential element (prod_r_reg[0][24]) is unused and will be removed from module yolo_gemm_tail.
WARNING: [Synth 8-3332] Sequential element (prod_r_reg[0][23]) is unused and will be removed from module yolo_gemm_tail.
WARNING: [Synth 8-3332] Sequential element (prod_r_reg[0][22]) is unused and will be removed from module yolo_gemm_tail.
WARNING: [Synth 8-3332] Sequential element (prod_r_reg[0][21]) is unused and will be removed from module yolo_gemm_tail.
WARNING: [Synth 8-3332] Sequential element (prod_r_reg[0][20]) is unused and will be removed from module yolo_gemm_tail.
WARNING: [Synth 8-3332] Sequential element (prod_r_reg[0][19]) is unused and will be removed from module yolo_gemm_tail.
WARNING: [Synth 8-3332] Sequential element (prod_r_reg[0][18]) is unused and will be removed from module yolo_gemm_tail.
WARNING: [Synth 8-3332] Sequential element (prod_r_reg[0][17]) is unused and will be removed from module yolo_gemm_tail.
WARNING: [Synth 8-3332] Sequential element (prod_r_reg[0][47]__0) is unused and will be removed from module yolo_gemm_tail.
WARNING: [Synth 8-3332] Sequential element (prod_r_reg[0][46]__0) is unused and will be removed from module yolo_gemm_tail.
WARNING: [Synth 8-3332] Sequential element (prod_r_reg[0][45]__0) is unused and will be removed from module yolo_gemm_tail.
WARNING: [Synth 8-3332] Sequential element (prod_r_reg[0][44]__0) is unused and will be removed from module yolo_gemm_tail.
WARNING: [Synth 8-3332] Sequential element (prod_r_reg[0][43]__0) is unused and will be removed from module yolo_gemm_tail.
WARNING: [Synth 8-3332] Sequential element (prod_r_reg[0][42]__0) is unused and will be removed from module yolo_gemm_tail.
WARNING: [Synth 8-3332] Sequential element (prod_r_reg[0][41]__0) is unused and will be removed from module yolo_gemm_tail.
WARNING: [Synth 8-3332] Sequential element (prod_r_reg[0][40]__0) is unused and will be removed from module yolo_gemm_tail.
WARNING: [Synth 8-3332] Sequential element (prod_r_reg[0][39]__0) is unused and will be removed from module yolo_gemm_tail.
WARNING: [Synth 8-3332] Sequential element (prod_r_reg[0][38]__0) is unused and will be removed from module yolo_gemm_tail.
WARNING: [Synth 8-3332] Sequential element (prod_r_reg[0][37]__0) is unused and will be removed from module yolo_gemm_tail.
WARNING: [Synth 8-3332] Sequential element (prod_r_reg[0][36]__0) is unused and will be removed from module yolo_gemm_tail.
WARNING: [Synth 8-3332] Sequential element (prod_r_reg[0][35]__0) is unused and will be removed from module yolo_gemm_tail.
WARNING: [Synth 8-3332] Sequential element (prod_r_reg[0][34]__0) is unused and will be removed from module yolo_gemm_tail.
WARNING: [Synth 8-3332] Sequential element (prod_r_reg[0][33]__0) is unused and will be removed from module yolo_gemm_tail.
WARNING: [Synth 8-3332] Sequential element (prod_r_reg[0][32]__0) is unused and will be removed from module yolo_gemm_tail.
WARNING: [Synth 8-3332] Sequential element (prod_r_reg[0][31]__0) is unused and will be removed from module yolo_gemm_tail.
WARNING: [Synth 8-3332] Sequential element (prod_r_reg[0][30]__0) is unused and will be removed from module yolo_gemm_tail.
WARNING: [Synth 8-3332] Sequential element (prod_r_reg[0][29]__0) is unused and will be removed from module yolo_gemm_tail.
WARNING: [Synth 8-3332] Sequential element (prod_r_reg[0][28]__0) is unused and will be removed from module yolo_gemm_tail.
WARNING: [Synth 8-3332] Sequential element (prod_r_reg[0][27]__0) is unused and will be removed from module yolo_gemm_tail.
WARNING: [Synth 8-3332] Sequential element (prod_r_reg[0][26]__0) is unused and will be removed from module yolo_gemm_tail.
WARNING: [Synth 8-3332] Sequential element (prod_r_reg[0][25]__0) is unused and will be removed from module yolo_gemm_tail.
WARNING: [Synth 8-3332] Sequential element (prod_r_reg[0][24]__0) is unused and will be removed from module yolo_gemm_tail.
WARNING: [Synth 8-3332] Sequential element (prod_r_reg[0][23]__0) is unused and will be removed from module yolo_gemm_tail.
WARNING: [Synth 8-3332] Sequential element (prod_r_reg[0][22]__0) is unused and will be removed from module yolo_gemm_tail.
WARNING: [Synth 8-3332] Sequential element (prod_r_reg[0][21]__0) is unused and will be removed from module yolo_gemm_tail.
WARNING: [Synth 8-3332] Sequential element (prod_r_reg[0][20]__0) is unused and will be removed from module yolo_gemm_tail.
WARNING: [Synth 8-3332] Sequential element (prod_r_reg[0][19]__0) is unused and will be removed from module yolo_gemm_tail.
WARNING: [Synth 8-3332] Sequential element (prod_r_reg[0][18]__0) is unused and will be removed from module yolo_gemm_tail.
WARNING: [Synth 8-3332] Sequential element (prod_r_reg[0][17]__0) is unused and will be removed from module yolo_gemm_tail.
---------------------------------------------------------------------------------
Finished Cross Boundary and Area Optimization : Time (s): cpu = 00:00:21 ; elapsed = 00:00:21 . Memory (MB): peak = 2163.953 ; gain = 0.000
---------------------------------------------------------------------------------
 Sort Area is  p_0_out_0 : 0 0 : 2737 4966 : Used 1 time 0
 Sort Area is  p_0_out_0 : 0 1 : 2229 4966 : Used 1 time 0
 Sort Area is  p_0_out_3 : 0 0 : 2338 4350 : Used 1 time 0
 Sort Area is  p_0_out_3 : 0 1 : 2012 4350 : Used 1 time 0
---------------------------------------------------------------------------------
Start Applying XDC Timing Constraints
---------------------------------------------------------------------------------
---------------------------------------------------------------------------------
Finished Applying XDC Timing Constraints : Time (s): cpu = 00:00:26 ; elapsed = 00:00:26 . Memory (MB): peak = 2163.953 ; gain = 0.000
---------------------------------------------------------------------------------
---------------------------------------------------------------------------------
Start Timing Optimization
---------------------------------------------------------------------------------
---------------------------------------------------------------------------------
Finished Timing Optimization : Time (s): cpu = 00:00:27 ; elapsed = 00:00:27 . Memory (MB): peak = 2163.953 ; gain = 0.000
---------------------------------------------------------------------------------
---------------------------------------------------------------------------------
Start Technology Mapping
---------------------------------------------------------------------------------
---------------------------------------------------------------------------------
Finished Technology Mapping : Time (s): cpu = 00:00:29 ; elapsed = 00:00:29 . Memory (MB): peak = 2163.953 ; gain = 0.000
---------------------------------------------------------------------------------
---------------------------------------------------------------------------------
Start IO Insertion
---------------------------------------------------------------------------------
---------------------------------------------------------------------------------
Start Flattening Before IO Insertion
---------------------------------------------------------------------------------
---------------------------------------------------------------------------------
Finished Flattening Before IO Insertion
---------------------------------------------------------------------------------
---------------------------------------------------------------------------------
Start Final Netlist Cleanup
---------------------------------------------------------------------------------
---------------------------------------------------------------------------------
Finished Final Netlist Cleanup
---------------------------------------------------------------------------------
---------------------------------------------------------------------------------
Finished IO Insertion : Time (s): cpu = 00:00:31 ; elapsed = 00:00:32 . Memory (MB): peak = 2235.148 ; gain = 71.195
---------------------------------------------------------------------------------
---------------------------------------------------------------------------------
Start Renaming Generated Instances
---------------------------------------------------------------------------------
---------------------------------------------------------------------------------
Finished Renaming Generated Instances : Time (s): cpu = 00:00:32 ; elapsed = 00:00:32 . Memory (MB): peak = 2235.148 ; gain = 71.195
---------------------------------------------------------------------------------
---------------------------------------------------------------------------------
Start Rebuilding User Hierarchy
---------------------------------------------------------------------------------
---------------------------------------------------------------------------------
Finished Rebuilding User Hierarchy : Time (s): cpu = 00:00:32 ; elapsed = 00:00:32 . Memory (MB): peak = 2235.148 ; gain = 71.195
---------------------------------------------------------------------------------
---------------------------------------------------------------------------------
Start Renaming Generated Ports
---------------------------------------------------------------------------------
---------------------------------------------------------------------------------
Finished Renaming Generated Ports : Time (s): cpu = 00:00:32 ; elapsed = 00:00:32 . Memory (MB): peak = 2235.148 ; gain = 71.195
---------------------------------------------------------------------------------
---------------------------------------------------------------------------------
Start Handling Custom Attributes
---------------------------------------------------------------------------------
---------------------------------------------------------------------------------
Finished Handling Custom Attributes : Time (s): cpu = 00:00:32 ; elapsed = 00:00:32 . Memory (MB): peak = 2235.148 ; gain = 71.195
---------------------------------------------------------------------------------
---------------------------------------------------------------------------------
Start Renaming Generated Nets
---------------------------------------------------------------------------------
---------------------------------------------------------------------------------
Finished Renaming Generated Nets : Time (s): cpu = 00:00:32 ; elapsed = 00:00:32 . Memory (MB): peak = 2235.148 ; gain = 71.195
---------------------------------------------------------------------------------
---------------------------------------------------------------------------------
Start Writing Synthesis Report
---------------------------------------------------------------------------------

DSP Final Report (the ' indicates corresponding REG is set)
+-----------------+-------------------+--------+--------+--------+--------+--------+------+------+------+------+-------+------+------+
|Module Name      | DSP Mapping       | A Size | B Size | C Size | D Size | P Size | AREG | BREG | CREG | DREG | ADREG | MREG | PREG | 
+-----------------+-------------------+--------+--------+--------+--------+--------+------+------+------+------+-------+------+------+
|yolo_pe_pack_251 | ((A'*B')')'       | 25     | 18     | -      | -      | 34     | 1    | 1    | -    | -    | -     | 1    | 1    | 
|yolo_pe_pack_248 | ((A'*B')')'       | 25     | 18     | -      | -      | 34     | 1    | 1    | -    | -    | -     | 1    | 1    | 
|yolo_pe_pack_245 | ((A'*B')')'       | 25     | 18     | -      | -      | 34     | 1    | 1    | -    | -    | -     | 1    | 1    | 
|yolo_pe_pack_242 | ((A'*B')')'       | 25     | 18     | -      | -      | 34     | 1    | 1    | -    | -    | -     | 1    | 1    | 
|yolo_pe_pack_239 | ((A'*B')')'       | 25     | 18     | -      | -      | 34     | 1    | 1    | -    | -    | -     | 1    | 1    | 
|yolo_pe_pack_236 | ((A'*B')')'       | 25     | 18     | -      | -      | 34     | 1    | 1    | -    | -    | -     | 1    | 1    | 
|yolo_pe_pack_233 | ((A'*B')')'       | 25     | 18     | -      | -      | 34     | 1    | 1    | -    | -    | -     | 1    | 1    | 
|yolo_pe_pack_230 | ((A'*B')')'       | 25     | 18     | -      | -      | 34     | 1    | 1    | -    | -    | -     | 1    | 1    | 
|yolo_pe_pack_227 | ((A'*B')')'       | 25     | 18     | -      | -      | 34     | 1    | 1    | -    | -    | -     | 1    | 1    | 
|yolo_pe_pack_224 | ((A'*B')')'       | 25     | 18     | -      | -      | 34     | 1    | 1    | -    | -    | -     | 1    | 1    | 
|yolo_pe_pack_221 | ((A'*B')')'       | 25     | 18     | -      | -      | 34     | 1    | 1    | -    | -    | -     | 1    | 1    | 
|yolo_pe_pack_218 | ((A'*B')')'       | 25     | 18     | -      | -      | 34     | 1    | 1    | -    | -    | -     | 1    | 1    | 
|yolo_pe_pack_215 | ((A'*B')')'       | 25     | 18     | -      | -      | 34     | 1    | 1    | -    | -    | -     | 1    | 1    | 
|yolo_pe_pack_212 | ((A'*B')')'       | 25     | 18     | -      | -      | 34     | 1    | 1    | -    | -    | -     | 1    | 1    | 
|yolo_pe_pack_209 | ((A'*B')')'       | 25     | 18     | -      | -      | 34     | 1    | 1    | -    | -    | -     | 1    | 1    | 
|yolo_pe_pack_206 | ((A'*B')')'       | 25     | 18     | -      | -      | 34     | 1    | 1    | -    | -    | -     | 1    | 1    | 
|yolo_pe_pack_203 | ((A'*B')')'       | 25     | 18     | -      | -      | 34     | 1    | 1    | -    | -    | -     | 1    | 1    | 
|yolo_pe_pack_200 | ((A'*B')')'       | 25     | 18     | -      | -      | 34     | 1    | 1    | -    | -    | -     | 1    | 1    | 
|yolo_pe_pack_197 | ((A'*B')')'       | 25     | 18     | -      | -      | 34     | 1    | 1    | -    | -    | -     | 1    | 1    | 
|yolo_pe_pack_194 | ((A'*B')')'       | 25     | 18     | -      | -      | 34     | 1    | 1    | -    | -    | -     | 1    | 1    | 
|yolo_pe_pack_191 | ((A'*B')')'       | 25     | 18     | -      | -      | 34     | 1    | 1    | -    | -    | -     | 1    | 1    | 
|yolo_pe_pack_188 | ((A'*B')')'       | 25     | 18     | -      | -      | 34     | 1    | 1    | -    | -    | -     | 1    | 1    | 
|yolo_pe_pack_185 | ((A'*B')')'       | 25     | 18     | -      | -      | 34     | 1    | 1    | -    | -    | -     | 1    | 1    | 
|yolo_pe_pack_182 | ((A'*B')')'       | 25     | 18     | -      | -      | 34     | 1    | 1    | -    | -    | -     | 1    | 1    | 
|yolo_pe_pack_179 | ((A'*B')')'       | 25     | 18     | -      | -      | 34     | 1    | 1    | -    | -    | -     | 1    | 1    | 
|yolo_pe_pack_176 | ((A'*B')')'       | 25     | 18     | -      | -      | 34     | 1    | 1    | -    | -    | -     | 1    | 1    | 
|yolo_pe_pack_173 | ((A'*B')')'       | 25     | 18     | -      | -      | 34     | 1    | 1    | -    | -    | -     | 1    | 1    | 
|yolo_pe_pack_170 | ((A'*B')')'       | 25     | 18     | -      | -      | 34     | 1    | 1    | -    | -    | -     | 1    | 1    | 
|yolo_pe_pack_167 | ((A'*B')')'       | 25     | 18     | -      | -      | 34     | 1    | 1    | -    | -    | -     | 1    | 1    | 
|yolo_pe_pack_164 | ((A'*B')')'       | 25     | 18     | -      | -      | 34     | 1    | 1    | -    | -    | -     | 1    | 1    | 
|yolo_pe_pack_161 | ((A'*B')')'       | 25     | 18     | -      | -      | 34     | 1    | 1    | -    | -    | -     | 1    | 1    | 
|yolo_pe_pack_158 | ((A'*B')')'       | 25     | 18     | -      | -      | 34     | 1    | 1    | -    | -    | -     | 1    | 1    | 
|yolo_pe_pack_155 | ((A'*B')')'       | 25     | 18     | -      | -      | 34     | 1    | 1    | -    | -    | -     | 1    | 1    | 
|yolo_pe_pack_152 | ((A'*B')')'       | 25     | 18     | -      | -      | 34     | 1    | 1    | -    | -    | -     | 1    | 1    | 
|yolo_pe_pack_149 | ((A'*B')')'       | 25     | 18     | -      | -      | 34     | 1    | 1    | -    | -    | -     | 1    | 1    | 
|yolo_pe_pack_146 | ((A'*B')')'       | 25     | 18     | -      | -      | 34     | 1    | 1    | -    | -    | -     | 1    | 1    | 
|yolo_pe_pack_143 | ((A'*B')')'       | 25     | 18     | -      | -      | 34     | 1    | 1    | -    | -    | -     | 1    | 1    | 
|yolo_pe_pack_140 | ((A'*B')')'       | 25     | 18     | -      | -      | 34     | 1    | 1    | -    | -    | -     | 1    | 1    | 
|yolo_pe_pack_137 | ((A'*B')')'       | 25     | 18     | -      | -      | 34     | 1    | 1    | -    | -    | -     | 1    | 1    | 
|yolo_pe_pack_134 | ((A'*B')')'       | 25     | 18     | -      | -      | 34     | 1    | 1    | -    | -    | -     | 1    | 1    | 
|yolo_pe_pack_131 | ((A'*B')')'       | 25     | 18     | -      | -      | 34     | 1    | 1    | -    | -    | -     | 1    | 1    | 
|yolo_pe_pack_128 | ((A'*B')')'       | 25     | 18     | -      | -      | 34     | 1    | 1    | -    | -    | -     | 1    | 1    | 
|yolo_pe_pack_125 | ((A'*B')')'       | 25     | 18     | -      | -      | 34     | 1    | 1    | -    | -    | -     | 1    | 1    | 
|yolo_pe_pack_122 | ((A'*B')')'       | 25     | 18     | -      | -      | 34     | 1    | 1    | -    | -    | -     | 1    | 1    | 
|yolo_pe_pack_119 | ((A'*B')')'       | 25     | 18     | -      | -      | 34     | 1    | 1    | -    | -    | -     | 1    | 1    | 
|yolo_pe_pack_116 | ((A'*B')')'       | 25     | 18     | -      | -      | 34     | 1    | 1    | -    | -    | -     | 1    | 1    | 
|yolo_pe_pack_113 | ((A'*B')')'       | 25     | 18     | -      | -      | 34     | 1    | 1    | -    | -    | -     | 1    | 1    | 
|yolo_pe_pack_110 | ((A'*B')')'       | 25     | 18     | -      | -      | 34     | 1    | 1    | -    | -    | -     | 1    | 1    | 
|yolo_pe_pack_107 | ((A'*B')')'       | 25     | 18     | -      | -      | 34     | 1    | 1    | -    | -    | -     | 1    | 1    | 
|yolo_pe_pack_104 | ((A'*B')')'       | 25     | 18     | -      | -      | 34     | 1    | 1    | -    | -    | -     | 1    | 1    | 
|yolo_pe_pack_101 | ((A'*B')')'       | 25     | 18     | -      | -      | 34     | 1    | 1    | -    | -    | -     | 1    | 1    | 
|yolo_pe_pack_98  | ((A'*B')')'       | 25     | 18     | -      | -      | 34     | 1    | 1    | -    | -    | -     | 1    | 1    | 
|yolo_pe_pack_95  | ((A'*B')')'       | 25     | 18     | -      | -      | 34     | 1    | 1    | -    | -    | -     | 1    | 1    | 
|yolo_pe_pack_92  | ((A'*B')')'       | 25     | 18     | -      | -      | 34     | 1    | 1    | -    | -    | -     | 1    | 1    | 
|yolo_pe_pack_89  | ((A'*B')')'       | 25     | 18     | -      | -      | 34     | 1    | 1    | -    | -    | -     | 1    | 1    | 
|yolo_pe_pack_86  | ((A'*B')')'       | 25     | 18     | -      | -      | 34     | 1    | 1    | -    | -    | -     | 1    | 1    | 
|yolo_pe_pack_83  | ((A'*B')')'       | 25     | 18     | -      | -      | 34     | 1    | 1    | -    | -    | -     | 1    | 1    | 
|yolo_pe_pack_80  | ((A'*B')')'       | 25     | 18     | -      | -      | 34     | 1    | 1    | -    | -    | -     | 1    | 1    | 
|yolo_pe_pack_77  | ((A'*B')')'       | 25     | 18     | -      | -      | 34     | 1    | 1    | -    | -    | -     | 1    | 1    | 
|yolo_pe_pack_74  | ((A'*B')')'       | 25     | 18     | -      | -      | 34     | 1    | 1    | -    | -    | -     | 1    | 1    | 
|yolo_pe_pack_71  | ((A'*B')')'       | 25     | 18     | -      | -      | 34     | 1    | 1    | -    | -    | -     | 1    | 1    | 
|yolo_pe_pack_68  | ((A'*B')')'       | 25     | 18     | -      | -      | 34     | 1    | 1    | -    | -    | -     | 1    | 1    | 
|yolo_pe_pack_65  | ((A'*B')')'       | 25     | 18     | -      | -      | 34     | 1    | 1    | -    | -    | -     | 1    | 1    | 
|yolo_pe_pack     | ((A'*B')')'       | 25     | 18     | -      | -      | 34     | 1    | 1    | -    | -    | -     | 1    | 1    | 
|yolo_gemm_tail   | A'*B'             | 17     | 18     | -      | -      | 48     | 1    | 1    | -    | -    | -     | 0    | 0    | 
|yolo_gemm_tail   | (PCIN>>17+A'*B')' | 30     | 18     | -      | -      | 48     | 1    | 1    | -    | -    | -     | 0    | 1    | 
|yolo_gemm_tail   | A'*B'             | 17     | 17     | -      | -      | 48     | 1    | 1    | -    | -    | -     | 0    | 0    | 
|yolo_gemm_tail   | (PCIN>>17+A*B')'  | 0      | 18     | -      | -      | 48     | 0    | 1    | -    | -    | -     | 0    | 1    | 
+-----------------+-------------------+--------+--------+--------+--------+--------+------+------+------+------+-------+------+------+


Report BlackBoxes: 
+------+--------------+----------+
|      |BlackBox name |Instances |
+------+--------------+----------+
|1     |gemm_bm_lut   |         1|
|2     |gemm_bm_w_g0  |         1|
|3     |gemm_bm_w_g1  |         1|
|4     |gemm_bm_x_g0  |         1|
|5     |gemm_bm_x_g1  |         1|
+------+--------------+----------+

Report Cell Usage: 
+------+-------------+------+
|      |Cell         |Count |
+------+-------------+------+
|1     |gemm_bm_lut  |     1|
|2     |gemm_bm_w_g0 |     1|
|3     |gemm_bm_w_g1 |     1|
|4     |gemm_bm_x_g0 |     1|
|5     |gemm_bm_x_g1 |     1|
|6     |CARRY4       |  1657|
|7     |DSP48E1      |    68|
|10    |LUT1         |    21|
|11    |LUT2         |  1080|
|12    |LUT3         |  4625|
|13    |LUT4         |   573|
|14    |LUT5         |   159|
|15    |LUT6         |  1575|
|16    |MUXF7        |   488|
|17    |MUXF8        |   243|
|18    |RAM32M       |    12|
|19    |SRL16E       |     8|
|20    |FDCE         |   192|
|21    |FDRE         |  4894|
+------+-------------+------+
---------------------------------------------------------------------------------
Finished Writing Synthesis Report : Time (s): cpu = 00:00:32 ; elapsed = 00:00:32 . Memory (MB): peak = 2235.148 ; gain = 71.195
---------------------------------------------------------------------------------
Synthesis finished with 0 errors, 0 critical warnings and 62 warnings.
Synthesis Optimization Runtime : Time (s): cpu = 00:00:24 ; elapsed = 00:00:30 . Memory (MB): peak = 2235.148 ; gain = 71.195
Synthesis Optimization Complete : Time (s): cpu = 00:00:32 ; elapsed = 00:00:33 . Memory (MB): peak = 2235.148 ; gain = 71.195
INFO: [Project 1-571] Translating synthesized netlist
INFO: [Project 1-454] Reading design checkpoint 'e:/competition/2_fpga/3_yolo_zynq/rtl/GEMM/ip/gemm_bm_lut/gemm_bm_lut.dcp' for cell 'u_array/u_tail/lane[0].u_lut_bmg'
INFO: [Project 1-454] Reading design checkpoint 'e:/competition/2_fpga/3_yolo_zynq/rtl/GEMM/ip/gemm_bm_w_g0/gemm_bm_w_g0.dcp' for cell 'u_bank/u_w_g0'
INFO: [Project 1-454] Reading design checkpoint 'e:/competition/2_fpga/3_yolo_zynq/rtl/GEMM/ip/gemm_bm_w_g1/gemm_bm_w_g1.dcp' for cell 'u_bank/u_w_g1'
INFO: [Project 1-454] Reading design checkpoint 'e:/competition/2_fpga/3_yolo_zynq/rtl/GEMM/ip/gemm_bm_x_g0/gemm_bm_x_g0.dcp' for cell 'u_bank/u_x_g0'
INFO: [Project 1-454] Reading design checkpoint 'e:/competition/2_fpga/3_yolo_zynq/rtl/GEMM/ip/gemm_bm_x_g1/gemm_bm_x_g1.dcp' for cell 'u_bank/u_x_g1'
Netlist sorting complete. Time (s): cpu = 00:00:00 ; elapsed = 00:00:00.379 . Memory (MB): peak = 2284.406 ; gain = 0.000
INFO: [Netlist 29-17] Analyzing 2481 Unisim elements for replacement
INFO: [Netlist 29-28] Unisim Transformation completed in 1 CPU seconds
INFO: [Project 1-479] Netlist was created with Vivado 2025.2
INFO: [Project 1-570] Preparing netlist for logic optimization
INFO: [Project 1-538] Using original IP XDC constraints instead of the XDC constraints in dcp 'e:/competition/2_fpga/3_yolo_zynq/rtl/GEMM/ip/gemm_bm_w_g0/gemm_bm_w_g0.dcp'
INFO: [Project 1-538] Using original IP XDC constraints instead of the XDC constraints in dcp 'e:/competition/2_fpga/3_yolo_zynq/rtl/GEMM/ip/gemm_bm_w_g1/gemm_bm_w_g1.dcp'
INFO: [Project 1-538] Using original IP XDC constraints instead of the XDC constraints in dcp 'e:/competition/2_fpga/3_yolo_zynq/rtl/GEMM/ip/gemm_bm_x_g0/gemm_bm_x_g0.dcp'
INFO: [Project 1-538] Using original IP XDC constraints instead of the XDC constraints in dcp 'e:/competition/2_fpga/3_yolo_zynq/rtl/GEMM/ip/gemm_bm_x_g1/gemm_bm_x_g1.dcp'
INFO: [Project 1-538] Using original IP XDC constraints instead of the XDC constraints in dcp 'e:/competition/2_fpga/3_yolo_zynq/rtl/GEMM/ip/gemm_bm_lut/gemm_bm_lut.dcp'
INFO: [Opt 31-138] Pushed 0 inverter(s) to 0 load pin(s).
Netlist sorting complete. Time (s): cpu = 00:00:00 ; elapsed = 00:00:00.002 . Memory (MB): peak = 2284.406 ; gain = 0.000
INFO: [Project 1-111] Unisim Transformation Summary:
  A total of 12 instances were transformed.
  RAM32M => RAM32M (RAMD32(x6), RAMS32(x2)): 12 instances

Synth Design complete | Checksum: f127cec8
INFO: [Common 17-83] Releasing license: Synthesis
688 Infos, 83 Warnings, 5 Critical Warnings and 0 Errors encountered.
synth_design completed successfully
synth_design: Time (s): cpu = 00:00:37 ; elapsed = 00:00:38 . Memory (MB): peak = 2284.406 ; gain = 120.453
INFO: [Timing 38-35] Done setting XDC timing constraints.
INFO: [Timing 38-91] UpdateTimingParams: Speed grade: -1, Delay Type: min_max.
INFO: [Timing 38-191] Multithreading enabled for timing update using a maximum of 2 CPUs
WARNING: [Timing 38-242] The property HD.CLK_SRC of clock port "clk_i" is not set. In out-of-context mode, this prevents timing estimation for clock delay/skew
Resolution: Set the HD.CLK_SRC property of the out-of-context port to the location of the clock buffer instance in the top-level design
report_timing_summary: Time (s): cpu = 00:00:08 ; elapsed = 00:00:06 . Memory (MB): peak = 2284.406 ; gain = 0.000
EES_SYNTH_RESULT BMG WNS=-4.728 WHS=0.219 period=10.000ns
WARNING: [Vivado 12-180] No cells matched 'get_cells -hierarchical -filter {PRIMITIVE_GROUP == DSP && REF_NAME =~ DSP48E1*}'.
EES_SYNTH_RESULT BMG DSP48E1=0
EES_SYNTH_RESULT BMG BRAM36=12 BRAM18=1 (judge: 12 bank + 1 lut)
WARNING: [Vivado 12-180] No cells matched 'get_cells -hierarchical -filter {IS_SEQUENTIAL && PRIMITIVE_GROUP == REGISTER}'.
EES_SYNTH_RESULT BMG FF_cells=0
EES_SYNTH_STAGE END_BMG
EES_VIVADO_RESULT DONE
INFO: [Common 17-206] Exiting Vivado at Sat Sep 19 14:07:53 2026...
