"Path","LocalBytes","InPersonalBranch","BranchBytes"
"2_fpga\0_diaplay_test\doc\action_v1_status.md","12570","False",
"2_fpga\0_diaplay_test\doc\axi_action_uart_ble_two_version_plan.md","15487","False",
"2_fpga\0_diaplay_test\doc\axi_lite_bluetooth_integration.md","4925","False",
"2_fpga\0_diaplay_test\doc\bd_ov5640_hdmi_connection_checklist.md","18331","True","18682"
"2_fpga\0_diaplay_test\proj\_ide\workspace_journal.py","134","False",
"2_fpga\0_diaplay_test\proj\display_test_zynq7020_school\display_test_zynq7020_school.cache\ip\2025.2\1\0\103ac58e7fa7e00e\103ac58e7fa7e00e.xci","5555","False",
"2_fpga\0_diaplay_test\proj\display_test_zynq7020_school\display_test_zynq7020_school.cache\ip\2025.2\1\0\103ac58e7fa7e00e\display_test_v_axi4s_vid_out_0_0_sim_netlist.v","509183","False",
"2_fpga\0_diaplay_test\proj\display_test_zynq7020_school\display_test_zynq7020_school.cache\ip\2025.2\1\0\103ac58e7fa7e00e\display_test_v_axi4s_vid_out_0_0_stub.v","7100","False",
"2_fpga\0_diaplay_test\proj\display_test_zynq7020_school\display_test_zynq7020_school.cache\ip\2025.2\1\1\11d4c8e860b14b14\11d4c8e860b14b14.xci","17660","False",
"2_fpga\0_diaplay_test\proj\display_test_zynq7020_school\display_test_zynq7020_school.cache\ip\2025.2\1\1\11d4c8e860b14b14\display_test_axi_smc_0_sim_netlist.v","2916639","False",
"2_fpga\0_diaplay_test\proj\display_test_zynq7020_school\display_test_zynq7020_school.cache\ip\2025.2\1\1\11d4c8e860b14b14\display_test_axi_smc_0_stub.v","14590","False",
"2_fpga\0_diaplay_test\proj\display_test_zynq7020_school\display_test_zynq7020_school.cache\ip\2025.2\2\4\24a89efd2473d61e\24a89efd2473d61e.xci","5549","False",
"2_fpga\0_diaplay_test\proj\display_test_zynq7020_school\display_test_zynq7020_school.cache\ip\2025.2\2\4\24a89efd2473d61e\display_test_v_axi4s_vid_out_0_0_sim_netlist.v","509177","False",
"2_fpga\0_diaplay_test\proj\display_test_zynq7020_school\display_test_zynq7020_school.cache\ip\2025.2\2\4\24a89efd2473d61e\display_test_v_axi4s_vid_out_0_0_stub.v","7094","False",
"2_fpga\0_diaplay_test\proj\display_test_zynq7020_school\display_test_zynq7020_school.cache\ip\2025.2\2\8\28695dab0b808eb9\28695dab0b808eb9.xci","166388","False",
"2_fpga\0_diaplay_test\proj\display_test_zynq7020_school\display_test_zynq7020_school.cache\ip\2025.2\2\8\28695dab0b808eb9\display_test_axi_mem_intercon_imp_xbar_0_sim_netlist.v","399937","False",
"2_fpga\0_diaplay_test\proj\display_test_zynq7020_school\display_test_zynq7020_school.cache\ip\2025.2\2\8\28695dab0b808eb9\display_test_axi_mem_intercon_imp_xbar_0_stub.v","21601","False",
"2_fpga\0_diaplay_test\proj\display_test_zynq7020_school\display_test_zynq7020_school.cache\ip\2025.2\3\0\3055ff5110cd2d09\3055ff5110cd2d09.xci","5326","False",
"2_fpga\0_diaplay_test\proj\display_test_zynq7020_school\display_test_zynq7020_school.cache\ip\2025.2\3\0\3055ff5110cd2d09\display_test_axi_mem_intercon_imp_auto_pc_1_sim_netlist.v","383239","False",
"2_fpga\0_diaplay_test\proj\display_test_zynq7020_school\display_test_zynq7020_school.cache\ip\2025.2\3\0\3055ff5110cd2d09\display_test_axi_mem_intercon_imp_auto_pc_1_stub.v","8903","False",
"2_fpga\0_diaplay_test\proj\display_test_zynq7020_school\display_test_zynq7020_school.cache\ip\2025.2\3\7\37d63135e7b6aaf2\37d63135e7b6aaf2.xci","38256","False",
"2_fpga\0_diaplay_test\proj\display_test_zynq7020_school\display_test_zynq7020_school.cache\ip\2025.2\3\7\37d63135e7b6aaf2\display_test_clk_wiz_0_0_sim_netlist.v","7086","False",
"2_fpga\0_diaplay_test\proj\display_test_zynq7020_school\display_test_zynq7020_school.cache\ip\2025.2\3\7\37d63135e7b6aaf2\display_test_clk_wiz_0_0_stub.v","2295","False",
"2_fpga\0_diaplay_test\proj\display_test_zynq7020_school\display_test_zynq7020_school.cache\ip\2025.2\5\9\597e751a345376d0\597e751a345376d0.xci","14994","False",
"2_fpga\0_diaplay_test\proj\display_test_zynq7020_school\display_test_zynq7020_school.cache\ip\2025.2\5\9\597e751a345376d0\display_test_v_tc_0_0_sim_netlist.v","399499","False",
"2_fpga\0_diaplay_test\proj\display_test_zynq7020_school\display_test_zynq7020_school.cache\ip\2025.2\5\9\597e751a345376d0\display_test_v_tc_0_0_stub.v","5123","False",
"2_fpga\0_diaplay_test\proj\display_test_zynq7020_school\display_test_zynq7020_school.cache\ip\2025.2\6\1\61fecb7eb36edddf\61fecb7eb36edddf.xci","5154","False",
"2_fpga\0_diaplay_test\proj\display_test_zynq7020_school\display_test_zynq7020_school.cache\ip\2025.2\6\1\61fecb7eb36edddf\display_test_v_vid_in_axi4s_0_0_sim_netlist.v","447013","False",
"2_fpga\0_diaplay_test\proj\display_test_zynq7020_school\display_test_zynq7020_school.cache\ip\2025.2\6\1\61fecb7eb36edddf\display_test_v_vid_in_axi4s_0_0_stub.v","10539","False",
"2_fpga\0_diaplay_test\proj\display_test_zynq7020_school\display_test_zynq7020_school.cache\ip\2025.2\9\2\9298263f4b759b0b\9298263f4b759b0b.xci","12437","False",
"2_fpga\0_diaplay_test\proj\display_test_zynq7020_school\display_test_zynq7020_school.cache\ip\2025.2\9\2\9298263f4b759b0b\display_test_axi_vdma_0_0_sim_netlist.v","3147422","False",
"2_fpga\0_diaplay_test\proj\display_test_zynq7020_school\display_test_zynq7020_school.cache\ip\2025.2\9\2\9298263f4b759b0b\display_test_axi_vdma_0_0_stub.v","21634","False",
"2_fpga\0_diaplay_test\proj\display_test_zynq7020_school\display_test_zynq7020_school.cache\ip\2025.2\9\4\94356a4c54b4d1e1\94356a4c54b4d1e1.xci","17648","False",
"2_fpga\0_diaplay_test\proj\display_test_zynq7020_school\display_test_zynq7020_school.cache\ip\2025.2\9\4\94356a4c54b4d1e1\display_test_axi_smc_0_sim_netlist.v","2916621","False",
"2_fpga\0_diaplay_test\proj\display_test_zynq7020_school\display_test_zynq7020_school.cache\ip\2025.2\9\4\94356a4c54b4d1e1\display_test_axi_smc_0_stub.v","14578","False",
"2_fpga\0_diaplay_test\proj\display_test_zynq7020_school\display_test_zynq7020_school.cache\ip\2025.2\b\6\b6192694c0f48af3\b6192694c0f48af3.xci","166373","False",
"2_fpga\0_diaplay_test\proj\display_test_zynq7020_school\display_test_zynq7020_school.cache\ip\2025.2\b\6\b6192694c0f48af3\display_test_axi_mem_intercon_imp_xbar_0_sim_netlist.v","399922","False",
"2_fpga\0_diaplay_test\proj\display_test_zynq7020_school\display_test_zynq7020_school.cache\ip\2025.2\b\6\b6192694c0f48af3\display_test_axi_mem_intercon_imp_xbar_0_stub.v","21586","False",
"2_fpga\0_diaplay_test\proj\display_test_zynq7020_school\display_test_zynq7020_school.cache\ip\2025.2\c\4\c434677dc801ed19\c434677dc801ed19.xci","5325","False",
"2_fpga\0_diaplay_test\proj\display_test_zynq7020_school\display_test_zynq7020_school.cache\ip\2025.2\c\4\c434677dc801ed19\display_test_axi_mem_intercon_imp_auto_pc_0_sim_netlist.v","240909","False",
"2_fpga\0_diaplay_test\proj\display_test_zynq7020_school\display_test_zynq7020_school.cache\ip\2025.2\c\4\c434677dc801ed19\display_test_axi_mem_intercon_imp_auto_pc_0_stub.v","8156","False",
"2_fpga\0_diaplay_test\proj\display_test_zynq7020_school\display_test_zynq7020_school.cache\ip\2025.2\c\4\c4dc49599e7124f1\c4dc49599e7124f1.xci","5334","False",
"2_fpga\0_diaplay_test\proj\display_test_zynq7020_school\display_test_zynq7020_school.cache\ip\2025.2\c\4\c4dc49599e7124f1\display_test_axi_mem_intercon_imp_auto_pc_0_sim_netlist.v","240918","False",
"2_fpga\0_diaplay_test\proj\display_test_zynq7020_school\display_test_zynq7020_school.cache\ip\2025.2\c\4\c4dc49599e7124f1\display_test_axi_mem_intercon_imp_auto_pc_0_stub.v","8165","False",
"2_fpga\0_diaplay_test\proj\display_test_zynq7020_school\display_test_zynq7020_school.cache\ip\2025.2\d\7\d7bd87b6a3a4bab5\d7bd87b6a3a4bab5.xci","3798","False",
"2_fpga\0_diaplay_test\proj\display_test_zynq7020_school\display_test_zynq7020_school.cache\ip\2025.2\d\7\d7bd87b6a3a4bab5\display_test_util_vector_logic_0_0_sim_netlist.v","3182","False",
"2_fpga\0_diaplay_test\proj\display_test_zynq7020_school\display_test_zynq7020_school.cache\ip\2025.2\d\7\d7bd87b6a3a4bab5\display_test_util_vector_logic_0_0_stub.v","1900","False",
"2_fpga\0_diaplay_test\proj\display_test_zynq7020_school\display_test_zynq7020_school.cache\ip\2025.2\d\8\d87bdb076004c509\d87bdb076004c509.xci","5335","False",
"2_fpga\0_diaplay_test\proj\display_test_zynq7020_school\display_test_zynq7020_school.cache\ip\2025.2\d\8\d87bdb076004c509\display_test_axi_mem_intercon_imp_auto_pc_1_sim_netlist.v","383248","False",
"2_fpga\0_diaplay_test\proj\display_test_zynq7020_school\display_test_zynq7020_school.cache\ip\2025.2\d\8\d87bdb076004c509\display_test_axi_mem_intercon_imp_auto_pc_1_stub.v","8912","False",
"2_fpga\0_diaplay_test\proj\display_test_zynq7020_school\display_test_zynq7020_school.cache\ip\2025.2\e\3\e39ff7edf37300d5\display_test_rst_ps7_0_50M_0_sim_netlist.v","24993","False",
"2_fpga\0_diaplay_test\proj\display_test_zynq7020_school\display_test_zynq7020_school.cache\ip\2025.2\e\3\e39ff7edf37300d5\display_test_rst_ps7_0_50M_0_stub.v","4845","False",
"2_fpga\0_diaplay_test\proj\display_test_zynq7020_school\display_test_zynq7020_school.cache\ip\2025.2\e\3\e39ff7edf37300d5\e39ff7edf37300d5.xci","4824","False",
"2_fpga\0_diaplay_test\proj\display_test_zynq7020_school\display_test_zynq7020_school.cache\ip\2025.2\f\1\f17e6315a88c5d4c\display_test_v_vid_in_axi4s_0_0_sim_netlist.v","447007","False",
"2_fpga\0_diaplay_test\proj\display_test_zynq7020_school\display_test_zynq7020_school.cache\ip\2025.2\f\1\f17e6315a88c5d4c\display_test_v_vid_in_axi4s_0_0_stub.v","10533","False",
"2_fpga\0_diaplay_test\proj\display_test_zynq7020_school\display_test_zynq7020_school.cache\ip\2025.2\f\1\f17e6315a88c5d4c\f17e6315a88c5d4c.xci","5148","False",
"2_fpga\0_diaplay_test\proj\display_test_zynq7020_school\display_test_zynq7020_school.cache\ip\2025.2\f\9\f9a4eb9f52a56737\display_test_axi_vdma_0_0_sim_netlist.v","3147452","False",
"2_fpga\0_diaplay_test\proj\display_test_zynq7020_school\display_test_zynq7020_school.cache\ip\2025.2\f\9\f9a4eb9f52a56737\display_test_axi_vdma_0_0_stub.v","21664","False",
"2_fpga\0_diaplay_test\proj\display_test_zynq7020_school\display_test_zynq7020_school.cache\ip\2025.2\f\9\f9a4eb9f52a56737\f9a4eb9f52a56737.xci","12467","False",
"2_fpga\0_diaplay_test\proj\display_test_zynq7020_school\display_test_zynq7020_school.cache\ip\2025.2\f\b\fb4520e33a2a104f\display_test_rst_ps7_0_50M_0_sim_netlist.v","24996","False",
"2_fpga\0_diaplay_test\proj\display_test_zynq7020_school\display_test_zynq7020_school.cache\ip\2025.2\f\b\fb4520e33a2a104f\display_test_rst_ps7_0_50M_0_stub.v","4848","False",
"2_fpga\0_diaplay_test\proj\display_test_zynq7020_school\display_test_zynq7020_school.cache\ip\2025.2\f\b\fb4520e33a2a104f\fb4520e33a2a104f.xci","4827","False",
"2_fpga\0_diaplay_test\proj\display_test_zynq7020_school\display_test_zynq7020_school.gen\sources_1\bd\display_test\hdl\display_test_wrapper.v","4492","False",
"2_fpga\0_diaplay_test\proj\display_test_zynq7020_school\display_test_zynq7020_school.gen\sources_1\bd\display_test\hw_handoff\display_test.hwh","454664","False",
"2_fpga\0_diaplay_test\proj\display_test_zynq7020_school\display_test_zynq7020_school.gen\sources_1\bd\display_test\ip\display_test_axi_action_0_0\sim\display_test_axi_action_0_0.v","6809","False",
"2_fpga\0_diaplay_test\proj\display_test_zynq7020_school\display_test_zynq7020_school.gen\sources_1\bd\display_test\ip\display_test_axi_action_0_0\synth\display_test_axi_action_0_0.v","7208","False",
"2_fpga\0_diaplay_test\proj\display_test_zynq7020_school\display_test_zynq7020_school.gen\sources_1\bd\display_test\ip\display_test_axi_action_0_0\display_test_axi_action_0_0_sim_netlist.v","229333","False",
"2_fpga\0_diaplay_test\proj\display_test_zynq7020_school\display_test_zynq7020_school.gen\sources_1\bd\display_test\ip\display_test_axi_action_0_0\display_test_axi_action_0_0_stub.v","5633","False",
"2_fpga\0_diaplay_test\proj\display_test_zynq7020_school\display_test_zynq7020_school.gen\sources_1\bd\display_test\ip\display_test_axi_mem_intercon_imp_auto_pc_0\sim\display_test_axi_mem_intercon_imp_auto_pc_0.v","10959","False",
"2_fpga\0_diaplay_test\proj\display_test_zynq7020_school\display_test_zynq7020_school.gen\sources_1\bd\display_test\ip\display_test_axi_mem_intercon_imp_auto_pc_0\synth\display_test_axi_mem_intercon_imp_auto_pc_0.v","11787","False",
"2_fpga\0_diaplay_test\proj\display_test_zynq7020_school\display_test_zynq7020_school.gen\sources_1\bd\display_test\ip\display_test_axi_mem_intercon_imp_auto_pc_0\display_test_axi_mem_intercon_imp_auto_pc_0_ooc.xdc","2494","False",
"2_fpga\0_diaplay_test\proj\display_test_zynq7020_school\display_test_zynq7020_school.gen\sources_1\bd\display_test\ip\display_test_axi_mem_intercon_imp_auto_pc_0\display_test_axi_mem_intercon_imp_auto_pc_0_sim_netlist.v","241032","False",
"2_fpga\0_diaplay_test\proj\display_test_zynq7020_school\display_test_zynq7020_school.gen\sources_1\bd\display_test\ip\display_test_axi_mem_intercon_imp_auto_pc_0\display_test_axi_mem_intercon_imp_auto_pc_0_stub.v","8162","False",
"2_fpga\0_diaplay_test\proj\display_test_zynq7020_school\display_test_zynq7020_school.gen\sources_1\bd\display_test\ip\display_test_axi_mem_intercon_imp_auto_pc_1\sim\display_test_axi_mem_intercon_imp_auto_pc_1.v","11703","False",
"2_fpga\0_diaplay_test\proj\display_test_zynq7020_school\display_test_zynq7020_school.gen\sources_1\bd\display_test\ip\display_test_axi_mem_intercon_imp_auto_pc_1\synth\display_test_axi_mem_intercon_imp_auto_pc_1.v","12531","False",
"2_fpga\0_diaplay_test\proj\display_test_zynq7020_school\display_test_zynq7020_school.gen\sources_1\bd\display_test\ip\display_test_axi_mem_intercon_imp_auto_pc_1\display_test_axi_mem_intercon_imp_auto_pc_1_ooc.xdc","2494","False",
"2_fpga\0_diaplay_test\proj\display_test_zynq7020_school\display_test_zynq7020_school.gen\sources_1\bd\display_test\ip\display_test_axi_mem_intercon_imp_auto_pc_1\display_test_axi_mem_intercon_imp_auto_pc_1_sim_netlist.v","383439","False",
"2_fpga\0_diaplay_test\proj\display_test_zynq7020_school\display_test_zynq7020_school.gen\sources_1\bd\display_test\ip\display_test_axi_mem_intercon_imp_auto_pc_1\display_test_axi_mem_intercon_imp_auto_pc_1_stub.v","8909","False",
"2_fpga\0_diaplay_test\proj\display_test_zynq7020_school\display_test_zynq7020_school.gen\sources_1\bd\display_test\ip\display_test_axi_mem_intercon_imp_xbar_0\sim\display_test_axi_mem_intercon_imp_xbar_0_sc.h","3821","False",
"2_fpga\0_diaplay_test\proj\display_test_zynq7020_school\display_test_zynq7020_school.gen\sources_1\bd\display_test\ip\display_test_axi_mem_intercon_imp_xbar_0\sim\display_test_axi_mem_intercon_imp_xbar_0_stub.sv","9380","False",
"2_fpga\0_diaplay_test\proj\display_test_zynq7020_school\display_test_zynq7020_school.gen\sources_1\bd\display_test\ip\display_test_axi_mem_intercon_imp_xbar_0\sim\display_test_axi_mem_intercon_imp_xbar_0.h","185436","False",
"2_fpga\0_diaplay_test\proj\display_test_zynq7020_school\display_test_zynq7020_school.gen\sources_1\bd\display_test\ip\display_test_axi_mem_intercon_imp_xbar_0\sim\display_test_axi_mem_intercon_imp_xbar_0.v","24379","False",
"2_fpga\0_diaplay_test\proj\display_test_zynq7020_school\display_test_zynq7020_school.gen\sources_1\bd\display_test\ip\display_test_axi_mem_intercon_imp_xbar_0\src\axi_crossbar.h","6449","False",
"2_fpga\0_diaplay_test\proj\display_test_zynq7020_school\display_test_zynq7020_school.gen\sources_1\bd\display_test\ip\display_test_axi_mem_intercon_imp_xbar_0\synth\display_test_axi_mem_intercon_imp_xbar_0.v","25673","False",
"2_fpga\0_diaplay_test\proj\display_test_zynq7020_school\display_test_zynq7020_school.gen\sources_1\bd\display_test\ip\display_test_axi_mem_intercon_imp_xbar_0\display_test_axi_mem_intercon_imp_xbar_0_ooc.xdc","2494","False",
"2_fpga\0_diaplay_test\proj\display_test_zynq7020_school\display_test_zynq7020_school.gen\sources_1\bd\display_test\ip\display_test_axi_mem_intercon_imp_xbar_0\display_test_axi_mem_intercon_imp_xbar_0_sim_netlist.v","400582","False",
"2_fpga\0_diaplay_test\proj\display_test_zynq7020_school\display_test_zynq7020_school.gen\sources_1\bd\display_test\ip\display_test_axi_mem_intercon_imp_xbar_0\display_test_axi_mem_intercon_imp_xbar_0_stub.v","21654","False",
"2_fpga\0_diaplay_test\proj\display_test_zynq7020_school\display_test_zynq7020_school.gen\sources_1\bd\display_test\ip\display_test_axi_smc_0\bd_0\hw_handoff\display_test_axi_smc_0.hwh","925267","False",
"2_fpga\0_diaplay_test\proj\display_test_zynq7020_school\display_test_zynq7020_school.gen\sources_1\bd\display_test\ip\display_test_axi_smc_0\bd_0\ip\ip_1\bd_6668_psr_aclk_0_board.xdc","60","False",
"2_fpga\0_diaplay_test\proj\display_test_zynq7020_school\display_test_zynq7020_school.gen\sources_1\bd\display_test\ip\display_test_axi_smc_0\bd_0\ip\ip_1\bd_6668_psr_aclk_0.xci","12586","False",
"2_fpga\0_diaplay_test\proj\display_test_zynq7020_school\display_test_zynq7020_school.gen\sources_1\bd\display_test\ip\display_test_axi_smc_0\bd_0\ip\ip_10\sim\bd_6668_woutsw_0.sv","5504","False",
"2_fpga\0_diaplay_test\proj\display_test_zynq7020_school\display_test_zynq7020_school.gen\sources_1\bd\display_test\ip\display_test_axi_smc_0\bd_0\ip\ip_10\synth\bd_6668_woutsw_0.sv","6003","False",
"2_fpga\0_diaplay_test\proj\display_test_zynq7020_school\display_test_zynq7020_school.gen\sources_1\bd\display_test\ip\display_test_axi_smc_0\bd_0\ip\ip_10\bd_6668_woutsw_0_ooc.xdc","2346","False",
"2_fpga\0_diaplay_test\proj\display_test_zynq7020_school\display_test_zynq7020_school.gen\sources_1\bd\display_test\ip\display_test_axi_smc_0\bd_0\ip\ip_10\bd_6668_woutsw_0.xci","38345","False",
"2_fpga\0_diaplay_test\proj\display_test_zynq7020_school\display_test_zynq7020_school.gen\sources_1\bd\display_test\ip\display_test_axi_smc_0\bd_0\ip\ip_11\sim\bd_6668_boutsw_0.sv","5642","False",
"2_fpga\0_diaplay_test\proj\display_test_zynq7020_school\display_test_zynq7020_school.gen\sources_1\bd\display_test\ip\display_test_axi_smc_0\bd_0\ip\ip_11\synth\bd_6668_boutsw_0.sv","6140","False",
"2_fpga\0_diaplay_test\proj\display_test_zynq7020_school\display_test_zynq7020_school.gen\sources_1\bd\display_test\ip\display_test_axi_smc_0\bd_0\ip\ip_11\bd_6668_boutsw_0_ooc.xdc","2346","False",
"2_fpga\0_diaplay_test\proj\display_test_zynq7020_school\display_test_zynq7020_school.gen\sources_1\bd\display_test\ip\display_test_axi_smc_0\bd_0\ip\ip_11\bd_6668_boutsw_0.xci","38596","False",
"2_fpga\0_diaplay_test\proj\display_test_zynq7020_school\display_test_zynq7020_school.gen\sources_1\bd\display_test\ip\display_test_axi_smc_0\bd_0\ip\ip_12\sim\bd_6668_arni_0.sv","6297","False",
"2_fpga\0_diaplay_test\proj\display_test_zynq7020_school\display_test_zynq7020_school.gen\sources_1\bd\display_test\ip\display_test_axi_smc_0\bd_0\ip\ip_12\synth\bd_6668_arni_0.sv","7168","False",
"2_fpga\0_diaplay_test\proj\display_test_zynq7020_school\display_test_zynq7020_school.gen\sources_1\bd\display_test\ip\display_test_axi_smc_0\bd_0\ip\ip_12\bd_6668_arni_0_ooc.xdc","2414","False",
"2_fpga\0_diaplay_test\proj\display_test_zynq7020_school\display_test_zynq7020_school.gen\sources_1\bd\display_test\ip\display_test_axi_smc_0\bd_0\ip\ip_12\bd_6668_arni_0.xci","20962","False",
"2_fpga\0_diaplay_test\proj\display_test_zynq7020_school\display_test_zynq7020_school.gen\sources_1\bd\display_test\ip\display_test_axi_smc_0\bd_0\ip\ip_13\sim\bd_6668_rni_0.sv","6296","False",
"2_fpga\0_diaplay_test\proj\display_test_zynq7020_school\display_test_zynq7020_school.gen\sources_1\bd\display_test\ip\display_test_axi_smc_0\bd_0\ip\ip_13\synth\bd_6668_rni_0.sv","7167","False",
"2_fpga\0_diaplay_test\proj\display_test_zynq7020_school\display_test_zynq7020_school.gen\sources_1\bd\display_test\ip\display_test_axi_smc_0\bd_0\ip\ip_13\bd_6668_rni_0_ooc.xdc","2414","False",
"2_fpga\0_diaplay_test\proj\display_test_zynq7020_school\display_test_zynq7020_school.gen\sources_1\bd\display_test\ip\display_test_axi_smc_0\bd_0\ip\ip_13\bd_6668_rni_0.xci","20960","False",
"2_fpga\0_diaplay_test\proj\display_test_zynq7020_school\display_test_zynq7020_school.gen\sources_1\bd\display_test\ip\display_test_axi_smc_0\bd_0\ip\ip_14\sim\bd_6668_awni_0.sv","6297","False",
"2_fpga\0_diaplay_test\proj\display_test_zynq7020_school\display_test_zynq7020_school.gen\sources_1\bd\display_test\ip\display_test_axi_smc_0\bd_0\ip\ip_14\synth\bd_6668_awni_0.sv","7168","False",
"2_fpga\0_diaplay_test\proj\display_test_zynq7020_school\display_test_zynq7020_school.gen\sources_1\bd\display_test\ip\display_test_axi_smc_0\bd_0\ip\ip_14\bd_6668_awni_0_ooc.xdc","2414","False",
"2_fpga\0_diaplay_test\proj\display_test_zynq7020_school\display_test_zynq7020_school.gen\sources_1\bd\display_test\ip\display_test_axi_smc_0\bd_0\ip\ip_14\bd_6668_awni_0.xci","20962","False",
"2_fpga\0_diaplay_test\proj\display_test_zynq7020_school\display_test_zynq7020_school.gen\sources_1\bd\display_test\ip\display_test_axi_smc_0\bd_0\ip\ip_15\sim\bd_6668_wni_0.sv","6295","False",
"2_fpga\0_diaplay_test\proj\display_test_zynq7020_school\display_test_zynq7020_school.gen\sources_1\bd\display_test\ip\display_test_axi_smc_0\bd_0\ip\ip_15\synth\bd_6668_wni_0.sv","7165","False",
"2_fpga\0_diaplay_test\proj\display_test_zynq7020_school\display_test_zynq7020_school.gen\sources_1\bd\display_test\ip\display_test_axi_smc_0\bd_0\ip\ip_15\bd_6668_wni_0_ooc.xdc","2414","False",
"2_fpga\0_diaplay_test\proj\display_test_zynq7020_school\display_test_zynq7020_school.gen\sources_1\bd\display_test\ip\display_test_axi_smc_0\bd_0\ip\ip_15\bd_6668_wni_0.xci","20959","False",
"2_fpga\0_diaplay_test\proj\display_test_zynq7020_school\display_test_zynq7020_school.gen\sources_1\bd\display_test\ip\display_test_axi_smc_0\bd_0\ip\ip_16\sim\bd_6668_bni_0.sv","6291","False",
"2_fpga\0_diaplay_test\proj\display_test_zynq7020_school\display_test_zynq7020_school.gen\sources_1\bd\display_test\ip\display_test_axi_smc_0\bd_0\ip\ip_16\synth\bd_6668_bni_0.sv","7159","False",
"2_fpga\0_diaplay_test\proj\display_test_zynq7020_school\display_test_zynq7020_school.gen\sources_1\bd\display_test\ip\display_test_axi_smc_0\bd_0\ip\ip_16\bd_6668_bni_0_ooc.xdc","2414","False",
"2_fpga\0_diaplay_test\proj\display_test_zynq7020_school\display_test_zynq7020_school.gen\sources_1\bd\display_test\ip\display_test_axi_smc_0\bd_0\ip\ip_16\bd_6668_bni_0.xci","20952","False",
"2_fpga\0_diaplay_test\proj\display_test_zynq7020_school\display_test_zynq7020_school.gen\sources_1\bd\display_test\ip\display_test_axi_smc_0\bd_0\ip\ip_17\sim\bd_6668_s00mmu_0.sv","17546","False",
"2_fpga\0_diaplay_test\proj\display_test_zynq7020_school\display_test_zynq7020_school.gen\sources_1\bd\display_test\ip\display_test_axi_smc_0\bd_0\ip\ip_17\synth\bd_6668_s00mmu_0.sv","18648","False",
"2_fpga\0_diaplay_test\proj\display_test_zynq7020_school\display_test_zynq7020_school.gen\sources_1\bd\display_test\ip\display_test_axi_smc_0\bd_0\ip\ip_17\bd_6668_s00mmu_0.xci","272783","False",
"2_fpga\0_diaplay_test\proj\display_test_zynq7020_school\display_test_zynq7020_school.gen\sources_1\bd\display_test\ip\display_test_axi_smc_0\bd_0\ip\ip_18\sim\bd_6668_s00tr_0.sv","17682","False",
"2_fpga\0_diaplay_test\proj\display_test_zynq7020_school\display_test_zynq7020_school.gen\sources_1\bd\display_test\ip\display_test_axi_smc_0\bd_0\ip\ip_18\synth\bd_6668_s00tr_0.sv","18494","False",
"2_fpga\0_diaplay_test\proj\display_test_zynq7020_school\display_test_zynq7020_school.gen\sources_1\bd\display_test\ip\display_test_axi_smc_0\bd_0\ip\ip_18\bd_6668_s00tr_0.xci","34008","False",
"2_fpga\0_diaplay_test\proj\display_test_zynq7020_school\display_test_zynq7020_school.gen\sources_1\bd\display_test\ip\display_test_axi_smc_0\bd_0\ip\ip_19\sim\bd_6668_s00sic_0.sv","17481","False",
"2_fpga\0_diaplay_test\proj\display_test_zynq7020_school\display_test_zynq7020_school.gen\sources_1\bd\display_test\ip\display_test_axi_smc_0\bd_0\ip\ip_19\synth\bd_6668_s00sic_0.sv","18634","False",
"2_fpga\0_diaplay_test\proj\display_test_zynq7020_school\display_test_zynq7020_school.gen\sources_1\bd\display_test\ip\display_test_axi_smc_0\bd_0\ip\ip_19\bd_6668_s00sic_0.xci","173617","False",
"2_fpga\0_diaplay_test\proj\display_test_zynq7020_school\display_test_zynq7020_school.gen\sources_1\bd\display_test\ip\display_test_axi_smc_0\bd_0\ip\ip_2\sim\bd_6668_arinsw_0.sv","5151","False",
"2_fpga\0_diaplay_test\proj\display_test_zynq7020_school\display_test_zynq7020_school.gen\sources_1\bd\display_test\ip\display_test_axi_smc_0\bd_0\ip\ip_2\synth\bd_6668_arinsw_0.sv","5650","False",
"2_fpga\0_diaplay_test\proj\display_test_zynq7020_school\display_test_zynq7020_school.gen\sources_1\bd\display_test\ip\display_test_axi_smc_0\bd_0\ip\ip_2\bd_6668_arinsw_0_ooc.xdc","2346","False",
"2_fpga\0_diaplay_test\proj\display_test_zynq7020_school\display_test_zynq7020_school.gen\sources_1\bd\display_test\ip\display_test_axi_smc_0\bd_0\ip\ip_2\bd_6668_arinsw_0.xci","37622","False",
"2_fpga\0_diaplay_test\proj\display_test_zynq7020_school\display_test_zynq7020_school.gen\sources_1\bd\display_test\ip\display_test_axi_smc_0\bd_0\ip\ip_20\sim\bd_6668_s00a2s_0.sv","13482","False",
"2_fpga\0_diaplay_test\proj\display_test_zynq7020_school\display_test_zynq7020_school.gen\sources_1\bd\display_test\ip\display_test_axi_smc_0\bd_0\ip\ip_20\synth\bd_6668_s00a2s_0.sv","14226","False",
"2_fpga\0_diaplay_test\proj\display_test_zynq7020_school\display_test_zynq7020_school.gen\sources_1\bd\display_test\ip\display_test_axi_smc_0\bd_0\ip\ip_20\bd_6668_s00a2s_0_ooc.xdc","2375","False",
"2_fpga\0_diaplay_test\proj\display_test_zynq7020_school\display_test_zynq7020_school.gen\sources_1\bd\display_test\ip\display_test_axi_smc_0\bd_0\ip\ip_20\bd_6668_s00a2s_0.xci","24580","False",
"2_fpga\0_diaplay_test\proj\display_test_zynq7020_school\display_test_zynq7020_school.gen\sources_1\bd\display_test\ip\display_test_axi_smc_0\bd_0\ip\ip_21\sim\bd_6668_sarn_0.sv","6289","False",
"2_fpga\0_diaplay_test\proj\display_test_zynq7020_school\display_test_zynq7020_school.gen\sources_1\bd\display_test\ip\display_test_axi_smc_0\bd_0\ip\ip_21\synth\bd_6668_sarn_0.sv","7152","False",
"2_fpga\0_diaplay_test\proj\display_test_zynq7020_school\display_test_zynq7020_school.gen\sources_1\bd\display_test\ip\display_test_axi_smc_0\bd_0\ip\ip_21\bd_6668_sarn_0_ooc.xdc","2414","False",
"2_fpga\0_diaplay_test\proj\display_test_zynq7020_school\display_test_zynq7020_school.gen\sources_1\bd\display_test\ip\display_test_axi_smc_0\bd_0\ip\ip_21\bd_6668_sarn_0.xci","20914","False",
"2_fpga\0_diaplay_test\proj\display_test_zynq7020_school\display_test_zynq7020_school.gen\sources_1\bd\display_test\ip\display_test_axi_smc_0\bd_0\ip\ip_22\sim\bd_6668_srn_0.sv","6287","False",
"2_fpga\0_diaplay_test\proj\display_test_zynq7020_school\display_test_zynq7020_school.gen\sources_1\bd\display_test\ip\display_test_axi_smc_0\bd_0\ip\ip_22\synth\bd_6668_srn_0.sv","7149","False",
"2_fpga\0_diaplay_test\proj\display_test_zynq7020_school\display_test_zynq7020_school.gen\sources_1\bd\display_test\ip\display_test_axi_smc_0\bd_0\ip\ip_22\bd_6668_srn_0_ooc.xdc","2414","False",
"2_fpga\0_diaplay_test\proj\display_test_zynq7020_school\display_test_zynq7020_school.gen\sources_1\bd\display_test\ip\display_test_axi_smc_0\bd_0\ip\ip_22\bd_6668_srn_0.xci","20932","False",
"2_fpga\0_diaplay_test\proj\display_test_zynq7020_school\display_test_zynq7020_school.gen\sources_1\bd\display_test\ip\display_test_axi_smc_0\bd_0\ip\ip_23\sim\bd_6668_sawn_0.sv","6289","False",
"2_fpga\0_diaplay_test\proj\display_test_zynq7020_school\display_test_zynq7020_school.gen\sources_1\bd\display_test\ip\display_test_axi_smc_0\bd_0\ip\ip_23\synth\bd_6668_sawn_0.sv","7152","False",
"2_fpga\0_diaplay_test\proj\display_test_zynq7020_school\display_test_zynq7020_school.gen\sources_1\bd\display_test\ip\display_test_axi_smc_0\bd_0\ip\ip_23\bd_6668_sawn_0_ooc.xdc","2414","False",
"2_fpga\0_diaplay_test\proj\display_test_zynq7020_school\display_test_zynq7020_school.gen\sources_1\bd\display_test\ip\display_test_axi_smc_0\bd_0\ip\ip_23\bd_6668_sawn_0.xci","20914","False",
"2_fpga\0_diaplay_test\proj\display_test_zynq7020_school\display_test_zynq7020_school.gen\sources_1\bd\display_test\ip\display_test_axi_smc_0\bd_0\ip\ip_24\sim\bd_6668_swn_0.sv","6287","False",
"2_fpga\0_diaplay_test\proj\display_test_zynq7020_school\display_test_zynq7020_school.gen\sources_1\bd\display_test\ip\display_test_axi_smc_0\bd_0\ip\ip_24\synth\bd_6668_swn_0.sv","7149","False",
"2_fpga\0_diaplay_test\proj\display_test_zynq7020_school\display_test_zynq7020_school.gen\sources_1\bd\display_test\ip\display_test_axi_smc_0\bd_0\ip\ip_24\bd_6668_swn_0_ooc.xdc","2414","False",
"2_fpga\0_diaplay_test\proj\display_test_zynq7020_school\display_test_zynq7020_school.gen\sources_1\bd\display_test\ip\display_test_axi_smc_0\bd_0\ip\ip_24\bd_6668_swn_0.xci","20911","False",
"2_fpga\0_diaplay_test\proj\display_test_zynq7020_school\display_test_zynq7020_school.gen\sources_1\bd\display_test\ip\display_test_axi_smc_0\bd_0\ip\ip_25\sim\bd_6668_sbn_0.sv","6282","False",
"2_fpga\0_diaplay_test\proj\display_test_zynq7020_school\display_test_zynq7020_school.gen\sources_1\bd\display_test\ip\display_test_axi_smc_0\bd_0\ip\ip_25\synth\bd_6668_sbn_0.sv","7141","False",
"2_fpga\0_diaplay_test\proj\display_test_zynq7020_school\display_test_zynq7020_school.gen\sources_1\bd\display_test\ip\display_test_axi_smc_0\bd_0\ip\ip_25\bd_6668_sbn_0_ooc.xdc","2414","False",
"2_fpga\0_diaplay_test\proj\display_test_zynq7020_school\display_test_zynq7020_school.gen\sources_1\bd\display_test\ip\display_test_axi_smc_0\bd_0\ip\ip_25\bd_6668_sbn_0.xci","20924","False",
"2_fpga\0_diaplay_test\proj\display_test_zynq7020_school\display_test_zynq7020_school.gen\sources_1\bd\display_test\ip\display_test_axi_smc_0\bd_0\ip\ip_26\sim\bd_6668_m00s2a_0.sv","13487","False",
"2_fpga\0_diaplay_test\proj\display_test_zynq7020_school\display_test_zynq7020_school.gen\sources_1\bd\display_test\ip\display_test_axi_smc_0\bd_0\ip\ip_26\synth\bd_6668_m00s2a_0.sv","14230","False",
"2_fpga\0_diaplay_test\proj\display_test_zynq7020_school\display_test_zynq7020_school.gen\sources_1\bd\display_test\ip\display_test_axi_smc_0\bd_0\ip\ip_26\bd_6668_m00s2a_0_ooc.xdc","2375","False",
"2_fpga\0_diaplay_test\proj\display_test_zynq7020_school\display_test_zynq7020_school.gen\sources_1\bd\display_test\ip\display_test_axi_smc_0\bd_0\ip\ip_26\bd_6668_m00s2a_0.xci","24321","False",
"2_fpga\0_diaplay_test\proj\display_test_zynq7020_school\display_test_zynq7020_school.gen\sources_1\bd\display_test\ip\display_test_axi_smc_0\bd_0\ip\ip_27\sim\bd_6668_m00arn_0.sv","6291","False",
"2_fpga\0_diaplay_test\proj\display_test_zynq7020_school\display_test_zynq7020_school.gen\sources_1\bd\display_test\ip\display_test_axi_smc_0\bd_0\ip\ip_27\synth\bd_6668_m00arn_0.sv","7158","False",
"2_fpga\0_diaplay_test\proj\display_test_zynq7020_school\display_test_zynq7020_school.gen\sources_1\bd\display_test\ip\display_test_axi_smc_0\bd_0\ip\ip_27\bd_6668_m00arn_0_ooc.xdc","2414","False",
"2_fpga\0_diaplay_test\proj\display_test_zynq7020_school\display_test_zynq7020_school.gen\sources_1\bd\display_test\ip\display_test_axi_smc_0\bd_0\ip\ip_27\bd_6668_m00arn_0.xci","20918","False",
"2_fpga\0_diaplay_test\proj\display_test_zynq7020_school\display_test_zynq7020_school.gen\sources_1\bd\display_test\ip\display_test_axi_smc_0\bd_0\ip\ip_28\sim\bd_6668_m00rn_0.sv","6287","False",
"2_fpga\0_diaplay_test\proj\display_test_zynq7020_school\display_test_zynq7020_school.gen\sources_1\bd\display_test\ip\display_test_axi_smc_0\bd_0\ip\ip_28\synth\bd_6668_m00rn_0.sv","7151","False",
"2_fpga\0_diaplay_test\proj\display_test_zynq7020_school\display_test_zynq7020_school.gen\sources_1\bd\display_test\ip\display_test_axi_smc_0\bd_0\ip\ip_28\bd_6668_m00rn_0_ooc.xdc","2414","False",
"2_fpga\0_diaplay_test\proj\display_test_zynq7020_school\display_test_zynq7020_school.gen\sources_1\bd\display_test\ip\display_test_axi_smc_0\bd_0\ip\ip_28\bd_6668_m00rn_0.xci","20911","False",
"2_fpga\0_diaplay_test\proj\display_test_zynq7020_school\display_test_zynq7020_school.gen\sources_1\bd\display_test\ip\display_test_axi_smc_0\bd_0\ip\ip_29\sim\bd_6668_m00awn_0.sv","6291","False",
"2_fpga\0_diaplay_test\proj\display_test_zynq7020_school\display_test_zynq7020_school.gen\sources_1\bd\display_test\ip\display_test_axi_smc_0\bd_0\ip\ip_29\synth\bd_6668_m00awn_0.sv","7158","False",
"2_fpga\0_diaplay_test\proj\display_test_zynq7020_school\display_test_zynq7020_school.gen\sources_1\bd\display_test\ip\display_test_axi_smc_0\bd_0\ip\ip_29\bd_6668_m00awn_0_ooc.xdc","2414","False",
"2_fpga\0_diaplay_test\proj\display_test_zynq7020_school\display_test_zynq7020_school.gen\sources_1\bd\display_test\ip\display_test_axi_smc_0\bd_0\ip\ip_29\bd_6668_m00awn_0.xci","20918","False",
"2_fpga\0_diaplay_test\proj\display_test_zynq7020_school\display_test_zynq7020_school.gen\sources_1\bd\display_test\ip\display_test_axi_smc_0\bd_0\ip\ip_3\sim\bd_6668_rinsw_0.sv","5147","False",
"2_fpga\0_diaplay_test\proj\display_test_zynq7020_school\display_test_zynq7020_school.gen\sources_1\bd\display_test\ip\display_test_axi_smc_0\bd_0\ip\ip_3\synth\bd_6668_rinsw_0.sv","5643","False",
"2_fpga\0_diaplay_test\proj\display_test_zynq7020_school\display_test_zynq7020_school.gen\sources_1\bd\display_test\ip\display_test_axi_smc_0\bd_0\ip\ip_3\bd_6668_rinsw_0_ooc.xdc","2346","False",
"2_fpga\0_diaplay_test\proj\display_test_zynq7020_school\display_test_zynq7020_school.gen\sources_1\bd\display_test\ip\display_test_axi_smc_0\bd_0\ip\ip_3\bd_6668_rinsw_0.xci","37613","False",
"2_fpga\0_diaplay_test\proj\display_test_zynq7020_school\display_test_zynq7020_school.gen\sources_1\bd\display_test\ip\display_test_axi_smc_0\bd_0\ip\ip_30\sim\bd_6668_m00wn_0.sv","6287","False",
"2_fpga\0_diaplay_test\proj\display_test_zynq7020_school\display_test_zynq7020_school.gen\sources_1\bd\display_test\ip\display_test_axi_smc_0\bd_0\ip\ip_30\synth\bd_6668_m00wn_0.sv","7151","False",
"2_fpga\0_diaplay_test\proj\display_test_zynq7020_school\display_test_zynq7020_school.gen\sources_1\bd\display_test\ip\display_test_axi_smc_0\bd_0\ip\ip_30\bd_6668_m00wn_0_ooc.xdc","2414","False",
"2_fpga\0_diaplay_test\proj\display_test_zynq7020_school\display_test_zynq7020_school.gen\sources_1\bd\display_test\ip\display_test_axi_smc_0\bd_0\ip\ip_30\bd_6668_m00wn_0.xci","20932","False",
"2_fpga\0_diaplay_test\proj\display_test_zynq7020_school\display_test_zynq7020_school.gen\sources_1\bd\display_test\ip\display_test_axi_smc_0\bd_0\ip\ip_31\sim\bd_6668_m00bn_0.sv","6284","False",
"2_fpga\0_diaplay_test\proj\display_test_zynq7020_school\display_test_zynq7020_school.gen\sources_1\bd\display_test\ip\display_test_axi_smc_0\bd_0\ip\ip_31\synth\bd_6668_m00bn_0.sv","7147","False",
"2_fpga\0_diaplay_test\proj\display_test_zynq7020_school\display_test_zynq7020_school.gen\sources_1\bd\display_test\ip\display_test_axi_smc_0\bd_0\ip\ip_31\bd_6668_m00bn_0_ooc.xdc","2414","False",
"2_fpga\0_diaplay_test\proj\display_test_zynq7020_school\display_test_zynq7020_school.gen\sources_1\bd\display_test\ip\display_test_axi_smc_0\bd_0\ip\ip_31\bd_6668_m00bn_0.xci","20886","False",
"2_fpga\0_diaplay_test\proj\display_test_zynq7020_school\display_test_zynq7020_school.gen\sources_1\bd\display_test\ip\display_test_axi_smc_0\bd_0\ip\ip_32\sim\bd_6668_m00e_0.sv","14329","False",
"2_fpga\0_diaplay_test\proj\display_test_zynq7020_school\display_test_zynq7020_school.gen\sources_1\bd\display_test\ip\display_test_axi_smc_0\bd_0\ip\ip_32\synth\bd_6668_m00e_0.sv","15309","False",
"2_fpga\0_diaplay_test\proj\display_test_zynq7020_school\display_test_zynq7020_school.gen\sources_1\bd\display_test\ip\display_test_axi_smc_0\bd_0\ip\ip_32\bd_6668_m00e_0.xci","61109","False",
"2_fpga\0_diaplay_test\proj\display_test_zynq7020_school\display_test_zynq7020_school.gen\sources_1\bd\display_test\ip\display_test_axi_smc_0\bd_0\ip\ip_33\sim\bd_6668_m01s2a_0.sv","13491","False",
"2_fpga\0_diaplay_test\proj\display_test_zynq7020_school\display_test_zynq7020_school.gen\sources_1\bd\display_test\ip\display_test_axi_smc_0\bd_0\ip\ip_33\synth\bd_6668_m01s2a_0.sv","14235","False",
"2_fpga\0_diaplay_test\proj\display_test_zynq7020_school\display_test_zynq7020_school.gen\sources_1\bd\display_test\ip\display_test_axi_smc_0\bd_0\ip\ip_33\bd_6668_m01s2a_0_ooc.xdc","2375","False",
"2_fpga\0_diaplay_test\proj\display_test_zynq7020_school\display_test_zynq7020_school.gen\sources_1\bd\display_test\ip\display_test_axi_smc_0\bd_0\ip\ip_33\bd_6668_m01s2a_0.xci","24326","False",
"2_fpga\0_diaplay_test\proj\display_test_zynq7020_school\display_test_zynq7020_school.gen\sources_1\bd\display_test\ip\display_test_axi_smc_0\bd_0\ip\ip_34\sim\bd_6668_m01arn_0.sv","6291","False",
"2_fpga\0_diaplay_test\proj\display_test_zynq7020_school\display_test_zynq7020_school.gen\sources_1\bd\display_test\ip\display_test_axi_smc_0\bd_0\ip\ip_34\synth\bd_6668_m01arn_0.sv","7158","False",
"2_fpga\0_diaplay_test\proj\display_test_zynq7020_school\display_test_zynq7020_school.gen\sources_1\bd\display_test\ip\display_test_axi_smc_0\bd_0\ip\ip_34\bd_6668_m01arn_0_ooc.xdc","2414","False",
"2_fpga\0_diaplay_test\proj\display_test_zynq7020_school\display_test_zynq7020_school.gen\sources_1\bd\display_test\ip\display_test_axi_smc_0\bd_0\ip\ip_34\bd_6668_m01arn_0.xci","20918","False",
"2_fpga\0_diaplay_test\proj\display_test_zynq7020_school\display_test_zynq7020_school.gen\sources_1\bd\display_test\ip\display_test_axi_smc_0\bd_0\ip\ip_35\sim\bd_6668_m01rn_0.sv","6287","False",
"2_fpga\0_diaplay_test\proj\display_test_zynq7020_school\display_test_zynq7020_school.gen\sources_1\bd\display_test\ip\display_test_axi_smc_0\bd_0\ip\ip_35\synth\bd_6668_m01rn_0.sv","7151","False",
"2_fpga\0_diaplay_test\proj\display_test_zynq7020_school\display_test_zynq7020_school.gen\sources_1\bd\display_test\ip\display_test_axi_smc_0\bd_0\ip\ip_35\bd_6668_m01rn_0_ooc.xdc","2414","False",
"2_fpga\0_diaplay_test\proj\display_test_zynq7020_school\display_test_zynq7020_school.gen\sources_1\bd\display_test\ip\display_test_axi_smc_0\bd_0\ip\ip_35\bd_6668_m01rn_0.xci","20911","False",
"2_fpga\0_diaplay_test\proj\display_test_zynq7020_school\display_test_zynq7020_school.gen\sources_1\bd\display_test\ip\display_test_axi_smc_0\bd_0\ip\ip_36\sim\bd_6668_m01awn_0.sv","6291","False",
"2_fpga\0_diaplay_test\proj\display_test_zynq7020_school\display_test_zynq7020_school.gen\sources_1\bd\display_test\ip\display_test_axi_smc_0\bd_0\ip\ip_36\synth\bd_6668_m01awn_0.sv","7158","False",
"2_fpga\0_diaplay_test\proj\display_test_zynq7020_school\display_test_zynq7020_school.gen\sources_1\bd\display_test\ip\display_test_axi_smc_0\bd_0\ip\ip_36\bd_6668_m01awn_0_ooc.xdc","2414","False",
"2_fpga\0_diaplay_test\proj\display_test_zynq7020_school\display_test_zynq7020_school.gen\sources_1\bd\display_test\ip\display_test_axi_smc_0\bd_0\ip\ip_36\bd_6668_m01awn_0.xci","20918","False",
"2_fpga\0_diaplay_test\proj\display_test_zynq7020_school\display_test_zynq7020_school.gen\sources_1\bd\display_test\ip\display_test_axi_smc_0\bd_0\ip\ip_37\sim\bd_6668_m01wn_0.sv","6287","False",
"2_fpga\0_diaplay_test\proj\display_test_zynq7020_school\display_test_zynq7020_school.gen\sources_1\bd\display_test\ip\display_test_axi_smc_0\bd_0\ip\ip_37\synth\bd_6668_m01wn_0.sv","7151","False",
"2_fpga\0_diaplay_test\proj\display_test_zynq7020_school\display_test_zynq7020_school.gen\sources_1\bd\display_test\ip\display_test_axi_smc_0\bd_0\ip\ip_37\bd_6668_m01wn_0_ooc.xdc","2414","False",
"2_fpga\0_diaplay_test\proj\display_test_zynq7020_school\display_test_zynq7020_school.gen\sources_1\bd\display_test\ip\display_test_axi_smc_0\bd_0\ip\ip_37\bd_6668_m01wn_0.xci","20932","False",
"2_fpga\0_diaplay_test\proj\display_test_zynq7020_school\display_test_zynq7020_school.gen\sources_1\bd\display_test\ip\display_test_axi_smc_0\bd_0\ip\ip_38\sim\bd_6668_m01bn_0.sv","6284","False",
"2_fpga\0_diaplay_test\proj\display_test_zynq7020_school\display_test_zynq7020_school.gen\sources_1\bd\display_test\ip\display_test_axi_smc_0\bd_0\ip\ip_38\synth\bd_6668_m01bn_0.sv","7147","False",
"2_fpga\0_diaplay_test\proj\display_test_zynq7020_school\display_test_zynq7020_school.gen\sources_1\bd\display_test\ip\display_test_axi_smc_0\bd_0\ip\ip_38\bd_6668_m01bn_0_ooc.xdc","2414","False",
"2_fpga\0_diaplay_test\proj\display_test_zynq7020_school\display_test_zynq7020_school.gen\sources_1\bd\display_test\ip\display_test_axi_smc_0\bd_0\ip\ip_38\bd_6668_m01bn_0.xci","20886","False",
"2_fpga\0_diaplay_test\proj\display_test_zynq7020_school\display_test_zynq7020_school.gen\sources_1\bd\display_test\ip\display_test_axi_smc_0\bd_0\ip\ip_39\sim\bd_6668_m01e_0.sv","14336","False",
"2_fpga\0_diaplay_test\proj\display_test_zynq7020_school\display_test_zynq7020_school.gen\sources_1\bd\display_test\ip\display_test_axi_smc_0\bd_0\ip\ip_39\synth\bd_6668_m01e_0.sv","15317","False",
"2_fpga\0_diaplay_test\proj\display_test_zynq7020_school\display_test_zynq7020_school.gen\sources_1\bd\display_test\ip\display_test_axi_smc_0\bd_0\ip\ip_39\bd_6668_m01e_0.xci","61059","False",
"2_fpga\0_diaplay_test\proj\display_test_zynq7020_school\display_test_zynq7020_school.gen\sources_1\bd\display_test\ip\display_test_axi_smc_0\bd_0\ip\ip_4\sim\bd_6668_awinsw_0.sv","5151","False",
"2_fpga\0_diaplay_test\proj\display_test_zynq7020_school\display_test_zynq7020_school.gen\sources_1\bd\display_test\ip\display_test_axi_smc_0\bd_0\ip\ip_4\synth\bd_6668_awinsw_0.sv","5650","False",
"2_fpga\0_diaplay_test\proj\display_test_zynq7020_school\display_test_zynq7020_school.gen\sources_1\bd\display_test\ip\display_test_axi_smc_0\bd_0\ip\ip_4\bd_6668_awinsw_0_ooc.xdc","2346","False",
"2_fpga\0_diaplay_test\proj\display_test_zynq7020_school\display_test_zynq7020_school.gen\sources_1\bd\display_test\ip\display_test_axi_smc_0\bd_0\ip\ip_4\bd_6668_awinsw_0.xci","37622","False",
"2_fpga\0_diaplay_test\proj\display_test_zynq7020_school\display_test_zynq7020_school.gen\sources_1\bd\display_test\ip\display_test_axi_smc_0\bd_0\ip\ip_5\sim\bd_6668_winsw_0.sv","5147","False",
"2_fpga\0_diaplay_test\proj\display_test_zynq7020_school\display_test_zynq7020_school.gen\sources_1\bd\display_test\ip\display_test_axi_smc_0\bd_0\ip\ip_5\synth\bd_6668_winsw_0.sv","5643","False",
"2_fpga\0_diaplay_test\proj\display_test_zynq7020_school\display_test_zynq7020_school.gen\sources_1\bd\display_test\ip\display_test_axi_smc_0\bd_0\ip\ip_5\bd_6668_winsw_0_ooc.xdc","2346","False",
"2_fpga\0_diaplay_test\proj\display_test_zynq7020_school\display_test_zynq7020_school.gen\sources_1\bd\display_test\ip\display_test_axi_smc_0\bd_0\ip\ip_5\bd_6668_winsw_0.xci","37613","False",
"2_fpga\0_diaplay_test\proj\display_test_zynq7020_school\display_test_zynq7020_school.gen\sources_1\bd\display_test\ip\display_test_axi_smc_0\bd_0\ip\ip_6\sim\bd_6668_binsw_0.sv","5144","False",
"2_fpga\0_diaplay_test\proj\display_test_zynq7020_school\display_test_zynq7020_school.gen\sources_1\bd\display_test\ip\display_test_axi_smc_0\bd_0\ip\ip_6\synth\bd_6668_binsw_0.sv","5639","False",
"2_fpga\0_diaplay_test\proj\display_test_zynq7020_school\display_test_zynq7020_school.gen\sources_1\bd\display_test\ip\display_test_axi_smc_0\bd_0\ip\ip_6\bd_6668_binsw_0_ooc.xdc","2346","False",
"2_fpga\0_diaplay_test\proj\display_test_zynq7020_school\display_test_zynq7020_school.gen\sources_1\bd\display_test\ip\display_test_axi_smc_0\bd_0\ip\ip_6\bd_6668_binsw_0.xci","37607","False",
"2_fpga\0_diaplay_test\proj\display_test_zynq7020_school\display_test_zynq7020_school.gen\sources_1\bd\display_test\ip\display_test_axi_smc_0\bd_0\ip\ip_7\sim\bd_6668_aroutsw_0.sv","5511","False",
"2_fpga\0_diaplay_test\proj\display_test_zynq7020_school\display_test_zynq7020_school.gen\sources_1\bd\display_test\ip\display_test_axi_smc_0\bd_0\ip\ip_7\synth\bd_6668_aroutsw_0.sv","6013","False",
"2_fpga\0_diaplay_test\proj\display_test_zynq7020_school\display_test_zynq7020_school.gen\sources_1\bd\display_test\ip\display_test_axi_smc_0\bd_0\ip\ip_7\bd_6668_aroutsw_0_ooc.xdc","2346","False",
"2_fpga\0_diaplay_test\proj\display_test_zynq7020_school\display_test_zynq7020_school.gen\sources_1\bd\display_test\ip\display_test_axi_smc_0\bd_0\ip\ip_7\bd_6668_aroutsw_0.xci","38354","False",
"2_fpga\0_diaplay_test\proj\display_test_zynq7020_school\display_test_zynq7020_school.gen\sources_1\bd\display_test\ip\display_test_axi_smc_0\bd_0\ip\ip_8\sim\bd_6668_routsw_0.sv","5650","False",
"2_fpga\0_diaplay_test\proj\display_test_zynq7020_school\display_test_zynq7020_school.gen\sources_1\bd\display_test\ip\display_test_axi_smc_0\bd_0\ip\ip_8\synth\bd_6668_routsw_0.sv","6149","False",
"2_fpga\0_diaplay_test\proj\display_test_zynq7020_school\display_test_zynq7020_school.gen\sources_1\bd\display_test\ip\display_test_axi_smc_0\bd_0\ip\ip_8\bd_6668_routsw_0_ooc.xdc","2346","False",
"2_fpga\0_diaplay_test\proj\display_test_zynq7020_school\display_test_zynq7020_school.gen\sources_1\bd\display_test\ip\display_test_axi_smc_0\bd_0\ip\ip_8\bd_6668_routsw_0.xci","38604","False",
"2_fpga\0_diaplay_test\proj\display_test_zynq7020_school\display_test_zynq7020_school.gen\sources_1\bd\display_test\ip\display_test_axi_smc_0\bd_0\ip\ip_9\sim\bd_6668_awoutsw_0.sv","5511","False",
"2_fpga\0_diaplay_test\proj\display_test_zynq7020_school\display_test_zynq7020_school.gen\sources_1\bd\display_test\ip\display_test_axi_smc_0\bd_0\ip\ip_9\synth\bd_6668_awoutsw_0.sv","6013","False",
"2_fpga\0_diaplay_test\proj\display_test_zynq7020_school\display_test_zynq7020_school.gen\sources_1\bd\display_test\ip\display_test_axi_smc_0\bd_0\ip\ip_9\bd_6668_awoutsw_0_ooc.xdc","2346","False",
"2_fpga\0_diaplay_test\proj\display_test_zynq7020_school\display_test_zynq7020_school.gen\sources_1\bd\display_test\ip\display_test_axi_smc_0\bd_0\ip\ip_9\bd_6668_awoutsw_0.xci","38354","False",
"2_fpga\0_diaplay_test\proj\display_test_zynq7020_school\display_test_zynq7020_school.gen\sources_1\bd\display_test\ip\display_test_axi_smc_0\bd_0\sim\bd_6668.v","127922","False",
"2_fpga\0_diaplay_test\proj\display_test_zynq7020_school\display_test_zynq7020_school.gen\sources_1\bd\display_test\ip\display_test_axi_smc_0\bd_0\synth\bd_6668.v","127922","False",
"2_fpga\0_diaplay_test\proj\display_test_zynq7020_school\display_test_zynq7020_school.gen\sources_1\bd\display_test\ip\display_test_axi_smc_0\bd_0\bd_6668.bd","213945","False",
"2_fpga\0_diaplay_test\proj\display_test_zynq7020_school\display_test_zynq7020_school.gen\sources_1\bd\display_test\ip\display_test_axi_smc_0\sim\display_test_axi_smc_0.sv","17184","False",
"2_fpga\0_diaplay_test\proj\display_test_zynq7020_school\display_test_zynq7020_school.gen\sources_1\bd\display_test\ip\display_test_axi_smc_0\synth\display_test_axi_smc_0.v","17499","False",
"2_fpga\0_diaplay_test\proj\display_test_zynq7020_school\display_test_zynq7020_school.gen\sources_1\bd\display_test\ip\display_test_axi_smc_0\display_test_axi_smc_0_sim_netlist.v","2907592","False",
"2_fpga\0_diaplay_test\proj\display_test_zynq7020_school\display_test_zynq7020_school.gen\sources_1\bd\display_test\ip\display_test_axi_smc_0\display_test_axi_smc_0_stub.v","14521","False",
"2_fpga\0_diaplay_test\proj\display_test_zynq7020_school\display_test_zynq7020_school.gen\sources_1\bd\display_test\ip\display_test_axi_smc_0\ooc.xdc","227","False",
"2_fpga\0_diaplay_test\proj\display_test_zynq7020_school\display_test_zynq7020_school.gen\sources_1\bd\display_test\ip\display_test_axi_smc_0\smartconnect.xdc","57","False",
"2_fpga\0_diaplay_test\proj\display_test_zynq7020_school\display_test_zynq7020_school.gen\sources_1\bd\display_test\ip\display_test_axi_vdma_0_0\display_test_axi_vdma_0_0_clocks.xdc","2314","False",
"2_fpga\0_diaplay_test\proj\display_test_zynq7020_school\display_test_zynq7020_school.gen\sources_1\bd\display_test\ip\display_test_axi_vdma_0_0\display_test_axi_vdma_0_0_ooc.xdc","2820","False",
"2_fpga\0_diaplay_test\proj\display_test_zynq7020_school\display_test_zynq7020_school.gen\sources_1\bd\display_test\ip\display_test_axi_vdma_0_0\display_test_axi_vdma_0_0_sim_netlist.v","3144425","False",
"2_fpga\0_diaplay_test\proj\display_test_zynq7020_school\display_test_zynq7020_school.gen\sources_1\bd\display_test\ip\display_test_axi_vdma_0_0\display_test_axi_vdma_0_0_stub.v","21672","False",
"2_fpga\0_diaplay_test\proj\display_test_zynq7020_school\display_test_zynq7020_school.gen\sources_1\bd\display_test\ip\display_test_axi_vdma_0_0\display_test_axi_vdma_0_0.xdc","11566","False",
"2_fpga\0_diaplay_test\proj\display_test_zynq7020_school\display_test_zynq7020_school.gen\sources_1\bd\display_test\ip\display_test_cam_captrue_data_0_0\sim\display_test_cam_captrue_data_0_0.v","3758","False",
"2_fpga\0_diaplay_test\proj\display_test_zynq7020_school\display_test_zynq7020_school.gen\sources_1\bd\display_test\ip\display_test_cam_captrue_data_0_0\synth\display_test_cam_captrue_data_0_0.v","4133","False",
"2_fpga\0_diaplay_test\proj\display_test_zynq7020_school\display_test_zynq7020_school.gen\sources_1\bd\display_test\ip\display_test_cam_captrue_data_0_0\display_test_cam_captrue_data_0_0_sim_netlist.v","18750","False",
"2_fpga\0_diaplay_test\proj\display_test_zynq7020_school\display_test_zynq7020_school.gen\sources_1\bd\display_test\ip\display_test_cam_captrue_data_0_0\display_test_cam_captrue_data_0_0_stub.v","2930","False",
"2_fpga\0_diaplay_test\proj\display_test_zynq7020_school\display_test_zynq7020_school.gen\sources_1\bd\display_test\ip\display_test_clk_wiz_0_0\display_test_clk_wiz_0_0_board.xdc","60","False",
"2_fpga\0_diaplay_test\proj\display_test_zynq7020_school\display_test_zynq7020_school.gen\sources_1\bd\display_test\ip\display_test_clk_wiz_0_0\display_test_clk_wiz_0_0_clk_wiz.v","7247","False",
"2_fpga\0_diaplay_test\proj\display_test_zynq7020_school\display_test_zynq7020_school.gen\sources_1\bd\display_test\ip\display_test_clk_wiz_0_0\display_test_clk_wiz_0_0_ooc.xdc","2482","False",
"2_fpga\0_diaplay_test\proj\display_test_zynq7020_school\display_test_zynq7020_school.gen\sources_1\bd\display_test\ip\display_test_clk_wiz_0_0\display_test_clk_wiz_0_0_sim_netlist.v","7001","False",
"2_fpga\0_diaplay_test\proj\display_test_zynq7020_school\display_test_zynq7020_school.gen\sources_1\bd\display_test\ip\display_test_clk_wiz_0_0\display_test_clk_wiz_0_0_stub.v","2244","False",
"2_fpga\0_diaplay_test\proj\display_test_zynq7020_school\display_test_zynq7020_school.gen\sources_1\bd\display_test\ip\display_test_clk_wiz_0_0\display_test_clk_wiz_0_0.v","4350","False",
"2_fpga\0_diaplay_test\proj\display_test_zynq7020_school\display_test_zynq7020_school.gen\sources_1\bd\display_test\ip\display_test_clk_wiz_0_0\display_test_clk_wiz_0_0.xdc","2713","False",
"2_fpga\0_diaplay_test\proj\display_test_zynq7020_school\display_test_zynq7020_school.gen\sources_1\bd\display_test\ip\display_test_control_const_one_0\sim\display_test_control_const_one_0_stub.sv","3065","False",
"2_fpga\0_diaplay_test\proj\display_test_zynq7020_school\display_test_zynq7020_school.gen\sources_1\bd\display_test\ip\display_test_control_const_one_0\sim\display_test_control_const_one_0.h","2645","False",
"2_fpga\0_diaplay_test\proj\display_test_zynq7020_school\display_test_zynq7020_school.gen\sources_1\bd\display_test\ip\display_test_control_const_one_0\sim\display_test_control_const_one_0.v","2621","False",
"2_fpga\0_diaplay_test\proj\display_test_zynq7020_school\display_test_zynq7020_school.gen\sources_1\bd\display_test\ip\display_test_control_const_one_0\sim\xlconstant_v1_1_10.h","2620","False",
"2_fpga\0_diaplay_test\proj\display_test_zynq7020_school\display_test_zynq7020_school.gen\sources_1\bd\display_test\ip\display_test_control_const_one_0\synth\display_test_control_const_one_0.v","3048","False",
"2_fpga\0_diaplay_test\proj\display_test_zynq7020_school\display_test_zynq7020_school.gen\sources_1\bd\display_test\ip\display_test_control_const_zero_0\sim\display_test_control_const_zero_0_stub.sv","3067","False",
"2_fpga\0_diaplay_test\proj\display_test_zynq7020_school\display_test_zynq7020_school.gen\sources_1\bd\display_test\ip\display_test_control_const_zero_0\sim\display_test_control_const_zero_0.h","2649","False",
"2_fpga\0_diaplay_test\proj\display_test_zynq7020_school\display_test_zynq7020_school.gen\sources_1\bd\display_test\ip\display_test_control_const_zero_0\sim\display_test_control_const_zero_0.v","2622","False",
"2_fpga\0_diaplay_test\proj\display_test_zynq7020_school\display_test_zynq7020_school.gen\sources_1\bd\display_test\ip\display_test_control_const_zero_0\sim\xlconstant_v1_1_10.h","2620","False",
"2_fpga\0_diaplay_test\proj\display_test_zynq7020_school\display_test_zynq7020_school.gen\sources_1\bd\display_test\ip\display_test_control_const_zero_0\synth\display_test_control_const_zero_0.v","3051","False",
"2_fpga\0_diaplay_test\proj\display_test_zynq7020_school\display_test_zynq7020_school.gen\sources_1\bd\display_test\ip\display_test_hdmi_out_adv7511_v1_0_0_0\sim\display_test_hdmi_out_adv7511_v1_0_0_0.v","4182","False",
"2_fpga\0_diaplay_test\proj\display_test_zynq7020_school\display_test_zynq7020_school.gen\sources_1\bd\display_test\ip\display_test_hdmi_out_adv7511_v1_0_0_0\synth\display_test_hdmi_out_adv7511_v1_0_0_0.v","4641","False",
"2_fpga\0_diaplay_test\proj\display_test_zynq7020_school\display_test_zynq7020_school.gen\sources_1\bd\display_test\ip\display_test_hdmi_out_adv7511_v1_0_0_0\display_test_hdmi_out_adv7511_v1_0_0_0_sim_netlist.v","281417","False",
"2_fpga\0_diaplay_test\proj\display_test_zynq7020_school\display_test_zynq7020_school.gen\sources_1\bd\display_test\ip\display_test_hdmi_out_adv7511_v1_0_0_0\display_test_hdmi_out_adv7511_v1_0_0_0_stub.v","3261","False",
"2_fpga\0_diaplay_test\proj\display_test_zynq7020_school\display_test_zynq7020_school.gen\sources_1\bd\display_test\ip\display_test_ov5640_cfg_top_0_0\sim\display_test_ov5640_cfg_top_0_0.v","3812","False",
"2_fpga\0_diaplay_test\proj\display_test_zynq7020_school\display_test_zynq7020_school.gen\sources_1\bd\display_test\ip\display_test_ov5640_cfg_top_0_0\synth\display_test_ov5640_cfg_top_0_0.v","4288","False",
"2_fpga\0_diaplay_test\proj\display_test_zynq7020_school\display_test_zynq7020_school.gen\sources_1\bd\display_test\ip\display_test_ov5640_cfg_top_0_0\display_test_ov5640_cfg_top_0_0_sim_netlist.v","60625","False",
"2_fpga\0_diaplay_test\proj\display_test_zynq7020_school\display_test_zynq7020_school.gen\sources_1\bd\display_test\ip\display_test_ov5640_cfg_top_0_0\display_test_ov5640_cfg_top_0_0_stub.v","2964","False",
"2_fpga\0_diaplay_test\proj\display_test_zynq7020_school\display_test_zynq7020_school.gen\sources_1\bd\display_test\ip\display_test_pix_frame_display_0_0\sim\display_test_pix_frame_display_0_0.v","3902","False",
"2_fpga\0_diaplay_test\proj\display_test_zynq7020_school\display_test_zynq7020_school.gen\sources_1\bd\display_test\ip\display_test_pix_frame_display_0_0\synth\display_test_pix_frame_display_0_0.v","4317","False",
"2_fpga\0_diaplay_test\proj\display_test_zynq7020_school\display_test_zynq7020_school.gen\sources_1\bd\display_test\ip\display_test_pix_frame_display_0_0\display_test_pix_frame_display_0_0_sim_netlist.v","49114","False",
"2_fpga\0_diaplay_test\proj\display_test_zynq7020_school\display_test_zynq7020_school.gen\sources_1\bd\display_test\ip\display_test_pix_frame_display_0_0\display_test_pix_frame_display_0_0_stub.v","2961","False",
"2_fpga\0_diaplay_test\proj\display_test_zynq7020_school\display_test_zynq7020_school.gen\sources_1\bd\display_test\ip\display_test_processing_system7_0_0\hdl\verilog\processing_system7_v5_5_processing_system7.v","165312","False",
"2_fpga\0_diaplay_test\proj\display_test_zynq7020_school\display_test_zynq7020_school.gen\sources_1\bd\display_test\ip\display_test_processing_system7_0_0\sim\display_test_processing_system7_0_0_sc.h","3681","False",
"2_fpga\0_diaplay_test\proj\display_test_zynq7020_school\display_test_zynq7020_school.gen\sources_1\bd\display_test\ip\display_test_processing_system7_0_0\sim\display_test_processing_system7_0_0_stub.sv","16556","False",
"2_fpga\0_diaplay_test\proj\display_test_zynq7020_school\display_test_zynq7020_school.gen\sources_1\bd\display_test\ip\display_test_processing_system7_0_0\sim\display_test_processing_system7_0_0.h","53983","False",
"2_fpga\0_diaplay_test\proj\display_test_zynq7020_school\display_test_zynq7020_school.gen\sources_1\bd\display_test\ip\display_test_processing_system7_0_0\sim\display_test_processing_system7_0_0.sv","53421","False",
"2_fpga\0_diaplay_test\proj\display_test_zynq7020_school\display_test_zynq7020_school.gen\sources_1\bd\display_test\ip\display_test_processing_system7_0_0\sim\display_test_processing_system7_0_0.v","21534","False",
"2_fpga\0_diaplay_test\proj\display_test_zynq7020_school\display_test_zynq7020_school.gen\sources_1\bd\display_test\ip\display_test_processing_system7_0_0\sim_tlm\b_transport_converter.h","6799","False",
"2_fpga\0_diaplay_test\proj\display_test_zynq7020_school\display_test_zynq7020_school.gen\sources_1\bd\display_test\ip\display_test_processing_system7_0_0\sim_tlm\processing_system7_v5_5_tlm.h","11472","False",
"2_fpga\0_diaplay_test\proj\display_test_zynq7020_school\display_test_zynq7020_school.gen\sources_1\bd\display_test\ip\display_test_processing_system7_0_0\sim_tlm\xilinx-zynq.h","3526","False",
"2_fpga\0_diaplay_test\proj\display_test_zynq7020_school\display_test_zynq7020_school.gen\sources_1\bd\display_test\ip\display_test_processing_system7_0_0\synth\display_test_processing_system7_0_0.v","48474","False",
"2_fpga\0_diaplay_test\proj\display_test_zynq7020_school\display_test_zynq7020_school.gen\sources_1\bd\display_test\ip\display_test_processing_system7_0_0\display_test_processing_system7_0_0_sim_netlist.v","230321","False",
"2_fpga\0_diaplay_test\proj\display_test_zynq7020_school\display_test_zynq7020_school.gen\sources_1\bd\display_test\ip\display_test_processing_system7_0_0\display_test_processing_system7_0_0_stub.v","29048","False",
"2_fpga\0_diaplay_test\proj\display_test_zynq7020_school\display_test_zynq7020_school.gen\sources_1\bd\display_test\ip\display_test_processing_system7_0_0\display_test_processing_system7_0_0.xdc","35408","False",
"2_fpga\0_diaplay_test\proj\display_test_zynq7020_school\display_test_zynq7020_school.gen\sources_1\bd\display_test\ip\display_test_processing_system7_0_0\ps7_init_gpl.c","542002","False",
"2_fpga\0_diaplay_test\proj\display_test_zynq7020_school\display_test_zynq7020_school.gen\sources_1\bd\display_test\ip\display_test_processing_system7_0_0\ps7_init_gpl.h","4412","False",
"2_fpga\0_diaplay_test\proj\display_test_zynq7020_school\display_test_zynq7020_school.gen\sources_1\bd\display_test\ip\display_test_processing_system7_0_0\ps7_init.c","541385","False",
"2_fpga\0_diaplay_test\proj\display_test_zynq7020_school\display_test_zynq7020_school.gen\sources_1\bd\display_test\ip\display_test_processing_system7_0_0\ps7_init.h","3794","False",
"2_fpga\0_diaplay_test\proj\display_test_zynq7020_school\display_test_zynq7020_school.gen\sources_1\bd\display_test\ip\display_test_processing_system7_0_0\ps7_init.tcl","35627","False",
"2_fpga\0_diaplay_test\proj\display_test_zynq7020_school\display_test_zynq7020_school.gen\sources_1\bd\display_test\ip\display_test_rst_ps7_0_50M_0\display_test_rst_ps7_0_50M_0_board.xdc","60","False",
"2_fpga\0_diaplay_test\proj\display_test_zynq7020_school\display_test_zynq7020_school.gen\sources_1\bd\display_test\ip\display_test_rst_ps7_0_50M_0\display_test_rst_ps7_0_50M_0_ooc.xdc","2518","False",
"2_fpga\0_diaplay_test\proj\display_test_zynq7020_school\display_test_zynq7020_school.gen\sources_1\bd\display_test\ip\display_test_rst_ps7_0_50M_0\display_test_rst_ps7_0_50M_0_sim_netlist.v","25060","False",
"2_fpga\0_diaplay_test\proj\display_test_zynq7020_school\display_test_zynq7020_school.gen\sources_1\bd\display_test\ip\display_test_rst_ps7_0_50M_0\display_test_rst_ps7_0_50M_0_stub.v","4889","False",
"2_fpga\0_diaplay_test\proj\display_test_zynq7020_school\display_test_zynq7020_school.gen\sources_1\bd\display_test\ip\display_test_util_vector_logic_0_0\sim\display_test_util_vector_logic_0_0.v","2698","False",
"2_fpga\0_diaplay_test\proj\display_test_zynq7020_school\display_test_zynq7020_school.gen\sources_1\bd\display_test\ip\display_test_util_vector_logic_0_0\synth\display_test_util_vector_logic_0_0.v","3171","False",
"2_fpga\0_diaplay_test\proj\display_test_zynq7020_school\display_test_zynq7020_school.gen\sources_1\bd\display_test\ip\display_test_util_vector_logic_0_0\display_test_util_vector_logic_0_0_sim_netlist.v","3238","False",
"2_fpga\0_diaplay_test\proj\display_test_zynq7020_school\display_test_zynq7020_school.gen\sources_1\bd\display_test\ip\display_test_util_vector_logic_0_0\display_test_util_vector_logic_0_0_stub.v","1956","False",
"2_fpga\0_diaplay_test\proj\display_test_zynq7020_school\display_test_zynq7020_school.gen\sources_1\bd\display_test\ip\display_test_v_axi4s_vid_out_0_0\sim\display_test_v_axi4s_vid_out_0_0.v","8921","False",
"2_fpga\0_diaplay_test\proj\display_test_zynq7020_school\display_test_zynq7020_school.gen\sources_1\bd\display_test\ip\display_test_v_axi4s_vid_out_0_0\synth\display_test_v_axi4s_vid_out_0_0.v","9677","False",
"2_fpga\0_diaplay_test\proj\display_test_zynq7020_school\display_test_zynq7020_school.gen\sources_1\bd\display_test\ip\display_test_v_axi4s_vid_out_0_0\display_test_v_axi4s_vid_out_0_0_clocks.xdc","25","False",
"2_fpga\0_diaplay_test\proj\display_test_zynq7020_school\display_test_zynq7020_school.gen\sources_1\bd\display_test\ip\display_test_v_axi4s_vid_out_0_0\display_test_v_axi4s_vid_out_0_0_ooc.xdc","2567","False",
"2_fpga\0_diaplay_test\proj\display_test_zynq7020_school\display_test_zynq7020_school.gen\sources_1\bd\display_test\ip\display_test_v_axi4s_vid_out_0_0\display_test_v_axi4s_vid_out_0_0_sim_netlist.v","509428","False",
"2_fpga\0_diaplay_test\proj\display_test_zynq7020_school\display_test_zynq7020_school.gen\sources_1\bd\display_test\ip\display_test_v_axi4s_vid_out_0_0\display_test_v_axi4s_vid_out_0_0_stub.v","7146","False",
"2_fpga\0_diaplay_test\proj\display_test_zynq7020_school\display_test_zynq7020_school.gen\sources_1\bd\display_test\ip\display_test_v_tc_0_0\display_test_v_tc_0_0_clocks.xdc","2","False",
"2_fpga\0_diaplay_test\proj\display_test_zynq7020_school\display_test_zynq7020_school.gen\sources_1\bd\display_test\ip\display_test_v_tc_0_0\display_test_v_tc_0_0_ooc.xdc","2492","False",
"2_fpga\0_diaplay_test\proj\display_test_zynq7020_school\display_test_zynq7020_school.gen\sources_1\bd\display_test\ip\display_test_v_tc_0_0\display_test_v_tc_0_0_sim_netlist.v","399484","False",
"2_fpga\0_diaplay_test\proj\display_test_zynq7020_school\display_test_zynq7020_school.gen\sources_1\bd\display_test\ip\display_test_v_tc_0_0\display_test_v_tc_0_0_stub.v","5153","False",
"2_fpga\0_diaplay_test\proj\display_test_zynq7020_school\display_test_zynq7020_school.gen\sources_1\bd\display_test\ip\display_test_v_vid_in_axi4s_0_0\sim\display_test_v_vid_in_axi4s_0_0.v","12123","False",
"2_fpga\0_diaplay_test\proj\display_test_zynq7020_school\display_test_zynq7020_school.gen\sources_1\bd\display_test\ip\display_test_v_vid_in_axi4s_0_0\synth\display_test_v_vid_in_axi4s_0_0.v","12797","False",
"2_fpga\0_diaplay_test\proj\display_test_zynq7020_school\display_test_zynq7020_school.gen\sources_1\bd\display_test\ip\display_test_v_vid_in_axi4s_0_0\display_test_v_vid_in_axi4s_0_0_clocks.xdc","25","False",
"2_fpga\0_diaplay_test\proj\display_test_zynq7020_school\display_test_zynq7020_school.gen\sources_1\bd\display_test\ip\display_test_v_vid_in_axi4s_0_0\display_test_v_vid_in_axi4s_0_0_ooc.xdc","2565","False",
"2_fpga\0_diaplay_test\proj\display_test_zynq7020_school\display_test_zynq7020_school.gen\sources_1\bd\display_test\ip\display_test_v_vid_in_axi4s_0_0\display_test_v_vid_in_axi4s_0_0_sim_netlist.v","447152","False",
"2_fpga\0_diaplay_test\proj\display_test_zynq7020_school\display_test_zynq7020_school.gen\sources_1\bd\display_test\ip\display_test_v_vid_in_axi4s_0_0\display_test_v_vid_in_axi4s_0_0_stub.v","10583","False",
"2_fpga\0_diaplay_test\proj\display_test_zynq7020_school\display_test_zynq7020_school.gen\sources_1\bd\display_test\ip\display_test_xlconstant_0_0\sim\display_test_xlconstant_0_0_stub.sv","3055","False",
"2_fpga\0_diaplay_test\proj\display_test_zynq7020_school\display_test_zynq7020_school.gen\sources_1\bd\display_test\ip\display_test_xlconstant_0_0\sim\display_test_xlconstant_0_0.h","2625","False",
"2_fpga\0_diaplay_test\proj\display_test_zynq7020_school\display_test_zynq7020_school.gen\sources_1\bd\display_test\ip\display_test_xlconstant_0_0\sim\display_test_xlconstant_0_0.v","2616","False",
"2_fpga\0_diaplay_test\proj\display_test_zynq7020_school\display_test_zynq7020_school.gen\sources_1\bd\display_test\ip\display_test_xlconstant_0_0\sim\xlconstant_v1_1_10.h","2620","False",
"2_fpga\0_diaplay_test\proj\display_test_zynq7020_school\display_test_zynq7020_school.gen\sources_1\bd\display_test\ip\display_test_xlconstant_0_0\synth\display_test_xlconstant_0_0.v","3033","False",
"2_fpga\0_diaplay_test\proj\display_test_zynq7020_school\display_test_zynq7020_school.gen\sources_1\bd\display_test\ipshared\00fe\hdl\sc_node_v1_0_vl_rfs.sv","248233","False",
"2_fpga\0_diaplay_test\proj\display_test_zynq7020_school\display_test_zynq7020_school.gen\sources_1\bd\display_test\ipshared\0848\hdl\sc_switchboard_v1_0_vl_rfs.sv","17628","False",
"2_fpga\0_diaplay_test\proj\display_test_zynq7020_school\display_test_zynq7020_school.gen\sources_1\bd\display_test\ipshared\0c28\hdl\generic_baseblocks_v2_1_vl_rfs.v","109253","False",
"2_fpga\0_diaplay_test\proj\display_test_zynq7020_school\display_test_zynq7020_school.gen\sources_1\bd\display_test\ipshared\3051\hdl\sc_si_converter_v1_0_vl_rfs.sv","427846","False",
"2_fpga\0_diaplay_test\proj\display_test_zynq7020_school\display_test_zynq7020_school.gen\sources_1\bd\display_test\ipshared\3d9a\hdl\sc_mmu_v1_0_vl_rfs.sv","111695","False",
"2_fpga\0_diaplay_test\proj\display_test_zynq7020_school\display_test_zynq7020_school.gen\sources_1\bd\display_test\ipshared\4705\hdl\v_vid_in_axi4s_v4_0_vl_rfs.v","93120","False",
"2_fpga\0_diaplay_test\proj\display_test_zynq7020_school\display_test_zynq7020_school.gen\sources_1\bd\display_test\ipshared\4b52\hdl\verilog\processing_system7_v5_5_atc.v","17746","False",
"2_fpga\0_diaplay_test\proj\display_test_zynq7020_school\display_test_zynq7020_school.gen\sources_1\bd\display_test\ipshared\4b52\hdl\verilog\processing_system7_v5_5_aw_atc.v","11995","False",
"2_fpga\0_diaplay_test\proj\display_test_zynq7020_school\display_test_zynq7020_school.gen\sources_1\bd\display_test\ipshared\4b52\hdl\verilog\processing_system7_v5_5_b_atc.v","14642","False",
"2_fpga\0_diaplay_test\proj\display_test_zynq7020_school\display_test_zynq7020_school.gen\sources_1\bd\display_test\ipshared\4b52\hdl\verilog\processing_system7_v5_5_trace_buffer.v","8668","False",
"2_fpga\0_diaplay_test\proj\display_test_zynq7020_school\display_test_zynq7020_school.gen\sources_1\bd\display_test\ipshared\4b52\hdl\verilog\processing_system7_v5_5_w_atc.v","9582","False",
"2_fpga\0_diaplay_test\proj\display_test_zynq7020_school\display_test_zynq7020_school.gen\sources_1\bd\display_test\ipshared\7785\hdl\sc_transaction_regulator_v1_0_vl_rfs.sv","86386","False",
"2_fpga\0_diaplay_test\proj\display_test_zynq7020_school\display_test_zynq7020_school.gen\sources_1\bd\display_test\ipshared\7e8c\hdl\axi_vdma_v6_3_rfs.v","89149","False",
"2_fpga\0_diaplay_test\proj\display_test_zynq7020_school\display_test_zynq7020_school.gen\sources_1\bd\display_test\ipshared\852f\hdl\sc_axi2sc_v1_0_vl_rfs.sv","27096","False",
"2_fpga\0_diaplay_test\proj\display_test_zynq7020_school\display_test_zynq7020_school.gen\sources_1\bd\display_test\ipshared\9a25\hdl\processing_system7_vip_v1_0_24_apis.v","40744","False",
"2_fpga\0_diaplay_test\proj\display_test_zynq7020_school\display_test_zynq7020_school.gen\sources_1\bd\display_test\ipshared\9a25\hdl\processing_system7_vip_v1_0_24_axi_acp.v","3921","False",
"2_fpga\0_diaplay_test\proj\display_test_zynq7020_school\display_test_zynq7020_school.gen\sources_1\bd\display_test\ipshared\9a25\hdl\processing_system7_vip_v1_0_24_axi_gp.v","12797","False",
"2_fpga\0_diaplay_test\proj\display_test_zynq7020_school\display_test_zynq7020_school.gen\sources_1\bd\display_test\ipshared\9a25\hdl\processing_system7_vip_v1_0_24_axi_hp.v","14980","False",
"2_fpga\0_diaplay_test\proj\display_test_zynq7020_school\display_test_zynq7020_school.gen\sources_1\bd\display_test\ipshared\9a25\hdl\processing_system7_vip_v1_0_24_local_params.v","9967","False",
"2_fpga\0_diaplay_test\proj\display_test_zynq7020_school\display_test_zynq7020_school.gen\sources_1\bd\display_test\ipshared\9a25\hdl\processing_system7_vip_v1_0_24_reg_init.v","178764","False",
"2_fpga\0_diaplay_test\proj\display_test_zynq7020_school\display_test_zynq7020_school.gen\sources_1\bd\display_test\ipshared\9a25\hdl\processing_system7_vip_v1_0_24_reg_params.v","397488","False",
"2_fpga\0_diaplay_test\proj\display_test_zynq7020_school\display_test_zynq7020_school.gen\sources_1\bd\display_test\ipshared\9a25\hdl\processing_system7_vip_v1_0_24_unused_ports.v","12829","False",
"2_fpga\0_diaplay_test\proj\display_test_zynq7020_school\display_test_zynq7020_school.gen\sources_1\bd\display_test\ipshared\9a25\hdl\processing_system7_vip_v1_0_vl_rfs.sv","465892","False",
"2_fpga\0_diaplay_test\proj\display_test_zynq7020_school\display_test_zynq7020_school.gen\sources_1\bd\display_test\ipshared\a165\hdl\xlconstant_v1_1_vl_rfs.v","3177","False",
"2_fpga\0_diaplay_test\proj\display_test_zynq7020_school\display_test_zynq7020_school.gen\sources_1\bd\display_test\ipshared\b16a\hdl\axi_vip_v1_1_vl_rfs.sv","31032","False",
"2_fpga\0_diaplay_test\proj\display_test_zynq7020_school\display_test_zynq7020_school.gen\sources_1\bd\display_test\ipshared\bc4b\hdl\axi_register_slice_v2_1_vl_rfs.v","174589","False",
"2_fpga\0_diaplay_test\proj\display_test_zynq7020_school\display_test_zynq7020_school.gen\sources_1\bd\display_test\ipshared\cb42\hdl\sc_ultralite_v1_0_rfs.sv","648155","False",
"2_fpga\0_diaplay_test\proj\display_test_zynq7020_school\display_test_zynq7020_school.gen\sources_1\bd\display_test\ipshared\d1ca\hdl\v_axi4s_vid_out_v4_0_vl_rfs.v","122842","False",
"2_fpga\0_diaplay_test\proj\display_test_zynq7020_school\display_test_zynq7020_school.gen\sources_1\bd\display_test\ipshared\d654\hdl\fifo_generator_v13_2_rfs.v","598519","False",
"2_fpga\0_diaplay_test\proj\display_test_zynq7020_school\display_test_zynq7020_school.gen\sources_1\bd\display_test\ipshared\d654\simulation\fifo_generator_vlog_beh.v","452373","False",
"2_fpga\0_diaplay_test\proj\display_test_zynq7020_school\display_test_zynq7020_school.gen\sources_1\bd\display_test\ipshared\d98a\hdl\axi_protocol_converter_v2_1_vl_rfs.v","246013","False",
"2_fpga\0_diaplay_test\proj\display_test_zynq7020_school\display_test_zynq7020_school.gen\sources_1\bd\display_test\ipshared\e056\hdl\util_vector_logic_v2_0_vl_rfs.v","5636","False",
"2_fpga\0_diaplay_test\proj\display_test_zynq7020_school\display_test_zynq7020_school.gen\sources_1\bd\display_test\ipshared\e44a\hdl\sc_exit_v1_0_vl_rfs.sv","420668","False",
"2_fpga\0_diaplay_test\proj\display_test_zynq7020_school\display_test_zynq7020_school.gen\sources_1\bd\display_test\ipshared\ec67\hdl\axi_infrastructure_v1_1_vl_rfs.v","29851","False",
"2_fpga\0_diaplay_test\proj\display_test_zynq7020_school\display_test_zynq7020_school.gen\sources_1\bd\display_test\ipshared\ece2\hdl\v_vid_in_axi4s_v5_0_vl_rfs.v","103805","False",
"2_fpga\0_diaplay_test\proj\display_test_zynq7020_school\display_test_zynq7020_school.gen\sources_1\bd\display_test\ipshared\f084\hdl\axi_crossbar_v2_1_vl_rfs.v","309459","False",
"2_fpga\0_diaplay_test\proj\display_test_zynq7020_school\display_test_zynq7020_school.gen\sources_1\bd\display_test\ipshared\f0b6\hdl\sc_util_v1_0_vl_rfs.sv","286036","False",
"2_fpga\0_diaplay_test\proj\display_test_zynq7020_school\display_test_zynq7020_school.gen\sources_1\bd\display_test\ipshared\fb46\hdl\axi_data_fifo_v2_1_vl_rfs.v","72204","False",
"2_fpga\0_diaplay_test\proj\display_test_zynq7020_school\display_test_zynq7020_school.gen\sources_1\bd\display_test\ipshared\fca9\hdl\sc_sc2axi_v1_0_vl_rfs.sv","27076","False",
"2_fpga\0_diaplay_test\proj\display_test_zynq7020_school\display_test_zynq7020_school.gen\sources_1\bd\display_test\sim\display_test.v","93480","False",
"2_fpga\0_diaplay_test\proj\display_test_zynq7020_school\display_test_zynq7020_school.gen\sources_1\bd\display_test\synth\display_test.v","93480","False",
"2_fpga\0_diaplay_test\proj\display_test_zynq7020_school\display_test_zynq7020_school.gen\sources_1\bd\display_test\display_test_ooc.xdc","715","False",
"2_fpga\0_diaplay_test\proj\display_test_zynq7020_school\display_test_zynq7020_school.gen\sources_1\bd\display_test\display_test_sv.sv","6333","False",
"2_fpga\0_diaplay_test\proj\display_test_zynq7020_school\display_test_zynq7020_school.gen\sources_1\bd\mref\cam_captrue_data\xgui\cam_captrue_data_v1_0.tcl","205","False",
"2_fpga\0_diaplay_test\proj\display_test_zynq7020_school\display_test_zynq7020_school.gen\sources_1\bd\mref\hdmi_out_adv7511_v1_0\xgui\hdmi_out_adv7511_v1_0_v1_0.tcl","2315","False",
"2_fpga\0_diaplay_test\proj\display_test_zynq7020_school\display_test_zynq7020_school.gen\sources_1\bd\mref\ov5640_cfg_top\xgui\ov5640_cfg_top_v1_0.tcl","4743","False",
"2_fpga\0_diaplay_test\proj\display_test_zynq7020_school\display_test_zynq7020_school.gen\sources_1\bd\mref\pix_frame_display\xgui\pix_frame_display_v1_0.tcl","2087","False",
"2_fpga\0_diaplay_test\proj\display_test_zynq7020_school\display_test_zynq7020_school.gen\sources_1\bd\mref\video_axi_action_uart_top\xgui\video_axi_action_uart_top_v1_0.tcl","205","False",
"2_fpga\0_diaplay_test\proj\display_test_zynq7020_school\display_test_zynq7020_school.runs\display_test_axi_action_0_0_synth_1\display_test_axi_action_0_0.tcl","9668","False",
"2_fpga\0_diaplay_test\proj\display_test_zynq7020_school\display_test_zynq7020_school.runs\display_test_axi_mem_intercon_imp_xbar_0_synth_1\display_test_axi_mem_intercon_imp_xbar_0.tcl","15791","False",
"2_fpga\0_diaplay_test\proj\display_test_zynq7020_school\display_test_zynq7020_school.runs\display_test_axi_mem_intercon_imp_xbar_0_synth_1\dont_touch.xdc","1759","False",
"2_fpga\0_diaplay_test\proj\display_test_zynq7020_school\display_test_zynq7020_school.runs\display_test_axi_vdma_0_0_synth_1\.Xil\display_test_axi_vdma_0_0_propImpl.xdc","11433","False",
"2_fpga\0_diaplay_test\proj\display_test_zynq7020_school\display_test_zynq7020_school.runs\display_test_axi_vdma_0_0_synth_1\display_test_axi_vdma_0_0.tcl","15276","False",
"2_fpga\0_diaplay_test\proj\display_test_zynq7020_school\display_test_zynq7020_school.runs\display_test_axi_vdma_0_0_synth_1\dont_touch.xdc","3237","False",
"2_fpga\0_diaplay_test\proj\display_test_zynq7020_school\display_test_zynq7020_school.runs\display_test_cam_captrue_data_0_0_synth_1\display_test_cam_captrue_data_0_0.tcl","9509","False",
"2_fpga\0_diaplay_test\proj\display_test_zynq7020_school\display_test_zynq7020_school.runs\display_test_hdmi_out_adv7511_v1_0_0_0_synth_1\display_test_hdmi_out_adv7511_v1_0_0_0.tcl","10153","False",
"2_fpga\0_diaplay_test\proj\display_test_zynq7020_school\display_test_zynq7020_school.runs\display_test_ov5640_cfg_top_0_0_synth_1\display_test_ov5640_cfg_top_0_0.tcl","9582","False",
"2_fpga\0_diaplay_test\proj\display_test_zynq7020_school\display_test_zynq7020_school.runs\display_test_pix_frame_display_0_0_synth_1\display_test_pix_frame_display_0_0.tcl","9540","False",
"2_fpga\0_diaplay_test\proj\display_test_zynq7020_school\display_test_zynq7020_school.runs\display_test_processing_system7_0_0_synth_1\.Xil\display_test_processing_system7_0_0_propImpl.xdc","21773","False",
"2_fpga\0_diaplay_test\proj\display_test_zynq7020_school\display_test_zynq7020_school.runs\display_test_processing_system7_0_0_synth_1\display_test_processing_system7_0_0.tcl","9680","False",
"2_fpga\0_diaplay_test\proj\display_test_zynq7020_school\display_test_zynq7020_school.runs\display_test_processing_system7_0_0_synth_1\dont_touch.xdc","1691","False",
"2_fpga\0_diaplay_test\proj\display_test_zynq7020_school\display_test_zynq7020_school.runs\display_test_rst_ps7_0_50M_0_synth_1\.Xil\display_test_rst_ps7_0_50M_0_propImpl.xdc","0","False",
"2_fpga\0_diaplay_test\proj\display_test_zynq7020_school\display_test_zynq7020_school.runs\display_test_rst_ps7_0_50M_0_synth_1\display_test_rst_ps7_0_50M_0.tcl","15236","False",
"2_fpga\0_diaplay_test\proj\display_test_zynq7020_school\display_test_zynq7020_school.runs\display_test_rst_ps7_0_50M_0_synth_1\dont_touch.xdc","2465","False",
"2_fpga\0_diaplay_test\proj\display_test_zynq7020_school\display_test_zynq7020_school.runs\display_test_util_vector_logic_0_0_synth_1\display_test_util_vector_logic_0_0.tcl","15017","False",
"2_fpga\0_diaplay_test\proj\display_test_zynq7020_school\display_test_zynq7020_school.runs\display_test_v_axi4s_vid_out_0_0_synth_1\.Xil\display_test_v_axi4s_vid_out_0_0_propImpl.xdc","3646","False",
"2_fpga\0_diaplay_test\proj\display_test_zynq7020_school\display_test_zynq7020_school.runs\display_test_v_axi4s_vid_out_0_0_synth_1\display_test_v_axi4s_vid_out_0_0.tcl","15517","False",
"2_fpga\0_diaplay_test\proj\display_test_zynq7020_school\display_test_zynq7020_school.runs\display_test_v_axi4s_vid_out_0_0_synth_1\dont_touch.xdc","2547","False",
"2_fpga\0_diaplay_test\proj\display_test_zynq7020_school\display_test_zynq7020_school.runs\display_test_v_tc_0_0_synth_1\.Xil\display_test_v_tc_0_0_propImpl.xdc","0","False",
"2_fpga\0_diaplay_test\proj\display_test_zynq7020_school\display_test_zynq7020_school.runs\display_test_v_tc_0_0_synth_1\display_test_v_tc_0_0.tcl","14747","False",
"2_fpga\0_diaplay_test\proj\display_test_zynq7020_school\display_test_zynq7020_school.runs\display_test_v_tc_0_0_synth_1\dont_touch.xdc","2341","False",
"2_fpga\0_diaplay_test\proj\display_test_zynq7020_school\display_test_zynq7020_school.runs\display_test_v_vid_in_axi4s_0_0_synth_1\.Xil\display_test_v_vid_in_axi4s_0_0_propImpl.xdc","3646","False",
"2_fpga\0_diaplay_test\proj\display_test_zynq7020_school\display_test_zynq7020_school.runs\display_test_v_vid_in_axi4s_0_0_synth_1\display_test_v_vid_in_axi4s_0_0.tcl","15447","False",
"2_fpga\0_diaplay_test\proj\display_test_zynq7020_school\display_test_zynq7020_school.runs\display_test_v_vid_in_axi4s_0_0_synth_1\dont_touch.xdc","2529","False",
"2_fpga\0_diaplay_test\proj\display_test_zynq7020_school\display_test_zynq7020_school.runs\impl_1\display_test_wrapper.bit","4045696","False",
"2_fpga\0_diaplay_test\proj\display_test_zynq7020_school\display_test_zynq7020_school.runs\impl_1\display_test_wrapper.tcl","13600","False",
"2_fpga\0_diaplay_test\proj\display_test_zynq7020_school\display_test_zynq7020_school.runs\synth_1\.Xil\display_test_wrapper_propImpl.xdc","8246","False",
"2_fpga\0_diaplay_test\proj\display_test_zynq7020_school\display_test_zynq7020_school.runs\synth_1\display_test_wrapper.tcl","20070","False",
"2_fpga\0_diaplay_test\proj\display_test_zynq7020_school\display_test_zynq7020_school.runs\synth_1\dont_touch.xdc","6250","False",
"2_fpga\0_diaplay_test\proj\display_test_zynq7020_school\display_test_zynq7020_school.srcs\constrs_1\new\pin_zynq7020_cam.xdc","5483","True","5252"
"2_fpga\0_diaplay_test\proj\display_test_zynq7020_school\display_test_zynq7020_school.srcs\sources_1\bd\display_test\ip\display_test_axi_action_0_0\display_test_axi_action_0_0.xci","13627","False",
"2_fpga\0_diaplay_test\proj\display_test_zynq7020_school\display_test_zynq7020_school.srcs\sources_1\bd\display_test\ip\display_test_axi_mem_intercon_0\display_test_axi_mem_intercon_0.xci","35663","True","36015"
"2_fpga\0_diaplay_test\proj\display_test_zynq7020_school\display_test_zynq7020_school.srcs\sources_1\bd\display_test\ip\display_test_axi_mem_intercon_imp_auto_pc_0\display_test_axi_mem_intercon_imp_auto_pc_0.xci","25971","True","26194"
"2_fpga\0_diaplay_test\proj\display_test_zynq7020_school\display_test_zynq7020_school.srcs\sources_1\bd\display_test\ip\display_test_axi_mem_intercon_imp_auto_pc_1\display_test_axi_mem_intercon_imp_auto_pc_1.xci","26802","True","27037"
"2_fpga\0_diaplay_test\proj\display_test_zynq7020_school\display_test_zynq7020_school.srcs\sources_1\bd\display_test\ip\display_test_axi_mem_intercon_imp_xbar_0\display_test_axi_mem_intercon_imp_xbar_0.xci","241244","True","242939"
"2_fpga\0_diaplay_test\proj\display_test_zynq7020_school\display_test_zynq7020_school.srcs\sources_1\bd\display_test\ip\display_test_axi_smc_0\display_test_axi_smc_0.xci","34100","True","26030"
"2_fpga\0_diaplay_test\proj\display_test_zynq7020_school\display_test_zynq7020_school.srcs\sources_1\bd\display_test\ip\display_test_axi_vdma_0_0\display_test_axi_vdma_0_0.xci","139806","True","141764"
"2_fpga\0_diaplay_test\proj\display_test_zynq7020_school\display_test_zynq7020_school.srcs\sources_1\bd\display_test\ip\display_test_cam_captrue_data_0_0\display_test_cam_captrue_data_0_0.xci","5288","True","5374"
"2_fpga\0_diaplay_test\proj\display_test_zynq7020_school\display_test_zynq7020_school.srcs\sources_1\bd\display_test\ip\display_test_clk_wiz_0_0\display_test_clk_wiz_0_0.xci","76375","True","77082"
"2_fpga\0_diaplay_test\proj\display_test_zynq7020_school\display_test_zynq7020_school.srcs\sources_1\bd\display_test\ip\display_test_control_const_one_0\display_test_control_const_one_0.xci","2793","False",
"2_fpga\0_diaplay_test\proj\display_test_zynq7020_school\display_test_zynq7020_school.srcs\sources_1\bd\display_test\ip\display_test_control_const_zero_0\display_test_control_const_zero_0.xci","2798","False",
"2_fpga\0_diaplay_test\proj\display_test_zynq7020_school\display_test_zynq7020_school.srcs\sources_1\bd\display_test\ip\display_test_hdmi_out_adv7511_v1_0_0_0\display_test_hdmi_out_adv7511_v1_0_0_0.xci","7963","True","8077"
"2_fpga\0_diaplay_test\proj\display_test_zynq7020_school\display_test_zynq7020_school.srcs\sources_1\bd\display_test\ip\display_test_ov5640_cfg_top_0_0\display_test_ov5640_cfg_top_0_0.xci","8272","True","8385"
"2_fpga\0_diaplay_test\proj\display_test_zynq7020_school\display_test_zynq7020_school.srcs\sources_1\bd\display_test\ip\display_test_pix_frame_display_0_0\display_test_pix_frame_display_0_0.xci","6114","True","6209"
"2_fpga\0_diaplay_test\proj\display_test_zynq7020_school\display_test_zynq7020_school.srcs\sources_1\bd\display_test\ip\display_test_processing_system7_0_0\display_test_processing_system7_0_0.xci","176875","True","172517"
"2_fpga\0_diaplay_test\proj\display_test_zynq7020_school\display_test_zynq7020_school.srcs\sources_1\bd\display_test\ip\display_test_rst_ps7_0_50M_0\display_test_rst_ps7_0_50M_0.xci","12807","True","13002"
"2_fpga\0_diaplay_test\proj\display_test_zynq7020_school\display_test_zynq7020_school.srcs\sources_1\bd\display_test\ip\display_test_util_vector_logic_0_0\display_test_util_vector_logic_0_0.xci","3029","True","3080"
"2_fpga\0_diaplay_test\proj\display_test_zynq7020_school\display_test_zynq7020_school.srcs\sources_1\bd\display_test\ip\display_test_v_axi4s_vid_out_0_0\display_test_v_axi4s_vid_out_0_0.xci","17486","True","17729"
"2_fpga\0_diaplay_test\proj\display_test_zynq7020_school\display_test_zynq7020_school.srcs\sources_1\bd\display_test\ip\display_test_v_tc_0_0\display_test_v_tc_0_0.xci","26953","True","27240"
"2_fpga\0_diaplay_test\proj\display_test_zynq7020_school\display_test_zynq7020_school.srcs\sources_1\bd\display_test\ip\display_test_v_vid_in_axi4s_0_0\display_test_v_vid_in_axi4s_0_0.xci","20330","True","20568"
"2_fpga\0_diaplay_test\proj\display_test_zynq7020_school\display_test_zynq7020_school.srcs\sources_1\bd\display_test\ip\display_test_xlconstant_0_0\display_test_xlconstant_0_0.xci","2747","True","2796"
"2_fpga\0_diaplay_test\proj\display_test_zynq7020_school\display_test_zynq7020_school.srcs\sources_1\bd\display_test\display_test.bd","124409","True","76815"
"2_fpga\0_diaplay_test\proj\display_test_zynq7020_school\display_test_zynq7020_school.srcs\sources_1\imports\hdl\display_test_wrapper.v","4796","False",
"2_fpga\0_diaplay_test\proj\action_v1_clock_impl.xdc","526","False",
"2_fpga\0_diaplay_test\proj\build_action_v1.tcl","5382","False",
"2_fpga\0_diaplay_test\proj\build_axi_ble.tcl","5036","False",
"2_fpga\0_diaplay_test\proj\integrate_action_v1.tcl","4954","False",
"2_fpga\0_diaplay_test\proj\integrate_axi_ble.tcl","7782","False",
"2_fpga\0_diaplay_test\proj\validate_action_v1.tcl","1405","False",
"2_fpga\0_diaplay_test\pynq\action_hardware_contract.py","5632","False",
"2_fpga\0_diaplay_test\pynq\audit_release.py","1499","False",
"2_fpga\0_diaplay_test\pynq\axi_lite.py","5398","False",
"2_fpga\0_diaplay_test\pynq\camera_action_v1.py","6639","False",
"2_fpga\0_diaplay_test\pynq\camera.py","14488","True","14099"
"2_fpga\0_diaplay_test\pynq\coexist_test.py","4571","False",
"2_fpga\0_diaplay_test\pynq\current.hwh","434604","False",
"2_fpga\0_diaplay_test\pynq\inspect_board.py","1707","True","1707"
"2_fpga\0_diaplay_test\pynq\main_hardware_contract.py","5353","False",
"2_fpga\0_diaplay_test\pynq\mmio_ordered.c","715","False",
"2_fpga\0_diaplay_test\pynq\overlay.bit","4045696","False",
"2_fpga\0_diaplay_test\pynq\overlay.hwh","457912","False",
"2_fpga\0_diaplay_test\pynq\pc_viewer_evidence.py","2762","True","2762"
"2_fpga\0_diaplay_test\pynq\prepare_action_release.py","3437","False",
"2_fpga\0_diaplay_test\pynq\prepare_overlay.py","1714","True","1714"
"2_fpga\0_diaplay_test\pynq\README.md","7483","True","6559"
"2_fpga\0_diaplay_test\pynq\test_action_contract.py","2207","False",
"2_fpga\0_diaplay_test\pynq\test_protocol.py","1971","True","1971"
"2_fpga\0_diaplay_test\release\action_v1_uart_run01\action_driver.py","4152","False",
"2_fpga\0_diaplay_test\release\action_v1_uart_run01\action_hardware_contract.py","5632","False",
"2_fpga\0_diaplay_test\release\action_v1_uart_run01\action_protocol.py","3107","False",
"2_fpga\0_diaplay_test\release\action_v1_uart_run01\action_service.py","4150","False",
"2_fpga\0_diaplay_test\release\action_v1_uart_run01\axilt.py","5370","False",
"2_fpga\0_diaplay_test\release\action_v1_uart_run01\camera_action_v1.py","5805","False",
"2_fpga\0_diaplay_test\release\action_v1_uart_run01\camera.py","14488","False",
"2_fpga\0_diaplay_test\release\action_v1_uart_run01\display_test_axi_action_uart.bit","4045696","False",
"2_fpga\0_diaplay_test\release\action_v1_uart_run01\display_test_axi_action_uart.hwh","454664","False",
"2_fpga\0_diaplay_test\release\action_v1_uart_run01\display_test_axi_action_uart.xsa","628229","False",
"2_fpga\0_diaplay_test\release\action_v1_uart_run01\main_hardware_contract.py","5353","False",
"2_fpga\0_diaplay_test\release\action_v1_uart_run01\mmio_ordered.c","923","False",
"2_fpga\0_diaplay_test\release\action_v1_uart_run02\build_artifacts\display_test_axi_action_uart.xsa","628229","False",
"2_fpga\0_diaplay_test\release\action_v1_uart_run02\action_driver.py","4152","False",
"2_fpga\0_diaplay_test\release\action_v1_uart_run02\action_hardware_contract.py","5632","False",
"2_fpga\0_diaplay_test\release\action_v1_uart_run02\action_protocol.py","3107","False",
"2_fpga\0_diaplay_test\release\action_v1_uart_run02\action_service.py","4150","False",
"2_fpga\0_diaplay_test\release\action_v1_uart_run02\axilt.py","5370","False",
"2_fpga\0_diaplay_test\release\action_v1_uart_run02\camera_action_v1.py","5805","False",
"2_fpga\0_diaplay_test\release\action_v1_uart_run02\camera.py","14488","False",
"2_fpga\0_diaplay_test\release\action_v1_uart_run02\display_test_axi_action_uart.bit","4045696","False",
"2_fpga\0_diaplay_test\release\action_v1_uart_run02\display_test_axi_action_uart.hwh","454664","False",
"2_fpga\0_diaplay_test\release\action_v1_uart_run02\main_hardware_contract.py","5353","False",
"2_fpga\0_diaplay_test\release\action_v1_uart_run02\mmio_ordered.c","923","False",
"2_fpga\0_diaplay_test\release\ees331_vitis_board_pass\app_component.elf","861996","True","861996"
"2_fpga\0_diaplay_test\release\ees331_vitis_board_pass\display_test_wrapper.bit","4045696","True","4045696"
"2_fpga\0_diaplay_test\release\ees331_vitis_board_pass\display_test_wrapper.hwh","434604","True","434604"
"2_fpga\0_diaplay_test\release\ees331_vitis_board_pass\display_test_wrapper.xsa","581338","True","581338"
"2_fpga\0_diaplay_test\release\ees331_vitis_board_pass\fsbl.elf","520476","True","520476"
"2_fpga\0_diaplay_test\release\README.md","607","True","607"
"2_fpga\0_diaplay_test\rtl\control\video_axi_action_uart_top.v","4375","False",
"2_fpga\0_diaplay_test\rtl\control\video_axi_lite_control_top.v","4213","False",
"2_fpga\0_diaplay_test\rtl\data_pre\gray_to_bin.v","1163","True","1163"
"2_fpga\0_diaplay_test\rtl\data_pre\image_downsample.v","3987","True","3987"
"2_fpga\0_diaplay_test\rtl\data_pre\ram_ctrl.v","1947","True","2013"
"2_fpga\0_diaplay_test\rtl\data_pre\vid_to_gary.v","2328","True","2442"
"2_fpga\0_diaplay_test\rtl\fr_display\pix_frame_dispaly.v","3016","True","3144"
"2_fpga\0_diaplay_test\rtl\HDMI\data_gen.v","987","True","1023"
"2_fpga\0_diaplay_test\rtl\HDMI\HDMI_top.v","3217","True","3217"
"2_fpga\0_diaplay_test\rtl\HDMI\par_to_ser.v","4645","True","4645"
"2_fpga\0_diaplay_test\rtl\HDMI\ser_to_diff.v","513","True","513"
"2_fpga\0_diaplay_test\rtl\HDMI\TMDS_encode.v","12065","True","12065"
"2_fpga\0_diaplay_test\rtl\hdmi_new\adv7511_cfg_top.sv","2911","True","2983"
"2_fpga\0_diaplay_test\rtl\hdmi_new\adv7511_controller.sv","3816","True","3939"
"2_fpga\0_diaplay_test\rtl\hdmi_new\adv7511_i2c_init.sv","11025","True","11355"
"2_fpga\0_diaplay_test\rtl\hdmi_new\adv7511_iic_data_xfer.sv","12162","True","12502"
"2_fpga\0_diaplay_test\rtl\hdmi_new\adv7511_init_table.sv","10724","True","10724"
"2_fpga\0_diaplay_test\rtl\hdmi_new\build_hdmi_colorbar_vtc.tcl","1831","True","1874"
"2_fpga\0_diaplay_test\rtl\hdmi_new\hdmi_colorbar_vtc_top.v","10104","True","10398"
"2_fpga\0_diaplay_test\rtl\hdmi_new\hdmi_colorbar_vtc_top.xdc","4048","True","4050"
"2_fpga\0_diaplay_test\rtl\hdmi_new\hdmi_out_adv7511_v1_0.v","3763","True","3872"
"2_fpga\0_diaplay_test\rtl\hdmi_new\hdmi_out_adv7511.v","3654","True","3759"
"2_fpga\0_diaplay_test\rtl\hdmi_new\rgb2ycbcr422.sv","6047","True","6203"
"2_fpga\0_diaplay_test\rtl\hdmi_new\vtc_480p_1ppc.v","2203","True","2269"
"2_fpga\0_diaplay_test\rtl\iic\iic_multi_byte.v","10651","True","10651"
"2_fpga\0_diaplay_test\rtl\iic\iic_protocal.v","10178","True","10510"
"2_fpga\0_diaplay_test\rtl\ov5640_cfg\ov5640_cfg_top.v","3528","True","3528"
"2_fpga\0_diaplay_test\rtl\ov5640_cfg\OV5640_REG.v","12385","True","12713"
"2_fpga\0_diaplay_test\rtl\ov5640_cfg\SCCB.v","8612","True","8612"
"2_fpga\0_diaplay_test\rtl\ov5640_data_cap\cam_cap_data.v","3709","True","3709"
"2_fpga\0_diaplay_test\sim\adv7511_cfg_top_nack_tb.sv","2600","True","2686"
"2_fpga\0_diaplay_test\sim\adv7511_cfg_top_tb.sv","14110","True","14485"
"2_fpga\0_diaplay_test\sim\hdmi_colorbar_vtc_top_mode_tb.sv","6452","True","6646"
"2_fpga\0_diaplay_test\sim\hdmi_colorbar_vtc_top_reset_tb.sv","3869","True","4004"
"2_fpga\0_diaplay_test\sim\hdmi_out_adv7511_tb.sv","12914","True","13280"
"2_fpga\0_diaplay_test\sim\iic_protocal_tb.sv","11402","True","11775"
"2_fpga\0_diaplay_test\sim\oddr_sim_model.sv","1224","True","1270"
"2_fpga\0_diaplay_test\sim\run_axi_lite_wrapper.tcl","1230","False",
"2_fpga\0_diaplay_test\sim\tb_video_axi_lite_control.sv","5962","False",
"2_fpga\0_diaplay_test\vitis\app_component\src\main.c","28639","True","28639"
"2_fpga\0_diaplay_test\vitis\app_component\src\platform_config.h","818","True","818"
"2_fpga\0_diaplay_test\vitis\app_component\src\platform_zynq.c","7290","True","7290"
"2_fpga\0_diaplay_test\vitis\app_component\src\platform.c","6125","True","6125"
"2_fpga\0_diaplay_test\vitis\app_component\src\platform.h","2199","True","2199"
"2_fpga\0_diaplay_test\vitis\app_component\src\udp_echo.c","2502","True","2502"
"2_fpga\0_diaplay_test\vitis\app_component\src\udp_echo.h","944","True","944"
"2_fpga\0_diaplay_test\vitis\app_component\src\udp_video_tx.c","8628","True","8628"
"2_fpga\0_diaplay_test\vitis\app_component\src\udp_video_tx.h","1741","True","1741"
"2_fpga\0_diaplay_test\vitis\display_test_wrapper.xsa","581338","False",
"2_fpga\1_ble_test\proj\ble_test_vivado_2025_2\ble_test_vivado_2025_2.cache\ip\2025.2\0\5\05b16a7df74bd0a6\05b16a7df74bd0a6.xci","398213","False",
"2_fpga\1_ble_test\proj\ble_test_vivado_2025_2\ble_test_vivado_2025_2.cache\ip\2025.2\0\5\05b16a7df74bd0a6\ila_0_sim_netlist.v","4365857","False",
"2_fpga\1_ble_test\proj\ble_test_vivado_2025_2\ble_test_vivado_2025_2.cache\ip\2025.2\0\5\05b16a7df74bd0a6\ila_0_stub.v","61014","False",
"2_fpga\1_ble_test\proj\ble_test_vivado_2025_2\ble_test_vivado_2025_2.cache\ip\2025.2\7\b\7b4b7dd2421206d9\7b4b7dd2421206d9.xci","7243","False",
"2_fpga\1_ble_test\proj\ble_test_vivado_2025_2\ble_test_vivado_2025_2.cache\ip\2025.2\7\b\7b4b7dd2421206d9\dbg_hub_sim_netlist.v","1003001","False",
"2_fpga\1_ble_test\proj\ble_test_vivado_2025_2\ble_test_vivado_2025_2.cache\ip\2025.2\7\b\7b4b7dd2421206d9\dbg_hub_stub.v","2669","False",
"2_fpga\1_ble_test\proj\ble_test_vivado_2025_2\ble_test_vivado_2025_2.gen\sources_1\ip\ila_0\hdl\ila_v6_2_syn_rfs.v","648828","False",
"2_fpga\1_ble_test\proj\ble_test_vivado_2025_2\ble_test_vivado_2025_2.gen\sources_1\ip\ila_0\hdl\ltlib_v1_0_vl_rfs.v","93527","False",
"2_fpga\1_ble_test\proj\ble_test_vivado_2025_2\ble_test_vivado_2025_2.gen\sources_1\ip\ila_0\hdl\xsdbm_v3_0_vl_rfs.v","677812","False",
"2_fpga\1_ble_test\proj\ble_test_vivado_2025_2\ble_test_vivado_2025_2.gen\sources_1\ip\ila_0\hdl\xsdbs_v1_0_vl_rfs.v","40616","False",
"2_fpga\1_ble_test\proj\ble_test_vivado_2025_2\ble_test_vivado_2025_2.gen\sources_1\ip\ila_0\ila_v6_2\constraints\ila_impl.xdc","8928","False",
"2_fpga\1_ble_test\proj\ble_test_vivado_2025_2\ble_test_vivado_2025_2.gen\sources_1\ip\ila_0\ila_v6_2\constraints\ila.xdc","23953","False",
"2_fpga\1_ble_test\proj\ble_test_vivado_2025_2\ble_test_vivado_2025_2.gen\sources_1\ip\ila_0\sim\ila_0.v","2722","False",
"2_fpga\1_ble_test\proj\ble_test_vivado_2025_2\ble_test_vivado_2025_2.gen\sources_1\ip\ila_0\synth\ila_0.v","144415","False",
"2_fpga\1_ble_test\proj\ble_test_vivado_2025_2\ble_test_vivado_2025_2.gen\sources_1\ip\ila_0\ila_0_ooc.xdc","2492","False",
"2_fpga\1_ble_test\proj\ble_test_vivado_2025_2\ble_test_vivado_2025_2.gen\sources_1\ip\ila_0\ila_0_sim_netlist.v","4333750","False",
"2_fpga\1_ble_test\proj\ble_test_vivado_2025_2\ble_test_vivado_2025_2.gen\sources_1\ip\ila_0\ila_0_stub.v","60980","False",
"2_fpga\1_ble_test\proj\ble_test_vivado_2025_2\ble_test_vivado_2025_2.runs\ila_0_synth_1\.Xil\ila_0_propImpl.xdc","1049","False",
"2_fpga\1_ble_test\proj\ble_test_vivado_2025_2\ble_test_vivado_2025_2.runs\ila_0_synth_1\dont_touch.xdc","2585","False",
"2_fpga\1_ble_test\proj\ble_test_vivado_2025_2\ble_test_vivado_2025_2.runs\ila_0_synth_1\ila_0.tcl","13270","False",
"2_fpga\1_ble_test\proj\ble_test_vivado_2025_2\ble_test_vivado_2025_2.runs\impl_1\ble_uart_debug_top.bit","4045694","False",
"2_fpga\1_ble_test\proj\ble_test_vivado_2025_2\ble_test_vivado_2025_2.runs\impl_1\ble_uart_debug_top.tcl","12743","False",
"2_fpga\1_ble_test\proj\ble_test_vivado_2025_2\ble_test_vivado_2025_2.runs\synth_1\.Xil\ble_uart_debug_top_propImpl.xdc","1788","False",
"2_fpga\1_ble_test\proj\ble_test_vivado_2025_2\ble_test_vivado_2025_2.runs\synth_1\ble_uart_debug_top.tcl","5150","False",
"2_fpga\1_ble_test\proj\ble_test_vivado_2025_2\ble_test_vivado_2025_2.srcs\sources_1\ip\ila_0\ila_0.xci","693327","False",
"2_fpga\1_ble_test\proj\ble_uart_debug_vivado_2025_2\ble_uart_debug_vivado_2025_2.runs\impl_1\ble_uart_debug_top.bit","4045694","False",
"2_fpga\1_ble_test\proj\ble_uart_debug_vivado_2025_2\ble_uart_debug_vivado_2025_2.runs\impl_1\ble_uart_debug_top.tcl","12719","False",
"2_fpga\1_ble_test\proj\ble_uart_debug_vivado_2025_2\ble_uart_debug_vivado_2025_2.runs\synth_1\.Xil\ble_uart_debug_top_propImpl.xdc","1788","False",
"2_fpga\1_ble_test\proj\ble_uart_debug_vivado_2025_2\ble_uart_debug_vivado_2025_2.runs\synth_1\ble_uart_debug_top.tcl","4787","False",
"2_fpga\1_ble_test\proj\create_ble_test_project.tcl","4809","True","4809"
"2_fpga\1_ble_test\rtl\ble_at_test_ctrl.v","8591","True","8591"
"2_fpga\1_ble_test\rtl\ble_test_top.v","4238","True","4238"
"2_fpga\1_ble_test\rtl\ble_uart_debug_top.v","5220","True","5220"
"2_fpga\1_ble_test\rtl\ees331_ble_test.xdc","2219","True","2219"
"2_fpga\1_ble_test\rtl\ees331_ble_uart_debug.xdc","1378","True","1378"
"2_fpga\1_ble_test\rtl\uart_rx.v","5554","True","5554"
"2_fpga\1_ble_test\rtl\uart_tx.v","5296","True","5296"
"2_fpga\1_ble_test\sim\run_xsim.ps1","1844","True","1844"
"2_fpga\1_ble_test\sim\tb_ble_test_top.v","7587","True","7587"
"2_fpga\1_ble_test\sim\tb_ble_uart_debug_top.v","8011","True","8011"
"2_fpga\1_ble_test\README.md","4718","True","4718"
"2_fpga\2_axi_lite_test\doc\action_control_abi.md","4720","False",
"2_fpga\2_axi_lite_test\doc\bd_design.md","3008","False",
"2_fpga\2_axi_lite_test\doc\register_abi.md","4377","False",
"2_fpga\2_axi_lite_test\doc\status.md","4446","False",
"2_fpga\2_axi_lite_test\doc\validation.md","5375","False",
"2_fpga\2_axi_lite_test\proj\action_v1\AXI_LITE_test.cache\ip\2025.2\7\6\76d4c5229273824b\76d4c5229273824b.xci","13599","False",
"2_fpga\2_axi_lite_test\proj\action_v1\AXI_LITE_test.cache\ip\2025.2\7\6\76d4c5229273824b\AXI_LITE_test_control_interconnect_0_sim_netlist.v","2003559","False",
"2_fpga\2_axi_lite_test\proj\action_v1\AXI_LITE_test.cache\ip\2025.2\7\6\76d4c5229273824b\AXI_LITE_test_control_interconnect_0_stub.v","11369","False",
"2_fpga\2_axi_lite_test\proj\action_v1\AXI_LITE_test.cache\ip\2025.2\f\b\fb4520e33a2a104f\AXI_LITE_test_control_reset_0_sim_netlist.v","24983","False",
"2_fpga\2_axi_lite_test\proj\action_v1\AXI_LITE_test.cache\ip\2025.2\f\b\fb4520e33a2a104f\AXI_LITE_test_control_reset_0_stub.v","4836","False",
"2_fpga\2_axi_lite_test\proj\action_v1\AXI_LITE_test.cache\ip\2025.2\f\b\fb4520e33a2a104f\fb4520e33a2a104f.xci","4829","False",
"2_fpga\2_axi_lite_test\proj\action_v1\AXI_LITE_test.gen\sources_1\bd\AXI_LITE_test\hdl\AXI_LITE_test_wrapper.v","3052","False",
"2_fpga\2_axi_lite_test\proj\action_v1\AXI_LITE_test.gen\sources_1\bd\AXI_LITE_test\hw_handoff\AXI_LITE_test.hwh","128358","False",
"2_fpga\2_axi_lite_test\proj\action_v1\AXI_LITE_test.gen\sources_1\bd\AXI_LITE_test\ip\AXI_LITE_test_axi_action_0_0\sim\AXI_LITE_test_axi_action_0_0.v","6778","False",
"2_fpga\2_axi_lite_test\proj\action_v1\AXI_LITE_test.gen\sources_1\bd\AXI_LITE_test\ip\AXI_LITE_test_axi_action_0_0\synth\AXI_LITE_test_axi_action_0_0.v","7179","False",
"2_fpga\2_axi_lite_test\proj\action_v1\AXI_LITE_test.gen\sources_1\bd\AXI_LITE_test\ip\AXI_LITE_test_axi_action_0_0\AXI_LITE_test_axi_action_0_0_sim_netlist.v","229286","False",
"2_fpga\2_axi_lite_test\proj\action_v1\AXI_LITE_test.gen\sources_1\bd\AXI_LITE_test\ip\AXI_LITE_test_axi_action_0_0\AXI_LITE_test_axi_action_0_0_stub.v","5575","False",
"2_fpga\2_axi_lite_test\proj\action_v1\AXI_LITE_test.gen\sources_1\bd\AXI_LITE_test\ip\AXI_LITE_test_const_one_0\sim\AXI_LITE_test_const_one_0_stub.sv","3051","False",
"2_fpga\2_axi_lite_test\proj\action_v1\AXI_LITE_test.gen\sources_1\bd\AXI_LITE_test\ip\AXI_LITE_test_const_one_0\sim\AXI_LITE_test_const_one_0.h","2617","False",
"2_fpga\2_axi_lite_test\proj\action_v1\AXI_LITE_test.gen\sources_1\bd\AXI_LITE_test\ip\AXI_LITE_test_const_one_0\sim\AXI_LITE_test_const_one_0.v","2614","False",
"2_fpga\2_axi_lite_test\proj\action_v1\AXI_LITE_test.gen\sources_1\bd\AXI_LITE_test\ip\AXI_LITE_test_const_one_0\sim\xlconstant_v1_1_10.h","2620","False",
"2_fpga\2_axi_lite_test\proj\action_v1\AXI_LITE_test.gen\sources_1\bd\AXI_LITE_test\ip\AXI_LITE_test_const_one_0\synth\AXI_LITE_test_const_one_0.v","3027","False",
"2_fpga\2_axi_lite_test\proj\action_v1\AXI_LITE_test.gen\sources_1\bd\AXI_LITE_test\ip\AXI_LITE_test_const_zero_0\sim\AXI_LITE_test_const_zero_0_stub.sv","3053","False",
"2_fpga\2_axi_lite_test\proj\action_v1\AXI_LITE_test.gen\sources_1\bd\AXI_LITE_test\ip\AXI_LITE_test_const_zero_0\sim\AXI_LITE_test_const_zero_0.h","2621","False",
"2_fpga\2_axi_lite_test\proj\action_v1\AXI_LITE_test.gen\sources_1\bd\AXI_LITE_test\ip\AXI_LITE_test_const_zero_0\sim\AXI_LITE_test_const_zero_0.v","2615","False",
"2_fpga\2_axi_lite_test\proj\action_v1\AXI_LITE_test.gen\sources_1\bd\AXI_LITE_test\ip\AXI_LITE_test_const_zero_0\sim\xlconstant_v1_1_10.h","2620","False",
"2_fpga\2_axi_lite_test\proj\action_v1\AXI_LITE_test.gen\sources_1\bd\AXI_LITE_test\ip\AXI_LITE_test_const_zero_0\synth\AXI_LITE_test_const_zero_0.v","3030","False",
"2_fpga\2_axi_lite_test\proj\action_v1\AXI_LITE_test.gen\sources_1\bd\AXI_LITE_test\ip\AXI_LITE_test_control_interconnect_0\bd_0\hw_handoff\AXI_LITE_test_control_interconnect_0.hwh","474318","False",
"2_fpga\2_axi_lite_test\proj\action_v1\AXI_LITE_test.gen\sources_1\bd\AXI_LITE_test\ip\AXI_LITE_test_control_interconnect_0\bd_0\ip\ip_1\bd_904c_psr_aclk_0_board.xdc","60","False",
"2_fpga\2_axi_lite_test\proj\action_v1\AXI_LITE_test.gen\sources_1\bd\AXI_LITE_test\ip\AXI_LITE_test_control_interconnect_0\bd_0\ip\ip_1\bd_904c_psr_aclk_0.xci","12573","False",
"2_fpga\2_axi_lite_test\proj\action_v1\AXI_LITE_test.gen\sources_1\bd\AXI_LITE_test\ip\AXI_LITE_test_control_interconnect_0\bd_0\ip\ip_10\sim\bd_904c_sbn_0.sv","6256","False",
"2_fpga\2_axi_lite_test\proj\action_v1\AXI_LITE_test.gen\sources_1\bd\AXI_LITE_test\ip\AXI_LITE_test_control_interconnect_0\bd_0\ip\ip_10\synth\bd_904c_sbn_0.sv","7115","False",
"2_fpga\2_axi_lite_test\proj\action_v1\AXI_LITE_test.gen\sources_1\bd\AXI_LITE_test\ip\AXI_LITE_test_control_interconnect_0\bd_0\ip\ip_10\bd_904c_sbn_0_ooc.xdc","2414","False",
"2_fpga\2_axi_lite_test\proj\action_v1\AXI_LITE_test.gen\sources_1\bd\AXI_LITE_test\ip\AXI_LITE_test_control_interconnect_0\bd_0\ip\ip_10\bd_904c_sbn_0.xci","20898","False",
"2_fpga\2_axi_lite_test\proj\action_v1\AXI_LITE_test.gen\sources_1\bd\AXI_LITE_test\ip\AXI_LITE_test_control_interconnect_0\bd_0\ip\ip_11\sim\bd_904c_m00s2a_0.sv","13465","False",
"2_fpga\2_axi_lite_test\proj\action_v1\AXI_LITE_test.gen\sources_1\bd\AXI_LITE_test\ip\AXI_LITE_test_control_interconnect_0\bd_0\ip\ip_11\synth\bd_904c_m00s2a_0.sv","14209","False",
"2_fpga\2_axi_lite_test\proj\action_v1\AXI_LITE_test.gen\sources_1\bd\AXI_LITE_test\ip\AXI_LITE_test_control_interconnect_0\bd_0\ip\ip_11\bd_904c_m00s2a_0_ooc.xdc","2375","False",
"2_fpga\2_axi_lite_test\proj\action_v1\AXI_LITE_test.gen\sources_1\bd\AXI_LITE_test\ip\AXI_LITE_test_control_interconnect_0\bd_0\ip\ip_11\bd_904c_m00s2a_0.xci","24300","False",
"2_fpga\2_axi_lite_test\proj\action_v1\AXI_LITE_test.gen\sources_1\bd\AXI_LITE_test\ip\AXI_LITE_test_control_interconnect_0\bd_0\ip\ip_12\sim\bd_904c_m00e_0.sv","14297","False",
"2_fpga\2_axi_lite_test\proj\action_v1\AXI_LITE_test.gen\sources_1\bd\AXI_LITE_test\ip\AXI_LITE_test_control_interconnect_0\bd_0\ip\ip_12\synth\bd_904c_m00e_0.sv","15278","False",
"2_fpga\2_axi_lite_test\proj\action_v1\AXI_LITE_test.gen\sources_1\bd\AXI_LITE_test\ip\AXI_LITE_test_control_interconnect_0\bd_0\ip\ip_12\bd_904c_m00e_0.xci","61020","False",
"2_fpga\2_axi_lite_test\proj\action_v1\AXI_LITE_test.gen\sources_1\bd\AXI_LITE_test\ip\AXI_LITE_test_control_interconnect_0\bd_0\ip\ip_2\sim\bd_904c_s00mmu_0.sv","17456","False",
"2_fpga\2_axi_lite_test\proj\action_v1\AXI_LITE_test.gen\sources_1\bd\AXI_LITE_test\ip\AXI_LITE_test_control_interconnect_0\bd_0\ip\ip_2\synth\bd_904c_s00mmu_0.sv","18509","False",
"2_fpga\2_axi_lite_test\proj\action_v1\AXI_LITE_test.gen\sources_1\bd\AXI_LITE_test\ip\AXI_LITE_test_control_interconnect_0\bd_0\ip\ip_2\bd_904c_s00mmu_0.xci","272250","False",
"2_fpga\2_axi_lite_test\proj\action_v1\AXI_LITE_test.gen\sources_1\bd\AXI_LITE_test\ip\AXI_LITE_test_control_interconnect_0\bd_0\ip\ip_3\sim\bd_904c_s00tr_0.sv","17643","False",
"2_fpga\2_axi_lite_test\proj\action_v1\AXI_LITE_test.gen\sources_1\bd\AXI_LITE_test\ip\AXI_LITE_test_control_interconnect_0\bd_0\ip\ip_3\synth\bd_904c_s00tr_0.sv","18455","False",
"2_fpga\2_axi_lite_test\proj\action_v1\AXI_LITE_test.gen\sources_1\bd\AXI_LITE_test\ip\AXI_LITE_test_control_interconnect_0\bd_0\ip\ip_3\bd_904c_s00tr_0.xci","33969","False",
"2_fpga\2_axi_lite_test\proj\action_v1\AXI_LITE_test.gen\sources_1\bd\AXI_LITE_test\ip\AXI_LITE_test_control_interconnect_0\bd_0\ip\ip_4\sim\bd_904c_s00sic_0.sv","17402","False",
"2_fpga\2_axi_lite_test\proj\action_v1\AXI_LITE_test.gen\sources_1\bd\AXI_LITE_test\ip\AXI_LITE_test_control_interconnect_0\bd_0\ip\ip_4\synth\bd_904c_s00sic_0.sv","18515","False",
"2_fpga\2_axi_lite_test\proj\action_v1\AXI_LITE_test.gen\sources_1\bd\AXI_LITE_test\ip\AXI_LITE_test_control_interconnect_0\bd_0\ip\ip_4\bd_904c_s00sic_0.xci","173429","False",
"2_fpga\2_axi_lite_test\proj\action_v1\AXI_LITE_test.gen\sources_1\bd\AXI_LITE_test\ip\AXI_LITE_test_control_interconnect_0\bd_0\ip\ip_5\sim\bd_904c_s00a2s_0.sv","13456","False",
"2_fpga\2_axi_lite_test\proj\action_v1\AXI_LITE_test.gen\sources_1\bd\AXI_LITE_test\ip\AXI_LITE_test_control_interconnect_0\bd_0\ip\ip_5\synth\bd_904c_s00a2s_0.sv","14200","False",
"2_fpga\2_axi_lite_test\proj\action_v1\AXI_LITE_test.gen\sources_1\bd\AXI_LITE_test\ip\AXI_LITE_test_control_interconnect_0\bd_0\ip\ip_5\bd_904c_s00a2s_0_ooc.xdc","2375","False",
"2_fpga\2_axi_lite_test\proj\action_v1\AXI_LITE_test.gen\sources_1\bd\AXI_LITE_test\ip\AXI_LITE_test_control_interconnect_0\bd_0\ip\ip_5\bd_904c_s00a2s_0.xci","24554","False",
"2_fpga\2_axi_lite_test\proj\action_v1\AXI_LITE_test.gen\sources_1\bd\AXI_LITE_test\ip\AXI_LITE_test_control_interconnect_0\bd_0\ip\ip_6\sim\bd_904c_sarn_0.sv","6263","False",
"2_fpga\2_axi_lite_test\proj\action_v1\AXI_LITE_test.gen\sources_1\bd\AXI_LITE_test\ip\AXI_LITE_test_control_interconnect_0\bd_0\ip\ip_6\synth\bd_904c_sarn_0.sv","7126","False",
"2_fpga\2_axi_lite_test\proj\action_v1\AXI_LITE_test.gen\sources_1\bd\AXI_LITE_test\ip\AXI_LITE_test_control_interconnect_0\bd_0\ip\ip_6\bd_904c_sarn_0_ooc.xdc","2414","False",
"2_fpga\2_axi_lite_test\proj\action_v1\AXI_LITE_test.gen\sources_1\bd\AXI_LITE_test\ip\AXI_LITE_test_control_interconnect_0\bd_0\ip\ip_6\bd_904c_sarn_0.xci","20909","False",
"2_fpga\2_axi_lite_test\proj\action_v1\AXI_LITE_test.gen\sources_1\bd\AXI_LITE_test\ip\AXI_LITE_test_control_interconnect_0\bd_0\ip\ip_7\sim\bd_904c_srn_0.sv","6261","False",
"2_fpga\2_axi_lite_test\proj\action_v1\AXI_LITE_test.gen\sources_1\bd\AXI_LITE_test\ip\AXI_LITE_test_control_interconnect_0\bd_0\ip\ip_7\synth\bd_904c_srn_0.sv","7123","False",
"2_fpga\2_axi_lite_test\proj\action_v1\AXI_LITE_test.gen\sources_1\bd\AXI_LITE_test\ip\AXI_LITE_test_control_interconnect_0\bd_0\ip\ip_7\bd_904c_srn_0_ooc.xdc","2414","False",
"2_fpga\2_axi_lite_test\proj\action_v1\AXI_LITE_test.gen\sources_1\bd\AXI_LITE_test\ip\AXI_LITE_test_control_interconnect_0\bd_0\ip\ip_7\bd_904c_srn_0.xci","20906","False",
"2_fpga\2_axi_lite_test\proj\action_v1\AXI_LITE_test.gen\sources_1\bd\AXI_LITE_test\ip\AXI_LITE_test_control_interconnect_0\bd_0\ip\ip_8\sim\bd_904c_sawn_0.sv","6263","False",
"2_fpga\2_axi_lite_test\proj\action_v1\AXI_LITE_test.gen\sources_1\bd\AXI_LITE_test\ip\AXI_LITE_test_control_interconnect_0\bd_0\ip\ip_8\synth\bd_904c_sawn_0.sv","7126","False",
"2_fpga\2_axi_lite_test\proj\action_v1\AXI_LITE_test.gen\sources_1\bd\AXI_LITE_test\ip\AXI_LITE_test_control_interconnect_0\bd_0\ip\ip_8\bd_904c_sawn_0_ooc.xdc","2414","False",
"2_fpga\2_axi_lite_test\proj\action_v1\AXI_LITE_test.gen\sources_1\bd\AXI_LITE_test\ip\AXI_LITE_test_control_interconnect_0\bd_0\ip\ip_8\bd_904c_sawn_0.xci","20909","False",
"2_fpga\2_axi_lite_test\proj\action_v1\AXI_LITE_test.gen\sources_1\bd\AXI_LITE_test\ip\AXI_LITE_test_control_interconnect_0\bd_0\ip\ip_9\sim\bd_904c_swn_0.sv","6261","False",
"2_fpga\2_axi_lite_test\proj\action_v1\AXI_LITE_test.gen\sources_1\bd\AXI_LITE_test\ip\AXI_LITE_test_control_interconnect_0\bd_0\ip\ip_9\synth\bd_904c_swn_0.sv","7123","False",
"2_fpga\2_axi_lite_test\proj\action_v1\AXI_LITE_test.gen\sources_1\bd\AXI_LITE_test\ip\AXI_LITE_test_control_interconnect_0\bd_0\ip\ip_9\bd_904c_swn_0_ooc.xdc","2414","False",
"2_fpga\2_axi_lite_test\proj\action_v1\AXI_LITE_test.gen\sources_1\bd\AXI_LITE_test\ip\AXI_LITE_test_control_interconnect_0\bd_0\ip\ip_9\bd_904c_swn_0.xci","20906","False",
"2_fpga\2_axi_lite_test\proj\action_v1\AXI_LITE_test.gen\sources_1\bd\AXI_LITE_test\ip\AXI_LITE_test_control_interconnect_0\bd_0\sim\bd_904c.v","64751","False",
"2_fpga\2_axi_lite_test\proj\action_v1\AXI_LITE_test.gen\sources_1\bd\AXI_LITE_test\ip\AXI_LITE_test_control_interconnect_0\bd_0\synth\bd_904c.v","64751","False",
"2_fpga\2_axi_lite_test\proj\action_v1\AXI_LITE_test.gen\sources_1\bd\AXI_LITE_test\ip\AXI_LITE_test_control_interconnect_0\bd_0\bd_904c.bd","70365","False",
"2_fpga\2_axi_lite_test\proj\action_v1\AXI_LITE_test.gen\sources_1\bd\AXI_LITE_test\ip\AXI_LITE_test_control_interconnect_0\sim\AXI_LITE_test_control_interconnect_0.sv","13474","False",
"2_fpga\2_axi_lite_test\proj\action_v1\AXI_LITE_test.gen\sources_1\bd\AXI_LITE_test\ip\AXI_LITE_test_control_interconnect_0\synth\AXI_LITE_test_control_interconnect_0.v","13817","False",
"2_fpga\2_axi_lite_test\proj\action_v1\AXI_LITE_test.gen\sources_1\bd\AXI_LITE_test\ip\AXI_LITE_test_control_interconnect_0\AXI_LITE_test_control_interconnect_0_sim_netlist.v","2004679","False",
"2_fpga\2_axi_lite_test\proj\action_v1\AXI_LITE_test.gen\sources_1\bd\AXI_LITE_test\ip\AXI_LITE_test_control_interconnect_0\AXI_LITE_test_control_interconnect_0_stub.v","11397","False",
"2_fpga\2_axi_lite_test\proj\action_v1\AXI_LITE_test.gen\sources_1\bd\AXI_LITE_test\ip\AXI_LITE_test_control_interconnect_0\ooc.xdc","198","False",
"2_fpga\2_axi_lite_test\proj\action_v1\AXI_LITE_test.gen\sources_1\bd\AXI_LITE_test\ip\AXI_LITE_test_control_interconnect_0\smartconnect.xdc","57","False",
"2_fpga\2_axi_lite_test\proj\action_v1\AXI_LITE_test.gen\sources_1\bd\AXI_LITE_test\ip\AXI_LITE_test_control_reset_0\AXI_LITE_test_control_reset_0_board.xdc","60","False",
"2_fpga\2_axi_lite_test\proj\action_v1\AXI_LITE_test.gen\sources_1\bd\AXI_LITE_test\ip\AXI_LITE_test_control_reset_0\AXI_LITE_test_control_reset_0_ooc.xdc","2518","False",
"2_fpga\2_axi_lite_test\proj\action_v1\AXI_LITE_test.gen\sources_1\bd\AXI_LITE_test\ip\AXI_LITE_test_control_reset_0\AXI_LITE_test_control_reset_0_sim_netlist.v","25032","False",
"2_fpga\2_axi_lite_test\proj\action_v1\AXI_LITE_test.gen\sources_1\bd\AXI_LITE_test\ip\AXI_LITE_test_control_reset_0\AXI_LITE_test_control_reset_0_stub.v","4850","False",
"2_fpga\2_axi_lite_test\proj\action_v1\AXI_LITE_test.gen\sources_1\bd\AXI_LITE_test\ip\AXI_LITE_test_ps7_0\hdl\verilog\processing_system7_v5_5_processing_system7.v","165116","False",
"2_fpga\2_axi_lite_test\proj\action_v1\AXI_LITE_test.gen\sources_1\bd\AXI_LITE_test\ip\AXI_LITE_test_ps7_0\sim\AXI_LITE_test_ps7_0_sc.h","3301","False",
"2_fpga\2_axi_lite_test\proj\action_v1\AXI_LITE_test.gen\sources_1\bd\AXI_LITE_test\ip\AXI_LITE_test_ps7_0\sim\AXI_LITE_test_ps7_0_stub.sv","8077","False",
"2_fpga\2_axi_lite_test\proj\action_v1\AXI_LITE_test.gen\sources_1\bd\AXI_LITE_test\ip\AXI_LITE_test_ps7_0\sim\AXI_LITE_test_ps7_0.h","22787","False",
"2_fpga\2_axi_lite_test\proj\action_v1\AXI_LITE_test.gen\sources_1\bd\AXI_LITE_test\ip\AXI_LITE_test_ps7_0\sim\AXI_LITE_test_ps7_0.sv","37738","False",
"2_fpga\2_axi_lite_test\proj\action_v1\AXI_LITE_test.gen\sources_1\bd\AXI_LITE_test\ip\AXI_LITE_test_ps7_0\sim\AXI_LITE_test_ps7_0.v","16053","False",
"2_fpga\2_axi_lite_test\proj\action_v1\AXI_LITE_test.gen\sources_1\bd\AXI_LITE_test\ip\AXI_LITE_test_ps7_0\sim_tlm\b_transport_converter.h","6799","False",
"2_fpga\2_axi_lite_test\proj\action_v1\AXI_LITE_test.gen\sources_1\bd\AXI_LITE_test\ip\AXI_LITE_test_ps7_0\sim_tlm\processing_system7_v5_5_tlm.h","10128","False",
"2_fpga\2_axi_lite_test\proj\action_v1\AXI_LITE_test.gen\sources_1\bd\AXI_LITE_test\ip\AXI_LITE_test_ps7_0\sim_tlm\xilinx-zynq.h","3526","False",
"2_fpga\2_axi_lite_test\proj\action_v1\AXI_LITE_test.gen\sources_1\bd\AXI_LITE_test\ip\AXI_LITE_test_ps7_0\synth\AXI_LITE_test_ps7_0.v","32887","False",
"2_fpga\2_axi_lite_test\proj\action_v1\AXI_LITE_test.gen\sources_1\bd\AXI_LITE_test\ip\AXI_LITE_test_ps7_0\AXI_LITE_test_ps7_0_sim_netlist.v","237732","False",
"2_fpga\2_axi_lite_test\proj\action_v1\AXI_LITE_test.gen\sources_1\bd\AXI_LITE_test\ip\AXI_LITE_test_ps7_0\AXI_LITE_test_ps7_0_stub.v","13058","False",
"2_fpga\2_axi_lite_test\proj\action_v1\AXI_LITE_test.gen\sources_1\bd\AXI_LITE_test\ip\AXI_LITE_test_ps7_0\AXI_LITE_test_ps7_0.xdc","35408","False",
"2_fpga\2_axi_lite_test\proj\action_v1\AXI_LITE_test.gen\sources_1\bd\AXI_LITE_test\ip\AXI_LITE_test_ps7_0\ps7_init_gpl.c","542002","False",
"2_fpga\2_axi_lite_test\proj\action_v1\AXI_LITE_test.gen\sources_1\bd\AXI_LITE_test\ip\AXI_LITE_test_ps7_0\ps7_init_gpl.h","4412","False",
"2_fpga\2_axi_lite_test\proj\action_v1\AXI_LITE_test.gen\sources_1\bd\AXI_LITE_test\ip\AXI_LITE_test_ps7_0\ps7_init.c","541385","False",
"2_fpga\2_axi_lite_test\proj\action_v1\AXI_LITE_test.gen\sources_1\bd\AXI_LITE_test\ip\AXI_LITE_test_ps7_0\ps7_init.h","3794","False",
"2_fpga\2_axi_lite_test\proj\action_v1\AXI_LITE_test.gen\sources_1\bd\AXI_LITE_test\ip\AXI_LITE_test_ps7_0\ps7_init.tcl","35627","False",
"2_fpga\2_axi_lite_test\proj\action_v1\AXI_LITE_test.gen\sources_1\bd\AXI_LITE_test\ipshared\00fe\hdl\sc_node_v1_0_vl_rfs.sv","248233","False",
"2_fpga\2_axi_lite_test\proj\action_v1\AXI_LITE_test.gen\sources_1\bd\AXI_LITE_test\ipshared\0848\hdl\sc_switchboard_v1_0_vl_rfs.sv","17628","False",
"2_fpga\2_axi_lite_test\proj\action_v1\AXI_LITE_test.gen\sources_1\bd\AXI_LITE_test\ipshared\3051\hdl\sc_si_converter_v1_0_vl_rfs.sv","427846","False",
"2_fpga\2_axi_lite_test\proj\action_v1\AXI_LITE_test.gen\sources_1\bd\AXI_LITE_test\ipshared\3d9a\hdl\sc_mmu_v1_0_vl_rfs.sv","111695","False",
"2_fpga\2_axi_lite_test\proj\action_v1\AXI_LITE_test.gen\sources_1\bd\AXI_LITE_test\ipshared\4b52\hdl\verilog\processing_system7_v5_5_atc.v","17746","False",
"2_fpga\2_axi_lite_test\proj\action_v1\AXI_LITE_test.gen\sources_1\bd\AXI_LITE_test\ipshared\4b52\hdl\verilog\processing_system7_v5_5_aw_atc.v","11995","False",
"2_fpga\2_axi_lite_test\proj\action_v1\AXI_LITE_test.gen\sources_1\bd\AXI_LITE_test\ipshared\4b52\hdl\verilog\processing_system7_v5_5_b_atc.v","14642","False",
"2_fpga\2_axi_lite_test\proj\action_v1\AXI_LITE_test.gen\sources_1\bd\AXI_LITE_test\ipshared\4b52\hdl\verilog\processing_system7_v5_5_trace_buffer.v","8668","False",
"2_fpga\2_axi_lite_test\proj\action_v1\AXI_LITE_test.gen\sources_1\bd\AXI_LITE_test\ipshared\4b52\hdl\verilog\processing_system7_v5_5_w_atc.v","9582","False",
"2_fpga\2_axi_lite_test\proj\action_v1\AXI_LITE_test.gen\sources_1\bd\AXI_LITE_test\ipshared\7785\hdl\sc_transaction_regulator_v1_0_vl_rfs.sv","86386","False",
"2_fpga\2_axi_lite_test\proj\action_v1\AXI_LITE_test.gen\sources_1\bd\AXI_LITE_test\ipshared\852f\hdl\sc_axi2sc_v1_0_vl_rfs.sv","27096","False",
"2_fpga\2_axi_lite_test\proj\action_v1\AXI_LITE_test.gen\sources_1\bd\AXI_LITE_test\ipshared\9a25\hdl\processing_system7_vip_v1_0_24_apis.v","40744","False",
"2_fpga\2_axi_lite_test\proj\action_v1\AXI_LITE_test.gen\sources_1\bd\AXI_LITE_test\ipshared\9a25\hdl\processing_system7_vip_v1_0_24_axi_acp.v","3921","False",
"2_fpga\2_axi_lite_test\proj\action_v1\AXI_LITE_test.gen\sources_1\bd\AXI_LITE_test\ipshared\9a25\hdl\processing_system7_vip_v1_0_24_axi_gp.v","12797","False",
"2_fpga\2_axi_lite_test\proj\action_v1\AXI_LITE_test.gen\sources_1\bd\AXI_LITE_test\ipshared\9a25\hdl\processing_system7_vip_v1_0_24_axi_hp.v","14980","False",
"2_fpga\2_axi_lite_test\proj\action_v1\AXI_LITE_test.gen\sources_1\bd\AXI_LITE_test\ipshared\9a25\hdl\processing_system7_vip_v1_0_24_local_params.v","9967","False",
"2_fpga\2_axi_lite_test\proj\action_v1\AXI_LITE_test.gen\sources_1\bd\AXI_LITE_test\ipshared\9a25\hdl\processing_system7_vip_v1_0_24_reg_init.v","178764","False",
"2_fpga\2_axi_lite_test\proj\action_v1\AXI_LITE_test.gen\sources_1\bd\AXI_LITE_test\ipshared\9a25\hdl\processing_system7_vip_v1_0_24_reg_params.v","397488","False",
"2_fpga\2_axi_lite_test\proj\action_v1\AXI_LITE_test.gen\sources_1\bd\AXI_LITE_test\ipshared\9a25\hdl\processing_system7_vip_v1_0_24_unused_ports.v","12829","False",
"2_fpga\2_axi_lite_test\proj\action_v1\AXI_LITE_test.gen\sources_1\bd\AXI_LITE_test\ipshared\9a25\hdl\processing_system7_vip_v1_0_vl_rfs.sv","465892","False",
"2_fpga\2_axi_lite_test\proj\action_v1\AXI_LITE_test.gen\sources_1\bd\AXI_LITE_test\ipshared\a165\hdl\xlconstant_v1_1_vl_rfs.v","3177","False",
"2_fpga\2_axi_lite_test\proj\action_v1\AXI_LITE_test.gen\sources_1\bd\AXI_LITE_test\ipshared\b16a\hdl\axi_vip_v1_1_vl_rfs.sv","31032","False",
"2_fpga\2_axi_lite_test\proj\action_v1\AXI_LITE_test.gen\sources_1\bd\AXI_LITE_test\ipshared\bc4b\hdl\axi_register_slice_v2_1_vl_rfs.v","174589","False",
"2_fpga\2_axi_lite_test\proj\action_v1\AXI_LITE_test.gen\sources_1\bd\AXI_LITE_test\ipshared\cb42\hdl\sc_ultralite_v1_0_rfs.sv","648155","False",
"2_fpga\2_axi_lite_test\proj\action_v1\AXI_LITE_test.gen\sources_1\bd\AXI_LITE_test\ipshared\e44a\hdl\sc_exit_v1_0_vl_rfs.sv","420668","False",
"2_fpga\2_axi_lite_test\proj\action_v1\AXI_LITE_test.gen\sources_1\bd\AXI_LITE_test\ipshared\ec67\hdl\axi_infrastructure_v1_1_vl_rfs.v","29851","False",
"2_fpga\2_axi_lite_test\proj\action_v1\AXI_LITE_test.gen\sources_1\bd\AXI_LITE_test\ipshared\f0b6\hdl\sc_util_v1_0_vl_rfs.sv","286036","False",
"2_fpga\2_axi_lite_test\proj\action_v1\AXI_LITE_test.gen\sources_1\bd\AXI_LITE_test\ipshared\fca9\hdl\sc_sc2axi_v1_0_vl_rfs.sv","27076","False",
"2_fpga\2_axi_lite_test\proj\action_v1\AXI_LITE_test.gen\sources_1\bd\AXI_LITE_test\sim\AXI_LITE_test.v","14344","False",
"2_fpga\2_axi_lite_test\proj\action_v1\AXI_LITE_test.gen\sources_1\bd\AXI_LITE_test\synth\AXI_LITE_test.v","14344","False",
"2_fpga\2_axi_lite_test\proj\action_v1\AXI_LITE_test.gen\sources_1\bd\AXI_LITE_test\AXI_LITE_test_ooc.xdc","619","False",
"2_fpga\2_axi_lite_test\proj\action_v1\AXI_LITE_test.gen\sources_1\bd\AXI_LITE_test\AXI_LITE_test_sv.sv","4796","False",
"2_fpga\2_axi_lite_test\proj\action_v1\AXI_LITE_test.gen\sources_1\bd\mref\video_axi_action_uart_top\xgui\video_axi_action_uart_top_v1_0.tcl","205","False",
"2_fpga\2_axi_lite_test\proj\action_v1\AXI_LITE_test.runs\AXI_LITE_test_axi_action_0_0_synth_1\AXI_LITE_test_axi_action_0_0.tcl","9120","False",
"2_fpga\2_axi_lite_test\proj\action_v1\AXI_LITE_test.runs\AXI_LITE_test_control_interconnect_0_synth_1\.Xil\AXI_LITE_test_control_interconnect_0_propImpl.xdc","0","False",
"2_fpga\2_axi_lite_test\proj\action_v1\AXI_LITE_test.runs\AXI_LITE_test_control_interconnect_0_synth_1\AXI_LITE_test_control_interconnect_0.tcl","16642","False",
"2_fpga\2_axi_lite_test\proj\action_v1\AXI_LITE_test.runs\AXI_LITE_test_control_interconnect_0_synth_1\dont_touch.xdc","11739","False",
"2_fpga\2_axi_lite_test\proj\action_v1\AXI_LITE_test.runs\AXI_LITE_test_control_reset_0_synth_1\.Xil\AXI_LITE_test_control_reset_0_propImpl.xdc","0","False",
"2_fpga\2_axi_lite_test\proj\action_v1\AXI_LITE_test.runs\AXI_LITE_test_control_reset_0_synth_1\AXI_LITE_test_control_reset_0.tcl","14338","False",
"2_fpga\2_axi_lite_test\proj\action_v1\AXI_LITE_test.runs\AXI_LITE_test_control_reset_0_synth_1\dont_touch.xdc","2291","False",
"2_fpga\2_axi_lite_test\proj\action_v1\AXI_LITE_test.runs\AXI_LITE_test_ps7_0_synth_1\.Xil\AXI_LITE_test_ps7_0_propImpl.xdc","21663","False",
"2_fpga\2_axi_lite_test\proj\action_v1\AXI_LITE_test.runs\AXI_LITE_test_ps7_0_synth_1\AXI_LITE_test_ps7_0.tcl","8574","False",
"2_fpga\2_axi_lite_test\proj\action_v1\AXI_LITE_test.runs\AXI_LITE_test_ps7_0_synth_1\dont_touch.xdc","1371","False",
"2_fpga\2_axi_lite_test\proj\action_v1\AXI_LITE_test.runs\impl_1\AXI_LITE_test_wrapper.bit","4045697","False",
"2_fpga\2_axi_lite_test\proj\action_v1\AXI_LITE_test.runs\impl_1\AXI_LITE_test_wrapper.tcl","13216","False",
"2_fpga\2_axi_lite_test\proj\action_v1\AXI_LITE_test.runs\synth_1\.Xil\AXI_LITE_test_wrapper_propImpl.xdc","1644","False",
"2_fpga\2_axi_lite_test\proj\action_v1\AXI_LITE_test.runs\synth_1\AXI_LITE_test_wrapper.tcl","8480","False",
"2_fpga\2_axi_lite_test\proj\action_v1\AXI_LITE_test.runs\synth_1\dont_touch.xdc","2013","False",
"2_fpga\2_axi_lite_test\proj\action_v1\AXI_LITE_test.srcs\sources_1\bd\AXI_LITE_test\ip\AXI_LITE_test_axi_action_0_0\AXI_LITE_test_axi_action_0_0.xci","13490","False",
"2_fpga\2_axi_lite_test\proj\action_v1\AXI_LITE_test.srcs\sources_1\bd\AXI_LITE_test\ip\AXI_LITE_test_const_one_0\AXI_LITE_test_const_one_0.xci","2729","False",
"2_fpga\2_axi_lite_test\proj\action_v1\AXI_LITE_test.srcs\sources_1\bd\AXI_LITE_test\ip\AXI_LITE_test_const_zero_0\AXI_LITE_test_const_zero_0.xci","2734","False",
"2_fpga\2_axi_lite_test\proj\action_v1\AXI_LITE_test.srcs\sources_1\bd\AXI_LITE_test\ip\AXI_LITE_test_control_interconnect_0\AXI_LITE_test_control_interconnect_0.xci","25760","False",
"2_fpga\2_axi_lite_test\proj\action_v1\AXI_LITE_test.srcs\sources_1\bd\AXI_LITE_test\ip\AXI_LITE_test_control_reset_0\AXI_LITE_test_control_reset_0.xci","12770","False",
"2_fpga\2_axi_lite_test\proj\action_v1\AXI_LITE_test.srcs\sources_1\bd\AXI_LITE_test\ip\AXI_LITE_test_ps7_0\AXI_LITE_test_ps7_0.xci","143594","False",
"2_fpga\2_axi_lite_test\proj\action_v1\AXI_LITE_test.srcs\sources_1\bd\AXI_LITE_test\AXI_LITE_test.bd","64662","False",
"2_fpga\2_axi_lite_test\proj\AXI_LITE_test.cache\ip\2025.2\3\0\3034ebcec5bf056b\3034ebcec5bf056b.xci","4830","False",
"2_fpga\2_axi_lite_test\proj\AXI_LITE_test.cache\ip\2025.2\3\0\3034ebcec5bf056b\AXI_LITE_test_control_reset_0_sim_netlist.v","24984","False",
"2_fpga\2_axi_lite_test\proj\AXI_LITE_test.cache\ip\2025.2\3\0\3034ebcec5bf056b\AXI_LITE_test_control_reset_0_stub.v","4837","False",
"2_fpga\2_axi_lite_test\proj\AXI_LITE_test.cache\ip\2025.2\4\b\4bd3df89de061008\4bd3df89de061008.xci","13602","False",
"2_fpga\2_axi_lite_test\proj\AXI_LITE_test.cache\ip\2025.2\4\b\4bd3df89de061008\AXI_LITE_test_control_interconnect_0_sim_netlist.v","2003566","False",
"2_fpga\2_axi_lite_test\proj\AXI_LITE_test.cache\ip\2025.2\4\b\4bd3df89de061008\AXI_LITE_test_control_interconnect_0_stub.v","11372","False",
"2_fpga\2_axi_lite_test\proj\AXI_LITE_test.gen\sources_1\bd\AXI_LITE_test\hdl\AXI_LITE_test_wrapper.v","2859","False",
"2_fpga\2_axi_lite_test\proj\AXI_LITE_test.gen\sources_1\bd\AXI_LITE_test\hw_handoff\AXI_LITE_test.hwh","127598","False",
"2_fpga\2_axi_lite_test\proj\AXI_LITE_test.gen\sources_1\bd\AXI_LITE_test\ip\AXI_LITE_test_axi_lite_test_0_0\sim\AXI_LITE_test_axi_lite_test_0_0.v","6621","False",
"2_fpga\2_axi_lite_test\proj\AXI_LITE_test.gen\sources_1\bd\AXI_LITE_test\ip\AXI_LITE_test_axi_lite_test_0_0\synth\AXI_LITE_test_axi_lite_test_0_0.v","6996","False",
"2_fpga\2_axi_lite_test\proj\AXI_LITE_test.gen\sources_1\bd\AXI_LITE_test\ip\AXI_LITE_test_axi_lite_test_0_0\AXI_LITE_test_axi_lite_test_0_0_sim_netlist.v","197047","False",
"2_fpga\2_axi_lite_test\proj\AXI_LITE_test.gen\sources_1\bd\AXI_LITE_test\ip\AXI_LITE_test_axi_lite_test_0_0\AXI_LITE_test_axi_lite_test_0_0_stub.v","5450","False",
"2_fpga\2_axi_lite_test\proj\AXI_LITE_test.gen\sources_1\bd\AXI_LITE_test\ip\AXI_LITE_test_const_one_0\sim\AXI_LITE_test_const_one_0_stub.sv","3051","False",
"2_fpga\2_axi_lite_test\proj\AXI_LITE_test.gen\sources_1\bd\AXI_LITE_test\ip\AXI_LITE_test_const_one_0\sim\AXI_LITE_test_const_one_0.h","2617","False",
"2_fpga\2_axi_lite_test\proj\AXI_LITE_test.gen\sources_1\bd\AXI_LITE_test\ip\AXI_LITE_test_const_one_0\sim\AXI_LITE_test_const_one_0.v","2614","False",
"2_fpga\2_axi_lite_test\proj\AXI_LITE_test.gen\sources_1\bd\AXI_LITE_test\ip\AXI_LITE_test_const_one_0\sim\xlconstant_v1_1_10.h","2620","False",
"2_fpga\2_axi_lite_test\proj\AXI_LITE_test.gen\sources_1\bd\AXI_LITE_test\ip\AXI_LITE_test_const_one_0\synth\AXI_LITE_test_const_one_0.v","3027","False",
"2_fpga\2_axi_lite_test\proj\AXI_LITE_test.gen\sources_1\bd\AXI_LITE_test\ip\AXI_LITE_test_const_zero_0\sim\AXI_LITE_test_const_zero_0_stub.sv","3053","False",
"2_fpga\2_axi_lite_test\proj\AXI_LITE_test.gen\sources_1\bd\AXI_LITE_test\ip\AXI_LITE_test_const_zero_0\sim\AXI_LITE_test_const_zero_0.h","2621","False",
"2_fpga\2_axi_lite_test\proj\AXI_LITE_test.gen\sources_1\bd\AXI_LITE_test\ip\AXI_LITE_test_const_zero_0\sim\AXI_LITE_test_const_zero_0.v","2615","False",
"2_fpga\2_axi_lite_test\proj\AXI_LITE_test.gen\sources_1\bd\AXI_LITE_test\ip\AXI_LITE_test_const_zero_0\sim\xlconstant_v1_1_10.h","2620","False",
"2_fpga\2_axi_lite_test\proj\AXI_LITE_test.gen\sources_1\bd\AXI_LITE_test\ip\AXI_LITE_test_const_zero_0\synth\AXI_LITE_test_const_zero_0.v","3030","False",
"2_fpga\2_axi_lite_test\proj\AXI_LITE_test.gen\sources_1\bd\AXI_LITE_test\ip\AXI_LITE_test_control_interconnect_0\bd_0\hw_handoff\AXI_LITE_test_control_interconnect_0.hwh","474348","False",
"2_fpga\2_axi_lite_test\proj\AXI_LITE_test.gen\sources_1\bd\AXI_LITE_test\ip\AXI_LITE_test_control_interconnect_0\bd_0\ip\ip_1\bd_904c_psr_aclk_0_board.xdc","60","False",
"2_fpga\2_axi_lite_test\proj\AXI_LITE_test.gen\sources_1\bd\AXI_LITE_test\ip\AXI_LITE_test_control_interconnect_0\bd_0\ip\ip_1\bd_904c_psr_aclk_0.xci","12574","False",
"2_fpga\2_axi_lite_test\proj\AXI_LITE_test.gen\sources_1\bd\AXI_LITE_test\ip\AXI_LITE_test_control_interconnect_0\bd_0\ip\ip_10\sim\bd_904c_sbn_0.sv","6258","False",
"2_fpga\2_axi_lite_test\proj\AXI_LITE_test.gen\sources_1\bd\AXI_LITE_test\ip\AXI_LITE_test_control_interconnect_0\bd_0\ip\ip_10\synth\bd_904c_sbn_0.sv","7117","False",
"2_fpga\2_axi_lite_test\proj\AXI_LITE_test.gen\sources_1\bd\AXI_LITE_test\ip\AXI_LITE_test_control_interconnect_0\bd_0\ip\ip_10\bd_904c_sbn_0_ooc.xdc","2414","False",
"2_fpga\2_axi_lite_test\proj\AXI_LITE_test.gen\sources_1\bd\AXI_LITE_test\ip\AXI_LITE_test_control_interconnect_0\bd_0\ip\ip_10\bd_904c_sbn_0.xci","20900","False",
"2_fpga\2_axi_lite_test\proj\AXI_LITE_test.gen\sources_1\bd\AXI_LITE_test\ip\AXI_LITE_test_control_interconnect_0\bd_0\ip\ip_11\sim\bd_904c_m00s2a_0.sv","13467","False",
"2_fpga\2_axi_lite_test\proj\AXI_LITE_test.gen\sources_1\bd\AXI_LITE_test\ip\AXI_LITE_test_control_interconnect_0\bd_0\ip\ip_11\synth\bd_904c_m00s2a_0.sv","14211","False",
"2_fpga\2_axi_lite_test\proj\AXI_LITE_test.gen\sources_1\bd\AXI_LITE_test\ip\AXI_LITE_test_control_interconnect_0\bd_0\ip\ip_11\bd_904c_m00s2a_0_ooc.xdc","2375","False",
"2_fpga\2_axi_lite_test\proj\AXI_LITE_test.gen\sources_1\bd\AXI_LITE_test\ip\AXI_LITE_test_control_interconnect_0\bd_0\ip\ip_11\bd_904c_m00s2a_0.xci","24302","False",
"2_fpga\2_axi_lite_test\proj\AXI_LITE_test.gen\sources_1\bd\AXI_LITE_test\ip\AXI_LITE_test_control_interconnect_0\bd_0\ip\ip_12\sim\bd_904c_m00e_0.sv","14300","False",
"2_fpga\2_axi_lite_test\proj\AXI_LITE_test.gen\sources_1\bd\AXI_LITE_test\ip\AXI_LITE_test_control_interconnect_0\bd_0\ip\ip_12\synth\bd_904c_m00e_0.sv","15281","False",
"2_fpga\2_axi_lite_test\proj\AXI_LITE_test.gen\sources_1\bd\AXI_LITE_test\ip\AXI_LITE_test_control_interconnect_0\bd_0\ip\ip_12\bd_904c_m00e_0.xci","61023","False",
"2_fpga\2_axi_lite_test\proj\AXI_LITE_test.gen\sources_1\bd\AXI_LITE_test\ip\AXI_LITE_test_control_interconnect_0\bd_0\ip\ip_2\sim\bd_904c_s00mmu_0.sv","17459","False",
"2_fpga\2_axi_lite_test\proj\AXI_LITE_test.gen\sources_1\bd\AXI_LITE_test\ip\AXI_LITE_test_control_interconnect_0\bd_0\ip\ip_2\synth\bd_904c_s00mmu_0.sv","18512","False",
"2_fpga\2_axi_lite_test\proj\AXI_LITE_test.gen\sources_1\bd\AXI_LITE_test\ip\AXI_LITE_test_control_interconnect_0\bd_0\ip\ip_2\bd_904c_s00mmu_0.xci","272253","False",
"2_fpga\2_axi_lite_test\proj\AXI_LITE_test.gen\sources_1\bd\AXI_LITE_test\ip\AXI_LITE_test_control_interconnect_0\bd_0\ip\ip_3\sim\bd_904c_s00tr_0.sv","17646","False",
"2_fpga\2_axi_lite_test\proj\AXI_LITE_test.gen\sources_1\bd\AXI_LITE_test\ip\AXI_LITE_test_control_interconnect_0\bd_0\ip\ip_3\synth\bd_904c_s00tr_0.sv","18458","False",
"2_fpga\2_axi_lite_test\proj\AXI_LITE_test.gen\sources_1\bd\AXI_LITE_test\ip\AXI_LITE_test_control_interconnect_0\bd_0\ip\ip_3\bd_904c_s00tr_0.xci","33972","False",
"2_fpga\2_axi_lite_test\proj\AXI_LITE_test.gen\sources_1\bd\AXI_LITE_test\ip\AXI_LITE_test_control_interconnect_0\bd_0\ip\ip_4\sim\bd_904c_s00sic_0.sv","17405","False",
"2_fpga\2_axi_lite_test\proj\AXI_LITE_test.gen\sources_1\bd\AXI_LITE_test\ip\AXI_LITE_test_control_interconnect_0\bd_0\ip\ip_4\synth\bd_904c_s00sic_0.sv","18518","False",
"2_fpga\2_axi_lite_test\proj\AXI_LITE_test.gen\sources_1\bd\AXI_LITE_test\ip\AXI_LITE_test_control_interconnect_0\bd_0\ip\ip_4\bd_904c_s00sic_0.xci","173432","False",
"2_fpga\2_axi_lite_test\proj\AXI_LITE_test.gen\sources_1\bd\AXI_LITE_test\ip\AXI_LITE_test_control_interconnect_0\bd_0\ip\ip_5\sim\bd_904c_s00a2s_0.sv","13458","False",
"2_fpga\2_axi_lite_test\proj\AXI_LITE_test.gen\sources_1\bd\AXI_LITE_test\ip\AXI_LITE_test_control_interconnect_0\bd_0\ip\ip_5\synth\bd_904c_s00a2s_0.sv","14202","False",
"2_fpga\2_axi_lite_test\proj\AXI_LITE_test.gen\sources_1\bd\AXI_LITE_test\ip\AXI_LITE_test_control_interconnect_0\bd_0\ip\ip_5\bd_904c_s00a2s_0_ooc.xdc","2375","False",
"2_fpga\2_axi_lite_test\proj\AXI_LITE_test.gen\sources_1\bd\AXI_LITE_test\ip\AXI_LITE_test_control_interconnect_0\bd_0\ip\ip_5\bd_904c_s00a2s_0.xci","24556","False",
"2_fpga\2_axi_lite_test\proj\AXI_LITE_test.gen\sources_1\bd\AXI_LITE_test\ip\AXI_LITE_test_control_interconnect_0\bd_0\ip\ip_6\sim\bd_904c_sarn_0.sv","6265","False",
"2_fpga\2_axi_lite_test\proj\AXI_LITE_test.gen\sources_1\bd\AXI_LITE_test\ip\AXI_LITE_test_control_interconnect_0\bd_0\ip\ip_6\synth\bd_904c_sarn_0.sv","7128","False",
"2_fpga\2_axi_lite_test\proj\AXI_LITE_test.gen\sources_1\bd\AXI_LITE_test\ip\AXI_LITE_test_control_interconnect_0\bd_0\ip\ip_6\bd_904c_sarn_0_ooc.xdc","2414","False",
"2_fpga\2_axi_lite_test\proj\AXI_LITE_test.gen\sources_1\bd\AXI_LITE_test\ip\AXI_LITE_test_control_interconnect_0\bd_0\ip\ip_6\bd_904c_sarn_0.xci","20911","False",
"2_fpga\2_axi_lite_test\proj\AXI_LITE_test.gen\sources_1\bd\AXI_LITE_test\ip\AXI_LITE_test_control_interconnect_0\bd_0\ip\ip_7\sim\bd_904c_srn_0.sv","6263","False",
"2_fpga\2_axi_lite_test\proj\AXI_LITE_test.gen\sources_1\bd\AXI_LITE_test\ip\AXI_LITE_test_control_interconnect_0\bd_0\ip\ip_7\synth\bd_904c_srn_0.sv","7125","False",
"2_fpga\2_axi_lite_test\proj\AXI_LITE_test.gen\sources_1\bd\AXI_LITE_test\ip\AXI_LITE_test_control_interconnect_0\bd_0\ip\ip_7\bd_904c_srn_0_ooc.xdc","2414","False",
"2_fpga\2_axi_lite_test\proj\AXI_LITE_test.gen\sources_1\bd\AXI_LITE_test\ip\AXI_LITE_test_control_interconnect_0\bd_0\ip\ip_7\bd_904c_srn_0.xci","20908","False",
"2_fpga\2_axi_lite_test\proj\AXI_LITE_test.gen\sources_1\bd\AXI_LITE_test\ip\AXI_LITE_test_control_interconnect_0\bd_0\ip\ip_8\sim\bd_904c_sawn_0.sv","6265","False",
"2_fpga\2_axi_lite_test\proj\AXI_LITE_test.gen\sources_1\bd\AXI_LITE_test\ip\AXI_LITE_test_control_interconnect_0\bd_0\ip\ip_8\synth\bd_904c_sawn_0.sv","7128","False",
"2_fpga\2_axi_lite_test\proj\AXI_LITE_test.gen\sources_1\bd\AXI_LITE_test\ip\AXI_LITE_test_control_interconnect_0\bd_0\ip\ip_8\bd_904c_sawn_0_ooc.xdc","2414","False",
"2_fpga\2_axi_lite_test\proj\AXI_LITE_test.gen\sources_1\bd\AXI_LITE_test\ip\AXI_LITE_test_control_interconnect_0\bd_0\ip\ip_8\bd_904c_sawn_0.xci","20911","False",
"2_fpga\2_axi_lite_test\proj\AXI_LITE_test.gen\sources_1\bd\AXI_LITE_test\ip\AXI_LITE_test_control_interconnect_0\bd_0\ip\ip_9\sim\bd_904c_swn_0.sv","6263","False",
"2_fpga\2_axi_lite_test\proj\AXI_LITE_test.gen\sources_1\bd\AXI_LITE_test\ip\AXI_LITE_test_control_interconnect_0\bd_0\ip\ip_9\synth\bd_904c_swn_0.sv","7125","False",
"2_fpga\2_axi_lite_test\proj\AXI_LITE_test.gen\sources_1\bd\AXI_LITE_test\ip\AXI_LITE_test_control_interconnect_0\bd_0\ip\ip_9\bd_904c_swn_0_ooc.xdc","2414","False",
"2_fpga\2_axi_lite_test\proj\AXI_LITE_test.gen\sources_1\bd\AXI_LITE_test\ip\AXI_LITE_test_control_interconnect_0\bd_0\ip\ip_9\bd_904c_swn_0.xci","20908","False",
"2_fpga\2_axi_lite_test\proj\AXI_LITE_test.gen\sources_1\bd\AXI_LITE_test\ip\AXI_LITE_test_control_interconnect_0\bd_0\sim\bd_904c.v","64754","False",
"2_fpga\2_axi_lite_test\proj\AXI_LITE_test.gen\sources_1\bd\AXI_LITE_test\ip\AXI_LITE_test_control_interconnect_0\bd_0\synth\bd_904c.v","64754","False",
"2_fpga\2_axi_lite_test\proj\AXI_LITE_test.gen\sources_1\bd\AXI_LITE_test\ip\AXI_LITE_test_control_interconnect_0\bd_0\bd_904c.bd","70363","False",
"2_fpga\2_axi_lite_test\proj\AXI_LITE_test.gen\sources_1\bd\AXI_LITE_test\ip\AXI_LITE_test_control_interconnect_0\sim\AXI_LITE_test_control_interconnect_0.sv","13477","False",
"2_fpga\2_axi_lite_test\proj\AXI_LITE_test.gen\sources_1\bd\AXI_LITE_test\ip\AXI_LITE_test_control_interconnect_0\synth\AXI_LITE_test_control_interconnect_0.v","13820","False",
"2_fpga\2_axi_lite_test\proj\AXI_LITE_test.gen\sources_1\bd\AXI_LITE_test\ip\AXI_LITE_test_control_interconnect_0\AXI_LITE_test_control_interconnect_0_sim_netlist.v","2002638","False",
"2_fpga\2_axi_lite_test\proj\AXI_LITE_test.gen\sources_1\bd\AXI_LITE_test\ip\AXI_LITE_test_control_interconnect_0\AXI_LITE_test_control_interconnect_0_stub.v","11357","False",
"2_fpga\2_axi_lite_test\proj\AXI_LITE_test.gen\sources_1\bd\AXI_LITE_test\ip\AXI_LITE_test_control_interconnect_0\ooc.xdc","199","False",
"2_fpga\2_axi_lite_test\proj\AXI_LITE_test.gen\sources_1\bd\AXI_LITE_test\ip\AXI_LITE_test_control_interconnect_0\smartconnect.xdc","57","False",
"2_fpga\2_axi_lite_test\proj\AXI_LITE_test.gen\sources_1\bd\AXI_LITE_test\ip\AXI_LITE_test_control_reset_0\AXI_LITE_test_control_reset_0_board.xdc","60","False",
"2_fpga\2_axi_lite_test\proj\AXI_LITE_test.gen\sources_1\bd\AXI_LITE_test\ip\AXI_LITE_test_control_reset_0\AXI_LITE_test_control_reset_0_ooc.xdc","2518","False",
"2_fpga\2_axi_lite_test\proj\AXI_LITE_test.gen\sources_1\bd\AXI_LITE_test\ip\AXI_LITE_test_control_reset_0\AXI_LITE_test_control_reset_0_sim_netlist.v","25023","False",
"2_fpga\2_axi_lite_test\proj\AXI_LITE_test.gen\sources_1\bd\AXI_LITE_test\ip\AXI_LITE_test_control_reset_0\AXI_LITE_test_control_reset_0_stub.v","4841","False",
"2_fpga\2_axi_lite_test\proj\AXI_LITE_test.gen\sources_1\bd\AXI_LITE_test\ip\AXI_LITE_test_ps7_0\hdl\verilog\processing_system7_v5_5_processing_system7.v","165324","False",
"2_fpga\2_axi_lite_test\proj\AXI_LITE_test.gen\sources_1\bd\AXI_LITE_test\ip\AXI_LITE_test_ps7_0\sim\AXI_LITE_test_ps7_0_sc.h","3301","False",
"2_fpga\2_axi_lite_test\proj\AXI_LITE_test.gen\sources_1\bd\AXI_LITE_test\ip\AXI_LITE_test_ps7_0\sim\AXI_LITE_test_ps7_0_stub.sv","8077","False",
"2_fpga\2_axi_lite_test\proj\AXI_LITE_test.gen\sources_1\bd\AXI_LITE_test\ip\AXI_LITE_test_ps7_0\sim\AXI_LITE_test_ps7_0.h","22787","False",
"2_fpga\2_axi_lite_test\proj\AXI_LITE_test.gen\sources_1\bd\AXI_LITE_test\ip\AXI_LITE_test_ps7_0\sim\AXI_LITE_test_ps7_0.sv","37737","False",
"2_fpga\2_axi_lite_test\proj\AXI_LITE_test.gen\sources_1\bd\AXI_LITE_test\ip\AXI_LITE_test_ps7_0\sim\AXI_LITE_test_ps7_0.v","16054","False",
"2_fpga\2_axi_lite_test\proj\AXI_LITE_test.gen\sources_1\bd\AXI_LITE_test\ip\AXI_LITE_test_ps7_0\sim_tlm\b_transport_converter.h","6799","False",
"2_fpga\2_axi_lite_test\proj\AXI_LITE_test.gen\sources_1\bd\AXI_LITE_test\ip\AXI_LITE_test_ps7_0\sim_tlm\processing_system7_v5_5_tlm.h","10128","False",
"2_fpga\2_axi_lite_test\proj\AXI_LITE_test.gen\sources_1\bd\AXI_LITE_test\ip\AXI_LITE_test_ps7_0\sim_tlm\xilinx-zynq.h","3526","False",
"2_fpga\2_axi_lite_test\proj\AXI_LITE_test.gen\sources_1\bd\AXI_LITE_test\ip\AXI_LITE_test_ps7_0\synth\AXI_LITE_test_ps7_0.v","32890","False",
"2_fpga\2_axi_lite_test\proj\AXI_LITE_test.gen\sources_1\bd\AXI_LITE_test\ip\AXI_LITE_test_ps7_0\AXI_LITE_test_ps7_0_sim_netlist.v","237727","False",
"2_fpga\2_axi_lite_test\proj\AXI_LITE_test.gen\sources_1\bd\AXI_LITE_test\ip\AXI_LITE_test_ps7_0\AXI_LITE_test_ps7_0_stub.v","13051","False",
"2_fpga\2_axi_lite_test\proj\AXI_LITE_test.gen\sources_1\bd\AXI_LITE_test\ip\AXI_LITE_test_ps7_0\AXI_LITE_test_ps7_0.xdc","35408","False",
"2_fpga\2_axi_lite_test\proj\AXI_LITE_test.gen\sources_1\bd\AXI_LITE_test\ip\AXI_LITE_test_ps7_0\ps7_init_gpl.c","542002","False",
"2_fpga\2_axi_lite_test\proj\AXI_LITE_test.gen\sources_1\bd\AXI_LITE_test\ip\AXI_LITE_test_ps7_0\ps7_init_gpl.h","4413","False",
"2_fpga\2_axi_lite_test\proj\AXI_LITE_test.gen\sources_1\bd\AXI_LITE_test\ip\AXI_LITE_test_ps7_0\ps7_init.c","541385","False",
"2_fpga\2_axi_lite_test\proj\AXI_LITE_test.gen\sources_1\bd\AXI_LITE_test\ip\AXI_LITE_test_ps7_0\ps7_init.h","3795","False",
"2_fpga\2_axi_lite_test\proj\AXI_LITE_test.gen\sources_1\bd\AXI_LITE_test\ip\AXI_LITE_test_ps7_0\ps7_init.tcl","35627","False",
"2_fpga\2_axi_lite_test\proj\AXI_LITE_test.gen\sources_1\bd\AXI_LITE_test\ipshared\00fe\hdl\sc_node_v1_0_vl_rfs.sv","248233","False",
"2_fpga\2_axi_lite_test\proj\AXI_LITE_test.gen\sources_1\bd\AXI_LITE_test\ipshared\0848\hdl\sc_switchboard_v1_0_vl_rfs.sv","17628","False",
"2_fpga\2_axi_lite_test\proj\AXI_LITE_test.gen\sources_1\bd\AXI_LITE_test\ipshared\3051\hdl\sc_si_converter_v1_0_vl_rfs.sv","427846","False",
"2_fpga\2_axi_lite_test\proj\AXI_LITE_test.gen\sources_1\bd\AXI_LITE_test\ipshared\3d9a\hdl\sc_mmu_v1_0_vl_rfs.sv","111695","False",
"2_fpga\2_axi_lite_test\proj\AXI_LITE_test.gen\sources_1\bd\AXI_LITE_test\ipshared\4b52\hdl\verilog\processing_system7_v5_5_atc.v","17746","False",
"2_fpga\2_axi_lite_test\proj\AXI_LITE_test.gen\sources_1\bd\AXI_LITE_test\ipshared\4b52\hdl\verilog\processing_system7_v5_5_aw_atc.v","11995","False",
"2_fpga\2_axi_lite_test\proj\AXI_LITE_test.gen\sources_1\bd\AXI_LITE_test\ipshared\4b52\hdl\verilog\processing_system7_v5_5_b_atc.v","14642","False",
"2_fpga\2_axi_lite_test\proj\AXI_LITE_test.gen\sources_1\bd\AXI_LITE_test\ipshared\4b52\hdl\verilog\processing_system7_v5_5_trace_buffer.v","8668","False",
"2_fpga\2_axi_lite_test\proj\AXI_LITE_test.gen\sources_1\bd\AXI_LITE_test\ipshared\4b52\hdl\verilog\processing_system7_v5_5_w_atc.v","9582","False",
"2_fpga\2_axi_lite_test\proj\AXI_LITE_test.gen\sources_1\bd\AXI_LITE_test\ipshared\7785\hdl\sc_transaction_regulator_v1_0_vl_rfs.sv","86386","False",
"2_fpga\2_axi_lite_test\proj\AXI_LITE_test.gen\sources_1\bd\AXI_LITE_test\ipshared\852f\hdl\sc_axi2sc_v1_0_vl_rfs.sv","27096","False",
"2_fpga\2_axi_lite_test\proj\AXI_LITE_test.gen\sources_1\bd\AXI_LITE_test\ipshared\9a25\hdl\processing_system7_vip_v1_0_24_apis.v","40744","False",
"2_fpga\2_axi_lite_test\proj\AXI_LITE_test.gen\sources_1\bd\AXI_LITE_test\ipshared\9a25\hdl\processing_system7_vip_v1_0_24_axi_acp.v","3921","False",
"2_fpga\2_axi_lite_test\proj\AXI_LITE_test.gen\sources_1\bd\AXI_LITE_test\ipshared\9a25\hdl\processing_system7_vip_v1_0_24_axi_gp.v","12797","False",
"2_fpga\2_axi_lite_test\proj\AXI_LITE_test.gen\sources_1\bd\AXI_LITE_test\ipshared\9a25\hdl\processing_system7_vip_v1_0_24_axi_hp.v","14980","False",
"2_fpga\2_axi_lite_test\proj\AXI_LITE_test.gen\sources_1\bd\AXI_LITE_test\ipshared\9a25\hdl\processing_system7_vip_v1_0_24_local_params.v","9967","False",
"2_fpga\2_axi_lite_test\proj\AXI_LITE_test.gen\sources_1\bd\AXI_LITE_test\ipshared\9a25\hdl\processing_system7_vip_v1_0_24_reg_init.v","178764","False",
"2_fpga\2_axi_lite_test\proj\AXI_LITE_test.gen\sources_1\bd\AXI_LITE_test\ipshared\9a25\hdl\processing_system7_vip_v1_0_24_reg_params.v","397488","False",
"2_fpga\2_axi_lite_test\proj\AXI_LITE_test.gen\sources_1\bd\AXI_LITE_test\ipshared\9a25\hdl\processing_system7_vip_v1_0_24_unused_ports.v","12829","False",
"2_fpga\2_axi_lite_test\proj\AXI_LITE_test.gen\sources_1\bd\AXI_LITE_test\ipshared\9a25\hdl\processing_system7_vip_v1_0_vl_rfs.sv","465892","False",
"2_fpga\2_axi_lite_test\proj\AXI_LITE_test.gen\sources_1\bd\AXI_LITE_test\ipshared\a165\hdl\xlconstant_v1_1_vl_rfs.v","3177","False",
"2_fpga\2_axi_lite_test\proj\AXI_LITE_test.gen\sources_1\bd\AXI_LITE_test\ipshared\b16a\hdl\axi_vip_v1_1_vl_rfs.sv","31032","False",
"2_fpga\2_axi_lite_test\proj\AXI_LITE_test.gen\sources_1\bd\AXI_LITE_test\ipshared\bc4b\hdl\axi_register_slice_v2_1_vl_rfs.v","174589","False",
"2_fpga\2_axi_lite_test\proj\AXI_LITE_test.gen\sources_1\bd\AXI_LITE_test\ipshared\cb42\hdl\sc_ultralite_v1_0_rfs.sv","648155","False",
"2_fpga\2_axi_lite_test\proj\AXI_LITE_test.gen\sources_1\bd\AXI_LITE_test\ipshared\e44a\hdl\sc_exit_v1_0_vl_rfs.sv","420668","False",
"2_fpga\2_axi_lite_test\proj\AXI_LITE_test.gen\sources_1\bd\AXI_LITE_test\ipshared\ec67\hdl\axi_infrastructure_v1_1_vl_rfs.v","29851","False",
"2_fpga\2_axi_lite_test\proj\AXI_LITE_test.gen\sources_1\bd\AXI_LITE_test\ipshared\f0b6\hdl\sc_util_v1_0_vl_rfs.sv","286036","False",
"2_fpga\2_axi_lite_test\proj\AXI_LITE_test.gen\sources_1\bd\AXI_LITE_test\ipshared\fca9\hdl\sc_sc2axi_v1_0_vl_rfs.sv","27076","False",
"2_fpga\2_axi_lite_test\proj\AXI_LITE_test.gen\sources_1\bd\AXI_LITE_test\sim\AXI_LITE_test.v","14157","False",
"2_fpga\2_axi_lite_test\proj\AXI_LITE_test.gen\sources_1\bd\AXI_LITE_test\synth\AXI_LITE_test.v","14157","False",
"2_fpga\2_axi_lite_test\proj\AXI_LITE_test.gen\sources_1\bd\AXI_LITE_test\AXI_LITE_test_ooc.xdc","619","False",
"2_fpga\2_axi_lite_test\proj\AXI_LITE_test.gen\sources_1\bd\AXI_LITE_test\AXI_LITE_test_sv.sv","4605","False",
"2_fpga\2_axi_lite_test\proj\AXI_LITE_test.gen\sources_1\bd\mref\axi_lite_test_top\xgui\axi_lite_test_top_v1_0.tcl","205","False",
"2_fpga\2_axi_lite_test\proj\AXI_LITE_test.runs\AXI_LITE_test_axi_lite_test_0_0_synth_1\AXI_LITE_test_axi_lite_test_0_0.tcl","8878","False",
"2_fpga\2_axi_lite_test\proj\AXI_LITE_test.runs\AXI_LITE_test_control_reset_0_synth_1\.Xil\AXI_LITE_test_control_reset_0_propImpl.xdc","0","False",
"2_fpga\2_axi_lite_test\proj\AXI_LITE_test.runs\AXI_LITE_test_control_reset_0_synth_1\AXI_LITE_test_control_reset_0.tcl","14038","False",
"2_fpga\2_axi_lite_test\proj\AXI_LITE_test.runs\AXI_LITE_test_control_reset_0_synth_1\dont_touch.xdc","2231","False",
"2_fpga\2_axi_lite_test\proj\AXI_LITE_test.runs\AXI_LITE_test_ps7_0_synth_1\.Xil\AXI_LITE_test_ps7_0_propImpl.xdc","21653","False",
"2_fpga\2_axi_lite_test\proj\AXI_LITE_test.runs\AXI_LITE_test_ps7_0_synth_1\AXI_LITE_test_ps7_0.tcl","8394","False",
"2_fpga\2_axi_lite_test\proj\AXI_LITE_test.runs\AXI_LITE_test_ps7_0_synth_1\dont_touch.xdc","1331","False",
"2_fpga\2_axi_lite_test\proj\AXI_LITE_test.runs\impl_1\AXI_LITE_test_wrapper.bit","4045697","False",
"2_fpga\2_axi_lite_test\proj\AXI_LITE_test.runs\impl_1\AXI_LITE_test_wrapper.tcl","13077","False",
"2_fpga\2_axi_lite_test\proj\AXI_LITE_test.runs\synth_1\AXI_LITE_test_wrapper.tcl","8244","False",
"2_fpga\2_axi_lite_test\proj\AXI_LITE_test.runs\synth_1\dont_touch.xdc","1943","False",
"2_fpga\2_axi_lite_test\proj\AXI_LITE_test.srcs\sources_1\bd\AXI_LITE_test\ip\AXI_LITE_test_axi_lite_test_0_0\AXI_LITE_test_axi_lite_test_0_0.xci","14315","False",
"2_fpga\2_axi_lite_test\proj\AXI_LITE_test.srcs\sources_1\bd\AXI_LITE_test\ip\AXI_LITE_test_const_one_0\AXI_LITE_test_const_one_0.xci","2729","False",
"2_fpga\2_axi_lite_test\proj\AXI_LITE_test.srcs\sources_1\bd\AXI_LITE_test\ip\AXI_LITE_test_const_zero_0\AXI_LITE_test_const_zero_0.xci","2734","False",
"2_fpga\2_axi_lite_test\proj\AXI_LITE_test.srcs\sources_1\bd\AXI_LITE_test\ip\AXI_LITE_test_control_interconnect_0\AXI_LITE_test_control_interconnect_0.xci","25734","False",
"2_fpga\2_axi_lite_test\proj\AXI_LITE_test.srcs\sources_1\bd\AXI_LITE_test\ip\AXI_LITE_test_control_reset_0\AXI_LITE_test_control_reset_0.xci","12771","False",
"2_fpga\2_axi_lite_test\proj\AXI_LITE_test.srcs\sources_1\bd\AXI_LITE_test\ip\AXI_LITE_test_ps7_0\AXI_LITE_test_ps7_0.xci","139331","False",
"2_fpga\2_axi_lite_test\proj\AXI_LITE_test.srcs\sources_1\bd\AXI_LITE_test\AXI_LITE_test.bd","46626","False",
"2_fpga\2_axi_lite_test\proj\release\AXI_LITE_test.bit","4045697","False",
"2_fpga\2_axi_lite_test\proj\release\AXI_LITE_test.hwh","127598","False",
"2_fpga\2_axi_lite_test\proj\release\AXI_LITE_test.xsa","386385","False",
"2_fpga\2_axi_lite_test\proj\action_v1_pins.xdc","988","False",
"2_fpga\2_axi_lite_test\proj\build_action_v1.tcl","6252","False",
"2_fpga\2_axi_lite_test\proj\build.tcl","5660","False",
"2_fpga\2_axi_lite_test\proj\create_local_project.ps1","5379","False",
"2_fpga\2_axi_lite_test\proj\export_ps_config.py","1263","False",
"2_fpga\2_axi_lite_test\proj\offline_check.py","3184","False",
"2_fpga\2_axi_lite_test\proj\rebuild_reset_fix.tcl","3133","False",
"2_fpga\2_axi_lite_test\proj\run.ps1","3608","False",
"2_fpga\2_axi_lite_test\proj\simulate.tcl","943","False",
"2_fpga\2_axi_lite_test\proj\verify_release.py","3145","False",
"2_fpga\2_axi_lite_test\pynq\action_driver.py","4152","True","4152"
"2_fpga\2_axi_lite_test\pynq\action_protocol.py","3107","True","3107"
"2_fpga\2_axi_lite_test\pynq\action_service.py","4247","True","4247"
"2_fpga\2_axi_lite_test\pynq\axilt.py","5370","True","5370"
"2_fpga\2_axi_lite_test\pynq\board_test.py","6986","False",
"2_fpga\2_axi_lite_test\pynq\hardware_contract.py","1416","False",
"2_fpga\2_axi_lite_test\pynq\mmio_ordered.c","923","True","923"
"2_fpga\2_axi_lite_test\pynq\test_action_v1.py","9918","True","9918"
"2_fpga\2_axi_lite_test\pynq\test_driver.py","3409","False",
"2_fpga\2_axi_lite_test\pynq\test_hardware_contract.py","1912","False",
"2_fpga\2_axi_lite_test\rtl\action_command_executor.v","6500","False",
"2_fpga\2_axi_lite_test\rtl\action_uart_tx.v","4573","False",
"2_fpga\2_axi_lite_test\rtl\axi_action_control_top.v","6796","False",
"2_fpga\2_axi_lite_test\rtl\axi_action_reg_bank.v","7907","False",
"2_fpga\2_axi_lite_test\rtl\axi_lite_reg_bank.v","5885","False",
"2_fpga\2_axi_lite_test\rtl\axi_lite_slave.v","6728","False",
"2_fpga\2_axi_lite_test\rtl\axi_lite_test_top.v","6049","False",
"2_fpga\2_axi_lite_test\rtl\reg_test_executor.v","1961","False",
"2_fpga\2_axi_lite_test\sim\run_action.tcl","654","False",
"2_fpga\2_axi_lite_test\sim\tb_action_reset_baud.sv","12397","False",
"2_fpga\2_axi_lite_test\sim\tb_axi_action.sv","14467","False",
"2_fpga\2_axi_lite_test\sim\tb_axi_lite.sv","14129","False",
"2_fpga\2_axi_lite_test\sim\tb_reset_integration.sv","3107","False",
"2_fpga\2_axi_lite_test\sim\tb_slave_delay.sv","6084","False",
"2_fpga\2_axi_lite_test\sim\tb_smoke.sv","568","False",
"2_fpga\2_axi_lite_test\README.md","2624","False",
"8_tools\EES331_Action_Viewer_v1.0\_internal\_tcl_data\http1.0\http.tcl","10052","False",
"8_tools\EES331_Action_Viewer_v1.0\_internal\_tcl_data\http1.0\pkgIndex.tcl","746","False",
"8_tools\EES331_Action_Viewer_v1.0\_internal\_tcl_data\opt0.4\optparse.tcl","33781","False",
"8_tools\EES331_Action_Viewer_v1.0\_internal\_tcl_data\opt0.4\pkgIndex.tcl","636","False",
"8_tools\EES331_Action_Viewer_v1.0\_internal\_tcl_data\auto.tcl","21578","False",
"8_tools\EES331_Action_Viewer_v1.0\_internal\_tcl_data\clock.tcl","133009","False",
"8_tools\EES331_Action_Viewer_v1.0\_internal\_tcl_data\history.tcl","8236","False",
"8_tools\EES331_Action_Viewer_v1.0\_internal\_tcl_data\init.tcl","25722","False",
"8_tools\EES331_Action_Viewer_v1.0\_internal\_tcl_data\package.tcl","23983","False",
"8_tools\EES331_Action_Viewer_v1.0\_internal\_tcl_data\parray.tcl","844","False",
"8_tools\EES331_Action_Viewer_v1.0\_internal\_tcl_data\safe.tcl","42328","False",
"8_tools\EES331_Action_Viewer_v1.0\_internal\_tcl_data\tm.tcl","12236","False",
"8_tools\EES331_Action_Viewer_v1.0\_internal\_tcl_data\word.tcl","5051","False",
"8_tools\EES331_Action_Viewer_v1.0\_internal\_tk_data\ttk\altTheme.tcl","4901","False",
"8_tools\EES331_Action_Viewer_v1.0\_internal\_tk_data\ttk\aquaTheme.tcl","3809","False",
"8_tools\EES331_Action_Viewer_v1.0\_internal\_tk_data\ttk\button.tcl","3014","False",
"8_tools\EES331_Action_Viewer_v1.0\_internal\_tk_data\ttk\clamTheme.tcl","5858","False",
"8_tools\EES331_Action_Viewer_v1.0\_internal\_tk_data\ttk\classicTheme.tcl","4354","False",
"8_tools\EES331_Action_Viewer_v1.0\_internal\_tk_data\ttk\combobox.tcl","12708","False",
"8_tools\EES331_Action_Viewer_v1.0\_internal\_tk_data\ttk\cursors.tcl","4674","False",
"8_tools\EES331_Action_Viewer_v1.0\_internal\_tk_data\ttk\defaults.tcl","5004","False",
"8_tools\EES331_Action_Viewer_v1.0\_internal\_tk_data\ttk\entry.tcl","18006","False",
"8_tools\EES331_Action_Viewer_v1.0\_internal\_tk_data\ttk\fonts.tcl","5639","False",
"8_tools\EES331_Action_Viewer_v1.0\_internal\_tk_data\ttk\menubutton.tcl","6408","False",
"8_tools\EES331_Action_Viewer_v1.0\_internal\_tk_data\ttk\notebook.tcl","5863","False",
"8_tools\EES331_Action_Viewer_v1.0\_internal\_tk_data\ttk\panedwindow.tcl","2161","False",
"8_tools\EES331_Action_Viewer_v1.0\_internal\_tk_data\ttk\progress.tcl","1138","False",
"8_tools\EES331_Action_Viewer_v1.0\_internal\_tk_data\ttk\scale.tcl","2787","False",
"8_tools\EES331_Action_Viewer_v1.0\_internal\_tk_data\ttk\scrollbar.tcl","3284","False",
"8_tools\EES331_Action_Viewer_v1.0\_internal\_tk_data\ttk\sizegrip.tcl","2502","False",
"8_tools\EES331_Action_Viewer_v1.0\_internal\_tk_data\ttk\spinbox.tcl","5003","False",
"8_tools\EES331_Action_Viewer_v1.0\_internal\_tk_data\ttk\treeview.tcl","10180","False",
"8_tools\EES331_Action_Viewer_v1.0\_internal\_tk_data\ttk\ttk.tcl","5509","False",
"8_tools\EES331_Action_Viewer_v1.0\_internal\_tk_data\ttk\utils.tcl","8621","False",
"8_tools\EES331_Action_Viewer_v1.0\_internal\_tk_data\ttk\vistaTheme.tcl","10692","False",
"8_tools\EES331_Action_Viewer_v1.0\_internal\_tk_data\ttk\winTheme.tcl","3848","False",
"8_tools\EES331_Action_Viewer_v1.0\_internal\_tk_data\ttk\xpTheme.tcl","3090","False",
"8_tools\EES331_Action_Viewer_v1.0\_internal\_tk_data\bgerror.tcl","8806","False",
"8_tools\EES331_Action_Viewer_v1.0\_internal\_tk_data\button.tcl","21612","False",
"8_tools\EES331_Action_Viewer_v1.0\_internal\_tk_data\choosedir.tcl","10009","False",
"8_tools\EES331_Action_Viewer_v1.0\_internal\_tk_data\clrpick.tcl","22039","False",
"8_tools\EES331_Action_Viewer_v1.0\_internal\_tk_data\comdlg.tcl","8690","False",
"8_tools\EES331_Action_Viewer_v1.0\_internal\_tk_data\console.tcl","33364","False",
"8_tools\EES331_Action_Viewer_v1.0\_internal\_tk_data\dialog.tcl","5988","False",
"8_tools\EES331_Action_Viewer_v1.0\_internal\_tk_data\entry.tcl","18942","False",
"8_tools\EES331_Action_Viewer_v1.0\_internal\_tk_data\focus.tcl","5035","False",
"8_tools\EES331_Action_Viewer_v1.0\_internal\_tk_data\fontchooser.tcl","18292","False",
"8_tools\EES331_Action_Viewer_v1.0\_internal\_tk_data\iconlist.tcl","17456","False",
"8_tools\EES331_Action_Viewer_v1.0\_internal\_tk_data\icons.tcl","11037","False",
"8_tools\EES331_Action_Viewer_v1.0\_internal\_tk_data\listbox.tcl","15255","False",
"8_tools\EES331_Action_Viewer_v1.0\_internal\_tk_data\megawidget.tcl","9862","False",
"8_tools\EES331_Action_Viewer_v1.0\_internal\_tk_data\menu.tcl","40215","False",
"8_tools\EES331_Action_Viewer_v1.0\_internal\_tk_data\mkpsenc.tcl","30840","False",
"8_tools\EES331_Action_Viewer_v1.0\_internal\_tk_data\msgbox.tcl","16786","False",
"8_tools\EES331_Action_Viewer_v1.0\_internal\_tk_data\obsolete.tcl","5772","False",
"8_tools\EES331_Action_Viewer_v1.0\_internal\_tk_data\optMenu.tcl","1629","False",
"8_tools\EES331_Action_Viewer_v1.0\_internal\_tk_data\palette.tcl","8418","False",
"8_tools\EES331_Action_Viewer_v1.0\_internal\_tk_data\panedwindow.tcl","5370","False",
"8_tools\EES331_Action_Viewer_v1.0\_internal\_tk_data\pkgIndex.tcl","376","False",
"8_tools\EES331_Action_Viewer_v1.0\_internal\_tk_data\safetk.tcl","7632","False",
"8_tools\EES331_Action_Viewer_v1.0\_internal\_tk_data\scale.tcl","8693","False",
"8_tools\EES331_Action_Viewer_v1.0\_internal\_tk_data\scrlbar.tcl","13188","False",
"8_tools\EES331_Action_Viewer_v1.0\_internal\_tk_data\spinbox.tcl","16543","False",
"8_tools\EES331_Action_Viewer_v1.0\_internal\_tk_data\tearoff.tcl","4625","False",
"8_tools\EES331_Action_Viewer_v1.0\_internal\_tk_data\text.tcl","35183","False",
"8_tools\EES331_Action_Viewer_v1.0\_internal\_tk_data\tk.tcl","24322","False",
"8_tools\EES331_Action_Viewer_v1.0\_internal\_tk_data\tkfbox.tcl","39606","False",
"8_tools\EES331_Action_Viewer_v1.0\_internal\_tk_data\unsupported.tcl","10521","False",
"8_tools\EES331_Action_Viewer_v1.0\_internal\_tk_data\xmfbox.tcl","26991","False",
"8_tools\EES331_Action_Viewer_v1.0\_internal\cv2\data\__init__.py","73","False",
"8_tools\EES331_Action_Viewer_v1.0\_internal\cv2\gapi\__init__.py","10621","False",
"8_tools\EES331_Action_Viewer_v1.0\_internal\cv2\mat_wrapper\__init__.py","1164","False",
"8_tools\EES331_Action_Viewer_v1.0\_internal\cv2\misc\__init__.py","38","False",
"8_tools\EES331_Action_Viewer_v1.0\_internal\cv2\misc\version.py","95","False",
"8_tools\EES331_Action_Viewer_v1.0\_internal\cv2\typing\__init__.py","5545","False",
"8_tools\EES331_Action_Viewer_v1.0\_internal\cv2\utils\__init__.py","344","False",
"8_tools\EES331_Action_Viewer_v1.0\_internal\cv2\__init__.py","6793","False",
"8_tools\EES331_Action_Viewer_v1.0\_internal\cv2\config-3.py","748","False",
"8_tools\EES331_Action_Viewer_v1.0\_internal\cv2\config.py","123","False",
"8_tools\EES331_Action_Viewer_v1.0\_internal\cv2\load_config_py3.py","271","False",
"8_tools\EES331_Action_Viewer_v1.0\_internal\cv2\version.py","97","False",
"8_tools\EES331_Action_Viewer_v1.0\_internal\pyreadline3-3.5.6.dist-info\licenses\LICENSE.md","2250","False",
"8_tools\EES331_Action_Viewer_v1.0\_internal\torch\_awaits\__init__.py","1705","False",
"8_tools\EES331_Action_Viewer_v1.0\_internal\torch\_custom_op\__init__.py","0","False",
"8_tools\EES331_Action_Viewer_v1.0\_internal\torch\_custom_op\autograd.py","12386","False",
"8_tools\EES331_Action_Viewer_v1.0\_internal\torch\_custom_op\impl.py","27799","False",
"8_tools\EES331_Action_Viewer_v1.0\_internal\torch\_decomp\__init__.py","19835","False",
"8_tools\EES331_Action_Viewer_v1.0\_internal\torch\_decomp\decompositions_for_jvp.py","12054","False",
"8_tools\EES331_Action_Viewer_v1.0\_internal\torch\_decomp\decompositions_for_rng.py","9453","False",
"8_tools\EES331_Action_Viewer_v1.0\_internal\torch\_decomp\decompositions.py","187344","False",
"8_tools\EES331_Action_Viewer_v1.0\_internal\torch\_dispatch\__init__.py","0","False",
"8_tools\EES331_Action_Viewer_v1.0\_internal\torch\_dispatch\python.py","6942","False",
"8_tools\EES331_Action_Viewer_v1.0\_internal\torch\_dynamo\backends\__init__.py","0","False",
"8_tools\EES331_Action_Viewer_v1.0\_internal\torch\_dynamo\backends\common.py","6565","False",
"8_tools\EES331_Action_Viewer_v1.0\_internal\torch\_dynamo\backends\cudagraphs.py","10545","False",
"8_tools\EES331_Action_Viewer_v1.0\_internal\torch\_dynamo\backends\debugging.py","19273","False",
"8_tools\EES331_Action_Viewer_v1.0\_internal\torch\_dynamo\backends\distributed.py","29098","False",
"8_tools\EES331_Action_Viewer_v1.0\_internal\torch\_dynamo\backends\inductor.py","1135","False",
"8_tools\EES331_Action_Viewer_v1.0\_internal\torch\_dynamo\backends\onnxrt.py","1662","False",
"8_tools\EES331_Action_Viewer_v1.0\_internal\torch\_dynamo\backends\registry.py","5734","False",
"8_tools\EES331_Action_Viewer_v1.0\_internal\torch\_dynamo\backends\tensorrt.py","395","False",
"8_tools\EES331_Action_Viewer_v1.0\_internal\torch\_dynamo\backends\torchxla.py","1606","False",
"8_tools\EES331_Action_Viewer_v1.0\_internal\torch\_dynamo\backends\tvm.py","7409","False",
"8_tools\EES331_Action_Viewer_v1.0\_internal\torch\_dynamo\polyfills\__init__.py","12893","False",
"8_tools\EES331_Action_Viewer_v1.0\_internal\torch\_dynamo\polyfills\_collections.py","695","False",
"8_tools\EES331_Action_Viewer_v1.0\_internal\torch\_dynamo\polyfills\builtins.py","3781","False",
"8_tools\EES331_Action_Viewer_v1.0\_internal\torch\_dynamo\polyfills\functools.py","1013","False",
"8_tools\EES331_Action_Viewer_v1.0\_internal\torch\_dynamo\polyfills\fx.py","1391","False",
"8_tools\EES331_Action_Viewer_v1.0\_internal\torch\_dynamo\polyfills\heapq.py","3410","False",
"8_tools\EES331_Action_Viewer_v1.0\_internal\torch\_dynamo\polyfills\itertools.py","8336","False",
"8_tools\EES331_Action_Viewer_v1.0\_internal\torch\_dynamo\polyfills\loader.py","1428","False",
"8_tools\EES331_Action_Viewer_v1.0\_internal\torch\_dynamo\polyfills\operator.py","3574","False",
"8_tools\EES331_Action_Viewer_v1.0\_internal\torch\_dynamo\polyfills\os.py","1054","False",
"8_tools\EES331_Action_Viewer_v1.0\_internal\torch\_dynamo\polyfills\pytree.py","25190","False",
"8_tools\EES331_Action_Viewer_v1.0\_internal\torch\_dynamo\polyfills\struct.py","645","False",
"8_tools\EES331_Action_Viewer_v1.0\_internal\torch\_dynamo\polyfills\sys.py","740","False",
"8_tools\EES331_Action_Viewer_v1.0\_internal\torch\_dynamo\polyfills\tensor.py","1444","False",
"8_tools\EES331_Action_Viewer_v1.0\_internal\torch\_dynamo\repro\__init__.py","0","False",
"8_tools\EES331_Action_Viewer_v1.0\_internal\torch\_dynamo\repro\after_aot.py","46275","False",
"8_tools\EES331_Action_Viewer_v1.0\_internal\torch\_dynamo\repro\after_dynamo.py","22864","False",
"8_tools\EES331_Action_Viewer_v1.0\_internal\torch\_dynamo\repro\aoti.py","23120","False",
"8_tools\EES331_Action_Viewer_v1.0\_internal\torch\_dynamo\variables\__init__.py","7147","False",
"8_tools\EES331_Action_Viewer_v1.0\_internal\torch\_dynamo\variables\base.py","32224","False",
"8_tools\EES331_Action_Viewer_v1.0\_internal\torch\_dynamo\variables\builder.py","174647","False",
"8_tools\EES331_Action_Viewer_v1.0\_internal\torch\_dynamo\variables\builtin.py","132066","False",
"8_tools\EES331_Action_Viewer_v1.0\_internal\torch\_dynamo\variables\constant.py","16858","False",
"8_tools\EES331_Action_Viewer_v1.0\_internal\torch\_dynamo\variables\ctx_manager.py","55667","False",
"8_tools\EES331_Action_Viewer_v1.0\_internal\torch\_dynamo\variables\dicts.py","61325","False",
"8_tools\EES331_Action_Viewer_v1.0\_internal\torch\_dynamo\variables\distributed.py","19873","False",
"8_tools\EES331_Action_Viewer_v1.0\_internal\torch\_dynamo\variables\functions.py","118249","False",
"8_tools\EES331_Action_Viewer_v1.0\_internal\torch\_dynamo\variables\higher_order_ops.py","190742","False",
"8_tools\EES331_Action_Viewer_v1.0\_internal\torch\_dynamo\variables\iter.py","22959","False",
"8_tools\EES331_Action_Viewer_v1.0\_internal\torch\_dynamo\variables\lazy.py","8315","False",
"8_tools\EES331_Action_Viewer_v1.0\_internal\torch\_dynamo\variables\lists.py","68450","False",
"8_tools\EES331_Action_Viewer_v1.0\_internal\torch\_dynamo\variables\misc.py","85748","False",
"8_tools\EES331_Action_Viewer_v1.0\_internal\torch\_dynamo\variables\nn_module.py","61335","False",
"8_tools\EES331_Action_Viewer_v1.0\_internal\torch\_dynamo\variables\optimizer.py","18157","False",
"8_tools\EES331_Action_Viewer_v1.0\_internal\torch\_dynamo\variables\script_object.py","9140","False",
"8_tools\EES331_Action_Viewer_v1.0\_internal\torch\_dynamo\variables\sdpa.py","3082","False",
"8_tools\EES331_Action_Viewer_v1.0\_internal\torch\_dynamo\variables\streams.py","18373","False",
"8_tools\EES331_Action_Viewer_v1.0\_internal\torch\_dynamo\variables\tensor.py","74491","False",
"8_tools\EES331_Action_Viewer_v1.0\_internal\torch\_dynamo\variables\torch_function.py","28424","False",
"8_tools\EES331_Action_Viewer_v1.0\_internal\torch\_dynamo\variables\torch.py","96004","False",
"8_tools\EES331_Action_Viewer_v1.0\_internal\torch\_dynamo\variables\user_defined.py","98459","False",
"8_tools\EES331_Action_Viewer_v1.0\_internal\torch\_dynamo\__init__.py","7195","False",
"8_tools\EES331_Action_Viewer_v1.0\_internal\torch\_dynamo\_trace_wrapped_higher_order_op.py","9484","False",
"8_tools\EES331_Action_Viewer_v1.0\_internal\torch\_dynamo\aot_compile_types.py","2043","False",
"8_tools\EES331_Action_Viewer_v1.0\_internal\torch\_dynamo\aot_compile.py","13731","False",
"8_tools\EES331_Action_Viewer_v1.0\_internal\torch\_dynamo\bytecode_analysis.py","9483","False",
"8_tools\EES331_Action_Viewer_v1.0\_internal\torch\_dynamo\bytecode_transformation.py","69217","False",
"8_tools\EES331_Action_Viewer_v1.0\_internal\torch\_dynamo\cache_size.py","8163","False",
"8_tools\EES331_Action_Viewer_v1.0\_internal\torch\_dynamo\callback.py","5793","False",
"8_tools\EES331_Action_Viewer_v1.0\_internal\torch\_dynamo\code_context.py","1878","False",
"8_tools\EES331_Action_Viewer_v1.0\_internal\torch\_dynamo\codegen.py","29715","False",
"8_tools\EES331_Action_Viewer_v1.0\_internal\torch\_dynamo\compiled_autograd.py","65908","False",
"8_tools\EES331_Action_Viewer_v1.0\_internal\torch\_dynamo\comptime.py","15841","False",
"8_tools\EES331_Action_Viewer_v1.0\_internal\torch\_dynamo\config.py","33413","False",
"8_tools\EES331_Action_Viewer_v1.0\_internal\torch\_dynamo\convert_frame.py","85009","False",
"8_tools\EES331_Action_Viewer_v1.0\_internal\torch\_dynamo\create_parameter_op.py","2630","False",
"8_tools\EES331_Action_Viewer_v1.0\_internal\torch\_dynamo\current_scope_id.py","1475","False",
"8_tools\EES331_Action_Viewer_v1.0\_internal\torch\_dynamo\dce_extra_outputs.py","7236","False",
"8_tools\EES331_Action_Viewer_v1.0\_internal\torch\_dynamo\debug_utils.py","33561","False",
"8_tools\EES331_Action_Viewer_v1.0\_internal\torch\_dynamo\decorators.py","41595","False",
"8_tools\EES331_Action_Viewer_v1.0\_internal\torch\_dynamo\device_interface.py","22944","False",
"8_tools\EES331_Action_Viewer_v1.0\_internal\torch\_dynamo\distributed.py","1724","False",
"8_tools\EES331_Action_Viewer_v1.0\_internal\torch\_dynamo\eval_frame.py","101107","False",
"8_tools\EES331_Action_Viewer_v1.0\_internal\torch\_dynamo\exc.py","27001","False",
"8_tools\EES331_Action_Viewer_v1.0\_internal\torch\_dynamo\external_utils.py","9061","False",
"8_tools\EES331_Action_Viewer_v1.0\_internal\torch\_dynamo\funcname_cache.py","2623","False",
"8_tools\EES331_Action_Viewer_v1.0\_internal\torch\_dynamo\functional_export.py","34563","False",
"8_tools\EES331_Action_Viewer_v1.0\_internal\torch\_dynamo\graph_break_hints.py","1353","False",
"8_tools\EES331_Action_Viewer_v1.0\_internal\torch\_dynamo\graph_bytecode_inputs.py","3223","False",
"8_tools\EES331_Action_Viewer_v1.0\_internal\torch\_dynamo\graph_deduplication.py","24233","False",
"8_tools\EES331_Action_Viewer_v1.0\_internal\torch\_dynamo\graph_region_tracker.py","19101","False",
"8_tools\EES331_Action_Viewer_v1.0\_internal\torch\_dynamo\graph_utils.py","3674","False",
"8_tools\EES331_Action_Viewer_v1.0\_internal\torch\_dynamo\guards.py","194021","False",
"8_tools\EES331_Action_Viewer_v1.0\_internal\torch\_dynamo\hooks.py","919","False",
"8_tools\EES331_Action_Viewer_v1.0\_internal\torch\_dynamo\logging.py","2288","False",
"8_tools\EES331_Action_Viewer_v1.0\_internal\torch\_dynamo\metrics_context.py","9140","False",
"8_tools\EES331_Action_Viewer_v1.0\_internal\torch\_dynamo\mutation_guard.py","5326","False",
"8_tools\EES331_Action_Viewer_v1.0\_internal\torch\_dynamo\output_graph.py","171635","False",
"8_tools\EES331_Action_Viewer_v1.0\_internal\torch\_dynamo\package.py","43336","False",
"8_tools\EES331_Action_Viewer_v1.0\_internal\torch\_dynamo\pgo.py","37395","False",
"8_tools\EES331_Action_Viewer_v1.0\_internal\torch\_dynamo\precompile_context.py","7988","False",
"8_tools\EES331_Action_Viewer_v1.0\_internal\torch\_dynamo\profiler.py","6071","False",
"8_tools\EES331_Action_Viewer_v1.0\_internal\torch\_dynamo\replay_record.py","4519","False",
"8_tools\EES331_Action_Viewer_v1.0\_internal\torch\_dynamo\resume_execution.py","31644","False",
"8_tools\EES331_Action_Viewer_v1.0\_internal\torch\_dynamo\side_effects.py","54549","False",
"8_tools\EES331_Action_Viewer_v1.0\_internal\torch\_dynamo\source.py","44878","False",
"8_tools\EES331_Action_Viewer_v1.0\_internal\torch\_dynamo\symbolic_convert.py","221912","False",
"8_tools\EES331_Action_Viewer_v1.0\_internal\torch\_dynamo\tensor_version_op.py","2805","False",
"8_tools\EES331_Action_Viewer_v1.0\_internal\torch\_dynamo\test_case.py","8893","False",
"8_tools\EES331_Action_Viewer_v1.0\_internal\torch\_dynamo\test_dont_skip_tracing_functions.py","857","False",
"8_tools\EES331_Action_Viewer_v1.0\_internal\torch\_dynamo\test_minifier_common.py","13001","False",
"8_tools\EES331_Action_Viewer_v1.0\_internal\torch\_dynamo\testing.py","18852","False",
"8_tools\EES331_Action_Viewer_v1.0\_internal\torch\_dynamo\trace_rules.py","161509","False",
"8_tools\EES331_Action_Viewer_v1.0\_internal\torch\_dynamo\types.py","4322","False",
"8_tools\EES331_Action_Viewer_v1.0\_internal\torch\_dynamo\utils.py","180062","False",
"8_tools\EES331_Action_Viewer_v1.0\_internal\torch\_export\db\examples\__init__.py","1709","False",
"8_tools\EES331_Action_Viewer_v1.0\_internal\torch\_export\db\examples\assume_constant_result.py","530","False",
"8_tools\EES331_Action_Viewer_v1.0\_internal\torch\_export\db\examples\autograd_function.py","677","False",
"8_tools\EES331_Action_Viewer_v1.0\_internal\torch\_export\db\examples\class_method.py","521","False",
"8_tools\EES331_Action_Viewer_v1.0\_internal\torch\_export\db\examples\cond_branch_class_method.py","1371","False",
"8_tools\EES331_Action_Viewer_v1.0\_internal\torch\_export\db\examples\cond_branch_nested_function.py","1343","False",
"8_tools\EES331_Action_Viewer_v1.0\_internal\torch\_export\db\examples\cond_branch_nonlocal_variables.py","1900","False",
"8_tools\EES331_Action_Viewer_v1.0\_internal\torch\_export\db\examples\cond_closed_over_variable.py","569","False",
"8_tools\EES331_Action_Viewer_v1.0\_internal\torch\_export\db\examples\cond_operands.py","834","False",
"8_tools\EES331_Action_Viewer_v1.0\_internal\torch\_export\db\examples\cond_predicate.py","688","False",
"8_tools\EES331_Action_Viewer_v1.0\_internal\torch\_export\db\examples\constrain_as_size_example.py","538","False",
"8_tools\EES331_Action_Viewer_v1.0\_internal\torch\_export\db\examples\constrain_as_value_example.py","597","False",
"8_tools\EES331_Action_Viewer_v1.0\_internal\torch\_export\db\examples\decorator.py","503","False",
"8_tools\EES331_Action_Viewer_v1.0\_internal\torch\_export\db\examples\dictionary.py","421","False",
"8_tools\EES331_Action_Viewer_v1.0\_internal\torch\_export\db\examples\dynamic_shape_assert.py","468","False",
"8_tools\EES331_Action_Viewer_v1.0\_internal\torch\_export\db\examples\dynamic_shape_constructor.py","411","False",
"8_tools\EES331_Action_Viewer_v1.0\_internal\torch\_export\db\examples\dynamic_shape_if_guard.py","579","False",
"8_tools\EES331_Action_Viewer_v1.0\_internal\torch\_export\db\examples\dynamic_shape_map.py","473","False",
"8_tools\EES331_Action_Viewer_v1.0\_internal\torch\_export\db\examples\dynamic_shape_round.py","546","False",
"8_tools\EES331_Action_Viewer_v1.0\_internal\torch\_export\db\examples\dynamic_shape_slicing.py","403","False",
"8_tools\EES331_Action_Viewer_v1.0\_internal\torch\_export\db\examples\dynamic_shape_view.py","461","False",
"8_tools\EES331_Action_Viewer_v1.0\_internal\torch\_export\db\examples\fn_with_kwargs.py","761","False",
"8_tools\EES331_Action_Viewer_v1.0\_internal\torch\_export\db\examples\list_contains.py","494","False",
"8_tools\EES331_Action_Viewer_v1.0\_internal\torch\_export\db\examples\list_unpack.py","589","False",
"8_tools\EES331_Action_Viewer_v1.0\_internal\torch\_export\db\examples\model_attr_mutation.py","652","False",
"8_tools\EES331_Action_Viewer_v1.0\_internal\torch\_export\db\examples\nested_function.py","514","False",
"8_tools\EES331_Action_Viewer_v1.0\_internal\torch\_export\db\examples\null_context_manager.py","499","False",
"8_tools\EES331_Action_Viewer_v1.0\_internal\torch\_export\db\examples\optional_input.py","467","False",
"8_tools\EES331_Action_Viewer_v1.0\_internal\torch\_export\db\examples\pytree_flatten.py","392","False",
"8_tools\EES331_Action_Viewer_v1.0\_internal\torch\_export\db\examples\scalar_output.py","566","False",
"8_tools\EES331_Action_Viewer_v1.0\_internal\torch\_export\db\examples\specialized_attribute.py","546","False",
"8_tools\EES331_Action_Viewer_v1.0\_internal\torch\_export\db\examples\static_for_loop.py","401","False",
"8_tools\EES331_Action_Viewer_v1.0\_internal\torch\_export\db\examples\static_if.py","415","False",
"8_tools\EES331_Action_Viewer_v1.0\_internal\torch\_export\db\examples\tensor_setattr.py","352","False",
"8_tools\EES331_Action_Viewer_v1.0\_internal\torch\_export\db\examples\type_reflection_method.py","483","False",
"8_tools\EES331_Action_Viewer_v1.0\_internal\torch\_export\db\examples\unsupported_operator.py","429","False",
"8_tools\EES331_Action_Viewer_v1.0\_internal\torch\_export\db\examples\user_input_mutation.py","319","False",
"8_tools\EES331_Action_Viewer_v1.0\_internal\torch\_export\db\__init__.py","211","False",
"8_tools\EES331_Action_Viewer_v1.0\_internal\torch\_export\db\case.py","5215","False",
"8_tools\EES331_Action_Viewer_v1.0\_internal\torch\_export\db\gen_example.py","483","False",
"8_tools\EES331_Action_Viewer_v1.0\_internal\torch\_export\db\logging.py","1738","False",
"8_tools\EES331_Action_Viewer_v1.0\_internal\torch\_export\pass_infra\__init__.py","0","False",
"8_tools\EES331_Action_Viewer_v1.0\_internal\torch\_export\pass_infra\node_metadata.py","803","False",
"8_tools\EES331_Action_Viewer_v1.0\_internal\torch\_export\pass_infra\proxy_value.py","1314","False",
"8_tools\EES331_Action_Viewer_v1.0\_internal\torch\_export\passes\__init__.py","89","False",
"8_tools\EES331_Action_Viewer_v1.0\_internal\torch\_export\passes\_node_metadata_hook.py","3490","False",
"8_tools\EES331_Action_Viewer_v1.0\_internal\torch\_export\passes\add_runtime_assertions_for_constraints_pass.py","10480","False",
"8_tools\EES331_Action_Viewer_v1.0\_internal\torch\_export\passes\collect_tracepoints_pass.py","6668","False",
"8_tools\EES331_Action_Viewer_v1.0\_internal\torch\_export\passes\constant_folding.py","11607","False",
"8_tools\EES331_Action_Viewer_v1.0\_internal\torch\_export\passes\functionalize_side_effectful_ops_pass.py","3378","False",
"8_tools\EES331_Action_Viewer_v1.0\_internal\torch\_export\passes\insert_custom_op_guards.py","2997","False",
"8_tools\EES331_Action_Viewer_v1.0\_internal\torch\_export\passes\lift_constants_pass.py","18039","False",
"8_tools\EES331_Action_Viewer_v1.0\_internal\torch\_export\passes\remove_runtime_assertions.py","1624","False",
"8_tools\EES331_Action_Viewer_v1.0\_internal\torch\_export\passes\replace_autocast_with_hop_pass.py","7352","False",
"8_tools\EES331_Action_Viewer_v1.0\_internal\torch\_export\passes\replace_quantized_ops_with_standard_ops_pass.py","26736","False",
"8_tools\EES331_Action_Viewer_v1.0\_internal\torch\_export\passes\replace_set_grad_with_hop_pass.py","4405","False",
"8_tools\EES331_Action_Viewer_v1.0\_internal\torch\_export\passes\replace_view_ops_with_view_copy_ops_pass.py","2476","False",
"8_tools\EES331_Action_Viewer_v1.0\_internal\torch\_export\passes\replace_with_hop_pass_util.py","7791","False",
"8_tools\EES331_Action_Viewer_v1.0\_internal\torch\_export\serde\__init__.py","0","False",
"8_tools\EES331_Action_Viewer_v1.0\_internal\torch\_export\serde\dynamic_shapes.py","11977","False",
"8_tools\EES331_Action_Viewer_v1.0\_internal\torch\_export\serde\schema_check.py","25488","False",
"8_tools\EES331_Action_Viewer_v1.0\_internal\torch\_export\serde\schema.py","15410","False",
"8_tools\EES331_Action_Viewer_v1.0\_internal\torch\_export\serde\serialize.py","163565","False",
"8_tools\EES331_Action_Viewer_v1.0\_internal\torch\_export\serde\union.py","3037","False",
"8_tools\EES331_Action_Viewer_v1.0\_internal\torch\_export\__init__.py","6880","False",
"8_tools\EES331_Action_Viewer_v1.0\_internal\torch\_export\config.py","1455","False",
"8_tools\EES331_Action_Viewer_v1.0\_internal\torch\_export\converter.py","66179","False",
"8_tools\EES331_Action_Viewer_v1.0\_internal\torch\_export\error.py","1826","False",
"8_tools\EES331_Action_Viewer_v1.0\_internal\torch\_export\non_strict_utils.py","43684","False",
"8_tools\EES331_Action_Viewer_v1.0\_internal\torch\_export\pass_base.py","19004","False",
"8_tools\EES331_Action_Viewer_v1.0\_internal\torch\_export\tools.py","4747","False",
"8_tools\EES331_Action_Viewer_v1.0\_internal\torch\_export\utils.py","60448","False",
"8_tools\EES331_Action_Viewer_v1.0\_internal\torch\_export\verifier.py","21710","False",
"8_tools\EES331_Action_Viewer_v1.0\_internal\torch\_export\wrappers.py","12850","False",
"8_tools\EES331_Action_Viewer_v1.0\_internal\torch\_functorch\_activation_checkpointing\__init__.py","211","False",
"8_tools\EES331_Action_Viewer_v1.0\_internal\torch\_functorch\_activation_checkpointing\ac_logging_utils.py","8133","False",
"8_tools\EES331_Action_Viewer_v1.0\_internal\torch\_functorch\_activation_checkpointing\graph_info_provider.py","13037","False",
"8_tools\EES331_Action_Viewer_v1.0\_internal\torch\_functorch\_activation_checkpointing\knapsack_evaluator.py","12105","False",
"8_tools\EES331_Action_Viewer_v1.0\_internal\torch\_functorch\_activation_checkpointing\knapsack.py","9527","False",
"8_tools\EES331_Action_Viewer_v1.0\_internal\torch\_functorch\_activation_checkpointing\remat_using_tags_for_fwd_loss_bwd_graph_pass.py","5113","False",
"8_tools\EES331_Action_Viewer_v1.0\_internal\torch\_functorch\_activation_offloading\__init__.py","211","False",
"8_tools\EES331_Action_Viewer_v1.0\_internal\torch\_functorch\_activation_offloading\activation_offloading.py","32067","False",
"8_tools\EES331_Action_Viewer_v1.0\_internal\torch\_functorch\_aot_autograd\__init__.py","211","False",
"8_tools\EES331_Action_Viewer_v1.0\_internal\torch\_functorch\_aot_autograd\aot_autograd_result.py","25875","False",
"8_tools\EES331_Action_Viewer_v1.0\_internal\torch\_functorch\_aot_autograd\autograd_cache.py","44445","False",
"8_tools\EES331_Action_Viewer_v1.0\_internal\torch\_functorch\_aot_autograd\collect_metadata_analysis.py","46241","False",
"8_tools\EES331_Action_Viewer_v1.0\_internal\torch\_functorch\_aot_autograd\descriptors.py","27284","False",
"8_tools\EES331_Action_Viewer_v1.0\_internal\torch\_functorch\_aot_autograd\frontend_utils.py","13740","False",
"8_tools\EES331_Action_Viewer_v1.0\_internal\torch\_functorch\_aot_autograd\functional_utils.py","24193","False",
"8_tools\EES331_Action_Viewer_v1.0\_internal\torch\_functorch\_aot_autograd\fx_utils.py","12807","False",
"8_tools\EES331_Action_Viewer_v1.0\_internal\torch\_functorch\_aot_autograd\graph_capture_wrappers.py","63953","False",
"8_tools\EES331_Action_Viewer_v1.0\_internal\torch\_functorch\_aot_autograd\graph_capture.py","19321","False",
"8_tools\EES331_Action_Viewer_v1.0\_internal\torch\_functorch\_aot_autograd\graph_compile.py","93649","False",
"8_tools\EES331_Action_Viewer_v1.0\_internal\torch\_functorch\_aot_autograd\indexed_dict.py","1813","False",
"8_tools\EES331_Action_Viewer_v1.0\_internal\torch\_functorch\_aot_autograd\input_output_analysis.py","19251","False",
"8_tools\EES331_Action_Viewer_v1.0\_internal\torch\_functorch\_aot_autograd\logging_utils.py","4722","False",
"8_tools\EES331_Action_Viewer_v1.0\_internal\torch\_functorch\_aot_autograd\runtime_wrappers.py","114133","False",
"8_tools\EES331_Action_Viewer_v1.0\_internal\torch\_functorch\_aot_autograd\schemas.py","55642","False",
"8_tools\EES331_Action_Viewer_v1.0\_internal\torch\_functorch\_aot_autograd\streams.py","10806","False",
"8_tools\EES331_Action_Viewer_v1.0\_internal\torch\_functorch\_aot_autograd\subclass_parametrization.py","4228","False",
"8_tools\EES331_Action_Viewer_v1.0\_internal\torch\_functorch\_aot_autograd\subclass_utils.py","20795","False",
"8_tools\EES331_Action_Viewer_v1.0\_internal\torch\_functorch\_aot_autograd\utils.py","30492","False",
"8_tools\EES331_Action_Viewer_v1.0\_internal\torch\_functorch\__init__.py","211","False",
"8_tools\EES331_Action_Viewer_v1.0\_internal\torch\_functorch\aot_autograd.py","73709","False",
"8_tools\EES331_Action_Viewer_v1.0\_internal\torch\_functorch\apis.py","19552","False",
"8_tools\EES331_Action_Viewer_v1.0\_internal\torch\_functorch\autograd_function.py","30113","False",
"8_tools\EES331_Action_Viewer_v1.0\_internal\torch\_functorch\batch_norm_replacement.py","884","False",
"8_tools\EES331_Action_Viewer_v1.0\_internal\torch\_functorch\benchmark_utils.py","6540","False",
"8_tools\EES331_Action_Viewer_v1.0\_internal\torch\_functorch\compile_utils.py","7903","False",
"8_tools\EES331_Action_Viewer_v1.0\_internal\torch\_functorch\compilers.py","14448","False",
"8_tools\EES331_Action_Viewer_v1.0\_internal\torch\_functorch\config.py","18341","False",
"8_tools\EES331_Action_Viewer_v1.0\_internal\torch\_functorch\deprecated.py","5408","False",
"8_tools\EES331_Action_Viewer_v1.0\_internal\torch\_functorch\eager_transforms.py","72907","False",
"8_tools\EES331_Action_Viewer_v1.0\_internal\torch\_functorch\functional_call.py","10888","False",
"8_tools\EES331_Action_Viewer_v1.0\_internal\torch\_functorch\fx_minifier.py","17873","False",
"8_tools\EES331_Action_Viewer_v1.0\_internal\torch\_functorch\make_functional.py","23560","False",
"8_tools\EES331_Action_Viewer_v1.0\_internal\torch\_functorch\partitioners.py","124826","False",
"8_tools\EES331_Action_Viewer_v1.0\_internal\torch\_functorch\predispatch.py","5471","False",
"8_tools\EES331_Action_Viewer_v1.0\_internal\torch\_functorch\pyfunctorch.py","11140","False",
"8_tools\EES331_Action_Viewer_v1.0\_internal\torch\_functorch\python_key.py","457","False",
"8_tools\EES331_Action_Viewer_v1.0\_internal\torch\_functorch\pytree_hacks.py","721","False",
"8_tools\EES331_Action_Viewer_v1.0\_internal\torch\_functorch\top_operators_github_usage.py","22023","False",
"8_tools\EES331_Action_Viewer_v1.0\_internal\torch\_functorch\utils.py","1092","False",
"8_tools\EES331_Action_Viewer_v1.0\_internal\torch\_functorch\vmap.py","17428","False",
"8_tools\EES331_Action_Viewer_v1.0\_internal\torch\_higher_order_ops\__init__.py","2659","False",
"8_tools\EES331_Action_Viewer_v1.0\_internal\torch\_higher_order_ops\_invoke_quant.py","1832","False",
"8_tools\EES331_Action_Viewer_v1.0\_internal\torch\_higher_order_ops\aoti_call_delegate.py","6290","False",
"8_tools\EES331_Action_Viewer_v1.0\_internal\torch\_higher_order_ops\associative_scan.py","37639","False",
"8_tools\EES331_Action_Viewer_v1.0\_internal\torch\_higher_order_ops\auto_functionalize.py","37799","False",
"8_tools\EES331_Action_Viewer_v1.0\_internal\torch\_higher_order_ops\base_hop.py","10962","False",
"8_tools\EES331_Action_Viewer_v1.0\_internal\torch\_higher_order_ops\cond.py","28401","False",
"8_tools\EES331_Action_Viewer_v1.0\_internal\torch\_higher_order_ops\effects.py","10185","False",
"8_tools\EES331_Action_Viewer_v1.0\_internal\torch\_higher_order_ops\executorch_call_delegate.py","6174","False",
"8_tools\EES331_Action_Viewer_v1.0\_internal\torch\_higher_order_ops\flat_apply.py","5860","False",
"8_tools\EES331_Action_Viewer_v1.0\_internal\torch\_higher_order_ops\flex_attention.py","45866","False",
"8_tools\EES331_Action_Viewer_v1.0\_internal\torch\_higher_order_ops\foreach_map.py","714","False",
"8_tools\EES331_Action_Viewer_v1.0\_internal\torch\_higher_order_ops\hints_wrap.py","4916","False",
"8_tools\EES331_Action_Viewer_v1.0\_internal\torch\_higher_order_ops\invoke_subgraph.py","31568","False",
"8_tools\EES331_Action_Viewer_v1.0\_internal\torch\_higher_order_ops\local_map.py","21781","False",
"8_tools\EES331_Action_Viewer_v1.0\_internal\torch\_higher_order_ops\map.py","10308","False",
"8_tools\EES331_Action_Viewer_v1.0\_internal\torch\_higher_order_ops\out_dtype.py","5729","False",
"8_tools\EES331_Action_Viewer_v1.0\_internal\torch\_higher_order_ops\partitioner.py","13959","False",
"8_tools\EES331_Action_Viewer_v1.0\_internal\torch\_higher_order_ops\print.py","3155","False",
"8_tools\EES331_Action_Viewer_v1.0\_internal\torch\_higher_order_ops\run_const_graph.py","2536","False",
"8_tools\EES331_Action_Viewer_v1.0\_internal\torch\_higher_order_ops\scan.py","36939","False",
"8_tools\EES331_Action_Viewer_v1.0\_internal\torch\_higher_order_ops\schema.py","11531","False",
"8_tools\EES331_Action_Viewer_v1.0\_internal\torch\_higher_order_ops\strict_mode.py","3947","False",
"8_tools\EES331_Action_Viewer_v1.0\_internal\torch\_higher_order_ops\torchbind.py","6416","False",
"8_tools\EES331_Action_Viewer_v1.0\_internal\torch\_higher_order_ops\triton_kernel_wrap.py","87919","False",
"8_tools\EES331_Action_Viewer_v1.0\_internal\torch\_higher_order_ops\utils.py","48334","False",
"8_tools\EES331_Action_Viewer_v1.0\_internal\torch\_higher_order_ops\while_loop.py","37601","False",
"8_tools\EES331_Action_Viewer_v1.0\_internal\torch\_higher_order_ops\wrap.py","15038","False",
"8_tools\EES331_Action_Viewer_v1.0\_internal\torch\_inductor\analysis\__init__.py","0","False",
"8_tools\EES331_Action_Viewer_v1.0\_internal\torch\_inductor\analysis\device_info.py","7685","False",
"8_tools\EES331_Action_Viewer_v1.0\_internal\torch\_inductor\analysis\profile_analysis.py","28393","False",
"8_tools\EES331_Action_Viewer_v1.0\_internal\torch\_inductor\autoheuristic\artifacts\__init__.py","0","False",
"8_tools\EES331_Action_Viewer_v1.0\_internal\torch\_inductor\autoheuristic\artifacts\_MixedMMA100.py","8070","False",
"8_tools\EES331_Action_Viewer_v1.0\_internal\torch\_inductor\autoheuristic\artifacts\_MixedMMH100.py","8018","False",
"8_tools\EES331_Action_Viewer_v1.0\_internal\torch\_inductor\autoheuristic\artifacts\_MMRankingA100.py","28340","False",
"8_tools\EES331_Action_Viewer_v1.0\_internal\torch\_inductor\autoheuristic\artifacts\_MMRankingH100.py","30989","False",
"8_tools\EES331_Action_Viewer_v1.0\_internal\torch\_inductor\autoheuristic\artifacts\_PadMMA100.py","5040","False",
"8_tools\EES331_Action_Viewer_v1.0\_internal\torch\_inductor\autoheuristic\__init__.py","0","False",
"8_tools\EES331_Action_Viewer_v1.0\_internal\torch\_inductor\autoheuristic\autoheuristic_utils.py","11648","False",
"8_tools\EES331_Action_Viewer_v1.0\_internal\torch\_inductor\autoheuristic\autoheuristic.py","12277","False",
"8_tools\EES331_Action_Viewer_v1.0\_internal\torch\_inductor\autoheuristic\learned_heuristic_controller.py","4436","False",
"8_tools\EES331_Action_Viewer_v1.0\_internal\torch\_inductor\autoheuristic\learnedheuristic_interface.py","2821","False",
"8_tools\EES331_Action_Viewer_v1.0\_internal\torch\_inductor\codegen\cuda\cutlass_lib_extensions\cutlass_mock_imports\cuda\__init__.py","89","False",
"8_tools\EES331_Action_Viewer_v1.0\_internal\torch\_inductor\codegen\cuda\cutlass_lib_extensions\cutlass_mock_imports\cuda\cuda.py","338","False",
"8_tools\EES331_Action_Viewer_v1.0\_internal\torch\_inductor\codegen\cuda\cutlass_lib_extensions\cutlass_mock_imports\cuda\cudart.py","322","False",
"8_tools\EES331_Action_Viewer_v1.0\_internal\torch\_inductor\codegen\cuda\cutlass_lib_extensions\cutlass_mock_imports\pydot\__init__.py","56","False",
"8_tools\EES331_Action_Viewer_v1.0\_internal\torch\_inductor\codegen\cuda\cutlass_lib_extensions\cutlass_mock_imports\scipy\__init__.py","58","False",
"8_tools\EES331_Action_Viewer_v1.0\_internal\torch\_inductor\codegen\cuda\cutlass_lib_extensions\cutlass_mock_imports\scipy\special.py","56","False",
"8_tools\EES331_Action_Viewer_v1.0\_internal\torch\_inductor\codegen\cuda\cutlass_lib_extensions\cutlass_mock_imports\__init__.py","0","False",
"8_tools\EES331_Action_Viewer_v1.0\_internal\torch\_inductor\codegen\cuda\cutlass_lib_extensions\__init__.py","0","False",
"8_tools\EES331_Action_Viewer_v1.0\_internal\torch\_inductor\codegen\cuda\cutlass_lib_extensions\evt_extensions.py","11179","False",
"8_tools\EES331_Action_Viewer_v1.0\_internal\torch\_inductor\codegen\cuda\cutlass_lib_extensions\gemm_operation_extensions.py","19057","False",
"8_tools\EES331_Action_Viewer_v1.0\_internal\torch\_inductor\codegen\cuda\__init__.py","0","False",
"8_tools\EES331_Action_Viewer_v1.0\_internal\torch\_inductor\codegen\cuda\cuda_cpp_scheduling.py","12260","False",
"8_tools\EES331_Action_Viewer_v1.0\_internal\torch\_inductor\codegen\cuda\cuda_env.py","1446","False",
"8_tools\EES331_Action_Viewer_v1.0\_internal\torch\_inductor\codegen\cuda\cuda_kernel.py","25346","False",
"8_tools\EES331_Action_Viewer_v1.0\_internal\torch\_inductor\codegen\cuda\cuda_template.py","14355","False",
"8_tools\EES331_Action_Viewer_v1.0\_internal\torch\_inductor\codegen\cuda\cutlass_cache.py","3770","False",
"8_tools\EES331_Action_Viewer_v1.0\_internal\torch\_inductor\codegen\cuda\cutlass_python_evt.py","12118","False",
"8_tools\EES331_Action_Viewer_v1.0\_internal\torch\_inductor\codegen\cuda\cutlass_utils.py","17604","False",
"8_tools\EES331_Action_Viewer_v1.0\_internal\torch\_inductor\codegen\cuda\device_op_overrides.py","15083","False",
"8_tools\EES331_Action_Viewer_v1.0\_internal\torch\_inductor\codegen\cuda\gemm_template.py","79154","False",
"8_tools\EES331_Action_Viewer_v1.0\_internal\torch\_inductor\codegen\cuda\serialization.py","18306","False",
"8_tools\EES331_Action_Viewer_v1.0\_internal\torch\_inductor\codegen\cutedsl\__init__.py","172","False",
"8_tools\EES331_Action_Viewer_v1.0\_internal\torch\_inductor\codegen\cutedsl\_cutedsl_utils.py","955","False",
"8_tools\EES331_Action_Viewer_v1.0\_internal\torch\_inductor\codegen\cutedsl\cutedsl_kernel.py","23602","False",
"8_tools\EES331_Action_Viewer_v1.0\_internal\torch\_inductor\codegen\cutedsl\cutedsl_op_overrides.py","13297","False",
"8_tools\EES331_Action_Viewer_v1.0\_internal\torch\_inductor\codegen\cutedsl\cutedsl_scheduling.py","5451","False",
"8_tools\EES331_Action_Viewer_v1.0\_internal\torch\_inductor\codegen\cutedsl\cutedsl_template.py","7268","False",
"8_tools\EES331_Action_Viewer_v1.0\_internal\torch\_inductor\codegen\mtia\__init__.py","0","False",
"8_tools\EES331_Action_Viewer_v1.0\_internal\torch\_inductor\codegen\mtia\device_op_overrides.py","657","False",
"8_tools\EES331_Action_Viewer_v1.0\_internal\torch\_inductor\codegen\rocm\__init__.py","0","False",
"8_tools\EES331_Action_Viewer_v1.0\_internal\torch\_inductor\codegen\rocm\ck_conv_template.py","25563","False",
"8_tools\EES331_Action_Viewer_v1.0\_internal\torch\_inductor\codegen\rocm\ck_template.py","3805","False",
"8_tools\EES331_Action_Viewer_v1.0\_internal\torch\_inductor\codegen\rocm\ck_tile_template.py","1649","False",
"8_tools\EES331_Action_Viewer_v1.0\_internal\torch\_inductor\codegen\rocm\ck_tile_universal_gemm_template.py","38012","False",
"8_tools\EES331_Action_Viewer_v1.0\_internal\torch\_inductor\codegen\rocm\ck_universal_gemm_template.py","40691","False",
"8_tools\EES331_Action_Viewer_v1.0\_internal\torch\_inductor\codegen\rocm\compile_command.py","4815","False",
"8_tools\EES331_Action_Viewer_v1.0\_internal\torch\_inductor\codegen\rocm\rocm_benchmark_request.py","5207","False",
"8_tools\EES331_Action_Viewer_v1.0\_internal\torch\_inductor\codegen\rocm\rocm_cpp_scheduling.py","3978","False",
"8_tools\EES331_Action_Viewer_v1.0\_internal\torch\_inductor\codegen\rocm\rocm_kernel.py","10756","False",
"8_tools\EES331_Action_Viewer_v1.0\_internal\torch\_inductor\codegen\rocm\rocm_template_buffer.py","854","False",
"8_tools\EES331_Action_Viewer_v1.0\_internal\torch\_inductor\codegen\rocm\rocm_template.py","6829","False",
"8_tools\EES331_Action_Viewer_v1.0\_internal\torch\_inductor\codegen\rocm\rocm_utils.py","353","False",
"8_tools\EES331_Action_Viewer_v1.0\_internal\torch\_inductor\codegen\xpu\__init__.py","0","False",
"8_tools\EES331_Action_Viewer_v1.0\_internal\torch\_inductor\codegen\xpu\device_op_overrides.py","1951","False",
"8_tools\EES331_Action_Viewer_v1.0\_internal\torch\_inductor\codegen\__init__.py","0","False",
"8_tools\EES331_Action_Viewer_v1.0\_internal\torch\_inductor\codegen\aoti_hipify_utils.py","1476","False",
"8_tools\EES331_Action_Viewer_v1.0\_internal\torch\_inductor\codegen\block_analysis.py","7451","False",
"8_tools\EES331_Action_Viewer_v1.0\_internal\torch\_inductor\codegen\common.py","107380","False",
"8_tools\EES331_Action_Viewer_v1.0\_internal\torch\_inductor\codegen\cpp_bmm_template.py","9649","False",
"8_tools\EES331_Action_Viewer_v1.0\_internal\torch\_inductor\codegen\cpp_flex_attention_template.py","42501","False",
"8_tools\EES331_Action_Viewer_v1.0\_internal\torch\_inductor\codegen\cpp_gemm_template.py","79781","False",
"8_tools\EES331_Action_Viewer_v1.0\_internal\torch\_inductor\codegen\cpp_grouped_gemm_template.py","21421","False",
"8_tools\EES331_Action_Viewer_v1.0\_internal\torch\_inductor\codegen\cpp_micro_gemm.py","79829","False",
"8_tools\EES331_Action_Viewer_v1.0\_internal\torch\_inductor\codegen\cpp_template_kernel.py","26780","False",
"8_tools\EES331_Action_Viewer_v1.0\_internal\torch\_inductor\codegen\cpp_template.py","5161","False",
"8_tools\EES331_Action_Viewer_v1.0\_internal\torch\_inductor\codegen\cpp_utils.py","29063","False",
"8_tools\EES331_Action_Viewer_v1.0\_internal\torch\_inductor\codegen\cpp_wrapper_cpu_array_ref.py","39892","False",
"8_tools\EES331_Action_Viewer_v1.0\_internal\torch\_inductor\codegen\cpp_wrapper_cpu.py","133846","False",
"8_tools\EES331_Action_Viewer_v1.0\_internal\torch\_inductor\codegen\cpp_wrapper_gpu.py","37610","False",
"8_tools\EES331_Action_Viewer_v1.0\_internal\torch\_inductor\codegen\cpp_wrapper_mps.py","12598","False",
"8_tools\EES331_Action_Viewer_v1.0\_internal\torch\_inductor\codegen\cpp.py","240097","False",
"8_tools\EES331_Action_Viewer_v1.0\_internal\torch\_inductor\codegen\cpu_device_op_overrides.py","724","False",
"8_tools\EES331_Action_Viewer_v1.0\_internal\torch\_inductor\codegen\cuda_combined_scheduling.py","6418","False",
"8_tools\EES331_Action_Viewer_v1.0\_internal\torch\_inductor\codegen\debug_utils.py","11689","False",
"8_tools\EES331_Action_Viewer_v1.0\_internal\torch\_inductor\codegen\halide.py","65158","False",
"8_tools\EES331_Action_Viewer_v1.0\_internal\torch\_inductor\codegen\memory_planning.py","27420","False",
"8_tools\EES331_Action_Viewer_v1.0\_internal\torch\_inductor\codegen\mps_device_op_overrides.py","695","False",
"8_tools\EES331_Action_Viewer_v1.0\_internal\torch\_inductor\codegen\mps.py","43124","False",
"8_tools\EES331_Action_Viewer_v1.0\_internal\torch\_inductor\codegen\multi_kernel.py","24015","False",
"8_tools\EES331_Action_Viewer_v1.0\_internal\torch\_inductor\codegen\pallas.py","75803","False",
"8_tools\EES331_Action_Viewer_v1.0\_internal\torch\_inductor\codegen\python_wrapper_mtia.py","1059","False",
"8_tools\EES331_Action_Viewer_v1.0\_internal\torch\_inductor\codegen\segmented_tree.py","8435","False",
"8_tools\EES331_Action_Viewer_v1.0\_internal\torch\_inductor\codegen\simd_kernel_features.py","24401","False",
"8_tools\EES331_Action_Viewer_v1.0\_internal\torch\_inductor\codegen\simd.py","125621","False",
"8_tools\EES331_Action_Viewer_v1.0\_internal\torch\_inductor\codegen\subgraph.py","16657","False",
"8_tools\EES331_Action_Viewer_v1.0\_internal\torch\_inductor\codegen\triton_combo_kernel.py","44936","False",
"8_tools\EES331_Action_Viewer_v1.0\_internal\torch\_inductor\codegen\triton_split_scan.py","7925","False",
"8_tools\EES331_Action_Viewer_v1.0\_internal\torch\_inductor\codegen\triton_utils.py","9545","False",
"8_tools\EES331_Action_Viewer_v1.0\_internal\torch\_inductor\codegen\triton.py","255111","False",
"8_tools\EES331_Action_Viewer_v1.0\_internal\torch\_inductor\codegen\wrapper_fxir.py","45532","False",
"8_tools\EES331_Action_Viewer_v1.0\_internal\torch\_inductor\codegen\wrapper.py","160233","False",
"8_tools\EES331_Action_Viewer_v1.0\_internal\torch\_inductor\compile_worker\__init__.py","0","False",
"8_tools\EES331_Action_Viewer_v1.0\_internal\torch\_inductor\compile_worker\__main__.py","2325","False",
"8_tools\EES331_Action_Viewer_v1.0\_internal\torch\_inductor\compile_worker\subproc_pool.py","17977","False",
"8_tools\EES331_Action_Viewer_v1.0\_internal\torch\_inductor\compile_worker\timer.py","1920","False",
"8_tools\EES331_Action_Viewer_v1.0\_internal\torch\_inductor\compile_worker\tracked_process_pool.py","3806","False",
"8_tools\EES331_Action_Viewer_v1.0\_internal\torch\_inductor\compile_worker\utils.py","1683","False",
"8_tools\EES331_Action_Viewer_v1.0\_internal\torch\_inductor\fx_passes\serialized_patterns\__init__.py","0","False",
"8_tools\EES331_Action_Viewer_v1.0\_internal\torch\_inductor\fx_passes\serialized_patterns\_sfdp_pattern_1.py","11351","False",
"8_tools\EES331_Action_Viewer_v1.0\_internal\torch\_inductor\fx_passes\serialized_patterns\_sfdp_pattern_10.py","14421","False",
"8_tools\EES331_Action_Viewer_v1.0\_internal\torch\_inductor\fx_passes\serialized_patterns\_sfdp_pattern_11.py","14191","False",
"8_tools\EES331_Action_Viewer_v1.0\_internal\torch\_inductor\fx_passes\serialized_patterns\_sfdp_pattern_12.py","15477","False",
"8_tools\EES331_Action_Viewer_v1.0\_internal\torch\_inductor\fx_passes\serialized_patterns\_sfdp_pattern_13.py","7992","False",
"8_tools\EES331_Action_Viewer_v1.0\_internal\torch\_inductor\fx_passes\serialized_patterns\_sfdp_pattern_14.py","14533","False",
"8_tools\EES331_Action_Viewer_v1.0\_internal\torch\_inductor\fx_passes\serialized_patterns\_sfdp_pattern_15.py","16443","False",
"8_tools\EES331_Action_Viewer_v1.0\_internal\torch\_inductor\fx_passes\serialized_patterns\_sfdp_pattern_16.py","44195","False",
"8_tools\EES331_Action_Viewer_v1.0\_internal\torch\_inductor\fx_passes\serialized_patterns\_sfdp_pattern_17.py","17687","False",
"8_tools\EES331_Action_Viewer_v1.0\_internal\torch\_inductor\fx_passes\serialized_patterns\_sfdp_pattern_18.py","33189","False",
"8_tools\EES331_Action_Viewer_v1.0\_internal\torch\_inductor\fx_passes\serialized_patterns\_sfdp_pattern_19.py","14255","False",
"8_tools\EES331_Action_Viewer_v1.0\_internal\torch\_inductor\fx_passes\serialized_patterns\_sfdp_pattern_2.py","11361","False",
"8_tools\EES331_Action_Viewer_v1.0\_internal\torch\_inductor\fx_passes\serialized_patterns\_sfdp_pattern_20.py","17585","False",
"8_tools\EES331_Action_Viewer_v1.0\_internal\torch\_inductor\fx_passes\serialized_patterns\_sfdp_pattern_21.py","28637","False",
"8_tools\EES331_Action_Viewer_v1.0\_internal\torch\_inductor\fx_passes\serialized_patterns\_sfdp_pattern_22.py","29337","False",
"8_tools\EES331_Action_Viewer_v1.0\_internal\torch\_inductor\fx_passes\serialized_patterns\_sfdp_pattern_23.py","29157","False",
"8_tools\EES331_Action_Viewer_v1.0\_internal\torch\_inductor\fx_passes\serialized_patterns\_sfdp_pattern_24.py","9427","False",
"8_tools\EES331_Action_Viewer_v1.0\_internal\torch\_inductor\fx_passes\serialized_patterns\_sfdp_pattern_3.py","12637","False",
"8_tools\EES331_Action_Viewer_v1.0\_internal\torch\_inductor\fx_passes\serialized_patterns\_sfdp_pattern_4.py","12601","False",
"8_tools\EES331_Action_Viewer_v1.0\_internal\torch\_inductor\fx_passes\serialized_patterns\_sfdp_pattern_5.py","11591","False",
"8_tools\EES331_Action_Viewer_v1.0\_internal\torch\_inductor\fx_passes\serialized_patterns\_sfdp_pattern_6.py","12835","False",
"8_tools\EES331_Action_Viewer_v1.0\_internal\torch\_inductor\fx_passes\serialized_patterns\_sfdp_pattern_7.py","15657","False",
"8_tools\EES331_Action_Viewer_v1.0\_internal\torch\_inductor\fx_passes\serialized_patterns\_sfdp_pattern_8.py","14409","False",
"8_tools\EES331_Action_Viewer_v1.0\_internal\torch\_inductor\fx_passes\serialized_patterns\_sfdp_pattern_9.py","15665","False",
"8_tools\EES331_Action_Viewer_v1.0\_internal\torch\_inductor\fx_passes\serialized_patterns\addmm_pattern.py","1911","False",
"8_tools\EES331_Action_Viewer_v1.0\_internal\torch\_inductor\fx_passes\serialized_patterns\bmm_pattern.py","1317","False",
"8_tools\EES331_Action_Viewer_v1.0\_internal\torch\_inductor\fx_passes\serialized_patterns\mm_pattern.py","1305","False",
"8_tools\EES331_Action_Viewer_v1.0\_internal\torch\_inductor\fx_passes\__init__.py","0","False",
"8_tools\EES331_Action_Viewer_v1.0\_internal\torch\_inductor\fx_passes\b2b_gemm.py","26439","False",
"8_tools\EES331_Action_Viewer_v1.0\_internal\torch\_inductor\fx_passes\binary_folding.py","20333","False",
"8_tools\EES331_Action_Viewer_v1.0\_internal\torch\_inductor\fx_passes\bucketing.py","40233","False",
"8_tools\EES331_Action_Viewer_v1.0\_internal\torch\_inductor\fx_passes\control_dependencies.py","8152","False",
"8_tools\EES331_Action_Viewer_v1.0\_internal\torch\_inductor\fx_passes\ddp_fusion.py","21796","False",
"8_tools\EES331_Action_Viewer_v1.0\_internal\torch\_inductor\fx_passes\decompose_mem_bound_mm.py","11502","False",
"8_tools\EES331_Action_Viewer_v1.0\_internal\torch\_inductor\fx_passes\dedupe_symint_uses.py","2586","False",
"8_tools\EES331_Action_Viewer_v1.0\_internal\torch\_inductor\fx_passes\efficient_conv_bn_eval.py","14528","False",
"8_tools\EES331_Action_Viewer_v1.0\_internal\torch\_inductor\fx_passes\freezing_patterns.py","9951","False",
"8_tools\EES331_Action_Viewer_v1.0\_internal\torch\_inductor\fx_passes\fsdp.py","3890","False",
"8_tools\EES331_Action_Viewer_v1.0\_internal\torch\_inductor\fx_passes\fuse_attention.py","38336","False",
"8_tools\EES331_Action_Viewer_v1.0\_internal\torch\_inductor\fx_passes\graph_view.py","9275","False",
"8_tools\EES331_Action_Viewer_v1.0\_internal\torch\_inductor\fx_passes\group_batch_fusion.py","60772","False",
"8_tools\EES331_Action_Viewer_v1.0\_internal\torch\_inductor\fx_passes\joint_graph.py","38446","False",
"8_tools\EES331_Action_Viewer_v1.0\_internal\torch\_inductor\fx_passes\memory_estimator.py","17668","False",
"8_tools\EES331_Action_Viewer_v1.0\_internal\torch\_inductor\fx_passes\micro_pipeline_tp.py","41460","False",
"8_tools\EES331_Action_Viewer_v1.0\_internal\torch\_inductor\fx_passes\misc_patterns.py","5287","False",
"8_tools\EES331_Action_Viewer_v1.0\_internal\torch\_inductor\fx_passes\mkldnn_fusion.py","64011","False",
"8_tools\EES331_Action_Viewer_v1.0\_internal\torch\_inductor\fx_passes\node_runtime_estimation.py","10159","False",
"8_tools\EES331_Action_Viewer_v1.0\_internal\torch\_inductor\fx_passes\numeric_utils.py","7498","False",
"8_tools\EES331_Action_Viewer_v1.0\_internal\torch\_inductor\fx_passes\overlap_manual_scheduling.py","14937","False",
"8_tools\EES331_Action_Viewer_v1.0\_internal\torch\_inductor\fx_passes\overlap_preserving_bucketer.py","35815","False",
"8_tools\EES331_Action_Viewer_v1.0\_internal\torch\_inductor\fx_passes\overlap_scheduling.py","52452","False",
"8_tools\EES331_Action_Viewer_v1.0\_internal\torch\_inductor\fx_passes\pad_mm.py","31273","False",
"8_tools\EES331_Action_Viewer_v1.0\_internal\torch\_inductor\fx_passes\post_grad.py","70875","False",
"8_tools\EES331_Action_Viewer_v1.0\_internal\torch\_inductor\fx_passes\pre_grad.py","31938","False",
"8_tools\EES331_Action_Viewer_v1.0\_internal\torch\_inductor\fx_passes\quantization.py","147893","False",
"8_tools\EES331_Action_Viewer_v1.0\_internal\torch\_inductor\fx_passes\reinplace.py","31791","False",
"8_tools\EES331_Action_Viewer_v1.0\_internal\torch\_inductor\fx_passes\replace_random.py","4528","False",
"8_tools\EES331_Action_Viewer_v1.0\_internal\torch\_inductor\fx_passes\split_cat.py","124493","False",
"8_tools\EES331_Action_Viewer_v1.0\_internal\torch\_inductor\kernel\flex\__init__.py","156","False",
"8_tools\EES331_Action_Viewer_v1.0\_internal\torch\_inductor\kernel\flex\common.py","11851","False",
"8_tools\EES331_Action_Viewer_v1.0\_internal\torch\_inductor\kernel\flex\flex_attention.py","34367","False",
"8_tools\EES331_Action_Viewer_v1.0\_internal\torch\_inductor\kernel\flex\flex_cpu.py","12258","False",
"8_tools\EES331_Action_Viewer_v1.0\_internal\torch\_inductor\kernel\flex\flex_decoding.py","15446","False",
"8_tools\EES331_Action_Viewer_v1.0\_internal\torch\_inductor\kernel\flex\flex_flash_attention.py","16527","False",
"8_tools\EES331_Action_Viewer_v1.0\_internal\torch\_inductor\kernel\vendored_templates\__init__.py","0","False",
"8_tools\EES331_Action_Viewer_v1.0\_internal\torch\_inductor\kernel\vendored_templates\cutedsl_grouped_gemm.py","97045","False",
"8_tools\EES331_Action_Viewer_v1.0\_internal\torch\_inductor\kernel\__init__.py","47","False",
"8_tools\EES331_Action_Viewer_v1.0\_internal\torch\_inductor\kernel\bmm.py","11888","False",
"8_tools\EES331_Action_Viewer_v1.0\_internal\torch\_inductor\kernel\conv.py","21972","False",
"8_tools\EES331_Action_Viewer_v1.0\_internal\torch\_inductor\kernel\custom_op.py","20052","False",
"8_tools\EES331_Action_Viewer_v1.0\_internal\torch\_inductor\kernel\mm_common.py","8341","False",
"8_tools\EES331_Action_Viewer_v1.0\_internal\torch\_inductor\kernel\mm_grouped.py","28395","False",
"8_tools\EES331_Action_Viewer_v1.0\_internal\torch\_inductor\kernel\mm_plus_mm.py","6074","False",
"8_tools\EES331_Action_Viewer_v1.0\_internal\torch\_inductor\kernel\mm.py","38139","False",
"8_tools\EES331_Action_Viewer_v1.0\_internal\torch\_inductor\lookup_table\__init__.py","909","False",
"8_tools\EES331_Action_Viewer_v1.0\_internal\torch\_inductor\lookup_table\choices.py","16491","False",
"8_tools\EES331_Action_Viewer_v1.0\_internal\torch\_inductor\package\__init__.py","68","False",
"8_tools\EES331_Action_Viewer_v1.0\_internal\torch\_inductor\package\build_package.py","344","False",
"8_tools\EES331_Action_Viewer_v1.0\_internal\torch\_inductor\package\package.py","4565","False",
"8_tools\EES331_Action_Viewer_v1.0\_internal\torch\_inductor\runtime\caching\__init__.py","2472","False",
"8_tools\EES331_Action_Viewer_v1.0\_internal\torch\_inductor\runtime\caching\config.py","5582","False",
"8_tools\EES331_Action_Viewer_v1.0\_internal\torch\_inductor\runtime\caching\context.py","10607","False",
"8_tools\EES331_Action_Viewer_v1.0\_internal\torch\_inductor\runtime\caching\exceptions.py","6156","False",
"8_tools\EES331_Action_Viewer_v1.0\_internal\torch\_inductor\runtime\caching\implementations.py","14106","False",
"8_tools\EES331_Action_Viewer_v1.0\_internal\torch\_inductor\runtime\caching\interfaces.py","31650","False",
"8_tools\EES331_Action_Viewer_v1.0\_internal\torch\_inductor\runtime\caching\locks.py","7713","False",
"8_tools\EES331_Action_Viewer_v1.0\_internal\torch\_inductor\runtime\caching\utils.py","3541","False",
"8_tools\EES331_Action_Viewer_v1.0\_internal\torch\_inductor\runtime\__init__.py","0","False",
"8_tools\EES331_Action_Viewer_v1.0\_internal\torch\_inductor\runtime\autotune_cache.py","23715","False",
"8_tools\EES331_Action_Viewer_v1.0\_internal\torch\_inductor\runtime\benchmarking.py","18007","False",
"8_tools\EES331_Action_Viewer_v1.0\_internal\torch\_inductor\runtime\cache_dir_utils.py","1498","False",
"8_tools\EES331_Action_Viewer_v1.0\_internal\torch\_inductor\runtime\compile_tasks.py","2378","False",
"8_tools\EES331_Action_Viewer_v1.0\_internal\torch\_inductor\runtime\coordinate_descent_tuner.py","14649","False",
"8_tools\EES331_Action_Viewer_v1.0\_internal\torch\_inductor\runtime\debug_utils.py","4413","False",
"8_tools\EES331_Action_Viewer_v1.0\_internal\torch\_inductor\runtime\halide_helpers.py","3660","False",
"8_tools\EES331_Action_Viewer_v1.0\_internal\torch\_inductor\runtime\hints.py","7391","False",
"8_tools\EES331_Action_Viewer_v1.0\_internal\torch\_inductor\runtime\runtime_utils.py","7214","False",
"8_tools\EES331_Action_Viewer_v1.0\_internal\torch\_inductor\runtime\static_cuda_launcher.py","11198","False",
"8_tools\EES331_Action_Viewer_v1.0\_internal\torch\_inductor\runtime\triton_compat.py","4551","False",
"8_tools\EES331_Action_Viewer_v1.0\_internal\torch\_inductor\runtime\triton_helpers.py","24750","False",
"8_tools\EES331_Action_Viewer_v1.0\_internal\torch\_inductor\runtime\triton_heuristics.py","148273","False",
"8_tools\EES331_Action_Viewer_v1.0\_internal\torch\_inductor\template_heuristics\__init__.py","325","False",
"8_tools\EES331_Action_Viewer_v1.0\_internal\torch\_inductor\template_heuristics\aten.py","2967","False",
"8_tools\EES331_Action_Viewer_v1.0\_internal\torch\_inductor\template_heuristics\base.py","2580","False",
"8_tools\EES331_Action_Viewer_v1.0\_internal\torch\_inductor\template_heuristics\contiguous_mm.py","2304","False",
"8_tools\EES331_Action_Viewer_v1.0\_internal\torch\_inductor\template_heuristics\cutedsl.py","4596","False",
"8_tools\EES331_Action_Viewer_v1.0\_internal\torch\_inductor\template_heuristics\decompose_k.py","2453","False",
"8_tools\EES331_Action_Viewer_v1.0\_internal\torch\_inductor\template_heuristics\gemm.py","558","False",
"8_tools\EES331_Action_Viewer_v1.0\_internal\torch\_inductor\template_heuristics\params.py","1299","False",
"8_tools\EES331_Action_Viewer_v1.0\_internal\torch\_inductor\template_heuristics\registry.py","6216","False",
"8_tools\EES331_Action_Viewer_v1.0\_internal\torch\_inductor\template_heuristics\triton_addmm.py","1122","False",
"8_tools\EES331_Action_Viewer_v1.0\_internal\torch\_inductor\template_heuristics\triton.py","101224","False",
"8_tools\EES331_Action_Viewer_v1.0\_internal\torch\_inductor\__autotune_main__.py","946","False",
"8_tools\EES331_Action_Viewer_v1.0\_internal\torch\_inductor\__init__.py","15329","False",
"8_tools\EES331_Action_Viewer_v1.0\_internal\torch\_inductor\analyze_preserves_zero_mask.py","5656","False",
"8_tools\EES331_Action_Viewer_v1.0\_internal\torch\_inductor\aoti_eager.py","11464","False",
"8_tools\EES331_Action_Viewer_v1.0\_internal\torch\_inductor\async_compile.py","26965","False",
"8_tools\EES331_Action_Viewer_v1.0\_internal\torch\_inductor\augmented_graph_helper.py","7238","False",
"8_tools\EES331_Action_Viewer_v1.0\_internal\torch\_inductor\autotune_process.py","36358","False",
"8_tools\EES331_Action_Viewer_v1.0\_internal\torch\_inductor\await_utils.py","6019","False",
"8_tools\EES331_Action_Viewer_v1.0\_internal\torch\_inductor\bounds.py","9977","False",
"8_tools\EES331_Action_Viewer_v1.0\_internal\torch\_inductor\cache.py","15242","False",
"8_tools\EES331_Action_Viewer_v1.0\_internal\torch\_inductor\choices.py","27433","False",
"8_tools\EES331_Action_Viewer_v1.0\_internal\torch\_inductor\codecache.py","178932","False",
"8_tools\EES331_Action_Viewer_v1.0\_internal\torch\_inductor\comm_analysis.py","17294","False",
"8_tools\EES331_Action_Viewer_v1.0\_internal\torch\_inductor\comm_lowering.py","14126","False",
"8_tools\EES331_Action_Viewer_v1.0\_internal\torch\_inductor\comms_debug.py","4339","False",
"8_tools\EES331_Action_Viewer_v1.0\_internal\torch\_inductor\comms.py","105181","False",
"8_tools\EES331_Action_Viewer_v1.0\_internal\torch\_inductor\compile_fx_async.py","14910","False",
"8_tools\EES331_Action_Viewer_v1.0\_internal\torch\_inductor\compile_fx_ext.py","23872","False",
"8_tools\EES331_Action_Viewer_v1.0\_internal\torch\_inductor\compile_fx_subproc.py","3264","False",
"8_tools\EES331_Action_Viewer_v1.0\_internal\torch\_inductor\compile_fx.py","120458","False",
"8_tools\EES331_Action_Viewer_v1.0\_internal\torch\_inductor\compiler_bisector.py","23634","False",
"8_tools\EES331_Action_Viewer_v1.0\_internal\torch\_inductor\config_comms.py","3149","False",
"8_tools\EES331_Action_Viewer_v1.0\_internal\torch\_inductor\config.py","93695","False",
"8_tools\EES331_Action_Viewer_v1.0\_internal\torch\_inductor\constant_folding.py","15659","False",
"8_tools\EES331_Action_Viewer_v1.0\_internal\torch\_inductor\cpp_builder.py","88112","False",
"8_tools\EES331_Action_Viewer_v1.0\_internal\torch\_inductor\cpu_vec_isa.py","18708","False",
"8_tools\EES331_Action_Viewer_v1.0\_internal\torch\_inductor\cudagraph_trees.py","107150","False",
"8_tools\EES331_Action_Viewer_v1.0\_internal\torch\_inductor\cudagraph_utils.py","14561","False",
"8_tools\EES331_Action_Viewer_v1.0\_internal\torch\_inductor\custom_graph_pass.py","6044","False",
"8_tools\EES331_Action_Viewer_v1.0\_internal\torch\_inductor\debug.py","48166","False",
"8_tools\EES331_Action_Viewer_v1.0\_internal\torch\_inductor\decomposition.py","41991","False",
"8_tools\EES331_Action_Viewer_v1.0\_internal\torch\_inductor\dependencies.py","32808","False",
"8_tools\EES331_Action_Viewer_v1.0\_internal\torch\_inductor\distributed_autotune.py","12754","False",
"8_tools\EES331_Action_Viewer_v1.0\_internal\torch\_inductor\dtype_propagation.py","12427","False",
"8_tools\EES331_Action_Viewer_v1.0\_internal\torch\_inductor\exc.py","5029","False",
"8_tools\EES331_Action_Viewer_v1.0\_internal\torch\_inductor\extern_node_serializer.py","854","False",
"8_tools\EES331_Action_Viewer_v1.0\_internal\torch\_inductor\freezing_utils.py","1323","False",
"8_tools\EES331_Action_Viewer_v1.0\_internal\torch\_inductor\freezing.py","11343","False",
"8_tools\EES331_Action_Viewer_v1.0\_internal\torch\_inductor\fuzzer.py","38532","False",
"8_tools\EES331_Action_Viewer_v1.0\_internal\torch\_inductor\fx_utils.py","13634","False",
"8_tools\EES331_Action_Viewer_v1.0\_internal\torch\_inductor\graph.py","111501","False",
"8_tools\EES331_Action_Viewer_v1.0\_internal\torch\_inductor\hooks.py","697","False",
"8_tools\EES331_Action_Viewer_v1.0\_internal\torch\_inductor\index_propagation.py","13726","False",
"8_tools\EES331_Action_Viewer_v1.0\_internal\torch\_inductor\inductor_prims.py","7560","False",
"8_tools\EES331_Action_Viewer_v1.0\_internal\torch\_inductor\invert_expr_analysis.py","7165","False",
"8_tools\EES331_Action_Viewer_v1.0\_internal\torch\_inductor\ir.py","360522","False",
"8_tools\EES331_Action_Viewer_v1.0\_internal\torch\_inductor\jagged_lowerings.py","9486","False",
"8_tools\EES331_Action_Viewer_v1.0\_internal\torch\_inductor\kernel_inputs.py","11159","False",
"8_tools\EES331_Action_Viewer_v1.0\_internal\torch\_inductor\kernel_template_choice.py","3462","False",
"8_tools\EES331_Action_Viewer_v1.0\_internal\torch\_inductor\loop_body.py","27801","False",
"8_tools\EES331_Action_Viewer_v1.0\_internal\torch\_inductor\lowering.py","260212","False",
"8_tools\EES331_Action_Viewer_v1.0\_internal\torch\_inductor\memory.py","41894","False",
"8_tools\EES331_Action_Viewer_v1.0\_internal\torch\_inductor\metrics.py","15087","False",
"8_tools\EES331_Action_Viewer_v1.0\_internal\torch\_inductor\mkldnn_ir.py","44977","False",
"8_tools\EES331_Action_Viewer_v1.0\_internal\torch\_inductor\mkldnn_lowerings.py","58463","False",
"8_tools\EES331_Action_Viewer_v1.0\_internal\torch\_inductor\mock_cache.py","8861","False",
"8_tools\EES331_Action_Viewer_v1.0\_internal\torch\_inductor\ops_handler.py","37441","False",
"8_tools\EES331_Action_Viewer_v1.0\_internal\torch\_inductor\optimize_indexing.py","4261","False",
"8_tools\EES331_Action_Viewer_v1.0\_internal\torch\_inductor\output_code.py","40967","False",
"8_tools\EES331_Action_Viewer_v1.0\_internal\torch\_inductor\pattern_matcher.py","86911","False",
"8_tools\EES331_Action_Viewer_v1.0\_internal\torch\_inductor\quantized_lowerings.py","5897","False",
"8_tools\EES331_Action_Viewer_v1.0\_internal\torch\_inductor\remote_cache.py","13775","False",
"8_tools\EES331_Action_Viewer_v1.0\_internal\torch\_inductor\remote_gemm_autotune_cache.py","571","False",
"8_tools\EES331_Action_Viewer_v1.0\_internal\torch\_inductor\rocm_multiarch_utils.py","7773","False",
"8_tools\EES331_Action_Viewer_v1.0\_internal\torch\_inductor\scheduler.py","263511","False",
"8_tools\EES331_Action_Viewer_v1.0\_internal\torch\_inductor\select_algorithm.py","174942","False",
"8_tools\EES331_Action_Viewer_v1.0\_internal\torch\_inductor\shape_propagation.py","4719","False",
"8_tools\EES331_Action_Viewer_v1.0\_internal\torch\_inductor\sizevars.py","48490","False",
"8_tools\EES331_Action_Viewer_v1.0\_internal\torch\_inductor\standalone_compile.py","17104","False",
"8_tools\EES331_Action_Viewer_v1.0\_internal\torch\_inductor\subgraph_lowering.py","7520","False",
"8_tools\EES331_Action_Viewer_v1.0\_internal\torch\_inductor\test_case.py","1526","False",
"8_tools\EES331_Action_Viewer_v1.0\_internal\torch\_inductor\test_operators.py","890","False",
"8_tools\EES331_Action_Viewer_v1.0\_internal\torch\_inductor\tiling_utils.py","28439","False",
"8_tools\EES331_Action_Viewer_v1.0\_internal\torch\_inductor\triton_bundler.py","16391","False",
"8_tools\EES331_Action_Viewer_v1.0\_internal\torch\_inductor\utils.py","142412","False",
"8_tools\EES331_Action_Viewer_v1.0\_internal\torch\_inductor\virtualized.py","15836","False",
"8_tools\EES331_Action_Viewer_v1.0\_internal\torch\_inductor\wrapper_benchmark.py","16952","False",
"8_tools\EES331_Action_Viewer_v1.0\_internal\torch\_lazy\__init__.py","1848","False",
"8_tools\EES331_Action_Viewer_v1.0\_internal\torch\_lazy\closure.py","5814","False",
"8_tools\EES331_Action_Viewer_v1.0\_internal\torch\_lazy\computation.py","946","False",
"8_tools\EES331_Action_Viewer_v1.0\_internal\torch\_lazy\config.py","464","False",
"8_tools\EES331_Action_Viewer_v1.0\_internal\torch\_lazy\debug.py","760","False",
"8_tools\EES331_Action_Viewer_v1.0\_internal\torch\_lazy\device_context.py","706","False",
"8_tools\EES331_Action_Viewer_v1.0\_internal\torch\_lazy\extract_compiled_graph.py","8679","False",
"8_tools\EES331_Action_Viewer_v1.0\_internal\torch\_lazy\ir_cache.py","362","False",
"8_tools\EES331_Action_Viewer_v1.0\_internal\torch\_lazy\metrics.py","567","False",
"8_tools\EES331_Action_Viewer_v1.0\_internal\torch\_lazy\tensor_factory_functions.py","1417","False",
"8_tools\EES331_Action_Viewer_v1.0\_internal\torch\_lazy\ts_backend.py","170","False",
"8_tools\EES331_Action_Viewer_v1.0\_internal\torch\_library\__init__.py","275","False",
"8_tools\EES331_Action_Viewer_v1.0\_internal\torch\_library\autograd.py","9021","False",
"8_tools\EES331_Action_Viewer_v1.0\_internal\torch\_library\custom_ops.py","39400","False",
"8_tools\EES331_Action_Viewer_v1.0\_internal\torch\_library\effects.py","2862","False",
"8_tools\EES331_Action_Viewer_v1.0\_internal\torch\_library\fake_class_registry.py","16698","False",
"8_tools\EES331_Action_Viewer_v1.0\_internal\torch\_library\fake_impl.py","8999","False",
"8_tools\EES331_Action_Viewer_v1.0\_internal\torch\_library\fake_profile.py","11816","False",
"8_tools\EES331_Action_Viewer_v1.0\_internal\torch\_library\infer_schema.py","14094","False",
"8_tools\EES331_Action_Viewer_v1.0\_internal\torch\_library\opaque_object.py","7215","False",
"8_tools\EES331_Action_Viewer_v1.0\_internal\torch\_library\simple_registry.py","3040","False",
"8_tools\EES331_Action_Viewer_v1.0\_internal\torch\_library\triton.py","15705","False",
"8_tools\EES331_Action_Viewer_v1.0\_internal\torch\_library\utils.py","23024","False",
"8_tools\EES331_Action_Viewer_v1.0\_internal\torch\_logging\__init__.py","838","False",
"8_tools\EES331_Action_Viewer_v1.0\_internal\torch\_logging\_internal.py","53404","False",
"8_tools\EES331_Action_Viewer_v1.0\_internal\torch\_logging\_registrations.py","8600","False",
"8_tools\EES331_Action_Viewer_v1.0\_internal\torch\_logging\scribe.py","2639","False",
"8_tools\EES331_Action_Viewer_v1.0\_internal\torch\_logging\structured.py","3031","False",
"8_tools\EES331_Action_Viewer_v1.0\_internal\torch\_numpy\testing\__init__.py","395","False",
"8_tools\EES331_Action_Viewer_v1.0\_internal\torch\_numpy\testing\utils.py","79747","False",
"8_tools\EES331_Action_Viewer_v1.0\_internal\torch\_numpy\__init__.py","624","False",
"8_tools\EES331_Action_Viewer_v1.0\_internal\torch\_numpy\_binary_ufuncs_impl.py","1956","False",
"8_tools\EES331_Action_Viewer_v1.0\_internal\torch\_numpy\_casting_dicts.py","43846","False",
"8_tools\EES331_Action_Viewer_v1.0\_internal\torch\_numpy\_dtypes_impl.py","6127","False",
"8_tools\EES331_Action_Viewer_v1.0\_internal\torch\_numpy\_dtypes.py","10731","False",
"8_tools\EES331_Action_Viewer_v1.0\_internal\torch\_numpy\_funcs_impl.py","61391","False",
"8_tools\EES331_Action_Viewer_v1.0\_internal\torch\_numpy\_funcs.py","2173","False",
"8_tools\EES331_Action_Viewer_v1.0\_internal\torch\_numpy\_getlimits.py","284","False",
"8_tools\EES331_Action_Viewer_v1.0\_internal\torch\_numpy\_ndarray.py","22082","False",
"8_tools\EES331_Action_Viewer_v1.0\_internal\torch\_numpy\_normalizations.py","8992","False",
"8_tools\EES331_Action_Viewer_v1.0\_internal\torch\_numpy\_reductions_impl.py","12260","False",
"8_tools\EES331_Action_Viewer_v1.0\_internal\torch\_numpy\_ufuncs.py","8700","False",
"8_tools\EES331_Action_Viewer_v1.0\_internal\torch\_numpy\_unary_ufuncs_impl.py","1233","False",
"8_tools\EES331_Action_Viewer_v1.0\_internal\torch\_numpy\_util.py","7991","False",
"8_tools\EES331_Action_Viewer_v1.0\_internal\torch\_numpy\fft.py","2935","False",
"8_tools\EES331_Action_Viewer_v1.0\_internal\torch\_numpy\linalg.py","5891","False",
"8_tools\EES331_Action_Viewer_v1.0\_internal\torch\_numpy\random.py","4843","False",
"8_tools\EES331_Action_Viewer_v1.0\_internal\torch\_prims\__init__.py","85621","False",
"8_tools\EES331_Action_Viewer_v1.0\_internal\torch\_prims\context.py","6409","False",
"8_tools\EES331_Action_Viewer_v1.0\_internal\torch\_prims\debug_prims.py","2140","False",
"8_tools\EES331_Action_Viewer_v1.0\_internal\torch\_prims\executor.py","1991","False",
"8_tools\EES331_Action_Viewer_v1.0\_internal\torch\_prims\rng_prims.py","14969","False",
"8_tools\EES331_Action_Viewer_v1.0\_internal\torch\_prims_common\__init__.py","74131","False",
"8_tools\EES331_Action_Viewer_v1.0\_internal\torch\_prims_common\wrappers.py","19286","False",
"8_tools\EES331_Action_Viewer_v1.0\_internal\torch\_refs\linalg\__init__.py","14882","False",
"8_tools\EES331_Action_Viewer_v1.0\_internal\torch\_refs\nn\functional\__init__.py","44022","False",
"8_tools\EES331_Action_Viewer_v1.0\_internal\torch\_refs\nn\__init__.py","25","False",
"8_tools\EES331_Action_Viewer_v1.0\_internal\torch\_refs\special\__init__.py","7154","False",
"8_tools\EES331_Action_Viewer_v1.0\_internal\torch\_refs\__init__.py","230160","False",
"8_tools\EES331_Action_Viewer_v1.0\_internal\torch\_refs\_conversions.py","3652","False",
"8_tools\EES331_Action_Viewer_v1.0\_internal\torch\_refs\fft.py","18573","False",
"8_tools\EES331_Action_Viewer_v1.0\_internal\torch\_strobelight\__init__.py","0","False",
"8_tools\EES331_Action_Viewer_v1.0\_internal\torch\_strobelight\cli_function_profiler.py","12141","False",
"8_tools\EES331_Action_Viewer_v1.0\_internal\torch\_strobelight\compile_time_profiler.py","7789","False",
"8_tools\EES331_Action_Viewer_v1.0\_internal\torch\_subclasses\complex_tensor\_ops\__init__.py","160","False",
"8_tools\EES331_Action_Viewer_v1.0\_internal\torch\_subclasses\complex_tensor\_ops\aten.py","29415","False",
"8_tools\EES331_Action_Viewer_v1.0\_internal\torch\_subclasses\complex_tensor\_ops\common.py","9917","False",
"8_tools\EES331_Action_Viewer_v1.0\_internal\torch\_subclasses\complex_tensor\_ops\prims.py","898","False",
"8_tools\EES331_Action_Viewer_v1.0\_internal\torch\_subclasses\complex_tensor\__init__.py","286","False",
"8_tools\EES331_Action_Viewer_v1.0\_internal\torch\_subclasses\complex_tensor\_core.py","5225","False",
"8_tools\EES331_Action_Viewer_v1.0\_internal\torch\_subclasses\__init__.py","392","False",
"8_tools\EES331_Action_Viewer_v1.0\_internal\torch\_subclasses\_fake_tensor_utils.py","9121","False",
"8_tools\EES331_Action_Viewer_v1.0\_internal\torch\_subclasses\fake_impls.py","50483","False",
"8_tools\EES331_Action_Viewer_v1.0\_internal\torch\_subclasses\fake_tensor.py","139588","False",
"8_tools\EES331_Action_Viewer_v1.0\_internal\torch\_subclasses\fake_utils.py","10616","False",
"8_tools\EES331_Action_Viewer_v1.0\_internal\torch\_subclasses\functional_tensor.py","38743","False",
"8_tools\EES331_Action_Viewer_v1.0\_internal\torch\_subclasses\meta_utils.py","90824","False",
"8_tools\EES331_Action_Viewer_v1.0\_internal\torch\_subclasses\schema_check_mode.py","8869","False",
"8_tools\EES331_Action_Viewer_v1.0\_internal\torch\_vendor\packaging\__init__.py","511","False",
"8_tools\EES331_Action_Viewer_v1.0\_internal\torch\_vendor\packaging\_structures.py","1492","False",
"8_tools\EES331_Action_Viewer_v1.0\_internal\torch\_vendor\packaging\version.py","16799","False",
"8_tools\EES331_Action_Viewer_v1.0\_internal\torch\_vendor\__init__.py","0","False",
"8_tools\EES331_Action_Viewer_v1.0\_internal\torch\accelerator\__init__.py","11075","False",
"8_tools\EES331_Action_Viewer_v1.0\_internal\torch\accelerator\_utils.py","962","False",
"8_tools\EES331_Action_Viewer_v1.0\_internal\torch\accelerator\memory.py","10730","False",
"8_tools\EES331_Action_Viewer_v1.0\_internal\torch\amp\__init__.py","190","False",
"8_tools\EES331_Action_Viewer_v1.0\_internal\torch\amp\autocast_mode.py","22434","False",
"8_tools\EES331_Action_Viewer_v1.0\_internal\torch\amp\grad_scaler.py","31336","False",
"8_tools\EES331_Action_Viewer_v1.0\_internal\torch\ao\nn\intrinsic\modules\__init__.py","696","False",
"8_tools\EES331_Action_Viewer_v1.0\_internal\torch\ao\nn\intrinsic\modules\fused.py","10757","False",
"8_tools\EES331_Action_Viewer_v1.0\_internal\torch\ao\nn\intrinsic\qat\modules\__init__.py","579","False",
"8_tools\EES331_Action_Viewer_v1.0\_internal\torch\ao\nn\intrinsic\qat\modules\conv_fused.py","32236","False",
"8_tools\EES331_Action_Viewer_v1.0\_internal\torch\ao\nn\intrinsic\qat\modules\linear_fused.py","6760","False",
"8_tools\EES331_Action_Viewer_v1.0\_internal\torch\ao\nn\intrinsic\qat\modules\linear_relu.py","2258","False",
"8_tools\EES331_Action_Viewer_v1.0\_internal\torch\ao\nn\intrinsic\qat\__init__.py","38","False",
"8_tools\EES331_Action_Viewer_v1.0\_internal\torch\ao\nn\intrinsic\quantized\dynamic\modules\__init__.py","76","False",
"8_tools\EES331_Action_Viewer_v1.0\_internal\torch\ao\nn\intrinsic\quantized\dynamic\modules\linear_relu.py","2295","False",
"8_tools\EES331_Action_Viewer_v1.0\_internal\torch\ao\nn\intrinsic\quantized\dynamic\__init__.py","38","False",
"8_tools\EES331_Action_Viewer_v1.0\_internal\torch\ao\nn\intrinsic\quantized\modules\__init__.py","427","False",
"8_tools\EES331_Action_Viewer_v1.0\_internal\torch\ao\nn\intrinsic\quantized\modules\bn_relu.py","3760","False",
"8_tools\EES331_Action_Viewer_v1.0\_internal\torch\ao\nn\intrinsic\quantized\modules\conv_add.py","4974","False",
"8_tools\EES331_Action_Viewer_v1.0\_internal\torch\ao\nn\intrinsic\quantized\modules\conv_relu.py","9347","False",
"8_tools\EES331_Action_Viewer_v1.0\_internal\torch\ao\nn\intrinsic\quantized\modules\linear_relu.py","7074","False",
"8_tools\EES331_Action_Viewer_v1.0\_internal\torch\ao\nn\intrinsic\quantized\__init__.py","251","False",
"8_tools\EES331_Action_Viewer_v1.0\_internal\torch\ao\nn\intrinsic\__init__.py","1002","False",
"8_tools\EES331_Action_Viewer_v1.0\_internal\torch\ao\nn\qat\dynamic\modules\__init__.py","54","False",
"8_tools\EES331_Action_Viewer_v1.0\_internal\torch\ao\nn\qat\dynamic\modules\linear.py","1255","False",
"8_tools\EES331_Action_Viewer_v1.0\_internal\torch\ao\nn\qat\dynamic\__init__.py","38","False",
"8_tools\EES331_Action_Viewer_v1.0\_internal\torch\ao\nn\qat\modules\__init__.py","241","False",
"8_tools\EES331_Action_Viewer_v1.0\_internal\torch\ao\nn\qat\modules\conv.py","10113","False",
"8_tools\EES331_Action_Viewer_v1.0\_internal\torch\ao\nn\qat\modules\embedding_ops.py","8118","False",
"8_tools\EES331_Action_Viewer_v1.0\_internal\torch\ao\nn\qat\modules\linear.py","3148","False",
"8_tools\EES331_Action_Viewer_v1.0\_internal\torch\ao\nn\qat\__init__.py","38","False",
"8_tools\EES331_Action_Viewer_v1.0\_internal\torch\ao\nn\quantizable\modules\__init__.py","154","False",
"8_tools\EES331_Action_Viewer_v1.0\_internal\torch\ao\nn\quantizable\modules\activation.py","24865","False",
"8_tools\EES331_Action_Viewer_v1.0\_internal\torch\ao\nn\quantizable\modules\rnn.py","22430","False",
"8_tools\EES331_Action_Viewer_v1.0\_internal\torch\ao\nn\quantizable\__init__.py","38","False",
"8_tools\EES331_Action_Viewer_v1.0\_internal\torch\ao\nn\quantized\dynamic\modules\__init__.py","439","False",
"8_tools\EES331_Action_Viewer_v1.0\_internal\torch\ao\nn\quantized\dynamic\modules\conv.py","18955","False",
"8_tools\EES331_Action_Viewer_v1.0\_internal\torch\ao\nn\quantized\dynamic\modules\linear.py","6655","False",
"8_tools\EES331_Action_Viewer_v1.0\_internal\torch\ao\nn\quantized\dynamic\modules\rnn.py","52819","False",
"8_tools\EES331_Action_Viewer_v1.0\_internal\torch\ao\nn\quantized\dynamic\__init__.py","38","False",
"8_tools\EES331_Action_Viewer_v1.0\_internal\torch\ao\nn\quantized\modules\__init__.py","4683","False",
"8_tools\EES331_Action_Viewer_v1.0\_internal\torch\ao\nn\quantized\modules\activation.py","12242","False",
"8_tools\EES331_Action_Viewer_v1.0\_internal\torch\ao\nn\quantized\modules\batchnorm.py","4649","False",
"8_tools\EES331_Action_Viewer_v1.0\_internal\torch\ao\nn\quantized\modules\conv.py","44759","False",
"8_tools\EES331_Action_Viewer_v1.0\_internal\torch\ao\nn\quantized\modules\dropout.py","836","False",
"8_tools\EES331_Action_Viewer_v1.0\_internal\torch\ao\nn\quantized\modules\embedding_ops.py","15089","False",
"8_tools\EES331_Action_Viewer_v1.0\_internal\torch\ao\nn\quantized\modules\functional_modules.py","9520","False",
"8_tools\EES331_Action_Viewer_v1.0\_internal\torch\ao\nn\quantized\modules\linear.py","13973","False",
"8_tools\EES331_Action_Viewer_v1.0\_internal\torch\ao\nn\quantized\modules\normalization.py","10407","False",
"8_tools\EES331_Action_Viewer_v1.0\_internal\torch\ao\nn\quantized\modules\rnn.py","1957","False",
"8_tools\EES331_Action_Viewer_v1.0\_internal\torch\ao\nn\quantized\modules\utils.py","4837","False",
"8_tools\EES331_Action_Viewer_v1.0\_internal\torch\ao\nn\quantized\reference\modules\__init__.py","523","False",
"8_tools\EES331_Action_Viewer_v1.0\_internal\torch\ao\nn\quantized\reference\modules\conv.py","16190","False",
"8_tools\EES331_Action_Viewer_v1.0\_internal\torch\ao\nn\quantized\reference\modules\linear.py","2323","False",
"8_tools\EES331_Action_Viewer_v1.0\_internal\torch\ao\nn\quantized\reference\modules\rnn.py","30709","False",
"8_tools\EES331_Action_Viewer_v1.0\_internal\torch\ao\nn\quantized\reference\modules\sparse.py","4846","False",
"8_tools\EES331_Action_Viewer_v1.0\_internal\torch\ao\nn\quantized\reference\modules\utils.py","16106","False",
"8_tools\EES331_Action_Viewer_v1.0\_internal\torch\ao\nn\quantized\reference\__init__.py","303","False",
"8_tools\EES331_Action_Viewer_v1.0\_internal\torch\ao\nn\quantized\__init__.py","725","False",
"8_tools\EES331_Action_Viewer_v1.0\_internal\torch\ao\nn\quantized\functional.py","30396","False",
"8_tools\EES331_Action_Viewer_v1.0\_internal\torch\ao\nn\sparse\quantized\dynamic\__init__.py","63","False",
"8_tools\EES331_Action_Viewer_v1.0\_internal\torch\ao\nn\sparse\quantized\dynamic\linear.py","6619","False",
"8_tools\EES331_Action_Viewer_v1.0\_internal\torch\ao\nn\sparse\quantized\__init__.py","178","False",
"8_tools\EES331_Action_Viewer_v1.0\_internal\torch\ao\nn\sparse\quantized\linear.py","9245","False",
"8_tools\EES331_Action_Viewer_v1.0\_internal\torch\ao\nn\sparse\quantized\utils.py","2106","False",
"8_tools\EES331_Action_Viewer_v1.0\_internal\torch\ao\nn\sparse\__init__.py","25","False",
"8_tools\EES331_Action_Viewer_v1.0\_internal\torch\ao\nn\__init__.py","869","False",
"8_tools\EES331_Action_Viewer_v1.0\_internal\torch\ao\ns\fx\__init__.py","0","False",
"8_tools\EES331_Action_Viewer_v1.0\_internal\torch\ao\ns\fx\graph_matcher.py","20486","False",
"8_tools\EES331_Action_Viewer_v1.0\_internal\torch\ao\ns\fx\graph_passes.py","46894","False",
"8_tools\EES331_Action_Viewer_v1.0\_internal\torch\ao\ns\fx\mappings.py","19209","False",
"8_tools\EES331_Action_Viewer_v1.0\_internal\torch\ao\ns\fx\n_shadows_utils.py","54773","False",
"8_tools\EES331_Action_Viewer_v1.0\_internal\torch\ao\ns\fx\ns_types.py","2420","False",
"8_tools\EES331_Action_Viewer_v1.0\_internal\torch\ao\ns\fx\pattern_utils.py","8834","False",
"8_tools\EES331_Action_Viewer_v1.0\_internal\torch\ao\ns\fx\qconfig_multi_mapping.py","10448","False",
"8_tools\EES331_Action_Viewer_v1.0\_internal\torch\ao\ns\fx\utils.py","23385","False",
"8_tools\EES331_Action_Viewer_v1.0\_internal\torch\ao\ns\fx\weight_utils.py","13088","False",
"8_tools\EES331_Action_Viewer_v1.0\_internal\torch\ao\ns\__init__.py","0","False",
"8_tools\EES331_Action_Viewer_v1.0\_internal\torch\ao\ns\_numeric_suite_fx.py","42511","False",
"8_tools\EES331_Action_Viewer_v1.0\_internal\torch\ao\ns\_numeric_suite.py","20633","False",
"8_tools\EES331_Action_Viewer_v1.0\_internal\torch\ao\pruning\_experimental\activation_sparsifier\__init__.py","0","False",
"8_tools\EES331_Action_Viewer_v1.0\_internal\torch\ao\pruning\_experimental\activation_sparsifier\activation_sparsifier.py","19791","False",
"8_tools\EES331_Action_Viewer_v1.0\_internal\torch\ao\pruning\_experimental\data_scheduler\__init__.py","98","False",
"8_tools\EES331_Action_Viewer_v1.0\_internal\torch\ao\pruning\_experimental\data_scheduler\base_data_scheduler.py","7932","False",
"8_tools\EES331_Action_Viewer_v1.0\_internal\torch\ao\pruning\_experimental\data_sparsifier\lightning\callbacks\__init__.py","0","False",
"8_tools\EES331_Action_Viewer_v1.0\_internal\torch\ao\pruning\_experimental\data_sparsifier\lightning\callbacks\_data_sparstity_utils.py","1680","False",
"8_tools\EES331_Action_Viewer_v1.0\_internal\torch\ao\pruning\_experimental\data_sparsifier\lightning\callbacks\data_sparsity.py","6776","False",
"8_tools\EES331_Action_Viewer_v1.0\_internal\torch\ao\pruning\_experimental\data_sparsifier\lightning\__init__.py","0","False",
"8_tools\EES331_Action_Viewer_v1.0\_internal\torch\ao\pruning\_experimental\data_sparsifier\__init__.py","182","False",
"8_tools\EES331_Action_Viewer_v1.0\_internal\torch\ao\pruning\_experimental\data_sparsifier\base_data_sparsifier.py","13886","False",
"8_tools\EES331_Action_Viewer_v1.0\_internal\torch\ao\pruning\_experimental\data_sparsifier\data_norm_sparsifier.py","7982","False",
"8_tools\EES331_Action_Viewer_v1.0\_internal\torch\ao\pruning\_experimental\data_sparsifier\quantization_utils.py","6261","False",
"8_tools\EES331_Action_Viewer_v1.0\_internal\torch\ao\pruning\_experimental\pruner\__init__.py","265","False",
"8_tools\EES331_Action_Viewer_v1.0\_internal\torch\ao\pruning\_experimental\pruner\base_structured_sparsifier.py","11285","False",
"8_tools\EES331_Action_Viewer_v1.0\_internal\torch\ao\pruning\_experimental\pruner\FPGM_pruner.py","3567","False",
"8_tools\EES331_Action_Viewer_v1.0\_internal\torch\ao\pruning\_experimental\pruner\lstm_saliency_pruner.py","2251","False",
"8_tools\EES331_Action_Viewer_v1.0\_internal\torch\ao\pruning\_experimental\pruner\match_utils.py","2014","False",
"8_tools\EES331_Action_Viewer_v1.0\_internal\torch\ao\pruning\_experimental\pruner\parametrization.py","2110","False",
"8_tools\EES331_Action_Viewer_v1.0\_internal\torch\ao\pruning\_experimental\pruner\prune_functions.py","19770","False",
"8_tools\EES331_Action_Viewer_v1.0\_internal\torch\ao\pruning\_experimental\pruner\saliency_pruner.py","1571","False",
"8_tools\EES331_Action_Viewer_v1.0\_internal\torch\ao\pruning\_experimental\__init__.py","0","False",
"8_tools\EES331_Action_Viewer_v1.0\_internal\torch\ao\pruning\scheduler\__init__.py","0","False",
"8_tools\EES331_Action_Viewer_v1.0\_internal\torch\ao\pruning\scheduler\base_scheduler.py","6798","False",
"8_tools\EES331_Action_Viewer_v1.0\_internal\torch\ao\pruning\scheduler\cubic_scheduler.py","3989","False",
"8_tools\EES331_Action_Viewer_v1.0\_internal\torch\ao\pruning\scheduler\lambda_scheduler.py","2480","False",
"8_tools\EES331_Action_Viewer_v1.0\_internal\torch\ao\pruning\sparsifier\__init__.py","0","False",
"8_tools\EES331_Action_Viewer_v1.0\_internal\torch\ao\pruning\sparsifier\base_sparsifier.py","14361","False",
"8_tools\EES331_Action_Viewer_v1.0\_internal\torch\ao\pruning\sparsifier\nearly_diagonal_sparsifier.py","2323","False",
"8_tools\EES331_Action_Viewer_v1.0\_internal\torch\ao\pruning\sparsifier\utils.py","5138","False",
"8_tools\EES331_Action_Viewer_v1.0\_internal\torch\ao\pruning\sparsifier\weight_norm_sparsifier.py","9655","False",
"8_tools\EES331_Action_Viewer_v1.0\_internal\torch\ao\pruning\__init__.py","663","False",
"8_tools\EES331_Action_Viewer_v1.0\_internal\torch\ao\pruning\_mappings.py","620","False",
"8_tools\EES331_Action_Viewer_v1.0\_internal\torch\ao\quantization\backend_config\__init__.py","945","False",
"8_tools\EES331_Action_Viewer_v1.0\_internal\torch\ao\quantization\backend_config\_common_operator_config_utils.py","28283","False",
"8_tools\EES331_Action_Viewer_v1.0\_internal\torch\ao\quantization\backend_config\_qnnpack_pt2e.py","6612","False",
"8_tools\EES331_Action_Viewer_v1.0\_internal\torch\ao\quantization\backend_config\backend_config.py","32260","False",
"8_tools\EES331_Action_Viewer_v1.0\_internal\torch\ao\quantization\backend_config\executorch.py","17422","False",
"8_tools\EES331_Action_Viewer_v1.0\_internal\torch\ao\quantization\backend_config\fbgemm.py","4337","False",
"8_tools\EES331_Action_Viewer_v1.0\_internal\torch\ao\quantization\backend_config\native.py","8473","False",
"8_tools\EES331_Action_Viewer_v1.0\_internal\torch\ao\quantization\backend_config\onednn.py","19755","False",
"8_tools\EES331_Action_Viewer_v1.0\_internal\torch\ao\quantization\backend_config\qnnpack.py","5571","False",
"8_tools\EES331_Action_Viewer_v1.0\_internal\torch\ao\quantization\backend_config\tensorrt.py","3119","False",
"8_tools\EES331_Action_Viewer_v1.0\_internal\torch\ao\quantization\backend_config\utils.py","12852","False",
"8_tools\EES331_Action_Viewer_v1.0\_internal\torch\ao\quantization\backend_config\x86.py","3995","False",
"8_tools\EES331_Action_Viewer_v1.0\_internal\torch\ao\quantization\fx\_model_report\__init__.py","0","False",
"8_tools\EES331_Action_Viewer_v1.0\_internal\torch\ao\quantization\fx\_model_report\detector.py","78634","False",
"8_tools\EES331_Action_Viewer_v1.0\_internal\torch\ao\quantization\fx\_model_report\model_report_observer.py","12369","False",
"8_tools\EES331_Action_Viewer_v1.0\_internal\torch\ao\quantization\fx\_model_report\model_report_visualizer.py","33379","False",
"8_tools\EES331_Action_Viewer_v1.0\_internal\torch\ao\quantization\fx\_model_report\model_report.py","30406","False",
"8_tools\EES331_Action_Viewer_v1.0\_internal\torch\ao\quantization\fx\__init__.py","84","False",
"8_tools\EES331_Action_Viewer_v1.0\_internal\torch\ao\quantization\fx\_decomposed.py","45548","False",
"8_tools\EES331_Action_Viewer_v1.0\_internal\torch\ao\quantization\fx\_equalize.py","41825","False",
"8_tools\EES331_Action_Viewer_v1.0\_internal\torch\ao\quantization\fx\_lower_to_native_backend.py","58570","False",
"8_tools\EES331_Action_Viewer_v1.0\_internal\torch\ao\quantization\fx\convert.py","61497","False",
"8_tools\EES331_Action_Viewer_v1.0\_internal\torch\ao\quantization\fx\custom_config.py","22336","False",
"8_tools\EES331_Action_Viewer_v1.0\_internal\torch\ao\quantization\fx\fuse_handler.py","4833","False",
"8_tools\EES331_Action_Viewer_v1.0\_internal\torch\ao\quantization\fx\fuse.py","7591","False",
"8_tools\EES331_Action_Viewer_v1.0\_internal\torch\ao\quantization\fx\graph_module.py","6812","False",
"8_tools\EES331_Action_Viewer_v1.0\_internal\torch\ao\quantization\fx\lower_to_fbgemm.py","623","False",
"8_tools\EES331_Action_Viewer_v1.0\_internal\torch\ao\quantization\fx\lower_to_qnnpack.py","545","False",
"8_tools\EES331_Action_Viewer_v1.0\_internal\torch\ao\quantization\fx\lstm_utils.py","10772","False",
"8_tools\EES331_Action_Viewer_v1.0\_internal\torch\ao\quantization\fx\match_utils.py","9194","False",
"8_tools\EES331_Action_Viewer_v1.0\_internal\torch\ao\quantization\fx\pattern_utils.py","3780","False",
"8_tools\EES331_Action_Viewer_v1.0\_internal\torch\ao\quantization\fx\prepare.py","92544","False",
"8_tools\EES331_Action_Viewer_v1.0\_internal\torch\ao\quantization\fx\qconfig_mapping_utils.py","15850","False",
"8_tools\EES331_Action_Viewer_v1.0\_internal\torch\ao\quantization\fx\quantize_handler.py","7551","False",
"8_tools\EES331_Action_Viewer_v1.0\_internal\torch\ao\quantization\fx\tracer.py","1745","False",
"8_tools\EES331_Action_Viewer_v1.0\_internal\torch\ao\quantization\fx\utils.py","39781","False",
"8_tools\EES331_Action_Viewer_v1.0\_internal\torch\ao\quantization\pt2e\representation\__init__.py","116","False",
"8_tools\EES331_Action_Viewer_v1.0\_internal\torch\ao\quantization\pt2e\representation\rewrite.py","29212","False",
"8_tools\EES331_Action_Viewer_v1.0\_internal\torch\ao\quantization\pt2e\__init__.py","0","False",
"8_tools\EES331_Action_Viewer_v1.0\_internal\torch\ao\quantization\pt2e\_affine_quantization.py","36122","False",
"8_tools\EES331_Action_Viewer_v1.0\_internal\torch\ao\quantization\pt2e\_numeric_debugger.py","12429","False",
"8_tools\EES331_Action_Viewer_v1.0\_internal\torch\ao\quantization\pt2e\duplicate_dq_pass.py","3210","False",
"8_tools\EES331_Action_Viewer_v1.0\_internal\torch\ao\quantization\pt2e\export_utils.py","8230","False",
"8_tools\EES331_Action_Viewer_v1.0\_internal\torch\ao\quantization\pt2e\graph_utils.py","6971","False",
"8_tools\EES331_Action_Viewer_v1.0\_internal\torch\ao\quantization\pt2e\lowering.py","1952","False",
"8_tools\EES331_Action_Viewer_v1.0\_internal\torch\ao\quantization\pt2e\port_metadata_pass.py","9396","False",
"8_tools\EES331_Action_Viewer_v1.0\_internal\torch\ao\quantization\pt2e\prepare.py","23128","False",
"8_tools\EES331_Action_Viewer_v1.0\_internal\torch\ao\quantization\pt2e\qat_utils.py","40624","False",
"8_tools\EES331_Action_Viewer_v1.0\_internal\torch\ao\quantization\pt2e\utils.py","24371","False",
"8_tools\EES331_Action_Viewer_v1.0\_internal\torch\ao\quantization\quantizer\__init__.py","477","False",
"8_tools\EES331_Action_Viewer_v1.0\_internal\torch\ao\quantization\quantizer\composable_quantizer.py","3095","False",
"8_tools\EES331_Action_Viewer_v1.0\_internal\torch\ao\quantization\quantizer\embedding_quantizer.py","3491","False",
"8_tools\EES331_Action_Viewer_v1.0\_internal\torch\ao\quantization\quantizer\quantizer.py","6799","False",
"8_tools\EES331_Action_Viewer_v1.0\_internal\torch\ao\quantization\quantizer\utils.py","3512","False",
"8_tools\EES331_Action_Viewer_v1.0\_internal\torch\ao\quantization\quantizer\x86_inductor_quantizer.py","68124","False",
"8_tools\EES331_Action_Viewer_v1.0\_internal\torch\ao\quantization\quantizer\xnnpack_quantizer_utils.py","42955","False",
"8_tools\EES331_Action_Viewer_v1.0\_internal\torch\ao\quantization\quantizer\xnnpack_quantizer.py","16755","False",
"8_tools\EES331_Action_Viewer_v1.0\_internal\torch\ao\quantization\quantizer\xpu_inductor_quantizer.py","3914","False",
"8_tools\EES331_Action_Viewer_v1.0\_internal\torch\ao\quantization\__init__.py","7860","False",
"8_tools\EES331_Action_Viewer_v1.0\_internal\torch\ao\quantization\_correct_bias.py","5571","False",
"8_tools\EES331_Action_Viewer_v1.0\_internal\torch\ao\quantization\_equalize.py","9772","False",
"8_tools\EES331_Action_Viewer_v1.0\_internal\torch\ao\quantization\_learnable_fake_quantize.py","8158","False",
"8_tools\EES331_Action_Viewer_v1.0\_internal\torch\ao\quantization\fake_quantize.py","24226","False",
"8_tools\EES331_Action_Viewer_v1.0\_internal\torch\ao\quantization\fuse_modules.py","7009","False",
"8_tools\EES331_Action_Viewer_v1.0\_internal\torch\ao\quantization\fuser_method_mappings.py","11285","False",
"8_tools\EES331_Action_Viewer_v1.0\_internal\torch\ao\quantization\observer.py","82466","False",
"8_tools\EES331_Action_Viewer_v1.0\_internal\torch\ao\quantization\qconfig_mapping.py","15230","False",
"8_tools\EES331_Action_Viewer_v1.0\_internal\torch\ao\quantization\qconfig.py","25537","False",
"8_tools\EES331_Action_Viewer_v1.0\_internal\torch\ao\quantization\quant_type.py","795","False",
"8_tools\EES331_Action_Viewer_v1.0\_internal\torch\ao\quantization\quantization_mappings.py","14254","False",
"8_tools\EES331_Action_Viewer_v1.0\_internal\torch\ao\quantization\quantize_fx.py","33223","False",
"8_tools\EES331_Action_Viewer_v1.0\_internal\torch\ao\quantization\quantize_jit.py","15122","False",
"8_tools\EES331_Action_Viewer_v1.0\_internal\torch\ao\quantization\quantize_pt2e.py","9738","False",
"8_tools\EES331_Action_Viewer_v1.0\_internal\torch\ao\quantization\quantize.py","32225","False",
"8_tools\EES331_Action_Viewer_v1.0\_internal\torch\ao\quantization\stubs.py","2356","False",
"8_tools\EES331_Action_Viewer_v1.0\_internal\torch\ao\quantization\utils.py","30976","False",
"8_tools\EES331_Action_Viewer_v1.0\_internal\torch\ao\__init__.py","709","False",
"8_tools\EES331_Action_Viewer_v1.0\_internal\torch\autograd\_functions\__init__.py","37","False",
"8_tools\EES331_Action_Viewer_v1.0\_internal\torch\autograd\_functions\tensor.py","2568","False",
"8_tools\EES331_Action_Viewer_v1.0\_internal\torch\autograd\_functions\utils.py","779","False",
"8_tools\EES331_Action_Viewer_v1.0\_internal\torch\autograd\__init__.py","26800","False",
"8_tools\EES331_Action_Viewer_v1.0\_internal\torch\autograd\anomaly_mode.py","5087","False",
"8_tools\EES331_Action_Viewer_v1.0\_internal\torch\autograd\forward_ad.py","7868","False",
"8_tools\EES331_Action_Viewer_v1.0\_internal\torch\autograd\function.py","34392","False",
"8_tools\EES331_Action_Viewer_v1.0\_internal\torch\autograd\functional.py","54533","False",
"8_tools\EES331_Action_Viewer_v1.0\_internal\torch\autograd\grad_mode.py","14613","False",
"8_tools\EES331_Action_Viewer_v1.0\_internal\torch\autograd\gradcheck.py","94303","False",
"8_tools\EES331_Action_Viewer_v1.0\_internal\torch\autograd\graph.py","32663","False",
"8_tools\EES331_Action_Viewer_v1.0\_internal\torch\autograd\profiler_legacy.py","12537","False",
"8_tools\EES331_Action_Viewer_v1.0\_internal\torch\autograd\profiler_util.py","57060","False",
"8_tools\EES331_Action_Viewer_v1.0\_internal\torch\autograd\profiler.py","51385","False",
"8_tools\EES331_Action_Viewer_v1.0\_internal\torch\autograd\variable.py","406","False",
"8_tools\EES331_Action_Viewer_v1.0\_internal\torch\backends\_coreml\__init__.py","0","False",
"8_tools\EES331_Action_Viewer_v1.0\_internal\torch\backends\_coreml\preprocess.py","4451","False",
"8_tools\EES331_Action_Viewer_v1.0\_internal\torch\backends\_nnapi\__init__.py","0","False",
"8_tools\EES331_Action_Viewer_v1.0\_internal\torch\backends\_nnapi\prepare.py","6758","False",
"8_tools\EES331_Action_Viewer_v1.0\_internal\torch\backends\_nnapi\serializer.py","85305","False",
"8_tools\EES331_Action_Viewer_v1.0\_internal\torch\backends\cpu\__init__.py","335","False",
"8_tools\EES331_Action_Viewer_v1.0\_internal\torch\backends\cuda\__init__.py","22146","False",
"8_tools\EES331_Action_Viewer_v1.0\_internal\torch\backends\cudnn\__init__.py","8473","False",
"8_tools\EES331_Action_Viewer_v1.0\_internal\torch\backends\cudnn\rnn.py","2373","False",
"8_tools\EES331_Action_Viewer_v1.0\_internal\torch\backends\cusparselt\__init__.py","1342","False",
"8_tools\EES331_Action_Viewer_v1.0\_internal\torch\backends\kleidiai\__init__.py","169","False",
"8_tools\EES331_Action_Viewer_v1.0\_internal\torch\backends\mha\__init__.py","743","False",
"8_tools\EES331_Action_Viewer_v1.0\_internal\torch\backends\miopen\__init__.py","1258","False",
"8_tools\EES331_Action_Viewer_v1.0\_internal\torch\backends\mkl\__init__.py","1841","False",
"8_tools\EES331_Action_Viewer_v1.0\_internal\torch\backends\mkldnn\__init__.py","4461","False",
"8_tools\EES331_Action_Viewer_v1.0\_internal\torch\backends\mps\__init__.py","2209","False",
"8_tools\EES331_Action_Viewer_v1.0\_internal\torch\backends\nnpack\__init__.py","869","False",
"8_tools\EES331_Action_Viewer_v1.0\_internal\torch\backends\openmp\__init__.py","164","False",
"8_tools\EES331_Action_Viewer_v1.0\_internal\torch\backends\opt_einsum\__init__.py","3953","False",
"8_tools\EES331_Action_Viewer_v1.0\_internal\torch\backends\quantized\__init__.py","1926","False",
"8_tools\EES331_Action_Viewer_v1.0\_internal\torch\backends\xeon\__init__.py","0","False",
"8_tools\EES331_Action_Viewer_v1.0\_internal\torch\backends\xeon\run_cpu.py","38663","False",
"8_tools\EES331_Action_Viewer_v1.0\_internal\torch\backends\xnnpack\__init__.py","731","False",
"8_tools\EES331_Action_Viewer_v1.0\_internal\torch\backends\__init__.py","3725","False",
"8_tools\EES331_Action_Viewer_v1.0\_internal\torch\bin\protoc.exe","2800640","False",
"8_tools\EES331_Action_Viewer_v1.0\_internal\torch\compiler\__init__.py","25714","False",
"8_tools\EES331_Action_Viewer_v1.0\_internal\torch\compiler\_cache.py","11327","False",
"8_tools\EES331_Action_Viewer_v1.0\_internal\torch\compiler\config.py","11045","False",
"8_tools\EES331_Action_Viewer_v1.0\_internal\torch\contrib\__init__.py","0","False",
"8_tools\EES331_Action_Viewer_v1.0\_internal\torch\contrib\_tensorboard_vis.py","6027","False",
"8_tools\EES331_Action_Viewer_v1.0\_internal\torch\cpu\amp\__init__.py","106","False",
"8_tools\EES331_Action_Viewer_v1.0\_internal\torch\cpu\amp\autocast_mode.py","2251","False",
"8_tools\EES331_Action_Viewer_v1.0\_internal\torch\cpu\amp\grad_scaler.py","993","False",
"8_tools\EES331_Action_Viewer_v1.0\_internal\torch\cpu\__init__.py","5032","False",
"8_tools\EES331_Action_Viewer_v1.0\_internal\torch\cuda\amp\__init__.py","311","False",
"8_tools\EES331_Action_Viewer_v1.0\_internal\torch\cuda\amp\autocast_mode.py","3587","False",
"8_tools\EES331_Action_Viewer_v1.0\_internal\torch\cuda\amp\common.py","241","False",
"8_tools\EES331_Action_Viewer_v1.0\_internal\torch\cuda\amp\grad_scaler.py","1111","False",
"8_tools\EES331_Action_Viewer_v1.0\_internal\torch\cuda\__init__.py","67708","False",
"8_tools\EES331_Action_Viewer_v1.0\_internal\torch\cuda\_device_limits.py","5640","False",
"8_tools\EES331_Action_Viewer_v1.0\_internal\torch\cuda\_gpu_trace.py","2459","False",
"8_tools\EES331_Action_Viewer_v1.0\_internal\torch\cuda\_memory_viz.py","29012","False",
"8_tools\EES331_Action_Viewer_v1.0\_internal\torch\cuda\_pin_memory_utils.py","771","False",
"8_tools\EES331_Action_Viewer_v1.0\_internal\torch\cuda\_sanitizer.py","24841","False",
"8_tools\EES331_Action_Viewer_v1.0\_internal\torch\cuda\_utils.py","19652","False",
"8_tools\EES331_Action_Viewer_v1.0\_internal\torch\cuda\comm.py","363","False",
"8_tools\EES331_Action_Viewer_v1.0\_internal\torch\cuda\gds.py","6000","False",
"8_tools\EES331_Action_Viewer_v1.0\_internal\torch\cuda\graphs.py","28778","False",
"8_tools\EES331_Action_Viewer_v1.0\_internal\torch\cuda\green_contexts.py","1601","False",
"8_tools\EES331_Action_Viewer_v1.0\_internal\torch\cuda\jiterator.py","7050","False",
"8_tools\EES331_Action_Viewer_v1.0\_internal\torch\cuda\memory.py","55798","False",
"8_tools\EES331_Action_Viewer_v1.0\_internal\torch\cuda\nccl.py","4743","False",
"8_tools\EES331_Action_Viewer_v1.0\_internal\torch\cuda\nvtx.py","3834","False",
"8_tools\EES331_Action_Viewer_v1.0\_internal\torch\cuda\profiler.py","2487","False",
"8_tools\EES331_Action_Viewer_v1.0\_internal\torch\cuda\random.py","5625","False",
"8_tools\EES331_Action_Viewer_v1.0\_internal\torch\cuda\sparse.py","68","False",
"8_tools\EES331_Action_Viewer_v1.0\_internal\torch\cuda\streams.py","10455","False",
"8_tools\EES331_Action_Viewer_v1.0\_internal\torch\cuda\tunable.py","31390","False",
"8_tools\EES331_Action_Viewer_v1.0\_internal\torch\distributed\_composable\fsdp\__init__.py","172","False",
"8_tools\EES331_Action_Viewer_v1.0\_internal\torch\distributed\_composable\fsdp\fully_shard.py","248","False",
"8_tools\EES331_Action_Viewer_v1.0\_internal\torch\distributed\_composable\__init__.py","128","False",
"8_tools\EES331_Action_Viewer_v1.0\_internal\torch\distributed\_composable\checkpoint_activation.py","4919","False",
"8_tools\EES331_Action_Viewer_v1.0\_internal\torch\distributed\_composable\contract.py","11167","False",
"8_tools\EES331_Action_Viewer_v1.0\_internal\torch\distributed\_composable\replicate_with_fsdp.py","14637","False",
"8_tools\EES331_Action_Viewer_v1.0\_internal\torch\distributed\_composable\replicate.py","9453","False",
"8_tools\EES331_Action_Viewer_v1.0\_internal\torch\distributed\_local_tensor\__init__.py","77504","False",
"8_tools\EES331_Action_Viewer_v1.0\_internal\torch\distributed\_local_tensor\_c10d.py","41407","False",
"8_tools\EES331_Action_Viewer_v1.0\_internal\torch\distributed\_pycute\__init__.py","2530","False",
"8_tools\EES331_Action_Viewer_v1.0\_internal\torch\distributed\_pycute\int_tuple.py","10049","False",
"8_tools\EES331_Action_Viewer_v1.0\_internal\torch\distributed\_pycute\layout.py","18393","False",
"8_tools\EES331_Action_Viewer_v1.0\_internal\torch\distributed\_pycute\typing.py","2104","False",
"8_tools\EES331_Action_Viewer_v1.0\_internal\torch\distributed\_shard\checkpoint\__init__.py","603","False",
"8_tools\EES331_Action_Viewer_v1.0\_internal\torch\distributed\_shard\sharded_optim\__init__.py","1916","False",
"8_tools\EES331_Action_Viewer_v1.0\_internal\torch\distributed\_shard\sharded_optim\api.py","4366","False",
"8_tools\EES331_Action_Viewer_v1.0\_internal\torch\distributed\_shard\sharded_tensor\_ops\__init__.py","511","False",
"8_tools\EES331_Action_Viewer_v1.0\_internal\torch\distributed\_shard\sharded_tensor\_ops\_common.py","4395","False",
"8_tools\EES331_Action_Viewer_v1.0\_internal\torch\distributed\_shard\sharded_tensor\_ops\binary_cmp.py","2814","False",
"8_tools\EES331_Action_Viewer_v1.0\_internal\torch\distributed\_shard\sharded_tensor\_ops\init.py","6236","False",
"8_tools\EES331_Action_Viewer_v1.0\_internal\torch\distributed\_shard\sharded_tensor\_ops\misc_ops.py","509","False",
"8_tools\EES331_Action_Viewer_v1.0\_internal\torch\distributed\_shard\sharded_tensor\_ops\tensor_ops.py","8041","False",
"8_tools\EES331_Action_Viewer_v1.0\_internal\torch\distributed\_shard\sharded_tensor\__init__.py","19737","False",
"8_tools\EES331_Action_Viewer_v1.0\_internal\torch\distributed\_shard\sharded_tensor\api.py","56407","False",
"8_tools\EES331_Action_Viewer_v1.0\_internal\torch\distributed\_shard\sharded_tensor\logger.py","1119","False",
"8_tools\EES331_Action_Viewer_v1.0\_internal\torch\distributed\_shard\sharded_tensor\logging_handlers.py","375","False",
"8_tools\EES331_Action_Viewer_v1.0\_internal\torch\distributed\_shard\sharded_tensor\metadata.py","3092","False",
"8_tools\EES331_Action_Viewer_v1.0\_internal\torch\distributed\_shard\sharded_tensor\reshard.py","10969","False",
"8_tools\EES331_Action_Viewer_v1.0\_internal\torch\distributed\_shard\sharded_tensor\shard.py","2422","False",
"8_tools\EES331_Action_Viewer_v1.0\_internal\torch\distributed\_shard\sharded_tensor\utils.py","12056","False",
"8_tools\EES331_Action_Viewer_v1.0\_internal\torch\distributed\_shard\sharding_plan\__init__.py","48","False",
"8_tools\EES331_Action_Viewer_v1.0\_internal\torch\distributed\_shard\sharding_plan\api.py","3688","False",
"8_tools\EES331_Action_Viewer_v1.0\_internal\torch\distributed\_shard\sharding_spec\chunk_sharding_spec_ops\__init__.py","0","False",
"8_tools\EES331_Action_Viewer_v1.0\_internal\torch\distributed\_shard\sharding_spec\chunk_sharding_spec_ops\_common.py","13473","False",
"8_tools\EES331_Action_Viewer_v1.0\_internal\torch\distributed\_shard\sharding_spec\chunk_sharding_spec_ops\embedding_bag.py","18922","False",
"8_tools\EES331_Action_Viewer_v1.0\_internal\torch\distributed\_shard\sharding_spec\chunk_sharding_spec_ops\embedding.py","11503","False",
"8_tools\EES331_Action_Viewer_v1.0\_internal\torch\distributed\_shard\sharding_spec\__init__.py","301","False",
"8_tools\EES331_Action_Viewer_v1.0\_internal\torch\distributed\_shard\sharding_spec\_internals.py","8761","False",
"8_tools\EES331_Action_Viewer_v1.0\_internal\torch\distributed\_shard\sharding_spec\api.py","10112","False",
"8_tools\EES331_Action_Viewer_v1.0\_internal\torch\distributed\_shard\sharding_spec\chunk_sharding_spec.py","9503","False",
"8_tools\EES331_Action_Viewer_v1.0\_internal\torch\distributed\_shard\__init__.py","88","False",
"8_tools\EES331_Action_Viewer_v1.0\_internal\torch\distributed\_shard\_utils.py","1102","False",
"8_tools\EES331_Action_Viewer_v1.0\_internal\torch\distributed\_shard\api.py","12670","False",
"8_tools\EES331_Action_Viewer_v1.0\_internal\torch\distributed\_shard\common_op_utils.py","2212","False",
"8_tools\EES331_Action_Viewer_v1.0\_internal\torch\distributed\_shard\metadata.py","2231","False",
"8_tools\EES331_Action_Viewer_v1.0\_internal\torch\distributed\_shard\op_registry_utils.py","1072","False",
"8_tools\EES331_Action_Viewer_v1.0\_internal\torch\distributed\_shard\sharder.py","930","False",
"8_tools\EES331_Action_Viewer_v1.0\_internal\torch\distributed\_sharded_tensor\__init__.py","638","False",
"8_tools\EES331_Action_Viewer_v1.0\_internal\torch\distributed\_sharding_spec\__init__.py","668","False",
"8_tools\EES331_Action_Viewer_v1.0\_internal\torch\distributed\_symmetric_memory\__init__.py","76855","False",
"8_tools\EES331_Action_Viewer_v1.0\_internal\torch\distributed\_symmetric_memory\_nvshmem_triton.py","48194","False",
"8_tools\EES331_Action_Viewer_v1.0\_internal\torch\distributed\_tensor\__init__.py","1014","False",
"8_tools\EES331_Action_Viewer_v1.0\_internal\torch\distributed\_tensor\api.py","309","False",
"8_tools\EES331_Action_Viewer_v1.0\_internal\torch\distributed\_tensor\placement_types.py","394","False",
"8_tools\EES331_Action_Viewer_v1.0\_internal\torch\distributed\_tools\__init__.py","339","False",
"8_tools\EES331_Action_Viewer_v1.0\_internal\torch\distributed\_tools\common_utils.py","1221","False",
"8_tools\EES331_Action_Viewer_v1.0\_internal\torch\distributed\_tools\fake_collectives.py","12173","False",
"8_tools\EES331_Action_Viewer_v1.0\_internal\torch\distributed\_tools\fsdp2_mem_tracker.py","25961","False",
"8_tools\EES331_Action_Viewer_v1.0\_internal\torch\distributed\_tools\ilp_utils.py","10386","False",
"8_tools\EES331_Action_Viewer_v1.0\_internal\torch\distributed\_tools\mem_tracker.py","43368","False",
"8_tools\EES331_Action_Viewer_v1.0\_internal\torch\distributed\_tools\memory_tracker.py","12166","False",
"8_tools\EES331_Action_Viewer_v1.0\_internal\torch\distributed\_tools\mod_tracker.py","10526","False",
"8_tools\EES331_Action_Viewer_v1.0\_internal\torch\distributed\_tools\runtime_estimator.py","17127","False",
"8_tools\EES331_Action_Viewer_v1.0\_internal\torch\distributed\_tools\sac_estimator.py","43272","False",
"8_tools\EES331_Action_Viewer_v1.0\_internal\torch\distributed\_tools\sac_ilp.py","11581","False",
"8_tools\EES331_Action_Viewer_v1.0\_internal\torch\distributed\algorithms\_checkpoint\__init__.py","0","False",
"8_tools\EES331_Action_Viewer_v1.0\_internal\torch\distributed\algorithms\_checkpoint\checkpoint_wrapper.py","12547","False",
"8_tools\EES331_Action_Viewer_v1.0\_internal\torch\distributed\algorithms\_comm_hooks\__init__.py","138","False",
"8_tools\EES331_Action_Viewer_v1.0\_internal\torch\distributed\algorithms\_comm_hooks\default_hooks.py","7807","False",
"8_tools\EES331_Action_Viewer_v1.0\_internal\torch\distributed\algorithms\_optimizer_overlap\__init__.py","53","False",
"8_tools\EES331_Action_Viewer_v1.0\_internal\torch\distributed\algorithms\_optimizer_overlap\optimizer_overlap.py","3849","False",
"8_tools\EES331_Action_Viewer_v1.0\_internal\torch\distributed\algorithms\_quantization\__init__.py","0","False",
"8_tools\EES331_Action_Viewer_v1.0\_internal\torch\distributed\algorithms\_quantization\quantization.py","5797","False",
"8_tools\EES331_Action_Viewer_v1.0\_internal\torch\distributed\algorithms\ddp_comm_hooks\__init__.py","4307","False",
"8_tools\EES331_Action_Viewer_v1.0\_internal\torch\distributed\algorithms\ddp_comm_hooks\ddp_zero_hook.py","19947","False",
"8_tools\EES331_Action_Viewer_v1.0\_internal\torch\distributed\algorithms\ddp_comm_hooks\debugging_hooks.py","1144","False",
"8_tools\EES331_Action_Viewer_v1.0\_internal\torch\distributed\algorithms\ddp_comm_hooks\default_hooks.py","8173","False",
"8_tools\EES331_Action_Viewer_v1.0\_internal\torch\distributed\algorithms\ddp_comm_hooks\mixed_precision_hooks.py","3340","False",
"8_tools\EES331_Action_Viewer_v1.0\_internal\torch\distributed\algorithms\ddp_comm_hooks\optimizer_overlap_hooks.py","6315","False",
"8_tools\EES331_Action_Viewer_v1.0\_internal\torch\distributed\algorithms\ddp_comm_hooks\post_localSGD_hook.py","5274","False",
"8_tools\EES331_Action_Viewer_v1.0\_internal\torch\distributed\algorithms\ddp_comm_hooks\powerSGD_hook.py","41360","False",
"8_tools\EES331_Action_Viewer_v1.0\_internal\torch\distributed\algorithms\ddp_comm_hooks\quantization_hooks.py","8538","False",
"8_tools\EES331_Action_Viewer_v1.0\_internal\torch\distributed\algorithms\model_averaging\__init__.py","0","False",
"8_tools\EES331_Action_Viewer_v1.0\_internal\torch\distributed\algorithms\model_averaging\averagers.py","5545","False",
"8_tools\EES331_Action_Viewer_v1.0\_internal\torch\distributed\algorithms\model_averaging\hierarchical_model_averager.py","9951","False",
"8_tools\EES331_Action_Viewer_v1.0\_internal\torch\distributed\algorithms\model_averaging\utils.py","3173","False",
"8_tools\EES331_Action_Viewer_v1.0\_internal\torch\distributed\algorithms\__init__.py","44","False",
"8_tools\EES331_Action_Viewer_v1.0\_internal\torch\distributed\algorithms\join.py","13795","False",
"8_tools\EES331_Action_Viewer_v1.0\_internal\torch\distributed\autograd\__init__.py","1997","False",
"8_tools\EES331_Action_Viewer_v1.0\_internal\torch\distributed\checkpoint\_experimental\__init__.py","1814","False",
"8_tools\EES331_Action_Viewer_v1.0\_internal\torch\distributed\checkpoint\_experimental\barriers.py","9404","False",
"8_tools\EES331_Action_Viewer_v1.0\_internal\torch\distributed\checkpoint\_experimental\builder.py","6297","False",
"8_tools\EES331_Action_Viewer_v1.0\_internal\torch\distributed\checkpoint\_experimental\checkpoint_process.py","13457","False",
"8_tools\EES331_Action_Viewer_v1.0\_internal\torch\distributed\checkpoint\_experimental\checkpoint_reader.py","8918","False",
"8_tools\EES331_Action_Viewer_v1.0\_internal\torch\distributed\checkpoint\_experimental\checkpoint_writer.py","5433","False",
"8_tools\EES331_Action_Viewer_v1.0\_internal\torch\distributed\checkpoint\_experimental\checkpointer.py","12289","False",
"8_tools\EES331_Action_Viewer_v1.0\_internal\torch\distributed\checkpoint\_experimental\config.py","1572","False",
"8_tools\EES331_Action_Viewer_v1.0\_internal\torch\distributed\checkpoint\_experimental\staging.py","8455","False",
"8_tools\EES331_Action_Viewer_v1.0\_internal\torch\distributed\checkpoint\_experimental\types.py","787","False",
"8_tools\EES331_Action_Viewer_v1.0\_internal\torch\distributed\checkpoint\_experimental\utils.py","1347","False",
"8_tools\EES331_Action_Viewer_v1.0\_internal\torch\distributed\checkpoint\__init__.py","847","False",
"8_tools\EES331_Action_Viewer_v1.0\_internal\torch\distributed\checkpoint\_async_executor.py","1243","False",
"8_tools\EES331_Action_Viewer_v1.0\_internal\torch\distributed\checkpoint\_async_process_executor.py","18617","False",
"8_tools\EES331_Action_Viewer_v1.0\_internal\torch\distributed\checkpoint\_async_thread_executor.py","2547","False",
"8_tools\EES331_Action_Viewer_v1.0\_internal\torch\distributed\checkpoint\_checkpointer.py","3905","False",
"8_tools\EES331_Action_Viewer_v1.0\_internal\torch\distributed\checkpoint\_consolidate_hf_safetensors.py","27854","False",
"8_tools\EES331_Action_Viewer_v1.0\_internal\torch\distributed\checkpoint\_dedup_save_plans.py","2819","False",
"8_tools\EES331_Action_Viewer_v1.0\_internal\torch\distributed\checkpoint\_dedup_tensors.py","2053","False",
"8_tools\EES331_Action_Viewer_v1.0\_internal\torch\distributed\checkpoint\_extension.py","8013","False",
"8_tools\EES331_Action_Viewer_v1.0\_internal\torch\distributed\checkpoint\_fsspec_filesystem.py","5802","False",
"8_tools\EES331_Action_Viewer_v1.0\_internal\torch\distributed\checkpoint\_hf_utils.py","2941","False",
"8_tools\EES331_Action_Viewer_v1.0\_internal\torch\distributed\checkpoint\_nested_dict.py","2342","False",
"8_tools\EES331_Action_Viewer_v1.0\_internal\torch\distributed\checkpoint\_pg_transport.py","13735","False",
"8_tools\EES331_Action_Viewer_v1.0\_internal\torch\distributed\checkpoint\_sharded_tensor_utils.py","4251","False",
"8_tools\EES331_Action_Viewer_v1.0\_internal\torch\distributed\checkpoint\_state_dict_stager.py","19091","False",
"8_tools\EES331_Action_Viewer_v1.0\_internal\torch\distributed\checkpoint\_storage_utils.py","1457","False",
"8_tools\EES331_Action_Viewer_v1.0\_internal\torch\distributed\checkpoint\_traverse.py","7166","False",
"8_tools\EES331_Action_Viewer_v1.0\_internal\torch\distributed\checkpoint\_version.py","128","False",
"8_tools\EES331_Action_Viewer_v1.0\_internal\torch\distributed\checkpoint\api.py","1459","False",
"8_tools\EES331_Action_Viewer_v1.0\_internal\torch\distributed\checkpoint\default_planner.py","28162","False",
"8_tools\EES331_Action_Viewer_v1.0\_internal\torch\distributed\checkpoint\filesystem.py","37988","False",
"8_tools\EES331_Action_Viewer_v1.0\_internal\torch\distributed\checkpoint\format_utils.py","11089","False",
"8_tools\EES331_Action_Viewer_v1.0\_internal\torch\distributed\checkpoint\hf_storage.py","15802","False",
"8_tools\EES331_Action_Viewer_v1.0\_internal\torch\distributed\checkpoint\logger.py","3756","False",
"8_tools\EES331_Action_Viewer_v1.0\_internal\torch\distributed\checkpoint\logging_handlers.py","234","False",
"8_tools\EES331_Action_Viewer_v1.0\_internal\torch\distributed\checkpoint\metadata.py","5816","False",
"8_tools\EES331_Action_Viewer_v1.0\_internal\torch\distributed\checkpoint\optimizer.py","13740","False",
"8_tools\EES331_Action_Viewer_v1.0\_internal\torch\distributed\checkpoint\planner_helpers.py","17035","False",
"8_tools\EES331_Action_Viewer_v1.0\_internal\torch\distributed\checkpoint\planner.py","16713","False",
"8_tools\EES331_Action_Viewer_v1.0\_internal\torch\distributed\checkpoint\quantized_hf_storage.py","20630","False",
"8_tools\EES331_Action_Viewer_v1.0\_internal\torch\distributed\checkpoint\resharding.py","2344","False",
"8_tools\EES331_Action_Viewer_v1.0\_internal\torch\distributed\checkpoint\staging.py","19773","False",
"8_tools\EES331_Action_Viewer_v1.0\_internal\torch\distributed\checkpoint\state_dict_loader.py","14749","False",
"8_tools\EES331_Action_Viewer_v1.0\_internal\torch\distributed\checkpoint\state_dict_saver.py","19092","False",
"8_tools\EES331_Action_Viewer_v1.0\_internal\torch\distributed\checkpoint\state_dict.py","64106","False",
"8_tools\EES331_Action_Viewer_v1.0\_internal\torch\distributed\checkpoint\stateful.py","1103","False",
"8_tools\EES331_Action_Viewer_v1.0\_internal\torch\distributed\checkpoint\storage.py","10122","False",
"8_tools\EES331_Action_Viewer_v1.0\_internal\torch\distributed\checkpoint\utils.py","17048","False",
"8_tools\EES331_Action_Viewer_v1.0\_internal\torch\distributed\debug\__init__.py","2830","False",
"8_tools\EES331_Action_Viewer_v1.0\_internal\torch\distributed\debug\_frontend.py","17898","False",
"8_tools\EES331_Action_Viewer_v1.0\_internal\torch\distributed\debug\_handlers.py","799","False",
"8_tools\EES331_Action_Viewer_v1.0\_internal\torch\distributed\debug\_store.py","557","False",
"8_tools\EES331_Action_Viewer_v1.0\_internal\torch\distributed\elastic\agent\server\__init__.py","1442","False",
"8_tools\EES331_Action_Viewer_v1.0\_internal\torch\distributed\elastic\agent\server\api.py","39922","False",
"8_tools\EES331_Action_Viewer_v1.0\_internal\torch\distributed\elastic\agent\server\health_check_server.py","1753","False",
"8_tools\EES331_Action_Viewer_v1.0\_internal\torch\distributed\elastic\agent\server\local_elastic_agent.py","19208","False",
"8_tools\EES331_Action_Viewer_v1.0\_internal\torch\distributed\elastic\agent\__init__.py","0","False",
"8_tools\EES331_Action_Viewer_v1.0\_internal\torch\distributed\elastic\events\__init__.py","5540","False",
"8_tools\EES331_Action_Viewer_v1.0\_internal\torch\distributed\elastic\events\api.py","3429","False",
"8_tools\EES331_Action_Viewer_v1.0\_internal\torch\distributed\elastic\events\handlers.py","577","False",
"8_tools\EES331_Action_Viewer_v1.0\_internal\torch\distributed\elastic\metrics\__init__.py","5067","False",
"8_tools\EES331_Action_Viewer_v1.0\_internal\torch\distributed\elastic\metrics\api.py","5967","False",
"8_tools\EES331_Action_Viewer_v1.0\_internal\torch\distributed\elastic\multiprocessing\errors\__init__.py","15097","False",
"8_tools\EES331_Action_Viewer_v1.0\_internal\torch\distributed\elastic\multiprocessing\errors\error_handler.py","6845","False",
"8_tools\EES331_Action_Viewer_v1.0\_internal\torch\distributed\elastic\multiprocessing\errors\handlers.py","482","False",
"8_tools\EES331_Action_Viewer_v1.0\_internal\torch\distributed\elastic\multiprocessing\subprocess_handler\__init__.py","539","False",
"8_tools\EES331_Action_Viewer_v1.0\_internal\torch\distributed\elastic\multiprocessing\subprocess_handler\handlers.py","882","False",
"8_tools\EES331_Action_Viewer_v1.0\_internal\torch\distributed\elastic\multiprocessing\subprocess_handler\subprocess_handler.py","2818","False",
"8_tools\EES331_Action_Viewer_v1.0\_internal\torch\distributed\elastic\multiprocessing\__init__.py","8954","False",
"8_tools\EES331_Action_Viewer_v1.0\_internal\torch\distributed\elastic\multiprocessing\api.py","39575","False",
"8_tools\EES331_Action_Viewer_v1.0\_internal\torch\distributed\elastic\multiprocessing\redirects.py","2868","False",
"8_tools\EES331_Action_Viewer_v1.0\_internal\torch\distributed\elastic\multiprocessing\tail_log.py","5488","False",
"8_tools\EES331_Action_Viewer_v1.0\_internal\torch\distributed\elastic\rendezvous\__init__.py","6432","False",
"8_tools\EES331_Action_Viewer_v1.0\_internal\torch\distributed\elastic\rendezvous\_etcd_stub.py","2073","False",
"8_tools\EES331_Action_Viewer_v1.0\_internal\torch\distributed\elastic\rendezvous\api.py","13475","False",
"8_tools\EES331_Action_Viewer_v1.0\_internal\torch\distributed\elastic\rendezvous\c10d_rendezvous_backend.py","11008","False",
"8_tools\EES331_Action_Viewer_v1.0\_internal\torch\distributed\elastic\rendezvous\dynamic_rendezvous.py","50829","False",
"8_tools\EES331_Action_Viewer_v1.0\_internal\torch\distributed\elastic\rendezvous\etcd_rendezvous_backend.py","7562","False",
"8_tools\EES331_Action_Viewer_v1.0\_internal\torch\distributed\elastic\rendezvous\etcd_rendezvous.py","44586","False",
"8_tools\EES331_Action_Viewer_v1.0\_internal\torch\distributed\elastic\rendezvous\etcd_server.py","8663","False",
"8_tools\EES331_Action_Viewer_v1.0\_internal\torch\distributed\elastic\rendezvous\etcd_store.py","7436","False",
"8_tools\EES331_Action_Viewer_v1.0\_internal\torch\distributed\elastic\rendezvous\registry.py","3017","False",
"8_tools\EES331_Action_Viewer_v1.0\_internal\torch\distributed\elastic\rendezvous\static_tcp_rendezvous.py","3780","False",
"8_tools\EES331_Action_Viewer_v1.0\_internal\torch\distributed\elastic\rendezvous\utils.py","8658","False",
"8_tools\EES331_Action_Viewer_v1.0\_internal\torch\distributed\elastic\timer\__init__.py","1804","False",
"8_tools\EES331_Action_Viewer_v1.0\_internal\torch\distributed\elastic\timer\api.py","9839","False",
"8_tools\EES331_Action_Viewer_v1.0\_internal\torch\distributed\elastic\timer\debug_info_logging.py","634","False",
"8_tools\EES331_Action_Viewer_v1.0\_internal\torch\distributed\elastic\timer\file_based_local_timer.py","16833","False",
"8_tools\EES331_Action_Viewer_v1.0\_internal\torch\distributed\elastic\timer\local_timer.py","4410","False",
"8_tools\EES331_Action_Viewer_v1.0\_internal\torch\distributed\elastic\utils\data\__init__.py","382","False",
"8_tools\EES331_Action_Viewer_v1.0\_internal\torch\distributed\elastic\utils\data\cycling_iterator.py","1700","False",
"8_tools\EES331_Action_Viewer_v1.0\_internal\torch\distributed\elastic\utils\data\elastic_distributed_sampler.py","3149","False",
"8_tools\EES331_Action_Viewer_v1.0\_internal\torch\distributed\elastic\utils\__init__.py","327","False",
"8_tools\EES331_Action_Viewer_v1.0\_internal\torch\distributed\elastic\utils\api.py","1767","False",
"8_tools\EES331_Action_Viewer_v1.0\_internal\torch\distributed\elastic\utils\distributed.py","6075","False",
"8_tools\EES331_Action_Viewer_v1.0\_internal\torch\distributed\elastic\utils\log_level.py","353","False",
"8_tools\EES331_Action_Viewer_v1.0\_internal\torch\distributed\elastic\utils\logging.py","2329","False",
"8_tools\EES331_Action_Viewer_v1.0\_internal\torch\distributed\elastic\utils\store.py","7466","False",
"8_tools\EES331_Action_Viewer_v1.0\_internal\torch\distributed\elastic\__init__.py","3731","False",
"8_tools\EES331_Action_Viewer_v1.0\_internal\torch\distributed\elastic\control_plane.py","1234","False",
"8_tools\EES331_Action_Viewer_v1.0\_internal\torch\distributed\flight_recorder\components\__init__.py","0","False",
"8_tools\EES331_Action_Viewer_v1.0\_internal\torch\distributed\flight_recorder\components\builder.py","18373","False",
"8_tools\EES331_Action_Viewer_v1.0\_internal\torch\distributed\flight_recorder\components\config_manager.py","4016","False",
"8_tools\EES331_Action_Viewer_v1.0\_internal\torch\distributed\flight_recorder\components\fr_logger.py","1582","False",
"8_tools\EES331_Action_Viewer_v1.0\_internal\torch\distributed\flight_recorder\components\loader.py","2994","False",
"8_tools\EES331_Action_Viewer_v1.0\_internal\torch\distributed\flight_recorder\components\types.py","23455","False",
"8_tools\EES331_Action_Viewer_v1.0\_internal\torch\distributed\flight_recorder\components\utils.py","30219","False",
"8_tools\EES331_Action_Viewer_v1.0\_internal\torch\distributed\flight_recorder\__init__.py","0","False",
"8_tools\EES331_Action_Viewer_v1.0\_internal\torch\distributed\flight_recorder\fr_trace.py","3069","False",
"8_tools\EES331_Action_Viewer_v1.0\_internal\torch\distributed\fsdp\_fully_shard\__init__.py","438","False",
"8_tools\EES331_Action_Viewer_v1.0\_internal\torch\distributed\fsdp\_fully_shard\_fsdp_api.py","5597","False",
"8_tools\EES331_Action_Viewer_v1.0\_internal\torch\distributed\fsdp\_fully_shard\_fsdp_collectives.py","30588","False",
"8_tools\EES331_Action_Viewer_v1.0\_internal\torch\distributed\fsdp\_fully_shard\_fsdp_common.py","5951","False",
"8_tools\EES331_Action_Viewer_v1.0\_internal\torch\distributed\fsdp\_fully_shard\_fsdp_init.py","9427","False",
"8_tools\EES331_Action_Viewer_v1.0\_internal\torch\distributed\fsdp\_fully_shard\_fsdp_param_group.py","41331","False",
"8_tools\EES331_Action_Viewer_v1.0\_internal\torch\distributed\fsdp\_fully_shard\_fsdp_param.py","46055","False",
"8_tools\EES331_Action_Viewer_v1.0\_internal\torch\distributed\fsdp\_fully_shard\_fsdp_state.py","18457","False",
"8_tools\EES331_Action_Viewer_v1.0\_internal\torch\distributed\fsdp\_fully_shard\_fully_shard.py","33881","False",
"8_tools\EES331_Action_Viewer_v1.0\_internal\torch\distributed\fsdp\__init__.py","1904","False",
"8_tools\EES331_Action_Viewer_v1.0\_internal\torch\distributed\fsdp\_common_utils.py","23097","False",
"8_tools\EES331_Action_Viewer_v1.0\_internal\torch\distributed\fsdp\_debug_utils.py","5977","False",
"8_tools\EES331_Action_Viewer_v1.0\_internal\torch\distributed\fsdp\_dynamo_utils.py","2674","False",
"8_tools\EES331_Action_Viewer_v1.0\_internal\torch\distributed\fsdp\_exec_order_utils.py","16534","False",
"8_tools\EES331_Action_Viewer_v1.0\_internal\torch\distributed\fsdp\_flat_param.py","129112","False",
"8_tools\EES331_Action_Viewer_v1.0\_internal\torch\distributed\fsdp\_fsdp_extensions.py","5213","False",
"8_tools\EES331_Action_Viewer_v1.0\_internal\torch\distributed\fsdp\_init_utils.py","48279","False",
"8_tools\EES331_Action_Viewer_v1.0\_internal\torch\distributed\fsdp\_limiter_utils.py","1119","False",
"8_tools\EES331_Action_Viewer_v1.0\_internal\torch\distributed\fsdp\_optim_utils.py","92571","False",
"8_tools\EES331_Action_Viewer_v1.0\_internal\torch\distributed\fsdp\_runtime_utils.py","68619","False",
"8_tools\EES331_Action_Viewer_v1.0\_internal\torch\distributed\fsdp\_shard_utils.py","5002","False",
"8_tools\EES331_Action_Viewer_v1.0\_internal\torch\distributed\fsdp\_state_dict_utils.py","35669","False",
"8_tools\EES331_Action_Viewer_v1.0\_internal\torch\distributed\fsdp\_trace_utils.py","11063","False",
"8_tools\EES331_Action_Viewer_v1.0\_internal\torch\distributed\fsdp\_traversal_utils.py","4722","False",
"8_tools\EES331_Action_Viewer_v1.0\_internal\torch\distributed\fsdp\_unshard_param_utils.py","12003","False",
"8_tools\EES331_Action_Viewer_v1.0\_internal\torch\distributed\fsdp\_wrap_utils.py","11223","False",
"8_tools\EES331_Action_Viewer_v1.0\_internal\torch\distributed\fsdp\api.py","19392","False",
"8_tools\EES331_Action_Viewer_v1.0\_internal\torch\distributed\fsdp\fully_sharded_data_parallel.py","103485","False",
"8_tools\EES331_Action_Viewer_v1.0\_internal\torch\distributed\fsdp\sharded_grad_scaler.py","17481","False",
"8_tools\EES331_Action_Viewer_v1.0\_internal\torch\distributed\fsdp\wrap.py","23762","False",
"8_tools\EES331_Action_Viewer_v1.0\_internal\torch\distributed\launcher\__init__.py","363","False",
"8_tools\EES331_Action_Viewer_v1.0\_internal\torch\distributed\launcher\api.py","14123","False",
"8_tools\EES331_Action_Viewer_v1.0\_internal\torch\distributed\nn\api\__init__.py","0","False",
"8_tools\EES331_Action_Viewer_v1.0\_internal\torch\distributed\nn\api\remote_module.py","32596","False",
"8_tools\EES331_Action_Viewer_v1.0\_internal\torch\distributed\nn\jit\templates\__init__.py","0","False",
"8_tools\EES331_Action_Viewer_v1.0\_internal\torch\distributed\nn\jit\templates\remote_module_template.py","3571","False",
"8_tools\EES331_Action_Viewer_v1.0\_internal\torch\distributed\nn\jit\__init__.py","0","False",
"8_tools\EES331_Action_Viewer_v1.0\_internal\torch\distributed\nn\jit\instantiator.py","5030","False",
"8_tools\EES331_Action_Viewer_v1.0\_internal\torch\distributed\nn\__init__.py","152","False",
"8_tools\EES331_Action_Viewer_v1.0\_internal\torch\distributed\nn\functional.py","16313","False",
"8_tools\EES331_Action_Viewer_v1.0\_internal\torch\distributed\optim\__init__.py","1484","False",
"8_tools\EES331_Action_Viewer_v1.0\_internal\torch\distributed\optim\_deprecation_warning.py","563","False",
"8_tools\EES331_Action_Viewer_v1.0\_internal\torch\distributed\optim\apply_optimizer_in_backward.py","5335","False",
"8_tools\EES331_Action_Viewer_v1.0\_internal\torch\distributed\optim\functional_adadelta.py","4033","False",
"8_tools\EES331_Action_Viewer_v1.0\_internal\torch\distributed\optim\functional_adagrad.py","4387","False",
"8_tools\EES331_Action_Viewer_v1.0\_internal\torch\distributed\optim\functional_adam.py","7592","False",
"8_tools\EES331_Action_Viewer_v1.0\_internal\torch\distributed\optim\functional_adamax.py","4742","False",
"8_tools\EES331_Action_Viewer_v1.0\_internal\torch\distributed\optim\functional_adamw.py","7713","False",
"8_tools\EES331_Action_Viewer_v1.0\_internal\torch\distributed\optim\functional_rmsprop.py","4782","False",
"8_tools\EES331_Action_Viewer_v1.0\_internal\torch\distributed\optim\functional_rprop.py","3913","False",
"8_tools\EES331_Action_Viewer_v1.0\_internal\torch\distributed\optim\functional_sgd.py","6063","False",
"8_tools\EES331_Action_Viewer_v1.0\_internal\torch\distributed\optim\named_optimizer.py","14302","False",
"8_tools\EES331_Action_Viewer_v1.0\_internal\torch\distributed\optim\optimizer.py","10010","False",
"8_tools\EES331_Action_Viewer_v1.0\_internal\torch\distributed\optim\post_localSGD_optimizer.py","4609","False",
"8_tools\EES331_Action_Viewer_v1.0\_internal\torch\distributed\optim\utils.py","2303","False",
"8_tools\EES331_Action_Viewer_v1.0\_internal\torch\distributed\optim\zero_redundancy_optimizer.py","74520","False",
"8_tools\EES331_Action_Viewer_v1.0\_internal\torch\distributed\pipelining\__init__.py","719","False",
"8_tools\EES331_Action_Viewer_v1.0\_internal\torch\distributed\pipelining\_backward.py","17065","False",
"8_tools\EES331_Action_Viewer_v1.0\_internal\torch\distributed\pipelining\_debug.py","630","False",
"8_tools\EES331_Action_Viewer_v1.0\_internal\torch\distributed\pipelining\_IR.py","50776","False",
"8_tools\EES331_Action_Viewer_v1.0\_internal\torch\distributed\pipelining\_schedule_visualizer.py","17188","False",
"8_tools\EES331_Action_Viewer_v1.0\_internal\torch\distributed\pipelining\_unflatten.py","982","False",
"8_tools\EES331_Action_Viewer_v1.0\_internal\torch\distributed\pipelining\_utils.py","4826","False",
"8_tools\EES331_Action_Viewer_v1.0\_internal\torch\distributed\pipelining\microbatch.py","18555","False",
"8_tools\EES331_Action_Viewer_v1.0\_internal\torch\distributed\pipelining\schedules.py","145034","False",
"8_tools\EES331_Action_Viewer_v1.0\_internal\torch\distributed\pipelining\stage.py","65975","False",
"8_tools\EES331_Action_Viewer_v1.0\_internal\torch\distributed\rpc\_testing\__init__.py","497","False",
"8_tools\EES331_Action_Viewer_v1.0\_internal\torch\distributed\rpc\_testing\faulty_agent_backend_registry.py","1701","False",
"8_tools\EES331_Action_Viewer_v1.0\_internal\torch\distributed\rpc\__init__.py","10202","False",
"8_tools\EES331_Action_Viewer_v1.0\_internal\torch\distributed\rpc\_utils.py","1696","False",
"8_tools\EES331_Action_Viewer_v1.0\_internal\torch\distributed\rpc\api.py","38002","False",
"8_tools\EES331_Action_Viewer_v1.0\_internal\torch\distributed\rpc\backend_registry.py","16710","False",
"8_tools\EES331_Action_Viewer_v1.0\_internal\torch\distributed\rpc\constants.py","828","False",
"8_tools\EES331_Action_Viewer_v1.0\_internal\torch\distributed\rpc\functions.py","7441","False",
"8_tools\EES331_Action_Viewer_v1.0\_internal\torch\distributed\rpc\internal.py","11404","False",
"8_tools\EES331_Action_Viewer_v1.0\_internal\torch\distributed\rpc\options.py","7430","False",
"8_tools\EES331_Action_Viewer_v1.0\_internal\torch\distributed\rpc\rref_proxy.py","2785","False",
"8_tools\EES331_Action_Viewer_v1.0\_internal\torch\distributed\rpc\server_process_global_profiler.py","8756","False",
"8_tools\EES331_Action_Viewer_v1.0\_internal\torch\distributed\tensor\_ops\__init__.py","389","False",
"8_tools\EES331_Action_Viewer_v1.0\_internal\torch\distributed\tensor\_ops\_common_rules.py","12234","False",
"8_tools\EES331_Action_Viewer_v1.0\_internal\torch\distributed\tensor\_ops\_conv_ops.py","4419","False",
"8_tools\EES331_Action_Viewer_v1.0\_internal\torch\distributed\tensor\_ops\_einsum_strategy.py","7361","False",
"8_tools\EES331_Action_Viewer_v1.0\_internal\torch\distributed\tensor\_ops\_embedding_ops.py","4438","False",
"8_tools\EES331_Action_Viewer_v1.0\_internal\torch\distributed\tensor\_ops\_mask_buffer.py","1575","False",
"8_tools\EES331_Action_Viewer_v1.0\_internal\torch\distributed\tensor\_ops\_math_ops.py","55743","False",
"8_tools\EES331_Action_Viewer_v1.0\_internal\torch\distributed\tensor\_ops\_matrix_ops.py","40686","False",
"8_tools\EES331_Action_Viewer_v1.0\_internal\torch\distributed\tensor\_ops\_pointwise_ops.py","26972","False",
"8_tools\EES331_Action_Viewer_v1.0\_internal\torch\distributed\tensor\_ops\_random_ops.py","1353","False",
"8_tools\EES331_Action_Viewer_v1.0\_internal\torch\distributed\tensor\_ops\_tensor_ops.py","53273","False",
"8_tools\EES331_Action_Viewer_v1.0\_internal\torch\distributed\tensor\_ops\_view_ops.py","30627","False",
"8_tools\EES331_Action_Viewer_v1.0\_internal\torch\distributed\tensor\_ops\registration.py","3166","False",
"8_tools\EES331_Action_Viewer_v1.0\_internal\torch\distributed\tensor\_ops\utils.py","15513","False",
"8_tools\EES331_Action_Viewer_v1.0\_internal\torch\distributed\tensor\debug\__init__.py","1859","False",
"8_tools\EES331_Action_Viewer_v1.0\_internal\torch\distributed\tensor\debug\_comm_mode.py","29715","False",
"8_tools\EES331_Action_Viewer_v1.0\_internal\torch\distributed\tensor\debug\_op_coverage.py","3344","False",
"8_tools\EES331_Action_Viewer_v1.0\_internal\torch\distributed\tensor\debug\_visualize_sharding.py","7776","False",
"8_tools\EES331_Action_Viewer_v1.0\_internal\torch\distributed\tensor\experimental\_context_parallel\__init__.py","1176","False",
"8_tools\EES331_Action_Viewer_v1.0\_internal\torch\distributed\tensor\experimental\_context_parallel\_attention.py","62208","False",
"8_tools\EES331_Action_Viewer_v1.0\_internal\torch\distributed\tensor\experimental\_context_parallel\_cp_custom_ops.py","3057","False",
"8_tools\EES331_Action_Viewer_v1.0\_internal\torch\distributed\tensor\experimental\_context_parallel\_load_balancer.py","23206","False",
"8_tools\EES331_Action_Viewer_v1.0\_internal\torch\distributed\tensor\experimental\_context_parallel\_sharding_rules.py","14187","False",
"8_tools\EES331_Action_Viewer_v1.0\_internal\torch\distributed\tensor\experimental\__init__.py","1458","False",
"8_tools\EES331_Action_Viewer_v1.0\_internal\torch\distributed\tensor\experimental\_attention.py","1273","False",
"8_tools\EES331_Action_Viewer_v1.0\_internal\torch\distributed\tensor\experimental\_func_map.py","12385","False",
"8_tools\EES331_Action_Viewer_v1.0\_internal\torch\distributed\tensor\experimental\_register_sharding.py","5772","False",
"8_tools\EES331_Action_Viewer_v1.0\_internal\torch\distributed\tensor\experimental\_tp_transform.py","20994","False",
"8_tools\EES331_Action_Viewer_v1.0\_internal\torch\distributed\tensor\parallel\__init__.py","668","False",
"8_tools\EES331_Action_Viewer_v1.0\_internal\torch\distributed\tensor\parallel\_data_parallel_utils.py","1549","False",
"8_tools\EES331_Action_Viewer_v1.0\_internal\torch\distributed\tensor\parallel\api.py","6618","False",
"8_tools\EES331_Action_Viewer_v1.0\_internal\torch\distributed\tensor\parallel\ddp.py","3826","False",
"8_tools\EES331_Action_Viewer_v1.0\_internal\torch\distributed\tensor\parallel\fsdp.py","14099","False",
"8_tools\EES331_Action_Viewer_v1.0\_internal\torch\distributed\tensor\parallel\input_reshard.py","3846","False",
"8_tools\EES331_Action_Viewer_v1.0\_internal\torch\distributed\tensor\parallel\loss.py","18952","False",
"8_tools\EES331_Action_Viewer_v1.0\_internal\torch\distributed\tensor\parallel\style.py","37919","False",
"8_tools\EES331_Action_Viewer_v1.0\_internal\torch\distributed\tensor\__init__.py","2337","False",
"8_tools\EES331_Action_Viewer_v1.0\_internal\torch\distributed\tensor\_api.py","61824","False",
"8_tools\EES331_Action_Viewer_v1.0\_internal\torch\distributed\tensor\_argmin_argmax.py","4518","False",
"8_tools\EES331_Action_Viewer_v1.0\_internal\torch\distributed\tensor\_collective_utils.py","15447","False",
"8_tools\EES331_Action_Viewer_v1.0\_internal\torch\distributed\tensor\_dispatch.py","29464","False",
"8_tools\EES331_Action_Viewer_v1.0\_internal\torch\distributed\tensor\_dtensor_spec.py","31969","False",
"8_tools\EES331_Action_Viewer_v1.0\_internal\torch\distributed\tensor\_op_schema.py","23661","False",
"8_tools\EES331_Action_Viewer_v1.0\_internal\torch\distributed\tensor\_random.py","20427","False",
"8_tools\EES331_Action_Viewer_v1.0\_internal\torch\distributed\tensor\_redistribute.py","46039","False",
"8_tools\EES331_Action_Viewer_v1.0\_internal\torch\distributed\tensor\_sharding_prop.py","31731","False",
"8_tools\EES331_Action_Viewer_v1.0\_internal\torch\distributed\tensor\_shards_wrapper.py","13837","False",
"8_tools\EES331_Action_Viewer_v1.0\_internal\torch\distributed\tensor\_tp_conv.py","10994","False",
"8_tools\EES331_Action_Viewer_v1.0\_internal\torch\distributed\tensor\_utils.py","18720","False",
"8_tools\EES331_Action_Viewer_v1.0\_internal\torch\distributed\tensor\device_mesh.py","199","False",
"8_tools\EES331_Action_Viewer_v1.0\_internal\torch\distributed\tensor\placement_types.py","42898","False",
"8_tools\EES331_Action_Viewer_v1.0\_internal\torch\distributed\__init__.py","5684","False",
"8_tools\EES331_Action_Viewer_v1.0\_internal\torch\distributed\_checkpointable.py","1342","False",
"8_tools\EES331_Action_Viewer_v1.0\_internal\torch\distributed\_composable_state.py","1492","False",
"8_tools\EES331_Action_Viewer_v1.0\_internal\torch\distributed\_dist2.py","5018","False",
"8_tools\EES331_Action_Viewer_v1.0\_internal\torch\distributed\_functional_collectives_impl.py","3352","False",
"8_tools\EES331_Action_Viewer_v1.0\_internal\torch\distributed\_functional_collectives.py","48144","False",
"8_tools\EES331_Action_Viewer_v1.0\_internal\torch\distributed\_mesh_layout.py","12815","False",
"8_tools\EES331_Action_Viewer_v1.0\_internal\torch\distributed\_serialization.py","4742","False",
"8_tools\EES331_Action_Viewer_v1.0\_internal\torch\distributed\_state_dict_utils.py","30644","False",
"8_tools\EES331_Action_Viewer_v1.0\_internal\torch\distributed\argparse_util.py","4007","False",
"8_tools\EES331_Action_Viewer_v1.0\_internal\torch\distributed\c10d_logger.py","3285","False",
"8_tools\EES331_Action_Viewer_v1.0\_internal\torch\distributed\collective_utils.py","12467","False",
"8_tools\EES331_Action_Viewer_v1.0\_internal\torch\distributed\constants.py","1223","False",
"8_tools\EES331_Action_Viewer_v1.0\_internal\torch\distributed\device_mesh.py","66359","False",
"8_tools\EES331_Action_Viewer_v1.0\_internal\torch\distributed\distributed_c10d.py","253858","False",
"8_tools\EES331_Action_Viewer_v1.0\_internal\torch\distributed\launch.py","7802","False",
"8_tools\EES331_Action_Viewer_v1.0\_internal\torch\distributed\logging_handlers.py","375","False",
"8_tools\EES331_Action_Viewer_v1.0\_internal\torch\distributed\remote_device.py","4828","False",
"8_tools\EES331_Action_Viewer_v1.0\_internal\torch\distributed\rendezvous.py","10608","False",
"8_tools\EES331_Action_Viewer_v1.0\_internal\torch\distributed\run.py","36841","False",
"8_tools\EES331_Action_Viewer_v1.0\_internal\torch\distributed\utils.py","14034","False",
"8_tools\EES331_Action_Viewer_v1.0\_internal\torch\distributions\__init__.py","6285","False",
"8_tools\EES331_Action_Viewer_v1.0\_internal\torch\distributions\bernoulli.py","4916","False",
"8_tools\EES331_Action_Viewer_v1.0\_internal\torch\distributions\beta.py","4169","False",
"8_tools\EES331_Action_Viewer_v1.0\_internal\torch\distributions\binomial.py","6666","False",
"8_tools\EES331_Action_Viewer_v1.0\_internal\torch\distributions\categorical.py","6391","False",
"8_tools\EES331_Action_Viewer_v1.0\_internal\torch\distributions\cauchy.py","3309","False",
"8_tools\EES331_Action_Viewer_v1.0\_internal\torch\distributions\chi2.py","1196","False",
"8_tools\EES331_Action_Viewer_v1.0\_internal\torch\distributions\constraint_registry.py","10597","False",
"8_tools\EES331_Action_Viewer_v1.0\_internal\torch\distributions\constraints.py","22367","False",
"8_tools\EES331_Action_Viewer_v1.0\_internal\torch\distributions\continuous_bernoulli.py","9557","False",
"8_tools\EES331_Action_Viewer_v1.0\_internal\torch\distributions\dirichlet.py","4699","False",
"8_tools\EES331_Action_Viewer_v1.0\_internal\torch\distributions\distribution.py","13019","False",
"8_tools\EES331_Action_Viewer_v1.0\_internal\torch\distributions\exp_family.py","2552","False",
"8_tools\EES331_Action_Viewer_v1.0\_internal\torch\distributions\exponential.py","2864","False",
"8_tools\EES331_Action_Viewer_v1.0\_internal\torch\distributions\fishersnedecor.py","3823","False",
"8_tools\EES331_Action_Viewer_v1.0\_internal\torch\distributions\gamma.py","4102","False",
"8_tools\EES331_Action_Viewer_v1.0\_internal\torch\distributions\generalized_pareto.py","6034","False",
"8_tools\EES331_Action_Viewer_v1.0\_internal\torch\distributions\geometric.py","5317","False",
"8_tools\EES331_Action_Viewer_v1.0\_internal\torch\distributions\gumbel.py","3144","False",
"8_tools\EES331_Action_Viewer_v1.0\_internal\torch\distributions\half_cauchy.py","2775","False",
"8_tools\EES331_Action_Viewer_v1.0\_internal\torch\distributions\half_normal.py","2532","False",
"8_tools\EES331_Action_Viewer_v1.0\_internal\torch\distributions\independent.py","5157","False",
"8_tools\EES331_Action_Viewer_v1.0\_internal\torch\distributions\inverse_gamma.py","2914","False",
"8_tools\EES331_Action_Viewer_v1.0\_internal\torch\distributions\kl.py","32745","False",
"8_tools\EES331_Action_Viewer_v1.0\_internal\torch\distributions\kumaraswamy.py","3843","False",
"8_tools\EES331_Action_Viewer_v1.0\_internal\torch\distributions\laplace.py","3645","False",
"8_tools\EES331_Action_Viewer_v1.0\_internal\torch\distributions\lkj_cholesky.py","6747","False",
"8_tools\EES331_Action_Viewer_v1.0\_internal\torch\distributions\log_normal.py","2350","False",
"8_tools\EES331_Action_Viewer_v1.0\_internal\torch\distributions\logistic_normal.py","2358","False",
"8_tools\EES331_Action_Viewer_v1.0\_internal\torch\distributions\lowrank_multivariate_normal.py","10415","False",
"8_tools\EES331_Action_Viewer_v1.0\_internal\torch\distributions\mixture_same_family.py","8910","False",
"8_tools\EES331_Action_Viewer_v1.0\_internal\torch\distributions\multinomial.py","5862","False",
"8_tools\EES331_Action_Viewer_v1.0\_internal\torch\distributions\multivariate_normal.py","11529","False",
"8_tools\EES331_Action_Viewer_v1.0\_internal\torch\distributions\negative_binomial.py","5324","False",
"8_tools\EES331_Action_Viewer_v1.0\_internal\torch\distributions\normal.py","4114","False",
"8_tools\EES331_Action_Viewer_v1.0\_internal\torch\distributions\one_hot_categorical.py","5171","False",
"8_tools\EES331_Action_Viewer_v1.0\_internal\torch\distributions\pareto.py","2618","False",
"8_tools\EES331_Action_Viewer_v1.0\_internal\torch\distributions\poisson.py","2609","False",
"8_tools\EES331_Action_Viewer_v1.0\_internal\torch\distributions\relaxed_bernoulli.py","6325","False",
"8_tools\EES331_Action_Viewer_v1.0\_internal\torch\distributions\relaxed_categorical.py","5915","False",
"8_tools\EES331_Action_Viewer_v1.0\_internal\torch\distributions\studentT.py","4315","False",
"8_tools\EES331_Action_Viewer_v1.0\_internal\torch\distributions\transformed_distribution.py","9157","False",
"8_tools\EES331_Action_Viewer_v1.0\_internal\torch\distributions\transforms.py","44289","False",
"8_tools\EES331_Action_Viewer_v1.0\_internal\torch\distributions\uniform.py","3507","False",
"8_tools\EES331_Action_Viewer_v1.0\_internal\torch\distributions\utils.py","8248","False",
"8_tools\EES331_Action_Viewer_v1.0\_internal\torch\distributions\von_mises.py","6777","False",
"8_tools\EES331_Action_Viewer_v1.0\_internal\torch\distributions\weibull.py","3564","False",
"8_tools\EES331_Action_Viewer_v1.0\_internal\torch\distributions\wishart.py","14266","False",
"8_tools\EES331_Action_Viewer_v1.0\_internal\torch\export\experimental\__init__.py","17230","False",
"8_tools\EES331_Action_Viewer_v1.0\_internal\torch\export\experimental\_utils.py","8825","False",
"8_tools\EES331_Action_Viewer_v1.0\_internal\torch\export\passes\__init__.py","3434","False",
"8_tools\EES331_Action_Viewer_v1.0\_internal\torch\export\pt2_archive\__init__.py","148","False",
"8_tools\EES331_Action_Viewer_v1.0\_internal\torch\export\pt2_archive\_package_weights.py","4915","False",
"8_tools\EES331_Action_Viewer_v1.0\_internal\torch\export\pt2_archive\_package.py","43833","False",
"8_tools\EES331_Action_Viewer_v1.0\_internal\torch\export\pt2_archive\constants.py","1800","False",
"8_tools\EES331_Action_Viewer_v1.0\_internal\torch\export\__init__.py","24794","False",
"8_tools\EES331_Action_Viewer_v1.0\_internal\torch\export\_draft_export.py","21175","False",
"8_tools\EES331_Action_Viewer_v1.0\_internal\torch\export\_leakage_detection_utils.py","3613","False",
"8_tools\EES331_Action_Viewer_v1.0\_internal\torch\export\_remove_auto_functionalized_pass.py","2003","False",
"8_tools\EES331_Action_Viewer_v1.0\_internal\torch\export\_remove_effect_tokens_pass.py","8268","False",
"8_tools\EES331_Action_Viewer_v1.0\_internal\torch\export\_safeguard.py","2000","False",
"8_tools\EES331_Action_Viewer_v1.0\_internal\torch\export\_swap.py","18130","False",
"8_tools\EES331_Action_Viewer_v1.0\_internal\torch\export\_trace.py","99163","False",
"8_tools\EES331_Action_Viewer_v1.0\_internal\torch\export\_tree_utils.py","2307","False",
"8_tools\EES331_Action_Viewer_v1.0\_internal\torch\export\_unlift.py","34155","False",
"8_tools\EES331_Action_Viewer_v1.0\_internal\torch\export\_wrapper_utils.py","281","False",
"8_tools\EES331_Action_Viewer_v1.0\_internal\torch\export\custom_obj.py","312","False",
"8_tools\EES331_Action_Viewer_v1.0\_internal\torch\export\custom_ops.py","1830","False",
"8_tools\EES331_Action_Viewer_v1.0\_internal\torch\export\decomp_utils.py","5913","False",
"8_tools\EES331_Action_Viewer_v1.0\_internal\torch\export\dynamic_shapes.py","55301","False",
"8_tools\EES331_Action_Viewer_v1.0\_internal\torch\export\exported_program.py","69052","False",
"8_tools\EES331_Action_Viewer_v1.0\_internal\torch\export\graph_signature.py","26486","False",
"8_tools\EES331_Action_Viewer_v1.0\_internal\torch\export\unflatten.py","72685","False",
"8_tools\EES331_Action_Viewer_v1.0\_internal\torch\fft\__init__.py","56779","False",
"8_tools\EES331_Action_Viewer_v1.0\_internal\torch\func\__init__.py","687","False",
"8_tools\EES331_Action_Viewer_v1.0\_internal\torch\futures\__init__.py","14815","False",
"8_tools\EES331_Action_Viewer_v1.0\_internal\torch\fx\experimental\migrate_gradual_types\__init__.py","0","False",
"8_tools\EES331_Action_Viewer_v1.0\_internal\torch\fx\experimental\migrate_gradual_types\constraint_generator.py","52880","False",
"8_tools\EES331_Action_Viewer_v1.0\_internal\torch\fx\experimental\migrate_gradual_types\constraint_transformation.py","42332","False",
"8_tools\EES331_Action_Viewer_v1.0\_internal\torch\fx\experimental\migrate_gradual_types\constraint.py","17726","False",
"8_tools\EES331_Action_Viewer_v1.0\_internal\torch\fx\experimental\migrate_gradual_types\operation.py","301","False",
"8_tools\EES331_Action_Viewer_v1.0\_internal\torch\fx\experimental\migrate_gradual_types\transform_to_z3.py","16816","False",
"8_tools\EES331_Action_Viewer_v1.0\_internal\torch\fx\experimental\migrate_gradual_types\util.py","1543","False",
"8_tools\EES331_Action_Viewer_v1.0\_internal\torch\fx\experimental\migrate_gradual_types\z3_types.py","837","False",
"8_tools\EES331_Action_Viewer_v1.0\_internal\torch\fx\experimental\unification\multipledispatch\__init__.py","146","False",
"8_tools\EES331_Action_Viewer_v1.0\_internal\torch\fx\experimental\unification\multipledispatch\conflict.py","4349","False",
"8_tools\EES331_Action_Viewer_v1.0\_internal\torch\fx\experimental\unification\multipledispatch\core.py","2951","False",
"8_tools\EES331_Action_Viewer_v1.0\_internal\torch\fx\experimental\unification\multipledispatch\dispatcher.py","14427","False",
"8_tools\EES331_Action_Viewer_v1.0\_internal\torch\fx\experimental\unification\multipledispatch\utils.py","3939","False",
"8_tools\EES331_Action_Viewer_v1.0\_internal\torch\fx\experimental\unification\multipledispatch\variadic.py","3058","False",
"8_tools\EES331_Action_Viewer_v1.0\_internal\torch\fx\experimental\unification\__init__.py","200","False",
"8_tools\EES331_Action_Viewer_v1.0\_internal\torch\fx\experimental\unification\core.py","2921","False",
"8_tools\EES331_Action_Viewer_v1.0\_internal\torch\fx\experimental\unification\dispatch.py","215","False",
"8_tools\EES331_Action_Viewer_v1.0\_internal\torch\fx\experimental\unification\match.py","3543","False",
"8_tools\EES331_Action_Viewer_v1.0\_internal\torch\fx\experimental\unification\more.py","3325","False",
"8_tools\EES331_Action_Viewer_v1.0\_internal\torch\fx\experimental\unification\unification_tools.py","11024","False",
"8_tools\EES331_Action_Viewer_v1.0\_internal\torch\fx\experimental\unification\utils.py","3091","False",
"8_tools\EES331_Action_Viewer_v1.0\_internal\torch\fx\experimental\unification\variable.py","2147","False",
"8_tools\EES331_Action_Viewer_v1.0\_internal\torch\fx\experimental\__init__.py","0","False",
"8_tools\EES331_Action_Viewer_v1.0\_internal\torch\fx\experimental\_backward_state.py","994","False",
"8_tools\EES331_Action_Viewer_v1.0\_internal\torch\fx\experimental\_config.py","5065","False",
"8_tools\EES331_Action_Viewer_v1.0\_internal\torch\fx\experimental\_constant_symnode.py","1829","False",
"8_tools\EES331_Action_Viewer_v1.0\_internal\torch\fx\experimental\_dynamism.py","4647","False",
"8_tools\EES331_Action_Viewer_v1.0\_internal\torch\fx\experimental\accelerator_partitioner.py","49060","False",
"8_tools\EES331_Action_Viewer_v1.0\_internal\torch\fx\experimental\const_fold.py","14654","False",
"8_tools\EES331_Action_Viewer_v1.0\_internal\torch\fx\experimental\debug.py","844","False",
"8_tools\EES331_Action_Viewer_v1.0\_internal\torch\fx\experimental\graph_gradual_typechecker.py","34906","False",
"8_tools\EES331_Action_Viewer_v1.0\_internal\torch\fx\experimental\merge_matmul.py","6283","False",
"8_tools\EES331_Action_Viewer_v1.0\_internal\torch\fx\experimental\meta_tracer.py","11096","False",
"8_tools\EES331_Action_Viewer_v1.0\_internal\torch\fx\experimental\normalize.py","5655","False",
"8_tools\EES331_Action_Viewer_v1.0\_internal\torch\fx\experimental\optimization.py","18299","False",
"8_tools\EES331_Action_Viewer_v1.0\_internal\torch\fx\experimental\partitioner_utils.py","12612","False",
"8_tools\EES331_Action_Viewer_v1.0\_internal\torch\fx\experimental\proxy_tensor.py","108897","False",
"8_tools\EES331_Action_Viewer_v1.0\_internal\torch\fx\experimental\recording.py","20480","False",
"8_tools\EES331_Action_Viewer_v1.0\_internal\torch\fx\experimental\refinement_types.py","467","False",
"8_tools\EES331_Action_Viewer_v1.0\_internal\torch\fx\experimental\rewriter.py","5639","False",
"8_tools\EES331_Action_Viewer_v1.0\_internal\torch\fx\experimental\schema_type_annotation.py","5524","False",
"8_tools\EES331_Action_Viewer_v1.0\_internal\torch\fx\experimental\sym_node.py","63628","False",
"8_tools\EES331_Action_Viewer_v1.0\_internal\torch\fx\experimental\symbolic_shapes.py","343843","False",
"8_tools\EES331_Action_Viewer_v1.0\_internal\torch\fx\experimental\unify_refinements.py","3254","False",
"8_tools\EES331_Action_Viewer_v1.0\_internal\torch\fx\experimental\validator.py","35059","False",
"8_tools\EES331_Action_Viewer_v1.0\_internal\torch\fx\passes\backends\__init__.py","0","False",
"8_tools\EES331_Action_Viewer_v1.0\_internal\torch\fx\passes\backends\cudagraphs.py","2140","False",
"8_tools\EES331_Action_Viewer_v1.0\_internal\torch\fx\passes\dialect\common\__init__.py","0","False",
"8_tools\EES331_Action_Viewer_v1.0\_internal\torch\fx\passes\dialect\common\cse_pass.py","5403","False",
"8_tools\EES331_Action_Viewer_v1.0\_internal\torch\fx\passes\dialect\__init__.py","0","False",
"8_tools\EES331_Action_Viewer_v1.0\_internal\torch\fx\passes\infra\__init__.py","28","False",
"8_tools\EES331_Action_Viewer_v1.0\_internal\torch\fx\passes\infra\partitioner.py","17872","False",
"8_tools\EES331_Action_Viewer_v1.0\_internal\torch\fx\passes\infra\pass_base.py","2620","False",
"8_tools\EES331_Action_Viewer_v1.0\_internal\torch\fx\passes\infra\pass_manager.py","10704","False",
"8_tools\EES331_Action_Viewer_v1.0\_internal\torch\fx\passes\tests\__init__.py","0","False",
"8_tools\EES331_Action_Viewer_v1.0\_internal\torch\fx\passes\tests\test_pass_manager.py","1929","False",
"8_tools\EES331_Action_Viewer_v1.0\_internal\torch\fx\passes\utils\__init__.py","75","False",
"8_tools\EES331_Action_Viewer_v1.0\_internal\torch\fx\passes\utils\common.py","3256","False",
"8_tools\EES331_Action_Viewer_v1.0\_internal\torch\fx\passes\utils\fuser_utils.py","10639","False",
"8_tools\EES331_Action_Viewer_v1.0\_internal\torch\fx\passes\utils\matcher_utils.py","17985","False",
"8_tools\EES331_Action_Viewer_v1.0\_internal\torch\fx\passes\utils\matcher_with_name_node_map_utils.py","4355","False",
"8_tools\EES331_Action_Viewer_v1.0\_internal\torch\fx\passes\utils\source_matcher_utils.py","5944","False",
"8_tools\EES331_Action_Viewer_v1.0\_internal\torch\fx\passes\__init__.py","278","False",
"8_tools\EES331_Action_Viewer_v1.0\_internal\torch\fx\passes\_tensorify_python_scalars.py","17722","False",
"8_tools\EES331_Action_Viewer_v1.0\_internal\torch\fx\passes\annotate_getitem_nodes.py","2820","False",
"8_tools\EES331_Action_Viewer_v1.0\_internal\torch\fx\passes\fake_tensor_prop.py","4309","False",
"8_tools\EES331_Action_Viewer_v1.0\_internal\torch\fx\passes\graph_drawer.py","19757","False",
"8_tools\EES331_Action_Viewer_v1.0\_internal\torch\fx\passes\graph_manipulation.py","4078","False",
"8_tools\EES331_Action_Viewer_v1.0\_internal\torch\fx\passes\graph_transform_observer.py","8014","False",
"8_tools\EES331_Action_Viewer_v1.0\_internal\torch\fx\passes\net_min_base.py","37773","False",
"8_tools\EES331_Action_Viewer_v1.0\_internal\torch\fx\passes\operator_support.py","7861","False",
"8_tools\EES331_Action_Viewer_v1.0\_internal\torch\fx\passes\param_fetch.py","3838","False",
"8_tools\EES331_Action_Viewer_v1.0\_internal\torch\fx\passes\pass_manager.py","7339","False",
"8_tools\EES331_Action_Viewer_v1.0\_internal\torch\fx\passes\regional_inductor.py","8648","False",
"8_tools\EES331_Action_Viewer_v1.0\_internal\torch\fx\passes\reinplace.py","35311","False",
"8_tools\EES331_Action_Viewer_v1.0\_internal\torch\fx\passes\runtime_assert.py","30754","False",
"8_tools\EES331_Action_Viewer_v1.0\_internal\torch\fx\passes\shape_prop.py","8556","False",
"8_tools\EES331_Action_Viewer_v1.0\_internal\torch\fx\passes\split_module.py","28236","False",
"8_tools\EES331_Action_Viewer_v1.0\_internal\torch\fx\passes\split_utils.py","11991","False",
"8_tools\EES331_Action_Viewer_v1.0\_internal\torch\fx\passes\splitter_base.py","42296","False",
"8_tools\EES331_Action_Viewer_v1.0\_internal\torch\fx\passes\tools_common.py","14252","False",
"8_tools\EES331_Action_Viewer_v1.0\_internal\torch\fx\__init__.py","4278","False",
"8_tools\EES331_Action_Viewer_v1.0\_internal\torch\fx\_compatibility.py","1148","False",
"8_tools\EES331_Action_Viewer_v1.0\_internal\torch\fx\_graph_pickler.py","23953","False",
"8_tools\EES331_Action_Viewer_v1.0\_internal\torch\fx\_lazy_graph_module.py","7035","False",
"8_tools\EES331_Action_Viewer_v1.0\_internal\torch\fx\_pytree.py","3724","False",
"8_tools\EES331_Action_Viewer_v1.0\_internal\torch\fx\_symbolic_trace.py","53421","False",
"8_tools\EES331_Action_Viewer_v1.0\_internal\torch\fx\_utils.py","1803","False",
"8_tools\EES331_Action_Viewer_v1.0\_internal\torch\fx\annotate.py","1292","False",
"8_tools\EES331_Action_Viewer_v1.0\_internal\torch\fx\config.py","335","False",
"8_tools\EES331_Action_Viewer_v1.0\_internal\torch\fx\graph_module.py","46995","False",
"8_tools\EES331_Action_Viewer_v1.0\_internal\torch\fx\graph.py","91175","False",
"8_tools\EES331_Action_Viewer_v1.0\_internal\torch\fx\immutable_collections.py","3391","False",
"8_tools\EES331_Action_Viewer_v1.0\_internal\torch\fx\interpreter.py","25934","False",
"8_tools\EES331_Action_Viewer_v1.0\_internal\torch\fx\node.py","35842","False",
"8_tools\EES331_Action_Viewer_v1.0\_internal\torch\fx\operator_schemas.py","22474","False",
"8_tools\EES331_Action_Viewer_v1.0\_internal\torch\fx\proxy.py","31462","False",
"8_tools\EES331_Action_Viewer_v1.0\_internal\torch\fx\subgraph_rewriter.py","16705","False",
"8_tools\EES331_Action_Viewer_v1.0\_internal\torch\fx\tensor_type.py","3120","False",
"8_tools\EES331_Action_Viewer_v1.0\_internal\torch\fx\traceback.py","17063","False",
"8_tools\EES331_Action_Viewer_v1.0\_internal\torch\jit\_passes\__init__.py","0","False",
"8_tools\EES331_Action_Viewer_v1.0\_internal\torch\jit\_passes\_property_propagation.py","1484","False",
"8_tools\EES331_Action_Viewer_v1.0\_internal\torch\jit\mobile\__init__.py","9133","False",
"8_tools\EES331_Action_Viewer_v1.0\_internal\torch\jit\__init__.py","8661","False",
"8_tools\EES331_Action_Viewer_v1.0\_internal\torch\jit\_async.py","3942","False",
"8_tools\EES331_Action_Viewer_v1.0\_internal\torch\jit\_await.py","879","False",
"8_tools\EES331_Action_Viewer_v1.0\_internal\torch\jit\_builtins.py","7011","False",
"8_tools\EES331_Action_Viewer_v1.0\_internal\torch\jit\_check.py","10033","False",
"8_tools\EES331_Action_Viewer_v1.0\_internal\torch\jit\_dataclass_impls.py","6871","False",
"8_tools\EES331_Action_Viewer_v1.0\_internal\torch\jit\_decomposition_utils.py","424","False",
"8_tools\EES331_Action_Viewer_v1.0\_internal\torch\jit\_decompositions.py","4648","False",
"8_tools\EES331_Action_Viewer_v1.0\_internal\torch\jit\_freeze.py","9744","False",
"8_tools\EES331_Action_Viewer_v1.0\_internal\torch\jit\_fuser.py","7251","False",
"8_tools\EES331_Action_Viewer_v1.0\_internal\torch\jit\_ir_utils.py","927","False",
"8_tools\EES331_Action_Viewer_v1.0\_internal\torch\jit\_logging.py","268","False",
"8_tools\EES331_Action_Viewer_v1.0\_internal\torch\jit\_monkeytype_config.py","7551","False",
"8_tools\EES331_Action_Viewer_v1.0\_internal\torch\jit\_pickle.py","1208","False",
"8_tools\EES331_Action_Viewer_v1.0\_internal\torch\jit\_recursive.py","43356","False",
"8_tools\EES331_Action_Viewer_v1.0\_internal\torch\jit\_script.py","69111","False",
"8_tools\EES331_Action_Viewer_v1.0\_internal\torch\jit\_serialization.py","11063","False",
"8_tools\EES331_Action_Viewer_v1.0\_internal\torch\jit\_shape_functions.py","46752","False",
"8_tools\EES331_Action_Viewer_v1.0\_internal\torch\jit\_state.py","3931","False",
"8_tools\EES331_Action_Viewer_v1.0\_internal\torch\jit\_trace.py","57384","False",
"8_tools\EES331_Action_Viewer_v1.0\_internal\torch\jit\annotations.py","18558","False",
"8_tools\EES331_Action_Viewer_v1.0\_internal\torch\jit\frontend.py","46504","False",
"8_tools\EES331_Action_Viewer_v1.0\_internal\torch\jit\generate_bytecode.py","1075","False",
"8_tools\EES331_Action_Viewer_v1.0\_internal\torch\jit\quantized.py","3293","False",
"8_tools\EES331_Action_Viewer_v1.0\_internal\torch\jit\supported_ops.py","10610","False",
"8_tools\EES331_Action_Viewer_v1.0\_internal\torch\jit\unsupported_tensor_ops.py","2073","False",
"8_tools\EES331_Action_Viewer_v1.0\_internal\torch\linalg\__init__.py","117981","False",
"8_tools\EES331_Action_Viewer_v1.0\_internal\torch\masked\maskedtensor\__init__.py","351","False",
"8_tools\EES331_Action_Viewer_v1.0\_internal\torch\masked\maskedtensor\_ops_refs.py","18677","False",
"8_tools\EES331_Action_Viewer_v1.0\_internal\torch\masked\maskedtensor\binary.py","5696","False",
"8_tools\EES331_Action_Viewer_v1.0\_internal\torch\masked\maskedtensor\core.py","13423","False",
"8_tools\EES331_Action_Viewer_v1.0\_internal\torch\masked\maskedtensor\creation.py","629","False",
"8_tools\EES331_Action_Viewer_v1.0\_internal\torch\masked\maskedtensor\passthrough.py","1497","False",
"8_tools\EES331_Action_Viewer_v1.0\_internal\torch\masked\maskedtensor\reductions.py","5775","False",
"8_tools\EES331_Action_Viewer_v1.0\_internal\torch\masked\maskedtensor\unary.py","4391","False",
"8_tools\EES331_Action_Viewer_v1.0\_internal\torch\masked\__init__.py","985","False",
"8_tools\EES331_Action_Viewer_v1.0\_internal\torch\masked\_docs.py","50645","False",
"8_tools\EES331_Action_Viewer_v1.0\_internal\torch\masked\_ops.py","68497","False",
"8_tools\EES331_Action_Viewer_v1.0\_internal\torch\monitor\__init__.py","1317","False",
"8_tools\EES331_Action_Viewer_v1.0\_internal\torch\mps\__init__.py","6475","False",
"8_tools\EES331_Action_Viewer_v1.0\_internal\torch\mps\event.py","1775","False",
"8_tools\EES331_Action_Viewer_v1.0\_internal\torch\mps\profiler.py","3653","False",
"8_tools\EES331_Action_Viewer_v1.0\_internal\torch\mtia\__init__.py","14766","False",
"8_tools\EES331_Action_Viewer_v1.0\_internal\torch\mtia\_utils.py","1635","False",
"8_tools\EES331_Action_Viewer_v1.0\_internal\torch\mtia\memory.py","2369","False",
"8_tools\EES331_Action_Viewer_v1.0\_internal\torch\mtia\mtia_graph.py","2732","False",
"8_tools\EES331_Action_Viewer_v1.0\_internal\torch\multiprocessing\__init__.py","3578","False",
"8_tools\EES331_Action_Viewer_v1.0\_internal\torch\multiprocessing\_atfork.py","825","False",
"8_tools\EES331_Action_Viewer_v1.0\_internal\torch\multiprocessing\pool.py","1795","False",
"8_tools\EES331_Action_Viewer_v1.0\_internal\torch\multiprocessing\queue.py","1520","False",
"8_tools\EES331_Action_Viewer_v1.0\_internal\torch\multiprocessing\reductions.py","23740","False",
"8_tools\EES331_Action_Viewer_v1.0\_internal\torch\multiprocessing\spawn.py","13203","False",
"8_tools\EES331_Action_Viewer_v1.0\_internal\torch\nativert\backends\__init__.py","0","False",
"8_tools\EES331_Action_Viewer_v1.0\_internal\torch\nativert\backends\_lower_utils.py","3600","False",
"8_tools\EES331_Action_Viewer_v1.0\_internal\torch\nativert\backends\_lowered_aoti_module.py","921","False",
"8_tools\EES331_Action_Viewer_v1.0\_internal\torch\nativert\__init__.py","0","False",
"8_tools\EES331_Action_Viewer_v1.0\_internal\torch\nested\_internal\__init__.py","0","False",
"8_tools\EES331_Action_Viewer_v1.0\_internal\torch\nested\_internal\nested_int.py","3314","False",
"8_tools\EES331_Action_Viewer_v1.0\_internal\torch\nested\_internal\nested_tensor.py","25790","False",
"8_tools\EES331_Action_Viewer_v1.0\_internal\torch\nested\_internal\ops.py","99581","False",
"8_tools\EES331_Action_Viewer_v1.0\_internal\torch\nested\_internal\sdpa.py","35395","False",
"8_tools\EES331_Action_Viewer_v1.0\_internal\torch\nested\__init__.py","22557","False",
"8_tools\EES331_Action_Viewer_v1.0\_internal\torch\nn\attention\experimental\__init__.py","113","False",
"8_tools\EES331_Action_Viewer_v1.0\_internal\torch\nn\attention\experimental\_paged_attention.py","13380","False",
"8_tools\EES331_Action_Viewer_v1.0\_internal\torch\nn\attention\__init__.py","6958","False",
"8_tools\EES331_Action_Viewer_v1.0\_internal\torch\nn\attention\_fa4.py","12479","False",
"8_tools\EES331_Action_Viewer_v1.0\_internal\torch\nn\attention\_registry.py","3995","False",
"8_tools\EES331_Action_Viewer_v1.0\_internal\torch\nn\attention\_utils.py","2072","False",
"8_tools\EES331_Action_Viewer_v1.0\_internal\torch\nn\attention\bias.py","13971","False",
"8_tools\EES331_Action_Viewer_v1.0\_internal\torch\nn\attention\flex_attention.py","67875","False",
"8_tools\EES331_Action_Viewer_v1.0\_internal\torch\nn\attention\varlen.py","10427","False",
"8_tools\EES331_Action_Viewer_v1.0\_internal\torch\nn\backends\__init__.py","0","False",
"8_tools\EES331_Action_Viewer_v1.0\_internal\torch\nn\backends\thnn.py","160","False",
"8_tools\EES331_Action_Viewer_v1.0\_internal\torch\nn\intrinsic\modules\__init__.py","550","False",
"8_tools\EES331_Action_Viewer_v1.0\_internal\torch\nn\intrinsic\modules\fused.py","596","False",
"8_tools\EES331_Action_Viewer_v1.0\_internal\torch\nn\intrinsic\qat\modules\__init__.py","669","False",
"8_tools\EES331_Action_Viewer_v1.0\_internal\torch\nn\intrinsic\qat\modules\conv_fused.py","872","False",
"8_tools\EES331_Action_Viewer_v1.0\_internal\torch\nn\intrinsic\qat\modules\linear_fused.py","449","False",
"8_tools\EES331_Action_Viewer_v1.0\_internal\torch\nn\intrinsic\qat\modules\linear_relu.py","449","False",
"8_tools\EES331_Action_Viewer_v1.0\_internal\torch\nn\intrinsic\qat\__init__.py","60","False",
"8_tools\EES331_Action_Viewer_v1.0\_internal\torch\nn\intrinsic\quantized\dynamic\modules\__init__.py","120","False",
"8_tools\EES331_Action_Viewer_v1.0\_internal\torch\nn\intrinsic\quantized\dynamic\modules\linear_relu.py","103","False",
"8_tools\EES331_Action_Viewer_v1.0\_internal\torch\nn\intrinsic\quantized\dynamic\__init__.py","74","False",
"8_tools\EES331_Action_Viewer_v1.0\_internal\torch\nn\intrinsic\quantized\modules\__init__.py","396","False",
"8_tools\EES331_Action_Viewer_v1.0\_internal\torch\nn\intrinsic\quantized\modules\bn_relu.py","118","False",
"8_tools\EES331_Action_Viewer_v1.0\_internal\torch\nn\intrinsic\quantized\modules\conv_relu.py","157","False",
"8_tools\EES331_Action_Viewer_v1.0\_internal\torch\nn\intrinsic\quantized\modules\linear_relu.py","95","False",
"8_tools\EES331_Action_Viewer_v1.0\_internal\torch\nn\intrinsic\quantized\__init__.py","350","False",
"8_tools\EES331_Action_Viewer_v1.0\_internal\torch\nn\intrinsic\__init__.py","733","False",
"8_tools\EES331_Action_Viewer_v1.0\_internal\torch\nn\modules\__init__.py","6828","False",
"8_tools\EES331_Action_Viewer_v1.0\_internal\torch\nn\modules\_functions.py","12462","False",
"8_tools\EES331_Action_Viewer_v1.0\_internal\torch\nn\modules\activation.py","63595","False",
"8_tools\EES331_Action_Viewer_v1.0\_internal\torch\nn\modules\adaptive.py","12945","False",
"8_tools\EES331_Action_Viewer_v1.0\_internal\torch\nn\modules\batchnorm.py","40026","False",
"8_tools\EES331_Action_Viewer_v1.0\_internal\torch\nn\modules\channelshuffle.py","1744","False",
"8_tools\EES331_Action_Viewer_v1.0\_internal\torch\nn\modules\container.py","38687","False",
"8_tools\EES331_Action_Viewer_v1.0\_internal\torch\nn\modules\conv.py","80389","False",
"8_tools\EES331_Action_Viewer_v1.0\_internal\torch\nn\modules\distance.py","3472","False",
"8_tools\EES331_Action_Viewer_v1.0\_internal\torch\nn\modules\dropout.py","11840","False",
"8_tools\EES331_Action_Viewer_v1.0\_internal\torch\nn\modules\flatten.py","5927","False",
"8_tools\EES331_Action_Viewer_v1.0\_internal\torch\nn\modules\fold.py","13562","False",
"8_tools\EES331_Action_Viewer_v1.0\_internal\torch\nn\modules\instancenorm.py","20918","False",
"8_tools\EES331_Action_Viewer_v1.0\_internal\torch\nn\modules\lazy.py","11952","False",
"8_tools\EES331_Action_Viewer_v1.0\_internal\torch\nn\modules\linear.py","12663","False",
"8_tools\EES331_Action_Viewer_v1.0\_internal\torch\nn\modules\loss.py","98466","False",
"8_tools\EES331_Action_Viewer_v1.0\_internal\torch\nn\modules\module.py","130514","False",
"8_tools\EES331_Action_Viewer_v1.0\_internal\torch\nn\modules\normalization.py","15706","False",
"8_tools\EES331_Action_Viewer_v1.0\_internal\torch\nn\modules\padding.py","32502","False",
"8_tools\EES331_Action_Viewer_v1.0\_internal\torch\nn\modules\pixelshuffle.py","4075","False",
"8_tools\EES331_Action_Viewer_v1.0\_internal\torch\nn\modules\pooling.py","62664","False",
"8_tools\EES331_Action_Viewer_v1.0\_internal\torch\nn\modules\rnn.py","76741","False",
"8_tools\EES331_Action_Viewer_v1.0\_internal\torch\nn\modules\sparse.py","24757","False",
"8_tools\EES331_Action_Viewer_v1.0\_internal\torch\nn\modules\transformer.py","53803","False",
"8_tools\EES331_Action_Viewer_v1.0\_internal\torch\nn\modules\upsampling.py","11909","False",
"8_tools\EES331_Action_Viewer_v1.0\_internal\torch\nn\modules\utils.py","2723","False",
"8_tools\EES331_Action_Viewer_v1.0\_internal\torch\nn\parallel\__init__.py","787","False",
"8_tools\EES331_Action_Viewer_v1.0\_internal\torch\nn\parallel\_functions.py","5077","False",
"8_tools\EES331_Action_Viewer_v1.0\_internal\torch\nn\parallel\comm.py","11280","False",
"8_tools\EES331_Action_Viewer_v1.0\_internal\torch\nn\parallel\data_parallel.py","12167","False",
"8_tools\EES331_Action_Viewer_v1.0\_internal\torch\nn\parallel\distributed.py","112293","False",
"8_tools\EES331_Action_Viewer_v1.0\_internal\torch\nn\parallel\parallel_apply.py","4818","False",
"8_tools\EES331_Action_Viewer_v1.0\_internal\torch\nn\parallel\replicate.py","7175","False",
"8_tools\EES331_Action_Viewer_v1.0\_internal\torch\nn\parallel\scatter_gather.py","5856","False",
"8_tools\EES331_Action_Viewer_v1.0\_internal\torch\nn\qat\dynamic\modules\__init__.py","82","False",
"8_tools\EES331_Action_Viewer_v1.0\_internal\torch\nn\qat\dynamic\modules\linear.py","427","False",
"8_tools\EES331_Action_Viewer_v1.0\_internal\torch\nn\qat\dynamic\__init__.py","216","False",
"8_tools\EES331_Action_Viewer_v1.0\_internal\torch\nn\qat\modules\__init__.py","522","False",
"8_tools\EES331_Action_Viewer_v1.0\_internal\torch\nn\qat\modules\conv.py","417","False",
"8_tools\EES331_Action_Viewer_v1.0\_internal\torch\nn\qat\modules\embedding_ops.py","472","False",
"8_tools\EES331_Action_Viewer_v1.0\_internal\torch\nn\qat\modules\linear.py","403","False",
"8_tools\EES331_Action_Viewer_v1.0\_internal\torch\nn\qat\__init__.py","384","False",
"8_tools\EES331_Action_Viewer_v1.0\_internal\torch\nn\quantizable\modules\__init__.py","216","False",
"8_tools\EES331_Action_Viewer_v1.0\_internal\torch\nn\quantizable\modules\activation.py","451","False",
"8_tools\EES331_Action_Viewer_v1.0\_internal\torch\nn\quantizable\modules\rnn.py","440","False",
"8_tools\EES331_Action_Viewer_v1.0\_internal\torch\nn\quantizable\__init__.py","58","False",
"8_tools\EES331_Action_Viewer_v1.0\_internal\torch\nn\quantized\_reference\modules\__init__.py","1057","False",
"8_tools\EES331_Action_Viewer_v1.0\_internal\torch\nn\quantized\_reference\modules\conv.py","600","False",
"8_tools\EES331_Action_Viewer_v1.0\_internal\torch\nn\quantized\_reference\modules\linear.py","462","False",
"8_tools\EES331_Action_Viewer_v1.0\_internal\torch\nn\quantized\_reference\modules\rnn.py","543","False",
"8_tools\EES331_Action_Viewer_v1.0\_internal\torch\nn\quantized\_reference\modules\sparse.py","479","False",
"8_tools\EES331_Action_Viewer_v1.0\_internal\torch\nn\quantized\_reference\modules\utils.py","608","False",
"8_tools\EES331_Action_Viewer_v1.0\_internal\torch\nn\quantized\_reference\__init__.py","67","False",
"8_tools\EES331_Action_Viewer_v1.0\_internal\torch\nn\quantized\dynamic\modules\__init__.py","1036","False",
"8_tools\EES331_Action_Viewer_v1.0\_internal\torch\nn\quantized\dynamic\modules\conv.py","697","False",
"8_tools\EES331_Action_Viewer_v1.0\_internal\torch\nn\quantized\dynamic\modules\linear.py","459","False",
"8_tools\EES331_Action_Viewer_v1.0\_internal\torch\nn\quantized\dynamic\modules\rnn.py","774","False",
"8_tools\EES331_Action_Viewer_v1.0\_internal\torch\nn\quantized\dynamic\__init__.py","59","False",
"8_tools\EES331_Action_Viewer_v1.0\_internal\torch\nn\quantized\modules\__init__.py","2198","False",
"8_tools\EES331_Action_Viewer_v1.0\_internal\torch\nn\quantized\modules\activation.py","548","False",
"8_tools\EES331_Action_Viewer_v1.0\_internal\torch\nn\quantized\modules\batchnorm.py","448","False",
"8_tools\EES331_Action_Viewer_v1.0\_internal\torch\nn\quantized\modules\conv.py","695","False",
"8_tools\EES331_Action_Viewer_v1.0\_internal\torch\nn\quantized\modules\dropout.py","456","False",
"8_tools\EES331_Action_Viewer_v1.0\_internal\torch\nn\quantized\modules\embedding_ops.py","565","False",
"8_tools\EES331_Action_Viewer_v1.0\_internal\torch\nn\quantized\modules\functional_modules.py","572","False",
"8_tools\EES331_Action_Viewer_v1.0\_internal\torch\nn\quantized\modules\linear.py","495","False",
"8_tools\EES331_Action_Viewer_v1.0\_internal\torch\nn\quantized\modules\normalization.py","652","False",
"8_tools\EES331_Action_Viewer_v1.0\_internal\torch\nn\quantized\modules\rnn.py","422","False",
"8_tools\EES331_Action_Viewer_v1.0\_internal\torch\nn\quantized\modules\utils.py","556","False",
"8_tools\EES331_Action_Viewer_v1.0\_internal\torch\nn\quantized\__init__.py","810","False",
"8_tools\EES331_Action_Viewer_v1.0\_internal\torch\nn\quantized\functional.py","286","False",
"8_tools\EES331_Action_Viewer_v1.0\_internal\torch\nn\utils\_expanded_weights\__init__.py","462","False",
"8_tools\EES331_Action_Viewer_v1.0\_internal\torch\nn\utils\_expanded_weights\conv_expanded_weights.py","3007","False",
"8_tools\EES331_Action_Viewer_v1.0\_internal\torch\nn\utils\_expanded_weights\conv_utils.py","11110","False",
"8_tools\EES331_Action_Viewer_v1.0\_internal\torch\nn\utils\_expanded_weights\embedding_expanded_weights.py","3161","False",
"8_tools\EES331_Action_Viewer_v1.0\_internal\torch\nn\utils\_expanded_weights\expanded_weights_impl.py","6596","False",
"8_tools\EES331_Action_Viewer_v1.0\_internal\torch\nn\utils\_expanded_weights\expanded_weights_utils.py","7799","False",
"8_tools\EES331_Action_Viewer_v1.0\_internal\torch\nn\utils\_expanded_weights\group_norm_expanded_weights.py","3683","False",
"8_tools\EES331_Action_Viewer_v1.0\_internal\torch\nn\utils\_expanded_weights\instance_norm_expanded_weights.py","3873","False",
"8_tools\EES331_Action_Viewer_v1.0\_internal\torch\nn\utils\_expanded_weights\layer_norm_expanded_weights.py","3377","False",
"8_tools\EES331_Action_Viewer_v1.0\_internal\torch\nn\utils\_expanded_weights\linear_expanded_weights.py","2322","False",
"8_tools\EES331_Action_Viewer_v1.0\_internal\torch\nn\utils\__init__.py","1385","False",
"8_tools\EES331_Action_Viewer_v1.0\_internal\torch\nn\utils\_deprecation_utils.py","1751","False",
"8_tools\EES331_Action_Viewer_v1.0\_internal\torch\nn\utils\_named_member_accessor.py","14583","False",
"8_tools\EES331_Action_Viewer_v1.0\_internal\torch\nn\utils\_per_sample_grad.py","5901","False",
"8_tools\EES331_Action_Viewer_v1.0\_internal\torch\nn\utils\clip_grad.py","11779","False",
"8_tools\EES331_Action_Viewer_v1.0\_internal\torch\nn\utils\convert_parameters.py","3303","False",
"8_tools\EES331_Action_Viewer_v1.0\_internal\torch\nn\utils\fusion.py","6624","False",
"8_tools\EES331_Action_Viewer_v1.0\_internal\torch\nn\utils\init.py","2305","False",
"8_tools\EES331_Action_Viewer_v1.0\_internal\torch\nn\utils\memory_format.py","8448","False",
"8_tools\EES331_Action_Viewer_v1.0\_internal\torch\nn\utils\parametrizations.py","26406","False",
"8_tools\EES331_Action_Viewer_v1.0\_internal\torch\nn\utils\parametrize.py","37694","False",
"8_tools\EES331_Action_Viewer_v1.0\_internal\torch\nn\utils\prune.py","59782","False",
"8_tools\EES331_Action_Viewer_v1.0\_internal\torch\nn\utils\rnn.py","24015","False",
"8_tools\EES331_Action_Viewer_v1.0\_internal\torch\nn\utils\spectral_norm.py","15304","False",
"8_tools\EES331_Action_Viewer_v1.0\_internal\torch\nn\utils\stateless.py","11847","False",
"8_tools\EES331_Action_Viewer_v1.0\_internal\torch\nn\utils\weight_norm.py","6047","False",
"8_tools\EES331_Action_Viewer_v1.0\_internal\torch\nn\__init__.py","2487","False",
"8_tools\EES331_Action_Viewer_v1.0\_internal\torch\nn\_reduction.py","1686","False",
"8_tools\EES331_Action_Viewer_v1.0\_internal\torch\nn\common_types.py","2135","False",
"8_tools\EES331_Action_Viewer_v1.0\_internal\torch\nn\cpp.py","3190","False",
"8_tools\EES331_Action_Viewer_v1.0\_internal\torch\nn\functional.py","265209","False",
"8_tools\EES331_Action_Viewer_v1.0\_internal\torch\nn\grad.py","10208","False",
"8_tools\EES331_Action_Viewer_v1.0\_internal\torch\nn\init.py","25588","False",
"8_tools\EES331_Action_Viewer_v1.0\_internal\torch\nn\parameter.py","12524","False",
"8_tools\EES331_Action_Viewer_v1.0\_internal\torch\numa\__init__.py","0","False",
"8_tools\EES331_Action_Viewer_v1.0\_internal\torch\numa\binding.py","22943","False",
"8_tools\EES331_Action_Viewer_v1.0\_internal\torch\onnx\_internal\exporter\_torchlib\ops\__init__.py","186","False",
"8_tools\EES331_Action_Viewer_v1.0\_internal\torch\onnx\_internal\exporter\_torchlib\ops\core.py","1615","False",
"8_tools\EES331_Action_Viewer_v1.0\_internal\torch\onnx\_internal\exporter\_torchlib\ops\hop.py","5466","False",
"8_tools\EES331_Action_Viewer_v1.0\_internal\torch\onnx\_internal\exporter\_torchlib\ops\nn.py","14318","False",
"8_tools\EES331_Action_Viewer_v1.0\_internal\torch\onnx\_internal\exporter\_torchlib\ops\symbolic.py","4871","False",
"8_tools\EES331_Action_Viewer_v1.0\_internal\torch\onnx\_internal\exporter\_torchlib\ops\symops.py","1214","False",
"8_tools\EES331_Action_Viewer_v1.0\_internal\torch\onnx\_internal\exporter\_torchlib\__init__.py","0","False",
"8_tools\EES331_Action_Viewer_v1.0\_internal\torch\onnx\_internal\exporter\_torchlib\_tensor_typing.py","1866","False",
"8_tools\EES331_Action_Viewer_v1.0\_internal\torch\onnx\_internal\exporter\_torchlib\_torchlib_registry.py","2923","False",
"8_tools\EES331_Action_Viewer_v1.0\_internal\torch\onnx\_internal\exporter\__init__.py","0","False",
"8_tools\EES331_Action_Viewer_v1.0\_internal\torch\onnx\_internal\exporter\_analysis.py","10344","False",
"8_tools\EES331_Action_Viewer_v1.0\_internal\torch\onnx\_internal\exporter\_building.py","30116","False",
"8_tools\EES331_Action_Viewer_v1.0\_internal\torch\onnx\_internal\exporter\_capture_strategies.py","10882","False",
"8_tools\EES331_Action_Viewer_v1.0\_internal\torch\onnx\_internal\exporter\_compat.py","9776","False",
"8_tools\EES331_Action_Viewer_v1.0\_internal\torch\onnx\_internal\exporter\_constants.py","385","False",
"8_tools\EES331_Action_Viewer_v1.0\_internal\torch\onnx\_internal\exporter\_core.py","70465","False",
"8_tools\EES331_Action_Viewer_v1.0\_internal\torch\onnx\_internal\exporter\_decomp.py","2945","False",
"8_tools\EES331_Action_Viewer_v1.0\_internal\torch\onnx\_internal\exporter\_dispatching.py","15137","False",
"8_tools\EES331_Action_Viewer_v1.0\_internal\torch\onnx\_internal\exporter\_dynamic_shapes.py","14780","False",
"8_tools\EES331_Action_Viewer_v1.0\_internal\torch\onnx\_internal\exporter\_errors.py","556","False",
"8_tools\EES331_Action_Viewer_v1.0\_internal\torch\onnx\_internal\exporter\_flags.py","826","False",
"8_tools\EES331_Action_Viewer_v1.0\_internal\torch\onnx\_internal\exporter\_fx_passes.py","1885","False",
"8_tools\EES331_Action_Viewer_v1.0\_internal\torch\onnx\_internal\exporter\_ir_passes.py","5067","False",
"8_tools\EES331_Action_Viewer_v1.0\_internal\torch\onnx\_internal\exporter\_isolated.py","1994","False",
"8_tools\EES331_Action_Viewer_v1.0\_internal\torch\onnx\_internal\exporter\_onnx_program.py","19060","False",
"8_tools\EES331_Action_Viewer_v1.0\_internal\torch\onnx\_internal\exporter\_registration.py","12937","False",
"8_tools\EES331_Action_Viewer_v1.0\_internal\torch\onnx\_internal\exporter\_reporting.py","7591","False",
"8_tools\EES331_Action_Viewer_v1.0\_internal\torch\onnx\_internal\exporter\_schemas.py","21291","False",
"8_tools\EES331_Action_Viewer_v1.0\_internal\torch\onnx\_internal\exporter\_tensors.py","2711","False",
"8_tools\EES331_Action_Viewer_v1.0\_internal\torch\onnx\_internal\exporter\_testing.py","4095","False",
"8_tools\EES331_Action_Viewer_v1.0\_internal\torch\onnx\_internal\exporter\_type_casting.py","1193","False",
"8_tools\EES331_Action_Viewer_v1.0\_internal\torch\onnx\_internal\exporter\_verification.py","12847","False",
"8_tools\EES331_Action_Viewer_v1.0\_internal\torch\onnx\_internal\fx\passes\__init__.py","97","False",
"8_tools\EES331_Action_Viewer_v1.0\_internal\torch\onnx\_internal\fx\passes\type_promotion.py","66398","False",
"8_tools\EES331_Action_Viewer_v1.0\_internal\torch\onnx\_internal\fx\__init__.py","0","False",
"8_tools\EES331_Action_Viewer_v1.0\_internal\torch\onnx\_internal\fx\_pass.py","8875","False",
"8_tools\EES331_Action_Viewer_v1.0\_internal\torch\onnx\_internal\fx\type_utils.py","6014","False",
"8_tools\EES331_Action_Viewer_v1.0\_internal\torch\onnx\_internal\torchscript_exporter\__init__.py","0","False",
"8_tools\EES331_Action_Viewer_v1.0\_internal\torch\onnx\_internal\torchscript_exporter\_experimental.py","1061","False",
"8_tools\EES331_Action_Viewer_v1.0\_internal\torch\onnx\_internal\torchscript_exporter\_globals.py","2882","False",
"8_tools\EES331_Action_Viewer_v1.0\_internal\torch\onnx\_internal\torchscript_exporter\_type_utils.py","14372","False",
"8_tools\EES331_Action_Viewer_v1.0\_internal\torch\onnx\_internal\torchscript_exporter\jit_utils.py","14356","False",
"8_tools\EES331_Action_Viewer_v1.0\_internal\torch\onnx\_internal\torchscript_exporter\onnx_proto_utils.py","9445","False",
"8_tools\EES331_Action_Viewer_v1.0\_internal\torch\onnx\_internal\torchscript_exporter\registration.py","11519","False",
"8_tools\EES331_Action_Viewer_v1.0\_internal\torch\onnx\_internal\torchscript_exporter\symbolic_helper.py","88273","False",
"8_tools\EES331_Action_Viewer_v1.0\_internal\torch\onnx\_internal\torchscript_exporter\symbolic_opset10.py","38825","False",
"8_tools\EES331_Action_Viewer_v1.0\_internal\torch\onnx\_internal\torchscript_exporter\symbolic_opset11.py","55070","False",
"8_tools\EES331_Action_Viewer_v1.0\_internal\torch\onnx\_internal\torchscript_exporter\symbolic_opset12.py","16224","False",
"8_tools\EES331_Action_Viewer_v1.0\_internal\torch\onnx\_internal\torchscript_exporter\symbolic_opset13.py","42568","False",
"8_tools\EES331_Action_Viewer_v1.0\_internal\torch\onnx\_internal\torchscript_exporter\symbolic_opset14.py","10687","False",
"8_tools\EES331_Action_Viewer_v1.0\_internal\torch\onnx\_internal\torchscript_exporter\symbolic_opset15.py","2976","False",
"8_tools\EES331_Action_Viewer_v1.0\_internal\torch\onnx\_internal\torchscript_exporter\symbolic_opset16.py","6647","False",
"8_tools\EES331_Action_Viewer_v1.0\_internal\torch\onnx\_internal\torchscript_exporter\symbolic_opset17.py","8485","False",
"8_tools\EES331_Action_Viewer_v1.0\_internal\torch\onnx\_internal\torchscript_exporter\symbolic_opset18.py","8478","False",
"8_tools\EES331_Action_Viewer_v1.0\_internal\torch\onnx\_internal\torchscript_exporter\symbolic_opset19.py","567","False",
"8_tools\EES331_Action_Viewer_v1.0\_internal\torch\onnx\_internal\torchscript_exporter\symbolic_opset20.py","2557","False",
"8_tools\EES331_Action_Viewer_v1.0\_internal\torch\onnx\_internal\torchscript_exporter\symbolic_opset7.py","2265","False",
"8_tools\EES331_Action_Viewer_v1.0\_internal\torch\onnx\_internal\torchscript_exporter\symbolic_opset8.py","15551","False",
"8_tools\EES331_Action_Viewer_v1.0\_internal\torch\onnx\_internal\torchscript_exporter\symbolic_opset9.py","230922","False",
"8_tools\EES331_Action_Viewer_v1.0\_internal\torch\onnx\_internal\torchscript_exporter\utils.py","78570","False",
"8_tools\EES331_Action_Viewer_v1.0\_internal\torch\onnx\_internal\torchscript_exporter\verification.py","19669","False",
"8_tools\EES331_Action_Viewer_v1.0\_internal\torch\onnx\_internal\__init__.py","0","False",
"8_tools\EES331_Action_Viewer_v1.0\_internal\torch\onnx\_internal\_lazy_import.py","1287","False",
"8_tools\EES331_Action_Viewer_v1.0\_internal\torch\onnx\ops\__init__.py","21406","False",
"8_tools\EES331_Action_Viewer_v1.0\_internal\torch\onnx\ops\_dtype_mappings.py","863","False",
"8_tools\EES331_Action_Viewer_v1.0\_internal\torch\onnx\ops\_impl.py","20512","False",
"8_tools\EES331_Action_Viewer_v1.0\_internal\torch\onnx\ops\_symbolic_impl.py","12084","False",
"8_tools\EES331_Action_Viewer_v1.0\_internal\torch\onnx\__init__.py","15860","False",
"8_tools\EES331_Action_Viewer_v1.0\_internal\torch\onnx\_constants.py","555","False",
"8_tools\EES331_Action_Viewer_v1.0\_internal\torch\onnx\_flags.py","1609","False",
"8_tools\EES331_Action_Viewer_v1.0\_internal\torch\onnx\errors.py","3579","False",
"8_tools\EES331_Action_Viewer_v1.0\_internal\torch\onnx\operators.py","1232","False",
"8_tools\EES331_Action_Viewer_v1.0\_internal\torch\onnx\symbolic_helper.py","230","False",
"8_tools\EES331_Action_Viewer_v1.0\_internal\torch\onnx\symbolic_opset10.py","336","False",
"8_tools\EES331_Action_Viewer_v1.0\_internal\torch\onnx\symbolic_opset11.py","232","False",
"8_tools\EES331_Action_Viewer_v1.0\_internal\torch\onnx\symbolic_opset12.py","232","False",
"8_tools\EES331_Action_Viewer_v1.0\_internal\torch\onnx\symbolic_opset13.py","232","False",
"8_tools\EES331_Action_Viewer_v1.0\_internal\torch\onnx\symbolic_opset14.py","232","False",
"8_tools\EES331_Action_Viewer_v1.0\_internal\torch\onnx\symbolic_opset15.py","232","False",
"8_tools\EES331_Action_Viewer_v1.0\_internal\torch\onnx\symbolic_opset16.py","232","False",
"8_tools\EES331_Action_Viewer_v1.0\_internal\torch\onnx\symbolic_opset17.py","232","False",
"8_tools\EES331_Action_Viewer_v1.0\_internal\torch\onnx\symbolic_opset18.py","232","False",
"8_tools\EES331_Action_Viewer_v1.0\_internal\torch\onnx\symbolic_opset19.py","232","False",
"8_tools\EES331_Action_Viewer_v1.0\_internal\torch\onnx\symbolic_opset20.py","232","False",
"8_tools\EES331_Action_Viewer_v1.0\_internal\torch\onnx\symbolic_opset7.py","230","False",
"8_tools\EES331_Action_Viewer_v1.0\_internal\torch\onnx\symbolic_opset8.py","230","False",
"8_tools\EES331_Action_Viewer_v1.0\_internal\torch\onnx\symbolic_opset9.py","405","False",
"8_tools\EES331_Action_Viewer_v1.0\_internal\torch\onnx\testing.py","227","False",
"8_tools\EES331_Action_Viewer_v1.0\_internal\torch\onnx\utils.py","242","False",
"8_tools\EES331_Action_Viewer_v1.0\_internal\torch\onnx\verification.py","355","False",
"8_tools\EES331_Action_Viewer_v1.0\_internal\torch\optim\_multi_tensor\__init__.py","1100","False",
"8_tools\EES331_Action_Viewer_v1.0\_internal\torch\optim\__init__.py","2271","False",
"8_tools\EES331_Action_Viewer_v1.0\_internal\torch\optim\_adafactor.py","29166","False",
"8_tools\EES331_Action_Viewer_v1.0\_internal\torch\optim\_functional.py","3334","False",
"8_tools\EES331_Action_Viewer_v1.0\_internal\torch\optim\_muon.py","13979","False",
"8_tools\EES331_Action_Viewer_v1.0\_internal\torch\optim\adadelta.py","17317","False",
"8_tools\EES331_Action_Viewer_v1.0\_internal\torch\optim\adagrad.py","21681","False",
"8_tools\EES331_Action_Viewer_v1.0\_internal\torch\optim\adam.py","41132","False",
"8_tools\EES331_Action_Viewer_v1.0\_internal\torch\optim\adamax.py","17965","False",
"8_tools\EES331_Action_Viewer_v1.0\_internal\torch\optim\adamw.py","7569","False",
"8_tools\EES331_Action_Viewer_v1.0\_internal\torch\optim\asgd.py","16974","False",
"8_tools\EES331_Action_Viewer_v1.0\_internal\torch\optim\lbfgs.py","20584","False",
"8_tools\EES331_Action_Viewer_v1.0\_internal\torch\optim\lr_scheduler.py","106218","False",
"8_tools\EES331_Action_Viewer_v1.0\_internal\torch\optim\nadam.py","27387","False",
"8_tools\EES331_Action_Viewer_v1.0\_internal\torch\optim\optimizer.py","52163","False",
"8_tools\EES331_Action_Viewer_v1.0\_internal\torch\optim\radam.py","25656","False",
"8_tools\EES331_Action_Viewer_v1.0\_internal\torch\optim\rmsprop.py","21125","False",
"8_tools\EES331_Action_Viewer_v1.0\_internal\torch\optim\rprop.py","18160","False",
"8_tools\EES331_Action_Viewer_v1.0\_internal\torch\optim\sgd.py","20899","False",
"8_tools\EES331_Action_Viewer_v1.0\_internal\torch\optim\sparse_adam.py","8235","False",
"8_tools\EES331_Action_Viewer_v1.0\_internal\torch\optim\swa_utils.py","22356","False",
"8_tools\EES331_Action_Viewer_v1.0\_internal\torch\package\analyze\__init__.py","132","False",
"8_tools\EES331_Action_Viewer_v1.0\_internal\torch\package\analyze\find_first_use_of_broken_modules.py","1065","False",
"8_tools\EES331_Action_Viewer_v1.0\_internal\torch\package\analyze\is_from_package.py","420","False",
"8_tools\EES331_Action_Viewer_v1.0\_internal\torch\package\analyze\trace_dependencies.py","2300","False",
"8_tools\EES331_Action_Viewer_v1.0\_internal\torch\package\__init__.py","400","False",
"8_tools\EES331_Action_Viewer_v1.0\_internal\torch\package\_digraph.py","5803","False",
"8_tools\EES331_Action_Viewer_v1.0\_internal\torch\package\_directory_reader.py","1981","False",
"8_tools\EES331_Action_Viewer_v1.0\_internal\torch\package\_importlib.py","3093","False",
"8_tools\EES331_Action_Viewer_v1.0\_internal\torch\package\_mangling.py","1957","False",
"8_tools\EES331_Action_Viewer_v1.0\_internal\torch\package\_mock.py","2989","False",
"8_tools\EES331_Action_Viewer_v1.0\_internal\torch\package\_package_pickler.py","5758","False",
"8_tools\EES331_Action_Viewer_v1.0\_internal\torch\package\_package_unpickler.py","1019","False",
"8_tools\EES331_Action_Viewer_v1.0\_internal\torch\package\_stdlib.py","612","False",
"8_tools\EES331_Action_Viewer_v1.0\_internal\torch\package\file_structure_representation.py","4883","False",
"8_tools\EES331_Action_Viewer_v1.0\_internal\torch\package\find_file_dependencies.py","4043","False",
"8_tools\EES331_Action_Viewer_v1.0\_internal\torch\package\glob_group.py","3750","False",
"8_tools\EES331_Action_Viewer_v1.0\_internal\torch\package\importer.py","10506","False",
"8_tools\EES331_Action_Viewer_v1.0\_internal\torch\package\package_exporter.py","52056","False",
"8_tools\EES331_Action_Viewer_v1.0\_internal\torch\package\package_importer.py","32477","False",
"8_tools\EES331_Action_Viewer_v1.0\_internal\torch\profiler\__init__.py","1786","False",
"8_tools\EES331_Action_Viewer_v1.0\_internal\torch\profiler\_memory_profiler.py","49649","False",
"8_tools\EES331_Action_Viewer_v1.0\_internal\torch\profiler\_pattern_matcher.py","25648","False",
"8_tools\EES331_Action_Viewer_v1.0\_internal\torch\profiler\_utils.py","22265","False",
"8_tools\EES331_Action_Viewer_v1.0\_internal\torch\profiler\itt.py","1911","False",
"8_tools\EES331_Action_Viewer_v1.0\_internal\torch\profiler\profiler.py","48923","False",
"8_tools\EES331_Action_Viewer_v1.0\_internal\torch\profiler\python_tracer.py","495","False",
"8_tools\EES331_Action_Viewer_v1.0\_internal\torch\quantization\fx\__init__.py","609","False",
"8_tools\EES331_Action_Viewer_v1.0\_internal\torch\quantization\fx\_equalize.py","1290","False",
"8_tools\EES331_Action_Viewer_v1.0\_internal\torch\quantization\fx\convert.py","397","False",
"8_tools\EES331_Action_Viewer_v1.0\_internal\torch\quantization\fx\fuse.py","391","False",
"8_tools\EES331_Action_Viewer_v1.0\_internal\torch\quantization\fx\fusion_patterns.py","426","False",
"8_tools\EES331_Action_Viewer_v1.0\_internal\torch\quantization\fx\graph_module.py","592","False",
"8_tools\EES331_Action_Viewer_v1.0\_internal\torch\quantization\fx\match_utils.py","472","False",
"8_tools\EES331_Action_Viewer_v1.0\_internal\torch\quantization\fx\pattern_utils.py","1335","False",
"8_tools\EES331_Action_Viewer_v1.0\_internal\torch\quantization\fx\prepare.py","397","False",
"8_tools\EES331_Action_Viewer_v1.0\_internal\torch\quantization\fx\quantization_patterns.py","2137","False",
"8_tools\EES331_Action_Viewer_v1.0\_internal\torch\quantization\fx\quantization_types.py","406","False",
"8_tools\EES331_Action_Viewer_v1.0\_internal\torch\quantization\fx\utils.py","745","False",
"8_tools\EES331_Action_Viewer_v1.0\_internal\torch\quantization\__init__.py","2740","False",
"8_tools\EES331_Action_Viewer_v1.0\_internal\torch\quantization\_numeric_suite_fx.py","778","False",
"8_tools\EES331_Action_Viewer_v1.0\_internal\torch\quantization\_numeric_suite.py","807","False",
"8_tools\EES331_Action_Viewer_v1.0\_internal\torch\quantization\_quantized_conversions.py","4492","False",
"8_tools\EES331_Action_Viewer_v1.0\_internal\torch\quantization\fake_quantize.py","1047","False",
"8_tools\EES331_Action_Viewer_v1.0\_internal\torch\quantization\fuse_modules.py","754","False",
"8_tools\EES331_Action_Viewer_v1.0\_internal\torch\quantization\fuser_method_mappings.py","528","False",
"8_tools\EES331_Action_Viewer_v1.0\_internal\torch\quantization\observer.py","1116","False",
"8_tools\EES331_Action_Viewer_v1.0\_internal\torch\quantization\qconfig.py","975","False",
"8_tools\EES331_Action_Viewer_v1.0\_internal\torch\quantization\quant_type.py","409","False",
"8_tools\EES331_Action_Viewer_v1.0\_internal\torch\quantization\quantization_mappings.py","1178","False",
"8_tools\EES331_Action_Viewer_v1.0\_internal\torch\quantization\quantize_fx.py","762","False",
"8_tools\EES331_Action_Viewer_v1.0\_internal\torch\quantization\quantize_jit.py","740","False",
"8_tools\EES331_Action_Viewer_v1.0\_internal\torch\quantization\quantize.py","834","False",
"8_tools\EES331_Action_Viewer_v1.0\_internal\torch\quantization\stubs.py","402","False",
"8_tools\EES331_Action_Viewer_v1.0\_internal\torch\quantization\utils.py","862","False",
"8_tools\EES331_Action_Viewer_v1.0\_internal\torch\signal\windows\__init__.py","411","False",
"8_tools\EES331_Action_Viewer_v1.0\_internal\torch\signal\windows\windows.py","23603","False",
"8_tools\EES331_Action_Viewer_v1.0\_internal\torch\signal\__init__.py","50","False",
"8_tools\EES331_Action_Viewer_v1.0\_internal\torch\sparse\__init__.py","26538","False",
"8_tools\EES331_Action_Viewer_v1.0\_internal\torch\sparse\_semi_structured_conversions.py","14452","False",
"8_tools\EES331_Action_Viewer_v1.0\_internal\torch\sparse\_semi_structured_ops.py","6631","False",
"8_tools\EES331_Action_Viewer_v1.0\_internal\torch\sparse\_triton_ops_meta.py","508984","False",
"8_tools\EES331_Action_Viewer_v1.0\_internal\torch\sparse\_triton_ops.py","90465","False",
"8_tools\EES331_Action_Viewer_v1.0\_internal\torch\sparse\semi_structured.py","29409","False",
"8_tools\EES331_Action_Viewer_v1.0\_internal\torch\special\__init__.py","33494","False",
"8_tools\EES331_Action_Viewer_v1.0\_internal\torch\testing\_internal\codegen\__init__.py","23","False",
"8_tools\EES331_Action_Viewer_v1.0\_internal\torch\testing\_internal\data\__init__.py","23","False",
"8_tools\EES331_Action_Viewer_v1.0\_internal\torch\testing\_internal\data\network1.py","179","False",
"8_tools\EES331_Action_Viewer_v1.0\_internal\torch\testing\_internal\data\network2.py","210","False",
"8_tools\EES331_Action_Viewer_v1.0\_internal\torch\testing\_internal\distributed\_shard\__init__.py","28","False",
"8_tools\EES331_Action_Viewer_v1.0\_internal\torch\testing\_internal\distributed\_shard\test_common.py","1260","False",
"8_tools\EES331_Action_Viewer_v1.0\_internal\torch\testing\_internal\distributed\_tensor\__init__.py","0","False",
"8_tools\EES331_Action_Viewer_v1.0\_internal\torch\testing\_internal\distributed\_tensor\common_dtensor.py","35897","False",
"8_tools\EES331_Action_Viewer_v1.0\_internal\torch\testing\_internal\distributed\nn\api\__init__.py","0","False",
"8_tools\EES331_Action_Viewer_v1.0\_internal\torch\testing\_internal\distributed\nn\api\remote_module_test.py","30505","False",
"8_tools\EES331_Action_Viewer_v1.0\_internal\torch\testing\_internal\distributed\nn\__init__.py","0","False",
"8_tools\EES331_Action_Viewer_v1.0\_internal\torch\testing\_internal\distributed\rpc\examples\__init__.py","0","False",
"8_tools\EES331_Action_Viewer_v1.0\_internal\torch\testing\_internal\distributed\rpc\examples\parameter_server_test.py","4708","False",
"8_tools\EES331_Action_Viewer_v1.0\_internal\torch\testing\_internal\distributed\rpc\examples\reinforcement_learning_rpc_test.py","9533","False",
"8_tools\EES331_Action_Viewer_v1.0\_internal\torch\testing\_internal\distributed\rpc\jit\__init__.py","0","False",
"8_tools\EES331_Action_Viewer_v1.0\_internal\torch\testing\_internal\distributed\rpc\jit\dist_autograd_test.py","4285","False",
"8_tools\EES331_Action_Viewer_v1.0\_internal\torch\testing\_internal\distributed\rpc\jit\rpc_test_faulty.py","8193","False",
"8_tools\EES331_Action_Viewer_v1.0\_internal\torch\testing\_internal\distributed\rpc\jit\rpc_test.py","48253","False",
"8_tools\EES331_Action_Viewer_v1.0\_internal\torch\testing\_internal\distributed\rpc\__init__.py","0","False",
"8_tools\EES331_Action_Viewer_v1.0\_internal\torch\testing\_internal\distributed\rpc\dist_autograd_test.py","109800","False",
"8_tools\EES331_Action_Viewer_v1.0\_internal\torch\testing\_internal\distributed\rpc\dist_optimizer_test.py","10855","False",
"8_tools\EES331_Action_Viewer_v1.0\_internal\torch\testing\_internal\distributed\rpc\faulty_agent_rpc_test.py","14576","False",
"8_tools\EES331_Action_Viewer_v1.0\_internal\torch\testing\_internal\distributed\rpc\faulty_rpc_agent_test_fixture.py","2206","False",
"8_tools\EES331_Action_Viewer_v1.0\_internal\torch\testing\_internal\distributed\rpc\rpc_agent_test_fixture.py","1937","False",
"8_tools\EES331_Action_Viewer_v1.0\_internal\torch\testing\_internal\distributed\rpc\rpc_test.py","232192","False",
"8_tools\EES331_Action_Viewer_v1.0\_internal\torch\testing\_internal\distributed\rpc\tensorpipe_rpc_agent_test_fixture.py","1002","False",
"8_tools\EES331_Action_Viewer_v1.0\_internal\torch\testing\_internal\distributed\__init__.py","0","False",
"8_tools\EES331_Action_Viewer_v1.0\_internal\torch\testing\_internal\distributed\checkpoint_utils.py","6381","False",
"8_tools\EES331_Action_Viewer_v1.0\_internal\torch\testing\_internal\distributed\common_state_dict.py","6895","False",
"8_tools\EES331_Action_Viewer_v1.0\_internal\torch\testing\_internal\distributed\ddp_under_dist_autograd_test.py","27746","False",
"8_tools\EES331_Action_Viewer_v1.0\_internal\torch\testing\_internal\distributed\distributed_test.py","448724","False",
"8_tools\EES331_Action_Viewer_v1.0\_internal\torch\testing\_internal\distributed\distributed_utils.py","1938","False",
"8_tools\EES331_Action_Viewer_v1.0\_internal\torch\testing\_internal\distributed\fake_pg.py","1158","False",
"8_tools\EES331_Action_Viewer_v1.0\_internal\torch\testing\_internal\distributed\multi_threaded_pg.py","22021","False",
"8_tools\EES331_Action_Viewer_v1.0\_internal\torch\testing\_internal\distributed\rpc_utils.py","6803","False",
"8_tools\EES331_Action_Viewer_v1.0\_internal\torch\testing\_internal\generated\__init__.py","0","False",
"8_tools\EES331_Action_Viewer_v1.0\_internal\torch\testing\_internal\generated\annotated_fn_args.py","558606","False",
"8_tools\EES331_Action_Viewer_v1.0\_internal\torch\testing\_internal\opinfo\definitions\__init__.py","478","False",
"8_tools\EES331_Action_Viewer_v1.0\_internal\torch\testing\_internal\opinfo\definitions\_masked.py","47761","False",
"8_tools\EES331_Action_Viewer_v1.0\_internal\torch\testing\_internal\opinfo\definitions\fft.py","30254","False",
"8_tools\EES331_Action_Viewer_v1.0\_internal\torch\testing\_internal\opinfo\definitions\linalg.py","87142","False",
"8_tools\EES331_Action_Viewer_v1.0\_internal\torch\testing\_internal\opinfo\definitions\signal.py","15810","False",
"8_tools\EES331_Action_Viewer_v1.0\_internal\torch\testing\_internal\opinfo\definitions\sparse.py","34753","False",
"8_tools\EES331_Action_Viewer_v1.0\_internal\torch\testing\_internal\opinfo\definitions\special.py","27859","False",
"8_tools\EES331_Action_Viewer_v1.0\_internal\torch\testing\_internal\opinfo\__init__.py","120","False",
"8_tools\EES331_Action_Viewer_v1.0\_internal\torch\testing\_internal\opinfo\core.py","127379","False",
"8_tools\EES331_Action_Viewer_v1.0\_internal\torch\testing\_internal\opinfo\refs.py","8246","False",
"8_tools\EES331_Action_Viewer_v1.0\_internal\torch\testing\_internal\opinfo\utils.py","9056","False",
"8_tools\EES331_Action_Viewer_v1.0\_internal\torch\testing\_internal\optests\__init__.py","379","False",
"8_tools\EES331_Action_Viewer_v1.0\_internal\torch\testing\_internal\optests\aot_autograd.py","7217","False",
"8_tools\EES331_Action_Viewer_v1.0\_internal\torch\testing\_internal\optests\autograd_registration.py","5905","False",
"8_tools\EES331_Action_Viewer_v1.0\_internal\torch\testing\_internal\optests\fake_tensor.py","269","False",
"8_tools\EES331_Action_Viewer_v1.0\_internal\torch\testing\_internal\optests\generate_tests.py","32614","False",
"8_tools\EES331_Action_Viewer_v1.0\_internal\torch\testing\_internal\optests\make_fx.py","3354","False",
"8_tools\EES331_Action_Viewer_v1.0\_internal\torch\testing\_internal\test_module\__init__.py","0","False",
"8_tools\EES331_Action_Viewer_v1.0\_internal\torch\testing\_internal\test_module\future_div.py","124","False",
"8_tools\EES331_Action_Viewer_v1.0\_internal\torch\testing\_internal\test_module\no_future_div.py","156","False",
"8_tools\EES331_Action_Viewer_v1.0\_internal\torch\testing\_internal\__init__.py","0","False",
"8_tools\EES331_Action_Viewer_v1.0\_internal\torch\testing\_internal\autocast_test_lists.py","28877","False",
"8_tools\EES331_Action_Viewer_v1.0\_internal\torch\testing\_internal\autograd_function_db.py","20246","False",
"8_tools\EES331_Action_Viewer_v1.0\_internal\torch\testing\_internal\check_kernel_launches.py","6191","False",
"8_tools\EES331_Action_Viewer_v1.0\_internal\torch\testing\_internal\common_cuda.py","17057","False",
"8_tools\EES331_Action_Viewer_v1.0\_internal\torch\testing\_internal\common_device_type.py","76816","False",
"8_tools\EES331_Action_Viewer_v1.0\_internal\torch\testing\_internal\common_dist_composable.py","3689","False",
"8_tools\EES331_Action_Viewer_v1.0\_internal\torch\testing\_internal\common_distributed.py","72616","False",
"8_tools\EES331_Action_Viewer_v1.0\_internal\torch\testing\_internal\common_dtype.py","5333","False",
"8_tools\EES331_Action_Viewer_v1.0\_internal\torch\testing\_internal\common_fsdp.py","61076","False",
"8_tools\EES331_Action_Viewer_v1.0\_internal\torch\testing\_internal\common_jit.py","16183","False",
"8_tools\EES331_Action_Viewer_v1.0\_internal\torch\testing\_internal\common_methods_invocations.py","1243879","False",
"8_tools\EES331_Action_Viewer_v1.0\_internal\torch\testing\_internal\common_mkldnn.py","4012","False",
"8_tools\EES331_Action_Viewer_v1.0\_internal\torch\testing\_internal\common_modules.py","214847","False",
"8_tools\EES331_Action_Viewer_v1.0\_internal\torch\testing\_internal\common_mps.py","31320","False",
"8_tools\EES331_Action_Viewer_v1.0\_internal\torch\testing\_internal\common_nn.py","176863","False",
"8_tools\EES331_Action_Viewer_v1.0\_internal\torch\testing\_internal\common_optimizers.py","87891","False",
"8_tools\EES331_Action_Viewer_v1.0\_internal\torch\testing\_internal\common_pruning.py","14040","False",
"8_tools\EES331_Action_Viewer_v1.0\_internal\torch\testing\_internal\common_quantization.py","119227","False",
"8_tools\EES331_Action_Viewer_v1.0\_internal\torch\testing\_internal\common_quantized.py","25675","False",
"8_tools\EES331_Action_Viewer_v1.0\_internal\torch\testing\_internal\common_subclass.py","12429","False",
"8_tools\EES331_Action_Viewer_v1.0\_internal\torch\testing\_internal\common_utils.py","249216","False",
"8_tools\EES331_Action_Viewer_v1.0\_internal\torch\testing\_internal\composite_compliance.py","26707","False",
"8_tools\EES331_Action_Viewer_v1.0\_internal\torch\testing\_internal\custom_op_db.py","20230","False",
"8_tools\EES331_Action_Viewer_v1.0\_internal\torch\testing\_internal\custom_tensor.py","5439","False",
"8_tools\EES331_Action_Viewer_v1.0\_internal\torch\testing\_internal\dist_utils.py","7454","False",
"8_tools\EES331_Action_Viewer_v1.0\_internal\torch\testing\_internal\dynamo_pytree_test_utils.py","1087","False",
"8_tools\EES331_Action_Viewer_v1.0\_internal\torch\testing\_internal\dynamo_test_failures.py","5616","False",
"8_tools\EES331_Action_Viewer_v1.0\_internal\torch\testing\_internal\fake_config_module.py","1297","False",
"8_tools\EES331_Action_Viewer_v1.0\_internal\torch\testing\_internal\fake_config_module2.py","356","False",
"8_tools\EES331_Action_Viewer_v1.0\_internal\torch\testing\_internal\fake_config_module3.py","244","False",
"8_tools\EES331_Action_Viewer_v1.0\_internal\torch\testing\_internal\hop_db.py","17254","False",
"8_tools\EES331_Action_Viewer_v1.0\_internal\torch\testing\_internal\hypothesis_utils.py","15289","False",
"8_tools\EES331_Action_Viewer_v1.0\_internal\torch\testing\_internal\inductor_utils.py","14038","False",
"8_tools\EES331_Action_Viewer_v1.0\_internal\torch\testing\_internal\jit_metaprogramming_utils.py","34782","False",
"8_tools\EES331_Action_Viewer_v1.0\_internal\torch\testing\_internal\jit_utils.py","34786","False",
"8_tools\EES331_Action_Viewer_v1.0\_internal\torch\testing\_internal\logging_tensor.py","6814","False",
"8_tools\EES331_Action_Viewer_v1.0\_internal\torch\testing\_internal\logging_utils.py","8483","False",
"8_tools\EES331_Action_Viewer_v1.0\_internal\torch\testing\_internal\quantization_torch_package_models.py","984","False",
"8_tools\EES331_Action_Viewer_v1.0\_internal\torch\testing\_internal\static_module.py","920","False",
"8_tools\EES331_Action_Viewer_v1.0\_internal\torch\testing\_internal\subclasses.py","2608","False",
"8_tools\EES331_Action_Viewer_v1.0\_internal\torch\testing\_internal\torchbind_impls.py","5880","False",
"8_tools\EES331_Action_Viewer_v1.0\_internal\torch\testing\_internal\triton_utils.py","33033","False",
"8_tools\EES331_Action_Viewer_v1.0\_internal\torch\testing\_internal\two_tensor.py","3777","False",
"8_tools\EES331_Action_Viewer_v1.0\_internal\torch\testing\__init__.py","226","False",
"8_tools\EES331_Action_Viewer_v1.0\_internal\torch\testing\_comparison.py","68191","False",
"8_tools\EES331_Action_Viewer_v1.0\_internal\torch\testing\_creation.py","12474","False",
"8_tools\EES331_Action_Viewer_v1.0\_internal\torch\testing\_utils.py","2091","False",
"8_tools\EES331_Action_Viewer_v1.0\_internal\torch\utils\_strobelight\__init__.py","0","False",
"8_tools\EES331_Action_Viewer_v1.0\_internal\torch\utils\_strobelight\cli_function_profiler.py","11673","False",
"8_tools\EES331_Action_Viewer_v1.0\_internal\torch\utils\_sympy\__init__.py","0","False",
"8_tools\EES331_Action_Viewer_v1.0\_internal\torch\utils\_sympy\functions.py","54717","False",
"8_tools\EES331_Action_Viewer_v1.0\_internal\torch\utils\_sympy\interp.py","7428","False",
"8_tools\EES331_Action_Viewer_v1.0\_internal\torch\utils\_sympy\numbers.py","11894","False",
"8_tools\EES331_Action_Viewer_v1.0\_internal\torch\utils\_sympy\printers.py","26098","False",
"8_tools\EES331_Action_Viewer_v1.0\_internal\torch\utils\_sympy\reference.py","14714","False",
"8_tools\EES331_Action_Viewer_v1.0\_internal\torch\utils\_sympy\singleton_int.py","3071","False",
"8_tools\EES331_Action_Viewer_v1.0\_internal\torch\utils\_sympy\solve.py","6556","False",
"8_tools\EES331_Action_Viewer_v1.0\_internal\torch\utils\_sympy\symbol.py","3838","False",
"8_tools\EES331_Action_Viewer_v1.0\_internal\torch\utils\_sympy\value_ranges.py","40490","False",
"8_tools\EES331_Action_Viewer_v1.0\_internal\torch\utils\backcompat\__init__.py","705","False",
"8_tools\EES331_Action_Viewer_v1.0\_internal\torch\utils\benchmark\examples\__init__.py","0","False",
"8_tools\EES331_Action_Viewer_v1.0\_internal\torch\utils\benchmark\examples\compare.py","3030","False",
"8_tools\EES331_Action_Viewer_v1.0\_internal\torch\utils\benchmark\examples\fuzzer.py","2744","False",
"8_tools\EES331_Action_Viewer_v1.0\_internal\torch\utils\benchmark\examples\op_benchmark.py","4519","False",
"8_tools\EES331_Action_Viewer_v1.0\_internal\torch\utils\benchmark\examples\simple_timeit.py","566","False",
"8_tools\EES331_Action_Viewer_v1.0\_internal\torch\utils\benchmark\examples\spectral_ops_fuzz_test.py","4901","False",
"8_tools\EES331_Action_Viewer_v1.0\_internal\torch\utils\benchmark\op_fuzzers\__init__.py","0","False",
"8_tools\EES331_Action_Viewer_v1.0\_internal\torch\utils\benchmark\op_fuzzers\binary.py","4251","False",
"8_tools\EES331_Action_Viewer_v1.0\_internal\torch\utils\benchmark\op_fuzzers\sparse_binary.py","4333","False",
"8_tools\EES331_Action_Viewer_v1.0\_internal\torch\utils\benchmark\op_fuzzers\sparse_unary.py","3583","False",
"8_tools\EES331_Action_Viewer_v1.0\_internal\torch\utils\benchmark\op_fuzzers\spectral.py","3726","False",
"8_tools\EES331_Action_Viewer_v1.0\_internal\torch\utils\benchmark\op_fuzzers\unary.py","3236","False",
"8_tools\EES331_Action_Viewer_v1.0\_internal\torch\utils\benchmark\utils\valgrind_wrapper\__init__.py","0","False",
"8_tools\EES331_Action_Viewer_v1.0\_internal\torch\utils\benchmark\utils\valgrind_wrapper\timer_interface.py","38860","False",
"8_tools\EES331_Action_Viewer_v1.0\_internal\torch\utils\benchmark\utils\__init__.py","0","False",
"8_tools\EES331_Action_Viewer_v1.0\_internal\torch\utils\benchmark\utils\_stubs.py","1068","False",
"8_tools\EES331_Action_Viewer_v1.0\_internal\torch\utils\benchmark\utils\common.py","14133","False",
"8_tools\EES331_Action_Viewer_v1.0\_internal\torch\utils\benchmark\utils\compare.py","13818","False",
"8_tools\EES331_Action_Viewer_v1.0\_internal\torch\utils\benchmark\utils\compile.py","7870","False",
"8_tools\EES331_Action_Viewer_v1.0\_internal\torch\utils\benchmark\utils\cpp_jit.py","7151","False",
"8_tools\EES331_Action_Viewer_v1.0\_internal\torch\utils\benchmark\utils\fuzzer.py","19247","False",
"8_tools\EES331_Action_Viewer_v1.0\_internal\torch\utils\benchmark\utils\sparse_fuzzer.py","5527","False",
"8_tools\EES331_Action_Viewer_v1.0\_internal\torch\utils\benchmark\utils\timer.py","21383","False",
"8_tools\EES331_Action_Viewer_v1.0\_internal\torch\utils\benchmark\__init__.py","417","False",
"8_tools\EES331_Action_Viewer_v1.0\_internal\torch\utils\data\_utils\__init__.py","1659","False",
"8_tools\EES331_Action_Viewer_v1.0\_internal\torch\utils\data\_utils\collate.py","16379","False",
"8_tools\EES331_Action_Viewer_v1.0\_internal\torch\utils\data\_utils\fetch.py","2067","False",
"8_tools\EES331_Action_Viewer_v1.0\_internal\torch\utils\data\_utils\pin_memory.py","4218","False",
"8_tools\EES331_Action_Viewer_v1.0\_internal\torch\utils\data\_utils\signal_handling.py","3341","False",
"8_tools\EES331_Action_Viewer_v1.0\_internal\torch\utils\data\_utils\worker.py","14643","False",
"8_tools\EES331_Action_Viewer_v1.0\_internal\torch\utils\data\datapipes\dataframe\__init__.py","390","False",
"8_tools\EES331_Action_Viewer_v1.0\_internal\torch\utils\data\datapipes\dataframe\dataframe_wrapper.py","3416","False",
"8_tools\EES331_Action_Viewer_v1.0\_internal\torch\utils\data\datapipes\dataframe\dataframes.py","15105","False",
"8_tools\EES331_Action_Viewer_v1.0\_internal\torch\utils\data\datapipes\dataframe\datapipes.py","4763","False",
"8_tools\EES331_Action_Viewer_v1.0\_internal\torch\utils\data\datapipes\dataframe\structures.py","684","False",
"8_tools\EES331_Action_Viewer_v1.0\_internal\torch\utils\data\datapipes\iter\__init__.py","1928","False",
"8_tools\EES331_Action_Viewer_v1.0\_internal\torch\utils\data\datapipes\iter\callable.py","9373","False",
"8_tools\EES331_Action_Viewer_v1.0\_internal\torch\utils\data\datapipes\iter\combinatorics.py","6706","False",
"8_tools\EES331_Action_Viewer_v1.0\_internal\torch\utils\data\datapipes\iter\combining.py","28800","False",
"8_tools\EES331_Action_Viewer_v1.0\_internal\torch\utils\data\datapipes\iter\filelister.py","2621","False",
"8_tools\EES331_Action_Viewer_v1.0\_internal\torch\utils\data\datapipes\iter\fileopener.py","2968","False",
"8_tools\EES331_Action_Viewer_v1.0\_internal\torch\utils\data\datapipes\iter\grouping.py","12767","False",
"8_tools\EES331_Action_Viewer_v1.0\_internal\torch\utils\data\datapipes\iter\routeddecoder.py","2801","False",
"8_tools\EES331_Action_Viewer_v1.0\_internal\torch\utils\data\datapipes\iter\selecting.py","3410","False",
"8_tools\EES331_Action_Viewer_v1.0\_internal\torch\utils\data\datapipes\iter\sharding.py","3691","False",
"8_tools\EES331_Action_Viewer_v1.0\_internal\torch\utils\data\datapipes\iter\streamreader.py","1582","False",
"8_tools\EES331_Action_Viewer_v1.0\_internal\torch\utils\data\datapipes\iter\utils.py","2169","False",
"8_tools\EES331_Action_Viewer_v1.0\_internal\torch\utils\data\datapipes\map\__init__.py","734","False",
"8_tools\EES331_Action_Viewer_v1.0\_internal\torch\utils\data\datapipes\map\callable.py","2000","False",
"8_tools\EES331_Action_Viewer_v1.0\_internal\torch\utils\data\datapipes\map\combinatorics.py","4399","False",
"8_tools\EES331_Action_Viewer_v1.0\_internal\torch\utils\data\datapipes\map\combining.py","4012","False",
"8_tools\EES331_Action_Viewer_v1.0\_internal\torch\utils\data\datapipes\map\grouping.py","2563","False",
"8_tools\EES331_Action_Viewer_v1.0\_internal\torch\utils\data\datapipes\map\utils.py","1874","False",
"8_tools\EES331_Action_Viewer_v1.0\_internal\torch\utils\data\datapipes\utils\__init__.py","0","False",
"8_tools\EES331_Action_Viewer_v1.0\_internal\torch\utils\data\datapipes\utils\common.py","14308","False",
"8_tools\EES331_Action_Viewer_v1.0\_internal\torch\utils\data\datapipes\utils\decoder.py","12512","False",
"8_tools\EES331_Action_Viewer_v1.0\_internal\torch\utils\data\datapipes\utils\snapshot.py","3210","False",
"8_tools\EES331_Action_Viewer_v1.0\_internal\torch\utils\data\datapipes\__init__.py","89","False",
"8_tools\EES331_Action_Viewer_v1.0\_internal\torch\utils\data\datapipes\_decorator.py","7970","False",
"8_tools\EES331_Action_Viewer_v1.0\_internal\torch\utils\data\datapipes\_hook_iterator.py","12251","False",
"8_tools\EES331_Action_Viewer_v1.0\_internal\torch\utils\data\datapipes\_typing.py","16921","False",
"8_tools\EES331_Action_Viewer_v1.0\_internal\torch\utils\data\datapipes\datapipe.py","17695","False",
"8_tools\EES331_Action_Viewer_v1.0\_internal\torch\utils\data\datapipes\gen_pyi.py","12134","False",
"8_tools\EES331_Action_Viewer_v1.0\_internal\torch\utils\data\__init__.py","1779","False",
"8_tools\EES331_Action_Viewer_v1.0\_internal\torch\utils\data\backward_compatibility.py","328","False",
"8_tools\EES331_Action_Viewer_v1.0\_internal\torch\utils\data\dataloader.py","82862","False",
"8_tools\EES331_Action_Viewer_v1.0\_internal\torch\utils\data\dataset.py","20035","False",
"8_tools\EES331_Action_Viewer_v1.0\_internal\torch\utils\data\distributed.py","6608","False",
"8_tools\EES331_Action_Viewer_v1.0\_internal\torch\utils\data\graph_settings.py","5729","False",
"8_tools\EES331_Action_Viewer_v1.0\_internal\torch\utils\data\graph.py","5991","False",
"8_tools\EES331_Action_Viewer_v1.0\_internal\torch\utils\data\sampler.py","13092","False",
"8_tools\EES331_Action_Viewer_v1.0\_internal\torch\utils\hipify\__init__.py","34","False",
"8_tools\EES331_Action_Viewer_v1.0\_internal\torch\utils\hipify\constants.py","1236","False",
"8_tools\EES331_Action_Viewer_v1.0\_internal\torch\utils\hipify\cuda_to_hip_mappings.py","408488","False",
"8_tools\EES331_Action_Viewer_v1.0\_internal\torch\utils\hipify\hipify_python.py","48866","False",
"8_tools\EES331_Action_Viewer_v1.0\_internal\torch\utils\hipify\version.py","23","False",
"8_tools\EES331_Action_Viewer_v1.0\_internal\torch\utils\jit\__init__.py","0","False",
"8_tools\EES331_Action_Viewer_v1.0\_internal\torch\utils\jit\log_extract.py","4312","False",
"8_tools\EES331_Action_Viewer_v1.0\_internal\torch\utils\model_dump\__init__.py","19761","False",
"8_tools\EES331_Action_Viewer_v1.0\_internal\torch\utils\model_dump\__main__.py","84","False",
"8_tools\EES331_Action_Viewer_v1.0\_internal\torch\utils\serialization\__init__.py","22","False",
"8_tools\EES331_Action_Viewer_v1.0\_internal\torch\utils\serialization\config.py","679","False",
"8_tools\EES331_Action_Viewer_v1.0\_internal\torch\utils\tensorboard\__init__.py","499","False",
"8_tools\EES331_Action_Viewer_v1.0\_internal\torch\utils\tensorboard\_convert_np.py","919","False",
"8_tools\EES331_Action_Viewer_v1.0\_internal\torch\utils\tensorboard\_embedding.py","3368","False",
"8_tools\EES331_Action_Viewer_v1.0\_internal\torch\utils\tensorboard\_onnx_graph.py","2003","False",
"8_tools\EES331_Action_Viewer_v1.0\_internal\torch\utils\tensorboard\_proto_graph.py","2205","False",
"8_tools\EES331_Action_Viewer_v1.0\_internal\torch\utils\tensorboard\_pytorch_graph.py","14286","False",
"8_tools\EES331_Action_Viewer_v1.0\_internal\torch\utils\tensorboard\_utils.py","4547","False",
"8_tools\EES331_Action_Viewer_v1.0\_internal\torch\utils\tensorboard\summary.py","37920","False",
"8_tools\EES331_Action_Viewer_v1.0\_internal\torch\utils\tensorboard\writer.py","48752","False",
"8_tools\EES331_Action_Viewer_v1.0\_internal\torch\utils\viz\__init__.py","0","False",
"8_tools\EES331_Action_Viewer_v1.0\_internal\torch\utils\viz\_cycles.py","17532","False",
"8_tools\EES331_Action_Viewer_v1.0\_internal\torch\utils\__init__.py","3998","False",
"8_tools\EES331_Action_Viewer_v1.0\_internal\torch\utils\_appending_byte_serializer.py","4199","False",
"8_tools\EES331_Action_Viewer_v1.0\_internal\torch\utils\_config_module.py","31758","False",
"8_tools\EES331_Action_Viewer_v1.0\_internal\torch\utils\_content_store.py","9568","False",
"8_tools\EES331_Action_Viewer_v1.0\_internal\torch\utils\_contextlib.py","6572","False",
"8_tools\EES331_Action_Viewer_v1.0\_internal\torch\utils\_cpp_embed_headers.py","1815","False",
"8_tools\EES331_Action_Viewer_v1.0\_internal\torch\utils\_cpp_extension_versioner.py","2009","False",
"8_tools\EES331_Action_Viewer_v1.0\_internal\torch\utils\_cxx_pytree.py","40608","False",
"8_tools\EES331_Action_Viewer_v1.0\_internal\torch\utils\_debug_mode.py","52546","False",
"8_tools\EES331_Action_Viewer_v1.0\_internal\torch\utils\_device.py","4120","False",
"8_tools\EES331_Action_Viewer_v1.0\_internal\torch\utils\_dtype_abbrs.py","785","False",
"8_tools\EES331_Action_Viewer_v1.0\_internal\torch\utils\_exposed_in.py","741","False",
"8_tools\EES331_Action_Viewer_v1.0\_internal\torch\utils\_filelock.py","1571","False",
"8_tools\EES331_Action_Viewer_v1.0\_internal\torch\utils\_foreach_utils.py","2469","False",
"8_tools\EES331_Action_Viewer_v1.0\_internal\torch\utils\_functools.py","1657","False",
"8_tools\EES331_Action_Viewer_v1.0\_internal\torch\utils\_get_clean_triton.py","7185","False",
"8_tools\EES331_Action_Viewer_v1.0\_internal\torch\utils\_helion.py","381","False",
"8_tools\EES331_Action_Viewer_v1.0\_internal\torch\utils\_import_utils.py","1211","False",
"8_tools\EES331_Action_Viewer_v1.0\_internal\torch\utils\_mode_utils.py","270","False",
"8_tools\EES331_Action_Viewer_v1.0\_internal\torch\utils\_ordered_set.py","5837","False",
"8_tools\EES331_Action_Viewer_v1.0\_internal\torch\utils\_pallas.py","2786","False",
"8_tools\EES331_Action_Viewer_v1.0\_internal\torch\utils\_python_dispatch.py","38683","False",
"8_tools\EES331_Action_Viewer_v1.0\_internal\torch\utils\_pytree.py","78850","False",
"8_tools\EES331_Action_Viewer_v1.0\_internal\torch\utils\_runtime_estimation.py","4519","False",
"8_tools\EES331_Action_Viewer_v1.0\_internal\torch\utils\_stats.py","1072","False",
"8_tools\EES331_Action_Viewer_v1.0\_internal\torch\utils\_thunk.py","673","False",
"8_tools\EES331_Action_Viewer_v1.0\_internal\torch\utils\_traceback.py","10534","False",
"8_tools\EES331_Action_Viewer_v1.0\_internal\torch\utils\_triton.py","5573","False",
"8_tools\EES331_Action_Viewer_v1.0\_internal\torch\utils\_typing_utils.py","379","False",
"8_tools\EES331_Action_Viewer_v1.0\_internal\torch\utils\_zip.py","2595","False",
"8_tools\EES331_Action_Viewer_v1.0\_internal\torch\utils\backend_registration.py","22599","False",
"8_tools\EES331_Action_Viewer_v1.0\_internal\torch\utils\bundled_inputs.py","23170","False",
"8_tools\EES331_Action_Viewer_v1.0\_internal\torch\utils\checkpoint.py","73910","False",
"8_tools\EES331_Action_Viewer_v1.0\_internal\torch\utils\collect_env.py","32051","False",
"8_tools\EES331_Action_Viewer_v1.0\_internal\torch\utils\cpp_backtrace.py","495","False",
"8_tools\EES331_Action_Viewer_v1.0\_internal\torch\utils\cpp_extension.py","141090","False",
"8_tools\EES331_Action_Viewer_v1.0\_internal\torch\utils\deterministic.py","633","False",
"8_tools\EES331_Action_Viewer_v1.0\_internal\torch\utils\dlpack.py","8693","False",
"8_tools\EES331_Action_Viewer_v1.0\_internal\torch\utils\file_baton.py","2204","False",
"8_tools\EES331_Action_Viewer_v1.0\_internal\torch\utils\flop_counter.py","35280","False",
"8_tools\EES331_Action_Viewer_v1.0\_internal\torch\utils\hooks.py","10470","False",
"8_tools\EES331_Action_Viewer_v1.0\_internal\torch\utils\mkldnn.py","8482","False",
"8_tools\EES331_Action_Viewer_v1.0\_internal\torch\utils\mobile_optimizer.py","6549","False",
"8_tools\EES331_Action_Viewer_v1.0\_internal\torch\utils\model_zoo.py","119","False",
"8_tools\EES331_Action_Viewer_v1.0\_internal\torch\utils\module_tracker.py","5594","False",
"8_tools\EES331_Action_Viewer_v1.0\_internal\torch\utils\show_pickle.py","5610","False",
"8_tools\EES331_Action_Viewer_v1.0\_internal\torch\utils\throughput_benchmark.py","6786","False",
"8_tools\EES331_Action_Viewer_v1.0\_internal\torch\utils\weak.py","12634","False",
"8_tools\EES331_Action_Viewer_v1.0\_internal\torch\xpu\__init__.py","19955","False",
"8_tools\EES331_Action_Viewer_v1.0\_internal\torch\xpu\_gpu_trace.py","2433","False",
"8_tools\EES331_Action_Viewer_v1.0\_internal\torch\xpu\_utils.py","1630","False",
"8_tools\EES331_Action_Viewer_v1.0\_internal\torch\xpu\memory.py","13504","False",
"8_tools\EES331_Action_Viewer_v1.0\_internal\torch\xpu\random.py","5458","False",
"8_tools\EES331_Action_Viewer_v1.0\_internal\torch\xpu\streams.py","6129","False",
"8_tools\EES331_Action_Viewer_v1.0\_internal\torch\__config__.py","596","False",
"8_tools\EES331_Action_Viewer_v1.0\_internal\torch\__future__.py","3260","False",
"8_tools\EES331_Action_Viewer_v1.0\_internal\torch\__init__.py","109848","False",
"8_tools\EES331_Action_Viewer_v1.0\_internal\torch\_appdirs.py","26864","False",
"8_tools\EES331_Action_Viewer_v1.0\_internal\torch\_classes.py","1842","False",
"8_tools\EES331_Action_Viewer_v1.0\_internal\torch\_compile.py","2054","False",
"8_tools\EES331_Action_Viewer_v1.0\_internal\torch\_custom_ops.py","13150","False",
"8_tools\EES331_Action_Viewer_v1.0\_internal\torch\_environment.py","44","False",
"8_tools\EES331_Action_Viewer_v1.0\_internal\torch\_guards.py","48418","False",
"8_tools\EES331_Action_Viewer_v1.0\_internal\torch\_jit_internal.py","55082","False",
"8_tools\EES331_Action_Viewer_v1.0\_internal\torch\_linalg_utils.py","5347","False",
"8_tools\EES331_Action_Viewer_v1.0\_internal\torch\_lobpcg.py","44743","False",
"8_tools\EES331_Action_Viewer_v1.0\_internal\torch\_lowrank.py","10790","False",
"8_tools\EES331_Action_Viewer_v1.0\_internal\torch\_meta_registrations.py","278938","False",
"8_tools\EES331_Action_Viewer_v1.0\_internal\torch\_namedtensor_internals.py","5435","False",
"8_tools\EES331_Action_Viewer_v1.0\_internal\torch\_ops.py","62182","False",
"8_tools\EES331_Action_Viewer_v1.0\_internal\torch\_python_dispatcher.py","7319","False",
"8_tools\EES331_Action_Viewer_v1.0\_internal\torch\_size_docs.py","939","False",
"8_tools\EES331_Action_Viewer_v1.0\_internal\torch\_sources.py","4542","False",
"8_tools\EES331_Action_Viewer_v1.0\_internal\torch\_storage_docs.py","1377","False",
"8_tools\EES331_Action_Viewer_v1.0\_internal\torch\_streambase.py","455","False",
"8_tools\EES331_Action_Viewer_v1.0\_internal\torch\_tensor_docs.py","152261","False",
"8_tools\EES331_Action_Viewer_v1.0\_internal\torch\_tensor_str.py","29111","False",
"8_tools\EES331_Action_Viewer_v1.0\_internal\torch\_tensor.py","78174","False",
"8_tools\EES331_Action_Viewer_v1.0\_internal\torch\_thread_safe_fork.py","0","False",
"8_tools\EES331_Action_Viewer_v1.0\_internal\torch\_torch_docs.py","450000","False",
"8_tools\EES331_Action_Viewer_v1.0\_internal\torch\_utils_internal.py","11932","False",
"8_tools\EES331_Action_Viewer_v1.0\_internal\torch\_utils.py","41959","False",
"8_tools\EES331_Action_Viewer_v1.0\_internal\torch\_VF.py","695","False",
"8_tools\EES331_Action_Viewer_v1.0\_internal\torch\_vmap_internals.py","9671","False",
"8_tools\EES331_Action_Viewer_v1.0\_internal\torch\_weights_only_unpickler.py","23472","False",
"8_tools\EES331_Action_Viewer_v1.0\_internal\torch\functional.py","89464","False",
"8_tools\EES331_Action_Viewer_v1.0\_internal\torch\hub.py","34803","False",
"8_tools\EES331_Action_Viewer_v1.0\_internal\torch\library.py","69272","False",
"8_tools\EES331_Action_Viewer_v1.0\_internal\torch\overrides.py","107776","False",
"8_tools\EES331_Action_Viewer_v1.0\_internal\torch\quasirandom.py","8121","False",
"8_tools\EES331_Action_Viewer_v1.0\_internal\torch\random.py","7506","False",
"8_tools\EES331_Action_Viewer_v1.0\_internal\torch\return_types.py","1536","False",
"8_tools\EES331_Action_Viewer_v1.0\_internal\torch\serialization.py","87618","False",
"8_tools\EES331_Action_Viewer_v1.0\_internal\torch\storage.py","53778","False",
"8_tools\EES331_Action_Viewer_v1.0\_internal\torch\torch_version.py","2596","False",
"8_tools\EES331_Action_Viewer_v1.0\_internal\torch\types.py","3685","False",
"8_tools\EES331_Action_Viewer_v1.0\_internal\torch\version.py","323","False",
"8_tools\EES331_Action_Viewer_v1.0\_internal\torchvision\datasets\__init__.py","3753","False",
"8_tools\EES331_Action_Viewer_v1.0\_internal\torchvision\datasets\_optical_flow.py","21724","False",
"8_tools\EES331_Action_Viewer_v1.0\_internal\torchvision\datasets\_stereo_matching.py","50263","False",
"8_tools\EES331_Action_Viewer_v1.0\_internal\torchvision\datasets\caltech.py","9170","False",
"8_tools\EES331_Action_Viewer_v1.0\_internal\torchvision\datasets\celeba.py","8741","False",
"8_tools\EES331_Action_Viewer_v1.0\_internal\torchvision\datasets\cifar.py","5951","False",
"8_tools\EES331_Action_Viewer_v1.0\_internal\torchvision\datasets\cityscapes.py","10552","False",
"8_tools\EES331_Action_Viewer_v1.0\_internal\torchvision\datasets\clevr.py","3948","False",
"8_tools\EES331_Action_Viewer_v1.0\_internal\torchvision\datasets\coco.py","4456","False",
"8_tools\EES331_Action_Viewer_v1.0\_internal\torchvision\datasets\country211.py","2956","False",
"8_tools\EES331_Action_Viewer_v1.0\_internal\torchvision\datasets\dtd.py","4525","False",
"8_tools\EES331_Action_Viewer_v1.0\_internal\torchvision\datasets\eurosat.py","2832","False",
"8_tools\EES331_Action_Viewer_v1.0\_internal\torchvision\datasets\fakedata.py","2507","False",
"8_tools\EES331_Action_Viewer_v1.0\_internal\torchvision\datasets\fer2013.py","5226","False",
"8_tools\EES331_Action_Viewer_v1.0\_internal\torchvision\datasets\fgvc_aircraft.py","5088","False",
"8_tools\EES331_Action_Viewer_v1.0\_internal\torchvision\datasets\flickr.py","6346","False",
"8_tools\EES331_Action_Viewer_v1.0\_internal\torchvision\datasets\flowers102.py","7706","False",
"8_tools\EES331_Action_Viewer_v1.0\_internal\torchvision\datasets\folder.py","13322","False",
"8_tools\EES331_Action_Viewer_v1.0\_internal\torchvision\datasets\food101.py","4243","False",
"8_tools\EES331_Action_Viewer_v1.0\_internal\torchvision\datasets\gtsrb.py","3881","False",
"8_tools\EES331_Action_Viewer_v1.0\_internal\torchvision\datasets\hmdb51.py","6104","False",
"8_tools\EES331_Action_Viewer_v1.0\_internal\torchvision\datasets\imagenet.py","9144","False",
"8_tools\EES331_Action_Viewer_v1.0\_internal\torchvision\datasets\imagenette.py","4730","False",
"8_tools\EES331_Action_Viewer_v1.0\_internal\torchvision\datasets\inaturalist.py","10547","False",
"8_tools\EES331_Action_Viewer_v1.0\_internal\torchvision\datasets\kinetics.py","10102","False",
"8_tools\EES331_Action_Viewer_v1.0\_internal\torchvision\datasets\kitti.py","5782","False",
"8_tools\EES331_Action_Viewer_v1.0\_internal\torchvision\datasets\lfw.py","11671","False",
"8_tools\EES331_Action_Viewer_v1.0\_internal\torchvision\datasets\lsun.py","5898","False",
"8_tools\EES331_Action_Viewer_v1.0\_internal\torchvision\datasets\mnist.py","22364","False",
"8_tools\EES331_Action_Viewer_v1.0\_internal\torchvision\datasets\moving_mnist.py","3738","False",
"8_tools\EES331_Action_Viewer_v1.0\_internal\torchvision\datasets\omniglot.py","4593","False",
"8_tools\EES331_Action_Viewer_v1.0\_internal\torchvision\datasets\oxford_iiit_pet.py","5831","False",
"8_tools\EES331_Action_Viewer_v1.0\_internal\torchvision\datasets\pcam.py","5412","False",
"8_tools\EES331_Action_Viewer_v1.0\_internal\torchvision\datasets\phototour.py","8085","False",
"8_tools\EES331_Action_Viewer_v1.0\_internal\torchvision\datasets\places365.py","7643","False",
"8_tools\EES331_Action_Viewer_v1.0\_internal\torchvision\datasets\rendered_sst2.py","4046","False",
"8_tools\EES331_Action_Viewer_v1.0\_internal\torchvision\datasets\sbd.py","5533","False",
"8_tools\EES331_Action_Viewer_v1.0\_internal\torchvision\datasets\sbu.py","4578","False",
"8_tools\EES331_Action_Viewer_v1.0\_internal\torchvision\datasets\semeion.py","3191","False",
"8_tools\EES331_Action_Viewer_v1.0\_internal\torchvision\datasets\stanford_cars.py","4386","False",
"8_tools\EES331_Action_Viewer_v1.0\_internal\torchvision\datasets\stl10.py","7401","False",
"8_tools\EES331_Action_Viewer_v1.0\_internal\torchvision\datasets\sun397.py","3257","False",
"8_tools\EES331_Action_Viewer_v1.0\_internal\torchvision\datasets\svhn.py","4951","False",
"8_tools\EES331_Action_Viewer_v1.0\_internal\torchvision\datasets\ucf101.py","5645","False",
"8_tools\EES331_Action_Viewer_v1.0\_internal\torchvision\datasets\usps.py","3605","False",
"8_tools\EES331_Action_Viewer_v1.0\_internal\torchvision\datasets\utils.py","16382","False",
"8_tools\EES331_Action_Viewer_v1.0\_internal\torchvision\datasets\video_utils.py","17613","False",
"8_tools\EES331_Action_Viewer_v1.0\_internal\torchvision\datasets\vision.py","4347","False",
"8_tools\EES331_Action_Viewer_v1.0\_internal\torchvision\datasets\voc.py","9040","False",
"8_tools\EES331_Action_Viewer_v1.0\_internal\torchvision\datasets\widerface.py","8437","False",
"8_tools\EES331_Action_Viewer_v1.0\_internal\torchvision\io\__init__.py","1656","False",
"8_tools\EES331_Action_Viewer_v1.0\_internal\torchvision\io\_load_gpu_decoder.py","186","False",
"8_tools\EES331_Action_Viewer_v1.0\_internal\torchvision\io\_video_deprecation_warning.py","581","False",
"8_tools\EES331_Action_Viewer_v1.0\_internal\torchvision\io\_video_opt.py","21304","False",
"8_tools\EES331_Action_Viewer_v1.0\_internal\torchvision\io\image.py","22223","False",
"8_tools\EES331_Action_Viewer_v1.0\_internal\torchvision\io\video_reader.py","12158","False",
"8_tools\EES331_Action_Viewer_v1.0\_internal\torchvision\io\video.py","18806","False",
"8_tools\EES331_Action_Viewer_v1.0\_internal\torchvision\models\detection\__init__.py","175","False",
"8_tools\EES331_Action_Viewer_v1.0\_internal\torchvision\models\detection\_utils.py","22646","False",
"8_tools\EES331_Action_Viewer_v1.0\_internal\torchvision\models\detection\anchor_utils.py","12121","False",
"8_tools\EES331_Action_Viewer_v1.0\_internal\torchvision\models\detection\backbone_utils.py","10780","False",
"8_tools\EES331_Action_Viewer_v1.0\_internal\torchvision\models\detection\faster_rcnn.py","37812","False",
"8_tools\EES331_Action_Viewer_v1.0\_internal\torchvision\models\detection\fcos.py","34991","False",
"8_tools\EES331_Action_Viewer_v1.0\_internal\torchvision\models\detection\generalized_rcnn.py","5062","False",
"8_tools\EES331_Action_Viewer_v1.0\_internal\torchvision\models\detection\image_list.py","774","False",
"8_tools\EES331_Action_Viewer_v1.0\_internal\torchvision\models\detection\keypoint_rcnn.py","22455","False",
"8_tools\EES331_Action_Viewer_v1.0\_internal\torchvision\models\detection\mask_rcnn.py","27303","False",
"8_tools\EES331_Action_Viewer_v1.0\_internal\torchvision\models\detection\retinanet.py","38184","False",
"8_tools\EES331_Action_Viewer_v1.0\_internal\torchvision\models\detection\roi_heads.py","34699","False",
"8_tools\EES331_Action_Viewer_v1.0\_internal\torchvision\models\detection\rpn.py","16205","False",
"8_tools\EES331_Action_Viewer_v1.0\_internal\torchvision\models\detection\ssd.py","29642","False",
"8_tools\EES331_Action_Viewer_v1.0\_internal\torchvision\models\detection\ssdlite.py","13538","False",
"8_tools\EES331_Action_Viewer_v1.0\_internal\torchvision\models\detection\transform.py","12489","False",
"8_tools\EES331_Action_Viewer_v1.0\_internal\torchvision\models\optical_flow\__init__.py","21","False",
"8_tools\EES331_Action_Viewer_v1.0\_internal\torchvision\models\optical_flow\_utils.py","2125","False",
"8_tools\EES331_Action_Viewer_v1.0\_internal\torchvision\models\optical_flow\raft.py","40938","False",
"8_tools\EES331_Action_Viewer_v1.0\_internal\torchvision\models\quantization\__init__.py","130","False",
"8_tools\EES331_Action_Viewer_v1.0\_internal\torchvision\models\quantization\googlenet.py","8324","False",
"8_tools\EES331_Action_Viewer_v1.0\_internal\torchvision\models\quantization\inception.py","11116","False",
"8_tools\EES331_Action_Viewer_v1.0\_internal\torchvision\models\quantization\mobilenet.py","217","False",
"8_tools\EES331_Action_Viewer_v1.0\_internal\torchvision\models\quantization\mobilenetv2.py","6071","False",
"8_tools\EES331_Action_Viewer_v1.0\_internal\torchvision\models\quantization\mobilenetv3.py","9495","False",
"8_tools\EES331_Action_Viewer_v1.0\_internal\torchvision\models\quantization\resnet.py","18547","False",
"8_tools\EES331_Action_Viewer_v1.0\_internal\torchvision\models\quantization\shufflenetv2.py","17441","False",
"8_tools\EES331_Action_Viewer_v1.0\_internal\torchvision\models\quantization\utils.py","2103","False",
"8_tools\EES331_Action_Viewer_v1.0\_internal\torchvision\models\segmentation\__init__.py","69","False",
"8_tools\EES331_Action_Viewer_v1.0\_internal\torchvision\models\segmentation\_utils.py","1228","False",
"8_tools\EES331_Action_Viewer_v1.0\_internal\torchvision\models\segmentation\deeplabv3.py","15433","False",
"8_tools\EES331_Action_Viewer_v1.0\_internal\torchvision\models\segmentation\fcn.py","9205","False",
"8_tools\EES331_Action_Viewer_v1.0\_internal\torchvision\models\segmentation\lraspp.py","7815","False",
"8_tools\EES331_Action_Viewer_v1.0\_internal\torchvision\models\video\__init__.py","97","False",
"8_tools\EES331_Action_Viewer_v1.0\_internal\torchvision\models\video\mvit.py","33904","False",
"8_tools\EES331_Action_Viewer_v1.0\_internal\torchvision\models\video\resnet.py","17283","False",
"8_tools\EES331_Action_Viewer_v1.0\_internal\torchvision\models\video\s3d.py","8034","False",
"8_tools\EES331_Action_Viewer_v1.0\_internal\torchvision\models\video\swin_transformer.py","28418","False",
"8_tools\EES331_Action_Viewer_v1.0\_internal\torchvision\models\__init__.py","888","False",
"8_tools\EES331_Action_Viewer_v1.0\_internal\torchvision\models\_api.py","10253","False",
"8_tools\EES331_Action_Viewer_v1.0\_internal\torchvision\models\_meta.py","30429","False",
"8_tools\EES331_Action_Viewer_v1.0\_internal\torchvision\models\_utils.py","11136","False",
"8_tools\EES331_Action_Viewer_v1.0\_internal\torchvision\models\alexnet.py","4607","False",
"8_tools\EES331_Action_Viewer_v1.0\_internal\torchvision\models\convnext.py","15762","False",
"8_tools\EES331_Action_Viewer_v1.0\_internal\torchvision\models\densenet.py","17260","False",
"8_tools\EES331_Action_Viewer_v1.0\_internal\torchvision\models\efficientnet.py","44230","False",
"8_tools\EES331_Action_Viewer_v1.0\_internal\torchvision\models\googlenet.py","13138","False",
"8_tools\EES331_Action_Viewer_v1.0\_internal\torchvision\models\inception.py","19316","False",
"8_tools\EES331_Action_Viewer_v1.0\_internal\torchvision\models\maxvit.py","32944","False",
"8_tools\EES331_Action_Viewer_v1.0\_internal\torchvision\models\mnasnet.py","17996","False",
"8_tools\EES331_Action_Viewer_v1.0\_internal\torchvision\models\mobilenet.py","217","False",
"8_tools\EES331_Action_Viewer_v1.0\_internal\torchvision\models\mobilenetv2.py","9964","False",
"8_tools\EES331_Action_Viewer_v1.0\_internal\torchvision\models\mobilenetv3.py","16724","False",
"8_tools\EES331_Action_Viewer_v1.0\_internal\torchvision\models\regnet.py","65105","False",
"8_tools\EES331_Action_Viewer_v1.0\_internal\torchvision\models\resnet.py","39905","False",
"8_tools\EES331_Action_Viewer_v1.0\_internal\torchvision\models\shufflenetv2.py","15846","False",
"8_tools\EES331_Action_Viewer_v1.0\_internal\torchvision\models\squeezenet.py","8986","False",
"8_tools\EES331_Action_Viewer_v1.0\_internal\torchvision\models\swin_transformer.py","40364","False",
"8_tools\EES331_Action_Viewer_v1.0\_internal\torchvision\models\vgg.py","19724","False",
"8_tools\EES331_Action_Viewer_v1.0\_internal\torchvision\models\vision_transformer.py","32988","False",
"8_tools\EES331_Action_Viewer_v1.0\_internal\torchvision\ops\__init__.py","2001","False",
"8_tools\EES331_Action_Viewer_v1.0\_internal\torchvision\ops\_box_convert.py","7188","False",
"8_tools\EES331_Action_Viewer_v1.0\_internal\torchvision\ops\_register_onnx_ops.py","4288","False",
"8_tools\EES331_Action_Viewer_v1.0\_internal\torchvision\ops\_utils.py","3723","False",
"8_tools\EES331_Action_Viewer_v1.0\_internal\torchvision\ops\boxes.py","20735","False",
"8_tools\EES331_Action_Viewer_v1.0\_internal\torchvision\ops\ciou_loss.py","2832","False",
"8_tools\EES331_Action_Viewer_v1.0\_internal\torchvision\ops\deform_conv.py","7178","False",
"8_tools\EES331_Action_Viewer_v1.0\_internal\torchvision\ops\diou_loss.py","3426","False",
"8_tools\EES331_Action_Viewer_v1.0\_internal\torchvision\ops\drop_block.py","6248","False",
"8_tools\EES331_Action_Viewer_v1.0\_internal\torchvision\ops\feature_pyramid_network.py","8933","False",
"8_tools\EES331_Action_Viewer_v1.0\_internal\torchvision\ops\focal_loss.py","2480","False",
"8_tools\EES331_Action_Viewer_v1.0\_internal\torchvision\ops\giou_loss.py","2770","False",
"8_tools\EES331_Action_Viewer_v1.0\_internal\torchvision\ops\misc.py","13907","False",
"8_tools\EES331_Action_Viewer_v1.0\_internal\torchvision\ops\poolers.py","12228","False",
"8_tools\EES331_Action_Viewer_v1.0\_internal\torchvision\ops\ps_roi_align.py","3715","False",
"8_tools\EES331_Action_Viewer_v1.0\_internal\torchvision\ops\ps_roi_pool.py","2940","False",
"8_tools\EES331_Action_Viewer_v1.0\_internal\torchvision\ops\roi_align.py","11608","False",
"8_tools\EES331_Action_Viewer_v1.0\_internal\torchvision\ops\roi_pool.py","3009","False",
"8_tools\EES331_Action_Viewer_v1.0\_internal\torchvision\ops\stochastic_depth.py","2302","False",
"8_tools\EES331_Action_Viewer_v1.0\_internal\torchvision\transforms\v2\functional\__init__.py","4052","False",
"8_tools\EES331_Action_Viewer_v1.0\_internal\torchvision\transforms\v2\functional\_augment.py","3579","False",
"8_tools\EES331_Action_Viewer_v1.0\_internal\torchvision\transforms\v2\functional\_color.py","31117","False",
"8_tools\EES331_Action_Viewer_v1.0\_internal\torchvision\transforms\v2\functional\_deprecated.py","819","False",
"8_tools\EES331_Action_Viewer_v1.0\_internal\torchvision\transforms\v2\functional\_geometry.py","114891","False",
"8_tools\EES331_Action_Viewer_v1.0\_internal\torchvision\transforms\v2\functional\_meta.py","29121","False",
"8_tools\EES331_Action_Viewer_v1.0\_internal\torchvision\transforms\v2\functional\_misc.py","22425","False",
"8_tools\EES331_Action_Viewer_v1.0\_internal\torchvision\transforms\v2\functional\_temporal.py","1163","False",
"8_tools\EES331_Action_Viewer_v1.0\_internal\torchvision\transforms\v2\functional\_type_conversion.py","896","False",
"8_tools\EES331_Action_Viewer_v1.0\_internal\torchvision\transforms\v2\functional\_utils.py","5630","False",
"8_tools\EES331_Action_Viewer_v1.0\_internal\torchvision\transforms\v2\__init__.py","1677","False",
"8_tools\EES331_Action_Viewer_v1.0\_internal\torchvision\transforms\v2\_augment.py","16725","False",
"8_tools\EES331_Action_Viewer_v1.0\_internal\torchvision\transforms\v2\_auto_augment.py","32868","False",
"8_tools\EES331_Action_Viewer_v1.0\_internal\torchvision\transforms\v2\_color.py","17378","False",
"8_tools\EES331_Action_Viewer_v1.0\_internal\torchvision\transforms\v2\_container.py","6516","False",
"8_tools\EES331_Action_Viewer_v1.0\_internal\torchvision\transforms\v2\_deprecated.py","1990","False",
"8_tools\EES331_Action_Viewer_v1.0\_internal\torchvision\transforms\v2\_geometry.py","69141","False",
"8_tools\EES331_Action_Viewer_v1.0\_internal\torchvision\transforms\v2\_meta.py","3246","False",
"8_tools\EES331_Action_Viewer_v1.0\_internal\torchvision\transforms\v2\_misc.py","24677","False",
"8_tools\EES331_Action_Viewer_v1.0\_internal\torchvision\transforms\v2\_temporal.py","925","False",
"8_tools\EES331_Action_Viewer_v1.0\_internal\torchvision\transforms\v2\_transform.py","9510","False",
"8_tools\EES331_Action_Viewer_v1.0\_internal\torchvision\transforms\v2\_type_conversion.py","3245","False",
"8_tools\EES331_Action_Viewer_v1.0\_internal\torchvision\transforms\v2\_utils.py","9541","False",
"8_tools\EES331_Action_Viewer_v1.0\_internal\torchvision\transforms\__init__.py","55","False",
"8_tools\EES331_Action_Viewer_v1.0\_internal\torchvision\transforms\_functional_pil.py","12514","False",
"8_tools\EES331_Action_Viewer_v1.0\_internal\torchvision\transforms\_functional_tensor.py","34888","False",
"8_tools\EES331_Action_Viewer_v1.0\_internal\torchvision\transforms\_presets.py","8721","False",
"8_tools\EES331_Action_Viewer_v1.0\_internal\torchvision\transforms\autoaugment.py","28839","False",
"8_tools\EES331_Action_Viewer_v1.0\_internal\torchvision\transforms\functional.py","69447","False",
"8_tools\EES331_Action_Viewer_v1.0\_internal\torchvision\transforms\transforms.py","88017","False",
"8_tools\EES331_Action_Viewer_v1.0\_internal\torchvision\tv_tensors\__init__.py","1837","False",
"8_tools\EES331_Action_Viewer_v1.0\_internal\torchvision\tv_tensors\_bounding_boxes.py","7902","False",
"8_tools\EES331_Action_Viewer_v1.0\_internal\torchvision\tv_tensors\_dataset_wrapper.py","25171","False",
"8_tools\EES331_Action_Viewer_v1.0\_internal\torchvision\tv_tensors\_image.py","2016","False",
"8_tools\EES331_Action_Viewer_v1.0\_internal\torchvision\tv_tensors\_keypoints.py","4686","False",
"8_tools\EES331_Action_Viewer_v1.0\_internal\torchvision\tv_tensors\_mask.py","1486","False",
"8_tools\EES331_Action_Viewer_v1.0\_internal\torchvision\tv_tensors\_torch_function_helpers.py","2402","False",
"8_tools\EES331_Action_Viewer_v1.0\_internal\torchvision\tv_tensors\_tv_tensor.py","6354","False",
"8_tools\EES331_Action_Viewer_v1.0\_internal\torchvision\tv_tensors\_video.py","1422","False",
"8_tools\EES331_Action_Viewer_v1.0\_internal\torchvision\__init__.py","3639","False",
"8_tools\EES331_Action_Viewer_v1.0\_internal\torchvision\_internally_replaced_utils.py","1458","False",
"8_tools\EES331_Action_Viewer_v1.0\_internal\torchvision\_meta_registrations.py","7433","False",
"8_tools\EES331_Action_Viewer_v1.0\_internal\torchvision\_utils.py","988","False",
"8_tools\EES331_Action_Viewer_v1.0\_internal\torchvision\extension.py","3233","False",
"8_tools\EES331_Action_Viewer_v1.0\_internal\torchvision\utils.py","35361","False",
"8_tools\EES331_Action_Viewer_v1.0\_internal\torchvision\version.py","206","False",
"8_tools\EES331_Action_Viewer_v1.0\_internal\ultralytics\cfg\__init__.py","48351","False",
"8_tools\EES331_Action_Viewer_v1.0\_internal\ultralytics\data\__init__.py","702","False",
"8_tools\EES331_Action_Viewer_v1.0\_internal\ultralytics\data\augment.py","144657","False",
"8_tools\EES331_Action_Viewer_v1.0\_internal\ultralytics\data\base.py","22162","False",
"8_tools\EES331_Action_Viewer_v1.0\_internal\ultralytics\data\build.py","19283","False",
"8_tools\EES331_Action_Viewer_v1.0\_internal\ultralytics\data\converter.py","47111","False",
"8_tools\EES331_Action_Viewer_v1.0\_internal\ultralytics\data\dataset.py","57717","False",
"8_tools\EES331_Action_Viewer_v1.0\_internal\ultralytics\data\loaders.py","34629","False",
"8_tools\EES331_Action_Viewer_v1.0\_internal\ultralytics\data\split.py","5274","False",
"8_tools\EES331_Action_Viewer_v1.0\_internal\ultralytics\data\utils.py","39253","False",
"8_tools\EES331_Action_Viewer_v1.0\_internal\ultralytics\engine\__init__.py","70","False",
"8_tools\EES331_Action_Viewer_v1.0\_internal\ultralytics\engine\exporter.py","94805","False",
"8_tools\EES331_Action_Viewer_v1.0\_internal\ultralytics\engine\model.py","60164","False",
"8_tools\EES331_Action_Viewer_v1.0\_internal\ultralytics\engine\predictor.py","26562","False",
"8_tools\EES331_Action_Viewer_v1.0\_internal\ultralytics\engine\results.py","74503","False",
"8_tools\EES331_Action_Viewer_v1.0\_internal\ultralytics\engine\trainer.py","67646","False",
"8_tools\EES331_Action_Viewer_v1.0\_internal\ultralytics\engine\tuner.py","29414","False",
"8_tools\EES331_Action_Viewer_v1.0\_internal\ultralytics\engine\validator.py","19938","False",
"8_tools\EES331_Action_Viewer_v1.0\_internal\ultralytics\models\fastsam\__init__.py","231","False",
"8_tools\EES331_Action_Viewer_v1.0\_internal\ultralytics\models\fastsam\model.py","3434","False",
"8_tools\EES331_Action_Viewer_v1.0\_internal\ultralytics\models\fastsam\predict.py","9322","False",
"8_tools\EES331_Action_Viewer_v1.0\_internal\ultralytics\models\fastsam\utils.py","879","False",
"8_tools\EES331_Action_Viewer_v1.0\_internal\ultralytics\models\fastsam\val.py","2091","False",
"8_tools\EES331_Action_Viewer_v1.0\_internal\ultralytics\models\nas\__init__.py","207","False",
"8_tools\EES331_Action_Viewer_v1.0\_internal\ultralytics\models\nas\model.py","3599","False",
"8_tools\EES331_Action_Viewer_v1.0\_internal\ultralytics\models\nas\predict.py","2692","False",
"8_tools\EES331_Action_Viewer_v1.0\_internal\ultralytics\models\nas\val.py","1543","False",
"8_tools\EES331_Action_Viewer_v1.0\_internal\ultralytics\models\rtdetr\__init__.py","225","False",
"8_tools\EES331_Action_Viewer_v1.0\_internal\ultralytics\models\rtdetr\model.py","2269","False",
"8_tools\EES331_Action_Viewer_v1.0\_internal\ultralytics\models\rtdetr\predict.py","3969","False",
"8_tools\EES331_Action_Viewer_v1.0\_internal\ultralytics\models\rtdetr\train.py","3858","False",
"8_tools\EES331_Action_Viewer_v1.0\_internal\ultralytics\models\rtdetr\val.py","8062","False",
"8_tools\EES331_Action_Viewer_v1.0\_internal\ultralytics\models\sam\modules\__init__.py","70","False",
"8_tools\EES331_Action_Viewer_v1.0\_internal\ultralytics\models\sam\modules\blocks.py","44175","False",
"8_tools\EES331_Action_Viewer_v1.0\_internal\ultralytics\models\sam\modules\decoders.py","25045","False",
"8_tools\EES331_Action_Viewer_v1.0\_internal\ultralytics\models\sam\modules\encoders.py","35520","False",
"8_tools\EES331_Action_Viewer_v1.0\_internal\ultralytics\models\sam\modules\memory_attention.py","13287","False",
"8_tools\EES331_Action_Viewer_v1.0\_internal\ultralytics\models\sam\modules\sam.py","61669","False",
"8_tools\EES331_Action_Viewer_v1.0\_internal\ultralytics\models\sam\modules\tiny_encoder.py","42400","False",
"8_tools\EES331_Action_Viewer_v1.0\_internal\ultralytics\models\sam\modules\transformer.py","14884","False",
"8_tools\EES331_Action_Viewer_v1.0\_internal\ultralytics\models\sam\modules\utils.py","21371","False",
"8_tools\EES331_Action_Viewer_v1.0\_internal\ultralytics\models\sam\sam3\__init__.py","144","False",
"8_tools\EES331_Action_Viewer_v1.0\_internal\ultralytics\models\sam\sam3\decoder.py","23022","False",
"8_tools\EES331_Action_Viewer_v1.0\_internal\ultralytics\models\sam\sam3\encoder.py","21767","False",
"8_tools\EES331_Action_Viewer_v1.0\_internal\ultralytics\models\sam\sam3\geometry_encoders.py","17666","False",
"8_tools\EES331_Action_Viewer_v1.0\_internal\ultralytics\models\sam\sam3\maskformer_segmentation.py","10725","False",
"8_tools\EES331_Action_Viewer_v1.0\_internal\ultralytics\models\sam\sam3\model_misc.py","7906","False",
"8_tools\EES331_Action_Viewer_v1.0\_internal\ultralytics\models\sam\sam3\necks.py","4766","False",
"8_tools\EES331_Action_Viewer_v1.0\_internal\ultralytics\models\sam\sam3\sam3_image.py","13487","False",
"8_tools\EES331_Action_Viewer_v1.0\_internal\ultralytics\models\sam\sam3\text_encoder_ve.py","12251","False",
"8_tools\EES331_Action_Viewer_v1.0\_internal\ultralytics\models\sam\sam3\vitdet.py","22103","False",
"8_tools\EES331_Action_Viewer_v1.0\_internal\ultralytics\models\sam\sam3\vl_combiner.py","6997","False",
"8_tools\EES331_Action_Viewer_v1.0\_internal\ultralytics\models\sam\__init__.py","592","False",
"8_tools\EES331_Action_Viewer_v1.0\_internal\ultralytics\models\sam\amg.py","11786","False",
"8_tools\EES331_Action_Viewer_v1.0\_internal\ultralytics\models\sam\build_sam3.py","12210","False",
"8_tools\EES331_Action_Viewer_v1.0\_internal\ultralytics\models\sam\build.py","12865","False",
"8_tools\EES331_Action_Viewer_v1.0\_internal\ultralytics\models\sam\model.py","7407","False",
"8_tools\EES331_Action_Viewer_v1.0\_internal\ultralytics\models\sam\predict.py","205571","False",
"8_tools\EES331_Action_Viewer_v1.0\_internal\ultralytics\models\utils\__init__.py","70","False",
"8_tools\EES331_Action_Viewer_v1.0\_internal\ultralytics\models\utils\loss.py","20909","False",
"8_tools\EES331_Action_Viewer_v1.0\_internal\ultralytics\models\utils\ops.py","16137","False",
"8_tools\EES331_Action_Viewer_v1.0\_internal\ultralytics\models\yolo\classify\__init__.py","383","False",
"8_tools\EES331_Action_Viewer_v1.0\_internal\ultralytics\models\yolo\classify\predict.py","5102","False",
"8_tools\EES331_Action_Viewer_v1.0\_internal\ultralytics\models\yolo\classify\train.py","9534","False",
"8_tools\EES331_Action_Viewer_v1.0\_internal\ultralytics\models\yolo\classify\val.py","10603","False",
"8_tools\EES331_Action_Viewer_v1.0\_internal\ultralytics\models\yolo\depth\__init__.py","233","False",
"8_tools\EES331_Action_Viewer_v1.0\_internal\ultralytics\models\yolo\depth\calibrate.py","15538","False",
"8_tools\EES331_Action_Viewer_v1.0\_internal\ultralytics\models\yolo\depth\predict.py","2162","False",
"8_tools\EES331_Action_Viewer_v1.0\_internal\ultralytics\models\yolo\depth\train.py","7599","False",
"8_tools\EES331_Action_Viewer_v1.0\_internal\ultralytics\models\yolo\depth\val.py","5572","False",
"8_tools\EES331_Action_Viewer_v1.0\_internal\ultralytics\models\yolo\detect\__init__.py","257","False",
"8_tools\EES331_Action_Viewer_v1.0\_internal\ultralytics\models\yolo\detect\predict.py","5474","False",
"8_tools\EES331_Action_Viewer_v1.0\_internal\ultralytics\models\yolo\detect\train.py","12440","False",
"8_tools\EES331_Action_Viewer_v1.0\_internal\ultralytics\models\yolo\detect\val.py","28555","False",
"8_tools\EES331_Action_Viewer_v1.0\_internal\ultralytics\models\yolo\obb\__init__.py","221","False",
"8_tools\EES331_Action_Viewer_v1.0\_internal\ultralytics\models\yolo\obb\predict.py","2634","False",
"8_tools\EES331_Action_Viewer_v1.0\_internal\ultralytics\models\yolo\obb\train.py","3381","False",
"8_tools\EES331_Action_Viewer_v1.0\_internal\ultralytics\models\yolo\obb\val.py","14592","False",
"8_tools\EES331_Action_Viewer_v1.0\_internal\ultralytics\models\yolo\pose\__init__.py","227","False",
"8_tools\EES331_Action_Viewer_v1.0\_internal\ultralytics\models\yolo\pose\predict.py","3175","False",
"8_tools\EES331_Action_Viewer_v1.0\_internal\ultralytics\models\yolo\pose\train.py","4813","False",
"8_tools\EES331_Action_Viewer_v1.0\_internal\ultralytics\models\yolo\pose\val.py","12489","False",
"8_tools\EES331_Action_Viewer_v1.0\_internal\ultralytics\models\yolo\segment\__init__.py","275","False",
"8_tools\EES331_Action_Viewer_v1.0\_internal\ultralytics\models\yolo\segment\predict.py","5556","False",
"8_tools\EES331_Action_Viewer_v1.0\_internal\ultralytics\models\yolo\segment\train.py","3043","False",
"8_tools\EES331_Action_Viewer_v1.0\_internal\ultralytics\models\yolo\segment\val.py","13527","False",
"8_tools\EES331_Action_Viewer_v1.0\_internal\ultralytics\models\yolo\semantic\__init__.py","323","False",
"8_tools\EES331_Action_Viewer_v1.0\_internal\ultralytics\models\yolo\semantic\predict.py","4133","False",
"8_tools\EES331_Action_Viewer_v1.0\_internal\ultralytics\models\yolo\semantic\train.py","6317","False",
"8_tools\EES331_Action_Viewer_v1.0\_internal\ultralytics\models\yolo\semantic\val.py","8556","False",
"8_tools\EES331_Action_Viewer_v1.0\_internal\ultralytics\models\yolo\world\__init__.py","181","False",
"8_tools\EES331_Action_Viewer_v1.0\_internal\ultralytics\models\yolo\world\train_world.py","9436","False",
"8_tools\EES331_Action_Viewer_v1.0\_internal\ultralytics\models\yolo\world\train.py","8162","False",
"8_tools\EES331_Action_Viewer_v1.0\_internal\ultralytics\models\yolo\world\val.py","2329","False",
"8_tools\EES331_Action_Viewer_v1.0\_internal\ultralytics\models\yolo\yoloe\__init__.py","760","False",
"8_tools\EES331_Action_Viewer_v1.0\_internal\ultralytics\models\yolo\yoloe\predict.py","5854","False",
"8_tools\EES331_Action_Viewer_v1.0\_internal\ultralytics\models\yolo\yoloe\train_seg.py","905","False",
"8_tools\EES331_Action_Viewer_v1.0\_internal\ultralytics\models\yolo\yoloe\train.py","12939","False",
"8_tools\EES331_Action_Viewer_v1.0\_internal\ultralytics\models\yolo\yoloe\val.py","9229","False",
"8_tools\EES331_Action_Viewer_v1.0\_internal\ultralytics\models\yolo\__init__.py","398","False",
"8_tools\EES331_Action_Viewer_v1.0\_internal\ultralytics\models\yolo\model.py","26484","False",
"8_tools\EES331_Action_Viewer_v1.0\_internal\ultralytics\models\__init__.py","670","False",
"8_tools\EES331_Action_Viewer_v1.0\_internal\ultralytics\models\llm.py","7685","False",
"8_tools\EES331_Action_Viewer_v1.0\_internal\ultralytics\nn\backends\__init__.py","1606","False",
"8_tools\EES331_Action_Viewer_v1.0\_internal\ultralytics\nn\backends\ascend.py","2315","False",
"8_tools\EES331_Action_Viewer_v1.0\_internal\ultralytics\nn\backends\axelera.py","2641","False",
"8_tools\EES331_Action_Viewer_v1.0\_internal\ultralytics\nn\backends\base.py","10175","False",
"8_tools\EES331_Action_Viewer_v1.0\_internal\ultralytics\nn\backends\coreai.py","2392","False",
"8_tools\EES331_Action_Viewer_v1.0\_internal\ultralytics\nn\backends\coreml.py","3115","False",
"8_tools\EES331_Action_Viewer_v1.0\_internal\ultralytics\nn\backends\deepx.py","2629","False",
"8_tools\EES331_Action_Viewer_v1.0\_internal\ultralytics\nn\backends\executorch.py","1569","False",
"8_tools\EES331_Action_Viewer_v1.0\_internal\ultralytics\nn\backends\hailo.py","11555","False",
"8_tools\EES331_Action_Viewer_v1.0\_internal\ultralytics\nn\backends\litert.py","5389","False",
"8_tools\EES331_Action_Viewer_v1.0\_internal\ultralytics\nn\backends\mnn.py","2220","False",
"8_tools\EES331_Action_Viewer_v1.0\_internal\ultralytics\nn\backends\ncnn.py","2390","False",
"8_tools\EES331_Action_Viewer_v1.0\_internal\ultralytics\nn\backends\onnx.py","10016","False",
"8_tools\EES331_Action_Viewer_v1.0\_internal\ultralytics\nn\backends\openvino.py","5695","False",
"8_tools\EES331_Action_Viewer_v1.0\_internal\ultralytics\nn\backends\paddle.py","2844","False",
"8_tools\EES331_Action_Viewer_v1.0\_internal\ultralytics\nn\backends\pytorch.py","5779","False",
"8_tools\EES331_Action_Viewer_v1.0\_internal\ultralytics\nn\backends\qnn.py","3311","False",
"8_tools\EES331_Action_Viewer_v1.0\_internal\ultralytics\nn\backends\rknn.py","2863","False",
"8_tools\EES331_Action_Viewer_v1.0\_internal\ultralytics\nn\backends\tensorflow.py","7062","False",
"8_tools\EES331_Action_Viewer_v1.0\_internal\ultralytics\nn\backends\tensorrt.py","5769","False",
"8_tools\EES331_Action_Viewer_v1.0\_internal\ultralytics\nn\backends\triton.py","1463","False",
"8_tools\EES331_Action_Viewer_v1.0\_internal\ultralytics\nn\modules\__init__.py","3390","False",
"8_tools\EES331_Action_Viewer_v1.0\_internal\ultralytics\nn\modules\activation.py","2218","False",
"8_tools\EES331_Action_Viewer_v1.0\_internal\ultralytics\nn\modules\block.py","75557","False",
"8_tools\EES331_Action_Viewer_v1.0\_internal\ultralytics\nn\modules\conv.py","21132","False",
"8_tools\EES331_Action_Viewer_v1.0\_internal\ultralytics\nn\modules\head.py","84505","False",
"8_tools\EES331_Action_Viewer_v1.0\_internal\ultralytics\nn\modules\transformer.py","32778","False",
"8_tools\EES331_Action_Viewer_v1.0\_internal\ultralytics\nn\modules\utils.py","4939","False",
"8_tools\EES331_Action_Viewer_v1.0\_internal\ultralytics\nn\__init__.py","545","False",
"8_tools\EES331_Action_Viewer_v1.0\_internal\ultralytics\nn\autobackend.py","18079","False",
"8_tools\EES331_Action_Viewer_v1.0\_internal\ultralytics\nn\distill_model.py","14204","False",
"8_tools\EES331_Action_Viewer_v1.0\_internal\ultralytics\nn\tasks.py","98107","False",
"8_tools\EES331_Action_Viewer_v1.0\_internal\ultralytics\nn\text_model.py","15402","False",
"8_tools\EES331_Action_Viewer_v1.0\_internal\ultralytics\optim\__init__.py","116","False",
"8_tools\EES331_Action_Viewer_v1.0\_internal\ultralytics\optim\muon.py","12200","False",
"8_tools\EES331_Action_Viewer_v1.0\_internal\ultralytics\solutions\__init__.py","1209","False",
"8_tools\EES331_Action_Viewer_v1.0\_internal\ultralytics\solutions\ai_gym.py","6095","False",
"8_tools\EES331_Action_Viewer_v1.0\_internal\ultralytics\solutions\analytics.py","12714","False",
"8_tools\EES331_Action_Viewer_v1.0\_internal\ultralytics\solutions\config.py","6053","False",
"8_tools\EES331_Action_Viewer_v1.0\_internal\ultralytics\solutions\distance_calculation.py","6020","False",
"8_tools\EES331_Action_Viewer_v1.0\_internal\ultralytics\solutions\heatmap.py","5719","False",
"8_tools\EES331_Action_Viewer_v1.0\_internal\ultralytics\solutions\instance_segmentation.py","3786","False",
"8_tools\EES331_Action_Viewer_v1.0\_internal\ultralytics\solutions\object_blurrer.py","4200","False",
"8_tools\EES331_Action_Viewer_v1.0\_internal\ultralytics\solutions\object_counter.py","10270","False",
"8_tools\EES331_Action_Viewer_v1.0\_internal\ultralytics\solutions\object_cropper.py","3551","False",
"8_tools\EES331_Action_Viewer_v1.0\_internal\ultralytics\solutions\parking_management.py","13815","False",
"8_tools\EES331_Action_Viewer_v1.0\_internal\ultralytics\solutions\queue_management.py","4393","False",
"8_tools\EES331_Action_Viewer_v1.0\_internal\ultralytics\solutions\region_counter.py","6428","False",
"8_tools\EES331_Action_Viewer_v1.0\_internal\ultralytics\solutions\security_alarm.py","6273","False",
"8_tools\EES331_Action_Viewer_v1.0\_internal\ultralytics\solutions\similarity_search.py","9907","False",
"8_tools\EES331_Action_Viewer_v1.0\_internal\ultralytics\solutions\solutions.py","39011","False",
"8_tools\EES331_Action_Viewer_v1.0\_internal\ultralytics\solutions\speed_estimation.py","6276","False",
"8_tools\EES331_Action_Viewer_v1.0\_internal\ultralytics\solutions\streamlit_inference.py","13099","False",
"8_tools\EES331_Action_Viewer_v1.0\_internal\ultralytics\solutions\trackzone.py","3910","False",
"8_tools\EES331_Action_Viewer_v1.0\_internal\ultralytics\solutions\vision_eye.py","3006","False",
"8_tools\EES331_Action_Viewer_v1.0\_internal\ultralytics\trackers\utils\__init__.py","70","False",
"8_tools\EES331_Action_Viewer_v1.0\_internal\ultralytics\trackers\utils\gmc.py","14176","False",
"8_tools\EES331_Action_Viewer_v1.0\_internal\ultralytics\trackers\utils\kalman_filter.py","21785","False",
"8_tools\EES331_Action_Viewer_v1.0\_internal\ultralytics\trackers\utils\matching.py","7818","False",
"8_tools\EES331_Action_Viewer_v1.0\_internal\ultralytics\trackers\utils\reid.py","8107","False",
"8_tools\EES331_Action_Viewer_v1.0\_internal\ultralytics\trackers\utils\stracks.py","7980","False",
"8_tools\EES331_Action_Viewer_v1.0\_internal\ultralytics\trackers\__init__.py","482","False",
"8_tools\EES331_Action_Viewer_v1.0\_internal\ultralytics\trackers\basetrack.py","3752","False",
"8_tools\EES331_Action_Viewer_v1.0\_internal\ultralytics\trackers\bot_sort.py","10020","False",
"8_tools\EES331_Action_Viewer_v1.0\_internal\ultralytics\trackers\byte_tracker.py","23745","False",
"8_tools\EES331_Action_Viewer_v1.0\_internal\ultralytics\trackers\deep_oc_sort.py","11845","False",
"8_tools\EES331_Action_Viewer_v1.0\_internal\ultralytics\trackers\fast_tracker.py","17560","False",
"8_tools\EES331_Action_Viewer_v1.0\_internal\ultralytics\trackers\oc_sort.py","15550","False",
"8_tools\EES331_Action_Viewer_v1.0\_internal\ultralytics\trackers\track_tracker.py","27910","False",
"8_tools\EES331_Action_Viewer_v1.0\_internal\ultralytics\trackers\track.py","6468","False",
"8_tools\EES331_Action_Viewer_v1.0\_internal\ultralytics\utils\callbacks\__init__.py","242","False",
"8_tools\EES331_Action_Viewer_v1.0\_internal\ultralytics\utils\callbacks\base.py","7022","False",
"8_tools\EES331_Action_Viewer_v1.0\_internal\ultralytics\utils\callbacks\clearml.py","5902","False",
"8_tools\EES331_Action_Viewer_v1.0\_internal\ultralytics\utils\callbacks\comet.py","25128","False",
"8_tools\EES331_Action_Viewer_v1.0\_internal\ultralytics\utils\callbacks\dvc.py","7494","False",
"8_tools\EES331_Action_Viewer_v1.0\_internal\ultralytics\utils\callbacks\mlflow.py","6676","False",
"8_tools\EES331_Action_Viewer_v1.0\_internal\ultralytics\utils\callbacks\platform.py","19519","False",
"8_tools\EES331_Action_Viewer_v1.0\_internal\ultralytics\utils\callbacks\raytune.py","1297","False",
"8_tools\EES331_Action_Viewer_v1.0\_internal\ultralytics\utils\callbacks\tensorboard.py","5081","False",
"8_tools\EES331_Action_Viewer_v1.0\_internal\ultralytics\utils\callbacks\wb.py","8211","False",
"8_tools\EES331_Action_Viewer_v1.0\_internal\ultralytics\utils\export\__init__.py","1022","False",
"8_tools\EES331_Action_Viewer_v1.0\_internal\ultralytics\utils\export\ascend.py","2840","False",
"8_tools\EES331_Action_Viewer_v1.0\_internal\ultralytics\utils\export\axelera.py","5865","False",
"8_tools\EES331_Action_Viewer_v1.0\_internal\ultralytics\utils\export\coreai.py","2841","False",
"8_tools\EES331_Action_Viewer_v1.0\_internal\ultralytics\utils\export\coreml.py","12083","False",
"8_tools\EES331_Action_Viewer_v1.0\_internal\ultralytics\utils\export\deepx.py","2824","False",
"8_tools\EES331_Action_Viewer_v1.0\_internal\ultralytics\utils\export\engine.py","20880","False",
"8_tools\EES331_Action_Viewer_v1.0\_internal\ultralytics\utils\export\executorch.py","2829","False",
"8_tools\EES331_Action_Viewer_v1.0\_internal\ultralytics\utils\export\imx.py","15243","False",
"8_tools\EES331_Action_Viewer_v1.0\_internal\ultralytics\utils\export\litert.py","7120","False",
"8_tools\EES331_Action_Viewer_v1.0\_internal\ultralytics\utils\export\mnn.py","1892","False",
"8_tools\EES331_Action_Viewer_v1.0\_internal\ultralytics\utils\export\ncnn.py","2587","False",
"8_tools\EES331_Action_Viewer_v1.0\_internal\ultralytics\utils\export\onnx.py","2456","False",
"8_tools\EES331_Action_Viewer_v1.0\_internal\ultralytics\utils\export\openvino.py","3449","False",
"8_tools\EES331_Action_Viewer_v1.0\_internal\ultralytics\utils\export\paddle.py","2567","False",
"8_tools\EES331_Action_Viewer_v1.0\_internal\ultralytics\utils\export\qnn.py","8039","False",
"8_tools\EES331_Action_Viewer_v1.0\_internal\ultralytics\utils\export\rknn.py","3598","False",
"8_tools\EES331_Action_Viewer_v1.0\_internal\ultralytics\utils\export\tensorflow.py","13155","False",
"8_tools\EES331_Action_Viewer_v1.0\_internal\ultralytics\utils\export\torchscript.py","1228","False",
"8_tools\EES331_Action_Viewer_v1.0\_internal\ultralytics\utils\__init__.py","60560","False",
"8_tools\EES331_Action_Viewer_v1.0\_internal\ultralytics\utils\autobatch.py","6255","False",
"8_tools\EES331_Action_Viewer_v1.0\_internal\ultralytics\utils\autodevice.py","9329","False",
"8_tools\EES331_Action_Viewer_v1.0\_internal\ultralytics\utils\benchmarks.py","29089","False",
"8_tools\EES331_Action_Viewer_v1.0\_internal\ultralytics\utils\checks.py","48030","False",
"8_tools\EES331_Action_Viewer_v1.0\_internal\ultralytics\utils\cpu.py","4372","False",
"8_tools\EES331_Action_Viewer_v1.0\_internal\ultralytics\utils\dist.py","5660","False",
"8_tools\EES331_Action_Viewer_v1.0\_internal\ultralytics\utils\downloads.py","27562","False",
"8_tools\EES331_Action_Viewer_v1.0\_internal\ultralytics\utils\events.py","12168","False",
"8_tools\EES331_Action_Viewer_v1.0\_internal\ultralytics\utils\files.py","8371","False",
"8_tools\EES331_Action_Viewer_v1.0\_internal\ultralytics\utils\git.py","6911","False",
"8_tools\EES331_Action_Viewer_v1.0\_internal\ultralytics\utils\instance.py","21382","False",
"8_tools\EES331_Action_Viewer_v1.0\_internal\ultralytics\utils\logger.py","25576","False",
"8_tools\EES331_Action_Viewer_v1.0\_internal\ultralytics\utils\loss.py","71880","False",
"8_tools\EES331_Action_Viewer_v1.0\_internal\ultralytics\utils\metrics.py","90284","False",
"8_tools\EES331_Action_Viewer_v1.0\_internal\ultralytics\utils\nms.py","12949","False",
"8_tools\EES331_Action_Viewer_v1.0\_internal\ultralytics\utils\ops.py","34578","False",
"8_tools\EES331_Action_Viewer_v1.0\_internal\ultralytics\utils\patches.py","10413","False",
"8_tools\EES331_Action_Viewer_v1.0\_internal\ultralytics\utils\plotting.py","68137","False",
"8_tools\EES331_Action_Viewer_v1.0\_internal\ultralytics\utils\tal.py","25375","False",
"8_tools\EES331_Action_Viewer_v1.0\_internal\ultralytics\utils\torch_utils.py","49189","False",
"8_tools\EES331_Action_Viewer_v1.0\_internal\ultralytics\utils\tqdm.py","18189","False",
"8_tools\EES331_Action_Viewer_v1.0\_internal\ultralytics\utils\triton.py","5215","False",
"8_tools\EES331_Action_Viewer_v1.0\_internal\ultralytics\utils\tuner.py","21514","False",
"8_tools\EES331_Action_Viewer_v1.0\_internal\ultralytics\utils\uploads.py","3864","False",
"8_tools\EES331_Action_Viewer_v1.0\_internal\ultralytics\__init__.py","1855","False",
"8_tools\EES331_Action_Viewer_v1.0\使用说明.md","2672","True","2672"
"8_tools\EES331_Action_Viewer_v1.0\EES331_Action_Viewer.exe","42392732","False",
"8_tools\EES331_Action_Viewer_v1.0\Start_Action_Verification.ps1","711","True","711"
"8_tools\EES331_BLE_Console_v1.0\_internal\_tcl_data\http1.0\http.tcl","10052","False",
"8_tools\EES331_BLE_Console_v1.0\_internal\_tcl_data\http1.0\pkgIndex.tcl","746","False",
"8_tools\EES331_BLE_Console_v1.0\_internal\_tcl_data\opt0.4\optparse.tcl","33781","False",
"8_tools\EES331_BLE_Console_v1.0\_internal\_tcl_data\opt0.4\pkgIndex.tcl","636","False",
"8_tools\EES331_BLE_Console_v1.0\_internal\_tcl_data\auto.tcl","21578","False",
"8_tools\EES331_BLE_Console_v1.0\_internal\_tcl_data\clock.tcl","133009","False",
"8_tools\EES331_BLE_Console_v1.0\_internal\_tcl_data\history.tcl","8236","False",
"8_tools\EES331_BLE_Console_v1.0\_internal\_tcl_data\init.tcl","25722","False",
"8_tools\EES331_BLE_Console_v1.0\_internal\_tcl_data\package.tcl","23983","False",
"8_tools\EES331_BLE_Console_v1.0\_internal\_tcl_data\parray.tcl","844","False",
"8_tools\EES331_BLE_Console_v1.0\_internal\_tcl_data\safe.tcl","42328","False",
"8_tools\EES331_BLE_Console_v1.0\_internal\_tcl_data\tm.tcl","12236","False",
"8_tools\EES331_BLE_Console_v1.0\_internal\_tcl_data\word.tcl","5051","False",
"8_tools\EES331_BLE_Console_v1.0\_internal\_tk_data\ttk\altTheme.tcl","4901","False",
"8_tools\EES331_BLE_Console_v1.0\_internal\_tk_data\ttk\aquaTheme.tcl","3809","False",
"8_tools\EES331_BLE_Console_v1.0\_internal\_tk_data\ttk\button.tcl","3014","False",
"8_tools\EES331_BLE_Console_v1.0\_internal\_tk_data\ttk\clamTheme.tcl","5858","False",
"8_tools\EES331_BLE_Console_v1.0\_internal\_tk_data\ttk\classicTheme.tcl","4354","False",
"8_tools\EES331_BLE_Console_v1.0\_internal\_tk_data\ttk\combobox.tcl","12708","False",
"8_tools\EES331_BLE_Console_v1.0\_internal\_tk_data\ttk\cursors.tcl","4674","False",
"8_tools\EES331_BLE_Console_v1.0\_internal\_tk_data\ttk\defaults.tcl","5004","False",
"8_tools\EES331_BLE_Console_v1.0\_internal\_tk_data\ttk\entry.tcl","18006","False",
"8_tools\EES331_BLE_Console_v1.0\_internal\_tk_data\ttk\fonts.tcl","5639","False",
"8_tools\EES331_BLE_Console_v1.0\_internal\_tk_data\ttk\menubutton.tcl","6408","False",
"8_tools\EES331_BLE_Console_v1.0\_internal\_tk_data\ttk\notebook.tcl","5863","False",
"8_tools\EES331_BLE_Console_v1.0\_internal\_tk_data\ttk\panedwindow.tcl","2161","False",
"8_tools\EES331_BLE_Console_v1.0\_internal\_tk_data\ttk\progress.tcl","1138","False",
"8_tools\EES331_BLE_Console_v1.0\_internal\_tk_data\ttk\scale.tcl","2787","False",
"8_tools\EES331_BLE_Console_v1.0\_internal\_tk_data\ttk\scrollbar.tcl","3284","False",
"8_tools\EES331_BLE_Console_v1.0\_internal\_tk_data\ttk\sizegrip.tcl","2502","False",
"8_tools\EES331_BLE_Console_v1.0\_internal\_tk_data\ttk\spinbox.tcl","5003","False",
"8_tools\EES331_BLE_Console_v1.0\_internal\_tk_data\ttk\treeview.tcl","10180","False",
"8_tools\EES331_BLE_Console_v1.0\_internal\_tk_data\ttk\ttk.tcl","5509","False",
"8_tools\EES331_BLE_Console_v1.0\_internal\_tk_data\ttk\utils.tcl","8621","False",
"8_tools\EES331_BLE_Console_v1.0\_internal\_tk_data\ttk\vistaTheme.tcl","10692","False",
"8_tools\EES331_BLE_Console_v1.0\_internal\_tk_data\ttk\winTheme.tcl","3848","False",
"8_tools\EES331_BLE_Console_v1.0\_internal\_tk_data\ttk\xpTheme.tcl","3090","False",
"8_tools\EES331_BLE_Console_v1.0\_internal\_tk_data\bgerror.tcl","8806","False",
"8_tools\EES331_BLE_Console_v1.0\_internal\_tk_data\button.tcl","21612","False",
"8_tools\EES331_BLE_Console_v1.0\_internal\_tk_data\choosedir.tcl","10009","False",
"8_tools\EES331_BLE_Console_v1.0\_internal\_tk_data\clrpick.tcl","22039","False",
"8_tools\EES331_BLE_Console_v1.0\_internal\_tk_data\comdlg.tcl","8690","False",
"8_tools\EES331_BLE_Console_v1.0\_internal\_tk_data\console.tcl","33364","False",
"8_tools\EES331_BLE_Console_v1.0\_internal\_tk_data\dialog.tcl","5988","False",
"8_tools\EES331_BLE_Console_v1.0\_internal\_tk_data\entry.tcl","18942","False",
"8_tools\EES331_BLE_Console_v1.0\_internal\_tk_data\focus.tcl","5035","False",
"8_tools\EES331_BLE_Console_v1.0\_internal\_tk_data\fontchooser.tcl","18292","False",
"8_tools\EES331_BLE_Console_v1.0\_internal\_tk_data\iconlist.tcl","17456","False",
"8_tools\EES331_BLE_Console_v1.0\_internal\_tk_data\icons.tcl","11037","False",
"8_tools\EES331_BLE_Console_v1.0\_internal\_tk_data\listbox.tcl","15255","False",
"8_tools\EES331_BLE_Console_v1.0\_internal\_tk_data\megawidget.tcl","9862","False",
"8_tools\EES331_BLE_Console_v1.0\_internal\_tk_data\menu.tcl","40215","False",
"8_tools\EES331_BLE_Console_v1.0\_internal\_tk_data\mkpsenc.tcl","30840","False",
"8_tools\EES331_BLE_Console_v1.0\_internal\_tk_data\msgbox.tcl","16786","False",
"8_tools\EES331_BLE_Console_v1.0\_internal\_tk_data\obsolete.tcl","5772","False",
"8_tools\EES331_BLE_Console_v1.0\_internal\_tk_data\optMenu.tcl","1629","False",
"8_tools\EES331_BLE_Console_v1.0\_internal\_tk_data\palette.tcl","8418","False",
"8_tools\EES331_BLE_Console_v1.0\_internal\_tk_data\panedwindow.tcl","5370","False",
"8_tools\EES331_BLE_Console_v1.0\_internal\_tk_data\pkgIndex.tcl","376","False",
"8_tools\EES331_BLE_Console_v1.0\_internal\_tk_data\safetk.tcl","7632","False",
"8_tools\EES331_BLE_Console_v1.0\_internal\_tk_data\scale.tcl","8693","False",
"8_tools\EES331_BLE_Console_v1.0\_internal\_tk_data\scrlbar.tcl","13188","False",
"8_tools\EES331_BLE_Console_v1.0\_internal\_tk_data\spinbox.tcl","16543","False",
"8_tools\EES331_BLE_Console_v1.0\_internal\_tk_data\tearoff.tcl","4625","False",
"8_tools\EES331_BLE_Console_v1.0\_internal\_tk_data\text.tcl","35183","False",
"8_tools\EES331_BLE_Console_v1.0\_internal\_tk_data\tk.tcl","24322","False",
"8_tools\EES331_BLE_Console_v1.0\_internal\_tk_data\tkfbox.tcl","39606","False",
"8_tools\EES331_BLE_Console_v1.0\_internal\_tk_data\unsupported.tcl","10521","False",
"8_tools\EES331_BLE_Console_v1.0\_internal\_tk_data\xmfbox.tcl","26991","False",
"8_tools\EES331_BLE_Console_v1.0\_internal\bleak\args\__init__.py","594","False",
"8_tools\EES331_BLE_Console_v1.0\_internal\bleak\args\bluez.py","4122","False",
"8_tools\EES331_BLE_Console_v1.0\_internal\bleak\args\corebluetooth.py","1226","False",
"8_tools\EES331_BLE_Console_v1.0\_internal\bleak\args\winrt.py","974","False",
"8_tools\EES331_BLE_Console_v1.0\_internal\bleak\backends\bluezdbus\__init__.py","21","False",
"8_tools\EES331_BLE_Console_v1.0\_internal\bleak\backends\bluezdbus\advertisement_monitor.py","3974","False",
"8_tools\EES331_BLE_Console_v1.0\_internal\bleak\backends\bluezdbus\client.py","39932","False",
"8_tools\EES331_BLE_Console_v1.0\_internal\bleak\backends\bluezdbus\defs.py","4373","False",
"8_tools\EES331_BLE_Console_v1.0\_internal\bleak\backends\bluezdbus\manager.py","44905","False",
"8_tools\EES331_BLE_Console_v1.0\_internal\bleak\backends\bluezdbus\scanner.py","8234","False",
"8_tools\EES331_BLE_Console_v1.0\_internal\bleak\backends\bluezdbus\signals.py","6252","False",
"8_tools\EES331_BLE_Console_v1.0\_internal\bleak\backends\bluezdbus\utils.py","4933","False",
"8_tools\EES331_BLE_Console_v1.0\_internal\bleak\backends\bluezdbus\version.py","1957","False",
"8_tools\EES331_BLE_Console_v1.0\_internal\bleak\backends\corebluetooth\__init__.py","284","False",
"8_tools\EES331_BLE_Console_v1.0\_internal\bleak\backends\corebluetooth\CentralManagerDelegate.py","14226","False",
"8_tools\EES331_BLE_Console_v1.0\_internal\bleak\backends\corebluetooth\client.py","14472","False",
"8_tools\EES331_BLE_Console_v1.0\_internal\bleak\backends\corebluetooth\PeripheralDelegate.py","24743","False",
"8_tools\EES331_BLE_Console_v1.0\_internal\bleak\backends\corebluetooth\scanner.py","6554","False",
"8_tools\EES331_BLE_Console_v1.0\_internal\bleak\backends\corebluetooth\utils.py","3602","False",
"8_tools\EES331_BLE_Console_v1.0\_internal\bleak\backends\p4android\recipes\bleak\__init__.py","2022","False",
"8_tools\EES331_BLE_Console_v1.0\_internal\bleak\backends\p4android\recipes\bleak\fix_setup.py","244","False",
"8_tools\EES331_BLE_Console_v1.0\_internal\bleak\backends\p4android\__init__.py","0","False",
"8_tools\EES331_BLE_Console_v1.0\_internal\bleak\backends\p4android\client.py","17814","False",
"8_tools\EES331_BLE_Console_v1.0\_internal\bleak\backends\p4android\defs.py","3283","False",
"8_tools\EES331_BLE_Console_v1.0\_internal\bleak\backends\p4android\scanner.py","10842","False",
"8_tools\EES331_BLE_Console_v1.0\_internal\bleak\backends\p4android\utils.py","3330","False",
"8_tools\EES331_BLE_Console_v1.0\_internal\bleak\backends\winrt\__init__.py","0","False",
"8_tools\EES331_BLE_Console_v1.0\_internal\bleak\backends\winrt\client.py","43313","False",
"8_tools\EES331_BLE_Console_v1.0\_internal\bleak\backends\winrt\scanner.py","13046","False",
"8_tools\EES331_BLE_Console_v1.0\_internal\bleak\backends\winrt\util.py","6486","False",
"8_tools\EES331_BLE_Console_v1.0\_internal\bleak\backends\__init__.py","1798","False",
"8_tools\EES331_BLE_Console_v1.0\_internal\bleak\backends\_manufacturers.py","67669","False",
"8_tools\EES331_BLE_Console_v1.0\_internal\bleak\backends\_utils.py","1047","False",
"8_tools\EES331_BLE_Console_v1.0\_internal\bleak\backends\characteristic.py","5112","False",
"8_tools\EES331_BLE_Console_v1.0\_internal\bleak\backends\client.py","8442","False",
"8_tools\EES331_BLE_Console_v1.0\_internal\bleak\backends\descriptor.py","4501","False",
"8_tools\EES331_BLE_Console_v1.0\_internal\bleak\backends\device.py","1230","False",
"8_tools\EES331_BLE_Console_v1.0\_internal\bleak\backends\scanner.py","10184","False",
"8_tools\EES331_BLE_Console_v1.0\_internal\bleak\backends\service.py","7576","False",
"8_tools\EES331_BLE_Console_v1.0\_internal\bleak\__init__.py","37965","False",
"8_tools\EES331_BLE_Console_v1.0\_internal\bleak\_compat.py","988","False",
"8_tools\EES331_BLE_Console_v1.0\_internal\bleak\assigned_numbers.py","2504","False",
"8_tools\EES331_BLE_Console_v1.0\_internal\bleak\exc.py","11504","False",
"8_tools\EES331_BLE_Console_v1.0\_internal\bleak\uuids.py","49038","False",
"8_tools\EES331_BLE_Console_v1.0\使用说明.md","3864","True","3864"
"8_tools\EES331_BLE_Console_v1.0\EES331_BLE_Console.exe","2948431","False",
"8_tools\EES331_BLE_Console_v1.1\_internal\_tcl_data\http1.0\http.tcl","10052","False",
"8_tools\EES331_BLE_Console_v1.1\_internal\_tcl_data\http1.0\pkgIndex.tcl","746","False",
"8_tools\EES331_BLE_Console_v1.1\_internal\_tcl_data\opt0.4\optparse.tcl","33781","False",
"8_tools\EES331_BLE_Console_v1.1\_internal\_tcl_data\opt0.4\pkgIndex.tcl","636","False",
"8_tools\EES331_BLE_Console_v1.1\_internal\_tcl_data\auto.tcl","21578","False",
"8_tools\EES331_BLE_Console_v1.1\_internal\_tcl_data\clock.tcl","133009","False",
"8_tools\EES331_BLE_Console_v1.1\_internal\_tcl_data\history.tcl","8236","False",
"8_tools\EES331_BLE_Console_v1.1\_internal\_tcl_data\init.tcl","25722","False",
"8_tools\EES331_BLE_Console_v1.1\_internal\_tcl_data\package.tcl","23983","False",
"8_tools\EES331_BLE_Console_v1.1\_internal\_tcl_data\parray.tcl","844","False",
"8_tools\EES331_BLE_Console_v1.1\_internal\_tcl_data\safe.tcl","42328","False",
"8_tools\EES331_BLE_Console_v1.1\_internal\_tcl_data\tm.tcl","12236","False",
"8_tools\EES331_BLE_Console_v1.1\_internal\_tcl_data\word.tcl","5051","False",
"8_tools\EES331_BLE_Console_v1.1\_internal\_tk_data\ttk\altTheme.tcl","4901","False",
"8_tools\EES331_BLE_Console_v1.1\_internal\_tk_data\ttk\aquaTheme.tcl","3809","False",
"8_tools\EES331_BLE_Console_v1.1\_internal\_tk_data\ttk\button.tcl","3014","False",
"8_tools\EES331_BLE_Console_v1.1\_internal\_tk_data\ttk\clamTheme.tcl","5858","False",
"8_tools\EES331_BLE_Console_v1.1\_internal\_tk_data\ttk\classicTheme.tcl","4354","False",
"8_tools\EES331_BLE_Console_v1.1\_internal\_tk_data\ttk\combobox.tcl","12708","False",
"8_tools\EES331_BLE_Console_v1.1\_internal\_tk_data\ttk\cursors.tcl","4674","False",
"8_tools\EES331_BLE_Console_v1.1\_internal\_tk_data\ttk\defaults.tcl","5004","False",
"8_tools\EES331_BLE_Console_v1.1\_internal\_tk_data\ttk\entry.tcl","18006","False",
"8_tools\EES331_BLE_Console_v1.1\_internal\_tk_data\ttk\fonts.tcl","5639","False",
"8_tools\EES331_BLE_Console_v1.1\_internal\_tk_data\ttk\menubutton.tcl","6408","False",
"8_tools\EES331_BLE_Console_v1.1\_internal\_tk_data\ttk\notebook.tcl","5863","False",
"8_tools\EES331_BLE_Console_v1.1\_internal\_tk_data\ttk\panedwindow.tcl","2161","False",
"8_tools\EES331_BLE_Console_v1.1\_internal\_tk_data\ttk\progress.tcl","1138","False",
"8_tools\EES331_BLE_Console_v1.1\_internal\_tk_data\ttk\scale.tcl","2787","False",
"8_tools\EES331_BLE_Console_v1.1\_internal\_tk_data\ttk\scrollbar.tcl","3284","False",
"8_tools\EES331_BLE_Console_v1.1\_internal\_tk_data\ttk\sizegrip.tcl","2502","False",
"8_tools\EES331_BLE_Console_v1.1\_internal\_tk_data\ttk\spinbox.tcl","5003","False",
"8_tools\EES331_BLE_Console_v1.1\_internal\_tk_data\ttk\treeview.tcl","10180","False",
"8_tools\EES331_BLE_Console_v1.1\_internal\_tk_data\ttk\ttk.tcl","5509","False",
"8_tools\EES331_BLE_Console_v1.1\_internal\_tk_data\ttk\utils.tcl","8621","False",
"8_tools\EES331_BLE_Console_v1.1\_internal\_tk_data\ttk\vistaTheme.tcl","10692","False",
"8_tools\EES331_BLE_Console_v1.1\_internal\_tk_data\ttk\winTheme.tcl","3848","False",
"8_tools\EES331_BLE_Console_v1.1\_internal\_tk_data\ttk\xpTheme.tcl","3090","False",
"8_tools\EES331_BLE_Console_v1.1\_internal\_tk_data\bgerror.tcl","8806","False",
"8_tools\EES331_BLE_Console_v1.1\_internal\_tk_data\button.tcl","21612","False",
"8_tools\EES331_BLE_Console_v1.1\_internal\_tk_data\choosedir.tcl","10009","False",
"8_tools\EES331_BLE_Console_v1.1\_internal\_tk_data\clrpick.tcl","22039","False",
"8_tools\EES331_BLE_Console_v1.1\_internal\_tk_data\comdlg.tcl","8690","False",
"8_tools\EES331_BLE_Console_v1.1\_internal\_tk_data\console.tcl","33364","False",
"8_tools\EES331_BLE_Console_v1.1\_internal\_tk_data\dialog.tcl","5988","False",
"8_tools\EES331_BLE_Console_v1.1\_internal\_tk_data\entry.tcl","18942","False",
"8_tools\EES331_BLE_Console_v1.1\_internal\_tk_data\focus.tcl","5035","False",
"8_tools\EES331_BLE_Console_v1.1\_internal\_tk_data\fontchooser.tcl","18292","False",
"8_tools\EES331_BLE_Console_v1.1\_internal\_tk_data\iconlist.tcl","17456","False",
"8_tools\EES331_BLE_Console_v1.1\_internal\_tk_data\icons.tcl","11037","False",
"8_tools\EES331_BLE_Console_v1.1\_internal\_tk_data\listbox.tcl","15255","False",
"8_tools\EES331_BLE_Console_v1.1\_internal\_tk_data\megawidget.tcl","9862","False",
"8_tools\EES331_BLE_Console_v1.1\_internal\_tk_data\menu.tcl","40215","False",
"8_tools\EES331_BLE_Console_v1.1\_internal\_tk_data\mkpsenc.tcl","30840","False",
"8_tools\EES331_BLE_Console_v1.1\_internal\_tk_data\msgbox.tcl","16786","False",
"8_tools\EES331_BLE_Console_v1.1\_internal\_tk_data\obsolete.tcl","5772","False",
"8_tools\EES331_BLE_Console_v1.1\_internal\_tk_data\optMenu.tcl","1629","False",
"8_tools\EES331_BLE_Console_v1.1\_internal\_tk_data\palette.tcl","8418","False",
"8_tools\EES331_BLE_Console_v1.1\_internal\_tk_data\panedwindow.tcl","5370","False",
"8_tools\EES331_BLE_Console_v1.1\_internal\_tk_data\pkgIndex.tcl","376","False",
"8_tools\EES331_BLE_Console_v1.1\_internal\_tk_data\safetk.tcl","7632","False",
"8_tools\EES331_BLE_Console_v1.1\_internal\_tk_data\scale.tcl","8693","False",
"8_tools\EES331_BLE_Console_v1.1\_internal\_tk_data\scrlbar.tcl","13188","False",
"8_tools\EES331_BLE_Console_v1.1\_internal\_tk_data\spinbox.tcl","16543","False",
"8_tools\EES331_BLE_Console_v1.1\_internal\_tk_data\tearoff.tcl","4625","False",
"8_tools\EES331_BLE_Console_v1.1\_internal\_tk_data\text.tcl","35183","False",
"8_tools\EES331_BLE_Console_v1.1\_internal\_tk_data\tk.tcl","24322","False",
"8_tools\EES331_BLE_Console_v1.1\_internal\_tk_data\tkfbox.tcl","39606","False",
"8_tools\EES331_BLE_Console_v1.1\_internal\_tk_data\unsupported.tcl","10521","False",
"8_tools\EES331_BLE_Console_v1.1\_internal\_tk_data\xmfbox.tcl","26991","False",
"8_tools\EES331_BLE_Console_v1.1\_internal\bleak\args\__init__.py","594","False",
"8_tools\EES331_BLE_Console_v1.1\_internal\bleak\args\bluez.py","4122","False",
"8_tools\EES331_BLE_Console_v1.1\_internal\bleak\args\corebluetooth.py","1226","False",
"8_tools\EES331_BLE_Console_v1.1\_internal\bleak\args\winrt.py","974","False",
"8_tools\EES331_BLE_Console_v1.1\_internal\bleak\backends\bluezdbus\__init__.py","21","False",
"8_tools\EES331_BLE_Console_v1.1\_internal\bleak\backends\bluezdbus\advertisement_monitor.py","3974","False",
"8_tools\EES331_BLE_Console_v1.1\_internal\bleak\backends\bluezdbus\client.py","39932","False",
"8_tools\EES331_BLE_Console_v1.1\_internal\bleak\backends\bluezdbus\defs.py","4373","False",
"8_tools\EES331_BLE_Console_v1.1\_internal\bleak\backends\bluezdbus\manager.py","44905","False",
"8_tools\EES331_BLE_Console_v1.1\_internal\bleak\backends\bluezdbus\scanner.py","8234","False",
"8_tools\EES331_BLE_Console_v1.1\_internal\bleak\backends\bluezdbus\signals.py","6252","False",
"8_tools\EES331_BLE_Console_v1.1\_internal\bleak\backends\bluezdbus\utils.py","4933","False",
"8_tools\EES331_BLE_Console_v1.1\_internal\bleak\backends\bluezdbus\version.py","1957","False",
"8_tools\EES331_BLE_Console_v1.1\_internal\bleak\backends\corebluetooth\__init__.py","284","False",
"8_tools\EES331_BLE_Console_v1.1\_internal\bleak\backends\corebluetooth\CentralManagerDelegate.py","14226","False",
"8_tools\EES331_BLE_Console_v1.1\_internal\bleak\backends\corebluetooth\client.py","14472","False",
"8_tools\EES331_BLE_Console_v1.1\_internal\bleak\backends\corebluetooth\PeripheralDelegate.py","24743","False",
"8_tools\EES331_BLE_Console_v1.1\_internal\bleak\backends\corebluetooth\scanner.py","6554","False",
"8_tools\EES331_BLE_Console_v1.1\_internal\bleak\backends\corebluetooth\utils.py","3602","False",
"8_tools\EES331_BLE_Console_v1.1\_internal\bleak\backends\p4android\recipes\bleak\__init__.py","2022","False",
"8_tools\EES331_BLE_Console_v1.1\_internal\bleak\backends\p4android\recipes\bleak\fix_setup.py","244","False",
"8_tools\EES331_BLE_Console_v1.1\_internal\bleak\backends\p4android\__init__.py","0","False",
"8_tools\EES331_BLE_Console_v1.1\_internal\bleak\backends\p4android\client.py","17814","False",
"8_tools\EES331_BLE_Console_v1.1\_internal\bleak\backends\p4android\defs.py","3283","False",
"8_tools\EES331_BLE_Console_v1.1\_internal\bleak\backends\p4android\scanner.py","10842","False",
"8_tools\EES331_BLE_Console_v1.1\_internal\bleak\backends\p4android\utils.py","3330","False",
"8_tools\EES331_BLE_Console_v1.1\_internal\bleak\backends\winrt\__init__.py","0","False",
"8_tools\EES331_BLE_Console_v1.1\_internal\bleak\backends\winrt\client.py","43313","False",
"8_tools\EES331_BLE_Console_v1.1\_internal\bleak\backends\winrt\scanner.py","13046","False",
"8_tools\EES331_BLE_Console_v1.1\_internal\bleak\backends\winrt\util.py","6486","False",
"8_tools\EES331_BLE_Console_v1.1\_internal\bleak\backends\__init__.py","1798","False",
"8_tools\EES331_BLE_Console_v1.1\_internal\bleak\backends\_manufacturers.py","67669","False",
"8_tools\EES331_BLE_Console_v1.1\_internal\bleak\backends\_utils.py","1047","False",
"8_tools\EES331_BLE_Console_v1.1\_internal\bleak\backends\characteristic.py","5112","False",
"8_tools\EES331_BLE_Console_v1.1\_internal\bleak\backends\client.py","8442","False",
"8_tools\EES331_BLE_Console_v1.1\_internal\bleak\backends\descriptor.py","4501","False",
"8_tools\EES331_BLE_Console_v1.1\_internal\bleak\backends\device.py","1230","False",
"8_tools\EES331_BLE_Console_v1.1\_internal\bleak\backends\scanner.py","10184","False",
"8_tools\EES331_BLE_Console_v1.1\_internal\bleak\backends\service.py","7576","False",
"8_tools\EES331_BLE_Console_v1.1\_internal\bleak\__init__.py","37965","False",
"8_tools\EES331_BLE_Console_v1.1\_internal\bleak\_compat.py","988","False",
"8_tools\EES331_BLE_Console_v1.1\_internal\bleak\assigned_numbers.py","2504","False",
"8_tools\EES331_BLE_Console_v1.1\_internal\bleak\exc.py","11504","False",
"8_tools\EES331_BLE_Console_v1.1\_internal\bleak\uuids.py","49038","False",
"8_tools\EES331_BLE_Console_v1.1\使用说明.md","6201","False",
"8_tools\EES331_BLE_Console_v1.1\EES331_BLE_Console.exe","2954879","False",
"8_tools\EES331_Gesture_Viewer_v1.0\_internal\_tcl_data\http1.0\http.tcl","10052","True","10052"
"8_tools\EES331_Gesture_Viewer_v1.0\_internal\_tcl_data\http1.0\pkgIndex.tcl","746","True","746"
"8_tools\EES331_Gesture_Viewer_v1.0\_internal\_tcl_data\opt0.4\optparse.tcl","33781","True","33781"
"8_tools\EES331_Gesture_Viewer_v1.0\_internal\_tcl_data\opt0.4\pkgIndex.tcl","636","True","636"
"8_tools\EES331_Gesture_Viewer_v1.0\_internal\_tcl_data\auto.tcl","21578","True","21578"
"8_tools\EES331_Gesture_Viewer_v1.0\_internal\_tcl_data\clock.tcl","133009","True","133009"
"8_tools\EES331_Gesture_Viewer_v1.0\_internal\_tcl_data\history.tcl","8236","True","8236"
"8_tools\EES331_Gesture_Viewer_v1.0\_internal\_tcl_data\init.tcl","25722","True","25722"
"8_tools\EES331_Gesture_Viewer_v1.0\_internal\_tcl_data\package.tcl","23983","True","23983"
"8_tools\EES331_Gesture_Viewer_v1.0\_internal\_tcl_data\parray.tcl","844","True","844"
"8_tools\EES331_Gesture_Viewer_v1.0\_internal\_tcl_data\safe.tcl","42328","True","42328"
"8_tools\EES331_Gesture_Viewer_v1.0\_internal\_tcl_data\tm.tcl","12236","True","12236"
"8_tools\EES331_Gesture_Viewer_v1.0\_internal\_tcl_data\word.tcl","5051","True","5051"
"8_tools\EES331_Gesture_Viewer_v1.0\_internal\_tk_data\ttk\altTheme.tcl","4901","True","4901"
"8_tools\EES331_Gesture_Viewer_v1.0\_internal\_tk_data\ttk\aquaTheme.tcl","3809","True","3809"
"8_tools\EES331_Gesture_Viewer_v1.0\_internal\_tk_data\ttk\button.tcl","3014","True","3014"
"8_tools\EES331_Gesture_Viewer_v1.0\_internal\_tk_data\ttk\clamTheme.tcl","5858","True","5858"
"8_tools\EES331_Gesture_Viewer_v1.0\_internal\_tk_data\ttk\classicTheme.tcl","4354","True","4354"
"8_tools\EES331_Gesture_Viewer_v1.0\_internal\_tk_data\ttk\combobox.tcl","12708","True","12708"
"8_tools\EES331_Gesture_Viewer_v1.0\_internal\_tk_data\ttk\cursors.tcl","4674","True","4674"
"8_tools\EES331_Gesture_Viewer_v1.0\_internal\_tk_data\ttk\defaults.tcl","5004","True","5004"
"8_tools\EES331_Gesture_Viewer_v1.0\_internal\_tk_data\ttk\entry.tcl","18006","True","18006"
"8_tools\EES331_Gesture_Viewer_v1.0\_internal\_tk_data\ttk\fonts.tcl","5639","True","5639"
"8_tools\EES331_Gesture_Viewer_v1.0\_internal\_tk_data\ttk\menubutton.tcl","6408","True","6408"
"8_tools\EES331_Gesture_Viewer_v1.0\_internal\_tk_data\ttk\notebook.tcl","5863","True","5863"
"8_tools\EES331_Gesture_Viewer_v1.0\_internal\_tk_data\ttk\panedwindow.tcl","2161","True","2161"
"8_tools\EES331_Gesture_Viewer_v1.0\_internal\_tk_data\ttk\progress.tcl","1138","True","1138"
"8_tools\EES331_Gesture_Viewer_v1.0\_internal\_tk_data\ttk\scale.tcl","2787","True","2787"
"8_tools\EES331_Gesture_Viewer_v1.0\_internal\_tk_data\ttk\scrollbar.tcl","3284","True","3284"
"8_tools\EES331_Gesture_Viewer_v1.0\_internal\_tk_data\ttk\sizegrip.tcl","2502","True","2502"
"8_tools\EES331_Gesture_Viewer_v1.0\_internal\_tk_data\ttk\spinbox.tcl","5003","True","5003"
"8_tools\EES331_Gesture_Viewer_v1.0\_internal\_tk_data\ttk\treeview.tcl","10180","True","10180"
"8_tools\EES331_Gesture_Viewer_v1.0\_internal\_tk_data\ttk\ttk.tcl","5509","True","5509"
"8_tools\EES331_Gesture_Viewer_v1.0\_internal\_tk_data\ttk\utils.tcl","8621","True","8621"
"8_tools\EES331_Gesture_Viewer_v1.0\_internal\_tk_data\ttk\vistaTheme.tcl","10692","True","10692"
"8_tools\EES331_Gesture_Viewer_v1.0\_internal\_tk_data\ttk\winTheme.tcl","3848","True","3848"
"8_tools\EES331_Gesture_Viewer_v1.0\_internal\_tk_data\ttk\xpTheme.tcl","3090","True","3090"
"8_tools\EES331_Gesture_Viewer_v1.0\_internal\_tk_data\bgerror.tcl","8806","True","8806"
"8_tools\EES331_Gesture_Viewer_v1.0\_internal\_tk_data\button.tcl","21612","True","21612"
"8_tools\EES331_Gesture_Viewer_v1.0\_internal\_tk_data\choosedir.tcl","10009","True","10009"
"8_tools\EES331_Gesture_Viewer_v1.0\_internal\_tk_data\clrpick.tcl","22039","True","22039"
"8_tools\EES331_Gesture_Viewer_v1.0\_internal\_tk_data\comdlg.tcl","8690","True","8690"
"8_tools\EES331_Gesture_Viewer_v1.0\_internal\_tk_data\console.tcl","33364","True","33364"
"8_tools\EES331_Gesture_Viewer_v1.0\_internal\_tk_data\dialog.tcl","5988","True","5988"
"8_tools\EES331_Gesture_Viewer_v1.0\_internal\_tk_data\entry.tcl","18942","True","18942"
"8_tools\EES331_Gesture_Viewer_v1.0\_internal\_tk_data\focus.tcl","5035","True","5035"
"8_tools\EES331_Gesture_Viewer_v1.0\_internal\_tk_data\fontchooser.tcl","18292","True","18292"
"8_tools\EES331_Gesture_Viewer_v1.0\_internal\_tk_data\iconlist.tcl","17456","True","17456"
"8_tools\EES331_Gesture_Viewer_v1.0\_internal\_tk_data\icons.tcl","11037","True","11037"
"8_tools\EES331_Gesture_Viewer_v1.0\_internal\_tk_data\listbox.tcl","15255","True","15255"
"8_tools\EES331_Gesture_Viewer_v1.0\_internal\_tk_data\megawidget.tcl","9862","True","9862"
"8_tools\EES331_Gesture_Viewer_v1.0\_internal\_tk_data\menu.tcl","40215","True","40215"
"8_tools\EES331_Gesture_Viewer_v1.0\_internal\_tk_data\mkpsenc.tcl","30840","True","30840"
"8_tools\EES331_Gesture_Viewer_v1.0\_internal\_tk_data\msgbox.tcl","16786","True","16786"
"8_tools\EES331_Gesture_Viewer_v1.0\_internal\_tk_data\obsolete.tcl","5772","True","5772"
"8_tools\EES331_Gesture_Viewer_v1.0\_internal\_tk_data\optMenu.tcl","1629","True","1629"
"8_tools\EES331_Gesture_Viewer_v1.0\_internal\_tk_data\palette.tcl","8418","True","8418"
"8_tools\EES331_Gesture_Viewer_v1.0\_internal\_tk_data\panedwindow.tcl","5370","True","5370"
"8_tools\EES331_Gesture_Viewer_v1.0\_internal\_tk_data\pkgIndex.tcl","376","True","376"
"8_tools\EES331_Gesture_Viewer_v1.0\_internal\_tk_data\safetk.tcl","7632","True","7632"
"8_tools\EES331_Gesture_Viewer_v1.0\_internal\_tk_data\scale.tcl","8693","True","8693"
"8_tools\EES331_Gesture_Viewer_v1.0\_internal\_tk_data\scrlbar.tcl","13188","True","13188"
"8_tools\EES331_Gesture_Viewer_v1.0\_internal\_tk_data\spinbox.tcl","16543","True","16543"
"8_tools\EES331_Gesture_Viewer_v1.0\_internal\_tk_data\tearoff.tcl","4625","True","4625"
"8_tools\EES331_Gesture_Viewer_v1.0\_internal\_tk_data\text.tcl","35183","True","35183"
"8_tools\EES331_Gesture_Viewer_v1.0\_internal\_tk_data\tk.tcl","24322","True","24322"
"8_tools\EES331_Gesture_Viewer_v1.0\_internal\_tk_data\tkfbox.tcl","39606","True","39606"
"8_tools\EES331_Gesture_Viewer_v1.0\_internal\_tk_data\unsupported.tcl","10521","True","10521"
"8_tools\EES331_Gesture_Viewer_v1.0\_internal\_tk_data\xmfbox.tcl","26991","True","26991"
"8_tools\EES331_Gesture_Viewer_v1.0\_internal\cv2\data\__init__.py","73","True","73"
"8_tools\EES331_Gesture_Viewer_v1.0\_internal\cv2\gapi\__init__.py","10621","True","10621"
"8_tools\EES331_Gesture_Viewer_v1.0\_internal\cv2\mat_wrapper\__init__.py","1164","True","1164"
"8_tools\EES331_Gesture_Viewer_v1.0\_internal\cv2\misc\__init__.py","38","True","38"
"8_tools\EES331_Gesture_Viewer_v1.0\_internal\cv2\misc\version.py","95","True","95"
"8_tools\EES331_Gesture_Viewer_v1.0\_internal\cv2\typing\__init__.py","5545","True","5545"
"8_tools\EES331_Gesture_Viewer_v1.0\_internal\cv2\utils\__init__.py","344","True","344"
"8_tools\EES331_Gesture_Viewer_v1.0\_internal\cv2\__init__.py","6793","True","6793"
"8_tools\EES331_Gesture_Viewer_v1.0\_internal\cv2\config-3.py","748","True","748"
"8_tools\EES331_Gesture_Viewer_v1.0\_internal\cv2\config.py","123","True","123"
"8_tools\EES331_Gesture_Viewer_v1.0\_internal\cv2\load_config_py3.py","271","True","271"
"8_tools\EES331_Gesture_Viewer_v1.0\_internal\cv2\version.py","97","True","97"
"8_tools\EES331_Gesture_Viewer_v1.0\_internal\pyreadline3-3.5.6.dist-info\licenses\LICENSE.md","2250","True","2250"
"8_tools\EES331_Gesture_Viewer_v1.0\_internal\torch\_awaits\__init__.py","1705","True","1705"
"8_tools\EES331_Gesture_Viewer_v1.0\_internal\torch\_custom_op\__init__.py","0","True","0"
"8_tools\EES331_Gesture_Viewer_v1.0\_internal\torch\_custom_op\autograd.py","12386","True","12386"
"8_tools\EES331_Gesture_Viewer_v1.0\_internal\torch\_custom_op\impl.py","27799","True","27799"
"8_tools\EES331_Gesture_Viewer_v1.0\_internal\torch\_decomp\__init__.py","19835","True","19835"
"8_tools\EES331_Gesture_Viewer_v1.0\_internal\torch\_decomp\decompositions_for_jvp.py","12054","True","12054"
"8_tools\EES331_Gesture_Viewer_v1.0\_internal\torch\_decomp\decompositions_for_rng.py","9453","True","9453"
"8_tools\EES331_Gesture_Viewer_v1.0\_internal\torch\_decomp\decompositions.py","187344","True","187344"
"8_tools\EES331_Gesture_Viewer_v1.0\_internal\torch\_dispatch\__init__.py","0","True","0"
"8_tools\EES331_Gesture_Viewer_v1.0\_internal\torch\_dispatch\python.py","6942","True","6942"
"8_tools\EES331_Gesture_Viewer_v1.0\_internal\torch\_dynamo\backends\__init__.py","0","True","0"
"8_tools\EES331_Gesture_Viewer_v1.0\_internal\torch\_dynamo\backends\common.py","6565","True","6565"
"8_tools\EES331_Gesture_Viewer_v1.0\_internal\torch\_dynamo\backends\cudagraphs.py","10545","True","10545"
"8_tools\EES331_Gesture_Viewer_v1.0\_internal\torch\_dynamo\backends\debugging.py","19273","True","19273"
"8_tools\EES331_Gesture_Viewer_v1.0\_internal\torch\_dynamo\backends\distributed.py","29098","True","29098"
"8_tools\EES331_Gesture_Viewer_v1.0\_internal\torch\_dynamo\backends\inductor.py","1135","True","1135"
"8_tools\EES331_Gesture_Viewer_v1.0\_internal\torch\_dynamo\backends\onnxrt.py","1662","True","1662"
"8_tools\EES331_Gesture_Viewer_v1.0\_internal\torch\_dynamo\backends\registry.py","5734","True","5734"
"8_tools\EES331_Gesture_Viewer_v1.0\_internal\torch\_dynamo\backends\tensorrt.py","395","True","395"
"8_tools\EES331_Gesture_Viewer_v1.0\_internal\torch\_dynamo\backends\torchxla.py","1606","True","1606"
"8_tools\EES331_Gesture_Viewer_v1.0\_internal\torch\_dynamo\backends\tvm.py","7409","True","7409"
"8_tools\EES331_Gesture_Viewer_v1.0\_internal\torch\_dynamo\polyfills\__init__.py","12893","True","12893"
"8_tools\EES331_Gesture_Viewer_v1.0\_internal\torch\_dynamo\polyfills\_collections.py","695","True","695"
"8_tools\EES331_Gesture_Viewer_v1.0\_internal\torch\_dynamo\polyfills\builtins.py","3781","True","3781"
"8_tools\EES331_Gesture_Viewer_v1.0\_internal\torch\_dynamo\polyfills\functools.py","1013","True","1013"
"8_tools\EES331_Gesture_Viewer_v1.0\_internal\torch\_dynamo\polyfills\fx.py","1391","True","1391"
"8_tools\EES331_Gesture_Viewer_v1.0\_internal\torch\_dynamo\polyfills\heapq.py","3410","True","3410"
"8_tools\EES331_Gesture_Viewer_v1.0\_internal\torch\_dynamo\polyfills\itertools.py","8336","True","8336"
"8_tools\EES331_Gesture_Viewer_v1.0\_internal\torch\_dynamo\polyfills\loader.py","1428","True","1428"
"8_tools\EES331_Gesture_Viewer_v1.0\_internal\torch\_dynamo\polyfills\operator.py","3574","True","3574"
"8_tools\EES331_Gesture_Viewer_v1.0\_internal\torch\_dynamo\polyfills\os.py","1054","True","1054"
"8_tools\EES331_Gesture_Viewer_v1.0\_internal\torch\_dynamo\polyfills\pytree.py","25190","True","25190"
"8_tools\EES331_Gesture_Viewer_v1.0\_internal\torch\_dynamo\polyfills\struct.py","645","True","645"
"8_tools\EES331_Gesture_Viewer_v1.0\_internal\torch\_dynamo\polyfills\sys.py","740","True","740"
"8_tools\EES331_Gesture_Viewer_v1.0\_internal\torch\_dynamo\polyfills\tensor.py","1444","True","1444"
"8_tools\EES331_Gesture_Viewer_v1.0\_internal\torch\_dynamo\repro\__init__.py","0","True","0"
"8_tools\EES331_Gesture_Viewer_v1.0\_internal\torch\_dynamo\repro\after_aot.py","46275","True","46275"
"8_tools\EES331_Gesture_Viewer_v1.0\_internal\torch\_dynamo\repro\after_dynamo.py","22864","True","22864"
"8_tools\EES331_Gesture_Viewer_v1.0\_internal\torch\_dynamo\repro\aoti.py","23120","True","23120"
"8_tools\EES331_Gesture_Viewer_v1.0\_internal\torch\_dynamo\variables\__init__.py","7147","True","7147"
"8_tools\EES331_Gesture_Viewer_v1.0\_internal\torch\_dynamo\variables\base.py","32224","True","32224"
"8_tools\EES331_Gesture_Viewer_v1.0\_internal\torch\_dynamo\variables\builder.py","174647","True","174647"
"8_tools\EES331_Gesture_Viewer_v1.0\_internal\torch\_dynamo\variables\builtin.py","132066","True","132066"
"8_tools\EES331_Gesture_Viewer_v1.0\_internal\torch\_dynamo\variables\constant.py","16858","True","16858"
"8_tools\EES331_Gesture_Viewer_v1.0\_internal\torch\_dynamo\variables\ctx_manager.py","55667","True","55667"
"8_tools\EES331_Gesture_Viewer_v1.0\_internal\torch\_dynamo\variables\dicts.py","61325","True","61325"
"8_tools\EES331_Gesture_Viewer_v1.0\_internal\torch\_dynamo\variables\distributed.py","19873","True","19873"
"8_tools\EES331_Gesture_Viewer_v1.0\_internal\torch\_dynamo\variables\functions.py","118249","True","118249"
"8_tools\EES331_Gesture_Viewer_v1.0\_internal\torch\_dynamo\variables\higher_order_ops.py","190742","True","190742"
"8_tools\EES331_Gesture_Viewer_v1.0\_internal\torch\_dynamo\variables\iter.py","22959","True","22959"
"8_tools\EES331_Gesture_Viewer_v1.0\_internal\torch\_dynamo\variables\lazy.py","8315","True","8315"
"8_tools\EES331_Gesture_Viewer_v1.0\_internal\torch\_dynamo\variables\lists.py","68450","True","68450"
"8_tools\EES331_Gesture_Viewer_v1.0\_internal\torch\_dynamo\variables\misc.py","85748","True","85748"
"8_tools\EES331_Gesture_Viewer_v1.0\_internal\torch\_dynamo\variables\nn_module.py","61335","True","61335"
"8_tools\EES331_Gesture_Viewer_v1.0\_internal\torch\_dynamo\variables\optimizer.py","18157","True","18157"
"8_tools\EES331_Gesture_Viewer_v1.0\_internal\torch\_dynamo\variables\script_object.py","9140","True","9140"
"8_tools\EES331_Gesture_Viewer_v1.0\_internal\torch\_dynamo\variables\sdpa.py","3082","True","3082"
"8_tools\EES331_Gesture_Viewer_v1.0\_internal\torch\_dynamo\variables\streams.py","18373","True","18373"
"8_tools\EES331_Gesture_Viewer_v1.0\_internal\torch\_dynamo\variables\tensor.py","74491","True","74491"
"8_tools\EES331_Gesture_Viewer_v1.0\_internal\torch\_dynamo\variables\torch_function.py","28424","True","28424"
"8_tools\EES331_Gesture_Viewer_v1.0\_internal\torch\_dynamo\variables\torch.py","96004","True","96004"
"8_tools\EES331_Gesture_Viewer_v1.0\_internal\torch\_dynamo\variables\user_defined.py","98459","True","98459"
"8_tools\EES331_Gesture_Viewer_v1.0\_internal\torch\_dynamo\__init__.py","7195","True","7195"
"8_tools\EES331_Gesture_Viewer_v1.0\_internal\torch\_dynamo\_trace_wrapped_higher_order_op.py","9484","True","9484"
"8_tools\EES331_Gesture_Viewer_v1.0\_internal\torch\_dynamo\aot_compile_types.py","2043","True","2043"
"8_tools\EES331_Gesture_Viewer_v1.0\_internal\torch\_dynamo\aot_compile.py","13731","True","13731"
"8_tools\EES331_Gesture_Viewer_v1.0\_internal\torch\_dynamo\bytecode_analysis.py","9483","True","9483"
"8_tools\EES331_Gesture_Viewer_v1.0\_internal\torch\_dynamo\bytecode_transformation.py","69217","True","69217"
"8_tools\EES331_Gesture_Viewer_v1.0\_internal\torch\_dynamo\cache_size.py","8163","True","8163"
"8_tools\EES331_Gesture_Viewer_v1.0\_internal\torch\_dynamo\callback.py","5793","True","5793"
"8_tools\EES331_Gesture_Viewer_v1.0\_internal\torch\_dynamo\code_context.py","1878","True","1878"
"8_tools\EES331_Gesture_Viewer_v1.0\_internal\torch\_dynamo\codegen.py","29715","True","29715"
"8_tools\EES331_Gesture_Viewer_v1.0\_internal\torch\_dynamo\compiled_autograd.py","65908","True","65908"
"8_tools\EES331_Gesture_Viewer_v1.0\_internal\torch\_dynamo\comptime.py","15841","True","15841"
"8_tools\EES331_Gesture_Viewer_v1.0\_internal\torch\_dynamo\config.py","33413","True","33413"
"8_tools\EES331_Gesture_Viewer_v1.0\_internal\torch\_dynamo\convert_frame.py","85009","True","85009"
"8_tools\EES331_Gesture_Viewer_v1.0\_internal\torch\_dynamo\create_parameter_op.py","2630","True","2630"
"8_tools\EES331_Gesture_Viewer_v1.0\_internal\torch\_dynamo\current_scope_id.py","1475","True","1475"
"8_tools\EES331_Gesture_Viewer_v1.0\_internal\torch\_dynamo\dce_extra_outputs.py","7236","True","7236"
"8_tools\EES331_Gesture_Viewer_v1.0\_internal\torch\_dynamo\debug_utils.py","33561","True","33561"
"8_tools\EES331_Gesture_Viewer_v1.0\_internal\torch\_dynamo\decorators.py","41595","True","41595"
"8_tools\EES331_Gesture_Viewer_v1.0\_internal\torch\_dynamo\device_interface.py","22944","True","22944"
"8_tools\EES331_Gesture_Viewer_v1.0\_internal\torch\_dynamo\distributed.py","1724","True","1724"
"8_tools\EES331_Gesture_Viewer_v1.0\_internal\torch\_dynamo\eval_frame.py","101107","True","101107"
"8_tools\EES331_Gesture_Viewer_v1.0\_internal\torch\_dynamo\exc.py","27001","True","27001"
"8_tools\EES331_Gesture_Viewer_v1.0\_internal\torch\_dynamo\external_utils.py","9061","True","9061"
"8_tools\EES331_Gesture_Viewer_v1.0\_internal\torch\_dynamo\funcname_cache.py","2623","True","2623"
"8_tools\EES331_Gesture_Viewer_v1.0\_internal\torch\_dynamo\functional_export.py","34563","True","34563"
"8_tools\EES331_Gesture_Viewer_v1.0\_internal\torch\_dynamo\graph_break_hints.py","1353","True","1353"
"8_tools\EES331_Gesture_Viewer_v1.0\_internal\torch\_dynamo\graph_bytecode_inputs.py","3223","True","3223"
"8_tools\EES331_Gesture_Viewer_v1.0\_internal\torch\_dynamo\graph_deduplication.py","24233","True","24233"
"8_tools\EES331_Gesture_Viewer_v1.0\_internal\torch\_dynamo\graph_region_tracker.py","19101","True","19101"
"8_tools\EES331_Gesture_Viewer_v1.0\_internal\torch\_dynamo\graph_utils.py","3674","True","3674"
"8_tools\EES331_Gesture_Viewer_v1.0\_internal\torch\_dynamo\guards.py","194021","True","194021"
"8_tools\EES331_Gesture_Viewer_v1.0\_internal\torch\_dynamo\hooks.py","919","True","919"
"8_tools\EES331_Gesture_Viewer_v1.0\_internal\torch\_dynamo\logging.py","2288","True","2288"
"8_tools\EES331_Gesture_Viewer_v1.0\_internal\torch\_dynamo\metrics_context.py","9140","True","9140"
"8_tools\EES331_Gesture_Viewer_v1.0\_internal\torch\_dynamo\mutation_guard.py","5326","True","5326"
"8_tools\EES331_Gesture_Viewer_v1.0\_internal\torch\_dynamo\output_graph.py","171635","True","171635"
"8_tools\EES331_Gesture_Viewer_v1.0\_internal\torch\_dynamo\package.py","43336","True","43336"
"8_tools\EES331_Gesture_Viewer_v1.0\_internal\torch\_dynamo\pgo.py","37395","True","37395"
"8_tools\EES331_Gesture_Viewer_v1.0\_internal\torch\_dynamo\precompile_context.py","7988","True","7988"
"8_tools\EES331_Gesture_Viewer_v1.0\_internal\torch\_dynamo\profiler.py","6071","True","6071"
"8_tools\EES331_Gesture_Viewer_v1.0\_internal\torch\_dynamo\replay_record.py","4519","True","4519"
"8_tools\EES331_Gesture_Viewer_v1.0\_internal\torch\_dynamo\resume_execution.py","31644","True","31644"
"8_tools\EES331_Gesture_Viewer_v1.0\_internal\torch\_dynamo\side_effects.py","54549","True","54549"
"8_tools\EES331_Gesture_Viewer_v1.0\_internal\torch\_dynamo\source.py","44878","True","44878"
"8_tools\EES331_Gesture_Viewer_v1.0\_internal\torch\_dynamo\symbolic_convert.py","221912","True","221912"
"8_tools\EES331_Gesture_Viewer_v1.0\_internal\torch\_dynamo\tensor_version_op.py","2805","True","2805"
"8_tools\EES331_Gesture_Viewer_v1.0\_internal\torch\_dynamo\test_case.py","8893","True","8893"
"8_tools\EES331_Gesture_Viewer_v1.0\_internal\torch\_dynamo\test_dont_skip_tracing_functions.py","857","True","857"
"8_tools\EES331_Gesture_Viewer_v1.0\_internal\torch\_dynamo\test_minifier_common.py","13001","True","13001"
"8_tools\EES331_Gesture_Viewer_v1.0\_internal\torch\_dynamo\testing.py","18852","True","18852"
"8_tools\EES331_Gesture_Viewer_v1.0\_internal\torch\_dynamo\trace_rules.py","161509","True","161509"
"8_tools\EES331_Gesture_Viewer_v1.0\_internal\torch\_dynamo\types.py","4322","True","4322"
"8_tools\EES331_Gesture_Viewer_v1.0\_internal\torch\_dynamo\utils.py","180062","True","180062"
"8_tools\EES331_Gesture_Viewer_v1.0\_internal\torch\_export\db\examples\__init__.py","1709","True","1709"
"8_tools\EES331_Gesture_Viewer_v1.0\_internal\torch\_export\db\examples\assume_constant_result.py","530","True","530"
"8_tools\EES331_Gesture_Viewer_v1.0\_internal\torch\_export\db\examples\autograd_function.py","677","True","677"
"8_tools\EES331_Gesture_Viewer_v1.0\_internal\torch\_export\db\examples\class_method.py","521","True","521"
"8_tools\EES331_Gesture_Viewer_v1.0\_internal\torch\_export\db\examples\cond_branch_class_method.py","1371","True","1371"
"8_tools\EES331_Gesture_Viewer_v1.0\_internal\torch\_export\db\examples\cond_branch_nested_function.py","1343","True","1343"
"8_tools\EES331_Gesture_Viewer_v1.0\_internal\torch\_export\db\examples\cond_branch_nonlocal_variables.py","1900","True","1900"
"8_tools\EES331_Gesture_Viewer_v1.0\_internal\torch\_export\db\examples\cond_closed_over_variable.py","569","True","569"
"8_tools\EES331_Gesture_Viewer_v1.0\_internal\torch\_export\db\examples\cond_operands.py","834","True","834"
"8_tools\EES331_Gesture_Viewer_v1.0\_internal\torch\_export\db\examples\cond_predicate.py","688","True","688"
"8_tools\EES331_Gesture_Viewer_v1.0\_internal\torch\_export\db\examples\constrain_as_size_example.py","538","True","538"
"8_tools\EES331_Gesture_Viewer_v1.0\_internal\torch\_export\db\examples\constrain_as_value_example.py","597","True","597"
"8_tools\EES331_Gesture_Viewer_v1.0\_internal\torch\_export\db\examples\decorator.py","503","True","503"
"8_tools\EES331_Gesture_Viewer_v1.0\_internal\torch\_export\db\examples\dictionary.py","421","True","421"
"8_tools\EES331_Gesture_Viewer_v1.0\_internal\torch\_export\db\examples\dynamic_shape_assert.py","468","True","468"
"8_tools\EES331_Gesture_Viewer_v1.0\_internal\torch\_export\db\examples\dynamic_shape_constructor.py","411","True","411"
"8_tools\EES331_Gesture_Viewer_v1.0\_internal\torch\_export\db\examples\dynamic_shape_if_guard.py","579","True","579"
"8_tools\EES331_Gesture_Viewer_v1.0\_internal\torch\_export\db\examples\dynamic_shape_map.py","473","True","473"
"8_tools\EES331_Gesture_Viewer_v1.0\_internal\torch\_export\db\examples\dynamic_shape_round.py","546","True","546"
"8_tools\EES331_Gesture_Viewer_v1.0\_internal\torch\_export\db\examples\dynamic_shape_slicing.py","403","True","403"
"8_tools\EES331_Gesture_Viewer_v1.0\_internal\torch\_export\db\examples\dynamic_shape_view.py","461","True","461"
"8_tools\EES331_Gesture_Viewer_v1.0\_internal\torch\_export\db\examples\fn_with_kwargs.py","761","True","761"
"8_tools\EES331_Gesture_Viewer_v1.0\_internal\torch\_export\db\examples\list_contains.py","494","True","494"
"8_tools\EES331_Gesture_Viewer_v1.0\_internal\torch\_export\db\examples\list_unpack.py","589","True","589"
"8_tools\EES331_Gesture_Viewer_v1.0\_internal\torch\_export\db\examples\model_attr_mutation.py","652","True","652"
"8_tools\EES331_Gesture_Viewer_v1.0\_internal\torch\_export\db\examples\nested_function.py","514","True","514"
"8_tools\EES331_Gesture_Viewer_v1.0\_internal\torch\_export\db\examples\null_context_manager.py","499","True","499"
"8_tools\EES331_Gesture_Viewer_v1.0\_internal\torch\_export\db\examples\optional_input.py","467","True","467"
"8_tools\EES331_Gesture_Viewer_v1.0\_internal\torch\_export\db\examples\pytree_flatten.py","392","True","392"
"8_tools\EES331_Gesture_Viewer_v1.0\_internal\torch\_export\db\examples\scalar_output.py","566","True","566"
"8_tools\EES331_Gesture_Viewer_v1.0\_internal\torch\_export\db\examples\specialized_attribute.py","546","True","546"
"8_tools\EES331_Gesture_Viewer_v1.0\_internal\torch\_export\db\examples\static_for_loop.py","401","True","401"
"8_tools\EES331_Gesture_Viewer_v1.0\_internal\torch\_export\db\examples\static_if.py","415","True","415"
"8_tools\EES331_Gesture_Viewer_v1.0\_internal\torch\_export\db\examples\tensor_setattr.py","352","True","352"
"8_tools\EES331_Gesture_Viewer_v1.0\_internal\torch\_export\db\examples\type_reflection_method.py","483","True","483"
"8_tools\EES331_Gesture_Viewer_v1.0\_internal\torch\_export\db\examples\unsupported_operator.py","429","True","429"
"8_tools\EES331_Gesture_Viewer_v1.0\_internal\torch\_export\db\examples\user_input_mutation.py","319","True","319"
"8_tools\EES331_Gesture_Viewer_v1.0\_internal\torch\_export\db\__init__.py","211","True","211"
"8_tools\EES331_Gesture_Viewer_v1.0\_internal\torch\_export\db\case.py","5215","True","5215"
"8_tools\EES331_Gesture_Viewer_v1.0\_internal\torch\_export\db\gen_example.py","483","True","483"
"8_tools\EES331_Gesture_Viewer_v1.0\_internal\torch\_export\db\logging.py","1738","True","1738"
"8_tools\EES331_Gesture_Viewer_v1.0\_internal\torch\_export\pass_infra\__init__.py","0","True","0"
"8_tools\EES331_Gesture_Viewer_v1.0\_internal\torch\_export\pass_infra\node_metadata.py","803","True","803"
"8_tools\EES331_Gesture_Viewer_v1.0\_internal\torch\_export\pass_infra\proxy_value.py","1314","True","1314"
"8_tools\EES331_Gesture_Viewer_v1.0\_internal\torch\_export\passes\__init__.py","89","True","89"
"8_tools\EES331_Gesture_Viewer_v1.0\_internal\torch\_export\passes\_node_metadata_hook.py","3490","True","3490"
"8_tools\EES331_Gesture_Viewer_v1.0\_internal\torch\_export\passes\add_runtime_assertions_for_constraints_pass.py","10480","True","10480"
"8_tools\EES331_Gesture_Viewer_v1.0\_internal\torch\_export\passes\collect_tracepoints_pass.py","6668","True","6668"
"8_tools\EES331_Gesture_Viewer_v1.0\_internal\torch\_export\passes\constant_folding.py","11607","True","11607"
"8_tools\EES331_Gesture_Viewer_v1.0\_internal\torch\_export\passes\functionalize_side_effectful_ops_pass.py","3378","True","3378"
"8_tools\EES331_Gesture_Viewer_v1.0\_internal\torch\_export\passes\insert_custom_op_guards.py","2997","True","2997"
"8_tools\EES331_Gesture_Viewer_v1.0\_internal\torch\_export\passes\lift_constants_pass.py","18039","True","18039"
"8_tools\EES331_Gesture_Viewer_v1.0\_internal\torch\_export\passes\remove_runtime_assertions.py","1624","True","1624"
"8_tools\EES331_Gesture_Viewer_v1.0\_internal\torch\_export\passes\replace_autocast_with_hop_pass.py","7352","True","7352"
"8_tools\EES331_Gesture_Viewer_v1.0\_internal\torch\_export\passes\replace_quantized_ops_with_standard_ops_pass.py","26736","True","26736"
"8_tools\EES331_Gesture_Viewer_v1.0\_internal\torch\_export\passes\replace_set_grad_with_hop_pass.py","4405","True","4405"
"8_tools\EES331_Gesture_Viewer_v1.0\_internal\torch\_export\passes\replace_view_ops_with_view_copy_ops_pass.py","2476","True","2476"
"8_tools\EES331_Gesture_Viewer_v1.0\_internal\torch\_export\passes\replace_with_hop_pass_util.py","7791","True","7791"
"8_tools\EES331_Gesture_Viewer_v1.0\_internal\torch\_export\serde\__init__.py","0","True","0"
"8_tools\EES331_Gesture_Viewer_v1.0\_internal\torch\_export\serde\dynamic_shapes.py","11977","True","11977"
"8_tools\EES331_Gesture_Viewer_v1.0\_internal\torch\_export\serde\schema_check.py","25488","True","25488"
"8_tools\EES331_Gesture_Viewer_v1.0\_internal\torch\_export\serde\schema.py","15410","True","15410"
"8_tools\EES331_Gesture_Viewer_v1.0\_internal\torch\_export\serde\serialize.py","163565","True","163565"
"8_tools\EES331_Gesture_Viewer_v1.0\_internal\torch\_export\serde\union.py","3037","True","3037"
"8_tools\EES331_Gesture_Viewer_v1.0\_internal\torch\_export\__init__.py","6880","True","6880"
"8_tools\EES331_Gesture_Viewer_v1.0\_internal\torch\_export\config.py","1455","True","1455"
"8_tools\EES331_Gesture_Viewer_v1.0\_internal\torch\_export\converter.py","66179","True","66179"
"8_tools\EES331_Gesture_Viewer_v1.0\_internal\torch\_export\error.py","1826","True","1826"
"8_tools\EES331_Gesture_Viewer_v1.0\_internal\torch\_export\non_strict_utils.py","43684","True","43684"
"8_tools\EES331_Gesture_Viewer_v1.0\_internal\torch\_export\pass_base.py","19004","True","19004"
"8_tools\EES331_Gesture_Viewer_v1.0\_internal\torch\_export\tools.py","4747","True","4747"
"8_tools\EES331_Gesture_Viewer_v1.0\_internal\torch\_export\utils.py","60448","True","60448"
"8_tools\EES331_Gesture_Viewer_v1.0\_internal\torch\_export\verifier.py","21710","True","21710"
"8_tools\EES331_Gesture_Viewer_v1.0\_internal\torch\_export\wrappers.py","12850","True","12850"
"8_tools\EES331_Gesture_Viewer_v1.0\_internal\torch\_functorch\_activation_checkpointing\__init__.py","211","True","211"
"8_tools\EES331_Gesture_Viewer_v1.0\_internal\torch\_functorch\_activation_checkpointing\ac_logging_utils.py","8133","True","8133"
"8_tools\EES331_Gesture_Viewer_v1.0\_internal\torch\_functorch\_activation_checkpointing\graph_info_provider.py","13037","True","13037"
"8_tools\EES331_Gesture_Viewer_v1.0\_internal\torch\_functorch\_activation_checkpointing\knapsack_evaluator.py","12105","True","12105"
"8_tools\EES331_Gesture_Viewer_v1.0\_internal\torch\_functorch\_activation_checkpointing\knapsack.py","9527","True","9527"
"8_tools\EES331_Gesture_Viewer_v1.0\_internal\torch\_functorch\_activation_checkpointing\remat_using_tags_for_fwd_loss_bwd_graph_pass.py","5113","True","5113"
"8_tools\EES331_Gesture_Viewer_v1.0\_internal\torch\_functorch\_activation_offloading\__init__.py","211","True","211"
"8_tools\EES331_Gesture_Viewer_v1.0\_internal\torch\_functorch\_activation_offloading\activation_offloading.py","32067","True","32067"
"8_tools\EES331_Gesture_Viewer_v1.0\_internal\torch\_functorch\_aot_autograd\__init__.py","211","True","211"
"8_tools\EES331_Gesture_Viewer_v1.0\_internal\torch\_functorch\_aot_autograd\aot_autograd_result.py","25875","True","25875"
"8_tools\EES331_Gesture_Viewer_v1.0\_internal\torch\_functorch\_aot_autograd\autograd_cache.py","44445","True","44445"
"8_tools\EES331_Gesture_Viewer_v1.0\_internal\torch\_functorch\_aot_autograd\collect_metadata_analysis.py","46241","True","46241"
"8_tools\EES331_Gesture_Viewer_v1.0\_internal\torch\_functorch\_aot_autograd\descriptors.py","27284","True","27284"
"8_tools\EES331_Gesture_Viewer_v1.0\_internal\torch\_functorch\_aot_autograd\frontend_utils.py","13740","True","13740"
"8_tools\EES331_Gesture_Viewer_v1.0\_internal\torch\_functorch\_aot_autograd\functional_utils.py","24193","True","24193"
"8_tools\EES331_Gesture_Viewer_v1.0\_internal\torch\_functorch\_aot_autograd\fx_utils.py","12807","True","12807"
"8_tools\EES331_Gesture_Viewer_v1.0\_internal\torch\_functorch\_aot_autograd\graph_capture_wrappers.py","63953","True","63953"
"8_tools\EES331_Gesture_Viewer_v1.0\_internal\torch\_functorch\_aot_autograd\graph_capture.py","19321","True","19321"
"8_tools\EES331_Gesture_Viewer_v1.0\_internal\torch\_functorch\_aot_autograd\graph_compile.py","93649","True","93649"
"8_tools\EES331_Gesture_Viewer_v1.0\_internal\torch\_functorch\_aot_autograd\indexed_dict.py","1813","True","1813"
"8_tools\EES331_Gesture_Viewer_v1.0\_internal\torch\_functorch\_aot_autograd\input_output_analysis.py","19251","True","19251"
"8_tools\EES331_Gesture_Viewer_v1.0\_internal\torch\_functorch\_aot_autograd\logging_utils.py","4722","True","4722"
"8_tools\EES331_Gesture_Viewer_v1.0\_internal\torch\_functorch\_aot_autograd\runtime_wrappers.py","114133","True","114133"
"8_tools\EES331_Gesture_Viewer_v1.0\_internal\torch\_functorch\_aot_autograd\schemas.py","55642","True","55642"
"8_tools\EES331_Gesture_Viewer_v1.0\_internal\torch\_functorch\_aot_autograd\streams.py","10806","True","10806"
"8_tools\EES331_Gesture_Viewer_v1.0\_internal\torch\_functorch\_aot_autograd\subclass_parametrization.py","4228","True","4228"
"8_tools\EES331_Gesture_Viewer_v1.0\_internal\torch\_functorch\_aot_autograd\subclass_utils.py","20795","True","20795"
"8_tools\EES331_Gesture_Viewer_v1.0\_internal\torch\_functorch\_aot_autograd\utils.py","30492","True","30492"
"8_tools\EES331_Gesture_Viewer_v1.0\_internal\torch\_functorch\__init__.py","211","True","211"
"8_tools\EES331_Gesture_Viewer_v1.0\_internal\torch\_functorch\aot_autograd.py","73709","True","73709"
"8_tools\EES331_Gesture_Viewer_v1.0\_internal\torch\_functorch\apis.py","19552","True","19552"
"8_tools\EES331_Gesture_Viewer_v1.0\_internal\torch\_functorch\autograd_function.py","30113","True","30113"
"8_tools\EES331_Gesture_Viewer_v1.0\_internal\torch\_functorch\batch_norm_replacement.py","884","True","884"
"8_tools\EES331_Gesture_Viewer_v1.0\_internal\torch\_functorch\benchmark_utils.py","6540","True","6540"
"8_tools\EES331_Gesture_Viewer_v1.0\_internal\torch\_functorch\compile_utils.py","7903","True","7903"
"8_tools\EES331_Gesture_Viewer_v1.0\_internal\torch\_functorch\compilers.py","14448","True","14448"
"8_tools\EES331_Gesture_Viewer_v1.0\_internal\torch\_functorch\config.py","18341","True","18341"
"8_tools\EES331_Gesture_Viewer_v1.0\_internal\torch\_functorch\deprecated.py","5408","True","5408"
"8_tools\EES331_Gesture_Viewer_v1.0\_internal\torch\_functorch\eager_transforms.py","72907","True","72907"
"8_tools\EES331_Gesture_Viewer_v1.0\_internal\torch\_functorch\functional_call.py","10888","True","10888"
"8_tools\EES331_Gesture_Viewer_v1.0\_internal\torch\_functorch\fx_minifier.py","17873","True","17873"
"8_tools\EES331_Gesture_Viewer_v1.0\_internal\torch\_functorch\make_functional.py","23560","True","23560"
"8_tools\EES331_Gesture_Viewer_v1.0\_internal\torch\_functorch\partitioners.py","124826","True","124826"
"8_tools\EES331_Gesture_Viewer_v1.0\_internal\torch\_functorch\predispatch.py","5471","True","5471"
"8_tools\EES331_Gesture_Viewer_v1.0\_internal\torch\_functorch\pyfunctorch.py","11140","True","11140"
"8_tools\EES331_Gesture_Viewer_v1.0\_internal\torch\_functorch\python_key.py","457","True","457"
"8_tools\EES331_Gesture_Viewer_v1.0\_internal\torch\_functorch\pytree_hacks.py","721","True","721"
"8_tools\EES331_Gesture_Viewer_v1.0\_internal\torch\_functorch\top_operators_github_usage.py","22023","True","22023"
"8_tools\EES331_Gesture_Viewer_v1.0\_internal\torch\_functorch\utils.py","1092","True","1092"
"8_tools\EES331_Gesture_Viewer_v1.0\_internal\torch\_functorch\vmap.py","17428","True","17428"
"8_tools\EES331_Gesture_Viewer_v1.0\_internal\torch\_higher_order_ops\__init__.py","2659","True","2659"
"8_tools\EES331_Gesture_Viewer_v1.0\_internal\torch\_higher_order_ops\_invoke_quant.py","1832","True","1832"
"8_tools\EES331_Gesture_Viewer_v1.0\_internal\torch\_higher_order_ops\aoti_call_delegate.py","6290","True","6290"
"8_tools\EES331_Gesture_Viewer_v1.0\_internal\torch\_higher_order_ops\associative_scan.py","37639","True","37639"
"8_tools\EES331_Gesture_Viewer_v1.0\_internal\torch\_higher_order_ops\auto_functionalize.py","37799","True","37799"
"8_tools\EES331_Gesture_Viewer_v1.0\_internal\torch\_higher_order_ops\base_hop.py","10962","True","10962"
"8_tools\EES331_Gesture_Viewer_v1.0\_internal\torch\_higher_order_ops\cond.py","28401","True","28401"
"8_tools\EES331_Gesture_Viewer_v1.0\_internal\torch\_higher_order_ops\effects.py","10185","True","10185"
"8_tools\EES331_Gesture_Viewer_v1.0\_internal\torch\_higher_order_ops\executorch_call_delegate.py","6174","True","6174"
"8_tools\EES331_Gesture_Viewer_v1.0\_internal\torch\_higher_order_ops\flat_apply.py","5860","True","5860"
"8_tools\EES331_Gesture_Viewer_v1.0\_internal\torch\_higher_order_ops\flex_attention.py","45866","True","45866"
"8_tools\EES331_Gesture_Viewer_v1.0\_internal\torch\_higher_order_ops\foreach_map.py","714","True","714"
"8_tools\EES331_Gesture_Viewer_v1.0\_internal\torch\_higher_order_ops\hints_wrap.py","4916","True","4916"
"8_tools\EES331_Gesture_Viewer_v1.0\_internal\torch\_higher_order_ops\invoke_subgraph.py","31568","True","31568"
"8_tools\EES331_Gesture_Viewer_v1.0\_internal\torch\_higher_order_ops\local_map.py","21781","True","21781"
"8_tools\EES331_Gesture_Viewer_v1.0\_internal\torch\_higher_order_ops\map.py","10308","True","10308"
"8_tools\EES331_Gesture_Viewer_v1.0\_internal\torch\_higher_order_ops\out_dtype.py","5729","True","5729"
"8_tools\EES331_Gesture_Viewer_v1.0\_internal\torch\_higher_order_ops\partitioner.py","13959","True","13959"
"8_tools\EES331_Gesture_Viewer_v1.0\_internal\torch\_higher_order_ops\print.py","3155","True","3155"
"8_tools\EES331_Gesture_Viewer_v1.0\_internal\torch\_higher_order_ops\run_const_graph.py","2536","True","2536"
"8_tools\EES331_Gesture_Viewer_v1.0\_internal\torch\_higher_order_ops\scan.py","36939","True","36939"
"8_tools\EES331_Gesture_Viewer_v1.0\_internal\torch\_higher_order_ops\schema.py","11531","True","11531"
"8_tools\EES331_Gesture_Viewer_v1.0\_internal\torch\_higher_order_ops\strict_mode.py","3947","True","3947"
"8_tools\EES331_Gesture_Viewer_v1.0\_internal\torch\_higher_order_ops\torchbind.py","6416","True","6416"
"8_tools\EES331_Gesture_Viewer_v1.0\_internal\torch\_higher_order_ops\triton_kernel_wrap.py","87919","True","87919"
"8_tools\EES331_Gesture_Viewer_v1.0\_internal\torch\_higher_order_ops\utils.py","48334","True","48334"
"8_tools\EES331_Gesture_Viewer_v1.0\_internal\torch\_higher_order_ops\while_loop.py","37601","True","37601"
"8_tools\EES331_Gesture_Viewer_v1.0\_internal\torch\_higher_order_ops\wrap.py","15038","True","15038"
"8_tools\EES331_Gesture_Viewer_v1.0\_internal\torch\_inductor\analysis\__init__.py","0","True","0"
"8_tools\EES331_Gesture_Viewer_v1.0\_internal\torch\_inductor\analysis\device_info.py","7685","True","7685"
"8_tools\EES331_Gesture_Viewer_v1.0\_internal\torch\_inductor\analysis\profile_analysis.py","28393","True","28393"
"8_tools\EES331_Gesture_Viewer_v1.0\_internal\torch\_inductor\autoheuristic\artifacts\__init__.py","0","True","0"
"8_tools\EES331_Gesture_Viewer_v1.0\_internal\torch\_inductor\autoheuristic\artifacts\_MixedMMA100.py","8070","True","8070"
"8_tools\EES331_Gesture_Viewer_v1.0\_internal\torch\_inductor\autoheuristic\artifacts\_MixedMMH100.py","8018","True","8018"
"8_tools\EES331_Gesture_Viewer_v1.0\_internal\torch\_inductor\autoheuristic\artifacts\_MMRankingA100.py","28340","True","28340"
"8_tools\EES331_Gesture_Viewer_v1.0\_internal\torch\_inductor\autoheuristic\artifacts\_MMRankingH100.py","30989","True","30989"
"8_tools\EES331_Gesture_Viewer_v1.0\_internal\torch\_inductor\autoheuristic\artifacts\_PadMMA100.py","5040","True","5040"
"8_tools\EES331_Gesture_Viewer_v1.0\_internal\torch\_inductor\autoheuristic\__init__.py","0","True","0"
"8_tools\EES331_Gesture_Viewer_v1.0\_internal\torch\_inductor\autoheuristic\autoheuristic_utils.py","11648","True","11648"
"8_tools\EES331_Gesture_Viewer_v1.0\_internal\torch\_inductor\autoheuristic\autoheuristic.py","12277","True","12277"
"8_tools\EES331_Gesture_Viewer_v1.0\_internal\torch\_inductor\autoheuristic\learned_heuristic_controller.py","4436","True","4436"
"8_tools\EES331_Gesture_Viewer_v1.0\_internal\torch\_inductor\autoheuristic\learnedheuristic_interface.py","2821","True","2821"
"8_tools\EES331_Gesture_Viewer_v1.0\_internal\torch\_inductor\codegen\cuda\cutlass_lib_extensions\cutlass_mock_imports\cuda\__init__.py","89","True","89"
"8_tools\EES331_Gesture_Viewer_v1.0\_internal\torch\_inductor\codegen\cuda\cutlass_lib_extensions\cutlass_mock_imports\cuda\cuda.py","338","True","338"
"8_tools\EES331_Gesture_Viewer_v1.0\_internal\torch\_inductor\codegen\cuda\cutlass_lib_extensions\cutlass_mock_imports\cuda\cudart.py","322","True","322"
"8_tools\EES331_Gesture_Viewer_v1.0\_internal\torch\_inductor\codegen\cuda\cutlass_lib_extensions\cutlass_mock_imports\pydot\__init__.py","56","True","56"
"8_tools\EES331_Gesture_Viewer_v1.0\_internal\torch\_inductor\codegen\cuda\cutlass_lib_extensions\cutlass_mock_imports\scipy\__init__.py","58","True","58"
"8_tools\EES331_Gesture_Viewer_v1.0\_internal\torch\_inductor\codegen\cuda\cutlass_lib_extensions\cutlass_mock_imports\scipy\special.py","56","True","56"
"8_tools\EES331_Gesture_Viewer_v1.0\_internal\torch\_inductor\codegen\cuda\cutlass_lib_extensions\cutlass_mock_imports\__init__.py","0","True","0"
"8_tools\EES331_Gesture_Viewer_v1.0\_internal\torch\_inductor\codegen\cuda\cutlass_lib_extensions\__init__.py","0","True","0"
"8_tools\EES331_Gesture_Viewer_v1.0\_internal\torch\_inductor\codegen\cuda\cutlass_lib_extensions\evt_extensions.py","11179","True","11179"
"8_tools\EES331_Gesture_Viewer_v1.0\_internal\torch\_inductor\codegen\cuda\cutlass_lib_extensions\gemm_operation_extensions.py","19057","True","19057"
"8_tools\EES331_Gesture_Viewer_v1.0\_internal\torch\_inductor\codegen\cuda\__init__.py","0","True","0"
"8_tools\EES331_Gesture_Viewer_v1.0\_internal\torch\_inductor\codegen\cuda\cuda_cpp_scheduling.py","12260","True","12260"
"8_tools\EES331_Gesture_Viewer_v1.0\_internal\torch\_inductor\codegen\cuda\cuda_env.py","1446","True","1446"
"8_tools\EES331_Gesture_Viewer_v1.0\_internal\torch\_inductor\codegen\cuda\cuda_kernel.py","25346","True","25346"
"8_tools\EES331_Gesture_Viewer_v1.0\_internal\torch\_inductor\codegen\cuda\cuda_template.py","14355","True","14355"
"8_tools\EES331_Gesture_Viewer_v1.0\_internal\torch\_inductor\codegen\cuda\cutlass_cache.py","3770","True","3770"
"8_tools\EES331_Gesture_Viewer_v1.0\_internal\torch\_inductor\codegen\cuda\cutlass_python_evt.py","12118","True","12118"
"8_tools\EES331_Gesture_Viewer_v1.0\_internal\torch\_inductor\codegen\cuda\cutlass_utils.py","17604","True","17604"
"8_tools\EES331_Gesture_Viewer_v1.0\_internal\torch\_inductor\codegen\cuda\device_op_overrides.py","15083","True","15083"
"8_tools\EES331_Gesture_Viewer_v1.0\_internal\torch\_inductor\codegen\cuda\gemm_template.py","79154","True","79154"
"8_tools\EES331_Gesture_Viewer_v1.0\_internal\torch\_inductor\codegen\cuda\serialization.py","18306","True","18306"
"8_tools\EES331_Gesture_Viewer_v1.0\_internal\torch\_inductor\codegen\cutedsl\__init__.py","172","True","172"
"8_tools\EES331_Gesture_Viewer_v1.0\_internal\torch\_inductor\codegen\cutedsl\_cutedsl_utils.py","955","True","955"
"8_tools\EES331_Gesture_Viewer_v1.0\_internal\torch\_inductor\codegen\cutedsl\cutedsl_kernel.py","23602","True","23602"
"8_tools\EES331_Gesture_Viewer_v1.0\_internal\torch\_inductor\codegen\cutedsl\cutedsl_op_overrides.py","13297","True","13297"
"8_tools\EES331_Gesture_Viewer_v1.0\_internal\torch\_inductor\codegen\cutedsl\cutedsl_scheduling.py","5451","True","5451"
"8_tools\EES331_Gesture_Viewer_v1.0\_internal\torch\_inductor\codegen\cutedsl\cutedsl_template.py","7268","True","7268"
"8_tools\EES331_Gesture_Viewer_v1.0\_internal\torch\_inductor\codegen\mtia\__init__.py","0","True","0"
"8_tools\EES331_Gesture_Viewer_v1.0\_internal\torch\_inductor\codegen\mtia\device_op_overrides.py","657","True","657"
"8_tools\EES331_Gesture_Viewer_v1.0\_internal\torch\_inductor\codegen\rocm\__init__.py","0","True","0"
"8_tools\EES331_Gesture_Viewer_v1.0\_internal\torch\_inductor\codegen\rocm\ck_conv_template.py","25563","True","25563"
"8_tools\EES331_Gesture_Viewer_v1.0\_internal\torch\_inductor\codegen\rocm\ck_template.py","3805","True","3805"
"8_tools\EES331_Gesture_Viewer_v1.0\_internal\torch\_inductor\codegen\rocm\ck_tile_template.py","1649","True","1649"
"8_tools\EES331_Gesture_Viewer_v1.0\_internal\torch\_inductor\codegen\rocm\ck_tile_universal_gemm_template.py","38012","True","38012"
"8_tools\EES331_Gesture_Viewer_v1.0\_internal\torch\_inductor\codegen\rocm\ck_universal_gemm_template.py","40691","True","40691"
"8_tools\EES331_Gesture_Viewer_v1.0\_internal\torch\_inductor\codegen\rocm\compile_command.py","4815","True","4815"
"8_tools\EES331_Gesture_Viewer_v1.0\_internal\torch\_inductor\codegen\rocm\rocm_benchmark_request.py","5207","True","5207"
"8_tools\EES331_Gesture_Viewer_v1.0\_internal\torch\_inductor\codegen\rocm\rocm_cpp_scheduling.py","3978","True","3978"
"8_tools\EES331_Gesture_Viewer_v1.0\_internal\torch\_inductor\codegen\rocm\rocm_kernel.py","10756","True","10756"
"8_tools\EES331_Gesture_Viewer_v1.0\_internal\torch\_inductor\codegen\rocm\rocm_template_buffer.py","854","True","854"
"8_tools\EES331_Gesture_Viewer_v1.0\_internal\torch\_inductor\codegen\rocm\rocm_template.py","6829","True","6829"
"8_tools\EES331_Gesture_Viewer_v1.0\_internal\torch\_inductor\codegen\rocm\rocm_utils.py","353","True","353"
"8_tools\EES331_Gesture_Viewer_v1.0\_internal\torch\_inductor\codegen\xpu\__init__.py","0","True","0"
"8_tools\EES331_Gesture_Viewer_v1.0\_internal\torch\_inductor\codegen\xpu\device_op_overrides.py","1951","True","1951"
"8_tools\EES331_Gesture_Viewer_v1.0\_internal\torch\_inductor\codegen\__init__.py","0","True","0"
"8_tools\EES331_Gesture_Viewer_v1.0\_internal\torch\_inductor\codegen\aoti_hipify_utils.py","1476","True","1476"
"8_tools\EES331_Gesture_Viewer_v1.0\_internal\torch\_inductor\codegen\block_analysis.py","7451","True","7451"
"8_tools\EES331_Gesture_Viewer_v1.0\_internal\torch\_inductor\codegen\common.py","107380","True","107380"
"8_tools\EES331_Gesture_Viewer_v1.0\_internal\torch\_inductor\codegen\cpp_bmm_template.py","9649","True","9649"
"8_tools\EES331_Gesture_Viewer_v1.0\_internal\torch\_inductor\codegen\cpp_flex_attention_template.py","42501","True","42501"
"8_tools\EES331_Gesture_Viewer_v1.0\_internal\torch\_inductor\codegen\cpp_gemm_template.py","79781","True","79781"
"8_tools\EES331_Gesture_Viewer_v1.0\_internal\torch\_inductor\codegen\cpp_grouped_gemm_template.py","21421","True","21421"
"8_tools\EES331_Gesture_Viewer_v1.0\_internal\torch\_inductor\codegen\cpp_micro_gemm.py","79829","True","79829"
"8_tools\EES331_Gesture_Viewer_v1.0\_internal\torch\_inductor\codegen\cpp_template_kernel.py","26780","True","26780"
"8_tools\EES331_Gesture_Viewer_v1.0\_internal\torch\_inductor\codegen\cpp_template.py","5161","True","5161"
"8_tools\EES331_Gesture_Viewer_v1.0\_internal\torch\_inductor\codegen\cpp_utils.py","29063","True","29063"
"8_tools\EES331_Gesture_Viewer_v1.0\_internal\torch\_inductor\codegen\cpp_wrapper_cpu_array_ref.py","39892","True","39892"
"8_tools\EES331_Gesture_Viewer_v1.0\_internal\torch\_inductor\codegen\cpp_wrapper_cpu.py","133846","True","133846"
"8_tools\EES331_Gesture_Viewer_v1.0\_internal\torch\_inductor\codegen\cpp_wrapper_gpu.py","37610","True","37610"
"8_tools\EES331_Gesture_Viewer_v1.0\_internal\torch\_inductor\codegen\cpp_wrapper_mps.py","12598","True","12598"
"8_tools\EES331_Gesture_Viewer_v1.0\_internal\torch\_inductor\codegen\cpp.py","240097","True","240097"
"8_tools\EES331_Gesture_Viewer_v1.0\_internal\torch\_inductor\codegen\cpu_device_op_overrides.py","724","True","724"
"8_tools\EES331_Gesture_Viewer_v1.0\_internal\torch\_inductor\codegen\cuda_combined_scheduling.py","6418","True","6418"
"8_tools\EES331_Gesture_Viewer_v1.0\_internal\torch\_inductor\codegen\debug_utils.py","11689","True","11689"
"8_tools\EES331_Gesture_Viewer_v1.0\_internal\torch\_inductor\codegen\halide.py","65158","True","65158"
"8_tools\EES331_Gesture_Viewer_v1.0\_internal\torch\_inductor\codegen\memory_planning.py","27420","True","27420"
"8_tools\EES331_Gesture_Viewer_v1.0\_internal\torch\_inductor\codegen\mps_device_op_overrides.py","695","True","695"
"8_tools\EES331_Gesture_Viewer_v1.0\_internal\torch\_inductor\codegen\mps.py","43124","True","43124"
"8_tools\EES331_Gesture_Viewer_v1.0\_internal\torch\_inductor\codegen\multi_kernel.py","24015","True","24015"
"8_tools\EES331_Gesture_Viewer_v1.0\_internal\torch\_inductor\codegen\pallas.py","75803","True","75803"
"8_tools\EES331_Gesture_Viewer_v1.0\_internal\torch\_inductor\codegen\python_wrapper_mtia.py","1059","True","1059"
"8_tools\EES331_Gesture_Viewer_v1.0\_internal\torch\_inductor\codegen\segmented_tree.py","8435","True","8435"
"8_tools\EES331_Gesture_Viewer_v1.0\_internal\torch\_inductor\codegen\simd_kernel_features.py","24401","True","24401"
"8_tools\EES331_Gesture_Viewer_v1.0\_internal\torch\_inductor\codegen\simd.py","125621","True","125621"
"8_tools\EES331_Gesture_Viewer_v1.0\_internal\torch\_inductor\codegen\subgraph.py","16657","True","16657"
"8_tools\EES331_Gesture_Viewer_v1.0\_internal\torch\_inductor\codegen\triton_combo_kernel.py","44936","True","44936"
"8_tools\EES331_Gesture_Viewer_v1.0\_internal\torch\_inductor\codegen\triton_split_scan.py","7925","True","7925"
"8_tools\EES331_Gesture_Viewer_v1.0\_internal\torch\_inductor\codegen\triton_utils.py","9545","True","9545"
"8_tools\EES331_Gesture_Viewer_v1.0\_internal\torch\_inductor\codegen\triton.py","255111","True","255111"
"8_tools\EES331_Gesture_Viewer_v1.0\_internal\torch\_inductor\codegen\wrapper_fxir.py","45532","True","45532"
"8_tools\EES331_Gesture_Viewer_v1.0\_internal\torch\_inductor\codegen\wrapper.py","160233","True","160233"
"8_tools\EES331_Gesture_Viewer_v1.0\_internal\torch\_inductor\compile_worker\__init__.py","0","True","0"
"8_tools\EES331_Gesture_Viewer_v1.0\_internal\torch\_inductor\compile_worker\__main__.py","2325","True","2325"
"8_tools\EES331_Gesture_Viewer_v1.0\_internal\torch\_inductor\compile_worker\subproc_pool.py","17977","True","17977"
"8_tools\EES331_Gesture_Viewer_v1.0\_internal\torch\_inductor\compile_worker\timer.py","1920","True","1920"
"8_tools\EES331_Gesture_Viewer_v1.0\_internal\torch\_inductor\compile_worker\tracked_process_pool.py","3806","True","3806"
"8_tools\EES331_Gesture_Viewer_v1.0\_internal\torch\_inductor\compile_worker\utils.py","1683","True","1683"
"8_tools\EES331_Gesture_Viewer_v1.0\_internal\torch\_inductor\fx_passes\serialized_patterns\__init__.py","0","True","0"
"8_tools\EES331_Gesture_Viewer_v1.0\_internal\torch\_inductor\fx_passes\serialized_patterns\_sfdp_pattern_1.py","11351","True","11351"
"8_tools\EES331_Gesture_Viewer_v1.0\_internal\torch\_inductor\fx_passes\serialized_patterns\_sfdp_pattern_10.py","14421","True","14421"
"8_tools\EES331_Gesture_Viewer_v1.0\_internal\torch\_inductor\fx_passes\serialized_patterns\_sfdp_pattern_11.py","14191","True","14191"
"8_tools\EES331_Gesture_Viewer_v1.0\_internal\torch\_inductor\fx_passes\serialized_patterns\_sfdp_pattern_12.py","15477","True","15477"
"8_tools\EES331_Gesture_Viewer_v1.0\_internal\torch\_inductor\fx_passes\serialized_patterns\_sfdp_pattern_13.py","7992","True","7992"
"8_tools\EES331_Gesture_Viewer_v1.0\_internal\torch\_inductor\fx_passes\serialized_patterns\_sfdp_pattern_14.py","14533","True","14533"
"8_tools\EES331_Gesture_Viewer_v1.0\_internal\torch\_inductor\fx_passes\serialized_patterns\_sfdp_pattern_15.py","16443","True","16443"
"8_tools\EES331_Gesture_Viewer_v1.0\_internal\torch\_inductor\fx_passes\serialized_patterns\_sfdp_pattern_16.py","44195","True","44195"
"8_tools\EES331_Gesture_Viewer_v1.0\_internal\torch\_inductor\fx_passes\serialized_patterns\_sfdp_pattern_17.py","17687","True","17687"
"8_tools\EES331_Gesture_Viewer_v1.0\_internal\torch\_inductor\fx_passes\serialized_patterns\_sfdp_pattern_18.py","33189","True","33189"
"8_tools\EES331_Gesture_Viewer_v1.0\_internal\torch\_inductor\fx_passes\serialized_patterns\_sfdp_pattern_19.py","14255","True","14255"
"8_tools\EES331_Gesture_Viewer_v1.0\_internal\torch\_inductor\fx_passes\serialized_patterns\_sfdp_pattern_2.py","11361","True","11361"
"8_tools\EES331_Gesture_Viewer_v1.0\_internal\torch\_inductor\fx_passes\serialized_patterns\_sfdp_pattern_20.py","17585","True","17585"
"8_tools\EES331_Gesture_Viewer_v1.0\_internal\torch\_inductor\fx_passes\serialized_patterns\_sfdp_pattern_21.py","28637","True","28637"
"8_tools\EES331_Gesture_Viewer_v1.0\_internal\torch\_inductor\fx_passes\serialized_patterns\_sfdp_pattern_22.py","29337","True","29337"
"8_tools\EES331_Gesture_Viewer_v1.0\_internal\torch\_inductor\fx_passes\serialized_patterns\_sfdp_pattern_23.py","29157","True","29157"
"8_tools\EES331_Gesture_Viewer_v1.0\_internal\torch\_inductor\fx_passes\serialized_patterns\_sfdp_pattern_24.py","9427","True","9427"
"8_tools\EES331_Gesture_Viewer_v1.0\_internal\torch\_inductor\fx_passes\serialized_patterns\_sfdp_pattern_3.py","12637","True","12637"
"8_tools\EES331_Gesture_Viewer_v1.0\_internal\torch\_inductor\fx_passes\serialized_patterns\_sfdp_pattern_4.py","12601","True","12601"
"8_tools\EES331_Gesture_Viewer_v1.0\_internal\torch\_inductor\fx_passes\serialized_patterns\_sfdp_pattern_5.py","11591","True","11591"
"8_tools\EES331_Gesture_Viewer_v1.0\_internal\torch\_inductor\fx_passes\serialized_patterns\_sfdp_pattern_6.py","12835","True","12835"
"8_tools\EES331_Gesture_Viewer_v1.0\_internal\torch\_inductor\fx_passes\serialized_patterns\_sfdp_pattern_7.py","15657","True","15657"
"8_tools\EES331_Gesture_Viewer_v1.0\_internal\torch\_inductor\fx_passes\serialized_patterns\_sfdp_pattern_8.py","14409","True","14409"
"8_tools\EES331_Gesture_Viewer_v1.0\_internal\torch\_inductor\fx_passes\serialized_patterns\_sfdp_pattern_9.py","15665","True","15665"
"8_tools\EES331_Gesture_Viewer_v1.0\_internal\torch\_inductor\fx_passes\serialized_patterns\addmm_pattern.py","1911","True","1911"
"8_tools\EES331_Gesture_Viewer_v1.0\_internal\torch\_inductor\fx_passes\serialized_patterns\bmm_pattern.py","1317","True","1317"
"8_tools\EES331_Gesture_Viewer_v1.0\_internal\torch\_inductor\fx_passes\serialized_patterns\mm_pattern.py","1305","True","1305"
"8_tools\EES331_Gesture_Viewer_v1.0\_internal\torch\_inductor\fx_passes\__init__.py","0","True","0"
"8_tools\EES331_Gesture_Viewer_v1.0\_internal\torch\_inductor\fx_passes\b2b_gemm.py","26439","True","26439"
"8_tools\EES331_Gesture_Viewer_v1.0\_internal\torch\_inductor\fx_passes\binary_folding.py","20333","True","20333"
"8_tools\EES331_Gesture_Viewer_v1.0\_internal\torch\_inductor\fx_passes\bucketing.py","40233","True","40233"
"8_tools\EES331_Gesture_Viewer_v1.0\_internal\torch\_inductor\fx_passes\control_dependencies.py","8152","True","8152"
"8_tools\EES331_Gesture_Viewer_v1.0\_internal\torch\_inductor\fx_passes\ddp_fusion.py","21796","True","21796"
"8_tools\EES331_Gesture_Viewer_v1.0\_internal\torch\_inductor\fx_passes\decompose_mem_bound_mm.py","11502","True","11502"
"8_tools\EES331_Gesture_Viewer_v1.0\_internal\torch\_inductor\fx_passes\dedupe_symint_uses.py","2586","True","2586"
"8_tools\EES331_Gesture_Viewer_v1.0\_internal\torch\_inductor\fx_passes\efficient_conv_bn_eval.py","14528","True","14528"
"8_tools\EES331_Gesture_Viewer_v1.0\_internal\torch\_inductor\fx_passes\freezing_patterns.py","9951","True","9951"
"8_tools\EES331_Gesture_Viewer_v1.0\_internal\torch\_inductor\fx_passes\fsdp.py","3890","True","3890"
"8_tools\EES331_Gesture_Viewer_v1.0\_internal\torch\_inductor\fx_passes\fuse_attention.py","38336","True","38336"
"8_tools\EES331_Gesture_Viewer_v1.0\_internal\torch\_inductor\fx_passes\graph_view.py","9275","True","9275"
"8_tools\EES331_Gesture_Viewer_v1.0\_internal\torch\_inductor\fx_passes\group_batch_fusion.py","60772","True","60772"
"8_tools\EES331_Gesture_Viewer_v1.0\_internal\torch\_inductor\fx_passes\joint_graph.py","38446","True","38446"
"8_tools\EES331_Gesture_Viewer_v1.0\_internal\torch\_inductor\fx_passes\memory_estimator.py","17668","True","17668"
"8_tools\EES331_Gesture_Viewer_v1.0\_internal\torch\_inductor\fx_passes\micro_pipeline_tp.py","41460","True","41460"
"8_tools\EES331_Gesture_Viewer_v1.0\_internal\torch\_inductor\fx_passes\misc_patterns.py","5287","True","5287"
"8_tools\EES331_Gesture_Viewer_v1.0\_internal\torch\_inductor\fx_passes\mkldnn_fusion.py","64011","True","64011"
"8_tools\EES331_Gesture_Viewer_v1.0\_internal\torch\_inductor\fx_passes\node_runtime_estimation.py","10159","True","10159"
"8_tools\EES331_Gesture_Viewer_v1.0\_internal\torch\_inductor\fx_passes\numeric_utils.py","7498","True","7498"
"8_tools\EES331_Gesture_Viewer_v1.0\_internal\torch\_inductor\fx_passes\overlap_manual_scheduling.py","14937","True","14937"
"8_tools\EES331_Gesture_Viewer_v1.0\_internal\torch\_inductor\fx_passes\overlap_preserving_bucketer.py","35815","True","35815"
"8_tools\EES331_Gesture_Viewer_v1.0\_internal\torch\_inductor\fx_passes\overlap_scheduling.py","52452","True","52452"
"8_tools\EES331_Gesture_Viewer_v1.0\_internal\torch\_inductor\fx_passes\pad_mm.py","31273","True","31273"
"8_tools\EES331_Gesture_Viewer_v1.0\_internal\torch\_inductor\fx_passes\post_grad.py","70875","True","70875"
"8_tools\EES331_Gesture_Viewer_v1.0\_internal\torch\_inductor\fx_passes\pre_grad.py","31938","True","31938"
"8_tools\EES331_Gesture_Viewer_v1.0\_internal\torch\_inductor\fx_passes\quantization.py","147893","True","147893"
"8_tools\EES331_Gesture_Viewer_v1.0\_internal\torch\_inductor\fx_passes\reinplace.py","31791","True","31791"
"8_tools\EES331_Gesture_Viewer_v1.0\_internal\torch\_inductor\fx_passes\replace_random.py","4528","True","4528"
"8_tools\EES331_Gesture_Viewer_v1.0\_internal\torch\_inductor\fx_passes\split_cat.py","124493","True","124493"
"8_tools\EES331_Gesture_Viewer_v1.0\_internal\torch\_inductor\kernel\flex\__init__.py","156","True","156"
"8_tools\EES331_Gesture_Viewer_v1.0\_internal\torch\_inductor\kernel\flex\common.py","11851","True","11851"
"8_tools\EES331_Gesture_Viewer_v1.0\_internal\torch\_inductor\kernel\flex\flex_attention.py","34367","True","34367"
"8_tools\EES331_Gesture_Viewer_v1.0\_internal\torch\_inductor\kernel\flex\flex_cpu.py","12258","True","12258"
"8_tools\EES331_Gesture_Viewer_v1.0\_internal\torch\_inductor\kernel\flex\flex_decoding.py","15446","True","15446"
"8_tools\EES331_Gesture_Viewer_v1.0\_internal\torch\_inductor\kernel\flex\flex_flash_attention.py","16527","True","16527"
"8_tools\EES331_Gesture_Viewer_v1.0\_internal\torch\_inductor\kernel\vendored_templates\__init__.py","0","True","0"
"8_tools\EES331_Gesture_Viewer_v1.0\_internal\torch\_inductor\kernel\vendored_templates\cutedsl_grouped_gemm.py","97045","True","97045"
"8_tools\EES331_Gesture_Viewer_v1.0\_internal\torch\_inductor\kernel\__init__.py","47","True","47"
"8_tools\EES331_Gesture_Viewer_v1.0\_internal\torch\_inductor\kernel\bmm.py","11888","True","11888"
"8_tools\EES331_Gesture_Viewer_v1.0\_internal\torch\_inductor\kernel\conv.py","21972","True","21972"
"8_tools\EES331_Gesture_Viewer_v1.0\_internal\torch\_inductor\kernel\custom_op.py","20052","True","20052"
"8_tools\EES331_Gesture_Viewer_v1.0\_internal\torch\_inductor\kernel\mm_common.py","8341","True","8341"
"8_tools\EES331_Gesture_Viewer_v1.0\_internal\torch\_inductor\kernel\mm_grouped.py","28395","True","28395"
"8_tools\EES331_Gesture_Viewer_v1.0\_internal\torch\_inductor\kernel\mm_plus_mm.py","6074","True","6074"
"8_tools\EES331_Gesture_Viewer_v1.0\_internal\torch\_inductor\kernel\mm.py","38139","True","38139"
"8_tools\EES331_Gesture_Viewer_v1.0\_internal\torch\_inductor\lookup_table\__init__.py","909","True","909"
"8_tools\EES331_Gesture_Viewer_v1.0\_internal\torch\_inductor\lookup_table\choices.py","16491","True","16491"
"8_tools\EES331_Gesture_Viewer_v1.0\_internal\torch\_inductor\package\__init__.py","68","True","68"
"8_tools\EES331_Gesture_Viewer_v1.0\_internal\torch\_inductor\package\build_package.py","344","True","344"
"8_tools\EES331_Gesture_Viewer_v1.0\_internal\torch\_inductor\package\package.py","4565","True","4565"
"8_tools\EES331_Gesture_Viewer_v1.0\_internal\torch\_inductor\runtime\caching\__init__.py","2472","True","2472"
"8_tools\EES331_Gesture_Viewer_v1.0\_internal\torch\_inductor\runtime\caching\config.py","5582","True","5582"
"8_tools\EES331_Gesture_Viewer_v1.0\_internal\torch\_inductor\runtime\caching\context.py","10607","True","10607"
"8_tools\EES331_Gesture_Viewer_v1.0\_internal\torch\_inductor\runtime\caching\exceptions.py","6156","True","6156"
"8_tools\EES331_Gesture_Viewer_v1.0\_internal\torch\_inductor\runtime\caching\implementations.py","14106","True","14106"
"8_tools\EES331_Gesture_Viewer_v1.0\_internal\torch\_inductor\runtime\caching\interfaces.py","31650","True","31650"
"8_tools\EES331_Gesture_Viewer_v1.0\_internal\torch\_inductor\runtime\caching\locks.py","7713","True","7713"
"8_tools\EES331_Gesture_Viewer_v1.0\_internal\torch\_inductor\runtime\caching\utils.py","3541","True","3541"
"8_tools\EES331_Gesture_Viewer_v1.0\_internal\torch\_inductor\runtime\__init__.py","0","True","0"
"8_tools\EES331_Gesture_Viewer_v1.0\_internal\torch\_inductor\runtime\autotune_cache.py","23715","True","23715"
"8_tools\EES331_Gesture_Viewer_v1.0\_internal\torch\_inductor\runtime\benchmarking.py","18007","True","18007"
"8_tools\EES331_Gesture_Viewer_v1.0\_internal\torch\_inductor\runtime\cache_dir_utils.py","1498","True","1498"
"8_tools\EES331_Gesture_Viewer_v1.0\_internal\torch\_inductor\runtime\compile_tasks.py","2378","True","2378"
"8_tools\EES331_Gesture_Viewer_v1.0\_internal\torch\_inductor\runtime\coordinate_descent_tuner.py","14649","True","14649"
"8_tools\EES331_Gesture_Viewer_v1.0\_internal\torch\_inductor\runtime\debug_utils.py","4413","True","4413"
"8_tools\EES331_Gesture_Viewer_v1.0\_internal\torch\_inductor\runtime\halide_helpers.py","3660","True","3660"
"8_tools\EES331_Gesture_Viewer_v1.0\_internal\torch\_inductor\runtime\hints.py","7391","True","7391"
"8_tools\EES331_Gesture_Viewer_v1.0\_internal\torch\_inductor\runtime\runtime_utils.py","7214","True","7214"
"8_tools\EES331_Gesture_Viewer_v1.0\_internal\torch\_inductor\runtime\static_cuda_launcher.py","11198","True","11198"
"8_tools\EES331_Gesture_Viewer_v1.0\_internal\torch\_inductor\runtime\triton_compat.py","4551","True","4551"
"8_tools\EES331_Gesture_Viewer_v1.0\_internal\torch\_inductor\runtime\triton_helpers.py","24750","True","24750"
"8_tools\EES331_Gesture_Viewer_v1.0\_internal\torch\_inductor\runtime\triton_heuristics.py","148273","True","148273"
"8_tools\EES331_Gesture_Viewer_v1.0\_internal\torch\_inductor\template_heuristics\__init__.py","325","True","325"
"8_tools\EES331_Gesture_Viewer_v1.0\_internal\torch\_inductor\template_heuristics\aten.py","2967","True","2967"
"8_tools\EES331_Gesture_Viewer_v1.0\_internal\torch\_inductor\template_heuristics\base.py","2580","True","2580"
"8_tools\EES331_Gesture_Viewer_v1.0\_internal\torch\_inductor\template_heuristics\contiguous_mm.py","2304","True","2304"
"8_tools\EES331_Gesture_Viewer_v1.0\_internal\torch\_inductor\template_heuristics\cutedsl.py","4596","True","4596"
"8_tools\EES331_Gesture_Viewer_v1.0\_internal\torch\_inductor\template_heuristics\decompose_k.py","2453","True","2453"
"8_tools\EES331_Gesture_Viewer_v1.0\_internal\torch\_inductor\template_heuristics\gemm.py","558","True","558"
"8_tools\EES331_Gesture_Viewer_v1.0\_internal\torch\_inductor\template_heuristics\params.py","1299","True","1299"
"8_tools\EES331_Gesture_Viewer_v1.0\_internal\torch\_inductor\template_heuristics\registry.py","6216","True","6216"
"8_tools\EES331_Gesture_Viewer_v1.0\_internal\torch\_inductor\template_heuristics\triton_addmm.py","1122","True","1122"
"8_tools\EES331_Gesture_Viewer_v1.0\_internal\torch\_inductor\template_heuristics\triton.py","101224","True","101224"
"8_tools\EES331_Gesture_Viewer_v1.0\_internal\torch\_inductor\__autotune_main__.py","946","True","946"
"8_tools\EES331_Gesture_Viewer_v1.0\_internal\torch\_inductor\__init__.py","15329","True","15329"
"8_tools\EES331_Gesture_Viewer_v1.0\_internal\torch\_inductor\analyze_preserves_zero_mask.py","5656","True","5656"
"8_tools\EES331_Gesture_Viewer_v1.0\_internal\torch\_inductor\aoti_eager.py","11464","True","11464"
"8_tools\EES331_Gesture_Viewer_v1.0\_internal\torch\_inductor\async_compile.py","26965","True","26965"
"8_tools\EES331_Gesture_Viewer_v1.0\_internal\torch\_inductor\augmented_graph_helper.py","7238","True","7238"
"8_tools\EES331_Gesture_Viewer_v1.0\_internal\torch\_inductor\autotune_process.py","36358","True","36358"
"8_tools\EES331_Gesture_Viewer_v1.0\_internal\torch\_inductor\await_utils.py","6019","True","6019"
"8_tools\EES331_Gesture_Viewer_v1.0\_internal\torch\_inductor\bounds.py","9977","True","9977"
"8_tools\EES331_Gesture_Viewer_v1.0\_internal\torch\_inductor\cache.py","15242","True","15242"
"8_tools\EES331_Gesture_Viewer_v1.0\_internal\torch\_inductor\choices.py","27433","True","27433"
"8_tools\EES331_Gesture_Viewer_v1.0\_internal\torch\_inductor\codecache.py","178932","True","178932"
"8_tools\EES331_Gesture_Viewer_v1.0\_internal\torch\_inductor\comm_analysis.py","17294","True","17294"
"8_tools\EES331_Gesture_Viewer_v1.0\_internal\torch\_inductor\comm_lowering.py","14126","True","14126"
"8_tools\EES331_Gesture_Viewer_v1.0\_internal\torch\_inductor\comms_debug.py","4339","True","4339"
"8_tools\EES331_Gesture_Viewer_v1.0\_internal\torch\_inductor\comms.py","105181","True","105181"
"8_tools\EES331_Gesture_Viewer_v1.0\_internal\torch\_inductor\compile_fx_async.py","14910","True","14910"
"8_tools\EES331_Gesture_Viewer_v1.0\_internal\torch\_inductor\compile_fx_ext.py","23872","True","23872"
"8_tools\EES331_Gesture_Viewer_v1.0\_internal\torch\_inductor\compile_fx_subproc.py","3264","True","3264"
"8_tools\EES331_Gesture_Viewer_v1.0\_internal\torch\_inductor\compile_fx.py","120458","True","120458"
"8_tools\EES331_Gesture_Viewer_v1.0\_internal\torch\_inductor\compiler_bisector.py","23634","True","23634"
"8_tools\EES331_Gesture_Viewer_v1.0\_internal\torch\_inductor\config_comms.py","3149","True","3149"
"8_tools\EES331_Gesture_Viewer_v1.0\_internal\torch\_inductor\config.py","93695","True","93695"
"8_tools\EES331_Gesture_Viewer_v1.0\_internal\torch\_inductor\constant_folding.py","15659","True","15659"
"8_tools\EES331_Gesture_Viewer_v1.0\_internal\torch\_inductor\cpp_builder.py","88112","True","88112"
"8_tools\EES331_Gesture_Viewer_v1.0\_internal\torch\_inductor\cpu_vec_isa.py","18708","True","18708"
"8_tools\EES331_Gesture_Viewer_v1.0\_internal\torch\_inductor\cudagraph_trees.py","107150","True","107150"
"8_tools\EES331_Gesture_Viewer_v1.0\_internal\torch\_inductor\cudagraph_utils.py","14561","True","14561"
"8_tools\EES331_Gesture_Viewer_v1.0\_internal\torch\_inductor\custom_graph_pass.py","6044","True","6044"
"8_tools\EES331_Gesture_Viewer_v1.0\_internal\torch\_inductor\debug.py","48166","True","48166"
"8_tools\EES331_Gesture_Viewer_v1.0\_internal\torch\_inductor\decomposition.py","41991","True","41991"
"8_tools\EES331_Gesture_Viewer_v1.0\_internal\torch\_inductor\dependencies.py","32808","True","32808"
"8_tools\EES331_Gesture_Viewer_v1.0\_internal\torch\_inductor\distributed_autotune.py","12754","True","12754"
"8_tools\EES331_Gesture_Viewer_v1.0\_internal\torch\_inductor\dtype_propagation.py","12427","True","12427"
"8_tools\EES331_Gesture_Viewer_v1.0\_internal\torch\_inductor\exc.py","5029","True","5029"
"8_tools\EES331_Gesture_Viewer_v1.0\_internal\torch\_inductor\extern_node_serializer.py","854","True","854"
"8_tools\EES331_Gesture_Viewer_v1.0\_internal\torch\_inductor\freezing_utils.py","1323","True","1323"
"8_tools\EES331_Gesture_Viewer_v1.0\_internal\torch\_inductor\freezing.py","11343","True","11343"
"8_tools\EES331_Gesture_Viewer_v1.0\_internal\torch\_inductor\fuzzer.py","38532","True","38532"
"8_tools\EES331_Gesture_Viewer_v1.0\_internal\torch\_inductor\fx_utils.py","13634","True","13634"
"8_tools\EES331_Gesture_Viewer_v1.0\_internal\torch\_inductor\graph.py","111501","True","111501"
"8_tools\EES331_Gesture_Viewer_v1.0\_internal\torch\_inductor\hooks.py","697","True","697"
"8_tools\EES331_Gesture_Viewer_v1.0\_internal\torch\_inductor\index_propagation.py","13726","True","13726"
"8_tools\EES331_Gesture_Viewer_v1.0\_internal\torch\_inductor\inductor_prims.py","7560","True","7560"
"8_tools\EES331_Gesture_Viewer_v1.0\_internal\torch\_inductor\invert_expr_analysis.py","7165","True","7165"
"8_tools\EES331_Gesture_Viewer_v1.0\_internal\torch\_inductor\ir.py","360522","True","360522"
"8_tools\EES331_Gesture_Viewer_v1.0\_internal\torch\_inductor\jagged_lowerings.py","9486","True","9486"
"8_tools\EES331_Gesture_Viewer_v1.0\_internal\torch\_inductor\kernel_inputs.py","11159","True","11159"
"8_tools\EES331_Gesture_Viewer_v1.0\_internal\torch\_inductor\kernel_template_choice.py","3462","True","3462"
"8_tools\EES331_Gesture_Viewer_v1.0\_internal\torch\_inductor\loop_body.py","27801","True","27801"
"8_tools\EES331_Gesture_Viewer_v1.0\_internal\torch\_inductor\lowering.py","260212","True","260212"
"8_tools\EES331_Gesture_Viewer_v1.0\_internal\torch\_inductor\memory.py","41894","True","41894"
"8_tools\EES331_Gesture_Viewer_v1.0\_internal\torch\_inductor\metrics.py","15087","True","15087"
"8_tools\EES331_Gesture_Viewer_v1.0\_internal\torch\_inductor\mkldnn_ir.py","44977","True","44977"
"8_tools\EES331_Gesture_Viewer_v1.0\_internal\torch\_inductor\mkldnn_lowerings.py","58463","True","58463"
"8_tools\EES331_Gesture_Viewer_v1.0\_internal\torch\_inductor\mock_cache.py","8861","True","8861"
"8_tools\EES331_Gesture_Viewer_v1.0\_internal\torch\_inductor\ops_handler.py","37441","True","37441"
"8_tools\EES331_Gesture_Viewer_v1.0\_internal\torch\_inductor\optimize_indexing.py","4261","True","4261"
"8_tools\EES331_Gesture_Viewer_v1.0\_internal\torch\_inductor\output_code.py","40967","True","40967"
"8_tools\EES331_Gesture_Viewer_v1.0\_internal\torch\_inductor\pattern_matcher.py","86911","True","86911"
"8_tools\EES331_Gesture_Viewer_v1.0\_internal\torch\_inductor\quantized_lowerings.py","5897","True","5897"
"8_tools\EES331_Gesture_Viewer_v1.0\_internal\torch\_inductor\remote_cache.py","13775","True","13775"
"8_tools\EES331_Gesture_Viewer_v1.0\_internal\torch\_inductor\remote_gemm_autotune_cache.py","571","True","571"
"8_tools\EES331_Gesture_Viewer_v1.0\_internal\torch\_inductor\rocm_multiarch_utils.py","7773","True","7773"
"8_tools\EES331_Gesture_Viewer_v1.0\_internal\torch\_inductor\scheduler.py","263511","True","263511"
"8_tools\EES331_Gesture_Viewer_v1.0\_internal\torch\_inductor\select_algorithm.py","174942","True","174942"
"8_tools\EES331_Gesture_Viewer_v1.0\_internal\torch\_inductor\shape_propagation.py","4719","True","4719"
"8_tools\EES331_Gesture_Viewer_v1.0\_internal\torch\_inductor\sizevars.py","48490","True","48490"
"8_tools\EES331_Gesture_Viewer_v1.0\_internal\torch\_inductor\standalone_compile.py","17104","True","17104"
"8_tools\EES331_Gesture_Viewer_v1.0\_internal\torch\_inductor\subgraph_lowering.py","7520","True","7520"
"8_tools\EES331_Gesture_Viewer_v1.0\_internal\torch\_inductor\test_case.py","1526","True","1526"
"8_tools\EES331_Gesture_Viewer_v1.0\_internal\torch\_inductor\test_operators.py","890","True","890"
"8_tools\EES331_Gesture_Viewer_v1.0\_internal\torch\_inductor\tiling_utils.py","28439","True","28439"
"8_tools\EES331_Gesture_Viewer_v1.0\_internal\torch\_inductor\triton_bundler.py","16391","True","16391"
"8_tools\EES331_Gesture_Viewer_v1.0\_internal\torch\_inductor\utils.py","142412","True","142412"
"8_tools\EES331_Gesture_Viewer_v1.0\_internal\torch\_inductor\virtualized.py","15836","True","15836"
"8_tools\EES331_Gesture_Viewer_v1.0\_internal\torch\_inductor\wrapper_benchmark.py","16952","True","16952"
"8_tools\EES331_Gesture_Viewer_v1.0\_internal\torch\_lazy\__init__.py","1848","True","1848"
"8_tools\EES331_Gesture_Viewer_v1.0\_internal\torch\_lazy\closure.py","5814","True","5814"
"8_tools\EES331_Gesture_Viewer_v1.0\_internal\torch\_lazy\computation.py","946","True","946"
"8_tools\EES331_Gesture_Viewer_v1.0\_internal\torch\_lazy\config.py","464","True","464"
"8_tools\EES331_Gesture_Viewer_v1.0\_internal\torch\_lazy\debug.py","760","True","760"
"8_tools\EES331_Gesture_Viewer_v1.0\_internal\torch\_lazy\device_context.py","706","True","706"
"8_tools\EES331_Gesture_Viewer_v1.0\_internal\torch\_lazy\extract_compiled_graph.py","8679","True","8679"
"8_tools\EES331_Gesture_Viewer_v1.0\_internal\torch\_lazy\ir_cache.py","362","True","362"
"8_tools\EES331_Gesture_Viewer_v1.0\_internal\torch\_lazy\metrics.py","567","True","567"
"8_tools\EES331_Gesture_Viewer_v1.0\_internal\torch\_lazy\tensor_factory_functions.py","1417","True","1417"
"8_tools\EES331_Gesture_Viewer_v1.0\_internal\torch\_lazy\ts_backend.py","170","True","170"
"8_tools\EES331_Gesture_Viewer_v1.0\_internal\torch\_library\__init__.py","275","True","275"
"8_tools\EES331_Gesture_Viewer_v1.0\_internal\torch\_library\autograd.py","9021","True","9021"
"8_tools\EES331_Gesture_Viewer_v1.0\_internal\torch\_library\custom_ops.py","39400","True","39400"
"8_tools\EES331_Gesture_Viewer_v1.0\_internal\torch\_library\effects.py","2862","True","2862"
"8_tools\EES331_Gesture_Viewer_v1.0\_internal\torch\_library\fake_class_registry.py","16698","True","16698"
"8_tools\EES331_Gesture_Viewer_v1.0\_internal\torch\_library\fake_impl.py","8999","True","8999"
"8_tools\EES331_Gesture_Viewer_v1.0\_internal\torch\_library\fake_profile.py","11816","True","11816"
"8_tools\EES331_Gesture_Viewer_v1.0\_internal\torch\_library\infer_schema.py","14094","True","14094"
"8_tools\EES331_Gesture_Viewer_v1.0\_internal\torch\_library\opaque_object.py","7215","True","7215"
"8_tools\EES331_Gesture_Viewer_v1.0\_internal\torch\_library\simple_registry.py","3040","True","3040"
"8_tools\EES331_Gesture_Viewer_v1.0\_internal\torch\_library\triton.py","15705","True","15705"
"8_tools\EES331_Gesture_Viewer_v1.0\_internal\torch\_library\utils.py","23024","True","23024"
"8_tools\EES331_Gesture_Viewer_v1.0\_internal\torch\_logging\__init__.py","838","True","838"
"8_tools\EES331_Gesture_Viewer_v1.0\_internal\torch\_logging\_internal.py","53404","True","53404"
"8_tools\EES331_Gesture_Viewer_v1.0\_internal\torch\_logging\_registrations.py","8600","True","8600"
"8_tools\EES331_Gesture_Viewer_v1.0\_internal\torch\_logging\scribe.py","2639","True","2639"
"8_tools\EES331_Gesture_Viewer_v1.0\_internal\torch\_logging\structured.py","3031","True","3031"
"8_tools\EES331_Gesture_Viewer_v1.0\_internal\torch\_numpy\testing\__init__.py","395","True","395"
"8_tools\EES331_Gesture_Viewer_v1.0\_internal\torch\_numpy\testing\utils.py","79747","True","79747"
"8_tools\EES331_Gesture_Viewer_v1.0\_internal\torch\_numpy\__init__.py","624","True","624"
"8_tools\EES331_Gesture_Viewer_v1.0\_internal\torch\_numpy\_binary_ufuncs_impl.py","1956","True","1956"
"8_tools\EES331_Gesture_Viewer_v1.0\_internal\torch\_numpy\_casting_dicts.py","43846","True","43846"
"8_tools\EES331_Gesture_Viewer_v1.0\_internal\torch\_numpy\_dtypes_impl.py","6127","True","6127"
"8_tools\EES331_Gesture_Viewer_v1.0\_internal\torch\_numpy\_dtypes.py","10731","True","10731"
"8_tools\EES331_Gesture_Viewer_v1.0\_internal\torch\_numpy\_funcs_impl.py","61391","True","61391"
"8_tools\EES331_Gesture_Viewer_v1.0\_internal\torch\_numpy\_funcs.py","2173","True","2173"
"8_tools\EES331_Gesture_Viewer_v1.0\_internal\torch\_numpy\_getlimits.py","284","True","284"
"8_tools\EES331_Gesture_Viewer_v1.0\_internal\torch\_numpy\_ndarray.py","22082","True","22082"
"8_tools\EES331_Gesture_Viewer_v1.0\_internal\torch\_numpy\_normalizations.py","8992","True","8992"
"8_tools\EES331_Gesture_Viewer_v1.0\_internal\torch\_numpy\_reductions_impl.py","12260","True","12260"
"8_tools\EES331_Gesture_Viewer_v1.0\_internal\torch\_numpy\_ufuncs.py","8700","True","8700"
"8_tools\EES331_Gesture_Viewer_v1.0\_internal\torch\_numpy\_unary_ufuncs_impl.py","1233","True","1233"
"8_tools\EES331_Gesture_Viewer_v1.0\_internal\torch\_numpy\_util.py","7991","True","7991"
"8_tools\EES331_Gesture_Viewer_v1.0\_internal\torch\_numpy\fft.py","2935","True","2935"
"8_tools\EES331_Gesture_Viewer_v1.0\_internal\torch\_numpy\linalg.py","5891","True","5891"
"8_tools\EES331_Gesture_Viewer_v1.0\_internal\torch\_numpy\random.py","4843","True","4843"
"8_tools\EES331_Gesture_Viewer_v1.0\_internal\torch\_prims\__init__.py","85621","True","85621"
"8_tools\EES331_Gesture_Viewer_v1.0\_internal\torch\_prims\context.py","6409","True","6409"
"8_tools\EES331_Gesture_Viewer_v1.0\_internal\torch\_prims\debug_prims.py","2140","True","2140"
"8_tools\EES331_Gesture_Viewer_v1.0\_internal\torch\_prims\executor.py","1991","True","1991"
"8_tools\EES331_Gesture_Viewer_v1.0\_internal\torch\_prims\rng_prims.py","14969","True","14969"
"8_tools\EES331_Gesture_Viewer_v1.0\_internal\torch\_prims_common\__init__.py","74131","True","74131"
"8_tools\EES331_Gesture_Viewer_v1.0\_internal\torch\_prims_common\wrappers.py","19286","True","19286"
"8_tools\EES331_Gesture_Viewer_v1.0\_internal\torch\_refs\linalg\__init__.py","14882","True","14882"
"8_tools\EES331_Gesture_Viewer_v1.0\_internal\torch\_refs\nn\functional\__init__.py","44022","True","44022"
"8_tools\EES331_Gesture_Viewer_v1.0\_internal\torch\_refs\nn\__init__.py","25","True","25"
"8_tools\EES331_Gesture_Viewer_v1.0\_internal\torch\_refs\special\__init__.py","7154","True","7154"
"8_tools\EES331_Gesture_Viewer_v1.0\_internal\torch\_refs\__init__.py","230160","True","230160"
"8_tools\EES331_Gesture_Viewer_v1.0\_internal\torch\_refs\_conversions.py","3652","True","3652"
"8_tools\EES331_Gesture_Viewer_v1.0\_internal\torch\_refs\fft.py","18573","True","18573"
"8_tools\EES331_Gesture_Viewer_v1.0\_internal\torch\_strobelight\__init__.py","0","True","0"
"8_tools\EES331_Gesture_Viewer_v1.0\_internal\torch\_strobelight\cli_function_profiler.py","12141","True","12141"
"8_tools\EES331_Gesture_Viewer_v1.0\_internal\torch\_strobelight\compile_time_profiler.py","7789","True","7789"
"8_tools\EES331_Gesture_Viewer_v1.0\_internal\torch\_subclasses\complex_tensor\_ops\__init__.py","160","True","160"
"8_tools\EES331_Gesture_Viewer_v1.0\_internal\torch\_subclasses\complex_tensor\_ops\aten.py","29415","True","29415"
"8_tools\EES331_Gesture_Viewer_v1.0\_internal\torch\_subclasses\complex_tensor\_ops\common.py","9917","True","9917"
"8_tools\EES331_Gesture_Viewer_v1.0\_internal\torch\_subclasses\complex_tensor\_ops\prims.py","898","True","898"
"8_tools\EES331_Gesture_Viewer_v1.0\_internal\torch\_subclasses\complex_tensor\__init__.py","286","True","286"
"8_tools\EES331_Gesture_Viewer_v1.0\_internal\torch\_subclasses\complex_tensor\_core.py","5225","True","5225"
"8_tools\EES331_Gesture_Viewer_v1.0\_internal\torch\_subclasses\__init__.py","392","True","392"
"8_tools\EES331_Gesture_Viewer_v1.0\_internal\torch\_subclasses\_fake_tensor_utils.py","9121","True","9121"
"8_tools\EES331_Gesture_Viewer_v1.0\_internal\torch\_subclasses\fake_impls.py","50483","True","50483"
"8_tools\EES331_Gesture_Viewer_v1.0\_internal\torch\_subclasses\fake_tensor.py","139588","True","139588"
"8_tools\EES331_Gesture_Viewer_v1.0\_internal\torch\_subclasses\fake_utils.py","10616","True","10616"
"8_tools\EES331_Gesture_Viewer_v1.0\_internal\torch\_subclasses\functional_tensor.py","38743","True","38743"
"8_tools\EES331_Gesture_Viewer_v1.0\_internal\torch\_subclasses\meta_utils.py","90824","True","90824"
"8_tools\EES331_Gesture_Viewer_v1.0\_internal\torch\_subclasses\schema_check_mode.py","8869","True","8869"
"8_tools\EES331_Gesture_Viewer_v1.0\_internal\torch\_vendor\packaging\__init__.py","511","True","511"
"8_tools\EES331_Gesture_Viewer_v1.0\_internal\torch\_vendor\packaging\_structures.py","1492","True","1492"
"8_tools\EES331_Gesture_Viewer_v1.0\_internal\torch\_vendor\packaging\version.py","16799","True","16799"
"8_tools\EES331_Gesture_Viewer_v1.0\_internal\torch\_vendor\__init__.py","0","True","0"
"8_tools\EES331_Gesture_Viewer_v1.0\_internal\torch\accelerator\__init__.py","11075","True","11075"
"8_tools\EES331_Gesture_Viewer_v1.0\_internal\torch\accelerator\_utils.py","962","True","962"
"8_tools\EES331_Gesture_Viewer_v1.0\_internal\torch\accelerator\memory.py","10730","True","10730"
"8_tools\EES331_Gesture_Viewer_v1.0\_internal\torch\amp\__init__.py","190","True","190"
"8_tools\EES331_Gesture_Viewer_v1.0\_internal\torch\amp\autocast_mode.py","22434","True","22434"
"8_tools\EES331_Gesture_Viewer_v1.0\_internal\torch\amp\grad_scaler.py","31336","True","31336"
"8_tools\EES331_Gesture_Viewer_v1.0\_internal\torch\ao\nn\intrinsic\modules\__init__.py","696","True","696"
"8_tools\EES331_Gesture_Viewer_v1.0\_internal\torch\ao\nn\intrinsic\modules\fused.py","10757","True","10757"
"8_tools\EES331_Gesture_Viewer_v1.0\_internal\torch\ao\nn\intrinsic\qat\modules\__init__.py","579","True","579"
"8_tools\EES331_Gesture_Viewer_v1.0\_internal\torch\ao\nn\intrinsic\qat\modules\conv_fused.py","32236","True","32236"
"8_tools\EES331_Gesture_Viewer_v1.0\_internal\torch\ao\nn\intrinsic\qat\modules\linear_fused.py","6760","True","6760"
"8_tools\EES331_Gesture_Viewer_v1.0\_internal\torch\ao\nn\intrinsic\qat\modules\linear_relu.py","2258","True","2258"
"8_tools\EES331_Gesture_Viewer_v1.0\_internal\torch\ao\nn\intrinsic\qat\__init__.py","38","True","38"
"8_tools\EES331_Gesture_Viewer_v1.0\_internal\torch\ao\nn\intrinsic\quantized\dynamic\modules\__init__.py","76","True","76"
"8_tools\EES331_Gesture_Viewer_v1.0\_internal\torch\ao\nn\intrinsic\quantized\dynamic\modules\linear_relu.py","2295","True","2295"
"8_tools\EES331_Gesture_Viewer_v1.0\_internal\torch\ao\nn\intrinsic\quantized\dynamic\__init__.py","38","True","38"
"8_tools\EES331_Gesture_Viewer_v1.0\_internal\torch\ao\nn\intrinsic\quantized\modules\__init__.py","427","True","427"
"8_tools\EES331_Gesture_Viewer_v1.0\_internal\torch\ao\nn\intrinsic\quantized\modules\bn_relu.py","3760","True","3760"
"8_tools\EES331_Gesture_Viewer_v1.0\_internal\torch\ao\nn\intrinsic\quantized\modules\conv_add.py","4974","True","4974"
"8_tools\EES331_Gesture_Viewer_v1.0\_internal\torch\ao\nn\intrinsic\quantized\modules\conv_relu.py","9347","True","9347"
"8_tools\EES331_Gesture_Viewer_v1.0\_internal\torch\ao\nn\intrinsic\quantized\modules\linear_relu.py","7074","True","7074"
"8_tools\EES331_Gesture_Viewer_v1.0\_internal\torch\ao\nn\intrinsic\quantized\__init__.py","251","True","251"
"8_tools\EES331_Gesture_Viewer_v1.0\_internal\torch\ao\nn\intrinsic\__init__.py","1002","True","1002"
"8_tools\EES331_Gesture_Viewer_v1.0\_internal\torch\ao\nn\qat\dynamic\modules\__init__.py","54","True","54"
"8_tools\EES331_Gesture_Viewer_v1.0\_internal\torch\ao\nn\qat\dynamic\modules\linear.py","1255","True","1255"
"8_tools\EES331_Gesture_Viewer_v1.0\_internal\torch\ao\nn\qat\dynamic\__init__.py","38","True","38"
"8_tools\EES331_Gesture_Viewer_v1.0\_internal\torch\ao\nn\qat\modules\__init__.py","241","True","241"
"8_tools\EES331_Gesture_Viewer_v1.0\_internal\torch\ao\nn\qat\modules\conv.py","10113","True","10113"
"8_tools\EES331_Gesture_Viewer_v1.0\_internal\torch\ao\nn\qat\modules\embedding_ops.py","8118","True","8118"
"8_tools\EES331_Gesture_Viewer_v1.0\_internal\torch\ao\nn\qat\modules\linear.py","3148","True","3148"
"8_tools\EES331_Gesture_Viewer_v1.0\_internal\torch\ao\nn\qat\__init__.py","38","True","38"
"8_tools\EES331_Gesture_Viewer_v1.0\_internal\torch\ao\nn\quantizable\modules\__init__.py","154","True","154"
"8_tools\EES331_Gesture_Viewer_v1.0\_internal\torch\ao\nn\quantizable\modules\activation.py","24865","True","24865"
"8_tools\EES331_Gesture_Viewer_v1.0\_internal\torch\ao\nn\quantizable\modules\rnn.py","22430","True","22430"
"8_tools\EES331_Gesture_Viewer_v1.0\_internal\torch\ao\nn\quantizable\__init__.py","38","True","38"
"8_tools\EES331_Gesture_Viewer_v1.0\_internal\torch\ao\nn\quantized\dynamic\modules\__init__.py","439","True","439"
"8_tools\EES331_Gesture_Viewer_v1.0\_internal\torch\ao\nn\quantized\dynamic\modules\conv.py","18955","True","18955"
"8_tools\EES331_Gesture_Viewer_v1.0\_internal\torch\ao\nn\quantized\dynamic\modules\linear.py","6655","True","6655"
"8_tools\EES331_Gesture_Viewer_v1.0\_internal\torch\ao\nn\quantized\dynamic\modules\rnn.py","52819","True","52819"
"8_tools\EES331_Gesture_Viewer_v1.0\_internal\torch\ao\nn\quantized\dynamic\__init__.py","38","True","38"
"8_tools\EES331_Gesture_Viewer_v1.0\_internal\torch\ao\nn\quantized\modules\__init__.py","4683","True","4683"
"8_tools\EES331_Gesture_Viewer_v1.0\_internal\torch\ao\nn\quantized\modules\activation.py","12242","True","12242"
"8_tools\EES331_Gesture_Viewer_v1.0\_internal\torch\ao\nn\quantized\modules\batchnorm.py","4649","True","4649"
"8_tools\EES331_Gesture_Viewer_v1.0\_internal\torch\ao\nn\quantized\modules\conv.py","44759","True","44759"
"8_tools\EES331_Gesture_Viewer_v1.0\_internal\torch\ao\nn\quantized\modules\dropout.py","836","True","836"
"8_tools\EES331_Gesture_Viewer_v1.0\_internal\torch\ao\nn\quantized\modules\embedding_ops.py","15089","True","15089"
"8_tools\EES331_Gesture_Viewer_v1.0\_internal\torch\ao\nn\quantized\modules\functional_modules.py","9520","True","9520"
"8_tools\EES331_Gesture_Viewer_v1.0\_internal\torch\ao\nn\quantized\modules\linear.py","13973","True","13973"
"8_tools\EES331_Gesture_Viewer_v1.0\_internal\torch\ao\nn\quantized\modules\normalization.py","10407","True","10407"
"8_tools\EES331_Gesture_Viewer_v1.0\_internal\torch\ao\nn\quantized\modules\rnn.py","1957","True","1957"
"8_tools\EES331_Gesture_Viewer_v1.0\_internal\torch\ao\nn\quantized\modules\utils.py","4837","True","4837"
"8_tools\EES331_Gesture_Viewer_v1.0\_internal\torch\ao\nn\quantized\reference\modules\__init__.py","523","True","523"
"8_tools\EES331_Gesture_Viewer_v1.0\_internal\torch\ao\nn\quantized\reference\modules\conv.py","16190","True","16190"
"8_tools\EES331_Gesture_Viewer_v1.0\_internal\torch\ao\nn\quantized\reference\modules\linear.py","2323","True","2323"
"8_tools\EES331_Gesture_Viewer_v1.0\_internal\torch\ao\nn\quantized\reference\modules\rnn.py","30709","True","30709"
"8_tools\EES331_Gesture_Viewer_v1.0\_internal\torch\ao\nn\quantized\reference\modules\sparse.py","4846","True","4846"
"8_tools\EES331_Gesture_Viewer_v1.0\_internal\torch\ao\nn\quantized\reference\modules\utils.py","16106","True","16106"
"8_tools\EES331_Gesture_Viewer_v1.0\_internal\torch\ao\nn\quantized\reference\__init__.py","303","True","303"
"8_tools\EES331_Gesture_Viewer_v1.0\_internal\torch\ao\nn\quantized\__init__.py","725","True","725"
"8_tools\EES331_Gesture_Viewer_v1.0\_internal\torch\ao\nn\quantized\functional.py","30396","True","30396"
"8_tools\EES331_Gesture_Viewer_v1.0\_internal\torch\ao\nn\sparse\quantized\dynamic\__init__.py","63","True","63"
"8_tools\EES331_Gesture_Viewer_v1.0\_internal\torch\ao\nn\sparse\quantized\dynamic\linear.py","6619","True","6619"
"8_tools\EES331_Gesture_Viewer_v1.0\_internal\torch\ao\nn\sparse\quantized\__init__.py","178","True","178"
"8_tools\EES331_Gesture_Viewer_v1.0\_internal\torch\ao\nn\sparse\quantized\linear.py","9245","True","9245"
"8_tools\EES331_Gesture_Viewer_v1.0\_internal\torch\ao\nn\sparse\quantized\utils.py","2106","True","2106"
"8_tools\EES331_Gesture_Viewer_v1.0\_internal\torch\ao\nn\sparse\__init__.py","25","True","25"
"8_tools\EES331_Gesture_Viewer_v1.0\_internal\torch\ao\nn\__init__.py","869","True","869"
"8_tools\EES331_Gesture_Viewer_v1.0\_internal\torch\ao\ns\fx\__init__.py","0","True","0"
"8_tools\EES331_Gesture_Viewer_v1.0\_internal\torch\ao\ns\fx\graph_matcher.py","20486","True","20486"
"8_tools\EES331_Gesture_Viewer_v1.0\_internal\torch\ao\ns\fx\graph_passes.py","46894","True","46894"
"8_tools\EES331_Gesture_Viewer_v1.0\_internal\torch\ao\ns\fx\mappings.py","19209","True","19209"
"8_tools\EES331_Gesture_Viewer_v1.0\_internal\torch\ao\ns\fx\n_shadows_utils.py","54773","True","54773"
"8_tools\EES331_Gesture_Viewer_v1.0\_internal\torch\ao\ns\fx\ns_types.py","2420","True","2420"
"8_tools\EES331_Gesture_Viewer_v1.0\_internal\torch\ao\ns\fx\pattern_utils.py","8834","True","8834"
"8_tools\EES331_Gesture_Viewer_v1.0\_internal\torch\ao\ns\fx\qconfig_multi_mapping.py","10448","True","10448"
"8_tools\EES331_Gesture_Viewer_v1.0\_internal\torch\ao\ns\fx\utils.py","23385","True","23385"
"8_tools\EES331_Gesture_Viewer_v1.0\_internal\torch\ao\ns\fx\weight_utils.py","13088","True","13088"
"8_tools\EES331_Gesture_Viewer_v1.0\_internal\torch\ao\ns\__init__.py","0","True","0"
"8_tools\EES331_Gesture_Viewer_v1.0\_internal\torch\ao\ns\_numeric_suite_fx.py","42511","True","42511"
"8_tools\EES331_Gesture_Viewer_v1.0\_internal\torch\ao\ns\_numeric_suite.py","20633","True","20633"
"8_tools\EES331_Gesture_Viewer_v1.0\_internal\torch\ao\pruning\_experimental\activation_sparsifier\__init__.py","0","True","0"
"8_tools\EES331_Gesture_Viewer_v1.0\_internal\torch\ao\pruning\_experimental\activation_sparsifier\activation_sparsifier.py","19791","True","19791"
"8_tools\EES331_Gesture_Viewer_v1.0\_internal\torch\ao\pruning\_experimental\data_scheduler\__init__.py","98","True","98"
"8_tools\EES331_Gesture_Viewer_v1.0\_internal\torch\ao\pruning\_experimental\data_scheduler\base_data_scheduler.py","7932","True","7932"
"8_tools\EES331_Gesture_Viewer_v1.0\_internal\torch\ao\pruning\_experimental\data_sparsifier\lightning\callbacks\__init__.py","0","True","0"
"8_tools\EES331_Gesture_Viewer_v1.0\_internal\torch\ao\pruning\_experimental\data_sparsifier\lightning\callbacks\_data_sparstity_utils.py","1680","True","1680"
"8_tools\EES331_Gesture_Viewer_v1.0\_internal\torch\ao\pruning\_experimental\data_sparsifier\lightning\callbacks\data_sparsity.py","6776","True","6776"
"8_tools\EES331_Gesture_Viewer_v1.0\_internal\torch\ao\pruning\_experimental\data_sparsifier\lightning\__init__.py","0","True","0"
"8_tools\EES331_Gesture_Viewer_v1.0\_internal\torch\ao\pruning\_experimental\data_sparsifier\__init__.py","182","True","182"
"8_tools\EES331_Gesture_Viewer_v1.0\_internal\torch\ao\pruning\_experimental\data_sparsifier\base_data_sparsifier.py","13886","True","13886"
"8_tools\EES331_Gesture_Viewer_v1.0\_internal\torch\ao\pruning\_experimental\data_sparsifier\data_norm_sparsifier.py","7982","True","7982"
"8_tools\EES331_Gesture_Viewer_v1.0\_internal\torch\ao\pruning\_experimental\data_sparsifier\quantization_utils.py","6261","True","6261"
"8_tools\EES331_Gesture_Viewer_v1.0\_internal\torch\ao\pruning\_experimental\pruner\__init__.py","265","True","265"
"8_tools\EES331_Gesture_Viewer_v1.0\_internal\torch\ao\pruning\_experimental\pruner\base_structured_sparsifier.py","11285","True","11285"
"8_tools\EES331_Gesture_Viewer_v1.0\_internal\torch\ao\pruning\_experimental\pruner\FPGM_pruner.py","3567","True","3567"
"8_tools\EES331_Gesture_Viewer_v1.0\_internal\torch\ao\pruning\_experimental\pruner\lstm_saliency_pruner.py","2251","True","2251"
"8_tools\EES331_Gesture_Viewer_v1.0\_internal\torch\ao\pruning\_experimental\pruner\match_utils.py","2014","True","2014"
"8_tools\EES331_Gesture_Viewer_v1.0\_internal\torch\ao\pruning\_experimental\pruner\parametrization.py","2110","True","2110"
"8_tools\EES331_Gesture_Viewer_v1.0\_internal\torch\ao\pruning\_experimental\pruner\prune_functions.py","19770","True","19770"
"8_tools\EES331_Gesture_Viewer_v1.0\_internal\torch\ao\pruning\_experimental\pruner\saliency_pruner.py","1571","True","1571"
"8_tools\EES331_Gesture_Viewer_v1.0\_internal\torch\ao\pruning\_experimental\__init__.py","0","True","0"
"8_tools\EES331_Gesture_Viewer_v1.0\_internal\torch\ao\pruning\scheduler\__init__.py","0","True","0"
"8_tools\EES331_Gesture_Viewer_v1.0\_internal\torch\ao\pruning\scheduler\base_scheduler.py","6798","True","6798"
"8_tools\EES331_Gesture_Viewer_v1.0\_internal\torch\ao\pruning\scheduler\cubic_scheduler.py","3989","True","3989"
"8_tools\EES331_Gesture_Viewer_v1.0\_internal\torch\ao\pruning\scheduler\lambda_scheduler.py","2480","True","2480"
"8_tools\EES331_Gesture_Viewer_v1.0\_internal\torch\ao\pruning\sparsifier\__init__.py","0","True","0"
"8_tools\EES331_Gesture_Viewer_v1.0\_internal\torch\ao\pruning\sparsifier\base_sparsifier.py","14361","True","14361"
"8_tools\EES331_Gesture_Viewer_v1.0\_internal\torch\ao\pruning\sparsifier\nearly_diagonal_sparsifier.py","2323","True","2323"
"8_tools\EES331_Gesture_Viewer_v1.0\_internal\torch\ao\pruning\sparsifier\utils.py","5138","True","5138"
"8_tools\EES331_Gesture_Viewer_v1.0\_internal\torch\ao\pruning\sparsifier\weight_norm_sparsifier.py","9655","True","9655"
"8_tools\EES331_Gesture_Viewer_v1.0\_internal\torch\ao\pruning\__init__.py","663","True","663"
"8_tools\EES331_Gesture_Viewer_v1.0\_internal\torch\ao\pruning\_mappings.py","620","True","620"
"8_tools\EES331_Gesture_Viewer_v1.0\_internal\torch\ao\quantization\backend_config\__init__.py","945","True","945"
"8_tools\EES331_Gesture_Viewer_v1.0\_internal\torch\ao\quantization\backend_config\_common_operator_config_utils.py","28283","True","28283"
"8_tools\EES331_Gesture_Viewer_v1.0\_internal\torch\ao\quantization\backend_config\_qnnpack_pt2e.py","6612","True","6612"
"8_tools\EES331_Gesture_Viewer_v1.0\_internal\torch\ao\quantization\backend_config\backend_config.py","32260","True","32260"
"8_tools\EES331_Gesture_Viewer_v1.0\_internal\torch\ao\quantization\backend_config\executorch.py","17422","True","17422"
"8_tools\EES331_Gesture_Viewer_v1.0\_internal\torch\ao\quantization\backend_config\fbgemm.py","4337","True","4337"
"8_tools\EES331_Gesture_Viewer_v1.0\_internal\torch\ao\quantization\backend_config\native.py","8473","True","8473"
"8_tools\EES331_Gesture_Viewer_v1.0\_internal\torch\ao\quantization\backend_config\onednn.py","19755","True","19755"
"8_tools\EES331_Gesture_Viewer_v1.0\_internal\torch\ao\quantization\backend_config\qnnpack.py","5571","True","5571"
"8_tools\EES331_Gesture_Viewer_v1.0\_internal\torch\ao\quantization\backend_config\tensorrt.py","3119","True","3119"
"8_tools\EES331_Gesture_Viewer_v1.0\_internal\torch\ao\quantization\backend_config\utils.py","12852","True","12852"
"8_tools\EES331_Gesture_Viewer_v1.0\_internal\torch\ao\quantization\backend_config\x86.py","3995","True","3995"
"8_tools\EES331_Gesture_Viewer_v1.0\_internal\torch\ao\quantization\fx\_model_report\__init__.py","0","True","0"
"8_tools\EES331_Gesture_Viewer_v1.0\_internal\torch\ao\quantization\fx\_model_report\detector.py","78634","True","78634"
"8_tools\EES331_Gesture_Viewer_v1.0\_internal\torch\ao\quantization\fx\_model_report\model_report_observer.py","12369","True","12369"
"8_tools\EES331_Gesture_Viewer_v1.0\_internal\torch\ao\quantization\fx\_model_report\model_report_visualizer.py","33379","True","33379"
"8_tools\EES331_Gesture_Viewer_v1.0\_internal\torch\ao\quantization\fx\_model_report\model_report.py","30406","True","30406"
"8_tools\EES331_Gesture_Viewer_v1.0\_internal\torch\ao\quantization\fx\__init__.py","84","True","84"
"8_tools\EES331_Gesture_Viewer_v1.0\_internal\torch\ao\quantization\fx\_decomposed.py","45548","True","45548"
"8_tools\EES331_Gesture_Viewer_v1.0\_internal\torch\ao\quantization\fx\_equalize.py","41825","True","41825"
"8_tools\EES331_Gesture_Viewer_v1.0\_internal\torch\ao\quantization\fx\_lower_to_native_backend.py","58570","True","58570"
"8_tools\EES331_Gesture_Viewer_v1.0\_internal\torch\ao\quantization\fx\convert.py","61497","True","61497"
"8_tools\EES331_Gesture_Viewer_v1.0\_internal\torch\ao\quantization\fx\custom_config.py","22336","True","22336"
"8_tools\EES331_Gesture_Viewer_v1.0\_internal\torch\ao\quantization\fx\fuse_handler.py","4833","True","4833"
"8_tools\EES331_Gesture_Viewer_v1.0\_internal\torch\ao\quantization\fx\fuse.py","7591","True","7591"
"8_tools\EES331_Gesture_Viewer_v1.0\_internal\torch\ao\quantization\fx\graph_module.py","6812","True","6812"
"8_tools\EES331_Gesture_Viewer_v1.0\_internal\torch\ao\quantization\fx\lower_to_fbgemm.py","623","True","623"
"8_tools\EES331_Gesture_Viewer_v1.0\_internal\torch\ao\quantization\fx\lower_to_qnnpack.py","545","True","545"
"8_tools\EES331_Gesture_Viewer_v1.0\_internal\torch\ao\quantization\fx\lstm_utils.py","10772","True","10772"
"8_tools\EES331_Gesture_Viewer_v1.0\_internal\torch\ao\quantization\fx\match_utils.py","9194","True","9194"
"8_tools\EES331_Gesture_Viewer_v1.0\_internal\torch\ao\quantization\fx\pattern_utils.py","3780","True","3780"
"8_tools\EES331_Gesture_Viewer_v1.0\_internal\torch\ao\quantization\fx\prepare.py","92544","True","92544"
"8_tools\EES331_Gesture_Viewer_v1.0\_internal\torch\ao\quantization\fx\qconfig_mapping_utils.py","15850","True","15850"
"8_tools\EES331_Gesture_Viewer_v1.0\_internal\torch\ao\quantization\fx\quantize_handler.py","7551","True","7551"
"8_tools\EES331_Gesture_Viewer_v1.0\_internal\torch\ao\quantization\fx\tracer.py","1745","True","1745"
"8_tools\EES331_Gesture_Viewer_v1.0\_internal\torch\ao\quantization\fx\utils.py","39781","True","39781"
"8_tools\EES331_Gesture_Viewer_v1.0\_internal\torch\ao\quantization\pt2e\representation\__init__.py","116","True","116"
"8_tools\EES331_Gesture_Viewer_v1.0\_internal\torch\ao\quantization\pt2e\representation\rewrite.py","29212","True","29212"
"8_tools\EES331_Gesture_Viewer_v1.0\_internal\torch\ao\quantization\pt2e\__init__.py","0","True","0"
"8_tools\EES331_Gesture_Viewer_v1.0\_internal\torch\ao\quantization\pt2e\_affine_quantization.py","36122","True","36122"
"8_tools\EES331_Gesture_Viewer_v1.0\_internal\torch\ao\quantization\pt2e\_numeric_debugger.py","12429","True","12429"
"8_tools\EES331_Gesture_Viewer_v1.0\_internal\torch\ao\quantization\pt2e\duplicate_dq_pass.py","3210","True","3210"
"8_tools\EES331_Gesture_Viewer_v1.0\_internal\torch\ao\quantization\pt2e\export_utils.py","8230","True","8230"
"8_tools\EES331_Gesture_Viewer_v1.0\_internal\torch\ao\quantization\pt2e\graph_utils.py","6971","True","6971"
"8_tools\EES331_Gesture_Viewer_v1.0\_internal\torch\ao\quantization\pt2e\lowering.py","1952","True","1952"
"8_tools\EES331_Gesture_Viewer_v1.0\_internal\torch\ao\quantization\pt2e\port_metadata_pass.py","9396","True","9396"
"8_tools\EES331_Gesture_Viewer_v1.0\_internal\torch\ao\quantization\pt2e\prepare.py","23128","True","23128"
"8_tools\EES331_Gesture_Viewer_v1.0\_internal\torch\ao\quantization\pt2e\qat_utils.py","40624","True","40624"
"8_tools\EES331_Gesture_Viewer_v1.0\_internal\torch\ao\quantization\pt2e\utils.py","24371","True","24371"
"8_tools\EES331_Gesture_Viewer_v1.0\_internal\torch\ao\quantization\quantizer\__init__.py","477","True","477"
"8_tools\EES331_Gesture_Viewer_v1.0\_internal\torch\ao\quantization\quantizer\composable_quantizer.py","3095","True","3095"
"8_tools\EES331_Gesture_Viewer_v1.0\_internal\torch\ao\quantization\quantizer\embedding_quantizer.py","3491","True","3491"
"8_tools\EES331_Gesture_Viewer_v1.0\_internal\torch\ao\quantization\quantizer\quantizer.py","6799","True","6799"
"8_tools\EES331_Gesture_Viewer_v1.0\_internal\torch\ao\quantization\quantizer\utils.py","3512","True","3512"
"8_tools\EES331_Gesture_Viewer_v1.0\_internal\torch\ao\quantization\quantizer\x86_inductor_quantizer.py","68124","True","68124"
"8_tools\EES331_Gesture_Viewer_v1.0\_internal\torch\ao\quantization\quantizer\xnnpack_quantizer_utils.py","42955","True","42955"
"8_tools\EES331_Gesture_Viewer_v1.0\_internal\torch\ao\quantization\quantizer\xnnpack_quantizer.py","16755","True","16755"
"8_tools\EES331_Gesture_Viewer_v1.0\_internal\torch\ao\quantization\quantizer\xpu_inductor_quantizer.py","3914","True","3914"
"8_tools\EES331_Gesture_Viewer_v1.0\_internal\torch\ao\quantization\__init__.py","7860","True","7860"
"8_tools\EES331_Gesture_Viewer_v1.0\_internal\torch\ao\quantization\_correct_bias.py","5571","True","5571"
"8_tools\EES331_Gesture_Viewer_v1.0\_internal\torch\ao\quantization\_equalize.py","9772","True","9772"
"8_tools\EES331_Gesture_Viewer_v1.0\_internal\torch\ao\quantization\_learnable_fake_quantize.py","8158","True","8158"
"8_tools\EES331_Gesture_Viewer_v1.0\_internal\torch\ao\quantization\fake_quantize.py","24226","True","24226"
"8_tools\EES331_Gesture_Viewer_v1.0\_internal\torch\ao\quantization\fuse_modules.py","7009","True","7009"
"8_tools\EES331_Gesture_Viewer_v1.0\_internal\torch\ao\quantization\fuser_method_mappings.py","11285","True","11285"
"8_tools\EES331_Gesture_Viewer_v1.0\_internal\torch\ao\quantization\observer.py","82466","True","82466"
"8_tools\EES331_Gesture_Viewer_v1.0\_internal\torch\ao\quantization\qconfig_mapping.py","15230","True","15230"
"8_tools\EES331_Gesture_Viewer_v1.0\_internal\torch\ao\quantization\qconfig.py","25537","True","25537"
"8_tools\EES331_Gesture_Viewer_v1.0\_internal\torch\ao\quantization\quant_type.py","795","True","795"
"8_tools\EES331_Gesture_Viewer_v1.0\_internal\torch\ao\quantization\quantization_mappings.py","14254","True","14254"
"8_tools\EES331_Gesture_Viewer_v1.0\_internal\torch\ao\quantization\quantize_fx.py","33223","True","33223"
"8_tools\EES331_Gesture_Viewer_v1.0\_internal\torch\ao\quantization\quantize_jit.py","15122","True","15122"
"8_tools\EES331_Gesture_Viewer_v1.0\_internal\torch\ao\quantization\quantize_pt2e.py","9738","True","9738"
"8_tools\EES331_Gesture_Viewer_v1.0\_internal\torch\ao\quantization\quantize.py","32225","True","32225"
"8_tools\EES331_Gesture_Viewer_v1.0\_internal\torch\ao\quantization\stubs.py","2356","True","2356"
"8_tools\EES331_Gesture_Viewer_v1.0\_internal\torch\ao\quantization\utils.py","30976","True","30976"
"8_tools\EES331_Gesture_Viewer_v1.0\_internal\torch\ao\__init__.py","709","True","709"
"8_tools\EES331_Gesture_Viewer_v1.0\_internal\torch\autograd\_functions\__init__.py","37","True","37"
"8_tools\EES331_Gesture_Viewer_v1.0\_internal\torch\autograd\_functions\tensor.py","2568","True","2568"
"8_tools\EES331_Gesture_Viewer_v1.0\_internal\torch\autograd\_functions\utils.py","779","True","779"
"8_tools\EES331_Gesture_Viewer_v1.0\_internal\torch\autograd\__init__.py","26800","True","26800"
"8_tools\EES331_Gesture_Viewer_v1.0\_internal\torch\autograd\anomaly_mode.py","5087","True","5087"
"8_tools\EES331_Gesture_Viewer_v1.0\_internal\torch\autograd\forward_ad.py","7868","True","7868"
"8_tools\EES331_Gesture_Viewer_v1.0\_internal\torch\autograd\function.py","34392","True","34392"
"8_tools\EES331_Gesture_Viewer_v1.0\_internal\torch\autograd\functional.py","54533","True","54533"
"8_tools\EES331_Gesture_Viewer_v1.0\_internal\torch\autograd\grad_mode.py","14613","True","14613"
"8_tools\EES331_Gesture_Viewer_v1.0\_internal\torch\autograd\gradcheck.py","94303","True","94303"
"8_tools\EES331_Gesture_Viewer_v1.0\_internal\torch\autograd\graph.py","32663","True","32663"
"8_tools\EES331_Gesture_Viewer_v1.0\_internal\torch\autograd\profiler_legacy.py","12537","True","12537"
"8_tools\EES331_Gesture_Viewer_v1.0\_internal\torch\autograd\profiler_util.py","57060","True","57060"
"8_tools\EES331_Gesture_Viewer_v1.0\_internal\torch\autograd\profiler.py","51385","True","51385"
"8_tools\EES331_Gesture_Viewer_v1.0\_internal\torch\autograd\variable.py","406","True","406"
"8_tools\EES331_Gesture_Viewer_v1.0\_internal\torch\backends\_coreml\__init__.py","0","True","0"
"8_tools\EES331_Gesture_Viewer_v1.0\_internal\torch\backends\_coreml\preprocess.py","4451","True","4451"
"8_tools\EES331_Gesture_Viewer_v1.0\_internal\torch\backends\_nnapi\__init__.py","0","True","0"
"8_tools\EES331_Gesture_Viewer_v1.0\_internal\torch\backends\_nnapi\prepare.py","6758","True","6758"
"8_tools\EES331_Gesture_Viewer_v1.0\_internal\torch\backends\_nnapi\serializer.py","85305","True","85305"
"8_tools\EES331_Gesture_Viewer_v1.0\_internal\torch\backends\cpu\__init__.py","335","True","335"
"8_tools\EES331_Gesture_Viewer_v1.0\_internal\torch\backends\cuda\__init__.py","22146","True","22146"
"8_tools\EES331_Gesture_Viewer_v1.0\_internal\torch\backends\cudnn\__init__.py","8473","True","8473"
"8_tools\EES331_Gesture_Viewer_v1.0\_internal\torch\backends\cudnn\rnn.py","2373","True","2373"
"8_tools\EES331_Gesture_Viewer_v1.0\_internal\torch\backends\cusparselt\__init__.py","1342","True","1342"
"8_tools\EES331_Gesture_Viewer_v1.0\_internal\torch\backends\kleidiai\__init__.py","169","True","169"
"8_tools\EES331_Gesture_Viewer_v1.0\_internal\torch\backends\mha\__init__.py","743","True","743"
"8_tools\EES331_Gesture_Viewer_v1.0\_internal\torch\backends\miopen\__init__.py","1258","True","1258"
"8_tools\EES331_Gesture_Viewer_v1.0\_internal\torch\backends\mkl\__init__.py","1841","True","1841"
"8_tools\EES331_Gesture_Viewer_v1.0\_internal\torch\backends\mkldnn\__init__.py","4461","True","4461"
"8_tools\EES331_Gesture_Viewer_v1.0\_internal\torch\backends\mps\__init__.py","2209","True","2209"
"8_tools\EES331_Gesture_Viewer_v1.0\_internal\torch\backends\nnpack\__init__.py","869","True","869"
"8_tools\EES331_Gesture_Viewer_v1.0\_internal\torch\backends\openmp\__init__.py","164","True","164"
"8_tools\EES331_Gesture_Viewer_v1.0\_internal\torch\backends\opt_einsum\__init__.py","3953","True","3953"
"8_tools\EES331_Gesture_Viewer_v1.0\_internal\torch\backends\quantized\__init__.py","1926","True","1926"
"8_tools\EES331_Gesture_Viewer_v1.0\_internal\torch\backends\xeon\__init__.py","0","True","0"
"8_tools\EES331_Gesture_Viewer_v1.0\_internal\torch\backends\xeon\run_cpu.py","38663","True","38663"
"8_tools\EES331_Gesture_Viewer_v1.0\_internal\torch\backends\xnnpack\__init__.py","731","True","731"
"8_tools\EES331_Gesture_Viewer_v1.0\_internal\torch\backends\__init__.py","3725","True","3725"
"8_tools\EES331_Gesture_Viewer_v1.0\_internal\torch\bin\protoc.exe","2800640","True","2800640"
"8_tools\EES331_Gesture_Viewer_v1.0\_internal\torch\compiler\__init__.py","25714","True","25714"
"8_tools\EES331_Gesture_Viewer_v1.0\_internal\torch\compiler\_cache.py","11327","True","11327"
"8_tools\EES331_Gesture_Viewer_v1.0\_internal\torch\compiler\config.py","11045","True","11045"
"8_tools\EES331_Gesture_Viewer_v1.0\_internal\torch\contrib\__init__.py","0","True","0"
"8_tools\EES331_Gesture_Viewer_v1.0\_internal\torch\contrib\_tensorboard_vis.py","6027","True","6027"
"8_tools\EES331_Gesture_Viewer_v1.0\_internal\torch\cpu\amp\__init__.py","106","True","106"
"8_tools\EES331_Gesture_Viewer_v1.0\_internal\torch\cpu\amp\autocast_mode.py","2251","True","2251"
"8_tools\EES331_Gesture_Viewer_v1.0\_internal\torch\cpu\amp\grad_scaler.py","993","True","993"
"8_tools\EES331_Gesture_Viewer_v1.0\_internal\torch\cpu\__init__.py","5032","True","5032"
"8_tools\EES331_Gesture_Viewer_v1.0\_internal\torch\cuda\amp\__init__.py","311","True","311"
"8_tools\EES331_Gesture_Viewer_v1.0\_internal\torch\cuda\amp\autocast_mode.py","3587","True","3587"
"8_tools\EES331_Gesture_Viewer_v1.0\_internal\torch\cuda\amp\common.py","241","True","241"
"8_tools\EES331_Gesture_Viewer_v1.0\_internal\torch\cuda\amp\grad_scaler.py","1111","True","1111"
"8_tools\EES331_Gesture_Viewer_v1.0\_internal\torch\cuda\__init__.py","67708","True","67708"
"8_tools\EES331_Gesture_Viewer_v1.0\_internal\torch\cuda\_device_limits.py","5640","True","5640"
"8_tools\EES331_Gesture_Viewer_v1.0\_internal\torch\cuda\_gpu_trace.py","2459","True","2459"
"8_tools\EES331_Gesture_Viewer_v1.0\_internal\torch\cuda\_memory_viz.py","29012","True","29012"
"8_tools\EES331_Gesture_Viewer_v1.0\_internal\torch\cuda\_pin_memory_utils.py","771","True","771"
"8_tools\EES331_Gesture_Viewer_v1.0\_internal\torch\cuda\_sanitizer.py","24841","True","24841"
"8_tools\EES331_Gesture_Viewer_v1.0\_internal\torch\cuda\_utils.py","19652","True","19652"
"8_tools\EES331_Gesture_Viewer_v1.0\_internal\torch\cuda\comm.py","363","True","363"
"8_tools\EES331_Gesture_Viewer_v1.0\_internal\torch\cuda\gds.py","6000","True","6000"
"8_tools\EES331_Gesture_Viewer_v1.0\_internal\torch\cuda\graphs.py","28778","True","28778"
"8_tools\EES331_Gesture_Viewer_v1.0\_internal\torch\cuda\green_contexts.py","1601","True","1601"
"8_tools\EES331_Gesture_Viewer_v1.0\_internal\torch\cuda\jiterator.py","7050","True","7050"
"8_tools\EES331_Gesture_Viewer_v1.0\_internal\torch\cuda\memory.py","55798","True","55798"
"8_tools\EES331_Gesture_Viewer_v1.0\_internal\torch\cuda\nccl.py","4743","True","4743"
"8_tools\EES331_Gesture_Viewer_v1.0\_internal\torch\cuda\nvtx.py","3834","True","3834"
"8_tools\EES331_Gesture_Viewer_v1.0\_internal\torch\cuda\profiler.py","2487","True","2487"
"8_tools\EES331_Gesture_Viewer_v1.0\_internal\torch\cuda\random.py","5625","True","5625"
"8_tools\EES331_Gesture_Viewer_v1.0\_internal\torch\cuda\sparse.py","68","True","68"
"8_tools\EES331_Gesture_Viewer_v1.0\_internal\torch\cuda\streams.py","10455","True","10455"
"8_tools\EES331_Gesture_Viewer_v1.0\_internal\torch\cuda\tunable.py","31390","True","31390"
"8_tools\EES331_Gesture_Viewer_v1.0\_internal\torch\distributed\_composable\fsdp\__init__.py","172","True","172"
"8_tools\EES331_Gesture_Viewer_v1.0\_internal\torch\distributed\_composable\fsdp\fully_shard.py","248","True","248"
"8_tools\EES331_Gesture_Viewer_v1.0\_internal\torch\distributed\_composable\__init__.py","128","True","128"
"8_tools\EES331_Gesture_Viewer_v1.0\_internal\torch\distributed\_composable\checkpoint_activation.py","4919","True","4919"
"8_tools\EES331_Gesture_Viewer_v1.0\_internal\torch\distributed\_composable\contract.py","11167","True","11167"
"8_tools\EES331_Gesture_Viewer_v1.0\_internal\torch\distributed\_composable\replicate_with_fsdp.py","14637","True","14637"
"8_tools\EES331_Gesture_Viewer_v1.0\_internal\torch\distributed\_composable\replicate.py","9453","True","9453"
"8_tools\EES331_Gesture_Viewer_v1.0\_internal\torch\distributed\_local_tensor\__init__.py","77504","True","77504"
"8_tools\EES331_Gesture_Viewer_v1.0\_internal\torch\distributed\_local_tensor\_c10d.py","41407","True","41407"
"8_tools\EES331_Gesture_Viewer_v1.0\_internal\torch\distributed\_pycute\__init__.py","2530","True","2530"
"8_tools\EES331_Gesture_Viewer_v1.0\_internal\torch\distributed\_pycute\int_tuple.py","10049","True","10049"
"8_tools\EES331_Gesture_Viewer_v1.0\_internal\torch\distributed\_pycute\layout.py","18393","True","18393"
"8_tools\EES331_Gesture_Viewer_v1.0\_internal\torch\distributed\_pycute\typing.py","2104","True","2104"
"8_tools\EES331_Gesture_Viewer_v1.0\_internal\torch\distributed\_shard\checkpoint\__init__.py","603","True","603"
"8_tools\EES331_Gesture_Viewer_v1.0\_internal\torch\distributed\_shard\sharded_optim\__init__.py","1916","True","1916"
"8_tools\EES331_Gesture_Viewer_v1.0\_internal\torch\distributed\_shard\sharded_optim\api.py","4366","True","4366"
"8_tools\EES331_Gesture_Viewer_v1.0\_internal\torch\distributed\_shard\sharded_tensor\_ops\__init__.py","511","True","511"
"8_tools\EES331_Gesture_Viewer_v1.0\_internal\torch\distributed\_shard\sharded_tensor\_ops\_common.py","4395","True","4395"
"8_tools\EES331_Gesture_Viewer_v1.0\_internal\torch\distributed\_shard\sharded_tensor\_ops\binary_cmp.py","2814","True","2814"
"8_tools\EES331_Gesture_Viewer_v1.0\_internal\torch\distributed\_shard\sharded_tensor\_ops\init.py","6236","True","6236"
"8_tools\EES331_Gesture_Viewer_v1.0\_internal\torch\distributed\_shard\sharded_tensor\_ops\misc_ops.py","509","True","509"
"8_tools\EES331_Gesture_Viewer_v1.0\_internal\torch\distributed\_shard\sharded_tensor\_ops\tensor_ops.py","8041","True","8041"
"8_tools\EES331_Gesture_Viewer_v1.0\_internal\torch\distributed\_shard\sharded_tensor\__init__.py","19737","True","19737"
"8_tools\EES331_Gesture_Viewer_v1.0\_internal\torch\distributed\_shard\sharded_tensor\api.py","56407","True","56407"
"8_tools\EES331_Gesture_Viewer_v1.0\_internal\torch\distributed\_shard\sharded_tensor\logger.py","1119","True","1119"
"8_tools\EES331_Gesture_Viewer_v1.0\_internal\torch\distributed\_shard\sharded_tensor\logging_handlers.py","375","True","375"
"8_tools\EES331_Gesture_Viewer_v1.0\_internal\torch\distributed\_shard\sharded_tensor\metadata.py","3092","True","3092"
"8_tools\EES331_Gesture_Viewer_v1.0\_internal\torch\distributed\_shard\sharded_tensor\reshard.py","10969","True","10969"
"8_tools\EES331_Gesture_Viewer_v1.0\_internal\torch\distributed\_shard\sharded_tensor\shard.py","2422","True","2422"
"8_tools\EES331_Gesture_Viewer_v1.0\_internal\torch\distributed\_shard\sharded_tensor\utils.py","12056","True","12056"
"8_tools\EES331_Gesture_Viewer_v1.0\_internal\torch\distributed\_shard\sharding_plan\__init__.py","48","True","48"
"8_tools\EES331_Gesture_Viewer_v1.0\_internal\torch\distributed\_shard\sharding_plan\api.py","3688","True","3688"
"8_tools\EES331_Gesture_Viewer_v1.0\_internal\torch\distributed\_shard\sharding_spec\chunk_sharding_spec_ops\__init__.py","0","True","0"
"8_tools\EES331_Gesture_Viewer_v1.0\_internal\torch\distributed\_shard\sharding_spec\chunk_sharding_spec_ops\_common.py","13473","True","13473"
"8_tools\EES331_Gesture_Viewer_v1.0\_internal\torch\distributed\_shard\sharding_spec\chunk_sharding_spec_ops\embedding_bag.py","18922","True","18922"
"8_tools\EES331_Gesture_Viewer_v1.0\_internal\torch\distributed\_shard\sharding_spec\chunk_sharding_spec_ops\embedding.py","11503","True","11503"
"8_tools\EES331_Gesture_Viewer_v1.0\_internal\torch\distributed\_shard\sharding_spec\__init__.py","301","True","301"
"8_tools\EES331_Gesture_Viewer_v1.0\_internal\torch\distributed\_shard\sharding_spec\_internals.py","8761","True","8761"
"8_tools\EES331_Gesture_Viewer_v1.0\_internal\torch\distributed\_shard\sharding_spec\api.py","10112","True","10112"
"8_tools\EES331_Gesture_Viewer_v1.0\_internal\torch\distributed\_shard\sharding_spec\chunk_sharding_spec.py","9503","True","9503"
"8_tools\EES331_Gesture_Viewer_v1.0\_internal\torch\distributed\_shard\__init__.py","88","True","88"
"8_tools\EES331_Gesture_Viewer_v1.0\_internal\torch\distributed\_shard\_utils.py","1102","True","1102"
"8_tools\EES331_Gesture_Viewer_v1.0\_internal\torch\distributed\_shard\api.py","12670","True","12670"
"8_tools\EES331_Gesture_Viewer_v1.0\_internal\torch\distributed\_shard\common_op_utils.py","2212","True","2212"
"8_tools\EES331_Gesture_Viewer_v1.0\_internal\torch\distributed\_shard\metadata.py","2231","True","2231"
"8_tools\EES331_Gesture_Viewer_v1.0\_internal\torch\distributed\_shard\op_registry_utils.py","1072","True","1072"
"8_tools\EES331_Gesture_Viewer_v1.0\_internal\torch\distributed\_shard\sharder.py","930","True","930"
"8_tools\EES331_Gesture_Viewer_v1.0\_internal\torch\distributed\_sharded_tensor\__init__.py","638","True","638"
"8_tools\EES331_Gesture_Viewer_v1.0\_internal\torch\distributed\_sharding_spec\__init__.py","668","True","668"
"8_tools\EES331_Gesture_Viewer_v1.0\_internal\torch\distributed\_symmetric_memory\__init__.py","76855","True","76855"
"8_tools\EES331_Gesture_Viewer_v1.0\_internal\torch\distributed\_symmetric_memory\_nvshmem_triton.py","48194","True","48194"
"8_tools\EES331_Gesture_Viewer_v1.0\_internal\torch\distributed\_tensor\__init__.py","1014","True","1014"
"8_tools\EES331_Gesture_Viewer_v1.0\_internal\torch\distributed\_tensor\api.py","309","True","309"
"8_tools\EES331_Gesture_Viewer_v1.0\_internal\torch\distributed\_tensor\placement_types.py","394","True","394"
"8_tools\EES331_Gesture_Viewer_v1.0\_internal\torch\distributed\_tools\__init__.py","339","True","339"
"8_tools\EES331_Gesture_Viewer_v1.0\_internal\torch\distributed\_tools\common_utils.py","1221","True","1221"
"8_tools\EES331_Gesture_Viewer_v1.0\_internal\torch\distributed\_tools\fake_collectives.py","12173","True","12173"
"8_tools\EES331_Gesture_Viewer_v1.0\_internal\torch\distributed\_tools\fsdp2_mem_tracker.py","25961","True","25961"
"8_tools\EES331_Gesture_Viewer_v1.0\_internal\torch\distributed\_tools\ilp_utils.py","10386","True","10386"
"8_tools\EES331_Gesture_Viewer_v1.0\_internal\torch\distributed\_tools\mem_tracker.py","43368","True","43368"
"8_tools\EES331_Gesture_Viewer_v1.0\_internal\torch\distributed\_tools\memory_tracker.py","12166","True","12166"
"8_tools\EES331_Gesture_Viewer_v1.0\_internal\torch\distributed\_tools\mod_tracker.py","10526","True","10526"
"8_tools\EES331_Gesture_Viewer_v1.0\_internal\torch\distributed\_tools\runtime_estimator.py","17127","True","17127"
"8_tools\EES331_Gesture_Viewer_v1.0\_internal\torch\distributed\_tools\sac_estimator.py","43272","True","43272"
"8_tools\EES331_Gesture_Viewer_v1.0\_internal\torch\distributed\_tools\sac_ilp.py","11581","True","11581"
"8_tools\EES331_Gesture_Viewer_v1.0\_internal\torch\distributed\algorithms\_checkpoint\__init__.py","0","True","0"
"8_tools\EES331_Gesture_Viewer_v1.0\_internal\torch\distributed\algorithms\_checkpoint\checkpoint_wrapper.py","12547","True","12547"
"8_tools\EES331_Gesture_Viewer_v1.0\_internal\torch\distributed\algorithms\_comm_hooks\__init__.py","138","True","138"
"8_tools\EES331_Gesture_Viewer_v1.0\_internal\torch\distributed\algorithms\_comm_hooks\default_hooks.py","7807","True","7807"
"8_tools\EES331_Gesture_Viewer_v1.0\_internal\torch\distributed\algorithms\_optimizer_overlap\__init__.py","53","True","53"
"8_tools\EES331_Gesture_Viewer_v1.0\_internal\torch\distributed\algorithms\_optimizer_overlap\optimizer_overlap.py","3849","True","3849"
"8_tools\EES331_Gesture_Viewer_v1.0\_internal\torch\distributed\algorithms\_quantization\__init__.py","0","True","0"
"8_tools\EES331_Gesture_Viewer_v1.0\_internal\torch\distributed\algorithms\_quantization\quantization.py","5797","True","5797"
"8_tools\EES331_Gesture_Viewer_v1.0\_internal\torch\distributed\algorithms\ddp_comm_hooks\__init__.py","4307","True","4307"
"8_tools\EES331_Gesture_Viewer_v1.0\_internal\torch\distributed\algorithms\ddp_comm_hooks\ddp_zero_hook.py","19947","True","19947"
"8_tools\EES331_Gesture_Viewer_v1.0\_internal\torch\distributed\algorithms\ddp_comm_hooks\debugging_hooks.py","1144","True","1144"
"8_tools\EES331_Gesture_Viewer_v1.0\_internal\torch\distributed\algorithms\ddp_comm_hooks\default_hooks.py","8173","True","8173"
"8_tools\EES331_Gesture_Viewer_v1.0\_internal\torch\distributed\algorithms\ddp_comm_hooks\mixed_precision_hooks.py","3340","True","3340"
"8_tools\EES331_Gesture_Viewer_v1.0\_internal\torch\distributed\algorithms\ddp_comm_hooks\optimizer_overlap_hooks.py","6315","True","6315"
"8_tools\EES331_Gesture_Viewer_v1.0\_internal\torch\distributed\algorithms\ddp_comm_hooks\post_localSGD_hook.py","5274","True","5274"
"8_tools\EES331_Gesture_Viewer_v1.0\_internal\torch\distributed\algorithms\ddp_comm_hooks\powerSGD_hook.py","41360","True","41360"
"8_tools\EES331_Gesture_Viewer_v1.0\_internal\torch\distributed\algorithms\ddp_comm_hooks\quantization_hooks.py","8538","True","8538"
"8_tools\EES331_Gesture_Viewer_v1.0\_internal\torch\distributed\algorithms\model_averaging\__init__.py","0","True","0"
"8_tools\EES331_Gesture_Viewer_v1.0\_internal\torch\distributed\algorithms\model_averaging\averagers.py","5545","True","5545"
"8_tools\EES331_Gesture_Viewer_v1.0\_internal\torch\distributed\algorithms\model_averaging\hierarchical_model_averager.py","9951","True","9951"
"8_tools\EES331_Gesture_Viewer_v1.0\_internal\torch\distributed\algorithms\model_averaging\utils.py","3173","True","3173"
"8_tools\EES331_Gesture_Viewer_v1.0\_internal\torch\distributed\algorithms\__init__.py","44","True","44"
"8_tools\EES331_Gesture_Viewer_v1.0\_internal\torch\distributed\algorithms\join.py","13795","True","13795"
"8_tools\EES331_Gesture_Viewer_v1.0\_internal\torch\distributed\autograd\__init__.py","1997","True","1997"
"8_tools\EES331_Gesture_Viewer_v1.0\_internal\torch\distributed\checkpoint\_experimental\__init__.py","1814","True","1814"
"8_tools\EES331_Gesture_Viewer_v1.0\_internal\torch\distributed\checkpoint\_experimental\barriers.py","9404","True","9404"
"8_tools\EES331_Gesture_Viewer_v1.0\_internal\torch\distributed\checkpoint\_experimental\builder.py","6297","True","6297"
"8_tools\EES331_Gesture_Viewer_v1.0\_internal\torch\distributed\checkpoint\_experimental\checkpoint_process.py","13457","True","13457"
"8_tools\EES331_Gesture_Viewer_v1.0\_internal\torch\distributed\checkpoint\_experimental\checkpoint_reader.py","8918","True","8918"
"8_tools\EES331_Gesture_Viewer_v1.0\_internal\torch\distributed\checkpoint\_experimental\checkpoint_writer.py","5433","True","5433"
"8_tools\EES331_Gesture_Viewer_v1.0\_internal\torch\distributed\checkpoint\_experimental\checkpointer.py","12289","True","12289"
"8_tools\EES331_Gesture_Viewer_v1.0\_internal\torch\distributed\checkpoint\_experimental\config.py","1572","True","1572"
"8_tools\EES331_Gesture_Viewer_v1.0\_internal\torch\distributed\checkpoint\_experimental\staging.py","8455","True","8455"
"8_tools\EES331_Gesture_Viewer_v1.0\_internal\torch\distributed\checkpoint\_experimental\types.py","787","True","787"
"8_tools\EES331_Gesture_Viewer_v1.0\_internal\torch\distributed\checkpoint\_experimental\utils.py","1347","True","1347"
"8_tools\EES331_Gesture_Viewer_v1.0\_internal\torch\distributed\checkpoint\__init__.py","847","True","847"
"8_tools\EES331_Gesture_Viewer_v1.0\_internal\torch\distributed\checkpoint\_async_executor.py","1243","True","1243"
"8_tools\EES331_Gesture_Viewer_v1.0\_internal\torch\distributed\checkpoint\_async_process_executor.py","18617","True","18617"
"8_tools\EES331_Gesture_Viewer_v1.0\_internal\torch\distributed\checkpoint\_async_thread_executor.py","2547","True","2547"
"8_tools\EES331_Gesture_Viewer_v1.0\_internal\torch\distributed\checkpoint\_checkpointer.py","3905","True","3905"
"8_tools\EES331_Gesture_Viewer_v1.0\_internal\torch\distributed\checkpoint\_consolidate_hf_safetensors.py","27854","True","27854"
"8_tools\EES331_Gesture_Viewer_v1.0\_internal\torch\distributed\checkpoint\_dedup_save_plans.py","2819","True","2819"
"8_tools\EES331_Gesture_Viewer_v1.0\_internal\torch\distributed\checkpoint\_dedup_tensors.py","2053","True","2053"
"8_tools\EES331_Gesture_Viewer_v1.0\_internal\torch\distributed\checkpoint\_extension.py","8013","True","8013"
"8_tools\EES331_Gesture_Viewer_v1.0\_internal\torch\distributed\checkpoint\_fsspec_filesystem.py","5802","True","5802"
"8_tools\EES331_Gesture_Viewer_v1.0\_internal\torch\distributed\checkpoint\_hf_utils.py","2941","True","2941"
"8_tools\EES331_Gesture_Viewer_v1.0\_internal\torch\distributed\checkpoint\_nested_dict.py","2342","True","2342"
"8_tools\EES331_Gesture_Viewer_v1.0\_internal\torch\distributed\checkpoint\_pg_transport.py","13735","True","13735"
"8_tools\EES331_Gesture_Viewer_v1.0\_internal\torch\distributed\checkpoint\_sharded_tensor_utils.py","4251","True","4251"
"8_tools\EES331_Gesture_Viewer_v1.0\_internal\torch\distributed\checkpoint\_state_dict_stager.py","19091","True","19091"
"8_tools\EES331_Gesture_Viewer_v1.0\_internal\torch\distributed\checkpoint\_storage_utils.py","1457","True","1457"
"8_tools\EES331_Gesture_Viewer_v1.0\_internal\torch\distributed\checkpoint\_traverse.py","7166","True","7166"
"8_tools\EES331_Gesture_Viewer_v1.0\_internal\torch\distributed\checkpoint\_version.py","128","True","128"
"8_tools\EES331_Gesture_Viewer_v1.0\_internal\torch\distributed\checkpoint\api.py","1459","True","1459"
"8_tools\EES331_Gesture_Viewer_v1.0\_internal\torch\distributed\checkpoint\default_planner.py","28162","True","28162"
"8_tools\EES331_Gesture_Viewer_v1.0\_internal\torch\distributed\checkpoint\filesystem.py","37988","True","37988"
"8_tools\EES331_Gesture_Viewer_v1.0\_internal\torch\distributed\checkpoint\format_utils.py","11089","True","11089"
"8_tools\EES331_Gesture_Viewer_v1.0\_internal\torch\distributed\checkpoint\hf_storage.py","15802","True","15802"
"8_tools\EES331_Gesture_Viewer_v1.0\_internal\torch\distributed\checkpoint\logger.py","3756","True","3756"
"8_tools\EES331_Gesture_Viewer_v1.0\_internal\torch\distributed\checkpoint\logging_handlers.py","234","True","234"
"8_tools\EES331_Gesture_Viewer_v1.0\_internal\torch\distributed\checkpoint\metadata.py","5816","True","5816"
"8_tools\EES331_Gesture_Viewer_v1.0\_internal\torch\distributed\checkpoint\optimizer.py","13740","True","13740"
"8_tools\EES331_Gesture_Viewer_v1.0\_internal\torch\distributed\checkpoint\planner_helpers.py","17035","True","17035"
"8_tools\EES331_Gesture_Viewer_v1.0\_internal\torch\distributed\checkpoint\planner.py","16713","True","16713"
"8_tools\EES331_Gesture_Viewer_v1.0\_internal\torch\distributed\checkpoint\quantized_hf_storage.py","20630","True","20630"
"8_tools\EES331_Gesture_Viewer_v1.0\_internal\torch\distributed\checkpoint\resharding.py","2344","True","2344"
"8_tools\EES331_Gesture_Viewer_v1.0\_internal\torch\distributed\checkpoint\staging.py","19773","True","19773"
"8_tools\EES331_Gesture_Viewer_v1.0\_internal\torch\distributed\checkpoint\state_dict_loader.py","14749","True","14749"
"8_tools\EES331_Gesture_Viewer_v1.0\_internal\torch\distributed\checkpoint\state_dict_saver.py","19092","True","19092"
"8_tools\EES331_Gesture_Viewer_v1.0\_internal\torch\distributed\checkpoint\state_dict.py","64106","True","64106"
"8_tools\EES331_Gesture_Viewer_v1.0\_internal\torch\distributed\checkpoint\stateful.py","1103","True","1103"
"8_tools\EES331_Gesture_Viewer_v1.0\_internal\torch\distributed\checkpoint\storage.py","10122","True","10122"
"8_tools\EES331_Gesture_Viewer_v1.0\_internal\torch\distributed\checkpoint\utils.py","17048","True","17048"
"8_tools\EES331_Gesture_Viewer_v1.0\_internal\torch\distributed\debug\__init__.py","2830","True","2830"
"8_tools\EES331_Gesture_Viewer_v1.0\_internal\torch\distributed\debug\_frontend.py","17898","True","17898"
"8_tools\EES331_Gesture_Viewer_v1.0\_internal\torch\distributed\debug\_handlers.py","799","True","799"
"8_tools\EES331_Gesture_Viewer_v1.0\_internal\torch\distributed\debug\_store.py","557","True","557"
"8_tools\EES331_Gesture_Viewer_v1.0\_internal\torch\distributed\elastic\agent\server\__init__.py","1442","True","1442"
"8_tools\EES331_Gesture_Viewer_v1.0\_internal\torch\distributed\elastic\agent\server\api.py","39922","True","39922"
"8_tools\EES331_Gesture_Viewer_v1.0\_internal\torch\distributed\elastic\agent\server\health_check_server.py","1753","True","1753"
"8_tools\EES331_Gesture_Viewer_v1.0\_internal\torch\distributed\elastic\agent\server\local_elastic_agent.py","19208","True","19208"
"8_tools\EES331_Gesture_Viewer_v1.0\_internal\torch\distributed\elastic\agent\__init__.py","0","True","0"
"8_tools\EES331_Gesture_Viewer_v1.0\_internal\torch\distributed\elastic\events\__init__.py","5540","True","5540"
"8_tools\EES331_Gesture_Viewer_v1.0\_internal\torch\distributed\elastic\events\api.py","3429","True","3429"
"8_tools\EES331_Gesture_Viewer_v1.0\_internal\torch\distributed\elastic\events\handlers.py","577","True","577"
"8_tools\EES331_Gesture_Viewer_v1.0\_internal\torch\distributed\elastic\metrics\__init__.py","5067","True","5067"
"8_tools\EES331_Gesture_Viewer_v1.0\_internal\torch\distributed\elastic\metrics\api.py","5967","True","5967"
"8_tools\EES331_Gesture_Viewer_v1.0\_internal\torch\distributed\elastic\multiprocessing\errors\__init__.py","15097","True","15097"
"8_tools\EES331_Gesture_Viewer_v1.0\_internal\torch\distributed\elastic\multiprocessing\errors\error_handler.py","6845","True","6845"
"8_tools\EES331_Gesture_Viewer_v1.0\_internal\torch\distributed\elastic\multiprocessing\errors\handlers.py","482","True","482"
"8_tools\EES331_Gesture_Viewer_v1.0\_internal\torch\distributed\elastic\multiprocessing\subprocess_handler\__init__.py","539","True","539"
"8_tools\EES331_Gesture_Viewer_v1.0\_internal\torch\distributed\elastic\multiprocessing\subprocess_handler\handlers.py","882","True","882"
"8_tools\EES331_Gesture_Viewer_v1.0\_internal\torch\distributed\elastic\multiprocessing\subprocess_handler\subprocess_handler.py","2818","True","2818"
"8_tools\EES331_Gesture_Viewer_v1.0\_internal\torch\distributed\elastic\multiprocessing\__init__.py","8954","True","8954"
"8_tools\EES331_Gesture_Viewer_v1.0\_internal\torch\distributed\elastic\multiprocessing\api.py","39575","True","39575"
"8_tools\EES331_Gesture_Viewer_v1.0\_internal\torch\distributed\elastic\multiprocessing\redirects.py","2868","True","2868"
"8_tools\EES331_Gesture_Viewer_v1.0\_internal\torch\distributed\elastic\multiprocessing\tail_log.py","5488","True","5488"
"8_tools\EES331_Gesture_Viewer_v1.0\_internal\torch\distributed\elastic\rendezvous\__init__.py","6432","True","6432"
"8_tools\EES331_Gesture_Viewer_v1.0\_internal\torch\distributed\elastic\rendezvous\_etcd_stub.py","2073","True","2073"
"8_tools\EES331_Gesture_Viewer_v1.0\_internal\torch\distributed\elastic\rendezvous\api.py","13475","True","13475"
"8_tools\EES331_Gesture_Viewer_v1.0\_internal\torch\distributed\elastic\rendezvous\c10d_rendezvous_backend.py","11008","True","11008"
"8_tools\EES331_Gesture_Viewer_v1.0\_internal\torch\distributed\elastic\rendezvous\dynamic_rendezvous.py","50829","True","50829"
"8_tools\EES331_Gesture_Viewer_v1.0\_internal\torch\distributed\elastic\rendezvous\etcd_rendezvous_backend.py","7562","True","7562"
"8_tools\EES331_Gesture_Viewer_v1.0\_internal\torch\distributed\elastic\rendezvous\etcd_rendezvous.py","44586","True","44586"
"8_tools\EES331_Gesture_Viewer_v1.0\_internal\torch\distributed\elastic\rendezvous\etcd_server.py","8663","True","8663"
"8_tools\EES331_Gesture_Viewer_v1.0\_internal\torch\distributed\elastic\rendezvous\etcd_store.py","7436","True","7436"
"8_tools\EES331_Gesture_Viewer_v1.0\_internal\torch\distributed\elastic\rendezvous\registry.py","3017","True","3017"
"8_tools\EES331_Gesture_Viewer_v1.0\_internal\torch\distributed\elastic\rendezvous\static_tcp_rendezvous.py","3780","True","3780"
"8_tools\EES331_Gesture_Viewer_v1.0\_internal\torch\distributed\elastic\rendezvous\utils.py","8658","True","8658"
"8_tools\EES331_Gesture_Viewer_v1.0\_internal\torch\distributed\elastic\timer\__init__.py","1804","True","1804"
"8_tools\EES331_Gesture_Viewer_v1.0\_internal\torch\distributed\elastic\timer\api.py","9839","True","9839"
"8_tools\EES331_Gesture_Viewer_v1.0\_internal\torch\distributed\elastic\timer\debug_info_logging.py","634","True","634"
"8_tools\EES331_Gesture_Viewer_v1.0\_internal\torch\distributed\elastic\timer\file_based_local_timer.py","16833","True","16833"
"8_tools\EES331_Gesture_Viewer_v1.0\_internal\torch\distributed\elastic\timer\local_timer.py","4410","True","4410"
"8_tools\EES331_Gesture_Viewer_v1.0\_internal\torch\distributed\elastic\utils\data\__init__.py","382","True","382"
"8_tools\EES331_Gesture_Viewer_v1.0\_internal\torch\distributed\elastic\utils\data\cycling_iterator.py","1700","True","1700"
"8_tools\EES331_Gesture_Viewer_v1.0\_internal\torch\distributed\elastic\utils\data\elastic_distributed_sampler.py","3149","True","3149"
"8_tools\EES331_Gesture_Viewer_v1.0\_internal\torch\distributed\elastic\utils\__init__.py","327","True","327"
"8_tools\EES331_Gesture_Viewer_v1.0\_internal\torch\distributed\elastic\utils\api.py","1767","True","1767"
"8_tools\EES331_Gesture_Viewer_v1.0\_internal\torch\distributed\elastic\utils\distributed.py","6075","True","6075"
"8_tools\EES331_Gesture_Viewer_v1.0\_internal\torch\distributed\elastic\utils\log_level.py","353","True","353"
"8_tools\EES331_Gesture_Viewer_v1.0\_internal\torch\distributed\elastic\utils\logging.py","2329","True","2329"
"8_tools\EES331_Gesture_Viewer_v1.0\_internal\torch\distributed\elastic\utils\store.py","7466","True","7466"
"8_tools\EES331_Gesture_Viewer_v1.0\_internal\torch\distributed\elastic\__init__.py","3731","True","3731"
"8_tools\EES331_Gesture_Viewer_v1.0\_internal\torch\distributed\elastic\control_plane.py","1234","True","1234"
"8_tools\EES331_Gesture_Viewer_v1.0\_internal\torch\distributed\flight_recorder\components\__init__.py","0","True","0"
"8_tools\EES331_Gesture_Viewer_v1.0\_internal\torch\distributed\flight_recorder\components\builder.py","18373","True","18373"
"8_tools\EES331_Gesture_Viewer_v1.0\_internal\torch\distributed\flight_recorder\components\config_manager.py","4016","True","4016"
"8_tools\EES331_Gesture_Viewer_v1.0\_internal\torch\distributed\flight_recorder\components\fr_logger.py","1582","True","1582"
"8_tools\EES331_Gesture_Viewer_v1.0\_internal\torch\distributed\flight_recorder\components\loader.py","2994","True","2994"
"8_tools\EES331_Gesture_Viewer_v1.0\_internal\torch\distributed\flight_recorder\components\types.py","23455","True","23455"
"8_tools\EES331_Gesture_Viewer_v1.0\_internal\torch\distributed\flight_recorder\components\utils.py","30219","True","30219"
"8_tools\EES331_Gesture_Viewer_v1.0\_internal\torch\distributed\flight_recorder\__init__.py","0","True","0"
"8_tools\EES331_Gesture_Viewer_v1.0\_internal\torch\distributed\flight_recorder\fr_trace.py","3069","True","3069"
"8_tools\EES331_Gesture_Viewer_v1.0\_internal\torch\distributed\fsdp\_fully_shard\__init__.py","438","True","438"
"8_tools\EES331_Gesture_Viewer_v1.0\_internal\torch\distributed\fsdp\_fully_shard\_fsdp_api.py","5597","True","5597"
"8_tools\EES331_Gesture_Viewer_v1.0\_internal\torch\distributed\fsdp\_fully_shard\_fsdp_collectives.py","30588","True","30588"
"8_tools\EES331_Gesture_Viewer_v1.0\_internal\torch\distributed\fsdp\_fully_shard\_fsdp_common.py","5951","True","5951"
"8_tools\EES331_Gesture_Viewer_v1.0\_internal\torch\distributed\fsdp\_fully_shard\_fsdp_init.py","9427","True","9427"
"8_tools\EES331_Gesture_Viewer_v1.0\_internal\torch\distributed\fsdp\_fully_shard\_fsdp_param_group.py","41331","True","41331"
"8_tools\EES331_Gesture_Viewer_v1.0\_internal\torch\distributed\fsdp\_fully_shard\_fsdp_param.py","46055","True","46055"
"8_tools\EES331_Gesture_Viewer_v1.0\_internal\torch\distributed\fsdp\_fully_shard\_fsdp_state.py","18457","True","18457"
"8_tools\EES331_Gesture_Viewer_v1.0\_internal\torch\distributed\fsdp\_fully_shard\_fully_shard.py","33881","True","33881"
"8_tools\EES331_Gesture_Viewer_v1.0\_internal\torch\distributed\fsdp\__init__.py","1904","True","1904"
"8_tools\EES331_Gesture_Viewer_v1.0\_internal\torch\distributed\fsdp\_common_utils.py","23097","True","23097"
"8_tools\EES331_Gesture_Viewer_v1.0\_internal\torch\distributed\fsdp\_debug_utils.py","5977","True","5977"
"8_tools\EES331_Gesture_Viewer_v1.0\_internal\torch\distributed\fsdp\_dynamo_utils.py","2674","True","2674"
"8_tools\EES331_Gesture_Viewer_v1.0\_internal\torch\distributed\fsdp\_exec_order_utils.py","16534","True","16534"
"8_tools\EES331_Gesture_Viewer_v1.0\_internal\torch\distributed\fsdp\_flat_param.py","129112","True","129112"
"8_tools\EES331_Gesture_Viewer_v1.0\_internal\torch\distributed\fsdp\_fsdp_extensions.py","5213","True","5213"
"8_tools\EES331_Gesture_Viewer_v1.0\_internal\torch\distributed\fsdp\_init_utils.py","48279","True","48279"
"8_tools\EES331_Gesture_Viewer_v1.0\_internal\torch\distributed\fsdp\_limiter_utils.py","1119","True","1119"
"8_tools\EES331_Gesture_Viewer_v1.0\_internal\torch\distributed\fsdp\_optim_utils.py","92571","True","92571"
"8_tools\EES331_Gesture_Viewer_v1.0\_internal\torch\distributed\fsdp\_runtime_utils.py","68619","True","68619"
"8_tools\EES331_Gesture_Viewer_v1.0\_internal\torch\distributed\fsdp\_shard_utils.py","5002","True","5002"
"8_tools\EES331_Gesture_Viewer_v1.0\_internal\torch\distributed\fsdp\_state_dict_utils.py","35669","True","35669"
"8_tools\EES331_Gesture_Viewer_v1.0\_internal\torch\distributed\fsdp\_trace_utils.py","11063","True","11063"
"8_tools\EES331_Gesture_Viewer_v1.0\_internal\torch\distributed\fsdp\_traversal_utils.py","4722","True","4722"
"8_tools\EES331_Gesture_Viewer_v1.0\_internal\torch\distributed\fsdp\_unshard_param_utils.py","12003","True","12003"
"8_tools\EES331_Gesture_Viewer_v1.0\_internal\torch\distributed\fsdp\_wrap_utils.py","11223","True","11223"
"8_tools\EES331_Gesture_Viewer_v1.0\_internal\torch\distributed\fsdp\api.py","19392","True","19392"
"8_tools\EES331_Gesture_Viewer_v1.0\_internal\torch\distributed\fsdp\fully_sharded_data_parallel.py","103485","True","103485"
"8_tools\EES331_Gesture_Viewer_v1.0\_internal\torch\distributed\fsdp\sharded_grad_scaler.py","17481","True","17481"
"8_tools\EES331_Gesture_Viewer_v1.0\_internal\torch\distributed\fsdp\wrap.py","23762","True","23762"
"8_tools\EES331_Gesture_Viewer_v1.0\_internal\torch\distributed\launcher\__init__.py","363","True","363"
"8_tools\EES331_Gesture_Viewer_v1.0\_internal\torch\distributed\launcher\api.py","14123","True","14123"
"8_tools\EES331_Gesture_Viewer_v1.0\_internal\torch\distributed\nn\api\__init__.py","0","True","0"
"8_tools\EES331_Gesture_Viewer_v1.0\_internal\torch\distributed\nn\api\remote_module.py","32596","True","32596"
"8_tools\EES331_Gesture_Viewer_v1.0\_internal\torch\distributed\nn\jit\templates\__init__.py","0","True","0"
"8_tools\EES331_Gesture_Viewer_v1.0\_internal\torch\distributed\nn\jit\templates\remote_module_template.py","3571","True","3571"
"8_tools\EES331_Gesture_Viewer_v1.0\_internal\torch\distributed\nn\jit\__init__.py","0","True","0"
"8_tools\EES331_Gesture_Viewer_v1.0\_internal\torch\distributed\nn\jit\instantiator.py","5030","True","5030"
"8_tools\EES331_Gesture_Viewer_v1.0\_internal\torch\distributed\nn\__init__.py","152","True","152"
"8_tools\EES331_Gesture_Viewer_v1.0\_internal\torch\distributed\nn\functional.py","16313","True","16313"
"8_tools\EES331_Gesture_Viewer_v1.0\_internal\torch\distributed\optim\__init__.py","1484","True","1484"
"8_tools\EES331_Gesture_Viewer_v1.0\_internal\torch\distributed\optim\_deprecation_warning.py","563","True","563"
"8_tools\EES331_Gesture_Viewer_v1.0\_internal\torch\distributed\optim\apply_optimizer_in_backward.py","5335","True","5335"
"8_tools\EES331_Gesture_Viewer_v1.0\_internal\torch\distributed\optim\functional_adadelta.py","4033","True","4033"
"8_tools\EES331_Gesture_Viewer_v1.0\_internal\torch\distributed\optim\functional_adagrad.py","4387","True","4387"
"8_tools\EES331_Gesture_Viewer_v1.0\_internal\torch\distributed\optim\functional_adam.py","7592","True","7592"
"8_tools\EES331_Gesture_Viewer_v1.0\_internal\torch\distributed\optim\functional_adamax.py","4742","True","4742"
"8_tools\EES331_Gesture_Viewer_v1.0\_internal\torch\distributed\optim\functional_adamw.py","7713","True","7713"
"8_tools\EES331_Gesture_Viewer_v1.0\_internal\torch\distributed\optim\functional_rmsprop.py","4782","True","4782"
"8_tools\EES331_Gesture_Viewer_v1.0\_internal\torch\distributed\optim\functional_rprop.py","3913","True","3913"
"8_tools\EES331_Gesture_Viewer_v1.0\_internal\torch\distributed\optim\functional_sgd.py","6063","True","6063"
"8_tools\EES331_Gesture_Viewer_v1.0\_internal\torch\distributed\optim\named_optimizer.py","14302","True","14302"
"8_tools\EES331_Gesture_Viewer_v1.0\_internal\torch\distributed\optim\optimizer.py","10010","True","10010"
"8_tools\EES331_Gesture_Viewer_v1.0\_internal\torch\distributed\optim\post_localSGD_optimizer.py","4609","True","4609"
"8_tools\EES331_Gesture_Viewer_v1.0\_internal\torch\distributed\optim\utils.py","2303","True","2303"
"8_tools\EES331_Gesture_Viewer_v1.0\_internal\torch\distributed\optim\zero_redundancy_optimizer.py","74520","True","74520"
"8_tools\EES331_Gesture_Viewer_v1.0\_internal\torch\distributed\pipelining\__init__.py","719","True","719"
"8_tools\EES331_Gesture_Viewer_v1.0\_internal\torch\distributed\pipelining\_backward.py","17065","True","17065"
"8_tools\EES331_Gesture_Viewer_v1.0\_internal\torch\distributed\pipelining\_debug.py","630","True","630"
"8_tools\EES331_Gesture_Viewer_v1.0\_internal\torch\distributed\pipelining\_IR.py","50776","True","50776"
"8_tools\EES331_Gesture_Viewer_v1.0\_internal\torch\distributed\pipelining\_schedule_visualizer.py","17188","True","17188"
"8_tools\EES331_Gesture_Viewer_v1.0\_internal\torch\distributed\pipelining\_unflatten.py","982","True","982"
"8_tools\EES331_Gesture_Viewer_v1.0\_internal\torch\distributed\pipelining\_utils.py","4826","True","4826"
"8_tools\EES331_Gesture_Viewer_v1.0\_internal\torch\distributed\pipelining\microbatch.py","18555","True","18555"
"8_tools\EES331_Gesture_Viewer_v1.0\_internal\torch\distributed\pipelining\schedules.py","145034","True","145034"
"8_tools\EES331_Gesture_Viewer_v1.0\_internal\torch\distributed\pipelining\stage.py","65975","True","65975"
"8_tools\EES331_Gesture_Viewer_v1.0\_internal\torch\distributed\rpc\_testing\__init__.py","497","True","497"
"8_tools\EES331_Gesture_Viewer_v1.0\_internal\torch\distributed\rpc\_testing\faulty_agent_backend_registry.py","1701","True","1701"
"8_tools\EES331_Gesture_Viewer_v1.0\_internal\torch\distributed\rpc\__init__.py","10202","True","10202"
"8_tools\EES331_Gesture_Viewer_v1.0\_internal\torch\distributed\rpc\_utils.py","1696","True","1696"
"8_tools\EES331_Gesture_Viewer_v1.0\_internal\torch\distributed\rpc\api.py","38002","True","38002"
"8_tools\EES331_Gesture_Viewer_v1.0\_internal\torch\distributed\rpc\backend_registry.py","16710","True","16710"
"8_tools\EES331_Gesture_Viewer_v1.0\_internal\torch\distributed\rpc\constants.py","828","True","828"
"8_tools\EES331_Gesture_Viewer_v1.0\_internal\torch\distributed\rpc\functions.py","7441","True","7441"
"8_tools\EES331_Gesture_Viewer_v1.0\_internal\torch\distributed\rpc\internal.py","11404","True","11404"
"8_tools\EES331_Gesture_Viewer_v1.0\_internal\torch\distributed\rpc\options.py","7430","True","7430"
"8_tools\EES331_Gesture_Viewer_v1.0\_internal\torch\distributed\rpc\rref_proxy.py","2785","True","2785"
"8_tools\EES331_Gesture_Viewer_v1.0\_internal\torch\distributed\rpc\server_process_global_profiler.py","8756","True","8756"
"8_tools\EES331_Gesture_Viewer_v1.0\_internal\torch\distributed\tensor\_ops\__init__.py","389","True","389"
"8_tools\EES331_Gesture_Viewer_v1.0\_internal\torch\distributed\tensor\_ops\_common_rules.py","12234","True","12234"
"8_tools\EES331_Gesture_Viewer_v1.0\_internal\torch\distributed\tensor\_ops\_conv_ops.py","4419","True","4419"
"8_tools\EES331_Gesture_Viewer_v1.0\_internal\torch\distributed\tensor\_ops\_einsum_strategy.py","7361","True","7361"
"8_tools\EES331_Gesture_Viewer_v1.0\_internal\torch\distributed\tensor\_ops\_embedding_ops.py","4438","True","4438"
"8_tools\EES331_Gesture_Viewer_v1.0\_internal\torch\distributed\tensor\_ops\_mask_buffer.py","1575","True","1575"
"8_tools\EES331_Gesture_Viewer_v1.0\_internal\torch\distributed\tensor\_ops\_math_ops.py","55743","True","55743"
"8_tools\EES331_Gesture_Viewer_v1.0\_internal\torch\distributed\tensor\_ops\_matrix_ops.py","40686","True","40686"
"8_tools\EES331_Gesture_Viewer_v1.0\_internal\torch\distributed\tensor\_ops\_pointwise_ops.py","26972","True","26972"
"8_tools\EES331_Gesture_Viewer_v1.0\_internal\torch\distributed\tensor\_ops\_random_ops.py","1353","True","1353"
"8_tools\EES331_Gesture_Viewer_v1.0\_internal\torch\distributed\tensor\_ops\_tensor_ops.py","53273","True","53273"
"8_tools\EES331_Gesture_Viewer_v1.0\_internal\torch\distributed\tensor\_ops\_view_ops.py","30627","True","30627"
"8_tools\EES331_Gesture_Viewer_v1.0\_internal\torch\distributed\tensor\_ops\registration.py","3166","True","3166"
"8_tools\EES331_Gesture_Viewer_v1.0\_internal\torch\distributed\tensor\_ops\utils.py","15513","True","15513"
"8_tools\EES331_Gesture_Viewer_v1.0\_internal\torch\distributed\tensor\debug\__init__.py","1859","True","1859"
"8_tools\EES331_Gesture_Viewer_v1.0\_internal\torch\distributed\tensor\debug\_comm_mode.py","29715","True","29715"
"8_tools\EES331_Gesture_Viewer_v1.0\_internal\torch\distributed\tensor\debug\_op_coverage.py","3344","True","3344"
"8_tools\EES331_Gesture_Viewer_v1.0\_internal\torch\distributed\tensor\debug\_visualize_sharding.py","7776","True","7776"
"8_tools\EES331_Gesture_Viewer_v1.0\_internal\torch\distributed\tensor\experimental\_context_parallel\__init__.py","1176","True","1176"
"8_tools\EES331_Gesture_Viewer_v1.0\_internal\torch\distributed\tensor\experimental\_context_parallel\_attention.py","62208","True","62208"
"8_tools\EES331_Gesture_Viewer_v1.0\_internal\torch\distributed\tensor\experimental\_context_parallel\_cp_custom_ops.py","3057","True","3057"
"8_tools\EES331_Gesture_Viewer_v1.0\_internal\torch\distributed\tensor\experimental\_context_parallel\_load_balancer.py","23206","True","23206"
"8_tools\EES331_Gesture_Viewer_v1.0\_internal\torch\distributed\tensor\experimental\_context_parallel\_sharding_rules.py","14187","True","14187"
"8_tools\EES331_Gesture_Viewer_v1.0\_internal\torch\distributed\tensor\experimental\__init__.py","1458","True","1458"
"8_tools\EES331_Gesture_Viewer_v1.0\_internal\torch\distributed\tensor\experimental\_attention.py","1273","True","1273"
"8_tools\EES331_Gesture_Viewer_v1.0\_internal\torch\distributed\tensor\experimental\_func_map.py","12385","True","12385"
"8_tools\EES331_Gesture_Viewer_v1.0\_internal\torch\distributed\tensor\experimental\_register_sharding.py","5772","True","5772"
"8_tools\EES331_Gesture_Viewer_v1.0\_internal\torch\distributed\tensor\experimental\_tp_transform.py","20994","True","20994"
"8_tools\EES331_Gesture_Viewer_v1.0\_internal\torch\distributed\tensor\parallel\__init__.py","668","True","668"
"8_tools\EES331_Gesture_Viewer_v1.0\_internal\torch\distributed\tensor\parallel\_data_parallel_utils.py","1549","True","1549"
"8_tools\EES331_Gesture_Viewer_v1.0\_internal\torch\distributed\tensor\parallel\api.py","6618","True","6618"
"8_tools\EES331_Gesture_Viewer_v1.0\_internal\torch\distributed\tensor\parallel\ddp.py","3826","True","3826"
"8_tools\EES331_Gesture_Viewer_v1.0\_internal\torch\distributed\tensor\parallel\fsdp.py","14099","True","14099"
"8_tools\EES331_Gesture_Viewer_v1.0\_internal\torch\distributed\tensor\parallel\input_reshard.py","3846","True","3846"
"8_tools\EES331_Gesture_Viewer_v1.0\_internal\torch\distributed\tensor\parallel\loss.py","18952","True","18952"
"8_tools\EES331_Gesture_Viewer_v1.0\_internal\torch\distributed\tensor\parallel\style.py","37919","True","37919"
"8_tools\EES331_Gesture_Viewer_v1.0\_internal\torch\distributed\tensor\__init__.py","2337","True","2337"
"8_tools\EES331_Gesture_Viewer_v1.0\_internal\torch\distributed\tensor\_api.py","61824","True","61824"
"8_tools\EES331_Gesture_Viewer_v1.0\_internal\torch\distributed\tensor\_argmin_argmax.py","4518","True","4518"
"8_tools\EES331_Gesture_Viewer_v1.0\_internal\torch\distributed\tensor\_collective_utils.py","15447","True","15447"
"8_tools\EES331_Gesture_Viewer_v1.0\_internal\torch\distributed\tensor\_dispatch.py","29464","True","29464"
"8_tools\EES331_Gesture_Viewer_v1.0\_internal\torch\distributed\tensor\_dtensor_spec.py","31969","True","31969"
"8_tools\EES331_Gesture_Viewer_v1.0\_internal\torch\distributed\tensor\_op_schema.py","23661","True","23661"
"8_tools\EES331_Gesture_Viewer_v1.0\_internal\torch\distributed\tensor\_random.py","20427","True","20427"
"8_tools\EES331_Gesture_Viewer_v1.0\_internal\torch\distributed\tensor\_redistribute.py","46039","True","46039"
"8_tools\EES331_Gesture_Viewer_v1.0\_internal\torch\distributed\tensor\_sharding_prop.py","31731","True","31731"
"8_tools\EES331_Gesture_Viewer_v1.0\_internal\torch\distributed\tensor\_shards_wrapper.py","13837","True","13837"
"8_tools\EES331_Gesture_Viewer_v1.0\_internal\torch\distributed\tensor\_tp_conv.py","10994","True","10994"
"8_tools\EES331_Gesture_Viewer_v1.0\_internal\torch\distributed\tensor\_utils.py","18720","True","18720"
"8_tools\EES331_Gesture_Viewer_v1.0\_internal\torch\distributed\tensor\device_mesh.py","199","True","199"
"8_tools\EES331_Gesture_Viewer_v1.0\_internal\torch\distributed\tensor\placement_types.py","42898","True","42898"
"8_tools\EES331_Gesture_Viewer_v1.0\_internal\torch\distributed\__init__.py","5684","True","5684"
"8_tools\EES331_Gesture_Viewer_v1.0\_internal\torch\distributed\_checkpointable.py","1342","True","1342"
"8_tools\EES331_Gesture_Viewer_v1.0\_internal\torch\distributed\_composable_state.py","1492","True","1492"
"8_tools\EES331_Gesture_Viewer_v1.0\_internal\torch\distributed\_dist2.py","5018","True","5018"
"8_tools\EES331_Gesture_Viewer_v1.0\_internal\torch\distributed\_functional_collectives_impl.py","3352","True","3352"
"8_tools\EES331_Gesture_Viewer_v1.0\_internal\torch\distributed\_functional_collectives.py","48144","True","48144"
"8_tools\EES331_Gesture_Viewer_v1.0\_internal\torch\distributed\_mesh_layout.py","12815","True","12815"
"8_tools\EES331_Gesture_Viewer_v1.0\_internal\torch\distributed\_serialization.py","4742","True","4742"
"8_tools\EES331_Gesture_Viewer_v1.0\_internal\torch\distributed\_state_dict_utils.py","30644","True","30644"
"8_tools\EES331_Gesture_Viewer_v1.0\_internal\torch\distributed\argparse_util.py","4007","True","4007"
"8_tools\EES331_Gesture_Viewer_v1.0\_internal\torch\distributed\c10d_logger.py","3285","True","3285"
"8_tools\EES331_Gesture_Viewer_v1.0\_internal\torch\distributed\collective_utils.py","12467","True","12467"
"8_tools\EES331_Gesture_Viewer_v1.0\_internal\torch\distributed\constants.py","1223","True","1223"
"8_tools\EES331_Gesture_Viewer_v1.0\_internal\torch\distributed\device_mesh.py","66359","True","66359"
"8_tools\EES331_Gesture_Viewer_v1.0\_internal\torch\distributed\distributed_c10d.py","253858","True","253858"
"8_tools\EES331_Gesture_Viewer_v1.0\_internal\torch\distributed\launch.py","7802","True","7802"
"8_tools\EES331_Gesture_Viewer_v1.0\_internal\torch\distributed\logging_handlers.py","375","True","375"
"8_tools\EES331_Gesture_Viewer_v1.0\_internal\torch\distributed\remote_device.py","4828","True","4828"
"8_tools\EES331_Gesture_Viewer_v1.0\_internal\torch\distributed\rendezvous.py","10608","True","10608"
"8_tools\EES331_Gesture_Viewer_v1.0\_internal\torch\distributed\run.py","36841","True","36841"
"8_tools\EES331_Gesture_Viewer_v1.0\_internal\torch\distributed\utils.py","14034","True","14034"
"8_tools\EES331_Gesture_Viewer_v1.0\_internal\torch\distributions\__init__.py","6285","True","6285"
"8_tools\EES331_Gesture_Viewer_v1.0\_internal\torch\distributions\bernoulli.py","4916","True","4916"
"8_tools\EES331_Gesture_Viewer_v1.0\_internal\torch\distributions\beta.py","4169","True","4169"
"8_tools\EES331_Gesture_Viewer_v1.0\_internal\torch\distributions\binomial.py","6666","True","6666"
"8_tools\EES331_Gesture_Viewer_v1.0\_internal\torch\distributions\categorical.py","6391","True","6391"
"8_tools\EES331_Gesture_Viewer_v1.0\_internal\torch\distributions\cauchy.py","3309","True","3309"
"8_tools\EES331_Gesture_Viewer_v1.0\_internal\torch\distributions\chi2.py","1196","True","1196"
"8_tools\EES331_Gesture_Viewer_v1.0\_internal\torch\distributions\constraint_registry.py","10597","True","10597"
"8_tools\EES331_Gesture_Viewer_v1.0\_internal\torch\distributions\constraints.py","22367","True","22367"
"8_tools\EES331_Gesture_Viewer_v1.0\_internal\torch\distributions\continuous_bernoulli.py","9557","True","9557"
"8_tools\EES331_Gesture_Viewer_v1.0\_internal\torch\distributions\dirichlet.py","4699","True","4699"
"8_tools\EES331_Gesture_Viewer_v1.0\_internal\torch\distributions\distribution.py","13019","True","13019"
"8_tools\EES331_Gesture_Viewer_v1.0\_internal\torch\distributions\exp_family.py","2552","True","2552"
"8_tools\EES331_Gesture_Viewer_v1.0\_internal\torch\distributions\exponential.py","2864","True","2864"
"8_tools\EES331_Gesture_Viewer_v1.0\_internal\torch\distributions\fishersnedecor.py","3823","True","3823"
"8_tools\EES331_Gesture_Viewer_v1.0\_internal\torch\distributions\gamma.py","4102","True","4102"
"8_tools\EES331_Gesture_Viewer_v1.0\_internal\torch\distributions\generalized_pareto.py","6034","True","6034"
"8_tools\EES331_Gesture_Viewer_v1.0\_internal\torch\distributions\geometric.py","5317","True","5317"
"8_tools\EES331_Gesture_Viewer_v1.0\_internal\torch\distributions\gumbel.py","3144","True","3144"
"8_tools\EES331_Gesture_Viewer_v1.0\_internal\torch\distributions\half_cauchy.py","2775","True","2775"
"8_tools\EES331_Gesture_Viewer_v1.0\_internal\torch\distributions\half_normal.py","2532","True","2532"
"8_tools\EES331_Gesture_Viewer_v1.0\_internal\torch\distributions\independent.py","5157","True","5157"
"8_tools\EES331_Gesture_Viewer_v1.0\_internal\torch\distributions\inverse_gamma.py","2914","True","2914"
"8_tools\EES331_Gesture_Viewer_v1.0\_internal\torch\distributions\kl.py","32745","True","32745"
"8_tools\EES331_Gesture_Viewer_v1.0\_internal\torch\distributions\kumaraswamy.py","3843","True","3843"
"8_tools\EES331_Gesture_Viewer_v1.0\_internal\torch\distributions\laplace.py","3645","True","3645"
"8_tools\EES331_Gesture_Viewer_v1.0\_internal\torch\distributions\lkj_cholesky.py","6747","True","6747"
"8_tools\EES331_Gesture_Viewer_v1.0\_internal\torch\distributions\log_normal.py","2350","True","2350"
"8_tools\EES331_Gesture_Viewer_v1.0\_internal\torch\distributions\logistic_normal.py","2358","True","2358"
"8_tools\EES331_Gesture_Viewer_v1.0\_internal\torch\distributions\lowrank_multivariate_normal.py","10415","True","10415"
"8_tools\EES331_Gesture_Viewer_v1.0\_internal\torch\distributions\mixture_same_family.py","8910","True","8910"
"8_tools\EES331_Gesture_Viewer_v1.0\_internal\torch\distributions\multinomial.py","5862","True","5862"
"8_tools\EES331_Gesture_Viewer_v1.0\_internal\torch\distributions\multivariate_normal.py","11529","True","11529"
"8_tools\EES331_Gesture_Viewer_v1.0\_internal\torch\distributions\negative_binomial.py","5324","True","5324"
"8_tools\EES331_Gesture_Viewer_v1.0\_internal\torch\distributions\normal.py","4114","True","4114"
"8_tools\EES331_Gesture_Viewer_v1.0\_internal\torch\distributions\one_hot_categorical.py","5171","True","5171"
"8_tools\EES331_Gesture_Viewer_v1.0\_internal\torch\distributions\pareto.py","2618","True","2618"
"8_tools\EES331_Gesture_Viewer_v1.0\_internal\torch\distributions\poisson.py","2609","True","2609"
"8_tools\EES331_Gesture_Viewer_v1.0\_internal\torch\distributions\relaxed_bernoulli.py","6325","True","6325"
"8_tools\EES331_Gesture_Viewer_v1.0\_internal\torch\distributions\relaxed_categorical.py","5915","True","5915"
"8_tools\EES331_Gesture_Viewer_v1.0\_internal\torch\distributions\studentT.py","4315","True","4315"
"8_tools\EES331_Gesture_Viewer_v1.0\_internal\torch\distributions\transformed_distribution.py","9157","True","9157"
"8_tools\EES331_Gesture_Viewer_v1.0\_internal\torch\distributions\transforms.py","44289","True","44289"
"8_tools\EES331_Gesture_Viewer_v1.0\_internal\torch\distributions\uniform.py","3507","True","3507"
"8_tools\EES331_Gesture_Viewer_v1.0\_internal\torch\distributions\utils.py","8248","True","8248"
"8_tools\EES331_Gesture_Viewer_v1.0\_internal\torch\distributions\von_mises.py","6777","True","6777"
"8_tools\EES331_Gesture_Viewer_v1.0\_internal\torch\distributions\weibull.py","3564","True","3564"
"8_tools\EES331_Gesture_Viewer_v1.0\_internal\torch\distributions\wishart.py","14266","True","14266"
"8_tools\EES331_Gesture_Viewer_v1.0\_internal\torch\export\experimental\__init__.py","17230","True","17230"
"8_tools\EES331_Gesture_Viewer_v1.0\_internal\torch\export\experimental\_utils.py","8825","True","8825"
"8_tools\EES331_Gesture_Viewer_v1.0\_internal\torch\export\passes\__init__.py","3434","True","3434"
"8_tools\EES331_Gesture_Viewer_v1.0\_internal\torch\export\pt2_archive\__init__.py","148","True","148"
"8_tools\EES331_Gesture_Viewer_v1.0\_internal\torch\export\pt2_archive\_package_weights.py","4915","True","4915"
"8_tools\EES331_Gesture_Viewer_v1.0\_internal\torch\export\pt2_archive\_package.py","43833","True","43833"
"8_tools\EES331_Gesture_Viewer_v1.0\_internal\torch\export\pt2_archive\constants.py","1800","True","1800"
"8_tools\EES331_Gesture_Viewer_v1.0\_internal\torch\export\__init__.py","24794","True","24794"
"8_tools\EES331_Gesture_Viewer_v1.0\_internal\torch\export\_draft_export.py","21175","True","21175"
"8_tools\EES331_Gesture_Viewer_v1.0\_internal\torch\export\_leakage_detection_utils.py","3613","True","3613"
"8_tools\EES331_Gesture_Viewer_v1.0\_internal\torch\export\_remove_auto_functionalized_pass.py","2003","True","2003"
"8_tools\EES331_Gesture_Viewer_v1.0\_internal\torch\export\_remove_effect_tokens_pass.py","8268","True","8268"
"8_tools\EES331_Gesture_Viewer_v1.0\_internal\torch\export\_safeguard.py","2000","True","2000"
"8_tools\EES331_Gesture_Viewer_v1.0\_internal\torch\export\_swap.py","18130","True","18130"
"8_tools\EES331_Gesture_Viewer_v1.0\_internal\torch\export\_trace.py","99163","True","99163"
"8_tools\EES331_Gesture_Viewer_v1.0\_internal\torch\export\_tree_utils.py","2307","True","2307"
"8_tools\EES331_Gesture_Viewer_v1.0\_internal\torch\export\_unlift.py","34155","True","34155"
"8_tools\EES331_Gesture_Viewer_v1.0\_internal\torch\export\_wrapper_utils.py","281","True","281"
"8_tools\EES331_Gesture_Viewer_v1.0\_internal\torch\export\custom_obj.py","312","True","312"
"8_tools\EES331_Gesture_Viewer_v1.0\_internal\torch\export\custom_ops.py","1830","True","1830"
"8_tools\EES331_Gesture_Viewer_v1.0\_internal\torch\export\decomp_utils.py","5913","True","5913"
"8_tools\EES331_Gesture_Viewer_v1.0\_internal\torch\export\dynamic_shapes.py","55301","True","55301"
"8_tools\EES331_Gesture_Viewer_v1.0\_internal\torch\export\exported_program.py","69052","True","69052"
"8_tools\EES331_Gesture_Viewer_v1.0\_internal\torch\export\graph_signature.py","26486","True","26486"
"8_tools\EES331_Gesture_Viewer_v1.0\_internal\torch\export\unflatten.py","72685","True","72685"
"8_tools\EES331_Gesture_Viewer_v1.0\_internal\torch\fft\__init__.py","56779","True","56779"
"8_tools\EES331_Gesture_Viewer_v1.0\_internal\torch\func\__init__.py","687","True","687"
"8_tools\EES331_Gesture_Viewer_v1.0\_internal\torch\futures\__init__.py","14815","True","14815"
"8_tools\EES331_Gesture_Viewer_v1.0\_internal\torch\fx\experimental\migrate_gradual_types\__init__.py","0","True","0"
"8_tools\EES331_Gesture_Viewer_v1.0\_internal\torch\fx\experimental\migrate_gradual_types\constraint_generator.py","52880","True","52880"
"8_tools\EES331_Gesture_Viewer_v1.0\_internal\torch\fx\experimental\migrate_gradual_types\constraint_transformation.py","42332","True","42332"
"8_tools\EES331_Gesture_Viewer_v1.0\_internal\torch\fx\experimental\migrate_gradual_types\constraint.py","17726","True","17726"
"8_tools\EES331_Gesture_Viewer_v1.0\_internal\torch\fx\experimental\migrate_gradual_types\operation.py","301","True","301"
"8_tools\EES331_Gesture_Viewer_v1.0\_internal\torch\fx\experimental\migrate_gradual_types\transform_to_z3.py","16816","True","16816"
"8_tools\EES331_Gesture_Viewer_v1.0\_internal\torch\fx\experimental\migrate_gradual_types\util.py","1543","True","1543"
"8_tools\EES331_Gesture_Viewer_v1.0\_internal\torch\fx\experimental\migrate_gradual_types\z3_types.py","837","True","837"
"8_tools\EES331_Gesture_Viewer_v1.0\_internal\torch\fx\experimental\unification\multipledispatch\__init__.py","146","True","146"
"8_tools\EES331_Gesture_Viewer_v1.0\_internal\torch\fx\experimental\unification\multipledispatch\conflict.py","4349","True","4349"
"8_tools\EES331_Gesture_Viewer_v1.0\_internal\torch\fx\experimental\unification\multipledispatch\core.py","2951","True","2951"
"8_tools\EES331_Gesture_Viewer_v1.0\_internal\torch\fx\experimental\unification\multipledispatch\dispatcher.py","14427","True","14427"
"8_tools\EES331_Gesture_Viewer_v1.0\_internal\torch\fx\experimental\unification\multipledispatch\utils.py","3939","True","3939"
"8_tools\EES331_Gesture_Viewer_v1.0\_internal\torch\fx\experimental\unification\multipledispatch\variadic.py","3058","True","3058"
"8_tools\EES331_Gesture_Viewer_v1.0\_internal\torch\fx\experimental\unification\__init__.py","200","True","200"
"8_tools\EES331_Gesture_Viewer_v1.0\_internal\torch\fx\experimental\unification\core.py","2921","True","2921"
"8_tools\EES331_Gesture_Viewer_v1.0\_internal\torch\fx\experimental\unification\dispatch.py","215","True","215"
"8_tools\EES331_Gesture_Viewer_v1.0\_internal\torch\fx\experimental\unification\match.py","3543","True","3543"
"8_tools\EES331_Gesture_Viewer_v1.0\_internal\torch\fx\experimental\unification\more.py","3325","True","3325"
"8_tools\EES331_Gesture_Viewer_v1.0\_internal\torch\fx\experimental\unification\unification_tools.py","11024","True","11024"
"8_tools\EES331_Gesture_Viewer_v1.0\_internal\torch\fx\experimental\unification\utils.py","3091","True","3091"
"8_tools\EES331_Gesture_Viewer_v1.0\_internal\torch\fx\experimental\unification\variable.py","2147","True","2147"
"8_tools\EES331_Gesture_Viewer_v1.0\_internal\torch\fx\experimental\__init__.py","0","True","0"
"8_tools\EES331_Gesture_Viewer_v1.0\_internal\torch\fx\experimental\_backward_state.py","994","True","994"
"8_tools\EES331_Gesture_Viewer_v1.0\_internal\torch\fx\experimental\_config.py","5065","True","5065"
"8_tools\EES331_Gesture_Viewer_v1.0\_internal\torch\fx\experimental\_constant_symnode.py","1829","True","1829"
"8_tools\EES331_Gesture_Viewer_v1.0\_internal\torch\fx\experimental\_dynamism.py","4647","True","4647"
"8_tools\EES331_Gesture_Viewer_v1.0\_internal\torch\fx\experimental\accelerator_partitioner.py","49060","True","49060"
"8_tools\EES331_Gesture_Viewer_v1.0\_internal\torch\fx\experimental\const_fold.py","14654","True","14654"
"8_tools\EES331_Gesture_Viewer_v1.0\_internal\torch\fx\experimental\debug.py","844","True","844"
"8_tools\EES331_Gesture_Viewer_v1.0\_internal\torch\fx\experimental\graph_gradual_typechecker.py","34906","True","34906"
"8_tools\EES331_Gesture_Viewer_v1.0\_internal\torch\fx\experimental\merge_matmul.py","6283","True","6283"
"8_tools\EES331_Gesture_Viewer_v1.0\_internal\torch\fx\experimental\meta_tracer.py","11096","True","11096"
"8_tools\EES331_Gesture_Viewer_v1.0\_internal\torch\fx\experimental\normalize.py","5655","True","5655"
"8_tools\EES331_Gesture_Viewer_v1.0\_internal\torch\fx\experimental\optimization.py","18299","True","18299"
"8_tools\EES331_Gesture_Viewer_v1.0\_internal\torch\fx\experimental\partitioner_utils.py","12612","True","12612"
"8_tools\EES331_Gesture_Viewer_v1.0\_internal\torch\fx\experimental\proxy_tensor.py","108897","True","108897"
"8_tools\EES331_Gesture_Viewer_v1.0\_internal\torch\fx\experimental\recording.py","20480","True","20480"
"8_tools\EES331_Gesture_Viewer_v1.0\_internal\torch\fx\experimental\refinement_types.py","467","True","467"
"8_tools\EES331_Gesture_Viewer_v1.0\_internal\torch\fx\experimental\rewriter.py","5639","True","5639"
"8_tools\EES331_Gesture_Viewer_v1.0\_internal\torch\fx\experimental\schema_type_annotation.py","5524","True","5524"
"8_tools\EES331_Gesture_Viewer_v1.0\_internal\torch\fx\experimental\sym_node.py","63628","True","63628"
"8_tools\EES331_Gesture_Viewer_v1.0\_internal\torch\fx\experimental\symbolic_shapes.py","343843","True","343843"
"8_tools\EES331_Gesture_Viewer_v1.0\_internal\torch\fx\experimental\unify_refinements.py","3254","True","3254"
"8_tools\EES331_Gesture_Viewer_v1.0\_internal\torch\fx\experimental\validator.py","35059","True","35059"
"8_tools\EES331_Gesture_Viewer_v1.0\_internal\torch\fx\passes\backends\__init__.py","0","True","0"
"8_tools\EES331_Gesture_Viewer_v1.0\_internal\torch\fx\passes\backends\cudagraphs.py","2140","True","2140"
"8_tools\EES331_Gesture_Viewer_v1.0\_internal\torch\fx\passes\dialect\common\__init__.py","0","True","0"
"8_tools\EES331_Gesture_Viewer_v1.0\_internal\torch\fx\passes\dialect\common\cse_pass.py","5403","True","5403"
"8_tools\EES331_Gesture_Viewer_v1.0\_internal\torch\fx\passes\dialect\__init__.py","0","True","0"
"8_tools\EES331_Gesture_Viewer_v1.0\_internal\torch\fx\passes\infra\__init__.py","28","True","28"
"8_tools\EES331_Gesture_Viewer_v1.0\_internal\torch\fx\passes\infra\partitioner.py","17872","True","17872"
"8_tools\EES331_Gesture_Viewer_v1.0\_internal\torch\fx\passes\infra\pass_base.py","2620","True","2620"
"8_tools\EES331_Gesture_Viewer_v1.0\_internal\torch\fx\passes\infra\pass_manager.py","10704","True","10704"
"8_tools\EES331_Gesture_Viewer_v1.0\_internal\torch\fx\passes\tests\__init__.py","0","True","0"
"8_tools\EES331_Gesture_Viewer_v1.0\_internal\torch\fx\passes\tests\test_pass_manager.py","1929","True","1929"
"8_tools\EES331_Gesture_Viewer_v1.0\_internal\torch\fx\passes\utils\__init__.py","75","True","75"
"8_tools\EES331_Gesture_Viewer_v1.0\_internal\torch\fx\passes\utils\common.py","3256","True","3256"
"8_tools\EES331_Gesture_Viewer_v1.0\_internal\torch\fx\passes\utils\fuser_utils.py","10639","True","10639"
"8_tools\EES331_Gesture_Viewer_v1.0\_internal\torch\fx\passes\utils\matcher_utils.py","17985","True","17985"
"8_tools\EES331_Gesture_Viewer_v1.0\_internal\torch\fx\passes\utils\matcher_with_name_node_map_utils.py","4355","True","4355"
"8_tools\EES331_Gesture_Viewer_v1.0\_internal\torch\fx\passes\utils\source_matcher_utils.py","5944","True","5944"
"8_tools\EES331_Gesture_Viewer_v1.0\_internal\torch\fx\passes\__init__.py","278","True","278"
"8_tools\EES331_Gesture_Viewer_v1.0\_internal\torch\fx\passes\_tensorify_python_scalars.py","17722","True","17722"
"8_tools\EES331_Gesture_Viewer_v1.0\_internal\torch\fx\passes\annotate_getitem_nodes.py","2820","True","2820"
"8_tools\EES331_Gesture_Viewer_v1.0\_internal\torch\fx\passes\fake_tensor_prop.py","4309","True","4309"
"8_tools\EES331_Gesture_Viewer_v1.0\_internal\torch\fx\passes\graph_drawer.py","19757","True","19757"
"8_tools\EES331_Gesture_Viewer_v1.0\_internal\torch\fx\passes\graph_manipulation.py","4078","True","4078"
"8_tools\EES331_Gesture_Viewer_v1.0\_internal\torch\fx\passes\graph_transform_observer.py","8014","True","8014"
"8_tools\EES331_Gesture_Viewer_v1.0\_internal\torch\fx\passes\net_min_base.py","37773","True","37773"
"8_tools\EES331_Gesture_Viewer_v1.0\_internal\torch\fx\passes\operator_support.py","7861","True","7861"
"8_tools\EES331_Gesture_Viewer_v1.0\_internal\torch\fx\passes\param_fetch.py","3838","True","3838"
"8_tools\EES331_Gesture_Viewer_v1.0\_internal\torch\fx\passes\pass_manager.py","7339","True","7339"
"8_tools\EES331_Gesture_Viewer_v1.0\_internal\torch\fx\passes\regional_inductor.py","8648","True","8648"
"8_tools\EES331_Gesture_Viewer_v1.0\_internal\torch\fx\passes\reinplace.py","35311","True","35311"
"8_tools\EES331_Gesture_Viewer_v1.0\_internal\torch\fx\passes\runtime_assert.py","30754","True","30754"
"8_tools\EES331_Gesture_Viewer_v1.0\_internal\torch\fx\passes\shape_prop.py","8556","True","8556"
"8_tools\EES331_Gesture_Viewer_v1.0\_internal\torch\fx\passes\split_module.py","28236","True","28236"
"8_tools\EES331_Gesture_Viewer_v1.0\_internal\torch\fx\passes\split_utils.py","11991","True","11991"
"8_tools\EES331_Gesture_Viewer_v1.0\_internal\torch\fx\passes\splitter_base.py","42296","True","42296"
"8_tools\EES331_Gesture_Viewer_v1.0\_internal\torch\fx\passes\tools_common.py","14252","True","14252"
"8_tools\EES331_Gesture_Viewer_v1.0\_internal\torch\fx\__init__.py","4278","True","4278"
"8_tools\EES331_Gesture_Viewer_v1.0\_internal\torch\fx\_compatibility.py","1148","True","1148"
"8_tools\EES331_Gesture_Viewer_v1.0\_internal\torch\fx\_graph_pickler.py","23953","True","23953"
"8_tools\EES331_Gesture_Viewer_v1.0\_internal\torch\fx\_lazy_graph_module.py","7035","True","7035"
"8_tools\EES331_Gesture_Viewer_v1.0\_internal\torch\fx\_pytree.py","3724","True","3724"
"8_tools\EES331_Gesture_Viewer_v1.0\_internal\torch\fx\_symbolic_trace.py","53421","True","53421"
"8_tools\EES331_Gesture_Viewer_v1.0\_internal\torch\fx\_utils.py","1803","True","1803"
"8_tools\EES331_Gesture_Viewer_v1.0\_internal\torch\fx\annotate.py","1292","True","1292"
"8_tools\EES331_Gesture_Viewer_v1.0\_internal\torch\fx\config.py","335","True","335"
"8_tools\EES331_Gesture_Viewer_v1.0\_internal\torch\fx\graph_module.py","46995","True","46995"
"8_tools\EES331_Gesture_Viewer_v1.0\_internal\torch\fx\graph.py","91175","True","91175"
"8_tools\EES331_Gesture_Viewer_v1.0\_internal\torch\fx\immutable_collections.py","3391","True","3391"
"8_tools\EES331_Gesture_Viewer_v1.0\_internal\torch\fx\interpreter.py","25934","True","25934"
"8_tools\EES331_Gesture_Viewer_v1.0\_internal\torch\fx\node.py","35842","True","35842"
"8_tools\EES331_Gesture_Viewer_v1.0\_internal\torch\fx\operator_schemas.py","22474","True","22474"
"8_tools\EES331_Gesture_Viewer_v1.0\_internal\torch\fx\proxy.py","31462","True","31462"
"8_tools\EES331_Gesture_Viewer_v1.0\_internal\torch\fx\subgraph_rewriter.py","16705","True","16705"
"8_tools\EES331_Gesture_Viewer_v1.0\_internal\torch\fx\tensor_type.py","3120","True","3120"
"8_tools\EES331_Gesture_Viewer_v1.0\_internal\torch\fx\traceback.py","17063","True","17063"
"8_tools\EES331_Gesture_Viewer_v1.0\_internal\torch\jit\_passes\__init__.py","0","True","0"
"8_tools\EES331_Gesture_Viewer_v1.0\_internal\torch\jit\_passes\_property_propagation.py","1484","True","1484"
"8_tools\EES331_Gesture_Viewer_v1.0\_internal\torch\jit\mobile\__init__.py","9133","True","9133"
"8_tools\EES331_Gesture_Viewer_v1.0\_internal\torch\jit\__init__.py","8661","True","8661"
"8_tools\EES331_Gesture_Viewer_v1.0\_internal\torch\jit\_async.py","3942","True","3942"
"8_tools\EES331_Gesture_Viewer_v1.0\_internal\torch\jit\_await.py","879","True","879"
"8_tools\EES331_Gesture_Viewer_v1.0\_internal\torch\jit\_builtins.py","7011","True","7011"
"8_tools\EES331_Gesture_Viewer_v1.0\_internal\torch\jit\_check.py","10033","True","10033"
"8_tools\EES331_Gesture_Viewer_v1.0\_internal\torch\jit\_dataclass_impls.py","6871","True","6871"
"8_tools\EES331_Gesture_Viewer_v1.0\_internal\torch\jit\_decomposition_utils.py","424","True","424"
"8_tools\EES331_Gesture_Viewer_v1.0\_internal\torch\jit\_decompositions.py","4648","True","4648"
"8_tools\EES331_Gesture_Viewer_v1.0\_internal\torch\jit\_freeze.py","9744","True","9744"
"8_tools\EES331_Gesture_Viewer_v1.0\_internal\torch\jit\_fuser.py","7251","True","7251"
"8_tools\EES331_Gesture_Viewer_v1.0\_internal\torch\jit\_ir_utils.py","927","True","927"
"8_tools\EES331_Gesture_Viewer_v1.0\_internal\torch\jit\_logging.py","268","True","268"
"8_tools\EES331_Gesture_Viewer_v1.0\_internal\torch\jit\_monkeytype_config.py","7551","True","7551"
"8_tools\EES331_Gesture_Viewer_v1.0\_internal\torch\jit\_pickle.py","1208","True","1208"
"8_tools\EES331_Gesture_Viewer_v1.0\_internal\torch\jit\_recursive.py","43356","True","43356"
"8_tools\EES331_Gesture_Viewer_v1.0\_internal\torch\jit\_script.py","69111","True","69111"
"8_tools\EES331_Gesture_Viewer_v1.0\_internal\torch\jit\_serialization.py","11063","True","11063"
"8_tools\EES331_Gesture_Viewer_v1.0\_internal\torch\jit\_shape_functions.py","46752","True","46752"
"8_tools\EES331_Gesture_Viewer_v1.0\_internal\torch\jit\_state.py","3931","True","3931"
"8_tools\EES331_Gesture_Viewer_v1.0\_internal\torch\jit\_trace.py","57384","True","57384"
"8_tools\EES331_Gesture_Viewer_v1.0\_internal\torch\jit\annotations.py","18558","True","18558"
"8_tools\EES331_Gesture_Viewer_v1.0\_internal\torch\jit\frontend.py","46504","True","46504"
"8_tools\EES331_Gesture_Viewer_v1.0\_internal\torch\jit\generate_bytecode.py","1075","True","1075"
"8_tools\EES331_Gesture_Viewer_v1.0\_internal\torch\jit\quantized.py","3293","True","3293"
"8_tools\EES331_Gesture_Viewer_v1.0\_internal\torch\jit\supported_ops.py","10610","True","10610"
"8_tools\EES331_Gesture_Viewer_v1.0\_internal\torch\jit\unsupported_tensor_ops.py","2073","True","2073"
"8_tools\EES331_Gesture_Viewer_v1.0\_internal\torch\linalg\__init__.py","117981","True","117981"
"8_tools\EES331_Gesture_Viewer_v1.0\_internal\torch\masked\maskedtensor\__init__.py","351","True","351"
"8_tools\EES331_Gesture_Viewer_v1.0\_internal\torch\masked\maskedtensor\_ops_refs.py","18677","True","18677"
"8_tools\EES331_Gesture_Viewer_v1.0\_internal\torch\masked\maskedtensor\binary.py","5696","True","5696"
"8_tools\EES331_Gesture_Viewer_v1.0\_internal\torch\masked\maskedtensor\core.py","13423","True","13423"
"8_tools\EES331_Gesture_Viewer_v1.0\_internal\torch\masked\maskedtensor\creation.py","629","True","629"
"8_tools\EES331_Gesture_Viewer_v1.0\_internal\torch\masked\maskedtensor\passthrough.py","1497","True","1497"
"8_tools\EES331_Gesture_Viewer_v1.0\_internal\torch\masked\maskedtensor\reductions.py","5775","True","5775"
"8_tools\EES331_Gesture_Viewer_v1.0\_internal\torch\masked\maskedtensor\unary.py","4391","True","4391"
"8_tools\EES331_Gesture_Viewer_v1.0\_internal\torch\masked\__init__.py","985","True","985"
"8_tools\EES331_Gesture_Viewer_v1.0\_internal\torch\masked\_docs.py","50645","True","50645"
"8_tools\EES331_Gesture_Viewer_v1.0\_internal\torch\masked\_ops.py","68497","True","68497"
"8_tools\EES331_Gesture_Viewer_v1.0\_internal\torch\monitor\__init__.py","1317","True","1317"
"8_tools\EES331_Gesture_Viewer_v1.0\_internal\torch\mps\__init__.py","6475","True","6475"
"8_tools\EES331_Gesture_Viewer_v1.0\_internal\torch\mps\event.py","1775","True","1775"
"8_tools\EES331_Gesture_Viewer_v1.0\_internal\torch\mps\profiler.py","3653","True","3653"
"8_tools\EES331_Gesture_Viewer_v1.0\_internal\torch\mtia\__init__.py","14766","True","14766"
"8_tools\EES331_Gesture_Viewer_v1.0\_internal\torch\mtia\_utils.py","1635","True","1635"
"8_tools\EES331_Gesture_Viewer_v1.0\_internal\torch\mtia\memory.py","2369","True","2369"
"8_tools\EES331_Gesture_Viewer_v1.0\_internal\torch\mtia\mtia_graph.py","2732","True","2732"
"8_tools\EES331_Gesture_Viewer_v1.0\_internal\torch\multiprocessing\__init__.py","3578","True","3578"
"8_tools\EES331_Gesture_Viewer_v1.0\_internal\torch\multiprocessing\_atfork.py","825","True","825"
"8_tools\EES331_Gesture_Viewer_v1.0\_internal\torch\multiprocessing\pool.py","1795","True","1795"
"8_tools\EES331_Gesture_Viewer_v1.0\_internal\torch\multiprocessing\queue.py","1520","True","1520"
"8_tools\EES331_Gesture_Viewer_v1.0\_internal\torch\multiprocessing\reductions.py","23740","True","23740"
"8_tools\EES331_Gesture_Viewer_v1.0\_internal\torch\multiprocessing\spawn.py","13203","True","13203"
"8_tools\EES331_Gesture_Viewer_v1.0\_internal\torch\nativert\backends\__init__.py","0","True","0"
"8_tools\EES331_Gesture_Viewer_v1.0\_internal\torch\nativert\backends\_lower_utils.py","3600","True","3600"
"8_tools\EES331_Gesture_Viewer_v1.0\_internal\torch\nativert\backends\_lowered_aoti_module.py","921","True","921"
"8_tools\EES331_Gesture_Viewer_v1.0\_internal\torch\nativert\__init__.py","0","True","0"
"8_tools\EES331_Gesture_Viewer_v1.0\_internal\torch\nested\_internal\__init__.py","0","True","0"
"8_tools\EES331_Gesture_Viewer_v1.0\_internal\torch\nested\_internal\nested_int.py","3314","True","3314"
"8_tools\EES331_Gesture_Viewer_v1.0\_internal\torch\nested\_internal\nested_tensor.py","25790","True","25790"
"8_tools\EES331_Gesture_Viewer_v1.0\_internal\torch\nested\_internal\ops.py","99581","True","99581"
"8_tools\EES331_Gesture_Viewer_v1.0\_internal\torch\nested\_internal\sdpa.py","35395","True","35395"
"8_tools\EES331_Gesture_Viewer_v1.0\_internal\torch\nested\__init__.py","22557","True","22557"
"8_tools\EES331_Gesture_Viewer_v1.0\_internal\torch\nn\attention\experimental\__init__.py","113","True","113"
"8_tools\EES331_Gesture_Viewer_v1.0\_internal\torch\nn\attention\experimental\_paged_attention.py","13380","True","13380"
"8_tools\EES331_Gesture_Viewer_v1.0\_internal\torch\nn\attention\__init__.py","6958","True","6958"
"8_tools\EES331_Gesture_Viewer_v1.0\_internal\torch\nn\attention\_fa4.py","12479","True","12479"
"8_tools\EES331_Gesture_Viewer_v1.0\_internal\torch\nn\attention\_registry.py","3995","True","3995"
"8_tools\EES331_Gesture_Viewer_v1.0\_internal\torch\nn\attention\_utils.py","2072","True","2072"
"8_tools\EES331_Gesture_Viewer_v1.0\_internal\torch\nn\attention\bias.py","13971","True","13971"
"8_tools\EES331_Gesture_Viewer_v1.0\_internal\torch\nn\attention\flex_attention.py","67875","True","67875"
"8_tools\EES331_Gesture_Viewer_v1.0\_internal\torch\nn\attention\varlen.py","10427","True","10427"
"8_tools\EES331_Gesture_Viewer_v1.0\_internal\torch\nn\backends\__init__.py","0","True","0"
"8_tools\EES331_Gesture_Viewer_v1.0\_internal\torch\nn\backends\thnn.py","160","True","160"
"8_tools\EES331_Gesture_Viewer_v1.0\_internal\torch\nn\intrinsic\modules\__init__.py","550","True","550"
"8_tools\EES331_Gesture_Viewer_v1.0\_internal\torch\nn\intrinsic\modules\fused.py","596","True","596"
"8_tools\EES331_Gesture_Viewer_v1.0\_internal\torch\nn\intrinsic\qat\modules\__init__.py","669","True","669"
"8_tools\EES331_Gesture_Viewer_v1.0\_internal\torch\nn\intrinsic\qat\modules\conv_fused.py","872","True","872"
"8_tools\EES331_Gesture_Viewer_v1.0\_internal\torch\nn\intrinsic\qat\modules\linear_fused.py","449","True","449"
"8_tools\EES331_Gesture_Viewer_v1.0\_internal\torch\nn\intrinsic\qat\modules\linear_relu.py","449","True","449"
"8_tools\EES331_Gesture_Viewer_v1.0\_internal\torch\nn\intrinsic\qat\__init__.py","60","True","60"
"8_tools\EES331_Gesture_Viewer_v1.0\_internal\torch\nn\intrinsic\quantized\dynamic\modules\__init__.py","120","True","120"
"8_tools\EES331_Gesture_Viewer_v1.0\_internal\torch\nn\intrinsic\quantized\dynamic\modules\linear_relu.py","103","True","103"
"8_tools\EES331_Gesture_Viewer_v1.0\_internal\torch\nn\intrinsic\quantized\dynamic\__init__.py","74","True","74"
"8_tools\EES331_Gesture_Viewer_v1.0\_internal\torch\nn\intrinsic\quantized\modules\__init__.py","396","True","396"
"8_tools\EES331_Gesture_Viewer_v1.0\_internal\torch\nn\intrinsic\quantized\modules\bn_relu.py","118","True","118"
"8_tools\EES331_Gesture_Viewer_v1.0\_internal\torch\nn\intrinsic\quantized\modules\conv_relu.py","157","True","157"
"8_tools\EES331_Gesture_Viewer_v1.0\_internal\torch\nn\intrinsic\quantized\modules\linear_relu.py","95","True","95"
"8_tools\EES331_Gesture_Viewer_v1.0\_internal\torch\nn\intrinsic\quantized\__init__.py","350","True","350"
"8_tools\EES331_Gesture_Viewer_v1.0\_internal\torch\nn\intrinsic\__init__.py","733","True","733"
"8_tools\EES331_Gesture_Viewer_v1.0\_internal\torch\nn\modules\__init__.py","6828","True","6828"
"8_tools\EES331_Gesture_Viewer_v1.0\_internal\torch\nn\modules\_functions.py","12462","True","12462"
"8_tools\EES331_Gesture_Viewer_v1.0\_internal\torch\nn\modules\activation.py","63595","True","63595"
"8_tools\EES331_Gesture_Viewer_v1.0\_internal\torch\nn\modules\adaptive.py","12945","True","12945"
"8_tools\EES331_Gesture_Viewer_v1.0\_internal\torch\nn\modules\batchnorm.py","40026","True","40026"
"8_tools\EES331_Gesture_Viewer_v1.0\_internal\torch\nn\modules\channelshuffle.py","1744","True","1744"
"8_tools\EES331_Gesture_Viewer_v1.0\_internal\torch\nn\modules\container.py","38687","True","38687"
"8_tools\EES331_Gesture_Viewer_v1.0\_internal\torch\nn\modules\conv.py","80389","True","80389"
"8_tools\EES331_Gesture_Viewer_v1.0\_internal\torch\nn\modules\distance.py","3472","True","3472"
"8_tools\EES331_Gesture_Viewer_v1.0\_internal\torch\nn\modules\dropout.py","11840","True","11840"
"8_tools\EES331_Gesture_Viewer_v1.0\_internal\torch\nn\modules\flatten.py","5927","True","5927"
"8_tools\EES331_Gesture_Viewer_v1.0\_internal\torch\nn\modules\fold.py","13562","True","13562"
"8_tools\EES331_Gesture_Viewer_v1.0\_internal\torch\nn\modules\instancenorm.py","20918","True","20918"
"8_tools\EES331_Gesture_Viewer_v1.0\_internal\torch\nn\modules\lazy.py","11952","True","11952"
"8_tools\EES331_Gesture_Viewer_v1.0\_internal\torch\nn\modules\linear.py","12663","True","12663"
"8_tools\EES331_Gesture_Viewer_v1.0\_internal\torch\nn\modules\loss.py","98466","True","98466"
"8_tools\EES331_Gesture_Viewer_v1.0\_internal\torch\nn\modules\module.py","130514","True","130514"
"8_tools\EES331_Gesture_Viewer_v1.0\_internal\torch\nn\modules\normalization.py","15706","True","15706"
"8_tools\EES331_Gesture_Viewer_v1.0\_internal\torch\nn\modules\padding.py","32502","True","32502"
"8_tools\EES331_Gesture_Viewer_v1.0\_internal\torch\nn\modules\pixelshuffle.py","4075","True","4075"
"8_tools\EES331_Gesture_Viewer_v1.0\_internal\torch\nn\modules\pooling.py","62664","True","62664"
"8_tools\EES331_Gesture_Viewer_v1.0\_internal\torch\nn\modules\rnn.py","76741","True","76741"
"8_tools\EES331_Gesture_Viewer_v1.0\_internal\torch\nn\modules\sparse.py","24757","True","24757"
"8_tools\EES331_Gesture_Viewer_v1.0\_internal\torch\nn\modules\transformer.py","53803","True","53803"
"8_tools\EES331_Gesture_Viewer_v1.0\_internal\torch\nn\modules\upsampling.py","11909","True","11909"
"8_tools\EES331_Gesture_Viewer_v1.0\_internal\torch\nn\modules\utils.py","2723","True","2723"
"8_tools\EES331_Gesture_Viewer_v1.0\_internal\torch\nn\parallel\__init__.py","787","True","787"
"8_tools\EES331_Gesture_Viewer_v1.0\_internal\torch\nn\parallel\_functions.py","5077","True","5077"
"8_tools\EES331_Gesture_Viewer_v1.0\_internal\torch\nn\parallel\comm.py","11280","True","11280"
"8_tools\EES331_Gesture_Viewer_v1.0\_internal\torch\nn\parallel\data_parallel.py","12167","True","12167"
"8_tools\EES331_Gesture_Viewer_v1.0\_internal\torch\nn\parallel\distributed.py","112293","True","112293"
"8_tools\EES331_Gesture_Viewer_v1.0\_internal\torch\nn\parallel\parallel_apply.py","4818","True","4818"
"8_tools\EES331_Gesture_Viewer_v1.0\_internal\torch\nn\parallel\replicate.py","7175","True","7175"
"8_tools\EES331_Gesture_Viewer_v1.0\_internal\torch\nn\parallel\scatter_gather.py","5856","True","5856"
"8_tools\EES331_Gesture_Viewer_v1.0\_internal\torch\nn\qat\dynamic\modules\__init__.py","82","True","82"
"8_tools\EES331_Gesture_Viewer_v1.0\_internal\torch\nn\qat\dynamic\modules\linear.py","427","True","427"
"8_tools\EES331_Gesture_Viewer_v1.0\_internal\torch\nn\qat\dynamic\__init__.py","216","True","216"
"8_tools\EES331_Gesture_Viewer_v1.0\_internal\torch\nn\qat\modules\__init__.py","522","True","522"
"8_tools\EES331_Gesture_Viewer_v1.0\_internal\torch\nn\qat\modules\conv.py","417","True","417"
"8_tools\EES331_Gesture_Viewer_v1.0\_internal\torch\nn\qat\modules\embedding_ops.py","472","True","472"
"8_tools\EES331_Gesture_Viewer_v1.0\_internal\torch\nn\qat\modules\linear.py","403","True","403"
"8_tools\EES331_Gesture_Viewer_v1.0\_internal\torch\nn\qat\__init__.py","384","True","384"
"8_tools\EES331_Gesture_Viewer_v1.0\_internal\torch\nn\quantizable\modules\__init__.py","216","True","216"
"8_tools\EES331_Gesture_Viewer_v1.0\_internal\torch\nn\quantizable\modules\activation.py","451","True","451"
"8_tools\EES331_Gesture_Viewer_v1.0\_internal\torch\nn\quantizable\modules\rnn.py","440","True","440"
"8_tools\EES331_Gesture_Viewer_v1.0\_internal\torch\nn\quantizable\__init__.py","58","True","58"
"8_tools\EES331_Gesture_Viewer_v1.0\_internal\torch\nn\quantized\_reference\modules\__init__.py","1057","True","1057"
"8_tools\EES331_Gesture_Viewer_v1.0\_internal\torch\nn\quantized\_reference\modules\conv.py","600","True","600"
"8_tools\EES331_Gesture_Viewer_v1.0\_internal\torch\nn\quantized\_reference\modules\linear.py","462","True","462"
"8_tools\EES331_Gesture_Viewer_v1.0\_internal\torch\nn\quantized\_reference\modules\rnn.py","543","True","543"
"8_tools\EES331_Gesture_Viewer_v1.0\_internal\torch\nn\quantized\_reference\modules\sparse.py","479","True","479"
"8_tools\EES331_Gesture_Viewer_v1.0\_internal\torch\nn\quantized\_reference\modules\utils.py","608","True","608"
"8_tools\EES331_Gesture_Viewer_v1.0\_internal\torch\nn\quantized\_reference\__init__.py","67","True","67"
"8_tools\EES331_Gesture_Viewer_v1.0\_internal\torch\nn\quantized\dynamic\modules\__init__.py","1036","True","1036"
"8_tools\EES331_Gesture_Viewer_v1.0\_internal\torch\nn\quantized\dynamic\modules\conv.py","697","True","697"
"8_tools\EES331_Gesture_Viewer_v1.0\_internal\torch\nn\quantized\dynamic\modules\linear.py","459","True","459"
"8_tools\EES331_Gesture_Viewer_v1.0\_internal\torch\nn\quantized\dynamic\modules\rnn.py","774","True","774"
"8_tools\EES331_Gesture_Viewer_v1.0\_internal\torch\nn\quantized\dynamic\__init__.py","59","True","59"
"8_tools\EES331_Gesture_Viewer_v1.0\_internal\torch\nn\quantized\modules\__init__.py","2198","True","2198"
"8_tools\EES331_Gesture_Viewer_v1.0\_internal\torch\nn\quantized\modules\activation.py","548","True","548"
"8_tools\EES331_Gesture_Viewer_v1.0\_internal\torch\nn\quantized\modules\batchnorm.py","448","True","448"
"8_tools\EES331_Gesture_Viewer_v1.0\_internal\torch\nn\quantized\modules\conv.py","695","True","695"
"8_tools\EES331_Gesture_Viewer_v1.0\_internal\torch\nn\quantized\modules\dropout.py","456","True","456"
"8_tools\EES331_Gesture_Viewer_v1.0\_internal\torch\nn\quantized\modules\embedding_ops.py","565","True","565"
"8_tools\EES331_Gesture_Viewer_v1.0\_internal\torch\nn\quantized\modules\functional_modules.py","572","True","572"
"8_tools\EES331_Gesture_Viewer_v1.0\_internal\torch\nn\quantized\modules\linear.py","495","True","495"
"8_tools\EES331_Gesture_Viewer_v1.0\_internal\torch\nn\quantized\modules\normalization.py","652","True","652"
"8_tools\EES331_Gesture_Viewer_v1.0\_internal\torch\nn\quantized\modules\rnn.py","422","True","422"
"8_tools\EES331_Gesture_Viewer_v1.0\_internal\torch\nn\quantized\modules\utils.py","556","True","556"
"8_tools\EES331_Gesture_Viewer_v1.0\_internal\torch\nn\quantized\__init__.py","810","True","810"
"8_tools\EES331_Gesture_Viewer_v1.0\_internal\torch\nn\quantized\functional.py","286","True","286"
"8_tools\EES331_Gesture_Viewer_v1.0\_internal\torch\nn\utils\_expanded_weights\__init__.py","462","True","462"
"8_tools\EES331_Gesture_Viewer_v1.0\_internal\torch\nn\utils\_expanded_weights\conv_expanded_weights.py","3007","True","3007"
"8_tools\EES331_Gesture_Viewer_v1.0\_internal\torch\nn\utils\_expanded_weights\conv_utils.py","11110","True","11110"
"8_tools\EES331_Gesture_Viewer_v1.0\_internal\torch\nn\utils\_expanded_weights\embedding_expanded_weights.py","3161","True","3161"
"8_tools\EES331_Gesture_Viewer_v1.0\_internal\torch\nn\utils\_expanded_weights\expanded_weights_impl.py","6596","True","6596"
"8_tools\EES331_Gesture_Viewer_v1.0\_internal\torch\nn\utils\_expanded_weights\expanded_weights_utils.py","7799","True","7799"
"8_tools\EES331_Gesture_Viewer_v1.0\_internal\torch\nn\utils\_expanded_weights\group_norm_expanded_weights.py","3683","True","3683"
"8_tools\EES331_Gesture_Viewer_v1.0\_internal\torch\nn\utils\_expanded_weights\instance_norm_expanded_weights.py","3873","True","3873"
"8_tools\EES331_Gesture_Viewer_v1.0\_internal\torch\nn\utils\_expanded_weights\layer_norm_expanded_weights.py","3377","True","3377"
"8_tools\EES331_Gesture_Viewer_v1.0\_internal\torch\nn\utils\_expanded_weights\linear_expanded_weights.py","2322","True","2322"
"8_tools\EES331_Gesture_Viewer_v1.0\_internal\torch\nn\utils\__init__.py","1385","True","1385"
"8_tools\EES331_Gesture_Viewer_v1.0\_internal\torch\nn\utils\_deprecation_utils.py","1751","True","1751"
"8_tools\EES331_Gesture_Viewer_v1.0\_internal\torch\nn\utils\_named_member_accessor.py","14583","True","14583"
"8_tools\EES331_Gesture_Viewer_v1.0\_internal\torch\nn\utils\_per_sample_grad.py","5901","True","5901"
"8_tools\EES331_Gesture_Viewer_v1.0\_internal\torch\nn\utils\clip_grad.py","11779","True","11779"
"8_tools\EES331_Gesture_Viewer_v1.0\_internal\torch\nn\utils\convert_parameters.py","3303","True","3303"
"8_tools\EES331_Gesture_Viewer_v1.0\_internal\torch\nn\utils\fusion.py","6624","True","6624"
"8_tools\EES331_Gesture_Viewer_v1.0\_internal\torch\nn\utils\init.py","2305","True","2305"
"8_tools\EES331_Gesture_Viewer_v1.0\_internal\torch\nn\utils\memory_format.py","8448","True","8448"
"8_tools\EES331_Gesture_Viewer_v1.0\_internal\torch\nn\utils\parametrizations.py","26406","True","26406"
"8_tools\EES331_Gesture_Viewer_v1.0\_internal\torch\nn\utils\parametrize.py","37694","True","37694"
"8_tools\EES331_Gesture_Viewer_v1.0\_internal\torch\nn\utils\prune.py","59782","True","59782"
"8_tools\EES331_Gesture_Viewer_v1.0\_internal\torch\nn\utils\rnn.py","24015","True","24015"
"8_tools\EES331_Gesture_Viewer_v1.0\_internal\torch\nn\utils\spectral_norm.py","15304","True","15304"
"8_tools\EES331_Gesture_Viewer_v1.0\_internal\torch\nn\utils\stateless.py","11847","True","11847"
"8_tools\EES331_Gesture_Viewer_v1.0\_internal\torch\nn\utils\weight_norm.py","6047","True","6047"
"8_tools\EES331_Gesture_Viewer_v1.0\_internal\torch\nn\__init__.py","2487","True","2487"
"8_tools\EES331_Gesture_Viewer_v1.0\_internal\torch\nn\_reduction.py","1686","True","1686"
"8_tools\EES331_Gesture_Viewer_v1.0\_internal\torch\nn\common_types.py","2135","True","2135"
"8_tools\EES331_Gesture_Viewer_v1.0\_internal\torch\nn\cpp.py","3190","True","3190"
"8_tools\EES331_Gesture_Viewer_v1.0\_internal\torch\nn\functional.py","265209","True","265209"
"8_tools\EES331_Gesture_Viewer_v1.0\_internal\torch\nn\grad.py","10208","True","10208"
"8_tools\EES331_Gesture_Viewer_v1.0\_internal\torch\nn\init.py","25588","True","25588"
"8_tools\EES331_Gesture_Viewer_v1.0\_internal\torch\nn\parameter.py","12524","True","12524"
"8_tools\EES331_Gesture_Viewer_v1.0\_internal\torch\numa\__init__.py","0","True","0"
"8_tools\EES331_Gesture_Viewer_v1.0\_internal\torch\numa\binding.py","22943","True","22943"
"8_tools\EES331_Gesture_Viewer_v1.0\_internal\torch\onnx\_internal\exporter\_torchlib\ops\__init__.py","186","True","186"
"8_tools\EES331_Gesture_Viewer_v1.0\_internal\torch\onnx\_internal\exporter\_torchlib\ops\core.py","1615","True","1615"
"8_tools\EES331_Gesture_Viewer_v1.0\_internal\torch\onnx\_internal\exporter\_torchlib\ops\hop.py","5466","True","5466"
"8_tools\EES331_Gesture_Viewer_v1.0\_internal\torch\onnx\_internal\exporter\_torchlib\ops\nn.py","14318","True","14318"
"8_tools\EES331_Gesture_Viewer_v1.0\_internal\torch\onnx\_internal\exporter\_torchlib\ops\symbolic.py","4871","True","4871"
"8_tools\EES331_Gesture_Viewer_v1.0\_internal\torch\onnx\_internal\exporter\_torchlib\ops\symops.py","1214","True","1214"
"8_tools\EES331_Gesture_Viewer_v1.0\_internal\torch\onnx\_internal\exporter\_torchlib\__init__.py","0","True","0"
"8_tools\EES331_Gesture_Viewer_v1.0\_internal\torch\onnx\_internal\exporter\_torchlib\_tensor_typing.py","1866","True","1866"
"8_tools\EES331_Gesture_Viewer_v1.0\_internal\torch\onnx\_internal\exporter\_torchlib\_torchlib_registry.py","2923","True","2923"
"8_tools\EES331_Gesture_Viewer_v1.0\_internal\torch\onnx\_internal\exporter\__init__.py","0","True","0"
"8_tools\EES331_Gesture_Viewer_v1.0\_internal\torch\onnx\_internal\exporter\_analysis.py","10344","True","10344"
"8_tools\EES331_Gesture_Viewer_v1.0\_internal\torch\onnx\_internal\exporter\_building.py","30116","True","30116"
"8_tools\EES331_Gesture_Viewer_v1.0\_internal\torch\onnx\_internal\exporter\_capture_strategies.py","10882","True","10882"
"8_tools\EES331_Gesture_Viewer_v1.0\_internal\torch\onnx\_internal\exporter\_compat.py","9776","True","9776"
"8_tools\EES331_Gesture_Viewer_v1.0\_internal\torch\onnx\_internal\exporter\_constants.py","385","True","385"
"8_tools\EES331_Gesture_Viewer_v1.0\_internal\torch\onnx\_internal\exporter\_core.py","70465","True","70465"
"8_tools\EES331_Gesture_Viewer_v1.0\_internal\torch\onnx\_internal\exporter\_decomp.py","2945","True","2945"
"8_tools\EES331_Gesture_Viewer_v1.0\_internal\torch\onnx\_internal\exporter\_dispatching.py","15137","True","15137"
"8_tools\EES331_Gesture_Viewer_v1.0\_internal\torch\onnx\_internal\exporter\_dynamic_shapes.py","14780","True","14780"
"8_tools\EES331_Gesture_Viewer_v1.0\_internal\torch\onnx\_internal\exporter\_errors.py","556","True","556"
"8_tools\EES331_Gesture_Viewer_v1.0\_internal\torch\onnx\_internal\exporter\_flags.py","826","True","826"
"8_tools\EES331_Gesture_Viewer_v1.0\_internal\torch\onnx\_internal\exporter\_fx_passes.py","1885","True","1885"
"8_tools\EES331_Gesture_Viewer_v1.0\_internal\torch\onnx\_internal\exporter\_ir_passes.py","5067","True","5067"
"8_tools\EES331_Gesture_Viewer_v1.0\_internal\torch\onnx\_internal\exporter\_isolated.py","1994","True","1994"
"8_tools\EES331_Gesture_Viewer_v1.0\_internal\torch\onnx\_internal\exporter\_onnx_program.py","19060","True","19060"
"8_tools\EES331_Gesture_Viewer_v1.0\_internal\torch\onnx\_internal\exporter\_registration.py","12937","True","12937"
"8_tools\EES331_Gesture_Viewer_v1.0\_internal\torch\onnx\_internal\exporter\_reporting.py","7591","True","7591"
"8_tools\EES331_Gesture_Viewer_v1.0\_internal\torch\onnx\_internal\exporter\_schemas.py","21291","True","21291"
"8_tools\EES331_Gesture_Viewer_v1.0\_internal\torch\onnx\_internal\exporter\_tensors.py","2711","True","2711"
"8_tools\EES331_Gesture_Viewer_v1.0\_internal\torch\onnx\_internal\exporter\_testing.py","4095","True","4095"
"8_tools\EES331_Gesture_Viewer_v1.0\_internal\torch\onnx\_internal\exporter\_type_casting.py","1193","True","1193"
"8_tools\EES331_Gesture_Viewer_v1.0\_internal\torch\onnx\_internal\exporter\_verification.py","12847","True","12847"
"8_tools\EES331_Gesture_Viewer_v1.0\_internal\torch\onnx\_internal\fx\passes\__init__.py","97","True","97"
"8_tools\EES331_Gesture_Viewer_v1.0\_internal\torch\onnx\_internal\fx\passes\type_promotion.py","66398","True","66398"
"8_tools\EES331_Gesture_Viewer_v1.0\_internal\torch\onnx\_internal\fx\__init__.py","0","True","0"
"8_tools\EES331_Gesture_Viewer_v1.0\_internal\torch\onnx\_internal\fx\_pass.py","8875","True","8875"
"8_tools\EES331_Gesture_Viewer_v1.0\_internal\torch\onnx\_internal\fx\type_utils.py","6014","True","6014"
"8_tools\EES331_Gesture_Viewer_v1.0\_internal\torch\onnx\_internal\torchscript_exporter\__init__.py","0","True","0"
"8_tools\EES331_Gesture_Viewer_v1.0\_internal\torch\onnx\_internal\torchscript_exporter\_experimental.py","1061","True","1061"
"8_tools\EES331_Gesture_Viewer_v1.0\_internal\torch\onnx\_internal\torchscript_exporter\_globals.py","2882","True","2882"
"8_tools\EES331_Gesture_Viewer_v1.0\_internal\torch\onnx\_internal\torchscript_exporter\_type_utils.py","14372","True","14372"
"8_tools\EES331_Gesture_Viewer_v1.0\_internal\torch\onnx\_internal\torchscript_exporter\jit_utils.py","14356","True","14356"
"8_tools\EES331_Gesture_Viewer_v1.0\_internal\torch\onnx\_internal\torchscript_exporter\onnx_proto_utils.py","9445","True","9445"
"8_tools\EES331_Gesture_Viewer_v1.0\_internal\torch\onnx\_internal\torchscript_exporter\registration.py","11519","True","11519"
"8_tools\EES331_Gesture_Viewer_v1.0\_internal\torch\onnx\_internal\torchscript_exporter\symbolic_helper.py","88273","True","88273"
"8_tools\EES331_Gesture_Viewer_v1.0\_internal\torch\onnx\_internal\torchscript_exporter\symbolic_opset10.py","38825","True","38825"
"8_tools\EES331_Gesture_Viewer_v1.0\_internal\torch\onnx\_internal\torchscript_exporter\symbolic_opset11.py","55070","True","55070"
"8_tools\EES331_Gesture_Viewer_v1.0\_internal\torch\onnx\_internal\torchscript_exporter\symbolic_opset12.py","16224","True","16224"
"8_tools\EES331_Gesture_Viewer_v1.0\_internal\torch\onnx\_internal\torchscript_exporter\symbolic_opset13.py","42568","True","42568"
"8_tools\EES331_Gesture_Viewer_v1.0\_internal\torch\onnx\_internal\torchscript_exporter\symbolic_opset14.py","10687","True","10687"
"8_tools\EES331_Gesture_Viewer_v1.0\_internal\torch\onnx\_internal\torchscript_exporter\symbolic_opset15.py","2976","True","2976"
"8_tools\EES331_Gesture_Viewer_v1.0\_internal\torch\onnx\_internal\torchscript_exporter\symbolic_opset16.py","6647","True","6647"
"8_tools\EES331_Gesture_Viewer_v1.0\_internal\torch\onnx\_internal\torchscript_exporter\symbolic_opset17.py","8485","True","8485"
"8_tools\EES331_Gesture_Viewer_v1.0\_internal\torch\onnx\_internal\torchscript_exporter\symbolic_opset18.py","8478","True","8478"
"8_tools\EES331_Gesture_Viewer_v1.0\_internal\torch\onnx\_internal\torchscript_exporter\symbolic_opset19.py","567","True","567"
"8_tools\EES331_Gesture_Viewer_v1.0\_internal\torch\onnx\_internal\torchscript_exporter\symbolic_opset20.py","2557","True","2557"
"8_tools\EES331_Gesture_Viewer_v1.0\_internal\torch\onnx\_internal\torchscript_exporter\symbolic_opset7.py","2265","True","2265"
"8_tools\EES331_Gesture_Viewer_v1.0\_internal\torch\onnx\_internal\torchscript_exporter\symbolic_opset8.py","15551","True","15551"
"8_tools\EES331_Gesture_Viewer_v1.0\_internal\torch\onnx\_internal\torchscript_exporter\symbolic_opset9.py","230922","True","230922"
"8_tools\EES331_Gesture_Viewer_v1.0\_internal\torch\onnx\_internal\torchscript_exporter\utils.py","78570","True","78570"
"8_tools\EES331_Gesture_Viewer_v1.0\_internal\torch\onnx\_internal\torchscript_exporter\verification.py","19669","True","19669"
"8_tools\EES331_Gesture_Viewer_v1.0\_internal\torch\onnx\_internal\__init__.py","0","True","0"
"8_tools\EES331_Gesture_Viewer_v1.0\_internal\torch\onnx\_internal\_lazy_import.py","1287","True","1287"
"8_tools\EES331_Gesture_Viewer_v1.0\_internal\torch\onnx\ops\__init__.py","21406","True","21406"
"8_tools\EES331_Gesture_Viewer_v1.0\_internal\torch\onnx\ops\_dtype_mappings.py","863","True","863"
"8_tools\EES331_Gesture_Viewer_v1.0\_internal\torch\onnx\ops\_impl.py","20512","True","20512"
"8_tools\EES331_Gesture_Viewer_v1.0\_internal\torch\onnx\ops\_symbolic_impl.py","12084","True","12084"
"8_tools\EES331_Gesture_Viewer_v1.0\_internal\torch\onnx\__init__.py","15860","True","15860"
"8_tools\EES331_Gesture_Viewer_v1.0\_internal\torch\onnx\_constants.py","555","True","555"
"8_tools\EES331_Gesture_Viewer_v1.0\_internal\torch\onnx\_flags.py","1609","True","1609"
"8_tools\EES331_Gesture_Viewer_v1.0\_internal\torch\onnx\errors.py","3579","True","3579"
"8_tools\EES331_Gesture_Viewer_v1.0\_internal\torch\onnx\operators.py","1232","True","1232"
"8_tools\EES331_Gesture_Viewer_v1.0\_internal\torch\onnx\symbolic_helper.py","230","True","230"
"8_tools\EES331_Gesture_Viewer_v1.0\_internal\torch\onnx\symbolic_opset10.py","336","True","336"
"8_tools\EES331_Gesture_Viewer_v1.0\_internal\torch\onnx\symbolic_opset11.py","232","True","232"
"8_tools\EES331_Gesture_Viewer_v1.0\_internal\torch\onnx\symbolic_opset12.py","232","True","232"
"8_tools\EES331_Gesture_Viewer_v1.0\_internal\torch\onnx\symbolic_opset13.py","232","True","232"
"8_tools\EES331_Gesture_Viewer_v1.0\_internal\torch\onnx\symbolic_opset14.py","232","True","232"
"8_tools\EES331_Gesture_Viewer_v1.0\_internal\torch\onnx\symbolic_opset15.py","232","True","232"
"8_tools\EES331_Gesture_Viewer_v1.0\_internal\torch\onnx\symbolic_opset16.py","232","True","232"
"8_tools\EES331_Gesture_Viewer_v1.0\_internal\torch\onnx\symbolic_opset17.py","232","True","232"
"8_tools\EES331_Gesture_Viewer_v1.0\_internal\torch\onnx\symbolic_opset18.py","232","True","232"
"8_tools\EES331_Gesture_Viewer_v1.0\_internal\torch\onnx\symbolic_opset19.py","232","True","232"
"8_tools\EES331_Gesture_Viewer_v1.0\_internal\torch\onnx\symbolic_opset20.py","232","True","232"
"8_tools\EES331_Gesture_Viewer_v1.0\_internal\torch\onnx\symbolic_opset7.py","230","True","230"
"8_tools\EES331_Gesture_Viewer_v1.0\_internal\torch\onnx\symbolic_opset8.py","230","True","230"
"8_tools\EES331_Gesture_Viewer_v1.0\_internal\torch\onnx\symbolic_opset9.py","405","True","405"
"8_tools\EES331_Gesture_Viewer_v1.0\_internal\torch\onnx\testing.py","227","True","227"
"8_tools\EES331_Gesture_Viewer_v1.0\_internal\torch\onnx\utils.py","242","True","242"
"8_tools\EES331_Gesture_Viewer_v1.0\_internal\torch\onnx\verification.py","355","True","355"
"8_tools\EES331_Gesture_Viewer_v1.0\_internal\torch\optim\_multi_tensor\__init__.py","1100","True","1100"
"8_tools\EES331_Gesture_Viewer_v1.0\_internal\torch\optim\__init__.py","2271","True","2271"
"8_tools\EES331_Gesture_Viewer_v1.0\_internal\torch\optim\_adafactor.py","29166","True","29166"
"8_tools\EES331_Gesture_Viewer_v1.0\_internal\torch\optim\_functional.py","3334","True","3334"
"8_tools\EES331_Gesture_Viewer_v1.0\_internal\torch\optim\_muon.py","13979","True","13979"
"8_tools\EES331_Gesture_Viewer_v1.0\_internal\torch\optim\adadelta.py","17317","True","17317"
"8_tools\EES331_Gesture_Viewer_v1.0\_internal\torch\optim\adagrad.py","21681","True","21681"
"8_tools\EES331_Gesture_Viewer_v1.0\_internal\torch\optim\adam.py","41132","True","41132"
"8_tools\EES331_Gesture_Viewer_v1.0\_internal\torch\optim\adamax.py","17965","True","17965"
"8_tools\EES331_Gesture_Viewer_v1.0\_internal\torch\optim\adamw.py","7569","True","7569"
"8_tools\EES331_Gesture_Viewer_v1.0\_internal\torch\optim\asgd.py","16974","True","16974"
"8_tools\EES331_Gesture_Viewer_v1.0\_internal\torch\optim\lbfgs.py","20584","True","20584"
"8_tools\EES331_Gesture_Viewer_v1.0\_internal\torch\optim\lr_scheduler.py","106218","True","106218"
"8_tools\EES331_Gesture_Viewer_v1.0\_internal\torch\optim\nadam.py","27387","True","27387"
"8_tools\EES331_Gesture_Viewer_v1.0\_internal\torch\optim\optimizer.py","52163","True","52163"
"8_tools\EES331_Gesture_Viewer_v1.0\_internal\torch\optim\radam.py","25656","True","25656"
"8_tools\EES331_Gesture_Viewer_v1.0\_internal\torch\optim\rmsprop.py","21125","True","21125"
"8_tools\EES331_Gesture_Viewer_v1.0\_internal\torch\optim\rprop.py","18160","True","18160"
"8_tools\EES331_Gesture_Viewer_v1.0\_internal\torch\optim\sgd.py","20899","True","20899"
"8_tools\EES331_Gesture_Viewer_v1.0\_internal\torch\optim\sparse_adam.py","8235","True","8235"
"8_tools\EES331_Gesture_Viewer_v1.0\_internal\torch\optim\swa_utils.py","22356","True","22356"
"8_tools\EES331_Gesture_Viewer_v1.0\_internal\torch\package\analyze\__init__.py","132","True","132"
"8_tools\EES331_Gesture_Viewer_v1.0\_internal\torch\package\analyze\find_first_use_of_broken_modules.py","1065","True","1065"
"8_tools\EES331_Gesture_Viewer_v1.0\_internal\torch\package\analyze\is_from_package.py","420","True","420"
"8_tools\EES331_Gesture_Viewer_v1.0\_internal\torch\package\analyze\trace_dependencies.py","2300","True","2300"
"8_tools\EES331_Gesture_Viewer_v1.0\_internal\torch\package\__init__.py","400","True","400"
"8_tools\EES331_Gesture_Viewer_v1.0\_internal\torch\package\_digraph.py","5803","True","5803"
"8_tools\EES331_Gesture_Viewer_v1.0\_internal\torch\package\_directory_reader.py","1981","True","1981"
"8_tools\EES331_Gesture_Viewer_v1.0\_internal\torch\package\_importlib.py","3093","True","3093"
"8_tools\EES331_Gesture_Viewer_v1.0\_internal\torch\package\_mangling.py","1957","True","1957"
"8_tools\EES331_Gesture_Viewer_v1.0\_internal\torch\package\_mock.py","2989","True","2989"
"8_tools\EES331_Gesture_Viewer_v1.0\_internal\torch\package\_package_pickler.py","5758","True","5758"
"8_tools\EES331_Gesture_Viewer_v1.0\_internal\torch\package\_package_unpickler.py","1019","True","1019"
"8_tools\EES331_Gesture_Viewer_v1.0\_internal\torch\package\_stdlib.py","612","True","612"
"8_tools\EES331_Gesture_Viewer_v1.0\_internal\torch\package\file_structure_representation.py","4883","True","4883"
"8_tools\EES331_Gesture_Viewer_v1.0\_internal\torch\package\find_file_dependencies.py","4043","True","4043"
"8_tools\EES331_Gesture_Viewer_v1.0\_internal\torch\package\glob_group.py","3750","True","3750"
"8_tools\EES331_Gesture_Viewer_v1.0\_internal\torch\package\importer.py","10506","True","10506"
"8_tools\EES331_Gesture_Viewer_v1.0\_internal\torch\package\package_exporter.py","52056","True","52056"
"8_tools\EES331_Gesture_Viewer_v1.0\_internal\torch\package\package_importer.py","32477","True","32477"
"8_tools\EES331_Gesture_Viewer_v1.0\_internal\torch\profiler\__init__.py","1786","True","1786"
"8_tools\EES331_Gesture_Viewer_v1.0\_internal\torch\profiler\_memory_profiler.py","49649","True","49649"
"8_tools\EES331_Gesture_Viewer_v1.0\_internal\torch\profiler\_pattern_matcher.py","25648","True","25648"
"8_tools\EES331_Gesture_Viewer_v1.0\_internal\torch\profiler\_utils.py","22265","True","22265"
"8_tools\EES331_Gesture_Viewer_v1.0\_internal\torch\profiler\itt.py","1911","True","1911"
"8_tools\EES331_Gesture_Viewer_v1.0\_internal\torch\profiler\profiler.py","48923","True","48923"
"8_tools\EES331_Gesture_Viewer_v1.0\_internal\torch\profiler\python_tracer.py","495","True","495"
"8_tools\EES331_Gesture_Viewer_v1.0\_internal\torch\quantization\fx\__init__.py","609","True","609"
"8_tools\EES331_Gesture_Viewer_v1.0\_internal\torch\quantization\fx\_equalize.py","1290","True","1290"
"8_tools\EES331_Gesture_Viewer_v1.0\_internal\torch\quantization\fx\convert.py","397","True","397"
"8_tools\EES331_Gesture_Viewer_v1.0\_internal\torch\quantization\fx\fuse.py","391","True","391"
"8_tools\EES331_Gesture_Viewer_v1.0\_internal\torch\quantization\fx\fusion_patterns.py","426","True","426"
"8_tools\EES331_Gesture_Viewer_v1.0\_internal\torch\quantization\fx\graph_module.py","592","True","592"
"8_tools\EES331_Gesture_Viewer_v1.0\_internal\torch\quantization\fx\match_utils.py","472","True","472"
"8_tools\EES331_Gesture_Viewer_v1.0\_internal\torch\quantization\fx\pattern_utils.py","1335","True","1335"
"8_tools\EES331_Gesture_Viewer_v1.0\_internal\torch\quantization\fx\prepare.py","397","True","397"
"8_tools\EES331_Gesture_Viewer_v1.0\_internal\torch\quantization\fx\quantization_patterns.py","2137","True","2137"
"8_tools\EES331_Gesture_Viewer_v1.0\_internal\torch\quantization\fx\quantization_types.py","406","True","406"
"8_tools\EES331_Gesture_Viewer_v1.0\_internal\torch\quantization\fx\utils.py","745","True","745"
"8_tools\EES331_Gesture_Viewer_v1.0\_internal\torch\quantization\__init__.py","2740","True","2740"
"8_tools\EES331_Gesture_Viewer_v1.0\_internal\torch\quantization\_numeric_suite_fx.py","778","True","778"
"8_tools\EES331_Gesture_Viewer_v1.0\_internal\torch\quantization\_numeric_suite.py","807","True","807"
"8_tools\EES331_Gesture_Viewer_v1.0\_internal\torch\quantization\_quantized_conversions.py","4492","True","4492"
"8_tools\EES331_Gesture_Viewer_v1.0\_internal\torch\quantization\fake_quantize.py","1047","True","1047"
"8_tools\EES331_Gesture_Viewer_v1.0\_internal\torch\quantization\fuse_modules.py","754","True","754"
"8_tools\EES331_Gesture_Viewer_v1.0\_internal\torch\quantization\fuser_method_mappings.py","528","True","528"
"8_tools\EES331_Gesture_Viewer_v1.0\_internal\torch\quantization\observer.py","1116","True","1116"
"8_tools\EES331_Gesture_Viewer_v1.0\_internal\torch\quantization\qconfig.py","975","True","975"
"8_tools\EES331_Gesture_Viewer_v1.0\_internal\torch\quantization\quant_type.py","409","True","409"
"8_tools\EES331_Gesture_Viewer_v1.0\_internal\torch\quantization\quantization_mappings.py","1178","True","1178"
"8_tools\EES331_Gesture_Viewer_v1.0\_internal\torch\quantization\quantize_fx.py","762","True","762"
"8_tools\EES331_Gesture_Viewer_v1.0\_internal\torch\quantization\quantize_jit.py","740","True","740"
"8_tools\EES331_Gesture_Viewer_v1.0\_internal\torch\quantization\quantize.py","834","True","834"
"8_tools\EES331_Gesture_Viewer_v1.0\_internal\torch\quantization\stubs.py","402","True","402"
"8_tools\EES331_Gesture_Viewer_v1.0\_internal\torch\quantization\utils.py","862","True","862"
"8_tools\EES331_Gesture_Viewer_v1.0\_internal\torch\signal\windows\__init__.py","411","True","411"
"8_tools\EES331_Gesture_Viewer_v1.0\_internal\torch\signal\windows\windows.py","23603","True","23603"
"8_tools\EES331_Gesture_Viewer_v1.0\_internal\torch\signal\__init__.py","50","True","50"
"8_tools\EES331_Gesture_Viewer_v1.0\_internal\torch\sparse\__init__.py","26538","True","26538"
"8_tools\EES331_Gesture_Viewer_v1.0\_internal\torch\sparse\_semi_structured_conversions.py","14452","True","14452"
"8_tools\EES331_Gesture_Viewer_v1.0\_internal\torch\sparse\_semi_structured_ops.py","6631","True","6631"
"8_tools\EES331_Gesture_Viewer_v1.0\_internal\torch\sparse\_triton_ops_meta.py","508984","True","508984"
"8_tools\EES331_Gesture_Viewer_v1.0\_internal\torch\sparse\_triton_ops.py","90465","True","90465"
"8_tools\EES331_Gesture_Viewer_v1.0\_internal\torch\sparse\semi_structured.py","29409","True","29409"
"8_tools\EES331_Gesture_Viewer_v1.0\_internal\torch\special\__init__.py","33494","True","33494"
"8_tools\EES331_Gesture_Viewer_v1.0\_internal\torch\testing\_internal\codegen\__init__.py","23","True","23"
"8_tools\EES331_Gesture_Viewer_v1.0\_internal\torch\testing\_internal\data\__init__.py","23","True","23"
"8_tools\EES331_Gesture_Viewer_v1.0\_internal\torch\testing\_internal\data\network1.py","179","True","179"
"8_tools\EES331_Gesture_Viewer_v1.0\_internal\torch\testing\_internal\data\network2.py","210","True","210"
"8_tools\EES331_Gesture_Viewer_v1.0\_internal\torch\testing\_internal\distributed\_shard\__init__.py","28","True","28"
"8_tools\EES331_Gesture_Viewer_v1.0\_internal\torch\testing\_internal\distributed\_shard\test_common.py","1260","True","1260"
"8_tools\EES331_Gesture_Viewer_v1.0\_internal\torch\testing\_internal\distributed\_tensor\__init__.py","0","True","0"
"8_tools\EES331_Gesture_Viewer_v1.0\_internal\torch\testing\_internal\distributed\_tensor\common_dtensor.py","35897","True","35897"
"8_tools\EES331_Gesture_Viewer_v1.0\_internal\torch\testing\_internal\distributed\nn\api\__init__.py","0","True","0"
"8_tools\EES331_Gesture_Viewer_v1.0\_internal\torch\testing\_internal\distributed\nn\api\remote_module_test.py","30505","True","30505"
"8_tools\EES331_Gesture_Viewer_v1.0\_internal\torch\testing\_internal\distributed\nn\__init__.py","0","True","0"
"8_tools\EES331_Gesture_Viewer_v1.0\_internal\torch\testing\_internal\distributed\rpc\examples\__init__.py","0","True","0"
"8_tools\EES331_Gesture_Viewer_v1.0\_internal\torch\testing\_internal\distributed\rpc\examples\parameter_server_test.py","4708","True","4708"
"8_tools\EES331_Gesture_Viewer_v1.0\_internal\torch\testing\_internal\distributed\rpc\examples\reinforcement_learning_rpc_test.py","9533","True","9533"
"8_tools\EES331_Gesture_Viewer_v1.0\_internal\torch\testing\_internal\distributed\rpc\jit\__init__.py","0","True","0"
"8_tools\EES331_Gesture_Viewer_v1.0\_internal\torch\testing\_internal\distributed\rpc\jit\dist_autograd_test.py","4285","True","4285"
"8_tools\EES331_Gesture_Viewer_v1.0\_internal\torch\testing\_internal\distributed\rpc\jit\rpc_test_faulty.py","8193","True","8193"
"8_tools\EES331_Gesture_Viewer_v1.0\_internal\torch\testing\_internal\distributed\rpc\jit\rpc_test.py","48253","True","48253"
"8_tools\EES331_Gesture_Viewer_v1.0\_internal\torch\testing\_internal\distributed\rpc\__init__.py","0","True","0"
"8_tools\EES331_Gesture_Viewer_v1.0\_internal\torch\testing\_internal\distributed\rpc\dist_autograd_test.py","109800","True","109800"
"8_tools\EES331_Gesture_Viewer_v1.0\_internal\torch\testing\_internal\distributed\rpc\dist_optimizer_test.py","10855","True","10855"
"8_tools\EES331_Gesture_Viewer_v1.0\_internal\torch\testing\_internal\distributed\rpc\faulty_agent_rpc_test.py","14576","True","14576"
"8_tools\EES331_Gesture_Viewer_v1.0\_internal\torch\testing\_internal\distributed\rpc\faulty_rpc_agent_test_fixture.py","2206","True","2206"
"8_tools\EES331_Gesture_Viewer_v1.0\_internal\torch\testing\_internal\distributed\rpc\rpc_agent_test_fixture.py","1937","True","1937"
"8_tools\EES331_Gesture_Viewer_v1.0\_internal\torch\testing\_internal\distributed\rpc\rpc_test.py","232192","True","232192"
"8_tools\EES331_Gesture_Viewer_v1.0\_internal\torch\testing\_internal\distributed\rpc\tensorpipe_rpc_agent_test_fixture.py","1002","True","1002"
"8_tools\EES331_Gesture_Viewer_v1.0\_internal\torch\testing\_internal\distributed\__init__.py","0","True","0"
"8_tools\EES331_Gesture_Viewer_v1.0\_internal\torch\testing\_internal\distributed\checkpoint_utils.py","6381","True","6381"
"8_tools\EES331_Gesture_Viewer_v1.0\_internal\torch\testing\_internal\distributed\common_state_dict.py","6895","True","6895"
"8_tools\EES331_Gesture_Viewer_v1.0\_internal\torch\testing\_internal\distributed\ddp_under_dist_autograd_test.py","27746","True","27746"
"8_tools\EES331_Gesture_Viewer_v1.0\_internal\torch\testing\_internal\distributed\distributed_test.py","448724","True","448724"
"8_tools\EES331_Gesture_Viewer_v1.0\_internal\torch\testing\_internal\distributed\distributed_utils.py","1938","True","1938"
"8_tools\EES331_Gesture_Viewer_v1.0\_internal\torch\testing\_internal\distributed\fake_pg.py","1158","True","1158"
"8_tools\EES331_Gesture_Viewer_v1.0\_internal\torch\testing\_internal\distributed\multi_threaded_pg.py","22021","True","22021"
"8_tools\EES331_Gesture_Viewer_v1.0\_internal\torch\testing\_internal\distributed\rpc_utils.py","6803","True","6803"
"8_tools\EES331_Gesture_Viewer_v1.0\_internal\torch\testing\_internal\generated\__init__.py","0","True","0"
"8_tools\EES331_Gesture_Viewer_v1.0\_internal\torch\testing\_internal\generated\annotated_fn_args.py","558606","True","558606"
"8_tools\EES331_Gesture_Viewer_v1.0\_internal\torch\testing\_internal\opinfo\definitions\__init__.py","478","True","478"
"8_tools\EES331_Gesture_Viewer_v1.0\_internal\torch\testing\_internal\opinfo\definitions\_masked.py","47761","True","47761"
"8_tools\EES331_Gesture_Viewer_v1.0\_internal\torch\testing\_internal\opinfo\definitions\fft.py","30254","True","30254"
"8_tools\EES331_Gesture_Viewer_v1.0\_internal\torch\testing\_internal\opinfo\definitions\linalg.py","87142","True","87142"
"8_tools\EES331_Gesture_Viewer_v1.0\_internal\torch\testing\_internal\opinfo\definitions\signal.py","15810","True","15810"
"8_tools\EES331_Gesture_Viewer_v1.0\_internal\torch\testing\_internal\opinfo\definitions\sparse.py","34753","True","34753"
"8_tools\EES331_Gesture_Viewer_v1.0\_internal\torch\testing\_internal\opinfo\definitions\special.py","27859","True","27859"
"8_tools\EES331_Gesture_Viewer_v1.0\_internal\torch\testing\_internal\opinfo\__init__.py","120","True","120"
"8_tools\EES331_Gesture_Viewer_v1.0\_internal\torch\testing\_internal\opinfo\core.py","127379","True","127379"
"8_tools\EES331_Gesture_Viewer_v1.0\_internal\torch\testing\_internal\opinfo\refs.py","8246","True","8246"
"8_tools\EES331_Gesture_Viewer_v1.0\_internal\torch\testing\_internal\opinfo\utils.py","9056","True","9056"
"8_tools\EES331_Gesture_Viewer_v1.0\_internal\torch\testing\_internal\optests\__init__.py","379","True","379"
"8_tools\EES331_Gesture_Viewer_v1.0\_internal\torch\testing\_internal\optests\aot_autograd.py","7217","True","7217"
"8_tools\EES331_Gesture_Viewer_v1.0\_internal\torch\testing\_internal\optests\autograd_registration.py","5905","True","5905"
"8_tools\EES331_Gesture_Viewer_v1.0\_internal\torch\testing\_internal\optests\fake_tensor.py","269","True","269"
"8_tools\EES331_Gesture_Viewer_v1.0\_internal\torch\testing\_internal\optests\generate_tests.py","32614","True","32614"
"8_tools\EES331_Gesture_Viewer_v1.0\_internal\torch\testing\_internal\optests\make_fx.py","3354","True","3354"
"8_tools\EES331_Gesture_Viewer_v1.0\_internal\torch\testing\_internal\test_module\__init__.py","0","True","0"
"8_tools\EES331_Gesture_Viewer_v1.0\_internal\torch\testing\_internal\test_module\future_div.py","124","True","124"
"8_tools\EES331_Gesture_Viewer_v1.0\_internal\torch\testing\_internal\test_module\no_future_div.py","156","True","156"
"8_tools\EES331_Gesture_Viewer_v1.0\_internal\torch\testing\_internal\__init__.py","0","True","0"
"8_tools\EES331_Gesture_Viewer_v1.0\_internal\torch\testing\_internal\autocast_test_lists.py","28877","True","28877"
"8_tools\EES331_Gesture_Viewer_v1.0\_internal\torch\testing\_internal\autograd_function_db.py","20246","True","20246"
"8_tools\EES331_Gesture_Viewer_v1.0\_internal\torch\testing\_internal\check_kernel_launches.py","6191","True","6191"
"8_tools\EES331_Gesture_Viewer_v1.0\_internal\torch\testing\_internal\common_cuda.py","17057","True","17057"
"8_tools\EES331_Gesture_Viewer_v1.0\_internal\torch\testing\_internal\common_device_type.py","76816","True","76816"
"8_tools\EES331_Gesture_Viewer_v1.0\_internal\torch\testing\_internal\common_dist_composable.py","3689","True","3689"
"8_tools\EES331_Gesture_Viewer_v1.0\_internal\torch\testing\_internal\common_distributed.py","72616","True","72616"
"8_tools\EES331_Gesture_Viewer_v1.0\_internal\torch\testing\_internal\common_dtype.py","5333","True","5333"
"8_tools\EES331_Gesture_Viewer_v1.0\_internal\torch\testing\_internal\common_fsdp.py","61076","True","61076"
"8_tools\EES331_Gesture_Viewer_v1.0\_internal\torch\testing\_internal\common_jit.py","16183","True","16183"
"8_tools\EES331_Gesture_Viewer_v1.0\_internal\torch\testing\_internal\common_methods_invocations.py","1243879","True","1243879"
"8_tools\EES331_Gesture_Viewer_v1.0\_internal\torch\testing\_internal\common_mkldnn.py","4012","True","4012"
"8_tools\EES331_Gesture_Viewer_v1.0\_internal\torch\testing\_internal\common_modules.py","214847","True","214847"
"8_tools\EES331_Gesture_Viewer_v1.0\_internal\torch\testing\_internal\common_mps.py","31320","True","31320"
"8_tools\EES331_Gesture_Viewer_v1.0\_internal\torch\testing\_internal\common_nn.py","176863","True","176863"
"8_tools\EES331_Gesture_Viewer_v1.0\_internal\torch\testing\_internal\common_optimizers.py","87891","True","87891"
"8_tools\EES331_Gesture_Viewer_v1.0\_internal\torch\testing\_internal\common_pruning.py","14040","True","14040"
"8_tools\EES331_Gesture_Viewer_v1.0\_internal\torch\testing\_internal\common_quantization.py","119227","True","119227"
"8_tools\EES331_Gesture_Viewer_v1.0\_internal\torch\testing\_internal\common_quantized.py","25675","True","25675"
"8_tools\EES331_Gesture_Viewer_v1.0\_internal\torch\testing\_internal\common_subclass.py","12429","True","12429"
"8_tools\EES331_Gesture_Viewer_v1.0\_internal\torch\testing\_internal\common_utils.py","249216","True","249216"
"8_tools\EES331_Gesture_Viewer_v1.0\_internal\torch\testing\_internal\composite_compliance.py","26707","True","26707"
"8_tools\EES331_Gesture_Viewer_v1.0\_internal\torch\testing\_internal\custom_op_db.py","20230","True","20230"
"8_tools\EES331_Gesture_Viewer_v1.0\_internal\torch\testing\_internal\custom_tensor.py","5439","True","5439"
"8_tools\EES331_Gesture_Viewer_v1.0\_internal\torch\testing\_internal\dist_utils.py","7454","True","7454"
"8_tools\EES331_Gesture_Viewer_v1.0\_internal\torch\testing\_internal\dynamo_pytree_test_utils.py","1087","True","1087"
"8_tools\EES331_Gesture_Viewer_v1.0\_internal\torch\testing\_internal\dynamo_test_failures.py","5616","True","5616"
"8_tools\EES331_Gesture_Viewer_v1.0\_internal\torch\testing\_internal\fake_config_module.py","1297","True","1297"
"8_tools\EES331_Gesture_Viewer_v1.0\_internal\torch\testing\_internal\fake_config_module2.py","356","True","356"
"8_tools\EES331_Gesture_Viewer_v1.0\_internal\torch\testing\_internal\fake_config_module3.py","244","True","244"
"8_tools\EES331_Gesture_Viewer_v1.0\_internal\torch\testing\_internal\hop_db.py","17254","True","17254"
"8_tools\EES331_Gesture_Viewer_v1.0\_internal\torch\testing\_internal\hypothesis_utils.py","15289","True","15289"
"8_tools\EES331_Gesture_Viewer_v1.0\_internal\torch\testing\_internal\inductor_utils.py","14038","True","14038"
"8_tools\EES331_Gesture_Viewer_v1.0\_internal\torch\testing\_internal\jit_metaprogramming_utils.py","34782","True","34782"
"8_tools\EES331_Gesture_Viewer_v1.0\_internal\torch\testing\_internal\jit_utils.py","34786","True","34786"
"8_tools\EES331_Gesture_Viewer_v1.0\_internal\torch\testing\_internal\logging_tensor.py","6814","True","6814"
"8_tools\EES331_Gesture_Viewer_v1.0\_internal\torch\testing\_internal\logging_utils.py","8483","True","8483"
"8_tools\EES331_Gesture_Viewer_v1.0\_internal\torch\testing\_internal\quantization_torch_package_models.py","984","True","984"
"8_tools\EES331_Gesture_Viewer_v1.0\_internal\torch\testing\_internal\static_module.py","920","True","920"
"8_tools\EES331_Gesture_Viewer_v1.0\_internal\torch\testing\_internal\subclasses.py","2608","True","2608"
"8_tools\EES331_Gesture_Viewer_v1.0\_internal\torch\testing\_internal\torchbind_impls.py","5880","True","5880"
"8_tools\EES331_Gesture_Viewer_v1.0\_internal\torch\testing\_internal\triton_utils.py","33033","True","33033"
"8_tools\EES331_Gesture_Viewer_v1.0\_internal\torch\testing\_internal\two_tensor.py","3777","True","3777"
"8_tools\EES331_Gesture_Viewer_v1.0\_internal\torch\testing\__init__.py","226","True","226"
"8_tools\EES331_Gesture_Viewer_v1.0\_internal\torch\testing\_comparison.py","68191","True","68191"
"8_tools\EES331_Gesture_Viewer_v1.0\_internal\torch\testing\_creation.py","12474","True","12474"
"8_tools\EES331_Gesture_Viewer_v1.0\_internal\torch\testing\_utils.py","2091","True","2091"
"8_tools\EES331_Gesture_Viewer_v1.0\_internal\torch\utils\_strobelight\__init__.py","0","True","0"
"8_tools\EES331_Gesture_Viewer_v1.0\_internal\torch\utils\_strobelight\cli_function_profiler.py","11673","True","11673"
"8_tools\EES331_Gesture_Viewer_v1.0\_internal\torch\utils\_sympy\__init__.py","0","True","0"
"8_tools\EES331_Gesture_Viewer_v1.0\_internal\torch\utils\_sympy\functions.py","54717","True","54717"
"8_tools\EES331_Gesture_Viewer_v1.0\_internal\torch\utils\_sympy\interp.py","7428","True","7428"
"8_tools\EES331_Gesture_Viewer_v1.0\_internal\torch\utils\_sympy\numbers.py","11894","True","11894"
"8_tools\EES331_Gesture_Viewer_v1.0\_internal\torch\utils\_sympy\printers.py","26098","True","26098"
"8_tools\EES331_Gesture_Viewer_v1.0\_internal\torch\utils\_sympy\reference.py","14714","True","14714"
"8_tools\EES331_Gesture_Viewer_v1.0\_internal\torch\utils\_sympy\singleton_int.py","3071","True","3071"
"8_tools\EES331_Gesture_Viewer_v1.0\_internal\torch\utils\_sympy\solve.py","6556","True","6556"
"8_tools\EES331_Gesture_Viewer_v1.0\_internal\torch\utils\_sympy\symbol.py","3838","True","3838"
"8_tools\EES331_Gesture_Viewer_v1.0\_internal\torch\utils\_sympy\value_ranges.py","40490","True","40490"
"8_tools\EES331_Gesture_Viewer_v1.0\_internal\torch\utils\backcompat\__init__.py","705","True","705"
"8_tools\EES331_Gesture_Viewer_v1.0\_internal\torch\utils\benchmark\examples\__init__.py","0","True","0"
"8_tools\EES331_Gesture_Viewer_v1.0\_internal\torch\utils\benchmark\examples\compare.py","3030","True","3030"
"8_tools\EES331_Gesture_Viewer_v1.0\_internal\torch\utils\benchmark\examples\fuzzer.py","2744","True","2744"
"8_tools\EES331_Gesture_Viewer_v1.0\_internal\torch\utils\benchmark\examples\op_benchmark.py","4519","True","4519"
"8_tools\EES331_Gesture_Viewer_v1.0\_internal\torch\utils\benchmark\examples\simple_timeit.py","566","True","566"
"8_tools\EES331_Gesture_Viewer_v1.0\_internal\torch\utils\benchmark\examples\spectral_ops_fuzz_test.py","4901","True","4901"
"8_tools\EES331_Gesture_Viewer_v1.0\_internal\torch\utils\benchmark\op_fuzzers\__init__.py","0","True","0"
"8_tools\EES331_Gesture_Viewer_v1.0\_internal\torch\utils\benchmark\op_fuzzers\binary.py","4251","True","4251"
"8_tools\EES331_Gesture_Viewer_v1.0\_internal\torch\utils\benchmark\op_fuzzers\sparse_binary.py","4333","True","4333"
"8_tools\EES331_Gesture_Viewer_v1.0\_internal\torch\utils\benchmark\op_fuzzers\sparse_unary.py","3583","True","3583"
"8_tools\EES331_Gesture_Viewer_v1.0\_internal\torch\utils\benchmark\op_fuzzers\spectral.py","3726","True","3726"
"8_tools\EES331_Gesture_Viewer_v1.0\_internal\torch\utils\benchmark\op_fuzzers\unary.py","3236","True","3236"
"8_tools\EES331_Gesture_Viewer_v1.0\_internal\torch\utils\benchmark\utils\valgrind_wrapper\__init__.py","0","True","0"
"8_tools\EES331_Gesture_Viewer_v1.0\_internal\torch\utils\benchmark\utils\valgrind_wrapper\timer_interface.py","38860","True","38860"
"8_tools\EES331_Gesture_Viewer_v1.0\_internal\torch\utils\benchmark\utils\__init__.py","0","True","0"
"8_tools\EES331_Gesture_Viewer_v1.0\_internal\torch\utils\benchmark\utils\_stubs.py","1068","True","1068"
"8_tools\EES331_Gesture_Viewer_v1.0\_internal\torch\utils\benchmark\utils\common.py","14133","True","14133"
"8_tools\EES331_Gesture_Viewer_v1.0\_internal\torch\utils\benchmark\utils\compare.py","13818","True","13818"
"8_tools\EES331_Gesture_Viewer_v1.0\_internal\torch\utils\benchmark\utils\compile.py","7870","True","7870"
"8_tools\EES331_Gesture_Viewer_v1.0\_internal\torch\utils\benchmark\utils\cpp_jit.py","7151","True","7151"
"8_tools\EES331_Gesture_Viewer_v1.0\_internal\torch\utils\benchmark\utils\fuzzer.py","19247","True","19247"
"8_tools\EES331_Gesture_Viewer_v1.0\_internal\torch\utils\benchmark\utils\sparse_fuzzer.py","5527","True","5527"
"8_tools\EES331_Gesture_Viewer_v1.0\_internal\torch\utils\benchmark\utils\timer.py","21383","True","21383"
"8_tools\EES331_Gesture_Viewer_v1.0\_internal\torch\utils\benchmark\__init__.py","417","True","417"
"8_tools\EES331_Gesture_Viewer_v1.0\_internal\torch\utils\data\_utils\__init__.py","1659","True","1659"
"8_tools\EES331_Gesture_Viewer_v1.0\_internal\torch\utils\data\_utils\collate.py","16379","True","16379"
"8_tools\EES331_Gesture_Viewer_v1.0\_internal\torch\utils\data\_utils\fetch.py","2067","True","2067"
"8_tools\EES331_Gesture_Viewer_v1.0\_internal\torch\utils\data\_utils\pin_memory.py","4218","True","4218"
"8_tools\EES331_Gesture_Viewer_v1.0\_internal\torch\utils\data\_utils\signal_handling.py","3341","True","3341"
"8_tools\EES331_Gesture_Viewer_v1.0\_internal\torch\utils\data\_utils\worker.py","14643","True","14643"
"8_tools\EES331_Gesture_Viewer_v1.0\_internal\torch\utils\data\datapipes\dataframe\__init__.py","390","True","390"
"8_tools\EES331_Gesture_Viewer_v1.0\_internal\torch\utils\data\datapipes\dataframe\dataframe_wrapper.py","3416","True","3416"
"8_tools\EES331_Gesture_Viewer_v1.0\_internal\torch\utils\data\datapipes\dataframe\dataframes.py","15105","True","15105"
"8_tools\EES331_Gesture_Viewer_v1.0\_internal\torch\utils\data\datapipes\dataframe\datapipes.py","4763","True","4763"
"8_tools\EES331_Gesture_Viewer_v1.0\_internal\torch\utils\data\datapipes\dataframe\structures.py","684","True","684"
"8_tools\EES331_Gesture_Viewer_v1.0\_internal\torch\utils\data\datapipes\iter\__init__.py","1928","True","1928"
"8_tools\EES331_Gesture_Viewer_v1.0\_internal\torch\utils\data\datapipes\iter\callable.py","9373","True","9373"
"8_tools\EES331_Gesture_Viewer_v1.0\_internal\torch\utils\data\datapipes\iter\combinatorics.py","6706","True","6706"
"8_tools\EES331_Gesture_Viewer_v1.0\_internal\torch\utils\data\datapipes\iter\combining.py","28800","True","28800"
"8_tools\EES331_Gesture_Viewer_v1.0\_internal\torch\utils\data\datapipes\iter\filelister.py","2621","True","2621"
"8_tools\EES331_Gesture_Viewer_v1.0\_internal\torch\utils\data\datapipes\iter\fileopener.py","2968","True","2968"
"8_tools\EES331_Gesture_Viewer_v1.0\_internal\torch\utils\data\datapipes\iter\grouping.py","12767","True","12767"
"8_tools\EES331_Gesture_Viewer_v1.0\_internal\torch\utils\data\datapipes\iter\routeddecoder.py","2801","True","2801"
"8_tools\EES331_Gesture_Viewer_v1.0\_internal\torch\utils\data\datapipes\iter\selecting.py","3410","True","3410"
"8_tools\EES331_Gesture_Viewer_v1.0\_internal\torch\utils\data\datapipes\iter\sharding.py","3691","True","3691"
"8_tools\EES331_Gesture_Viewer_v1.0\_internal\torch\utils\data\datapipes\iter\streamreader.py","1582","True","1582"
"8_tools\EES331_Gesture_Viewer_v1.0\_internal\torch\utils\data\datapipes\iter\utils.py","2169","True","2169"
"8_tools\EES331_Gesture_Viewer_v1.0\_internal\torch\utils\data\datapipes\map\__init__.py","734","True","734"
"8_tools\EES331_Gesture_Viewer_v1.0\_internal\torch\utils\data\datapipes\map\callable.py","2000","True","2000"
"8_tools\EES331_Gesture_Viewer_v1.0\_internal\torch\utils\data\datapipes\map\combinatorics.py","4399","True","4399"
"8_tools\EES331_Gesture_Viewer_v1.0\_internal\torch\utils\data\datapipes\map\combining.py","4012","True","4012"
"8_tools\EES331_Gesture_Viewer_v1.0\_internal\torch\utils\data\datapipes\map\grouping.py","2563","True","2563"
"8_tools\EES331_Gesture_Viewer_v1.0\_internal\torch\utils\data\datapipes\map\utils.py","1874","True","1874"
"8_tools\EES331_Gesture_Viewer_v1.0\_internal\torch\utils\data\datapipes\utils\__init__.py","0","True","0"
"8_tools\EES331_Gesture_Viewer_v1.0\_internal\torch\utils\data\datapipes\utils\common.py","14308","True","14308"
"8_tools\EES331_Gesture_Viewer_v1.0\_internal\torch\utils\data\datapipes\utils\decoder.py","12512","True","12512"
"8_tools\EES331_Gesture_Viewer_v1.0\_internal\torch\utils\data\datapipes\utils\snapshot.py","3210","True","3210"
"8_tools\EES331_Gesture_Viewer_v1.0\_internal\torch\utils\data\datapipes\__init__.py","89","True","89"
"8_tools\EES331_Gesture_Viewer_v1.0\_internal\torch\utils\data\datapipes\_decorator.py","7970","True","7970"
"8_tools\EES331_Gesture_Viewer_v1.0\_internal\torch\utils\data\datapipes\_hook_iterator.py","12251","True","12251"
"8_tools\EES331_Gesture_Viewer_v1.0\_internal\torch\utils\data\datapipes\_typing.py","16921","True","16921"
"8_tools\EES331_Gesture_Viewer_v1.0\_internal\torch\utils\data\datapipes\datapipe.py","17695","True","17695"
"8_tools\EES331_Gesture_Viewer_v1.0\_internal\torch\utils\data\datapipes\gen_pyi.py","12134","True","12134"
"8_tools\EES331_Gesture_Viewer_v1.0\_internal\torch\utils\data\__init__.py","1779","True","1779"
"8_tools\EES331_Gesture_Viewer_v1.0\_internal\torch\utils\data\backward_compatibility.py","328","True","328"
"8_tools\EES331_Gesture_Viewer_v1.0\_internal\torch\utils\data\dataloader.py","82862","True","82862"
"8_tools\EES331_Gesture_Viewer_v1.0\_internal\torch\utils\data\dataset.py","20035","True","20035"
"8_tools\EES331_Gesture_Viewer_v1.0\_internal\torch\utils\data\distributed.py","6608","True","6608"
"8_tools\EES331_Gesture_Viewer_v1.0\_internal\torch\utils\data\graph_settings.py","5729","True","5729"
"8_tools\EES331_Gesture_Viewer_v1.0\_internal\torch\utils\data\graph.py","5991","True","5991"
"8_tools\EES331_Gesture_Viewer_v1.0\_internal\torch\utils\data\sampler.py","13092","True","13092"
"8_tools\EES331_Gesture_Viewer_v1.0\_internal\torch\utils\hipify\__init__.py","34","True","34"
"8_tools\EES331_Gesture_Viewer_v1.0\_internal\torch\utils\hipify\constants.py","1236","True","1236"
"8_tools\EES331_Gesture_Viewer_v1.0\_internal\torch\utils\hipify\cuda_to_hip_mappings.py","408488","True","408488"
"8_tools\EES331_Gesture_Viewer_v1.0\_internal\torch\utils\hipify\hipify_python.py","48866","True","48866"
"8_tools\EES331_Gesture_Viewer_v1.0\_internal\torch\utils\hipify\version.py","23","True","23"
"8_tools\EES331_Gesture_Viewer_v1.0\_internal\torch\utils\jit\__init__.py","0","True","0"
"8_tools\EES331_Gesture_Viewer_v1.0\_internal\torch\utils\jit\log_extract.py","4312","True","4312"
"8_tools\EES331_Gesture_Viewer_v1.0\_internal\torch\utils\model_dump\__init__.py","19761","True","19761"
"8_tools\EES331_Gesture_Viewer_v1.0\_internal\torch\utils\model_dump\__main__.py","84","True","84"
"8_tools\EES331_Gesture_Viewer_v1.0\_internal\torch\utils\serialization\__init__.py","22","True","22"
"8_tools\EES331_Gesture_Viewer_v1.0\_internal\torch\utils\serialization\config.py","679","True","679"
"8_tools\EES331_Gesture_Viewer_v1.0\_internal\torch\utils\tensorboard\__init__.py","499","True","499"
"8_tools\EES331_Gesture_Viewer_v1.0\_internal\torch\utils\tensorboard\_convert_np.py","919","True","919"
"8_tools\EES331_Gesture_Viewer_v1.0\_internal\torch\utils\tensorboard\_embedding.py","3368","True","3368"
"8_tools\EES331_Gesture_Viewer_v1.0\_internal\torch\utils\tensorboard\_onnx_graph.py","2003","True","2003"
"8_tools\EES331_Gesture_Viewer_v1.0\_internal\torch\utils\tensorboard\_proto_graph.py","2205","True","2205"
"8_tools\EES331_Gesture_Viewer_v1.0\_internal\torch\utils\tensorboard\_pytorch_graph.py","14286","True","14286"
"8_tools\EES331_Gesture_Viewer_v1.0\_internal\torch\utils\tensorboard\_utils.py","4547","True","4547"
"8_tools\EES331_Gesture_Viewer_v1.0\_internal\torch\utils\tensorboard\summary.py","37920","True","37920"
"8_tools\EES331_Gesture_Viewer_v1.0\_internal\torch\utils\tensorboard\writer.py","48752","True","48752"
"8_tools\EES331_Gesture_Viewer_v1.0\_internal\torch\utils\viz\__init__.py","0","True","0"
"8_tools\EES331_Gesture_Viewer_v1.0\_internal\torch\utils\viz\_cycles.py","17532","True","17532"
"8_tools\EES331_Gesture_Viewer_v1.0\_internal\torch\utils\__init__.py","3998","True","3998"
"8_tools\EES331_Gesture_Viewer_v1.0\_internal\torch\utils\_appending_byte_serializer.py","4199","True","4199"
"8_tools\EES331_Gesture_Viewer_v1.0\_internal\torch\utils\_config_module.py","31758","True","31758"
"8_tools\EES331_Gesture_Viewer_v1.0\_internal\torch\utils\_content_store.py","9568","True","9568"
"8_tools\EES331_Gesture_Viewer_v1.0\_internal\torch\utils\_contextlib.py","6572","True","6572"
"8_tools\EES331_Gesture_Viewer_v1.0\_internal\torch\utils\_cpp_embed_headers.py","1815","True","1815"
"8_tools\EES331_Gesture_Viewer_v1.0\_internal\torch\utils\_cpp_extension_versioner.py","2009","True","2009"
"8_tools\EES331_Gesture_Viewer_v1.0\_internal\torch\utils\_cxx_pytree.py","40608","True","40608"
"8_tools\EES331_Gesture_Viewer_v1.0\_internal\torch\utils\_debug_mode.py","52546","True","52546"
"8_tools\EES331_Gesture_Viewer_v1.0\_internal\torch\utils\_device.py","4120","True","4120"
"8_tools\EES331_Gesture_Viewer_v1.0\_internal\torch\utils\_dtype_abbrs.py","785","True","785"
"8_tools\EES331_Gesture_Viewer_v1.0\_internal\torch\utils\_exposed_in.py","741","True","741"
"8_tools\EES331_Gesture_Viewer_v1.0\_internal\torch\utils\_filelock.py","1571","True","1571"
"8_tools\EES331_Gesture_Viewer_v1.0\_internal\torch\utils\_foreach_utils.py","2469","True","2469"
"8_tools\EES331_Gesture_Viewer_v1.0\_internal\torch\utils\_functools.py","1657","True","1657"
"8_tools\EES331_Gesture_Viewer_v1.0\_internal\torch\utils\_get_clean_triton.py","7185","True","7185"
"8_tools\EES331_Gesture_Viewer_v1.0\_internal\torch\utils\_helion.py","381","True","381"
"8_tools\EES331_Gesture_Viewer_v1.0\_internal\torch\utils\_import_utils.py","1211","True","1211"
"8_tools\EES331_Gesture_Viewer_v1.0\_internal\torch\utils\_mode_utils.py","270","True","270"
"8_tools\EES331_Gesture_Viewer_v1.0\_internal\torch\utils\_ordered_set.py","5837","True","5837"
"8_tools\EES331_Gesture_Viewer_v1.0\_internal\torch\utils\_pallas.py","2786","True","2786"
"8_tools\EES331_Gesture_Viewer_v1.0\_internal\torch\utils\_python_dispatch.py","38683","True","38683"
"8_tools\EES331_Gesture_Viewer_v1.0\_internal\torch\utils\_pytree.py","78850","True","78850"
"8_tools\EES331_Gesture_Viewer_v1.0\_internal\torch\utils\_runtime_estimation.py","4519","True","4519"
"8_tools\EES331_Gesture_Viewer_v1.0\_internal\torch\utils\_stats.py","1072","True","1072"
"8_tools\EES331_Gesture_Viewer_v1.0\_internal\torch\utils\_thunk.py","673","True","673"
"8_tools\EES331_Gesture_Viewer_v1.0\_internal\torch\utils\_traceback.py","10534","True","10534"
"8_tools\EES331_Gesture_Viewer_v1.0\_internal\torch\utils\_triton.py","5573","True","5573"
"8_tools\EES331_Gesture_Viewer_v1.0\_internal\torch\utils\_typing_utils.py","379","True","379"
"8_tools\EES331_Gesture_Viewer_v1.0\_internal\torch\utils\_zip.py","2595","True","2595"
"8_tools\EES331_Gesture_Viewer_v1.0\_internal\torch\utils\backend_registration.py","22599","True","22599"
"8_tools\EES331_Gesture_Viewer_v1.0\_internal\torch\utils\bundled_inputs.py","23170","True","23170"
"8_tools\EES331_Gesture_Viewer_v1.0\_internal\torch\utils\checkpoint.py","73910","True","73910"
"8_tools\EES331_Gesture_Viewer_v1.0\_internal\torch\utils\collect_env.py","32051","True","32051"
"8_tools\EES331_Gesture_Viewer_v1.0\_internal\torch\utils\cpp_backtrace.py","495","True","495"
"8_tools\EES331_Gesture_Viewer_v1.0\_internal\torch\utils\cpp_extension.py","141090","True","141090"
"8_tools\EES331_Gesture_Viewer_v1.0\_internal\torch\utils\deterministic.py","633","True","633"
"8_tools\EES331_Gesture_Viewer_v1.0\_internal\torch\utils\dlpack.py","8693","True","8693"
"8_tools\EES331_Gesture_Viewer_v1.0\_internal\torch\utils\file_baton.py","2204","True","2204"
"8_tools\EES331_Gesture_Viewer_v1.0\_internal\torch\utils\flop_counter.py","35280","True","35280"
"8_tools\EES331_Gesture_Viewer_v1.0\_internal\torch\utils\hooks.py","10470","True","10470"
"8_tools\EES331_Gesture_Viewer_v1.0\_internal\torch\utils\mkldnn.py","8482","True","8482"
"8_tools\EES331_Gesture_Viewer_v1.0\_internal\torch\utils\mobile_optimizer.py","6549","True","6549"
"8_tools\EES331_Gesture_Viewer_v1.0\_internal\torch\utils\model_zoo.py","119","True","119"
"8_tools\EES331_Gesture_Viewer_v1.0\_internal\torch\utils\module_tracker.py","5594","True","5594"
"8_tools\EES331_Gesture_Viewer_v1.0\_internal\torch\utils\show_pickle.py","5610","True","5610"
"8_tools\EES331_Gesture_Viewer_v1.0\_internal\torch\utils\throughput_benchmark.py","6786","True","6786"
"8_tools\EES331_Gesture_Viewer_v1.0\_internal\torch\utils\weak.py","12634","True","12634"
"8_tools\EES331_Gesture_Viewer_v1.0\_internal\torch\xpu\__init__.py","19955","True","19955"
"8_tools\EES331_Gesture_Viewer_v1.0\_internal\torch\xpu\_gpu_trace.py","2433","True","2433"
"8_tools\EES331_Gesture_Viewer_v1.0\_internal\torch\xpu\_utils.py","1630","True","1630"
"8_tools\EES331_Gesture_Viewer_v1.0\_internal\torch\xpu\memory.py","13504","True","13504"
"8_tools\EES331_Gesture_Viewer_v1.0\_internal\torch\xpu\random.py","5458","True","5458"
"8_tools\EES331_Gesture_Viewer_v1.0\_internal\torch\xpu\streams.py","6129","True","6129"
"8_tools\EES331_Gesture_Viewer_v1.0\_internal\torch\__config__.py","596","True","596"
"8_tools\EES331_Gesture_Viewer_v1.0\_internal\torch\__future__.py","3260","True","3260"
"8_tools\EES331_Gesture_Viewer_v1.0\_internal\torch\__init__.py","109848","True","109848"
"8_tools\EES331_Gesture_Viewer_v1.0\_internal\torch\_appdirs.py","26864","True","26864"
"8_tools\EES331_Gesture_Viewer_v1.0\_internal\torch\_classes.py","1842","True","1842"
"8_tools\EES331_Gesture_Viewer_v1.0\_internal\torch\_compile.py","2054","True","2054"
"8_tools\EES331_Gesture_Viewer_v1.0\_internal\torch\_custom_ops.py","13150","True","13150"
"8_tools\EES331_Gesture_Viewer_v1.0\_internal\torch\_environment.py","44","True","44"
"8_tools\EES331_Gesture_Viewer_v1.0\_internal\torch\_guards.py","48418","True","48418"
"8_tools\EES331_Gesture_Viewer_v1.0\_internal\torch\_jit_internal.py","55082","True","55082"
"8_tools\EES331_Gesture_Viewer_v1.0\_internal\torch\_linalg_utils.py","5347","True","5347"
"8_tools\EES331_Gesture_Viewer_v1.0\_internal\torch\_lobpcg.py","44743","True","44743"
"8_tools\EES331_Gesture_Viewer_v1.0\_internal\torch\_lowrank.py","10790","True","10790"
"8_tools\EES331_Gesture_Viewer_v1.0\_internal\torch\_meta_registrations.py","278938","True","278938"
"8_tools\EES331_Gesture_Viewer_v1.0\_internal\torch\_namedtensor_internals.py","5435","True","5435"
"8_tools\EES331_Gesture_Viewer_v1.0\_internal\torch\_ops.py","62182","True","62182"
"8_tools\EES331_Gesture_Viewer_v1.0\_internal\torch\_python_dispatcher.py","7319","True","7319"
"8_tools\EES331_Gesture_Viewer_v1.0\_internal\torch\_size_docs.py","939","True","939"
"8_tools\EES331_Gesture_Viewer_v1.0\_internal\torch\_sources.py","4542","True","4542"
"8_tools\EES331_Gesture_Viewer_v1.0\_internal\torch\_storage_docs.py","1377","True","1377"
"8_tools\EES331_Gesture_Viewer_v1.0\_internal\torch\_streambase.py","455","True","455"
"8_tools\EES331_Gesture_Viewer_v1.0\_internal\torch\_tensor_docs.py","152261","True","152261"
"8_tools\EES331_Gesture_Viewer_v1.0\_internal\torch\_tensor_str.py","29111","True","29111"
"8_tools\EES331_Gesture_Viewer_v1.0\_internal\torch\_tensor.py","78174","True","78174"
"8_tools\EES331_Gesture_Viewer_v1.0\_internal\torch\_thread_safe_fork.py","0","True","0"
"8_tools\EES331_Gesture_Viewer_v1.0\_internal\torch\_torch_docs.py","450000","True","450000"
"8_tools\EES331_Gesture_Viewer_v1.0\_internal\torch\_utils_internal.py","11932","True","11932"
"8_tools\EES331_Gesture_Viewer_v1.0\_internal\torch\_utils.py","41959","True","41959"
"8_tools\EES331_Gesture_Viewer_v1.0\_internal\torch\_VF.py","695","True","695"
"8_tools\EES331_Gesture_Viewer_v1.0\_internal\torch\_vmap_internals.py","9671","True","9671"
"8_tools\EES331_Gesture_Viewer_v1.0\_internal\torch\_weights_only_unpickler.py","23472","True","23472"
"8_tools\EES331_Gesture_Viewer_v1.0\_internal\torch\functional.py","89464","True","89464"
"8_tools\EES331_Gesture_Viewer_v1.0\_internal\torch\hub.py","34803","True","34803"
"8_tools\EES331_Gesture_Viewer_v1.0\_internal\torch\library.py","69272","True","69272"
"8_tools\EES331_Gesture_Viewer_v1.0\_internal\torch\overrides.py","107776","True","107776"
"8_tools\EES331_Gesture_Viewer_v1.0\_internal\torch\quasirandom.py","8121","True","8121"
"8_tools\EES331_Gesture_Viewer_v1.0\_internal\torch\random.py","7506","True","7506"
"8_tools\EES331_Gesture_Viewer_v1.0\_internal\torch\return_types.py","1536","True","1536"
"8_tools\EES331_Gesture_Viewer_v1.0\_internal\torch\serialization.py","87618","True","87618"
"8_tools\EES331_Gesture_Viewer_v1.0\_internal\torch\storage.py","53778","True","53778"
"8_tools\EES331_Gesture_Viewer_v1.0\_internal\torch\torch_version.py","2596","True","2596"
"8_tools\EES331_Gesture_Viewer_v1.0\_internal\torch\types.py","3685","True","3685"
"8_tools\EES331_Gesture_Viewer_v1.0\_internal\torch\version.py","323","True","323"
"8_tools\EES331_Gesture_Viewer_v1.0\_internal\torchvision\datasets\__init__.py","3753","True","3753"
"8_tools\EES331_Gesture_Viewer_v1.0\_internal\torchvision\datasets\_optical_flow.py","21724","True","21724"
"8_tools\EES331_Gesture_Viewer_v1.0\_internal\torchvision\datasets\_stereo_matching.py","50263","True","50263"
"8_tools\EES331_Gesture_Viewer_v1.0\_internal\torchvision\datasets\caltech.py","9170","True","9170"
"8_tools\EES331_Gesture_Viewer_v1.0\_internal\torchvision\datasets\celeba.py","8741","True","8741"
"8_tools\EES331_Gesture_Viewer_v1.0\_internal\torchvision\datasets\cifar.py","5951","True","5951"
"8_tools\EES331_Gesture_Viewer_v1.0\_internal\torchvision\datasets\cityscapes.py","10552","True","10552"
"8_tools\EES331_Gesture_Viewer_v1.0\_internal\torchvision\datasets\clevr.py","3948","True","3948"
"8_tools\EES331_Gesture_Viewer_v1.0\_internal\torchvision\datasets\coco.py","4456","True","4456"
"8_tools\EES331_Gesture_Viewer_v1.0\_internal\torchvision\datasets\country211.py","2956","True","2956"
"8_tools\EES331_Gesture_Viewer_v1.0\_internal\torchvision\datasets\dtd.py","4525","True","4525"
"8_tools\EES331_Gesture_Viewer_v1.0\_internal\torchvision\datasets\eurosat.py","2832","True","2832"
"8_tools\EES331_Gesture_Viewer_v1.0\_internal\torchvision\datasets\fakedata.py","2507","True","2507"
"8_tools\EES331_Gesture_Viewer_v1.0\_internal\torchvision\datasets\fer2013.py","5226","True","5226"
"8_tools\EES331_Gesture_Viewer_v1.0\_internal\torchvision\datasets\fgvc_aircraft.py","5088","True","5088"
"8_tools\EES331_Gesture_Viewer_v1.0\_internal\torchvision\datasets\flickr.py","6346","True","6346"
"8_tools\EES331_Gesture_Viewer_v1.0\_internal\torchvision\datasets\flowers102.py","7706","True","7706"
"8_tools\EES331_Gesture_Viewer_v1.0\_internal\torchvision\datasets\folder.py","13322","True","13322"
"8_tools\EES331_Gesture_Viewer_v1.0\_internal\torchvision\datasets\food101.py","4243","True","4243"
"8_tools\EES331_Gesture_Viewer_v1.0\_internal\torchvision\datasets\gtsrb.py","3881","True","3881"
"8_tools\EES331_Gesture_Viewer_v1.0\_internal\torchvision\datasets\hmdb51.py","6104","True","6104"
"8_tools\EES331_Gesture_Viewer_v1.0\_internal\torchvision\datasets\imagenet.py","9144","True","9144"
"8_tools\EES331_Gesture_Viewer_v1.0\_internal\torchvision\datasets\imagenette.py","4730","True","4730"
"8_tools\EES331_Gesture_Viewer_v1.0\_internal\torchvision\datasets\inaturalist.py","10547","True","10547"
"8_tools\EES331_Gesture_Viewer_v1.0\_internal\torchvision\datasets\kinetics.py","10102","True","10102"
"8_tools\EES331_Gesture_Viewer_v1.0\_internal\torchvision\datasets\kitti.py","5782","True","5782"
"8_tools\EES331_Gesture_Viewer_v1.0\_internal\torchvision\datasets\lfw.py","11671","True","11671"
"8_tools\EES331_Gesture_Viewer_v1.0\_internal\torchvision\datasets\lsun.py","5898","True","5898"
"8_tools\EES331_Gesture_Viewer_v1.0\_internal\torchvision\datasets\mnist.py","22364","True","22364"
"8_tools\EES331_Gesture_Viewer_v1.0\_internal\torchvision\datasets\moving_mnist.py","3738","True","3738"
"8_tools\EES331_Gesture_Viewer_v1.0\_internal\torchvision\datasets\omniglot.py","4593","True","4593"
"8_tools\EES331_Gesture_Viewer_v1.0\_internal\torchvision\datasets\oxford_iiit_pet.py","5831","True","5831"
"8_tools\EES331_Gesture_Viewer_v1.0\_internal\torchvision\datasets\pcam.py","5412","True","5412"
"8_tools\EES331_Gesture_Viewer_v1.0\_internal\torchvision\datasets\phototour.py","8085","True","8085"
"8_tools\EES331_Gesture_Viewer_v1.0\_internal\torchvision\datasets\places365.py","7643","True","7643"
"8_tools\EES331_Gesture_Viewer_v1.0\_internal\torchvision\datasets\rendered_sst2.py","4046","True","4046"
"8_tools\EES331_Gesture_Viewer_v1.0\_internal\torchvision\datasets\sbd.py","5533","True","5533"
"8_tools\EES331_Gesture_Viewer_v1.0\_internal\torchvision\datasets\sbu.py","4578","True","4578"
"8_tools\EES331_Gesture_Viewer_v1.0\_internal\torchvision\datasets\semeion.py","3191","True","3191"
"8_tools\EES331_Gesture_Viewer_v1.0\_internal\torchvision\datasets\stanford_cars.py","4386","True","4386"
"8_tools\EES331_Gesture_Viewer_v1.0\_internal\torchvision\datasets\stl10.py","7401","True","7401"
"8_tools\EES331_Gesture_Viewer_v1.0\_internal\torchvision\datasets\sun397.py","3257","True","3257"
"8_tools\EES331_Gesture_Viewer_v1.0\_internal\torchvision\datasets\svhn.py","4951","True","4951"
"8_tools\EES331_Gesture_Viewer_v1.0\_internal\torchvision\datasets\ucf101.py","5645","True","5645"
"8_tools\EES331_Gesture_Viewer_v1.0\_internal\torchvision\datasets\usps.py","3605","True","3605"
"8_tools\EES331_Gesture_Viewer_v1.0\_internal\torchvision\datasets\utils.py","16382","True","16382"
"8_tools\EES331_Gesture_Viewer_v1.0\_internal\torchvision\datasets\video_utils.py","17613","True","17613"
"8_tools\EES331_Gesture_Viewer_v1.0\_internal\torchvision\datasets\vision.py","4347","True","4347"
"8_tools\EES331_Gesture_Viewer_v1.0\_internal\torchvision\datasets\voc.py","9040","True","9040"
"8_tools\EES331_Gesture_Viewer_v1.0\_internal\torchvision\datasets\widerface.py","8437","True","8437"
"8_tools\EES331_Gesture_Viewer_v1.0\_internal\torchvision\io\__init__.py","1656","True","1656"
"8_tools\EES331_Gesture_Viewer_v1.0\_internal\torchvision\io\_load_gpu_decoder.py","186","True","186"
"8_tools\EES331_Gesture_Viewer_v1.0\_internal\torchvision\io\_video_deprecation_warning.py","581","True","581"
"8_tools\EES331_Gesture_Viewer_v1.0\_internal\torchvision\io\_video_opt.py","21304","True","21304"
"8_tools\EES331_Gesture_Viewer_v1.0\_internal\torchvision\io\image.py","22223","True","22223"
"8_tools\EES331_Gesture_Viewer_v1.0\_internal\torchvision\io\video_reader.py","12158","True","12158"
"8_tools\EES331_Gesture_Viewer_v1.0\_internal\torchvision\io\video.py","18806","True","18806"
"8_tools\EES331_Gesture_Viewer_v1.0\_internal\torchvision\models\detection\__init__.py","175","True","175"
"8_tools\EES331_Gesture_Viewer_v1.0\_internal\torchvision\models\detection\_utils.py","22646","True","22646"
"8_tools\EES331_Gesture_Viewer_v1.0\_internal\torchvision\models\detection\anchor_utils.py","12121","True","12121"
"8_tools\EES331_Gesture_Viewer_v1.0\_internal\torchvision\models\detection\backbone_utils.py","10780","True","10780"
"8_tools\EES331_Gesture_Viewer_v1.0\_internal\torchvision\models\detection\faster_rcnn.py","37812","True","37812"
"8_tools\EES331_Gesture_Viewer_v1.0\_internal\torchvision\models\detection\fcos.py","34991","True","34991"
"8_tools\EES331_Gesture_Viewer_v1.0\_internal\torchvision\models\detection\generalized_rcnn.py","5062","True","5062"
"8_tools\EES331_Gesture_Viewer_v1.0\_internal\torchvision\models\detection\image_list.py","774","True","774"
"8_tools\EES331_Gesture_Viewer_v1.0\_internal\torchvision\models\detection\keypoint_rcnn.py","22455","True","22455"
"8_tools\EES331_Gesture_Viewer_v1.0\_internal\torchvision\models\detection\mask_rcnn.py","27303","True","27303"
"8_tools\EES331_Gesture_Viewer_v1.0\_internal\torchvision\models\detection\retinanet.py","38184","True","38184"
"8_tools\EES331_Gesture_Viewer_v1.0\_internal\torchvision\models\detection\roi_heads.py","34699","True","34699"
"8_tools\EES331_Gesture_Viewer_v1.0\_internal\torchvision\models\detection\rpn.py","16205","True","16205"
"8_tools\EES331_Gesture_Viewer_v1.0\_internal\torchvision\models\detection\ssd.py","29642","True","29642"
"8_tools\EES331_Gesture_Viewer_v1.0\_internal\torchvision\models\detection\ssdlite.py","13538","True","13538"
"8_tools\EES331_Gesture_Viewer_v1.0\_internal\torchvision\models\detection\transform.py","12489","True","12489"
"8_tools\EES331_Gesture_Viewer_v1.0\_internal\torchvision\models\optical_flow\__init__.py","21","True","21"
"8_tools\EES331_Gesture_Viewer_v1.0\_internal\torchvision\models\optical_flow\_utils.py","2125","True","2125"
"8_tools\EES331_Gesture_Viewer_v1.0\_internal\torchvision\models\optical_flow\raft.py","40938","True","40938"
"8_tools\EES331_Gesture_Viewer_v1.0\_internal\torchvision\models\quantization\__init__.py","130","True","130"
"8_tools\EES331_Gesture_Viewer_v1.0\_internal\torchvision\models\quantization\googlenet.py","8324","True","8324"
"8_tools\EES331_Gesture_Viewer_v1.0\_internal\torchvision\models\quantization\inception.py","11116","True","11116"
"8_tools\EES331_Gesture_Viewer_v1.0\_internal\torchvision\models\quantization\mobilenet.py","217","True","217"
"8_tools\EES331_Gesture_Viewer_v1.0\_internal\torchvision\models\quantization\mobilenetv2.py","6071","True","6071"
"8_tools\EES331_Gesture_Viewer_v1.0\_internal\torchvision\models\quantization\mobilenetv3.py","9495","True","9495"
"8_tools\EES331_Gesture_Viewer_v1.0\_internal\torchvision\models\quantization\resnet.py","18547","True","18547"
"8_tools\EES331_Gesture_Viewer_v1.0\_internal\torchvision\models\quantization\shufflenetv2.py","17441","True","17441"
"8_tools\EES331_Gesture_Viewer_v1.0\_internal\torchvision\models\quantization\utils.py","2103","True","2103"
"8_tools\EES331_Gesture_Viewer_v1.0\_internal\torchvision\models\segmentation\__init__.py","69","True","69"
"8_tools\EES331_Gesture_Viewer_v1.0\_internal\torchvision\models\segmentation\_utils.py","1228","True","1228"
"8_tools\EES331_Gesture_Viewer_v1.0\_internal\torchvision\models\segmentation\deeplabv3.py","15433","True","15433"
"8_tools\EES331_Gesture_Viewer_v1.0\_internal\torchvision\models\segmentation\fcn.py","9205","True","9205"
"8_tools\EES331_Gesture_Viewer_v1.0\_internal\torchvision\models\segmentation\lraspp.py","7815","True","7815"
"8_tools\EES331_Gesture_Viewer_v1.0\_internal\torchvision\models\video\__init__.py","97","True","97"
"8_tools\EES331_Gesture_Viewer_v1.0\_internal\torchvision\models\video\mvit.py","33904","True","33904"
"8_tools\EES331_Gesture_Viewer_v1.0\_internal\torchvision\models\video\resnet.py","17283","True","17283"
"8_tools\EES331_Gesture_Viewer_v1.0\_internal\torchvision\models\video\s3d.py","8034","True","8034"
"8_tools\EES331_Gesture_Viewer_v1.0\_internal\torchvision\models\video\swin_transformer.py","28418","True","28418"
"8_tools\EES331_Gesture_Viewer_v1.0\_internal\torchvision\models\__init__.py","888","True","888"
"8_tools\EES331_Gesture_Viewer_v1.0\_internal\torchvision\models\_api.py","10253","True","10253"
"8_tools\EES331_Gesture_Viewer_v1.0\_internal\torchvision\models\_meta.py","30429","True","30429"
"8_tools\EES331_Gesture_Viewer_v1.0\_internal\torchvision\models\_utils.py","11136","True","11136"
"8_tools\EES331_Gesture_Viewer_v1.0\_internal\torchvision\models\alexnet.py","4607","True","4607"
"8_tools\EES331_Gesture_Viewer_v1.0\_internal\torchvision\models\convnext.py","15762","True","15762"
"8_tools\EES331_Gesture_Viewer_v1.0\_internal\torchvision\models\densenet.py","17260","True","17260"
"8_tools\EES331_Gesture_Viewer_v1.0\_internal\torchvision\models\efficientnet.py","44230","True","44230"
"8_tools\EES331_Gesture_Viewer_v1.0\_internal\torchvision\models\googlenet.py","13138","True","13138"
"8_tools\EES331_Gesture_Viewer_v1.0\_internal\torchvision\models\inception.py","19316","True","19316"
"8_tools\EES331_Gesture_Viewer_v1.0\_internal\torchvision\models\maxvit.py","32944","True","32944"
"8_tools\EES331_Gesture_Viewer_v1.0\_internal\torchvision\models\mnasnet.py","17996","True","17996"
"8_tools\EES331_Gesture_Viewer_v1.0\_internal\torchvision\models\mobilenet.py","217","True","217"
"8_tools\EES331_Gesture_Viewer_v1.0\_internal\torchvision\models\mobilenetv2.py","9964","True","9964"
"8_tools\EES331_Gesture_Viewer_v1.0\_internal\torchvision\models\mobilenetv3.py","16724","True","16724"
"8_tools\EES331_Gesture_Viewer_v1.0\_internal\torchvision\models\regnet.py","65105","True","65105"
"8_tools\EES331_Gesture_Viewer_v1.0\_internal\torchvision\models\resnet.py","39905","True","39905"
"8_tools\EES331_Gesture_Viewer_v1.0\_internal\torchvision\models\shufflenetv2.py","15846","True","15846"
"8_tools\EES331_Gesture_Viewer_v1.0\_internal\torchvision\models\squeezenet.py","8986","True","8986"
"8_tools\EES331_Gesture_Viewer_v1.0\_internal\torchvision\models\swin_transformer.py","40364","True","40364"
"8_tools\EES331_Gesture_Viewer_v1.0\_internal\torchvision\models\vgg.py","19724","True","19724"
"8_tools\EES331_Gesture_Viewer_v1.0\_internal\torchvision\models\vision_transformer.py","32988","True","32988"
"8_tools\EES331_Gesture_Viewer_v1.0\_internal\torchvision\ops\__init__.py","2001","True","2001"
"8_tools\EES331_Gesture_Viewer_v1.0\_internal\torchvision\ops\_box_convert.py","7188","True","7188"
"8_tools\EES331_Gesture_Viewer_v1.0\_internal\torchvision\ops\_register_onnx_ops.py","4288","True","4288"
"8_tools\EES331_Gesture_Viewer_v1.0\_internal\torchvision\ops\_utils.py","3723","True","3723"
"8_tools\EES331_Gesture_Viewer_v1.0\_internal\torchvision\ops\boxes.py","20735","True","20735"
"8_tools\EES331_Gesture_Viewer_v1.0\_internal\torchvision\ops\ciou_loss.py","2832","True","2832"
"8_tools\EES331_Gesture_Viewer_v1.0\_internal\torchvision\ops\deform_conv.py","7178","True","7178"
"8_tools\EES331_Gesture_Viewer_v1.0\_internal\torchvision\ops\diou_loss.py","3426","True","3426"
"8_tools\EES331_Gesture_Viewer_v1.0\_internal\torchvision\ops\drop_block.py","6248","True","6248"
"8_tools\EES331_Gesture_Viewer_v1.0\_internal\torchvision\ops\feature_pyramid_network.py","8933","True","8933"
"8_tools\EES331_Gesture_Viewer_v1.0\_internal\torchvision\ops\focal_loss.py","2480","True","2480"
"8_tools\EES331_Gesture_Viewer_v1.0\_internal\torchvision\ops\giou_loss.py","2770","True","2770"
"8_tools\EES331_Gesture_Viewer_v1.0\_internal\torchvision\ops\misc.py","13907","True","13907"
"8_tools\EES331_Gesture_Viewer_v1.0\_internal\torchvision\ops\poolers.py","12228","True","12228"
"8_tools\EES331_Gesture_Viewer_v1.0\_internal\torchvision\ops\ps_roi_align.py","3715","True","3715"
"8_tools\EES331_Gesture_Viewer_v1.0\_internal\torchvision\ops\ps_roi_pool.py","2940","True","2940"
"8_tools\EES331_Gesture_Viewer_v1.0\_internal\torchvision\ops\roi_align.py","11608","True","11608"
"8_tools\EES331_Gesture_Viewer_v1.0\_internal\torchvision\ops\roi_pool.py","3009","True","3009"
"8_tools\EES331_Gesture_Viewer_v1.0\_internal\torchvision\ops\stochastic_depth.py","2302","True","2302"
"8_tools\EES331_Gesture_Viewer_v1.0\_internal\torchvision\transforms\v2\functional\__init__.py","4052","True","4052"
"8_tools\EES331_Gesture_Viewer_v1.0\_internal\torchvision\transforms\v2\functional\_augment.py","3579","True","3579"
"8_tools\EES331_Gesture_Viewer_v1.0\_internal\torchvision\transforms\v2\functional\_color.py","31117","True","31117"
"8_tools\EES331_Gesture_Viewer_v1.0\_internal\torchvision\transforms\v2\functional\_deprecated.py","819","True","819"
"8_tools\EES331_Gesture_Viewer_v1.0\_internal\torchvision\transforms\v2\functional\_geometry.py","114891","True","114891"
"8_tools\EES331_Gesture_Viewer_v1.0\_internal\torchvision\transforms\v2\functional\_meta.py","29121","True","29121"
"8_tools\EES331_Gesture_Viewer_v1.0\_internal\torchvision\transforms\v2\functional\_misc.py","22425","True","22425"
"8_tools\EES331_Gesture_Viewer_v1.0\_internal\torchvision\transforms\v2\functional\_temporal.py","1163","True","1163"
"8_tools\EES331_Gesture_Viewer_v1.0\_internal\torchvision\transforms\v2\functional\_type_conversion.py","896","True","896"
"8_tools\EES331_Gesture_Viewer_v1.0\_internal\torchvision\transforms\v2\functional\_utils.py","5630","True","5630"
"8_tools\EES331_Gesture_Viewer_v1.0\_internal\torchvision\transforms\v2\__init__.py","1677","True","1677"
"8_tools\EES331_Gesture_Viewer_v1.0\_internal\torchvision\transforms\v2\_augment.py","16725","True","16725"
"8_tools\EES331_Gesture_Viewer_v1.0\_internal\torchvision\transforms\v2\_auto_augment.py","32868","True","32868"
"8_tools\EES331_Gesture_Viewer_v1.0\_internal\torchvision\transforms\v2\_color.py","17378","True","17378"
"8_tools\EES331_Gesture_Viewer_v1.0\_internal\torchvision\transforms\v2\_container.py","6516","True","6516"
"8_tools\EES331_Gesture_Viewer_v1.0\_internal\torchvision\transforms\v2\_deprecated.py","1990","True","1990"
"8_tools\EES331_Gesture_Viewer_v1.0\_internal\torchvision\transforms\v2\_geometry.py","69141","True","69141"
"8_tools\EES331_Gesture_Viewer_v1.0\_internal\torchvision\transforms\v2\_meta.py","3246","True","3246"
"8_tools\EES331_Gesture_Viewer_v1.0\_internal\torchvision\transforms\v2\_misc.py","24677","True","24677"
"8_tools\EES331_Gesture_Viewer_v1.0\_internal\torchvision\transforms\v2\_temporal.py","925","True","925"
"8_tools\EES331_Gesture_Viewer_v1.0\_internal\torchvision\transforms\v2\_transform.py","9510","True","9510"
"8_tools\EES331_Gesture_Viewer_v1.0\_internal\torchvision\transforms\v2\_type_conversion.py","3245","True","3245"
"8_tools\EES331_Gesture_Viewer_v1.0\_internal\torchvision\transforms\v2\_utils.py","9541","True","9541"
"8_tools\EES331_Gesture_Viewer_v1.0\_internal\torchvision\transforms\__init__.py","55","True","55"
"8_tools\EES331_Gesture_Viewer_v1.0\_internal\torchvision\transforms\_functional_pil.py","12514","True","12514"
"8_tools\EES331_Gesture_Viewer_v1.0\_internal\torchvision\transforms\_functional_tensor.py","34888","True","34888"
"8_tools\EES331_Gesture_Viewer_v1.0\_internal\torchvision\transforms\_presets.py","8721","True","8721"
"8_tools\EES331_Gesture_Viewer_v1.0\_internal\torchvision\transforms\autoaugment.py","28839","True","28839"
"8_tools\EES331_Gesture_Viewer_v1.0\_internal\torchvision\transforms\functional.py","69447","True","69447"
"8_tools\EES331_Gesture_Viewer_v1.0\_internal\torchvision\transforms\transforms.py","88017","True","88017"
"8_tools\EES331_Gesture_Viewer_v1.0\_internal\torchvision\tv_tensors\__init__.py","1837","True","1837"
"8_tools\EES331_Gesture_Viewer_v1.0\_internal\torchvision\tv_tensors\_bounding_boxes.py","7902","True","7902"
"8_tools\EES331_Gesture_Viewer_v1.0\_internal\torchvision\tv_tensors\_dataset_wrapper.py","25171","True","25171"
"8_tools\EES331_Gesture_Viewer_v1.0\_internal\torchvision\tv_tensors\_image.py","2016","True","2016"
"8_tools\EES331_Gesture_Viewer_v1.0\_internal\torchvision\tv_tensors\_keypoints.py","4686","True","4686"
"8_tools\EES331_Gesture_Viewer_v1.0\_internal\torchvision\tv_tensors\_mask.py","1486","True","1486"
"8_tools\EES331_Gesture_Viewer_v1.0\_internal\torchvision\tv_tensors\_torch_function_helpers.py","2402","True","2402"
"8_tools\EES331_Gesture_Viewer_v1.0\_internal\torchvision\tv_tensors\_tv_tensor.py","6354","True","6354"
"8_tools\EES331_Gesture_Viewer_v1.0\_internal\torchvision\tv_tensors\_video.py","1422","True","1422"
"8_tools\EES331_Gesture_Viewer_v1.0\_internal\torchvision\__init__.py","3639","True","3639"
"8_tools\EES331_Gesture_Viewer_v1.0\_internal\torchvision\_internally_replaced_utils.py","1458","True","1458"
"8_tools\EES331_Gesture_Viewer_v1.0\_internal\torchvision\_meta_registrations.py","7433","True","7433"
"8_tools\EES331_Gesture_Viewer_v1.0\_internal\torchvision\_utils.py","988","True","988"
"8_tools\EES331_Gesture_Viewer_v1.0\_internal\torchvision\extension.py","3233","True","3233"
"8_tools\EES331_Gesture_Viewer_v1.0\_internal\torchvision\utils.py","35361","True","35361"
"8_tools\EES331_Gesture_Viewer_v1.0\_internal\torchvision\version.py","206","True","206"
"8_tools\EES331_Gesture_Viewer_v1.0\_internal\ultralytics\cfg\__init__.py","48351","True","48351"
"8_tools\EES331_Gesture_Viewer_v1.0\_internal\ultralytics\data\__init__.py","702","True","702"
"8_tools\EES331_Gesture_Viewer_v1.0\_internal\ultralytics\data\augment.py","144657","True","144657"
"8_tools\EES331_Gesture_Viewer_v1.0\_internal\ultralytics\data\base.py","22162","True","22162"
"8_tools\EES331_Gesture_Viewer_v1.0\_internal\ultralytics\data\build.py","19283","True","19283"
"8_tools\EES331_Gesture_Viewer_v1.0\_internal\ultralytics\data\converter.py","47111","True","47111"
"8_tools\EES331_Gesture_Viewer_v1.0\_internal\ultralytics\data\dataset.py","57717","True","57717"
"8_tools\EES331_Gesture_Viewer_v1.0\_internal\ultralytics\data\loaders.py","34629","True","34629"
"8_tools\EES331_Gesture_Viewer_v1.0\_internal\ultralytics\data\split.py","5274","True","5274"
"8_tools\EES331_Gesture_Viewer_v1.0\_internal\ultralytics\data\utils.py","39253","True","39253"
"8_tools\EES331_Gesture_Viewer_v1.0\_internal\ultralytics\engine\__init__.py","70","True","70"
"8_tools\EES331_Gesture_Viewer_v1.0\_internal\ultralytics\engine\exporter.py","94805","True","94805"
"8_tools\EES331_Gesture_Viewer_v1.0\_internal\ultralytics\engine\model.py","60164","True","60164"
"8_tools\EES331_Gesture_Viewer_v1.0\_internal\ultralytics\engine\predictor.py","26562","True","26562"
"8_tools\EES331_Gesture_Viewer_v1.0\_internal\ultralytics\engine\results.py","74503","True","74503"
"8_tools\EES331_Gesture_Viewer_v1.0\_internal\ultralytics\engine\trainer.py","67646","True","67646"
"8_tools\EES331_Gesture_Viewer_v1.0\_internal\ultralytics\engine\tuner.py","29414","True","29414"
"8_tools\EES331_Gesture_Viewer_v1.0\_internal\ultralytics\engine\validator.py","19938","True","19938"
"8_tools\EES331_Gesture_Viewer_v1.0\_internal\ultralytics\models\fastsam\__init__.py","231","True","231"
"8_tools\EES331_Gesture_Viewer_v1.0\_internal\ultralytics\models\fastsam\model.py","3434","True","3434"
"8_tools\EES331_Gesture_Viewer_v1.0\_internal\ultralytics\models\fastsam\predict.py","9322","True","9322"
"8_tools\EES331_Gesture_Viewer_v1.0\_internal\ultralytics\models\fastsam\utils.py","879","True","879"
"8_tools\EES331_Gesture_Viewer_v1.0\_internal\ultralytics\models\fastsam\val.py","2091","True","2091"
"8_tools\EES331_Gesture_Viewer_v1.0\_internal\ultralytics\models\nas\__init__.py","207","True","207"
"8_tools\EES331_Gesture_Viewer_v1.0\_internal\ultralytics\models\nas\model.py","3599","True","3599"
"8_tools\EES331_Gesture_Viewer_v1.0\_internal\ultralytics\models\nas\predict.py","2692","True","2692"
"8_tools\EES331_Gesture_Viewer_v1.0\_internal\ultralytics\models\nas\val.py","1543","True","1543"
"8_tools\EES331_Gesture_Viewer_v1.0\_internal\ultralytics\models\rtdetr\__init__.py","225","True","225"
"8_tools\EES331_Gesture_Viewer_v1.0\_internal\ultralytics\models\rtdetr\model.py","2269","True","2269"
"8_tools\EES331_Gesture_Viewer_v1.0\_internal\ultralytics\models\rtdetr\predict.py","3969","True","3969"
"8_tools\EES331_Gesture_Viewer_v1.0\_internal\ultralytics\models\rtdetr\train.py","3858","True","3858"
"8_tools\EES331_Gesture_Viewer_v1.0\_internal\ultralytics\models\rtdetr\val.py","8062","True","8062"
"8_tools\EES331_Gesture_Viewer_v1.0\_internal\ultralytics\models\sam\modules\__init__.py","70","True","70"
"8_tools\EES331_Gesture_Viewer_v1.0\_internal\ultralytics\models\sam\modules\blocks.py","44175","True","44175"
"8_tools\EES331_Gesture_Viewer_v1.0\_internal\ultralytics\models\sam\modules\decoders.py","25045","True","25045"
"8_tools\EES331_Gesture_Viewer_v1.0\_internal\ultralytics\models\sam\modules\encoders.py","35520","True","35520"
"8_tools\EES331_Gesture_Viewer_v1.0\_internal\ultralytics\models\sam\modules\memory_attention.py","13287","True","13287"
"8_tools\EES331_Gesture_Viewer_v1.0\_internal\ultralytics\models\sam\modules\sam.py","61669","True","61669"
"8_tools\EES331_Gesture_Viewer_v1.0\_internal\ultralytics\models\sam\modules\tiny_encoder.py","42400","True","42400"
"8_tools\EES331_Gesture_Viewer_v1.0\_internal\ultralytics\models\sam\modules\transformer.py","14884","True","14884"
"8_tools\EES331_Gesture_Viewer_v1.0\_internal\ultralytics\models\sam\modules\utils.py","21371","True","21371"
"8_tools\EES331_Gesture_Viewer_v1.0\_internal\ultralytics\models\sam\sam3\__init__.py","144","True","144"
"8_tools\EES331_Gesture_Viewer_v1.0\_internal\ultralytics\models\sam\sam3\decoder.py","23022","True","23022"
"8_tools\EES331_Gesture_Viewer_v1.0\_internal\ultralytics\models\sam\sam3\encoder.py","21767","True","21767"
"8_tools\EES331_Gesture_Viewer_v1.0\_internal\ultralytics\models\sam\sam3\geometry_encoders.py","17666","True","17666"
"8_tools\EES331_Gesture_Viewer_v1.0\_internal\ultralytics\models\sam\sam3\maskformer_segmentation.py","10725","True","10725"
"8_tools\EES331_Gesture_Viewer_v1.0\_internal\ultralytics\models\sam\sam3\model_misc.py","7906","True","7906"
"8_tools\EES331_Gesture_Viewer_v1.0\_internal\ultralytics\models\sam\sam3\necks.py","4766","True","4766"
"8_tools\EES331_Gesture_Viewer_v1.0\_internal\ultralytics\models\sam\sam3\sam3_image.py","13487","True","13487"
"8_tools\EES331_Gesture_Viewer_v1.0\_internal\ultralytics\models\sam\sam3\text_encoder_ve.py","12251","True","12251"
"8_tools\EES331_Gesture_Viewer_v1.0\_internal\ultralytics\models\sam\sam3\vitdet.py","22103","True","22103"
"8_tools\EES331_Gesture_Viewer_v1.0\_internal\ultralytics\models\sam\sam3\vl_combiner.py","6997","True","6997"
"8_tools\EES331_Gesture_Viewer_v1.0\_internal\ultralytics\models\sam\__init__.py","592","True","592"
"8_tools\EES331_Gesture_Viewer_v1.0\_internal\ultralytics\models\sam\amg.py","11786","True","11786"
"8_tools\EES331_Gesture_Viewer_v1.0\_internal\ultralytics\models\sam\build_sam3.py","12210","True","12210"
"8_tools\EES331_Gesture_Viewer_v1.0\_internal\ultralytics\models\sam\build.py","12865","True","12865"
"8_tools\EES331_Gesture_Viewer_v1.0\_internal\ultralytics\models\sam\model.py","7407","True","7407"
"8_tools\EES331_Gesture_Viewer_v1.0\_internal\ultralytics\models\sam\predict.py","205571","True","205571"
"8_tools\EES331_Gesture_Viewer_v1.0\_internal\ultralytics\models\utils\__init__.py","70","True","70"
"8_tools\EES331_Gesture_Viewer_v1.0\_internal\ultralytics\models\utils\loss.py","20909","True","20909"
"8_tools\EES331_Gesture_Viewer_v1.0\_internal\ultralytics\models\utils\ops.py","16137","True","16137"
"8_tools\EES331_Gesture_Viewer_v1.0\_internal\ultralytics\models\yolo\classify\__init__.py","383","True","383"
"8_tools\EES331_Gesture_Viewer_v1.0\_internal\ultralytics\models\yolo\classify\predict.py","5102","True","5102"
"8_tools\EES331_Gesture_Viewer_v1.0\_internal\ultralytics\models\yolo\classify\train.py","9534","True","9534"
"8_tools\EES331_Gesture_Viewer_v1.0\_internal\ultralytics\models\yolo\classify\val.py","10603","True","10603"
"8_tools\EES331_Gesture_Viewer_v1.0\_internal\ultralytics\models\yolo\depth\__init__.py","233","True","233"
"8_tools\EES331_Gesture_Viewer_v1.0\_internal\ultralytics\models\yolo\depth\calibrate.py","15538","True","15538"
"8_tools\EES331_Gesture_Viewer_v1.0\_internal\ultralytics\models\yolo\depth\predict.py","2162","True","2162"
"8_tools\EES331_Gesture_Viewer_v1.0\_internal\ultralytics\models\yolo\depth\train.py","7599","True","7599"
"8_tools\EES331_Gesture_Viewer_v1.0\_internal\ultralytics\models\yolo\depth\val.py","5572","True","5572"
"8_tools\EES331_Gesture_Viewer_v1.0\_internal\ultralytics\models\yolo\detect\__init__.py","257","True","257"
"8_tools\EES331_Gesture_Viewer_v1.0\_internal\ultralytics\models\yolo\detect\predict.py","5474","True","5474"
"8_tools\EES331_Gesture_Viewer_v1.0\_internal\ultralytics\models\yolo\detect\train.py","12440","True","12440"
"8_tools\EES331_Gesture_Viewer_v1.0\_internal\ultralytics\models\yolo\detect\val.py","28555","True","28555"
"8_tools\EES331_Gesture_Viewer_v1.0\_internal\ultralytics\models\yolo\obb\__init__.py","221","True","221"
"8_tools\EES331_Gesture_Viewer_v1.0\_internal\ultralytics\models\yolo\obb\predict.py","2634","True","2634"
"8_tools\EES331_Gesture_Viewer_v1.0\_internal\ultralytics\models\yolo\obb\train.py","3381","True","3381"
"8_tools\EES331_Gesture_Viewer_v1.0\_internal\ultralytics\models\yolo\obb\val.py","14592","True","14592"
"8_tools\EES331_Gesture_Viewer_v1.0\_internal\ultralytics\models\yolo\pose\__init__.py","227","True","227"
"8_tools\EES331_Gesture_Viewer_v1.0\_internal\ultralytics\models\yolo\pose\predict.py","3175","True","3175"
"8_tools\EES331_Gesture_Viewer_v1.0\_internal\ultralytics\models\yolo\pose\train.py","4813","True","4813"
"8_tools\EES331_Gesture_Viewer_v1.0\_internal\ultralytics\models\yolo\pose\val.py","12489","True","12489"
"8_tools\EES331_Gesture_Viewer_v1.0\_internal\ultralytics\models\yolo\segment\__init__.py","275","True","275"
"8_tools\EES331_Gesture_Viewer_v1.0\_internal\ultralytics\models\yolo\segment\predict.py","5556","True","5556"
"8_tools\EES331_Gesture_Viewer_v1.0\_internal\ultralytics\models\yolo\segment\train.py","3043","True","3043"
"8_tools\EES331_Gesture_Viewer_v1.0\_internal\ultralytics\models\yolo\segment\val.py","13527","True","13527"
"8_tools\EES331_Gesture_Viewer_v1.0\_internal\ultralytics\models\yolo\semantic\__init__.py","323","True","323"
"8_tools\EES331_Gesture_Viewer_v1.0\_internal\ultralytics\models\yolo\semantic\predict.py","4133","True","4133"
"8_tools\EES331_Gesture_Viewer_v1.0\_internal\ultralytics\models\yolo\semantic\train.py","6317","True","6317"
"8_tools\EES331_Gesture_Viewer_v1.0\_internal\ultralytics\models\yolo\semantic\val.py","8556","True","8556"
"8_tools\EES331_Gesture_Viewer_v1.0\_internal\ultralytics\models\yolo\world\__init__.py","181","True","181"
"8_tools\EES331_Gesture_Viewer_v1.0\_internal\ultralytics\models\yolo\world\train_world.py","9436","True","9436"
"8_tools\EES331_Gesture_Viewer_v1.0\_internal\ultralytics\models\yolo\world\train.py","8162","True","8162"
"8_tools\EES331_Gesture_Viewer_v1.0\_internal\ultralytics\models\yolo\world\val.py","2329","True","2329"
"8_tools\EES331_Gesture_Viewer_v1.0\_internal\ultralytics\models\yolo\yoloe\__init__.py","760","True","760"
"8_tools\EES331_Gesture_Viewer_v1.0\_internal\ultralytics\models\yolo\yoloe\predict.py","5854","True","5854"
"8_tools\EES331_Gesture_Viewer_v1.0\_internal\ultralytics\models\yolo\yoloe\train_seg.py","905","True","905"
"8_tools\EES331_Gesture_Viewer_v1.0\_internal\ultralytics\models\yolo\yoloe\train.py","12939","True","12939"
"8_tools\EES331_Gesture_Viewer_v1.0\_internal\ultralytics\models\yolo\yoloe\val.py","9229","True","9229"
"8_tools\EES331_Gesture_Viewer_v1.0\_internal\ultralytics\models\yolo\__init__.py","398","True","398"
"8_tools\EES331_Gesture_Viewer_v1.0\_internal\ultralytics\models\yolo\model.py","26484","True","26484"
"8_tools\EES331_Gesture_Viewer_v1.0\_internal\ultralytics\models\__init__.py","670","True","670"
"8_tools\EES331_Gesture_Viewer_v1.0\_internal\ultralytics\models\llm.py","7685","True","7685"
"8_tools\EES331_Gesture_Viewer_v1.0\_internal\ultralytics\nn\backends\__init__.py","1606","True","1606"
"8_tools\EES331_Gesture_Viewer_v1.0\_internal\ultralytics\nn\backends\ascend.py","2315","True","2315"
"8_tools\EES331_Gesture_Viewer_v1.0\_internal\ultralytics\nn\backends\axelera.py","2641","True","2641"
"8_tools\EES331_Gesture_Viewer_v1.0\_internal\ultralytics\nn\backends\base.py","10175","True","10175"
"8_tools\EES331_Gesture_Viewer_v1.0\_internal\ultralytics\nn\backends\coreai.py","2392","True","2392"
"8_tools\EES331_Gesture_Viewer_v1.0\_internal\ultralytics\nn\backends\coreml.py","3115","True","3115"
"8_tools\EES331_Gesture_Viewer_v1.0\_internal\ultralytics\nn\backends\deepx.py","2629","True","2629"
"8_tools\EES331_Gesture_Viewer_v1.0\_internal\ultralytics\nn\backends\executorch.py","1569","True","1569"
"8_tools\EES331_Gesture_Viewer_v1.0\_internal\ultralytics\nn\backends\hailo.py","11555","True","11555"
"8_tools\EES331_Gesture_Viewer_v1.0\_internal\ultralytics\nn\backends\litert.py","5389","True","5389"
"8_tools\EES331_Gesture_Viewer_v1.0\_internal\ultralytics\nn\backends\mnn.py","2220","True","2220"
"8_tools\EES331_Gesture_Viewer_v1.0\_internal\ultralytics\nn\backends\ncnn.py","2390","True","2390"
"8_tools\EES331_Gesture_Viewer_v1.0\_internal\ultralytics\nn\backends\onnx.py","10016","True","10016"
"8_tools\EES331_Gesture_Viewer_v1.0\_internal\ultralytics\nn\backends\openvino.py","5695","True","5695"
"8_tools\EES331_Gesture_Viewer_v1.0\_internal\ultralytics\nn\backends\paddle.py","2844","True","2844"
"8_tools\EES331_Gesture_Viewer_v1.0\_internal\ultralytics\nn\backends\pytorch.py","5779","True","5779"
"8_tools\EES331_Gesture_Viewer_v1.0\_internal\ultralytics\nn\backends\qnn.py","3311","True","3311"
"8_tools\EES331_Gesture_Viewer_v1.0\_internal\ultralytics\nn\backends\rknn.py","2863","True","2863"
"8_tools\EES331_Gesture_Viewer_v1.0\_internal\ultralytics\nn\backends\tensorflow.py","7062","True","7062"
"8_tools\EES331_Gesture_Viewer_v1.0\_internal\ultralytics\nn\backends\tensorrt.py","5769","True","5769"
"8_tools\EES331_Gesture_Viewer_v1.0\_internal\ultralytics\nn\backends\triton.py","1463","True","1463"
"8_tools\EES331_Gesture_Viewer_v1.0\_internal\ultralytics\nn\modules\__init__.py","3390","True","3390"
"8_tools\EES331_Gesture_Viewer_v1.0\_internal\ultralytics\nn\modules\activation.py","2218","True","2218"
"8_tools\EES331_Gesture_Viewer_v1.0\_internal\ultralytics\nn\modules\block.py","75557","True","75557"
"8_tools\EES331_Gesture_Viewer_v1.0\_internal\ultralytics\nn\modules\conv.py","21132","True","21132"
"8_tools\EES331_Gesture_Viewer_v1.0\_internal\ultralytics\nn\modules\head.py","84505","True","84505"
"8_tools\EES331_Gesture_Viewer_v1.0\_internal\ultralytics\nn\modules\transformer.py","32778","True","32778"
"8_tools\EES331_Gesture_Viewer_v1.0\_internal\ultralytics\nn\modules\utils.py","4939","True","4939"
"8_tools\EES331_Gesture_Viewer_v1.0\_internal\ultralytics\nn\__init__.py","545","True","545"
"8_tools\EES331_Gesture_Viewer_v1.0\_internal\ultralytics\nn\autobackend.py","18079","True","18079"
"8_tools\EES331_Gesture_Viewer_v1.0\_internal\ultralytics\nn\distill_model.py","14204","True","14204"
"8_tools\EES331_Gesture_Viewer_v1.0\_internal\ultralytics\nn\tasks.py","98107","True","98107"
"8_tools\EES331_Gesture_Viewer_v1.0\_internal\ultralytics\nn\text_model.py","15402","True","15402"
"8_tools\EES331_Gesture_Viewer_v1.0\_internal\ultralytics\optim\__init__.py","116","True","116"
"8_tools\EES331_Gesture_Viewer_v1.0\_internal\ultralytics\optim\muon.py","12200","True","12200"
"8_tools\EES331_Gesture_Viewer_v1.0\_internal\ultralytics\solutions\__init__.py","1209","True","1209"
"8_tools\EES331_Gesture_Viewer_v1.0\_internal\ultralytics\solutions\ai_gym.py","6095","True","6095"
"8_tools\EES331_Gesture_Viewer_v1.0\_internal\ultralytics\solutions\analytics.py","12714","True","12714"
"8_tools\EES331_Gesture_Viewer_v1.0\_internal\ultralytics\solutions\config.py","6053","True","6053"
"8_tools\EES331_Gesture_Viewer_v1.0\_internal\ultralytics\solutions\distance_calculation.py","6020","True","6020"
"8_tools\EES331_Gesture_Viewer_v1.0\_internal\ultralytics\solutions\heatmap.py","5719","True","5719"
"8_tools\EES331_Gesture_Viewer_v1.0\_internal\ultralytics\solutions\instance_segmentation.py","3786","True","3786"
"8_tools\EES331_Gesture_Viewer_v1.0\_internal\ultralytics\solutions\object_blurrer.py","4200","True","4200"
"8_tools\EES331_Gesture_Viewer_v1.0\_internal\ultralytics\solutions\object_counter.py","10270","True","10270"
"8_tools\EES331_Gesture_Viewer_v1.0\_internal\ultralytics\solutions\object_cropper.py","3551","True","3551"
"8_tools\EES331_Gesture_Viewer_v1.0\_internal\ultralytics\solutions\parking_management.py","13815","True","13815"
"8_tools\EES331_Gesture_Viewer_v1.0\_internal\ultralytics\solutions\queue_management.py","4393","True","4393"
"8_tools\EES331_Gesture_Viewer_v1.0\_internal\ultralytics\solutions\region_counter.py","6428","True","6428"
"8_tools\EES331_Gesture_Viewer_v1.0\_internal\ultralytics\solutions\security_alarm.py","6273","True","6273"
"8_tools\EES331_Gesture_Viewer_v1.0\_internal\ultralytics\solutions\similarity_search.py","9907","True","9907"
"8_tools\EES331_Gesture_Viewer_v1.0\_internal\ultralytics\solutions\solutions.py","39011","True","39011"
"8_tools\EES331_Gesture_Viewer_v1.0\_internal\ultralytics\solutions\speed_estimation.py","6276","True","6276"
"8_tools\EES331_Gesture_Viewer_v1.0\_internal\ultralytics\solutions\streamlit_inference.py","13099","True","13099"
"8_tools\EES331_Gesture_Viewer_v1.0\_internal\ultralytics\solutions\trackzone.py","3910","True","3910"
"8_tools\EES331_Gesture_Viewer_v1.0\_internal\ultralytics\solutions\vision_eye.py","3006","True","3006"
"8_tools\EES331_Gesture_Viewer_v1.0\_internal\ultralytics\trackers\utils\__init__.py","70","True","70"
"8_tools\EES331_Gesture_Viewer_v1.0\_internal\ultralytics\trackers\utils\gmc.py","14176","True","14176"
"8_tools\EES331_Gesture_Viewer_v1.0\_internal\ultralytics\trackers\utils\kalman_filter.py","21785","True","21785"
"8_tools\EES331_Gesture_Viewer_v1.0\_internal\ultralytics\trackers\utils\matching.py","7818","True","7818"
"8_tools\EES331_Gesture_Viewer_v1.0\_internal\ultralytics\trackers\utils\reid.py","8107","True","8107"
"8_tools\EES331_Gesture_Viewer_v1.0\_internal\ultralytics\trackers\utils\stracks.py","7980","True","7980"
"8_tools\EES331_Gesture_Viewer_v1.0\_internal\ultralytics\trackers\__init__.py","482","True","482"
"8_tools\EES331_Gesture_Viewer_v1.0\_internal\ultralytics\trackers\basetrack.py","3752","True","3752"
"8_tools\EES331_Gesture_Viewer_v1.0\_internal\ultralytics\trackers\bot_sort.py","10020","True","10020"
"8_tools\EES331_Gesture_Viewer_v1.0\_internal\ultralytics\trackers\byte_tracker.py","23745","True","23745"
"8_tools\EES331_Gesture_Viewer_v1.0\_internal\ultralytics\trackers\deep_oc_sort.py","11845","True","11845"
"8_tools\EES331_Gesture_Viewer_v1.0\_internal\ultralytics\trackers\fast_tracker.py","17560","True","17560"
"8_tools\EES331_Gesture_Viewer_v1.0\_internal\ultralytics\trackers\oc_sort.py","15550","True","15550"
"8_tools\EES331_Gesture_Viewer_v1.0\_internal\ultralytics\trackers\track_tracker.py","27910","True","27910"
"8_tools\EES331_Gesture_Viewer_v1.0\_internal\ultralytics\trackers\track.py","6468","True","6468"
"8_tools\EES331_Gesture_Viewer_v1.0\_internal\ultralytics\utils\callbacks\__init__.py","242","True","242"
"8_tools\EES331_Gesture_Viewer_v1.0\_internal\ultralytics\utils\callbacks\base.py","7022","True","7022"
"8_tools\EES331_Gesture_Viewer_v1.0\_internal\ultralytics\utils\callbacks\clearml.py","5902","True","5902"
"8_tools\EES331_Gesture_Viewer_v1.0\_internal\ultralytics\utils\callbacks\comet.py","25128","True","25128"
"8_tools\EES331_Gesture_Viewer_v1.0\_internal\ultralytics\utils\callbacks\dvc.py","7494","True","7494"
"8_tools\EES331_Gesture_Viewer_v1.0\_internal\ultralytics\utils\callbacks\mlflow.py","6676","True","6676"
"8_tools\EES331_Gesture_Viewer_v1.0\_internal\ultralytics\utils\callbacks\platform.py","19519","True","19519"
"8_tools\EES331_Gesture_Viewer_v1.0\_internal\ultralytics\utils\callbacks\raytune.py","1297","True","1297"
"8_tools\EES331_Gesture_Viewer_v1.0\_internal\ultralytics\utils\callbacks\tensorboard.py","5081","True","5081"
"8_tools\EES331_Gesture_Viewer_v1.0\_internal\ultralytics\utils\callbacks\wb.py","8211","True","8211"
"8_tools\EES331_Gesture_Viewer_v1.0\_internal\ultralytics\utils\export\__init__.py","1022","True","1022"
"8_tools\EES331_Gesture_Viewer_v1.0\_internal\ultralytics\utils\export\ascend.py","2840","True","2840"
"8_tools\EES331_Gesture_Viewer_v1.0\_internal\ultralytics\utils\export\axelera.py","5865","True","5865"
"8_tools\EES331_Gesture_Viewer_v1.0\_internal\ultralytics\utils\export\coreai.py","2841","True","2841"
"8_tools\EES331_Gesture_Viewer_v1.0\_internal\ultralytics\utils\export\coreml.py","12083","True","12083"
"8_tools\EES331_Gesture_Viewer_v1.0\_internal\ultralytics\utils\export\deepx.py","2824","True","2824"
"8_tools\EES331_Gesture_Viewer_v1.0\_internal\ultralytics\utils\export\engine.py","20880","True","20880"
"8_tools\EES331_Gesture_Viewer_v1.0\_internal\ultralytics\utils\export\executorch.py","2829","True","2829"
"8_tools\EES331_Gesture_Viewer_v1.0\_internal\ultralytics\utils\export\imx.py","15243","True","15243"
"8_tools\EES331_Gesture_Viewer_v1.0\_internal\ultralytics\utils\export\litert.py","7120","True","7120"
"8_tools\EES331_Gesture_Viewer_v1.0\_internal\ultralytics\utils\export\mnn.py","1892","True","1892"
"8_tools\EES331_Gesture_Viewer_v1.0\_internal\ultralytics\utils\export\ncnn.py","2587","True","2587"
"8_tools\EES331_Gesture_Viewer_v1.0\_internal\ultralytics\utils\export\onnx.py","2456","True","2456"
"8_tools\EES331_Gesture_Viewer_v1.0\_internal\ultralytics\utils\export\openvino.py","3449","True","3449"
"8_tools\EES331_Gesture_Viewer_v1.0\_internal\ultralytics\utils\export\paddle.py","2567","True","2567"
"8_tools\EES331_Gesture_Viewer_v1.0\_internal\ultralytics\utils\export\qnn.py","8039","True","8039"
"8_tools\EES331_Gesture_Viewer_v1.0\_internal\ultralytics\utils\export\rknn.py","3598","True","3598"
"8_tools\EES331_Gesture_Viewer_v1.0\_internal\ultralytics\utils\export\tensorflow.py","13155","True","13155"
"8_tools\EES331_Gesture_Viewer_v1.0\_internal\ultralytics\utils\export\torchscript.py","1228","True","1228"
"8_tools\EES331_Gesture_Viewer_v1.0\_internal\ultralytics\utils\__init__.py","60560","True","60560"
"8_tools\EES331_Gesture_Viewer_v1.0\_internal\ultralytics\utils\autobatch.py","6255","True","6255"
"8_tools\EES331_Gesture_Viewer_v1.0\_internal\ultralytics\utils\autodevice.py","9329","True","9329"
"8_tools\EES331_Gesture_Viewer_v1.0\_internal\ultralytics\utils\benchmarks.py","29089","True","29089"
"8_tools\EES331_Gesture_Viewer_v1.0\_internal\ultralytics\utils\checks.py","48030","True","48030"
"8_tools\EES331_Gesture_Viewer_v1.0\_internal\ultralytics\utils\cpu.py","4372","True","4372"
"8_tools\EES331_Gesture_Viewer_v1.0\_internal\ultralytics\utils\dist.py","5660","True","5660"
"8_tools\EES331_Gesture_Viewer_v1.0\_internal\ultralytics\utils\downloads.py","27562","True","27562"
"8_tools\EES331_Gesture_Viewer_v1.0\_internal\ultralytics\utils\events.py","12168","True","12168"
"8_tools\EES331_Gesture_Viewer_v1.0\_internal\ultralytics\utils\files.py","8371","True","8371"
"8_tools\EES331_Gesture_Viewer_v1.0\_internal\ultralytics\utils\git.py","6911","True","6911"
"8_tools\EES331_Gesture_Viewer_v1.0\_internal\ultralytics\utils\instance.py","21382","True","21382"
"8_tools\EES331_Gesture_Viewer_v1.0\_internal\ultralytics\utils\logger.py","25576","True","25576"
"8_tools\EES331_Gesture_Viewer_v1.0\_internal\ultralytics\utils\loss.py","71880","True","71880"
"8_tools\EES331_Gesture_Viewer_v1.0\_internal\ultralytics\utils\metrics.py","90284","True","90284"
"8_tools\EES331_Gesture_Viewer_v1.0\_internal\ultralytics\utils\nms.py","12949","True","12949"
"8_tools\EES331_Gesture_Viewer_v1.0\_internal\ultralytics\utils\ops.py","34578","True","34578"
"8_tools\EES331_Gesture_Viewer_v1.0\_internal\ultralytics\utils\patches.py","10413","True","10413"
"8_tools\EES331_Gesture_Viewer_v1.0\_internal\ultralytics\utils\plotting.py","68137","True","68137"
"8_tools\EES331_Gesture_Viewer_v1.0\_internal\ultralytics\utils\tal.py","25375","True","25375"
"8_tools\EES331_Gesture_Viewer_v1.0\_internal\ultralytics\utils\torch_utils.py","49189","True","49189"
"8_tools\EES331_Gesture_Viewer_v1.0\_internal\ultralytics\utils\tqdm.py","18189","True","18189"
"8_tools\EES331_Gesture_Viewer_v1.0\_internal\ultralytics\utils\triton.py","5215","True","5215"
"8_tools\EES331_Gesture_Viewer_v1.0\_internal\ultralytics\utils\tuner.py","21514","True","21514"
"8_tools\EES331_Gesture_Viewer_v1.0\_internal\ultralytics\utils\uploads.py","3864","True","3864"
"8_tools\EES331_Gesture_Viewer_v1.0\_internal\ultralytics\__init__.py","1855","True","1855"
"8_tools\EES331_Gesture_Viewer_v1.0\使用说明.md","4044","True","4044"
"8_tools\EES331_Gesture_Viewer_v1.0\EES331_Gesture_Viewer.exe","42392732","True","42392732"
"8_tools\EES331_PL_Reloader_v1.4\_internal\_tcl_data\http1.0\http.tcl","10052","True","10052"
"8_tools\EES331_PL_Reloader_v1.4\_internal\_tcl_data\http1.0\pkgIndex.tcl","746","True","746"
"8_tools\EES331_PL_Reloader_v1.4\_internal\_tcl_data\opt0.4\optparse.tcl","33781","True","33781"
"8_tools\EES331_PL_Reloader_v1.4\_internal\_tcl_data\opt0.4\pkgIndex.tcl","636","True","636"
"8_tools\EES331_PL_Reloader_v1.4\_internal\_tcl_data\auto.tcl","21578","True","21578"
"8_tools\EES331_PL_Reloader_v1.4\_internal\_tcl_data\clock.tcl","133009","True","133009"
"8_tools\EES331_PL_Reloader_v1.4\_internal\_tcl_data\history.tcl","8236","True","8236"
"8_tools\EES331_PL_Reloader_v1.4\_internal\_tcl_data\init.tcl","25722","True","25722"
"8_tools\EES331_PL_Reloader_v1.4\_internal\_tcl_data\package.tcl","23983","True","23983"
"8_tools\EES331_PL_Reloader_v1.4\_internal\_tcl_data\parray.tcl","844","True","844"
"8_tools\EES331_PL_Reloader_v1.4\_internal\_tcl_data\safe.tcl","42328","True","42328"
"8_tools\EES331_PL_Reloader_v1.4\_internal\_tcl_data\tm.tcl","12236","True","12236"
"8_tools\EES331_PL_Reloader_v1.4\_internal\_tcl_data\word.tcl","5051","True","5051"
"8_tools\EES331_PL_Reloader_v1.4\_internal\_tk_data\ttk\altTheme.tcl","4901","True","4901"
"8_tools\EES331_PL_Reloader_v1.4\_internal\_tk_data\ttk\aquaTheme.tcl","3809","True","3809"
"8_tools\EES331_PL_Reloader_v1.4\_internal\_tk_data\ttk\button.tcl","3014","True","3014"
"8_tools\EES331_PL_Reloader_v1.4\_internal\_tk_data\ttk\clamTheme.tcl","5858","True","5858"
"8_tools\EES331_PL_Reloader_v1.4\_internal\_tk_data\ttk\classicTheme.tcl","4354","True","4354"
"8_tools\EES331_PL_Reloader_v1.4\_internal\_tk_data\ttk\combobox.tcl","12708","True","12708"
"8_tools\EES331_PL_Reloader_v1.4\_internal\_tk_data\ttk\cursors.tcl","4674","True","4674"
"8_tools\EES331_PL_Reloader_v1.4\_internal\_tk_data\ttk\defaults.tcl","5004","True","5004"
"8_tools\EES331_PL_Reloader_v1.4\_internal\_tk_data\ttk\entry.tcl","18006","True","18006"
"8_tools\EES331_PL_Reloader_v1.4\_internal\_tk_data\ttk\fonts.tcl","5639","True","5639"
"8_tools\EES331_PL_Reloader_v1.4\_internal\_tk_data\ttk\menubutton.tcl","6408","True","6408"
"8_tools\EES331_PL_Reloader_v1.4\_internal\_tk_data\ttk\notebook.tcl","5863","True","5863"
"8_tools\EES331_PL_Reloader_v1.4\_internal\_tk_data\ttk\panedwindow.tcl","2161","True","2161"
"8_tools\EES331_PL_Reloader_v1.4\_internal\_tk_data\ttk\progress.tcl","1138","True","1138"
"8_tools\EES331_PL_Reloader_v1.4\_internal\_tk_data\ttk\scale.tcl","2787","True","2787"
"8_tools\EES331_PL_Reloader_v1.4\_internal\_tk_data\ttk\scrollbar.tcl","3284","True","3284"
"8_tools\EES331_PL_Reloader_v1.4\_internal\_tk_data\ttk\sizegrip.tcl","2502","True","2502"
"8_tools\EES331_PL_Reloader_v1.4\_internal\_tk_data\ttk\spinbox.tcl","5003","True","5003"
"8_tools\EES331_PL_Reloader_v1.4\_internal\_tk_data\ttk\treeview.tcl","10180","True","10180"
"8_tools\EES331_PL_Reloader_v1.4\_internal\_tk_data\ttk\ttk.tcl","5509","True","5509"
"8_tools\EES331_PL_Reloader_v1.4\_internal\_tk_data\ttk\utils.tcl","8621","True","8621"
"8_tools\EES331_PL_Reloader_v1.4\_internal\_tk_data\ttk\vistaTheme.tcl","10692","True","10692"
"8_tools\EES331_PL_Reloader_v1.4\_internal\_tk_data\ttk\winTheme.tcl","3848","True","3848"
"8_tools\EES331_PL_Reloader_v1.4\_internal\_tk_data\ttk\xpTheme.tcl","3090","True","3090"
"8_tools\EES331_PL_Reloader_v1.4\_internal\_tk_data\bgerror.tcl","8806","True","8806"
"8_tools\EES331_PL_Reloader_v1.4\_internal\_tk_data\button.tcl","21612","True","21612"
"8_tools\EES331_PL_Reloader_v1.4\_internal\_tk_data\choosedir.tcl","10009","True","10009"
"8_tools\EES331_PL_Reloader_v1.4\_internal\_tk_data\clrpick.tcl","22039","True","22039"
"8_tools\EES331_PL_Reloader_v1.4\_internal\_tk_data\comdlg.tcl","8690","True","8690"
"8_tools\EES331_PL_Reloader_v1.4\_internal\_tk_data\console.tcl","33364","True","33364"
"8_tools\EES331_PL_Reloader_v1.4\_internal\_tk_data\dialog.tcl","5988","True","5988"
"8_tools\EES331_PL_Reloader_v1.4\_internal\_tk_data\entry.tcl","18942","True","18942"
"8_tools\EES331_PL_Reloader_v1.4\_internal\_tk_data\focus.tcl","5035","True","5035"
"8_tools\EES331_PL_Reloader_v1.4\_internal\_tk_data\fontchooser.tcl","18292","True","18292"
"8_tools\EES331_PL_Reloader_v1.4\_internal\_tk_data\iconlist.tcl","17456","True","17456"
"8_tools\EES331_PL_Reloader_v1.4\_internal\_tk_data\icons.tcl","11037","True","11037"
"8_tools\EES331_PL_Reloader_v1.4\_internal\_tk_data\listbox.tcl","15255","True","15255"
"8_tools\EES331_PL_Reloader_v1.4\_internal\_tk_data\megawidget.tcl","9862","True","9862"
"8_tools\EES331_PL_Reloader_v1.4\_internal\_tk_data\menu.tcl","40215","True","40215"
"8_tools\EES331_PL_Reloader_v1.4\_internal\_tk_data\mkpsenc.tcl","30840","True","30840"
"8_tools\EES331_PL_Reloader_v1.4\_internal\_tk_data\msgbox.tcl","16786","True","16786"
"8_tools\EES331_PL_Reloader_v1.4\_internal\_tk_data\obsolete.tcl","5772","True","5772"
"8_tools\EES331_PL_Reloader_v1.4\_internal\_tk_data\optMenu.tcl","1629","True","1629"
"8_tools\EES331_PL_Reloader_v1.4\_internal\_tk_data\palette.tcl","8418","True","8418"
"8_tools\EES331_PL_Reloader_v1.4\_internal\_tk_data\panedwindow.tcl","5370","True","5370"
"8_tools\EES331_PL_Reloader_v1.4\_internal\_tk_data\pkgIndex.tcl","376","True","376"
"8_tools\EES331_PL_Reloader_v1.4\_internal\_tk_data\safetk.tcl","7632","True","7632"
"8_tools\EES331_PL_Reloader_v1.4\_internal\_tk_data\scale.tcl","8693","True","8693"
"8_tools\EES331_PL_Reloader_v1.4\_internal\_tk_data\scrlbar.tcl","13188","True","13188"
"8_tools\EES331_PL_Reloader_v1.4\_internal\_tk_data\spinbox.tcl","16543","True","16543"
"8_tools\EES331_PL_Reloader_v1.4\_internal\_tk_data\tearoff.tcl","4625","True","4625"
"8_tools\EES331_PL_Reloader_v1.4\_internal\_tk_data\text.tcl","35183","True","35183"
"8_tools\EES331_PL_Reloader_v1.4\_internal\_tk_data\tk.tcl","24322","True","24322"
"8_tools\EES331_PL_Reloader_v1.4\_internal\_tk_data\tkfbox.tcl","39606","True","39606"
"8_tools\EES331_PL_Reloader_v1.4\_internal\_tk_data\unsupported.tcl","10521","True","10521"
"8_tools\EES331_PL_Reloader_v1.4\_internal\_tk_data\xmfbox.tcl","26991","True","26991"
"8_tools\EES331_PL_Reloader_v1.4\askpass\EES331_SSH_AskPass.exe","8295297","True","8295297"
"8_tools\EES331_PL_Reloader_v1.4\payload\action_v1_20260913\build_artifacts\display_test_axi_action_uart.xsa","628229","True","628229"
"8_tools\EES331_PL_Reloader_v1.4\payload\action_v1_20260913\action_driver.py","4152","True","4152"
"8_tools\EES331_PL_Reloader_v1.4\payload\action_v1_20260913\action_hardware_contract.py","5632","True","5632"
"8_tools\EES331_PL_Reloader_v1.4\payload\action_v1_20260913\action_protocol.py","3107","True","3107"
"8_tools\EES331_PL_Reloader_v1.4\payload\action_v1_20260913\action_service.py","4247","True","4247"
"8_tools\EES331_PL_Reloader_v1.4\payload\action_v1_20260913\axilt.py","5370","True","5370"
"8_tools\EES331_PL_Reloader_v1.4\payload\action_v1_20260913\board_pl_reload_controller.py","14431","True","14431"
"8_tools\EES331_PL_Reloader_v1.4\payload\action_v1_20260913\camera_action_v1.py","6639","True","6639"
"8_tools\EES331_PL_Reloader_v1.4\payload\action_v1_20260913\camera.py","16222","True","16222"
"8_tools\EES331_PL_Reloader_v1.4\payload\action_v1_20260913\display_test_axi_action_uart.bit","4045696","True","4045696"
"8_tools\EES331_PL_Reloader_v1.4\payload\action_v1_20260913\display_test_axi_action_uart.hwh","454664","True","454664"
"8_tools\EES331_PL_Reloader_v1.4\payload\action_v1_20260913\main_hardware_contract.py","5353","True","5353"
"8_tools\EES331_PL_Reloader_v1.4\payload\action_v1_20260913\mmio_ordered.c","923","True","923"
"8_tools\EES331_PL_Reloader_v1.4\payload\action_v1_20260913\README.md","5052","True","5052"
"8_tools\EES331_PL_Reloader_v1.4\EES331_PL_Reloader.exe","1877758","True","1877758"
"8_tools\EES331_PL_Reloader_v1.4\README.md","4280","True","4280"
"8_tools\sd_start_tool_v0.2\EES331SDBootBuilder_v0.2.2.exe","22464864","True","22464864"
"8_tools\sd_start_tool_v0.2\README.md","9862","True","9862"
"8_tools\ComAssistant.exe","192000","True","192000"
"8_tools\EES331_UDP_Viewer.exe","31187867","True","31187867"
"8_tools\NetAssist.exe","654848","True","654848"
"8_tools\README.md","3002","True","2365"
"9_pynq\overlays\action_v1_20260913\build_artifacts\display_test_axi_action_uart.xsa","628229","True","628229"
"9_pynq\overlays\action_v1_20260913\action_driver.py","4152","True","4152"
"9_pynq\overlays\action_v1_20260913\action_hardware_contract.py","5632","True","5632"
"9_pynq\overlays\action_v1_20260913\action_protocol.py","3107","True","3107"
"9_pynq\overlays\action_v1_20260913\action_service.py","4247","True","4247"
"9_pynq\overlays\action_v1_20260913\axilt.py","5370","True","5370"
"9_pynq\overlays\action_v1_20260913\camera_action_v1.py","6639","True","6639"
"9_pynq\overlays\action_v1_20260913\camera.py","16222","True","16222"
"9_pynq\overlays\action_v1_20260913\display_test_axi_action_uart.bit","4045696","True","4045696"
"9_pynq\overlays\action_v1_20260913\display_test_axi_action_uart.hwh","454664","True","454664"
"9_pynq\overlays\action_v1_20260913\main_hardware_contract.py","5353","True","5353"
"9_pynq\overlays\action_v1_20260913\mmio_ordered.c","923","True","923"
"9_pynq\overlays\action_v1_20260913\README.md","5052","True","5052"
"9_pynq\sd\README.md","1996","True","1996"
"3_host\app\README.md","96","True","99"
"3_host\ble_console\tests\test_backend.py","8223","True","8223"
"3_host\ble_console\tests\test_core.py","2620","True","2620"
"3_host\ble_console\tests\test_gui.py","3327","True","3327"
"3_host\ble_console\使用说明.md","6931","True","6931"
"3_host\ble_console\app.py","30781","True","30781"
"3_host\ble_console\ble_backend.py","15164","True","15164"
"3_host\ble_console\build_ble_console.ps1","5333","True","5333"
"3_host\ble_console\config_store.py","4585","True","4585"
"3_host\ble_console\probe.py","2858","True","2858"
"3_host\ble_console\protocols.py","3806","True","3806"
"3_host\ble_console\README.md","4936","True","4936"
"3_host\deploy\README.md","101","True","104"
"3_host\model\MODEL.md","2663","True","2663"
"3_host\model\README.md","110","True","113"
"3_host\model_env\action_board_test.py","4790","True","4790"
"3_host\model_env\action_link.py","5263","True","5263"
"3_host\model_env\build_action_viewer.ps1","1991","False",
"3_host\model_env\build_gesture_viewer.ps1","1473","False",
"3_host\model_env\check_camera_signal.py","2236","False",
"3_host\model_env\direction_calibration.py","11644","False",
"3_host\model_env\fpga_video_validation.py","11808","False",
"3_host\model_env\gesture_viewer_core.py","2295","True","2295"
"3_host\model_env\GESTURE_VIEWER_README.md","6162","True","6162"
"3_host\model_env\gesture_viewer.py","21139","True","21139"
"3_host\model_env\left_right_validation.py","13985","False",
"3_host\model_env\manual_gesture_protocol.py","4532","True","4532"
"3_host\model_env\model_action_validation.py","6723","True","6723"
"3_host\model_env\README.md","4147","False",
"3_host\model_env\rebuild_environment.ps1","2183","False",
"3_host\model_env\run_python.ps1","704","True","704"
"3_host\model_env\serial_capture.ps1","1535","True","1535"
"3_host\model_env\stable_action.py","2607","True","2607"
"3_host\model_env\test_gesture_viewer.py","2408","True","2408"
"3_host\model_env\verify_environment.py","4388","False",
"3_host\model_env\webcam_validation.py","13010","False",
"3_host\pynq\pl_reloader\board_pl_reload_controller.py","14431","True","14431"
"3_host\pynq\pl_reloader\build_pl_reloader.ps1","5448","True","5448"
"3_host\pynq\pl_reloader\pl_reloader_gui.py","24103","True","24103"
"3_host\pynq\pl_reloader\README.md","4280","True","4280"
"3_host\pynq\pl_reloader\ssh_askpass.py","415","True","415"
"3_host\pynq\pl_reloader\test_pl_reloader.py","9490","True","9490"
"3_host\pynq\sd_boot_builder_v02\assets\pynq_app\camera.py","14099","True","14099"
"3_host\pynq\sd_boot_builder_v02\assets\pynq_app\inspect_board.py","1707","True","1707"
"3_host\pynq\sd_boot_builder_v02\assets\fsbl.elf","559932","True","559932"
"3_host\pynq\sd_boot_builder_v02\assets\reference_init.c","541385","True","541385"
"3_host\pynq\sd_boot_builder_v02\assets\reference.hwh","76292","True","76292"
"3_host\pynq\sd_boot_builder_v02\assets\u-boot.elf","968580","True","968580"
"3_host\pynq\sd_boot_builder_v02\app.py","15531","True","15531"
"3_host\pynq\sd_boot_builder_v02\board_profile.py","11396","True","11396"
"3_host\pynq\sd_boot_builder_v02\builder.py","24749","True","24749"
"3_host\pynq\sd_boot_builder_v02\fdt_reader.py","1129","True","1129"
"3_host\pynq\sd_boot_builder_v02\hardware.py","6670","True","6670"
"3_host\pynq\sd_boot_builder_v02\images.py","9138","True","9138"
"3_host\pynq\sd_boot_builder_v02\README.md","10977","True","10977"
"3_host\pynq\sd_boot_builder_v02\rootfs.py","12625","True","12625"
"3_host\udp_video\dist\EES331_UDP_Viewer.exe","31187867","True","31187867"
"3_host\udp_video\mock_sender.py","3716","True","3716"
"3_host\udp_video\udp_video_gui.py","10012","True","10012"
"3_host\udp_video\udp_video_rx.py","5714","True","5714"
"3_host\udp_video\validated_receiver.py","4819","True","4819"
"1_docs\doc\ADV7511KSTZ\sources\adi_api\TX\HAL\COMMON\tx_cfg.h","2252","False",
"1_docs\doc\ADV7511KSTZ\sources\adi_api\TX\HAL\COMMON\tx_hal.c","48371","False",
"1_docs\doc\ADV7511KSTZ\sources\adi_api\TX\HAL\COMMON\tx_hal.h","10407","False",
"1_docs\doc\ADV7511KSTZ\sources\adi_api\TX\HAL\WIRED\ADV7511\MACROS\ADV7511_cec_map_adr.h","2776","False",
"1_docs\doc\ADV7511KSTZ\sources\adi_api\TX\HAL\WIRED\ADV7511\MACROS\ADV7511_cec_map_def.h","28029","False",
"1_docs\doc\ADV7511KSTZ\sources\adi_api\TX\HAL\WIRED\ADV7511\MACROS\ADV7511_cec_map_fct.h","43928","False",
"1_docs\doc\ADV7511KSTZ\sources\adi_api\TX\HAL\WIRED\ADV7511\MACROS\ADV7511_cfg.h","1731","False",
"1_docs\doc\ADV7511KSTZ\sources\adi_api\TX\HAL\WIRED\ADV7511\MACROS\ADV7511_edid_map_adr.h","1504","False",
"1_docs\doc\ADV7511KSTZ\sources\adi_api\TX\HAL\WIRED\ADV7511\MACROS\ADV7511_edid_map_def.h","51546","False",
"1_docs\doc\ADV7511KSTZ\sources\adi_api\TX\HAL\WIRED\ADV7511\MACROS\ADV7511_edid_map_fct.h","61178","False",
"1_docs\doc\ADV7511KSTZ\sources\adi_api\TX\HAL\WIRED\ADV7511\MACROS\ADV7511_lib.h","1937","False",
"1_docs\doc\ADV7511KSTZ\sources\adi_api\TX\HAL\WIRED\ADV7511\MACROS\ADV7511_main_map_adr.h","19450","False",
"1_docs\doc\ADV7511KSTZ\sources\adi_api\TX\HAL\WIRED\ADV7511\MACROS\ADV7511_main_map_def.h","54626","False",
"1_docs\doc\ADV7511KSTZ\sources\adi_api\TX\HAL\WIRED\ADV7511\MACROS\ADV7511_main_map_fct.h","172585","False",
"1_docs\doc\ADV7511KSTZ\sources\adi_api\TX\HAL\WIRED\ADV7511\MACROS\ADV7511_packet_map_adr.h","2052","False",
"1_docs\doc\ADV7511KSTZ\sources\adi_api\TX\HAL\WIRED\ADV7511\MACROS\ADV7511_packet_map_def.h","51550","False",
"1_docs\doc\ADV7511KSTZ\sources\adi_api\TX\HAL\WIRED\ADV7511\MACROS\ADV7511_packet_map_fct.h","93545","False",
"1_docs\doc\ADV7511KSTZ\sources\adi_api\TX\HAL\WIRED\ADV7511\7511_cfg.h","1030","False",
"1_docs\doc\ADV7511KSTZ\sources\adi_api\TX\HAL\WIRED\ADV7511\7511_hal.c","7347","False",
"1_docs\doc\ADV7511KSTZ\sources\adi_api\TX\HAL\WIRED\ADV7511\7511_hal.h","13348","False",
"1_docs\doc\ADV7511KSTZ\sources\adi_api\TX\HAL\WIRED\wrd_hal.c","845","False",
"1_docs\doc\ADV7511KSTZ\sources\adi_api\TX\LIB\tx_cec.c","7311","False",
"1_docs\doc\ADV7511KSTZ\sources\adi_api\TX\LIB\tx_isr.c","20838","False",
"1_docs\doc\ADV7511KSTZ\sources\adi_api\TX\LIB\tx_isr.h","2856","False",
"1_docs\doc\ADV7511KSTZ\sources\adi_api\TX\LIB\tx_lib.c","46645","False",
"1_docs\doc\ADV7511KSTZ\sources\adi_api\TX\LIB\tx_multi.c","21921","False",
"1_docs\doc\ADV7511KSTZ\sources\adi_api\TX\LIB\tx_multi.h","8652","False",
"1_docs\doc\ADV7511KSTZ\sources\adi_api\TX\tx_lib.h","11878","False",
"1_docs\doc\ADV7511KSTZ\sources\adi_api\main.c","616","False",
"1_docs\doc\ADV7511KSTZ\sources\adi_api\wrapper.c","17942","False",
"1_docs\doc\ADV7511KSTZ\sources\adi_api\wrapper.h","11917","False",
"1_docs\doc\ADV7511KSTZ\sources\linux_driver\adv7511_audio.c","5244","False",
"1_docs\doc\ADV7511KSTZ\sources\linux_driver\adv7511_drv.c","43245","False",
"1_docs\doc\ADV7511KSTZ\sources\linux_driver\adv7511.h","15001","False",
"1_docs\doc\ADV7511KSTZ\sources\linux_driver\adv7533.c","5237","False",
"1_docs\doc\ADV7511KSTZ\sources\ADV7511_API_Library_official.exe","3887136","False",
"1_docs\doc\PC_PS_PL系统图集_20260913\阅读说明.md","11526","False",
"1_docs\doc\amd_dual_model_arm_design_2026-09-12.md","24827","True","24899"
"1_docs\doc\EES-331_PYNQ从零部署计划_2026-09-09.md","18284","True","18284"
"1_docs\doc\ees331_ble_axi_bram_development_plan_2026-09-12.md","25224","True","25224"
"1_docs\doc\ees331_ble_validation_status_2026-09-12.md","4740","True","4740"
"1_docs\doc\ees331_pl_reloader_v14_board_guide_2026-09-13.md","7441","True","7441"
"1_docs\doc\PS_VDMA_HDMI_REWRITE_PLAN.md","10054","False",
"1_docs\doc\README.md","864","True","516"
"7_logs\2026-09-13\01_daily_plan.md","32659","True","32242"
"7_logs\2026-09-13\02_execution_plan.md","31654","True","31115"
"7_logs\2026-09-13\03_validation_summary.md","47296","True","45984"
"7_logs\2026-09-13\04_next_start_guide.md","34794","True","34064"
