
****** Vivado v2025.2 (64-bit)
  **** SW Build 6299465 on Fri Nov 14 19:35:11 GMT 2025
  **** IP Build 6300035 on Fri Nov 14 10:48:45 MST 2025
  **** SharedData Build 6298862 on Thu Nov 13 04:50:51 MST 2025
  **** Start of session at: Fri Sep 18 00:11:11 2026
    ** Copyright 1986-2022 Xilinx, Inc. All Rights Reserved.
    ** Copyright 2022-2025 Advanced Micro Devices, Inc. All Rights Reserved.

source build_board.tcl
# set ROOT E:/competition/2_fpga/3_yolo_zynq
# set RTL $ROOT/rtl
# set IPD $ROOT/ip
# set OUT $ROOT/proj/board_sys
# source $OUT/ps7_ees331.tcl   
## set ps7_cfg {
## CONFIG.PCW_ACT_APU_PERIPHERAL_FREQMHZ {666.666687}
## CONFIG.PCW_ACT_CAN0_PERIPHERAL_FREQMHZ {23.8095}
## CONFIG.PCW_ACT_CAN1_PERIPHERAL_FREQMHZ {23.8095}
## CONFIG.PCW_ACT_CAN_PERIPHERAL_FREQMHZ {10.000000}
## CONFIG.PCW_ACT_DCI_PERIPHERAL_FREQMHZ {10.158730}
## CONFIG.PCW_ACT_ENET0_PERIPHERAL_FREQMHZ {125.000000}
## CONFIG.PCW_ACT_ENET1_PERIPHERAL_FREQMHZ {10.000000}
## CONFIG.PCW_ACT_FPGA0_PERIPHERAL_FREQMHZ {60.000000}
## CONFIG.PCW_ACT_FPGA1_PERIPHERAL_FREQMHZ {10.000000}
## CONFIG.PCW_ACT_FPGA2_PERIPHERAL_FREQMHZ {10.000000}
## CONFIG.PCW_ACT_FPGA3_PERIPHERAL_FREQMHZ {10.000000}
## CONFIG.PCW_ACT_I2C_PERIPHERAL_FREQMHZ {50}
## CONFIG.PCW_ACT_PCAP_PERIPHERAL_FREQMHZ {200.000000}
## CONFIG.PCW_ACT_QSPI_PERIPHERAL_FREQMHZ {10.000000}
## CONFIG.PCW_ACT_SDIO_PERIPHERAL_FREQMHZ {100.000000}
## CONFIG.PCW_ACT_SMC_PERIPHERAL_FREQMHZ {10.000000}
## CONFIG.PCW_ACT_SPI_PERIPHERAL_FREQMHZ {10.000000}
## CONFIG.PCW_ACT_TPIU_PERIPHERAL_FREQMHZ {200.000000}
## CONFIG.PCW_ACT_TTC0_CLK0_PERIPHERAL_FREQMHZ {111.111115}
## CONFIG.PCW_ACT_TTC0_CLK1_PERIPHERAL_FREQMHZ {111.111115}
## CONFIG.PCW_ACT_TTC0_CLK2_PERIPHERAL_FREQMHZ {111.111115}
## CONFIG.PCW_ACT_TTC1_CLK0_PERIPHERAL_FREQMHZ {111.111115}
## CONFIG.PCW_ACT_TTC1_CLK1_PERIPHERAL_FREQMHZ {111.111115}
## CONFIG.PCW_ACT_TTC1_CLK2_PERIPHERAL_FREQMHZ {111.111115}
## CONFIG.PCW_ACT_TTC_PERIPHERAL_FREQMHZ {50}
## CONFIG.PCW_ACT_UART_PERIPHERAL_FREQMHZ {100.000000}
## CONFIG.PCW_ACT_USB0_PERIPHERAL_FREQMHZ {60}
## CONFIG.PCW_ACT_USB1_PERIPHERAL_FREQMHZ {60}
## CONFIG.PCW_ACT_WDT_PERIPHERAL_FREQMHZ {111.111115}
## CONFIG.PCW_APU_CLK_RATIO_ENABLE {6:2:1}
## CONFIG.PCW_APU_PERIPHERAL_FREQMHZ {666.666666}
## CONFIG.PCW_CAN0_PERIPHERAL_CLKSRC {External}
## CONFIG.PCW_CAN0_PERIPHERAL_ENABLE {0}
## CONFIG.PCW_CAN1_PERIPHERAL_CLKSRC {External}
## CONFIG.PCW_CAN1_PERIPHERAL_ENABLE {0}
## CONFIG.PCW_CAN_PERIPHERAL_CLKSRC {IO PLL}
## CONFIG.PCW_CAN_PERIPHERAL_VALID {0}
## CONFIG.PCW_CLK0_FREQ {60000000}
## CONFIG.PCW_CLK1_FREQ {10000000}
## CONFIG.PCW_CLK2_FREQ {10000000}
## CONFIG.PCW_CLK3_FREQ {10000000}
## CONFIG.PCW_CPU_CPU_6X4X_MAX_RANGE {667}
## CONFIG.PCW_CPU_PERIPHERAL_CLKSRC {ARM PLL}
## CONFIG.PCW_CRYSTAL_PERIPHERAL_FREQMHZ {33.333333}
## CONFIG.PCW_DCI_PERIPHERAL_CLKSRC {DDR PLL}
## CONFIG.PCW_DCI_PERIPHERAL_FREQMHZ {10.159}
## CONFIG.PCW_DDR_PERIPHERAL_CLKSRC {DDR PLL}
## CONFIG.PCW_DDR_RAM_BASEADDR {0x00100000}
## CONFIG.PCW_DDR_RAM_HIGHADDR {0x3FFFFFFF}
## CONFIG.PCW_DM_WIDTH {4}
## CONFIG.PCW_DQS_WIDTH {4}
## CONFIG.PCW_DQ_WIDTH {32}
## CONFIG.PCW_ENET0_BASEADDR {0xE000B000}
## CONFIG.PCW_ENET0_ENET0_IO {MIO 16 .. 27}
## CONFIG.PCW_ENET0_GRP_MDIO_ENABLE {1}
## CONFIG.PCW_ENET0_GRP_MDIO_IO {MIO 52 .. 53}
## CONFIG.PCW_ENET0_HIGHADDR {0xE000BFFF}
## CONFIG.PCW_ENET0_PERIPHERAL_CLKSRC {IO PLL}
## CONFIG.PCW_ENET0_PERIPHERAL_ENABLE {1}
## CONFIG.PCW_ENET0_PERIPHERAL_FREQMHZ {1000 Mbps}
## CONFIG.PCW_ENET0_RESET_ENABLE {1}
## CONFIG.PCW_ENET0_RESET_IO {MIO 47}
## CONFIG.PCW_ENET1_PERIPHERAL_CLKSRC {IO PLL}
## CONFIG.PCW_ENET1_PERIPHERAL_ENABLE {0}
## CONFIG.PCW_ENET_RESET_ENABLE {1}
## CONFIG.PCW_ENET_RESET_POLARITY {Active Low}
## CONFIG.PCW_ENET_RESET_SELECT {Share reset pin}
## CONFIG.PCW_EN_4K_TIMER {0}
## CONFIG.PCW_EN_CAN0 {0}
## CONFIG.PCW_EN_CAN1 {0}
## CONFIG.PCW_EN_CLK0_PORT {1}
## CONFIG.PCW_EN_CLK1_PORT {0}
## CONFIG.PCW_EN_CLK2_PORT {0}
## CONFIG.PCW_EN_CLK3_PORT {0}
## CONFIG.PCW_EN_CLKTRIG0_PORT {0}
## CONFIG.PCW_EN_CLKTRIG1_PORT {0}
## CONFIG.PCW_EN_CLKTRIG2_PORT {0}
## CONFIG.PCW_EN_CLKTRIG3_PORT {0}
## CONFIG.PCW_EN_DDR {1}
## CONFIG.PCW_EN_EMIO_CAN0 {0}
## CONFIG.PCW_EN_EMIO_CAN1 {0}
## CONFIG.PCW_EN_EMIO_CD_SDIO0 {0}
## CONFIG.PCW_EN_EMIO_CD_SDIO1 {0}
## CONFIG.PCW_EN_EMIO_ENET0 {0}
## CONFIG.PCW_EN_EMIO_ENET1 {0}
## CONFIG.PCW_EN_EMIO_GPIO {1}
## CONFIG.PCW_EN_EMIO_I2C0 {0}
## CONFIG.PCW_EN_EMIO_I2C1 {0}
## CONFIG.PCW_EN_EMIO_MODEM_UART0 {0}
## CONFIG.PCW_EN_EMIO_MODEM_UART1 {0}
## CONFIG.PCW_EN_EMIO_PJTAG {0}
## CONFIG.PCW_EN_EMIO_SDIO0 {0}
## CONFIG.PCW_EN_EMIO_SDIO1 {0}
## CONFIG.PCW_EN_EMIO_SPI0 {0}
## CONFIG.PCW_EN_EMIO_SPI1 {0}
## CONFIG.PCW_EN_EMIO_SRAM_INT {0}
## CONFIG.PCW_EN_EMIO_TRACE {0}
## CONFIG.PCW_EN_EMIO_TTC0 {0}
## CONFIG.PCW_EN_EMIO_TTC1 {0}
## CONFIG.PCW_EN_EMIO_UART0 {0}
## CONFIG.PCW_EN_EMIO_UART1 {0}
## CONFIG.PCW_EN_EMIO_WDT {0}
## CONFIG.PCW_EN_EMIO_WP_SDIO0 {0}
## CONFIG.PCW_EN_EMIO_WP_SDIO1 {0}
## CONFIG.PCW_EN_ENET0 {1}
## CONFIG.PCW_EN_ENET1 {0}
## CONFIG.PCW_EN_GPIO {1}
## CONFIG.PCW_EN_I2C0 {0}
## CONFIG.PCW_EN_I2C1 {0}
## CONFIG.PCW_EN_MODEM_UART0 {0}
## CONFIG.PCW_EN_MODEM_UART1 {0}
## CONFIG.PCW_EN_PJTAG {0}
## CONFIG.PCW_EN_PTP_ENET0 {0}
## CONFIG.PCW_EN_PTP_ENET1 {0}
## CONFIG.PCW_EN_QSPI {0}
## CONFIG.PCW_EN_RST0_PORT {1}
## CONFIG.PCW_EN_RST1_PORT {0}
## CONFIG.PCW_EN_RST2_PORT {0}
## CONFIG.PCW_EN_RST3_PORT {0}
## CONFIG.PCW_EN_SDIO0 {1}
## CONFIG.PCW_EN_SDIO1 {0}
## CONFIG.PCW_EN_SMC {0}
## CONFIG.PCW_EN_SPI0 {0}
## CONFIG.PCW_EN_SPI1 {0}
## CONFIG.PCW_EN_TRACE {0}
## CONFIG.PCW_EN_TTC0 {0}
## CONFIG.PCW_EN_TTC1 {0}
## CONFIG.PCW_EN_UART0 {0}
## CONFIG.PCW_EN_UART1 {1}
## CONFIG.PCW_EN_USB0 {0}
## CONFIG.PCW_EN_USB1 {0}
## CONFIG.PCW_EN_WDT {0}
## CONFIG.PCW_FCLK0_PERIPHERAL_CLKSRC {IO PLL}
## CONFIG.PCW_FCLK1_PERIPHERAL_CLKSRC {IO PLL}
## CONFIG.PCW_FCLK2_PERIPHERAL_CLKSRC {IO PLL}
## CONFIG.PCW_FCLK3_PERIPHERAL_CLKSRC {IO PLL}
## CONFIG.PCW_FCLK_CLK0_BUF {TRUE}
## CONFIG.PCW_FPGA0_PERIPHERAL_FREQMHZ {60}
## CONFIG.PCW_FPGA1_PERIPHERAL_FREQMHZ {50}
## CONFIG.PCW_FPGA2_PERIPHERAL_FREQMHZ {50}
## CONFIG.PCW_FPGA3_PERIPHERAL_FREQMHZ {50}
## CONFIG.PCW_FPGA_FCLK0_ENABLE {1}
## CONFIG.PCW_GP0_EN_MODIFIABLE_TXN {1}
## CONFIG.PCW_GP0_NUM_READ_THREADS {4}
## CONFIG.PCW_GP0_NUM_WRITE_THREADS {4}
## CONFIG.PCW_GP1_EN_MODIFIABLE_TXN {1}
## CONFIG.PCW_GP1_NUM_READ_THREADS {4}
## CONFIG.PCW_GP1_NUM_WRITE_THREADS {4}
## CONFIG.PCW_GPIO_BASEADDR {0xE000A000}
## CONFIG.PCW_GPIO_EMIO_GPIO_ENABLE {1}
## CONFIG.PCW_GPIO_EMIO_GPIO_IO {2}
## CONFIG.PCW_GPIO_EMIO_GPIO_WIDTH {2}
## CONFIG.PCW_GPIO_HIGHADDR {0xE000AFFF}
## CONFIG.PCW_GPIO_MIO_GPIO_ENABLE {1}
## CONFIG.PCW_GPIO_MIO_GPIO_IO {MIO}
## CONFIG.PCW_GPIO_PERIPHERAL_ENABLE {0}
## CONFIG.PCW_I2C0_PERIPHERAL_ENABLE {0}
## CONFIG.PCW_I2C1_PERIPHERAL_ENABLE {0}
## CONFIG.PCW_I2C_RESET_ENABLE {1}
## CONFIG.PCW_I2C_RESET_POLARITY {Active Low}
## CONFIG.PCW_IMPORT_BOARD_PRESET {None}
## CONFIG.PCW_INCLUDE_ACP_TRANS_CHECK {0}
## CONFIG.PCW_MIO_0_IOTYPE {LVCMOS 3.3V}
## CONFIG.PCW_MIO_0_PULLUP {disabled}
## CONFIG.PCW_MIO_0_SLEW {slow}
## CONFIG.PCW_MIO_10_IOTYPE {LVCMOS 3.3V}
## CONFIG.PCW_MIO_10_PULLUP {enabled}
## CONFIG.PCW_MIO_10_SLEW {slow}
## CONFIG.PCW_MIO_11_IOTYPE {LVCMOS 3.3V}
## CONFIG.PCW_MIO_11_PULLUP {enabled}
## CONFIG.PCW_MIO_11_SLEW {slow}
## CONFIG.PCW_MIO_12_IOTYPE {LVCMOS 3.3V}
## CONFIG.PCW_MIO_12_PULLUP {enabled}
## CONFIG.PCW_MIO_12_SLEW {slow}
## CONFIG.PCW_MIO_13_IOTYPE {LVCMOS 3.3V}
## CONFIG.PCW_MIO_13_PULLUP {enabled}
## CONFIG.PCW_MIO_13_SLEW {slow}
## CONFIG.PCW_MIO_14_IOTYPE {LVCMOS 3.3V}
## CONFIG.PCW_MIO_14_PULLUP {enabled}
## CONFIG.PCW_MIO_14_SLEW {slow}
## CONFIG.PCW_MIO_15_IOTYPE {LVCMOS 3.3V}
## CONFIG.PCW_MIO_15_PULLUP {enabled}
## CONFIG.PCW_MIO_15_SLEW {slow}
## CONFIG.PCW_MIO_16_IOTYPE {LVCMOS 1.8V}
## CONFIG.PCW_MIO_16_PULLUP {disabled}
## CONFIG.PCW_MIO_16_SLEW {fast}
## CONFIG.PCW_MIO_17_IOTYPE {LVCMOS 1.8V}
## CONFIG.PCW_MIO_17_PULLUP {disabled}
## CONFIG.PCW_MIO_17_SLEW {fast}
## CONFIG.PCW_MIO_18_IOTYPE {LVCMOS 1.8V}
## CONFIG.PCW_MIO_18_PULLUP {disabled}
## CONFIG.PCW_MIO_18_SLEW {fast}
## CONFIG.PCW_MIO_19_IOTYPE {LVCMOS 1.8V}
## CONFIG.PCW_MIO_19_PULLUP {disabled}
## CONFIG.PCW_MIO_19_SLEW {fast}
## CONFIG.PCW_MIO_1_IOTYPE {LVCMOS 3.3V}
## CONFIG.PCW_MIO_1_PULLUP {enabled}
## CONFIG.PCW_MIO_1_SLEW {slow}
## CONFIG.PCW_MIO_20_IOTYPE {LVCMOS 1.8V}
## CONFIG.PCW_MIO_20_PULLUP {disabled}
## CONFIG.PCW_MIO_20_SLEW {fast}
## CONFIG.PCW_MIO_21_IOTYPE {LVCMOS 1.8V}
## CONFIG.PCW_MIO_21_PULLUP {disabled}
## CONFIG.PCW_MIO_21_SLEW {fast}
## CONFIG.PCW_MIO_22_IOTYPE {LVCMOS 1.8V}
## CONFIG.PCW_MIO_22_PULLUP {disabled}
## CONFIG.PCW_MIO_22_SLEW {fast}
## CONFIG.PCW_MIO_23_IOTYPE {LVCMOS 1.8V}
## CONFIG.PCW_MIO_23_PULLUP {disabled}
## CONFIG.PCW_MIO_23_SLEW {fast}
## CONFIG.PCW_MIO_24_IOTYPE {LVCMOS 1.8V}
## CONFIG.PCW_MIO_24_PULLUP {disabled}
## CONFIG.PCW_MIO_24_SLEW {fast}
## CONFIG.PCW_MIO_25_IOTYPE {LVCMOS 1.8V}
## CONFIG.PCW_MIO_25_PULLUP {disabled}
## CONFIG.PCW_MIO_25_SLEW {fast}
## CONFIG.PCW_MIO_26_IOTYPE {LVCMOS 1.8V}
## CONFIG.PCW_MIO_26_PULLUP {disabled}
## CONFIG.PCW_MIO_26_SLEW {fast}
## CONFIG.PCW_MIO_27_IOTYPE {LVCMOS 1.8V}
## CONFIG.PCW_MIO_27_PULLUP {disabled}
## CONFIG.PCW_MIO_27_SLEW {fast}
## CONFIG.PCW_MIO_28_IOTYPE {LVCMOS 1.8V}
## CONFIG.PCW_MIO_28_PULLUP {enabled}
## CONFIG.PCW_MIO_28_SLEW {slow}
## CONFIG.PCW_MIO_29_IOTYPE {LVCMOS 1.8V}
## CONFIG.PCW_MIO_29_PULLUP {enabled}
## CONFIG.PCW_MIO_29_SLEW {slow}
## CONFIG.PCW_MIO_2_IOTYPE {LVCMOS 3.3V}
## CONFIG.PCW_MIO_2_SLEW {slow}
## CONFIG.PCW_MIO_30_IOTYPE {LVCMOS 1.8V}
## CONFIG.PCW_MIO_30_PULLUP {enabled}
## CONFIG.PCW_MIO_30_SLEW {slow}
## CONFIG.PCW_MIO_31_IOTYPE {LVCMOS 1.8V}
## CONFIG.PCW_MIO_31_PULLUP {enabled}
## CONFIG.PCW_MIO_31_SLEW {slow}
## CONFIG.PCW_MIO_32_IOTYPE {LVCMOS 1.8V}
## CONFIG.PCW_MIO_32_PULLUP {enabled}
## CONFIG.PCW_MIO_32_SLEW {slow}
## CONFIG.PCW_MIO_33_IOTYPE {LVCMOS 1.8V}
## CONFIG.PCW_MIO_33_PULLUP {enabled}
## CONFIG.PCW_MIO_33_SLEW {slow}
## CONFIG.PCW_MIO_34_IOTYPE {LVCMOS 1.8V}
## CONFIG.PCW_MIO_34_PULLUP {enabled}
## CONFIG.PCW_MIO_34_SLEW {slow}
## CONFIG.PCW_MIO_35_IOTYPE {LVCMOS 1.8V}
## CONFIG.PCW_MIO_35_PULLUP {enabled}
## CONFIG.PCW_MIO_35_SLEW {slow}
## CONFIG.PCW_MIO_36_IOTYPE {LVCMOS 1.8V}
## CONFIG.PCW_MIO_36_PULLUP {enabled}
## CONFIG.PCW_MIO_36_SLEW {slow}
## CONFIG.PCW_MIO_37_IOTYPE {LVCMOS 1.8V}
## CONFIG.PCW_MIO_37_PULLUP {enabled}
## CONFIG.PCW_MIO_37_SLEW {slow}
## CONFIG.PCW_MIO_38_IOTYPE {LVCMOS 1.8V}
## CONFIG.PCW_MIO_38_PULLUP {enabled}
## CONFIG.PCW_MIO_38_SLEW {slow}
## CONFIG.PCW_MIO_39_IOTYPE {LVCMOS 1.8V}
## CONFIG.PCW_MIO_39_PULLUP {enabled}
## CONFIG.PCW_MIO_39_SLEW {slow}
## CONFIG.PCW_MIO_3_IOTYPE {LVCMOS 3.3V}
## CONFIG.PCW_MIO_3_SLEW {slow}
## CONFIG.PCW_MIO_40_IOTYPE {LVCMOS 1.8V}
## CONFIG.PCW_MIO_40_PULLUP {enabled}
## CONFIG.PCW_MIO_40_SLEW {slow}
## CONFIG.PCW_MIO_41_IOTYPE {LVCMOS 1.8V}
## CONFIG.PCW_MIO_41_PULLUP {enabled}
## CONFIG.PCW_MIO_41_SLEW {slow}
## CONFIG.PCW_MIO_42_IOTYPE {LVCMOS 1.8V}
## CONFIG.PCW_MIO_42_PULLUP {enabled}
## CONFIG.PCW_MIO_42_SLEW {slow}
## CONFIG.PCW_MIO_43_IOTYPE {LVCMOS 1.8V}
## CONFIG.PCW_MIO_43_PULLUP {enabled}
## CONFIG.PCW_MIO_43_SLEW {slow}
## CONFIG.PCW_MIO_44_IOTYPE {LVCMOS 1.8V}
## CONFIG.PCW_MIO_44_PULLUP {enabled}
## CONFIG.PCW_MIO_44_SLEW {slow}
## CONFIG.PCW_MIO_45_IOTYPE {LVCMOS 1.8V}
## CONFIG.PCW_MIO_45_PULLUP {enabled}
## CONFIG.PCW_MIO_45_SLEW {slow}
## CONFIG.PCW_MIO_46_IOTYPE {LVCMOS 1.8V}
## CONFIG.PCW_MIO_46_PULLUP {enabled}
## CONFIG.PCW_MIO_46_SLEW {slow}
## CONFIG.PCW_MIO_47_IOTYPE {LVCMOS 1.8V}
## CONFIG.PCW_MIO_47_PULLUP {disabled}
## CONFIG.PCW_MIO_47_SLEW {slow}
## CONFIG.PCW_MIO_48_IOTYPE {LVCMOS 1.8V}
## CONFIG.PCW_MIO_48_PULLUP {enabled}
## CONFIG.PCW_MIO_48_SLEW {slow}
## CONFIG.PCW_MIO_49_IOTYPE {LVCMOS 1.8V}
## CONFIG.PCW_MIO_49_PULLUP {enabled}
## CONFIG.PCW_MIO_49_SLEW {slow}
## CONFIG.PCW_MIO_4_IOTYPE {LVCMOS 3.3V}
## CONFIG.PCW_MIO_4_SLEW {slow}
## CONFIG.PCW_MIO_50_IOTYPE {LVCMOS 1.8V}
## CONFIG.PCW_MIO_50_PULLUP {enabled}
## CONFIG.PCW_MIO_50_SLEW {slow}
## CONFIG.PCW_MIO_51_IOTYPE {LVCMOS 1.8V}
## CONFIG.PCW_MIO_51_PULLUP {enabled}
## CONFIG.PCW_MIO_51_SLEW {slow}
## CONFIG.PCW_MIO_52_IOTYPE {LVCMOS 1.8V}
## CONFIG.PCW_MIO_52_PULLUP {disabled}
## CONFIG.PCW_MIO_52_SLEW {slow}
## CONFIG.PCW_MIO_53_IOTYPE {LVCMOS 1.8V}
## CONFIG.PCW_MIO_53_PULLUP {disabled}
## CONFIG.PCW_MIO_53_SLEW {slow}
## CONFIG.PCW_MIO_5_IOTYPE {LVCMOS 3.3V}
## CONFIG.PCW_MIO_5_SLEW {slow}
## CONFIG.PCW_MIO_6_IOTYPE {LVCMOS 3.3V}
## CONFIG.PCW_MIO_6_SLEW {slow}
## CONFIG.PCW_MIO_7_IOTYPE {LVCMOS 3.3V}
## CONFIG.PCW_MIO_7_SLEW {slow}
## CONFIG.PCW_MIO_8_IOTYPE {LVCMOS 3.3V}
## CONFIG.PCW_MIO_8_SLEW {slow}
## CONFIG.PCW_MIO_9_IOTYPE {LVCMOS 3.3V}
## CONFIG.PCW_MIO_9_PULLUP {enabled}
## CONFIG.PCW_MIO_9_SLEW {slow}
## CONFIG.PCW_MIO_PRIMITIVE {54}
## CONFIG.PCW_MIO_TREE_PERIPHERALS {{SD 0#GPIO#GPIO#GPIO#GPIO#GPIO#GPIO#GPIO#GPIO#GPIO#GPIO#GPIO#GPIO#GPIO#GPIO#GPIO#Enet 0#Enet 0#Enet 0#Enet 0#Enet 0#Enet 0#Enet 0#Enet 0#Enet 0#Enet 0#Enet 0#Enet} {0#GPIO#GPIO#GPIO#GPIO#GPIO#GPIO#GPIO#GPIO#GPIO#GPIO#GPIO#GPIO#SD 0#SD 0#SD 0#SD 0#SD 0#SD 0#GPIO#ENET Reset#UART 1#UART 1#GPIO#GPIO#Enet 0#Enet 0}}
## CONFIG.PCW_MIO_TREE_SIGNALS {cd#gpio[1]#gpio[2]#gpio[3]#gpio[4]#gpio[5]#gpio[6]#gpio[7]#gpio[8]#gpio[9]#gpio[10]#gpio[11]#gpio[12]#gpio[13]#gpio[14]#gpio[15]#tx_clk#txd[0]#txd[1]#txd[2]#txd[3]#tx_ctl#rx_clk#rxd[0]#rxd[1]#rxd[2]#rxd[3]#rx_ctl#gpio[28]#gpio[29]#gpio[30]#gpio[31]#gpio[32]#gpio[33]#gpio[34]#gpio[35]#gpio[36]#gpio[37]#gpio[38]#gpio[39]#clk#cmd#data[0]#data[1]#data[2]#data[3]#gpio[46]#reset#tx#rx#gpio[50]#gpio[51]#mdc#mdio}
## CONFIG.PCW_M_AXI_GP0_ENABLE_STATIC_REMAP {0}
## CONFIG.PCW_M_AXI_GP0_ID_WIDTH {12}
## CONFIG.PCW_M_AXI_GP0_SUPPORT_NARROW_BURST {0}
## CONFIG.PCW_M_AXI_GP0_THREAD_ID_WIDTH {12}
## CONFIG.PCW_NAND_CYCLES_T_AR {1}
## CONFIG.PCW_NAND_CYCLES_T_CLR {1}
## CONFIG.PCW_NAND_CYCLES_T_RC {11}
## CONFIG.PCW_NAND_CYCLES_T_REA {1}
## CONFIG.PCW_NAND_CYCLES_T_RR {1}
## CONFIG.PCW_NAND_CYCLES_T_WC {11}
## CONFIG.PCW_NAND_CYCLES_T_WP {1}
## CONFIG.PCW_NAND_PERIPHERAL_ENABLE {0}
## CONFIG.PCW_NOR_CS0_T_CEOE {1}
## CONFIG.PCW_NOR_CS0_T_PC {1}
## CONFIG.PCW_NOR_CS0_T_RC {11}
## CONFIG.PCW_NOR_CS0_T_TR {1}
## CONFIG.PCW_NOR_CS0_T_WC {11}
## CONFIG.PCW_NOR_CS0_T_WP {1}
## CONFIG.PCW_NOR_CS0_WE_TIME {0}
## CONFIG.PCW_NOR_CS1_T_CEOE {1}
## CONFIG.PCW_NOR_CS1_T_PC {1}
## CONFIG.PCW_NOR_CS1_T_RC {11}
## CONFIG.PCW_NOR_CS1_T_TR {1}
## CONFIG.PCW_NOR_CS1_T_WC {11}
## CONFIG.PCW_NOR_CS1_T_WP {1}
## CONFIG.PCW_NOR_CS1_WE_TIME {0}
## CONFIG.PCW_NOR_PERIPHERAL_ENABLE {0}
## CONFIG.PCW_NOR_SRAM_CS0_T_CEOE {1}
## CONFIG.PCW_NOR_SRAM_CS0_T_PC {1}
## CONFIG.PCW_NOR_SRAM_CS0_T_RC {11}
## CONFIG.PCW_NOR_SRAM_CS0_T_TR {1}
## CONFIG.PCW_NOR_SRAM_CS0_T_WC {11}
## CONFIG.PCW_NOR_SRAM_CS0_T_WP {1}
## CONFIG.PCW_NOR_SRAM_CS0_WE_TIME {0}
## CONFIG.PCW_NOR_SRAM_CS1_T_CEOE {1}
## CONFIG.PCW_NOR_SRAM_CS1_T_PC {1}
## CONFIG.PCW_NOR_SRAM_CS1_T_RC {11}
## CONFIG.PCW_NOR_SRAM_CS1_T_TR {1}
## CONFIG.PCW_NOR_SRAM_CS1_T_WC {11}
## CONFIG.PCW_NOR_SRAM_CS1_T_WP {1}
## CONFIG.PCW_NOR_SRAM_CS1_WE_TIME {0}
## CONFIG.PCW_OVERRIDE_BASIC_CLOCK {0}
## CONFIG.PCW_PACKAGE_DDR_BOARD_DELAY0 {0.063}
## CONFIG.PCW_PACKAGE_DDR_BOARD_DELAY1 {0.062}
## CONFIG.PCW_PACKAGE_DDR_BOARD_DELAY2 {0.065}
## CONFIG.PCW_PACKAGE_DDR_BOARD_DELAY3 {0.083}
## CONFIG.PCW_PACKAGE_DDR_DQS_TO_CLK_DELAY_0 {-0.007}
## CONFIG.PCW_PACKAGE_DDR_DQS_TO_CLK_DELAY_1 {-0.010}
## CONFIG.PCW_PACKAGE_DDR_DQS_TO_CLK_DELAY_2 {-0.006}
## CONFIG.PCW_PACKAGE_DDR_DQS_TO_CLK_DELAY_3 {-0.048}
## CONFIG.PCW_PACKAGE_NAME {clg484}
## CONFIG.PCW_PCAP_PERIPHERAL_CLKSRC {IO PLL}
## CONFIG.PCW_PCAP_PERIPHERAL_FREQMHZ {200}
## CONFIG.PCW_PERIPHERAL_BOARD_PRESET {None}
## CONFIG.PCW_PJTAG_PERIPHERAL_ENABLE {0}
## CONFIG.PCW_PLL_BYPASSMODE_ENABLE {0}
## CONFIG.PCW_PRESET_BANK0_VOLTAGE {LVCMOS 3.3V}
## CONFIG.PCW_PRESET_BANK1_VOLTAGE {LVCMOS 1.8V}
## CONFIG.PCW_PS7_SI_REV {PRODUCTION}
## CONFIG.PCW_QSPI_INTERNAL_HIGHADDRESS {0xFCFFFFFF}
## CONFIG.PCW_QSPI_PERIPHERAL_CLKSRC {IO PLL}
## CONFIG.PCW_QSPI_PERIPHERAL_ENABLE {0}
## CONFIG.PCW_SD0_GRP_CD_ENABLE {1}
## CONFIG.PCW_SD0_GRP_CD_IO {MIO 0}
## CONFIG.PCW_SD0_GRP_POW_ENABLE {0}
## CONFIG.PCW_SD0_GRP_WP_ENABLE {0}
## CONFIG.PCW_SD0_PERIPHERAL_ENABLE {1}
## CONFIG.PCW_SD0_SD0_IO {MIO 40 .. 45}
## CONFIG.PCW_SD1_PERIPHERAL_ENABLE {0}
## CONFIG.PCW_SDIO0_BASEADDR {0xE0100000}
## CONFIG.PCW_SDIO0_HIGHADDR {0xE0100FFF}
## CONFIG.PCW_SDIO_PERIPHERAL_CLKSRC {IO PLL}
## CONFIG.PCW_SDIO_PERIPHERAL_FREQMHZ {100}
## CONFIG.PCW_SDIO_PERIPHERAL_VALID {1}
## CONFIG.PCW_SMC_CYCLE_T0 {NA}
## CONFIG.PCW_SMC_CYCLE_T1 {NA}
## CONFIG.PCW_SMC_CYCLE_T2 {NA}
## CONFIG.PCW_SMC_CYCLE_T3 {NA}
## CONFIG.PCW_SMC_CYCLE_T4 {NA}
## CONFIG.PCW_SMC_CYCLE_T5 {NA}
## CONFIG.PCW_SMC_CYCLE_T6 {NA}
## CONFIG.PCW_SMC_PERIPHERAL_CLKSRC {IO PLL}
## CONFIG.PCW_SMC_PERIPHERAL_VALID {0}
## CONFIG.PCW_SPI0_PERIPHERAL_ENABLE {0}
## CONFIG.PCW_SPI1_PERIPHERAL_ENABLE {0}
## CONFIG.PCW_SPI_PERIPHERAL_CLKSRC {IO PLL}
## CONFIG.PCW_SPI_PERIPHERAL_VALID {0}
## CONFIG.PCW_S_AXI_HP0_DATA_WIDTH {64}
## CONFIG.PCW_S_AXI_HP0_ID_WIDTH {6}
## CONFIG.PCW_S_AXI_HP1_DATA_WIDTH {64}
## CONFIG.PCW_S_AXI_HP1_ID_WIDTH {6}
## CONFIG.PCW_TPIU_PERIPHERAL_CLKSRC {External}
## CONFIG.PCW_TRACE_INTERNAL_WIDTH {2}
## CONFIG.PCW_TRACE_PERIPHERAL_ENABLE {0}
## CONFIG.PCW_TTC0_CLK0_PERIPHERAL_CLKSRC {CPU_1X}
## CONFIG.PCW_TTC0_CLK0_PERIPHERAL_DIVISOR0 {1}
## CONFIG.PCW_TTC0_CLK1_PERIPHERAL_CLKSRC {CPU_1X}
## CONFIG.PCW_TTC0_CLK1_PERIPHERAL_DIVISOR0 {1}
## CONFIG.PCW_TTC0_CLK2_PERIPHERAL_CLKSRC {CPU_1X}
## CONFIG.PCW_TTC0_CLK2_PERIPHERAL_DIVISOR0 {1}
## CONFIG.PCW_TTC0_PERIPHERAL_ENABLE {0}
## CONFIG.PCW_TTC1_CLK0_PERIPHERAL_CLKSRC {CPU_1X}
## CONFIG.PCW_TTC1_CLK0_PERIPHERAL_DIVISOR0 {1}
## CONFIG.PCW_TTC1_CLK1_PERIPHERAL_CLKSRC {CPU_1X}
## CONFIG.PCW_TTC1_CLK1_PERIPHERAL_DIVISOR0 {1}
## CONFIG.PCW_TTC1_CLK2_PERIPHERAL_CLKSRC {CPU_1X}
## CONFIG.PCW_TTC1_CLK2_PERIPHERAL_DIVISOR0 {1}
## CONFIG.PCW_TTC1_PERIPHERAL_ENABLE {0}
## CONFIG.PCW_UART0_PERIPHERAL_ENABLE {0}
## CONFIG.PCW_UART1_BASEADDR {0xE0001000}
## CONFIG.PCW_UART1_BAUD_RATE {115200}
## CONFIG.PCW_UART1_GRP_FULL_ENABLE {0}
## CONFIG.PCW_UART1_HIGHADDR {0xE0001FFF}
## CONFIG.PCW_UART1_PERIPHERAL_ENABLE {1}
## CONFIG.PCW_UART1_UART1_IO {MIO 48 .. 49}
## CONFIG.PCW_UART_PERIPHERAL_CLKSRC {IO PLL}
## CONFIG.PCW_UART_PERIPHERAL_FREQMHZ {100}
## CONFIG.PCW_UART_PERIPHERAL_VALID {1}
## CONFIG.PCW_UIPARAM_ACT_DDR_FREQ_MHZ {533.333374}
## CONFIG.PCW_UIPARAM_DDR_ADV_ENABLE {0}
## CONFIG.PCW_UIPARAM_DDR_AL {0}
## CONFIG.PCW_UIPARAM_DDR_BL {8}
## CONFIG.PCW_UIPARAM_DDR_BOARD_DELAY0 {0.25}
## CONFIG.PCW_UIPARAM_DDR_BOARD_DELAY1 {0.25}
## CONFIG.PCW_UIPARAM_DDR_BOARD_DELAY2 {0.25}
## CONFIG.PCW_UIPARAM_DDR_BOARD_DELAY3 {0.25}
## CONFIG.PCW_UIPARAM_DDR_BUS_WIDTH {32 Bit}
## CONFIG.PCW_UIPARAM_DDR_CLOCK_0_LENGTH_MM {0}
## CONFIG.PCW_UIPARAM_DDR_CLOCK_0_PACKAGE_LENGTH {61.0905}
## CONFIG.PCW_UIPARAM_DDR_CLOCK_0_PROPOGATION_DELAY {160}
## CONFIG.PCW_UIPARAM_DDR_CLOCK_1_LENGTH_MM {0}
## CONFIG.PCW_UIPARAM_DDR_CLOCK_1_PACKAGE_LENGTH {61.0905}
## CONFIG.PCW_UIPARAM_DDR_CLOCK_1_PROPOGATION_DELAY {160}
## CONFIG.PCW_UIPARAM_DDR_CLOCK_2_LENGTH_MM {0}
## CONFIG.PCW_UIPARAM_DDR_CLOCK_2_PACKAGE_LENGTH {61.0905}
## CONFIG.PCW_UIPARAM_DDR_CLOCK_2_PROPOGATION_DELAY {160}
## CONFIG.PCW_UIPARAM_DDR_CLOCK_3_LENGTH_MM {0}
## CONFIG.PCW_UIPARAM_DDR_CLOCK_3_PACKAGE_LENGTH {61.0905}
## CONFIG.PCW_UIPARAM_DDR_CLOCK_3_PROPOGATION_DELAY {160}
## CONFIG.PCW_UIPARAM_DDR_CLOCK_STOP_EN {0}
## CONFIG.PCW_UIPARAM_DDR_DQS_0_LENGTH_MM {0}
## CONFIG.PCW_UIPARAM_DDR_DQS_0_PACKAGE_LENGTH {68.4725}
## CONFIG.PCW_UIPARAM_DDR_DQS_0_PROPOGATION_DELAY {160}
## CONFIG.PCW_UIPARAM_DDR_DQS_1_LENGTH_MM {0}
## CONFIG.PCW_UIPARAM_DDR_DQS_1_PACKAGE_LENGTH {71.086}
## CONFIG.PCW_UIPARAM_DDR_DQS_1_PROPOGATION_DELAY {160}
## CONFIG.PCW_UIPARAM_DDR_DQS_2_LENGTH_MM {0}
## CONFIG.PCW_UIPARAM_DDR_DQS_2_PACKAGE_LENGTH {66.794}
## CONFIG.PCW_UIPARAM_DDR_DQS_2_PROPOGATION_DELAY {160}
## CONFIG.PCW_UIPARAM_DDR_DQS_3_LENGTH_MM {0}
## CONFIG.PCW_UIPARAM_DDR_DQS_3_PACKAGE_LENGTH {108.7385}
## CONFIG.PCW_UIPARAM_DDR_DQS_3_PROPOGATION_DELAY {160}
## CONFIG.PCW_UIPARAM_DDR_DQS_TO_CLK_DELAY_0 {0.0}
## CONFIG.PCW_UIPARAM_DDR_DQS_TO_CLK_DELAY_1 {0.0}
## CONFIG.PCW_UIPARAM_DDR_DQS_TO_CLK_DELAY_2 {0.0}
## CONFIG.PCW_UIPARAM_DDR_DQS_TO_CLK_DELAY_3 {0.0}
## CONFIG.PCW_UIPARAM_DDR_DQ_0_LENGTH_MM {0}
## CONFIG.PCW_UIPARAM_DDR_DQ_0_PACKAGE_LENGTH {64.1705}
## CONFIG.PCW_UIPARAM_DDR_DQ_0_PROPOGATION_DELAY {160}
## CONFIG.PCW_UIPARAM_DDR_DQ_1_LENGTH_MM {0}
## CONFIG.PCW_UIPARAM_DDR_DQ_1_PACKAGE_LENGTH {63.686}
## CONFIG.PCW_UIPARAM_DDR_DQ_1_PROPOGATION_DELAY {160}
## CONFIG.PCW_UIPARAM_DDR_DQ_2_LENGTH_MM {0}
## CONFIG.PCW_UIPARAM_DDR_DQ_2_PACKAGE_LENGTH {68.46}
## CONFIG.PCW_UIPARAM_DDR_DQ_2_PROPOGATION_DELAY {160}
## CONFIG.PCW_UIPARAM_DDR_DQ_3_LENGTH_MM {0}
## CONFIG.PCW_UIPARAM_DDR_DQ_3_PACKAGE_LENGTH {105.4895}
## CONFIG.PCW_UIPARAM_DDR_DQ_3_PROPOGATION_DELAY {160}
## CONFIG.PCW_UIPARAM_DDR_ENABLE {1}
## CONFIG.PCW_UIPARAM_DDR_FREQ_MHZ {533.333333}
## CONFIG.PCW_UIPARAM_DDR_HIGH_TEMP {Normal (0-85)}
## CONFIG.PCW_UIPARAM_DDR_MEMORY_TYPE {DDR 3}
## CONFIG.PCW_UIPARAM_DDR_PARTNO {MT41K256M16 RE-15E}
## CONFIG.PCW_UIPARAM_DDR_TRAIN_DATA_EYE {1}
## CONFIG.PCW_UIPARAM_DDR_TRAIN_READ_GATE {1}
## CONFIG.PCW_UIPARAM_DDR_TRAIN_WRITE_LEVEL {1}
## CONFIG.PCW_UIPARAM_DDR_USE_INTERNAL_VREF {0}
## CONFIG.PCW_UIPARAM_GENERATE_SUMMARY {NA}
## CONFIG.PCW_USB0_PERIPHERAL_ENABLE {0}
## CONFIG.PCW_USB1_PERIPHERAL_ENABLE {0}
## CONFIG.PCW_USB_RESET_ENABLE {1}
## CONFIG.PCW_USB_RESET_POLARITY {Active Low}
## CONFIG.PCW_USE_AXI_FABRIC_IDLE {0}
## CONFIG.PCW_USE_AXI_NONSECURE {0}
## CONFIG.PCW_USE_CORESIGHT {0}
## CONFIG.PCW_USE_CROSS_TRIGGER {0}
## CONFIG.PCW_USE_CR_FABRIC {1}
## CONFIG.PCW_USE_DDR_BYPASS {0}
## CONFIG.PCW_USE_DEBUG {0}
## CONFIG.PCW_USE_DMA0 {0}
## CONFIG.PCW_USE_DMA1 {0}
## CONFIG.PCW_USE_DMA2 {0}
## CONFIG.PCW_USE_DMA3 {0}
## CONFIG.PCW_USE_EXPANDED_IOP {0}
## CONFIG.PCW_USE_FABRIC_INTERRUPT {0}
## CONFIG.PCW_USE_HIGH_OCM {0}
## CONFIG.PCW_USE_M_AXI_GP0 {1}
## CONFIG.PCW_USE_M_AXI_GP1 {0}
## CONFIG.PCW_USE_PROC_EVENT_BUS {0}
## CONFIG.PCW_USE_PS_SLCR_REGISTERS {0}
## CONFIG.PCW_USE_S_AXI_ACP {0}
## CONFIG.PCW_USE_S_AXI_GP0 {0}
## CONFIG.PCW_USE_S_AXI_GP1 {0}
## CONFIG.PCW_USE_S_AXI_HP0 {1}
## CONFIG.PCW_USE_S_AXI_HP1 {1}
## CONFIG.PCW_USE_S_AXI_HP2 {0}
## CONFIG.PCW_USE_S_AXI_HP3 {0}
## CONFIG.PCW_USE_TRACE {0}
## CONFIG.PCW_VALUE_SILVERSION {3}
## CONFIG.PCW_WDT_PERIPHERAL_CLKSRC {CPU_1X}
## CONFIG.PCW_WDT_PERIPHERAL_DIVISOR0 {1}
## CONFIG.PCW_WDT_PERIPHERAL_ENABLE {0}
## CONFIG.preset {None}
## }
# create_project -force yolo_a2_board $OUT/yolo_a2_board -part xc7z020clg484-1
# add_files -norecurse [list \
#     $RTL/yolo_engine_top.v $RTL/yolo_gemm_array.v $RTL/yolo_csr.v \
#     $RTL/yolo_ctrl.v $RTL/yolo_dma.v $RTL/yolo_dma_wr.v \
#     $RTL/yolo_wbuf.v $RTL/yolo_xbuf.v $RTL/yolo_xrowgen.v \
#     $RTL/yolo_pe_pack.v $RTL/yolo_acc.v $RTL/yolo_requant.v \
#     $RTL/yolo_silu_lut.v \
#     $IPD/yolo_wbuf_bmg/yolo_wbuf_bmg.xci \
#     $IPD/yolo_xbuf_bmg/yolo_xbuf_bmg.xci]
INFO: [IP_Flow 19-234] Refreshing IP repositories
INFO: [IP_Flow 19-1704] No user IP repositories specified
INFO: [IP_Flow 19-2313] Loaded Vivado IP repository 'F:/vivado2025/2025.2/Vivado/data/ip'.
WARNING: [Vivado 12-13650] The IP file 'E:/competition/2_fpga/3_yolo_zynq/ip/yolo_wbuf_bmg/yolo_wbuf_bmg.xci' has been moved from its original location, as a result the outputs for this IP will now be generated in 'e:/competition/2_fpga/3_yolo_zynq/ip/yolo_wbuf_bmg'. Alternatively a copy of the IP can be imported into the project using one of the 'import_ip' or 'import_files' commands.
WARNING: [Vivado 12-13650] The IP file 'E:/competition/2_fpga/3_yolo_zynq/ip/yolo_xbuf_bmg/yolo_xbuf_bmg.xci' has been moved from its original location, as a result the outputs for this IP will now be generated in 'e:/competition/2_fpga/3_yolo_zynq/ip/yolo_xbuf_bmg'. Alternatively a copy of the IP can be imported into the project using one of the 'import_ip' or 'import_files' commands.
# add_files -fileset constrs_1 -norecurse $OUT/yolo_sys.xdc
# create_bd_design yolo_sys
Wrote  : <E:\competition\2_fpga\3_yolo_zynq\proj\board_sys\yolo_a2_board\yolo_a2_board.srcs\sources_1\bd\yolo_sys\yolo_sys.bd> 
# create_bd_cell -type ip -vlnv xilinx.com:ip:processing_system7:5.5 ps7
# foreach {pk pv} $ps7_cfg {
#     if {[string match {CONFIG.PCW_PRESET_BANK?_VOLTAGE} $pk]} {
#         set_property $pk $pv [get_bd_cells ps7]
#     }
# }
# foreach {pk pv} $ps7_cfg {
#     if {![string match {CONFIG.PCW_PRESET_BANK?_VOLTAGE} $pk]} {
#         set_property $pk $pv [get_bd_cells ps7]
#     }
# }
WARNING: [BD 41-721] Attempt to set value '0xE000B000' on disabled parameter 'PCW_ENET0_BASEADDR' of cell '/ps7' is ignored
WARNING: [BD 41-721] Attempt to set value 'MIO 16 .. 27' on disabled parameter 'PCW_ENET0_ENET0_IO' of cell '/ps7' is ignored
WARNING: [BD 41-721] Attempt to set value '1' on disabled parameter 'PCW_ENET0_GRP_MDIO_ENABLE' of cell '/ps7' is ignored
WARNING: [BD 41-721] Attempt to set value 'MIO 52 .. 53' on disabled parameter 'PCW_ENET0_GRP_MDIO_IO' of cell '/ps7' is ignored
WARNING: [BD 41-721] Attempt to set value '0xE000BFFF' on disabled parameter 'PCW_ENET0_HIGHADDR' of cell '/ps7' is ignored
WARNING: [BD 41-721] Attempt to set value '1' on disabled parameter 'PCW_ENET0_RESET_ENABLE' of cell '/ps7' is ignored
WARNING: [BD 41-721] Attempt to set value 'MIO 47' on disabled parameter 'PCW_ENET0_RESET_IO' of cell '/ps7' is ignored
WARNING: [BD 41-721] Attempt to set value '1' on disabled parameter 'PCW_ENET_RESET_ENABLE' of cell '/ps7' is ignored
WARNING: [BD 41-721] Attempt to set value 'Share reset pin' on disabled parameter 'PCW_ENET_RESET_SELECT' of cell '/ps7' is ignored
WARNING: [BD 41-721] Attempt to set value '1' on disabled parameter 'PCW_SD0_GRP_CD_ENABLE' of cell '/ps7' is ignored
WARNING: [BD 41-721] Attempt to set value 'MIO 0' on disabled parameter 'PCW_SD0_GRP_CD_IO' of cell '/ps7' is ignored
WARNING: [BD 41-721] Attempt to set value '0' on disabled parameter 'PCW_SD0_GRP_POW_ENABLE' of cell '/ps7' is ignored
WARNING: [BD 41-721] Attempt to set value '0' on disabled parameter 'PCW_SD0_GRP_WP_ENABLE' of cell '/ps7' is ignored
WARNING: [BD 41-721] Attempt to set value '6' on disabled parameter 'PCW_S_AXI_HP0_ID_WIDTH' of cell '/ps7' is ignored
WARNING: [BD 41-721] Attempt to set value '6' on disabled parameter 'PCW_S_AXI_HP1_ID_WIDTH' of cell '/ps7' is ignored
WARNING: [BD 41-721] Attempt to set value '0' on disabled parameter 'PCW_UART1_GRP_FULL_ENABLE' of cell '/ps7' is ignored
# create_bd_cell -type module -reference yolo_engine_top engine
INFO: [IP_Flow 19-5107] Inferred bus interface 'm_axi' of definition 'xilinx.com:interface:aximm:1.0' (from Xilinx Repository).
INFO: [IP_Flow 19-5107] Inferred bus interface 's_axi' of definition 'xilinx.com:interface:aximm:1.0' (from Xilinx Repository).
INFO: [IP_Flow 19-5107] Inferred bus interface 'x_m_axi' of definition 'xilinx.com:interface:aximm:1.0' (from Xilinx Repository).
INFO: [IP_Flow 19-5107] Inferred bus interface 'rst_n' of definition 'xilinx.com:signal:reset:1.0' (from Xilinx Repository).
INFO: [IP_Flow 19-4728] Bus Interface 'rst_n': Added interface parameter 'POLARITY' with value 'ACTIVE_LOW'.
WARNING: [IP_Flow 19-3158] Bus Interface 'm_axi': FREQ_HZ bus parameter missing from AXI interface when interface is not associated to a clock.
WARNING: [IP_Flow 19-3158] Bus Interface 's_axi': FREQ_HZ bus parameter missing from AXI interface when interface is not associated to a clock.
WARNING: [IP_Flow 19-3158] Bus Interface 'x_m_axi': FREQ_HZ bus parameter missing from AXI interface when interface is not associated to a clock.
# set_property CONFIG.FREQ_HZ 60000000 [get_bd_intf_pins engine/s_axi]
# set_property CONFIG.FREQ_HZ 60000000 [get_bd_intf_pins engine/m_axi]
# set_property CONFIG.FREQ_HZ 60000000 [get_bd_intf_pins engine/x_m_axi]
# set_property CONFIG.ASSOCIATED_BUSIF {s_axi:m_axi:x_m_axi} [get_bd_pins engine/clk_i]
CRITICAL WARNING: [BD 41-1411] Cannot set the parameter ASSOCIATED_BUSIF on /engine/clk_i. The parameter does not exist.
# create_bd_cell -type ip -vlnv xilinx.com:ip:proc_sys_reset:5.0 rst_150
# create_bd_cell -type ip -vlnv xilinx.com:ip:xlconstant:1.1 lock_1
INFO: [BD 5-1043] It is recommended to use inline hdl version xilinx.com:inline_hdl:ilconstant:1.0 for the IP type xilinx.com:ip:xlconstant:1.1 for improved performance and reduced disk space. IPs with VLNV xilinx.com:ip:xlconstant:1.1 will not be supported from release 2025.2. More information on inline hdl IP is available in UG994 
# set_property -dict {CONST_VAL {1} CONST_WIDTH {1}} [get_bd_cells lock_1]
WARNING: [BD 41-1642] Cannot set the parameter 'CONST_VAL' on '/lock_1' - Parameter does not exist. 
# connect_bd_net [get_bd_pins ps7/FCLK_CLK0] [get_bd_pins engine/clk_i]
# connect_bd_net [get_bd_pins ps7/FCLK_CLK0] [get_bd_pins rst_150/slowest_sync_clk]
# connect_bd_net [get_bd_pins ps7/FCLK_RESET0_N] [get_bd_pins rst_150/ext_reset_in]
# connect_bd_net [get_bd_pins lock_1/dout] [get_bd_pins rst_150/dcm_locked]
# connect_bd_net [get_bd_pins rst_150/peripheral_aresetn] [get_bd_pins engine/rst_n]
# apply_bd_automation -rule xilinx.com:bd_rule:axi4 \
#     -config { Master "/ps7/M_AXI_GP0" Clk "/ps7/FCLK_CLK0" } \
#     [get_bd_intf_pins engine/s_axi]
WARNING: [BD 41-1627] Requested range of <4G> for slave segments </engine/s_axi/reg0> exceeds the range of the largest address space in assignment request </ps7/Data>. Shrinking the initial requested range to <1G>
Slave segment '/engine/s_axi/reg0' is being assigned into address space '/ps7/Data' at <0x4000_0000 [ 1G ]>.
# apply_bd_automation -rule xilinx.com:bd_rule:axi4 \
#     -config { Master "/engine/m_axi" Clk "/ps7/FCLK_CLK0" } \
#     [get_bd_intf_pins ps7/S_AXI_HP0]
Slave segment '/ps7/S_AXI_HP0/HP0_DDR_LOWOCM' is being assigned into address space '/engine/m_axi' at <0x0000_0000 [ 1G ]>.
# apply_bd_automation -rule xilinx.com:bd_rule:axi4 \
#     -config { Master "/engine/x_m_axi" Clk "/ps7/FCLK_CLK0" } \
#     [get_bd_intf_pins ps7/S_AXI_HP1]
Slave segment '/ps7/S_AXI_HP1/HP1_DDR_LOWOCM' is being assigned into address space '/engine/x_m_axi' at <0x0000_0000 [ 1G ]>.
# delete_bd_objs [get_bd_addr_segs engine/s_axi/reg0]
# assign_bd_address -offset 0x43C10000 -range 0x10000 \
#     [get_bd_addr_segs engine/s_axi/reg0]
Slave segment '/engine/s_axi/reg0' is being assigned into address space '/ps7/Data' at <0x43C1_0000 [ 64K ]>.
# validate_bd_design
# save_bd_design
Wrote  : <E:\competition\2_fpga\3_yolo_zynq\proj\board_sys\yolo_a2_board\yolo_a2_board.srcs\sources_1\bd\yolo_sys\yolo_sys.bd> 
# make_wrapper -files [get_files yolo_sys.bd] -top -import
INFO: [BD 41-1662] The design 'yolo_sys.bd' is already validated. Therefore parameter propagation will not be re-run.
Verilog Output written to : E:/competition/2_fpga/3_yolo_zynq/proj/board_sys/yolo_a2_board/yolo_a2_board.gen/sources_1/bd/yolo_sys/synth/yolo_sys.v
Verilog Output written to : E:/competition/2_fpga/3_yolo_zynq/proj/board_sys/yolo_a2_board/yolo_a2_board.gen/sources_1/bd/yolo_sys/sim/yolo_sys.v
Verilog Output written to : E:/competition/2_fpga/3_yolo_zynq/proj/board_sys/yolo_a2_board/yolo_a2_board.gen/sources_1/bd/yolo_sys/hdl/yolo_sys_wrapper.v
# set_property top yolo_sys_wrapper [current_fileset]
# launch_runs synth_1 -jobs 8
INFO: [Vivado 12-4149] The synthesis checkpoint for IP 'E:/competition/2_fpga/3_yolo_zynq/ip/yolo_xbuf_bmg/yolo_xbuf_bmg.xci' is already up-to-date
INFO: [Vivado 12-4149] The synthesis checkpoint for IP 'E:/competition/2_fpga/3_yolo_zynq/ip/yolo_wbuf_bmg/yolo_wbuf_bmg.xci' is already up-to-date
INFO: [Vivado 12-4149] The synthesis checkpoint for IP 'E:/competition/2_fpga/3_yolo_zynq/ip/yolo_xbuf_bmg/yolo_xbuf_bmg.xci' is already up-to-date
INFO: [Vivado 12-4149] The synthesis checkpoint for IP 'E:/competition/2_fpga/3_yolo_zynq/ip/yolo_wbuf_bmg/yolo_wbuf_bmg.xci' is already up-to-date
INFO: [BD 41-1662] The design 'yolo_sys.bd' is already validated. Therefore parameter propagation will not be re-run.
Verilog Output written to : E:/competition/2_fpga/3_yolo_zynq/proj/board_sys/yolo_a2_board/yolo_a2_board.gen/sources_1/bd/yolo_sys/synth/yolo_sys.v
Verilog Output written to : E:/competition/2_fpga/3_yolo_zynq/proj/board_sys/yolo_a2_board/yolo_a2_board.gen/sources_1/bd/yolo_sys/sim/yolo_sys.v
Verilog Output written to : E:/competition/2_fpga/3_yolo_zynq/proj/board_sys/yolo_a2_board/yolo_a2_board.gen/sources_1/bd/yolo_sys/hdl/yolo_sys_wrapper.v
INFO: [IP_Flow 19-5611] Unable to find an associated reset port for the interface 'M_AXI_GP0'. A default connection has been created.
INFO: [IP_Flow 19-5611] Unable to find an associated reset port for the interface 'S_AXI_HP0'. A default connection has been created.
INFO: [IP_Flow 19-5611] Unable to find an associated reset port for the interface 'S_AXI_HP1'. A default connection has been created.
INFO: [BD 41-1029] Generation completed for the IP Integrator block ps7 .
INFO: [BD 41-1029] Generation completed for the IP Integrator block engine .
INFO: [BD 41-1029] Generation completed for the IP Integrator block rst_150 .
INFO: [BD 41-1029] Generation completed for the IP Integrator block lock_1 .
WARNING: [IP_Flow 19-4994] Overwriting existing constraint file 'e:/competition/2_fpga/3_yolo_zynq/proj/board_sys/yolo_a2_board/yolo_a2_board.gen/sources_1/bd/yolo_sys/ip/yolo_sys_ps7_axi_periph_imp_auto_pc_0/yolo_sys_ps7_axi_periph_imp_auto_pc_0_ooc.xdc'
INFO: [BD 41-1029] Generation completed for the IP Integrator block ps7_axi_periph/s00_couplers/auto_pc .
WARNING: [IP_Flow 19-4994] Overwriting existing constraint file 'e:/competition/2_fpga/3_yolo_zynq/proj/board_sys/yolo_a2_board/yolo_a2_board.gen/sources_1/bd/yolo_sys/ip/yolo_sys_axi_mem_intercon_imp_auto_pc_0/yolo_sys_axi_mem_intercon_imp_auto_pc_0_ooc.xdc'
INFO: [BD 41-1029] Generation completed for the IP Integrator block axi_mem_intercon/s00_couplers/auto_pc .
WARNING: [IP_Flow 19-4994] Overwriting existing constraint file 'e:/competition/2_fpga/3_yolo_zynq/proj/board_sys/yolo_a2_board/yolo_a2_board.gen/sources_1/bd/yolo_sys/ip/yolo_sys_axi_mem_intercon_1_imp_auto_pc_0/yolo_sys_axi_mem_intercon_1_imp_auto_pc_0_ooc.xdc'
INFO: [BD 41-1029] Generation completed for the IP Integrator block axi_mem_intercon_1/s00_couplers/auto_pc .
Exporting to file E:/competition/2_fpga/3_yolo_zynq/proj/board_sys/yolo_a2_board/yolo_a2_board.gen/sources_1/bd/yolo_sys/hw_handoff/yolo_sys.hwh
Generated Hardware Definition File E:/competition/2_fpga/3_yolo_zynq/proj/board_sys/yolo_a2_board/yolo_a2_board.gen/sources_1/bd/yolo_sys/synth/yolo_sys.hwdef
WARNING: [BD 41-2265] Clock pin for protocol instance pin m_axi could not be determined. Make sure that ASSOCIATED_BUSIF and ASSOCIATED_RESET properties are set or propagated on clock pins of block /engine
WARNING: [BD 41-2265] Clock pin for protocol instance pin s_axi could not be determined. Make sure that ASSOCIATED_BUSIF and ASSOCIATED_RESET properties are set or propagated on clock pins of block /engine
WARNING: [BD 41-2265] Clock pin for protocol instance pin x_m_axi could not be determined. Make sure that ASSOCIATED_BUSIF and ASSOCIATED_RESET properties are set or propagated on clock pins of block /engine
INFO: [BD 41-3262] Generated VHDL Instantiation Template file e:/competition/2_fpga/3_yolo_zynq/proj/board_sys/yolo_a2_board/yolo_a2_board.gen/sources_1/bd/yolo_sys/yolo_sys.vho
INFO: [BD 41-3262] Generated Verilog Instantiation Template file e:/competition/2_fpga/3_yolo_zynq/proj/board_sys/yolo_a2_board/yolo_a2_board.gen/sources_1/bd/yolo_sys/yolo_sys.veo
INFO: [BD 41-3262] Generated System Verilog Instantiation Template file e:/competition/2_fpga/3_yolo_zynq/proj/board_sys/yolo_a2_board/yolo_a2_board.gen/sources_1/bd/yolo_sys/yolo_sys_sv.sveo
WARNING: [Vivado 12-7122] Auto Incremental Compile:: No reference checkpoint was found in run synth_1. Auto-incremental flow will not be run, the standard flow will be run instead.
[Fri Sep 18 00:11:51 2026] Launched yolo_sys_rst_150_0_synth_1, yolo_sys_ps7_0_synth_1, yolo_sys_engine_0_synth_1, yolo_sys_axi_mem_intercon_imp_auto_pc_0_synth_1, yolo_sys_axi_mem_intercon_1_imp_auto_pc_0_synth_1, yolo_sys_ps7_axi_periph_imp_auto_pc_0_synth_1...
Run output will be captured here:
yolo_sys_rst_150_0_synth_1: E:/competition/2_fpga/3_yolo_zynq/proj/board_sys/yolo_a2_board/yolo_a2_board.runs/yolo_sys_rst_150_0_synth_1/runme.log
yolo_sys_ps7_0_synth_1: E:/competition/2_fpga/3_yolo_zynq/proj/board_sys/yolo_a2_board/yolo_a2_board.runs/yolo_sys_ps7_0_synth_1/runme.log
yolo_sys_engine_0_synth_1: E:/competition/2_fpga/3_yolo_zynq/proj/board_sys/yolo_a2_board/yolo_a2_board.runs/yolo_sys_engine_0_synth_1/runme.log
yolo_sys_axi_mem_intercon_imp_auto_pc_0_synth_1: E:/competition/2_fpga/3_yolo_zynq/proj/board_sys/yolo_a2_board/yolo_a2_board.runs/yolo_sys_axi_mem_intercon_imp_auto_pc_0_synth_1/runme.log
yolo_sys_axi_mem_intercon_1_imp_auto_pc_0_synth_1: E:/competition/2_fpga/3_yolo_zynq/proj/board_sys/yolo_a2_board/yolo_a2_board.runs/yolo_sys_axi_mem_intercon_1_imp_auto_pc_0_synth_1/runme.log
yolo_sys_ps7_axi_periph_imp_auto_pc_0_synth_1: E:/competition/2_fpga/3_yolo_zynq/proj/board_sys/yolo_a2_board/yolo_a2_board.runs/yolo_sys_ps7_axi_periph_imp_auto_pc_0_synth_1/runme.log
[Fri Sep 18 00:11:51 2026] Launched synth_1...
Run output will be captured here: E:/competition/2_fpga/3_yolo_zynq/proj/board_sys/yolo_a2_board/yolo_a2_board.runs/synth_1/runme.log
launch_runs: Time (s): cpu = 00:00:12 ; elapsed = 00:00:16 . Memory (MB): peak = 736.797 ; gain = 30.227
# wait_on_run synth_1
[Fri Sep 18 00:11:51 2026] Waiting for synth_1 to finish...


*** Running vivado
    with args -log yolo_sys_wrapper.vds -m64 -product Vivado -mode batch -messageDb vivado.pb -notrace -source yolo_sys_wrapper.tcl



****** Vivado v2025.2 (64-bit)
  **** SW Build 6299465 on Fri Nov 14 19:35:11 GMT 2025
  **** IP Build 6300035 on Fri Nov 14 10:48:45 MST 2025
  **** SharedData Build 6298862 on Thu Nov 13 04:50:51 MST 2025
  **** Start of session at: Fri Sep 18 00:14:42 2026
    ** Copyright 1986-2022 Xilinx, Inc. All Rights Reserved.
    ** Copyright 2022-2025 Advanced Micro Devices, Inc. All Rights Reserved.

source yolo_sys_wrapper.tcl -notrace
INFO: [IP_Flow 19-234] Refreshing IP repositories
INFO: [IP_Flow 19-1704] No user IP repositories specified
INFO: [IP_Flow 19-2313] Loaded Vivado IP repository 'F:/vivado2025/2025.2/Vivado/data/ip'.
INFO: [Project 1-5698] Found the below utility IPs instantiated in block design E:/competition/2_fpga/3_yolo_zynq/proj/board_sys/yolo_a2_board/yolo_a2_board.srcs/sources_1/bd/yolo_sys/yolo_sys.bd which have equivalent inline hdl with improved performance and reduced diskspace.
It is recommended to migrate these utility IPs to inline hdl  using the command upgrade_project -migrate_to_inline_hdl.  The utility IPs may be deprecated in future releases.
More information on inline hdl is available in UG994.
Utility IP Component Instances:
 yolo_sys_lock_1_0
Command: synth_design -top yolo_sys_wrapper -part xc7z020clg484-1
Starting synth_design
Attempting to get a license for feature 'Synthesis' and/or device 'xc7z020'
INFO: [Common 17-349] Got license for feature 'Synthesis' and/or device 'xc7z020'
INFO: [Device 21-403] Loading part xc7z020clg484-1
INFO: [Synth 8-7079] Multithreading enabled for synth_design using a maximum of 2 processes.
INFO: [Synth 8-7078] Launching helper process for spawning children vivado processes
INFO: [Synth 8-7075] Helper process launched with PID 54708
---------------------------------------------------------------------------------
Starting RTL Elaboration : Time (s): cpu = 00:00:03 ; elapsed = 00:00:04 . Memory (MB): peak = 1345.094 ; gain = 540.465
---------------------------------------------------------------------------------
INFO: [Synth 8-6157] synthesizing module 'yolo_sys_wrapper' [E:/competition/2_fpga/3_yolo_zynq/proj/board_sys/yolo_a2_board/yolo_a2_board.srcs/sources_1/imports/hdl/yolo_sys_wrapper.v:13]
INFO: [Synth 8-6157] synthesizing module 'yolo_sys' [e:/competition/2_fpga/3_yolo_zynq/proj/board_sys/yolo_a2_board/yolo_a2_board.gen/sources_1/bd/yolo_sys/synth/yolo_sys.v:638]
INFO: [Synth 8-6157] synthesizing module 'yolo_sys_axi_mem_intercon_0' [e:/competition/2_fpga/3_yolo_zynq/proj/board_sys/yolo_a2_board/yolo_a2_board.gen/sources_1/bd/yolo_sys/synth/yolo_sys.v:1130]
INFO: [Synth 8-6157] synthesizing module 's00_couplers_imp_Q91N1A' [e:/competition/2_fpga/3_yolo_zynq/proj/board_sys/yolo_a2_board/yolo_a2_board.gen/sources_1/bd/yolo_sys/synth/yolo_sys.v:382]
INFO: [Synth 8-6157] synthesizing module 'yolo_sys_axi_mem_intercon_imp_auto_pc_0' [E:/competition/2_fpga/3_yolo_zynq/proj/board_sys/yolo_a2_board/yolo_a2_board.runs/synth_1/.Xil/Vivado-51332-HC-202510241838/realtime/yolo_sys_axi_mem_intercon_imp_auto_pc_0_stub.v:6]
INFO: [Synth 8-6155] done synthesizing module 'yolo_sys_axi_mem_intercon_imp_auto_pc_0' (0#1) [E:/competition/2_fpga/3_yolo_zynq/proj/board_sys/yolo_a2_board/yolo_a2_board.runs/synth_1/.Xil/Vivado-51332-HC-202510241838/realtime/yolo_sys_axi_mem_intercon_imp_auto_pc_0_stub.v:6]
WARNING: [Synth 8-7071] port 's_axi_rresp' of module 'yolo_sys_axi_mem_intercon_imp_auto_pc_0' is unconnected for instance 'auto_pc' [e:/competition/2_fpga/3_yolo_zynq/proj/board_sys/yolo_a2_board/yolo_a2_board.gen/sources_1/bd/yolo_sys/synth/yolo_sys.v:566]
WARNING: [Synth 8-7023] instance 'auto_pc' of module 'yolo_sys_axi_mem_intercon_imp_auto_pc_0' has 70 connections declared, but only 69 given [e:/competition/2_fpga/3_yolo_zynq/proj/board_sys/yolo_a2_board/yolo_a2_board.gen/sources_1/bd/yolo_sys/synth/yolo_sys.v:566]
INFO: [Synth 8-6155] done synthesizing module 's00_couplers_imp_Q91N1A' (0#1) [e:/competition/2_fpga/3_yolo_zynq/proj/board_sys/yolo_a2_board/yolo_a2_board.gen/sources_1/bd/yolo_sys/synth/yolo_sys.v:382]
INFO: [Synth 8-6155] done synthesizing module 'yolo_sys_axi_mem_intercon_0' (0#1) [e:/competition/2_fpga/3_yolo_zynq/proj/board_sys/yolo_a2_board/yolo_a2_board.gen/sources_1/bd/yolo_sys/synth/yolo_sys.v:1130]
INFO: [Synth 8-6157] synthesizing module 'yolo_sys_axi_mem_intercon_1_0' [e:/competition/2_fpga/3_yolo_zynq/proj/board_sys/yolo_a2_board/yolo_a2_board.gen/sources_1/bd/yolo_sys/synth/yolo_sys.v:1384]
INFO: [Synth 8-6157] synthesizing module 's00_couplers_imp_1YH0F91' [e:/competition/2_fpga/3_yolo_zynq/proj/board_sys/yolo_a2_board/yolo_a2_board.gen/sources_1/bd/yolo_sys/synth/yolo_sys.v:259]
INFO: [Synth 8-6157] synthesizing module 'yolo_sys_axi_mem_intercon_1_imp_auto_pc_0' [E:/competition/2_fpga/3_yolo_zynq/proj/board_sys/yolo_a2_board/yolo_a2_board.runs/synth_1/.Xil/Vivado-51332-HC-202510241838/realtime/yolo_sys_axi_mem_intercon_1_imp_auto_pc_0_stub.v:6]
INFO: [Synth 8-6155] done synthesizing module 'yolo_sys_axi_mem_intercon_1_imp_auto_pc_0' (0#1) [E:/competition/2_fpga/3_yolo_zynq/proj/board_sys/yolo_a2_board/yolo_a2_board.runs/synth_1/.Xil/Vivado-51332-HC-202510241838/realtime/yolo_sys_axi_mem_intercon_1_imp_auto_pc_0_stub.v:6]
WARNING: [Synth 8-7071] port 's_axi_rresp' of module 'yolo_sys_axi_mem_intercon_1_imp_auto_pc_0' is unconnected for instance 'auto_pc' [e:/competition/2_fpga/3_yolo_zynq/proj/board_sys/yolo_a2_board/yolo_a2_board.gen/sources_1/bd/yolo_sys/synth/yolo_sys.v:347]
WARNING: [Synth 8-7023] instance 'auto_pc' of module 'yolo_sys_axi_mem_intercon_1_imp_auto_pc_0' has 33 connections declared, but only 32 given [e:/competition/2_fpga/3_yolo_zynq/proj/board_sys/yolo_a2_board/yolo_a2_board.gen/sources_1/bd/yolo_sys/synth/yolo_sys.v:347]
INFO: [Synth 8-6155] done synthesizing module 's00_couplers_imp_1YH0F91' (0#1) [e:/competition/2_fpga/3_yolo_zynq/proj/board_sys/yolo_a2_board/yolo_a2_board.gen/sources_1/bd/yolo_sys/synth/yolo_sys.v:259]
INFO: [Synth 8-6155] done synthesizing module 'yolo_sys_axi_mem_intercon_1_0' (0#1) [e:/competition/2_fpga/3_yolo_zynq/proj/board_sys/yolo_a2_board/yolo_a2_board.gen/sources_1/bd/yolo_sys/synth/yolo_sys.v:1384]
INFO: [Synth 8-6157] synthesizing module 'yolo_sys_engine_0' [E:/competition/2_fpga/3_yolo_zynq/proj/board_sys/yolo_a2_board/yolo_a2_board.runs/synth_1/.Xil/Vivado-51332-HC-202510241838/realtime/yolo_sys_engine_0_stub.v:6]
INFO: [Synth 8-6155] done synthesizing module 'yolo_sys_engine_0' (0#1) [E:/competition/2_fpga/3_yolo_zynq/proj/board_sys/yolo_a2_board/yolo_a2_board.runs/synth_1/.Xil/Vivado-51332-HC-202510241838/realtime/yolo_sys_engine_0_stub.v:6]
WARNING: [Synth 8-7071] port 'irq_o' of module 'yolo_sys_engine_0' is unconnected for instance 'engine' [e:/competition/2_fpga/3_yolo_zynq/proj/board_sys/yolo_a2_board/yolo_a2_board.gen/sources_1/bd/yolo_sys/synth/yolo_sys.v:882]
WARNING: [Synth 8-7023] instance 'engine' of module 'yolo_sys_engine_0' has 56 connections declared, but only 55 given [e:/competition/2_fpga/3_yolo_zynq/proj/board_sys/yolo_a2_board/yolo_a2_board.gen/sources_1/bd/yolo_sys/synth/yolo_sys.v:882]
INFO: [Synth 8-6157] synthesizing module 'yolo_sys_lock_1_0' [e:/competition/2_fpga/3_yolo_zynq/proj/board_sys/yolo_a2_board/yolo_a2_board.gen/sources_1/bd/yolo_sys/ip/yolo_sys_lock_1_0/synth/yolo_sys_lock_1_0.v:53]
INFO: [Synth 8-6157] synthesizing module 'xlconstant_v1_1_10_xlconstant' [e:/competition/2_fpga/3_yolo_zynq/proj/board_sys/yolo_a2_board/yolo_a2_board.gen/sources_1/bd/yolo_sys/ipshared/a165/hdl/xlconstant_v1_1_vl_rfs.v:68]
INFO: [Synth 8-6155] done synthesizing module 'xlconstant_v1_1_10_xlconstant' (0#1) [e:/competition/2_fpga/3_yolo_zynq/proj/board_sys/yolo_a2_board/yolo_a2_board.gen/sources_1/bd/yolo_sys/ipshared/a165/hdl/xlconstant_v1_1_vl_rfs.v:68]
INFO: [Synth 8-6155] done synthesizing module 'yolo_sys_lock_1_0' (0#1) [e:/competition/2_fpga/3_yolo_zynq/proj/board_sys/yolo_a2_board/yolo_a2_board.gen/sources_1/bd/yolo_sys/ip/yolo_sys_lock_1_0/synth/yolo_sys_lock_1_0.v:53]
INFO: [Synth 8-6157] synthesizing module 'yolo_sys_ps7_0' [E:/competition/2_fpga/3_yolo_zynq/proj/board_sys/yolo_a2_board/yolo_a2_board.runs/synth_1/.Xil/Vivado-51332-HC-202510241838/realtime/yolo_sys_ps7_0_stub.v:6]
INFO: [Synth 8-6155] done synthesizing module 'yolo_sys_ps7_0' (0#1) [E:/competition/2_fpga/3_yolo_zynq/proj/board_sys/yolo_a2_board/yolo_a2_board.runs/synth_1/.Xil/Vivado-51332-HC-202510241838/realtime/yolo_sys_ps7_0_stub.v:6]
WARNING: [Synth 8-7071] port 'GPIO_O' of module 'yolo_sys_ps7_0' is unconnected for instance 'ps7' [e:/competition/2_fpga/3_yolo_zynq/proj/board_sys/yolo_a2_board/yolo_a2_board.gen/sources_1/bd/yolo_sys/synth/yolo_sys.v:940]
WARNING: [Synth 8-7071] port 'GPIO_T' of module 'yolo_sys_ps7_0' is unconnected for instance 'ps7' [e:/competition/2_fpga/3_yolo_zynq/proj/board_sys/yolo_a2_board/yolo_a2_board.gen/sources_1/bd/yolo_sys/synth/yolo_sys.v:940]
WARNING: [Synth 8-7071] port 'S_AXI_HP0_BID' of module 'yolo_sys_ps7_0' is unconnected for instance 'ps7' [e:/competition/2_fpga/3_yolo_zynq/proj/board_sys/yolo_a2_board/yolo_a2_board.gen/sources_1/bd/yolo_sys/synth/yolo_sys.v:940]
WARNING: [Synth 8-7071] port 'S_AXI_HP0_RID' of module 'yolo_sys_ps7_0' is unconnected for instance 'ps7' [e:/competition/2_fpga/3_yolo_zynq/proj/board_sys/yolo_a2_board/yolo_a2_board.gen/sources_1/bd/yolo_sys/synth/yolo_sys.v:940]
WARNING: [Synth 8-7071] port 'S_AXI_HP0_RCOUNT' of module 'yolo_sys_ps7_0' is unconnected for instance 'ps7' [e:/competition/2_fpga/3_yolo_zynq/proj/board_sys/yolo_a2_board/yolo_a2_board.gen/sources_1/bd/yolo_sys/synth/yolo_sys.v:940]
WARNING: [Synth 8-7071] port 'S_AXI_HP0_WCOUNT' of module 'yolo_sys_ps7_0' is unconnected for instance 'ps7' [e:/competition/2_fpga/3_yolo_zynq/proj/board_sys/yolo_a2_board/yolo_a2_board.gen/sources_1/bd/yolo_sys/synth/yolo_sys.v:940]
WARNING: [Synth 8-7071] port 'S_AXI_HP0_RACOUNT' of module 'yolo_sys_ps7_0' is unconnected for instance 'ps7' [e:/competition/2_fpga/3_yolo_zynq/proj/board_sys/yolo_a2_board/yolo_a2_board.gen/sources_1/bd/yolo_sys/synth/yolo_sys.v:940]
WARNING: [Synth 8-7071] port 'S_AXI_HP0_WACOUNT' of module 'yolo_sys_ps7_0' is unconnected for instance 'ps7' [e:/competition/2_fpga/3_yolo_zynq/proj/board_sys/yolo_a2_board/yolo_a2_board.gen/sources_1/bd/yolo_sys/synth/yolo_sys.v:940]
WARNING: [Synth 8-7071] port 'S_AXI_HP1_AWREADY' of module 'yolo_sys_ps7_0' is unconnected for instance 'ps7' [e:/competition/2_fpga/3_yolo_zynq/proj/board_sys/yolo_a2_board/yolo_a2_board.gen/sources_1/bd/yolo_sys/synth/yolo_sys.v:940]
WARNING: [Synth 8-7071] port 'S_AXI_HP1_BVALID' of module 'yolo_sys_ps7_0' is unconnected for instance 'ps7' [e:/competition/2_fpga/3_yolo_zynq/proj/board_sys/yolo_a2_board/yolo_a2_board.gen/sources_1/bd/yolo_sys/synth/yolo_sys.v:940]
WARNING: [Synth 8-7071] port 'S_AXI_HP1_WREADY' of module 'yolo_sys_ps7_0' is unconnected for instance 'ps7' [e:/competition/2_fpga/3_yolo_zynq/proj/board_sys/yolo_a2_board/yolo_a2_board.gen/sources_1/bd/yolo_sys/synth/yolo_sys.v:940]
WARNING: [Synth 8-7071] port 'S_AXI_HP1_BRESP' of module 'yolo_sys_ps7_0' is unconnected for instance 'ps7' [e:/competition/2_fpga/3_yolo_zynq/proj/board_sys/yolo_a2_board/yolo_a2_board.gen/sources_1/bd/yolo_sys/synth/yolo_sys.v:940]
WARNING: [Synth 8-7071] port 'S_AXI_HP1_BID' of module 'yolo_sys_ps7_0' is unconnected for instance 'ps7' [e:/competition/2_fpga/3_yolo_zynq/proj/board_sys/yolo_a2_board/yolo_a2_board.gen/sources_1/bd/yolo_sys/synth/yolo_sys.v:940]
WARNING: [Synth 8-7071] port 'S_AXI_HP1_RID' of module 'yolo_sys_ps7_0' is unconnected for instance 'ps7' [e:/competition/2_fpga/3_yolo_zynq/proj/board_sys/yolo_a2_board/yolo_a2_board.gen/sources_1/bd/yolo_sys/synth/yolo_sys.v:940]
WARNING: [Synth 8-7071] port 'S_AXI_HP1_RCOUNT' of module 'yolo_sys_ps7_0' is unconnected for instance 'ps7' [e:/competition/2_fpga/3_yolo_zynq/proj/board_sys/yolo_a2_board/yolo_a2_board.gen/sources_1/bd/yolo_sys/synth/yolo_sys.v:940]
WARNING: [Synth 8-7071] port 'S_AXI_HP1_WCOUNT' of module 'yolo_sys_ps7_0' is unconnected for instance 'ps7' [e:/competition/2_fpga/3_yolo_zynq/proj/board_sys/yolo_a2_board/yolo_a2_board.gen/sources_1/bd/yolo_sys/synth/yolo_sys.v:940]
WARNING: [Synth 8-7071] port 'S_AXI_HP1_RACOUNT' of module 'yolo_sys_ps7_0' is unconnected for instance 'ps7' [e:/competition/2_fpga/3_yolo_zynq/proj/board_sys/yolo_a2_board/yolo_a2_board.gen/sources_1/bd/yolo_sys/synth/yolo_sys.v:940]
WARNING: [Synth 8-7071] port 'S_AXI_HP1_WACOUNT' of module 'yolo_sys_ps7_0' is unconnected for instance 'ps7' [e:/competition/2_fpga/3_yolo_zynq/proj/board_sys/yolo_a2_board/yolo_a2_board.gen/sources_1/bd/yolo_sys/synth/yolo_sys.v:940]
WARNING: [Synth 8-7071] port 'MIO' of module 'yolo_sys_ps7_0' is unconnected for instance 'ps7' [e:/competition/2_fpga/3_yolo_zynq/proj/board_sys/yolo_a2_board/yolo_a2_board.gen/sources_1/bd/yolo_sys/synth/yolo_sys.v:940]
WARNING: [Synth 8-7071] port 'DDR_CAS_n' of module 'yolo_sys_ps7_0' is unconnected for instance 'ps7' [e:/competition/2_fpga/3_yolo_zynq/proj/board_sys/yolo_a2_board/yolo_a2_board.gen/sources_1/bd/yolo_sys/synth/yolo_sys.v:940]
WARNING: [Synth 8-7071] port 'DDR_CKE' of module 'yolo_sys_ps7_0' is unconnected for instance 'ps7' [e:/competition/2_fpga/3_yolo_zynq/proj/board_sys/yolo_a2_board/yolo_a2_board.gen/sources_1/bd/yolo_sys/synth/yolo_sys.v:940]
WARNING: [Synth 8-7071] port 'DDR_Clk_n' of module 'yolo_sys_ps7_0' is unconnected for instance 'ps7' [e:/competition/2_fpga/3_yolo_zynq/proj/board_sys/yolo_a2_board/yolo_a2_board.gen/sources_1/bd/yolo_sys/synth/yolo_sys.v:940]
WARNING: [Synth 8-7071] port 'DDR_Clk' of module 'yolo_sys_ps7_0' is unconnected for instance 'ps7' [e:/competition/2_fpga/3_yolo_zynq/proj/board_sys/yolo_a2_board/yolo_a2_board.gen/sources_1/bd/yolo_sys/synth/yolo_sys.v:940]
WARNING: [Synth 8-7071] port 'DDR_CS_n' of module 'yolo_sys_ps7_0' is unconnected for instance 'ps7' [e:/competition/2_fpga/3_yolo_zynq/proj/board_sys/yolo_a2_board/yolo_a2_board.gen/sources_1/bd/yolo_sys/synth/yolo_sys.v:940]
WARNING: [Synth 8-7071] port 'DDR_DRSTB' of module 'yolo_sys_ps7_0' is unconnected for instance 'ps7' [e:/competition/2_fpga/3_yolo_zynq/proj/board_sys/yolo_a2_board/yolo_a2_board.gen/sources_1/bd/yolo_sys/synth/yolo_sys.v:940]
WARNING: [Synth 8-7071] port 'DDR_ODT' of module 'yolo_sys_ps7_0' is unconnected for instance 'ps7' [e:/competition/2_fpga/3_yolo_zynq/proj/board_sys/yolo_a2_board/yolo_a2_board.gen/sources_1/bd/yolo_sys/synth/yolo_sys.v:940]
WARNING: [Synth 8-7071] port 'DDR_RAS_n' of module 'yolo_sys_ps7_0' is unconnected for instance 'ps7' [e:/competition/2_fpga/3_yolo_zynq/proj/board_sys/yolo_a2_board/yolo_a2_board.gen/sources_1/bd/yolo_sys/synth/yolo_sys.v:940]
WARNING: [Synth 8-7071] port 'DDR_WEB' of module 'yolo_sys_ps7_0' is unconnected for instance 'ps7' [e:/competition/2_fpga/3_yolo_zynq/proj/board_sys/yolo_a2_board/yolo_a2_board.gen/sources_1/bd/yolo_sys/synth/yolo_sys.v:940]
WARNING: [Synth 8-7071] port 'DDR_BankAddr' of module 'yolo_sys_ps7_0' is unconnected for instance 'ps7' [e:/competition/2_fpga/3_yolo_zynq/proj/board_sys/yolo_a2_board/yolo_a2_board.gen/sources_1/bd/yolo_sys/synth/yolo_sys.v:940]
WARNING: [Synth 8-7071] port 'DDR_Addr' of module 'yolo_sys_ps7_0' is unconnected for instance 'ps7' [e:/competition/2_fpga/3_yolo_zynq/proj/board_sys/yolo_a2_board/yolo_a2_board.gen/sources_1/bd/yolo_sys/synth/yolo_sys.v:940]
WARNING: [Synth 8-7071] port 'DDR_VRN' of module 'yolo_sys_ps7_0' is unconnected for instance 'ps7' [e:/competition/2_fpga/3_yolo_zynq/proj/board_sys/yolo_a2_board/yolo_a2_board.gen/sources_1/bd/yolo_sys/synth/yolo_sys.v:940]
WARNING: [Synth 8-7071] port 'DDR_VRP' of module 'yolo_sys_ps7_0' is unconnected for instance 'ps7' [e:/competition/2_fpga/3_yolo_zynq/proj/board_sys/yolo_a2_board/yolo_a2_board.gen/sources_1/bd/yolo_sys/synth/yolo_sys.v:940]
WARNING: [Synth 8-7071] port 'DDR_DM' of module 'yolo_sys_ps7_0' is unconnected for instance 'ps7' [e:/competition/2_fpga/3_yolo_zynq/proj/board_sys/yolo_a2_board/yolo_a2_board.gen/sources_1/bd/yolo_sys/synth/yolo_sys.v:940]
WARNING: [Synth 8-7071] port 'DDR_DQ' of module 'yolo_sys_ps7_0' is unconnected for instance 'ps7' [e:/competition/2_fpga/3_yolo_zynq/proj/board_sys/yolo_a2_board/yolo_a2_board.gen/sources_1/bd/yolo_sys/synth/yolo_sys.v:940]
WARNING: [Synth 8-7071] port 'DDR_DQS_n' of module 'yolo_sys_ps7_0' is unconnected for instance 'ps7' [e:/competition/2_fpga/3_yolo_zynq/proj/board_sys/yolo_a2_board/yolo_a2_board.gen/sources_1/bd/yolo_sys/synth/yolo_sys.v:940]
WARNING: [Synth 8-7071] port 'DDR_DQS' of module 'yolo_sys_ps7_0' is unconnected for instance 'ps7' [e:/competition/2_fpga/3_yolo_zynq/proj/board_sys/yolo_a2_board/yolo_a2_board.gen/sources_1/bd/yolo_sys/synth/yolo_sys.v:940]
WARNING: [Synth 8-7071] port 'PS_SRSTB' of module 'yolo_sys_ps7_0' is unconnected for instance 'ps7' [e:/competition/2_fpga/3_yolo_zynq/proj/board_sys/yolo_a2_board/yolo_a2_board.gen/sources_1/bd/yolo_sys/synth/yolo_sys.v:940]
WARNING: [Synth 8-7071] port 'PS_CLK' of module 'yolo_sys_ps7_0' is unconnected for instance 'ps7' [e:/competition/2_fpga/3_yolo_zynq/proj/board_sys/yolo_a2_board/yolo_a2_board.gen/sources_1/bd/yolo_sys/synth/yolo_sys.v:940]
WARNING: [Synth 8-7071] port 'PS_PORB' of module 'yolo_sys_ps7_0' is unconnected for instance 'ps7' [e:/competition/2_fpga/3_yolo_zynq/proj/board_sys/yolo_a2_board/yolo_a2_board.gen/sources_1/bd/yolo_sys/synth/yolo_sys.v:940]
WARNING: [Synth 8-7023] instance 'ps7' of module 'yolo_sys_ps7_0' has 155 connections declared, but only 116 given [e:/competition/2_fpga/3_yolo_zynq/proj/board_sys/yolo_a2_board/yolo_a2_board.gen/sources_1/bd/yolo_sys/synth/yolo_sys.v:940]
INFO: [Synth 8-6157] synthesizing module 'yolo_sys_ps7_axi_periph_0' [e:/competition/2_fpga/3_yolo_zynq/proj/board_sys/yolo_a2_board/yolo_a2_board.gen/sources_1/bd/yolo_sys/synth/yolo_sys.v:1510]
INFO: [Synth 8-6157] synthesizing module 's00_couplers_imp_1RTJS3B' [e:/competition/2_fpga/3_yolo_zynq/proj/board_sys/yolo_a2_board/yolo_a2_board.gen/sources_1/bd/yolo_sys/synth/yolo_sys.v:13]
INFO: [Synth 8-6157] synthesizing module 'yolo_sys_ps7_axi_periph_imp_auto_pc_0' [E:/competition/2_fpga/3_yolo_zynq/proj/board_sys/yolo_a2_board/yolo_a2_board.runs/synth_1/.Xil/Vivado-51332-HC-202510241838/realtime/yolo_sys_ps7_axi_periph_imp_auto_pc_0_stub.v:6]
INFO: [Synth 8-6155] done synthesizing module 'yolo_sys_ps7_axi_periph_imp_auto_pc_0' (0#1) [E:/competition/2_fpga/3_yolo_zynq/proj/board_sys/yolo_a2_board/yolo_a2_board.runs/synth_1/.Xil/Vivado-51332-HC-202510241838/realtime/yolo_sys_ps7_axi_periph_imp_auto_pc_0_stub.v:6]
INFO: [Synth 8-6155] done synthesizing module 's00_couplers_imp_1RTJS3B' (0#1) [e:/competition/2_fpga/3_yolo_zynq/proj/board_sys/yolo_a2_board/yolo_a2_board.gen/sources_1/bd/yolo_sys/synth/yolo_sys.v:13]
INFO: [Synth 8-6155] done synthesizing module 'yolo_sys_ps7_axi_periph_0' (0#1) [e:/competition/2_fpga/3_yolo_zynq/proj/board_sys/yolo_a2_board/yolo_a2_board.gen/sources_1/bd/yolo_sys/synth/yolo_sys.v:1510]
INFO: [Synth 8-6157] synthesizing module 'yolo_sys_rst_150_0' [E:/competition/2_fpga/3_yolo_zynq/proj/board_sys/yolo_a2_board/yolo_a2_board.runs/synth_1/.Xil/Vivado-51332-HC-202510241838/realtime/yolo_sys_rst_150_0_stub.v:6]
INFO: [Synth 8-6155] done synthesizing module 'yolo_sys_rst_150_0' (0#1) [E:/competition/2_fpga/3_yolo_zynq/proj/board_sys/yolo_a2_board/yolo_a2_board.runs/synth_1/.Xil/Vivado-51332-HC-202510241838/realtime/yolo_sys_rst_150_0_stub.v:6]
WARNING: [Synth 8-7071] port 'mb_reset' of module 'yolo_sys_rst_150_0' is unconnected for instance 'rst_150' [e:/competition/2_fpga/3_yolo_zynq/proj/board_sys/yolo_a2_board/yolo_a2_board.gen/sources_1/bd/yolo_sys/synth/yolo_sys.v:1121]
WARNING: [Synth 8-7071] port 'bus_struct_reset' of module 'yolo_sys_rst_150_0' is unconnected for instance 'rst_150' [e:/competition/2_fpga/3_yolo_zynq/proj/board_sys/yolo_a2_board/yolo_a2_board.gen/sources_1/bd/yolo_sys/synth/yolo_sys.v:1121]
WARNING: [Synth 8-7071] port 'peripheral_reset' of module 'yolo_sys_rst_150_0' is unconnected for instance 'rst_150' [e:/competition/2_fpga/3_yolo_zynq/proj/board_sys/yolo_a2_board/yolo_a2_board.gen/sources_1/bd/yolo_sys/synth/yolo_sys.v:1121]
WARNING: [Synth 8-7071] port 'interconnect_aresetn' of module 'yolo_sys_rst_150_0' is unconnected for instance 'rst_150' [e:/competition/2_fpga/3_yolo_zynq/proj/board_sys/yolo_a2_board/yolo_a2_board.gen/sources_1/bd/yolo_sys/synth/yolo_sys.v:1121]
WARNING: [Synth 8-7023] instance 'rst_150' of module 'yolo_sys_rst_150_0' has 10 connections declared, but only 6 given [e:/competition/2_fpga/3_yolo_zynq/proj/board_sys/yolo_a2_board/yolo_a2_board.gen/sources_1/bd/yolo_sys/synth/yolo_sys.v:1121]
INFO: [Synth 8-6155] done synthesizing module 'yolo_sys' (0#1) [e:/competition/2_fpga/3_yolo_zynq/proj/board_sys/yolo_a2_board/yolo_a2_board.gen/sources_1/bd/yolo_sys/synth/yolo_sys.v:638]
INFO: [Synth 8-6155] done synthesizing module 'yolo_sys_wrapper' (0#1) [E:/competition/2_fpga/3_yolo_zynq/proj/board_sys/yolo_a2_board/yolo_a2_board.srcs/sources_1/imports/hdl/yolo_sys_wrapper.v:13]
WARNING: [Synth 8-7129] Port M_ACLK in module s00_couplers_imp_1RTJS3B is either unconnected or has no load
WARNING: [Synth 8-7129] Port M_ARESETN in module s00_couplers_imp_1RTJS3B is either unconnected or has no load
WARNING: [Synth 8-7129] Port ACLK in module yolo_sys_ps7_axi_periph_0 is either unconnected or has no load
WARNING: [Synth 8-7129] Port ARESETN in module yolo_sys_ps7_axi_periph_0 is either unconnected or has no load
WARNING: [Synth 8-7129] Port M_ACLK in module s00_couplers_imp_1YH0F91 is either unconnected or has no load
WARNING: [Synth 8-7129] Port M_ARESETN in module s00_couplers_imp_1YH0F91 is either unconnected or has no load
WARNING: [Synth 8-7129] Port ACLK in module yolo_sys_axi_mem_intercon_1_0 is either unconnected or has no load
WARNING: [Synth 8-7129] Port ARESETN in module yolo_sys_axi_mem_intercon_1_0 is either unconnected or has no load
WARNING: [Synth 8-7129] Port M_ACLK in module s00_couplers_imp_Q91N1A is either unconnected or has no load
WARNING: [Synth 8-7129] Port M_ARESETN in module s00_couplers_imp_Q91N1A is either unconnected or has no load
WARNING: [Synth 8-7129] Port ACLK in module yolo_sys_axi_mem_intercon_0 is either unconnected or has no load
WARNING: [Synth 8-7129] Port ARESETN in module yolo_sys_axi_mem_intercon_0 is either unconnected or has no load
---------------------------------------------------------------------------------
Finished RTL Elaboration : Time (s): cpu = 00:00:05 ; elapsed = 00:00:05 . Memory (MB): peak = 1471.863 ; gain = 667.234
---------------------------------------------------------------------------------
---------------------------------------------------------------------------------
Start Handling Custom Attributes
---------------------------------------------------------------------------------
---------------------------------------------------------------------------------
Finished Handling Custom Attributes : Time (s): cpu = 00:00:05 ; elapsed = 00:00:05 . Memory (MB): peak = 1471.863 ; gain = 667.234
---------------------------------------------------------------------------------
---------------------------------------------------------------------------------
Finished RTL Optimization Phase 1 : Time (s): cpu = 00:00:05 ; elapsed = 00:00:05 . Memory (MB): peak = 1471.863 ; gain = 667.234
---------------------------------------------------------------------------------
Netlist sorting complete. Time (s): cpu = 00:00:00 ; elapsed = 00:00:00.015 . Memory (MB): peak = 1471.863 ; gain = 0.000
INFO: [Project 1-570] Preparing netlist for logic optimization

Processing XDC Constraints
Initializing timing engine
Parsing XDC File [e:/competition/2_fpga/3_yolo_zynq/proj/board_sys/yolo_a2_board/yolo_a2_board.gen/sources_1/bd/yolo_sys/ip/yolo_sys_ps7_0/yolo_sys_ps7_0/yolo_sys_ps7_0_in_context.xdc] for cell 'yolo_sys_i/ps7'
Finished Parsing XDC File [e:/competition/2_fpga/3_yolo_zynq/proj/board_sys/yolo_a2_board/yolo_a2_board.gen/sources_1/bd/yolo_sys/ip/yolo_sys_ps7_0/yolo_sys_ps7_0/yolo_sys_ps7_0_in_context.xdc] for cell 'yolo_sys_i/ps7'
Parsing XDC File [e:/competition/2_fpga/3_yolo_zynq/proj/board_sys/yolo_a2_board/yolo_a2_board.gen/sources_1/bd/yolo_sys/ip/yolo_sys_engine_0/yolo_sys_engine_0/yolo_sys_engine_0_in_context.xdc] for cell 'yolo_sys_i/engine'
Finished Parsing XDC File [e:/competition/2_fpga/3_yolo_zynq/proj/board_sys/yolo_a2_board/yolo_a2_board.gen/sources_1/bd/yolo_sys/ip/yolo_sys_engine_0/yolo_sys_engine_0/yolo_sys_engine_0_in_context.xdc] for cell 'yolo_sys_i/engine'
Parsing XDC File [e:/competition/2_fpga/3_yolo_zynq/proj/board_sys/yolo_a2_board/yolo_a2_board.gen/sources_1/bd/yolo_sys/ip/yolo_sys_rst_150_0/yolo_sys_rst_150_0/yolo_sys_rst_150_0_in_context.xdc] for cell 'yolo_sys_i/rst_150'
Finished Parsing XDC File [e:/competition/2_fpga/3_yolo_zynq/proj/board_sys/yolo_a2_board/yolo_a2_board.gen/sources_1/bd/yolo_sys/ip/yolo_sys_rst_150_0/yolo_sys_rst_150_0/yolo_sys_rst_150_0_in_context.xdc] for cell 'yolo_sys_i/rst_150'
Parsing XDC File [e:/competition/2_fpga/3_yolo_zynq/proj/board_sys/yolo_a2_board/yolo_a2_board.gen/sources_1/bd/yolo_sys/ip/yolo_sys_ps7_axi_periph_imp_auto_pc_0/yolo_sys_ps7_axi_periph_imp_auto_pc_0/yolo_sys_ps7_axi_periph_imp_auto_pc_0_in_context.xdc] for cell 'yolo_sys_i/ps7_axi_periph/s00_couplers/auto_pc'
Finished Parsing XDC File [e:/competition/2_fpga/3_yolo_zynq/proj/board_sys/yolo_a2_board/yolo_a2_board.gen/sources_1/bd/yolo_sys/ip/yolo_sys_ps7_axi_periph_imp_auto_pc_0/yolo_sys_ps7_axi_periph_imp_auto_pc_0/yolo_sys_ps7_axi_periph_imp_auto_pc_0_in_context.xdc] for cell 'yolo_sys_i/ps7_axi_periph/s00_couplers/auto_pc'
Parsing XDC File [e:/competition/2_fpga/3_yolo_zynq/proj/board_sys/yolo_a2_board/yolo_a2_board.gen/sources_1/bd/yolo_sys/ip/yolo_sys_axi_mem_intercon_imp_auto_pc_0/yolo_sys_axi_mem_intercon_imp_auto_pc_0/yolo_sys_axi_mem_intercon_imp_auto_pc_0_in_context.xdc] for cell 'yolo_sys_i/axi_mem_intercon/s00_couplers/auto_pc'
Finished Parsing XDC File [e:/competition/2_fpga/3_yolo_zynq/proj/board_sys/yolo_a2_board/yolo_a2_board.gen/sources_1/bd/yolo_sys/ip/yolo_sys_axi_mem_intercon_imp_auto_pc_0/yolo_sys_axi_mem_intercon_imp_auto_pc_0/yolo_sys_axi_mem_intercon_imp_auto_pc_0_in_context.xdc] for cell 'yolo_sys_i/axi_mem_intercon/s00_couplers/auto_pc'
Parsing XDC File [e:/competition/2_fpga/3_yolo_zynq/proj/board_sys/yolo_a2_board/yolo_a2_board.gen/sources_1/bd/yolo_sys/ip/yolo_sys_axi_mem_intercon_1_imp_auto_pc_0/yolo_sys_axi_mem_intercon_1_imp_auto_pc_0/yolo_sys_axi_mem_intercon_1_imp_auto_pc_0_in_context.xdc] for cell 'yolo_sys_i/axi_mem_intercon_1/s00_couplers/auto_pc'
Finished Parsing XDC File [e:/competition/2_fpga/3_yolo_zynq/proj/board_sys/yolo_a2_board/yolo_a2_board.gen/sources_1/bd/yolo_sys/ip/yolo_sys_axi_mem_intercon_1_imp_auto_pc_0/yolo_sys_axi_mem_intercon_1_imp_auto_pc_0/yolo_sys_axi_mem_intercon_1_imp_auto_pc_0_in_context.xdc] for cell 'yolo_sys_i/axi_mem_intercon_1/s00_couplers/auto_pc'
Parsing XDC File [E:/competition/2_fpga/3_yolo_zynq/proj/board_sys/yolo_sys.xdc]
CRITICAL WARNING: [Constraints 18-1056] Clock 'FCLK0' completely overrides clock 'yolo_sys_i/ps7/FCLK_CLK0'.
New: create_clock -period 16.667 -name FCLK0 [get_pins -hier -filter {NAME =~ *ps7/FCLK_CLK0} -quiet], [E:/competition/2_fpga/3_yolo_zynq/proj/board_sys/yolo_sys.xdc:4]
Previous: create_clock -period 16.666 [get_pins yolo_sys_i/ps7/FCLK_CLK0], [e:/competition/2_fpga/3_yolo_zynq/proj/board_sys/yolo_a2_board/yolo_a2_board.gen/sources_1/bd/yolo_sys/ip/yolo_sys_ps7_0/yolo_sys_ps7_0/yolo_sys_ps7_0_in_context.xdc:1]
Resolution: Review the constraint files and remove the redundant clock definition(s). If the clock constraints are not saved in a file, you can first save the constraints to an XDC file and reload the design once the constraints have been corrected.
Finished Parsing XDC File [E:/competition/2_fpga/3_yolo_zynq/proj/board_sys/yolo_sys.xdc]
Parsing XDC File [E:/competition/2_fpga/3_yolo_zynq/proj/board_sys/yolo_a2_board/yolo_a2_board.runs/synth_1/dont_touch.xdc]
Finished Parsing XDC File [E:/competition/2_fpga/3_yolo_zynq/proj/board_sys/yolo_a2_board/yolo_a2_board.runs/synth_1/dont_touch.xdc]
Completed Processing XDC Constraints

Netlist sorting complete. Time (s): cpu = 00:00:00 ; elapsed = 00:00:00.001 . Memory (MB): peak = 1471.863 ; gain = 0.000
INFO: [Project 1-111] Unisim Transformation Summary:
No Unisim elements were transformed.

Constraint Validation Runtime : Time (s): cpu = 00:00:00 ; elapsed = 00:00:00.005 . Memory (MB): peak = 1471.863 ; gain = 0.000
---------------------------------------------------------------------------------
Finished Constraint Validation : Time (s): cpu = 00:00:10 ; elapsed = 00:00:11 . Memory (MB): peak = 1471.863 ; gain = 667.234
---------------------------------------------------------------------------------
---------------------------------------------------------------------------------
Start Loading Part and Timing Information
---------------------------------------------------------------------------------
Loading part: xc7z020clg484-1
---------------------------------------------------------------------------------
Finished Loading Part and Timing Information : Time (s): cpu = 00:00:10 ; elapsed = 00:00:11 . Memory (MB): peak = 1471.863 ; gain = 667.234
---------------------------------------------------------------------------------
---------------------------------------------------------------------------------
Start Applying 'set_property' XDC Constraints
---------------------------------------------------------------------------------
---------------------------------------------------------------------------------
Finished applying 'set_property' XDC Constraints : Time (s): cpu = 00:00:10 ; elapsed = 00:00:11 . Memory (MB): peak = 1471.863 ; gain = 667.234
---------------------------------------------------------------------------------
---------------------------------------------------------------------------------
Finished RTL Optimization Phase 2 : Time (s): cpu = 00:00:10 ; elapsed = 00:00:11 . Memory (MB): peak = 1471.863 ; gain = 667.234
---------------------------------------------------------------------------------
---------------------------------------------------------------------------------
Start RTL Component Statistics 
---------------------------------------------------------------------------------
Detailed RTL Component Info : 
---------------------------------------------------------------------------------
Finished RTL Component Statistics 
---------------------------------------------------------------------------------
---------------------------------------------------------------------------------
Start Part Resource Summary
---------------------------------------------------------------------------------
Part Resources:
DSPs: 220 (col length:60)
BRAMs: 280 (col length: RAMB18 60 RAMB36 30)
---------------------------------------------------------------------------------
Finished Part Resource Summary
---------------------------------------------------------------------------------
---------------------------------------------------------------------------------
Start Cross Boundary and Area Optimization
---------------------------------------------------------------------------------
WARNING: [Synth 8-7129] Port ACLK in module yolo_sys_ps7_axi_periph_0 is either unconnected or has no load
WARNING: [Synth 8-7129] Port ARESETN in module yolo_sys_ps7_axi_periph_0 is either unconnected or has no load
WARNING: [Synth 8-7129] Port M00_ACLK in module yolo_sys_ps7_axi_periph_0 is either unconnected or has no load
WARNING: [Synth 8-7129] Port M00_ARESETN in module yolo_sys_ps7_axi_periph_0 is either unconnected or has no load
WARNING: [Synth 8-7129] Port ACLK in module yolo_sys_axi_mem_intercon_1_0 is either unconnected or has no load
WARNING: [Synth 8-7129] Port ARESETN in module yolo_sys_axi_mem_intercon_1_0 is either unconnected or has no load
WARNING: [Synth 8-7129] Port M00_ACLK in module yolo_sys_axi_mem_intercon_1_0 is either unconnected or has no load
WARNING: [Synth 8-7129] Port M00_ARESETN in module yolo_sys_axi_mem_intercon_1_0 is either unconnected or has no load
WARNING: [Synth 8-7129] Port ACLK in module yolo_sys_axi_mem_intercon_0 is either unconnected or has no load
WARNING: [Synth 8-7129] Port ARESETN in module yolo_sys_axi_mem_intercon_0 is either unconnected or has no load
WARNING: [Synth 8-7129] Port M00_ACLK in module yolo_sys_axi_mem_intercon_0 is either unconnected or has no load
WARNING: [Synth 8-7129] Port M00_ARESETN in module yolo_sys_axi_mem_intercon_0 is either unconnected or has no load
---------------------------------------------------------------------------------
Finished Cross Boundary and Area Optimization : Time (s): cpu = 00:00:12 ; elapsed = 00:00:13 . Memory (MB): peak = 1484.047 ; gain = 679.418
---------------------------------------------------------------------------------
---------------------------------------------------------------------------------
Start Applying XDC Timing Constraints
---------------------------------------------------------------------------------
---------------------------------------------------------------------------------
Finished Applying XDC Timing Constraints : Time (s): cpu = 00:00:15 ; elapsed = 00:00:16 . Memory (MB): peak = 1651.098 ; gain = 846.469
---------------------------------------------------------------------------------
---------------------------------------------------------------------------------
Start Timing Optimization
---------------------------------------------------------------------------------
---------------------------------------------------------------------------------
Finished Timing Optimization : Time (s): cpu = 00:00:15 ; elapsed = 00:00:16 . Memory (MB): peak = 1651.098 ; gain = 846.469
---------------------------------------------------------------------------------
---------------------------------------------------------------------------------
Start Technology Mapping
---------------------------------------------------------------------------------
---------------------------------------------------------------------------------
Finished Technology Mapping : Time (s): cpu = 00:00:15 ; elapsed = 00:00:16 . Memory (MB): peak = 1662.141 ; gain = 857.512
---------------------------------------------------------------------------------
---------------------------------------------------------------------------------
Start IO Insertion
---------------------------------------------------------------------------------
---------------------------------------------------------------------------------
Start Flattening Before IO Insertion
---------------------------------------------------------------------------------
---------------------------------------------------------------------------------
Finished Flattening Before IO Insertion
---------------------------------------------------------------------------------
---------------------------------------------------------------------------------
Start Final Netlist Cleanup
---------------------------------------------------------------------------------
---------------------------------------------------------------------------------
Finished Final Netlist Cleanup
---------------------------------------------------------------------------------
---------------------------------------------------------------------------------
Finished IO Insertion : Time (s): cpu = 00:00:18 ; elapsed = 00:00:19 . Memory (MB): peak = 1910.422 ; gain = 1105.793
---------------------------------------------------------------------------------
---------------------------------------------------------------------------------
Start Renaming Generated Instances
---------------------------------------------------------------------------------
---------------------------------------------------------------------------------
Finished Renaming Generated Instances : Time (s): cpu = 00:00:18 ; elapsed = 00:00:19 . Memory (MB): peak = 1910.422 ; gain = 1105.793
---------------------------------------------------------------------------------
---------------------------------------------------------------------------------
Start Rebuilding User Hierarchy
---------------------------------------------------------------------------------
---------------------------------------------------------------------------------
Finished Rebuilding User Hierarchy : Time (s): cpu = 00:00:18 ; elapsed = 00:00:19 . Memory (MB): peak = 1910.422 ; gain = 1105.793
---------------------------------------------------------------------------------
---------------------------------------------------------------------------------
Start Renaming Generated Ports
---------------------------------------------------------------------------------
---------------------------------------------------------------------------------
Finished Renaming Generated Ports : Time (s): cpu = 00:00:18 ; elapsed = 00:00:19 . Memory (MB): peak = 1910.422 ; gain = 1105.793
---------------------------------------------------------------------------------
---------------------------------------------------------------------------------
Start Handling Custom Attributes
---------------------------------------------------------------------------------
---------------------------------------------------------------------------------
Finished Handling Custom Attributes : Time (s): cpu = 00:00:18 ; elapsed = 00:00:19 . Memory (MB): peak = 1910.422 ; gain = 1105.793
---------------------------------------------------------------------------------
---------------------------------------------------------------------------------
Start Renaming Generated Nets
---------------------------------------------------------------------------------
---------------------------------------------------------------------------------
Finished Renaming Generated Nets : Time (s): cpu = 00:00:18 ; elapsed = 00:00:19 . Memory (MB): peak = 1910.422 ; gain = 1105.793
---------------------------------------------------------------------------------
---------------------------------------------------------------------------------
Start Writing Synthesis Report
---------------------------------------------------------------------------------

Report BlackBoxes: 
+------+------------------------------------------+----------+
|      |BlackBox name                             |Instances |
+------+------------------------------------------+----------+
|1     |yolo_sys_axi_mem_intercon_imp_auto_pc_0   |         1|
|2     |yolo_sys_axi_mem_intercon_1_imp_auto_pc_0 |         1|
|3     |yolo_sys_engine_0                         |         1|
|4     |yolo_sys_ps7_0                            |         1|
|5     |yolo_sys_ps7_axi_periph_imp_auto_pc_0     |         1|
|6     |yolo_sys_rst_150_0                        |         1|
+------+------------------------------------------+----------+

Report Cell Usage: 
+------+----------------------------------------+------+
|      |Cell                                    |Count |
+------+----------------------------------------+------+
|1     |yolo_sys_axi_mem_intercon_1_imp_auto_pc |     1|
|2     |yolo_sys_axi_mem_intercon_imp_auto_pc   |     1|
|3     |yolo_sys_engine                         |     1|
|4     |yolo_sys_ps7                            |     1|
|5     |yolo_sys_ps7_axi_periph_imp_auto_pc     |     1|
|6     |yolo_sys_rst_150                        |     1|
+------+----------------------------------------+------+
---------------------------------------------------------------------------------
Finished Writing Synthesis Report : Time (s): cpu = 00:00:18 ; elapsed = 00:00:19 . Memory (MB): peak = 1910.422 ; gain = 1105.793
---------------------------------------------------------------------------------
Synthesis finished with 0 errors, 0 critical warnings and 12 warnings.
Synthesis Optimization Runtime : Time (s): cpu = 00:00:12 ; elapsed = 00:00:18 . Memory (MB): peak = 1910.422 ; gain = 1105.793
Synthesis Optimization Complete : Time (s): cpu = 00:00:18 ; elapsed = 00:00:19 . Memory (MB): peak = 1910.422 ; gain = 1105.793
INFO: [Project 1-571] Translating synthesized netlist
Netlist sorting complete. Time (s): cpu = 00:00:00 ; elapsed = 00:00:00.018 . Memory (MB): peak = 1910.422 ; gain = 0.000
INFO: [Project 1-570] Preparing netlist for logic optimization
INFO: [Opt 31-138] Pushed 0 inverter(s) to 0 load pin(s).
Netlist sorting complete. Time (s): cpu = 00:00:00 ; elapsed = 00:00:00 . Memory (MB): peak = 1923.180 ; gain = 0.000
INFO: [Project 1-111] Unisim Transformation Summary:
No Unisim elements were transformed.

Synth Design complete | Checksum: 3491e502
INFO: [Common 17-83] Releasing license: Synthesis
48 Infos, 75 Warnings, 1 Critical Warnings and 0 Errors encountered.
synth_design completed successfully
synth_design: Time (s): cpu = 00:00:21 ; elapsed = 00:00:25 . Memory (MB): peak = 1927.195 ; gain = 1358.250
INFO: [runtcl-6] Synthesis results are not added to the cache due to CRITICAL_WARNING
INFO: [Common 17-1381] The checkpoint 'E:/competition/2_fpga/3_yolo_zynq/proj/board_sys/yolo_a2_board/yolo_a2_board.runs/synth_1/yolo_sys_wrapper.dcp' has been generated.
INFO: [Vivado 12-24828] Executing command : report_utilization -file yolo_sys_wrapper_utilization_synth.rpt -pb yolo_sys_wrapper_utilization_synth.pb
INFO: [Common 17-206] Exiting Vivado at Fri Sep 18 00:15:13 2026...
[Fri Sep 18 00:15:17 2026] synth_1 finished
wait_on_runs: Time (s): cpu = 00:00:00 ; elapsed = 00:03:26 . Memory (MB): peak = 736.797 ; gain = 0.000
# launch_runs impl_1 -to_step write_bitstream -jobs 8
INFO: [Vivado 12-4149] The synthesis checkpoint for IP 'E:/competition/2_fpga/3_yolo_zynq/ip/yolo_xbuf_bmg/yolo_xbuf_bmg.xci' is already up-to-date
INFO: [Vivado 12-4149] The synthesis checkpoint for IP 'E:/competition/2_fpga/3_yolo_zynq/ip/yolo_wbuf_bmg/yolo_wbuf_bmg.xci' is already up-to-date
INFO: [Vivado 12-4149] The synthesis checkpoint for IP 'E:/competition/2_fpga/3_yolo_zynq/ip/yolo_xbuf_bmg/yolo_xbuf_bmg.xci' is already up-to-date
INFO: [Vivado 12-4149] The synthesis checkpoint for IP 'E:/competition/2_fpga/3_yolo_zynq/ip/yolo_wbuf_bmg/yolo_wbuf_bmg.xci' is already up-to-date
[Fri Sep 18 00:15:19 2026] Launched impl_1...
Run output will be captured here: E:/competition/2_fpga/3_yolo_zynq/proj/board_sys/yolo_a2_board/yolo_a2_board.runs/impl_1/runme.log
# wait_on_run impl_1
[Fri Sep 18 00:15:19 2026] Waiting for impl_1 to finish...


*** Running vivado
    with args -log yolo_sys_wrapper.vdi -applog -m64 -product Vivado -messageDb vivado.pb -mode batch -source yolo_sys_wrapper.tcl -notrace



****** Vivado v2025.2 (64-bit)
  **** SW Build 6299465 on Fri Nov 14 19:35:11 GMT 2025
  **** IP Build 6300035 on Fri Nov 14 10:48:45 MST 2025
  **** SharedData Build 6298862 on Thu Nov 13 04:50:51 MST 2025
  **** Start of session at: Fri Sep 18 00:15:25 2026
    ** Copyright 1986-2022 Xilinx, Inc. All Rights Reserved.
    ** Copyright 2022-2025 Advanced Micro Devices, Inc. All Rights Reserved.

source yolo_sys_wrapper.tcl -notrace
Command: link_design -top yolo_sys_wrapper -part xc7z020clg484-1
Design is defaulting to srcset: sources_1
Design is defaulting to constrset: constrs_1
INFO: [Device 21-403] Loading part xc7z020clg484-1
INFO: [Project 1-5699] Read binary netlist with skipMacroContent - 1
INFO: [Project 1-454] Reading design checkpoint 'e:/competition/2_fpga/3_yolo_zynq/proj/board_sys/yolo_a2_board/yolo_a2_board.gen/sources_1/bd/yolo_sys/ip/yolo_sys_engine_0/yolo_sys_engine_0.dcp' for cell 'yolo_sys_i/engine'
INFO: [Project 1-454] Reading design checkpoint 'e:/competition/2_fpga/3_yolo_zynq/proj/board_sys/yolo_a2_board/yolo_a2_board.gen/sources_1/bd/yolo_sys/ip/yolo_sys_ps7_0/yolo_sys_ps7_0.dcp' for cell 'yolo_sys_i/ps7'
INFO: [Project 1-454] Reading design checkpoint 'e:/competition/2_fpga/3_yolo_zynq/proj/board_sys/yolo_a2_board/yolo_a2_board.gen/sources_1/bd/yolo_sys/ip/yolo_sys_rst_150_0/yolo_sys_rst_150_0.dcp' for cell 'yolo_sys_i/rst_150'
INFO: [Project 1-454] Reading design checkpoint 'e:/competition/2_fpga/3_yolo_zynq/proj/board_sys/yolo_a2_board/yolo_a2_board.gen/sources_1/bd/yolo_sys/ip/yolo_sys_axi_mem_intercon_imp_auto_pc_0/yolo_sys_axi_mem_intercon_imp_auto_pc_0.dcp' for cell 'yolo_sys_i/axi_mem_intercon/s00_couplers/auto_pc'
INFO: [Project 1-454] Reading design checkpoint 'e:/competition/2_fpga/3_yolo_zynq/proj/board_sys/yolo_a2_board/yolo_a2_board.gen/sources_1/bd/yolo_sys/ip/yolo_sys_axi_mem_intercon_1_imp_auto_pc_0/yolo_sys_axi_mem_intercon_1_imp_auto_pc_0.dcp' for cell 'yolo_sys_i/axi_mem_intercon_1/s00_couplers/auto_pc'
INFO: [Project 1-454] Reading design checkpoint 'e:/competition/2_fpga/3_yolo_zynq/proj/board_sys/yolo_a2_board/yolo_a2_board.gen/sources_1/bd/yolo_sys/ip/yolo_sys_ps7_axi_periph_imp_auto_pc_0/yolo_sys_ps7_axi_periph_imp_auto_pc_0.dcp' for cell 'yolo_sys_i/ps7_axi_periph/s00_couplers/auto_pc'
INFO: [Project 1-454] Reading design checkpoint 'e:/competition/2_fpga/3_yolo_zynq/ip/yolo_wbuf_bmg/yolo_wbuf_bmg.dcp' for cell 'yolo_sys_i/engine/inst/u_array/u_wbuf/u_bank0'
INFO: [Project 1-454] Reading design checkpoint 'e:/competition/2_fpga/3_yolo_zynq/ip/yolo_wbuf_bmg/yolo_wbuf_bmg.dcp' for cell 'yolo_sys_i/engine/inst/u_array/u_wbuf/u_bank1'
INFO: [Project 1-454] Reading design checkpoint 'e:/competition/2_fpga/3_yolo_zynq/ip/yolo_xbuf_bmg/yolo_xbuf_bmg.dcp' for cell 'yolo_sys_i/engine/inst/u_array/u_xbuf/u_bank0'
INFO: [Project 1-454] Reading design checkpoint 'e:/competition/2_fpga/3_yolo_zynq/ip/yolo_xbuf_bmg/yolo_xbuf_bmg.dcp' for cell 'yolo_sys_i/engine/inst/u_array/u_xbuf/u_bank1'
Netlist sorting complete. Time (s): cpu = 00:00:01 ; elapsed = 00:00:00.680 . Memory (MB): peak = 965.859 ; gain = 0.000
INFO: [Netlist 29-17] Analyzing 8910 Unisim elements for replacement
INFO: [Netlist 29-28] Unisim Transformation completed in 1 CPU seconds
INFO: [Project 1-479] Netlist was created with Vivado 2025.2
INFO: [Project 1-570] Preparing netlist for logic optimization
Parsing XDC File [e:/competition/2_fpga/3_yolo_zynq/proj/board_sys/yolo_a2_board/yolo_a2_board.gen/sources_1/bd/yolo_sys/ip/yolo_sys_ps7_0/yolo_sys_ps7_0.xdc] for cell 'yolo_sys_i/ps7/inst'
WARNING: [Vivado 12-2489] -input_jitter contains time 0.499980 which will be rounded to 0.500 to ensure it is an integer multiple of 1 picosecond [e:/competition/2_fpga/3_yolo_zynq/proj/board_sys/yolo_a2_board/yolo_a2_board.gen/sources_1/bd/yolo_sys/ip/yolo_sys_ps7_0/yolo_sys_ps7_0.xdc:21]
CRITICAL WARNING: [Netlist 29-160] Cannot set property 'iostandard', because the property does not exist for objects of type 'pin'. [e:/competition/2_fpga/3_yolo_zynq/proj/board_sys/yolo_a2_board/yolo_a2_board.gen/sources_1/bd/yolo_sys/ip/yolo_sys_ps7_0/yolo_sys_ps7_0.xdc:30]
Resolution: Modify the set_property command to apply the property on the correct object type. Since the property is being applied as a scoped constraint, ensure the proper connectivity of the object port objects can be translated into pin objects. This could be due to the insertion of IO Buffers between the top level terminal and cell pin. If the goal is to apply constraints that will migrate to top level ports it is required that IO Buffers manually be instanced.
CRITICAL WARNING: [Netlist 29-160] Cannot set property 'PACKAGE_PIN', because the property does not exist for objects of type 'pin'. [e:/competition/2_fpga/3_yolo_zynq/proj/board_sys/yolo_a2_board/yolo_a2_board.gen/sources_1/bd/yolo_sys/ip/yolo_sys_ps7_0/yolo_sys_ps7_0.xdc:31]
Resolution: Modify the set_property command to apply the property on the correct object type. Since the property is being applied as a scoped constraint, ensure the proper connectivity of the object port objects can be translated into pin objects. This could be due to the insertion of IO Buffers between the top level terminal and cell pin. If the goal is to apply constraints that will migrate to top level ports it is required that IO Buffers manually be instanced.
CRITICAL WARNING: [Netlist 29-160] Cannot set property 'slew', because the property does not exist for objects of type 'pin'. [e:/competition/2_fpga/3_yolo_zynq/proj/board_sys/yolo_a2_board/yolo_a2_board.gen/sources_1/bd/yolo_sys/ip/yolo_sys_ps7_0/yolo_sys_ps7_0.xdc:32]
Resolution: Modify the set_property command to apply the property on the correct object type. Since the property is being applied as a scoped constraint, ensure the proper connectivity of the object port objects can be translated into pin objects. This could be due to the insertion of IO Buffers between the top level terminal and cell pin. If the goal is to apply constraints that will migrate to top level ports it is required that IO Buffers manually be instanced.
CRITICAL WARNING: [Netlist 29-160] Cannot set property 'drive', because the property does not exist for objects of type 'pin'. [e:/competition/2_fpga/3_yolo_zynq/proj/board_sys/yolo_a2_board/yolo_a2_board.gen/sources_1/bd/yolo_sys/ip/yolo_sys_ps7_0/yolo_sys_ps7_0.xdc:33]
Resolution: Modify the set_property command to apply the property on the correct object type. Since the property is being applied as a scoped constraint, ensure the proper connectivity of the object port objects can be translated into pin objects. This could be due to the insertion of IO Buffers between the top level terminal and cell pin. If the goal is to apply constraints that will migrate to top level ports it is required that IO Buffers manually be instanced.
CRITICAL WARNING: [Netlist 29-160] Cannot set property 'PIO_DIRECTION', because the property does not exist for objects of type 'pin'. [e:/competition/2_fpga/3_yolo_zynq/proj/board_sys/yolo_a2_board/yolo_a2_board.gen/sources_1/bd/yolo_sys/ip/yolo_sys_ps7_0/yolo_sys_ps7_0.xdc:34]
Resolution: Modify the set_property command to apply the property on the correct object type. Since the property is being applied as a scoped constraint, ensure the proper connectivity of the object port objects can be translated into pin objects. This could be due to the insertion of IO Buffers between the top level terminal and cell pin. If the goal is to apply constraints that will migrate to top level ports it is required that IO Buffers manually be instanced.
CRITICAL WARNING: [Netlist 29-160] Cannot set property 'iostandard', because the property does not exist for objects of type 'pin'. [e:/competition/2_fpga/3_yolo_zynq/proj/board_sys/yolo_a2_board/yolo_a2_board.gen/sources_1/bd/yolo_sys/ip/yolo_sys_ps7_0/yolo_sys_ps7_0.xdc:36]
Resolution: Modify the set_property command to apply the property on the correct object type. Since the property is being applied as a scoped constraint, ensure the proper connectivity of the object port objects can be translated into pin objects. This could be due to the insertion of IO Buffers between the top level terminal and cell pin. If the goal is to apply constraints that will migrate to top level ports it is required that IO Buffers manually be instanced.
CRITICAL WARNING: [Netlist 29-160] Cannot set property 'PACKAGE_PIN', because the property does not exist for objects of type 'pin'. [e:/competition/2_fpga/3_yolo_zynq/proj/board_sys/yolo_a2_board/yolo_a2_board.gen/sources_1/bd/yolo_sys/ip/yolo_sys_ps7_0/yolo_sys_ps7_0.xdc:37]
Resolution: Modify the set_property command to apply the property on the correct object type. Since the property is being applied as a scoped constraint, ensure the proper connectivity of the object port objects can be translated into pin objects. This could be due to the insertion of IO Buffers between the top level terminal and cell pin. If the goal is to apply constraints that will migrate to top level ports it is required that IO Buffers manually be instanced.
CRITICAL WARNING: [Netlist 29-160] Cannot set property 'slew', because the property does not exist for objects of type 'pin'. [e:/competition/2_fpga/3_yolo_zynq/proj/board_sys/yolo_a2_board/yolo_a2_board.gen/sources_1/bd/yolo_sys/ip/yolo_sys_ps7_0/yolo_sys_ps7_0.xdc:38]
Resolution: Modify the set_property command to apply the property on the correct object type. Since the property is being applied as a scoped constraint, ensure the proper connectivity of the object port objects can be translated into pin objects. This could be due to the insertion of IO Buffers between the top level terminal and cell pin. If the goal is to apply constraints that will migrate to top level ports it is required that IO Buffers manually be instanced.
CRITICAL WARNING: [Netlist 29-160] Cannot set property 'drive', because the property does not exist for objects of type 'pin'. [e:/competition/2_fpga/3_yolo_zynq/proj/board_sys/yolo_a2_board/yolo_a2_board.gen/sources_1/bd/yolo_sys/ip/yolo_sys_ps7_0/yolo_sys_ps7_0.xdc:39]
Resolution: Modify the set_property command to apply the property on the correct object type. Since the property is being applied as a scoped constraint, ensure the proper connectivity of the object port objects can be translated into pin objects. This could be due to the insertion of IO Buffers between the top level terminal and cell pin. If the goal is to apply constraints that will migrate to top level ports it is required that IO Buffers manually be instanced.
CRITICAL WARNING: [Netlist 29-160] Cannot set property 'PIO_DIRECTION', because the property does not exist for objects of type 'pin'. [e:/competition/2_fpga/3_yolo_zynq/proj/board_sys/yolo_a2_board/yolo_a2_board.gen/sources_1/bd/yolo_sys/ip/yolo_sys_ps7_0/yolo_sys_ps7_0.xdc:40]
Resolution: Modify the set_property command to apply the property on the correct object type. Since the property is being applied as a scoped constraint, ensure the proper connectivity of the object port objects can be translated into pin objects. This could be due to the insertion of IO Buffers between the top level terminal and cell pin. If the goal is to apply constraints that will migrate to top level ports it is required that IO Buffers manually be instanced.
CRITICAL WARNING: [Netlist 29-160] Cannot set property 'iostandard', because the property does not exist for objects of type 'pin'. [e:/competition/2_fpga/3_yolo_zynq/proj/board_sys/yolo_a2_board/yolo_a2_board.gen/sources_1/bd/yolo_sys/ip/yolo_sys_ps7_0/yolo_sys_ps7_0.xdc:42]
Resolution: Modify the set_property command to apply the property on the correct object type. Since the property is being applied as a scoped constraint, ensure the proper connectivity of the object port objects can be translated into pin objects. This could be due to the insertion of IO Buffers between the top level terminal and cell pin. If the goal is to apply constraints that will migrate to top level ports it is required that IO Buffers manually be instanced.
CRITICAL WARNING: [Netlist 29-160] Cannot set property 'PACKAGE_PIN', because the property does not exist for objects of type 'pin'. [e:/competition/2_fpga/3_yolo_zynq/proj/board_sys/yolo_a2_board/yolo_a2_board.gen/sources_1/bd/yolo_sys/ip/yolo_sys_ps7_0/yolo_sys_ps7_0.xdc:43]
Resolution: Modify the set_property command to apply the property on the correct object type. Since the property is being applied as a scoped constraint, ensure the proper connectivity of the object port objects can be translated into pin objects. This could be due to the insertion of IO Buffers between the top level terminal and cell pin. If the goal is to apply constraints that will migrate to top level ports it is required that IO Buffers manually be instanced.
CRITICAL WARNING: [Netlist 29-160] Cannot set property 'slew', because the property does not exist for objects of type 'pin'. [e:/competition/2_fpga/3_yolo_zynq/proj/board_sys/yolo_a2_board/yolo_a2_board.gen/sources_1/bd/yolo_sys/ip/yolo_sys_ps7_0/yolo_sys_ps7_0.xdc:44]
Resolution: Modify the set_property command to apply the property on the correct object type. Since the property is being applied as a scoped constraint, ensure the proper connectivity of the object port objects can be translated into pin objects. This could be due to the insertion of IO Buffers between the top level terminal and cell pin. If the goal is to apply constraints that will migrate to top level ports it is required that IO Buffers manually be instanced.
CRITICAL WARNING: [Netlist 29-160] Cannot set property 'drive', because the property does not exist for objects of type 'pin'. [e:/competition/2_fpga/3_yolo_zynq/proj/board_sys/yolo_a2_board/yolo_a2_board.gen/sources_1/bd/yolo_sys/ip/yolo_sys_ps7_0/yolo_sys_ps7_0.xdc:45]
Resolution: Modify the set_property command to apply the property on the correct object type. Since the property is being applied as a scoped constraint, ensure the proper connectivity of the object port objects can be translated into pin objects. This could be due to the insertion of IO Buffers between the top level terminal and cell pin. If the goal is to apply constraints that will migrate to top level ports it is required that IO Buffers manually be instanced.
CRITICAL WARNING: [Netlist 29-160] Cannot set property 'pullup', because the property does not exist for objects of type 'pin'. [e:/competition/2_fpga/3_yolo_zynq/proj/board_sys/yolo_a2_board/yolo_a2_board.gen/sources_1/bd/yolo_sys/ip/yolo_sys_ps7_0/yolo_sys_ps7_0.xdc:46]
Resolution: Modify the set_property command to apply the property on the correct object type. Since the property is being applied as a scoped constraint, ensure the proper connectivity of the object port objects can be translated into pin objects. This could be due to the insertion of IO Buffers between the top level terminal and cell pin. If the goal is to apply constraints that will migrate to top level ports it is required that IO Buffers manually be instanced.
CRITICAL WARNING: [Netlist 29-160] Cannot set property 'PIO_DIRECTION', because the property does not exist for objects of type 'pin'. [e:/competition/2_fpga/3_yolo_zynq/proj/board_sys/yolo_a2_board/yolo_a2_board.gen/sources_1/bd/yolo_sys/ip/yolo_sys_ps7_0/yolo_sys_ps7_0.xdc:47]
Resolution: Modify the set_property command to apply the property on the correct object type. Since the property is being applied as a scoped constraint, ensure the proper connectivity of the object port objects can be translated into pin objects. This could be due to the insertion of IO Buffers between the top level terminal and cell pin. If the goal is to apply constraints that will migrate to top level ports it is required that IO Buffers manually be instanced.
CRITICAL WARNING: [Netlist 29-160] Cannot set property 'iostandard', because the property does not exist for objects of type 'pin'. [e:/competition/2_fpga/3_yolo_zynq/proj/board_sys/yolo_a2_board/yolo_a2_board.gen/sources_1/bd/yolo_sys/ip/yolo_sys_ps7_0/yolo_sys_ps7_0.xdc:49]
Resolution: Modify the set_property command to apply the property on the correct object type. Since the property is being applied as a scoped constraint, ensure the proper connectivity of the object port objects can be translated into pin objects. This could be due to the insertion of IO Buffers between the top level terminal and cell pin. If the goal is to apply constraints that will migrate to top level ports it is required that IO Buffers manually be instanced.
CRITICAL WARNING: [Netlist 29-160] Cannot set property 'PACKAGE_PIN', because the property does not exist for objects of type 'pin'. [e:/competition/2_fpga/3_yolo_zynq/proj/board_sys/yolo_a2_board/yolo_a2_board.gen/sources_1/bd/yolo_sys/ip/yolo_sys_ps7_0/yolo_sys_ps7_0.xdc:50]
Resolution: Modify the set_property command to apply the property on the correct object type. Since the property is being applied as a scoped constraint, ensure the proper connectivity of the object port objects can be translated into pin objects. This could be due to the insertion of IO Buffers between the top level terminal and cell pin. If the goal is to apply constraints that will migrate to top level ports it is required that IO Buffers manually be instanced.
CRITICAL WARNING: [Netlist 29-160] Cannot set property 'slew', because the property does not exist for objects of type 'pin'. [e:/competition/2_fpga/3_yolo_zynq/proj/board_sys/yolo_a2_board/yolo_a2_board.gen/sources_1/bd/yolo_sys/ip/yolo_sys_ps7_0/yolo_sys_ps7_0.xdc:51]
Resolution: Modify the set_property command to apply the property on the correct object type. Since the property is being applied as a scoped constraint, ensure the proper connectivity of the object port objects can be translated into pin objects. This could be due to the insertion of IO Buffers between the top level terminal and cell pin. If the goal is to apply constraints that will migrate to top level ports it is required that IO Buffers manually be instanced.
CRITICAL WARNING: [Netlist 29-160] Cannot set property 'drive', because the property does not exist for objects of type 'pin'. [e:/competition/2_fpga/3_yolo_zynq/proj/board_sys/yolo_a2_board/yolo_a2_board.gen/sources_1/bd/yolo_sys/ip/yolo_sys_ps7_0/yolo_sys_ps7_0.xdc:52]
Resolution: Modify the set_property command to apply the property on the correct object type. Since the property is being applied as a scoped constraint, ensure the proper connectivity of the object port objects can be translated into pin objects. This could be due to the insertion of IO Buffers between the top level terminal and cell pin. If the goal is to apply constraints that will migrate to top level ports it is required that IO Buffers manually be instanced.
CRITICAL WARNING: [Netlist 29-160] Cannot set property 'pullup', because the property does not exist for objects of type 'pin'. [e:/competition/2_fpga/3_yolo_zynq/proj/board_sys/yolo_a2_board/yolo_a2_board.gen/sources_1/bd/yolo_sys/ip/yolo_sys_ps7_0/yolo_sys_ps7_0.xdc:53]
Resolution: Modify the set_property command to apply the property on the correct object type. Since the property is being applied as a scoped constraint, ensure the proper connectivity of the object port objects can be translated into pin objects. This could be due to the insertion of IO Buffers between the top level terminal and cell pin. If the goal is to apply constraints that will migrate to top level ports it is required that IO Buffers manually be instanced.
CRITICAL WARNING: [Netlist 29-160] Cannot set property 'PIO_DIRECTION', because the property does not exist for objects of type 'pin'. [e:/competition/2_fpga/3_yolo_zynq/proj/board_sys/yolo_a2_board/yolo_a2_board.gen/sources_1/bd/yolo_sys/ip/yolo_sys_ps7_0/yolo_sys_ps7_0.xdc:54]
Resolution: Modify the set_property command to apply the property on the correct object type. Since the property is being applied as a scoped constraint, ensure the proper connectivity of the object port objects can be translated into pin objects. This could be due to the insertion of IO Buffers between the top level terminal and cell pin. If the goal is to apply constraints that will migrate to top level ports it is required that IO Buffers manually be instanced.
CRITICAL WARNING: [Netlist 29-160] Cannot set property 'iostandard', because the property does not exist for objects of type 'pin'. [e:/competition/2_fpga/3_yolo_zynq/proj/board_sys/yolo_a2_board/yolo_a2_board.gen/sources_1/bd/yolo_sys/ip/yolo_sys_ps7_0/yolo_sys_ps7_0.xdc:56]
Resolution: Modify the set_property command to apply the property on the correct object type. Since the property is being applied as a scoped constraint, ensure the proper connectivity of the object port objects can be translated into pin objects. This could be due to the insertion of IO Buffers between the top level terminal and cell pin. If the goal is to apply constraints that will migrate to top level ports it is required that IO Buffers manually be instanced.
CRITICAL WARNING: [Netlist 29-160] Cannot set property 'PACKAGE_PIN', because the property does not exist for objects of type 'pin'. [e:/competition/2_fpga/3_yolo_zynq/proj/board_sys/yolo_a2_board/yolo_a2_board.gen/sources_1/bd/yolo_sys/ip/yolo_sys_ps7_0/yolo_sys_ps7_0.xdc:57]
Resolution: Modify the set_property command to apply the property on the correct object type. Since the property is being applied as a scoped constraint, ensure the proper connectivity of the object port objects can be translated into pin objects. This could be due to the insertion of IO Buffers between the top level terminal and cell pin. If the goal is to apply constraints that will migrate to top level ports it is required that IO Buffers manually be instanced.
CRITICAL WARNING: [Netlist 29-160] Cannot set property 'slew', because the property does not exist for objects of type 'pin'. [e:/competition/2_fpga/3_yolo_zynq/proj/board_sys/yolo_a2_board/yolo_a2_board.gen/sources_1/bd/yolo_sys/ip/yolo_sys_ps7_0/yolo_sys_ps7_0.xdc:58]
Resolution: Modify the set_property command to apply the property on the correct object type. Since the property is being applied as a scoped constraint, ensure the proper connectivity of the object port objects can be translated into pin objects. This could be due to the insertion of IO Buffers between the top level terminal and cell pin. If the goal is to apply constraints that will migrate to top level ports it is required that IO Buffers manually be instanced.
CRITICAL WARNING: [Netlist 29-160] Cannot set property 'drive', because the property does not exist for objects of type 'pin'. [e:/competition/2_fpga/3_yolo_zynq/proj/board_sys/yolo_a2_board/yolo_a2_board.gen/sources_1/bd/yolo_sys/ip/yolo_sys_ps7_0/yolo_sys_ps7_0.xdc:59]
Resolution: Modify the set_property command to apply the property on the correct object type. Since the property is being applied as a scoped constraint, ensure the proper connectivity of the object port objects can be translated into pin objects. This could be due to the insertion of IO Buffers between the top level terminal and cell pin. If the goal is to apply constraints that will migrate to top level ports it is required that IO Buffers manually be instanced.
CRITICAL WARNING: [Netlist 29-160] Cannot set property 'pullup', because the property does not exist for objects of type 'pin'. [e:/competition/2_fpga/3_yolo_zynq/proj/board_sys/yolo_a2_board/yolo_a2_board.gen/sources_1/bd/yolo_sys/ip/yolo_sys_ps7_0/yolo_sys_ps7_0.xdc:60]
Resolution: Modify the set_property command to apply the property on the correct object type. Since the property is being applied as a scoped constraint, ensure the proper connectivity of the object port objects can be translated into pin objects. This could be due to the insertion of IO Buffers between the top level terminal and cell pin. If the goal is to apply constraints that will migrate to top level ports it is required that IO Buffers manually be instanced.
CRITICAL WARNING: [Netlist 29-160] Cannot set property 'PIO_DIRECTION', because the property does not exist for objects of type 'pin'. [e:/competition/2_fpga/3_yolo_zynq/proj/board_sys/yolo_a2_board/yolo_a2_board.gen/sources_1/bd/yolo_sys/ip/yolo_sys_ps7_0/yolo_sys_ps7_0.xdc:61]
Resolution: Modify the set_property command to apply the property on the correct object type. Since the property is being applied as a scoped constraint, ensure the proper connectivity of the object port objects can be translated into pin objects. This could be due to the insertion of IO Buffers between the top level terminal and cell pin. If the goal is to apply constraints that will migrate to top level ports it is required that IO Buffers manually be instanced.
CRITICAL WARNING: [Netlist 29-160] Cannot set property 'iostandard', because the property does not exist for objects of type 'pin'. [e:/competition/2_fpga/3_yolo_zynq/proj/board_sys/yolo_a2_board/yolo_a2_board.gen/sources_1/bd/yolo_sys/ip/yolo_sys_ps7_0/yolo_sys_ps7_0.xdc:63]
Resolution: Modify the set_property command to apply the property on the correct object type. Since the property is being applied as a scoped constraint, ensure the proper connectivity of the object port objects can be translated into pin objects. This could be due to the insertion of IO Buffers between the top level terminal and cell pin. If the goal is to apply constraints that will migrate to top level ports it is required that IO Buffers manually be instanced.
CRITICAL WARNING: [Netlist 29-160] Cannot set property 'PACKAGE_PIN', because the property does not exist for objects of type 'pin'. [e:/competition/2_fpga/3_yolo_zynq/proj/board_sys/yolo_a2_board/yolo_a2_board.gen/sources_1/bd/yolo_sys/ip/yolo_sys_ps7_0/yolo_sys_ps7_0.xdc:64]
Resolution: Modify the set_property command to apply the property on the correct object type. Since the property is being applied as a scoped constraint, ensure the proper connectivity of the object port objects can be translated into pin objects. This could be due to the insertion of IO Buffers between the top level terminal and cell pin. If the goal is to apply constraints that will migrate to top level ports it is required that IO Buffers manually be instanced.
CRITICAL WARNING: [Netlist 29-160] Cannot set property 'slew', because the property does not exist for objects of type 'pin'. [e:/competition/2_fpga/3_yolo_zynq/proj/board_sys/yolo_a2_board/yolo_a2_board.gen/sources_1/bd/yolo_sys/ip/yolo_sys_ps7_0/yolo_sys_ps7_0.xdc:65]
Resolution: Modify the set_property command to apply the property on the correct object type. Since the property is being applied as a scoped constraint, ensure the proper connectivity of the object port objects can be translated into pin objects. This could be due to the insertion of IO Buffers between the top level terminal and cell pin. If the goal is to apply constraints that will migrate to top level ports it is required that IO Buffers manually be instanced.
CRITICAL WARNING: [Netlist 29-160] Cannot set property 'drive', because the property does not exist for objects of type 'pin'. [e:/competition/2_fpga/3_yolo_zynq/proj/board_sys/yolo_a2_board/yolo_a2_board.gen/sources_1/bd/yolo_sys/ip/yolo_sys_ps7_0/yolo_sys_ps7_0.xdc:66]
Resolution: Modify the set_property command to apply the property on the correct object type. Since the property is being applied as a scoped constraint, ensure the proper connectivity of the object port objects can be translated into pin objects. This could be due to the insertion of IO Buffers between the top level terminal and cell pin. If the goal is to apply constraints that will migrate to top level ports it is required that IO Buffers manually be instanced.
CRITICAL WARNING: [Netlist 29-160] Cannot set property 'pullup', because the property does not exist for objects of type 'pin'. [e:/competition/2_fpga/3_yolo_zynq/proj/board_sys/yolo_a2_board/yolo_a2_board.gen/sources_1/bd/yolo_sys/ip/yolo_sys_ps7_0/yolo_sys_ps7_0.xdc:67]
Resolution: Modify the set_property command to apply the property on the correct object type. Since the property is being applied as a scoped constraint, ensure the proper connectivity of the object port objects can be translated into pin objects. This could be due to the insertion of IO Buffers between the top level terminal and cell pin. If the goal is to apply constraints that will migrate to top level ports it is required that IO Buffers manually be instanced.
CRITICAL WARNING: [Netlist 29-160] Cannot set property 'PIO_DIRECTION', because the property does not exist for objects of type 'pin'. [e:/competition/2_fpga/3_yolo_zynq/proj/board_sys/yolo_a2_board/yolo_a2_board.gen/sources_1/bd/yolo_sys/ip/yolo_sys_ps7_0/yolo_sys_ps7_0.xdc:68]
Resolution: Modify the set_property command to apply the property on the correct object type. Since the property is being applied as a scoped constraint, ensure the proper connectivity of the object port objects can be translated into pin objects. This could be due to the insertion of IO Buffers between the top level terminal and cell pin. If the goal is to apply constraints that will migrate to top level ports it is required that IO Buffers manually be instanced.
CRITICAL WARNING: [Netlist 29-160] Cannot set property 'iostandard', because the property does not exist for objects of type 'pin'. [e:/competition/2_fpga/3_yolo_zynq/proj/board_sys/yolo_a2_board/yolo_a2_board.gen/sources_1/bd/yolo_sys/ip/yolo_sys_ps7_0/yolo_sys_ps7_0.xdc:70]
Resolution: Modify the set_property command to apply the property on the correct object type. Since the property is being applied as a scoped constraint, ensure the proper connectivity of the object port objects can be translated into pin objects. This could be due to the insertion of IO Buffers between the top level terminal and cell pin. If the goal is to apply constraints that will migrate to top level ports it is required that IO Buffers manually be instanced.
CRITICAL WARNING: [Netlist 29-160] Cannot set property 'PACKAGE_PIN', because the property does not exist for objects of type 'pin'. [e:/competition/2_fpga/3_yolo_zynq/proj/board_sys/yolo_a2_board/yolo_a2_board.gen/sources_1/bd/yolo_sys/ip/yolo_sys_ps7_0/yolo_sys_ps7_0.xdc:71]
Resolution: Modify the set_property command to apply the property on the correct object type. Since the property is being applied as a scoped constraint, ensure the proper connectivity of the object port objects can be translated into pin objects. This could be due to the insertion of IO Buffers between the top level terminal and cell pin. If the goal is to apply constraints that will migrate to top level ports it is required that IO Buffers manually be instanced.
CRITICAL WARNING: [Netlist 29-160] Cannot set property 'slew', because the property does not exist for objects of type 'pin'. [e:/competition/2_fpga/3_yolo_zynq/proj/board_sys/yolo_a2_board/yolo_a2_board.gen/sources_1/bd/yolo_sys/ip/yolo_sys_ps7_0/yolo_sys_ps7_0.xdc:72]
Resolution: Modify the set_property command to apply the property on the correct object type. Since the property is being applied as a scoped constraint, ensure the proper connectivity of the object port objects can be translated into pin objects. This could be due to the insertion of IO Buffers between the top level terminal and cell pin. If the goal is to apply constraints that will migrate to top level ports it is required that IO Buffers manually be instanced.
CRITICAL WARNING: [Netlist 29-160] Cannot set property 'drive', because the property does not exist for objects of type 'pin'. [e:/competition/2_fpga/3_yolo_zynq/proj/board_sys/yolo_a2_board/yolo_a2_board.gen/sources_1/bd/yolo_sys/ip/yolo_sys_ps7_0/yolo_sys_ps7_0.xdc:73]
Resolution: Modify the set_property command to apply the property on the correct object type. Since the property is being applied as a scoped constraint, ensure the proper connectivity of the object port objects can be translated into pin objects. This could be due to the insertion of IO Buffers between the top level terminal and cell pin. If the goal is to apply constraints that will migrate to top level ports it is required that IO Buffers manually be instanced.
CRITICAL WARNING: [Netlist 29-160] Cannot set property 'PIO_DIRECTION', because the property does not exist for objects of type 'pin'. [e:/competition/2_fpga/3_yolo_zynq/proj/board_sys/yolo_a2_board/yolo_a2_board.gen/sources_1/bd/yolo_sys/ip/yolo_sys_ps7_0/yolo_sys_ps7_0.xdc:74]
Resolution: Modify the set_property command to apply the property on the correct object type. Since the property is being applied as a scoped constraint, ensure the proper connectivity of the object port objects can be translated into pin objects. This could be due to the insertion of IO Buffers between the top level terminal and cell pin. If the goal is to apply constraints that will migrate to top level ports it is required that IO Buffers manually be instanced.
CRITICAL WARNING: [Netlist 29-160] Cannot set property 'iostandard', because the property does not exist for objects of type 'pin'. [e:/competition/2_fpga/3_yolo_zynq/proj/board_sys/yolo_a2_board/yolo_a2_board.gen/sources_1/bd/yolo_sys/ip/yolo_sys_ps7_0/yolo_sys_ps7_0.xdc:76]
Resolution: Modify the set_property command to apply the property on the correct object type. Since the property is being applied as a scoped constraint, ensure the proper connectivity of the object port objects can be translated into pin objects. This could be due to the insertion of IO Buffers between the top level terminal and cell pin. If the goal is to apply constraints that will migrate to top level ports it is required that IO Buffers manually be instanced.
CRITICAL WARNING: [Netlist 29-160] Cannot set property 'PACKAGE_PIN', because the property does not exist for objects of type 'pin'. [e:/competition/2_fpga/3_yolo_zynq/proj/board_sys/yolo_a2_board/yolo_a2_board.gen/sources_1/bd/yolo_sys/ip/yolo_sys_ps7_0/yolo_sys_ps7_0.xdc:77]
Resolution: Modify the set_property command to apply the property on the correct object type. Since the property is being applied as a scoped constraint, ensure the proper connectivity of the object port objects can be translated into pin objects. This could be due to the insertion of IO Buffers between the top level terminal and cell pin. If the goal is to apply constraints that will migrate to top level ports it is required that IO Buffers manually be instanced.
CRITICAL WARNING: [Netlist 29-160] Cannot set property 'slew', because the property does not exist for objects of type 'pin'. [e:/competition/2_fpga/3_yolo_zynq/proj/board_sys/yolo_a2_board/yolo_a2_board.gen/sources_1/bd/yolo_sys/ip/yolo_sys_ps7_0/yolo_sys_ps7_0.xdc:78]
Resolution: Modify the set_property command to apply the property on the correct object type. Since the property is being applied as a scoped constraint, ensure the proper connectivity of the object port objects can be translated into pin objects. This could be due to the insertion of IO Buffers between the top level terminal and cell pin. If the goal is to apply constraints that will migrate to top level ports it is required that IO Buffers manually be instanced.
CRITICAL WARNING: [Netlist 29-160] Cannot set property 'drive', because the property does not exist for objects of type 'pin'. [e:/competition/2_fpga/3_yolo_zynq/proj/board_sys/yolo_a2_board/yolo_a2_board.gen/sources_1/bd/yolo_sys/ip/yolo_sys_ps7_0/yolo_sys_ps7_0.xdc:79]
Resolution: Modify the set_property command to apply the property on the correct object type. Since the property is being applied as a scoped constraint, ensure the proper connectivity of the object port objects can be translated into pin objects. This could be due to the insertion of IO Buffers between the top level terminal and cell pin. If the goal is to apply constraints that will migrate to top level ports it is required that IO Buffers manually be instanced.
CRITICAL WARNING: [Netlist 29-160] Cannot set property 'pullup', because the property does not exist for objects of type 'pin'. [e:/competition/2_fpga/3_yolo_zynq/proj/board_sys/yolo_a2_board/yolo_a2_board.gen/sources_1/bd/yolo_sys/ip/yolo_sys_ps7_0/yolo_sys_ps7_0.xdc:80]
Resolution: Modify the set_property command to apply the property on the correct object type. Since the property is being applied as a scoped constraint, ensure the proper connectivity of the object port objects can be translated into pin objects. This could be due to the insertion of IO Buffers between the top level terminal and cell pin. If the goal is to apply constraints that will migrate to top level ports it is required that IO Buffers manually be instanced.
CRITICAL WARNING: [Netlist 29-160] Cannot set property 'PIO_DIRECTION', because the property does not exist for objects of type 'pin'. [e:/competition/2_fpga/3_yolo_zynq/proj/board_sys/yolo_a2_board/yolo_a2_board.gen/sources_1/bd/yolo_sys/ip/yolo_sys_ps7_0/yolo_sys_ps7_0.xdc:81]
Resolution: Modify the set_property command to apply the property on the correct object type. Since the property is being applied as a scoped constraint, ensure the proper connectivity of the object port objects can be translated into pin objects. This could be due to the insertion of IO Buffers between the top level terminal and cell pin. If the goal is to apply constraints that will migrate to top level ports it is required that IO Buffers manually be instanced.
CRITICAL WARNING: [Netlist 29-160] Cannot set property 'iostandard', because the property does not exist for objects of type 'pin'. [e:/competition/2_fpga/3_yolo_zynq/proj/board_sys/yolo_a2_board/yolo_a2_board.gen/sources_1/bd/yolo_sys/ip/yolo_sys_ps7_0/yolo_sys_ps7_0.xdc:83]
Resolution: Modify the set_property command to apply the property on the correct object type. Since the property is being applied as a scoped constraint, ensure the proper connectivity of the object port objects can be translated into pin objects. This could be due to the insertion of IO Buffers between the top level terminal and cell pin. If the goal is to apply constraints that will migrate to top level ports it is required that IO Buffers manually be instanced.
CRITICAL WARNING: [Netlist 29-160] Cannot set property 'PACKAGE_PIN', because the property does not exist for objects of type 'pin'. [e:/competition/2_fpga/3_yolo_zynq/proj/board_sys/yolo_a2_board/yolo_a2_board.gen/sources_1/bd/yolo_sys/ip/yolo_sys_ps7_0/yolo_sys_ps7_0.xdc:84]
Resolution: Modify the set_property command to apply the property on the correct object type. Since the property is being applied as a scoped constraint, ensure the proper connectivity of the object port objects can be translated into pin objects. This could be due to the insertion of IO Buffers between the top level terminal and cell pin. If the goal is to apply constraints that will migrate to top level ports it is required that IO Buffers manually be instanced.
CRITICAL WARNING: [Netlist 29-160] Cannot set property 'slew', because the property does not exist for objects of type 'pin'. [e:/competition/2_fpga/3_yolo_zynq/proj/board_sys/yolo_a2_board/yolo_a2_board.gen/sources_1/bd/yolo_sys/ip/yolo_sys_ps7_0/yolo_sys_ps7_0.xdc:85]
Resolution: Modify the set_property command to apply the property on the correct object type. Since the property is being applied as a scoped constraint, ensure the proper connectivity of the object port objects can be translated into pin objects. This could be due to the insertion of IO Buffers between the top level terminal and cell pin. If the goal is to apply constraints that will migrate to top level ports it is required that IO Buffers manually be instanced.
CRITICAL WARNING: [Netlist 29-160] Cannot set property 'drive', because the property does not exist for objects of type 'pin'. [e:/competition/2_fpga/3_yolo_zynq/proj/board_sys/yolo_a2_board/yolo_a2_board.gen/sources_1/bd/yolo_sys/ip/yolo_sys_ps7_0/yolo_sys_ps7_0.xdc:86]
Resolution: Modify the set_property command to apply the property on the correct object type. Since the property is being applied as a scoped constraint, ensure the proper connectivity of the object port objects can be translated into pin objects. This could be due to the insertion of IO Buffers between the top level terminal and cell pin. If the goal is to apply constraints that will migrate to top level ports it is required that IO Buffers manually be instanced.
CRITICAL WARNING: [Netlist 29-160] Cannot set property 'pullup', because the property does not exist for objects of type 'pin'. [e:/competition/2_fpga/3_yolo_zynq/proj/board_sys/yolo_a2_board/yolo_a2_board.gen/sources_1/bd/yolo_sys/ip/yolo_sys_ps7_0/yolo_sys_ps7_0.xdc:87]
Resolution: Modify the set_property command to apply the property on the correct object type. Since the property is being applied as a scoped constraint, ensure the proper connectivity of the object port objects can be translated into pin objects. This could be due to the insertion of IO Buffers between the top level terminal and cell pin. If the goal is to apply constraints that will migrate to top level ports it is required that IO Buffers manually be instanced.
CRITICAL WARNING: [Netlist 29-160] Cannot set property 'PIO_DIRECTION', because the property does not exist for objects of type 'pin'. [e:/competition/2_fpga/3_yolo_zynq/proj/board_sys/yolo_a2_board/yolo_a2_board.gen/sources_1/bd/yolo_sys/ip/yolo_sys_ps7_0/yolo_sys_ps7_0.xdc:88]
Resolution: Modify the set_property command to apply the property on the correct object type. Since the property is being applied as a scoped constraint, ensure the proper connectivity of the object port objects can be translated into pin objects. This could be due to the insertion of IO Buffers between the top level terminal and cell pin. If the goal is to apply constraints that will migrate to top level ports it is required that IO Buffers manually be instanced.
CRITICAL WARNING: [Netlist 29-160] Cannot set property 'iostandard', because the property does not exist for objects of type 'pin'. [e:/competition/2_fpga/3_yolo_zynq/proj/board_sys/yolo_a2_board/yolo_a2_board.gen/sources_1/bd/yolo_sys/ip/yolo_sys_ps7_0/yolo_sys_ps7_0.xdc:90]
Resolution: Modify the set_property command to apply the property on the correct object type. Since the property is being applied as a scoped constraint, ensure the proper connectivity of the object port objects can be translated into pin objects. This could be due to the insertion of IO Buffers between the top level terminal and cell pin. If the goal is to apply constraints that will migrate to top level ports it is required that IO Buffers manually be instanced.
CRITICAL WARNING: [Netlist 29-160] Cannot set property 'PACKAGE_PIN', because the property does not exist for objects of type 'pin'. [e:/competition/2_fpga/3_yolo_zynq/proj/board_sys/yolo_a2_board/yolo_a2_board.gen/sources_1/bd/yolo_sys/ip/yolo_sys_ps7_0/yolo_sys_ps7_0.xdc:91]
Resolution: Modify the set_property command to apply the property on the correct object type. Since the property is being applied as a scoped constraint, ensure the proper connectivity of the object port objects can be translated into pin objects. This could be due to the insertion of IO Buffers between the top level terminal and cell pin. If the goal is to apply constraints that will migrate to top level ports it is required that IO Buffers manually be instanced.
CRITICAL WARNING: [Netlist 29-160] Cannot set property 'slew', because the property does not exist for objects of type 'pin'. [e:/competition/2_fpga/3_yolo_zynq/proj/board_sys/yolo_a2_board/yolo_a2_board.gen/sources_1/bd/yolo_sys/ip/yolo_sys_ps7_0/yolo_sys_ps7_0.xdc:92]
Resolution: Modify the set_property command to apply the property on the correct object type. Since the property is being applied as a scoped constraint, ensure the proper connectivity of the object port objects can be translated into pin objects. This could be due to the insertion of IO Buffers between the top level terminal and cell pin. If the goal is to apply constraints that will migrate to top level ports it is required that IO Buffers manually be instanced.
CRITICAL WARNING: [Netlist 29-160] Cannot set property 'drive', because the property does not exist for objects of type 'pin'. [e:/competition/2_fpga/3_yolo_zynq/proj/board_sys/yolo_a2_board/yolo_a2_board.gen/sources_1/bd/yolo_sys/ip/yolo_sys_ps7_0/yolo_sys_ps7_0.xdc:93]
Resolution: Modify the set_property command to apply the property on the correct object type. Since the property is being applied as a scoped constraint, ensure the proper connectivity of the object port objects can be translated into pin objects. This could be due to the insertion of IO Buffers between the top level terminal and cell pin. If the goal is to apply constraints that will migrate to top level ports it is required that IO Buffers manually be instanced.
CRITICAL WARNING: [Netlist 29-160] Cannot set property 'pullup', because the property does not exist for objects of type 'pin'. [e:/competition/2_fpga/3_yolo_zynq/proj/board_sys/yolo_a2_board/yolo_a2_board.gen/sources_1/bd/yolo_sys/ip/yolo_sys_ps7_0/yolo_sys_ps7_0.xdc:94]
Resolution: Modify the set_property command to apply the property on the correct object type. Since the property is being applied as a scoped constraint, ensure the proper connectivity of the object port objects can be translated into pin objects. This could be due to the insertion of IO Buffers between the top level terminal and cell pin. If the goal is to apply constraints that will migrate to top level ports it is required that IO Buffers manually be instanced.
CRITICAL WARNING: [Netlist 29-160] Cannot set property 'PIO_DIRECTION', because the property does not exist for objects of type 'pin'. [e:/competition/2_fpga/3_yolo_zynq/proj/board_sys/yolo_a2_board/yolo_a2_board.gen/sources_1/bd/yolo_sys/ip/yolo_sys_ps7_0/yolo_sys_ps7_0.xdc:95]
Resolution: Modify the set_property command to apply the property on the correct object type. Since the property is being applied as a scoped constraint, ensure the proper connectivity of the object port objects can be translated into pin objects. This could be due to the insertion of IO Buffers between the top level terminal and cell pin. If the goal is to apply constraints that will migrate to top level ports it is required that IO Buffers manually be instanced.
CRITICAL WARNING: [Netlist 29-160] Cannot set property 'iostandard', because the property does not exist for objects of type 'pin'. [e:/competition/2_fpga/3_yolo_zynq/proj/board_sys/yolo_a2_board/yolo_a2_board.gen/sources_1/bd/yolo_sys/ip/yolo_sys_ps7_0/yolo_sys_ps7_0.xdc:97]
Resolution: Modify the set_property command to apply the property on the correct object type. Since the property is being applied as a scoped constraint, ensure the proper connectivity of the object port objects can be translated into pin objects. This could be due to the insertion of IO Buffers between the top level terminal and cell pin. If the goal is to apply constraints that will migrate to top level ports it is required that IO Buffers manually be instanced.
CRITICAL WARNING: [Netlist 29-160] Cannot set property 'PACKAGE_PIN', because the property does not exist for objects of type 'pin'. [e:/competition/2_fpga/3_yolo_zynq/proj/board_sys/yolo_a2_board/yolo_a2_board.gen/sources_1/bd/yolo_sys/ip/yolo_sys_ps7_0/yolo_sys_ps7_0.xdc:98]
Resolution: Modify the set_property command to apply the property on the correct object type. Since the property is being applied as a scoped constraint, ensure the proper connectivity of the object port objects can be translated into pin objects. This could be due to the insertion of IO Buffers between the top level terminal and cell pin. If the goal is to apply constraints that will migrate to top level ports it is required that IO Buffers manually be instanced.
CRITICAL WARNING: [Netlist 29-160] Cannot set property 'slew', because the property does not exist for objects of type 'pin'. [e:/competition/2_fpga/3_yolo_zynq/proj/board_sys/yolo_a2_board/yolo_a2_board.gen/sources_1/bd/yolo_sys/ip/yolo_sys_ps7_0/yolo_sys_ps7_0.xdc:99]
Resolution: Modify the set_property command to apply the property on the correct object type. Since the property is being applied as a scoped constraint, ensure the proper connectivity of the object port objects can be translated into pin objects. This could be due to the insertion of IO Buffers between the top level terminal and cell pin. If the goal is to apply constraints that will migrate to top level ports it is required that IO Buffers manually be instanced.
CRITICAL WARNING: [Netlist 29-160] Cannot set property 'drive', because the property does not exist for objects of type 'pin'. [e:/competition/2_fpga/3_yolo_zynq/proj/board_sys/yolo_a2_board/yolo_a2_board.gen/sources_1/bd/yolo_sys/ip/yolo_sys_ps7_0/yolo_sys_ps7_0.xdc:100]
Resolution: Modify the set_property command to apply the property on the correct object type. Since the property is being applied as a scoped constraint, ensure the proper connectivity of the object port objects can be translated into pin objects. This could be due to the insertion of IO Buffers between the top level terminal and cell pin. If the goal is to apply constraints that will migrate to top level ports it is required that IO Buffers manually be instanced.
CRITICAL WARNING: [Netlist 29-160] Cannot set property 'pullup', because the property does not exist for objects of type 'pin'. [e:/competition/2_fpga/3_yolo_zynq/proj/board_sys/yolo_a2_board/yolo_a2_board.gen/sources_1/bd/yolo_sys/ip/yolo_sys_ps7_0/yolo_sys_ps7_0.xdc:101]
Resolution: Modify the set_property command to apply the property on the correct object type. Since the property is being applied as a scoped constraint, ensure the proper connectivity of the object port objects can be translated into pin objects. This could be due to the insertion of IO Buffers between the top level terminal and cell pin. If the goal is to apply constraints that will migrate to top level ports it is required that IO Buffers manually be instanced.
CRITICAL WARNING: [Netlist 29-160] Cannot set property 'PIO_DIRECTION', because the property does not exist for objects of type 'pin'. [e:/competition/2_fpga/3_yolo_zynq/proj/board_sys/yolo_a2_board/yolo_a2_board.gen/sources_1/bd/yolo_sys/ip/yolo_sys_ps7_0/yolo_sys_ps7_0.xdc:102]
Resolution: Modify the set_property command to apply the property on the correct object type. Since the property is being applied as a scoped constraint, ensure the proper connectivity of the object port objects can be translated into pin objects. This could be due to the insertion of IO Buffers between the top level terminal and cell pin. If the goal is to apply constraints that will migrate to top level ports it is required that IO Buffers manually be instanced.
CRITICAL WARNING: [Netlist 29-160] Cannot set property 'iostandard', because the property does not exist for objects of type 'pin'. [e:/competition/2_fpga/3_yolo_zynq/proj/board_sys/yolo_a2_board/yolo_a2_board.gen/sources_1/bd/yolo_sys/ip/yolo_sys_ps7_0/yolo_sys_ps7_0.xdc:104]
Resolution: Modify the set_property command to apply the property on the correct object type. Since the property is being applied as a scoped constraint, ensure the proper connectivity of the object port objects can be translated into pin objects. This could be due to the insertion of IO Buffers between the top level terminal and cell pin. If the goal is to apply constraints that will migrate to top level ports it is required that IO Buffers manually be instanced.
CRITICAL WARNING: [Netlist 29-160] Cannot set property 'PACKAGE_PIN', because the property does not exist for objects of type 'pin'. [e:/competition/2_fpga/3_yolo_zynq/proj/board_sys/yolo_a2_board/yolo_a2_board.gen/sources_1/bd/yolo_sys/ip/yolo_sys_ps7_0/yolo_sys_ps7_0.xdc:105]
Resolution: Modify the set_property command to apply the property on the correct object type. Since the property is being applied as a scoped constraint, ensure the proper connectivity of the object port objects can be translated into pin objects. This could be due to the insertion of IO Buffers between the top level terminal and cell pin. If the goal is to apply constraints that will migrate to top level ports it is required that IO Buffers manually be instanced.
CRITICAL WARNING: [Netlist 29-160] Cannot set property 'slew', because the property does not exist for objects of type 'pin'. [e:/competition/2_fpga/3_yolo_zynq/proj/board_sys/yolo_a2_board/yolo_a2_board.gen/sources_1/bd/yolo_sys/ip/yolo_sys_ps7_0/yolo_sys_ps7_0.xdc:106]
Resolution: Modify the set_property command to apply the property on the correct object type. Since the property is being applied as a scoped constraint, ensure the proper connectivity of the object port objects can be translated into pin objects. This could be due to the insertion of IO Buffers between the top level terminal and cell pin. If the goal is to apply constraints that will migrate to top level ports it is required that IO Buffers manually be instanced.
CRITICAL WARNING: [Netlist 29-160] Cannot set property 'drive', because the property does not exist for objects of type 'pin'. [e:/competition/2_fpga/3_yolo_zynq/proj/board_sys/yolo_a2_board/yolo_a2_board.gen/sources_1/bd/yolo_sys/ip/yolo_sys_ps7_0/yolo_sys_ps7_0.xdc:107]
Resolution: Modify the set_property command to apply the property on the correct object type. Since the property is being applied as a scoped constraint, ensure the proper connectivity of the object port objects can be translated into pin objects. This could be due to the insertion of IO Buffers between the top level terminal and cell pin. If the goal is to apply constraints that will migrate to top level ports it is required that IO Buffers manually be instanced.
CRITICAL WARNING: [Netlist 29-160] Cannot set property 'pullup', because the property does not exist for objects of type 'pin'. [e:/competition/2_fpga/3_yolo_zynq/proj/board_sys/yolo_a2_board/yolo_a2_board.gen/sources_1/bd/yolo_sys/ip/yolo_sys_ps7_0/yolo_sys_ps7_0.xdc:108]
Resolution: Modify the set_property command to apply the property on the correct object type. Since the property is being applied as a scoped constraint, ensure the proper connectivity of the object port objects can be translated into pin objects. This could be due to the insertion of IO Buffers between the top level terminal and cell pin. If the goal is to apply constraints that will migrate to top level ports it is required that IO Buffers manually be instanced.
CRITICAL WARNING: [Netlist 29-160] Cannot set property 'PIO_DIRECTION', because the property does not exist for objects of type 'pin'. [e:/competition/2_fpga/3_yolo_zynq/proj/board_sys/yolo_a2_board/yolo_a2_board.gen/sources_1/bd/yolo_sys/ip/yolo_sys_ps7_0/yolo_sys_ps7_0.xdc:109]
Resolution: Modify the set_property command to apply the property on the correct object type. Since the property is being applied as a scoped constraint, ensure the proper connectivity of the object port objects can be translated into pin objects. This could be due to the insertion of IO Buffers between the top level terminal and cell pin. If the goal is to apply constraints that will migrate to top level ports it is required that IO Buffers manually be instanced.
CRITICAL WARNING: [Netlist 29-160] Cannot set property 'iostandard', because the property does not exist for objects of type 'pin'. [e:/competition/2_fpga/3_yolo_zynq/proj/board_sys/yolo_a2_board/yolo_a2_board.gen/sources_1/bd/yolo_sys/ip/yolo_sys_ps7_0/yolo_sys_ps7_0.xdc:111]
Resolution: Modify the set_property command to apply the property on the correct object type. Since the property is being applied as a scoped constraint, ensure the proper connectivity of the object port objects can be translated into pin objects. This could be due to the insertion of IO Buffers between the top level terminal and cell pin. If the goal is to apply constraints that will migrate to top level ports it is required that IO Buffers manually be instanced.
CRITICAL WARNING: [Netlist 29-160] Cannot set property 'PACKAGE_PIN', because the property does not exist for objects of type 'pin'. [e:/competition/2_fpga/3_yolo_zynq/proj/board_sys/yolo_a2_board/yolo_a2_board.gen/sources_1/bd/yolo_sys/ip/yolo_sys_ps7_0/yolo_sys_ps7_0.xdc:112]
Resolution: Modify the set_property command to apply the property on the correct object type. Since the property is being applied as a scoped constraint, ensure the proper connectivity of the object port objects can be translated into pin objects. This could be due to the insertion of IO Buffers between the top level terminal and cell pin. If the goal is to apply constraints that will migrate to top level ports it is required that IO Buffers manually be instanced.
CRITICAL WARNING: [Netlist 29-160] Cannot set property 'slew', because the property does not exist for objects of type 'pin'. [e:/competition/2_fpga/3_yolo_zynq/proj/board_sys/yolo_a2_board/yolo_a2_board.gen/sources_1/bd/yolo_sys/ip/yolo_sys_ps7_0/yolo_sys_ps7_0.xdc:113]
Resolution: Modify the set_property command to apply the property on the correct object type. Since the property is being applied as a scoped constraint, ensure the proper connectivity of the object port objects can be translated into pin objects. This could be due to the insertion of IO Buffers between the top level terminal and cell pin. If the goal is to apply constraints that will migrate to top level ports it is required that IO Buffers manually be instanced.
CRITICAL WARNING: [Netlist 29-160] Cannot set property 'drive', because the property does not exist for objects of type 'pin'. [e:/competition/2_fpga/3_yolo_zynq/proj/board_sys/yolo_a2_board/yolo_a2_board.gen/sources_1/bd/yolo_sys/ip/yolo_sys_ps7_0/yolo_sys_ps7_0.xdc:114]
Resolution: Modify the set_property command to apply the property on the correct object type. Since the property is being applied as a scoped constraint, ensure the proper connectivity of the object port objects can be translated into pin objects. This could be due to the insertion of IO Buffers between the top level terminal and cell pin. If the goal is to apply constraints that will migrate to top level ports it is required that IO Buffers manually be instanced.
CRITICAL WARNING: [Netlist 29-160] Cannot set property 'pullup', because the property does not exist for objects of type 'pin'. [e:/competition/2_fpga/3_yolo_zynq/proj/board_sys/yolo_a2_board/yolo_a2_board.gen/sources_1/bd/yolo_sys/ip/yolo_sys_ps7_0/yolo_sys_ps7_0.xdc:115]
Resolution: Modify the set_property command to apply the property on the correct object type. Since the property is being applied as a scoped constraint, ensure the proper connectivity of the object port objects can be translated into pin objects. This could be due to the insertion of IO Buffers between the top level terminal and cell pin. If the goal is to apply constraints that will migrate to top level ports it is required that IO Buffers manually be instanced.
CRITICAL WARNING: [Netlist 29-160] Cannot set property 'PIO_DIRECTION', because the property does not exist for objects of type 'pin'. [e:/competition/2_fpga/3_yolo_zynq/proj/board_sys/yolo_a2_board/yolo_a2_board.gen/sources_1/bd/yolo_sys/ip/yolo_sys_ps7_0/yolo_sys_ps7_0.xdc:116]
Resolution: Modify the set_property command to apply the property on the correct object type. Since the property is being applied as a scoped constraint, ensure the proper connectivity of the object port objects can be translated into pin objects. This could be due to the insertion of IO Buffers between the top level terminal and cell pin. If the goal is to apply constraints that will migrate to top level ports it is required that IO Buffers manually be instanced.
CRITICAL WARNING: [Netlist 29-160] Cannot set property 'iostandard', because the property does not exist for objects of type 'pin'. [e:/competition/2_fpga/3_yolo_zynq/proj/board_sys/yolo_a2_board/yolo_a2_board.gen/sources_1/bd/yolo_sys/ip/yolo_sys_ps7_0/yolo_sys_ps7_0.xdc:118]
Resolution: Modify the set_property command to apply the property on the correct object type. Since the property is being applied as a scoped constraint, ensure the proper connectivity of the object port objects can be translated into pin objects. This could be due to the insertion of IO Buffers between the top level terminal and cell pin. If the goal is to apply constraints that will migrate to top level ports it is required that IO Buffers manually be instanced.
CRITICAL WARNING: [Netlist 29-160] Cannot set property 'PACKAGE_PIN', because the property does not exist for objects of type 'pin'. [e:/competition/2_fpga/3_yolo_zynq/proj/board_sys/yolo_a2_board/yolo_a2_board.gen/sources_1/bd/yolo_sys/ip/yolo_sys_ps7_0/yolo_sys_ps7_0.xdc:119]
Resolution: Modify the set_property command to apply the property on the correct object type. Since the property is being applied as a scoped constraint, ensure the proper connectivity of the object port objects can be translated into pin objects. This could be due to the insertion of IO Buffers between the top level terminal and cell pin. If the goal is to apply constraints that will migrate to top level ports it is required that IO Buffers manually be instanced.
CRITICAL WARNING: [Netlist 29-160] Cannot set property 'slew', because the property does not exist for objects of type 'pin'. [e:/competition/2_fpga/3_yolo_zynq/proj/board_sys/yolo_a2_board/yolo_a2_board.gen/sources_1/bd/yolo_sys/ip/yolo_sys_ps7_0/yolo_sys_ps7_0.xdc:120]
Resolution: Modify the set_property command to apply the property on the correct object type. Since the property is being applied as a scoped constraint, ensure the proper connectivity of the object port objects can be translated into pin objects. This could be due to the insertion of IO Buffers between the top level terminal and cell pin. If the goal is to apply constraints that will migrate to top level ports it is required that IO Buffers manually be instanced.
CRITICAL WARNING: [Netlist 29-160] Cannot set property 'drive', because the property does not exist for objects of type 'pin'. [e:/competition/2_fpga/3_yolo_zynq/proj/board_sys/yolo_a2_board/yolo_a2_board.gen/sources_1/bd/yolo_sys/ip/yolo_sys_ps7_0/yolo_sys_ps7_0.xdc:121]
Resolution: Modify the set_property command to apply the property on the correct object type. Since the property is being applied as a scoped constraint, ensure the proper connectivity of the object port objects can be translated into pin objects. This could be due to the insertion of IO Buffers between the top level terminal and cell pin. If the goal is to apply constraints that will migrate to top level ports it is required that IO Buffers manually be instanced.
CRITICAL WARNING: [Netlist 29-160] Cannot set property 'pullup', because the property does not exist for objects of type 'pin'. [e:/competition/2_fpga/3_yolo_zynq/proj/board_sys/yolo_a2_board/yolo_a2_board.gen/sources_1/bd/yolo_sys/ip/yolo_sys_ps7_0/yolo_sys_ps7_0.xdc:122]
Resolution: Modify the set_property command to apply the property on the correct object type. Since the property is being applied as a scoped constraint, ensure the proper connectivity of the object port objects can be translated into pin objects. This could be due to the insertion of IO Buffers between the top level terminal and cell pin. If the goal is to apply constraints that will migrate to top level ports it is required that IO Buffers manually be instanced.
CRITICAL WARNING: [Netlist 29-160] Cannot set property 'PIO_DIRECTION', because the property does not exist for objects of type 'pin'. [e:/competition/2_fpga/3_yolo_zynq/proj/board_sys/yolo_a2_board/yolo_a2_board.gen/sources_1/bd/yolo_sys/ip/yolo_sys_ps7_0/yolo_sys_ps7_0.xdc:123]
Resolution: Modify the set_property command to apply the property on the correct object type. Since the property is being applied as a scoped constraint, ensure the proper connectivity of the object port objects can be translated into pin objects. This could be due to the insertion of IO Buffers between the top level terminal and cell pin. If the goal is to apply constraints that will migrate to top level ports it is required that IO Buffers manually be instanced.
CRITICAL WARNING: [Netlist 29-160] Cannot set property 'iostandard', because the property does not exist for objects of type 'pin'. [e:/competition/2_fpga/3_yolo_zynq/proj/board_sys/yolo_a2_board/yolo_a2_board.gen/sources_1/bd/yolo_sys/ip/yolo_sys_ps7_0/yolo_sys_ps7_0.xdc:125]
Resolution: Modify the set_property command to apply the property on the correct object type. Since the property is being applied as a scoped constraint, ensure the proper connectivity of the object port objects can be translated into pin objects. This could be due to the insertion of IO Buffers between the top level terminal and cell pin. If the goal is to apply constraints that will migrate to top level ports it is required that IO Buffers manually be instanced.
CRITICAL WARNING: [Netlist 29-160] Cannot set property 'PACKAGE_PIN', because the property does not exist for objects of type 'pin'. [e:/competition/2_fpga/3_yolo_zynq/proj/board_sys/yolo_a2_board/yolo_a2_board.gen/sources_1/bd/yolo_sys/ip/yolo_sys_ps7_0/yolo_sys_ps7_0.xdc:126]
Resolution: Modify the set_property command to apply the property on the correct object type. Since the property is being applied as a scoped constraint, ensure the proper connectivity of the object port objects can be translated into pin objects. This could be due to the insertion of IO Buffers between the top level terminal and cell pin. If the goal is to apply constraints that will migrate to top level ports it is required that IO Buffers manually be instanced.
CRITICAL WARNING: [Netlist 29-160] Cannot set property 'slew', because the property does not exist for objects of type 'pin'. [e:/competition/2_fpga/3_yolo_zynq/proj/board_sys/yolo_a2_board/yolo_a2_board.gen/sources_1/bd/yolo_sys/ip/yolo_sys_ps7_0/yolo_sys_ps7_0.xdc:127]
Resolution: Modify the set_property command to apply the property on the correct object type. Since the property is being applied as a scoped constraint, ensure the proper connectivity of the object port objects can be translated into pin objects. This could be due to the insertion of IO Buffers between the top level terminal and cell pin. If the goal is to apply constraints that will migrate to top level ports it is required that IO Buffers manually be instanced.
CRITICAL WARNING: [Netlist 29-160] Cannot set property 'drive', because the property does not exist for objects of type 'pin'. [e:/competition/2_fpga/3_yolo_zynq/proj/board_sys/yolo_a2_board/yolo_a2_board.gen/sources_1/bd/yolo_sys/ip/yolo_sys_ps7_0/yolo_sys_ps7_0.xdc:128]
Resolution: Modify the set_property command to apply the property on the correct object type. Since the property is being applied as a scoped constraint, ensure the proper connectivity of the object port objects can be translated into pin objects. This could be due to the insertion of IO Buffers between the top level terminal and cell pin. If the goal is to apply constraints that will migrate to top level ports it is required that IO Buffers manually be instanced.
CRITICAL WARNING: [Netlist 29-160] Cannot set property 'pullup', because the property does not exist for objects of type 'pin'. [e:/competition/2_fpga/3_yolo_zynq/proj/board_sys/yolo_a2_board/yolo_a2_board.gen/sources_1/bd/yolo_sys/ip/yolo_sys_ps7_0/yolo_sys_ps7_0.xdc:129]
Resolution: Modify the set_property command to apply the property on the correct object type. Since the property is being applied as a scoped constraint, ensure the proper connectivity of the object port objects can be translated into pin objects. This could be due to the insertion of IO Buffers between the top level terminal and cell pin. If the goal is to apply constraints that will migrate to top level ports it is required that IO Buffers manually be instanced.
CRITICAL WARNING: [Netlist 29-160] Cannot set property 'PIO_DIRECTION', because the property does not exist for objects of type 'pin'. [e:/competition/2_fpga/3_yolo_zynq/proj/board_sys/yolo_a2_board/yolo_a2_board.gen/sources_1/bd/yolo_sys/ip/yolo_sys_ps7_0/yolo_sys_ps7_0.xdc:130]
Resolution: Modify the set_property command to apply the property on the correct object type. Since the property is being applied as a scoped constraint, ensure the proper connectivity of the object port objects can be translated into pin objects. This could be due to the insertion of IO Buffers between the top level terminal and cell pin. If the goal is to apply constraints that will migrate to top level ports it is required that IO Buffers manually be instanced.
CRITICAL WARNING: [Netlist 29-160] Cannot set property 'iostandard', because the property does not exist for objects of type 'pin'. [e:/competition/2_fpga/3_yolo_zynq/proj/board_sys/yolo_a2_board/yolo_a2_board.gen/sources_1/bd/yolo_sys/ip/yolo_sys_ps7_0/yolo_sys_ps7_0.xdc:132]
Resolution: Modify the set_property command to apply the property on the correct object type. Since the property is being applied as a scoped constraint, ensure the proper connectivity of the object port objects can be translated into pin objects. This could be due to the insertion of IO Buffers between the top level terminal and cell pin. If the goal is to apply constraints that will migrate to top level ports it is required that IO Buffers manually be instanced.
CRITICAL WARNING: [Netlist 29-160] Cannot set property 'PACKAGE_PIN', because the property does not exist for objects of type 'pin'. [e:/competition/2_fpga/3_yolo_zynq/proj/board_sys/yolo_a2_board/yolo_a2_board.gen/sources_1/bd/yolo_sys/ip/yolo_sys_ps7_0/yolo_sys_ps7_0.xdc:133]
Resolution: Modify the set_property command to apply the property on the correct object type. Since the property is being applied as a scoped constraint, ensure the proper connectivity of the object port objects can be translated into pin objects. This could be due to the insertion of IO Buffers between the top level terminal and cell pin. If the goal is to apply constraints that will migrate to top level ports it is required that IO Buffers manually be instanced.
CRITICAL WARNING: [Netlist 29-160] Cannot set property 'slew', because the property does not exist for objects of type 'pin'. [e:/competition/2_fpga/3_yolo_zynq/proj/board_sys/yolo_a2_board/yolo_a2_board.gen/sources_1/bd/yolo_sys/ip/yolo_sys_ps7_0/yolo_sys_ps7_0.xdc:134]
Resolution: Modify the set_property command to apply the property on the correct object type. Since the property is being applied as a scoped constraint, ensure the proper connectivity of the object port objects can be translated into pin objects. This could be due to the insertion of IO Buffers between the top level terminal and cell pin. If the goal is to apply constraints that will migrate to top level ports it is required that IO Buffers manually be instanced.
CRITICAL WARNING: [Netlist 29-160] Cannot set property 'drive', because the property does not exist for objects of type 'pin'. [e:/competition/2_fpga/3_yolo_zynq/proj/board_sys/yolo_a2_board/yolo_a2_board.gen/sources_1/bd/yolo_sys/ip/yolo_sys_ps7_0/yolo_sys_ps7_0.xdc:135]
Resolution: Modify the set_property command to apply the property on the correct object type. Since the property is being applied as a scoped constraint, ensure the proper connectivity of the object port objects can be translated into pin objects. This could be due to the insertion of IO Buffers between the top level terminal and cell pin. If the goal is to apply constraints that will migrate to top level ports it is required that IO Buffers manually be instanced.
CRITICAL WARNING: [Netlist 29-160] Cannot set property 'pullup', because the property does not exist for objects of type 'pin'. [e:/competition/2_fpga/3_yolo_zynq/proj/board_sys/yolo_a2_board/yolo_a2_board.gen/sources_1/bd/yolo_sys/ip/yolo_sys_ps7_0/yolo_sys_ps7_0.xdc:136]
Resolution: Modify the set_property command to apply the property on the correct object type. Since the property is being applied as a scoped constraint, ensure the proper connectivity of the object port objects can be translated into pin objects. This could be due to the insertion of IO Buffers between the top level terminal and cell pin. If the goal is to apply constraints that will migrate to top level ports it is required that IO Buffers manually be instanced.
CRITICAL WARNING: [Netlist 29-160] Cannot set property 'PIO_DIRECTION', because the property does not exist for objects of type 'pin'. [e:/competition/2_fpga/3_yolo_zynq/proj/board_sys/yolo_a2_board/yolo_a2_board.gen/sources_1/bd/yolo_sys/ip/yolo_sys_ps7_0/yolo_sys_ps7_0.xdc:137]
Resolution: Modify the set_property command to apply the property on the correct object type. Since the property is being applied as a scoped constraint, ensure the proper connectivity of the object port objects can be translated into pin objects. This could be due to the insertion of IO Buffers between the top level terminal and cell pin. If the goal is to apply constraints that will migrate to top level ports it is required that IO Buffers manually be instanced.
CRITICAL WARNING: [Netlist 29-160] Cannot set property 'iostandard', because the property does not exist for objects of type 'pin'. [e:/competition/2_fpga/3_yolo_zynq/proj/board_sys/yolo_a2_board/yolo_a2_board.gen/sources_1/bd/yolo_sys/ip/yolo_sys_ps7_0/yolo_sys_ps7_0.xdc:139]
Resolution: Modify the set_property command to apply the property on the correct object type. Since the property is being applied as a scoped constraint, ensure the proper connectivity of the object port objects can be translated into pin objects. This could be due to the insertion of IO Buffers between the top level terminal and cell pin. If the goal is to apply constraints that will migrate to top level ports it is required that IO Buffers manually be instanced.
CRITICAL WARNING: [Netlist 29-160] Cannot set property 'PACKAGE_PIN', because the property does not exist for objects of type 'pin'. [e:/competition/2_fpga/3_yolo_zynq/proj/board_sys/yolo_a2_board/yolo_a2_board.gen/sources_1/bd/yolo_sys/ip/yolo_sys_ps7_0/yolo_sys_ps7_0.xdc:140]
Resolution: Modify the set_property command to apply the property on the correct object type. Since the property is being applied as a scoped constraint, ensure the proper connectivity of the object port objects can be translated into pin objects. This could be due to the insertion of IO Buffers between the top level terminal and cell pin. If the goal is to apply constraints that will migrate to top level ports it is required that IO Buffers manually be instanced.
CRITICAL WARNING: [Netlist 29-160] Cannot set property 'slew', because the property does not exist for objects of type 'pin'. [e:/competition/2_fpga/3_yolo_zynq/proj/board_sys/yolo_a2_board/yolo_a2_board.gen/sources_1/bd/yolo_sys/ip/yolo_sys_ps7_0/yolo_sys_ps7_0.xdc:141]
Resolution: Modify the set_property command to apply the property on the correct object type. Since the property is being applied as a scoped constraint, ensure the proper connectivity of the object port objects can be translated into pin objects. This could be due to the insertion of IO Buffers between the top level terminal and cell pin. If the goal is to apply constraints that will migrate to top level ports it is required that IO Buffers manually be instanced.
CRITICAL WARNING: [Netlist 29-160] Cannot set property 'drive', because the property does not exist for objects of type 'pin'. [e:/competition/2_fpga/3_yolo_zynq/proj/board_sys/yolo_a2_board/yolo_a2_board.gen/sources_1/bd/yolo_sys/ip/yolo_sys_ps7_0/yolo_sys_ps7_0.xdc:142]
Resolution: Modify the set_property command to apply the property on the correct object type. Since the property is being applied as a scoped constraint, ensure the proper connectivity of the object port objects can be translated into pin objects. This could be due to the insertion of IO Buffers between the top level terminal and cell pin. If the goal is to apply constraints that will migrate to top level ports it is required that IO Buffers manually be instanced.
CRITICAL WARNING: [Netlist 29-160] Cannot set property 'pullup', because the property does not exist for objects of type 'pin'. [e:/competition/2_fpga/3_yolo_zynq/proj/board_sys/yolo_a2_board/yolo_a2_board.gen/sources_1/bd/yolo_sys/ip/yolo_sys_ps7_0/yolo_sys_ps7_0.xdc:143]
Resolution: Modify the set_property command to apply the property on the correct object type. Since the property is being applied as a scoped constraint, ensure the proper connectivity of the object port objects can be translated into pin objects. This could be due to the insertion of IO Buffers between the top level terminal and cell pin. If the goal is to apply constraints that will migrate to top level ports it is required that IO Buffers manually be instanced.
CRITICAL WARNING: [Netlist 29-160] Cannot set property 'PIO_DIRECTION', because the property does not exist for objects of type 'pin'. [e:/competition/2_fpga/3_yolo_zynq/proj/board_sys/yolo_a2_board/yolo_a2_board.gen/sources_1/bd/yolo_sys/ip/yolo_sys_ps7_0/yolo_sys_ps7_0.xdc:144]
Resolution: Modify the set_property command to apply the property on the correct object type. Since the property is being applied as a scoped constraint, ensure the proper connectivity of the object port objects can be translated into pin objects. This could be due to the insertion of IO Buffers between the top level terminal and cell pin. If the goal is to apply constraints that will migrate to top level ports it is required that IO Buffers manually be instanced.
CRITICAL WARNING: [Netlist 29-160] Cannot set property 'iostandard', because the property does not exist for objects of type 'pin'. [e:/competition/2_fpga/3_yolo_zynq/proj/board_sys/yolo_a2_board/yolo_a2_board.gen/sources_1/bd/yolo_sys/ip/yolo_sys_ps7_0/yolo_sys_ps7_0.xdc:146]
Resolution: Modify the set_property command to apply the property on the correct object type. Since the property is being applied as a scoped constraint, ensure the proper connectivity of the object port objects can be translated into pin objects. This could be due to the insertion of IO Buffers between the top level terminal and cell pin. If the goal is to apply constraints that will migrate to top level ports it is required that IO Buffers manually be instanced.
INFO: [Common 17-14] Message 'Netlist 29-160' appears 100 times and further instances of the messages will be disabled. Use the Tcl command set_msg_config to change the current settings. [e:/competition/2_fpga/3_yolo_zynq/proj/board_sys/yolo_a2_board/yolo_a2_board.gen/sources_1/bd/yolo_sys/ip/yolo_sys_ps7_0/yolo_sys_ps7_0.xdc:146]
Finished Parsing XDC File [e:/competition/2_fpga/3_yolo_zynq/proj/board_sys/yolo_a2_board/yolo_a2_board.gen/sources_1/bd/yolo_sys/ip/yolo_sys_ps7_0/yolo_sys_ps7_0.xdc] for cell 'yolo_sys_i/ps7/inst'
Parsing XDC File [e:/competition/2_fpga/3_yolo_zynq/proj/board_sys/yolo_a2_board/yolo_a2_board.gen/sources_1/bd/yolo_sys/ip/yolo_sys_rst_150_0/yolo_sys_rst_150_0_board.xdc] for cell 'yolo_sys_i/rst_150/U0'
Finished Parsing XDC File [e:/competition/2_fpga/3_yolo_zynq/proj/board_sys/yolo_a2_board/yolo_a2_board.gen/sources_1/bd/yolo_sys/ip/yolo_sys_rst_150_0/yolo_sys_rst_150_0_board.xdc] for cell 'yolo_sys_i/rst_150/U0'
Parsing XDC File [E:/competition/2_fpga/3_yolo_zynq/proj/board_sys/yolo_sys.xdc]
Finished Parsing XDC File [E:/competition/2_fpga/3_yolo_zynq/proj/board_sys/yolo_sys.xdc]
INFO: [Project 1-538] Using original IP XDC constraints instead of the XDC constraints in dcp 'e:/competition/2_fpga/3_yolo_zynq/ip/yolo_xbuf_bmg/yolo_xbuf_bmg.dcp'
INFO: [Project 1-538] Using original IP XDC constraints instead of the XDC constraints in dcp 'e:/competition/2_fpga/3_yolo_zynq/ip/yolo_xbuf_bmg/yolo_xbuf_bmg.dcp'
INFO: [Project 1-538] Using original IP XDC constraints instead of the XDC constraints in dcp 'e:/competition/2_fpga/3_yolo_zynq/ip/yolo_wbuf_bmg/yolo_wbuf_bmg.dcp'
INFO: [Project 1-538] Using original IP XDC constraints instead of the XDC constraints in dcp 'e:/competition/2_fpga/3_yolo_zynq/ip/yolo_wbuf_bmg/yolo_wbuf_bmg.dcp'
INFO: [Project 1-1714] 6 XPM XDC files have been applied to the design.
INFO: [Opt 31-138] Pushed 0 inverter(s) to 0 load pin(s).
Netlist sorting complete. Time (s): cpu = 00:00:01 ; elapsed = 00:00:00.047 . Memory (MB): peak = 1812.941 ; gain = 0.000
INFO: [Project 1-111] Unisim Transformation Summary:
  A total of 1581 instances were transformed.
  RAM16X1D => RAM32X1D (RAMD32(x2)): 1 instance 
  RAM32M => RAM32M (RAMD32(x6), RAMS32(x2)): 1576 instances
  RAM32X1D => RAM32X1D (RAMD32(x2)): 4 instances

24 Infos, 1 Warnings, 100 Critical Warnings and 0 Errors encountered.
link_design completed successfully
link_design: Time (s): cpu = 00:00:30 ; elapsed = 00:00:29 . Memory (MB): peak = 1812.941 ; gain = 1238.207
Command: opt_design
Attempting to get a license for feature 'Implementation' and/or device 'xc7z020'
INFO: [Common 17-349] Got license for feature 'Implementation' and/or device 'xc7z020'
Running DRC as a precondition to command opt_design

Starting DRC Task
INFO: [DRC 23-27] Running DRC with 2 threads
INFO: [Project 1-461] DRC finished with 0 Errors
INFO: [Project 1-462] Please refer to the DRC report (report_drc) for more information.

Time (s): cpu = 00:00:01 ; elapsed = 00:00:00.666 . Memory (MB): peak = 1812.941 ; gain = 0.000

Starting Cache Timing Information Task
INFO: [Timing 38-35] Done setting XDC timing constraints.
Ending Cache Timing Information Task | Checksum: 1b5af4be6

Time (s): cpu = 00:00:05 ; elapsed = 00:00:04 . Memory (MB): peak = 1812.941 ; gain = 0.000

Starting Logic Optimization Task

Phase 1 Initialization

Phase 1.1 Core Generation And Design Setup
Phase 1.1 Core Generation And Design Setup | Checksum: 1b5af4be6

Time (s): cpu = 00:00:00 ; elapsed = 00:00:00.068 . Memory (MB): peak = 2233.559 ; gain = 0.000

Phase 1.2 Setup Constraints And Sort Netlist
Phase 1.2 Setup Constraints And Sort Netlist | Checksum: 1b5af4be6

Time (s): cpu = 00:00:00 ; elapsed = 00:00:00.134 . Memory (MB): peak = 2233.559 ; gain = 0.000
Phase 1 Initialization | Checksum: 1b5af4be6

Time (s): cpu = 00:00:00 ; elapsed = 00:00:00.143 . Memory (MB): peak = 2233.559 ; gain = 0.000

Phase 2 Timer Update And Timing Data Collection

Phase 2.1 Detect if minReqCache needed
Phase 2.1 Detect if minReqCache needed | Checksum: 1b5af4be6

Time (s): cpu = 00:00:00 ; elapsed = 00:00:00.221 . Memory (MB): peak = 2235.766 ; gain = 2.207

Phase 2.2 Timer Update
Phase 2.2 Timer Update | Checksum: 1b5af4be6

Time (s): cpu = 00:00:02 ; elapsed = 00:00:02 . Memory (MB): peak = 2235.766 ; gain = 2.207

Phase 2.3 Timing Data Collection
Phase 2.3 Timing Data Collection | Checksum: 1b5af4be6

Time (s): cpu = 00:00:02 ; elapsed = 00:00:02 . Memory (MB): peak = 2235.766 ; gain = 2.207
Phase 2 Timer Update And Timing Data Collection | Checksum: 1b5af4be6

Time (s): cpu = 00:00:02 ; elapsed = 00:00:02 . Memory (MB): peak = 2235.766 ; gain = 2.207

Phase 3 Retarget
INFO: [Opt 31-1851] Number of loadless carry chains removed were: 0
INFO: [Opt 31-1834] Total Chains To Be Transformed Were: 0 AND Number of Transformed insts Created are: 0
INFO: [Opt 31-1566] Pulled 2 inverters resulting in an inversion of 130 pins
INFO: [Opt 31-138] Pushed 2 inverter(s) to 18 load pin(s).
INFO: [Opt 31-49] Retargeted 0 cell(s).
Phase 3 Retarget | Checksum: 1b2586979

Time (s): cpu = 00:00:04 ; elapsed = 00:00:03 . Memory (MB): peak = 2235.766 ; gain = 2.207
Retarget | Checksum: 1b2586979
INFO: [Opt 31-389] Phase Retarget created 102 cells and removed 209 cells
INFO: [Opt 31-1021] In phase Retarget, 37 netlist objects are constrained preventing optimization. Please run opt_design with -debug_log to get more detail. 

Phase 4 Constant propagation
INFO: [Opt 31-138] Pushed 2 inverter(s) to 5 load pin(s).
Phase 4 Constant propagation | Checksum: 23898c124

Time (s): cpu = 00:00:05 ; elapsed = 00:00:04 . Memory (MB): peak = 2235.766 ; gain = 2.207
Constant propagation | Checksum: 23898c124
INFO: [Opt 31-389] Phase Constant propagation created 56 cells and removed 265 cells
INFO: [Opt 31-1021] In phase Constant propagation, 36 netlist objects are constrained preventing optimization. Please run opt_design with -debug_log to get more detail. 

Phase 5 Sweep
INFO: [Constraints 18-11670] Building netlist checker database with flags, 0x8
Done building netlist checker database: Time (s): cpu = 00:00:00 ; elapsed = 00:00:00.055 . Memory (MB): peak = 2235.766 ; gain = 0.000
INFO: [Constraints 18-11670] Building netlist checker database with flags, 0x8
Done building netlist checker database: Time (s): cpu = 00:00:00 ; elapsed = 00:00:00.030 . Memory (MB): peak = 2235.766 ; gain = 0.000
Phase 5 Sweep | Checksum: 2391b1936

Time (s): cpu = 00:00:06 ; elapsed = 00:00:06 . Memory (MB): peak = 2235.766 ; gain = 2.207
Sweep | Checksum: 2391b1936
INFO: [Opt 31-389] Phase Sweep created 0 cells and removed 149 cells
INFO: [Opt 31-1021] In phase Sweep, 128 netlist objects are constrained preventing optimization. Please run opt_design with -debug_log to get more detail. 

Phase 6 BUFG optimization
Phase 6 BUFG optimization | Checksum: 2391b1936

Time (s): cpu = 00:00:08 ; elapsed = 00:00:06 . Memory (MB): peak = 2235.766 ; gain = 2.207
BUFG optimization | Checksum: 2391b1936
INFO: [Opt 31-662] Phase BUFG optimization created 0 cells of which 0 are BUFGs and removed 0 cells.

Phase 7 Shift Register Optimization
INFO: [Opt 31-1064] SRL Remap converted 0 SRLs to 0 registers and converted 0 registers of register chains to 0 SRLs
Phase 7 Shift Register Optimization | Checksum: 2391b1936

Time (s): cpu = 00:00:08 ; elapsed = 00:00:07 . Memory (MB): peak = 2235.766 ; gain = 2.207
Shift Register Optimization | Checksum: 2391b1936
INFO: [Opt 31-389] Phase Shift Register Optimization created 0 cells and removed 0 cells

Phase 8 Post Processing Netlist
Phase 8 Post Processing Netlist | Checksum: 1968f94a6

Time (s): cpu = 00:00:08 ; elapsed = 00:00:07 . Memory (MB): peak = 2235.766 ; gain = 2.207
Post Processing Netlist | Checksum: 1968f94a6
INFO: [Opt 31-389] Phase Post Processing Netlist created 0 cells and removed 0 cells
INFO: [Opt 31-1021] In phase Post Processing Netlist, 44 netlist objects are constrained preventing optimization. Please run opt_design with -debug_log to get more detail. 

Phase 9 Finalization

Phase 9.1 Finalizing Design Cores and Updating Shapes
Phase 9.1 Finalizing Design Cores and Updating Shapes | Checksum: 1b9f7e9a2

Time (s): cpu = 00:00:10 ; elapsed = 00:00:08 . Memory (MB): peak = 2235.766 ; gain = 2.207

Phase 9.2 Verifying Netlist Connectivity

Starting Connectivity Check Task

Time (s): cpu = 00:00:00 ; elapsed = 00:00:00.128 . Memory (MB): peak = 2235.766 ; gain = 0.000
Phase 9.2 Verifying Netlist Connectivity | Checksum: 1b9f7e9a2

Time (s): cpu = 00:00:10 ; elapsed = 00:00:08 . Memory (MB): peak = 2235.766 ; gain = 2.207
Phase 9 Finalization | Checksum: 1b9f7e9a2

Time (s): cpu = 00:00:10 ; elapsed = 00:00:08 . Memory (MB): peak = 2235.766 ; gain = 2.207
Opt_design Change Summary
=========================


-------------------------------------------------------------------------------------------------------------------------
|  Phase                        |  #Cells created  |  #Cells Removed  |  #Constrained objects preventing optimizations  |
-------------------------------------------------------------------------------------------------------------------------
|  Retarget                     |             102  |             209  |                                             37  |
|  Constant propagation         |              56  |             265  |                                             36  |
|  Sweep                        |               0  |             149  |                                            128  |
|  BUFG optimization            |               0  |               0  |                                              0  |
|  Shift Register Optimization  |               0  |               0  |                                              0  |
|  Post Processing Netlist      |               0  |               0  |                                             44  |
-------------------------------------------------------------------------------------------------------------------------


Ending Logic Optimization Task | Checksum: 1b9f7e9a2

Time (s): cpu = 00:00:10 ; elapsed = 00:00:08 . Memory (MB): peak = 2235.766 ; gain = 2.207

Starting Power Optimization Task
INFO: [Pwropt 34-132] Skipping clock gating for clocks with a period < 2.00 ns.
INFO: [Pwropt 34-9] Applying IDT optimizations ...
INFO: [Pwropt 34-10] Applying ODC optimizations ...
INFO: [Timing 38-35] Done setting XDC timing constraints.
Running Vector-less Activity Propagation...

Finished Running Vector-less Activity Propagation


Starting PowerOpt Patch Enables Task
INFO: [Pwropt 34-162] WRITE_MODE attribute of 0 BRAM(s) out of a total of 52 has been updated to save power. Run report_power_opt to get a complete listing of the BRAMs updated.
INFO: [Pwropt 34-201] Structural ODC has moved 0 WE to EN ports
Number of BRAM Ports augmented: 36 newly gated: 0 Total Ports: 104
Ending PowerOpt Patch Enables Task | Checksum: 10114b3a3

Time (s): cpu = 00:00:01 ; elapsed = 00:00:00.484 . Memory (MB): peak = 2388.723 ; gain = 0.000
Ending Power Optimization Task | Checksum: 10114b3a3

Time (s): cpu = 00:00:22 ; elapsed = 00:00:14 . Memory (MB): peak = 2388.723 ; gain = 152.957

Starting Final Cleanup Task
Ending Final Cleanup Task | Checksum: 10114b3a3

Time (s): cpu = 00:00:00 ; elapsed = 00:00:00.008 . Memory (MB): peak = 2388.723 ; gain = 0.000
Netlist sorting complete. Time (s): cpu = 00:00:00 ; elapsed = 00:00:00.052 . Memory (MB): peak = 2388.723 ; gain = 0.000
INFO: [Common 17-83] Releasing license: Implementation
55 Infos, 1 Warnings, 100 Critical Warnings and 0 Errors encountered.
opt_design completed successfully
opt_design: Time (s): cpu = 00:00:41 ; elapsed = 00:00:30 . Memory (MB): peak = 2388.723 ; gain = 575.781
INFO: [Vivado 12-24828] Executing command : report_drc -file yolo_sys_wrapper_drc_opted.rpt -pb yolo_sys_wrapper_drc_opted.pb -rpx yolo_sys_wrapper_drc_opted.rpx
Command: report_drc -file yolo_sys_wrapper_drc_opted.rpt -pb yolo_sys_wrapper_drc_opted.pb -rpx yolo_sys_wrapper_drc_opted.rpx
INFO: [IP_Flow 19-1839] IP Catalog is up to date.
INFO: [DRC 23-27] Running DRC with 2 threads
INFO: [Vivado_Tcl 2-168] The results of DRC are in file E:/competition/2_fpga/3_yolo_zynq/proj/board_sys/yolo_a2_board/yolo_a2_board.runs/impl_1/yolo_sys_wrapper_drc_opted.rpt.
report_drc completed successfully
INFO: [Timing 38-480] Writing timing data to binary archive.
Write ShapeDB Complete: Time (s): cpu = 00:00:01 ; elapsed = 00:00:00.155 . Memory (MB): peak = 2388.723 ; gain = 0.000
INFO: [Common 17-1381] The checkpoint 'E:/competition/2_fpga/3_yolo_zynq/proj/board_sys/yolo_a2_board/yolo_a2_board.runs/impl_1/yolo_sys_wrapper_opt.dcp' has been generated.
Command: place_design
Attempting to get a license for feature 'Implementation' and/or device 'xc7z020'
INFO: [Common 17-349] Got license for feature 'Implementation' and/or device 'xc7z020'
INFO: [Common 17-83] Releasing license: Implementation
INFO: [DRC 23-27] Running DRC with 2 threads
INFO: [Vivado_Tcl 4-198] DRC finished with 0 Errors
INFO: [Vivado_Tcl 4-199] Please refer to the DRC report (report_drc) for more information.
INFO: [Timing 38-35] Done setting XDC timing constraints.
Running DRC as a precondition to command place_design
INFO: [DRC 23-27] Running DRC with 2 threads
INFO: [Vivado_Tcl 4-198] DRC finished with 0 Errors, 21 Warnings
INFO: [Vivado_Tcl 4-199] Please refer to the DRC report (report_drc) for more information.
INFO: [Place 30-611] Multithreading enabled for place_design using a maximum of 2 CPUs

Starting Placer Task

Phase 1 Placer Initialization

Phase 1.1 Placer Initialization Netlist Sorting
Netlist sorting complete. Time (s): cpu = 00:00:00 ; elapsed = 00:00:00.044 . Memory (MB): peak = 2388.723 ; gain = 0.000
Phase 1.1 Placer Initialization Netlist Sorting | Checksum: c727b23d

Time (s): cpu = 00:00:00 ; elapsed = 00:00:00.068 . Memory (MB): peak = 2388.723 ; gain = 0.000
Netlist sorting complete. Time (s): cpu = 00:00:00 ; elapsed = 00:00:00.045 . Memory (MB): peak = 2388.723 ; gain = 0.000

Phase 1.2 IO Placement/ Clock Placement/ Build Placer Device
Phase 1.2 IO Placement/ Clock Placement/ Build Placer Device | Checksum: e56dc889

Time (s): cpu = 00:00:05 ; elapsed = 00:00:04 . Memory (MB): peak = 2388.723 ; gain = 0.000

Phase 1.3 Build Placer Netlist Model
Phase 1.3 Build Placer Netlist Model | Checksum: 110f0bc58

Time (s): cpu = 00:00:28 ; elapsed = 00:00:21 . Memory (MB): peak = 2388.723 ; gain = 0.000

Phase 1.4 Constrain Clocks/Macros
Phase 1.4 Constrain Clocks/Macros | Checksum: 110f0bc58

Time (s): cpu = 00:00:28 ; elapsed = 00:00:22 . Memory (MB): peak = 2388.723 ; gain = 0.000
Phase 1 Placer Initialization | Checksum: 110f0bc58

Time (s): cpu = 00:00:28 ; elapsed = 00:00:22 . Memory (MB): peak = 2388.723 ; gain = 0.000

Phase 2 Global Placement

Phase 2.1 Floorplanning
Phase 2.1 Floorplanning | Checksum: 13b9ba8f8

Time (s): cpu = 00:00:41 ; elapsed = 00:00:30 . Memory (MB): peak = 2388.723 ; gain = 0.000

Phase 2.2 Update Timing before SLR Path Opt
Phase 2.2 Update Timing before SLR Path Opt | Checksum: ecab77a7

Time (s): cpu = 00:00:54 ; elapsed = 00:00:37 . Memory (MB): peak = 2388.871 ; gain = 0.148

Phase 2.3 Post-Processing in Floorplanning
Phase 2.3 Post-Processing in Floorplanning | Checksum: ecab77a7

Time (s): cpu = 00:00:54 ; elapsed = 00:00:37 . Memory (MB): peak = 2388.871 ; gain = 0.148

Phase 2.4 Global Place Phase1
Phase 2.4 Global Place Phase1 | Checksum: 10c6a1a45

Time (s): cpu = 00:02:20 ; elapsed = 00:01:30 . Memory (MB): peak = 2428.734 ; gain = 40.012

Phase 2.5 Global Place Phase2

Phase 2.5.1 UpdateTiming Before Physical Synthesis
Phase 2.5.1 UpdateTiming Before Physical Synthesis | Checksum: 1c9a3f626

Time (s): cpu = 00:02:31 ; elapsed = 00:01:37 . Memory (MB): peak = 2428.734 ; gain = 40.012

Phase 2.5.2 Physical Synthesis In Placer
INFO: [Physopt 32-1035] Found 1 LUTNM shape to break, 1664 LUT instances to create LUTNM shape
INFO: [Physopt 32-1044] Break lutnm for timing: one critical 1, two critical 0, total 0, new lutff created 0
INFO: [Physopt 32-1138] End 1 Pass. Optimized 784 nets or LUTs. Breaked 0 LUT, combined 784 existing LUTs and moved 0 existing LUT
INFO: [Physopt 32-65] No nets found for high-fanout optimization.
INFO: [Physopt 32-232] Optimized 0 net. Created 0 new instance.
INFO: [Physopt 32-775] End 1 Pass. Optimized 0 net or cell. Created 0 new cell, deleted 0 existing cell and moved 0 existing cell
INFO: [Physopt 32-456] No candidate cells for DSP register optimization found in the design.
INFO: [Physopt 32-775] End 2 Pass. Optimized 0 net or cell. Created 0 new cell, deleted 0 existing cell and moved 0 existing cell
INFO: [Physopt 32-1123] No candidate cells found for Shift Register to Pipeline optimization
INFO: [Physopt 32-775] End 2 Pass. Optimized 0 net or cell. Created 0 new cell, deleted 0 existing cell and moved 0 existing cell
INFO: [Physopt 32-1401] No candidate cells found for Shift Register optimization.
INFO: [Physopt 32-677] No candidate cells for Shift Register optimization found in the design
INFO: [Physopt 32-775] End 1 Pass. Optimized 0 net or cell. Created 0 new cell, deleted 0 existing cell and moved 0 existing cell
INFO: [Physopt 32-526] No candidate cells for BRAM register optimization found in the design
INFO: [Physopt 32-775] End 1 Pass. Optimized 0 net or cell. Created 0 new cell, deleted 0 existing cell and moved 0 existing cell
INFO: [Physopt 32-846] No candidate cells for URAM register optimization found in the design
INFO: [Physopt 32-775] End 1 Pass. Optimized 0 net or cell. Created 0 new cell, deleted 0 existing cell and moved 0 existing cell
INFO: [Physopt 32-846] No candidate cells for URAM register optimization found in the design
INFO: [Physopt 32-775] End 1 Pass. Optimized 0 net or cell. Created 0 new cell, deleted 0 existing cell and moved 0 existing cell
INFO: [Physopt 32-949] No candidate nets found for dynamic/static region interface net replication
INFO: [Physopt 32-775] End 1 Pass. Optimized 0 net or cell. Created 0 new cell, deleted 0 existing cell and moved 0 existing cell
Netlist sorting complete. Time (s): cpu = 00:00:00 ; elapsed = 00:00:00.046 . Memory (MB): peak = 2428.734 ; gain = 0.000

Summary of Physical Synthesis Optimizations
============================================


-----------------------------------------------------------------------------------------------------------------------------------------------------------
|  Optimization                                     |  Added Cells  |  Removed Cells  |  Optimized Cells/Nets  |  Dont Touch  |  Iterations  |  Elapsed   |
-----------------------------------------------------------------------------------------------------------------------------------------------------------
|  LUT Combining                                    |            0  |            784  |                   784  |           0  |           1  |  00:00:01  |
|  Retime                                           |            0  |              0  |                     0  |           0  |           1  |  00:00:00  |
|  Very High Fanout                                 |            0  |              0  |                     0  |           0  |           1  |  00:00:00  |
|  DSP Register                                     |            0  |              0  |                     0  |           0  |           1  |  00:00:00  |
|  Shift Register to Pipeline                       |            0  |              0  |                     0  |           0  |           1  |  00:00:00  |
|  Shift Register                                   |            0  |              0  |                     0  |           0  |           1  |  00:00:00  |
|  BRAM Register                                    |            0  |              0  |                     0  |           0  |           1  |  00:00:00  |
|  URAM Register                                    |            0  |              0  |                     0  |           0  |           1  |  00:00:00  |
|  Dynamic/Static Region Interface Net Replication  |            0  |              0  |                     0  |           0  |           1  |  00:00:00  |
|  Total                                            |            0  |            784  |                   784  |           0  |           9  |  00:00:02  |
-----------------------------------------------------------------------------------------------------------------------------------------------------------


Phase 2.5.2 Physical Synthesis In Placer | Checksum: 190a2348b

Time (s): cpu = 00:02:44 ; elapsed = 00:01:46 . Memory (MB): peak = 2428.734 ; gain = 40.012
Phase 2.5 Global Place Phase2 | Checksum: 1b63fdee8

Time (s): cpu = 00:02:47 ; elapsed = 00:01:48 . Memory (MB): peak = 2428.734 ; gain = 40.012
Phase 2 Global Placement | Checksum: 1b63fdee8

Time (s): cpu = 00:02:47 ; elapsed = 00:01:48 . Memory (MB): peak = 2428.734 ; gain = 40.012

Phase 3 Detail Placement

Phase 3.1 Commit Multi Column Macros
Phase 3.1 Commit Multi Column Macros | Checksum: 1918e3c60

Time (s): cpu = 00:02:58 ; elapsed = 00:01:54 . Memory (MB): peak = 2428.734 ; gain = 40.012

Phase 3.2 Commit Most Macros & LUTRAMs
Phase 3.2 Commit Most Macros & LUTRAMs | Checksum: 1934f1f4a

Time (s): cpu = 00:03:21 ; elapsed = 00:02:10 . Memory (MB): peak = 2428.734 ; gain = 40.012

Phase 3.3 Area Swap Optimization
Phase 3.3 Area Swap Optimization | Checksum: 1a6f8e161

Time (s): cpu = 00:03:22 ; elapsed = 00:02:11 . Memory (MB): peak = 2428.734 ; gain = 40.012

Phase 3.4 Pipeline Register Optimization
Phase 3.4 Pipeline Register Optimization | Checksum: 1f6863d5a

Time (s): cpu = 00:03:23 ; elapsed = 00:02:11 . Memory (MB): peak = 2428.734 ; gain = 40.012

Phase 3.5 Fast Optimization
Phase 3.5 Fast Optimization | Checksum: 19a17c3fe

Time (s): cpu = 00:03:44 ; elapsed = 00:02:23 . Memory (MB): peak = 2428.734 ; gain = 40.012

Phase 3.6 Small Shape Detail Placement
Phase 3.6 Small Shape Detail Placement | Checksum: 1d9fa595c

Time (s): cpu = 00:04:11 ; elapsed = 00:02:53 . Memory (MB): peak = 2428.734 ; gain = 40.012

Phase 3.7 Re-assign LUT pins
Phase 3.7 Re-assign LUT pins | Checksum: 103e97803

Time (s): cpu = 00:04:17 ; elapsed = 00:02:59 . Memory (MB): peak = 2428.734 ; gain = 40.012

Phase 3.8 Pipeline Register Optimization
Phase 3.8 Pipeline Register Optimization | Checksum: 1a7989e22

Time (s): cpu = 00:04:18 ; elapsed = 00:03:00 . Memory (MB): peak = 2428.734 ; gain = 40.012
Phase 3 Detail Placement | Checksum: 1a7989e22

Time (s): cpu = 00:04:18 ; elapsed = 00:03:00 . Memory (MB): peak = 2428.734 ; gain = 40.012

Phase 4 Post Placement Optimization and Clean-Up

Phase 4.1 Post Commit Optimization
INFO: [Timing 38-35] Done setting XDC timing constraints.

Phase 4.1.1 Post Placement Optimization
Post Placement Optimization Initialization | Checksum: fcdee215

Phase 4.1.1.1 BUFG Insertion

Starting Physical Synthesis Task

Phase 1 Physical Synthesis Initialization
INFO: [Physopt 32-721] Multithreading enabled for phys_opt_design using a maximum of 2 CPUs
INFO: [Physopt 32-619] Estimated Timing Summary | WNS=-0.979 | TNS=-2.791 |
Phase 1 Physical Synthesis Initialization | Checksum: 15f6c2fe5

Time (s): cpu = 00:00:01 ; elapsed = 00:00:01 . Memory (MB): peak = 2569.660 ; gain = 0.645
INFO: [Place 46-33] Processed net yolo_sys_i/engine/inst/u_csr/rst_n_0, BUFG insertion was skipped due to placement/routing conflicts.
INFO: [Place 46-56] BUFG insertion identified 1 candidate nets. Inserted BUFG: 0, Replicated BUFG Driver: 0, Skipped due to Placement/Routing Conflicts: 1, Skipped due to Timing Degradation: 0, Skipped due to netlist editing failed: 0.
Ending Physical Synthesis Task | Checksum: 133416b2c

Time (s): cpu = 00:00:03 ; elapsed = 00:00:03 . Memory (MB): peak = 2572.695 ; gain = 3.680
Phase 4.1.1.1 BUFG Insertion | Checksum: fcdee215

Time (s): cpu = 00:04:46 ; elapsed = 00:03:20 . Memory (MB): peak = 2572.695 ; gain = 183.973

Phase 4.1.1.2 Post Placement Timing Optimization
INFO: [Place 30-746] Post Placement Timing Summary WNS=0.524. For the most accurate timing information please run report_timing.
Phase 4.1.1.2 Post Placement Timing Optimization | Checksum: 1f1db73b0

Time (s): cpu = 00:04:50 ; elapsed = 00:03:24 . Memory (MB): peak = 2572.695 ; gain = 183.973

Time (s): cpu = 00:04:50 ; elapsed = 00:03:24 . Memory (MB): peak = 2572.695 ; gain = 183.973
Phase 4.1 Post Commit Optimization | Checksum: 1f1db73b0

Time (s): cpu = 00:04:50 ; elapsed = 00:03:24 . Memory (MB): peak = 2572.695 ; gain = 183.973

Phase 4.2 Post Placement Cleanup
Phase 4.2 Post Placement Cleanup | Checksum: 1f1db73b0

Time (s): cpu = 00:04:51 ; elapsed = 00:03:25 . Memory (MB): peak = 2572.695 ; gain = 183.973

Phase 4.3 Placer Reporting

Phase 4.3.1 Print Estimated Congestion
INFO: [Place 30-612] Post-Placement Estimated Congestion 
 ____________________________________________________
|           | Global Congestion | Short Congestion  |
| Direction | Region Size       | Region Size       |
|___________|___________________|___________________|
|      North|                2x2|                4x4|
|___________|___________________|___________________|
|      South|                4x4|                8x8|
|___________|___________________|___________________|
|       East|                4x4|                4x4|
|___________|___________________|___________________|
|       West|                4x4|                4x4|
|___________|___________________|___________________|

Phase 4.3.1 Print Estimated Congestion | Checksum: 1f1db73b0

Time (s): cpu = 00:04:52 ; elapsed = 00:03:25 . Memory (MB): peak = 2572.695 ; gain = 183.973
Phase 4.3 Placer Reporting | Checksum: 1f1db73b0

Time (s): cpu = 00:04:52 ; elapsed = 00:03:25 . Memory (MB): peak = 2572.695 ; gain = 183.973

Phase 4.4 Final Placement Cleanup
Netlist sorting complete. Time (s): cpu = 00:00:00 ; elapsed = 00:00:00.043 . Memory (MB): peak = 2572.695 ; gain = 0.000

Time (s): cpu = 00:04:52 ; elapsed = 00:03:25 . Memory (MB): peak = 2572.695 ; gain = 183.973
Phase 4 Post Placement Optimization and Clean-Up | Checksum: 1ebaf5d5a

Time (s): cpu = 00:04:52 ; elapsed = 00:03:25 . Memory (MB): peak = 2572.695 ; gain = 183.973
Ending Placer Task | Checksum: 19d02ddbc

Time (s): cpu = 00:04:53 ; elapsed = 00:03:26 . Memory (MB): peak = 2572.695 ; gain = 183.973
99 Infos, 1 Warnings, 100 Critical Warnings and 0 Errors encountered.
place_design completed successfully
place_design: Time (s): cpu = 00:05:02 ; elapsed = 00:03:32 . Memory (MB): peak = 2572.695 ; gain = 183.973
INFO: [Vivado 12-24838] Running report commands "report_control_sets, report_io, report_utilization" in parallel.
Running report generation with 2 threads.
INFO: [Vivado 12-24828] Executing command : report_io -file yolo_sys_wrapper_io_placed.rpt
report_io: Time (s): cpu = 00:00:00 ; elapsed = 00:00:00.076 . Memory (MB): peak = 2572.695 ; gain = 0.000
INFO: [Vivado 12-24828] Executing command : report_control_sets -verbose -file yolo_sys_wrapper_control_sets_placed.rpt
report_control_sets: Time (s): cpu = 00:00:00 ; elapsed = 00:00:00.217 . Memory (MB): peak = 2572.695 ; gain = 0.000
INFO: [Vivado 12-24828] Executing command : report_utilization -file yolo_sys_wrapper_utilization_placed.rpt -pb yolo_sys_wrapper_utilization_placed.pb
INFO: [Timing 38-480] Writing timing data to binary archive.
Wrote PlaceDB: Time (s): cpu = 00:00:00 ; elapsed = 00:00:00 . Memory (MB): peak = 2572.695 ; gain = 0.000
Wrote PulsedLatchDB: Time (s): cpu = 00:00:00 ; elapsed = 00:00:00 . Memory (MB): peak = 2572.695 ; gain = 0.000
Writing XDEF routing.
Writing XDEF routing logical nets.
Writing XDEF routing special nets.
Wrote RouteStorage: Time (s): cpu = 00:00:01 ; elapsed = 00:00:00.106 . Memory (MB): peak = 2572.695 ; gain = 0.000
Write ShapeDB Complete: Time (s): cpu = 00:00:01 ; elapsed = 00:00:00.197 . Memory (MB): peak = 2572.695 ; gain = 0.000
Wrote PlaceStorage: Time (s): cpu = 00:00:07 ; elapsed = 00:00:03 . Memory (MB): peak = 2572.695 ; gain = 0.000
Wrote Netlist Cache: Time (s): cpu = 00:00:00 ; elapsed = 00:00:00.091 . Memory (MB): peak = 2572.695 ; gain = 0.000
Wrote Device Cache: Time (s): cpu = 00:00:00 ; elapsed = 00:00:00.014 . Memory (MB): peak = 2572.695 ; gain = 0.000
Write Physdb Complete: Time (s): cpu = 00:00:08 ; elapsed = 00:00:03 . Memory (MB): peak = 2572.695 ; gain = 0.000
INFO: [Common 17-1381] The checkpoint 'E:/competition/2_fpga/3_yolo_zynq/proj/board_sys/yolo_a2_board/yolo_a2_board.runs/impl_1/yolo_sys_wrapper_placed.dcp' has been generated.
write_checkpoint: Time (s): cpu = 00:00:10 ; elapsed = 00:00:05 . Memory (MB): peak = 2572.695 ; gain = 0.000
Command: phys_opt_design
Attempting to get a license for feature 'Implementation' and/or device 'xc7z020'
INFO: [Common 17-349] Got license for feature 'Implementation' and/or device 'xc7z020'

Starting Initial Update Timing Task

Time (s): cpu = 00:00:17 ; elapsed = 00:00:11 . Memory (MB): peak = 2579.766 ; gain = 7.070
INFO: [Vivado_Tcl 4-2279] Estimated Timing Summary | WNS= 0.524 | TNS= 0.000 | 
INFO: [Vivado_Tcl 4-383] Design worst setup slack (WNS) is greater than or equal to 0.000 ns. All physical synthesis setup optimizations will be skipped.
INFO: [Vivado_Tcl 4-232] No setup violation found. The netlist was not modified.
INFO: [Common 17-83] Releasing license: Implementation
110 Infos, 1 Warnings, 100 Critical Warnings and 0 Errors encountered.
phys_opt_design completed successfully
phys_opt_design: Time (s): cpu = 00:00:17 ; elapsed = 00:00:11 . Memory (MB): peak = 2579.766 ; gain = 7.070
INFO: [Timing 38-480] Writing timing data to binary archive.
Wrote PlaceDB: Time (s): cpu = 00:00:00 ; elapsed = 00:00:00 . Memory (MB): peak = 2584.910 ; gain = 0.000
Wrote PulsedLatchDB: Time (s): cpu = 00:00:00 ; elapsed = 00:00:00 . Memory (MB): peak = 2585.016 ; gain = 0.000
Writing XDEF routing.
Writing XDEF routing logical nets.
Writing XDEF routing special nets.
Wrote RouteStorage: Time (s): cpu = 00:00:00 ; elapsed = 00:00:00.105 . Memory (MB): peak = 2599.062 ; gain = 14.047
Write ShapeDB Complete: Time (s): cpu = 00:00:00 ; elapsed = 00:00:00.201 . Memory (MB): peak = 2600.793 ; gain = 15.883
Wrote PlaceStorage: Time (s): cpu = 00:00:07 ; elapsed = 00:00:03 . Memory (MB): peak = 2605.484 ; gain = 6.422
Wrote Netlist Cache: Time (s): cpu = 00:00:00 ; elapsed = 00:00:00.093 . Memory (MB): peak = 2605.484 ; gain = 0.000
Wrote Device Cache: Time (s): cpu = 00:00:00 ; elapsed = 00:00:00.015 . Memory (MB): peak = 2605.484 ; gain = 0.000
Write Physdb Complete: Time (s): cpu = 00:00:07 ; elapsed = 00:00:03 . Memory (MB): peak = 2605.484 ; gain = 20.574
INFO: [Common 17-1381] The checkpoint 'E:/competition/2_fpga/3_yolo_zynq/proj/board_sys/yolo_a2_board/yolo_a2_board.runs/impl_1/yolo_sys_wrapper_physopt.dcp' has been generated.
write_checkpoint: Time (s): cpu = 00:00:09 ; elapsed = 00:00:05 . Memory (MB): peak = 2605.484 ; gain = 25.719
Command: route_design
Attempting to get a license for feature 'Implementation' and/or device 'xc7z020'
INFO: [Common 17-349] Got license for feature 'Implementation' and/or device 'xc7z020'


Starting Routing Task
INFO: [Route 35-254] Multithreading enabled for route_design using a maximum of 2 CPUs

Phase 1 Build RT Design
Checksum: PlaceDB: f23452fa ConstDB: 0 ShapeSum: 94d517d2 RouteDB: 15f972f0
Post Restoration Checksum: NetGraph: 951aea3 | NumContArr: ec0c82a2 | Constraints: c2a8fa9d | Timing: c2a8fa9d
Phase 1 Build RT Design | Checksum: 27ab0267f

Time (s): cpu = 00:00:36 ; elapsed = 00:00:23 . Memory (MB): peak = 2607.902 ; gain = 2.418

Phase 2 Router Initialization

Phase 2.1 Fix Topology Constraints
Phase 2.1 Fix Topology Constraints | Checksum: 27ab0267f

Time (s): cpu = 00:00:37 ; elapsed = 00:00:24 . Memory (MB): peak = 2607.902 ; gain = 2.418

Phase 2.2 Pre Route Cleanup
Phase 2.2 Pre Route Cleanup | Checksum: 27ab0267f

Time (s): cpu = 00:00:37 ; elapsed = 00:00:24 . Memory (MB): peak = 2607.902 ; gain = 2.418
 Number of Nodes with overlaps = 0

Phase 2.3 Update Timing
Phase 2.3 Update Timing | Checksum: 2b8da07e0

Time (s): cpu = 00:01:02 ; elapsed = 00:00:39 . Memory (MB): peak = 2691.625 ; gain = 86.141
INFO: [Route 35-416] Intermediate Timing Summary | WNS=0.603  | TNS=0.000  | WHS=-0.317 | THS=-502.228|


Phase 2.4 Soft Constraint Pins - Fast Budgeting
Phase 2.4 Soft Constraint Pins - Fast Budgeting | Checksum: 2514a57dd

Time (s): cpu = 00:01:14 ; elapsed = 00:00:47 . Memory (MB): peak = 2957.188 ; gain = 351.703

Router Utilization Summary
  Global Vertical Routing Utilization    = 0 %
  Global Horizontal Routing Utilization  = 0 %
  Routable Net Status*
  *Does not include unroutable nets such as driverless and loadless.
  Run report_route_status for detailed report.
  Number of Failed Nets               = 78312
    (Failed Nets is the sum of unrouted and partially routed nets)
  Number of Unrouted Nets             = 78312
  Number of Partially Routed Nets     = 0
  Number of Node Overlaps             = 0

Phase 2 Router Initialization | Checksum: 226de46b6

Time (s): cpu = 00:01:15 ; elapsed = 00:00:48 . Memory (MB): peak = 2957.188 ; gain = 351.703

Phase 3 Global Routing
Phase 3 Global Routing | Checksum: 226de46b6

Time (s): cpu = 00:01:16 ; elapsed = 00:00:48 . Memory (MB): peak = 2957.188 ; gain = 351.703

Phase 4 Initial Routing

Phase 4.1 Initial Net Routing Pass
Phase 4.1 Initial Net Routing Pass | Checksum: 224cc3979

Time (s): cpu = 00:01:43 ; elapsed = 00:01:03 . Memory (MB): peak = 2975.961 ; gain = 370.477
Phase 4 Initial Routing | Checksum: 224cc3979

Time (s): cpu = 00:01:43 ; elapsed = 00:01:03 . Memory (MB): peak = 2975.961 ; gain = 370.477

Phase 5 Rip-up And Reroute

Phase 5.1 Global Iteration 0
 Number of Nodes with overlaps = 18789
 Number of Nodes with overlaps = 2169
 Number of Nodes with overlaps = 451
 Number of Nodes with overlaps = 124
 Number of Nodes with overlaps = 37
 Number of Nodes with overlaps = 6
 Number of Nodes with overlaps = 2
 Number of Nodes with overlaps = 0
INFO: [Route 35-416] Intermediate Timing Summary | WNS=0.788  | TNS=0.000  | WHS=N/A    | THS=N/A    |

Phase 5.1 Global Iteration 0 | Checksum: 2ddb06c35

Time (s): cpu = 00:04:19 ; elapsed = 00:03:11 . Memory (MB): peak = 2975.961 ; gain = 370.477

Phase 5.2 Global Iteration 1
 Number of Nodes with overlaps = 7
 Number of Nodes with overlaps = 2
 Number of Nodes with overlaps = 1
 Number of Nodes with overlaps = 1
 Number of Nodes with overlaps = 1
 Number of Nodes with overlaps = 0
INFO: [Route 35-416] Intermediate Timing Summary | WNS=0.788  | TNS=0.000  | WHS=N/A    | THS=N/A    |

Phase 5.2 Global Iteration 1 | Checksum: 1dbf339d5

Time (s): cpu = 00:04:27 ; elapsed = 00:03:18 . Memory (MB): peak = 2975.961 ; gain = 370.477
Phase 5 Rip-up And Reroute | Checksum: 1dbf339d5

Time (s): cpu = 00:04:28 ; elapsed = 00:03:18 . Memory (MB): peak = 2975.961 ; gain = 370.477

Phase 6 Delay and Skew Optimization

Phase 6.1 Delay CleanUp
Phase 6.1 Delay CleanUp | Checksum: 1dbf339d5

Time (s): cpu = 00:04:28 ; elapsed = 00:03:19 . Memory (MB): peak = 2975.961 ; gain = 370.477

Phase 6.2 Clock Skew Optimization
Phase 6.2 Clock Skew Optimization | Checksum: 1dbf339d5

Time (s): cpu = 00:04:28 ; elapsed = 00:03:19 . Memory (MB): peak = 2975.961 ; gain = 370.477
Phase 6 Delay and Skew Optimization | Checksum: 1dbf339d5

Time (s): cpu = 00:04:28 ; elapsed = 00:03:19 . Memory (MB): peak = 2975.961 ; gain = 370.477

Phase 7 Post Hold Fix

Phase 7.1 Hold Fix Iter
INFO: [Route 35-416] Intermediate Timing Summary | WNS=0.919  | TNS=0.000  | WHS=0.021  | THS=0.000  |

Phase 7.1 Hold Fix Iter | Checksum: 2611fb278

Time (s): cpu = 00:04:32 ; elapsed = 00:03:21 . Memory (MB): peak = 2975.961 ; gain = 370.477
Phase 7 Post Hold Fix | Checksum: 2611fb278

Time (s): cpu = 00:04:32 ; elapsed = 00:03:21 . Memory (MB): peak = 2975.961 ; gain = 370.477

Phase 8 Route finalize

Router Utilization Summary
  Global Vertical Routing Utilization    = 40.7101 %
  Global Horizontal Routing Utilization  = 43.8694 %
  Routable Net Status*
  *Does not include unroutable nets such as driverless and loadless.
  Run report_route_status for detailed report.
  Number of Failed Nets               = 0
    (Failed Nets is the sum of unrouted and partially routed nets)
  Number of Unrouted Nets             = 0
  Number of Partially Routed Nets     = 0
  Number of Node Overlaps             = 0

Phase 8 Route finalize | Checksum: 2611fb278

Time (s): cpu = 00:04:33 ; elapsed = 00:03:21 . Memory (MB): peak = 2975.961 ; gain = 370.477

Phase 9 Verifying routed nets

 Verification completed successfully
Phase 9 Verifying routed nets | Checksum: 2611fb278

Time (s): cpu = 00:04:33 ; elapsed = 00:03:21 . Memory (MB): peak = 2975.961 ; gain = 370.477

Phase 10 Depositing Routes
Phase 10 Depositing Routes | Checksum: 27b51155f

Time (s): cpu = 00:04:43 ; elapsed = 00:03:30 . Memory (MB): peak = 2975.961 ; gain = 370.477

Phase 11 Post Process Routing
Phase 11 Post Process Routing | Checksum: 27b51155f

Time (s): cpu = 00:04:43 ; elapsed = 00:03:30 . Memory (MB): peak = 2975.961 ; gain = 370.477

Phase 12 Post Router Timing
INFO: [Route 35-57] Estimated Timing Summary | WNS=0.919  | TNS=0.000  | WHS=0.021  | THS=0.000  |

INFO: [Route 35-327] The final timing numbers are based on the router estimated timing analysis. For a complete and accurate timing signoff, please run report_timing_summary.
Phase 12 Post Router Timing | Checksum: 27b51155f

Time (s): cpu = 00:04:44 ; elapsed = 00:03:30 . Memory (MB): peak = 2975.961 ; gain = 370.477
Total Elapsed time in route_design: 210.484 secs

Phase 13 Post-Route Event Processing
Phase 13 Post-Route Event Processing | Checksum: d2921c3d

Time (s): cpu = 00:04:44 ; elapsed = 00:03:31 . Memory (MB): peak = 2975.961 ; gain = 370.477
INFO: [Route 35-16] Router Completed Successfully
Ending Routing Task | Checksum: d2921c3d

Time (s): cpu = 00:04:44 ; elapsed = 00:03:31 . Memory (MB): peak = 2975.961 ; gain = 370.477

Routing Is Done.
INFO: [Common 17-83] Releasing license: Implementation
122 Infos, 1 Warnings, 100 Critical Warnings and 0 Errors encountered.
route_design completed successfully
route_design: Time (s): cpu = 00:04:45 ; elapsed = 00:03:32 . Memory (MB): peak = 2975.961 ; gain = 370.477
INFO: [Vivado 12-24828] Executing command : report_drc -file yolo_sys_wrapper_drc_routed.rpt -pb yolo_sys_wrapper_drc_routed.pb -rpx yolo_sys_wrapper_drc_routed.rpx
Command: report_drc -file yolo_sys_wrapper_drc_routed.rpt -pb yolo_sys_wrapper_drc_routed.pb -rpx yolo_sys_wrapper_drc_routed.rpx
INFO: [IP_Flow 19-1839] IP Catalog is up to date.
INFO: [DRC 23-27] Running DRC with 2 threads
INFO: [Vivado_Tcl 2-168] The results of DRC are in file E:/competition/2_fpga/3_yolo_zynq/proj/board_sys/yolo_a2_board/yolo_a2_board.runs/impl_1/yolo_sys_wrapper_drc_routed.rpt.
report_drc completed successfully
report_drc: Time (s): cpu = 00:00:14 ; elapsed = 00:00:08 . Memory (MB): peak = 2975.961 ; gain = 0.000
INFO: [Vivado 12-24828] Executing command : report_methodology -file yolo_sys_wrapper_methodology_drc_routed.rpt -pb yolo_sys_wrapper_methodology_drc_routed.pb -rpx yolo_sys_wrapper_methodology_drc_routed.rpx
Command: report_methodology -file yolo_sys_wrapper_methodology_drc_routed.rpt -pb yolo_sys_wrapper_methodology_drc_routed.pb -rpx yolo_sys_wrapper_methodology_drc_routed.rpx
INFO: [Timing 38-35] Done setting XDC timing constraints.
INFO: [DRC 23-133] Running Methodology with 2 threads
INFO: [Vivado_Tcl 2-1520] The results of Report Methodology are in file E:/competition/2_fpga/3_yolo_zynq/proj/board_sys/yolo_a2_board/yolo_a2_board.runs/impl_1/yolo_sys_wrapper_methodology_drc_routed.rpt.
report_methodology completed successfully
report_drc: Time (s): cpu = 00:00:38 ; elapsed = 00:00:22 . Memory (MB): peak = 2975.961 ; gain = 0.000
INFO: [Vivado 12-24828] Executing command : report_timing_summary -max_paths 10 -routable_nets -report_unconstrained -file yolo_sys_wrapper_timing_summary_routed.rpt -pb yolo_sys_wrapper_timing_summary_routed.pb -rpx yolo_sys_wrapper_timing_summary_routed.rpx -warn_on_violation 
INFO: [Timing 38-35] Done setting XDC timing constraints.
INFO: [Timing 38-91] UpdateTimingParams: Speed grade: -1, Delay Type: min_max.
INFO: [Timing 38-191] Multithreading enabled for timing update using a maximum of 2 CPUs
report_timing_summary: Time (s): cpu = 00:00:11 ; elapsed = 00:00:08 . Memory (MB): peak = 2975.961 ; gain = 0.000
INFO: [Vivado 12-24838] Running report commands "report_incremental_reuse, report_route_status" in parallel.
Running report generation with 2 threads.
INFO: [Vivado 12-24828] Executing command : report_incremental_reuse -file yolo_sys_wrapper_incremental_reuse_routed.rpt
INFO: [Vivado_Tcl 4-1062] Incremental flow is disabled. No incremental reuse Info to report.
INFO: [Vivado 12-24828] Executing command : report_route_status -file yolo_sys_wrapper_route_status.rpt -pb yolo_sys_wrapper_route_status.pb
INFO: [Vivado 12-24828] Executing command : report_power -file yolo_sys_wrapper_power_routed.rpt -pb yolo_sys_wrapper_power_summary_routed.pb -rpx yolo_sys_wrapper_power_routed.rpx
Command: report_power -file yolo_sys_wrapper_power_routed.rpt -pb yolo_sys_wrapper_power_summary_routed.pb -rpx yolo_sys_wrapper_power_routed.rpx
Running Vector-less Activity Propagation...

Finished Running Vector-less Activity Propagation
139 Infos, 1 Warnings, 100 Critical Warnings and 0 Errors encountered.
report_power completed successfully
report_power: Time (s): cpu = 00:00:22 ; elapsed = 00:00:16 . Memory (MB): peak = 2975.961 ; gain = 0.000
INFO: [Vivado 12-24828] Executing command : report_clock_utilization -file yolo_sys_wrapper_clock_utilization_routed.rpt
INFO: [Vivado 12-24828] Executing command : report_bus_skew -warn_on_violation -file yolo_sys_wrapper_bus_skew_routed.rpt -pb yolo_sys_wrapper_bus_skew_routed.pb -rpx yolo_sys_wrapper_bus_skew_routed.rpx
INFO: [Timing 38-91] UpdateTimingParams: Speed grade: -1, Delay Type: min_max.
INFO: [Timing 38-191] Multithreading enabled for timing update using a maximum of 2 CPUs
generate_parallel_reports: Time (s): cpu = 00:01:28 ; elapsed = 00:00:57 . Memory (MB): peak = 2975.961 ; gain = 0.000
INFO: [Timing 38-480] Writing timing data to binary archive.
Wrote PlaceDB: Time (s): cpu = 00:00:00 ; elapsed = 00:00:00 . Memory (MB): peak = 2975.961 ; gain = 0.000
Wrote PulsedLatchDB: Time (s): cpu = 00:00:00 ; elapsed = 00:00:00 . Memory (MB): peak = 2975.961 ; gain = 0.000
Writing XDEF routing.
Writing XDEF routing logical nets.
Write ShapeDB Complete: Time (s): cpu = 00:00:01 ; elapsed = 00:00:00.205 . Memory (MB): peak = 2975.961 ; gain = 0.000
Writing XDEF routing special nets.
Wrote RouteStorage: Time (s): cpu = 00:00:04 ; elapsed = 00:00:00.865 . Memory (MB): peak = 2975.961 ; gain = 0.000
Wrote PlaceStorage: Time (s): cpu = 00:00:04 ; elapsed = 00:00:03 . Memory (MB): peak = 2975.961 ; gain = 0.000
Wrote Netlist Cache: Time (s): cpu = 00:00:00 ; elapsed = 00:00:00.096 . Memory (MB): peak = 2975.961 ; gain = 0.000
Wrote Device Cache: Time (s): cpu = 00:00:00 ; elapsed = 00:00:00.014 . Memory (MB): peak = 2975.961 ; gain = 0.000
Write Physdb Complete: Time (s): cpu = 00:00:08 ; elapsed = 00:00:04 . Memory (MB): peak = 2975.961 ; gain = 0.000
INFO: [Common 17-1381] The checkpoint 'E:/competition/2_fpga/3_yolo_zynq/proj/board_sys/yolo_a2_board/yolo_a2_board.runs/impl_1/yolo_sys_wrapper_routed.dcp' has been generated.
write_checkpoint: Time (s): cpu = 00:00:10 ; elapsed = 00:00:06 . Memory (MB): peak = 2975.961 ; gain = 0.000
Command: write_bitstream -force yolo_sys_wrapper.bit
Attempting to get a license for feature 'Implementation' and/or device 'xc7z020'
INFO: [Common 17-349] Got license for feature 'Implementation' and/or device 'xc7z020'
Running DRC as a precondition to command write_bitstream
INFO: [IP_Flow 19-1839] IP Catalog is up to date.
INFO: [DRC 23-27] Running DRC with 2 threads
INFO: [Vivado 12-3199] DRC finished with 0 Errors
INFO: [Vivado 12-3200] Please refer to the DRC report (report_drc) for more information.
Integrating Hard IP ELF/MEM with the PDI.
INFO: [Designutils 20-2272] Running write_bitstream with 2 threads.
Loading data files...
Loading site data...
Loading route data...
Processing options...
Creating bitmap...
Creating bitstream...
Writing bitstream ./yolo_sys_wrapper.bit...
INFO: [Vivado 12-1842] Bitgen Completed Successfully.
INFO: [Common 17-83] Releasing license: Implementation
153 Infos, 1 Warnings, 100 Critical Warnings and 0 Errors encountered.
write_bitstream completed successfully
write_bitstream: Time (s): cpu = 00:00:49 ; elapsed = 00:00:30 . Memory (MB): peak = 3295.598 ; gain = 319.637
INFO: [Common 17-206] Exiting Vivado at Fri Sep 18 00:25:38 2026...
[Fri Sep 18 00:25:42 2026] impl_1 finished
wait_on_runs: Time (s): cpu = 00:00:00 ; elapsed = 00:10:22 . Memory (MB): peak = 736.797 ; gain = 0.000
# write_hw_platform -fixed -include_bit -force $OUT/yolo_a2.xsa
INFO: [Projectvivado 1-1918] Creating Hardware Platform: E:/competition/2_fpga/3_yolo_zynq/proj/board_sys/yolo_a2.xsa ...
INFO: [Projectvivado 1-1943] The Hardware Platform can be used for Hardware
INFO: [Projectvivado 1-1941] Successfully created Hardware Platform: E:/competition/2_fpga/3_yolo_zynq/proj/board_sys/yolo_a2.xsa
INFO: [Hsi 55-2053] elapsed time for repository (F:/vivado2025/2025.2/Vivado/data/embeddedsw) loading 0 seconds
# open_run impl_1
INFO: [Device 21-403] Loading part xc7z020clg484-1
Netlist sorting complete. Time (s): cpu = 00:00:01 ; elapsed = 00:00:00.672 . Memory (MB): peak = 1092.645 ; gain = 0.000
INFO: [Netlist 29-17] Analyzing 8904 Unisim elements for replacement
INFO: [Netlist 29-28] Unisim Transformation completed in 2 CPU seconds
INFO: [Project 1-479] Netlist was created with Vivado 2025.2
INFO: [Project 1-570] Preparing netlist for logic optimization
Read ShapeDB Complete: Time (s): cpu = 00:00:00 ; elapsed = 00:00:00.202 . Memory (MB): peak = 1287.109 ; gain = 22.891
INFO: [Timing 38-478] Restoring timing data from binary archive.
INFO: [Timing 38-479] Binary timing data restore complete.
INFO: [Project 1-856] Restoring constraints from binary archive.
INFO: [Project 1-853] Binary constraint restore complete.
INFO: [Designutils 20-5722] Start Reading Physical Databases.
Reading placement.
Read Netlist Cache: Time (s): cpu = 00:00:00 ; elapsed = 00:00:00.075 . Memory (MB): peak = 2021.734 ; gain = 0.000
Reading placer database...
Read Device Cache: Time (s): cpu = 00:00:00 ; elapsed = 00:00:00.016 . Memory (MB): peak = 2021.734 ; gain = 0.000
Read PlaceDB: Time (s): cpu = 00:00:00 ; elapsed = 00:00:00 . Memory (MB): peak = 2021.734 ; gain = 0.000
Read placeStorage: Time (s): cpu = 00:00:02 ; elapsed = 00:00:02 . Memory (MB): peak = 2046.441 ; gain = 24.707
Read PulsedLatchDB: Time (s): cpu = 00:00:00 ; elapsed = 00:00:00 . Memory (MB): peak = 2046.441 ; gain = 0.000
Reading routing.
Read RouteStorage: Time (s): cpu = 00:00:01 ; elapsed = 00:00:00.948 . Memory (MB): peak = 2087.695 ; gain = 41.254
Read Physdb Files: Time (s): cpu = 00:00:03 ; elapsed = 00:00:03 . Memory (MB): peak = 2087.695 ; gain = 65.961
Restored from archive | CPU: 3.000000 secs | Memory: 0.000000 MB |
Finished XDEF File Restore: Time (s): cpu = 00:00:03 ; elapsed = 00:00:03 . Memory (MB): peak = 2087.695 ; gain = 66.949
Netlist sorting complete. Time (s): cpu = 00:00:00 ; elapsed = 00:00:00.038 . Memory (MB): peak = 2178.590 ; gain = 0.000
INFO: [Project 1-111] Unisim Transformation Summary:
  A total of 1581 instances were transformed.
  RAM16X1D => RAM32X1D (RAMD32(x2)): 1 instance 
  RAM32M => RAM32M (RAMD32(x6), RAMS32(x2)): 1576 instances
  RAM32X1D => RAM32X1D (RAMD32(x2)): 4 instances

open_run: Time (s): cpu = 00:00:22 ; elapsed = 00:00:23 . Memory (MB): peak = 2178.590 ; gain = 1261.414
get_timing_paths: Time (s): cpu = 00:00:28 ; elapsed = 00:00:16 . Memory (MB): peak = 2303.480 ; gain = 124.891
# set wns [get_property SLACK [get_timing_paths -delay_type max -max_paths 1]]
# puts "BOARD_TIMING wns_ns=$wns"
BOARD_TIMING wns_ns=0.954
# if {$wns >= 0} {
#     puts "BOARD_BITSTREAM_PASS wns_ns=$wns xsa=$OUT/yolo_a2.xsa"
# } else {
#     puts "BOARD_BITSTREAM_FAIL wns_ns=$wns"
# }
BOARD_BITSTREAM_PASS wns_ns=0.954 xsa=E:/competition/2_fpga/3_yolo_zynq/proj/board_sys/yolo_a2.xsa
INFO: [Common 17-206] Exiting Vivado at Fri Sep 18 00:26:23 2026...
