#-----------------------------------------------------------
# Vivado v2025.2 (64-bit)
# SW Build 6299465 on Fri Nov 14 19:35:11 GMT 2025
# IP Build 6300035 on Fri Nov 14 10:48:45 MST 2025
# SharedData Build 6298862 on Thu Nov 13 04:50:51 MST 2025
# Start of session at: Thu Sep 17 23:42:10 2026
# Process ID         : 51736
# Current directory  : E:/competition/2_fpga/3_yolo_zynq/proj/ooc_gate
# Command line       : vivado.exe -mode batch -source ooc_v28b60.tcl -nojournal -log ooc_v28b60_drv.log
# Log file           : E:/competition/2_fpga/3_yolo_zynq/proj/ooc_gate/ooc_v28b60_drv.log
# Journal file       : 
# Running On         : HC-202510241838
# Platform           : Windows Server 2016 or Windows 10
# Operating System   : 26200
# Processor Detail   : AMD Ryzen 5 9600X 6-Core Processor             
# CPU Frequency      : 3893 MHz
# CPU Physical cores : 6
# CPU Logical cores  : 12
# Host memory        : 33410 MB
# Swap memory        : 21474 MB
# Total Virtual      : 54884 MB
# Available Virtual  : 11625 MB
#-----------------------------------------------------------
source ooc_v28b60.tcl
# set RTL E:/competition/2_fpga/3_yolo_zynq/rtl
# set IPD E:/competition/2_fpga/3_yolo_zynq/ip
# set OUT E:/competition/2_fpga/3_yolo_zynq/proj/ooc_gate
# set filelist [list \
#     $RTL/yolo_engine_top.v \
#     $RTL/yolo_gemm_array.v \
#     $RTL/yolo_csr.v \
#     $RTL/yolo_ctrl.v \
#     $RTL/yolo_dma.v \
#     $RTL/yolo_dma_wr.v \
#     $RTL/yolo_wbuf.v \
#     $RTL/yolo_xbuf.v \
#     $RTL/yolo_xrowgen.v \
#     $RTL/yolo_pe_pack.v \
#     $RTL/yolo_acc.v \
#     $RTL/yolo_requant.v \
#     $RTL/yolo_silu_lut.v \
# ]
# create_project -in_memory -part xc7z020clg484-1
# read_verilog $filelist
# read_ip $IPD/yolo_wbuf_bmg/yolo_wbuf_bmg.xci
INFO: [IP_Flow 19-234] Refreshing IP repositories
INFO: [IP_Flow 19-1704] No user IP repositories specified
INFO: [IP_Flow 19-2313] Loaded Vivado IP repository 'F:/vivado2025/2025.2/Vivado/data/ip'.
WARNING: [Vivado 12-13650] The IP file 'E:/competition/2_fpga/3_yolo_zynq/ip/yolo_wbuf_bmg/yolo_wbuf_bmg.xci' has been moved from its original location, as a result the outputs for this IP will now be generated in 'e:/competition/2_fpga/3_yolo_zynq/ip/yolo_wbuf_bmg'. Alternatively a copy of the IP can be imported into the project using one of the 'import_ip' or 'import_files' commands.
# generate_target all [get_ips yolo_wbuf_bmg]
# synth_ip [get_ips yolo_wbuf_bmg] -force
INFO: [IP_Flow 19-1686] Generating 'Instantiation Template' target for IP 'yolo_wbuf_bmg'...
INFO: [IP_Flow 19-1686] Generating 'Synthesis' target for IP 'yolo_wbuf_bmg'...
INFO: [IP_Flow 19-1686] Generating 'Simulation' target for IP 'yolo_wbuf_bmg'...
INFO: [IP_Flow 19-1686] Generating 'Miscellaneous' target for IP 'yolo_wbuf_bmg'...
INFO: [IP_Flow 19-1686] Generating 'Change Log' target for IP 'yolo_wbuf_bmg'...
INFO: [IP_Flow 19-234] Refreshing IP repositories
INFO: [IP_Flow 19-1704] No user IP repositories specified
INFO: [IP_Flow 19-2313] Loaded Vivado IP repository 'F:/vivado2025/2025.2/Vivado/data/ip'.
WARNING: [Vivado 12-13650] The IP file 'E:/competition/2_fpga/3_yolo_zynq/ip/yolo_wbuf_bmg/yolo_wbuf_bmg.xci' has been moved from its original location, as a result the outputs for this IP will now be generated in 'e:/competition/2_fpga/3_yolo_zynq/ip/yolo_wbuf_bmg'. Alternatively a copy of the IP can be imported into the project using one of the 'import_ip' or 'import_files' commands.
Command: synth_design -top yolo_wbuf_bmg -part xc7z020clg484-1 -mode out_of_context
Starting synth_design
Attempting to get a license for feature 'Synthesis' and/or device 'xc7z020'
INFO: [Common 17-349] Got license for feature 'Synthesis' and/or device 'xc7z020'
INFO: [Device 21-403] Loading part xc7z020clg484-1
INFO: [Synth 8-7079] Multithreading enabled for synth_design using a maximum of 2 processes.
INFO: [Synth 8-7078] Launching helper process for spawning children vivado processes
INFO: [Synth 8-7075] Helper process launched with PID 45276
---------------------------------------------------------------------------------
Starting RTL Elaboration : Time (s): cpu = 00:00:06 ; elapsed = 00:00:07 . Memory (MB): peak = 1345.961 ; gain = 540.852
---------------------------------------------------------------------------------
INFO: [Synth 8-638] synthesizing module 'yolo_wbuf_bmg' [e:/competition/2_fpga/3_yolo_zynq/ip/yolo_wbuf_bmg/synth/yolo_wbuf_bmg.vhd:72]
	Parameter C_FAMILY bound to: zynq - type: string 
	Parameter C_XDEVICEFAMILY bound to: zynq - type: string 
	Parameter C_ELABORATION_DIR bound to: ./ - type: string 
	Parameter C_INTERFACE_TYPE bound to: 0 - type: integer 
	Parameter C_AXI_TYPE bound to: 1 - type: integer 
	Parameter C_AXI_SLAVE_TYPE bound to: 0 - type: integer 
	Parameter C_USE_BRAM_BLOCK bound to: 0 - type: integer 
	Parameter C_ENABLE_32BIT_ADDRESS bound to: 0 - type: integer 
	Parameter C_CTRL_ECC_ALGO bound to: NONE - type: string 
	Parameter C_HAS_AXI_ID bound to: 0 - type: integer 
	Parameter C_AXI_ID_WIDTH bound to: 4 - type: integer 
	Parameter C_MEM_TYPE bound to: 1 - type: integer 
	Parameter C_BYTE_SIZE bound to: 8 - type: integer 
	Parameter C_ALGORITHM bound to: 1 - type: integer 
	Parameter C_PRIM_TYPE bound to: 1 - type: integer 
	Parameter C_LOAD_INIT_FILE bound to: 0 - type: integer 
	Parameter C_INIT_FILE_NAME bound to: no_coe_file_loaded - type: string 
	Parameter C_INIT_FILE bound to: yolo_wbuf_bmg.mem - type: string 
	Parameter C_USE_DEFAULT_DATA bound to: 0 - type: integer 
	Parameter C_DEFAULT_DATA bound to: 0 - type: string 
	Parameter C_HAS_RSTA bound to: 0 - type: integer 
	Parameter C_RST_PRIORITY_A bound to: CE - type: string 
	Parameter C_RSTRAM_A bound to: 0 - type: integer 
	Parameter C_INITA_VAL bound to: 0 - type: string 
	Parameter C_HAS_ENA bound to: 0 - type: integer 
	Parameter C_HAS_REGCEA bound to: 0 - type: integer 
	Parameter C_USE_BYTE_WEA bound to: 1 - type: integer 
	Parameter C_WEA_WIDTH bound to: 128 - type: integer 
	Parameter C_WRITE_MODE_A bound to: READ_FIRST - type: string 
	Parameter C_WRITE_WIDTH_A bound to: 1024 - type: integer 
	Parameter C_READ_WIDTH_A bound to: 1024 - type: integer 
	Parameter C_WRITE_DEPTH_A bound to: 288 - type: integer 
	Parameter C_READ_DEPTH_A bound to: 288 - type: integer 
	Parameter C_ADDRA_WIDTH bound to: 9 - type: integer 
	Parameter C_HAS_RSTB bound to: 0 - type: integer 
	Parameter C_RST_PRIORITY_B bound to: CE - type: string 
	Parameter C_RSTRAM_B bound to: 0 - type: integer 
	Parameter C_INITB_VAL bound to: 0 - type: string 
	Parameter C_HAS_ENB bound to: 1 - type: integer 
	Parameter C_HAS_REGCEB bound to: 0 - type: integer 
	Parameter C_USE_BYTE_WEB bound to: 1 - type: integer 
	Parameter C_WEB_WIDTH bound to: 128 - type: integer 
	Parameter C_WRITE_MODE_B bound to: WRITE_FIRST - type: string 
	Parameter C_WRITE_WIDTH_B bound to: 1024 - type: integer 
	Parameter C_READ_WIDTH_B bound to: 1024 - type: integer 
	Parameter C_WRITE_DEPTH_B bound to: 288 - type: integer 
	Parameter C_READ_DEPTH_B bound to: 288 - type: integer 
	Parameter C_ADDRB_WIDTH bound to: 9 - type: integer 
	Parameter C_HAS_MEM_OUTPUT_REGS_A bound to: 0 - type: integer 
	Parameter C_HAS_MEM_OUTPUT_REGS_B bound to: 0 - type: integer 
	Parameter C_HAS_MUX_OUTPUT_REGS_A bound to: 0 - type: integer 
	Parameter C_HAS_MUX_OUTPUT_REGS_B bound to: 0 - type: integer 
	Parameter C_MUX_PIPELINE_STAGES bound to: 0 - type: integer 
	Parameter C_HAS_SOFTECC_INPUT_REGS_A bound to: 0 - type: integer 
	Parameter C_HAS_SOFTECC_OUTPUT_REGS_B bound to: 0 - type: integer 
	Parameter C_USE_SOFTECC bound to: 0 - type: integer 
	Parameter C_USE_ECC bound to: 0 - type: integer 
	Parameter C_EN_ECC_PIPE bound to: 0 - type: integer 
	Parameter C_READ_LATENCY_A bound to: 1 - type: integer 
	Parameter C_READ_LATENCY_B bound to: 1 - type: integer 
	Parameter C_HAS_INJECTERR bound to: 0 - type: integer 
	Parameter C_SIM_COLLISION_CHECK bound to: ALL - type: string 
	Parameter C_COMMON_CLK bound to: 0 - type: integer 
	Parameter C_DISABLE_WARN_BHV_COLL bound to: 0 - type: integer 
	Parameter C_EN_SLEEP_PIN bound to: 0 - type: integer 
	Parameter C_USE_URAM bound to: 0 - type: integer 
	Parameter C_EN_RDADDRA_CHG bound to: 0 - type: integer 
	Parameter C_EN_RDADDRB_CHG bound to: 0 - type: integer 
	Parameter C_EN_DEEPSLEEP_PIN bound to: 0 - type: integer 
	Parameter C_EN_SHUTDOWN_PIN bound to: 0 - type: integer 
	Parameter C_EN_SAFETY_CKT bound to: 0 - type: integer 
	Parameter C_DISABLE_WARN_BHV_RANGE bound to: 0 - type: integer 
	Parameter C_COUNT_36K_BRAM bound to: 16 - type: string 
	Parameter C_COUNT_18K_BRAM bound to: 0 - type: string 
	Parameter C_EST_POWER_SUMMARY bound to: Estimated Power for IP     :     117.7028 mW - type: string 
INFO: [Synth 8-3491] module 'blk_mem_gen_v8_4_12' declared at 'e:/competition/2_fpga/3_yolo_zynq/ip/yolo_wbuf_bmg/hdl/blk_mem_gen_v8_4_vhsyn_rfs.vhd:195209' bound to instance 'U0' of component 'blk_mem_gen_v8_4_12' [e:/competition/2_fpga/3_yolo_zynq/ip/yolo_wbuf_bmg/synth/yolo_wbuf_bmg.vhd:244]
INFO: [Synth 8-256] done synthesizing module 'yolo_wbuf_bmg' (0#1) [e:/competition/2_fpga/3_yolo_zynq/ip/yolo_wbuf_bmg/synth/yolo_wbuf_bmg.vhd:72]
INFO: [Synth 8-7129] Port CLKB in module blk_mem_output_block is either unconnected or has no load
INFO: [Synth 8-7129] Port DOUTA_I[1023] in module blk_mem_output_block is either unconnected or has no load
INFO: [Synth 8-7129] Port DOUTA_I[1022] in module blk_mem_output_block is either unconnected or has no load
INFO: [Synth 8-7129] Port DOUTA_I[1021] in module blk_mem_output_block is either unconnected or has no load
INFO: [Synth 8-7129] Port DOUTA_I[1020] in module blk_mem_output_block is either unconnected or has no load
INFO: [Synth 8-7129] Port DOUTA_I[1019] in module blk_mem_output_block is either unconnected or has no load
INFO: [Synth 8-7129] Port DOUTA_I[1018] in module blk_mem_output_block is either unconnected or has no load
INFO: [Synth 8-7129] Port DOUTA_I[1017] in module blk_mem_output_block is either unconnected or has no load
INFO: [Synth 8-7129] Port DOUTA_I[1016] in module blk_mem_output_block is either unconnected or has no load
INFO: [Synth 8-7129] Port DOUTA_I[1015] in module blk_mem_output_block is either unconnected or has no load
INFO: [Synth 8-7129] Port DOUTA_I[1014] in module blk_mem_output_block is either unconnected or has no load
INFO: [Synth 8-7129] Port DOUTA_I[1013] in module blk_mem_output_block is either unconnected or has no load
INFO: [Synth 8-7129] Port DOUTA_I[1012] in module blk_mem_output_block is either unconnected or has no load
INFO: [Synth 8-7129] Port DOUTA_I[1011] in module blk_mem_output_block is either unconnected or has no load
INFO: [Synth 8-7129] Port DOUTA_I[1010] in module blk_mem_output_block is either unconnected or has no load
INFO: [Synth 8-7129] Port DOUTA_I[1009] in module blk_mem_output_block is either unconnected or has no load
INFO: [Synth 8-7129] Port DOUTA_I[1008] in module blk_mem_output_block is either unconnected or has no load
INFO: [Synth 8-7129] Port DOUTA_I[1007] in module blk_mem_output_block is either unconnected or has no load
INFO: [Synth 8-7129] Port DOUTA_I[1006] in module blk_mem_output_block is either unconnected or has no load
INFO: [Synth 8-7129] Port DOUTA_I[1005] in module blk_mem_output_block is either unconnected or has no load
INFO: [Synth 8-7129] Port DOUTA_I[1004] in module blk_mem_output_block is either unconnected or has no load
INFO: [Synth 8-7129] Port DOUTA_I[1003] in module blk_mem_output_block is either unconnected or has no load
INFO: [Synth 8-7129] Port DOUTA_I[1002] in module blk_mem_output_block is either unconnected or has no load
INFO: [Synth 8-7129] Port DOUTA_I[1001] in module blk_mem_output_block is either unconnected or has no load
INFO: [Synth 8-7129] Port DOUTA_I[1000] in module blk_mem_output_block is either unconnected or has no load
INFO: [Synth 8-7129] Port DOUTA_I[999] in module blk_mem_output_block is either unconnected or has no load
INFO: [Synth 8-7129] Port DOUTA_I[998] in module blk_mem_output_block is either unconnected or has no load
INFO: [Synth 8-7129] Port DOUTA_I[997] in module blk_mem_output_block is either unconnected or has no load
INFO: [Synth 8-7129] Port DOUTA_I[996] in module blk_mem_output_block is either unconnected or has no load
INFO: [Synth 8-7129] Port DOUTA_I[995] in module blk_mem_output_block is either unconnected or has no load
INFO: [Synth 8-7129] Port DOUTA_I[994] in module blk_mem_output_block is either unconnected or has no load
INFO: [Synth 8-7129] Port DOUTA_I[993] in module blk_mem_output_block is either unconnected or has no load
INFO: [Synth 8-7129] Port DOUTA_I[992] in module blk_mem_output_block is either unconnected or has no load
INFO: [Synth 8-7129] Port DOUTA_I[991] in module blk_mem_output_block is either unconnected or has no load
INFO: [Synth 8-7129] Port DOUTA_I[990] in module blk_mem_output_block is either unconnected or has no load
INFO: [Synth 8-7129] Port DOUTA_I[989] in module blk_mem_output_block is either unconnected or has no load
INFO: [Synth 8-7129] Port DOUTA_I[988] in module blk_mem_output_block is either unconnected or has no load
INFO: [Synth 8-7129] Port DOUTA_I[987] in module blk_mem_output_block is either unconnected or has no load
INFO: [Synth 8-7129] Port DOUTA_I[986] in module blk_mem_output_block is either unconnected or has no load
INFO: [Synth 8-7129] Port DOUTA_I[985] in module blk_mem_output_block is either unconnected or has no load
INFO: [Synth 8-7129] Port DOUTA_I[984] in module blk_mem_output_block is either unconnected or has no load
INFO: [Synth 8-7129] Port DOUTA_I[983] in module blk_mem_output_block is either unconnected or has no load
INFO: [Synth 8-7129] Port DOUTA_I[982] in module blk_mem_output_block is either unconnected or has no load
INFO: [Synth 8-7129] Port DOUTA_I[981] in module blk_mem_output_block is either unconnected or has no load
INFO: [Synth 8-7129] Port DOUTA_I[980] in module blk_mem_output_block is either unconnected or has no load
INFO: [Synth 8-7129] Port DOUTA_I[979] in module blk_mem_output_block is either unconnected or has no load
INFO: [Synth 8-7129] Port DOUTA_I[978] in module blk_mem_output_block is either unconnected or has no load
INFO: [Synth 8-7129] Port DOUTA_I[977] in module blk_mem_output_block is either unconnected or has no load
INFO: [Synth 8-7129] Port DOUTA_I[976] in module blk_mem_output_block is either unconnected or has no load
INFO: [Synth 8-7129] Port DOUTA_I[975] in module blk_mem_output_block is either unconnected or has no load
INFO: [Synth 8-7129] Port DOUTA_I[974] in module blk_mem_output_block is either unconnected or has no load
INFO: [Synth 8-7129] Port DOUTA_I[973] in module blk_mem_output_block is either unconnected or has no load
INFO: [Synth 8-7129] Port DOUTA_I[972] in module blk_mem_output_block is either unconnected or has no load
INFO: [Synth 8-7129] Port DOUTA_I[971] in module blk_mem_output_block is either unconnected or has no load
INFO: [Synth 8-7129] Port DOUTA_I[970] in module blk_mem_output_block is either unconnected or has no load
INFO: [Synth 8-7129] Port DOUTA_I[969] in module blk_mem_output_block is either unconnected or has no load
INFO: [Synth 8-7129] Port DOUTA_I[968] in module blk_mem_output_block is either unconnected or has no load
INFO: [Synth 8-7129] Port DOUTA_I[967] in module blk_mem_output_block is either unconnected or has no load
INFO: [Synth 8-7129] Port DOUTA_I[966] in module blk_mem_output_block is either unconnected or has no load
INFO: [Synth 8-7129] Port DOUTA_I[965] in module blk_mem_output_block is either unconnected or has no load
INFO: [Synth 8-7129] Port DOUTA_I[964] in module blk_mem_output_block is either unconnected or has no load
INFO: [Synth 8-7129] Port DOUTA_I[963] in module blk_mem_output_block is either unconnected or has no load
INFO: [Synth 8-7129] Port DOUTA_I[962] in module blk_mem_output_block is either unconnected or has no load
INFO: [Synth 8-7129] Port DOUTA_I[961] in module blk_mem_output_block is either unconnected or has no load
INFO: [Synth 8-7129] Port DOUTA_I[960] in module blk_mem_output_block is either unconnected or has no load
INFO: [Synth 8-7129] Port DOUTA_I[959] in module blk_mem_output_block is either unconnected or has no load
INFO: [Synth 8-7129] Port DOUTA_I[958] in module blk_mem_output_block is either unconnected or has no load
INFO: [Synth 8-7129] Port DOUTA_I[957] in module blk_mem_output_block is either unconnected or has no load
INFO: [Synth 8-7129] Port DOUTA_I[956] in module blk_mem_output_block is either unconnected or has no load
INFO: [Synth 8-7129] Port DOUTA_I[955] in module blk_mem_output_block is either unconnected or has no load
INFO: [Synth 8-7129] Port DOUTA_I[954] in module blk_mem_output_block is either unconnected or has no load
INFO: [Synth 8-7129] Port DOUTA_I[953] in module blk_mem_output_block is either unconnected or has no load
INFO: [Synth 8-7129] Port DOUTA_I[952] in module blk_mem_output_block is either unconnected or has no load
INFO: [Synth 8-7129] Port DOUTA_I[951] in module blk_mem_output_block is either unconnected or has no load
INFO: [Synth 8-7129] Port DOUTA_I[950] in module blk_mem_output_block is either unconnected or has no load
INFO: [Synth 8-7129] Port DOUTA_I[949] in module blk_mem_output_block is either unconnected or has no load
INFO: [Synth 8-7129] Port DOUTA_I[948] in module blk_mem_output_block is either unconnected or has no load
INFO: [Synth 8-7129] Port DOUTA_I[947] in module blk_mem_output_block is either unconnected or has no load
INFO: [Synth 8-7129] Port DOUTA_I[946] in module blk_mem_output_block is either unconnected or has no load
INFO: [Synth 8-7129] Port DOUTA_I[945] in module blk_mem_output_block is either unconnected or has no load
INFO: [Synth 8-7129] Port DOUTA_I[944] in module blk_mem_output_block is either unconnected or has no load
INFO: [Synth 8-7129] Port DOUTA_I[943] in module blk_mem_output_block is either unconnected or has no load
INFO: [Synth 8-7129] Port DOUTA_I[942] in module blk_mem_output_block is either unconnected or has no load
INFO: [Synth 8-7129] Port DOUTA_I[941] in module blk_mem_output_block is either unconnected or has no load
INFO: [Synth 8-7129] Port DOUTA_I[940] in module blk_mem_output_block is either unconnected or has no load
INFO: [Synth 8-7129] Port DOUTA_I[939] in module blk_mem_output_block is either unconnected or has no load
INFO: [Synth 8-7129] Port DOUTA_I[938] in module blk_mem_output_block is either unconnected or has no load
INFO: [Synth 8-7129] Port DOUTA_I[937] in module blk_mem_output_block is either unconnected or has no load
INFO: [Synth 8-7129] Port DOUTA_I[936] in module blk_mem_output_block is either unconnected or has no load
INFO: [Synth 8-7129] Port DOUTA_I[935] in module blk_mem_output_block is either unconnected or has no load
INFO: [Synth 8-7129] Port DOUTA_I[934] in module blk_mem_output_block is either unconnected or has no load
INFO: [Synth 8-7129] Port DOUTA_I[933] in module blk_mem_output_block is either unconnected or has no load
INFO: [Synth 8-7129] Port DOUTA_I[932] in module blk_mem_output_block is either unconnected or has no load
INFO: [Synth 8-7129] Port DOUTA_I[931] in module blk_mem_output_block is either unconnected or has no load
INFO: [Synth 8-7129] Port DOUTA_I[930] in module blk_mem_output_block is either unconnected or has no load
INFO: [Synth 8-7129] Port DOUTA_I[929] in module blk_mem_output_block is either unconnected or has no load
INFO: [Synth 8-7129] Port DOUTA_I[928] in module blk_mem_output_block is either unconnected or has no load
INFO: [Synth 8-7129] Port DOUTA_I[927] in module blk_mem_output_block is either unconnected or has no load
INFO: [Synth 8-7129] Port DOUTA_I[926] in module blk_mem_output_block is either unconnected or has no load
INFO: [Synth 8-7129] Port DOUTA_I[925] in module blk_mem_output_block is either unconnected or has no load
INFO: [Common 17-14] Message 'Synth 8-7129' appears 100 times and further instances of the messages will be disabled. Use the Tcl command set_msg_config to change the current settings.
---------------------------------------------------------------------------------
Finished RTL Elaboration : Time (s): cpu = 00:00:16 ; elapsed = 00:00:17 . Memory (MB): peak = 1758.367 ; gain = 953.258
---------------------------------------------------------------------------------
---------------------------------------------------------------------------------
Start Handling Custom Attributes
---------------------------------------------------------------------------------
---------------------------------------------------------------------------------
Finished Handling Custom Attributes : Time (s): cpu = 00:00:16 ; elapsed = 00:00:17 . Memory (MB): peak = 1758.367 ; gain = 953.258
---------------------------------------------------------------------------------
---------------------------------------------------------------------------------
Finished RTL Optimization Phase 1 : Time (s): cpu = 00:00:16 ; elapsed = 00:00:17 . Memory (MB): peak = 1758.367 ; gain = 953.258
---------------------------------------------------------------------------------
Netlist sorting complete. Time (s): cpu = 00:00:01 ; elapsed = 00:00:00.114 . Memory (MB): peak = 1758.367 ; gain = 0.000
INFO: [Netlist 29-17] Analyzing 16 Unisim elements for replacement
INFO: [Netlist 29-28] Unisim Transformation completed in 0 CPU seconds
INFO: [Project 1-570] Preparing netlist for logic optimization

Processing XDC Constraints
Initializing timing engine
Parsing XDC File [e:/competition/2_fpga/3_yolo_zynq/ip/yolo_wbuf_bmg/yolo_wbuf_bmg_ooc.xdc] for cell 'U0'
Finished Parsing XDC File [e:/competition/2_fpga/3_yolo_zynq/ip/yolo_wbuf_bmg/yolo_wbuf_bmg_ooc.xdc] for cell 'U0'
Completed Processing XDC Constraints

Netlist sorting complete. Time (s): cpu = 00:00:00 ; elapsed = 00:00:00 . Memory (MB): peak = 1758.367 ; gain = 0.000
INFO: [Project 1-111] Unisim Transformation Summary:
No Unisim elements were transformed.

Constraint Validation Runtime : Time (s): cpu = 00:00:00 ; elapsed = 00:00:00.103 . Memory (MB): peak = 1758.367 ; gain = 0.000
---------------------------------------------------------------------------------
Finished Constraint Validation : Time (s): cpu = 00:00:24 ; elapsed = 00:00:25 . Memory (MB): peak = 1758.367 ; gain = 953.258
---------------------------------------------------------------------------------
---------------------------------------------------------------------------------
Start Loading Part and Timing Information
---------------------------------------------------------------------------------
Loading part: xc7z020clg484-1
---------------------------------------------------------------------------------
Finished Loading Part and Timing Information : Time (s): cpu = 00:00:24 ; elapsed = 00:00:25 . Memory (MB): peak = 1758.367 ; gain = 953.258
---------------------------------------------------------------------------------
---------------------------------------------------------------------------------
Start Applying 'set_property' XDC Constraints
---------------------------------------------------------------------------------
---------------------------------------------------------------------------------
Finished applying 'set_property' XDC Constraints : Time (s): cpu = 00:00:24 ; elapsed = 00:00:25 . Memory (MB): peak = 1758.367 ; gain = 953.258
---------------------------------------------------------------------------------
---------------------------------------------------------------------------------
Finished RTL Optimization Phase 2 : Time (s): cpu = 00:00:24 ; elapsed = 00:00:26 . Memory (MB): peak = 1758.367 ; gain = 953.258
---------------------------------------------------------------------------------
---------------------------------------------------------------------------------
Start RTL Component Statistics 
---------------------------------------------------------------------------------
---------------------------------------------------------------------------------
Finished RTL Component Statistics 
---------------------------------------------------------------------------------
---------------------------------------------------------------------------------
Start Part Resource Summary
---------------------------------------------------------------------------------
Part Resources:
DSPs: 220 (col length:60)
BRAMs: 280 (col length: RAMB18 60 RAMB36 30)
---------------------------------------------------------------------------------
Finished Part Resource Summary
---------------------------------------------------------------------------------
---------------------------------------------------------------------------------
Start Cross Boundary and Area Optimization
---------------------------------------------------------------------------------
---------------------------------------------------------------------------------
Finished Cross Boundary and Area Optimization : Time (s): cpu = 00:00:26 ; elapsed = 00:00:28 . Memory (MB): peak = 1758.367 ; gain = 953.258
---------------------------------------------------------------------------------
---------------------------------------------------------------------------------
Start Applying XDC Timing Constraints
---------------------------------------------------------------------------------
---------------------------------------------------------------------------------
Finished Applying XDC Timing Constraints : Time (s): cpu = 00:00:30 ; elapsed = 00:00:32 . Memory (MB): peak = 1758.367 ; gain = 953.258
---------------------------------------------------------------------------------
---------------------------------------------------------------------------------
Start Timing Optimization
---------------------------------------------------------------------------------
---------------------------------------------------------------------------------
Finished Timing Optimization : Time (s): cpu = 00:00:30 ; elapsed = 00:00:33 . Memory (MB): peak = 1758.367 ; gain = 953.258
---------------------------------------------------------------------------------
---------------------------------------------------------------------------------
Start Technology Mapping
---------------------------------------------------------------------------------
---------------------------------------------------------------------------------
Finished Technology Mapping : Time (s): cpu = 00:00:30 ; elapsed = 00:00:33 . Memory (MB): peak = 1758.367 ; gain = 953.258
---------------------------------------------------------------------------------
---------------------------------------------------------------------------------
Start IO Insertion
---------------------------------------------------------------------------------
---------------------------------------------------------------------------------
Start Flattening Before IO Insertion
---------------------------------------------------------------------------------
---------------------------------------------------------------------------------
Finished Flattening Before IO Insertion
---------------------------------------------------------------------------------
---------------------------------------------------------------------------------
Start Final Netlist Cleanup
---------------------------------------------------------------------------------
---------------------------------------------------------------------------------
Finished Final Netlist Cleanup
---------------------------------------------------------------------------------
---------------------------------------------------------------------------------
Finished IO Insertion : Time (s): cpu = 00:00:34 ; elapsed = 00:00:36 . Memory (MB): peak = 1962.723 ; gain = 1157.613
---------------------------------------------------------------------------------
---------------------------------------------------------------------------------
Start Renaming Generated Instances
---------------------------------------------------------------------------------
---------------------------------------------------------------------------------
Finished Renaming Generated Instances : Time (s): cpu = 00:00:34 ; elapsed = 00:00:36 . Memory (MB): peak = 1962.723 ; gain = 1157.613
---------------------------------------------------------------------------------
---------------------------------------------------------------------------------
Start Rebuilding User Hierarchy
---------------------------------------------------------------------------------
---------------------------------------------------------------------------------
Finished Rebuilding User Hierarchy : Time (s): cpu = 00:00:34 ; elapsed = 00:00:36 . Memory (MB): peak = 1962.723 ; gain = 1157.613
---------------------------------------------------------------------------------
---------------------------------------------------------------------------------
Start Renaming Generated Ports
---------------------------------------------------------------------------------
---------------------------------------------------------------------------------
Finished Renaming Generated Ports : Time (s): cpu = 00:00:34 ; elapsed = 00:00:36 . Memory (MB): peak = 1962.723 ; gain = 1157.613
---------------------------------------------------------------------------------
---------------------------------------------------------------------------------
Start Handling Custom Attributes
---------------------------------------------------------------------------------
---------------------------------------------------------------------------------
Finished Handling Custom Attributes : Time (s): cpu = 00:00:34 ; elapsed = 00:00:36 . Memory (MB): peak = 1962.723 ; gain = 1157.613
---------------------------------------------------------------------------------
---------------------------------------------------------------------------------
Start Renaming Generated Nets
---------------------------------------------------------------------------------
---------------------------------------------------------------------------------
Finished Renaming Generated Nets : Time (s): cpu = 00:00:34 ; elapsed = 00:00:36 . Memory (MB): peak = 1962.723 ; gain = 1157.613
---------------------------------------------------------------------------------
---------------------------------------------------------------------------------
Start Writing Synthesis Report
---------------------------------------------------------------------------------

Report BlackBoxes: 
+-+--------------+----------+
| |BlackBox name |Instances |
+-+--------------+----------+
+-+--------------+----------+

Report Cell Usage: 
+------+---------+------+
|      |Cell     |Count |
+------+---------+------+
|1     |LUT3     |     1|
|2     |LUT6     |    25|
|3     |RAMB36E1 |    16|
+------+---------+------+
---------------------------------------------------------------------------------
Finished Writing Synthesis Report : Time (s): cpu = 00:00:34 ; elapsed = 00:00:36 . Memory (MB): peak = 1962.723 ; gain = 1157.613
---------------------------------------------------------------------------------
Synthesis finished with 0 errors, 0 critical warnings and 0 warnings.
Synthesis Optimization Runtime : Time (s): cpu = 00:00:15 ; elapsed = 00:00:34 . Memory (MB): peak = 1962.723 ; gain = 1157.613
Synthesis Optimization Complete : Time (s): cpu = 00:00:34 ; elapsed = 00:00:37 . Memory (MB): peak = 1962.723 ; gain = 1157.613
INFO: [Project 1-571] Translating synthesized netlist
Netlist sorting complete. Time (s): cpu = 00:00:00 ; elapsed = 00:00:00.062 . Memory (MB): peak = 1962.723 ; gain = 0.000
INFO: [Netlist 29-17] Analyzing 16 Unisim elements for replacement
INFO: [Netlist 29-28] Unisim Transformation completed in 0 CPU seconds
INFO: [Project 1-570] Preparing netlist for logic optimization
Parsing XDC File [e:/competition/2_fpga/3_yolo_zynq/ip/yolo_wbuf_bmg/yolo_wbuf_bmg_ooc.xdc] for cell 'U0'
INFO: [Vivado 12-4761] HD.CLK_SRC property is set on port clka. The net connecting to the port drives either clock PIN or hierarchical black box. Use the create_clock constraint to create a clock on this port prior to setting HD.CLK_SRC.  [e:/competition/2_fpga/3_yolo_zynq/ip/yolo_wbuf_bmg/yolo_wbuf_bmg_ooc.xdc:54]
INFO: [Vivado 12-4761] HD.CLK_SRC property is set on port clkb. The net connecting to the port drives either clock PIN or hierarchical black box. Use the create_clock constraint to create a clock on this port prior to setting HD.CLK_SRC.  [e:/competition/2_fpga/3_yolo_zynq/ip/yolo_wbuf_bmg/yolo_wbuf_bmg_ooc.xdc:57]
Finished Parsing XDC File [e:/competition/2_fpga/3_yolo_zynq/ip/yolo_wbuf_bmg/yolo_wbuf_bmg_ooc.xdc] for cell 'U0'
INFO: [Opt 31-138] Pushed 0 inverter(s) to 0 load pin(s).
Netlist sorting complete. Time (s): cpu = 00:00:00 ; elapsed = 00:00:00 . Memory (MB): peak = 1975.516 ; gain = 0.000
INFO: [Project 1-111] Unisim Transformation Summary:
No Unisim elements were transformed.

Synth Design complete | Checksum: 91f06a3a
INFO: [Common 17-83] Releasing license: Synthesis
125 Infos, 1 Warnings, 0 Critical Warnings and 0 Errors encountered.
synth_design completed successfully
synth_design: Time (s): cpu = 00:00:39 ; elapsed = 00:00:41 . Memory (MB): peak = 1975.516 ; gain = 1403.113
INFO: [Coretcl 2-1174] Renamed 37 cell refs.
INFO: [Timing 38-480] Writing timing data to binary archive.
INFO: [Common 17-1381] The checkpoint 'e:/competition/2_fpga/3_yolo_zynq/ip/yolo_wbuf_bmg/yolo_wbuf_bmg.dcp' has been generated.
INFO: [Vivado 12-3441] generate_netlist_ip - operation complete
synth_ip: Time (s): cpu = 00:00:40 ; elapsed = 00:00:43 . Memory (MB): peak = 1975.516 ; gain = 1413.188
# read_ip $IPD/yolo_xbuf_bmg/yolo_xbuf_bmg.xci
WARNING: [Vivado 12-13650] The IP file 'E:/competition/2_fpga/3_yolo_zynq/ip/yolo_xbuf_bmg/yolo_xbuf_bmg.xci' has been moved from its original location, as a result the outputs for this IP will now be generated in 'e:/competition/2_fpga/3_yolo_zynq/ip/yolo_xbuf_bmg'. Alternatively a copy of the IP can be imported into the project using one of the 'import_ip' or 'import_files' commands.
# generate_target all [get_ips yolo_xbuf_bmg]
# synth_ip [get_ips yolo_xbuf_bmg] -force
INFO: [IP_Flow 19-1686] Generating 'Instantiation Template' target for IP 'yolo_xbuf_bmg'...
INFO: [IP_Flow 19-1686] Generating 'Synthesis' target for IP 'yolo_xbuf_bmg'...
INFO: [IP_Flow 19-1686] Generating 'Simulation' target for IP 'yolo_xbuf_bmg'...
INFO: [IP_Flow 19-1686] Generating 'Miscellaneous' target for IP 'yolo_xbuf_bmg'...
INFO: [IP_Flow 19-1686] Generating 'Change Log' target for IP 'yolo_xbuf_bmg'...
INFO: [IP_Flow 19-234] Refreshing IP repositories
INFO: [IP_Flow 19-1704] No user IP repositories specified
INFO: [IP_Flow 19-2313] Loaded Vivado IP repository 'F:/vivado2025/2025.2/Vivado/data/ip'.
WARNING: [Vivado 12-13650] The IP file 'E:/competition/2_fpga/3_yolo_zynq/ip/yolo_xbuf_bmg/yolo_xbuf_bmg.xci' has been moved from its original location, as a result the outputs for this IP will now be generated in 'e:/competition/2_fpga/3_yolo_zynq/ip/yolo_xbuf_bmg'. Alternatively a copy of the IP can be imported into the project using one of the 'import_ip' or 'import_files' commands.
Command: synth_design -top yolo_xbuf_bmg -part xc7z020clg484-1 -mode out_of_context
Starting synth_design
Attempting to get a license for feature 'Synthesis' and/or device 'xc7z020'
INFO: [Common 17-349] Got license for feature 'Synthesis' and/or device 'xc7z020'
INFO: [Synth 8-7079] Multithreading enabled for synth_design using a maximum of 2 processes.
---------------------------------------------------------------------------------
Starting RTL Elaboration : Time (s): cpu = 00:00:06 ; elapsed = 00:00:06 . Memory (MB): peak = 1975.516 ; gain = 0.000
---------------------------------------------------------------------------------
INFO: [Synth 8-638] synthesizing module 'yolo_xbuf_bmg' [e:/competition/2_fpga/3_yolo_zynq/ip/yolo_xbuf_bmg/synth/yolo_xbuf_bmg.vhd:72]
	Parameter C_FAMILY bound to: zynq - type: string 
	Parameter C_XDEVICEFAMILY bound to: zynq - type: string 
	Parameter C_ELABORATION_DIR bound to: ./ - type: string 
	Parameter C_INTERFACE_TYPE bound to: 0 - type: integer 
	Parameter C_AXI_TYPE bound to: 1 - type: integer 
	Parameter C_AXI_SLAVE_TYPE bound to: 0 - type: integer 
	Parameter C_USE_BRAM_BLOCK bound to: 0 - type: integer 
	Parameter C_ENABLE_32BIT_ADDRESS bound to: 0 - type: integer 
	Parameter C_CTRL_ECC_ALGO bound to: NONE - type: string 
	Parameter C_HAS_AXI_ID bound to: 0 - type: integer 
	Parameter C_AXI_ID_WIDTH bound to: 4 - type: integer 
	Parameter C_MEM_TYPE bound to: 1 - type: integer 
	Parameter C_BYTE_SIZE bound to: 8 - type: integer 
	Parameter C_ALGORITHM bound to: 1 - type: integer 
	Parameter C_PRIM_TYPE bound to: 1 - type: integer 
	Parameter C_LOAD_INIT_FILE bound to: 0 - type: integer 
	Parameter C_INIT_FILE_NAME bound to: no_coe_file_loaded - type: string 
	Parameter C_INIT_FILE bound to: yolo_xbuf_bmg.mem - type: string 
	Parameter C_USE_DEFAULT_DATA bound to: 0 - type: integer 
	Parameter C_DEFAULT_DATA bound to: 0 - type: string 
	Parameter C_HAS_RSTA bound to: 0 - type: integer 
	Parameter C_RST_PRIORITY_A bound to: CE - type: string 
	Parameter C_RSTRAM_A bound to: 0 - type: integer 
	Parameter C_INITA_VAL bound to: 0 - type: string 
	Parameter C_HAS_ENA bound to: 0 - type: integer 
	Parameter C_HAS_REGCEA bound to: 0 - type: integer 
	Parameter C_USE_BYTE_WEA bound to: 1 - type: integer 
	Parameter C_WEA_WIDTH bound to: 16 - type: integer 
	Parameter C_WRITE_MODE_A bound to: READ_FIRST - type: string 
	Parameter C_WRITE_WIDTH_A bound to: 128 - type: integer 
	Parameter C_READ_WIDTH_A bound to: 128 - type: integer 
	Parameter C_WRITE_DEPTH_A bound to: 2304 - type: integer 
	Parameter C_READ_DEPTH_A bound to: 2304 - type: integer 
	Parameter C_ADDRA_WIDTH bound to: 12 - type: integer 
	Parameter C_HAS_RSTB bound to: 0 - type: integer 
	Parameter C_RST_PRIORITY_B bound to: CE - type: string 
	Parameter C_RSTRAM_B bound to: 0 - type: integer 
	Parameter C_INITB_VAL bound to: 0 - type: string 
	Parameter C_HAS_ENB bound to: 1 - type: integer 
	Parameter C_HAS_REGCEB bound to: 0 - type: integer 
	Parameter C_USE_BYTE_WEB bound to: 1 - type: integer 
	Parameter C_WEB_WIDTH bound to: 16 - type: integer 
	Parameter C_WRITE_MODE_B bound to: WRITE_FIRST - type: string 
	Parameter C_WRITE_WIDTH_B bound to: 128 - type: integer 
	Parameter C_READ_WIDTH_B bound to: 128 - type: integer 
	Parameter C_WRITE_DEPTH_B bound to: 2304 - type: integer 
	Parameter C_READ_DEPTH_B bound to: 2304 - type: integer 
	Parameter C_ADDRB_WIDTH bound to: 12 - type: integer 
	Parameter C_HAS_MEM_OUTPUT_REGS_A bound to: 0 - type: integer 
	Parameter C_HAS_MEM_OUTPUT_REGS_B bound to: 1 - type: integer 
	Parameter C_HAS_MUX_OUTPUT_REGS_A bound to: 0 - type: integer 
	Parameter C_HAS_MUX_OUTPUT_REGS_B bound to: 0 - type: integer 
	Parameter C_MUX_PIPELINE_STAGES bound to: 0 - type: integer 
	Parameter C_HAS_SOFTECC_INPUT_REGS_A bound to: 0 - type: integer 
	Parameter C_HAS_SOFTECC_OUTPUT_REGS_B bound to: 0 - type: integer 
	Parameter C_USE_SOFTECC bound to: 0 - type: integer 
	Parameter C_USE_ECC bound to: 0 - type: integer 
	Parameter C_EN_ECC_PIPE bound to: 0 - type: integer 
	Parameter C_READ_LATENCY_A bound to: 1 - type: integer 
	Parameter C_READ_LATENCY_B bound to: 1 - type: integer 
	Parameter C_HAS_INJECTERR bound to: 0 - type: integer 
	Parameter C_SIM_COLLISION_CHECK bound to: ALL - type: string 
	Parameter C_COMMON_CLK bound to: 0 - type: integer 
	Parameter C_DISABLE_WARN_BHV_COLL bound to: 0 - type: integer 
	Parameter C_EN_SLEEP_PIN bound to: 0 - type: integer 
	Parameter C_USE_URAM bound to: 0 - type: integer 
	Parameter C_EN_RDADDRA_CHG bound to: 0 - type: integer 
	Parameter C_EN_RDADDRB_CHG bound to: 0 - type: integer 
	Parameter C_EN_DEEPSLEEP_PIN bound to: 0 - type: integer 
	Parameter C_EN_SHUTDOWN_PIN bound to: 0 - type: integer 
	Parameter C_EN_SAFETY_CKT bound to: 0 - type: integer 
	Parameter C_DISABLE_WARN_BHV_RANGE bound to: 0 - type: integer 
	Parameter C_COUNT_36K_BRAM bound to: 10 - type: string 
	Parameter C_COUNT_18K_BRAM bound to: 0 - type: string 
	Parameter C_EST_POWER_SUMMARY bound to: Estimated Power for IP     :     39.34036 mW - type: string 
INFO: [Synth 8-3491] module 'blk_mem_gen_v8_4_12' declared at 'e:/competition/2_fpga/3_yolo_zynq/ip/yolo_xbuf_bmg/hdl/blk_mem_gen_v8_4_vhsyn_rfs.vhd:195209' bound to instance 'U0' of component 'blk_mem_gen_v8_4_12' [e:/competition/2_fpga/3_yolo_zynq/ip/yolo_xbuf_bmg/synth/yolo_xbuf_bmg.vhd:244]
INFO: [Synth 8-256] done synthesizing module 'yolo_xbuf_bmg' (0#1) [e:/competition/2_fpga/3_yolo_zynq/ip/yolo_xbuf_bmg/synth/yolo_xbuf_bmg.vhd:72]
INFO: [Synth 8-7129] Port CLKB in module blk_mem_output_block is either unconnected or has no load
INFO: [Synth 8-7129] Port DOUTA_I[127] in module blk_mem_output_block is either unconnected or has no load
INFO: [Synth 8-7129] Port DOUTA_I[126] in module blk_mem_output_block is either unconnected or has no load
INFO: [Synth 8-7129] Port DOUTA_I[125] in module blk_mem_output_block is either unconnected or has no load
INFO: [Synth 8-7129] Port DOUTA_I[124] in module blk_mem_output_block is either unconnected or has no load
INFO: [Synth 8-7129] Port DOUTA_I[123] in module blk_mem_output_block is either unconnected or has no load
INFO: [Synth 8-7129] Port DOUTA_I[122] in module blk_mem_output_block is either unconnected or has no load
INFO: [Synth 8-7129] Port DOUTA_I[121] in module blk_mem_output_block is either unconnected or has no load
INFO: [Synth 8-7129] Port DOUTA_I[120] in module blk_mem_output_block is either unconnected or has no load
INFO: [Synth 8-7129] Port DOUTA_I[119] in module blk_mem_output_block is either unconnected or has no load
INFO: [Synth 8-7129] Port DOUTA_I[118] in module blk_mem_output_block is either unconnected or has no load
INFO: [Synth 8-7129] Port DOUTA_I[117] in module blk_mem_output_block is either unconnected or has no load
INFO: [Synth 8-7129] Port DOUTA_I[116] in module blk_mem_output_block is either unconnected or has no load
INFO: [Synth 8-7129] Port DOUTA_I[115] in module blk_mem_output_block is either unconnected or has no load
INFO: [Synth 8-7129] Port DOUTA_I[114] in module blk_mem_output_block is either unconnected or has no load
INFO: [Synth 8-7129] Port DOUTA_I[113] in module blk_mem_output_block is either unconnected or has no load
INFO: [Synth 8-7129] Port DOUTA_I[112] in module blk_mem_output_block is either unconnected or has no load
INFO: [Synth 8-7129] Port DOUTA_I[111] in module blk_mem_output_block is either unconnected or has no load
INFO: [Synth 8-7129] Port DOUTA_I[110] in module blk_mem_output_block is either unconnected or has no load
INFO: [Synth 8-7129] Port DOUTA_I[109] in module blk_mem_output_block is either unconnected or has no load
INFO: [Synth 8-7129] Port DOUTA_I[108] in module blk_mem_output_block is either unconnected or has no load
INFO: [Synth 8-7129] Port DOUTA_I[107] in module blk_mem_output_block is either unconnected or has no load
INFO: [Synth 8-7129] Port DOUTA_I[106] in module blk_mem_output_block is either unconnected or has no load
INFO: [Synth 8-7129] Port DOUTA_I[105] in module blk_mem_output_block is either unconnected or has no load
INFO: [Synth 8-7129] Port DOUTA_I[104] in module blk_mem_output_block is either unconnected or has no load
INFO: [Synth 8-7129] Port DOUTA_I[103] in module blk_mem_output_block is either unconnected or has no load
INFO: [Synth 8-7129] Port DOUTA_I[102] in module blk_mem_output_block is either unconnected or has no load
INFO: [Synth 8-7129] Port DOUTA_I[101] in module blk_mem_output_block is either unconnected or has no load
INFO: [Synth 8-7129] Port DOUTA_I[100] in module blk_mem_output_block is either unconnected or has no load
INFO: [Synth 8-7129] Port DOUTA_I[99] in module blk_mem_output_block is either unconnected or has no load
INFO: [Synth 8-7129] Port DOUTA_I[98] in module blk_mem_output_block is either unconnected or has no load
INFO: [Synth 8-7129] Port DOUTA_I[97] in module blk_mem_output_block is either unconnected or has no load
INFO: [Synth 8-7129] Port DOUTA_I[96] in module blk_mem_output_block is either unconnected or has no load
INFO: [Synth 8-7129] Port DOUTA_I[95] in module blk_mem_output_block is either unconnected or has no load
INFO: [Synth 8-7129] Port DOUTA_I[94] in module blk_mem_output_block is either unconnected or has no load
INFO: [Synth 8-7129] Port DOUTA_I[93] in module blk_mem_output_block is either unconnected or has no load
INFO: [Synth 8-7129] Port DOUTA_I[92] in module blk_mem_output_block is either unconnected or has no load
INFO: [Synth 8-7129] Port DOUTA_I[91] in module blk_mem_output_block is either unconnected or has no load
INFO: [Synth 8-7129] Port DOUTA_I[90] in module blk_mem_output_block is either unconnected or has no load
INFO: [Synth 8-7129] Port DOUTA_I[89] in module blk_mem_output_block is either unconnected or has no load
INFO: [Synth 8-7129] Port DOUTA_I[88] in module blk_mem_output_block is either unconnected or has no load
INFO: [Synth 8-7129] Port DOUTA_I[87] in module blk_mem_output_block is either unconnected or has no load
INFO: [Synth 8-7129] Port DOUTA_I[86] in module blk_mem_output_block is either unconnected or has no load
INFO: [Synth 8-7129] Port DOUTA_I[85] in module blk_mem_output_block is either unconnected or has no load
INFO: [Synth 8-7129] Port DOUTA_I[84] in module blk_mem_output_block is either unconnected or has no load
INFO: [Synth 8-7129] Port DOUTA_I[83] in module blk_mem_output_block is either unconnected or has no load
INFO: [Synth 8-7129] Port DOUTA_I[82] in module blk_mem_output_block is either unconnected or has no load
INFO: [Synth 8-7129] Port DOUTA_I[81] in module blk_mem_output_block is either unconnected or has no load
INFO: [Synth 8-7129] Port DOUTA_I[80] in module blk_mem_output_block is either unconnected or has no load
INFO: [Synth 8-7129] Port DOUTA_I[79] in module blk_mem_output_block is either unconnected or has no load
INFO: [Synth 8-7129] Port DOUTA_I[78] in module blk_mem_output_block is either unconnected or has no load
INFO: [Synth 8-7129] Port DOUTA_I[77] in module blk_mem_output_block is either unconnected or has no load
INFO: [Synth 8-7129] Port DOUTA_I[76] in module blk_mem_output_block is either unconnected or has no load
INFO: [Synth 8-7129] Port DOUTA_I[75] in module blk_mem_output_block is either unconnected or has no load
INFO: [Synth 8-7129] Port DOUTA_I[74] in module blk_mem_output_block is either unconnected or has no load
INFO: [Synth 8-7129] Port DOUTA_I[73] in module blk_mem_output_block is either unconnected or has no load
INFO: [Synth 8-7129] Port DOUTA_I[72] in module blk_mem_output_block is either unconnected or has no load
INFO: [Synth 8-7129] Port DOUTA_I[71] in module blk_mem_output_block is either unconnected or has no load
INFO: [Synth 8-7129] Port DOUTA_I[70] in module blk_mem_output_block is either unconnected or has no load
INFO: [Synth 8-7129] Port DOUTA_I[69] in module blk_mem_output_block is either unconnected or has no load
INFO: [Synth 8-7129] Port DOUTA_I[68] in module blk_mem_output_block is either unconnected or has no load
INFO: [Synth 8-7129] Port DOUTA_I[67] in module blk_mem_output_block is either unconnected or has no load
INFO: [Synth 8-7129] Port DOUTA_I[66] in module blk_mem_output_block is either unconnected or has no load
INFO: [Synth 8-7129] Port DOUTA_I[65] in module blk_mem_output_block is either unconnected or has no load
INFO: [Synth 8-7129] Port DOUTA_I[64] in module blk_mem_output_block is either unconnected or has no load
INFO: [Synth 8-7129] Port DOUTA_I[63] in module blk_mem_output_block is either unconnected or has no load
INFO: [Synth 8-7129] Port DOUTA_I[62] in module blk_mem_output_block is either unconnected or has no load
INFO: [Synth 8-7129] Port DOUTA_I[61] in module blk_mem_output_block is either unconnected or has no load
INFO: [Synth 8-7129] Port DOUTA_I[60] in module blk_mem_output_block is either unconnected or has no load
INFO: [Synth 8-7129] Port DOUTA_I[59] in module blk_mem_output_block is either unconnected or has no load
INFO: [Synth 8-7129] Port DOUTA_I[58] in module blk_mem_output_block is either unconnected or has no load
INFO: [Synth 8-7129] Port DOUTA_I[57] in module blk_mem_output_block is either unconnected or has no load
INFO: [Synth 8-7129] Port DOUTA_I[56] in module blk_mem_output_block is either unconnected or has no load
INFO: [Synth 8-7129] Port DOUTA_I[55] in module blk_mem_output_block is either unconnected or has no load
INFO: [Synth 8-7129] Port DOUTA_I[54] in module blk_mem_output_block is either unconnected or has no load
INFO: [Synth 8-7129] Port DOUTA_I[53] in module blk_mem_output_block is either unconnected or has no load
INFO: [Synth 8-7129] Port DOUTA_I[52] in module blk_mem_output_block is either unconnected or has no load
INFO: [Synth 8-7129] Port DOUTA_I[51] in module blk_mem_output_block is either unconnected or has no load
INFO: [Synth 8-7129] Port DOUTA_I[50] in module blk_mem_output_block is either unconnected or has no load
INFO: [Synth 8-7129] Port DOUTA_I[49] in module blk_mem_output_block is either unconnected or has no load
INFO: [Synth 8-7129] Port DOUTA_I[48] in module blk_mem_output_block is either unconnected or has no load
INFO: [Synth 8-7129] Port DOUTA_I[47] in module blk_mem_output_block is either unconnected or has no load
INFO: [Synth 8-7129] Port DOUTA_I[46] in module blk_mem_output_block is either unconnected or has no load
INFO: [Synth 8-7129] Port DOUTA_I[45] in module blk_mem_output_block is either unconnected or has no load
INFO: [Synth 8-7129] Port DOUTA_I[44] in module blk_mem_output_block is either unconnected or has no load
INFO: [Synth 8-7129] Port DOUTA_I[43] in module blk_mem_output_block is either unconnected or has no load
INFO: [Synth 8-7129] Port DOUTA_I[42] in module blk_mem_output_block is either unconnected or has no load
INFO: [Synth 8-7129] Port DOUTA_I[41] in module blk_mem_output_block is either unconnected or has no load
INFO: [Synth 8-7129] Port DOUTA_I[40] in module blk_mem_output_block is either unconnected or has no load
INFO: [Synth 8-7129] Port DOUTA_I[39] in module blk_mem_output_block is either unconnected or has no load
INFO: [Synth 8-7129] Port DOUTA_I[38] in module blk_mem_output_block is either unconnected or has no load
INFO: [Synth 8-7129] Port DOUTA_I[37] in module blk_mem_output_block is either unconnected or has no load
INFO: [Synth 8-7129] Port DOUTA_I[36] in module blk_mem_output_block is either unconnected or has no load
INFO: [Synth 8-7129] Port DOUTA_I[35] in module blk_mem_output_block is either unconnected or has no load
INFO: [Synth 8-7129] Port DOUTA_I[34] in module blk_mem_output_block is either unconnected or has no load
INFO: [Synth 8-7129] Port DOUTA_I[33] in module blk_mem_output_block is either unconnected or has no load
INFO: [Synth 8-7129] Port DOUTA_I[32] in module blk_mem_output_block is either unconnected or has no load
INFO: [Synth 8-7129] Port DOUTA_I[31] in module blk_mem_output_block is either unconnected or has no load
INFO: [Synth 8-7129] Port DOUTA_I[30] in module blk_mem_output_block is either unconnected or has no load
INFO: [Synth 8-7129] Port DOUTA_I[29] in module blk_mem_output_block is either unconnected or has no load
INFO: [Common 17-14] Message 'Synth 8-7129' appears 100 times and further instances of the messages will be disabled. Use the Tcl command set_msg_config to change the current settings.
---------------------------------------------------------------------------------
Finished RTL Elaboration : Time (s): cpu = 00:00:14 ; elapsed = 00:00:15 . Memory (MB): peak = 1975.516 ; gain = 0.000
---------------------------------------------------------------------------------
---------------------------------------------------------------------------------
Start Handling Custom Attributes
---------------------------------------------------------------------------------
---------------------------------------------------------------------------------
Finished Handling Custom Attributes : Time (s): cpu = 00:00:14 ; elapsed = 00:00:15 . Memory (MB): peak = 1975.516 ; gain = 0.000
---------------------------------------------------------------------------------
---------------------------------------------------------------------------------
Finished RTL Optimization Phase 1 : Time (s): cpu = 00:00:14 ; elapsed = 00:00:15 . Memory (MB): peak = 1975.516 ; gain = 0.000
---------------------------------------------------------------------------------
Netlist sorting complete. Time (s): cpu = 00:00:00 ; elapsed = 00:00:00.035 . Memory (MB): peak = 1975.516 ; gain = 0.000
INFO: [Netlist 29-17] Analyzing 10 Unisim elements for replacement
INFO: [Netlist 29-28] Unisim Transformation completed in 0 CPU seconds
INFO: [Project 1-570] Preparing netlist for logic optimization

Processing XDC Constraints
Initializing timing engine
Parsing XDC File [e:/competition/2_fpga/3_yolo_zynq/ip/yolo_xbuf_bmg/yolo_xbuf_bmg_ooc.xdc] for cell 'U0'
Finished Parsing XDC File [e:/competition/2_fpga/3_yolo_zynq/ip/yolo_xbuf_bmg/yolo_xbuf_bmg_ooc.xdc] for cell 'U0'
Completed Processing XDC Constraints

Netlist sorting complete. Time (s): cpu = 00:00:00 ; elapsed = 00:00:00 . Memory (MB): peak = 1975.516 ; gain = 0.000
INFO: [Project 1-111] Unisim Transformation Summary:
No Unisim elements were transformed.

Constraint Validation Runtime : Time (s): cpu = 00:00:00 ; elapsed = 00:00:00.029 . Memory (MB): peak = 1975.516 ; gain = 0.000
---------------------------------------------------------------------------------
Finished Constraint Validation : Time (s): cpu = 00:00:21 ; elapsed = 00:00:22 . Memory (MB): peak = 1975.516 ; gain = 0.000
---------------------------------------------------------------------------------
---------------------------------------------------------------------------------
Start Loading Part and Timing Information
---------------------------------------------------------------------------------
Loading part: xc7z020clg484-1
---------------------------------------------------------------------------------
Finished Loading Part and Timing Information : Time (s): cpu = 00:00:21 ; elapsed = 00:00:22 . Memory (MB): peak = 1975.516 ; gain = 0.000
---------------------------------------------------------------------------------
---------------------------------------------------------------------------------
Start Applying 'set_property' XDC Constraints
---------------------------------------------------------------------------------
---------------------------------------------------------------------------------
Finished applying 'set_property' XDC Constraints : Time (s): cpu = 00:00:21 ; elapsed = 00:00:22 . Memory (MB): peak = 1975.516 ; gain = 0.000
---------------------------------------------------------------------------------
---------------------------------------------------------------------------------
Finished RTL Optimization Phase 2 : Time (s): cpu = 00:00:21 ; elapsed = 00:00:22 . Memory (MB): peak = 1975.516 ; gain = 0.000
---------------------------------------------------------------------------------
---------------------------------------------------------------------------------
Start RTL Component Statistics 
---------------------------------------------------------------------------------
---------------------------------------------------------------------------------
Finished RTL Component Statistics 
---------------------------------------------------------------------------------
---------------------------------------------------------------------------------
Start Part Resource Summary
---------------------------------------------------------------------------------
Part Resources:
DSPs: 220 (col length:60)
BRAMs: 280 (col length: RAMB18 60 RAMB36 30)
---------------------------------------------------------------------------------
Finished Part Resource Summary
---------------------------------------------------------------------------------
---------------------------------------------------------------------------------
Start Cross Boundary and Area Optimization
---------------------------------------------------------------------------------
---------------------------------------------------------------------------------
Finished Cross Boundary and Area Optimization : Time (s): cpu = 00:00:23 ; elapsed = 00:00:24 . Memory (MB): peak = 1975.516 ; gain = 0.000
---------------------------------------------------------------------------------
---------------------------------------------------------------------------------
Start Applying XDC Timing Constraints
---------------------------------------------------------------------------------
---------------------------------------------------------------------------------
Finished Applying XDC Timing Constraints : Time (s): cpu = 00:00:27 ; elapsed = 00:00:29 . Memory (MB): peak = 1975.516 ; gain = 0.000
---------------------------------------------------------------------------------
---------------------------------------------------------------------------------
Start Timing Optimization
---------------------------------------------------------------------------------
---------------------------------------------------------------------------------
Finished Timing Optimization : Time (s): cpu = 00:00:27 ; elapsed = 00:00:29 . Memory (MB): peak = 1975.516 ; gain = 0.000
---------------------------------------------------------------------------------
---------------------------------------------------------------------------------
Start Technology Mapping
---------------------------------------------------------------------------------
---------------------------------------------------------------------------------
Finished Technology Mapping : Time (s): cpu = 00:00:27 ; elapsed = 00:00:29 . Memory (MB): peak = 1975.516 ; gain = 0.000
---------------------------------------------------------------------------------
---------------------------------------------------------------------------------
Start IO Insertion
---------------------------------------------------------------------------------
---------------------------------------------------------------------------------
Start Flattening Before IO Insertion
---------------------------------------------------------------------------------
---------------------------------------------------------------------------------
Finished Flattening Before IO Insertion
---------------------------------------------------------------------------------
---------------------------------------------------------------------------------
Start Final Netlist Cleanup
---------------------------------------------------------------------------------
---------------------------------------------------------------------------------
Finished Final Netlist Cleanup
---------------------------------------------------------------------------------
---------------------------------------------------------------------------------
Finished IO Insertion : Time (s): cpu = 00:00:31 ; elapsed = 00:00:33 . Memory (MB): peak = 2035.102 ; gain = 59.586
---------------------------------------------------------------------------------
---------------------------------------------------------------------------------
Start Renaming Generated Instances
---------------------------------------------------------------------------------
---------------------------------------------------------------------------------
Finished Renaming Generated Instances : Time (s): cpu = 00:00:31 ; elapsed = 00:00:33 . Memory (MB): peak = 2035.102 ; gain = 59.586
---------------------------------------------------------------------------------
---------------------------------------------------------------------------------
Start Rebuilding User Hierarchy
---------------------------------------------------------------------------------
---------------------------------------------------------------------------------
Finished Rebuilding User Hierarchy : Time (s): cpu = 00:00:31 ; elapsed = 00:00:33 . Memory (MB): peak = 2035.102 ; gain = 59.586
---------------------------------------------------------------------------------
---------------------------------------------------------------------------------
Start Renaming Generated Ports
---------------------------------------------------------------------------------
---------------------------------------------------------------------------------
Finished Renaming Generated Ports : Time (s): cpu = 00:00:31 ; elapsed = 00:00:33 . Memory (MB): peak = 2035.102 ; gain = 59.586
---------------------------------------------------------------------------------
---------------------------------------------------------------------------------
Start Handling Custom Attributes
---------------------------------------------------------------------------------
---------------------------------------------------------------------------------
Finished Handling Custom Attributes : Time (s): cpu = 00:00:31 ; elapsed = 00:00:33 . Memory (MB): peak = 2035.102 ; gain = 59.586
---------------------------------------------------------------------------------
---------------------------------------------------------------------------------
Start Renaming Generated Nets
---------------------------------------------------------------------------------
---------------------------------------------------------------------------------
Finished Renaming Generated Nets : Time (s): cpu = 00:00:31 ; elapsed = 00:00:33 . Memory (MB): peak = 2035.102 ; gain = 59.586
---------------------------------------------------------------------------------
---------------------------------------------------------------------------------
Start Writing Synthesis Report
---------------------------------------------------------------------------------

Report BlackBoxes: 
+-+--------------+----------+
| |BlackBox name |Instances |
+-+--------------+----------+
+-+--------------+----------+

Report Cell Usage: 
+------+---------+------+
|      |Cell     |Count |
+------+---------+------+
|1     |LUT2     |     1|
|2     |LUT4     |     5|
|3     |LUT5     |   132|
|4     |RAMB36E1 |    10|
|6     |FDRE     |     6|
+------+---------+------+
---------------------------------------------------------------------------------
Finished Writing Synthesis Report : Time (s): cpu = 00:00:31 ; elapsed = 00:00:33 . Memory (MB): peak = 2035.102 ; gain = 59.586
---------------------------------------------------------------------------------
Synthesis finished with 0 errors, 0 critical warnings and 0 warnings.
Synthesis Optimization Runtime : Time (s): cpu = 00:00:15 ; elapsed = 00:00:31 . Memory (MB): peak = 2035.102 ; gain = 59.586
Synthesis Optimization Complete : Time (s): cpu = 00:00:31 ; elapsed = 00:00:33 . Memory (MB): peak = 2035.102 ; gain = 59.586
INFO: [Project 1-571] Translating synthesized netlist
Netlist sorting complete. Time (s): cpu = 00:00:00 ; elapsed = 00:00:00.017 . Memory (MB): peak = 2035.102 ; gain = 0.000
INFO: [Netlist 29-17] Analyzing 10 Unisim elements for replacement
INFO: [Netlist 29-28] Unisim Transformation completed in 0 CPU seconds
INFO: [Project 1-570] Preparing netlist for logic optimization
Parsing XDC File [e:/competition/2_fpga/3_yolo_zynq/ip/yolo_xbuf_bmg/yolo_xbuf_bmg_ooc.xdc] for cell 'U0'
INFO: [Vivado 12-4761] HD.CLK_SRC property is set on port clka. The net connecting to the port drives either clock PIN or hierarchical black box. Use the create_clock constraint to create a clock on this port prior to setting HD.CLK_SRC.  [e:/competition/2_fpga/3_yolo_zynq/ip/yolo_xbuf_bmg/yolo_xbuf_bmg_ooc.xdc:54]
INFO: [Vivado 12-4761] HD.CLK_SRC property is set on port clkb. The net connecting to the port drives either clock PIN or hierarchical black box. Use the create_clock constraint to create a clock on this port prior to setting HD.CLK_SRC.  [e:/competition/2_fpga/3_yolo_zynq/ip/yolo_xbuf_bmg/yolo_xbuf_bmg_ooc.xdc:57]
Finished Parsing XDC File [e:/competition/2_fpga/3_yolo_zynq/ip/yolo_xbuf_bmg/yolo_xbuf_bmg_ooc.xdc] for cell 'U0'
INFO: [Opt 31-138] Pushed 0 inverter(s) to 0 load pin(s).
Netlist sorting complete. Time (s): cpu = 00:00:00 ; elapsed = 00:00:00 . Memory (MB): peak = 2051.840 ; gain = 0.000
INFO: [Project 1-111] Unisim Transformation Summary:
No Unisim elements were transformed.

Synth Design complete | Checksum: 21d2ddd7
INFO: [Common 17-83] Releasing license: Synthesis
122 Infos, 1 Warnings, 0 Critical Warnings and 0 Errors encountered.
synth_design completed successfully
synth_design: Time (s): cpu = 00:00:34 ; elapsed = 00:00:35 . Memory (MB): peak = 2051.840 ; gain = 76.324
INFO: [Coretcl 2-1174] Renamed 26 cell refs.
INFO: [Timing 38-480] Writing timing data to binary archive.
INFO: [Common 17-1381] The checkpoint 'e:/competition/2_fpga/3_yolo_zynq/ip/yolo_xbuf_bmg/yolo_xbuf_bmg.dcp' has been generated.
INFO: [Vivado 12-3441] generate_netlist_ip - operation complete
synth_ip: Time (s): cpu = 00:00:35 ; elapsed = 00:00:37 . Memory (MB): peak = 2051.840 ; gain = 76.324
# synth_design -top yolo_engine_top -part xc7z020clg484-1 -mode out_of_context
Command: synth_design -top yolo_engine_top -part xc7z020clg484-1 -mode out_of_context
Starting synth_design
Attempting to get a license for feature 'Synthesis' and/or device 'xc7z020'
INFO: [Common 17-349] Got license for feature 'Synthesis' and/or device 'xc7z020'
INFO: [Synth 8-7079] Multithreading enabled for synth_design using a maximum of 2 processes.
---------------------------------------------------------------------------------
Starting RTL Elaboration : Time (s): cpu = 00:00:05 ; elapsed = 00:00:05 . Memory (MB): peak = 2051.840 ; gain = 0.000
---------------------------------------------------------------------------------
INFO: [Synth 8-6157] synthesizing module 'yolo_engine_top' [E:/competition/2_fpga/3_yolo_zynq/rtl/yolo_engine_top.v:37]
INFO: [Synth 8-6157] synthesizing module 'yolo_csr' [E:/competition/2_fpga/3_yolo_zynq/rtl/yolo_csr.v:81]
	Parameter C_BASEADDR bound to: 1136721920 - type: integer 
	Parameter OC_AW bound to: 11 - type: integer 
	Parameter N_AW bound to: 16 - type: integer 
	Parameter K_AW bound to: 12 - type: integer 
INFO: [Synth 8-6155] done synthesizing module 'yolo_csr' (0#1) [E:/competition/2_fpga/3_yolo_zynq/rtl/yolo_csr.v:81]
INFO: [Synth 8-6157] synthesizing module 'yolo_gemm_array' [E:/competition/2_fpga/3_yolo_zynq/rtl/yolo_gemm_array.v:172]
	Parameter OC_EDGE bound to: 16 - type: integer 
	Parameter N_EDGE bound to: 16 - type: integer 
	Parameter K_MAX bound to: 2304 - type: integer 
	Parameter AW bound to: 12 - type: integer 
	Parameter ROW_AW bound to: 4 - type: integer 
	Parameter COL_AW bound to: 4 - type: integer 
	Parameter ADDR_W bound to: 32 - type: integer 
	Parameter LEN_W bound to: 24 - type: integer 
	Parameter OC_AW bound to: 11 - type: integer 
	Parameter N_AW bound to: 16 - type: integer 
	Parameter K_AW bound to: 12 - type: integer 
	Parameter TILE_AW bound to: 12 - type: integer 
	Parameter MAX_BURST bound to: 16 - type: integer 
INFO: [Synth 8-6157] synthesizing module 'yolo_pe_pack' [E:/competition/2_fpga/3_yolo_zynq/rtl/yolo_pe_pack.v:96]
INFO: [Synth 8-6157] synthesizing module 'DSP48E1' [F:/vivado2025/2025.2/Vivado/scripts/rt/data/unisim_comp.v:48135]
	Parameter ACASCREG bound to: 1 - type: integer 
	Parameter ADREG bound to: 0 - type: integer 
	Parameter ALUMODEREG bound to: 0 - type: integer 
	Parameter AREG bound to: 1 - type: integer 
	Parameter A_INPUT bound to: DIRECT - type: string 
	Parameter BCASCREG bound to: 1 - type: integer 
	Parameter BREG bound to: 1 - type: integer 
	Parameter B_INPUT bound to: DIRECT - type: string 
	Parameter CARRYINREG bound to: 0 - type: integer 
	Parameter CARRYINSELREG bound to: 0 - type: integer 
	Parameter CREG bound to: 1 - type: integer 
	Parameter DREG bound to: 1 - type: integer 
	Parameter INMODEREG bound to: 0 - type: integer 
	Parameter MREG bound to: 1 - type: integer 
	Parameter OPMODEREG bound to: 0 - type: integer 
	Parameter PREG bound to: 1 - type: integer 
	Parameter USE_DPORT bound to: FALSE - type: string 
	Parameter USE_MULT bound to: MULTIPLY - type: string 
	Parameter USE_PATTERN_DETECT bound to: NO_PATDET - type: string 
	Parameter USE_SIMD bound to: ONE48 - type: string 
INFO: [Synth 8-6155] done synthesizing module 'DSP48E1' (0#1) [F:/vivado2025/2025.2/Vivado/scripts/rt/data/unisim_comp.v:48135]
INFO: [Synth 8-6155] done synthesizing module 'yolo_pe_pack' (0#1) [E:/competition/2_fpga/3_yolo_zynq/rtl/yolo_pe_pack.v:96]
INFO: [Synth 8-6157] synthesizing module 'yolo_acc' [E:/competition/2_fpga/3_yolo_zynq/rtl/yolo_acc.v:30]
	Parameter N_LANES bound to: 8 - type: integer 
	Parameter DATA_W bound to: 32 - type: integer 
INFO: [Synth 8-6155] done synthesizing module 'yolo_acc' (0#1) [E:/competition/2_fpga/3_yolo_zynq/rtl/yolo_acc.v:30]
INFO: [Synth 8-6157] synthesizing module 'yolo_ctrl' [E:/competition/2_fpga/3_yolo_zynq/rtl/yolo_ctrl.v:118]
	Parameter OC_EDGE bound to: 16 - type: integer 
	Parameter N_EDGE bound to: 16 - type: integer 
	Parameter OC_AW bound to: 11 - type: integer 
	Parameter N_AW bound to: 16 - type: integer 
	Parameter K_AW bound to: 12 - type: integer 
	Parameter TILE_AW bound to: 12 - type: integer 
INFO: [Synth 8-6155] done synthesizing module 'yolo_ctrl' (0#1) [E:/competition/2_fpga/3_yolo_zynq/rtl/yolo_ctrl.v:118]
INFO: [Synth 8-6157] synthesizing module 'yolo_dma' [E:/competition/2_fpga/3_yolo_zynq/rtl/yolo_dma.v:122]
	Parameter ADDR_W bound to: 32 - type: integer 
	Parameter LEN_W bound to: 24 - type: integer 
	Parameter MAX_BURST bound to: 16 - type: integer 
	Parameter WIDE bound to: 1 - type: integer 
	Parameter OUTSTANDING bound to: 2 - type: integer 
	Parameter CMD_FIFO_DEPTH bound to: 4 - type: integer 
INFO: [Synth 8-6155] done synthesizing module 'yolo_dma' (0#1) [E:/competition/2_fpga/3_yolo_zynq/rtl/yolo_dma.v:122]
INFO: [Synth 8-6157] synthesizing module 'yolo_wbuf' [E:/competition/2_fpga/3_yolo_zynq/rtl/yolo_wbuf.v:93]
	Parameter N_ROWS bound to: 16 - type: integer 
	Parameter K_MAX bound to: 2304 - type: integer 
	Parameter AW bound to: 12 - type: integer 
	Parameter ROW_AW bound to: 4 - type: integer 
	Parameter BLK_AW bound to: 9 - type: integer 
INFO: [Synth 8-6157] synthesizing module 'yolo_wbuf_bmg' [E:/competition/2_fpga/3_yolo_zynq/proj/ooc_gate/.Xil/Vivado-51736-HC-202510241838/realtime/yolo_wbuf_bmg_stub.v:6]
INFO: [Synth 8-6155] done synthesizing module 'yolo_wbuf_bmg' (0#1) [E:/competition/2_fpga/3_yolo_zynq/proj/ooc_gate/.Xil/Vivado-51736-HC-202510241838/realtime/yolo_wbuf_bmg_stub.v:6]
INFO: [Synth 8-6155] done synthesizing module 'yolo_wbuf' (0#1) [E:/competition/2_fpga/3_yolo_zynq/rtl/yolo_wbuf.v:93]
INFO: [Synth 8-226] default block is never used [E:/competition/2_fpga/3_yolo_zynq/rtl/yolo_gemm_array.v:778]
INFO: [Synth 8-6157] synthesizing module 'yolo_xrowgen' [E:/competition/2_fpga/3_yolo_zynq/rtl/yolo_xrowgen.v:111]
	Parameter N_COLS bound to: 16 - type: integer 
	Parameter ADDR_W bound to: 32 - type: integer 
	Parameter LEN_W bound to: 24 - type: integer 
	Parameter XAW bound to: 12 - type: integer 
INFO: [Synth 8-6155] done synthesizing module 'yolo_xrowgen' (0#1) [E:/competition/2_fpga/3_yolo_zynq/rtl/yolo_xrowgen.v:111]
INFO: [Synth 8-6157] synthesizing module 'yolo_xbuf' [E:/competition/2_fpga/3_yolo_zynq/rtl/yolo_xbuf.v:101]
	Parameter N_COLS bound to: 16 - type: integer 
	Parameter K_MAX bound to: 2304 - type: integer 
	Parameter AW bound to: 12 - type: integer 
	Parameter COL_AW bound to: 4 - type: integer 
INFO: [Synth 8-6157] synthesizing module 'yolo_xbuf_bmg' [E:/competition/2_fpga/3_yolo_zynq/proj/ooc_gate/.Xil/Vivado-51736-HC-202510241838/realtime/yolo_xbuf_bmg_stub.v:6]
INFO: [Synth 8-6155] done synthesizing module 'yolo_xbuf_bmg' (0#1) [E:/competition/2_fpga/3_yolo_zynq/proj/ooc_gate/.Xil/Vivado-51736-HC-202510241838/realtime/yolo_xbuf_bmg_stub.v:6]
INFO: [Synth 8-6155] done synthesizing module 'yolo_xbuf' (0#1) [E:/competition/2_fpga/3_yolo_zynq/rtl/yolo_xbuf.v:101]
INFO: [Synth 8-226] default block is never used [E:/competition/2_fpga/3_yolo_zynq/rtl/yolo_gemm_array.v:1035]
INFO: [Synth 8-6157] synthesizing module 'yolo_requant' [E:/competition/2_fpga/3_yolo_zynq/rtl/yolo_requant.v:144]
	Parameter ACC_W bound to: 32 - type: integer 
INFO: [Synth 8-6155] done synthesizing module 'yolo_requant' (0#1) [E:/competition/2_fpga/3_yolo_zynq/rtl/yolo_requant.v:144]
INFO: [Synth 8-6157] synthesizing module 'yolo_silu_lut' [E:/competition/2_fpga/3_yolo_zynq/rtl/yolo_silu_lut.v:30]
	Parameter DW bound to: 8 - type: integer 
	Parameter AW bound to: 8 - type: integer 
INFO: [Synth 8-6155] done synthesizing module 'yolo_silu_lut' (0#1) [E:/competition/2_fpga/3_yolo_zynq/rtl/yolo_silu_lut.v:30]
INFO: [Synth 8-6157] synthesizing module 'yolo_dma_wr' [E:/competition/2_fpga/3_yolo_zynq/rtl/yolo_dma_wr.v:107]
	Parameter ADDR_W bound to: 32 - type: integer 
	Parameter LEN_W bound to: 24 - type: integer 
	Parameter MAX_BURST bound to: 16 - type: integer 
INFO: [Synth 8-6155] done synthesizing module 'yolo_dma_wr' (0#1) [E:/competition/2_fpga/3_yolo_zynq/rtl/yolo_dma_wr.v:107]
INFO: [Synth 8-226] default block is never used [E:/competition/2_fpga/3_yolo_zynq/rtl/yolo_gemm_array.v:1631]
INFO: [Synth 8-6155] done synthesizing module 'yolo_gemm_array' (0#1) [E:/competition/2_fpga/3_yolo_zynq/rtl/yolo_gemm_array.v:172]
INFO: [Synth 8-6155] done synthesizing module 'yolo_engine_top' (0#1) [E:/competition/2_fpga/3_yolo_zynq/rtl/yolo_engine_top.v:37]
WARNING: [Synth 8-6014] Unused sequential element dtail_r_reg was removed.  [E:/competition/2_fpga/3_yolo_zynq/rtl/yolo_dma.v:253]
WARNING: [Synth 8-6014] Unused sequential element wbuf_r_reg was removed.  [E:/competition/2_fpga/3_yolo_zynq/rtl/yolo_dma.v:277]
WARNING: [Synth 8-6014] Unused sequential element bcnt_r_reg was removed.  [E:/competition/2_fpga/3_yolo_zynq/rtl/yolo_dma.v:278]
WARNING: [Synth 8-6014] Unused sequential element dbytes_r_reg was removed.  [E:/competition/2_fpga/3_yolo_zynq/rtl/yolo_dma.v:279]
WARNING: [Synth 8-7137] Register cf_addr_reg in module yolo_dma has both Set and reset with same priority. This may cause simulation mismatches. Consider rewriting code 
WARNING: [Synth 8-7137] Register cf_len_reg in module yolo_dma has both Set and reset with same priority. This may cause simulation mismatches. Consider rewriting code 
WARNING: [Synth 8-7137] Register sf_len_reg in module yolo_dma has both Set and reset with same priority. This may cause simulation mismatches. Consider rewriting code 
WARNING: [Synth 8-7137] Register blen_q_reg[0] in module yolo_dma has both Set and reset with same priority. This may cause simulation mismatches. Consider rewriting code  [E:/competition/2_fpga/3_yolo_zynq/rtl/yolo_dma.v:335]
WARNING: [Synth 8-7137] Register blen_q_reg[1] in module yolo_dma has both Set and reset with same priority. This may cause simulation mismatches. Consider rewriting code  [E:/competition/2_fpga/3_yolo_zynq/rtl/yolo_dma.v:335]
WARNING: [Synth 8-4767] Trying to implement RAM 'cf_len_reg' in registers. Block RAM or DRAM implementation is not possible; see log for reasons. [E:/competition/2_fpga/3_yolo_zynq/rtl/yolo_dma.v:202]
Reason is one or more of the following :
	1: RAM is sensitive to asynchronous reset signal. this RTL style is not supported. 
WARNING: [Synth 8-4767] Trying to implement RAM 'cf_addr_reg' in registers. Block RAM or DRAM implementation is not possible; see log for reasons. [E:/competition/2_fpga/3_yolo_zynq/rtl/yolo_dma.v:306]
Reason is one or more of the following :
	1: RAM is sensitive to asynchronous reset signal. this RTL style is not supported. 
WARNING: [Synth 8-4767] Trying to implement RAM 'sf_len_reg' in registers. Block RAM or DRAM implementation is not possible; see log for reasons. [E:/competition/2_fpga/3_yolo_zynq/rtl/yolo_dma.v:182]
Reason is one or more of the following :
	1: RAM is sensitive to asynchronous reset signal. this RTL style is not supported. 
WARNING: [Synth 8-6014] Unused sequential element n_start_r_reg was removed.  [E:/competition/2_fpga/3_yolo_zynq/rtl/yolo_xrowgen.v:468]
WARNING: [Synth 8-7137] Register ih_r_reg in module yolo_xrowgen has both Set and reset with same priority. This may cause simulation mismatches. Consider rewriting code  [E:/competition/2_fpga/3_yolo_zynq/rtl/yolo_xrowgen.v:291]
WARNING: [Synth 8-7137] Register iw_r_reg in module yolo_xrowgen has both Set and reset with same priority. This may cause simulation mismatches. Consider rewriting code  [E:/competition/2_fpga/3_yolo_zynq/rtl/yolo_xrowgen.v:293]
WARNING: [Synth 8-7137] Register ow_r_reg in module yolo_xrowgen has both Set and reset with same priority. This may cause simulation mismatches. Consider rewriting code  [E:/competition/2_fpga/3_yolo_zynq/rtl/yolo_xrowgen.v:187]
WARNING: [Synth 8-7137] Register ic_r_reg in module yolo_xrowgen has both Set and reset with same priority. This may cause simulation mismatches. Consider rewriting code  [E:/competition/2_fpga/3_yolo_zynq/rtl/yolo_xrowgen.v:332]
WARNING: [Synth 8-7137] Register kh_r_reg in module yolo_xrowgen has both Set and reset with same priority. This may cause simulation mismatches. Consider rewriting code  [E:/competition/2_fpga/3_yolo_zynq/rtl/yolo_xrowgen.v:333]
WARNING: [Synth 8-7137] Register kw_r_reg in module yolo_xrowgen has both Set and reset with same priority. This may cause simulation mismatches. Consider rewriting code  [E:/competition/2_fpga/3_yolo_zynq/rtl/yolo_xrowgen.v:244]
WARNING: [Synth 8-7137] Register sh_r_reg in module yolo_xrowgen has both Set and reset with same priority. This may cause simulation mismatches. Consider rewriting code  [E:/competition/2_fpga/3_yolo_zynq/rtl/yolo_xrowgen.v:375]
WARNING: [Synth 8-7137] Register sw_r_reg in module yolo_xrowgen has both Set and reset with same priority. This may cause simulation mismatches. Consider rewriting code  [E:/competition/2_fpga/3_yolo_zynq/rtl/yolo_xrowgen.v:278]
WARNING: [Synth 8-7137] Register ph_r_reg in module yolo_xrowgen has both Set and reset with same priority. This may cause simulation mismatches. Consider rewriting code  [E:/competition/2_fpga/3_yolo_zynq/rtl/yolo_xrowgen.v:375]
WARNING: [Synth 8-7137] Register pw_r_reg in module yolo_xrowgen has both Set and reset with same priority. This may cause simulation mismatches. Consider rewriting code  [E:/competition/2_fpga/3_yolo_zynq/rtl/yolo_xrowgen.v:378]
WARNING: [Synth 8-7137] Register k_len_r_reg in module yolo_xrowgen has both Set and reset with same priority. This may cause simulation mismatches. Consider rewriting code  [E:/competition/2_fpga/3_yolo_zynq/rtl/yolo_xrowgen.v:245]
WARNING: [Synth 8-7137] Register n_len_r_reg in module yolo_xrowgen has both Set and reset with same priority. This may cause simulation mismatches. Consider rewriting code  [E:/competition/2_fpga/3_yolo_zynq/rtl/yolo_xrowgen.v:469]
WARNING: [Synth 8-7137] Register first_r_reg in module yolo_xrowgen has both Set and reset with same priority. This may cause simulation mismatches. Consider rewriting code  [E:/competition/2_fpga/3_yolo_zynq/rtl/yolo_xrowgen.v:430]
WARNING: [Synth 8-7137] Register xbase_r_reg in module yolo_xrowgen has both Set and reset with same priority. This may cause simulation mismatches. Consider rewriting code  [E:/competition/2_fpga/3_yolo_zynq/rtl/yolo_xrowgen.v:320]
WARNING: [Synth 8-7137] Register ihiw_r_reg in module yolo_xrowgen has both Set and reset with same priority. This may cause simulation mismatches. Consider rewriting code  [E:/competition/2_fpga/3_yolo_zynq/rtl/yolo_xrowgen.v:472]
WARNING: [Synth 8-7137] Register strb_r_reg in module yolo_xrowgen has both Set and reset with same priority. This may cause simulation mismatches. Consider rewriting code  [E:/competition/2_fpga/3_yolo_zynq/rtl/yolo_xrowgen.v:473]
WARNING: [Synth 8-7137] Register dv_r_reg in module yolo_xrowgen has both Set and reset with same priority. This may cause simulation mismatches. Consider rewriting code  [E:/competition/2_fpga/3_yolo_zynq/rtl/yolo_xrowgen.v:186]
WARNING: [Synth 8-7137] Register rem_r_reg in module yolo_xrowgen has both Set and reset with same priority. This may cause simulation mismatches. Consider rewriting code  [E:/competition/2_fpga/3_yolo_zynq/rtl/yolo_xrowgen.v:186]
WARNING: [Synth 8-7137] Register quo_r_reg in module yolo_xrowgen has both Set and reset with same priority. This may cause simulation mismatches. Consider rewriting code  [E:/competition/2_fpga/3_yolo_zynq/rtl/yolo_xrowgen.v:188]
WARNING: [Synth 8-7137] Register div_i_r_reg in module yolo_xrowgen has both Set and reset with same priority. This may cause simulation mismatches. Consider rewriting code  [E:/competition/2_fpga/3_yolo_zynq/rtl/yolo_xrowgen.v:479]
WARNING: [Synth 8-7137] Register rem_p_r_reg in module yolo_xrowgen has both Set and reset with same priority. This may cause simulation mismatches. Consider rewriting code  [E:/competition/2_fpga/3_yolo_zynq/rtl/yolo_xrowgen.v:371]
WARNING: [Synth 8-7137] Register lb_acc_r_reg in module yolo_xrowgen has both Set and reset with same priority. This may cause simulation mismatches. Consider rewriting code  [E:/competition/2_fpga/3_yolo_zynq/rtl/yolo_xrowgen.v:482]
WARNING: [Synth 8-7137] Register pp_r_reg in module yolo_xrowgen has both Set and reset with same priority. This may cause simulation mismatches. Consider rewriting code  [E:/competition/2_fpga/3_yolo_zynq/rtl/yolo_xrowgen.v:368]
WARNING: [Synth 8-7137] Register pt_vld_r_reg[0] in module yolo_xrowgen has both Set and reset with same priority. This may cause simulation mismatches. Consider rewriting code  [E:/competition/2_fpga/3_yolo_zynq/rtl/yolo_xrowgen.v:289]
WARNING: [Synth 8-7137] Register pt_vld_r_reg[1] in module yolo_xrowgen has both Set and reset with same priority. This may cause simulation mismatches. Consider rewriting code  [E:/competition/2_fpga/3_yolo_zynq/rtl/yolo_xrowgen.v:289]
WARNING: [Synth 8-7137] Register pt_vld_r_reg[2] in module yolo_xrowgen has both Set and reset with same priority. This may cause simulation mismatches. Consider rewriting code  [E:/competition/2_fpga/3_yolo_zynq/rtl/yolo_xrowgen.v:289]
WARNING: [Synth 8-7137] Register pt_vld_r_reg[3] in module yolo_xrowgen has both Set and reset with same priority. This may cause simulation mismatches. Consider rewriting code  [E:/competition/2_fpga/3_yolo_zynq/rtl/yolo_xrowgen.v:289]
WARNING: [Synth 8-7137] Register pt_ih0_r_reg[0] in module yolo_xrowgen has both Set and reset with same priority. This may cause simulation mismatches. Consider rewriting code  [E:/competition/2_fpga/3_yolo_zynq/rtl/yolo_xrowgen.v:273]
WARNING: [Synth 8-7137] Register pt_ih0_r_reg[1] in module yolo_xrowgen has both Set and reset with same priority. This may cause simulation mismatches. Consider rewriting code  [E:/competition/2_fpga/3_yolo_zynq/rtl/yolo_xrowgen.v:273]
WARNING: [Synth 8-7137] Register pt_ih0_r_reg[2] in module yolo_xrowgen has both Set and reset with same priority. This may cause simulation mismatches. Consider rewriting code  [E:/competition/2_fpga/3_yolo_zynq/rtl/yolo_xrowgen.v:273]
WARNING: [Synth 8-7137] Register pt_ih0_r_reg[3] in module yolo_xrowgen has both Set and reset with same priority. This may cause simulation mismatches. Consider rewriting code  [E:/competition/2_fpga/3_yolo_zynq/rtl/yolo_xrowgen.v:273]
WARNING: [Synth 8-7137] Register pt_row0_r_reg[0] in module yolo_xrowgen has both Set and reset with same priority. This may cause simulation mismatches. Consider rewriting code  [E:/competition/2_fpga/3_yolo_zynq/rtl/yolo_xrowgen.v:322]
WARNING: [Synth 8-7137] Register pt_row0_r_reg[1] in module yolo_xrowgen has both Set and reset with same priority. This may cause simulation mismatches. Consider rewriting code  [E:/competition/2_fpga/3_yolo_zynq/rtl/yolo_xrowgen.v:322]
WARNING: [Synth 8-7137] Register pt_row0_r_reg[2] in module yolo_xrowgen has both Set and reset with same priority. This may cause simulation mismatches. Consider rewriting code  [E:/competition/2_fpga/3_yolo_zynq/rtl/yolo_xrowgen.v:322]
WARNING: [Synth 8-7137] Register pt_row0_r_reg[3] in module yolo_xrowgen has both Set and reset with same priority. This may cause simulation mismatches. Consider rewriting code  [E:/competition/2_fpga/3_yolo_zynq/rtl/yolo_xrowgen.v:322]
WARNING: [Synth 8-7137] Register pt_iwlo_r_reg[0] in module yolo_xrowgen has both Set and reset with same priority. This may cause simulation mismatches. Consider rewriting code  [E:/competition/2_fpga/3_yolo_zynq/rtl/yolo_xrowgen.v:277]
WARNING: [Synth 8-7137] Register pt_iwlo_r_reg[1] in module yolo_xrowgen has both Set and reset with same priority. This may cause simulation mismatches. Consider rewriting code  [E:/competition/2_fpga/3_yolo_zynq/rtl/yolo_xrowgen.v:277]
WARNING: [Synth 8-7137] Register pt_iwlo_r_reg[2] in module yolo_xrowgen has both Set and reset with same priority. This may cause simulation mismatches. Consider rewriting code  [E:/competition/2_fpga/3_yolo_zynq/rtl/yolo_xrowgen.v:277]
WARNING: [Synth 8-7137] Register pt_iwlo_r_reg[3] in module yolo_xrowgen has both Set and reset with same priority. This may cause simulation mismatches. Consider rewriting code  [E:/competition/2_fpga/3_yolo_zynq/rtl/yolo_xrowgen.v:277]
WARNING: [Synth 8-7137] Register pt_lane0_r_reg[0] in module yolo_xrowgen has both Set and reset with same priority. This may cause simulation mismatches. Consider rewriting code  [E:/competition/2_fpga/3_yolo_zynq/rtl/yolo_xrowgen.v:393]
WARNING: [Synth 8-7137] Register pt_lane0_r_reg[1] in module yolo_xrowgen has both Set and reset with same priority. This may cause simulation mismatches. Consider rewriting code  [E:/competition/2_fpga/3_yolo_zynq/rtl/yolo_xrowgen.v:393]
WARNING: [Synth 8-7137] Register pt_lane0_r_reg[2] in module yolo_xrowgen has both Set and reset with same priority. This may cause simulation mismatches. Consider rewriting code  [E:/competition/2_fpga/3_yolo_zynq/rtl/yolo_xrowgen.v:393]
WARNING: [Synth 8-7137] Register pt_lane0_r_reg[3] in module yolo_xrowgen has both Set and reset with same priority. This may cause simulation mismatches. Consider rewriting code  [E:/competition/2_fpga/3_yolo_zynq/rtl/yolo_xrowgen.v:393]
WARNING: [Synth 8-7137] Register pt_m_r_reg[0] in module yolo_xrowgen has both Set and reset with same priority. This may cause simulation mismatches. Consider rewriting code  [E:/competition/2_fpga/3_yolo_zynq/rtl/yolo_xrowgen.v:278]
WARNING: [Synth 8-7137] Register pt_m_r_reg[1] in module yolo_xrowgen has both Set and reset with same priority. This may cause simulation mismatches. Consider rewriting code  [E:/competition/2_fpga/3_yolo_zynq/rtl/yolo_xrowgen.v:278]
WARNING: [Synth 8-7137] Register pt_m_r_reg[2] in module yolo_xrowgen has both Set and reset with same priority. This may cause simulation mismatches. Consider rewriting code  [E:/competition/2_fpga/3_yolo_zynq/rtl/yolo_xrowgen.v:278]
WARNING: [Synth 8-7137] Register pt_m_r_reg[3] in module yolo_xrowgen has both Set and reset with same priority. This may cause simulation mismatches. Consider rewriting code  [E:/competition/2_fpga/3_yolo_zynq/rtl/yolo_xrowgen.v:278]
WARNING: [Synth 8-7137] Register cg_active_r_reg in module yolo_xrowgen has both Set and reset with same priority. This may cause simulation mismatches. Consider rewriting code  [E:/competition/2_fpga/3_yolo_zynq/rtl/yolo_xrowgen.v:258]
WARNING: [Synth 8-7137] Register cg_part_pend_r_reg in module yolo_xrowgen has both Set and reset with same priority. This may cause simulation mismatches. Consider rewriting code  [E:/competition/2_fpga/3_yolo_zynq/rtl/yolo_xrowgen.v:258]
WARNING: [Synth 8-7137] Register cg_adv_pend_r_reg in module yolo_xrowgen has both Set and reset with same priority. This may cause simulation mismatches. Consider rewriting code  [E:/competition/2_fpga/3_yolo_zynq/rtl/yolo_xrowgen.v:259]
WARNING: [Synth 8-7137] Register cg_grp_cmd_r_reg in module yolo_xrowgen has both Set and reset with same priority. This may cause simulation mismatches. Consider rewriting code  [E:/competition/2_fpga/3_yolo_zynq/rtl/yolo_xrowgen.v:341]
WARNING: [Synth 8-7137] Register cg_ic_r_reg in module yolo_xrowgen has both Set and reset with same priority. This may cause simulation mismatches. Consider rewriting code  [E:/competition/2_fpga/3_yolo_zynq/rtl/yolo_xrowgen.v:332]
WARNING: [Synth 8-7137] Register cg_kh_r_reg in module yolo_xrowgen has both Set and reset with same priority. This may cause simulation mismatches. Consider rewriting code  [E:/competition/2_fpga/3_yolo_zynq/rtl/yolo_xrowgen.v:273]
WARNING: [Synth 8-7137] Register cg_part_r_reg in module yolo_xrowgen has both Set and reset with same priority. This may cause simulation mismatches. Consider rewriting code  [E:/competition/2_fpga/3_yolo_zynq/rtl/yolo_xrowgen.v:257]
WARNING: [Synth 8-7137] Register cg_cnt_r_reg in module yolo_xrowgen has both Set and reset with same priority. This may cause simulation mismatches. Consider rewriting code  [E:/competition/2_fpga/3_yolo_zynq/rtl/yolo_xrowgen.v:334]
WARNING: [Synth 8-7137] Register cg_plane_r_reg in module yolo_xrowgen has both Set and reset with same priority. This may cause simulation mismatches. Consider rewriting code  [E:/competition/2_fpga/3_yolo_zynq/rtl/yolo_xrowgen.v:321]
WARNING: [Synth 8-7137] Register cg_khiw_r_reg in module yolo_xrowgen has both Set and reset with same priority. This may cause simulation mismatches. Consider rewriting code  [E:/competition/2_fpga/3_yolo_zynq/rtl/yolo_xrowgen.v:323]
WARNING: [Synth 8-7137] Register iq_wp_r_reg in module yolo_xrowgen has both Set and reset with same priority. This may cause simulation mismatches. Consider rewriting code  [E:/competition/2_fpga/3_yolo_zynq/rtl/yolo_xrowgen.v:509]
WARNING: [Synth 8-7137] Register iq_rp_r_reg in module yolo_xrowgen has both Set and reset with same priority. This may cause simulation mismatches. Consider rewriting code  [E:/competition/2_fpga/3_yolo_zynq/rtl/yolo_xrowgen.v:226]
WARNING: [Synth 8-7137] Register widx_r_reg in module yolo_xrowgen has both Set and reset with same priority. This may cause simulation mismatches. Consider rewriting code  [E:/competition/2_fpga/3_yolo_zynq/rtl/yolo_xrowgen.v:360]
WARNING: [Synth 8-7137] Register em_k_r_reg in module yolo_xrowgen has both Set and reset with same priority. This may cause simulation mismatches. Consider rewriting code  [E:/competition/2_fpga/3_yolo_zynq/rtl/yolo_xrowgen.v:245]
WARNING: [Synth 8-7137] Register em_kw_r_reg in module yolo_xrowgen has both Set and reset with same priority. This may cause simulation mismatches. Consider rewriting code  [E:/competition/2_fpga/3_yolo_zynq/rtl/yolo_xrowgen.v:244]
WARNING: [Synth 8-7137] Register em_g_r_reg in module yolo_xrowgen has both Set and reset with same priority. This may cause simulation mismatches. Consider rewriting code  [E:/competition/2_fpga/3_yolo_zynq/rtl/yolo_xrowgen.v:241]
WARNING: [Synth 8-7137] Register em_cnt_r_reg in module yolo_xrowgen has both Set and reset with same priority. This may cause simulation mismatches. Consider rewriting code  [E:/competition/2_fpga/3_yolo_zynq/rtl/yolo_xrowgen.v:334]
WARNING: [Synth 8-7137] Register em_lastb_r_reg in module yolo_xrowgen has both Set and reset with same priority. This may cause simulation mismatches. Consider rewriting code  [E:/competition/2_fpga/3_yolo_zynq/rtl/yolo_xrowgen.v:521]
WARNING: [Synth 8-7137] Register em_done_d_r_reg in module yolo_xrowgen has both Set and reset with same priority. This may cause simulation mismatches. Consider rewriting code  [E:/competition/2_fpga/3_yolo_zynq/rtl/yolo_xrowgen.v:522]
WARNING: [Synth 8-7137] Register em_done_p_r_reg in module yolo_xrowgen has both Set and reset with same priority. This may cause simulation mismatches. Consider rewriting code  [E:/competition/2_fpga/3_yolo_zynq/rtl/yolo_xrowgen.v:523]
WARNING: [Synth 8-7137] Register we_r_reg in module yolo_xrowgen has both Set and reset with same priority. This may cause simulation mismatches. Consider rewriting code  [E:/competition/2_fpga/3_yolo_zynq/rtl/yolo_xrowgen.v:524]
WARNING: [Synth 8-7137] Register oy0_r_reg in module yolo_xrowgen has both Set and reset with same priority. This may cause simulation mismatches. Consider rewriting code  [E:/competition/2_fpga/3_yolo_zynq/rtl/yolo_xrowgen.v:368]
WARNING: [Synth 8-7137] Register ox0_r_reg in module yolo_xrowgen has both Set and reset with same priority. This may cause simulation mismatches. Consider rewriting code  [E:/competition/2_fpga/3_yolo_zynq/rtl/yolo_xrowgen.v:369]
WARNING: [Synth 8-7137] Register pl_last_r_reg in module yolo_xrowgen has both Set and reset with same priority. This may cause simulation mismatches. Consider rewriting code  [E:/competition/2_fpga/3_yolo_zynq/rtl/yolo_xrowgen.v:331]
WARNING: [Synth 8-7137] Register lane_p_r_reg[0] in module yolo_xrowgen has both Set and reset with same priority. This may cause simulation mismatches. Consider rewriting code  [E:/competition/2_fpga/3_yolo_zynq/rtl/yolo_xrowgen.v:578]
WARNING: [Synth 8-7137] Register lane_p_r_reg[1] in module yolo_xrowgen has both Set and reset with same priority. This may cause simulation mismatches. Consider rewriting code  [E:/competition/2_fpga/3_yolo_zynq/rtl/yolo_xrowgen.v:578]
WARNING: [Synth 8-7137] Register lane_p_r_reg[2] in module yolo_xrowgen has both Set and reset with same priority. This may cause simulation mismatches. Consider rewriting code  [E:/competition/2_fpga/3_yolo_zynq/rtl/yolo_xrowgen.v:578]
WARNING: [Synth 8-7137] Register lane_p_r_reg[3] in module yolo_xrowgen has both Set and reset with same priority. This may cause simulation mismatches. Consider rewriting code  [E:/competition/2_fpga/3_yolo_zynq/rtl/yolo_xrowgen.v:578]
WARNING: [Synth 8-7137] Register lane_p_r_reg[4] in module yolo_xrowgen has both Set and reset with same priority. This may cause simulation mismatches. Consider rewriting code  [E:/competition/2_fpga/3_yolo_zynq/rtl/yolo_xrowgen.v:578]
WARNING: [Synth 8-7137] Register lane_p_r_reg[5] in module yolo_xrowgen has both Set and reset with same priority. This may cause simulation mismatches. Consider rewriting code  [E:/competition/2_fpga/3_yolo_zynq/rtl/yolo_xrowgen.v:578]
WARNING: [Synth 8-7137] Register lane_p_r_reg[6] in module yolo_xrowgen has both Set and reset with same priority. This may cause simulation mismatches. Consider rewriting code  [E:/competition/2_fpga/3_yolo_zynq/rtl/yolo_xrowgen.v:578]
WARNING: [Synth 8-7137] Register lane_p_r_reg[7] in module yolo_xrowgen has both Set and reset with same priority. This may cause simulation mismatches. Consider rewriting code  [E:/competition/2_fpga/3_yolo_zynq/rtl/yolo_xrowgen.v:578]
WARNING: [Synth 8-7137] Register lane_p_r_reg[8] in module yolo_xrowgen has both Set and reset with same priority. This may cause simulation mismatches. Consider rewriting code  [E:/competition/2_fpga/3_yolo_zynq/rtl/yolo_xrowgen.v:578]
WARNING: [Synth 8-7137] Register lane_p_r_reg[9] in module yolo_xrowgen has both Set and reset with same priority. This may cause simulation mismatches. Consider rewriting code  [E:/competition/2_fpga/3_yolo_zynq/rtl/yolo_xrowgen.v:578]
WARNING: [Synth 8-7137] Register lane_p_r_reg[10] in module yolo_xrowgen has both Set and reset with same priority. This may cause simulation mismatches. Consider rewriting code  [E:/competition/2_fpga/3_yolo_zynq/rtl/yolo_xrowgen.v:578]
WARNING: [Synth 8-7137] Register lane_p_r_reg[11] in module yolo_xrowgen has both Set and reset with same priority. This may cause simulation mismatches. Consider rewriting code  [E:/competition/2_fpga/3_yolo_zynq/rtl/yolo_xrowgen.v:578]
WARNING: [Synth 8-7137] Register lane_p_r_reg[12] in module yolo_xrowgen has both Set and reset with same priority. This may cause simulation mismatches. Consider rewriting code  [E:/competition/2_fpga/3_yolo_zynq/rtl/yolo_xrowgen.v:578]
WARNING: [Synth 8-7137] Register lane_p_r_reg[13] in module yolo_xrowgen has both Set and reset with same priority. This may cause simulation mismatches. Consider rewriting code  [E:/competition/2_fpga/3_yolo_zynq/rtl/yolo_xrowgen.v:578]
WARNING: [Synth 8-7137] Register lane_p_r_reg[14] in module yolo_xrowgen has both Set and reset with same priority. This may cause simulation mismatches. Consider rewriting code  [E:/competition/2_fpga/3_yolo_zynq/rtl/yolo_xrowgen.v:578]
WARNING: [Synth 8-7137] Register lane_p_r_reg[15] in module yolo_xrowgen has both Set and reset with same priority. This may cause simulation mismatches. Consider rewriting code  [E:/competition/2_fpga/3_yolo_zynq/rtl/yolo_xrowgen.v:578]
WARNING: [Synth 8-7137] Register lane_lsw_r_reg[0] in module yolo_xrowgen has both Set and reset with same priority. This may cause simulation mismatches. Consider rewriting code  [E:/competition/2_fpga/3_yolo_zynq/rtl/yolo_xrowgen.v:579]
WARNING: [Synth 8-7137] Register lane_lsw_r_reg[1] in module yolo_xrowgen has both Set and reset with same priority. This may cause simulation mismatches. Consider rewriting code  [E:/competition/2_fpga/3_yolo_zynq/rtl/yolo_xrowgen.v:579]
WARNING: [Synth 8-7137] Register lane_lsw_r_reg[2] in module yolo_xrowgen has both Set and reset with same priority. This may cause simulation mismatches. Consider rewriting code  [E:/competition/2_fpga/3_yolo_zynq/rtl/yolo_xrowgen.v:579]
WARNING: [Synth 8-7137] Register lane_lsw_r_reg[3] in module yolo_xrowgen has both Set and reset with same priority. This may cause simulation mismatches. Consider rewriting code  [E:/competition/2_fpga/3_yolo_zynq/rtl/yolo_xrowgen.v:579]
WARNING: [Synth 8-7137] Register lane_lsw_r_reg[4] in module yolo_xrowgen has both Set and reset with same priority. This may cause simulation mismatches. Consider rewriting code  [E:/competition/2_fpga/3_yolo_zynq/rtl/yolo_xrowgen.v:579]
WARNING: [Synth 8-7137] Register lane_lsw_r_reg[5] in module yolo_xrowgen has both Set and reset with same priority. This may cause simulation mismatches. Consider rewriting code  [E:/competition/2_fpga/3_yolo_zynq/rtl/yolo_xrowgen.v:579]
WARNING: [Synth 8-7137] Register lane_lsw_r_reg[6] in module yolo_xrowgen has both Set and reset with same priority. This may cause simulation mismatches. Consider rewriting code  [E:/competition/2_fpga/3_yolo_zynq/rtl/yolo_xrowgen.v:579]
WARNING: [Synth 8-7137] Register lane_lsw_r_reg[7] in module yolo_xrowgen has both Set and reset with same priority. This may cause simulation mismatches. Consider rewriting code  [E:/competition/2_fpga/3_yolo_zynq/rtl/yolo_xrowgen.v:579]
INFO: [Common 17-14] Message 'Synth 8-7137' appears 100 times and further instances of the messages will be disabled. Use the Tcl command set_msg_config to change the current settings.
WARNING: [Synth 8-4767] Trying to implement RAM 'iq_g_r_reg' in registers. Block RAM or DRAM implementation is not possible; see log for reasons. [E:/competition/2_fpga/3_yolo_zynq/rtl/yolo_xrowgen.v:604]
Reason is one or more of the following :
	1: RAM is sensitive to asynchronous reset signal. this RTL style is not supported. 
WARNING: [Synth 8-4767] Trying to implement RAM 'iq_p_r_reg' in registers. Block RAM or DRAM implementation is not possible; see log for reasons. [E:/competition/2_fpga/3_yolo_zynq/rtl/yolo_xrowgen.v:605]
Reason is one or more of the following :
	1: RAM is sensitive to asynchronous reset signal. this RTL style is not supported. 
WARNING: [Synth 8-4767] Trying to implement RAM 'iq_last_r_reg' in registers. Block RAM or DRAM implementation is not possible; see log for reasons. [E:/competition/2_fpga/3_yolo_zynq/rtl/yolo_xrowgen.v:687]
Reason is one or more of the following :
	1: RAM is sensitive to asynchronous reset signal. this RTL style is not supported. 
WARNING: [Synth 8-6014] Unused sequential element cfg_oc_total_r_reg was removed.  [E:/competition/2_fpga/3_yolo_zynq/rtl/yolo_gemm_array.v:393]
WARNING: [Synth 8-6014] Unused sequential element row_start_d1_r_reg was removed.  [E:/competition/2_fpga/3_yolo_zynq/rtl/yolo_gemm_array.v:1372]
WARNING: [Synth 8-6014] Unused sequential element row_start_d2_r_reg was removed.  [E:/competition/2_fpga/3_yolo_zynq/rtl/yolo_gemm_array.v:1487]
WARNING: [Synth 8-6014] Unused sequential element row_start_d3_r_reg was removed.  [E:/competition/2_fpga/3_yolo_zynq/rtl/yolo_gemm_array.v:1488]
WARNING: [Synth 8-6014] Unused sequential element row_start_d4_r_reg was removed.  [E:/competition/2_fpga/3_yolo_zynq/rtl/yolo_gemm_array.v:1489]
WARNING: [Synth 8-6014] Unused sequential element row_start_d5_r_reg was removed.  [E:/competition/2_fpga/3_yolo_zynq/rtl/yolo_gemm_array.v:1490]
WARNING: [Synth 8-6014] Unused sequential element row_start_d6_r_reg was removed.  [E:/competition/2_fpga/3_yolo_zynq/rtl/yolo_gemm_array.v:1491]
WARNING: [Synth 8-6014] Unused sequential element row_start_d7_r_reg was removed.  [E:/competition/2_fpga/3_yolo_zynq/rtl/yolo_gemm_array.v:1492]
WARNING: [Synth 8-6014] Unused sequential element row_start_d8_r_reg was removed.  [E:/competition/2_fpga/3_yolo_zynq/rtl/yolo_gemm_array.v:1493]
WARNING: [Synth 8-6014] Unused sequential element row_start_d9_r_reg was removed.  [E:/competition/2_fpga/3_yolo_zynq/rtl/yolo_gemm_array.v:1494]
WARNING: [Synth 8-7129] Port bresp_i[1] in module yolo_dma_wr is either unconnected or has no load
WARNING: [Synth 8-7129] Port bresp_i[0] in module yolo_dma_wr is either unconnected or has no load
WARNING: [Synth 8-7129] Port rlast_i in module yolo_dma is either unconnected or has no load
WARNING: [Synth 8-7129] Port s_axi_awaddr[31] in module yolo_csr is either unconnected or has no load
WARNING: [Synth 8-7129] Port s_axi_awaddr[30] in module yolo_csr is either unconnected or has no load
WARNING: [Synth 8-7129] Port s_axi_awaddr[29] in module yolo_csr is either unconnected or has no load
WARNING: [Synth 8-7129] Port s_axi_awaddr[28] in module yolo_csr is either unconnected or has no load
WARNING: [Synth 8-7129] Port s_axi_awaddr[27] in module yolo_csr is either unconnected or has no load
WARNING: [Synth 8-7129] Port s_axi_awaddr[26] in module yolo_csr is either unconnected or has no load
WARNING: [Synth 8-7129] Port s_axi_awaddr[25] in module yolo_csr is either unconnected or has no load
WARNING: [Synth 8-7129] Port s_axi_awaddr[24] in module yolo_csr is either unconnected or has no load
WARNING: [Synth 8-7129] Port s_axi_awaddr[23] in module yolo_csr is either unconnected or has no load
WARNING: [Synth 8-7129] Port s_axi_awaddr[22] in module yolo_csr is either unconnected or has no load
WARNING: [Synth 8-7129] Port s_axi_awaddr[21] in module yolo_csr is either unconnected or has no load
WARNING: [Synth 8-7129] Port s_axi_awaddr[20] in module yolo_csr is either unconnected or has no load
WARNING: [Synth 8-7129] Port s_axi_awaddr[19] in module yolo_csr is either unconnected or has no load
WARNING: [Synth 8-7129] Port s_axi_awaddr[18] in module yolo_csr is either unconnected or has no load
WARNING: [Synth 8-7129] Port s_axi_awaddr[17] in module yolo_csr is either unconnected or has no load
WARNING: [Synth 8-7129] Port s_axi_awaddr[16] in module yolo_csr is either unconnected or has no load
WARNING: [Synth 8-7129] Port s_axi_awaddr[1] in module yolo_csr is either unconnected or has no load
WARNING: [Synth 8-7129] Port s_axi_awaddr[0] in module yolo_csr is either unconnected or has no load
WARNING: [Synth 8-7129] Port s_axi_awprot[2] in module yolo_csr is either unconnected or has no load
WARNING: [Synth 8-7129] Port s_axi_awprot[1] in module yolo_csr is either unconnected or has no load
WARNING: [Synth 8-7129] Port s_axi_awprot[0] in module yolo_csr is either unconnected or has no load
WARNING: [Synth 8-7129] Port s_axi_araddr[31] in module yolo_csr is either unconnected or has no load
WARNING: [Synth 8-7129] Port s_axi_araddr[30] in module yolo_csr is either unconnected or has no load
WARNING: [Synth 8-7129] Port s_axi_araddr[29] in module yolo_csr is either unconnected or has no load
WARNING: [Synth 8-7129] Port s_axi_araddr[28] in module yolo_csr is either unconnected or has no load
WARNING: [Synth 8-7129] Port s_axi_araddr[27] in module yolo_csr is either unconnected or has no load
WARNING: [Synth 8-7129] Port s_axi_araddr[26] in module yolo_csr is either unconnected or has no load
WARNING: [Synth 8-7129] Port s_axi_araddr[25] in module yolo_csr is either unconnected or has no load
WARNING: [Synth 8-7129] Port s_axi_araddr[24] in module yolo_csr is either unconnected or has no load
WARNING: [Synth 8-7129] Port s_axi_araddr[23] in module yolo_csr is either unconnected or has no load
WARNING: [Synth 8-7129] Port s_axi_araddr[22] in module yolo_csr is either unconnected or has no load
WARNING: [Synth 8-7129] Port s_axi_araddr[21] in module yolo_csr is either unconnected or has no load
WARNING: [Synth 8-7129] Port s_axi_araddr[20] in module yolo_csr is either unconnected or has no load
WARNING: [Synth 8-7129] Port s_axi_araddr[19] in module yolo_csr is either unconnected or has no load
WARNING: [Synth 8-7129] Port s_axi_araddr[18] in module yolo_csr is either unconnected or has no load
WARNING: [Synth 8-7129] Port s_axi_araddr[17] in module yolo_csr is either unconnected or has no load
WARNING: [Synth 8-7129] Port s_axi_araddr[16] in module yolo_csr is either unconnected or has no load
WARNING: [Synth 8-7129] Port s_axi_araddr[1] in module yolo_csr is either unconnected or has no load
WARNING: [Synth 8-7129] Port s_axi_araddr[0] in module yolo_csr is either unconnected or has no load
WARNING: [Synth 8-7129] Port s_axi_arprot[2] in module yolo_csr is either unconnected or has no load
WARNING: [Synth 8-7129] Port s_axi_arprot[1] in module yolo_csr is either unconnected or has no load
WARNING: [Synth 8-7129] Port s_axi_arprot[0] in module yolo_csr is either unconnected or has no load
---------------------------------------------------------------------------------
Finished RTL Elaboration : Time (s): cpu = 00:00:09 ; elapsed = 00:00:09 . Memory (MB): peak = 2051.840 ; gain = 0.000
---------------------------------------------------------------------------------
---------------------------------------------------------------------------------
Start Handling Custom Attributes
---------------------------------------------------------------------------------
---------------------------------------------------------------------------------
Finished Handling Custom Attributes : Time (s): cpu = 00:00:09 ; elapsed = 00:00:09 . Memory (MB): peak = 2051.840 ; gain = 0.000
---------------------------------------------------------------------------------
---------------------------------------------------------------------------------
Finished RTL Optimization Phase 1 : Time (s): cpu = 00:00:09 ; elapsed = 00:00:09 . Memory (MB): peak = 2051.840 ; gain = 0.000
---------------------------------------------------------------------------------
Netlist sorting complete. Time (s): cpu = 00:00:01 ; elapsed = 00:00:00.550 . Memory (MB): peak = 2051.840 ; gain = 0.000
INFO: [Netlist 29-17] Analyzing 128 Unisim elements for replacement
INFO: [Netlist 29-28] Unisim Transformation completed in 0 CPU seconds
INFO: [Project 1-570] Preparing netlist for logic optimization

Processing XDC Constraints
Initializing timing engine
Parsing XDC File [e:/competition/2_fpga/3_yolo_zynq/ip/yolo_wbuf_bmg/yolo_wbuf_bmg/yolo_wbuf_bmg_in_context.xdc] for cell 'u_array/u_wbuf/u_bank0'
Finished Parsing XDC File [e:/competition/2_fpga/3_yolo_zynq/ip/yolo_wbuf_bmg/yolo_wbuf_bmg/yolo_wbuf_bmg_in_context.xdc] for cell 'u_array/u_wbuf/u_bank0'
Parsing XDC File [e:/competition/2_fpga/3_yolo_zynq/ip/yolo_wbuf_bmg/yolo_wbuf_bmg/yolo_wbuf_bmg_in_context.xdc] for cell 'u_array/u_wbuf/u_bank1'
Finished Parsing XDC File [e:/competition/2_fpga/3_yolo_zynq/ip/yolo_wbuf_bmg/yolo_wbuf_bmg/yolo_wbuf_bmg_in_context.xdc] for cell 'u_array/u_wbuf/u_bank1'
Parsing XDC File [e:/competition/2_fpga/3_yolo_zynq/ip/yolo_xbuf_bmg/yolo_xbuf_bmg/yolo_xbuf_bmg_in_context.xdc] for cell 'u_array/u_xbuf/u_bank0'
Finished Parsing XDC File [e:/competition/2_fpga/3_yolo_zynq/ip/yolo_xbuf_bmg/yolo_xbuf_bmg/yolo_xbuf_bmg_in_context.xdc] for cell 'u_array/u_xbuf/u_bank0'
Parsing XDC File [e:/competition/2_fpga/3_yolo_zynq/ip/yolo_xbuf_bmg/yolo_xbuf_bmg/yolo_xbuf_bmg_in_context.xdc] for cell 'u_array/u_xbuf/u_bank1'
Finished Parsing XDC File [e:/competition/2_fpga/3_yolo_zynq/ip/yolo_xbuf_bmg/yolo_xbuf_bmg/yolo_xbuf_bmg_in_context.xdc] for cell 'u_array/u_xbuf/u_bank1'
Completed Processing XDC Constraints

Netlist sorting complete. Time (s): cpu = 00:00:00 ; elapsed = 00:00:00.017 . Memory (MB): peak = 2051.840 ; gain = 0.000
INFO: [Project 1-111] Unisim Transformation Summary:
No Unisim elements were transformed.

Constraint Validation Runtime : Time (s): cpu = 00:00:00 ; elapsed = 00:00:00.265 . Memory (MB): peak = 2051.840 ; gain = 0.000
---------------------------------------------------------------------------------
Finished Constraint Validation : Time (s): cpu = 00:00:23 ; elapsed = 00:00:23 . Memory (MB): peak = 2051.840 ; gain = 0.000
---------------------------------------------------------------------------------
---------------------------------------------------------------------------------
Start Loading Part and Timing Information
---------------------------------------------------------------------------------
Loading part: xc7z020clg484-1
---------------------------------------------------------------------------------
Finished Loading Part and Timing Information : Time (s): cpu = 00:00:23 ; elapsed = 00:00:23 . Memory (MB): peak = 2051.840 ; gain = 0.000
---------------------------------------------------------------------------------
---------------------------------------------------------------------------------
Start Applying 'set_property' XDC Constraints
---------------------------------------------------------------------------------
---------------------------------------------------------------------------------
Finished applying 'set_property' XDC Constraints : Time (s): cpu = 00:00:23 ; elapsed = 00:00:23 . Memory (MB): peak = 2051.840 ; gain = 0.000
---------------------------------------------------------------------------------
INFO: [Synth 8-802] inferred FSM for state register 'state_r_reg' in module 'yolo_ctrl'
INFO: [Synth 8-802] inferred FSM for state register 'phase_r_reg' in module 'yolo_xrowgen'
INFO: [Synth 8-802] inferred FSM for state register 'wldr_state_r_reg' in module 'yolo_gemm_array'
INFO: [Synth 8-802] inferred FSM for state register 'xldr_state_r_reg' in module 'yolo_gemm_array'
INFO: [Synth 8-802] inferred FSM for state register 'seg_state_r_reg' in module 'yolo_gemm_array'
---------------------------------------------------------------------------------------------------
                   State |                     New Encoding |                Previous Encoding 
---------------------------------------------------------------------------------------------------
                  S_IDLE |                          0000001 |                              000
                  S_TILE |                          0010000 |                              001
                     S_K |                          1000000 |                              010
                 S_DRAIN |                          0100000 |                              011
                  S_SNAP |                          0001000 |                              100
                 S_TWAIT |                          0000100 |                              101
                 S_LDONE |                          0000010 |                              110
---------------------------------------------------------------------------------------------------
INFO: [Synth 8-3354] encoded FSM with state register 'state_r_reg' using encoding 'one-hot' in module 'yolo_ctrl'
---------------------------------------------------------------------------------------------------
                   State |                     New Encoding |                Previous Encoding 
---------------------------------------------------------------------------------------------------
                  iSTATE |                              100 |                              000
                   P_DIV |                              000 |                              001
                  P_PART |                              001 |                              010
                  P_LANE |                              010 |                              011
                   P_RUN |                              011 |                              100
*
---------------------------------------------------------------------------------------------------
INFO: [Synth 8-3354] encoded FSM with state register 'phase_r_reg' using encoding 'sequential' in module 'yolo_xrowgen'
---------------------------------------------------------------------------------------------------
                   State |                     New Encoding |                Previous Encoding 
---------------------------------------------------------------------------------------------------
                SEG_IDLE |                               00 |                               00
                SEG_FILL |                               01 |                               01
                 SEG_CMD |                               10 |                               10
                  SEG_DR |                               11 |                               11
---------------------------------------------------------------------------------------------------
INFO: [Synth 8-3354] encoded FSM with state register 'seg_state_r_reg' using encoding 'sequential' in module 'yolo_gemm_array'
---------------------------------------------------------------------------------------------------
                   State |                     New Encoding |                Previous Encoding 
---------------------------------------------------------------------------------------------------
                 S_WIDLE |                               00 |                               00
                 S_WNEXT |                               01 |                               01
                  S_WCHK |                               10 |                               10
                  S_WRUN |                               11 |                               11
---------------------------------------------------------------------------------------------------
INFO: [Synth 8-3354] encoded FSM with state register 'wldr_state_r_reg' using encoding 'sequential' in module 'yolo_gemm_array'
---------------------------------------------------------------------------------------------------
                   State |                     New Encoding |                Previous Encoding 
---------------------------------------------------------------------------------------------------
                 S_XIDLE |                               00 |                               00
                 S_XNEXT |                               01 |                               01
                  S_XCHK |                               10 |                               10
                  S_XRUN |                               11 |                               11
---------------------------------------------------------------------------------------------------
INFO: [Synth 8-3354] encoded FSM with state register 'xldr_state_r_reg' using encoding 'sequential' in module 'yolo_gemm_array'
---------------------------------------------------------------------------------
Finished RTL Optimization Phase 2 : Time (s): cpu = 00:00:27 ; elapsed = 00:00:27 . Memory (MB): peak = 2051.840 ; gain = 0.000
---------------------------------------------------------------------------------
---------------------------------------------------------------------------------
Start RTL Component Statistics 
---------------------------------------------------------------------------------
---------------------------------------------------------------------------------
Finished RTL Component Statistics 
---------------------------------------------------------------------------------
---------------------------------------------------------------------------------
Start Part Resource Summary
---------------------------------------------------------------------------------
Part Resources:
DSPs: 220 (col length:60)
BRAMs: 280 (col length: RAMB18 60 RAMB36 30)
---------------------------------------------------------------------------------
Finished Part Resource Summary
---------------------------------------------------------------------------------
---------------------------------------------------------------------------------
Start Cross Boundary and Area Optimization
---------------------------------------------------------------------------------
INFO: [Synth 8-3333] propagating constant 0 across sequential element (\wo_row_r_reg[4] )
INFO: [Synth 8-12192] Not enough pipeline registers after wide multiplier. Pipeline registers present is 1. Recommended levels of pipeline registers is 4. [E:/competition/2_fpga/3_yolo_zynq/rtl/yolo_requant.v:273]
DSP Report: Generating DSP prod_c_w, operation Mode is: A*B.
DSP Report: operator prod_c_w is absorbed into DSP prod_c_w.
DSP Report: operator prod_c_w is absorbed into DSP prod_c_w.
DSP Report: Generating DSP prod_c_w, operation Mode is: (PCIN>>17)+A*B.
DSP Report: operator prod_c_w is absorbed into DSP prod_c_w.
DSP Report: operator prod_c_w is absorbed into DSP prod_c_w.
DSP Report: Generating DSP prod_c_w, operation Mode is: A*B.
DSP Report: operator prod_c_w is absorbed into DSP prod_c_w.
DSP Report: operator prod_c_w is absorbed into DSP prod_c_w.
DSP Report: Generating DSP prod_c_w, operation Mode is: (PCIN>>17)+A*B.
DSP Report: operator prod_c_w is absorbed into DSP prod_c_w.
DSP Report: operator prod_c_w is absorbed into DSP prod_c_w.
INFO: [Synth 8-3886] merging instance 'wpar_slotw_r_reg[2]' (FDCE) to 'wpar_slotw_r_reg[0]'
INFO: [Synth 8-3333] propagating constant 0 across sequential element (\wpar_slotw_r_reg[0] )
WARNING: [Synth 8-3332] Sequential element (prod_r_reg[47]) is unused and will be removed from module yolo_requant.
WARNING: [Synth 8-3332] Sequential element (prod_r_reg[46]) is unused and will be removed from module yolo_requant.
WARNING: [Synth 8-3332] Sequential element (prod_r_reg[45]) is unused and will be removed from module yolo_requant.
WARNING: [Synth 8-3332] Sequential element (prod_r_reg[44]) is unused and will be removed from module yolo_requant.
WARNING: [Synth 8-3332] Sequential element (prod_r_reg[43]) is unused and will be removed from module yolo_requant.
WARNING: [Synth 8-3332] Sequential element (prod_r_reg[42]) is unused and will be removed from module yolo_requant.
WARNING: [Synth 8-3332] Sequential element (prod_r_reg[41]) is unused and will be removed from module yolo_requant.
WARNING: [Synth 8-3332] Sequential element (prod_r_reg[40]) is unused and will be removed from module yolo_requant.
WARNING: [Synth 8-3332] Sequential element (prod_r_reg[39]) is unused and will be removed from module yolo_requant.
WARNING: [Synth 8-3332] Sequential element (prod_r_reg[38]) is unused and will be removed from module yolo_requant.
WARNING: [Synth 8-3332] Sequential element (prod_r_reg[37]) is unused and will be removed from module yolo_requant.
WARNING: [Synth 8-3332] Sequential element (prod_r_reg[36]) is unused and will be removed from module yolo_requant.
WARNING: [Synth 8-3332] Sequential element (prod_r_reg[35]) is unused and will be removed from module yolo_requant.
WARNING: [Synth 8-3332] Sequential element (prod_r_reg[34]) is unused and will be removed from module yolo_requant.
WARNING: [Synth 8-3332] Sequential element (prod_r_reg[33]) is unused and will be removed from module yolo_requant.
WARNING: [Synth 8-3332] Sequential element (prod_r_reg[32]) is unused and will be removed from module yolo_requant.
WARNING: [Synth 8-3332] Sequential element (prod_r_reg[31]) is unused and will be removed from module yolo_requant.
WARNING: [Synth 8-3332] Sequential element (prod_r_reg[30]) is unused and will be removed from module yolo_requant.
WARNING: [Synth 8-3332] Sequential element (prod_r_reg[29]) is unused and will be removed from module yolo_requant.
WARNING: [Synth 8-3332] Sequential element (prod_r_reg[28]) is unused and will be removed from module yolo_requant.
WARNING: [Synth 8-3332] Sequential element (prod_r_reg[27]) is unused and will be removed from module yolo_requant.
WARNING: [Synth 8-3332] Sequential element (prod_r_reg[26]) is unused and will be removed from module yolo_requant.
WARNING: [Synth 8-3332] Sequential element (prod_r_reg[25]) is unused and will be removed from module yolo_requant.
WARNING: [Synth 8-3332] Sequential element (prod_r_reg[24]) is unused and will be removed from module yolo_requant.
WARNING: [Synth 8-3332] Sequential element (prod_r_reg[23]) is unused and will be removed from module yolo_requant.
WARNING: [Synth 8-3332] Sequential element (prod_r_reg[22]) is unused and will be removed from module yolo_requant.
WARNING: [Synth 8-3332] Sequential element (prod_r_reg[21]) is unused and will be removed from module yolo_requant.
WARNING: [Synth 8-3332] Sequential element (prod_r_reg[20]) is unused and will be removed from module yolo_requant.
WARNING: [Synth 8-3332] Sequential element (prod_r_reg[19]) is unused and will be removed from module yolo_requant.
WARNING: [Synth 8-3332] Sequential element (prod_r_reg[18]) is unused and will be removed from module yolo_requant.
WARNING: [Synth 8-3332] Sequential element (prod_r_reg[17]) is unused and will be removed from module yolo_requant.
WARNING: [Synth 8-3332] Sequential element (prod_r_reg[47]__0) is unused and will be removed from module yolo_requant.
WARNING: [Synth 8-3332] Sequential element (prod_r_reg[46]__0) is unused and will be removed from module yolo_requant.
WARNING: [Synth 8-3332] Sequential element (prod_r_reg[45]__0) is unused and will be removed from module yolo_requant.
WARNING: [Synth 8-3332] Sequential element (prod_r_reg[44]__0) is unused and will be removed from module yolo_requant.
WARNING: [Synth 8-3332] Sequential element (prod_r_reg[43]__0) is unused and will be removed from module yolo_requant.
WARNING: [Synth 8-3332] Sequential element (prod_r_reg[42]__0) is unused and will be removed from module yolo_requant.
WARNING: [Synth 8-3332] Sequential element (prod_r_reg[41]__0) is unused and will be removed from module yolo_requant.
WARNING: [Synth 8-3332] Sequential element (prod_r_reg[40]__0) is unused and will be removed from module yolo_requant.
WARNING: [Synth 8-3332] Sequential element (prod_r_reg[39]__0) is unused and will be removed from module yolo_requant.
WARNING: [Synth 8-3332] Sequential element (prod_r_reg[38]__0) is unused and will be removed from module yolo_requant.
WARNING: [Synth 8-3332] Sequential element (prod_r_reg[37]__0) is unused and will be removed from module yolo_requant.
WARNING: [Synth 8-3332] Sequential element (prod_r_reg[36]__0) is unused and will be removed from module yolo_requant.
WARNING: [Synth 8-3332] Sequential element (prod_r_reg[35]__0) is unused and will be removed from module yolo_requant.
WARNING: [Synth 8-3332] Sequential element (prod_r_reg[34]__0) is unused and will be removed from module yolo_requant.
WARNING: [Synth 8-3332] Sequential element (prod_r_reg[33]__0) is unused and will be removed from module yolo_requant.
WARNING: [Synth 8-3332] Sequential element (prod_r_reg[32]__0) is unused and will be removed from module yolo_requant.
WARNING: [Synth 8-3332] Sequential element (prod_r_reg[31]__0) is unused and will be removed from module yolo_requant.
WARNING: [Synth 8-3332] Sequential element (prod_r_reg[30]__0) is unused and will be removed from module yolo_requant.
WARNING: [Synth 8-3332] Sequential element (prod_r_reg[47]__1) is unused and will be removed from module yolo_requant.
WARNING: [Synth 8-3332] Sequential element (prod_r_reg[46]__1) is unused and will be removed from module yolo_requant.
WARNING: [Synth 8-3332] Sequential element (prod_r_reg[45]__1) is unused and will be removed from module yolo_requant.
WARNING: [Synth 8-3332] Sequential element (prod_r_reg[44]__1) is unused and will be removed from module yolo_requant.
WARNING: [Synth 8-3332] Sequential element (prod_r_reg[43]__1) is unused and will be removed from module yolo_requant.
WARNING: [Synth 8-3332] Sequential element (prod_r_reg[42]__1) is unused and will be removed from module yolo_requant.
WARNING: [Synth 8-3332] Sequential element (prod_r_reg[41]__1) is unused and will be removed from module yolo_requant.
WARNING: [Synth 8-3332] Sequential element (prod_r_reg[40]__1) is unused and will be removed from module yolo_requant.
WARNING: [Synth 8-3332] Sequential element (prod_r_reg[39]__1) is unused and will be removed from module yolo_requant.
WARNING: [Synth 8-3332] Sequential element (prod_r_reg[38]__1) is unused and will be removed from module yolo_requant.
WARNING: [Synth 8-3332] Sequential element (prod_r_reg[37]__1) is unused and will be removed from module yolo_requant.
WARNING: [Synth 8-3332] Sequential element (prod_r_reg[36]__1) is unused and will be removed from module yolo_requant.
WARNING: [Synth 8-3332] Sequential element (prod_r_reg[35]__1) is unused and will be removed from module yolo_requant.
WARNING: [Synth 8-3332] Sequential element (prod_r_reg[34]__1) is unused and will be removed from module yolo_requant.
WARNING: [Synth 8-3332] Sequential element (prod_r_reg[33]__1) is unused and will be removed from module yolo_requant.
WARNING: [Synth 8-3332] Sequential element (prod_r_reg[32]__1) is unused and will be removed from module yolo_requant.
WARNING: [Synth 8-3332] Sequential element (prod_r_reg[31]__1) is unused and will be removed from module yolo_requant.
WARNING: [Synth 8-3332] Sequential element (prod_r_reg[30]__1) is unused and will be removed from module yolo_requant.
WARNING: [Synth 8-3332] Sequential element (prod_r_reg[29]__1) is unused and will be removed from module yolo_requant.
WARNING: [Synth 8-3332] Sequential element (prod_r_reg[28]__1) is unused and will be removed from module yolo_requant.
WARNING: [Synth 8-3332] Sequential element (prod_r_reg[27]__1) is unused and will be removed from module yolo_requant.
WARNING: [Synth 8-3332] Sequential element (prod_r_reg[26]__1) is unused and will be removed from module yolo_requant.
WARNING: [Synth 8-3332] Sequential element (prod_r_reg[25]__1) is unused and will be removed from module yolo_requant.
WARNING: [Synth 8-3332] Sequential element (prod_r_reg[24]__1) is unused and will be removed from module yolo_requant.
WARNING: [Synth 8-3332] Sequential element (prod_r_reg[23]__1) is unused and will be removed from module yolo_requant.
WARNING: [Synth 8-3332] Sequential element (prod_r_reg[22]__1) is unused and will be removed from module yolo_requant.
WARNING: [Synth 8-3332] Sequential element (prod_r_reg[21]__1) is unused and will be removed from module yolo_requant.
WARNING: [Synth 8-3332] Sequential element (prod_r_reg[20]__1) is unused and will be removed from module yolo_requant.
WARNING: [Synth 8-3332] Sequential element (prod_r_reg[19]__1) is unused and will be removed from module yolo_requant.
WARNING: [Synth 8-3332] Sequential element (prod_r_reg[18]__1) is unused and will be removed from module yolo_requant.
WARNING: [Synth 8-3332] Sequential element (prod_r_reg[17]__1) is unused and will be removed from module yolo_requant.
WARNING: [Synth 8-3332] Sequential element (prod_r_reg[47]__2) is unused and will be removed from module yolo_requant.
INFO: [Synth 8-3886] merging instance 'u_requant/himask_r_reg[0]' (FDCE) to 'u_requant/himask_r_reg[1]'
INFO: [Synth 8-3886] merging instance 'u_requant/himask_r_reg[1]' (FDCE) to 'u_requant/himask_r_reg[2]'
INFO: [Synth 8-3886] merging instance 'u_requant/himask_r_reg[2]' (FDCE) to 'u_requant/himask_r_reg[3]'
INFO: [Synth 8-3886] merging instance 'u_requant/himask_r_reg[3]' (FDCE) to 'u_requant/himask_r_reg[4]'
INFO: [Synth 8-3886] merging instance 'u_requant/himask_r_reg[4]' (FDCE) to 'u_requant/himask_r_reg[5]'
INFO: [Synth 8-3886] merging instance 'u_requant/himask_r_reg[5]' (FDCE) to 'u_requant/himask_r_reg[6]'
INFO: [Synth 8-3333] propagating constant 0 across sequential element (u_requant/\himask_r_reg[6] )
DSP Report: Generating DSP row_prod_d2_r0, operation Mode is: A*B.
DSP Report: operator row_prod_d2_r0 is absorbed into DSP row_prod_d2_r0.
DSP Report: Generating DSP wcmd_addr_w1, operation Mode is: A*B.
DSP Report: operator wcmd_addr_w1 is absorbed into DSP wcmd_addr_w1.
DSP Report: Generating DSP p_0_in, operation Mode is: (C:0xffffffffffff)+A*B.
DSP Report: operator p_0_in is absorbed into DSP p_0_in.
DSP Report: operator snap_prod_w is absorbed into DSP p_0_in.
WARNING: [Synth 8-3917] design yolo_gemm_array__GCB7 has port P[3] driven by constant 0
WARNING: [Synth 8-3917] design yolo_gemm_array__GCB7 has port P[2] driven by constant 0
WARNING: [Synth 8-3917] design yolo_gemm_array__GCB7 has port P[1] driven by constant 0
WARNING: [Synth 8-3917] design yolo_gemm_array__GCB7 has port P[0] driven by constant 0
WARNING: [Synth 8-7129] Port rlast_i in module yolo_dma is either unconnected or has no load
WARNING: [Synth 8-7129] Port rlast_i in module yolo_dma__1 is either unconnected or has no load
WARNING: [Synth 8-7129] Port bresp_i[1] in module yolo_dma_wr is either unconnected or has no load
WARNING: [Synth 8-7129] Port bresp_i[0] in module yolo_dma_wr is either unconnected or has no load
WARNING: [Synth 8-13161] RAM (u_wbuf/i_25) is optimized away because it doesn't have any load.
WARNING: [Synth 8-6014] Unused sequential element par_b0_reg was removed. 
INFO: [Synth 8-3886] merging instance 'i_1/n_base_d1_r_reg[3]' (FDCE) to 'i_1/n_base_d1_r_reg[2]'
INFO: [Synth 8-3886] merging instance 'i_1/n_base_d1_r_reg[2]' (FDCE) to 'i_1/n_base_d1_r_reg[1]'
INFO: [Synth 8-3886] merging instance 'i_1/n_base_d1_r_reg[1]' (FDCE) to 'i_1/n_base_d1_r_reg[0]'
INFO: [Synth 8-3333] propagating constant 0 across sequential element (i_1/\n_base_d1_r_reg[0] )
INFO: [Synth 8-3886] merging instance 'u_dma/cf_len_reg[3][23]' (FDE) to 'u_dma/cf_len_reg[3][0]'
INFO: [Synth 8-3886] merging instance 'u_dma/cf_len_reg[2][23]' (FDE) to 'u_dma/cf_len_reg[2][0]'
INFO: [Synth 8-3886] merging instance 'u_dma/cf_len_reg[1][23]' (FDE) to 'u_dma/cf_len_reg[1][0]'
INFO: [Synth 8-3886] merging instance 'u_dma/cf_len_reg[0][23]' (FDE) to 'u_dma/cf_len_reg[0][0]'
INFO: [Synth 8-3886] merging instance 'u_dma/cf_len_reg[3][22]' (FDE) to 'u_dma/cf_len_reg[3][0]'
INFO: [Synth 8-3886] merging instance 'u_dma/cf_len_reg[2][22]' (FDE) to 'u_dma/cf_len_reg[2][0]'
INFO: [Synth 8-3886] merging instance 'u_dma/cf_len_reg[1][22]' (FDE) to 'u_dma/cf_len_reg[1][0]'
INFO: [Synth 8-3886] merging instance 'u_dma/cf_len_reg[0][22]' (FDE) to 'u_dma/cf_len_reg[0][0]'
INFO: [Synth 8-3886] merging instance 'u_dma/cf_len_reg[3][21]' (FDE) to 'u_dma/cf_len_reg[3][0]'
INFO: [Synth 8-3886] merging instance 'u_dma/cf_len_reg[2][21]' (FDE) to 'u_dma/cf_len_reg[2][0]'
INFO: [Synth 8-3886] merging instance 'u_dma/cf_len_reg[1][21]' (FDE) to 'u_dma/cf_len_reg[1][0]'
INFO: [Synth 8-3886] merging instance 'u_dma/cf_len_reg[0][21]' (FDE) to 'u_dma/cf_len_reg[0][0]'
INFO: [Synth 8-3886] merging instance 'u_dma/cf_len_reg[3][20]' (FDE) to 'u_dma/cf_len_reg[3][0]'
INFO: [Synth 8-3886] merging instance 'u_dma/cf_len_reg[2][20]' (FDE) to 'u_dma/cf_len_reg[2][0]'
INFO: [Synth 8-3886] merging instance 'u_dma/cf_len_reg[1][20]' (FDE) to 'u_dma/cf_len_reg[1][0]'
INFO: [Synth 8-3886] merging instance 'u_dma/cf_len_reg[0][20]' (FDE) to 'u_dma/cf_len_reg[0][0]'
INFO: [Synth 8-3886] merging instance 'u_dma/cf_len_reg[3][19]' (FDE) to 'u_dma/cf_len_reg[3][0]'
INFO: [Synth 8-3886] merging instance 'u_dma/cf_len_reg[2][19]' (FDE) to 'u_dma/cf_len_reg[2][0]'
INFO: [Synth 8-3886] merging instance 'u_dma/cf_len_reg[1][19]' (FDE) to 'u_dma/cf_len_reg[1][0]'
INFO: [Synth 8-3886] merging instance 'u_dma/cf_len_reg[0][19]' (FDE) to 'u_dma/cf_len_reg[0][0]'
INFO: [Synth 8-3886] merging instance 'u_dma/cf_len_reg[3][18]' (FDE) to 'u_dma/cf_len_reg[3][0]'
INFO: [Synth 8-3886] merging instance 'u_dma/cf_len_reg[2][18]' (FDE) to 'u_dma/cf_len_reg[2][0]'
INFO: [Synth 8-3886] merging instance 'u_dma/cf_len_reg[1][18]' (FDE) to 'u_dma/cf_len_reg[1][0]'
INFO: [Synth 8-3886] merging instance 'u_dma/cf_len_reg[0][18]' (FDE) to 'u_dma/cf_len_reg[0][0]'
INFO: [Synth 8-3886] merging instance 'u_dma/cf_len_reg[3][17]' (FDE) to 'u_dma/cf_len_reg[3][0]'
INFO: [Synth 8-3886] merging instance 'u_dma/cf_len_reg[2][17]' (FDE) to 'u_dma/cf_len_reg[2][0]'
INFO: [Synth 8-3886] merging instance 'u_dma/cf_len_reg[1][17]' (FDE) to 'u_dma/cf_len_reg[1][0]'
INFO: [Synth 8-3886] merging instance 'u_dma/cf_len_reg[0][17]' (FDE) to 'u_dma/cf_len_reg[0][0]'
INFO: [Synth 8-3886] merging instance 'u_dma/cf_len_reg[3][16]' (FDE) to 'u_dma/cf_len_reg[3][0]'
INFO: [Synth 8-3886] merging instance 'u_dma/cf_len_reg[2][16]' (FDE) to 'u_dma/cf_len_reg[2][0]'
INFO: [Synth 8-3886] merging instance 'u_dma/cf_len_reg[1][16]' (FDE) to 'u_dma/cf_len_reg[1][0]'
INFO: [Synth 8-3886] merging instance 'u_dma/cf_len_reg[0][16]' (FDE) to 'u_dma/cf_len_reg[0][0]'
INFO: [Synth 8-3886] merging instance 'u_dma/cf_len_reg[3][15]' (FDE) to 'u_dma/cf_len_reg[3][0]'
INFO: [Synth 8-3886] merging instance 'u_dma/cf_len_reg[2][15]' (FDE) to 'u_dma/cf_len_reg[2][0]'
INFO: [Synth 8-3886] merging instance 'u_dma/cf_len_reg[1][15]' (FDE) to 'u_dma/cf_len_reg[1][0]'
INFO: [Synth 8-3886] merging instance 'u_dma/cf_len_reg[0][15]' (FDE) to 'u_dma/cf_len_reg[0][0]'
INFO: [Synth 8-3886] merging instance 'u_dma/cf_len_reg[3][14]' (FDE) to 'u_dma/cf_len_reg[3][0]'
INFO: [Synth 8-3886] merging instance 'u_dma/cf_len_reg[2][14]' (FDE) to 'u_dma/cf_len_reg[2][0]'
INFO: [Synth 8-3886] merging instance 'u_dma/cf_len_reg[1][14]' (FDE) to 'u_dma/cf_len_reg[1][0]'
INFO: [Synth 8-3886] merging instance 'u_dma/cf_len_reg[0][14]' (FDE) to 'u_dma/cf_len_reg[0][0]'
INFO: [Synth 8-3886] merging instance 'u_dma/cf_len_reg[3][13]' (FDE) to 'u_dma/cf_len_reg[3][0]'
INFO: [Synth 8-3886] merging instance 'u_dma/cf_len_reg[2][13]' (FDE) to 'u_dma/cf_len_reg[2][0]'
INFO: [Synth 8-3886] merging instance 'u_dma/cf_len_reg[1][13]' (FDE) to 'u_dma/cf_len_reg[1][0]'
INFO: [Synth 8-3886] merging instance 'u_dma/cf_len_reg[0][13]' (FDE) to 'u_dma/cf_len_reg[0][0]'
INFO: [Synth 8-3886] merging instance 'u_dma/cf_len_reg[3][0]' (FDE) to 'u_dma/cf_len_reg[3][1]'
INFO: [Synth 8-3886] merging instance 'u_dma/cf_len_reg[2][0]' (FDE) to 'u_dma/cf_len_reg[2][1]'
INFO: [Synth 8-3886] merging instance 'u_dma/cf_len_reg[1][0]' (FDE) to 'u_dma/cf_len_reg[1][1]'
INFO: [Synth 8-3886] merging instance 'u_dma/cf_len_reg[0][0]' (FDE) to 'u_dma/cf_len_reg[0][1]'
INFO: [Synth 8-3886] merging instance 'u_dma/cf_len_reg[3][1]' (FDE) to 'u_dma/cf_len_reg[3][2]'
INFO: [Synth 8-3886] merging instance 'u_dma/cf_len_reg[2][1]' (FDE) to 'u_dma/cf_len_reg[2][2]'
INFO: [Synth 8-3886] merging instance 'u_dma/cf_len_reg[1][1]' (FDE) to 'u_dma/cf_len_reg[1][2]'
INFO: [Synth 8-3886] merging instance 'u_dma/cf_len_reg[0][1]' (FDE) to 'u_dma/cf_len_reg[0][2]'
INFO: [Synth 8-3333] propagating constant 0 across sequential element (u_dma/\cf_len_reg[3][2] )
INFO: [Synth 8-3333] propagating constant 0 across sequential element (u_dma/\cf_len_reg[2][2] )
INFO: [Synth 8-3333] propagating constant 0 across sequential element (u_dma/\cf_len_reg[1][2] )
INFO: [Synth 8-3333] propagating constant 0 across sequential element (u_dma/\cf_len_reg[0][2] )
INFO: [Synth 8-3886] merging instance 'u_ctrl/oc_tiles_r_reg[11]' (FDCE) to 'u_ctrl/oc_tiles_r_reg[8]'
INFO: [Synth 8-3886] merging instance 'u_ctrl/oc_tiles_r_reg[9]' (FDCE) to 'u_ctrl/oc_tiles_r_reg[8]'
INFO: [Synth 8-3886] merging instance 'u_ctrl/oc_tiles_r_reg[10]' (FDCE) to 'u_ctrl/oc_tiles_r_reg[8]'
INFO: [Synth 8-3333] propagating constant 0 across sequential element (u_ctrl/\oc_tiles_r_reg[8] )
INFO: [Synth 8-3886] merging instance 'oc_g_d1_r_reg[0]' (FDCE) to 'oc_loc_d1_r_reg[0]'
INFO: [Synth 8-3886] merging instance 'oc_g_d1_r_reg[1]' (FDCE) to 'oc_loc_d1_r_reg[1]'
INFO: [Synth 8-3886] merging instance 'oc_g_d1_r_reg[2]' (FDCE) to 'oc_loc_d1_r_reg[2]'
INFO: [Synth 8-3886] merging instance 'oc_g_d1_r_reg[3]' (FDCE) to 'oc_loc_d1_r_reg[3]'
INFO: [Synth 8-3886] merging instance 'u_dma/want2_r_reg[24]' (FDCE) to 'u_dma/want2_r_reg[25]'
INFO: [Synth 8-3886] merging instance 'u_dma/want2_r_reg[25]' (FDCE) to 'u_dma/want2_r_reg[26]'
INFO: [Synth 8-3886] merging instance 'u_dma/want2_r_reg[26]' (FDCE) to 'u_dma/want2_r_reg[27]'
INFO: [Synth 8-3886] merging instance 'u_dma/want2_r_reg[27]' (FDCE) to 'u_dma/want2_r_reg[28]'
INFO: [Synth 8-3886] merging instance 'u_dma/want2_r_reg[28]' (FDCE) to 'u_dma/want2_r_reg[29]'
INFO: [Synth 8-3886] merging instance 'u_dma/want2_r_reg[29]' (FDCE) to 'u_dma/want2_r_reg[30]'
INFO: [Synth 8-3886] merging instance 'u_dma/want2_r_reg[30]' (FDCE) to 'u_dma/want2_r_reg[31]'
INFO: [Synth 8-3333] propagating constant 0 across sequential element (u_dma/\want2_r_reg[31] )
INFO: [Synth 8-3886] merging instance 'u_dma_x/want2_r_reg[24]' (FDCE) to 'u_dma_x/want2_r_reg[25]'
INFO: [Synth 8-3886] merging instance 'u_dma_x/want2_r_reg[25]' (FDCE) to 'u_dma_x/want2_r_reg[26]'
INFO: [Synth 8-3886] merging instance 'u_dma_x/want2_r_reg[26]' (FDCE) to 'u_dma_x/want2_r_reg[27]'
INFO: [Synth 8-3886] merging instance 'u_dma_x/want2_r_reg[27]' (FDCE) to 'u_dma_x/want2_r_reg[28]'
INFO: [Synth 8-3886] merging instance 'u_dma_x/want2_r_reg[28]' (FDCE) to 'u_dma_x/want2_r_reg[29]'
INFO: [Synth 8-3886] merging instance 'u_dma_x/want2_r_reg[29]' (FDCE) to 'u_dma_x/want2_r_reg[30]'
INFO: [Synth 8-3886] merging instance 'u_dma_x/want2_r_reg[30]' (FDCE) to 'u_dma_x/want2_r_reg[31]'
INFO: [Synth 8-3333] propagating constant 0 across sequential element (u_dma_x/\want2_r_reg[31] )
INFO: [Synth 8-3333] propagating constant 0 across sequential element (u_dma_wr/\lo_r_reg[3] )
INFO: [Synth 8-3886] merging instance 'u_dma_wr/want2_r_reg[24]' (FDCE) to 'u_dma_wr/want2_r_reg[25]'
INFO: [Synth 8-3886] merging instance 'u_dma_wr/want2_r_reg[25]' (FDCE) to 'u_dma_wr/want2_r_reg[26]'
INFO: [Synth 8-3886] merging instance 'u_dma_wr/want2_r_reg[26]' (FDCE) to 'u_dma_wr/want2_r_reg[27]'
INFO: [Synth 8-3886] merging instance 'u_dma_wr/want2_r_reg[27]' (FDCE) to 'u_dma_wr/want2_r_reg[28]'
INFO: [Synth 8-3886] merging instance 'u_dma_wr/want2_r_reg[28]' (FDCE) to 'u_dma_wr/want2_r_reg[29]'
INFO: [Synth 8-3886] merging instance 'u_dma_wr/want2_r_reg[29]' (FDCE) to 'u_dma_wr/want2_r_reg[30]'
INFO: [Synth 8-3886] merging instance 'u_dma_wr/want2_r_reg[30]' (FDCE) to 'u_dma_wr/want2_r_reg[31]'
INFO: [Synth 8-3333] propagating constant 0 across sequential element (u_dma_wr/\want2_r_reg[31] )
INFO: [Synth 8-3886] merging instance 'cfg_oc_tiles_r_reg[11]' (FDCE) to 'cfg_oc_tiles_r_reg[10]'
INFO: [Synth 8-3886] merging instance 'cfg_oc_tiles_r_reg[9]' (FDCE) to 'cfg_oc_tiles_r_reg[10]'
INFO: [Synth 8-3886] merging instance 'cfg_oc_tiles_r_reg[10]' (FDCE) to 'cfg_oc_tiles_r_reg[8]'
INFO: [Synth 8-3333] propagating constant 0 across sequential element (\cfg_oc_tiles_r_reg[8] )
INFO: [Synth 8-3886] merging instance 'u_dma/sf_len_reg[3][23]' (FDE) to 'u_dma/sf_len_reg[3][22]'
INFO: [Synth 8-3886] merging instance 'u_dma/sf_len_reg[2][23]' (FDE) to 'u_dma/sf_len_reg[2][22]'
INFO: [Synth 8-3886] merging instance 'u_dma/sf_len_reg[1][23]' (FDE) to 'u_dma/sf_len_reg[1][22]'
INFO: [Synth 8-3886] merging instance 'u_dma/sf_len_reg[0][23]' (FDE) to 'u_dma/sf_len_reg[0][22]'
INFO: [Synth 8-3886] merging instance 'u_dma/sf_len_reg[3][22]' (FDE) to 'u_dma/sf_len_reg[3][21]'
INFO: [Synth 8-3886] merging instance 'u_dma/sf_len_reg[2][22]' (FDE) to 'u_dma/sf_len_reg[2][21]'
INFO: [Synth 8-3886] merging instance 'u_dma/sf_len_reg[1][22]' (FDE) to 'u_dma/sf_len_reg[1][21]'
INFO: [Common 17-14] Message 'Synth 8-3886' appears 100 times and further instances of the messages will be disabled. Use the Tcl command set_msg_config to change the current settings.
INFO: [Common 17-14] Message 'Synth 8-3886' appears 100 times and further instances of the messages will be disabled. Use the Tcl command set_msg_config to change the current settings.
INFO: [Synth 8-3333] propagating constant 0 across sequential element (u_dma/\sf_len_reg[3][2] )
INFO: [Synth 8-3333] propagating constant 0 across sequential element (u_dma/\sf_len_reg[2][2] )
INFO: [Synth 8-3333] propagating constant 0 across sequential element (u_dma/\sf_len_reg[1][2] )
INFO: [Synth 8-3333] propagating constant 0 across sequential element (u_dma/\sf_len_reg[0][2] )
INFO: [Synth 8-3333] propagating constant 0 across sequential element (u_dma/\want2_r_reg[23] )
INFO: [Synth 8-3333] propagating constant 0 across sequential element (u_dma_x/\want2_r_reg[23] )
INFO: [Synth 8-3333] propagating constant 0 across sequential element (u_dma_wr/\want2_r_reg[23] )
---------------------------------------------------------------------------------
Finished Cross Boundary and Area Optimization : Time (s): cpu = 00:00:56 ; elapsed = 00:01:13 . Memory (MB): peak = 2051.840 ; gain = 0.000
---------------------------------------------------------------------------------
 Sort Area is yolo_gemm_array__GCB6 prod_c_w_0 : 0 0 : 3101 5754 : Used 1 time 0
 Sort Area is yolo_gemm_array__GCB6 prod_c_w_0 : 0 1 : 2653 5754 : Used 1 time 0
 Sort Area is yolo_gemm_array__GCB6 prod_c_w_3 : 0 0 : 2759 5302 : Used 1 time 0
 Sort Area is yolo_gemm_array__GCB6 prod_c_w_3 : 0 1 : 2543 5302 : Used 1 time 0
 Sort Area is yolo_xrowgen__GB1 part_row0_w_6 : 0 0 : 2484 2484 : Used 1 time 0
 Sort Area is yolo_gemm_array__GCB7 wcmd_addr_w1_2 : 0 0 : 2043 2043 : Used 1 time 0
 Sort Area is yolo_xrowgen__GB1 ihiw_r0_0 : 0 0 : 1946 1946 : Used 1 time 0
 Sort Area is yolo_gemm_array__GCB7 row_prod_d2_r0_0 : 0 0 : 1946 1946 : Used 1 time 0
 Sort Area is yolo_gemm_array__GCB7 p_0_in_4 : 0 0 : 1096 1096 : Used 1 time 0
 Sort Area is yolo_xrowgen__GB1 p_0_out_2 : 0 0 : 878 878 : Used 1 time 0
 Sort Area is yolo_xrowgen__GB1 dma_hi0_w2_d : 0 0 : 632 695 : Used 1 time 0
 Sort Area is yolo_xrowgen__GB1 dma_hi0_w2_d : 0 1 : 63 695 : Used 1 time 0
 Sort Area is yolo_xrowgen__GB1 dma_hi1_w2_c : 0 0 : 632 695 : Used 1 time 0
 Sort Area is yolo_xrowgen__GB1 dma_hi1_w2_c : 0 1 : 63 695 : Used 1 time 0
 Sort Area is yolo_xrowgen__GB1 dma_hi2_w2_b : 0 0 : 632 695 : Used 1 time 0
 Sort Area is yolo_xrowgen__GB1 dma_hi2_w2_b : 0 1 : 63 695 : Used 1 time 0
 Sort Area is yolo_xrowgen__GB1 dma_hi3_w2_8 : 0 0 : 632 695 : Used 1 time 0
 Sort Area is yolo_xrowgen__GB1 dma_hi3_w2_8 : 0 1 : 63 695 : Used 1 time 0
 Sort Area is yolo_xrowgen__GB1 part_iwlo_w_4 : 0 0 : 684 684 : Used 1 time 0
---------------------------------------------------------------------------------
Start Applying XDC Timing Constraints
---------------------------------------------------------------------------------
---------------------------------------------------------------------------------
Finished Applying XDC Timing Constraints : Time (s): cpu = 00:01:06 ; elapsed = 00:01:22 . Memory (MB): peak = 2051.840 ; gain = 0.000
---------------------------------------------------------------------------------
---------------------------------------------------------------------------------
Start Timing Optimization
---------------------------------------------------------------------------------
---------------------------------------------------------------------------------
Finished Timing Optimization : Time (s): cpu = 00:01:10 ; elapsed = 00:01:27 . Memory (MB): peak = 2051.840 ; gain = 0.000
---------------------------------------------------------------------------------
---------------------------------------------------------------------------------
Start Technology Mapping
---------------------------------------------------------------------------------
INFO: [Common 17-14] Message 'Synth 8-3886' appears 100 times and further instances of the messages will be disabled. Use the Tcl command set_msg_config to change the current settings.
INFO: [Synth 8-5844] Detected registers with asynchronous reset at DSP/BRAM block boundary. Consider using synchronous reset for optimal packing [E:/competition/2_fpga/3_yolo_zynq/rtl/yolo_requant.v:305]
INFO: [Synth 8-5844] Detected registers with asynchronous reset at DSP/BRAM block boundary. Consider using synchronous reset for optimal packing [E:/competition/2_fpga/3_yolo_zynq/rtl/yolo_requant.v:305]
INFO: [Synth 8-5844] Detected registers with asynchronous reset at DSP/BRAM block boundary. Consider using synchronous reset for optimal packing [E:/competition/2_fpga/3_yolo_zynq/rtl/yolo_requant.v:273]
INFO: [Synth 8-5844] Detected registers with asynchronous reset at DSP/BRAM block boundary. Consider using synchronous reset for optimal packing [E:/competition/2_fpga/3_yolo_zynq/rtl/yolo_requant.v:273]
INFO: [Synth 8-5844] Detected registers with asynchronous reset at DSP/BRAM block boundary. Consider using synchronous reset for optimal packing [E:/competition/2_fpga/3_yolo_zynq/rtl/yolo_requant.v:273]
INFO: [Synth 8-5844] Detected registers with asynchronous reset at DSP/BRAM block boundary. Consider using synchronous reset for optimal packing [E:/competition/2_fpga/3_yolo_zynq/rtl/yolo_requant.v:273]
INFO: [Synth 8-5844] Detected registers with asynchronous reset at DSP/BRAM block boundary. Consider using synchronous reset for optimal packing [E:/competition/2_fpga/3_yolo_zynq/rtl/yolo_requant.v:273]
INFO: [Synth 8-5844] Detected registers with asynchronous reset at DSP/BRAM block boundary. Consider using synchronous reset for optimal packing [E:/competition/2_fpga/3_yolo_zynq/rtl/yolo_requant.v:273]
INFO: [Synth 8-5844] Detected registers with asynchronous reset at DSP/BRAM block boundary. Consider using synchronous reset for optimal packing [E:/competition/2_fpga/3_yolo_zynq/rtl/yolo_requant.v:273]
INFO: [Synth 8-5844] Detected registers with asynchronous reset at DSP/BRAM block boundary. Consider using synchronous reset for optimal packing [E:/competition/2_fpga/3_yolo_zynq/rtl/yolo_requant.v:273]
INFO: [Synth 8-5844] Detected registers with asynchronous reset at DSP/BRAM block boundary. Consider using synchronous reset for optimal packing [E:/competition/2_fpga/3_yolo_zynq/rtl/yolo_gemm_array.v:1503]
INFO: [Synth 8-5844] Detected registers with asynchronous reset at DSP/BRAM block boundary. Consider using synchronous reset for optimal packing [E:/competition/2_fpga/3_yolo_zynq/rtl/yolo_gemm_array.v:382]
INFO: [Synth 8-5844] Detected registers with asynchronous reset at DSP/BRAM block boundary. Consider using synchronous reset for optimal packing [E:/competition/2_fpga/3_yolo_zynq/rtl/yolo_gemm_array.v:1376]
INFO: [Synth 8-5844] Detected registers with asynchronous reset at DSP/BRAM block boundary. Consider using synchronous reset for optimal packing [E:/competition/2_fpga/3_yolo_zynq/rtl/yolo_gemm_array.v:1227]
INFO: [Synth 8-5844] Detected registers with asynchronous reset at DSP/BRAM block boundary. Consider using synchronous reset for optimal packing [E:/competition/2_fpga/3_yolo_zynq/rtl/yolo_gemm_array.v:1228]
---------------------------------------------------------------------------------
Finished Technology Mapping : Time (s): cpu = 00:01:18 ; elapsed = 00:01:42 . Memory (MB): peak = 2076.754 ; gain = 24.914
---------------------------------------------------------------------------------
---------------------------------------------------------------------------------
Start IO Insertion
---------------------------------------------------------------------------------
---------------------------------------------------------------------------------
Start Flattening Before IO Insertion
---------------------------------------------------------------------------------
---------------------------------------------------------------------------------
Finished Flattening Before IO Insertion
---------------------------------------------------------------------------------
---------------------------------------------------------------------------------
Start Final Netlist Cleanup
---------------------------------------------------------------------------------
---------------------------------------------------------------------------------
Finished Final Netlist Cleanup
---------------------------------------------------------------------------------
---------------------------------------------------------------------------------
Finished IO Insertion : Time (s): cpu = 00:01:28 ; elapsed = 00:01:52 . Memory (MB): peak = 2269.738 ; gain = 217.898
---------------------------------------------------------------------------------
---------------------------------------------------------------------------------
Start Renaming Generated Instances
---------------------------------------------------------------------------------
---------------------------------------------------------------------------------
Finished Renaming Generated Instances : Time (s): cpu = 00:01:28 ; elapsed = 00:01:53 . Memory (MB): peak = 2269.738 ; gain = 217.898
---------------------------------------------------------------------------------
---------------------------------------------------------------------------------
Start Rebuilding User Hierarchy
---------------------------------------------------------------------------------
---------------------------------------------------------------------------------
Finished Rebuilding User Hierarchy : Time (s): cpu = 00:01:34 ; elapsed = 00:01:58 . Memory (MB): peak = 2300.707 ; gain = 248.867
---------------------------------------------------------------------------------
---------------------------------------------------------------------------------
Start Renaming Generated Ports
---------------------------------------------------------------------------------
---------------------------------------------------------------------------------
Finished Renaming Generated Ports : Time (s): cpu = 00:01:34 ; elapsed = 00:01:59 . Memory (MB): peak = 2300.707 ; gain = 248.867
---------------------------------------------------------------------------------
---------------------------------------------------------------------------------
Start Handling Custom Attributes
---------------------------------------------------------------------------------
---------------------------------------------------------------------------------
Finished Handling Custom Attributes : Time (s): cpu = 00:01:37 ; elapsed = 00:02:01 . Memory (MB): peak = 2300.707 ; gain = 248.867
---------------------------------------------------------------------------------
---------------------------------------------------------------------------------
Start Renaming Generated Nets
---------------------------------------------------------------------------------
---------------------------------------------------------------------------------
Finished Renaming Generated Nets : Time (s): cpu = 00:01:37 ; elapsed = 00:02:01 . Memory (MB): peak = 2300.707 ; gain = 248.867
---------------------------------------------------------------------------------
---------------------------------------------------------------------------------
Start Writing Synthesis Report
---------------------------------------------------------------------------------

DSP Final Report (the ' indicates corresponding REG is set)
+-----------------+-----------------+--------+--------+--------+--------+--------+------+------+------+------+-------+------+------+
|Module Name      | DSP Mapping     | A Size | B Size | C Size | D Size | P Size | AREG | BREG | CREG | DREG | ADREG | MREG | PREG | 
+-----------------+-----------------+--------+--------+--------+--------+--------+------+------+------+------+-------+------+------+
|yolo_gemm_array  | (A*B)'          | 16     | 16     | -      | -      | 32     | 0    | 0    | -    | -    | -     | 0    | 1    | 
|yolo_gemm_array  | A*B             | 17     | 13     | -      | -      | 33     | 0    | 0    | -    | -    | -     | 0    | 0    | 
|yolo_gemm_array  | C+A*B           | 12     | 12     | 48     | -      | 16     | 0    | 0    | 0    | -    | -     | 0    | 0    | 
|yolo_pe_pack     | ((A'*B')')'     | 25     | 18     | -      | -      | 34     | 1    | 1    | -    | -    | -     | 1    | 1    | 
|yolo_pe_pack_31  | ((A'*B')')'     | 25     | 18     | -      | -      | 34     | 1    | 1    | -    | -    | -     | 1    | 1    | 
|yolo_pe_pack_32  | ((A'*B')')'     | 25     | 18     | -      | -      | 34     | 1    | 1    | -    | -    | -     | 1    | 1    | 
|yolo_pe_pack_33  | ((A'*B')')'     | 25     | 18     | -      | -      | 34     | 1    | 1    | -    | -    | -     | 1    | 1    | 
|yolo_pe_pack_34  | ((A'*B')')'     | 25     | 18     | -      | -      | 34     | 1    | 1    | -    | -    | -     | 1    | 1    | 
|yolo_pe_pack_35  | ((A'*B')')'     | 25     | 18     | -      | -      | 34     | 1    | 1    | -    | -    | -     | 1    | 1    | 
|yolo_pe_pack_36  | ((A'*B')')'     | 25     | 18     | -      | -      | 34     | 1    | 1    | -    | -    | -     | 1    | 1    | 
|yolo_pe_pack_37  | ((A'*B')')'     | 25     | 18     | -      | -      | 34     | 1    | 1    | -    | -    | -     | 1    | 1    | 
|yolo_pe_pack_38  | ((A'*B')')'     | 25     | 18     | -      | -      | 34     | 1    | 1    | -    | -    | -     | 1    | 1    | 
|yolo_pe_pack_39  | ((A'*B')')'     | 25     | 18     | -      | -      | 34     | 1    | 1    | -    | -    | -     | 1    | 1    | 
|yolo_pe_pack_40  | ((A'*B')')'     | 25     | 18     | -      | -      | 34     | 1    | 1    | -    | -    | -     | 1    | 1    | 
|yolo_pe_pack_41  | ((A'*B')')'     | 25     | 18     | -      | -      | 34     | 1    | 1    | -    | -    | -     | 1    | 1    | 
|yolo_pe_pack_42  | ((A'*B')')'     | 25     | 18     | -      | -      | 34     | 1    | 1    | -    | -    | -     | 1    | 1    | 
|yolo_pe_pack_43  | ((A'*B')')'     | 25     | 18     | -      | -      | 34     | 1    | 1    | -    | -    | -     | 1    | 1    | 
|yolo_pe_pack_44  | ((A'*B')')'     | 25     | 18     | -      | -      | 34     | 1    | 1    | -    | -    | -     | 1    | 1    | 
|yolo_pe_pack_45  | ((A'*B')')'     | 25     | 18     | -      | -      | 34     | 1    | 1    | -    | -    | -     | 1    | 1    | 
|yolo_pe_pack_46  | ((A'*B')')'     | 25     | 18     | -      | -      | 34     | 1    | 1    | -    | -    | -     | 1    | 1    | 
|yolo_pe_pack_47  | ((A'*B')')'     | 25     | 18     | -      | -      | 34     | 1    | 1    | -    | -    | -     | 1    | 1    | 
|yolo_pe_pack_48  | ((A'*B')')'     | 25     | 18     | -      | -      | 34     | 1    | 1    | -    | -    | -     | 1    | 1    | 
|yolo_pe_pack_49  | ((A'*B')')'     | 25     | 18     | -      | -      | 34     | 1    | 1    | -    | -    | -     | 1    | 1    | 
|yolo_pe_pack_50  | ((A'*B')')'     | 25     | 18     | -      | -      | 34     | 1    | 1    | -    | -    | -     | 1    | 1    | 
|yolo_pe_pack_51  | ((A'*B')')'     | 25     | 18     | -      | -      | 34     | 1    | 1    | -    | -    | -     | 1    | 1    | 
|yolo_pe_pack_52  | ((A'*B')')'     | 25     | 18     | -      | -      | 34     | 1    | 1    | -    | -    | -     | 1    | 1    | 
|yolo_pe_pack_53  | ((A'*B')')'     | 25     | 18     | -      | -      | 34     | 1    | 1    | -    | -    | -     | 1    | 1    | 
|yolo_pe_pack_54  | ((A'*B')')'     | 25     | 18     | -      | -      | 34     | 1    | 1    | -    | -    | -     | 1    | 1    | 
|yolo_pe_pack_55  | ((A'*B')')'     | 25     | 18     | -      | -      | 34     | 1    | 1    | -    | -    | -     | 1    | 1    | 
|yolo_pe_pack_56  | ((A'*B')')'     | 25     | 18     | -      | -      | 34     | 1    | 1    | -    | -    | -     | 1    | 1    | 
|yolo_pe_pack_57  | ((A'*B')')'     | 25     | 18     | -      | -      | 34     | 1    | 1    | -    | -    | -     | 1    | 1    | 
|yolo_pe_pack_58  | ((A'*B')')'     | 25     | 18     | -      | -      | 34     | 1    | 1    | -    | -    | -     | 1    | 1    | 
|yolo_pe_pack_59  | ((A'*B')')'     | 25     | 18     | -      | -      | 34     | 1    | 1    | -    | -    | -     | 1    | 1    | 
|yolo_pe_pack_60  | ((A'*B')')'     | 25     | 18     | -      | -      | 34     | 1    | 1    | -    | -    | -     | 1    | 1    | 
|yolo_pe_pack_61  | ((A'*B')')'     | 25     | 18     | -      | -      | 34     | 1    | 1    | -    | -    | -     | 1    | 1    | 
|yolo_pe_pack_62  | ((A'*B')')'     | 25     | 18     | -      | -      | 34     | 1    | 1    | -    | -    | -     | 1    | 1    | 
|yolo_pe_pack_63  | ((A'*B')')'     | 25     | 18     | -      | -      | 34     | 1    | 1    | -    | -    | -     | 1    | 1    | 
|yolo_pe_pack_64  | ((A'*B')')'     | 25     | 18     | -      | -      | 34     | 1    | 1    | -    | -    | -     | 1    | 1    | 
|yolo_pe_pack_65  | ((A'*B')')'     | 25     | 18     | -      | -      | 34     | 1    | 1    | -    | -    | -     | 1    | 1    | 
|yolo_pe_pack_66  | ((A'*B')')'     | 25     | 18     | -      | -      | 34     | 1    | 1    | -    | -    | -     | 1    | 1    | 
|yolo_pe_pack_67  | ((A'*B')')'     | 25     | 18     | -      | -      | 34     | 1    | 1    | -    | -    | -     | 1    | 1    | 
|yolo_pe_pack_68  | ((A'*B')')'     | 25     | 18     | -      | -      | 34     | 1    | 1    | -    | -    | -     | 1    | 1    | 
|yolo_pe_pack_69  | ((A'*B')')'     | 25     | 18     | -      | -      | 34     | 1    | 1    | -    | -    | -     | 1    | 1    | 
|yolo_pe_pack_70  | ((A'*B')')'     | 25     | 18     | -      | -      | 34     | 1    | 1    | -    | -    | -     | 1    | 1    | 
|yolo_pe_pack_71  | ((A'*B')')'     | 25     | 18     | -      | -      | 34     | 1    | 1    | -    | -    | -     | 1    | 1    | 
|yolo_pe_pack_72  | ((A'*B')')'     | 25     | 18     | -      | -      | 34     | 1    | 1    | -    | -    | -     | 1    | 1    | 
|yolo_pe_pack_73  | ((A'*B')')'     | 25     | 18     | -      | -      | 34     | 1    | 1    | -    | -    | -     | 1    | 1    | 
|yolo_pe_pack_74  | ((A'*B')')'     | 25     | 18     | -      | -      | 34     | 1    | 1    | -    | -    | -     | 1    | 1    | 
|yolo_pe_pack_75  | ((A'*B')')'     | 25     | 18     | -      | -      | 34     | 1    | 1    | -    | -    | -     | 1    | 1    | 
|yolo_pe_pack_76  | ((A'*B')')'     | 25     | 18     | -      | -      | 34     | 1    | 1    | -    | -    | -     | 1    | 1    | 
|yolo_pe_pack_77  | ((A'*B')')'     | 25     | 18     | -      | -      | 34     | 1    | 1    | -    | -    | -     | 1    | 1    | 
|yolo_pe_pack_78  | ((A'*B')')'     | 25     | 18     | -      | -      | 34     | 1    | 1    | -    | -    | -     | 1    | 1    | 
|yolo_pe_pack_79  | ((A'*B')')'     | 25     | 18     | -      | -      | 34     | 1    | 1    | -    | -    | -     | 1    | 1    | 
|yolo_pe_pack_80  | ((A'*B')')'     | 25     | 18     | -      | -      | 34     | 1    | 1    | -    | -    | -     | 1    | 1    | 
|yolo_pe_pack_81  | ((A'*B')')'     | 25     | 18     | -      | -      | 34     | 1    | 1    | -    | -    | -     | 1    | 1    | 
|yolo_pe_pack_82  | ((A'*B')')'     | 25     | 18     | -      | -      | 34     | 1    | 1    | -    | -    | -     | 1    | 1    | 
|yolo_pe_pack_83  | ((A'*B')')'     | 25     | 18     | -      | -      | 34     | 1    | 1    | -    | -    | -     | 1    | 1    | 
|yolo_pe_pack_84  | ((A'*B')')'     | 25     | 18     | -      | -      | 34     | 1    | 1    | -    | -    | -     | 1    | 1    | 
|yolo_pe_pack_85  | ((A'*B')')'     | 25     | 18     | -      | -      | 34     | 1    | 1    | -    | -    | -     | 1    | 1    | 
|yolo_pe_pack_86  | ((A'*B')')'     | 25     | 18     | -      | -      | 34     | 1    | 1    | -    | -    | -     | 1    | 1    | 
|yolo_pe_pack_87  | ((A'*B')')'     | 25     | 18     | -      | -      | 34     | 1    | 1    | -    | -    | -     | 1    | 1    | 
|yolo_pe_pack_88  | ((A'*B')')'     | 25     | 18     | -      | -      | 34     | 1    | 1    | -    | -    | -     | 1    | 1    | 
|yolo_pe_pack_89  | ((A'*B')')'     | 25     | 18     | -      | -      | 34     | 1    | 1    | -    | -    | -     | 1    | 1    | 
|yolo_pe_pack_90  | ((A'*B')')'     | 25     | 18     | -      | -      | 34     | 1    | 1    | -    | -    | -     | 1    | 1    | 
|yolo_pe_pack_91  | ((A'*B')')'     | 25     | 18     | -      | -      | 34     | 1    | 1    | -    | -    | -     | 1    | 1    | 
|yolo_pe_pack_92  | ((A'*B')')'     | 25     | 18     | -      | -      | 34     | 1    | 1    | -    | -    | -     | 1    | 1    | 
|yolo_pe_pack_93  | ((A'*B')')'     | 25     | 18     | -      | -      | 34     | 1    | 1    | -    | -    | -     | 1    | 1    | 
|yolo_pe_pack_94  | ((A'*B')')'     | 25     | 18     | -      | -      | 34     | 1    | 1    | -    | -    | -     | 1    | 1    | 
|yolo_pe_pack_95  | ((A'*B')')'     | 25     | 18     | -      | -      | 34     | 1    | 1    | -    | -    | -     | 1    | 1    | 
|yolo_pe_pack_96  | ((A'*B')')'     | 25     | 18     | -      | -      | 34     | 1    | 1    | -    | -    | -     | 1    | 1    | 
|yolo_pe_pack_97  | ((A'*B')')'     | 25     | 18     | -      | -      | 34     | 1    | 1    | -    | -    | -     | 1    | 1    | 
|yolo_pe_pack_98  | ((A'*B')')'     | 25     | 18     | -      | -      | 34     | 1    | 1    | -    | -    | -     | 1    | 1    | 
|yolo_pe_pack_99  | ((A'*B')')'     | 25     | 18     | -      | -      | 34     | 1    | 1    | -    | -    | -     | 1    | 1    | 
|yolo_pe_pack_100 | ((A'*B')')'     | 25     | 18     | -      | -      | 34     | 1    | 1    | -    | -    | -     | 1    | 1    | 
|yolo_pe_pack_101 | ((A'*B')')'     | 25     | 18     | -      | -      | 34     | 1    | 1    | -    | -    | -     | 1    | 1    | 
|yolo_pe_pack_102 | ((A'*B')')'     | 25     | 18     | -      | -      | 34     | 1    | 1    | -    | -    | -     | 1    | 1    | 
|yolo_pe_pack_103 | ((A'*B')')'     | 25     | 18     | -      | -      | 34     | 1    | 1    | -    | -    | -     | 1    | 1    | 
|yolo_pe_pack_104 | ((A'*B')')'     | 25     | 18     | -      | -      | 34     | 1    | 1    | -    | -    | -     | 1    | 1    | 
|yolo_pe_pack_105 | ((A'*B')')'     | 25     | 18     | -      | -      | 34     | 1    | 1    | -    | -    | -     | 1    | 1    | 
|yolo_pe_pack_106 | ((A'*B')')'     | 25     | 18     | -      | -      | 34     | 1    | 1    | -    | -    | -     | 1    | 1    | 
|yolo_pe_pack_107 | ((A'*B')')'     | 25     | 18     | -      | -      | 34     | 1    | 1    | -    | -    | -     | 1    | 1    | 
|yolo_pe_pack_108 | ((A'*B')')'     | 25     | 18     | -      | -      | 34     | 1    | 1    | -    | -    | -     | 1    | 1    | 
|yolo_pe_pack_109 | ((A'*B')')'     | 25     | 18     | -      | -      | 34     | 1    | 1    | -    | -    | -     | 1    | 1    | 
|yolo_pe_pack_110 | ((A'*B')')'     | 25     | 18     | -      | -      | 34     | 1    | 1    | -    | -    | -     | 1    | 1    | 
|yolo_pe_pack_111 | ((A'*B')')'     | 25     | 18     | -      | -      | 34     | 1    | 1    | -    | -    | -     | 1    | 1    | 
|yolo_pe_pack_112 | ((A'*B')')'     | 25     | 18     | -      | -      | 34     | 1    | 1    | -    | -    | -     | 1    | 1    | 
|yolo_pe_pack_113 | ((A'*B')')'     | 25     | 18     | -      | -      | 34     | 1    | 1    | -    | -    | -     | 1    | 1    | 
|yolo_pe_pack_114 | ((A'*B')')'     | 25     | 18     | -      | -      | 34     | 1    | 1    | -    | -    | -     | 1    | 1    | 
|yolo_pe_pack_115 | ((A'*B')')'     | 25     | 18     | -      | -      | 34     | 1    | 1    | -    | -    | -     | 1    | 1    | 
|yolo_pe_pack_116 | ((A'*B')')'     | 25     | 18     | -      | -      | 34     | 1    | 1    | -    | -    | -     | 1    | 1    | 
|yolo_pe_pack_117 | ((A'*B')')'     | 25     | 18     | -      | -      | 34     | 1    | 1    | -    | -    | -     | 1    | 1    | 
|yolo_pe_pack_118 | ((A'*B')')'     | 25     | 18     | -      | -      | 34     | 1    | 1    | -    | -    | -     | 1    | 1    | 
|yolo_pe_pack_119 | ((A'*B')')'     | 25     | 18     | -      | -      | 34     | 1    | 1    | -    | -    | -     | 1    | 1    | 
|yolo_pe_pack_120 | ((A'*B')')'     | 25     | 18     | -      | -      | 34     | 1    | 1    | -    | -    | -     | 1    | 1    | 
|yolo_pe_pack_121 | ((A'*B')')'     | 25     | 18     | -      | -      | 34     | 1    | 1    | -    | -    | -     | 1    | 1    | 
|yolo_pe_pack_122 | ((A'*B')')'     | 25     | 18     | -      | -      | 34     | 1    | 1    | -    | -    | -     | 1    | 1    | 
|yolo_pe_pack_123 | ((A'*B')')'     | 25     | 18     | -      | -      | 34     | 1    | 1    | -    | -    | -     | 1    | 1    | 
|yolo_pe_pack_124 | ((A'*B')')'     | 25     | 18     | -      | -      | 34     | 1    | 1    | -    | -    | -     | 1    | 1    | 
|yolo_pe_pack_125 | ((A'*B')')'     | 25     | 18     | -      | -      | 34     | 1    | 1    | -    | -    | -     | 1    | 1    | 
|yolo_pe_pack_126 | ((A'*B')')'     | 25     | 18     | -      | -      | 34     | 1    | 1    | -    | -    | -     | 1    | 1    | 
|yolo_pe_pack_127 | ((A'*B')')'     | 25     | 18     | -      | -      | 34     | 1    | 1    | -    | -    | -     | 1    | 1    | 
|yolo_pe_pack_128 | ((A'*B')')'     | 25     | 18     | -      | -      | 34     | 1    | 1    | -    | -    | -     | 1    | 1    | 
|yolo_pe_pack_129 | ((A'*B')')'     | 25     | 18     | -      | -      | 34     | 1    | 1    | -    | -    | -     | 1    | 1    | 
|yolo_pe_pack_130 | ((A'*B')')'     | 25     | 18     | -      | -      | 34     | 1    | 1    | -    | -    | -     | 1    | 1    | 
|yolo_pe_pack_131 | ((A'*B')')'     | 25     | 18     | -      | -      | 34     | 1    | 1    | -    | -    | -     | 1    | 1    | 
|yolo_pe_pack_132 | ((A'*B')')'     | 25     | 18     | -      | -      | 34     | 1    | 1    | -    | -    | -     | 1    | 1    | 
|yolo_pe_pack_133 | ((A'*B')')'     | 25     | 18     | -      | -      | 34     | 1    | 1    | -    | -    | -     | 1    | 1    | 
|yolo_pe_pack_134 | ((A'*B')')'     | 25     | 18     | -      | -      | 34     | 1    | 1    | -    | -    | -     | 1    | 1    | 
|yolo_pe_pack_135 | ((A'*B')')'     | 25     | 18     | -      | -      | 34     | 1    | 1    | -    | -    | -     | 1    | 1    | 
|yolo_pe_pack_136 | ((A'*B')')'     | 25     | 18     | -      | -      | 34     | 1    | 1    | -    | -    | -     | 1    | 1    | 
|yolo_pe_pack_137 | ((A'*B')')'     | 25     | 18     | -      | -      | 34     | 1    | 1    | -    | -    | -     | 1    | 1    | 
|yolo_pe_pack_138 | ((A'*B')')'     | 25     | 18     | -      | -      | 34     | 1    | 1    | -    | -    | -     | 1    | 1    | 
|yolo_pe_pack_139 | ((A'*B')')'     | 25     | 18     | -      | -      | 34     | 1    | 1    | -    | -    | -     | 1    | 1    | 
|yolo_pe_pack_140 | ((A'*B')')'     | 25     | 18     | -      | -      | 34     | 1    | 1    | -    | -    | -     | 1    | 1    | 
|yolo_pe_pack_141 | ((A'*B')')'     | 25     | 18     | -      | -      | 34     | 1    | 1    | -    | -    | -     | 1    | 1    | 
|yolo_pe_pack_142 | ((A'*B')')'     | 25     | 18     | -      | -      | 34     | 1    | 1    | -    | -    | -     | 1    | 1    | 
|yolo_pe_pack_143 | ((A'*B')')'     | 25     | 18     | -      | -      | 34     | 1    | 1    | -    | -    | -     | 1    | 1    | 
|yolo_pe_pack_144 | ((A'*B')')'     | 25     | 18     | -      | -      | 34     | 1    | 1    | -    | -    | -     | 1    | 1    | 
|yolo_pe_pack_145 | ((A'*B')')'     | 25     | 18     | -      | -      | 34     | 1    | 1    | -    | -    | -     | 1    | 1    | 
|yolo_pe_pack_146 | ((A'*B')')'     | 25     | 18     | -      | -      | 34     | 1    | 1    | -    | -    | -     | 1    | 1    | 
|yolo_pe_pack_147 | ((A'*B')')'     | 25     | 18     | -      | -      | 34     | 1    | 1    | -    | -    | -     | 1    | 1    | 
|yolo_pe_pack_148 | ((A'*B')')'     | 25     | 18     | -      | -      | 34     | 1    | 1    | -    | -    | -     | 1    | 1    | 
|yolo_pe_pack_149 | ((A'*B')')'     | 25     | 18     | -      | -      | 34     | 1    | 1    | -    | -    | -     | 1    | 1    | 
|yolo_pe_pack_150 | ((A'*B')')'     | 25     | 18     | -      | -      | 34     | 1    | 1    | -    | -    | -     | 1    | 1    | 
|yolo_pe_pack_151 | ((A'*B')')'     | 25     | 18     | -      | -      | 34     | 1    | 1    | -    | -    | -     | 1    | 1    | 
|yolo_pe_pack_152 | ((A'*B')')'     | 25     | 18     | -      | -      | 34     | 1    | 1    | -    | -    | -     | 1    | 1    | 
|yolo_pe_pack_153 | ((A'*B')')'     | 25     | 18     | -      | -      | 34     | 1    | 1    | -    | -    | -     | 1    | 1    | 
|yolo_pe_pack_154 | ((A'*B')')'     | 25     | 18     | -      | -      | 34     | 1    | 1    | -    | -    | -     | 1    | 1    | 
|yolo_pe_pack_155 | ((A'*B')')'     | 25     | 18     | -      | -      | 34     | 1    | 1    | -    | -    | -     | 1    | 1    | 
|yolo_pe_pack_156 | ((A'*B')')'     | 25     | 18     | -      | -      | 34     | 1    | 1    | -    | -    | -     | 1    | 1    | 
|yolo_pe_pack_157 | ((A'*B')')'     | 25     | 18     | -      | -      | 34     | 1    | 1    | -    | -    | -     | 1    | 1    | 
|yolo_requant     | A*B             | 17     | 18     | -      | -      | 48     | 0    | 0    | -    | -    | -     | 0    | 0    | 
|yolo_requant     | (PCIN>>17+A*B)' | 30     | 18     | -      | -      | 48     | 0    | 0    | -    | -    | -     | 0    | 1    | 
|yolo_requant     | A*B             | 17     | 17     | -      | -      | 48     | 0    | 0    | -    | -    | -     | 0    | 0    | 
|yolo_requant     | (PCIN>>17+A*B)' | 0      | 18     | -      | -      | 48     | 0    | 0    | -    | -    | -     | 0    | 1    | 
|yolo_xrowgen     | (A*B)'          | 16     | 16     | -      | -      | 32     | 0    | 0    | -    | -    | -     | 0    | 1    | 
|yolo_xrowgen     | not(C')+A*B'+1  | 11     | 8      | 8      | -      | 11     | 0    | 1    | 1    | -    | -     | 0    | 0    | 
|yolo_xrowgen     | A*B'            | 16     | 8      | -      | -      | 24     | 0    | 1    | -    | -    | -     | 0    | 0    | 
|yolo_xrowgen     | C+A*B'          | 30     | 16     | 48     | -      | 32     | 0    | 1    | 0    | -    | -     | 0    | 0    | 
|yolo_xrowgen     | D'+A*B'         | 30     | 8      | -      | 5      | 0      | 0    | 1    | -    | 1    | 0     | 0    | 0    | 
|yolo_engine_top  | PCIN+A':B'+C    | 30     | 18     | -      | -      | 11     | 1    | 1    | -    | -    | -     | 0    | 0    | 
|yolo_xrowgen     | D'+A*B'         | 30     | 8      | -      | 5      | 0      | 0    | 1    | -    | 1    | 0     | 0    | 0    | 
|yolo_engine_top  | PCIN+A':B'+C    | 30     | 18     | -      | -      | 11     | 1    | 1    | -    | -    | -     | 0    | 0    | 
|yolo_xrowgen     | D'+A*B'         | 30     | 8      | -      | 5      | 0      | 0    | 1    | -    | 1    | 0     | 0    | 0    | 
|yolo_engine_top  | PCIN+A':B'+C    | 30     | 18     | -      | -      | 11     | 1    | 1    | -    | -    | -     | 0    | 0    | 
|yolo_xrowgen     | D'+A*B'         | 30     | 8      | -      | 5      | 0      | 0    | 1    | -    | 1    | 0     | 0    | 0    | 
|yolo_engine_top  | PCIN+A':B'+C    | 30     | 18     | -      | -      | 11     | 1    | 1    | -    | -    | -     | 0    | 0    | 
+-----------------+-----------------+--------+--------+--------+--------+--------+------+------+------+------+-------+------+------+


Report BlackBoxes: 
+------+--------------+----------+
|      |BlackBox name |Instances |
+------+--------------+----------+
|1     |yolo_wbuf_bmg |         2|
|2     |yolo_xbuf_bmg |         2|
+------+--------------+----------+

Report Cell Usage: 
+------+--------------+------+
|      |Cell          |Count |
+------+--------------+------+
|1     |yolo_wbuf_bmg |     2|
|3     |yolo_xbuf_bmg |     2|
|5     |CARRY4        |  3633|
|6     |DSP48E1       |   147|
|15    |LUT1          |   225|
|16    |LUT2          | 18736|
|17    |LUT3          |  2744|
|18    |LUT4          |  2104|
|19    |LUT5          |  5327|
|20    |LUT6          | 19019|
|21    |MUXF7         |  2317|
|22    |MUXF8         |  1138|
|23    |RAM16X1D      |     1|
|24    |RAM32M        |  1574|
|25    |RAM32X1D      |     2|
|26    |SRL16E        |    45|
|27    |FDCE          | 16587|
|28    |FDPE          |     6|
|29    |FDRE          |  4807|
+------+--------------+------+
---------------------------------------------------------------------------------
Finished Writing Synthesis Report : Time (s): cpu = 00:01:37 ; elapsed = 00:02:01 . Memory (MB): peak = 2300.707 ; gain = 248.867
---------------------------------------------------------------------------------
Synthesis finished with 0 errors, 0 critical warnings and 91 warnings.
Synthesis Optimization Runtime : Time (s): cpu = 00:01:19 ; elapsed = 00:01:54 . Memory (MB): peak = 2300.707 ; gain = 248.867
Synthesis Optimization Complete : Time (s): cpu = 00:01:37 ; elapsed = 00:02:02 . Memory (MB): peak = 2300.707 ; gain = 248.867
INFO: [Project 1-571] Translating synthesized netlist
INFO: [Project 1-454] Reading design checkpoint 'e:/competition/2_fpga/3_yolo_zynq/ip/yolo_wbuf_bmg/yolo_wbuf_bmg.dcp' for cell 'u_array/u_wbuf/u_bank0'
INFO: [Project 1-454] Reading design checkpoint 'e:/competition/2_fpga/3_yolo_zynq/ip/yolo_xbuf_bmg/yolo_xbuf_bmg.dcp' for cell 'u_array/u_xbuf/u_bank0'
Netlist sorting complete. Time (s): cpu = 00:00:01 ; elapsed = 00:00:00.995 . Memory (MB): peak = 2339.719 ; gain = 0.000
INFO: [Netlist 29-17] Analyzing 8864 Unisim elements for replacement
INFO: [Netlist 29-28] Unisim Transformation completed in 2 CPU seconds
INFO: [Project 1-479] Netlist was created with Vivado 2025.2
INFO: [Project 1-570] Preparing netlist for logic optimization
INFO: [Project 1-538] Using original IP XDC constraints instead of the XDC constraints in dcp 'e:/competition/2_fpga/3_yolo_zynq/ip/yolo_wbuf_bmg/yolo_wbuf_bmg.dcp'
INFO: [Project 1-538] Using original IP XDC constraints instead of the XDC constraints in dcp 'e:/competition/2_fpga/3_yolo_zynq/ip/yolo_wbuf_bmg/yolo_wbuf_bmg.dcp'
INFO: [Project 1-538] Using original IP XDC constraints instead of the XDC constraints in dcp 'e:/competition/2_fpga/3_yolo_zynq/ip/yolo_xbuf_bmg/yolo_xbuf_bmg.dcp'
INFO: [Project 1-538] Using original IP XDC constraints instead of the XDC constraints in dcp 'e:/competition/2_fpga/3_yolo_zynq/ip/yolo_xbuf_bmg/yolo_xbuf_bmg.dcp'
INFO: [Opt 31-138] Pushed 0 inverter(s) to 0 load pin(s).
Netlist sorting complete. Time (s): cpu = 00:00:00 ; elapsed = 00:00:00.044 . Memory (MB): peak = 2342.852 ; gain = 0.000
INFO: [Project 1-111] Unisim Transformation Summary:
  A total of 1577 instances were transformed.
  RAM16X1D => RAM32X1D (RAMD32(x2)): 1 instance 
  RAM32M => RAM32M (RAMD32(x6), RAMS32(x2)): 1574 instances
  RAM32X1D => RAM32X1D (RAMD32(x2)): 2 instances

Synth Design complete | Checksum: 2d8a268e
INFO: [Common 17-83] Releasing license: Synthesis
206 Infos, 257 Warnings, 0 Critical Warnings and 0 Errors encountered.
synth_design completed successfully
synth_design: Time (s): cpu = 00:01:54 ; elapsed = 00:02:20 . Memory (MB): peak = 2342.852 ; gain = 291.012
# create_clock -period 16.667 -name clk_i [get_ports clk_i]
# opt_design
Command: opt_design
Attempting to get a license for feature 'Implementation' and/or device 'xc7z020'
INFO: [Common 17-349] Got license for feature 'Implementation' and/or device 'xc7z020'
Running DRC as a precondition to command opt_design

Starting DRC Task
INFO: [DRC 23-27] Running DRC with 2 threads
WARNING: [DRC 23-814] Not all possible (connectivity based) DRCs may have been run because this design is seen as Out of Context.
INFO: [Project 1-461] DRC finished with 0 Errors
INFO: [Project 1-462] Please refer to the DRC report (report_drc) for more information.

Time (s): cpu = 00:00:01 ; elapsed = 00:00:00.703 . Memory (MB): peak = 2342.852 ; gain = 0.000

Starting Cache Timing Information Task
INFO: [Timing 38-35] Done setting XDC timing constraints.
Ending Cache Timing Information Task | Checksum: 166517f2e

Time (s): cpu = 00:00:10 ; elapsed = 00:00:08 . Memory (MB): peak = 2342.852 ; gain = 0.000

Starting Logic Optimization Task

Phase 1 Initialization

Phase 1.1 Core Generation And Design Setup
Phase 1.1 Core Generation And Design Setup | Checksum: 166517f2e

Time (s): cpu = 00:00:00 ; elapsed = 00:00:00.066 . Memory (MB): peak = 2480.594 ; gain = 0.000

Phase 1.2 Setup Constraints And Sort Netlist
Phase 1.2 Setup Constraints And Sort Netlist | Checksum: 166517f2e

Time (s): cpu = 00:00:00 ; elapsed = 00:00:00.141 . Memory (MB): peak = 2480.594 ; gain = 0.000
Phase 1 Initialization | Checksum: 166517f2e

Time (s): cpu = 00:00:00 ; elapsed = 00:00:00.151 . Memory (MB): peak = 2480.594 ; gain = 0.000

Phase 2 Timer Update And Timing Data Collection

Phase 2.1 Detect if minReqCache needed
Phase 2.1 Detect if minReqCache needed | Checksum: 166517f2e

Time (s): cpu = 00:00:00 ; elapsed = 00:00:00.500 . Memory (MB): peak = 2482.812 ; gain = 2.219

Phase 2.2 Timer Update
Phase 2.2 Timer Update | Checksum: 166517f2e

Time (s): cpu = 00:00:00 ; elapsed = 00:00:00.634 . Memory (MB): peak = 2482.812 ; gain = 2.219
Phase 2 Timer Update And Timing Data Collection | Checksum: 166517f2e

Time (s): cpu = 00:00:01 ; elapsed = 00:00:00.649 . Memory (MB): peak = 2482.812 ; gain = 2.219

Phase 3 Retarget
INFO: [Opt 31-1851] Number of loadless carry chains removed were: 0
INFO: [Opt 31-1834] Total Chains To Be Transformed Were: 0 AND Number of Transformed insts Created are: 0
INFO: [Opt 31-1566] Pulled 2 inverters resulting in an inversion of 130 pins
INFO: [Opt 31-138] Pushed 0 inverter(s) to 0 load pin(s).
INFO: [Opt 31-49] Retargeted 0 cell(s).
Phase 3 Retarget | Checksum: 186999ac1

Time (s): cpu = 00:00:02 ; elapsed = 00:00:02 . Memory (MB): peak = 2482.812 ; gain = 2.219
Retarget | Checksum: 186999ac1
INFO: [Opt 31-389] Phase Retarget created 59 cells and removed 109 cells

Phase 4 Constant propagation
INFO: [Opt 31-138] Pushed 2 inverter(s) to 5 load pin(s).
Phase 4 Constant propagation | Checksum: 16335774d

Time (s): cpu = 00:00:03 ; elapsed = 00:00:03 . Memory (MB): peak = 2482.812 ; gain = 2.219
Constant propagation | Checksum: 16335774d
INFO: [Opt 31-389] Phase Constant propagation created 39 cells and removed 56 cells

Phase 5 Sweep
INFO: [Constraints 18-11670] Building netlist checker database with flags, 0x8
Done building netlist checker database: Time (s): cpu = 00:00:00 ; elapsed = 00:00:00.038 . Memory (MB): peak = 2482.812 ; gain = 0.000
INFO: [Constraints 18-11670] Building netlist checker database with flags, 0x8
Done building netlist checker database: Time (s): cpu = 00:00:00 ; elapsed = 00:00:00.033 . Memory (MB): peak = 2482.812 ; gain = 0.000
Phase 5 Sweep | Checksum: c728893d

Time (s): cpu = 00:00:04 ; elapsed = 00:00:05 . Memory (MB): peak = 2482.812 ; gain = 2.219
Sweep | Checksum: c728893d
INFO: [Opt 31-389] Phase Sweep created 0 cells and removed 0 cells

Phase 6 BUFG optimization
Phase 6 BUFG optimization | Checksum: c728893d

Time (s): cpu = 00:00:05 ; elapsed = 00:00:05 . Memory (MB): peak = 2482.812 ; gain = 2.219
BUFG optimization | Checksum: c728893d
INFO: [Opt 31-662] Phase BUFG optimization created 0 cells of which 0 are BUFGs and removed 0 cells.

Phase 7 Shift Register Optimization
INFO: [Opt 31-1064] SRL Remap converted 0 SRLs to 0 registers and converted 0 registers of register chains to 0 SRLs
Phase 7 Shift Register Optimization | Checksum: c728893d

Time (s): cpu = 00:00:05 ; elapsed = 00:00:05 . Memory (MB): peak = 2482.812 ; gain = 2.219
Shift Register Optimization | Checksum: c728893d
INFO: [Opt 31-389] Phase Shift Register Optimization created 0 cells and removed 0 cells

Phase 8 Post Processing Netlist
Phase 8 Post Processing Netlist | Checksum: c728893d

Time (s): cpu = 00:00:05 ; elapsed = 00:00:06 . Memory (MB): peak = 2482.812 ; gain = 2.219
Post Processing Netlist | Checksum: c728893d
INFO: [Opt 31-389] Phase Post Processing Netlist created 0 cells and removed 0 cells

Phase 9 Finalization

Phase 9.1 Finalizing Design Cores and Updating Shapes
Phase 9.1 Finalizing Design Cores and Updating Shapes | Checksum: 13822c8aa

Time (s): cpu = 00:00:07 ; elapsed = 00:00:07 . Memory (MB): peak = 2482.812 ; gain = 2.219

Phase 9.2 Verifying Netlist Connectivity

Starting Connectivity Check Task

Time (s): cpu = 00:00:00 ; elapsed = 00:00:00.172 . Memory (MB): peak = 2482.812 ; gain = 0.000
Phase 9.2 Verifying Netlist Connectivity | Checksum: 13822c8aa

Time (s): cpu = 00:00:07 ; elapsed = 00:00:07 . Memory (MB): peak = 2482.812 ; gain = 2.219
Phase 9 Finalization | Checksum: 13822c8aa

Time (s): cpu = 00:00:07 ; elapsed = 00:00:07 . Memory (MB): peak = 2482.812 ; gain = 2.219
Opt_design Change Summary
=========================


-------------------------------------------------------------------------------------------------------------------------
|  Phase                        |  #Cells created  |  #Cells Removed  |  #Constrained objects preventing optimizations  |
-------------------------------------------------------------------------------------------------------------------------
|  Retarget                     |              59  |             109  |                                              0  |
|  Constant propagation         |              39  |              56  |                                              0  |
|  Sweep                        |               0  |               0  |                                              0  |
|  BUFG optimization            |               0  |               0  |                                              0  |
|  Shift Register Optimization  |               0  |               0  |                                              0  |
|  Post Processing Netlist      |               0  |               0  |                                              0  |
-------------------------------------------------------------------------------------------------------------------------


Ending Logic Optimization Task | Checksum: 13822c8aa

Time (s): cpu = 00:00:07 ; elapsed = 00:00:07 . Memory (MB): peak = 2482.812 ; gain = 2.219

Starting Power Optimization Task
INFO: [Pwropt 34-132] Skipping clock gating for clocks with a period < 2.00 ns.
INFO: [Pwropt 34-9] Applying IDT optimizations ...
INFO: [Pwropt 34-10] Applying ODC optimizations ...
INFO: [Timing 38-35] Done setting XDC timing constraints.
Running Vector-less Activity Propagation...

Finished Running Vector-less Activity Propagation


Starting PowerOpt Patch Enables Task
INFO: [Pwropt 34-162] WRITE_MODE attribute of 0 BRAM(s) out of a total of 52 has been updated to save power. Run report_power_opt to get a complete listing of the BRAMs updated.
INFO: [Pwropt 34-201] Structural ODC has moved 0 WE to EN ports
Number of BRAM Ports augmented: 36 newly gated: 0 Total Ports: 104
Ending PowerOpt Patch Enables Task | Checksum: e67cc123

Time (s): cpu = 00:00:01 ; elapsed = 00:00:00.501 . Memory (MB): peak = 2721.223 ; gain = 0.000
Ending Power Optimization Task | Checksum: e67cc123

Time (s): cpu = 00:00:22 ; elapsed = 00:00:13 . Memory (MB): peak = 2721.223 ; gain = 238.410

Starting Final Cleanup Task
Ending Final Cleanup Task | Checksum: e67cc123

Time (s): cpu = 00:00:00 ; elapsed = 00:00:00.010 . Memory (MB): peak = 2721.223 ; gain = 0.000
Netlist sorting complete. Time (s): cpu = 00:00:00 ; elapsed = 00:00:00.050 . Memory (MB): peak = 2721.223 ; gain = 0.000
INFO: [Common 17-83] Releasing license: Implementation
27 Infos, 1 Warnings, 0 Critical Warnings and 0 Errors encountered.
opt_design completed successfully
opt_design: Time (s): cpu = 00:00:43 ; elapsed = 00:00:33 . Memory (MB): peak = 2721.223 ; gain = 378.371
# place_design -directive Explore
Command: place_design -directive Explore
Attempting to get a license for feature 'Implementation' and/or device 'xc7z020'
INFO: [Common 17-349] Got license for feature 'Implementation' and/or device 'xc7z020'
INFO: [Common 17-83] Releasing license: Implementation
INFO: [DRC 23-27] Running DRC with 2 threads
WARNING: [DRC 23-814] Not all possible (connectivity based) DRCs may have been run because this design is seen as Out of Context.
INFO: [Vivado_Tcl 4-198] DRC finished with 0 Errors
INFO: [Vivado_Tcl 4-199] Please refer to the DRC report (report_drc) for more information.
INFO: [Timing 38-35] Done setting XDC timing constraints.
INFO: [Vivado_Tcl 4-2302] The placer was invoked with the 'Explore' directive.
Running DRC as a precondition to command place_design
INFO: [DRC 23-27] Running DRC with 2 threads
WARNING: [DRC 23-814] Not all possible (connectivity based) DRCs may have been run because this design is seen as Out of Context.
INFO: [Vivado_Tcl 4-198] DRC finished with 0 Errors, 21 Warnings
INFO: [Vivado_Tcl 4-199] Please refer to the DRC report (report_drc) for more information.
INFO: [Place 30-611] Multithreading enabled for place_design using a maximum of 2 CPUs

Starting Placer Task

Phase 1 Placer Initialization

Phase 1.1 Placer Initialization Netlist Sorting
Netlist sorting complete. Time (s): cpu = 00:00:00 ; elapsed = 00:00:00.038 . Memory (MB): peak = 2721.223 ; gain = 0.000
Phase 1.1 Placer Initialization Netlist Sorting | Checksum: 688a063b

Time (s): cpu = 00:00:00 ; elapsed = 00:00:00.044 . Memory (MB): peak = 2721.223 ; gain = 0.000
Netlist sorting complete. Time (s): cpu = 00:00:00 ; elapsed = 00:00:00.035 . Memory (MB): peak = 2721.223 ; gain = 0.000

Phase 1.2 IO Placement/ Clock Placement/ Build Placer Device
Phase 1.2 IO Placement/ Clock Placement/ Build Placer Device | Checksum: 6a9c0fbe

Time (s): cpu = 00:00:04 ; elapsed = 00:00:03 . Memory (MB): peak = 2721.223 ; gain = 0.000

Phase 1.3 Build Placer Netlist Model
Phase 1.3 Build Placer Netlist Model | Checksum: 12ff21b71

Time (s): cpu = 00:00:24 ; elapsed = 00:00:18 . Memory (MB): peak = 2721.223 ; gain = 0.000

Phase 1.4 Constrain Clocks/Macros
Phase 1.4 Constrain Clocks/Macros | Checksum: 12ff21b71

Time (s): cpu = 00:00:25 ; elapsed = 00:00:18 . Memory (MB): peak = 2721.223 ; gain = 0.000
Phase 1 Placer Initialization | Checksum: 12ff21b71

Time (s): cpu = 00:00:25 ; elapsed = 00:00:18 . Memory (MB): peak = 2721.223 ; gain = 0.000

Phase 2 Global Placement

Phase 2.1 Floorplanning
Phase 2.1 Floorplanning | Checksum: ecb17cf1

Time (s): cpu = 00:00:37 ; elapsed = 00:00:25 . Memory (MB): peak = 2721.223 ; gain = 0.000

Phase 2.2 Update Timing before SLR Path Opt
Phase 2.2 Update Timing before SLR Path Opt | Checksum: 124003340

Time (s): cpu = 00:00:48 ; elapsed = 00:00:32 . Memory (MB): peak = 2721.223 ; gain = 0.000

Phase 2.3 Post-Processing in Floorplanning
Phase 2.3 Post-Processing in Floorplanning | Checksum: edc83c30

Time (s): cpu = 00:00:48 ; elapsed = 00:00:32 . Memory (MB): peak = 2721.223 ; gain = 0.000

Phase 2.4 Global Place Phase1
Phase 2.4 Global Place Phase1 | Checksum: e9de064e

Time (s): cpu = 00:01:52 ; elapsed = 00:01:11 . Memory (MB): peak = 2721.223 ; gain = 0.000

Phase 2.5 Global Place Phase2

Phase 2.5.1 UpdateTiming Before Physical Synthesis
Phase 2.5.1 UpdateTiming Before Physical Synthesis | Checksum: e9c5c7f3

Time (s): cpu = 00:01:59 ; elapsed = 00:01:16 . Memory (MB): peak = 2721.223 ; gain = 0.000

Phase 2.5.2 Physical Synthesis In Placer
INFO: [Physopt 32-1035] Found 0 LUTNM shape to break, 1579 LUT instances to create LUTNM shape
INFO: [Physopt 32-1044] Break lutnm for timing: one critical 0, two critical 0, total 0, new lutff created 0
INFO: [Physopt 32-1138] End 1 Pass. Optimized 763 nets or LUTs. Breaked 0 LUT, combined 763 existing LUTs and moved 0 existing LUT
INFO: [Physopt 32-65] No nets found for high-fanout optimization.
INFO: [Physopt 32-232] Optimized 0 net. Created 0 new instance.
INFO: [Physopt 32-775] End 1 Pass. Optimized 0 net or cell. Created 0 new cell, deleted 0 existing cell and moved 0 existing cell
INFO: [Physopt 32-670] No setup violation found.  DSP Register Optimization was not performed.
INFO: [Physopt 32-670] No setup violation found.  Shift Register to Pipeline Optimization was not performed.
INFO: [Physopt 32-670] No setup violation found.  Shift Register Optimization was not performed.
INFO: [Physopt 32-670] No setup violation found.  BRAM Register Optimization was not performed.
INFO: [Physopt 32-670] No setup violation found.  URAM Register Optimization was not performed.
INFO: [Physopt 32-949] No candidate nets found for dynamic/static region interface net replication
INFO: [Physopt 32-775] End 1 Pass. Optimized 0 net or cell. Created 0 new cell, deleted 0 existing cell and moved 0 existing cell
Netlist sorting complete. Time (s): cpu = 00:00:00 ; elapsed = 00:00:00.046 . Memory (MB): peak = 2721.223 ; gain = 0.000

Summary of Physical Synthesis Optimizations
============================================


-----------------------------------------------------------------------------------------------------------------------------------------------------------
|  Optimization                                     |  Added Cells  |  Removed Cells  |  Optimized Cells/Nets  |  Dont Touch  |  Iterations  |  Elapsed   |
-----------------------------------------------------------------------------------------------------------------------------------------------------------
|  LUT Combining                                    |            0  |            763  |                   763  |           0  |           1  |  00:00:01  |
|  Retime                                           |            0  |              0  |                     0  |           0  |           1  |  00:00:00  |
|  Very High Fanout                                 |            0  |              0  |                     0  |           0  |           1  |  00:00:00  |
|  DSP Register                                     |            0  |              0  |                     0  |           0  |           0  |  00:00:00  |
|  Shift Register to Pipeline                       |            0  |              0  |                     0  |           0  |           0  |  00:00:00  |
|  Shift Register                                   |            0  |              0  |                     0  |           0  |           0  |  00:00:00  |
|  BRAM Register                                    |            0  |              0  |                     0  |           0  |           0  |  00:00:00  |
|  URAM Register                                    |            0  |              0  |                     0  |           0  |           0  |  00:00:00  |
|  Dynamic/Static Region Interface Net Replication  |            0  |              0  |                     0  |           0  |           1  |  00:00:00  |
|  Total                                            |            0  |            763  |                   763  |           0  |           4  |  00:00:01  |
-----------------------------------------------------------------------------------------------------------------------------------------------------------


Phase 2.5.2 Physical Synthesis In Placer | Checksum: 1163a5c4a

Time (s): cpu = 00:02:11 ; elapsed = 00:01:24 . Memory (MB): peak = 2721.223 ; gain = 0.000
Phase 2.5 Global Place Phase2 | Checksum: 2d4f92335

Time (s): cpu = 00:02:14 ; elapsed = 00:01:26 . Memory (MB): peak = 2721.223 ; gain = 0.000
Phase 2 Global Placement | Checksum: 2d4f92335

Time (s): cpu = 00:02:14 ; elapsed = 00:01:26 . Memory (MB): peak = 2721.223 ; gain = 0.000

Phase 3 Detail Placement

Phase 3.1 Commit Multi Column Macros
Phase 3.1 Commit Multi Column Macros | Checksum: 2d856b1f3

Time (s): cpu = 00:02:24 ; elapsed = 00:01:32 . Memory (MB): peak = 2721.223 ; gain = 0.000

Phase 3.2 Commit Most Macros & LUTRAMs
Phase 3.2 Commit Most Macros & LUTRAMs | Checksum: 261e30c88

Time (s): cpu = 00:02:48 ; elapsed = 00:01:49 . Memory (MB): peak = 2721.223 ; gain = 0.000

Phase 3.3 Area Swap Optimization
Phase 3.3 Area Swap Optimization | Checksum: 25fdd8745

Time (s): cpu = 00:02:49 ; elapsed = 00:01:50 . Memory (MB): peak = 2721.223 ; gain = 0.000

Phase 3.4 Pipeline Register Optimization
Phase 3.4 Pipeline Register Optimization | Checksum: 24893fbf9

Time (s): cpu = 00:02:50 ; elapsed = 00:01:50 . Memory (MB): peak = 2721.223 ; gain = 0.000

Phase 3.5 Small Shape Detail Placement
Phase 3.5 Small Shape Detail Placement | Checksum: 212bede86

Time (s): cpu = 00:03:19 ; elapsed = 00:02:20 . Memory (MB): peak = 2721.223 ; gain = 0.000

Phase 3.6 Re-assign LUT pins
Phase 3.6 Re-assign LUT pins | Checksum: 15f35dea6

Time (s): cpu = 00:03:25 ; elapsed = 00:02:26 . Memory (MB): peak = 2721.223 ; gain = 0.000

Phase 3.7 Pipeline Register Optimization
Phase 3.7 Pipeline Register Optimization | Checksum: 250817512

Time (s): cpu = 00:03:26 ; elapsed = 00:02:27 . Memory (MB): peak = 2721.223 ; gain = 0.000
Phase 3 Detail Placement | Checksum: 250817512

Time (s): cpu = 00:03:26 ; elapsed = 00:02:27 . Memory (MB): peak = 2721.223 ; gain = 0.000

Phase 4 Post Placement Optimization and Clean-Up

Phase 4.1 Post Commit Optimization
INFO: [Timing 38-35] Done setting XDC timing constraints.

Phase 4.1.1 Post Placement Optimization
Post Placement Optimization Initialization | Checksum: 1ab2f4b4f

Phase 4.1.1.1 BUFG Insertion

Starting Physical Synthesis Task

Phase 1 Physical Synthesis Initialization
INFO: [Physopt 32-721] Multithreading enabled for phys_opt_design using a maximum of 2 CPUs
INFO: [Physopt 32-619] Estimated Timing Summary | WNS=-0.149 | TNS=-1.392 |
Phase 1 Physical Synthesis Initialization | Checksum: 116e03de5

Time (s): cpu = 00:00:01 ; elapsed = 00:00:01 . Memory (MB): peak = 2721.223 ; gain = 0.000
INFO: [Place 46-33] Processed net u_array/u_lut/rst_n_0, BUFG insertion was skipped due to placement/routing conflicts.
INFO: [Place 46-56] BUFG insertion identified 1 candidate nets. Inserted BUFG: 0, Replicated BUFG Driver: 0, Skipped due to Placement/Routing Conflicts: 1, Skipped due to Timing Degradation: 0, Skipped due to netlist editing failed: 0.
Ending Physical Synthesis Task | Checksum: 188b81e00

Time (s): cpu = 00:00:03 ; elapsed = 00:00:03 . Memory (MB): peak = 2721.223 ; gain = 0.000
Phase 4.1.1.1 BUFG Insertion | Checksum: 1ab2f4b4f

Time (s): cpu = 00:03:53 ; elapsed = 00:02:46 . Memory (MB): peak = 2721.223 ; gain = 0.000

Phase 4.1.1.2 Post Placement Timing Optimization
INFO: [Place 30-746] Post Placement Timing Summary WNS=0.632. For the most accurate timing information please run report_timing.
Phase 4.1.1.2 Post Placement Timing Optimization | Checksum: eadd109d

Time (s): cpu = 00:03:57 ; elapsed = 00:02:50 . Memory (MB): peak = 2721.223 ; gain = 0.000

Time (s): cpu = 00:03:57 ; elapsed = 00:02:50 . Memory (MB): peak = 2721.223 ; gain = 0.000
Phase 4.1 Post Commit Optimization | Checksum: eadd109d

Time (s): cpu = 00:03:57 ; elapsed = 00:02:50 . Memory (MB): peak = 2721.223 ; gain = 0.000

Phase 4.2 Post Placement Cleanup
Phase 4.2 Post Placement Cleanup | Checksum: eadd109d

Time (s): cpu = 00:03:58 ; elapsed = 00:02:51 . Memory (MB): peak = 2721.223 ; gain = 0.000

Phase 4.3 Placer Reporting

Phase 4.3.1 Print Estimated Congestion
INFO: [Place 30-612] Post-Placement Estimated Congestion 
 ____________________________________________________
|           | Global Congestion | Short Congestion  |
| Direction | Region Size       | Region Size       |
|___________|___________________|___________________|
|      North|                1x1|                2x2|
|___________|___________________|___________________|
|      South|                8x8|                4x4|
|___________|___________________|___________________|
|       East|                4x4|                4x4|
|___________|___________________|___________________|
|       West|                2x2|                4x4|
|___________|___________________|___________________|

Phase 4.3.1 Print Estimated Congestion | Checksum: eadd109d

Time (s): cpu = 00:03:59 ; elapsed = 00:02:51 . Memory (MB): peak = 2721.223 ; gain = 0.000
Phase 4.3 Placer Reporting | Checksum: eadd109d

Time (s): cpu = 00:03:59 ; elapsed = 00:02:51 . Memory (MB): peak = 2721.223 ; gain = 0.000

Phase 4.4 Final Placement Cleanup
Netlist sorting complete. Time (s): cpu = 00:00:00 ; elapsed = 00:00:00.047 . Memory (MB): peak = 2721.223 ; gain = 0.000

Time (s): cpu = 00:03:59 ; elapsed = 00:02:51 . Memory (MB): peak = 2721.223 ; gain = 0.000
Phase 4 Post Placement Optimization and Clean-Up | Checksum: 1bf3e8a01

Time (s): cpu = 00:03:59 ; elapsed = 00:02:51 . Memory (MB): peak = 2721.223 ; gain = 0.000
Ending Placer Task | Checksum: 14ace0c00

Time (s): cpu = 00:04:00 ; elapsed = 00:02:51 . Memory (MB): peak = 2721.223 ; gain = 0.000
31 Infos, 2 Warnings, 0 Critical Warnings and 0 Errors encountered.
place_design completed successfully
place_design: Time (s): cpu = 00:04:08 ; elapsed = 00:02:57 . Memory (MB): peak = 2721.223 ; gain = 0.000
# phys_opt_design -directive AggressiveExplore
Command: phys_opt_design -directive AggressiveExplore
Attempting to get a license for feature 'Implementation' and/or device 'xc7z020'
INFO: [Common 17-349] Got license for feature 'Implementation' and/or device 'xc7z020'
INFO: [Vivado_Tcl 4-137] Directive used for phys_opt_design is: AggressiveExplore

Starting Initial Update Timing Task
WARNING: [Timing 38-242] The property HD.CLK_SRC of clock port "clk_i" is not set. In out-of-context mode, this prevents timing estimation for clock delay/skew
Resolution: Set the HD.CLK_SRC property of the out-of-context port to the location of the clock buffer instance in the top-level design

Time (s): cpu = 00:00:16 ; elapsed = 00:00:11 . Memory (MB): peak = 2721.223 ; gain = 0.000
INFO: [Vivado_Tcl 4-2280] Estimated Timing Summary | WNS= 0.632 | TNS= 0.000 | WHS= 0.059 |
INFO: [Vivado_Tcl 4-383] Design worst setup slack (WNS) is greater than or equal to 0.000 ns. All physical synthesis setup optimizations will be skipped.
INFO: [Vivado_Tcl 4-2291] Design worst hold slack (WHS) is greater than or equal to -0.250 ns. Hold fix optimization will be skipped.
 
INFO: [Vivado_Tcl 4-232] No setup violation found. The netlist was not modified.
INFO: [Common 17-83] Releasing license: Implementation
7 Infos, 1 Warnings, 0 Critical Warnings and 0 Errors encountered.
phys_opt_design completed successfully
phys_opt_design: Time (s): cpu = 00:00:17 ; elapsed = 00:00:11 . Memory (MB): peak = 2721.223 ; gain = 0.000
# route_design -directive AggressiveExplore
Command: route_design -directive AggressiveExplore
Attempting to get a license for feature 'Implementation' and/or device 'xc7z020'
INFO: [Common 17-349] Got license for feature 'Implementation' and/or device 'xc7z020'


Starting Routing Task
INFO: [Route 35-270] Using Router directive 'AggressiveExplore'.
INFO: [Route 35-254] Multithreading enabled for route_design using a maximum of 2 CPUs

Phase 1 Build RT Design
Checksum: PlaceDB: 408ce67a ConstDB: 0 ShapeSum: f447b296 RouteDB: 15f972f0
WARNING: [Route 35-197] Clock port "clk_i" does not have an associated HD.CLK_SRC. Without this constraint, timing analysis may not be accurate and upstream checks cannot be done to ensure correct clock placement.
WARNING: [Route 35-198] Port "s_axi_awaddr[8]" does not have an associated HD.PARTPIN_LOCS, which will prevent the partial routing of the signal "s_axi_awaddr[8]". Without this partial route, timing analysis to/from this port will not be accurate, and no routing information for this port can be exported.
WARNING: [Route 35-198] Port "s_axi_wdata[0]" does not have an associated HD.PARTPIN_LOCS, which will prevent the partial routing of the signal "s_axi_wdata[0]". Without this partial route, timing analysis to/from this port will not be accurate, and no routing information for this port can be exported.
WARNING: [Route 35-198] Port "s_axi_wdata[5]" does not have an associated HD.PARTPIN_LOCS, which will prevent the partial routing of the signal "s_axi_wdata[5]". Without this partial route, timing analysis to/from this port will not be accurate, and no routing information for this port can be exported.
WARNING: [Route 35-198] Port "s_axi_wdata[3]" does not have an associated HD.PARTPIN_LOCS, which will prevent the partial routing of the signal "s_axi_wdata[3]". Without this partial route, timing analysis to/from this port will not be accurate, and no routing information for this port can be exported.
WARNING: [Route 35-198] Port "x_m_axi_rdata[49]" does not have an associated HD.PARTPIN_LOCS, which will prevent the partial routing of the signal "x_m_axi_rdata[49]". Without this partial route, timing analysis to/from this port will not be accurate, and no routing information for this port can be exported.
WARNING: [Route 35-198] Port "x_m_axi_rdata[48]" does not have an associated HD.PARTPIN_LOCS, which will prevent the partial routing of the signal "x_m_axi_rdata[48]". Without this partial route, timing analysis to/from this port will not be accurate, and no routing information for this port can be exported.
WARNING: [Route 35-198] Port "x_m_axi_rdata[17]" does not have an associated HD.PARTPIN_LOCS, which will prevent the partial routing of the signal "x_m_axi_rdata[17]". Without this partial route, timing analysis to/from this port will not be accurate, and no routing information for this port can be exported.
WARNING: [Route 35-198] Port "x_m_axi_rdata[16]" does not have an associated HD.PARTPIN_LOCS, which will prevent the partial routing of the signal "x_m_axi_rdata[16]". Without this partial route, timing analysis to/from this port will not be accurate, and no routing information for this port can be exported.
WARNING: [Route 35-198] Port "x_m_axi_rdata[0]" does not have an associated HD.PARTPIN_LOCS, which will prevent the partial routing of the signal "x_m_axi_rdata[0]". Without this partial route, timing analysis to/from this port will not be accurate, and no routing information for this port can be exported.
WARNING: [Route 35-198] Port "s_axi_wdata[1]" does not have an associated HD.PARTPIN_LOCS, which will prevent the partial routing of the signal "s_axi_wdata[1]". Without this partial route, timing analysis to/from this port will not be accurate, and no routing information for this port can be exported.
WARNING: [Route 35-198] Port "s_axi_wdata[2]" does not have an associated HD.PARTPIN_LOCS, which will prevent the partial routing of the signal "s_axi_wdata[2]". Without this partial route, timing analysis to/from this port will not be accurate, and no routing information for this port can be exported.
WARNING: [Route 35-198] Port "s_axi_wdata[4]" does not have an associated HD.PARTPIN_LOCS, which will prevent the partial routing of the signal "s_axi_wdata[4]". Without this partial route, timing analysis to/from this port will not be accurate, and no routing information for this port can be exported.
WARNING: [Route 35-198] Port "x_m_axi_rdata[33]" does not have an associated HD.PARTPIN_LOCS, which will prevent the partial routing of the signal "x_m_axi_rdata[33]". Without this partial route, timing analysis to/from this port will not be accurate, and no routing information for this port can be exported.
WARNING: [Route 35-198] Port "s_axi_awaddr[6]" does not have an associated HD.PARTPIN_LOCS, which will prevent the partial routing of the signal "s_axi_awaddr[6]". Without this partial route, timing analysis to/from this port will not be accurate, and no routing information for this port can be exported.
WARNING: [Route 35-198] Port "s_axi_awaddr[5]" does not have an associated HD.PARTPIN_LOCS, which will prevent the partial routing of the signal "s_axi_awaddr[5]". Without this partial route, timing analysis to/from this port will not be accurate, and no routing information for this port can be exported.
WARNING: [Route 35-198] Port "s_axi_awaddr[7]" does not have an associated HD.PARTPIN_LOCS, which will prevent the partial routing of the signal "s_axi_awaddr[7]". Without this partial route, timing analysis to/from this port will not be accurate, and no routing information for this port can be exported.
WARNING: [Route 35-198] Port "x_m_axi_rdata[1]" does not have an associated HD.PARTPIN_LOCS, which will prevent the partial routing of the signal "x_m_axi_rdata[1]". Without this partial route, timing analysis to/from this port will not be accurate, and no routing information for this port can be exported.
WARNING: [Route 35-198] Port "s_axi_wdata[6]" does not have an associated HD.PARTPIN_LOCS, which will prevent the partial routing of the signal "s_axi_wdata[6]". Without this partial route, timing analysis to/from this port will not be accurate, and no routing information for this port can be exported.
WARNING: [Route 35-198] Port "s_axi_wdata[7]" does not have an associated HD.PARTPIN_LOCS, which will prevent the partial routing of the signal "s_axi_wdata[7]". Without this partial route, timing analysis to/from this port will not be accurate, and no routing information for this port can be exported.
WARNING: [Route 35-198] Port "s_axi_awaddr[9]" does not have an associated HD.PARTPIN_LOCS, which will prevent the partial routing of the signal "s_axi_awaddr[9]". Without this partial route, timing analysis to/from this port will not be accurate, and no routing information for this port can be exported.
WARNING: [Route 35-198] Port "s_axi_awaddr[4]" does not have an associated HD.PARTPIN_LOCS, which will prevent the partial routing of the signal "s_axi_awaddr[4]". Without this partial route, timing analysis to/from this port will not be accurate, and no routing information for this port can be exported.
WARNING: [Route 35-198] Port "s_axi_wstrb[0]" does not have an associated HD.PARTPIN_LOCS, which will prevent the partial routing of the signal "s_axi_wstrb[0]". Without this partial route, timing analysis to/from this port will not be accurate, and no routing information for this port can be exported.
WARNING: [Route 35-198] Port "s_axi_awaddr[11]" does not have an associated HD.PARTPIN_LOCS, which will prevent the partial routing of the signal "s_axi_awaddr[11]". Without this partial route, timing analysis to/from this port will not be accurate, and no routing information for this port can be exported.
WARNING: [Route 35-198] Port "s_axi_awaddr[10]" does not have an associated HD.PARTPIN_LOCS, which will prevent the partial routing of the signal "s_axi_awaddr[10]". Without this partial route, timing analysis to/from this port will not be accurate, and no routing information for this port can be exported.
WARNING: [Route 35-198] Port "s_axi_awaddr[2]" does not have an associated HD.PARTPIN_LOCS, which will prevent the partial routing of the signal "s_axi_awaddr[2]". Without this partial route, timing analysis to/from this port will not be accurate, and no routing information for this port can be exported.
WARNING: [Route 35-198] Port "s_axi_awaddr[3]" does not have an associated HD.PARTPIN_LOCS, which will prevent the partial routing of the signal "s_axi_awaddr[3]". Without this partial route, timing analysis to/from this port will not be accurate, and no routing information for this port can be exported.
WARNING: [Route 35-198] Port "s_axi_awaddr[13]" does not have an associated HD.PARTPIN_LOCS, which will prevent the partial routing of the signal "s_axi_awaddr[13]". Without this partial route, timing analysis to/from this port will not be accurate, and no routing information for this port can be exported.
WARNING: [Route 35-198] Port "s_axi_awaddr[14]" does not have an associated HD.PARTPIN_LOCS, which will prevent the partial routing of the signal "s_axi_awaddr[14]". Without this partial route, timing analysis to/from this port will not be accurate, and no routing information for this port can be exported.
WARNING: [Route 35-198] Port "s_axi_awaddr[12]" does not have an associated HD.PARTPIN_LOCS, which will prevent the partial routing of the signal "s_axi_awaddr[12]". Without this partial route, timing analysis to/from this port will not be accurate, and no routing information for this port can be exported.
WARNING: [Route 35-198] Port "s_axi_awaddr[15]" does not have an associated HD.PARTPIN_LOCS, which will prevent the partial routing of the signal "s_axi_awaddr[15]". Without this partial route, timing analysis to/from this port will not be accurate, and no routing information for this port can be exported.
WARNING: [Route 35-198] Port "rst_n" does not have an associated HD.PARTPIN_LOCS, which will prevent the partial routing of the signal "rst_n". Without this partial route, timing analysis to/from this port will not be accurate, and no routing information for this port can be exported.
WARNING: [Route 35-198] Port "x_m_axi_rvalid" does not have an associated HD.PARTPIN_LOCS, which will prevent the partial routing of the signal "x_m_axi_rvalid". Without this partial route, timing analysis to/from this port will not be accurate, and no routing information for this port can be exported.
WARNING: [Route 35-198] Port "s_axi_wvalid" does not have an associated HD.PARTPIN_LOCS, which will prevent the partial routing of the signal "s_axi_wvalid". Without this partial route, timing analysis to/from this port will not be accurate, and no routing information for this port can be exported.
WARNING: [Route 35-198] Port "s_axi_awvalid" does not have an associated HD.PARTPIN_LOCS, which will prevent the partial routing of the signal "s_axi_awvalid". Without this partial route, timing analysis to/from this port will not be accurate, and no routing information for this port can be exported.
WARNING: [Route 35-198] Port "s_axi_bready" does not have an associated HD.PARTPIN_LOCS, which will prevent the partial routing of the signal "s_axi_bready". Without this partial route, timing analysis to/from this port will not be accurate, and no routing information for this port can be exported.
WARNING: [Route 35-198] Port "x_m_axi_rdata[32]" does not have an associated HD.PARTPIN_LOCS, which will prevent the partial routing of the signal "x_m_axi_rdata[32]". Without this partial route, timing analysis to/from this port will not be accurate, and no routing information for this port can be exported.
WARNING: [Route 35-198] Port "x_m_axi_rdata[40]" does not have an associated HD.PARTPIN_LOCS, which will prevent the partial routing of the signal "x_m_axi_rdata[40]". Without this partial route, timing analysis to/from this port will not be accurate, and no routing information for this port can be exported.
WARNING: [Route 35-198] Port "x_m_axi_rdata[25]" does not have an associated HD.PARTPIN_LOCS, which will prevent the partial routing of the signal "x_m_axi_rdata[25]". Without this partial route, timing analysis to/from this port will not be accurate, and no routing information for this port can be exported.
WARNING: [Route 35-198] Port "x_m_axi_rdata[9]" does not have an associated HD.PARTPIN_LOCS, which will prevent the partial routing of the signal "x_m_axi_rdata[9]". Without this partial route, timing analysis to/from this port will not be accurate, and no routing information for this port can be exported.
WARNING: [Route 35-198] Port "x_m_axi_rdata[57]" does not have an associated HD.PARTPIN_LOCS, which will prevent the partial routing of the signal "x_m_axi_rdata[57]". Without this partial route, timing analysis to/from this port will not be accurate, and no routing information for this port can be exported.
WARNING: [Route 35-198] Port "x_m_axi_arready" does not have an associated HD.PARTPIN_LOCS, which will prevent the partial routing of the signal "x_m_axi_arready". Without this partial route, timing analysis to/from this port will not be accurate, and no routing information for this port can be exported.
WARNING: [Route 35-198] Port "x_m_axi_rdata[8]" does not have an associated HD.PARTPIN_LOCS, which will prevent the partial routing of the signal "x_m_axi_rdata[8]". Without this partial route, timing analysis to/from this port will not be accurate, and no routing information for this port can be exported.
WARNING: [Route 35-198] Port "x_m_axi_rdata[24]" does not have an associated HD.PARTPIN_LOCS, which will prevent the partial routing of the signal "x_m_axi_rdata[24]". Without this partial route, timing analysis to/from this port will not be accurate, and no routing information for this port can be exported.
WARNING: [Route 35-198] Port "s_axi_arvalid" does not have an associated HD.PARTPIN_LOCS, which will prevent the partial routing of the signal "s_axi_arvalid". Without this partial route, timing analysis to/from this port will not be accurate, and no routing information for this port can be exported.
WARNING: [Route 35-198] Port "s_axi_rready" does not have an associated HD.PARTPIN_LOCS, which will prevent the partial routing of the signal "s_axi_rready". Without this partial route, timing analysis to/from this port will not be accurate, and no routing information for this port can be exported.
WARNING: [Route 35-198] Port "s_axi_araddr[4]" does not have an associated HD.PARTPIN_LOCS, which will prevent the partial routing of the signal "s_axi_araddr[4]". Without this partial route, timing analysis to/from this port will not be accurate, and no routing information for this port can be exported.
WARNING: [Route 35-198] Port "s_axi_araddr[2]" does not have an associated HD.PARTPIN_LOCS, which will prevent the partial routing of the signal "s_axi_araddr[2]". Without this partial route, timing analysis to/from this port will not be accurate, and no routing information for this port can be exported.
WARNING: [Route 35-198] Port "s_axi_wdata[30]" does not have an associated HD.PARTPIN_LOCS, which will prevent the partial routing of the signal "s_axi_wdata[30]". Without this partial route, timing analysis to/from this port will not be accurate, and no routing information for this port can be exported.
WARNING: [Route 35-198] Port "s_axi_wdata[29]" does not have an associated HD.PARTPIN_LOCS, which will prevent the partial routing of the signal "s_axi_wdata[29]". Without this partial route, timing analysis to/from this port will not be accurate, and no routing information for this port can be exported.
WARNING: [Route 35-198] Port "s_axi_wdata[28]" does not have an associated HD.PARTPIN_LOCS, which will prevent the partial routing of the signal "s_axi_wdata[28]". Without this partial route, timing analysis to/from this port will not be accurate, and no routing information for this port can be exported.
WARNING: [Route 35-198] Port "s_axi_wdata[26]" does not have an associated HD.PARTPIN_LOCS, which will prevent the partial routing of the signal "s_axi_wdata[26]". Without this partial route, timing analysis to/from this port will not be accurate, and no routing information for this port can be exported.
WARNING: [Route 35-198] Port "s_axi_araddr[6]" does not have an associated HD.PARTPIN_LOCS, which will prevent the partial routing of the signal "s_axi_araddr[6]". Without this partial route, timing analysis to/from this port will not be accurate, and no routing information for this port can be exported.
WARNING: [Route 35-198] Port "s_axi_araddr[5]" does not have an associated HD.PARTPIN_LOCS, which will prevent the partial routing of the signal "s_axi_araddr[5]". Without this partial route, timing analysis to/from this port will not be accurate, and no routing information for this port can be exported.
WARNING: [Route 35-198] Port "s_axi_araddr[3]" does not have an associated HD.PARTPIN_LOCS, which will prevent the partial routing of the signal "s_axi_araddr[3]". Without this partial route, timing analysis to/from this port will not be accurate, and no routing information for this port can be exported.
WARNING: [Route 35-198] Port "s_axi_wdata[31]" does not have an associated HD.PARTPIN_LOCS, which will prevent the partial routing of the signal "s_axi_wdata[31]". Without this partial route, timing analysis to/from this port will not be accurate, and no routing information for this port can be exported.
WARNING: [Route 35-198] Port "s_axi_wdata[27]" does not have an associated HD.PARTPIN_LOCS, which will prevent the partial routing of the signal "s_axi_wdata[27]". Without this partial route, timing analysis to/from this port will not be accurate, and no routing information for this port can be exported.
WARNING: [Route 35-198] Port "s_axi_wdata[25]" does not have an associated HD.PARTPIN_LOCS, which will prevent the partial routing of the signal "s_axi_wdata[25]". Without this partial route, timing analysis to/from this port will not be accurate, and no routing information for this port can be exported.
WARNING: [Route 35-198] Port "s_axi_wdata[24]" does not have an associated HD.PARTPIN_LOCS, which will prevent the partial routing of the signal "s_axi_wdata[24]". Without this partial route, timing analysis to/from this port will not be accurate, and no routing information for this port can be exported.
WARNING: [Route 35-198] Port "s_axi_wdata[15]" does not have an associated HD.PARTPIN_LOCS, which will prevent the partial routing of the signal "s_axi_wdata[15]". Without this partial route, timing analysis to/from this port will not be accurate, and no routing information for this port can be exported.
WARNING: [Route 35-198] Port "s_axi_wdata[14]" does not have an associated HD.PARTPIN_LOCS, which will prevent the partial routing of the signal "s_axi_wdata[14]". Without this partial route, timing analysis to/from this port will not be accurate, and no routing information for this port can be exported.
WARNING: [Route 35-198] Port "s_axi_wdata[11]" does not have an associated HD.PARTPIN_LOCS, which will prevent the partial routing of the signal "s_axi_wdata[11]". Without this partial route, timing analysis to/from this port will not be accurate, and no routing information for this port can be exported.
WARNING: [Route 35-198] Port "s_axi_wdata[8]" does not have an associated HD.PARTPIN_LOCS, which will prevent the partial routing of the signal "s_axi_wdata[8]". Without this partial route, timing analysis to/from this port will not be accurate, and no routing information for this port can be exported.
WARNING: [Route 35-198] Port "s_axi_wdata[12]" does not have an associated HD.PARTPIN_LOCS, which will prevent the partial routing of the signal "s_axi_wdata[12]". Without this partial route, timing analysis to/from this port will not be accurate, and no routing information for this port can be exported.
WARNING: [Route 35-198] Port "x_m_axi_rdata[56]" does not have an associated HD.PARTPIN_LOCS, which will prevent the partial routing of the signal "x_m_axi_rdata[56]". Without this partial route, timing analysis to/from this port will not be accurate, and no routing information for this port can be exported.
WARNING: [Route 35-198] Port "x_m_axi_rdata[41]" does not have an associated HD.PARTPIN_LOCS, which will prevent the partial routing of the signal "x_m_axi_rdata[41]". Without this partial route, timing analysis to/from this port will not be accurate, and no routing information for this port can be exported.
WARNING: [Route 35-198] Port "s_axi_wdata[21]" does not have an associated HD.PARTPIN_LOCS, which will prevent the partial routing of the signal "s_axi_wdata[21]". Without this partial route, timing analysis to/from this port will not be accurate, and no routing information for this port can be exported.
WARNING: [Route 35-198] Port "s_axi_wdata[19]" does not have an associated HD.PARTPIN_LOCS, which will prevent the partial routing of the signal "s_axi_wdata[19]". Without this partial route, timing analysis to/from this port will not be accurate, and no routing information for this port can be exported.
WARNING: [Route 35-198] Port "s_axi_wdata[18]" does not have an associated HD.PARTPIN_LOCS, which will prevent the partial routing of the signal "s_axi_wdata[18]". Without this partial route, timing analysis to/from this port will not be accurate, and no routing information for this port can be exported.
WARNING: [Route 35-198] Port "s_axi_wstrb[1]" does not have an associated HD.PARTPIN_LOCS, which will prevent the partial routing of the signal "s_axi_wstrb[1]". Without this partial route, timing analysis to/from this port will not be accurate, and no routing information for this port can be exported.
WARNING: [Route 35-198] Port "s_axi_wstrb[3]" does not have an associated HD.PARTPIN_LOCS, which will prevent the partial routing of the signal "s_axi_wstrb[3]". Without this partial route, timing analysis to/from this port will not be accurate, and no routing information for this port can be exported.
WARNING: [Route 35-198] Port "s_axi_wstrb[2]" does not have an associated HD.PARTPIN_LOCS, which will prevent the partial routing of the signal "s_axi_wstrb[2]". Without this partial route, timing analysis to/from this port will not be accurate, and no routing information for this port can be exported.
WARNING: [Route 35-198] Port "s_axi_araddr[15]" does not have an associated HD.PARTPIN_LOCS, which will prevent the partial routing of the signal "s_axi_araddr[15]". Without this partial route, timing analysis to/from this port will not be accurate, and no routing information for this port can be exported.
WARNING: [Route 35-198] Port "s_axi_araddr[11]" does not have an associated HD.PARTPIN_LOCS, which will prevent the partial routing of the signal "s_axi_araddr[11]". Without this partial route, timing analysis to/from this port will not be accurate, and no routing information for this port can be exported.
WARNING: [Route 35-198] Port "s_axi_araddr[7]" does not have an associated HD.PARTPIN_LOCS, which will prevent the partial routing of the signal "s_axi_araddr[7]". Without this partial route, timing analysis to/from this port will not be accurate, and no routing information for this port can be exported.
WARNING: [Route 35-198] Port "s_axi_araddr[14]" does not have an associated HD.PARTPIN_LOCS, which will prevent the partial routing of the signal "s_axi_araddr[14]". Without this partial route, timing analysis to/from this port will not be accurate, and no routing information for this port can be exported.
WARNING: [Route 35-198] Port "s_axi_araddr[12]" does not have an associated HD.PARTPIN_LOCS, which will prevent the partial routing of the signal "s_axi_araddr[12]". Without this partial route, timing analysis to/from this port will not be accurate, and no routing information for this port can be exported.
WARNING: [Route 35-198] Port "s_axi_araddr[8]" does not have an associated HD.PARTPIN_LOCS, which will prevent the partial routing of the signal "s_axi_araddr[8]". Without this partial route, timing analysis to/from this port will not be accurate, and no routing information for this port can be exported.
WARNING: [Route 35-198] Port "s_axi_araddr[13]" does not have an associated HD.PARTPIN_LOCS, which will prevent the partial routing of the signal "s_axi_araddr[13]". Without this partial route, timing analysis to/from this port will not be accurate, and no routing information for this port can be exported.
WARNING: [Route 35-198] Port "s_axi_araddr[9]" does not have an associated HD.PARTPIN_LOCS, which will prevent the partial routing of the signal "s_axi_araddr[9]". Without this partial route, timing analysis to/from this port will not be accurate, and no routing information for this port can be exported.
WARNING: [Route 35-198] Port "s_axi_araddr[10]" does not have an associated HD.PARTPIN_LOCS, which will prevent the partial routing of the signal "s_axi_araddr[10]". Without this partial route, timing analysis to/from this port will not be accurate, and no routing information for this port can be exported.
WARNING: [Route 35-198] Port "s_axi_wdata[13]" does not have an associated HD.PARTPIN_LOCS, which will prevent the partial routing of the signal "s_axi_wdata[13]". Without this partial route, timing analysis to/from this port will not be accurate, and no routing information for this port can be exported.
WARNING: [Route 35-198] Port "s_axi_wdata[10]" does not have an associated HD.PARTPIN_LOCS, which will prevent the partial routing of the signal "s_axi_wdata[10]". Without this partial route, timing analysis to/from this port will not be accurate, and no routing information for this port can be exported.
WARNING: [Route 35-198] Port "s_axi_wdata[9]" does not have an associated HD.PARTPIN_LOCS, which will prevent the partial routing of the signal "s_axi_wdata[9]". Without this partial route, timing analysis to/from this port will not be accurate, and no routing information for this port can be exported.
WARNING: [Route 35-198] Port "s_axi_wdata[20]" does not have an associated HD.PARTPIN_LOCS, which will prevent the partial routing of the signal "s_axi_wdata[20]". Without this partial route, timing analysis to/from this port will not be accurate, and no routing information for this port can be exported.
WARNING: [Route 35-198] Port "s_axi_wdata[17]" does not have an associated HD.PARTPIN_LOCS, which will prevent the partial routing of the signal "s_axi_wdata[17]". Without this partial route, timing analysis to/from this port will not be accurate, and no routing information for this port can be exported.
WARNING: [Route 35-198] Port "s_axi_wdata[16]" does not have an associated HD.PARTPIN_LOCS, which will prevent the partial routing of the signal "s_axi_wdata[16]". Without this partial route, timing analysis to/from this port will not be accurate, and no routing information for this port can be exported.
WARNING: [Route 35-198] Port "s_axi_wdata[22]" does not have an associated HD.PARTPIN_LOCS, which will prevent the partial routing of the signal "s_axi_wdata[22]". Without this partial route, timing analysis to/from this port will not be accurate, and no routing information for this port can be exported.
WARNING: [Route 35-198] Port "s_axi_wdata[23]" does not have an associated HD.PARTPIN_LOCS, which will prevent the partial routing of the signal "s_axi_wdata[23]". Without this partial route, timing analysis to/from this port will not be accurate, and no routing information for this port can be exported.
WARNING: [Route 35-198] Port "x_m_axi_rdata[21]" does not have an associated HD.PARTPIN_LOCS, which will prevent the partial routing of the signal "x_m_axi_rdata[21]". Without this partial route, timing analysis to/from this port will not be accurate, and no routing information for this port can be exported.
WARNING: [Route 35-198] Port "x_m_axi_rdata[5]" does not have an associated HD.PARTPIN_LOCS, which will prevent the partial routing of the signal "x_m_axi_rdata[5]". Without this partial route, timing analysis to/from this port will not be accurate, and no routing information for this port can be exported.
WARNING: [Route 35-198] Port "x_m_axi_rdata[4]" does not have an associated HD.PARTPIN_LOCS, which will prevent the partial routing of the signal "x_m_axi_rdata[4]". Without this partial route, timing analysis to/from this port will not be accurate, and no routing information for this port can be exported.
WARNING: [Route 35-198] Port "x_m_axi_rdata[37]" does not have an associated HD.PARTPIN_LOCS, which will prevent the partial routing of the signal "x_m_axi_rdata[37]". Without this partial route, timing analysis to/from this port will not be accurate, and no routing information for this port can be exported.
WARNING: [Route 35-198] Port "m_axi_awready" does not have an associated HD.PARTPIN_LOCS, which will prevent the partial routing of the signal "m_axi_awready". Without this partial route, timing analysis to/from this port will not be accurate, and no routing information for this port can be exported.
WARNING: [Route 35-198] Port "m_axi_bvalid" does not have an associated HD.PARTPIN_LOCS, which will prevent the partial routing of the signal "m_axi_bvalid". Without this partial route, timing analysis to/from this port will not be accurate, and no routing information for this port can be exported.
WARNING: [Route 35-198] Port "m_axi_arready" does not have an associated HD.PARTPIN_LOCS, which will prevent the partial routing of the signal "m_axi_arready". Without this partial route, timing analysis to/from this port will not be accurate, and no routing information for this port can be exported.
WARNING: [Route 35-198] Port "m_axi_rvalid" does not have an associated HD.PARTPIN_LOCS, which will prevent the partial routing of the signal "m_axi_rvalid". Without this partial route, timing analysis to/from this port will not be accurate, and no routing information for this port can be exported.
WARNING: [Route 35-198] Port "x_m_axi_rdata[59]" does not have an associated HD.PARTPIN_LOCS, which will prevent the partial routing of the signal "x_m_axi_rdata[59]". Without this partial route, timing analysis to/from this port will not be accurate, and no routing information for this port can be exported.
WARNING: [Route 35-198] Port "x_m_axi_rdata[58]" does not have an associated HD.PARTPIN_LOCS, which will prevent the partial routing of the signal "x_m_axi_rdata[58]". Without this partial route, timing analysis to/from this port will not be accurate, and no routing information for this port can be exported.
WARNING: [Route 35-198] Port "x_m_axi_rdata[53]" does not have an associated HD.PARTPIN_LOCS, which will prevent the partial routing of the signal "x_m_axi_rdata[53]". Without this partial route, timing analysis to/from this port will not be accurate, and no routing information for this port can be exported.
WARNING: [Route 35-198] Port "x_m_axi_rdata[51]" does not have an associated HD.PARTPIN_LOCS, which will prevent the partial routing of the signal "x_m_axi_rdata[51]". Without this partial route, timing analysis to/from this port will not be accurate, and no routing information for this port can be exported.
INFO: [Common 17-14] Message 'Route 35-198' appears 100 times and further instances of the messages will be disabled. Use the Tcl command set_msg_config to change the current settings.
WARNING: [Constraints 18-8777] Unable to split tiles. All required files are not available.
Post Restoration Checksum: NetGraph: fa89c317 | NumContArr: 8d7822a3 | Constraints: c2a8fa9d | Timing: c2a8fa9d
Phase 1 Build RT Design | Checksum: 30d53daf4

Time (s): cpu = 00:00:41 ; elapsed = 00:00:27 . Memory (MB): peak = 2721.223 ; gain = 0.000

Phase 2 Router Initialization

Phase 2.1 Fix Topology Constraints
Phase 2.1 Fix Topology Constraints | Checksum: 30d53daf4

Time (s): cpu = 00:00:42 ; elapsed = 00:00:28 . Memory (MB): peak = 2721.223 ; gain = 0.000

Phase 2.2 Pre Route Cleanup
Phase 2.2 Pre Route Cleanup | Checksum: 30d53daf4

Time (s): cpu = 00:00:42 ; elapsed = 00:00:28 . Memory (MB): peak = 2721.223 ; gain = 0.000
 Number of Nodes with overlaps = 0

Phase 2.3 Update Timing
Phase 2.3 Update Timing | Checksum: 21d2bab64

Time (s): cpu = 00:01:01 ; elapsed = 00:00:39 . Memory (MB): peak = 2721.223 ; gain = 0.000
INFO: [Route 35-416] Intermediate Timing Summary | WNS=0.734  | TNS=0.000  | WHS=0.003  | THS=0.000  |


Phase 2.4 Soft Constraint Pins - Fast Budgeting
Phase 2.4 Soft Constraint Pins - Fast Budgeting | Checksum: 205ceedbb

Time (s): cpu = 00:01:11 ; elapsed = 00:00:46 . Memory (MB): peak = 3079.418 ; gain = 358.195

Router Utilization Summary
  Global Vertical Routing Utilization    = 0 %
  Global Horizontal Routing Utilization  = 0 %
  Routable Net Status*
  *Does not include unroutable nets such as driverless and loadless.
  Run report_route_status for detailed report.
  Number of Failed Nets               = 76287
    (Failed Nets is the sum of unrouted and partially routed nets)
  Number of Unrouted Nets             = 76287
  Number of Partially Routed Nets     = 0
  Number of Node Overlaps             = 0

Phase 2 Router Initialization | Checksum: 25b8e8970

Time (s): cpu = 00:01:12 ; elapsed = 00:00:46 . Memory (MB): peak = 3079.418 ; gain = 358.195

Phase 3 Global Routing
Phase 3 Global Routing | Checksum: 25b8e8970

Time (s): cpu = 00:01:12 ; elapsed = 00:00:46 . Memory (MB): peak = 3079.418 ; gain = 358.195

Phase 4 Initial Routing

Phase 4.1 Initial Net Routing Pass
Phase 4.1 Initial Net Routing Pass | Checksum: 2add59c15

Time (s): cpu = 00:01:36 ; elapsed = 00:00:59 . Memory (MB): peak = 3079.418 ; gain = 358.195
Phase 4 Initial Routing | Checksum: 2add59c15

Time (s): cpu = 00:01:36 ; elapsed = 00:01:00 . Memory (MB): peak = 3079.418 ; gain = 358.195

Phase 5 Rip-up And Reroute

Phase 5.1 Global Iteration 0
 Number of Nodes with overlaps = 18945
 Number of Nodes with overlaps = 2235
 Number of Nodes with overlaps = 415
 Number of Nodes with overlaps = 88
 Number of Nodes with overlaps = 11
 Number of Nodes with overlaps = 2
 Number of Nodes with overlaps = 0
INFO: [Route 35-416] Intermediate Timing Summary | WNS=0.798  | TNS=0.000  | WHS=N/A    | THS=N/A    |

Phase 5.1 Global Iteration 0 | Checksum: 1c291ec5e

Time (s): cpu = 00:04:07 ; elapsed = 00:03:01 . Memory (MB): peak = 3079.418 ; gain = 358.195
Phase 5 Rip-up And Reroute | Checksum: 1c291ec5e

Time (s): cpu = 00:04:07 ; elapsed = 00:03:01 . Memory (MB): peak = 3079.418 ; gain = 358.195

Phase 6 Delay and Skew Optimization

Phase 6.1 Delay CleanUp
Phase 6.1 Delay CleanUp | Checksum: 1c291ec5e

Time (s): cpu = 00:04:07 ; elapsed = 00:03:02 . Memory (MB): peak = 3079.418 ; gain = 358.195

Phase 6.2 Clock Skew Optimization
Phase 6.2 Clock Skew Optimization | Checksum: 1c291ec5e

Time (s): cpu = 00:04:07 ; elapsed = 00:03:02 . Memory (MB): peak = 3079.418 ; gain = 358.195
Phase 6 Delay and Skew Optimization | Checksum: 1c291ec5e

Time (s): cpu = 00:04:07 ; elapsed = 00:03:02 . Memory (MB): peak = 3079.418 ; gain = 358.195

Phase 7 Post Hold Fix

Phase 7.1 Hold Fix Iter
INFO: [Route 35-416] Intermediate Timing Summary | WNS=0.798  | TNS=0.000  | WHS=0.039  | THS=0.000  |

Phase 7.1 Hold Fix Iter | Checksum: 28d1c6257

Time (s): cpu = 00:04:11 ; elapsed = 00:03:04 . Memory (MB): peak = 3079.418 ; gain = 358.195
Phase 7 Post Hold Fix | Checksum: 28d1c6257

Time (s): cpu = 00:04:11 ; elapsed = 00:03:04 . Memory (MB): peak = 3079.418 ; gain = 358.195

Phase 8 Route finalize

Router Utilization Summary
  Global Vertical Routing Utilization    = 38.2731 %
  Global Horizontal Routing Utilization  = 41.1383 %
  Routable Net Status*
  *Does not include unroutable nets such as driverless and loadless.
  Run report_route_status for detailed report.
  Number of Failed Nets               = 0
    (Failed Nets is the sum of unrouted and partially routed nets)
  Number of Unrouted Nets             = 0
  Number of Partially Routed Nets     = 0
  Number of Node Overlaps             = 0

Phase 8 Route finalize | Checksum: 28d1c6257

Time (s): cpu = 00:04:11 ; elapsed = 00:03:04 . Memory (MB): peak = 3079.418 ; gain = 358.195

Phase 9 Verifying routed nets

 Verification completed successfully
Phase 9 Verifying routed nets | Checksum: 28d1c6257

Time (s): cpu = 00:04:12 ; elapsed = 00:03:04 . Memory (MB): peak = 3079.418 ; gain = 358.195

Phase 10 Depositing Routes
Phase 10 Depositing Routes | Checksum: 2bb864e6f

Time (s): cpu = 00:04:21 ; elapsed = 00:03:13 . Memory (MB): peak = 3079.418 ; gain = 358.195
INFO: [Route 72-16] Aggressive Explore Summary
+======+=======+=====+=======+=====+========+==============+===================+
| Pass |  WNS  | TNS |  WHS  | THS | Status | Elapsed Time | Solution Selected |
+======+=======+=====+=======+=====+========+==============+===================+
|  1   | 0.798 |  -  | 0.039 |  -  |  Pass  |   00:02:45   |         x         |
|  2   |   -   |  -  |   -   |  -  |  Skip  |   00:00:00   |                   |
+------+-------+-----+-------+-----+--------+--------------+-------------------+


Phase 11 Post Process Routing
Phase 11 Post Process Routing | Checksum: 2bb864e6f

Time (s): cpu = 00:04:22 ; elapsed = 00:03:13 . Memory (MB): peak = 3079.418 ; gain = 358.195

Phase 12 Post Router Timing
WARNING: [Timing 38-242] The property HD.CLK_SRC of clock port "clk_i" is not set. In out-of-context mode, this prevents timing estimation for clock delay/skew
Resolution: Set the HD.CLK_SRC property of the out-of-context port to the location of the clock buffer instance in the top-level design
INFO: [Route 35-20] Post Routing Timing Summary | WNS=0.806  | TNS=0.000  | WHS=0.040  | THS=0.000  |

Phase 12 Post Router Timing | Checksum: 27fcc5ff4

Time (s): cpu = 00:04:47 ; elapsed = 00:03:26 . Memory (MB): peak = 3079.418 ; gain = 358.195
INFO: [Route 35-61] The design met the timing requirement.
Total Elapsed time in route_design: 206.578 secs

Phase 13 Post-Route Event Processing
Phase 13 Post-Route Event Processing | Checksum: 20236f024

Time (s): cpu = 00:04:47 ; elapsed = 00:03:27 . Memory (MB): peak = 3079.418 ; gain = 358.195
INFO: [Route 35-16] Router Completed Successfully
Ending Routing Task | Checksum: 20236f024

Time (s): cpu = 00:04:48 ; elapsed = 00:03:27 . Memory (MB): peak = 3079.418 ; gain = 358.195

Routing Is Done.
INFO: [Common 17-83] Releasing license: Implementation
12 Infos, 103 Warnings, 0 Critical Warnings and 0 Errors encountered.
route_design completed successfully
route_design: Time (s): cpu = 00:04:49 ; elapsed = 00:03:28 . Memory (MB): peak = 3079.418 ; gain = 358.195
# report_utilization    -file $OUT/ooc_v28b60_utilization.rpt
# report_timing_summary -file $OUT/ooc_v28b60_timing.rpt
INFO: [Timing 38-91] UpdateTimingParams: Speed grade: -1, Delay Type: min_max.
INFO: [Timing 38-191] Multithreading enabled for timing update using a maximum of 2 CPUs
WARNING: [Timing 38-242] The property HD.CLK_SRC of clock port "clk_i" is not set. In out-of-context mode, this prevents timing estimation for clock delay/skew
Resolution: Set the HD.CLK_SRC property of the out-of-context port to the location of the clock buffer instance in the top-level design
report_timing_summary: Time (s): cpu = 00:00:28 ; elapsed = 00:00:17 . Memory (MB): peak = 3079.418 ; gain = 0.000
# report_drc            -file $OUT/ooc_v28b60_drc.rpt
Command: report_drc -file E:/competition/2_fpga/3_yolo_zynq/proj/ooc_gate/ooc_v28b60_drc.rpt
INFO: [IP_Flow 19-1839] IP Catalog is up to date.
INFO: [DRC 23-27] Running DRC with 2 threads
WARNING: [DRC 23-814] Not all possible (connectivity based) DRCs may have been run because this design is seen as Out of Context.
INFO: [Vivado_Tcl 2-168] The results of DRC are in file E:/competition/2_fpga/3_yolo_zynq/proj/ooc_gate/ooc_v28b60_drc.rpt.
report_drc completed successfully
report_drc: Time (s): cpu = 00:00:15 ; elapsed = 00:00:08 . Memory (MB): peak = 3079.418 ; gain = 0.000
# report_route_status   -file $OUT/ooc_v28b60_route_status.rpt
# write_checkpoint      -force $OUT/ooc_v28b60_routed.dcp
INFO: [Timing 38-480] Writing timing data to binary archive.
Wrote PlaceDB: Time (s): cpu = 00:00:00 ; elapsed = 00:00:00 . Memory (MB): peak = 3079.418 ; gain = 0.000
Wrote PulsedLatchDB: Time (s): cpu = 00:00:00 ; elapsed = 00:00:00 . Memory (MB): peak = 3079.418 ; gain = 0.000
Writing XDEF routing.
Writing XDEF routing logical nets.
Write ShapeDB Complete: Time (s): cpu = 00:00:01 ; elapsed = 00:00:00.205 . Memory (MB): peak = 3079.418 ; gain = 0.000
Writing XDEF routing special nets.
Wrote RouteStorage: Time (s): cpu = 00:00:04 ; elapsed = 00:00:00.890 . Memory (MB): peak = 3079.418 ; gain = 0.000
Wrote PlaceStorage: Time (s): cpu = 00:00:04 ; elapsed = 00:00:02 . Memory (MB): peak = 3079.418 ; gain = 0.000
Wrote Netlist Cache: Time (s): cpu = 00:00:00 ; elapsed = 00:00:00.098 . Memory (MB): peak = 3079.418 ; gain = 0.000
Wrote Device Cache: Time (s): cpu = 00:00:00 ; elapsed = 00:00:00.012 . Memory (MB): peak = 3079.418 ; gain = 0.000
Write Physdb Complete: Time (s): cpu = 00:00:09 ; elapsed = 00:00:04 . Memory (MB): peak = 3079.418 ; gain = 0.000
INFO: [Common 17-1381] The checkpoint 'E:/competition/2_fpga/3_yolo_zynq/proj/ooc_gate/ooc_v28b60_routed.dcp' has been generated.
write_checkpoint: Time (s): cpu = 00:00:10 ; elapsed = 00:00:06 . Memory (MB): peak = 3079.418 ; gain = 0.000
# set ndsp   [llength [get_cells -hier -filter {REF_NAME =~ DSP48E1}]]
# set nbram36 [llength [get_cells -hier -filter {REF_NAME =~ RAMB36E1}]]
WARNING: [Vivado 12-180] No cells matched 'get_cells -hier -filter {REF_NAME =~ RAMB18E1}'.
# set nbram18 [llength [get_cells -hier -filter {REF_NAME =~ RAMB18E1}]]
# puts "OOC_V28B60_RES dsp48e1=$ndsp ramb36=$nbram36 ramb18=$nbram18"
OOC_V28B60_RES dsp48e1=147 ramb36=52 ramb18=0
# report_timing -max_paths 10 -path_type summary \
#     -file $OUT/ooc_v28b60_top10.rpt
INFO: [Timing 38-91] UpdateTimingParams: Speed grade: -1, Delay Type: max.
INFO: [Timing 38-191] Multithreading enabled for timing update using a maximum of 2 CPUs
INFO: [Timing 38-78] ReportTimingParams: -max_paths 10 -nworst 1 -delay_type max -sort_by slack.
# set wns [get_property SLACK [get_timing_paths -delay_type max -max_paths 1]]
# set whs [get_property SLACK [get_timing_paths -delay_type min -max_paths 1]]
# set fmax [expr {1000.0 / (6.667 - $wns)}]
# if {$wns >= 0} {
#     puts "GEMM16_OOC_TIMING_60M_PASS wns_ns=$wns whs_ns=$whs fmax_mhz=$fmax target_mhz=60.0"
# } else {
#     puts "GEMM16_OOC_TIMING_60M_FAIL wns_ns=$wns whs_ns=$whs fmax_mhz=$fmax target_mhz=60.0"
# }
GEMM16_OOC_TIMING_60M_PASS wns_ns=0.806 whs_ns=0.040 fmax_mhz=170.61934823408976 target_mhz=60.0
INFO: [Common 17-206] Exiting Vivado at Thu Sep 17 23:53:38 2026...
