
****** Vivado v2025.2 (64-bit)
  **** SW Build 6299465 on Fri Nov 14 19:35:11 GMT 2025
  **** IP Build 6300035 on Fri Nov 14 10:48:45 MST 2025
  **** SharedData Build 6298862 on Thu Nov 13 04:50:51 MST 2025
  **** Start of session at: Sat Sep 19 16:27:03 2026
    ** Copyright 1986-2022 Xilinx, Inc. All Rights Reserved.
    ** Copyright 2022-2025 Advanced Micro Devices, Inc. All Rights Reserved.

source run22b_repair.tcl -notrace
EES_FIX_STAGE A_RESTORE_SOURCES
Scanning sources...
Finished scanning sources
WARNING: [Board 49-26] cannot add Board Part xilinx.com:emb-plus-vpr-4616:part0:1.0 available at F:/vivado2025/2025.2/data/xhub/boards\XilinxBoardStore\boards\Xilinx\emb-plus-vpr-4616\1.0\board.xml as part xcve2302-sfva784-2mp-e-s specified in board_part file is either invalid or not available
WARNING: [Board 49-26] cannot add Board Part xilinx.com:emb-plus-vpr-4616:part0:1.1 available at F:/vivado2025/2025.2/data/xhub/boards\XilinxBoardStore\boards\Xilinx\emb-plus-vpr-4616\1.1\board.xml as part xcve2302-sfva784-2mp-e-s specified in board_part file is either invalid or not available
WARNING: [Board 49-26] cannot add Board Part xilinx.com:kcu105:part0:1.6 available at F:/vivado2025/2025.2/data/xhub/boards\XilinxBoardStore\boards\Xilinx\kcu105\1.6\board.xml as part xcku040-ffva1156-2-e specified in board_part file is either invalid or not available
WARNING: [Board 49-26] cannot add Board Part xilinx.com:kcu105:part0:1.7 available at F:/vivado2025/2025.2/data/xhub/boards\XilinxBoardStore\boards\Xilinx\kcu105\1.7\board.xml as part xcku040-ffva1156-2-e specified in board_part file is either invalid or not available
WARNING: [Board 49-26] cannot add Board Part xilinx.com:kcu116:part0:1.4 available at F:/vivado2025/2025.2/data/xhub/boards\XilinxBoardStore\boards\Xilinx\kcu116\1.4\board.xml as part xcku5p-ffvb676-2-e specified in board_part file is either invalid or not available
WARNING: [Board 49-26] cannot add Board Part xilinx.com:kcu116:part0:1.5 available at F:/vivado2025/2025.2/data/xhub/boards\XilinxBoardStore\boards\Xilinx\kcu116\1.5\board.xml as part xcku5p-ffvb676-2-e specified in board_part file is either invalid or not available
WARNING: [Board 49-26] cannot add Board Part xilinx.com:kcu1500:part0:1.2 available at F:/vivado2025/2025.2/data/xhub/boards\XilinxBoardStore\boards\Xilinx\kcu1500\1.2\board.xml as part xcku115-flvb2104-2-e specified in board_part file is either invalid or not available
WARNING: [Board 49-26] cannot add Board Part xilinx.com:scu35:part0:1.0 available at F:/vivado2025/2025.2/data/xhub/boards\XilinxBoardStore\boards\Xilinx\scu35\1.0\board.xml as part xcsu35p-sbvb625-2-e specified in board_part file is either invalid or not available
WARNING: [Board 49-26] cannot add Board Part xilinx.com:v80:part0:1.0 available at F:/vivado2025/2025.2/data/xhub/boards\XilinxBoardStore\boards\Xilinx\v80\1.0\board.xml as part xcv80-lsva4737-2mhp-e-s specified in board_part file is either invalid or not available
WARNING: [Board 49-26] cannot add Board Part xilinx.com:vck190:part0:2.2 available at F:/vivado2025/2025.2/data/xhub/boards\XilinxBoardStore\boards\Xilinx\vck190\production\2.2\board.xml as part xcvc1902-vsva2197-2mp-e-s specified in board_part file is either invalid or not available
WARNING: [Board 49-26] cannot add Board Part xilinx.com:vck190:part0:3.0 available at F:/vivado2025/2025.2/data/xhub/boards\XilinxBoardStore\boards\Xilinx\vck190\production\3.0\board.xml as part xcvc1902-vsva2197-2mp-e-s specified in board_part file is either invalid or not available
WARNING: [Board 49-26] cannot add Board Part xilinx.com:vck190:part0:3.1 available at F:/vivado2025/2025.2/data/xhub/boards\XilinxBoardStore\boards\Xilinx\vck190\production\3.1\board.xml as part xcvc1902-vsva2197-2mp-e-s specified in board_part file is either invalid or not available
WARNING: [Board 49-26] cannot add Board Part xilinx.com:vck190:part0:3.2 available at F:/vivado2025/2025.2/data/xhub/boards\XilinxBoardStore\boards\Xilinx\vck190\production\3.2\board.xml as part xcvc1902-vsva2197-2mp-e-s specified in board_part file is either invalid or not available
WARNING: [Board 49-26] cannot add Board Part xilinx.com:vck190:part0:3.3 available at F:/vivado2025/2025.2/data/xhub/boards\XilinxBoardStore\boards\Xilinx\vck190\production\3.3\board.xml as part xcvc1902-vsva2197-2mp-e-s specified in board_part file is either invalid or not available
WARNING: [Board 49-26] cannot add Board Part xilinx.com:vck190:part0:3.4 available at F:/vivado2025/2025.2/data/xhub/boards\XilinxBoardStore\boards\Xilinx\vck190\production\3.4\board.xml as part xcvc1902-vsva2197-2mp-e-s specified in board_part file is either invalid or not available
WARNING: [Board 49-26] cannot add Board Part xilinx.com:vck190_newl:part0:1.0 available at F:/vivado2025/2025.2/data/xhub/boards\XilinxBoardStore\boards\Xilinx\vck190_newl\production\1.0\board.xml as part xcvc1902-vsva2197-2mp-e-s specified in board_part file is either invalid or not available
WARNING: [Board 49-26] cannot add Board Part xilinx.com:vck190_newl:part0:1.1 available at F:/vivado2025/2025.2/data/xhub/boards\XilinxBoardStore\boards\Xilinx\vck190_newl\production\1.1\board.xml as part xcvc1902-vsva2197-2mp-e-s specified in board_part file is either invalid or not available
WARNING: [Board 49-26] cannot add Board Part xilinx.com:vck190_newl:part0:1.2 available at F:/vivado2025/2025.2/data/xhub/boards\XilinxBoardStore\boards\Xilinx\vck190_newl\production\1.2\board.xml as part xcvc1902-vsva2197-2mp-e-s specified in board_part file is either invalid or not available
WARNING: [Board 49-26] cannot add Board Part xilinx.com:vck190_newl:part0:1.3 available at F:/vivado2025/2025.2/data/xhub/boards\XilinxBoardStore\boards\Xilinx\vck190_newl\production\1.3\board.xml as part xcvc1902-vsva2197-2mp-e-s specified in board_part file is either invalid or not available
WARNING: [Board 49-26] cannot add Board Part xilinx.com:vcu108:part0:1.6 available at F:/vivado2025/2025.2/data/xhub/boards\XilinxBoardStore\boards\Xilinx\vcu108\1.6\board.xml as part xcvu095-ffva2104-2-e specified in board_part file is either invalid or not available
WARNING: [Board 49-26] cannot add Board Part xilinx.com:vcu108:part0:1.7 available at F:/vivado2025/2025.2/data/xhub/boards\XilinxBoardStore\boards\Xilinx\vcu108\1.7\board.xml as part xcvu095-ffva2104-2-e specified in board_part file is either invalid or not available
WARNING: [Board 49-26] cannot add Board Part xilinx.com:vcu110:part0:1.4 available at F:/vivado2025/2025.2/data/xhub/boards\XilinxBoardStore\boards\Xilinx\vcu110\1.4\board.xml as part xcvu190-flgc2104-2-e specified in board_part file is either invalid or not available
WARNING: [Board 49-26] cannot add Board Part xilinx.com:vcu118:part0:2.0 available at F:/vivado2025/2025.2/data/xhub/boards\XilinxBoardStore\boards\Xilinx\vcu118\2.0\board.xml as part xcvu9p-flga2104-2l-e specified in board_part file is either invalid or not available
WARNING: [Board 49-26] cannot add Board Part xilinx.com:vcu118:part0:2.3 available at F:/vivado2025/2025.2/data/xhub/boards\XilinxBoardStore\boards\Xilinx\vcu118\2.3\board.xml as part xcvu9p-flga2104-2l-e specified in board_part file is either invalid or not available
WARNING: [Board 49-26] cannot add Board Part xilinx.com:vcu118:part0:2.4 available at F:/vivado2025/2025.2/data/xhub/boards\XilinxBoardStore\boards\Xilinx\vcu118\2.4\board.xml as part xcvu9p-flga2104-2l-e specified in board_part file is either invalid or not available
WARNING: [Board 49-26] cannot add Board Part xilinx.com:vcu128:part0:1.0 available at F:/vivado2025/2025.2/data/xhub/boards\XilinxBoardStore\boards\Xilinx\vcu128\production\1.0\board.xml as part xcvu37p-fsvh2892-2l-e specified in board_part file is either invalid or not available
WARNING: [Board 49-26] cannot add Board Part xilinx.com:vcu129:part0:1.0 available at F:/vivado2025/2025.2/data/xhub/boards\XilinxBoardStore\boards\Xilinx\vcu129\production\1.0\board.xml as part xcvu29p-fsga2577-2l-e specified in board_part file is either invalid or not available
WARNING: [Board 49-26] cannot add Board Part xilinx.com:vcu1525:part0:1.3 available at F:/vivado2025/2025.2/data/xhub/boards\XilinxBoardStore\boards\Xilinx\vcu1525\1.3\board.xml as part xcvu9p-fsgd2104-2l-e specified in board_part file is either invalid or not available
WARNING: [Board 49-26] cannot add Board Part xilinx.com:vek280:part0:1.0 available at F:/vivado2025/2025.2/data/xhub/boards\XilinxBoardStore\boards\Xilinx\vek280\production\1.0\board.xml as part xcve2802-vsvh1760-2mp-e-s specified in board_part file is either invalid or not available
WARNING: [Board 49-26] cannot add Board Part xilinx.com:vek280:part0:1.1 available at F:/vivado2025/2025.2/data/xhub/boards\XilinxBoardStore\boards\Xilinx\vek280\production\1.1\board.xml as part xcve2802-vsvh1760-2mp-e-s specified in board_part file is either invalid or not available
WARNING: [Board 49-26] cannot add Board Part xilinx.com:vek280:part0:1.2 available at F:/vivado2025/2025.2/data/xhub/boards\XilinxBoardStore\boards\Xilinx\vek280\production\1.2\board.xml as part xcve2802-vsvh1760-2mp-e-s specified in board_part file is either invalid or not available
WARNING: [Board 49-26] cannot add Board Part xilinx.com:vek385:part0:1.0 available at F:/vivado2025/2025.2/data/xhub/boards\XilinxBoardStore\boards\Xilinx\vek385\1.0\board.xml as part xc2ve3858-ssva2112-2mp-e-s specified in board_part file is either invalid or not available
WARNING: [Board 49-26] cannot add Board Part xilinx.com:vek385:part0:1.1 available at F:/vivado2025/2025.2/data/xhub/boards\XilinxBoardStore\boards\Xilinx\vek385\1.1\board.xml as part xc2ve3858-ssva2112-2mp-e-s specified in board_part file is either invalid or not available
WARNING: [Board 49-26] cannot add Board Part xilinx.com:vek385_1:part0:1.0 available at F:/vivado2025/2025.2/data/xhub/boards\XilinxBoardStore\boards\Xilinx\vek385_2\1.0\board.xml as part xc2ve3858-ssva2112-2mp-e-s specified in board_part file is either invalid or not available
WARNING: [Board 49-26] cannot add Board Part xilinx.com:vermeo_t1_rfsoc:part0:1.0 available at F:/vivado2025/2025.2/data/xhub/boards\XilinxBoardStore\boards\Xilinx\vermeo_t1_rfsoc\1.0\board.xml as part xczu21dr-ffvd1156-2l-e specified in board_part file is either invalid or not available
WARNING: [Board 49-26] cannot add Board Part xilinx.com:vhk158:part0:1.0 available at F:/vivado2025/2025.2/data/xhub/boards\XilinxBoardStore\boards\Xilinx\vhk158\production\1.0\board.xml as part xcvh1582-vsva3697-2mp-e-s specified in board_part file is either invalid or not available
WARNING: [Board 49-26] cannot add Board Part xilinx.com:vhk158:part0:1.1 available at F:/vivado2025/2025.2/data/xhub/boards\XilinxBoardStore\boards\Xilinx\vhk158\production\1.1\board.xml as part xcvh1582-vsva3697-2mp-e-s specified in board_part file is either invalid or not available
WARNING: [Board 49-26] cannot add Board Part xilinx.com:vhk158:part0:1.2 available at F:/vivado2025/2025.2/data/xhub/boards\XilinxBoardStore\boards\Xilinx\vhk158\production\1.2\board.xml as part xcvh1582-vsva3697-2mp-e-s specified in board_part file is either invalid or not available
WARNING: [Board 49-26] cannot add Board Part xilinx.com:vmk180:part0:2.2 available at F:/vivado2025/2025.2/data/xhub/boards\XilinxBoardStore\boards\Xilinx\vmk180\production\2.2\board.xml as part xcvm1802-vsva2197-2mp-e-s specified in board_part file is either invalid or not available
WARNING: [Board 49-26] cannot add Board Part xilinx.com:vmk180:part0:3.0 available at F:/vivado2025/2025.2/data/xhub/boards\XilinxBoardStore\boards\Xilinx\vmk180\production\3.0\board.xml as part xcvm1802-vsva2197-2mp-e-s specified in board_part file is either invalid or not available
WARNING: [Board 49-26] cannot add Board Part xilinx.com:vmk180:part0:3.1 available at F:/vivado2025/2025.2/data/xhub/boards\XilinxBoardStore\boards\Xilinx\vmk180\production\3.1\board.xml as part xcvm1802-vsva2197-2mp-e-s specified in board_part file is either invalid or not available
WARNING: [Board 49-26] cannot add Board Part xilinx.com:vmk180:part0:3.2 available at F:/vivado2025/2025.2/data/xhub/boards\XilinxBoardStore\boards\Xilinx\vmk180\production\3.2\board.xml as part xcvm1802-vsva2197-2mp-e-s specified in board_part file is either invalid or not available
WARNING: [Board 49-26] cannot add Board Part xilinx.com:vmk180:part0:3.3 available at F:/vivado2025/2025.2/data/xhub/boards\XilinxBoardStore\boards\Xilinx\vmk180\production\3.3\board.xml as part xcvm1802-vsva2197-2mp-e-s specified in board_part file is either invalid or not available
WARNING: [Board 49-26] cannot add Board Part xilinx.com:vmk180_newl:part0:1.0 available at F:/vivado2025/2025.2/data/xhub/boards\XilinxBoardStore\boards\Xilinx\vmk180_newl\production\1.0\board.xml as part xcvm1802-vsva2197-2mp-e-s specified in board_part file is either invalid or not available
WARNING: [Board 49-26] cannot add Board Part xilinx.com:vmk180_newl:part0:1.1 available at F:/vivado2025/2025.2/data/xhub/boards\XilinxBoardStore\boards\Xilinx\vmk180_newl\production\1.1\board.xml as part xcvm1802-vsva2197-2mp-e-s specified in board_part file is either invalid or not available
WARNING: [Board 49-26] cannot add Board Part xilinx.com:vpk120:part0:1.0 available at F:/vivado2025/2025.2/data/xhub/boards\XilinxBoardStore\boards\Xilinx\vpk120\production\1.0\board.xml as part xcvp1202-vsva2785-2mp-e-s specified in board_part file is either invalid or not available
WARNING: [Board 49-26] cannot add Board Part xilinx.com:vpk120:part0:1.1 available at F:/vivado2025/2025.2/data/xhub/boards\XilinxBoardStore\boards\Xilinx\vpk120\production\1.1\board.xml as part xcvp1202-vsva2785-2mp-e-s specified in board_part file is either invalid or not available
WARNING: [Board 49-26] cannot add Board Part xilinx.com:vpk120:part0:1.2 available at F:/vivado2025/2025.2/data/xhub/boards\XilinxBoardStore\boards\Xilinx\vpk120\production\1.2\board.xml as part xcvp1202-vsva2785-2mp-e-s specified in board_part file is either invalid or not available
WARNING: [Board 49-26] cannot add Board Part xilinx.com:vpk180:part0:1.0 available at F:/vivado2025/2025.2/data/xhub/boards\XilinxBoardStore\boards\Xilinx\vpk180\production\1.0\board.xml as part xcvp1802-lsvc4072-2mp-e-s specified in board_part file is either invalid or not available
WARNING: [Board 49-26] cannot add Board Part xilinx.com:vpk180:part0:1.1 available at F:/vivado2025/2025.2/data/xhub/boards\XilinxBoardStore\boards\Xilinx\vpk180\production\1.1\board.xml as part xcvp1802-lsvc4072-2mp-e-s specified in board_part file is either invalid or not available
WARNING: [Board 49-26] cannot add Board Part xilinx.com:vpk180:part0:1.2 available at F:/vivado2025/2025.2/data/xhub/boards\XilinxBoardStore\boards\Xilinx\vpk180\production\1.2\board.xml as part xcvp1802-lsvc4072-2mp-e-s specified in board_part file is either invalid or not available
WARNING: [Board 49-26] cannot add Board Part xilinx.com:vrk160:part0:1.0 available at F:/vivado2025/2025.2/data/xhub/boards\XilinxBoardStore\boards\Xilinx\vrk160\1.0\board.xml as part xcvr1602-vsva2488-2mp-e-s-es1 specified in board_part file is either invalid or not available
WARNING: [Board 49-26] cannot add Board Part xilinx.com:vrk160:part0:1.1 available at F:/vivado2025/2025.2/data/xhub/boards\XilinxBoardStore\boards\Xilinx\vrk160\1.1\board.xml as part xcvr1602-vsva2488-2mp-e-s-es1 specified in board_part file is either invalid or not available
WARNING: [Board 49-26] cannot add Board Part xilinx.com:zcu111:part0:1.2 available at F:/vivado2025/2025.2/data/xhub/boards\XilinxBoardStore\boards\Xilinx\zcu111\1.2\board.xml as part xczu28dr-ffvg1517-2-e specified in board_part file is either invalid or not available
WARNING: [Board 49-26] cannot add Board Part xilinx.com:zcu111:part0:1.3 available at F:/vivado2025/2025.2/data/xhub/boards\XilinxBoardStore\boards\Xilinx\zcu111\1.3\board.xml as part xczu28dr-ffvg1517-2-e specified in board_part file is either invalid or not available
WARNING: [Board 49-26] cannot add Board Part xilinx.com:zcu111:part0:1.4 available at F:/vivado2025/2025.2/data/xhub/boards\XilinxBoardStore\boards\Xilinx\zcu111\1.4\board.xml as part xczu28dr-ffvg1517-2-e specified in board_part file is either invalid or not available
WARNING: [Board 49-26] cannot add Board Part xilinx.com:zcu1275:part0:1.0 available at F:/vivado2025/2025.2/data/xhub/boards\XilinxBoardStore\boards\Xilinx\zcu1275\1.0\board.xml as part xczu29dr-ffvf1760-2-e specified in board_part file is either invalid or not available
WARNING: [Board 49-26] cannot add Board Part xilinx.com:zcu1285:part0:1.0 available at F:/vivado2025/2025.2/data/xhub/boards\XilinxBoardStore\boards\Xilinx\zcu1285\1.0\board.xml as part xczu39dr-ffvf1760-2-i specified in board_part file is either invalid or not available
WARNING: [Board 49-26] cannot add Board Part xilinx.com:zcu208:part0:2.0 available at F:/vivado2025/2025.2/data/xhub/boards\XilinxBoardStore\boards\Xilinx\zcu208\production\2.0\board.xml as part xczu48dr-fsvg1517-2-e specified in board_part file is either invalid or not available
WARNING: [Board 49-26] cannot add Board Part xilinx.com:zcu208ld:part0:2.0 available at F:/vivado2025/2025.2/data/xhub/boards\XilinxBoardStore\boards\Xilinx\zcu208ld\production\2.0\board.xml as part xczu58dr-fsvg1517-2-i specified in board_part file is either invalid or not available
WARNING: [Board 49-26] cannot add Board Part xilinx.com:zcu216:part0:2.0 available at F:/vivado2025/2025.2/data/xhub/boards\XilinxBoardStore\boards\Xilinx\zcu216\production\2.0\board.xml as part xczu49dr-ffvf1760-2-e specified in board_part file is either invalid or not available
WARNING: [Board 49-26] cannot add Board Part xilinx.com:zcu216ld:part0:2.0 available at F:/vivado2025/2025.2/data/xhub/boards\XilinxBoardStore\boards\Xilinx\zcu216ld\production\2.0\board.xml as part xczu59dr-ffvf1760-2-i specified in board_part file is either invalid or not available
WARNING: [Board 49-26] cannot add Board Part xilinx.com:zcu670:part0:2.0 available at F:/vivado2025/2025.2/data/xhub/boards\XilinxBoardStore\boards\Xilinx\zcu670\2.0\board.xml as part xczu67dr-fsve1156-2-i specified in board_part file is either invalid or not available
WARNING: [Board 49-26] cannot add Board Part xilinx.com:zcu670ld:part0:1.0 available at F:/vivado2025/2025.2/data/xhub/boards\XilinxBoardStore\boards\Xilinx\zcu670ld\1.0\board.xml as part xczu57dr-fsve1156-2-i specified in board_part file is either invalid or not available
WARNING: [Project 1-5713] Board part '' set for the project  is not found. BoardPart property will be unset. Please select board from latest repo build 
INFO: [IP_Flow 19-234] Refreshing IP repositories
INFO: [IP_Flow 19-1704] No user IP repositories specified
INFO: [IP_Flow 19-2313] Loaded Vivado IP repository 'F:/vivado2025/2025.2/Vivado/data/ip'.
INFO: [Project 1-5698] Found the below utility IPs instantiated in block design E:/competition/2_fpga/3_yolo_zynq/proj/axi_gemm_test/axi_gemm_test.srcs/sources_1/bd/display_test/display_test.bd which have equivalent inline hdl with improved performance and reduced diskspace.
It is recommended to migrate these utility IPs to inline hdl  using the command upgrade_project -migrate_to_inline_hdl.  The utility IPs may be deprecated in future releases.
More information on inline hdl is available in UG994.
Utility IP Component Instances:
 display_test_vcc_rst_0
CRITICAL WARNING: [Vivado 12-1462] The source file is already part of the fileset 'sources_1'. Requested source 'E:/competition/2_fpga/3_yolo_zynq/rtl/GEMM/ip/gemm_bm_w_g0/gemm_bm_w_g0.xci' will not be added.
CRITICAL WARNING: [Vivado 12-1462] The source file is already part of the fileset 'sources_1'. Requested source 'E:/competition/2_fpga/3_yolo_zynq/rtl/GEMM/ip/gemm_bm_w_g1/gemm_bm_w_g1.xci' will not be added.
CRITICAL WARNING: [Vivado 12-1462] The source file is already part of the fileset 'sources_1'. Requested source 'E:/competition/2_fpga/3_yolo_zynq/rtl/GEMM/ip/gemm_bm_x_g0/gemm_bm_x_g0.xci' will not be added.
CRITICAL WARNING: [Vivado 12-1462] The source file is already part of the fileset 'sources_1'. Requested source 'E:/competition/2_fpga/3_yolo_zynq/rtl/GEMM/ip/gemm_bm_x_g1/gemm_bm_x_g1.xci' will not be added.
CRITICAL WARNING: [Vivado 12-1462] The source file is already part of the fileset 'sources_1'. Requested source 'E:/competition/2_fpga/3_yolo_zynq/rtl/GEMM/ip/gemm_bm_lut/gemm_bm_lut.xci' will not be added.
CRITICAL WARNING: [Vivado 12-1462] The source file is already part of the fileset 'sources_1'. Requested source 'E:/competition/2_fpga/3_yolo_zynq/rtl/GEMM/ip/gemm_bm_ycap/gemm_bm_ycap.xci' will not be added.
WARNING: [filemgmt 56-12] File 'E:/competition/2_fpga/3_yolo_zynq/rtl/yolo_pe_pack.v' cannot be added to the project because it already exists in the project, skipping this file
WARNING: [filemgmt 56-12] File 'E:/competition/2_fpga/3_yolo_zynq/rtl/GEMM/yolo_pe_core.sv' cannot be added to the project because it already exists in the project, skipping this file
WARNING: [filemgmt 56-12] File 'E:/competition/2_fpga/3_yolo_zynq/rtl/GEMM/yolo_acc_dual.sv' cannot be added to the project because it already exists in the project, skipping this file
WARNING: [filemgmt 56-12] File 'E:/competition/2_fpga/3_yolo_zynq/rtl/GEMM/yolo_mac_cell.sv' cannot be added to the project because it already exists in the project, skipping this file
WARNING: [filemgmt 56-12] File 'E:/competition/2_fpga/3_yolo_zynq/rtl/GEMM/yolo_gemm_tail.sv' cannot be added to the project because it already exists in the project, skipping this file
WARNING: [filemgmt 56-12] File 'E:/competition/2_fpga/3_yolo_zynq/rtl/GEMM/yolo_gemm_array.sv' cannot be added to the project because it already exists in the project, skipping this file
WARNING: [filemgmt 56-12] File 'E:/competition/2_fpga/3_yolo_zynq/rtl/GEMM/yolo_gemm_bank.sv' cannot be added to the project because it already exists in the project, skipping this file
WARNING: [filemgmt 56-12] File 'E:/competition/2_fpga/3_yolo_zynq/rtl/GEMM/yolo_gemm_feeder.sv' cannot be added to the project because it already exists in the project, skipping this file
WARNING: [filemgmt 56-12] File 'E:/competition/2_fpga/3_yolo_zynq/rtl/GEMM/yolo_gemm_core.sv' cannot be added to the project because it already exists in the project, skipping this file
WARNING: [filemgmt 56-12] File 'E:/competition/2_fpga/3_yolo_zynq/rtl/GEMM/yolo_gemm_top.v' cannot be added to the project because it already exists in the project, skipping this file
EES_FIX_SRC yolo_pe_pack.v -> E:/competition/2_fpga/3_yolo_zynq/rtl/yolo_pe_pack.v
EES_FIX_SRC yolo_pe_core.sv -> E:/competition/2_fpga/3_yolo_zynq/rtl/GEMM/yolo_pe_core.sv
EES_FIX_SRC yolo_acc_dual.sv -> E:/competition/2_fpga/3_yolo_zynq/rtl/GEMM/yolo_acc_dual.sv
EES_FIX_SRC yolo_mac_cell.sv -> E:/competition/2_fpga/3_yolo_zynq/rtl/GEMM/yolo_mac_cell.sv
EES_FIX_SRC yolo_gemm_tail.sv -> E:/competition/2_fpga/3_yolo_zynq/rtl/GEMM/yolo_gemm_tail.sv
EES_FIX_SRC yolo_gemm_array.sv -> E:/competition/2_fpga/3_yolo_zynq/rtl/GEMM/yolo_gemm_array.sv
EES_FIX_SRC yolo_gemm_bank.sv -> E:/competition/2_fpga/3_yolo_zynq/rtl/GEMM/yolo_gemm_bank.sv
EES_FIX_SRC yolo_gemm_feeder.sv -> E:/competition/2_fpga/3_yolo_zynq/rtl/GEMM/yolo_gemm_feeder.sv
EES_FIX_SRC yolo_gemm_core.sv -> E:/competition/2_fpga/3_yolo_zynq/rtl/GEMM/yolo_gemm_core.sv
EES_FIX_SRC yolo_gemm_top.v -> E:/competition/2_fpga/3_yolo_zynq/rtl/GEMM/yolo_gemm_top.v
EES_FIX_SRC gemm_bm_w_g0.xci -> E:/competition/2_fpga/3_yolo_zynq/rtl/GEMM/ip/gemm_bm_w_g0/gemm_bm_w_g0.xci
EES_FIX_SRC gemm_bm_w_g1.xci -> E:/competition/2_fpga/3_yolo_zynq/rtl/GEMM/ip/gemm_bm_w_g1/gemm_bm_w_g1.xci
EES_FIX_SRC gemm_bm_x_g0.xci -> E:/competition/2_fpga/3_yolo_zynq/rtl/GEMM/ip/gemm_bm_x_g0/gemm_bm_x_g0.xci
EES_FIX_SRC gemm_bm_x_g1.xci -> E:/competition/2_fpga/3_yolo_zynq/rtl/GEMM/ip/gemm_bm_x_g1/gemm_bm_x_g1.xci
EES_FIX_SRC gemm_bm_lut.xci -> E:/competition/2_fpga/3_yolo_zynq/rtl/GEMM/ip/gemm_bm_lut/gemm_bm_lut.xci
EES_FIX_SRC gemm_bm_ycap.xci -> E:/competition/2_fpga/3_yolo_zynq/rtl/GEMM/ip/gemm_bm_ycap/gemm_bm_ycap.xci
EES_FIX_STAGE B_BD_REOPEN
Reading block design file <E:/competition/2_fpga/3_yolo_zynq/proj/axi_gemm_test/axi_gemm_test.srcs/sources_1/bd/display_test/display_test.bd>...
Adding component instance block -- xilinx.com:ip:processing_system7:5.5 - processing_system7_0
Adding component instance block -- xilinx.com:ip:axi_interconnect:2.1 - axi_ic0
Adding component instance block -- xilinx.com:ip:axi_crossbar:2.1 - xbar
Adding component instance block -- xilinx.com:ip:axi_protocol_converter:2.1 - auto_pc
Adding component instance block -- xilinx.com:module_ref:yolo_control_subsystem:1.0 - u_yolo_csr
Adding component instance block -- xilinx.com:ip:proc_sys_reset:5.0 - rst_sys
Adding component instance block -- xilinx.com:ip:xlconstant:1.1 - vcc_rst
Adding component instance block -- xilinx.com:module_ref:yolo_gemm_top:1.0 - u_yolo_gemm
Successfully read diagram <display_test> from block design file <E:/competition/2_fpga/3_yolo_zynq/proj/axi_gemm_test/axi_gemm_test.srcs/sources_1/bd/display_test/display_test.bd>
EES_FIX_CELL u_yolo_gemm resolved, iface s_axi present
INFO: [BD 5-320] Validate design is not run, since the design is already validated.
EES_FIX_ADDR both addresses verified in saved .bd
EES_FIX_STAGE C_IMPL_BIT
EES_FIX_SYNTH_NEEDS_REFRESH 1
INFO: [Vivado 12-4149] The synthesis checkpoint for IP 'E:/competition/2_fpga/3_yolo_zynq/proj/axi_gemm_test/axi_gemm_test.srcs/sources_1/ip/yolo_ring_bram/yolo_ring_bram.xci' is already up-to-date
INFO: [Vivado 12-4149] The synthesis checkpoint for IP 'E:/competition/2_fpga/3_yolo_zynq/proj/axi_gemm_test/axi_gemm_test.srcs/sources_1/ip/yolo_lut_bram/yolo_lut_bram.xci' is already up-to-date
INFO: [Vivado 12-4149] The synthesis checkpoint for IP 'E:/competition/2_fpga/3_yolo_zynq/proj/axi_gemm_test/axi_gemm_test.srcs/sources_1/ip/yolo_quant_bram/yolo_quant_bram.xci' is already up-to-date
INFO: [Vivado 12-4149] The synthesis checkpoint for IP 'E:/competition/2_fpga/3_yolo_zynq/proj/axi_gemm_test/axi_gemm_test.srcs/sources_1/ip/yolo_buf_bram/yolo_buf_bram.xci' is already up-to-date
INFO: [Vivado 12-4149] The synthesis checkpoint for IP 'E:/competition/2_fpga/3_yolo_zynq/proj/axi_gemm_test/axi_gemm_test.srcs/sources_1/ip/yolo_desc_bram/yolo_desc_bram.xci' is already up-to-date
INFO: [Vivado 12-4149] The synthesis checkpoint for IP 'E:/competition/2_fpga/3_yolo_zynq/rtl/GEMM/ip/gemm_bm_ycap/gemm_bm_ycap.xci' is already up-to-date
INFO: [Vivado 12-4149] The synthesis checkpoint for IP 'E:/competition/2_fpga/3_yolo_zynq/rtl/GEMM/ip/gemm_bm_lut/gemm_bm_lut.xci' is already up-to-date
INFO: [Vivado 12-4149] The synthesis checkpoint for IP 'E:/competition/2_fpga/3_yolo_zynq/rtl/GEMM/ip/gemm_bm_x_g1/gemm_bm_x_g1.xci' is already up-to-date
INFO: [Vivado 12-4149] The synthesis checkpoint for IP 'E:/competition/2_fpga/3_yolo_zynq/rtl/GEMM/ip/gemm_bm_x_g0/gemm_bm_x_g0.xci' is already up-to-date
INFO: [Vivado 12-4149] The synthesis checkpoint for IP 'E:/competition/2_fpga/3_yolo_zynq/rtl/GEMM/ip/gemm_bm_w_g1/gemm_bm_w_g1.xci' is already up-to-date
INFO: [Vivado 12-4149] The synthesis checkpoint for IP 'E:/competition/2_fpga/3_yolo_zynq/rtl/GEMM/ip/gemm_bm_w_g0/gemm_bm_w_g0.xci' is already up-to-date
INFO: [Vivado 12-4149] The synthesis checkpoint for IP 'E:/competition/2_fpga/3_yolo_zynq/proj/axi_gemm_test/axi_gemm_test.srcs/sources_1/ip/yolo_ring_bram/yolo_ring_bram.xci' is already up-to-date
INFO: [Vivado 12-4149] The synthesis checkpoint for IP 'E:/competition/2_fpga/3_yolo_zynq/proj/axi_gemm_test/axi_gemm_test.srcs/sources_1/ip/yolo_lut_bram/yolo_lut_bram.xci' is already up-to-date
INFO: [Vivado 12-4149] The synthesis checkpoint for IP 'E:/competition/2_fpga/3_yolo_zynq/proj/axi_gemm_test/axi_gemm_test.srcs/sources_1/ip/yolo_quant_bram/yolo_quant_bram.xci' is already up-to-date
INFO: [Vivado 12-4149] The synthesis checkpoint for IP 'E:/competition/2_fpga/3_yolo_zynq/proj/axi_gemm_test/axi_gemm_test.srcs/sources_1/ip/yolo_buf_bram/yolo_buf_bram.xci' is already up-to-date
INFO: [Vivado 12-4149] The synthesis checkpoint for IP 'E:/competition/2_fpga/3_yolo_zynq/proj/axi_gemm_test/axi_gemm_test.srcs/sources_1/ip/yolo_desc_bram/yolo_desc_bram.xci' is already up-to-date
INFO: [Vivado 12-4149] The synthesis checkpoint for IP 'E:/competition/2_fpga/3_yolo_zynq/rtl/GEMM/ip/gemm_bm_ycap/gemm_bm_ycap.xci' is already up-to-date
INFO: [Vivado 12-4149] The synthesis checkpoint for IP 'E:/competition/2_fpga/3_yolo_zynq/rtl/GEMM/ip/gemm_bm_lut/gemm_bm_lut.xci' is already up-to-date
INFO: [Vivado 12-4149] The synthesis checkpoint for IP 'E:/competition/2_fpga/3_yolo_zynq/rtl/GEMM/ip/gemm_bm_x_g1/gemm_bm_x_g1.xci' is already up-to-date
INFO: [Vivado 12-4149] The synthesis checkpoint for IP 'E:/competition/2_fpga/3_yolo_zynq/rtl/GEMM/ip/gemm_bm_x_g0/gemm_bm_x_g0.xci' is already up-to-date
INFO: [Vivado 12-4149] The synthesis checkpoint for IP 'E:/competition/2_fpga/3_yolo_zynq/rtl/GEMM/ip/gemm_bm_w_g1/gemm_bm_w_g1.xci' is already up-to-date
INFO: [Vivado 12-4149] The synthesis checkpoint for IP 'E:/competition/2_fpga/3_yolo_zynq/rtl/GEMM/ip/gemm_bm_w_g0/gemm_bm_w_g0.xci' is already up-to-date
[Sat Sep 19 16:27:15 2026] Launched synth_1...
Run output will be captured here: E:/competition/2_fpga/3_yolo_zynq/proj/axi_gemm_test/axi_gemm_test.runs/synth_1/runme.log
[Sat Sep 19 16:27:15 2026] Launched impl_1...
Run output will be captured here: E:/competition/2_fpga/3_yolo_zynq/proj/axi_gemm_test/axi_gemm_test.runs/impl_1/runme.log
[Sat Sep 19 16:27:15 2026] Waiting for impl_1 to finish...


*** Running vivado
    with args -log display_test_wrapper.vdi -applog -m64 -product Vivado -messageDb vivado.pb -mode batch -source display_test_wrapper.tcl -notrace



****** Vivado v2025.2 (64-bit)
  **** SW Build 6299465 on Fri Nov 14 19:35:11 GMT 2025
  **** IP Build 6300035 on Fri Nov 14 10:48:45 MST 2025
  **** SharedData Build 6298862 on Thu Nov 13 04:50:51 MST 2025
  **** Start of session at: Sat Sep 19 16:27:51 2026
    ** Copyright 1986-2022 Xilinx, Inc. All Rights Reserved.
    ** Copyright 2022-2025 Advanced Micro Devices, Inc. All Rights Reserved.

source display_test_wrapper.tcl -notrace
Command: link_design -top display_test_wrapper -part xc7z020clg484-1
Design is defaulting to srcset: sources_1
Design is defaulting to constrset: constrs_1
INFO: [Device 21-403] Loading part xc7z020clg484-1
INFO: [Project 1-5699] Read binary netlist with skipMacroContent - 1
INFO: [Project 1-454] Reading design checkpoint 'e:/competition/2_fpga/3_yolo_zynq/proj/axi_gemm_test/axi_gemm_test.gen/sources_1/bd/display_test/ip/display_test_processing_system7_0_0/display_test_processing_system7_0_0.dcp' for cell 'display_test_i/processing_system7_0'
INFO: [Project 1-454] Reading design checkpoint 'e:/competition/2_fpga/3_yolo_zynq/proj/axi_gemm_test/axi_gemm_test.gen/sources_1/bd/display_test/ip/display_test_rst_sys_0/display_test_rst_sys_0.dcp' for cell 'display_test_i/rst_sys'
INFO: [Project 1-454] Reading design checkpoint 'e:/competition/2_fpga/3_yolo_zynq/proj/axi_gemm_test/axi_gemm_test.gen/sources_1/bd/display_test/ip/display_test_u_yolo_csr_0/display_test_u_yolo_csr_0.dcp' for cell 'display_test_i/u_yolo_csr'
INFO: [Project 1-454] Reading design checkpoint 'e:/competition/2_fpga/3_yolo_zynq/proj/axi_gemm_test/axi_gemm_test.gen/sources_1/bd/display_test/ip/display_test_u_yolo_gemm_0/display_test_u_yolo_gemm_0.dcp' for cell 'display_test_i/u_yolo_gemm'
INFO: [Project 1-454] Reading design checkpoint 'e:/competition/2_fpga/3_yolo_zynq/proj/axi_gemm_test/axi_gemm_test.gen/sources_1/bd/display_test/ip/display_test_axi_ic0_imp_xbar_0/display_test_axi_ic0_imp_xbar_0.dcp' for cell 'display_test_i/axi_ic0/xbar'
INFO: [Project 1-454] Reading design checkpoint 'e:/competition/2_fpga/3_yolo_zynq/proj/axi_gemm_test/axi_gemm_test.gen/sources_1/bd/display_test/ip/display_test_axi_ic0_imp_auto_pc_0/display_test_axi_ic0_imp_auto_pc_0.dcp' for cell 'display_test_i/axi_ic0/s00_couplers/auto_pc'
INFO: [Project 1-454] Reading design checkpoint 'e:/competition/2_fpga/3_yolo_zynq/proj/axi_gemm_test/axi_gemm_test.gen/sources_1/ip/yolo_buf_bram/yolo_buf_bram.dcp' for cell 'display_test_i/u_yolo_csr/inst/u_buf_tbl/u_bram'
INFO: [Project 1-454] Reading design checkpoint 'e:/competition/2_fpga/3_yolo_zynq/proj/axi_gemm_test/axi_gemm_test.gen/sources_1/ip/yolo_desc_bram/yolo_desc_bram.dcp' for cell 'display_test_i/u_yolo_csr/inst/u_desc_tbl/u_bram'
INFO: [Project 1-454] Reading design checkpoint 'e:/competition/2_fpga/3_yolo_zynq/proj/axi_gemm_test/axi_gemm_test.gen/sources_1/ip/yolo_lut_bram/yolo_lut_bram.dcp' for cell 'display_test_i/u_yolo_csr/inst/u_lut_tbl/u_bram'
INFO: [Project 1-454] Reading design checkpoint 'e:/competition/2_fpga/3_yolo_zynq/proj/axi_gemm_test/axi_gemm_test.gen/sources_1/ip/yolo_quant_bram/yolo_quant_bram.dcp' for cell 'display_test_i/u_yolo_csr/inst/u_quant_tbl/u_bram'
INFO: [Project 1-454] Reading design checkpoint 'e:/competition/2_fpga/3_yolo_zynq/proj/axi_gemm_test/axi_gemm_test.gen/sources_1/ip/yolo_ring_bram/yolo_ring_bram.dcp' for cell 'display_test_i/u_yolo_csr/inst/u_ring/u_ring_tbl/u_bram'
INFO: [Project 1-454] Reading design checkpoint 'e:/competition/2_fpga/3_yolo_zynq/rtl/GEMM/ip/gemm_bm_ycap/gemm_bm_ycap.dcp' for cell 'display_test_i/u_yolo_gemm/inst/u_ycap'
INFO: [Project 1-454] Reading design checkpoint 'e:/competition/2_fpga/3_yolo_zynq/rtl/GEMM/ip/gemm_bm_lut/gemm_bm_lut.dcp' for cell 'display_test_i/u_yolo_gemm/inst/u_core/u_array/u_tail/lane[0].u_lut_bmg'
INFO: [Project 1-454] Reading design checkpoint 'e:/competition/2_fpga/3_yolo_zynq/rtl/GEMM/ip/gemm_bm_w_g0/gemm_bm_w_g0.dcp' for cell 'display_test_i/u_yolo_gemm/inst/u_core/u_bank/u_w_g0'
INFO: [Project 1-454] Reading design checkpoint 'e:/competition/2_fpga/3_yolo_zynq/rtl/GEMM/ip/gemm_bm_w_g1/gemm_bm_w_g1.dcp' for cell 'display_test_i/u_yolo_gemm/inst/u_core/u_bank/u_w_g1'
INFO: [Project 1-454] Reading design checkpoint 'e:/competition/2_fpga/3_yolo_zynq/rtl/GEMM/ip/gemm_bm_x_g0/gemm_bm_x_g0.dcp' for cell 'display_test_i/u_yolo_gemm/inst/u_core/u_bank/u_x_g0'
INFO: [Project 1-454] Reading design checkpoint 'e:/competition/2_fpga/3_yolo_zynq/rtl/GEMM/ip/gemm_bm_x_g1/gemm_bm_x_g1.dcp' for cell 'display_test_i/u_yolo_gemm/inst/u_core/u_bank/u_x_g1'
Netlist sorting complete. Time (s): cpu = 00:00:01 ; elapsed = 00:00:00.418 . Memory (MB): peak = 903.621 ; gain = 0.000
INFO: [Netlist 29-17] Analyzing 2597 Unisim elements for replacement
INFO: [Netlist 29-28] Unisim Transformation completed in 0 CPU seconds
INFO: [Project 1-479] Netlist was created with Vivado 2025.2
INFO: [Project 1-570] Preparing netlist for logic optimization
Parsing XDC File [e:/competition/2_fpga/3_yolo_zynq/proj/axi_gemm_test/axi_gemm_test.gen/sources_1/bd/display_test/ip/display_test_processing_system7_0_0/display_test_processing_system7_0_0.xdc] for cell 'display_test_i/processing_system7_0/inst'
Finished Parsing XDC File [e:/competition/2_fpga/3_yolo_zynq/proj/axi_gemm_test/axi_gemm_test.gen/sources_1/bd/display_test/ip/display_test_processing_system7_0_0/display_test_processing_system7_0_0.xdc] for cell 'display_test_i/processing_system7_0/inst'
Parsing XDC File [e:/competition/2_fpga/3_yolo_zynq/proj/axi_gemm_test/axi_gemm_test.gen/sources_1/bd/display_test/ip/display_test_rst_sys_0/display_test_rst_sys_0_board.xdc] for cell 'display_test_i/rst_sys/U0'
Finished Parsing XDC File [e:/competition/2_fpga/3_yolo_zynq/proj/axi_gemm_test/axi_gemm_test.gen/sources_1/bd/display_test/ip/display_test_rst_sys_0/display_test_rst_sys_0_board.xdc] for cell 'display_test_i/rst_sys/U0'
Parsing XDC File [E:/competition/2_fpga/3_yolo_zynq/proj/axi_gemm_test/axi_gemm_test.srcs/constrs_1/new/pin_zynq7020_cam.xdc]
WARNING: [Vivado 12-584] No ports matched 'clk_in1_0'. [E:/competition/2_fpga/3_yolo_zynq/proj/axi_gemm_test/axi_gemm_test.srcs/constrs_1/new/pin_zynq7020_cam.xdc:1]
CRITICAL WARNING: [Common 17-55] 'set_property' expects at least one object. [E:/competition/2_fpga/3_yolo_zynq/proj/axi_gemm_test/axi_gemm_test.srcs/constrs_1/new/pin_zynq7020_cam.xdc:1]
Resolution: If [get_<value>] was used to populate the object, check to make sure this command returns at least one valid object.
WARNING: [Vivado 12-584] No ports matched 'clk_in1_0'. [E:/competition/2_fpga/3_yolo_zynq/proj/axi_gemm_test/axi_gemm_test.srcs/constrs_1/new/pin_zynq7020_cam.xdc:2]
CRITICAL WARNING: [Common 17-55] 'set_property' expects at least one object. [E:/competition/2_fpga/3_yolo_zynq/proj/axi_gemm_test/axi_gemm_test.srcs/constrs_1/new/pin_zynq7020_cam.xdc:2]
Resolution: If [get_<value>] was used to populate the object, check to make sure this command returns at least one valid object.
WARNING: [Vivado 12-584] No ports matched 'clk_in1_0'. [E:/competition/2_fpga/3_yolo_zynq/proj/axi_gemm_test/axi_gemm_test.srcs/constrs_1/new/pin_zynq7020_cam.xdc:6]
CRITICAL WARNING: [Vivado 12-4739] create_clock:No valid object(s) found for '-objects [get_ports clk_in1_0]'. [E:/competition/2_fpga/3_yolo_zynq/proj/axi_gemm_test/axi_gemm_test.srcs/constrs_1/new/pin_zynq7020_cam.xdc:6]
Resolution: Check if the specified object(s) exists in the current design. If it does, ensure that the correct design hierarchy was specified for the object. If you are working with clocks, make sure create_clock was used to create the clock object before it is referenced.
WARNING: [Vivado 12-584] No ports matched 'sccb_clk_0'. [E:/competition/2_fpga/3_yolo_zynq/proj/axi_gemm_test/axi_gemm_test.srcs/constrs_1/new/pin_zynq7020_cam.xdc:8]
CRITICAL WARNING: [Common 17-55] 'set_property' expects at least one object. [E:/competition/2_fpga/3_yolo_zynq/proj/axi_gemm_test/axi_gemm_test.srcs/constrs_1/new/pin_zynq7020_cam.xdc:8]
Resolution: If [get_<value>] was used to populate the object, check to make sure this command returns at least one valid object.
WARNING: [Vivado 12-584] No ports matched 'sccb_clk_0'. [E:/competition/2_fpga/3_yolo_zynq/proj/axi_gemm_test/axi_gemm_test.srcs/constrs_1/new/pin_zynq7020_cam.xdc:9]
CRITICAL WARNING: [Common 17-55] 'set_property' expects at least one object. [E:/competition/2_fpga/3_yolo_zynq/proj/axi_gemm_test/axi_gemm_test.srcs/constrs_1/new/pin_zynq7020_cam.xdc:9]
Resolution: If [get_<value>] was used to populate the object, check to make sure this command returns at least one valid object.
WARNING: [Vivado 12-584] No ports matched 'resetn_0'. [E:/competition/2_fpga/3_yolo_zynq/proj/axi_gemm_test/axi_gemm_test.srcs/constrs_1/new/pin_zynq7020_cam.xdc:10]
CRITICAL WARNING: [Common 17-55] 'set_property' expects at least one object. [E:/competition/2_fpga/3_yolo_zynq/proj/axi_gemm_test/axi_gemm_test.srcs/constrs_1/new/pin_zynq7020_cam.xdc:10]
Resolution: If [get_<value>] was used to populate the object, check to make sure this command returns at least one valid object.
WARNING: [Vivado 12-584] No ports matched 'resetn_0'. [E:/competition/2_fpga/3_yolo_zynq/proj/axi_gemm_test/axi_gemm_test.srcs/constrs_1/new/pin_zynq7020_cam.xdc:11]
CRITICAL WARNING: [Common 17-55] 'set_property' expects at least one object. [E:/competition/2_fpga/3_yolo_zynq/proj/axi_gemm_test/axi_gemm_test.srcs/constrs_1/new/pin_zynq7020_cam.xdc:11]
Resolution: If [get_<value>] was used to populate the object, check to make sure this command returns at least one valid object.
WARNING: [Vivado 12-584] No ports matched 'cam_data_0[0]'. [E:/competition/2_fpga/3_yolo_zynq/proj/axi_gemm_test/axi_gemm_test.srcs/constrs_1/new/pin_zynq7020_cam.xdc:12]
CRITICAL WARNING: [Common 17-55] 'set_property' expects at least one object. [E:/competition/2_fpga/3_yolo_zynq/proj/axi_gemm_test/axi_gemm_test.srcs/constrs_1/new/pin_zynq7020_cam.xdc:12]
Resolution: If [get_<value>] was used to populate the object, check to make sure this command returns at least one valid object.
WARNING: [Vivado 12-584] No ports matched 'cam_data_0[1]'. [E:/competition/2_fpga/3_yolo_zynq/proj/axi_gemm_test/axi_gemm_test.srcs/constrs_1/new/pin_zynq7020_cam.xdc:13]
CRITICAL WARNING: [Common 17-55] 'set_property' expects at least one object. [E:/competition/2_fpga/3_yolo_zynq/proj/axi_gemm_test/axi_gemm_test.srcs/constrs_1/new/pin_zynq7020_cam.xdc:13]
Resolution: If [get_<value>] was used to populate the object, check to make sure this command returns at least one valid object.
WARNING: [Vivado 12-584] No ports matched 'cam_data_0[2]'. [E:/competition/2_fpga/3_yolo_zynq/proj/axi_gemm_test/axi_gemm_test.srcs/constrs_1/new/pin_zynq7020_cam.xdc:14]
CRITICAL WARNING: [Common 17-55] 'set_property' expects at least one object. [E:/competition/2_fpga/3_yolo_zynq/proj/axi_gemm_test/axi_gemm_test.srcs/constrs_1/new/pin_zynq7020_cam.xdc:14]
Resolution: If [get_<value>] was used to populate the object, check to make sure this command returns at least one valid object.
WARNING: [Vivado 12-584] No ports matched 'cam_data_0[3]'. [E:/competition/2_fpga/3_yolo_zynq/proj/axi_gemm_test/axi_gemm_test.srcs/constrs_1/new/pin_zynq7020_cam.xdc:15]
CRITICAL WARNING: [Common 17-55] 'set_property' expects at least one object. [E:/competition/2_fpga/3_yolo_zynq/proj/axi_gemm_test/axi_gemm_test.srcs/constrs_1/new/pin_zynq7020_cam.xdc:15]
Resolution: If [get_<value>] was used to populate the object, check to make sure this command returns at least one valid object.
WARNING: [Vivado 12-584] No ports matched 'cam_data_0[4]'. [E:/competition/2_fpga/3_yolo_zynq/proj/axi_gemm_test/axi_gemm_test.srcs/constrs_1/new/pin_zynq7020_cam.xdc:16]
CRITICAL WARNING: [Common 17-55] 'set_property' expects at least one object. [E:/competition/2_fpga/3_yolo_zynq/proj/axi_gemm_test/axi_gemm_test.srcs/constrs_1/new/pin_zynq7020_cam.xdc:16]
Resolution: If [get_<value>] was used to populate the object, check to make sure this command returns at least one valid object.
WARNING: [Vivado 12-584] No ports matched 'cam_data_0[5]'. [E:/competition/2_fpga/3_yolo_zynq/proj/axi_gemm_test/axi_gemm_test.srcs/constrs_1/new/pin_zynq7020_cam.xdc:17]
CRITICAL WARNING: [Common 17-55] 'set_property' expects at least one object. [E:/competition/2_fpga/3_yolo_zynq/proj/axi_gemm_test/axi_gemm_test.srcs/constrs_1/new/pin_zynq7020_cam.xdc:17]
Resolution: If [get_<value>] was used to populate the object, check to make sure this command returns at least one valid object.
WARNING: [Vivado 12-584] No ports matched 'cam_data_0[6]'. [E:/competition/2_fpga/3_yolo_zynq/proj/axi_gemm_test/axi_gemm_test.srcs/constrs_1/new/pin_zynq7020_cam.xdc:18]
CRITICAL WARNING: [Common 17-55] 'set_property' expects at least one object. [E:/competition/2_fpga/3_yolo_zynq/proj/axi_gemm_test/axi_gemm_test.srcs/constrs_1/new/pin_zynq7020_cam.xdc:18]
Resolution: If [get_<value>] was used to populate the object, check to make sure this command returns at least one valid object.
WARNING: [Vivado 12-584] No ports matched 'cam_data_0[7]'. [E:/competition/2_fpga/3_yolo_zynq/proj/axi_gemm_test/axi_gemm_test.srcs/constrs_1/new/pin_zynq7020_cam.xdc:19]
CRITICAL WARNING: [Common 17-55] 'set_property' expects at least one object. [E:/competition/2_fpga/3_yolo_zynq/proj/axi_gemm_test/axi_gemm_test.srcs/constrs_1/new/pin_zynq7020_cam.xdc:19]
Resolution: If [get_<value>] was used to populate the object, check to make sure this command returns at least one valid object.
WARNING: [Vivado 12-584] No ports matched 'cam_data_0[7]'. [E:/competition/2_fpga/3_yolo_zynq/proj/axi_gemm_test/axi_gemm_test.srcs/constrs_1/new/pin_zynq7020_cam.xdc:20]
CRITICAL WARNING: [Common 17-55] 'set_property' expects at least one object. [E:/competition/2_fpga/3_yolo_zynq/proj/axi_gemm_test/axi_gemm_test.srcs/constrs_1/new/pin_zynq7020_cam.xdc:20]
Resolution: If [get_<value>] was used to populate the object, check to make sure this command returns at least one valid object.
WARNING: [Vivado 12-584] No ports matched 'cam_data_0[6]'. [E:/competition/2_fpga/3_yolo_zynq/proj/axi_gemm_test/axi_gemm_test.srcs/constrs_1/new/pin_zynq7020_cam.xdc:21]
CRITICAL WARNING: [Common 17-55] 'set_property' expects at least one object. [E:/competition/2_fpga/3_yolo_zynq/proj/axi_gemm_test/axi_gemm_test.srcs/constrs_1/new/pin_zynq7020_cam.xdc:21]
Resolution: If [get_<value>] was used to populate the object, check to make sure this command returns at least one valid object.
WARNING: [Vivado 12-584] No ports matched 'cam_data_0[5]'. [E:/competition/2_fpga/3_yolo_zynq/proj/axi_gemm_test/axi_gemm_test.srcs/constrs_1/new/pin_zynq7020_cam.xdc:22]
CRITICAL WARNING: [Common 17-55] 'set_property' expects at least one object. [E:/competition/2_fpga/3_yolo_zynq/proj/axi_gemm_test/axi_gemm_test.srcs/constrs_1/new/pin_zynq7020_cam.xdc:22]
Resolution: If [get_<value>] was used to populate the object, check to make sure this command returns at least one valid object.
WARNING: [Vivado 12-584] No ports matched 'cam_data_0[4]'. [E:/competition/2_fpga/3_yolo_zynq/proj/axi_gemm_test/axi_gemm_test.srcs/constrs_1/new/pin_zynq7020_cam.xdc:23]
CRITICAL WARNING: [Common 17-55] 'set_property' expects at least one object. [E:/competition/2_fpga/3_yolo_zynq/proj/axi_gemm_test/axi_gemm_test.srcs/constrs_1/new/pin_zynq7020_cam.xdc:23]
Resolution: If [get_<value>] was used to populate the object, check to make sure this command returns at least one valid object.
WARNING: [Vivado 12-584] No ports matched 'cam_data_0[3]'. [E:/competition/2_fpga/3_yolo_zynq/proj/axi_gemm_test/axi_gemm_test.srcs/constrs_1/new/pin_zynq7020_cam.xdc:24]
CRITICAL WARNING: [Common 17-55] 'set_property' expects at least one object. [E:/competition/2_fpga/3_yolo_zynq/proj/axi_gemm_test/axi_gemm_test.srcs/constrs_1/new/pin_zynq7020_cam.xdc:24]
Resolution: If [get_<value>] was used to populate the object, check to make sure this command returns at least one valid object.
WARNING: [Vivado 12-584] No ports matched 'cam_data_0[2]'. [E:/competition/2_fpga/3_yolo_zynq/proj/axi_gemm_test/axi_gemm_test.srcs/constrs_1/new/pin_zynq7020_cam.xdc:25]
CRITICAL WARNING: [Common 17-55] 'set_property' expects at least one object. [E:/competition/2_fpga/3_yolo_zynq/proj/axi_gemm_test/axi_gemm_test.srcs/constrs_1/new/pin_zynq7020_cam.xdc:25]
Resolution: If [get_<value>] was used to populate the object, check to make sure this command returns at least one valid object.
WARNING: [Vivado 12-584] No ports matched 'cam_data_0[1]'. [E:/competition/2_fpga/3_yolo_zynq/proj/axi_gemm_test/axi_gemm_test.srcs/constrs_1/new/pin_zynq7020_cam.xdc:26]
CRITICAL WARNING: [Common 17-55] 'set_property' expects at least one object. [E:/competition/2_fpga/3_yolo_zynq/proj/axi_gemm_test/axi_gemm_test.srcs/constrs_1/new/pin_zynq7020_cam.xdc:26]
Resolution: If [get_<value>] was used to populate the object, check to make sure this command returns at least one valid object.
WARNING: [Vivado 12-584] No ports matched 'cam_data_0[0]'. [E:/competition/2_fpga/3_yolo_zynq/proj/axi_gemm_test/axi_gemm_test.srcs/constrs_1/new/pin_zynq7020_cam.xdc:27]
CRITICAL WARNING: [Common 17-55] 'set_property' expects at least one object. [E:/competition/2_fpga/3_yolo_zynq/proj/axi_gemm_test/axi_gemm_test.srcs/constrs_1/new/pin_zynq7020_cam.xdc:27]
Resolution: If [get_<value>] was used to populate the object, check to make sure this command returns at least one valid object.
WARNING: [Vivado 12-584] No ports matched 'cam_href_0'. [E:/competition/2_fpga/3_yolo_zynq/proj/axi_gemm_test/axi_gemm_test.srcs/constrs_1/new/pin_zynq7020_cam.xdc:28]
CRITICAL WARNING: [Common 17-55] 'set_property' expects at least one object. [E:/competition/2_fpga/3_yolo_zynq/proj/axi_gemm_test/axi_gemm_test.srcs/constrs_1/new/pin_zynq7020_cam.xdc:28]
Resolution: If [get_<value>] was used to populate the object, check to make sure this command returns at least one valid object.
WARNING: [Vivado 12-584] No ports matched 'cam_pclk_0'. [E:/competition/2_fpga/3_yolo_zynq/proj/axi_gemm_test/axi_gemm_test.srcs/constrs_1/new/pin_zynq7020_cam.xdc:29]
CRITICAL WARNING: [Common 17-55] 'set_property' expects at least one object. [E:/competition/2_fpga/3_yolo_zynq/proj/axi_gemm_test/axi_gemm_test.srcs/constrs_1/new/pin_zynq7020_cam.xdc:29]
Resolution: If [get_<value>] was used to populate the object, check to make sure this command returns at least one valid object.
WARNING: [Vivado 12-584] No ports matched 'cam_vsync_0'. [E:/competition/2_fpga/3_yolo_zynq/proj/axi_gemm_test/axi_gemm_test.srcs/constrs_1/new/pin_zynq7020_cam.xdc:30]
CRITICAL WARNING: [Common 17-55] 'set_property' expects at least one object. [E:/competition/2_fpga/3_yolo_zynq/proj/axi_gemm_test/axi_gemm_test.srcs/constrs_1/new/pin_zynq7020_cam.xdc:30]
Resolution: If [get_<value>] was used to populate the object, check to make sure this command returns at least one valid object.
WARNING: [Vivado 12-584] No ports matched 'cam_xclk_0'. [E:/competition/2_fpga/3_yolo_zynq/proj/axi_gemm_test/axi_gemm_test.srcs/constrs_1/new/pin_zynq7020_cam.xdc:31]
CRITICAL WARNING: [Common 17-55] 'set_property' expects at least one object. [E:/competition/2_fpga/3_yolo_zynq/proj/axi_gemm_test/axi_gemm_test.srcs/constrs_1/new/pin_zynq7020_cam.xdc:31]
Resolution: If [get_<value>] was used to populate the object, check to make sure this command returns at least one valid object.
WARNING: [Vivado 12-584] No ports matched 'cam_pclk_0'. [E:/competition/2_fpga/3_yolo_zynq/proj/axi_gemm_test/axi_gemm_test.srcs/constrs_1/new/pin_zynq7020_cam.xdc:34]
CRITICAL WARNING: [Vivado 12-4739] create_clock:No valid object(s) found for '-objects [get_ports cam_pclk_0]'. [E:/competition/2_fpga/3_yolo_zynq/proj/axi_gemm_test/axi_gemm_test.srcs/constrs_1/new/pin_zynq7020_cam.xdc:34]
Resolution: Check if the specified object(s) exists in the current design. If it does, ensure that the correct design hierarchy was specified for the object. If you are working with clocks, make sure create_clock was used to create the clock object before it is referenced.
WARNING: [Vivado 12-584] No ports matched 'sccb_cfg_done_0'. [E:/competition/2_fpga/3_yolo_zynq/proj/axi_gemm_test/axi_gemm_test.srcs/constrs_1/new/pin_zynq7020_cam.xdc:37]
CRITICAL WARNING: [Common 17-55] 'set_property' expects at least one object. [E:/competition/2_fpga/3_yolo_zynq/proj/axi_gemm_test/axi_gemm_test.srcs/constrs_1/new/pin_zynq7020_cam.xdc:37]
Resolution: If [get_<value>] was used to populate the object, check to make sure this command returns at least one valid object.
WARNING: [Vivado 12-584] No ports matched 'sccb_data_0'. [E:/competition/2_fpga/3_yolo_zynq/proj/axi_gemm_test/axi_gemm_test.srcs/constrs_1/new/pin_zynq7020_cam.xdc:38]
CRITICAL WARNING: [Common 17-55] 'set_property' expects at least one object. [E:/competition/2_fpga/3_yolo_zynq/proj/axi_gemm_test/axi_gemm_test.srcs/constrs_1/new/pin_zynq7020_cam.xdc:38]
Resolution: If [get_<value>] was used to populate the object, check to make sure this command returns at least one valid object.
WARNING: [Vivado 12-584] No ports matched 'cam_href_0'. [E:/competition/2_fpga/3_yolo_zynq/proj/axi_gemm_test/axi_gemm_test.srcs/constrs_1/new/pin_zynq7020_cam.xdc:39]
CRITICAL WARNING: [Common 17-55] 'set_property' expects at least one object. [E:/competition/2_fpga/3_yolo_zynq/proj/axi_gemm_test/axi_gemm_test.srcs/constrs_1/new/pin_zynq7020_cam.xdc:39]
Resolution: If [get_<value>] was used to populate the object, check to make sure this command returns at least one valid object.
WARNING: [Vivado 12-584] No ports matched 'cam_pclk_0'. [E:/competition/2_fpga/3_yolo_zynq/proj/axi_gemm_test/axi_gemm_test.srcs/constrs_1/new/pin_zynq7020_cam.xdc:40]
CRITICAL WARNING: [Common 17-55] 'set_property' expects at least one object. [E:/competition/2_fpga/3_yolo_zynq/proj/axi_gemm_test/axi_gemm_test.srcs/constrs_1/new/pin_zynq7020_cam.xdc:40]
Resolution: If [get_<value>] was used to populate the object, check to make sure this command returns at least one valid object.
WARNING: [Vivado 12-584] No ports matched 'cam_vsync_0'. [E:/competition/2_fpga/3_yolo_zynq/proj/axi_gemm_test/axi_gemm_test.srcs/constrs_1/new/pin_zynq7020_cam.xdc:41]
CRITICAL WARNING: [Common 17-55] 'set_property' expects at least one object. [E:/competition/2_fpga/3_yolo_zynq/proj/axi_gemm_test/axi_gemm_test.srcs/constrs_1/new/pin_zynq7020_cam.xdc:41]
Resolution: If [get_<value>] was used to populate the object, check to make sure this command returns at least one valid object.
WARNING: [Vivado 12-584] No ports matched 'cam_xclk_0'. [E:/competition/2_fpga/3_yolo_zynq/proj/axi_gemm_test/axi_gemm_test.srcs/constrs_1/new/pin_zynq7020_cam.xdc:42]
CRITICAL WARNING: [Common 17-55] 'set_property' expects at least one object. [E:/competition/2_fpga/3_yolo_zynq/proj/axi_gemm_test/axi_gemm_test.srcs/constrs_1/new/pin_zynq7020_cam.xdc:42]
Resolution: If [get_<value>] was used to populate the object, check to make sure this command returns at least one valid object.
WARNING: [Vivado 12-584] No ports matched 'sccb_cfg_done_0'. [E:/competition/2_fpga/3_yolo_zynq/proj/axi_gemm_test/axi_gemm_test.srcs/constrs_1/new/pin_zynq7020_cam.xdc:43]
CRITICAL WARNING: [Common 17-55] 'set_property' expects at least one object. [E:/competition/2_fpga/3_yolo_zynq/proj/axi_gemm_test/axi_gemm_test.srcs/constrs_1/new/pin_zynq7020_cam.xdc:43]
Resolution: If [get_<value>] was used to populate the object, check to make sure this command returns at least one valid object.
WARNING: [Vivado 12-584] No ports matched 'sccb_data_0'. [E:/competition/2_fpga/3_yolo_zynq/proj/axi_gemm_test/axi_gemm_test.srcs/constrs_1/new/pin_zynq7020_cam.xdc:44]
CRITICAL WARNING: [Common 17-55] 'set_property' expects at least one object. [E:/competition/2_fpga/3_yolo_zynq/proj/axi_gemm_test/axi_gemm_test.srcs/constrs_1/new/pin_zynq7020_cam.xdc:44]
Resolution: If [get_<value>] was used to populate the object, check to make sure this command returns at least one valid object.
WARNING: [Vivado 12-584] No ports matched 'HDMI_DATA_0[0]'. [E:/competition/2_fpga/3_yolo_zynq/proj/axi_gemm_test/axi_gemm_test.srcs/constrs_1/new/pin_zynq7020_cam.xdc:47]
CRITICAL WARNING: [Common 17-55] 'set_property' expects at least one object. [E:/competition/2_fpga/3_yolo_zynq/proj/axi_gemm_test/axi_gemm_test.srcs/constrs_1/new/pin_zynq7020_cam.xdc:47]
Resolution: If [get_<value>] was used to populate the object, check to make sure this command returns at least one valid object.
WARNING: [Vivado 12-584] No ports matched 'HDMI_DATA_0[1]'. [E:/competition/2_fpga/3_yolo_zynq/proj/axi_gemm_test/axi_gemm_test.srcs/constrs_1/new/pin_zynq7020_cam.xdc:48]
CRITICAL WARNING: [Common 17-55] 'set_property' expects at least one object. [E:/competition/2_fpga/3_yolo_zynq/proj/axi_gemm_test/axi_gemm_test.srcs/constrs_1/new/pin_zynq7020_cam.xdc:48]
Resolution: If [get_<value>] was used to populate the object, check to make sure this command returns at least one valid object.
WARNING: [Vivado 12-584] No ports matched 'HDMI_DATA_0[2]'. [E:/competition/2_fpga/3_yolo_zynq/proj/axi_gemm_test/axi_gemm_test.srcs/constrs_1/new/pin_zynq7020_cam.xdc:49]
CRITICAL WARNING: [Common 17-55] 'set_property' expects at least one object. [E:/competition/2_fpga/3_yolo_zynq/proj/axi_gemm_test/axi_gemm_test.srcs/constrs_1/new/pin_zynq7020_cam.xdc:49]
Resolution: If [get_<value>] was used to populate the object, check to make sure this command returns at least one valid object.
WARNING: [Vivado 12-584] No ports matched 'HDMI_DATA_0[3]'. [E:/competition/2_fpga/3_yolo_zynq/proj/axi_gemm_test/axi_gemm_test.srcs/constrs_1/new/pin_zynq7020_cam.xdc:50]
CRITICAL WARNING: [Common 17-55] 'set_property' expects at least one object. [E:/competition/2_fpga/3_yolo_zynq/proj/axi_gemm_test/axi_gemm_test.srcs/constrs_1/new/pin_zynq7020_cam.xdc:50]
Resolution: If [get_<value>] was used to populate the object, check to make sure this command returns at least one valid object.
WARNING: [Vivado 12-584] No ports matched 'HDMI_DATA_0[4]'. [E:/competition/2_fpga/3_yolo_zynq/proj/axi_gemm_test/axi_gemm_test.srcs/constrs_1/new/pin_zynq7020_cam.xdc:51]
CRITICAL WARNING: [Common 17-55] 'set_property' expects at least one object. [E:/competition/2_fpga/3_yolo_zynq/proj/axi_gemm_test/axi_gemm_test.srcs/constrs_1/new/pin_zynq7020_cam.xdc:51]
Resolution: If [get_<value>] was used to populate the object, check to make sure this command returns at least one valid object.
WARNING: [Vivado 12-584] No ports matched 'HDMI_DATA_0[5]'. [E:/competition/2_fpga/3_yolo_zynq/proj/axi_gemm_test/axi_gemm_test.srcs/constrs_1/new/pin_zynq7020_cam.xdc:52]
CRITICAL WARNING: [Common 17-55] 'set_property' expects at least one object. [E:/competition/2_fpga/3_yolo_zynq/proj/axi_gemm_test/axi_gemm_test.srcs/constrs_1/new/pin_zynq7020_cam.xdc:52]
Resolution: If [get_<value>] was used to populate the object, check to make sure this command returns at least one valid object.
WARNING: [Vivado 12-584] No ports matched 'HDMI_DATA_0[6]'. [E:/competition/2_fpga/3_yolo_zynq/proj/axi_gemm_test/axi_gemm_test.srcs/constrs_1/new/pin_zynq7020_cam.xdc:53]
CRITICAL WARNING: [Common 17-55] 'set_property' expects at least one object. [E:/competition/2_fpga/3_yolo_zynq/proj/axi_gemm_test/axi_gemm_test.srcs/constrs_1/new/pin_zynq7020_cam.xdc:53]
Resolution: If [get_<value>] was used to populate the object, check to make sure this command returns at least one valid object.
WARNING: [Vivado 12-584] No ports matched 'HDMI_DATA_0[7]'. [E:/competition/2_fpga/3_yolo_zynq/proj/axi_gemm_test/axi_gemm_test.srcs/constrs_1/new/pin_zynq7020_cam.xdc:54]
CRITICAL WARNING: [Common 17-55] 'set_property' expects at least one object. [E:/competition/2_fpga/3_yolo_zynq/proj/axi_gemm_test/axi_gemm_test.srcs/constrs_1/new/pin_zynq7020_cam.xdc:54]
Resolution: If [get_<value>] was used to populate the object, check to make sure this command returns at least one valid object.
WARNING: [Vivado 12-584] No ports matched 'HDMI_DATA_0[8]'. [E:/competition/2_fpga/3_yolo_zynq/proj/axi_gemm_test/axi_gemm_test.srcs/constrs_1/new/pin_zynq7020_cam.xdc:55]
CRITICAL WARNING: [Common 17-55] 'set_property' expects at least one object. [E:/competition/2_fpga/3_yolo_zynq/proj/axi_gemm_test/axi_gemm_test.srcs/constrs_1/new/pin_zynq7020_cam.xdc:55]
Resolution: If [get_<value>] was used to populate the object, check to make sure this command returns at least one valid object.
WARNING: [Vivado 12-584] No ports matched 'HDMI_DATA_0[9]'. [E:/competition/2_fpga/3_yolo_zynq/proj/axi_gemm_test/axi_gemm_test.srcs/constrs_1/new/pin_zynq7020_cam.xdc:56]
CRITICAL WARNING: [Common 17-55] 'set_property' expects at least one object. [E:/competition/2_fpga/3_yolo_zynq/proj/axi_gemm_test/axi_gemm_test.srcs/constrs_1/new/pin_zynq7020_cam.xdc:56]
Resolution: If [get_<value>] was used to populate the object, check to make sure this command returns at least one valid object.
WARNING: [Vivado 12-584] No ports matched 'HDMI_DATA_0[10]'. [E:/competition/2_fpga/3_yolo_zynq/proj/axi_gemm_test/axi_gemm_test.srcs/constrs_1/new/pin_zynq7020_cam.xdc:57]
CRITICAL WARNING: [Common 17-55] 'set_property' expects at least one object. [E:/competition/2_fpga/3_yolo_zynq/proj/axi_gemm_test/axi_gemm_test.srcs/constrs_1/new/pin_zynq7020_cam.xdc:57]
Resolution: If [get_<value>] was used to populate the object, check to make sure this command returns at least one valid object.
WARNING: [Vivado 12-584] No ports matched 'HDMI_DATA_0[11]'. [E:/competition/2_fpga/3_yolo_zynq/proj/axi_gemm_test/axi_gemm_test.srcs/constrs_1/new/pin_zynq7020_cam.xdc:58]
CRITICAL WARNING: [Common 17-55] 'set_property' expects at least one object. [E:/competition/2_fpga/3_yolo_zynq/proj/axi_gemm_test/axi_gemm_test.srcs/constrs_1/new/pin_zynq7020_cam.xdc:58]
Resolution: If [get_<value>] was used to populate the object, check to make sure this command returns at least one valid object.
WARNING: [Vivado 12-584] No ports matched 'HDMI_DATA_0[12]'. [E:/competition/2_fpga/3_yolo_zynq/proj/axi_gemm_test/axi_gemm_test.srcs/constrs_1/new/pin_zynq7020_cam.xdc:59]
CRITICAL WARNING: [Common 17-55] 'set_property' expects at least one object. [E:/competition/2_fpga/3_yolo_zynq/proj/axi_gemm_test/axi_gemm_test.srcs/constrs_1/new/pin_zynq7020_cam.xdc:59]
Resolution: If [get_<value>] was used to populate the object, check to make sure this command returns at least one valid object.
WARNING: [Vivado 12-584] No ports matched 'HDMI_DATA_0[13]'. [E:/competition/2_fpga/3_yolo_zynq/proj/axi_gemm_test/axi_gemm_test.srcs/constrs_1/new/pin_zynq7020_cam.xdc:60]
CRITICAL WARNING: [Common 17-55] 'set_property' expects at least one object. [E:/competition/2_fpga/3_yolo_zynq/proj/axi_gemm_test/axi_gemm_test.srcs/constrs_1/new/pin_zynq7020_cam.xdc:60]
Resolution: If [get_<value>] was used to populate the object, check to make sure this command returns at least one valid object.
WARNING: [Vivado 12-584] No ports matched 'HDMI_DATA_0[14]'. [E:/competition/2_fpga/3_yolo_zynq/proj/axi_gemm_test/axi_gemm_test.srcs/constrs_1/new/pin_zynq7020_cam.xdc:61]
CRITICAL WARNING: [Common 17-55] 'set_property' expects at least one object. [E:/competition/2_fpga/3_yolo_zynq/proj/axi_gemm_test/axi_gemm_test.srcs/constrs_1/new/pin_zynq7020_cam.xdc:61]
Resolution: If [get_<value>] was used to populate the object, check to make sure this command returns at least one valid object.
WARNING: [Vivado 12-584] No ports matched 'HDMI_DATA_0[15]'. [E:/competition/2_fpga/3_yolo_zynq/proj/axi_gemm_test/axi_gemm_test.srcs/constrs_1/new/pin_zynq7020_cam.xdc:62]
CRITICAL WARNING: [Common 17-55] 'set_property' expects at least one object. [E:/competition/2_fpga/3_yolo_zynq/proj/axi_gemm_test/axi_gemm_test.srcs/constrs_1/new/pin_zynq7020_cam.xdc:62]
Resolution: If [get_<value>] was used to populate the object, check to make sure this command returns at least one valid object.
WARNING: [Vivado 12-584] No ports matched 'HDMI_INT_0'. [E:/competition/2_fpga/3_yolo_zynq/proj/axi_gemm_test/axi_gemm_test.srcs/constrs_1/new/pin_zynq7020_cam.xdc:63]
CRITICAL WARNING: [Common 17-55] 'set_property' expects at least one object. [E:/competition/2_fpga/3_yolo_zynq/proj/axi_gemm_test/axi_gemm_test.srcs/constrs_1/new/pin_zynq7020_cam.xdc:63]
Resolution: If [get_<value>] was used to populate the object, check to make sure this command returns at least one valid object.
WARNING: [Vivado 12-584] No ports matched 'HDMI_SCL_0'. [E:/competition/2_fpga/3_yolo_zynq/proj/axi_gemm_test/axi_gemm_test.srcs/constrs_1/new/pin_zynq7020_cam.xdc:64]
CRITICAL WARNING: [Common 17-55] 'set_property' expects at least one object. [E:/competition/2_fpga/3_yolo_zynq/proj/axi_gemm_test/axi_gemm_test.srcs/constrs_1/new/pin_zynq7020_cam.xdc:64]
Resolution: If [get_<value>] was used to populate the object, check to make sure this command returns at least one valid object.
WARNING: [Vivado 12-584] No ports matched 'HDMI_SDA_0'. [E:/competition/2_fpga/3_yolo_zynq/proj/axi_gemm_test/axi_gemm_test.srcs/constrs_1/new/pin_zynq7020_cam.xdc:65]
CRITICAL WARNING: [Common 17-55] 'set_property' expects at least one object. [E:/competition/2_fpga/3_yolo_zynq/proj/axi_gemm_test/axi_gemm_test.srcs/constrs_1/new/pin_zynq7020_cam.xdc:65]
Resolution: If [get_<value>] was used to populate the object, check to make sure this command returns at least one valid object.
WARNING: [Vivado 12-584] No ports matched 'HDMI_VSYNC_0'. [E:/competition/2_fpga/3_yolo_zynq/proj/axi_gemm_test/axi_gemm_test.srcs/constrs_1/new/pin_zynq7020_cam.xdc:66]
CRITICAL WARNING: [Common 17-55] 'set_property' expects at least one object. [E:/competition/2_fpga/3_yolo_zynq/proj/axi_gemm_test/axi_gemm_test.srcs/constrs_1/new/pin_zynq7020_cam.xdc:66]
Resolution: If [get_<value>] was used to populate the object, check to make sure this command returns at least one valid object.
WARNING: [Vivado 12-584] No ports matched 'HDMI_HSYNC_0'. [E:/competition/2_fpga/3_yolo_zynq/proj/axi_gemm_test/axi_gemm_test.srcs/constrs_1/new/pin_zynq7020_cam.xdc:67]
CRITICAL WARNING: [Common 17-55] 'set_property' expects at least one object. [E:/competition/2_fpga/3_yolo_zynq/proj/axi_gemm_test/axi_gemm_test.srcs/constrs_1/new/pin_zynq7020_cam.xdc:67]
Resolution: If [get_<value>] was used to populate the object, check to make sure this command returns at least one valid object.
WARNING: [Vivado 12-584] No ports matched 'HDMI_DE_0'. [E:/competition/2_fpga/3_yolo_zynq/proj/axi_gemm_test/axi_gemm_test.srcs/constrs_1/new/pin_zynq7020_cam.xdc:68]
CRITICAL WARNING: [Common 17-55] 'set_property' expects at least one object. [E:/competition/2_fpga/3_yolo_zynq/proj/axi_gemm_test/axi_gemm_test.srcs/constrs_1/new/pin_zynq7020_cam.xdc:68]
Resolution: If [get_<value>] was used to populate the object, check to make sure this command returns at least one valid object.
WARNING: [Vivado 12-584] No ports matched 'HDMI_CLK_0'. [E:/competition/2_fpga/3_yolo_zynq/proj/axi_gemm_test/axi_gemm_test.srcs/constrs_1/new/pin_zynq7020_cam.xdc:69]
CRITICAL WARNING: [Common 17-55] 'set_property' expects at least one object. [E:/competition/2_fpga/3_yolo_zynq/proj/axi_gemm_test/axi_gemm_test.srcs/constrs_1/new/pin_zynq7020_cam.xdc:69]
Resolution: If [get_<value>] was used to populate the object, check to make sure this command returns at least one valid object.
WARNING: [Vivado 12-584] No ports matched 'HDMI_DATA_0[0]'. [E:/competition/2_fpga/3_yolo_zynq/proj/axi_gemm_test/axi_gemm_test.srcs/constrs_1/new/pin_zynq7020_cam.xdc:71]
CRITICAL WARNING: [Common 17-55] 'set_property' expects at least one object. [E:/competition/2_fpga/3_yolo_zynq/proj/axi_gemm_test/axi_gemm_test.srcs/constrs_1/new/pin_zynq7020_cam.xdc:71]
Resolution: If [get_<value>] was used to populate the object, check to make sure this command returns at least one valid object.
WARNING: [Vivado 12-584] No ports matched 'HDMI_DATA_0[1]'. [E:/competition/2_fpga/3_yolo_zynq/proj/axi_gemm_test/axi_gemm_test.srcs/constrs_1/new/pin_zynq7020_cam.xdc:72]
CRITICAL WARNING: [Common 17-55] 'set_property' expects at least one object. [E:/competition/2_fpga/3_yolo_zynq/proj/axi_gemm_test/axi_gemm_test.srcs/constrs_1/new/pin_zynq7020_cam.xdc:72]
Resolution: If [get_<value>] was used to populate the object, check to make sure this command returns at least one valid object.
WARNING: [Vivado 12-584] No ports matched 'HDMI_DATA_0[2]'. [E:/competition/2_fpga/3_yolo_zynq/proj/axi_gemm_test/axi_gemm_test.srcs/constrs_1/new/pin_zynq7020_cam.xdc:73]
CRITICAL WARNING: [Common 17-55] 'set_property' expects at least one object. [E:/competition/2_fpga/3_yolo_zynq/proj/axi_gemm_test/axi_gemm_test.srcs/constrs_1/new/pin_zynq7020_cam.xdc:73]
Resolution: If [get_<value>] was used to populate the object, check to make sure this command returns at least one valid object.
WARNING: [Vivado 12-584] No ports matched 'HDMI_DATA_0[3]'. [E:/competition/2_fpga/3_yolo_zynq/proj/axi_gemm_test/axi_gemm_test.srcs/constrs_1/new/pin_zynq7020_cam.xdc:74]
CRITICAL WARNING: [Common 17-55] 'set_property' expects at least one object. [E:/competition/2_fpga/3_yolo_zynq/proj/axi_gemm_test/axi_gemm_test.srcs/constrs_1/new/pin_zynq7020_cam.xdc:74]
Resolution: If [get_<value>] was used to populate the object, check to make sure this command returns at least one valid object.
WARNING: [Vivado 12-584] No ports matched 'HDMI_DATA_0[4]'. [E:/competition/2_fpga/3_yolo_zynq/proj/axi_gemm_test/axi_gemm_test.srcs/constrs_1/new/pin_zynq7020_cam.xdc:75]
CRITICAL WARNING: [Common 17-55] 'set_property' expects at least one object. [E:/competition/2_fpga/3_yolo_zynq/proj/axi_gemm_test/axi_gemm_test.srcs/constrs_1/new/pin_zynq7020_cam.xdc:75]
Resolution: If [get_<value>] was used to populate the object, check to make sure this command returns at least one valid object.
WARNING: [Vivado 12-584] No ports matched 'HDMI_DATA_0[5]'. [E:/competition/2_fpga/3_yolo_zynq/proj/axi_gemm_test/axi_gemm_test.srcs/constrs_1/new/pin_zynq7020_cam.xdc:76]
CRITICAL WARNING: [Common 17-55] 'set_property' expects at least one object. [E:/competition/2_fpga/3_yolo_zynq/proj/axi_gemm_test/axi_gemm_test.srcs/constrs_1/new/pin_zynq7020_cam.xdc:76]
Resolution: If [get_<value>] was used to populate the object, check to make sure this command returns at least one valid object.
WARNING: [Vivado 12-584] No ports matched 'HDMI_DATA_0[6]'. [E:/competition/2_fpga/3_yolo_zynq/proj/axi_gemm_test/axi_gemm_test.srcs/constrs_1/new/pin_zynq7020_cam.xdc:77]
CRITICAL WARNING: [Common 17-55] 'set_property' expects at least one object. [E:/competition/2_fpga/3_yolo_zynq/proj/axi_gemm_test/axi_gemm_test.srcs/constrs_1/new/pin_zynq7020_cam.xdc:77]
Resolution: If [get_<value>] was used to populate the object, check to make sure this command returns at least one valid object.
WARNING: [Vivado 12-584] No ports matched 'HDMI_DATA_0[7]'. [E:/competition/2_fpga/3_yolo_zynq/proj/axi_gemm_test/axi_gemm_test.srcs/constrs_1/new/pin_zynq7020_cam.xdc:78]
CRITICAL WARNING: [Common 17-55] 'set_property' expects at least one object. [E:/competition/2_fpga/3_yolo_zynq/proj/axi_gemm_test/axi_gemm_test.srcs/constrs_1/new/pin_zynq7020_cam.xdc:78]
Resolution: If [get_<value>] was used to populate the object, check to make sure this command returns at least one valid object.
WARNING: [Vivado 12-584] No ports matched 'HDMI_DATA_0[8]'. [E:/competition/2_fpga/3_yolo_zynq/proj/axi_gemm_test/axi_gemm_test.srcs/constrs_1/new/pin_zynq7020_cam.xdc:79]
CRITICAL WARNING: [Common 17-55] 'set_property' expects at least one object. [E:/competition/2_fpga/3_yolo_zynq/proj/axi_gemm_test/axi_gemm_test.srcs/constrs_1/new/pin_zynq7020_cam.xdc:79]
Resolution: If [get_<value>] was used to populate the object, check to make sure this command returns at least one valid object.
WARNING: [Vivado 12-584] No ports matched 'HDMI_DATA_0[9]'. [E:/competition/2_fpga/3_yolo_zynq/proj/axi_gemm_test/axi_gemm_test.srcs/constrs_1/new/pin_zynq7020_cam.xdc:80]
CRITICAL WARNING: [Common 17-55] 'set_property' expects at least one object. [E:/competition/2_fpga/3_yolo_zynq/proj/axi_gemm_test/axi_gemm_test.srcs/constrs_1/new/pin_zynq7020_cam.xdc:80]
Resolution: If [get_<value>] was used to populate the object, check to make sure this command returns at least one valid object.
WARNING: [Vivado 12-584] No ports matched 'HDMI_DATA_0[10]'. [E:/competition/2_fpga/3_yolo_zynq/proj/axi_gemm_test/axi_gemm_test.srcs/constrs_1/new/pin_zynq7020_cam.xdc:81]
CRITICAL WARNING: [Common 17-55] 'set_property' expects at least one object. [E:/competition/2_fpga/3_yolo_zynq/proj/axi_gemm_test/axi_gemm_test.srcs/constrs_1/new/pin_zynq7020_cam.xdc:81]
Resolution: If [get_<value>] was used to populate the object, check to make sure this command returns at least one valid object.
WARNING: [Vivado 12-584] No ports matched 'HDMI_DATA_0[11]'. [E:/competition/2_fpga/3_yolo_zynq/proj/axi_gemm_test/axi_gemm_test.srcs/constrs_1/new/pin_zynq7020_cam.xdc:82]
CRITICAL WARNING: [Common 17-55] 'set_property' expects at least one object. [E:/competition/2_fpga/3_yolo_zynq/proj/axi_gemm_test/axi_gemm_test.srcs/constrs_1/new/pin_zynq7020_cam.xdc:82]
Resolution: If [get_<value>] was used to populate the object, check to make sure this command returns at least one valid object.
WARNING: [Vivado 12-584] No ports matched 'HDMI_DATA_0[12]'. [E:/competition/2_fpga/3_yolo_zynq/proj/axi_gemm_test/axi_gemm_test.srcs/constrs_1/new/pin_zynq7020_cam.xdc:83]
CRITICAL WARNING: [Common 17-55] 'set_property' expects at least one object. [E:/competition/2_fpga/3_yolo_zynq/proj/axi_gemm_test/axi_gemm_test.srcs/constrs_1/new/pin_zynq7020_cam.xdc:83]
Resolution: If [get_<value>] was used to populate the object, check to make sure this command returns at least one valid object.
WARNING: [Vivado 12-584] No ports matched 'HDMI_DATA_0[13]'. [E:/competition/2_fpga/3_yolo_zynq/proj/axi_gemm_test/axi_gemm_test.srcs/constrs_1/new/pin_zynq7020_cam.xdc:84]
CRITICAL WARNING: [Common 17-55] 'set_property' expects at least one object. [E:/competition/2_fpga/3_yolo_zynq/proj/axi_gemm_test/axi_gemm_test.srcs/constrs_1/new/pin_zynq7020_cam.xdc:84]
Resolution: If [get_<value>] was used to populate the object, check to make sure this command returns at least one valid object.
WARNING: [Vivado 12-584] No ports matched 'HDMI_DATA_0[14]'. [E:/competition/2_fpga/3_yolo_zynq/proj/axi_gemm_test/axi_gemm_test.srcs/constrs_1/new/pin_zynq7020_cam.xdc:85]
CRITICAL WARNING: [Common 17-55] 'set_property' expects at least one object. [E:/competition/2_fpga/3_yolo_zynq/proj/axi_gemm_test/axi_gemm_test.srcs/constrs_1/new/pin_zynq7020_cam.xdc:85]
Resolution: If [get_<value>] was used to populate the object, check to make sure this command returns at least one valid object.
WARNING: [Vivado 12-584] No ports matched 'HDMI_DATA_0[15]'. [E:/competition/2_fpga/3_yolo_zynq/proj/axi_gemm_test/axi_gemm_test.srcs/constrs_1/new/pin_zynq7020_cam.xdc:86]
CRITICAL WARNING: [Common 17-55] 'set_property' expects at least one object. [E:/competition/2_fpga/3_yolo_zynq/proj/axi_gemm_test/axi_gemm_test.srcs/constrs_1/new/pin_zynq7020_cam.xdc:86]
Resolution: If [get_<value>] was used to populate the object, check to make sure this command returns at least one valid object.
WARNING: [Vivado 12-584] No ports matched 'HDMI_INT_0'. [E:/competition/2_fpga/3_yolo_zynq/proj/axi_gemm_test/axi_gemm_test.srcs/constrs_1/new/pin_zynq7020_cam.xdc:87]
CRITICAL WARNING: [Common 17-55] 'set_property' expects at least one object. [E:/competition/2_fpga/3_yolo_zynq/proj/axi_gemm_test/axi_gemm_test.srcs/constrs_1/new/pin_zynq7020_cam.xdc:87]
Resolution: If [get_<value>] was used to populate the object, check to make sure this command returns at least one valid object.
WARNING: [Vivado 12-584] No ports matched 'HDMI_SCL_0'. [E:/competition/2_fpga/3_yolo_zynq/proj/axi_gemm_test/axi_gemm_test.srcs/constrs_1/new/pin_zynq7020_cam.xdc:88]
CRITICAL WARNING: [Common 17-55] 'set_property' expects at least one object. [E:/competition/2_fpga/3_yolo_zynq/proj/axi_gemm_test/axi_gemm_test.srcs/constrs_1/new/pin_zynq7020_cam.xdc:88]
Resolution: If [get_<value>] was used to populate the object, check to make sure this command returns at least one valid object.
WARNING: [Vivado 12-584] No ports matched 'HDMI_SDA_0'. [E:/competition/2_fpga/3_yolo_zynq/proj/axi_gemm_test/axi_gemm_test.srcs/constrs_1/new/pin_zynq7020_cam.xdc:89]
CRITICAL WARNING: [Common 17-55] 'set_property' expects at least one object. [E:/competition/2_fpga/3_yolo_zynq/proj/axi_gemm_test/axi_gemm_test.srcs/constrs_1/new/pin_zynq7020_cam.xdc:89]
Resolution: If [get_<value>] was used to populate the object, check to make sure this command returns at least one valid object.
WARNING: [Vivado 12-584] No ports matched 'HDMI_VSYNC_0'. [E:/competition/2_fpga/3_yolo_zynq/proj/axi_gemm_test/axi_gemm_test.srcs/constrs_1/new/pin_zynq7020_cam.xdc:90]
CRITICAL WARNING: [Common 17-55] 'set_property' expects at least one object. [E:/competition/2_fpga/3_yolo_zynq/proj/axi_gemm_test/axi_gemm_test.srcs/constrs_1/new/pin_zynq7020_cam.xdc:90]
Resolution: If [get_<value>] was used to populate the object, check to make sure this command returns at least one valid object.
WARNING: [Vivado 12-584] No ports matched 'HDMI_HSYNC_0'. [E:/competition/2_fpga/3_yolo_zynq/proj/axi_gemm_test/axi_gemm_test.srcs/constrs_1/new/pin_zynq7020_cam.xdc:91]
CRITICAL WARNING: [Common 17-55] 'set_property' expects at least one object. [E:/competition/2_fpga/3_yolo_zynq/proj/axi_gemm_test/axi_gemm_test.srcs/constrs_1/new/pin_zynq7020_cam.xdc:91]
Resolution: If [get_<value>] was used to populate the object, check to make sure this command returns at least one valid object.
WARNING: [Vivado 12-584] No ports matched 'HDMI_DE_0'. [E:/competition/2_fpga/3_yolo_zynq/proj/axi_gemm_test/axi_gemm_test.srcs/constrs_1/new/pin_zynq7020_cam.xdc:92]
CRITICAL WARNING: [Common 17-55] 'set_property' expects at least one object. [E:/competition/2_fpga/3_yolo_zynq/proj/axi_gemm_test/axi_gemm_test.srcs/constrs_1/new/pin_zynq7020_cam.xdc:92]
Resolution: If [get_<value>] was used to populate the object, check to make sure this command returns at least one valid object.
WARNING: [Vivado 12-584] No ports matched 'HDMI_CLK_0'. [E:/competition/2_fpga/3_yolo_zynq/proj/axi_gemm_test/axi_gemm_test.srcs/constrs_1/new/pin_zynq7020_cam.xdc:93]
CRITICAL WARNING: [Common 17-55] 'set_property' expects at least one object. [E:/competition/2_fpga/3_yolo_zynq/proj/axi_gemm_test/axi_gemm_test.srcs/constrs_1/new/pin_zynq7020_cam.xdc:93]
Resolution: If [get_<value>] was used to populate the object, check to make sure this command returns at least one valid object.
Finished Parsing XDC File [E:/competition/2_fpga/3_yolo_zynq/proj/axi_gemm_test/axi_gemm_test.srcs/constrs_1/new/pin_zynq7020_cam.xdc]
Parsing XDC File [E:/competition/2_fpga/3_yolo_zynq/proj/axi_gemm_test/axi_gemm_test.srcs/constrs_1/imports/2_fpga/2_axi_lite_test/proj/action_v1_pins.xdc]
WARNING: [Vivado 12-584] No ports matched 'PL_RS232_TX'. [E:/competition/2_fpga/3_yolo_zynq/proj/axi_gemm_test/axi_gemm_test.srcs/constrs_1/imports/2_fpga/2_axi_lite_test/proj/action_v1_pins.xdc:2]
CRITICAL WARNING: [Common 17-55] 'set_property' expects at least one object. [E:/competition/2_fpga/3_yolo_zynq/proj/axi_gemm_test/axi_gemm_test.srcs/constrs_1/imports/2_fpga/2_axi_lite_test/proj/action_v1_pins.xdc:2]
Resolution: If [get_<value>] was used to populate the object, check to make sure this command returns at least one valid object.
WARNING: [Vivado 12-584] No ports matched 'ACTION_LED[0]'. [E:/competition/2_fpga/3_yolo_zynq/proj/axi_gemm_test/axi_gemm_test.srcs/constrs_1/imports/2_fpga/2_axi_lite_test/proj/action_v1_pins.xdc:3]
CRITICAL WARNING: [Common 17-55] 'set_property' expects at least one object. [E:/competition/2_fpga/3_yolo_zynq/proj/axi_gemm_test/axi_gemm_test.srcs/constrs_1/imports/2_fpga/2_axi_lite_test/proj/action_v1_pins.xdc:3]
Resolution: If [get_<value>] was used to populate the object, check to make sure this command returns at least one valid object.
WARNING: [Vivado 12-584] No ports matched 'ACTION_LED[1]'. [E:/competition/2_fpga/3_yolo_zynq/proj/axi_gemm_test/axi_gemm_test.srcs/constrs_1/imports/2_fpga/2_axi_lite_test/proj/action_v1_pins.xdc:4]
CRITICAL WARNING: [Common 17-55] 'set_property' expects at least one object. [E:/competition/2_fpga/3_yolo_zynq/proj/axi_gemm_test/axi_gemm_test.srcs/constrs_1/imports/2_fpga/2_axi_lite_test/proj/action_v1_pins.xdc:4]
Resolution: If [get_<value>] was used to populate the object, check to make sure this command returns at least one valid object.
WARNING: [Vivado 12-584] No ports matched 'ACTION_LED[2]'. [E:/competition/2_fpga/3_yolo_zynq/proj/axi_gemm_test/axi_gemm_test.srcs/constrs_1/imports/2_fpga/2_axi_lite_test/proj/action_v1_pins.xdc:5]
CRITICAL WARNING: [Common 17-55] 'set_property' expects at least one object. [E:/competition/2_fpga/3_yolo_zynq/proj/axi_gemm_test/axi_gemm_test.srcs/constrs_1/imports/2_fpga/2_axi_lite_test/proj/action_v1_pins.xdc:5]
Resolution: If [get_<value>] was used to populate the object, check to make sure this command returns at least one valid object.
WARNING: [Vivado 12-584] No ports matched 'ACTION_LED[3]'. [E:/competition/2_fpga/3_yolo_zynq/proj/axi_gemm_test/axi_gemm_test.srcs/constrs_1/imports/2_fpga/2_axi_lite_test/proj/action_v1_pins.xdc:6]
CRITICAL WARNING: [Common 17-55] 'set_property' expects at least one object. [E:/competition/2_fpga/3_yolo_zynq/proj/axi_gemm_test/axi_gemm_test.srcs/constrs_1/imports/2_fpga/2_axi_lite_test/proj/action_v1_pins.xdc:6]
Resolution: If [get_<value>] was used to populate the object, check to make sure this command returns at least one valid object.
WARNING: [Vivado 12-584] No ports matched 'ACTION_LED[4]'. [E:/competition/2_fpga/3_yolo_zynq/proj/axi_gemm_test/axi_gemm_test.srcs/constrs_1/imports/2_fpga/2_axi_lite_test/proj/action_v1_pins.xdc:7]
CRITICAL WARNING: [Common 17-55] 'set_property' expects at least one object. [E:/competition/2_fpga/3_yolo_zynq/proj/axi_gemm_test/axi_gemm_test.srcs/constrs_1/imports/2_fpga/2_axi_lite_test/proj/action_v1_pins.xdc:7]
Resolution: If [get_<value>] was used to populate the object, check to make sure this command returns at least one valid object.
WARNING: [Vivado 12-584] No ports matched 'ACTION_LED[5]'. [E:/competition/2_fpga/3_yolo_zynq/proj/axi_gemm_test/axi_gemm_test.srcs/constrs_1/imports/2_fpga/2_axi_lite_test/proj/action_v1_pins.xdc:8]
CRITICAL WARNING: [Common 17-55] 'set_property' expects at least one object. [E:/competition/2_fpga/3_yolo_zynq/proj/axi_gemm_test/axi_gemm_test.srcs/constrs_1/imports/2_fpga/2_axi_lite_test/proj/action_v1_pins.xdc:8]
Resolution: If [get_<value>] was used to populate the object, check to make sure this command returns at least one valid object.
WARNING: [Vivado 12-584] No ports matched 'ACTION_LED[6]'. [E:/competition/2_fpga/3_yolo_zynq/proj/axi_gemm_test/axi_gemm_test.srcs/constrs_1/imports/2_fpga/2_axi_lite_test/proj/action_v1_pins.xdc:9]
CRITICAL WARNING: [Common 17-55] 'set_property' expects at least one object. [E:/competition/2_fpga/3_yolo_zynq/proj/axi_gemm_test/axi_gemm_test.srcs/constrs_1/imports/2_fpga/2_axi_lite_test/proj/action_v1_pins.xdc:9]
Resolution: If [get_<value>] was used to populate the object, check to make sure this command returns at least one valid object.
WARNING: [Vivado 12-584] No ports matched 'PL_RS232_TX'. [E:/competition/2_fpga/3_yolo_zynq/proj/axi_gemm_test/axi_gemm_test.srcs/constrs_1/imports/2_fpga/2_axi_lite_test/proj/action_v1_pins.xdc:11]
WARNING: [Vivado 12-584] No ports matched 'ACTION_LED[*]'. [E:/competition/2_fpga/3_yolo_zynq/proj/axi_gemm_test/axi_gemm_test.srcs/constrs_1/imports/2_fpga/2_axi_lite_test/proj/action_v1_pins.xdc:11]
CRITICAL WARNING: [Vivado 12-4739] set_false_path:No valid object(s) found for '-to [get_ports {PL_RS232_TX {ACTION_LED[*]}}]'. [E:/competition/2_fpga/3_yolo_zynq/proj/axi_gemm_test/axi_gemm_test.srcs/constrs_1/imports/2_fpga/2_axi_lite_test/proj/action_v1_pins.xdc:11]
Resolution: Check if the specified object(s) exists in the current design. If it does, ensure that the correct design hierarchy was specified for the object. If you are working with clocks, make sure create_clock was used to create the clock object before it is referenced.
Finished Parsing XDC File [E:/competition/2_fpga/3_yolo_zynq/proj/axi_gemm_test/axi_gemm_test.srcs/constrs_1/imports/2_fpga/2_axi_lite_test/proj/action_v1_pins.xdc]
Parsing XDC File [E:/competition/2_fpga/3_yolo_zynq/proj/axi_gemm_test/axi_gemm_test.srcs/constrs_1/imports/2_fpga/0_diaplay_test/proj/action_v1_clock_impl.xdc]
WARNING: [Vivado 12-1023] No nets matched for command 'get_nets -hierarchical -filter {NAME =~ *clk_wiz_0/inst/clk_in1_display_test_clk_wiz_0_0}'. [E:/competition/2_fpga/3_yolo_zynq/proj/axi_gemm_test/axi_gemm_test.srcs/constrs_1/imports/2_fpga/0_diaplay_test/proj/action_v1_clock_impl.xdc:3]
CRITICAL WARNING: [Common 17-55] 'set_property' expects at least one object. [E:/competition/2_fpga/3_yolo_zynq/proj/axi_gemm_test/axi_gemm_test.srcs/constrs_1/imports/2_fpga/0_diaplay_test/proj/action_v1_clock_impl.xdc:3]
Resolution: If [get_<value>] was used to populate the object, check to make sure this command returns at least one valid object.
WARNING: [Vivado 12-180] No cells matched 'get_cells -hierarchical -filter {REF_NAME == PLLE2_ADV && NAME =~ *clk_wiz_0*}'. [E:/competition/2_fpga/3_yolo_zynq/proj/axi_gemm_test/axi_gemm_test.srcs/constrs_1/imports/2_fpga/0_diaplay_test/proj/action_v1_clock_impl.xdc:4]
CRITICAL WARNING: [Common 17-55] 'set_property' expects at least one object. [E:/competition/2_fpga/3_yolo_zynq/proj/axi_gemm_test/axi_gemm_test.srcs/constrs_1/imports/2_fpga/0_diaplay_test/proj/action_v1_clock_impl.xdc:4]
Resolution: If [get_<value>] was used to populate the object, check to make sure this command returns at least one valid object.
WARNING: [Vivado 12-507] No nets matched 'cam_pclk_0_IBUF'. [E:/competition/2_fpga/3_yolo_zynq/proj/axi_gemm_test/axi_gemm_test.srcs/constrs_1/imports/2_fpga/0_diaplay_test/proj/action_v1_clock_impl.xdc:6]
CRITICAL WARNING: [Common 17-55] 'set_property' expects at least one object. [E:/competition/2_fpga/3_yolo_zynq/proj/axi_gemm_test/axi_gemm_test.srcs/constrs_1/imports/2_fpga/0_diaplay_test/proj/action_v1_clock_impl.xdc:6]
Resolution: If [get_<value>] was used to populate the object, check to make sure this command returns at least one valid object.
Finished Parsing XDC File [E:/competition/2_fpga/3_yolo_zynq/proj/axi_gemm_test/axi_gemm_test.srcs/constrs_1/imports/2_fpga/0_diaplay_test/proj/action_v1_clock_impl.xdc]
INFO: [Project 1-538] Using original IP XDC constraints instead of the XDC constraints in dcp 'e:/competition/2_fpga/3_yolo_zynq/rtl/GEMM/ip/gemm_bm_lut/gemm_bm_lut.dcp'
INFO: [Project 1-538] Using original IP XDC constraints instead of the XDC constraints in dcp 'e:/competition/2_fpga/3_yolo_zynq/rtl/GEMM/ip/gemm_bm_x_g1/gemm_bm_x_g1.dcp'
INFO: [Project 1-538] Using original IP XDC constraints instead of the XDC constraints in dcp 'e:/competition/2_fpga/3_yolo_zynq/rtl/GEMM/ip/gemm_bm_x_g0/gemm_bm_x_g0.dcp'
INFO: [Project 1-538] Using original IP XDC constraints instead of the XDC constraints in dcp 'e:/competition/2_fpga/3_yolo_zynq/rtl/GEMM/ip/gemm_bm_w_g1/gemm_bm_w_g1.dcp'
INFO: [Project 1-538] Using original IP XDC constraints instead of the XDC constraints in dcp 'e:/competition/2_fpga/3_yolo_zynq/rtl/GEMM/ip/gemm_bm_w_g0/gemm_bm_w_g0.dcp'
INFO: [Project 1-1714] 2 XPM XDC files have been applied to the design.
INFO: [Opt 31-138] Pushed 0 inverter(s) to 0 load pin(s).
Netlist sorting complete. Time (s): cpu = 00:00:00 ; elapsed = 00:00:00.004 . Memory (MB): peak = 1616.637 ; gain = 0.000
INFO: [Project 1-111] Unisim Transformation Summary:
  A total of 12 instances were transformed.
  RAM32M => RAM32M (RAMD32(x6), RAMS32(x2)): 12 instances

31 Infos, 95 Warnings, 94 Critical Warnings and 0 Errors encountered.
link_design completed successfully
link_design: Time (s): cpu = 00:00:12 ; elapsed = 00:00:12 . Memory (MB): peak = 1616.637 ; gain = 1029.508
Command: opt_design
Attempting to get a license for feature 'Implementation' and/or device 'xc7z020'
INFO: [Common 17-349] Got license for feature 'Implementation' and/or device 'xc7z020'
Running DRC as a precondition to command opt_design

Starting DRC Task
INFO: [DRC 23-27] Running DRC with 2 threads
INFO: [Project 1-461] DRC finished with 0 Errors
INFO: [Project 1-462] Please refer to the DRC report (report_drc) for more information.

Time (s): cpu = 00:00:01 ; elapsed = 00:00:00.370 . Memory (MB): peak = 1616.637 ; gain = 0.000

Starting Cache Timing Information Task
INFO: [Timing 38-35] Done setting XDC timing constraints.
Ending Cache Timing Information Task | Checksum: 135e2a631

Time (s): cpu = 00:00:01 ; elapsed = 00:00:00.686 . Memory (MB): peak = 1616.637 ; gain = 0.000

Starting Logic Optimization Task

Phase 1 Initialization

Phase 1.1 Core Generation And Design Setup
Phase 1.1 Core Generation And Design Setup | Checksum: 135e2a631

Time (s): cpu = 00:00:00 ; elapsed = 00:00:00.017 . Memory (MB): peak = 2045.254 ; gain = 0.000

Phase 1.2 Setup Constraints And Sort Netlist
Phase 1.2 Setup Constraints And Sort Netlist | Checksum: 135e2a631

Time (s): cpu = 00:00:00 ; elapsed = 00:00:00.025 . Memory (MB): peak = 2045.254 ; gain = 0.000
Phase 1 Initialization | Checksum: 135e2a631

Time (s): cpu = 00:00:00 ; elapsed = 00:00:00.026 . Memory (MB): peak = 2045.254 ; gain = 0.000

Phase 2 Timer Update And Timing Data Collection

Phase 2.1 Detect if minReqCache needed
Phase 2.1 Detect if minReqCache needed | Checksum: 135e2a631

Time (s): cpu = 00:00:00 ; elapsed = 00:00:00.078 . Memory (MB): peak = 2046.195 ; gain = 0.941

Phase 2.2 Timer Update
Phase 2.2 Timer Update | Checksum: 135e2a631

Time (s): cpu = 00:00:00 ; elapsed = 00:00:00.085 . Memory (MB): peak = 2046.195 ; gain = 0.941
Phase 2 Timer Update And Timing Data Collection | Checksum: 135e2a631

Time (s): cpu = 00:00:00 ; elapsed = 00:00:00.087 . Memory (MB): peak = 2046.195 ; gain = 0.941

Phase 3 Retarget
INFO: [Opt 31-1851] Number of loadless carry chains removed were: 0
INFO: [Opt 31-1834] Total Chains To Be Transformed Were: 0 AND Number of Transformed insts Created are: 0
INFO: [Opt 31-1566] Pulled 1 inverters resulting in an inversion of 5 pins
INFO: [Opt 31-138] Pushed 3 inverter(s) to 4 load pin(s).
INFO: [Opt 31-49] Retargeted 0 cell(s).
Phase 3 Retarget | Checksum: f11f619a

Time (s): cpu = 00:00:00 ; elapsed = 00:00:00.315 . Memory (MB): peak = 2046.195 ; gain = 0.941
Retarget | Checksum: f11f619a
INFO: [Opt 31-389] Phase Retarget created 9 cells and removed 38 cells

Phase 4 Constant propagation
INFO: [Opt 31-138] Pushed 0 inverter(s) to 0 load pin(s).
Phase 4 Constant propagation | Checksum: 14c6f57ef

Time (s): cpu = 00:00:00 ; elapsed = 00:00:00.448 . Memory (MB): peak = 2046.195 ; gain = 0.941
Constant propagation | Checksum: 14c6f57ef
INFO: [Opt 31-389] Phase Constant propagation created 0 cells and removed 0 cells

Phase 5 Sweep
INFO: [Constraints 18-11670] Building netlist checker database with flags, 0x8
Done building netlist checker database: Time (s): cpu = 00:00:00 ; elapsed = 00:00:00.009 . Memory (MB): peak = 2046.195 ; gain = 0.000
INFO: [Constraints 18-11670] Building netlist checker database with flags, 0x8
Done building netlist checker database: Time (s): cpu = 00:00:00 ; elapsed = 00:00:00.008 . Memory (MB): peak = 2046.195 ; gain = 0.000
Phase 5 Sweep | Checksum: 14aee9943

Time (s): cpu = 00:00:01 ; elapsed = 00:00:00.833 . Memory (MB): peak = 2046.195 ; gain = 0.941
Sweep | Checksum: 14aee9943
INFO: [Opt 31-389] Phase Sweep created 0 cells and removed 42 cells

Phase 6 BUFG optimization
INFO: [Opt 31-194] Inserted BUFG display_test_i/processing_system7_0/inst/FCLK_CLK0_BUFG_inst to drive 7711 load(s) on clock net display_test_i/processing_system7_0/inst/FCLK_CLK0_BUFG
INFO: [Opt 31-193] Inserted 1 BUFG(s) on clock nets
Phase 6 BUFG optimization | Checksum: 1cc562783

Time (s): cpu = 00:00:01 ; elapsed = 00:00:01 . Memory (MB): peak = 2046.195 ; gain = 0.941
BUFG optimization | Checksum: 1cc562783
INFO: [Opt 31-662] Phase BUFG optimization created 1 cells of which 1 are BUFGs and removed 0 cells.

Phase 7 Shift Register Optimization
INFO: [Opt 31-1064] SRL Remap converted 0 SRLs to 0 registers and converted 0 registers of register chains to 0 SRLs
Phase 7 Shift Register Optimization | Checksum: 1cc562783

Time (s): cpu = 00:00:01 ; elapsed = 00:00:01 . Memory (MB): peak = 2046.195 ; gain = 0.941
Shift Register Optimization | Checksum: 1cc562783
INFO: [Opt 31-389] Phase Shift Register Optimization created 0 cells and removed 0 cells

Phase 8 Post Processing Netlist
Phase 8 Post Processing Netlist | Checksum: 1783f16c6

Time (s): cpu = 00:00:01 ; elapsed = 00:00:01 . Memory (MB): peak = 2046.195 ; gain = 0.941
Post Processing Netlist | Checksum: 1783f16c6
INFO: [Opt 31-389] Phase Post Processing Netlist created 0 cells and removed 0 cells

Phase 9 Finalization

Phase 9.1 Finalizing Design Cores and Updating Shapes
Phase 9.1 Finalizing Design Cores and Updating Shapes | Checksum: 26a78d428

Time (s): cpu = 00:00:02 ; elapsed = 00:00:02 . Memory (MB): peak = 2046.195 ; gain = 0.941

Phase 9.2 Verifying Netlist Connectivity

Starting Connectivity Check Task

Time (s): cpu = 00:00:00 ; elapsed = 00:00:00.023 . Memory (MB): peak = 2046.195 ; gain = 0.000
Phase 9.2 Verifying Netlist Connectivity | Checksum: 26a78d428

Time (s): cpu = 00:00:02 ; elapsed = 00:00:02 . Memory (MB): peak = 2046.195 ; gain = 0.941
Phase 9 Finalization | Checksum: 26a78d428

Time (s): cpu = 00:00:02 ; elapsed = 00:00:02 . Memory (MB): peak = 2046.195 ; gain = 0.941
Opt_design Change Summary
=========================


-------------------------------------------------------------------------------------------------------------------------
|  Phase                        |  #Cells created  |  #Cells Removed  |  #Constrained objects preventing optimizations  |
-------------------------------------------------------------------------------------------------------------------------
|  Retarget                     |               9  |              38  |                                              0  |
|  Constant propagation         |               0  |               0  |                                              0  |
|  Sweep                        |               0  |              42  |                                              0  |
|  BUFG optimization            |               1  |               0  |                                              0  |
|  Shift Register Optimization  |               0  |               0  |                                              0  |
|  Post Processing Netlist      |               0  |               0  |                                              0  |
-------------------------------------------------------------------------------------------------------------------------


Ending Logic Optimization Task | Checksum: 26a78d428

Time (s): cpu = 00:00:02 ; elapsed = 00:00:02 . Memory (MB): peak = 2046.195 ; gain = 0.941

Starting Power Optimization Task
INFO: [Pwropt 34-132] Skipping clock gating for clocks with a period < 2.00 ns.
INFO: [Pwropt 34-9] Applying IDT optimizations ...
INFO: [Pwropt 34-10] Applying ODC optimizations ...
INFO: [Timing 38-35] Done setting XDC timing constraints.
Running Vector-less Activity Propagation...

Finished Running Vector-less Activity Propagation


Starting PowerOpt Patch Enables Task
INFO: [Pwropt 34-162] WRITE_MODE attribute of 13 BRAM(s) out of a total of 22 has been updated to save power. Run report_power_opt to get a complete listing of the BRAMs updated.
INFO: [Pwropt 34-201] Structural ODC has moved 1 WE to EN ports
Number of BRAM Ports augmented: 0 newly gated: 2 Total Ports: 44
Ending PowerOpt Patch Enables Task | Checksum: 182f4d269

Time (s): cpu = 00:00:00 ; elapsed = 00:00:00.104 . Memory (MB): peak = 2048.656 ; gain = 0.000
Ending Power Optimization Task | Checksum: 182f4d269

Time (s): cpu = 00:00:06 ; elapsed = 00:00:04 . Memory (MB): peak = 2048.656 ; gain = 2.461

Starting Final Cleanup Task

Starting Logic Optimization Task
INFO: [Timing 38-35] Done setting XDC timing constraints.
Ending Logic Optimization Task | Checksum: 10813815e

Time (s): cpu = 00:00:02 ; elapsed = 00:00:01 . Memory (MB): peak = 2091.977 ; gain = 43.320
Ending Final Cleanup Task | Checksum: 10813815e

Time (s): cpu = 00:00:04 ; elapsed = 00:00:03 . Memory (MB): peak = 2091.977 ; gain = 43.320
Netlist sorting complete. Time (s): cpu = 00:00:00 ; elapsed = 00:00:00.006 . Memory (MB): peak = 2091.977 ; gain = 0.000
INFO: [Common 17-83] Releasing license: Implementation
61 Infos, 95 Warnings, 94 Critical Warnings and 0 Errors encountered.
opt_design completed successfully
opt_design: Time (s): cpu = 00:00:16 ; elapsed = 00:00:12 . Memory (MB): peak = 2091.977 ; gain = 475.340
INFO: [Vivado 12-24828] Executing command : report_drc -file display_test_wrapper_drc_opted.rpt -pb display_test_wrapper_drc_opted.pb -rpx display_test_wrapper_drc_opted.rpx
Command: report_drc -file display_test_wrapper_drc_opted.rpt -pb display_test_wrapper_drc_opted.pb -rpx display_test_wrapper_drc_opted.rpx
INFO: [IP_Flow 19-1839] IP Catalog is up to date.
INFO: [DRC 23-27] Running DRC with 2 threads
INFO: [Vivado_Tcl 2-168] The results of DRC are in file E:/competition/2_fpga/3_yolo_zynq/proj/axi_gemm_test/axi_gemm_test.runs/impl_1/display_test_wrapper_drc_opted.rpt.
report_drc completed successfully
INFO: [Timing 38-480] Writing timing data to binary archive.
Wrote PlaceDB: Time (s): cpu = 00:00:00 ; elapsed = 00:00:00 . Memory (MB): peak = 2091.977 ; gain = 0.000
Wrote PulsedLatchDB: Time (s): cpu = 00:00:00 ; elapsed = 00:00:00 . Memory (MB): peak = 2091.977 ; gain = 0.000
Writing XDEF routing.
Writing XDEF routing logical nets.
Writing XDEF routing special nets.
Wrote RouteStorage: Time (s): cpu = 00:00:00 ; elapsed = 00:00:00.035 . Memory (MB): peak = 2091.977 ; gain = 0.000
Write ShapeDB Complete: Time (s): cpu = 00:00:00 ; elapsed = 00:00:00.042 . Memory (MB): peak = 2091.977 ; gain = 0.000
Wrote PlaceStorage: Time (s): cpu = 00:00:00 ; elapsed = 00:00:00.009 . Memory (MB): peak = 2091.977 ; gain = 0.000
Wrote Netlist Cache: Time (s): cpu = 00:00:00 ; elapsed = 00:00:00.001 . Memory (MB): peak = 2091.977 ; gain = 0.000
Wrote Device Cache: Time (s): cpu = 00:00:01 ; elapsed = 00:00:00.007 . Memory (MB): peak = 2091.977 ; gain = 0.000
Write Physdb Complete: Time (s): cpu = 00:00:01 ; elapsed = 00:00:00.057 . Memory (MB): peak = 2091.977 ; gain = 0.000
INFO: [Common 17-1381] The checkpoint 'E:/competition/2_fpga/3_yolo_zynq/proj/axi_gemm_test/axi_gemm_test.runs/impl_1/display_test_wrapper_opt.dcp' has been generated.
Command: place_design
Attempting to get a license for feature 'Implementation' and/or device 'xc7z020'
INFO: [Common 17-349] Got license for feature 'Implementation' and/or device 'xc7z020'
INFO: [Common 17-83] Releasing license: Implementation
INFO: [DRC 23-27] Running DRC with 2 threads
INFO: [Vivado_Tcl 4-198] DRC finished with 0 Errors
INFO: [Vivado_Tcl 4-199] Please refer to the DRC report (report_drc) for more information.
INFO: [Timing 38-35] Done setting XDC timing constraints.
Running DRC as a precondition to command place_design
INFO: [DRC 23-27] Running DRC with 2 threads
INFO: [Vivado_Tcl 4-198] DRC finished with 0 Errors, 21 Warnings
INFO: [Vivado_Tcl 4-199] Please refer to the DRC report (report_drc) for more information.
INFO: [Place 30-611] Multithreading enabled for place_design using a maximum of 2 CPUs

Starting Placer Task

Phase 1 Placer Initialization

Phase 1.1 Placer Initialization Netlist Sorting
Netlist sorting complete. Time (s): cpu = 00:00:00 ; elapsed = 00:00:00.006 . Memory (MB): peak = 2091.977 ; gain = 0.000
Phase 1.1 Placer Initialization Netlist Sorting | Checksum: be6d6d6b

Time (s): cpu = 00:00:00 ; elapsed = 00:00:00.009 . Memory (MB): peak = 2091.977 ; gain = 0.000
Netlist sorting complete. Time (s): cpu = 00:00:00 ; elapsed = 00:00:00.005 . Memory (MB): peak = 2091.977 ; gain = 0.000

Phase 1.2 IO Placement/ Clock Placement/ Build Placer Device
Phase 1.2 IO Placement/ Clock Placement/ Build Placer Device | Checksum: fdc9ce80

Time (s): cpu = 00:00:01 ; elapsed = 00:00:00.565 . Memory (MB): peak = 2091.977 ; gain = 0.000

Phase 1.3 Build Placer Netlist Model
Phase 1.3 Build Placer Netlist Model | Checksum: 1aa42f6c2

Time (s): cpu = 00:00:05 ; elapsed = 00:00:03 . Memory (MB): peak = 2091.977 ; gain = 0.000

Phase 1.4 Constrain Clocks/Macros
Phase 1.4 Constrain Clocks/Macros | Checksum: 1aa42f6c2

Time (s): cpu = 00:00:05 ; elapsed = 00:00:03 . Memory (MB): peak = 2091.977 ; gain = 0.000
Phase 1 Placer Initialization | Checksum: 1aa42f6c2

Time (s): cpu = 00:00:05 ; elapsed = 00:00:03 . Memory (MB): peak = 2091.977 ; gain = 0.000

Phase 2 Global Placement

Phase 2.1 Floorplanning
Phase 2.1 Floorplanning | Checksum: 1a038eb12

Time (s): cpu = 00:00:07 ; elapsed = 00:00:05 . Memory (MB): peak = 2091.977 ; gain = 0.000

Phase 2.2 Update Timing before SLR Path Opt
Phase 2.2 Update Timing before SLR Path Opt | Checksum: 1d3dd1842

Time (s): cpu = 00:00:10 ; elapsed = 00:00:06 . Memory (MB): peak = 2091.977 ; gain = 0.000

Phase 2.3 Post-Processing in Floorplanning
Phase 2.3 Post-Processing in Floorplanning | Checksum: 1d3dd1842

Time (s): cpu = 00:00:10 ; elapsed = 00:00:06 . Memory (MB): peak = 2091.977 ; gain = 0.000

Phase 2.4 Global Place Phase1
Phase 2.4 Global Place Phase1 | Checksum: 1b783d2be

Time (s): cpu = 00:00:21 ; elapsed = 00:00:13 . Memory (MB): peak = 2091.977 ; gain = 0.000

Phase 2.5 Global Place Phase2

Phase 2.5.1 UpdateTiming Before Physical Synthesis
Phase 2.5.1 UpdateTiming Before Physical Synthesis | Checksum: 2187c6127

Time (s): cpu = 00:00:23 ; elapsed = 00:00:14 . Memory (MB): peak = 2091.977 ; gain = 0.000

Phase 2.5.2 Physical Synthesis In Placer
INFO: [Physopt 32-1035] Found 0 LUTNM shape to break, 110 LUT instances to create LUTNM shape
INFO: [Physopt 32-1044] Break lutnm for timing: one critical 0, two critical 0, total 0, new lutff created 0
INFO: [Physopt 32-1138] End 1 Pass. Optimized 43 nets or LUTs. Breaked 0 LUT, combined 43 existing LUTs and moved 0 existing LUT
INFO: [Physopt 32-65] No nets found for high-fanout optimization.
INFO: [Physopt 32-232] Optimized 0 net. Created 0 new instance.
INFO: [Physopt 32-775] End 1 Pass. Optimized 0 net or cell. Created 0 new cell, deleted 0 existing cell and moved 0 existing cell
INFO: [Physopt 32-670] No setup violation found.  DSP Register Optimization was not performed.
INFO: [Physopt 32-670] No setup violation found.  Shift Register to Pipeline Optimization was not performed.
INFO: [Physopt 32-670] No setup violation found.  Shift Register Optimization was not performed.
INFO: [Physopt 32-670] No setup violation found.  BRAM Register Optimization was not performed.
INFO: [Physopt 32-670] No setup violation found.  URAM Register Optimization was not performed.
INFO: [Physopt 32-949] No candidate nets found for dynamic/static region interface net replication
INFO: [Physopt 32-775] End 1 Pass. Optimized 0 net or cell. Created 0 new cell, deleted 0 existing cell and moved 0 existing cell
Netlist sorting complete. Time (s): cpu = 00:00:00 ; elapsed = 00:00:00.006 . Memory (MB): peak = 2091.977 ; gain = 0.000

Summary of Physical Synthesis Optimizations
============================================


-----------------------------------------------------------------------------------------------------------------------------------------------------------
|  Optimization                                     |  Added Cells  |  Removed Cells  |  Optimized Cells/Nets  |  Dont Touch  |  Iterations  |  Elapsed   |
-----------------------------------------------------------------------------------------------------------------------------------------------------------
|  LUT Combining                                    |            0  |             43  |                    43  |           0  |           1  |  00:00:00  |
|  Retime                                           |            0  |              0  |                     0  |           0  |           1  |  00:00:00  |
|  Very High Fanout                                 |            0  |              0  |                     0  |           0  |           1  |  00:00:00  |
|  DSP Register                                     |            0  |              0  |                     0  |           0  |           0  |  00:00:00  |
|  Shift Register to Pipeline                       |            0  |              0  |                     0  |           0  |           0  |  00:00:00  |
|  Shift Register                                   |            0  |              0  |                     0  |           0  |           0  |  00:00:00  |
|  BRAM Register                                    |            0  |              0  |                     0  |           0  |           0  |  00:00:00  |
|  URAM Register                                    |            0  |              0  |                     0  |           0  |           0  |  00:00:00  |
|  Dynamic/Static Region Interface Net Replication  |            0  |              0  |                     0  |           0  |           1  |  00:00:00  |
|  Total                                            |            0  |             43  |                    43  |           0  |           4  |  00:00:00  |
-----------------------------------------------------------------------------------------------------------------------------------------------------------


Phase 2.5.2 Physical Synthesis In Placer | Checksum: 1b158b519

Time (s): cpu = 00:00:26 ; elapsed = 00:00:16 . Memory (MB): peak = 2091.977 ; gain = 0.000
Phase 2.5 Global Place Phase2 | Checksum: 11e3cc7e2

Time (s): cpu = 00:00:27 ; elapsed = 00:00:16 . Memory (MB): peak = 2091.977 ; gain = 0.000
Phase 2 Global Placement | Checksum: 11e3cc7e2

Time (s): cpu = 00:00:27 ; elapsed = 00:00:16 . Memory (MB): peak = 2091.977 ; gain = 0.000

Phase 3 Detail Placement

Phase 3.1 Commit Multi Column Macros
Phase 3.1 Commit Multi Column Macros | Checksum: efbb0ac9

Time (s): cpu = 00:00:29 ; elapsed = 00:00:18 . Memory (MB): peak = 2091.977 ; gain = 0.000

Phase 3.2 Commit Most Macros & LUTRAMs
Phase 3.2 Commit Most Macros & LUTRAMs | Checksum: 16a76189d

Time (s): cpu = 00:00:33 ; elapsed = 00:00:21 . Memory (MB): peak = 2091.977 ; gain = 0.000

Phase 3.3 Area Swap Optimization
Phase 3.3 Area Swap Optimization | Checksum: 1eb17a5fa

Time (s): cpu = 00:00:33 ; elapsed = 00:00:21 . Memory (MB): peak = 2091.977 ; gain = 0.000

Phase 3.4 Pipeline Register Optimization
Phase 3.4 Pipeline Register Optimization | Checksum: 198b94d41

Time (s): cpu = 00:00:33 ; elapsed = 00:00:21 . Memory (MB): peak = 2091.977 ; gain = 0.000

Phase 3.5 Small Shape Detail Placement
Phase 3.5 Small Shape Detail Placement | Checksum: 1313598d7

Time (s): cpu = 00:00:35 ; elapsed = 00:00:23 . Memory (MB): peak = 2091.977 ; gain = 0.000

Phase 3.6 Re-assign LUT pins
Phase 3.6 Re-assign LUT pins | Checksum: 15b6f2b22

Time (s): cpu = 00:00:36 ; elapsed = 00:00:24 . Memory (MB): peak = 2091.977 ; gain = 0.000

Phase 3.7 Pipeline Register Optimization
Phase 3.7 Pipeline Register Optimization | Checksum: 1ae943981

Time (s): cpu = 00:00:37 ; elapsed = 00:00:24 . Memory (MB): peak = 2091.977 ; gain = 0.000
Phase 3 Detail Placement | Checksum: 1ae943981

Time (s): cpu = 00:00:37 ; elapsed = 00:00:24 . Memory (MB): peak = 2091.977 ; gain = 0.000

Phase 4 Post Placement Optimization and Clean-Up

Phase 4.1 Post Commit Optimization
INFO: [Timing 38-35] Done setting XDC timing constraints.

Phase 4.1.1 Post Placement Optimization
Post Placement Optimization Initialization | Checksum: 26e0de0f2

Phase 4.1.1.1 BUFG Insertion

Starting Physical Synthesis Task

Phase 1 Physical Synthesis Initialization
INFO: [Physopt 32-721] Multithreading enabled for phys_opt_design using a maximum of 2 CPUs
INFO: [Physopt 32-619] Estimated Timing Summary | WNS=8.621 | TNS=0.000 |
Phase 1 Physical Synthesis Initialization | Checksum: 202f3767a

Time (s): cpu = 00:00:00 ; elapsed = 00:00:00.175 . Memory (MB): peak = 2091.977 ; gain = 0.000
INFO: [Place 46-33] Processed net display_test_i/u_yolo_gemm/inst/u_core/u_array/grow[0].gcol[6].u_cell/u_acc/soft_cnt_reg[2], BUFG insertion was skipped due to placement/routing conflicts.
INFO: [Place 46-56] BUFG insertion identified 1 candidate nets. Inserted BUFG: 0, Replicated BUFG Driver: 0, Skipped due to Placement/Routing Conflicts: 1, Skipped due to Timing Degradation: 0, Skipped due to netlist editing failed: 0.
Ending Physical Synthesis Task | Checksum: 1d3b84786

Time (s): cpu = 00:00:00 ; elapsed = 00:00:00.395 . Memory (MB): peak = 2091.977 ; gain = 0.000
Phase 4.1.1.1 BUFG Insertion | Checksum: 26e0de0f2

Time (s): cpu = 00:00:41 ; elapsed = 00:00:27 . Memory (MB): peak = 2091.977 ; gain = 0.000

Phase 4.1.1.2 Post Placement Timing Optimization
INFO: [Place 30-746] Post Placement Timing Summary WNS=8.621. For the most accurate timing information please run report_timing.
Phase 4.1.1.2 Post Placement Timing Optimization | Checksum: 1db1fe64b

Time (s): cpu = 00:00:41 ; elapsed = 00:00:27 . Memory (MB): peak = 2091.977 ; gain = 0.000

Time (s): cpu = 00:00:41 ; elapsed = 00:00:27 . Memory (MB): peak = 2091.977 ; gain = 0.000
Phase 4.1 Post Commit Optimization | Checksum: 1db1fe64b

Time (s): cpu = 00:00:41 ; elapsed = 00:00:27 . Memory (MB): peak = 2091.977 ; gain = 0.000

Phase 4.2 Post Placement Cleanup
Phase 4.2 Post Placement Cleanup | Checksum: 1db1fe64b

Time (s): cpu = 00:00:41 ; elapsed = 00:00:27 . Memory (MB): peak = 2091.977 ; gain = 0.000

Phase 4.3 Placer Reporting

Phase 4.3.1 Print Estimated Congestion
INFO: [Place 30-612] Post-Placement Estimated Congestion 
 ____________________________________________________
|           | Global Congestion | Short Congestion  |
| Direction | Region Size       | Region Size       |
|___________|___________________|___________________|
|      North|                1x1|                4x4|
|___________|___________________|___________________|
|      South|                1x1|                2x2|
|___________|___________________|___________________|
|       East|                1x1|                2x2|
|___________|___________________|___________________|
|       West|                1x1|                2x2|
|___________|___________________|___________________|

Phase 4.3.1 Print Estimated Congestion | Checksum: 1db1fe64b

Time (s): cpu = 00:00:42 ; elapsed = 00:00:27 . Memory (MB): peak = 2091.977 ; gain = 0.000
Phase 4.3 Placer Reporting | Checksum: 1db1fe64b

Time (s): cpu = 00:00:42 ; elapsed = 00:00:27 . Memory (MB): peak = 2091.977 ; gain = 0.000

Phase 4.4 Final Placement Cleanup
Netlist sorting complete. Time (s): cpu = 00:00:00 ; elapsed = 00:00:00.006 . Memory (MB): peak = 2091.977 ; gain = 0.000

Time (s): cpu = 00:00:42 ; elapsed = 00:00:27 . Memory (MB): peak = 2091.977 ; gain = 0.000
Phase 4 Post Placement Optimization and Clean-Up | Checksum: 1a06da7e9

Time (s): cpu = 00:00:42 ; elapsed = 00:00:27 . Memory (MB): peak = 2091.977 ; gain = 0.000
Ending Placer Task | Checksum: 14f5ff531

Time (s): cpu = 00:00:42 ; elapsed = 00:00:27 . Memory (MB): peak = 2091.977 ; gain = 0.000
97 Infos, 95 Warnings, 94 Critical Warnings and 0 Errors encountered.
place_design completed successfully
place_design: Time (s): cpu = 00:00:44 ; elapsed = 00:00:30 . Memory (MB): peak = 2091.977 ; gain = 0.000
INFO: [Vivado 12-24838] Running report commands "report_control_sets, report_io, report_utilization" in parallel.
Running report generation with 2 threads.
INFO: [Vivado 12-24828] Executing command : report_io -file display_test_wrapper_io_placed.rpt
report_io: Time (s): cpu = 00:00:00 ; elapsed = 00:00:00.068 . Memory (MB): peak = 2091.977 ; gain = 0.000
INFO: [Vivado 12-24828] Executing command : report_control_sets -verbose -file display_test_wrapper_control_sets_placed.rpt
report_control_sets: Time (s): cpu = 00:00:00 ; elapsed = 00:00:00.029 . Memory (MB): peak = 2091.977 ; gain = 0.000
INFO: [Vivado 12-24828] Executing command : report_utilization -file display_test_wrapper_utilization_placed.rpt -pb display_test_wrapper_utilization_placed.pb
INFO: [Timing 38-480] Writing timing data to binary archive.
Wrote PlaceDB: Time (s): cpu = 00:00:00 ; elapsed = 00:00:00 . Memory (MB): peak = 2091.977 ; gain = 0.000
Wrote PulsedLatchDB: Time (s): cpu = 00:00:00 ; elapsed = 00:00:00 . Memory (MB): peak = 2091.977 ; gain = 0.000
Writing XDEF routing.
Writing XDEF routing logical nets.
Writing XDEF routing special nets.
Wrote RouteStorage: Time (s): cpu = 00:00:00 ; elapsed = 00:00:00.037 . Memory (MB): peak = 2091.977 ; gain = 0.000
Write ShapeDB Complete: Time (s): cpu = 00:00:00 ; elapsed = 00:00:00.043 . Memory (MB): peak = 2091.977 ; gain = 0.000
Wrote PlaceStorage: Time (s): cpu = 00:00:01 ; elapsed = 00:00:00.498 . Memory (MB): peak = 2091.977 ; gain = 0.000
Wrote Netlist Cache: Time (s): cpu = 00:00:00 ; elapsed = 00:00:00.019 . Memory (MB): peak = 2091.977 ; gain = 0.000
Wrote Device Cache: Time (s): cpu = 00:00:00 ; elapsed = 00:00:00.008 . Memory (MB): peak = 2091.977 ; gain = 0.000
Write Physdb Complete: Time (s): cpu = 00:00:02 ; elapsed = 00:00:00.576 . Memory (MB): peak = 2091.977 ; gain = 0.000
INFO: [Common 17-1381] The checkpoint 'E:/competition/2_fpga/3_yolo_zynq/proj/axi_gemm_test/axi_gemm_test.runs/impl_1/display_test_wrapper_placed.dcp' has been generated.
Command: phys_opt_design
Attempting to get a license for feature 'Implementation' and/or device 'xc7z020'
INFO: [Common 17-349] Got license for feature 'Implementation' and/or device 'xc7z020'

Starting Initial Update Timing Task

Time (s): cpu = 00:00:03 ; elapsed = 00:00:02 . Memory (MB): peak = 2091.977 ; gain = 0.000
INFO: [Vivado_Tcl 4-2279] Estimated Timing Summary | WNS= 8.621 | TNS= 0.000 | 
INFO: [Vivado_Tcl 4-383] Design worst setup slack (WNS) is greater than or equal to 0.000 ns. All physical synthesis setup optimizations will be skipped.
INFO: [Vivado_Tcl 4-232] No setup violation found. The netlist was not modified.
INFO: [Common 17-83] Releasing license: Implementation
108 Infos, 95 Warnings, 94 Critical Warnings and 0 Errors encountered.
phys_opt_design completed successfully
INFO: [Timing 38-480] Writing timing data to binary archive.
Wrote PlaceDB: Time (s): cpu = 00:00:00 ; elapsed = 00:00:00 . Memory (MB): peak = 2091.977 ; gain = 0.000
Wrote PulsedLatchDB: Time (s): cpu = 00:00:00 ; elapsed = 00:00:00 . Memory (MB): peak = 2091.977 ; gain = 0.000
Writing XDEF routing.
Writing XDEF routing logical nets.
Writing XDEF routing special nets.
Wrote RouteStorage: Time (s): cpu = 00:00:00 ; elapsed = 00:00:00.036 . Memory (MB): peak = 2091.977 ; gain = 0.000
Write ShapeDB Complete: Time (s): cpu = 00:00:00 ; elapsed = 00:00:00.042 . Memory (MB): peak = 2091.977 ; gain = 0.000
Wrote PlaceStorage: Time (s): cpu = 00:00:02 ; elapsed = 00:00:00.485 . Memory (MB): peak = 2091.977 ; gain = 0.000
Wrote Netlist Cache: Time (s): cpu = 00:00:00 ; elapsed = 00:00:00.020 . Memory (MB): peak = 2091.977 ; gain = 0.000
Wrote Device Cache: Time (s): cpu = 00:00:00 ; elapsed = 00:00:00.009 . Memory (MB): peak = 2091.977 ; gain = 0.000
Write Physdb Complete: Time (s): cpu = 00:00:02 ; elapsed = 00:00:00.562 . Memory (MB): peak = 2091.977 ; gain = 0.000
INFO: [Common 17-1381] The checkpoint 'E:/competition/2_fpga/3_yolo_zynq/proj/axi_gemm_test/axi_gemm_test.runs/impl_1/display_test_wrapper_physopt.dcp' has been generated.
Command: route_design
Attempting to get a license for feature 'Implementation' and/or device 'xc7z020'
INFO: [Common 17-349] Got license for feature 'Implementation' and/or device 'xc7z020'


Starting Routing Task
INFO: [Route 35-254] Multithreading enabled for route_design using a maximum of 2 CPUs

Phase 1 Build RT Design
Checksum: PlaceDB: c044917b ConstDB: 0 ShapeSum: 7921f0c6 RouteDB: 15f972f0
Post Restoration Checksum: NetGraph: 9cf4ee0e | NumContArr: b0b05ef0 | Constraints: c2a8fa9d | Timing: c2a8fa9d
Phase 1 Build RT Design | Checksum: 2d2f74238

Time (s): cpu = 00:00:18 ; elapsed = 00:00:15 . Memory (MB): peak = 2091.977 ; gain = 0.000

Phase 2 Router Initialization

Phase 2.1 Fix Topology Constraints
Phase 2.1 Fix Topology Constraints | Checksum: 2d2f74238

Time (s): cpu = 00:00:18 ; elapsed = 00:00:15 . Memory (MB): peak = 2091.977 ; gain = 0.000

Phase 2.2 Pre Route Cleanup
Phase 2.2 Pre Route Cleanup | Checksum: 2d2f74238

Time (s): cpu = 00:00:18 ; elapsed = 00:00:15 . Memory (MB): peak = 2091.977 ; gain = 0.000
 Number of Nodes with overlaps = 0

Phase 2.3 Update Timing
Phase 2.3 Update Timing | Checksum: 1008ab259

Time (s): cpu = 00:00:23 ; elapsed = 00:00:18 . Memory (MB): peak = 2118.270 ; gain = 26.293
INFO: [Route 35-416] Intermediate Timing Summary | WNS=8.792  | TNS=0.000  | WHS=-0.358 | THS=-168.189|


Phase 2.4 Soft Constraint Pins - Fast Budgeting
Phase 2.4 Soft Constraint Pins - Fast Budgeting | Checksum: 1627a3c86

Time (s): cpu = 00:00:24 ; elapsed = 00:00:18 . Memory (MB): peak = 2142.316 ; gain = 50.340

Router Utilization Summary
  Global Vertical Routing Utilization    = 0 %
  Global Horizontal Routing Utilization  = 0 %
  Routable Net Status*
  *Does not include unroutable nets such as driverless and loadless.
  Run report_route_status for detailed report.
  Number of Failed Nets               = 16446
    (Failed Nets is the sum of unrouted and partially routed nets)
  Number of Unrouted Nets             = 16446
  Number of Partially Routed Nets     = 0
  Number of Node Overlaps             = 0

Phase 2 Router Initialization | Checksum: 15a450e57

Time (s): cpu = 00:00:25 ; elapsed = 00:00:19 . Memory (MB): peak = 2142.316 ; gain = 50.340

Phase 3 Global Routing
Phase 3 Global Routing | Checksum: 15a450e57

Time (s): cpu = 00:00:25 ; elapsed = 00:00:19 . Memory (MB): peak = 2142.316 ; gain = 50.340

Phase 4 Initial Routing

Phase 4.1 Initial Net Routing Pass
Phase 4.1 Initial Net Routing Pass | Checksum: 17890e843

Time (s): cpu = 00:00:27 ; elapsed = 00:00:20 . Memory (MB): peak = 2142.316 ; gain = 50.340
Phase 4 Initial Routing | Checksum: 17890e843

Time (s): cpu = 00:00:27 ; elapsed = 00:00:20 . Memory (MB): peak = 2142.316 ; gain = 50.340

Phase 5 Rip-up And Reroute

Phase 5.1 Global Iteration 0
 Number of Nodes with overlaps = 908
 Number of Nodes with overlaps = 18
 Number of Nodes with overlaps = 0
INFO: [Route 35-416] Intermediate Timing Summary | WNS=4.953  | TNS=0.000  | WHS=N/A    | THS=N/A    |

Phase 5.1 Global Iteration 0 | Checksum: 1e46f372b

Time (s): cpu = 00:00:32 ; elapsed = 00:00:23 . Memory (MB): peak = 2142.316 ; gain = 50.340

Phase 5.2 Global Iteration 1
 Number of Nodes with overlaps = 0
INFO: [Route 35-416] Intermediate Timing Summary | WNS=4.953  | TNS=0.000  | WHS=N/A    | THS=N/A    |

Phase 5.2 Global Iteration 1 | Checksum: 1f0b8ff5c

Time (s): cpu = 00:00:33 ; elapsed = 00:00:24 . Memory (MB): peak = 2142.316 ; gain = 50.340
Phase 5 Rip-up And Reroute | Checksum: 1f0b8ff5c

Time (s): cpu = 00:00:33 ; elapsed = 00:00:24 . Memory (MB): peak = 2142.316 ; gain = 50.340

Phase 6 Delay and Skew Optimization

Phase 6.1 Delay CleanUp
Phase 6.1 Delay CleanUp | Checksum: 1f0b8ff5c

Time (s): cpu = 00:00:33 ; elapsed = 00:00:24 . Memory (MB): peak = 2142.316 ; gain = 50.340

Phase 6.2 Clock Skew Optimization
Phase 6.2 Clock Skew Optimization | Checksum: 1f0b8ff5c

Time (s): cpu = 00:00:33 ; elapsed = 00:00:24 . Memory (MB): peak = 2142.316 ; gain = 50.340
Phase 6 Delay and Skew Optimization | Checksum: 1f0b8ff5c

Time (s): cpu = 00:00:33 ; elapsed = 00:00:24 . Memory (MB): peak = 2142.316 ; gain = 50.340

Phase 7 Post Hold Fix

Phase 7.1 Hold Fix Iter
INFO: [Route 35-416] Intermediate Timing Summary | WNS=4.953  | TNS=0.000  | WHS=0.023  | THS=0.000  |

Phase 7.1 Hold Fix Iter | Checksum: 25a2d775d

Time (s): cpu = 00:00:33 ; elapsed = 00:00:24 . Memory (MB): peak = 2142.316 ; gain = 50.340
Phase 7 Post Hold Fix | Checksum: 25a2d775d

Time (s): cpu = 00:00:33 ; elapsed = 00:00:24 . Memory (MB): peak = 2142.316 ; gain = 50.340

Phase 8 Route finalize

Router Utilization Summary
  Global Vertical Routing Utilization    = 4.3936 %
  Global Horizontal Routing Utilization  = 6.04877 %
  Routable Net Status*
  *Does not include unroutable nets such as driverless and loadless.
  Run report_route_status for detailed report.
  Number of Failed Nets               = 0
    (Failed Nets is the sum of unrouted and partially routed nets)
  Number of Unrouted Nets             = 0
  Number of Partially Routed Nets     = 0
  Number of Node Overlaps             = 0

Phase 8 Route finalize | Checksum: 25a2d775d

Time (s): cpu = 00:00:33 ; elapsed = 00:00:24 . Memory (MB): peak = 2142.316 ; gain = 50.340

Phase 9 Verifying routed nets

 Verification completed successfully
Phase 9 Verifying routed nets | Checksum: 25a2d775d

Time (s): cpu = 00:00:33 ; elapsed = 00:00:24 . Memory (MB): peak = 2142.316 ; gain = 50.340

Phase 10 Depositing Routes
Phase 10 Depositing Routes | Checksum: 29af8db72

Time (s): cpu = 00:00:35 ; elapsed = 00:00:25 . Memory (MB): peak = 2142.316 ; gain = 50.340

Phase 11 Post Process Routing
Phase 11 Post Process Routing | Checksum: 29af8db72

Time (s): cpu = 00:00:35 ; elapsed = 00:00:25 . Memory (MB): peak = 2142.316 ; gain = 50.340

Phase 12 Post Router Timing
INFO: [Route 35-57] Estimated Timing Summary | WNS=4.953  | TNS=0.000  | WHS=0.023  | THS=0.000  |

INFO: [Route 35-327] The final timing numbers are based on the router estimated timing analysis. For a complete and accurate timing signoff, please run report_timing_summary.
Phase 12 Post Router Timing | Checksum: 29af8db72

Time (s): cpu = 00:00:35 ; elapsed = 00:00:25 . Memory (MB): peak = 2142.316 ; gain = 50.340
Total Elapsed time in route_design: 25.497 secs

Phase 13 Post-Route Event Processing
Phase 13 Post-Route Event Processing | Checksum: 110823f88

Time (s): cpu = 00:00:35 ; elapsed = 00:00:26 . Memory (MB): peak = 2142.316 ; gain = 50.340
INFO: [Route 35-16] Router Completed Successfully
Ending Routing Task | Checksum: 110823f88

Time (s): cpu = 00:00:35 ; elapsed = 00:00:26 . Memory (MB): peak = 2142.316 ; gain = 50.340

Routing Is Done.
INFO: [Common 17-83] Releasing license: Implementation
120 Infos, 95 Warnings, 94 Critical Warnings and 0 Errors encountered.
route_design completed successfully
route_design: Time (s): cpu = 00:00:35 ; elapsed = 00:00:26 . Memory (MB): peak = 2142.316 ; gain = 50.340
INFO: [Vivado 12-24828] Executing command : report_drc -file display_test_wrapper_drc_routed.rpt -pb display_test_wrapper_drc_routed.pb -rpx display_test_wrapper_drc_routed.rpx
Command: report_drc -file display_test_wrapper_drc_routed.rpt -pb display_test_wrapper_drc_routed.pb -rpx display_test_wrapper_drc_routed.rpx
INFO: [IP_Flow 19-1839] IP Catalog is up to date.
INFO: [DRC 23-27] Running DRC with 2 threads
INFO: [Vivado_Tcl 2-168] The results of DRC are in file E:/competition/2_fpga/3_yolo_zynq/proj/axi_gemm_test/axi_gemm_test.runs/impl_1/display_test_wrapper_drc_routed.rpt.
report_drc completed successfully
INFO: [Vivado 12-24828] Executing command : report_methodology -file display_test_wrapper_methodology_drc_routed.rpt -pb display_test_wrapper_methodology_drc_routed.pb -rpx display_test_wrapper_methodology_drc_routed.rpx
Command: report_methodology -file display_test_wrapper_methodology_drc_routed.rpt -pb display_test_wrapper_methodology_drc_routed.pb -rpx display_test_wrapper_methodology_drc_routed.rpx
INFO: [Timing 38-35] Done setting XDC timing constraints.
INFO: [DRC 23-133] Running Methodology with 2 threads
INFO: [Vivado_Tcl 2-1520] The results of Report Methodology are in file E:/competition/2_fpga/3_yolo_zynq/proj/axi_gemm_test/axi_gemm_test.runs/impl_1/display_test_wrapper_methodology_drc_routed.rpt.
report_methodology completed successfully
INFO: [Vivado 12-24828] Executing command : report_timing_summary -max_paths 10 -routable_nets -report_unconstrained -file display_test_wrapper_timing_summary_routed.rpt -pb display_test_wrapper_timing_summary_routed.pb -rpx display_test_wrapper_timing_summary_routed.rpx -warn_on_violation 
INFO: [Timing 38-35] Done setting XDC timing constraints.
INFO: [Timing 38-91] UpdateTimingParams: Speed grade: -1, Delay Type: min_max.
INFO: [Timing 38-191] Multithreading enabled for timing update using a maximum of 2 CPUs
INFO: [Vivado 12-24838] Running report commands "report_incremental_reuse, report_route_status" in parallel.
Running report generation with 2 threads.
INFO: [Vivado 12-24828] Executing command : report_incremental_reuse -file display_test_wrapper_incremental_reuse_routed.rpt
INFO: [Vivado_Tcl 4-1062] Incremental flow is disabled. No incremental reuse Info to report.
INFO: [Vivado 12-24828] Executing command : report_route_status -file display_test_wrapper_route_status.rpt -pb display_test_wrapper_route_status.pb
INFO: [Vivado 12-24828] Executing command : report_power -file display_test_wrapper_power_routed.rpt -pb display_test_wrapper_power_summary_routed.pb -rpx display_test_wrapper_power_routed.rpx
Command: report_power -file display_test_wrapper_power_routed.rpt -pb display_test_wrapper_power_summary_routed.pb -rpx display_test_wrapper_power_routed.rpx
Running Vector-less Activity Propagation...

Finished Running Vector-less Activity Propagation
WARNING: [Power 33-332] Found switching activity that implies high-fanout reset nets being asserted for excessive periods of time which may result in inaccurate power analysis.
Resolution: To review and fix problems, please run Power Constraints Advisor in the GUI from Tools > Power Constraints Advisor or run report_power with the -advisory option to generate a text report.
137 Infos, 96 Warnings, 94 Critical Warnings and 0 Errors encountered.
report_power completed successfully
INFO: [Vivado 12-24828] Executing command : report_clock_utilization -file display_test_wrapper_clock_utilization_routed.rpt
INFO: [Vivado 12-24828] Executing command : report_bus_skew -warn_on_violation -file display_test_wrapper_bus_skew_routed.rpt -pb display_test_wrapper_bus_skew_routed.pb -rpx display_test_wrapper_bus_skew_routed.rpx
INFO: [Timing 38-91] UpdateTimingParams: Speed grade: -1, Delay Type: min_max.
INFO: [Timing 38-191] Multithreading enabled for timing update using a maximum of 2 CPUs
generate_parallel_reports: Time (s): cpu = 00:00:16 ; elapsed = 00:00:10 . Memory (MB): peak = 2142.316 ; gain = 0.000
INFO: [Timing 38-480] Writing timing data to binary archive.
Wrote PlaceDB: Time (s): cpu = 00:00:00 ; elapsed = 00:00:00 . Memory (MB): peak = 2142.316 ; gain = 0.000
Wrote PulsedLatchDB: Time (s): cpu = 00:00:00 ; elapsed = 00:00:00 . Memory (MB): peak = 2142.316 ; gain = 0.000
Writing XDEF routing.
Writing XDEF routing logical nets.
Write ShapeDB Complete: Time (s): cpu = 00:00:00 ; elapsed = 00:00:00.044 . Memory (MB): peak = 2142.316 ; gain = 0.000
Writing XDEF routing special nets.
Wrote RouteStorage: Time (s): cpu = 00:00:00 ; elapsed = 00:00:00.135 . Memory (MB): peak = 2143.270 ; gain = 0.953
Wrote PlaceStorage: Time (s): cpu = 00:00:02 ; elapsed = 00:00:00.479 . Memory (MB): peak = 2143.270 ; gain = 0.000
Wrote Netlist Cache: Time (s): cpu = 00:00:00 ; elapsed = 00:00:00.022 . Memory (MB): peak = 2143.270 ; gain = 0.000
Wrote Device Cache: Time (s): cpu = 00:00:00 ; elapsed = 00:00:00.009 . Memory (MB): peak = 2143.270 ; gain = 0.000
Write Physdb Complete: Time (s): cpu = 00:00:02 ; elapsed = 00:00:00.657 . Memory (MB): peak = 2143.270 ; gain = 0.953
INFO: [Common 17-1381] The checkpoint 'E:/competition/2_fpga/3_yolo_zynq/proj/axi_gemm_test/axi_gemm_test.runs/impl_1/display_test_wrapper_routed.dcp' has been generated.
Command: write_bitstream -force display_test_wrapper.bit
Attempting to get a license for feature 'Implementation' and/or device 'xc7z020'
INFO: [Common 17-349] Got license for feature 'Implementation' and/or device 'xc7z020'
Running DRC as a precondition to command write_bitstream
INFO: [IP_Flow 19-1839] IP Catalog is up to date.
INFO: [DRC 23-27] Running DRC with 2 threads
INFO: [Vivado 12-3199] DRC finished with 0 Errors
INFO: [Vivado 12-3200] Please refer to the DRC report (report_drc) for more information.
Integrating Hard IP ELF/MEM with the PDI.
INFO: [Designutils 20-2272] Running write_bitstream with 2 threads.
Loading data files...
Loading site data...
Loading route data...
Processing options...
Creating bitmap...
Creating bitstream...
Writing bitstream ./display_test_wrapper.bit...
INFO: [Vivado 12-1842] Bitgen Completed Successfully.
INFO: [Common 17-83] Releasing license: Implementation
151 Infos, 96 Warnings, 94 Critical Warnings and 0 Errors encountered.
write_bitstream completed successfully
write_bitstream: Time (s): cpu = 00:00:16 ; elapsed = 00:00:11 . Memory (MB): peak = 2528.176 ; gain = 384.906
INFO: [Common 17-206] Exiting Vivado at Sat Sep 19 16:29:46 2026...
[Sat Sep 19 16:29:51 2026] impl_1 finished
wait_on_runs: Time (s): cpu = 00:00:00 ; elapsed = 00:02:35 . Memory (MB): peak = 631.855 ; gain = 0.000
EES_FIX_IMPL_STATUS write_bitstream Complete!
EES_FIX_BIT E:/competition/2_fpga/3_yolo_zynq/proj/axi_gemm_test/axi_gemm_test.runs/impl_1/display_test_wrapper.bit 4045696 bytes
EES_FIX_STAGE D_REPORTS
INFO: [Device 21-403] Loading part xc7z020clg484-1
Netlist sorting complete. Time (s): cpu = 00:00:00 ; elapsed = 00:00:00.399 . Memory (MB): peak = 914.324 ; gain = 0.000
INFO: [Netlist 29-17] Analyzing 2597 Unisim elements for replacement
INFO: [Netlist 29-28] Unisim Transformation completed in 0 CPU seconds
INFO: [Project 1-479] Netlist was created with Vivado 2025.2
INFO: [Project 1-570] Preparing netlist for logic optimization
Read ShapeDB Complete: Time (s): cpu = 00:00:00 ; elapsed = 00:00:00.047 . Memory (MB): peak = 1050.516 ; gain = 5.805
INFO: [Timing 38-478] Restoring timing data from binary archive.
INFO: [Timing 38-479] Binary timing data restore complete.
INFO: [Project 1-856] Restoring constraints from binary archive.
INFO: [Project 1-853] Binary constraint restore complete.
INFO: [Designutils 20-5722] Start Reading Physical Databases.
Reading placement.
Read Netlist Cache: Time (s): cpu = 00:00:00 ; elapsed = 00:00:00.013 . Memory (MB): peak = 1663.402 ; gain = 0.000
Reading placer database...
Read Device Cache: Time (s): cpu = 00:00:00 ; elapsed = 00:00:00.009 . Memory (MB): peak = 1663.402 ; gain = 0.000
Read PlaceDB: Time (s): cpu = 00:00:00 ; elapsed = 00:00:00 . Memory (MB): peak = 1663.402 ; gain = 0.000
Read placeStorage: Time (s): cpu = 00:00:01 ; elapsed = 00:00:00.319 . Memory (MB): peak = 1663.402 ; gain = 0.000
Read PulsedLatchDB: Time (s): cpu = 00:00:00 ; elapsed = 00:00:00 . Memory (MB): peak = 1663.402 ; gain = 0.000
Reading routing.
Read RouteStorage: Time (s): cpu = 00:00:00 ; elapsed = 00:00:00.120 . Memory (MB): peak = 1674.637 ; gain = 11.234
Read Physdb Files: Time (s): cpu = 00:00:01 ; elapsed = 00:00:00.475 . Memory (MB): peak = 1674.637 ; gain = 11.234
Restored from archive | CPU: 1.000000 secs | Memory: 0.000000 MB |
Finished XDEF File Restore: Time (s): cpu = 00:00:01 ; elapsed = 00:00:00.507 . Memory (MB): peak = 1674.637 ; gain = 11.234
Netlist sorting complete. Time (s): cpu = 00:00:00 ; elapsed = 00:00:00.004 . Memory (MB): peak = 1688.414 ; gain = 0.000
INFO: [Project 1-111] Unisim Transformation Summary:
  A total of 12 instances were transformed.
  RAM32M => RAM32M (RAMD32(x6), RAMS32(x2)): 12 instances

open_run: Time (s): cpu = 00:00:09 ; elapsed = 00:00:09 . Memory (MB): peak = 1688.414 ; gain = 1056.559
INFO: [Timing 38-91] UpdateTimingParams: Speed grade: -1, Delay Type: min_max.
INFO: [Timing 38-191] Multithreading enabled for timing update using a maximum of 2 CPUs
Command: report_drc -file E:/competition/4_metrics/logs/2026-09-19_yolo_gemm_b1_run22_bd_bitstream/impl_drc.rpt
INFO: [IP_Flow 19-1839] IP Catalog is up to date.
INFO: [DRC 23-27] Running DRC with 2 threads
INFO: [Vivado_Tcl 2-168] The results of DRC are in file E:/competition/4_metrics/logs/2026-09-19_yolo_gemm_b1_run22_bd_bitstream/impl_drc.rpt.
report_drc completed successfully
EES_FIX_WNS 4.954
EES_FIX_WHS 0.024
INFO: [Projectvivado 1-1918] Creating Hardware Platform: E:/competition/4_metrics/logs/2026-09-19_yolo_gemm_b1_run22_bd_bitstream/axi_gemm_test_wrapper.xsa ...
INFO: [Projectvivado 1-1943] The Hardware Platform can be used for Hardware
INFO: [Projectvivado 1-1941] Successfully created Hardware Platform: E:/competition/4_metrics/logs/2026-09-19_yolo_gemm_b1_run22_bd_bitstream/axi_gemm_test_wrapper.xsa
INFO: [Hsi 55-2053] elapsed time for repository (F:/vivado2025/2025.2/Vivado/data/embeddedsw) loading 0 seconds
EES_FIX_RESULT DONE
INFO: [Common 17-206] Exiting Vivado at Sat Sep 19 16:30:09 2026...
